Date,Timestamp,SensorID,HeartRate,AccNorm
2026-05-14,2026-05-14 10:40:00,V018,104.0,1.0234841266751864
2026-05-14,2026-05-14 10:40:01,V018,105.0,1.0225962789368788
2026-05-14,2026-05-14 10:40:02,V018,106.0,1.0202272748085468
2026-05-14,2026-05-14 10:40:03,V018,107.0,1.03211730689102
2026-05-14,2026-05-14 10:40:04,V018,109.0,1.0480189276007996
2026-05-14,2026-05-14 10:40:05,V018,111.0,1.0371800415226202
2026-05-14,2026-05-14 10:40:06,V018,113.0,1.068508158339361
2026-05-14,2026-05-14 10:40:07,V018,115.0,1.051954047458358
2026-05-14,2026-05-14 10:40:08,V018,117.0,1.0570967023979236
2026-05-14,2026-05-14 10:40:09,V018,118.0,1.0247627421075032
2026-05-14,2026-05-14 10:40:10,V018,119.0,0.9980362436699426
2026-05-14,2026-05-14 10:40:11,V018,120.0,1.0161757446375685
2026-05-14,2026-05-14 10:40:12,V018,120.0,1.7082823392586224
2026-05-14,2026-05-14 10:40:13,V018,120.0,1.0689107340561097
2026-05-14,2026-05-14 10:40:14,V018,120.0,1.0570821858072537
2026-05-14,2026-05-14 10:40:15,V018,120.0,1.0371032281869321
2026-05-14,2026-05-14 10:40:16,V018,119.0,1.0418632680491136
2026-05-14,2026-05-14 10:40:17,V018,118.0,1.0566436893872342
2026-05-14,2026-05-14 10:40:18,V018,118.0,1.0416591087997695
2026-05-14,2026-05-14 10:40:19,V018,117.0,0.9933034935042749
2026-05-14,2026-05-14 10:40:20,V018,116.0,1.1514483058057705
2026-05-14,2026-05-14 10:40:21,V018,116.0,1.0536041583678086
2026-05-14,2026-05-14 10:40:22,V018,115.0,1.035428944839943
2026-05-14,2026-05-14 10:40:23,V018,115.0,1.0402516432667157
2026-05-14,2026-05-14 10:40:24,V018,115.0,1.0387414961954144
2026-05-14,2026-05-14 10:40:25,V018,115.0,1.039123696594855
2026-05-14,2026-05-14 10:40:26,V018,116.0,1.0379315222716474
2026-05-14,2026-05-14 10:40:27,V018,116.0,1.0559153803248351
2026-05-14,2026-05-14 10:40:28,V018,117.0,1.035715781612681
2026-05-14,2026-05-14 10:40:29,V018,118.0,1.0258000365336486
2026-05-14,2026-05-14 10:40:30,V018,117.0,1.0124629338063764
2026-05-14,2026-05-14 10:40:31,V018,117.0,1.0148915681501764
2026-05-14,2026-05-14 10:40:32,V018,117.0,1.0071630795434128
2026-05-14,2026-05-14 10:40:33,V018,117.0,1.082016298065877
2026-05-14,2026-05-14 10:40:34,V018,117.0,1.0373213407380257
2026-05-14,2026-05-14 10:40:35,V018,117.0,1.0439783769934394
2026-05-14,2026-05-14 10:40:36,V018,116.0,1.023781689847582
2026-05-14,2026-05-14 10:40:37,V018,116.0,0.975737976654929
2026-05-14,2026-05-14 10:40:38,V018,116.0,1.1283772612842637
2026-05-14,2026-05-14 10:40:39,V018,115.0,1.0632115789285734
2026-05-14,2026-05-14 10:40:40,V018,114.0,1.0173830148519467
2026-05-14,2026-05-14 10:40:41,V018,114.0,1.0225860771166284
2026-05-14,2026-05-14 10:40:42,V018,113.0,1.0244744154401992
2026-05-14,2026-05-14 10:40:43,V018,112.0,1.023169670502584
2026-05-14,2026-05-14 10:40:44,V018,112.0,1.0190951691109031
2026-05-14,2026-05-14 10:40:45,V018,112.0,1.0262519483962238
2026-05-14,2026-05-14 10:40:46,V018,112.0,1.0182432464189861
2026-05-14,2026-05-14 10:40:47,V018,112.0,1.0347245813934447
2026-05-14,2026-05-14 10:40:48,V018,111.0,1.0213841733369242
2026-05-14,2026-05-14 10:40:49,V018,111.0,1.0180074085693498
2026-05-14,2026-05-14 10:40:50,V018,110.0,1.025788489369236
2026-05-14,2026-05-14 10:40:51,V018,109.0,1.0211604557403435
2026-05-14,2026-05-14 10:40:52,V018,108.0,1.022281618454767
2026-05-14,2026-05-14 10:40:53,V018,107.0,1.0218536197123946
2026-05-14,2026-05-14 10:40:54,V018,107.0,1.0202702366848921
2026-05-14,2026-05-14 10:40:55,V018,106.0,1.0202943993829572
2026-05-14,2026-05-14 10:40:56,V018,106.0,1.01991317664491
2026-05-14,2026-05-14 10:40:57,V018,107.0,1.0206804292271539
2026-05-14,2026-05-14 10:40:58,V018,108.0,1.021333546570347
2026-05-14,2026-05-14 10:40:59,V018,108.0,1.0197928630847823
2026-05-14,2026-05-14 10:41:00,V018,109.0,1.0220156041638853
2026-05-14,2026-05-14 10:41:01,V018,110.0,1.0169267994401459
2026-05-14,2026-05-14 10:41:02,V018,110.0,1.0218264735791827
2026-05-14,2026-05-14 10:41:03,V018,111.0,1.0269702611647107
2026-05-14,2026-05-14 10:41:04,V018,111.0,1.0216787251791162
2026-05-14,2026-05-14 10:41:05,V018,110.0,1.021277378746851
2026-05-14,2026-05-14 10:41:06,V018,110.0,1.021032888306897
2026-05-14,2026-05-14 10:41:07,V018,109.0,1.020158115299941
2026-05-14,2026-05-14 10:41:08,V018,109.0,1.0215556877124485
2026-05-14,2026-05-14 10:41:09,V018,109.0,1.018538362228029
2026-05-14,2026-05-14 10:41:10,V018,109.0,1.0232004819565041
2026-05-14,2026-05-14 10:41:11,V018,110.0,1.0322184380703208
2026-05-14,2026-05-14 10:41:12,V018,111.0,1.0166754111000886
2026-05-14,2026-05-14 10:41:13,V018,112.0,1.0198084416827553
2026-05-14,2026-05-14 10:41:14,V018,112.0,1.019343559148811
2026-05-14,2026-05-14 10:41:15,V018,113.0,1.0182455442693834
2026-05-14,2026-05-14 10:41:16,V018,113.0,1.0204030208310757
2026-05-14,2026-05-14 10:41:17,V018,114.0,1.019855894415498
2026-05-14,2026-05-14 10:41:18,V018,115.0,1.0272438975124256
2026-05-14,2026-05-14 10:41:19,V018,115.0,1.0342520253702443
2026-05-14,2026-05-14 10:41:20,V018,116.0,1.0703480861420074
2026-05-14,2026-05-14 10:41:21,V018,117.0,0.9817692303108453
2026-05-14,2026-05-14 10:41:22,V018,117.0,1.0763904173272951
2026-05-14,2026-05-14 10:41:23,V018,118.0,1.0377939777964154
2026-05-14,2026-05-14 10:41:24,V018,118.0,1.0403874971206384
2026-05-14,2026-05-14 10:41:25,V018,118.0,1.037167181949767
2026-05-14,2026-05-14 10:41:26,V018,118.0,1.0320462619097615
2026-05-14,2026-05-14 10:41:27,V018,117.0,1.0353150321810072
2026-05-14,2026-05-14 10:41:28,V018,117.0,1.0753602405002842
2026-05-14,2026-05-14 10:41:29,V018,116.0,1.0248597059203297
2026-05-14,2026-05-14 10:41:30,V018,116.0,0.9973765709239037
2026-05-14,2026-05-14 10:41:31,V018,115.0,1.0073754686650849
2026-05-14,2026-05-14 10:41:32,V018,114.0,1.0350057615751556
2026-05-14,2026-05-14 10:41:33,V018,113.0,1.0154718461365622
2026-05-14,2026-05-14 10:41:34,V018,112.0,1.0148939628595743
2026-05-14,2026-05-14 10:41:35,V018,112.0,1.0142054462454
2026-05-14,2026-05-14 10:41:36,V018,111.0,1.021542133937089
2026-05-14,2026-05-14 10:41:37,V018,110.0,1.0174580944365412
2026-05-14,2026-05-14 10:41:38,V018,110.0,1.0162691551539595
2026-05-14,2026-05-14 10:41:39,V018,109.0,0.9834729771307552
2026-05-14,2026-05-14 10:41:40,V018,107.0,1.074857495776544
2026-05-14,2026-05-14 10:41:41,V018,106.0,1.0430252059932237
2026-05-14,2026-05-14 10:41:42,V018,103.0,1.0343910273719812
2026-05-14,2026-05-14 10:41:43,V018,102.0,1.0414644408764921
2026-05-14,2026-05-14 10:41:44,V018,100.0,1.0305220304637546
2026-05-14,2026-05-14 10:41:45,V018,99.0,1.0322689716478628
2026-05-14,2026-05-14 10:41:46,V018,98.0,1.0333945958883322
2026-05-14,2026-05-14 10:41:47,V018,98.0,1.033599871903593
2026-05-14,2026-05-14 10:41:48,V018,97.0,1.0317439705836018
2026-05-14,2026-05-14 10:41:49,V018,97.0,1.0316424911871964
2026-05-14,2026-05-14 10:41:50,V018,98.0,1.0334751161284943
2026-05-14,2026-05-14 10:41:51,V018,99.0,1.033242583222393
2026-05-14,2026-05-14 10:41:52,V018,100.0,1.0338298070172507
2026-05-14,2026-05-14 10:41:53,V018,101.0,1.033538059495402
2026-05-14,2026-05-14 10:41:54,V018,103.0,1.0330173389476212
2026-05-14,2026-05-14 10:41:55,V018,105.0,1.033057563236159
2026-05-14,2026-05-14 10:41:56,V018,107.0,1.0329256799851272
2026-05-14,2026-05-14 10:41:57,V018,108.0,1.0330629890939458
2026-05-14,2026-05-14 10:41:58,V018,111.0,1.0333743109894657
2026-05-14,2026-05-14 10:41:59,V018,113.0,1.0330137343319983
2026-05-14,2026-05-14 10:42:00,V018,114.0,1.0331685164988669
2026-05-14,2026-05-14 10:42:01,V018,115.0,1.0320665107859517
2026-05-14,2026-05-14 10:42:02,V018,115.0,1.0331879573554077
2026-05-14,2026-05-14 10:42:03,V018,114.0,1.0327570110590931
2026-05-14,2026-05-14 10:42:04,V018,114.0,1.0326362635380204
2026-05-14,2026-05-14 10:42:05,V018,114.0,1.0320826553574678
2026-05-14,2026-05-14 10:42:06,V018,114.0,1.0332873774568043
2026-05-14,2026-05-14 10:42:07,V018,115.0,1.03311209710215
2026-05-14,2026-05-14 10:42:08,V018,115.0,1.0340676981040242
2026-05-14,2026-05-14 10:42:09,V018,115.0,1.0316080178316571
2026-05-14,2026-05-14 10:42:10,V018,116.0,1.0335868196050617
2026-05-14,2026-05-14 10:42:11,V018,116.0,1.034438738052472
2026-05-14,2026-05-14 10:42:12,V018,115.0,1.0319220005325629
2026-05-14,2026-05-14 10:42:13,V018,115.0,1.0325723919131413
2026-05-14,2026-05-14 10:42:14,V018,115.0,1.0322345071847416
2026-05-14,2026-05-14 10:42:15,V018,115.0,1.0330648864993468
2026-05-14,2026-05-14 10:42:16,V018,115.0,1.0326617924873036
2026-05-14,2026-05-14 10:42:17,V018,116.0,1.03229996380535
2026-05-14,2026-05-14 10:42:18,V018,116.0,1.032816315260832
2026-05-14,2026-05-14 10:42:19,V018,116.0,1.029391518782767
2026-05-14,2026-05-14 10:42:20,V018,117.0,1.032048783856578
2026-05-14,2026-05-14 10:42:21,V018,117.0,1.0296956806669015
2026-05-14,2026-05-14 10:42:22,V018,117.0,1.029910568022373
2026-05-14,2026-05-14 10:42:23,V018,117.0,1.0350167591402735
2026-05-14,2026-05-14 10:42:24,V018,116.0,1.013045469024147
2026-05-14,2026-05-14 10:42:25,V018,116.0,1.0183565863487238
2026-05-14,2026-05-14 10:42:26,V018,115.0,1.0629426405462834
2026-05-14,2026-05-14 10:42:27,V018,115.0,1.0404668841505424
2026-05-14,2026-05-14 10:42:28,V018,114.0,1.0112557688390478
2026-05-14,2026-05-14 10:42:29,V018,114.0,1.0467764099894923
2026-05-14,2026-05-14 10:42:30,V018,114.0,1.0291539061085802
2026-05-14,2026-05-14 10:42:31,V018,113.0,1.0491613396747308
2026-05-14,2026-05-14 10:42:32,V018,113.0,1.0410418195038968
2026-05-14,2026-05-14 10:42:33,V018,112.0,1.036604824248813
2026-05-14,2026-05-14 10:42:34,V018,112.0,1.0733626801578102
2026-05-14,2026-05-14 10:42:35,V018,112.0,1.0522494201653236
2026-05-14,2026-05-14 10:42:36,V018,113.0,1.0300893368548045
2026-05-14,2026-05-14 10:42:37,V018,113.0,1.0540336066861422
2026-05-14,2026-05-14 10:42:38,V018,113.0,1.0205455139786923
2026-05-14,2026-05-14 10:42:39,V018,114.0,1.04118236328046
2026-05-14,2026-05-14 10:42:40,V018,114.0,1.0270877372676133
2026-05-14,2026-05-14 10:42:41,V018,114.0,1.0323858035622826
2026-05-14,2026-05-14 10:42:42,V018,114.0,1.0614628135323572
2026-05-14,2026-05-14 10:42:43,V018,115.0,1.050353841601188
2026-05-14,2026-05-14 10:42:44,V018,114.0,1.0551284224415722
2026-05-14,2026-05-14 10:42:45,V018,114.0,1.0393639062041193
2026-05-14,2026-05-14 10:42:46,V018,113.0,1.048471994695035
2026-05-14,2026-05-14 10:42:47,V018,113.0,1.039872586021169
2026-05-14,2026-05-14 10:42:48,V018,112.0,1.0447350327651281
2026-05-14,2026-05-14 10:42:49,V018,111.0,1.0319077906786518
2026-05-14,2026-05-14 10:42:50,V018,111.0,1.0463689599809598
2026-05-14,2026-05-14 10:42:51,V018,111.0,1.0344046340758697
2026-05-14,2026-05-14 10:42:52,V018,111.0,1.0284417216064716
2026-05-14,2026-05-14 10:42:53,V018,111.0,1.033196008553895
2026-05-14,2026-05-14 10:42:54,V018,111.0,1.0391739234534993
2026-05-14,2026-05-14 10:42:55,V018,111.0,1.0457731083065493
2026-05-14,2026-05-14 10:42:56,V018,112.0,1.0304389421572075
2026-05-14,2026-05-14 10:42:57,V018,112.0,1.042643099508281
2026-05-14,2026-05-14 10:42:58,V018,113.0,1.0366288404052881
2026-05-14,2026-05-14 10:42:59,V018,113.0,1.0486991370137984
2026-05-14,2026-05-14 10:43:00,V018,114.0,1.016974564652426
2026-05-14,2026-05-14 10:43:01,V018,114.0,1.1137229467604477
2026-05-14,2026-05-14 10:43:02,V018,115.0,1.0591155296602355
2026-05-14,2026-05-14 10:43:03,V018,115.0,1.0712052712986244
2026-05-14,2026-05-14 10:43:04,V018,115.0,1.053632399699579
2026-05-14,2026-05-14 10:43:05,V018,116.0,1.1366244155310379
2026-05-14,2026-05-14 10:43:06,V018,116.0,1.0390357637952419
2026-05-14,2026-05-14 10:43:07,V018,116.0,1.0161328584770102
2026-05-14,2026-05-14 10:43:08,V018,116.0,1.1389877484908433
2026-05-14,2026-05-14 10:43:09,V018,116.0,1.129664359626241
2026-05-14,2026-05-14 10:43:10,V018,116.0,1.0747483973731884
2026-05-14,2026-05-14 10:43:11,V018,115.0,1.382041438383881
2026-05-14,2026-05-14 10:43:12,V018,115.0,1.0956334105282997
2026-05-14,2026-05-14 10:43:13,V018,114.0,1.076959412971967
2026-05-14,2026-05-14 10:43:14,V018,113.0,1.059706638556348
2026-05-14,2026-05-14 10:43:15,V018,113.0,1.048643820717473
2026-05-14,2026-05-14 10:43:16,V018,112.0,1.0610733559057202
2026-05-14,2026-05-14 10:43:17,V018,111.0,1.035478834795304
2026-05-14,2026-05-14 10:43:18,V018,110.0,1.0750696890498679
2026-05-14,2026-05-14 10:43:19,V018,110.0,1.103203043860112
2026-05-14,2026-05-14 10:43:20,V018,110.0,1.0531406736550388
2026-05-14,2026-05-14 10:43:21,V018,110.0,1.0594945912016762
2026-05-14,2026-05-14 10:43:22,V018,110.0,1.0525988422060686
2026-05-14,2026-05-14 10:43:23,V018,111.0,1.0509587068177528
2026-05-14,2026-05-14 10:43:24,V018,112.0,1.0184620061918828
2026-05-14,2026-05-14 10:43:25,V018,112.0,1.1896244229118567
2026-05-14,2026-05-14 10:43:26,V018,113.0,1.0752302599451142
2026-05-14,2026-05-14 10:43:27,V018,113.0,1.0284898224530927
2026-05-14,2026-05-14 10:43:28,V018,114.0,1.0620685999376982
2026-05-14,2026-05-14 10:43:29,V018,114.0,1.0621282030121826
2026-05-14,2026-05-14 10:43:30,V018,114.0,1.0538484428673924
2026-05-14,2026-05-14 10:43:31,V018,114.0,1.0591766922076722
2026-05-14,2026-05-14 10:43:32,V018,114.0,1.038415075869312
2026-05-14,2026-05-14 10:43:33,V018,114.0,1.0681895713485308
2026-05-14,2026-05-14 10:43:34,V018,114.0,1.0624932751184755
2026-05-14,2026-05-14 10:43:35,V018,113.0,1.1639402121379372
2026-05-14,2026-05-14 10:43:36,V018,113.0,1.050418648766711
2026-05-14,2026-05-14 10:43:37,V018,113.0,1.039639733962657
2026-05-14,2026-05-14 10:43:38,V018,113.0,1.0527554672971189
2026-05-14,2026-05-14 10:43:39,V018,113.0,1.0612427433153995
2026-05-14,2026-05-14 10:43:40,V018,114.0,1.0363530359364685
2026-05-14,2026-05-14 10:43:41,V018,114.0,1.0401224258272856
2026-05-14,2026-05-14 10:43:42,V018,114.0,1.0485040354505377
2026-05-14,2026-05-14 10:43:43,V018,114.0,1.2235019180549782
2026-05-14,2026-05-14 10:43:44,V018,115.0,1.0406793291943277
2026-05-14,2026-05-14 10:43:45,V018,116.0,1.0344522286531177
2026-05-14,2026-05-14 10:43:46,V018,117.0,1.069094383265652
2026-05-14,2026-05-14 10:43:47,V018,117.0,1.0948169155211447
2026-05-14,2026-05-14 10:43:48,V018,118.0,1.038054515305084
2026-05-14,2026-05-14 10:43:49,V018,118.0,1.0391571374893203
2026-05-14,2026-05-14 10:43:50,V018,117.0,1.0524013749968169
2026-05-14,2026-05-14 10:43:51,V018,117.0,1.0505477169849868
2026-05-14,2026-05-14 10:43:52,V018,116.0,1.0473341679636965
2026-05-14,2026-05-14 10:43:53,V018,115.0,1.0545147896161997
2026-05-14,2026-05-14 10:43:54,V018,114.0,1.0415430569617175
2026-05-14,2026-05-14 10:43:55,V018,113.0,1.0610446054854887
2026-05-14,2026-05-14 10:43:56,V018,112.0,1.0296484956401304
2026-05-14,2026-05-14 10:43:57,V018,111.0,1.0665110965487694
2026-05-14,2026-05-14 10:43:58,V018,111.0,1.0904264751415536
2026-05-14,2026-05-14 10:43:59,V018,111.0,1.0696511300618805
2026-05-14,2026-05-14 10:44:00,V018,111.0,0.9822077335018298
2026-05-14,2026-05-14 10:44:01,V018,112.0,1.11331939804796
2026-05-14,2026-05-14 10:44:02,V018,112.0,1.0349389401546387
2026-05-14,2026-05-14 10:44:03,V018,113.0,1.040569842080829
2026-05-14,2026-05-14 10:44:04,V018,113.0,1.02809474509858
2026-05-14,2026-05-14 10:44:05,V018,113.0,1.0605795319101634
2026-05-14,2026-05-14 10:44:06,V018,112.0,0.964812963576739
2026-05-14,2026-05-14 10:44:07,V018,112.0,1.213302278369401
2026-05-14,2026-05-14 10:44:08,V018,113.0,0.9521796993486962
2026-05-14,2026-05-14 10:44:09,V018,113.0,1.1710474946999516
2026-05-14,2026-05-14 10:44:10,V018,113.0,1.2771255243946473
2026-05-14,2026-05-14 10:44:11,V018,114.0,1.46504983634797
2026-05-14,2026-05-14 10:44:12,V018,114.0,1.4954368025489013
2026-05-14,2026-05-14 10:44:13,V018,114.0,1.32955999842682
2026-05-14,2026-05-14 10:44:14,V018,113.0,1.1197845026034556
2026-05-14,2026-05-14 10:44:15,V018,113.0,1.025360908654522
2026-05-14,2026-05-14 10:44:16,V018,112.0,1.1715005707982233
2026-05-14,2026-05-14 10:44:17,V018,111.0,1.1636108365971043
2026-05-14,2026-05-14 10:44:18,V018,110.0,1.1744862516720653
2026-05-14,2026-05-14 10:44:19,V018,110.0,1.0935608199933804
2026-05-14,2026-05-14 10:44:20,V018,109.0,1.0841407729032386
2026-05-14,2026-05-14 10:44:21,V018,109.0,1.1288448800246353
2026-05-14,2026-05-14 10:44:22,V018,108.0,1.0653061313619268
2026-05-14,2026-05-14 10:44:23,V018,108.0,1.0800308072749139
2026-05-14,2026-05-14 10:44:24,V018,109.0,1.0848928248522312
2026-05-14,2026-05-14 10:44:25,V018,109.0,1.0265342548671956
2026-05-14,2026-05-14 10:44:26,V018,109.0,1.100056051037215
2026-05-14,2026-05-14 10:44:27,V018,110.0,1.0891086737585283
2026-05-14,2026-05-14 10:44:28,V018,111.0,1.0342061354238845
2026-05-14,2026-05-14 10:44:29,V018,112.0,1.0095872829903827
2026-05-14,2026-05-14 10:44:30,V018,113.0,1.0987426059724228
2026-05-14,2026-05-14 10:44:31,V018,114.0,1.0345291749149745
2026-05-14,2026-05-14 10:44:32,V018,115.0,1.0366431932196518
2026-05-14,2026-05-14 10:44:33,V018,116.0,1.0307094348060422
2026-05-14,2026-05-14 10:44:34,V018,118.0,1.0352010811510142
2026-05-14,2026-05-14 10:44:35,V018,119.0,1.4922849406344842
2026-05-14,2026-05-14 10:44:36,V018,120.0,1.593027822916132
2026-05-14,2026-05-14 10:44:37,V018,121.0,1.6211743745423568
2026-05-14,2026-05-14 10:44:38,V018,122.0,1.4447297141133582
2026-05-14,2026-05-14 10:44:39,V018,123.0,1.3072961907130582
2026-05-14,2026-05-14 10:44:40,V018,124.0,1.1233468845864705
2026-05-14,2026-05-14 10:44:41,V018,124.0,1.1751799836498085
2026-05-14,2026-05-14 10:44:42,V018,125.0,1.323864689721598
2026-05-14,2026-05-14 10:44:43,V018,126.0,1.1965440573730495
2026-05-14,2026-05-14 10:44:44,V018,125.0,1.0218062384527364
2026-05-14,2026-05-14 10:44:45,V018,125.0,1.1210374658315296
2026-05-14,2026-05-14 10:44:46,V018,124.0,1.1655422676174672
2026-05-14,2026-05-14 10:44:47,V018,123.0,1.1681612468975124
2026-05-14,2026-05-14 10:44:48,V018,122.0,1.077558506723847
2026-05-14,2026-05-14 10:44:49,V018,121.0,1.0475489180676696
2026-05-14,2026-05-14 10:44:50,V018,120.0,1.204069743333616
2026-05-14,2026-05-14 10:44:51,V018,119.0,0.9678090984071477
2026-05-14,2026-05-14 10:44:52,V018,119.0,1.008195310062457
2026-05-14,2026-05-14 10:44:53,V018,119.0,1.0461554334061123
2026-05-14,2026-05-14 10:44:54,V018,119.0,1.040683850796109
2026-05-14,2026-05-14 10:44:55,V018,119.0,1.0436339240509347
2026-05-14,2026-05-14 10:44:56,V018,119.0,1.0570554182634029
2026-05-14,2026-05-14 10:44:57,V018,119.0,1.0450213294878157
2026-05-14,2026-05-14 10:44:58,V018,119.0,1.0368072319248613
2026-05-14,2026-05-14 10:44:59,V018,119.0,1.1794268266129124
2026-05-14,2026-05-14 10:45:00,V018,119.0,1.5895277593419888
2026-05-14,2026-05-14 10:45:01,V018,119.0,1.4843941616490262
2026-05-14,2026-05-14 10:45:02,V018,119.0,1.4558357839512843
2026-05-14,2026-05-14 10:45:03,V018,119.0,1.39401810024708
2026-05-14,2026-05-14 10:45:04,V018,119.0,1.1078119515555005
2026-05-14,2026-05-14 10:45:05,V018,119.0,1.3187024744228146
2026-05-14,2026-05-14 10:45:06,V018,120.0,1.4514769564697458
2026-05-14,2026-05-14 10:45:07,V018,120.0,1.3723538785750957
2026-05-14,2026-05-14 10:45:08,V018,121.0,1.2134091487651875
2026-05-14,2026-05-14 10:45:09,V018,122.0,1.2598375463314746
2026-05-14,2026-05-14 10:45:10,V018,122.0,1.041656662302681
2026-05-14,2026-05-14 10:45:11,V018,122.0,1.109959915476169
2026-05-14,2026-05-14 10:45:12,V018,122.0,1.0534332204241128
2026-05-14,2026-05-14 10:45:13,V018,123.0,1.0479802045523459
2026-05-14,2026-05-14 10:45:14,V018,122.0,1.0816799554896275
2026-05-14,2026-05-14 10:45:15,V018,122.0,1.0403711493549674
2026-05-14,2026-05-14 10:45:16,V018,122.0,1.0592071228646294
2026-05-14,2026-05-14 10:45:17,V018,121.0,1.0598247811996797
2026-05-14,2026-05-14 10:45:18,V018,122.0,1.042610019106111
2026-05-14,2026-05-14 10:45:19,V018,122.0,1.0370343774469342
2026-05-14,2026-05-14 10:45:20,V018,123.0,1.0558888350909443
2026-05-14,2026-05-14 10:45:21,V018,123.0,1.0323963244375118
2026-05-14,2026-05-14 10:45:22,V018,124.0,1.0494756748228216
2026-05-14,2026-05-14 10:45:23,V018,124.0,1.036266116468402
2026-05-14,2026-05-14 10:45:24,V018,125.0,1.034691797030788
2026-05-14,2026-05-14 10:45:25,V018,126.0,1.0823684435470002
2026-05-14,2026-05-14 10:45:26,V018,128.0,1.0597243264914376
2026-05-14,2026-05-14 10:45:27,V018,130.0,1.2201198624774456
2026-05-14,2026-05-14 10:45:28,V018,132.0,1.2277807099364215
2026-05-14,2026-05-14 10:45:29,V018,134.0,1.0840111358207116
2026-05-14,2026-05-14 10:45:30,V018,136.0,1.054855311707201
2026-05-14,2026-05-14 10:45:31,V018,137.0,1.3357355472204744
2026-05-14,2026-05-14 10:45:32,V018,138.0,1.1884804643349025
2026-05-14,2026-05-14 10:45:33,V018,139.0,1.1021569360441261
2026-05-14,2026-05-14 10:45:34,V018,140.0,1.28259615570501
2026-05-14,2026-05-14 10:45:35,V018,141.0,1.342663633800197
2026-05-14,2026-05-14 10:45:36,V018,140.0,1.1264834474470242
2026-05-14,2026-05-14 10:45:37,V018,140.0,1.3008342714379288
2026-05-14,2026-05-14 10:45:38,V018,139.0,1.3030849354746392
2026-05-14,2026-05-14 10:45:39,V018,139.0,1.0025467800411236
2026-05-14,2026-05-14 10:45:40,V018,138.0,1.554687442576329
2026-05-14,2026-05-14 10:45:41,V018,137.0,1.0554770661879045
2026-05-14,2026-05-14 10:45:42,V018,136.0,1.1314447765712388
2026-05-14,2026-05-14 10:45:43,V018,136.0,1.0093057552778004
2026-05-14,2026-05-14 10:45:44,V018,135.0,1.1088488271587689
2026-05-14,2026-05-14 10:45:45,V018,135.0,0.9574673196151299
2026-05-14,2026-05-14 10:45:46,V018,135.0,1.0355879650438509
2026-05-14,2026-05-14 10:45:47,V018,135.0,1.0771388958612018
2026-05-14,2026-05-14 10:45:48,V018,136.0,1.0638544171396782
2026-05-14,2026-05-14 10:45:49,V018,136.0,1.0332865875327313
2026-05-14,2026-05-14 10:45:50,V018,136.0,1.0972138115123142
2026-05-14,2026-05-14 10:45:51,V018,136.0,1.1276830755283191
2026-05-14,2026-05-14 10:45:52,V018,137.0,1.1868756404447847
2026-05-14,2026-05-14 10:45:53,V018,137.0,1.3523122396672271
2026-05-14,2026-05-14 10:45:54,V018,138.0,1.2013560934266694
2026-05-14,2026-05-14 10:45:55,V018,138.0,1.1994950176835706
2026-05-14,2026-05-14 10:45:56,V018,139.0,1.122465900354698
2026-05-14,2026-05-14 10:45:57,V018,140.0,1.2371547892837902
2026-05-14,2026-05-14 10:45:58,V018,140.0,1.3459972025672917
2026-05-14,2026-05-14 10:45:59,V018,140.0,1.2490824639499263
2026-05-14,2026-05-14 10:46:00,V018,140.0,1.1023878640286782
2026-05-14,2026-05-14 10:46:01,V018,141.0,1.2183244920164906
2026-05-14,2026-05-14 10:46:02,V018,140.0,1.3019623718488933
2026-05-14,2026-05-14 10:46:03,V018,140.0,1.2220965227642828
2026-05-14,2026-05-14 10:46:04,V018,140.0,1.4026708868132005
2026-05-14,2026-05-14 10:46:05,V018,139.0,1.1836289810729022
2026-05-14,2026-05-14 10:46:06,V018,138.0,1.0670961102308123
2026-05-14,2026-05-14 10:46:07,V018,137.0,1.00668477301836
2026-05-14,2026-05-14 10:46:08,V018,136.0,1.0127167066121845
2026-05-14,2026-05-14 10:46:09,V018,135.0,1.27362403638477
2026-05-14,2026-05-14 10:46:10,V018,134.0,1.05061065485809
2026-05-14,2026-05-14 10:46:11,V018,134.0,1.0752608704151356
2026-05-14,2026-05-14 10:46:12,V018,134.0,1.0985786600591123
2026-05-14,2026-05-14 10:46:13,V018,134.0,1.07021743269188
2026-05-14,2026-05-14 10:46:14,V018,133.0,1.0407683043441511
2026-05-14,2026-05-14 10:46:15,V018,133.0,1.036159972071393
2026-05-14,2026-05-14 10:46:16,V018,134.0,1.0353472598543445
2026-05-14,2026-05-14 10:46:17,V018,135.0,1.0526547110718953
2026-05-14,2026-05-14 10:46:18,V018,136.0,1.250518831639581
2026-05-14,2026-05-14 10:46:19,V018,137.0,0.9778593659738799
2026-05-14,2026-05-14 10:46:20,V018,138.0,1.4782461619512532
2026-05-14,2026-05-14 10:46:21,V018,139.0,1.122591242646037
2026-05-14,2026-05-14 10:46:22,V018,142.0,1.18871660230602
2026-05-14,2026-05-14 10:46:23,V018,143.0,1.3005943825958877
2026-05-14,2026-05-14 10:46:24,V018,145.0,1.0765773271009795
2026-05-14,2026-05-14 10:46:25,V018,147.0,1.16286939823991
2026-05-14,2026-05-14 10:46:26,V018,149.0,1.1861588586772023
2026-05-14,2026-05-14 10:46:27,V018,150.0,1.154860569131491
2026-05-14,2026-05-14 10:46:28,V018,150.0,1.1757077548130617
2026-05-14,2026-05-14 10:46:29,V018,151.0,1.1062337096788353
2026-05-14,2026-05-14 10:46:30,V018,150.0,1.2736628813515987
2026-05-14,2026-05-14 10:46:31,V018,150.0,1.3212977796083538
2026-05-14,2026-05-14 10:46:32,V018,150.0,0.9936171816015004
2026-05-14,2026-05-14 10:46:33,V018,149.0,1.1675609007614933
2026-05-14,2026-05-14 10:46:34,V018,149.0,1.0833953766528845
2026-05-14,2026-05-14 10:46:35,V018,148.0,1.0543070698126114
2026-05-14,2026-05-14 10:46:36,V018,146.0,0.9984073234077674
2026-05-14,2026-05-14 10:46:37,V018,145.0,0.9994160523003676
2026-05-14,2026-05-14 10:46:38,V018,144.0,1.040199472133707
2026-05-14,2026-05-14 10:46:39,V018,144.0,0.9985890940783817
2026-05-14,2026-05-14 10:46:40,V018,143.0,1.019571716923046
2026-05-14,2026-05-14 10:46:41,V018,143.0,1.0268949377196424
2026-05-14,2026-05-14 10:46:42,V018,144.0,1.0170137950545979
2026-05-14,2026-05-14 10:46:43,V018,144.0,1.0172406425116487
2026-05-14,2026-05-14 10:46:44,V018,145.0,1.1471113195874563
2026-05-14,2026-05-14 10:46:45,V018,146.0,1.0551156243045698
2026-05-14,2026-05-14 10:46:46,V018,147.0,1.0492374389577177
2026-05-14,2026-05-14 10:46:47,V018,149.0,1.0392073336475776
2026-05-14,2026-05-14 10:46:48,V018,150.0,1.043161388606622
2026-05-14,2026-05-14 10:46:49,V018,152.0,1.0333345850308455
2026-05-14,2026-05-14 10:46:50,V018,154.0,1.0450018188368095
2026-05-14,2026-05-14 10:46:51,V018,155.0,1.1051115537070642
2026-05-14,2026-05-14 10:46:52,V018,156.0,1.1390710950005984
2026-05-14,2026-05-14 10:46:53,V018,157.0,1.0484285067771457
2026-05-14,2026-05-14 10:46:54,V018,157.0,1.0658304038998279
2026-05-14,2026-05-14 10:46:55,V018,157.0,1.0422082686909149
2026-05-14,2026-05-14 10:46:56,V018,157.0,1.0389722803622952
2026-05-14,2026-05-14 10:46:57,V018,156.0,1.0342989345911189
2026-05-14,2026-05-14 10:46:58,V018,154.0,1.0407701555013649
2026-05-14,2026-05-14 10:46:59,V018,153.0,1.039884516315639
2026-05-14,2026-05-14 10:47:00,V018,152.0,1.0383157610501756
2026-05-14,2026-05-14 10:47:01,V018,150.0,1.0381609371436467
2026-05-14,2026-05-14 10:47:02,V018,149.0,1.0335200886590694
2026-05-14,2026-05-14 10:47:03,V018,148.0,1.0411590833465763
2026-05-14,2026-05-14 10:47:04,V018,148.0,1.021103834547052
2026-05-14,2026-05-14 10:47:05,V018,147.0,1.06163402773067
2026-05-14,2026-05-14 10:47:06,V018,146.0,1.035465134610131
2026-05-14,2026-05-14 10:47:07,V018,145.0,1.046134615168413
2026-05-14,2026-05-14 10:47:08,V018,143.0,1.0560223125536232
2026-05-14,2026-05-14 10:47:09,V018,142.0,1.0742675422032766
2026-05-14,2026-05-14 10:47:10,V018,141.0,1.072608402646664
2026-05-14,2026-05-14 10:47:11,V018,140.0,1.0365610406743218
2026-05-14,2026-05-14 10:47:12,V018,139.0,1.031639261248099
2026-05-14,2026-05-14 10:47:13,V018,138.0,1.0537411839866242
2026-05-14,2026-05-14 10:47:14,V018,137.0,1.033891486278431
2026-05-14,2026-05-14 10:47:15,V018,136.0,1.0316277720635618
2026-05-14,2026-05-14 10:47:16,V018,136.0,1.0358870674378284
2026-05-14,2026-05-14 10:47:17,V018,136.0,1.037812235498317
2026-05-14,2026-05-14 10:47:18,V018,135.0,1.0456433003911014
2026-05-14,2026-05-14 10:47:19,V018,134.0,1.0542193471647814
2026-05-14,2026-05-14 10:47:20,V018,133.0,1.0265511315923541
2026-05-14,2026-05-14 10:47:21,V018,133.0,1.0884574584505482
2026-05-14,2026-05-14 10:47:22,V018,132.0,1.0845426623898953
2026-05-14,2026-05-14 10:47:23,V018,131.0,1.0546394666654182
2026-05-14,2026-05-14 10:47:24,V018,130.0,1.0400236395622957
2026-05-14,2026-05-14 10:47:25,V018,130.0,1.0415548128387067
2026-05-14,2026-05-14 10:47:26,V018,129.0,1.0676051375554136
2026-05-14,2026-05-14 10:47:27,V018,128.0,1.1325378161616175
2026-05-14,2026-05-14 10:47:28,V018,128.0,1.1328556429512124
2026-05-14,2026-05-14 10:47:29,V018,127.0,1.069777262750223
2026-05-14,2026-05-14 10:47:30,V018,126.0,1.0872778027889378
2026-05-14,2026-05-14 10:47:31,V018,125.0,1.0429885072480476
2026-05-14,2026-05-14 10:47:32,V018,124.0,1.0318920055306906
2026-05-14,2026-05-14 10:47:33,V018,123.0,1.0580379001534779
2026-05-14,2026-05-14 10:47:34,V018,122.0,1.1062583577442628
2026-05-14,2026-05-14 10:47:35,V018,122.0,1.082036530091816
2026-05-14,2026-05-14 10:47:36,V018,121.0,1.0500553914000939
2026-05-14,2026-05-14 10:47:37,V018,121.0,1.0498320656999605
2026-05-14,2026-05-14 10:47:38,V018,121.0,1.0394231259610696
2026-05-14,2026-05-14 10:47:39,V018,121.0,1.0215125286486897
2026-05-14,2026-05-14 10:47:40,V018,121.0,1.1313835272429327
2026-05-14,2026-05-14 10:47:41,V018,121.0,1.0208636289616306
2026-05-14,2026-05-14 10:47:42,V018,122.0,1.045081749163298
2026-05-14,2026-05-14 10:47:43,V018,122.0,1.0495571253943732
2026-05-14,2026-05-14 10:47:44,V018,122.0,1.0450226024588973
2026-05-14,2026-05-14 10:47:45,V018,122.0,1.1190639485835123
2026-05-14,2026-05-14 10:47:46,V018,122.0,1.0211891427649658
2026-05-14,2026-05-14 10:47:47,V018,122.0,1.0377796794212157
2026-05-14,2026-05-14 10:47:48,V018,122.0,1.0352755730285146
2026-05-14,2026-05-14 10:47:49,V018,121.0,1.0426860610727358
2026-05-14,2026-05-14 10:47:50,V018,121.0,1.0821856357939372
2026-05-14,2026-05-14 10:47:51,V018,121.0,1.0071842386784797
2026-05-14,2026-05-14 10:47:52,V018,121.0,1.0469987623069044
2026-05-14,2026-05-14 10:47:53,V018,121.0,1.03878931618497
2026-05-14,2026-05-14 10:47:54,V018,122.0,1.0150375719707438
2026-05-14,2026-05-14 10:47:55,V018,123.0,1.199984451555456
2026-05-14,2026-05-14 10:47:56,V018,123.0,1.0247142051616203
2026-05-14,2026-05-14 10:47:57,V018,124.0,1.0504881934612837
2026-05-14,2026-05-14 10:47:58,V018,125.0,1.034766505742225
2026-05-14,2026-05-14 10:47:59,V018,125.0,1.0654563515189832
2026-05-14,2026-05-14 10:48:00,V018,126.0,1.0562280512176483
2026-05-14,2026-05-14 10:48:01,V018,127.0,1.0740467352658605
2026-05-14,2026-05-14 10:48:02,V018,127.0,1.0623348032856428
2026-05-14,2026-05-14 10:48:03,V018,128.0,1.0393821814228557
2026-05-14,2026-05-14 10:48:04,V018,128.0,1.0017160013784143
2026-05-14,2026-05-14 10:48:05,V018,128.0,1.0995902717866712
2026-05-14,2026-05-14 10:48:06,V018,128.0,1.027426243776943
2026-05-14,2026-05-14 10:48:07,V018,129.0,1.0624316552020894
2026-05-14,2026-05-14 10:48:08,V018,129.0,1.0222282576596968
2026-05-14,2026-05-14 10:48:09,V018,129.0,1.3156686493404515
2026-05-14,2026-05-14 10:48:10,V018,129.0,1.21148893149914
2026-05-14,2026-05-14 10:48:11,V018,129.0,1.0577137862443566
2026-05-14,2026-05-14 10:48:12,V018,128.0,1.2870538313267077
2026-05-14,2026-05-14 10:48:13,V018,127.0,0.942570557235327
2026-05-14,2026-05-14 10:48:14,V018,127.0,1.0967055689112657
2026-05-14,2026-05-14 10:48:15,V018,126.0,1.0932663872147936
2026-05-14,2026-05-14 10:48:16,V018,126.0,1.085250888824354
2026-05-14,2026-05-14 10:48:17,V018,126.0,1.2168171213224888
2026-05-14,2026-05-14 10:48:18,V018,126.0,1.2354365765423525
2026-05-14,2026-05-14 10:48:19,V018,126.0,1.0510166061990873
2026-05-14,2026-05-14 10:48:20,V018,125.0,1.0488444970505433
2026-05-14,2026-05-14 10:48:21,V018,125.0,1.0699577465081131
2026-05-14,2026-05-14 10:48:22,V018,125.0,1.0663370524518292
2026-05-14,2026-05-14 10:48:23,V018,125.0,1.0104689735382735
2026-05-14,2026-05-14 10:48:24,V018,125.0,1.0652828013978404
2026-05-14,2026-05-14 10:48:25,V018,125.0,1.0314145801369659
2026-05-14,2026-05-14 10:48:26,V018,126.0,1.0610614691218534
2026-05-14,2026-05-14 10:48:27,V018,127.0,1.0400311791793702
2026-05-14,2026-05-14 10:48:28,V018,128.0,1.0470829486336435
2026-05-14,2026-05-14 10:48:29,V018,128.0,1.1208587626053141
2026-05-14,2026-05-14 10:48:30,V018,130.0,0.9993230477127799
2026-05-14,2026-05-14 10:48:31,V018,131.0,1.0396066556595165
2026-05-14,2026-05-14 10:48:32,V018,132.0,1.0450037732500195
2026-05-14,2026-05-14 10:48:33,V018,133.0,1.055886557386222
2026-05-14,2026-05-14 10:48:34,V018,136.0,1.052579851478292
2026-05-14,2026-05-14 10:48:35,V018,137.0,1.067286914879576
2026-05-14,2026-05-14 10:48:36,V018,138.0,1.0427143304454909
2026-05-14,2026-05-14 10:48:37,V018,138.0,1.0476916894383685
2026-05-14,2026-05-14 10:48:38,V018,138.0,1.0706333526711709
2026-05-14,2026-05-14 10:48:39,V018,138.0,1.0441534916534487
2026-05-14,2026-05-14 10:48:40,V018,138.0,1.056357471941461
2026-05-14,2026-05-14 10:48:41,V018,138.0,1.0374397503514243
2026-05-14,2026-05-14 10:48:42,V018,137.0,1.1463851360887345
2026-05-14,2026-05-14 10:48:43,V018,137.0,1.0406359004427286
2026-05-14,2026-05-14 10:48:44,V018,137.0,1.0243209213432876
2026-05-14,2026-05-14 10:48:45,V018,137.0,1.0562860293770653
2026-05-14,2026-05-14 10:48:46,V018,137.0,1.1388382134082262
2026-05-14,2026-05-14 10:48:47,V018,137.0,1.0076867374701572
2026-05-14,2026-05-14 10:48:48,V018,138.0,1.0529621419749406
2026-05-14,2026-05-14 10:48:49,V018,138.0,1.0367704345126576
2026-05-14,2026-05-14 10:48:50,V018,137.0,1.0356406723550828
2026-05-14,2026-05-14 10:48:51,V018,137.0,1.0421013661801015
2026-05-14,2026-05-14 10:48:52,V018,137.0,1.1099505922229047
2026-05-14,2026-05-14 10:48:53,V018,136.0,1.0069065280009348
2026-05-14,2026-05-14 10:48:54,V018,136.0,1.042948548463731
2026-05-14,2026-05-14 10:48:55,V018,136.0,1.0420781961631003
2026-05-14,2026-05-14 10:48:56,V018,136.0,1.0901169066561718
2026-05-14,2026-05-14 10:48:57,V018,135.0,1.3720372103335023
2026-05-14,2026-05-14 10:48:58,V018,135.0,1.0529655030311698
2026-05-14,2026-05-14 10:48:59,V018,135.0,1.0494851022412255
2026-05-14,2026-05-14 10:49:00,V018,136.0,1.0476450507735449
2026-05-14,2026-05-14 10:49:01,V018,136.0,1.1403961171245092
2026-05-14,2026-05-14 10:49:02,V018,136.0,1.075219814171005
2026-05-14,2026-05-14 10:49:03,V018,136.0,1.0638146902222236
2026-05-14,2026-05-14 10:49:04,V018,136.0,1.045073867093476
2026-05-14,2026-05-14 10:49:05,V018,136.0,1.0578876141124873
2026-05-14,2026-05-14 10:49:06,V018,136.0,1.1133065437453613
2026-05-14,2026-05-14 10:49:07,V018,136.0,1.0274184158028605
2026-05-14,2026-05-14 10:49:08,V018,136.0,1.0870079011832785
2026-05-14,2026-05-14 10:49:09,V018,136.0,1.067382787691871
2026-05-14,2026-05-14 10:49:10,V018,136.0,1.065513247002022
2026-05-14,2026-05-14 10:49:11,V018,136.0,1.0376239451811176
2026-05-14,2026-05-14 10:49:12,V018,136.0,1.0417278094720797
2026-05-14,2026-05-14 10:49:13,V018,136.0,1.2651121946636648
2026-05-14,2026-05-14 10:49:14,V018,135.0,1.245625405758629
2026-05-14,2026-05-14 10:49:15,V018,135.0,1.1860806526403884
2026-05-14,2026-05-14 10:49:16,V018,135.0,0.9896843464982368
2026-05-14,2026-05-14 10:49:17,V018,134.0,1.3492680140323001
2026-05-14,2026-05-14 10:49:18,V018,134.0,1.991329070395902
2026-05-14,2026-05-14 10:49:19,V018,133.0,1.5040565980243412
2026-05-14,2026-05-14 10:49:20,V018,132.0,1.0544665409680427
2026-05-14,2026-05-14 10:49:21,V018,132.0,1.103232632791726
2026-05-14,2026-05-14 10:49:22,V018,130.0,1.0844687670438096
2026-05-14,2026-05-14 10:49:23,V018,129.0,1.051979095609893
2026-05-14,2026-05-14 10:49:24,V018,131.0,1.0866315877913473
2026-05-14,2026-05-14 10:49:25,V018,132.0,1.0942892764559582
2026-05-14,2026-05-14 10:49:26,V018,134.0,1.0758524881865144
2026-05-14,2026-05-14 10:49:27,V018,135.0,1.0435009767553405
2026-05-14,2026-05-14 10:49:28,V018,136.0,1.235548236562128
2026-05-14,2026-05-14 10:49:29,V018,137.0,1.0335995549234034
2026-05-14,2026-05-14 10:49:30,V018,139.0,1.0790623292619437
2026-05-14,2026-05-14 10:49:31,V018,140.0,1.0665542424874936
2026-05-14,2026-05-14 10:49:32,V018,141.0,1.3159929311735954
2026-05-14,2026-05-14 10:49:33,V018,142.0,0.9848195086777289
2026-05-14,2026-05-14 10:49:34,V018,143.0,1.0869780041878083
2026-05-14,2026-05-14 10:49:35,V018,143.0,1.0724102314332207
2026-05-14,2026-05-14 10:49:36,V018,143.0,1.1111054004146481
2026-05-14,2026-05-14 10:49:37,V018,143.0,1.1240667665531991
2026-05-14,2026-05-14 10:49:38,V018,142.0,1.4170828617760602
2026-05-14,2026-05-14 10:49:39,V018,141.0,1.1096720618409088
2026-05-14,2026-05-14 10:49:40,V018,142.0,1.1150991277551643
2026-05-14,2026-05-14 10:49:41,V018,143.0,1.1182403709659106
2026-05-14,2026-05-14 10:49:42,V018,142.0,1.065006001709636
2026-05-14,2026-05-14 10:49:43,V018,141.0,1.0839461914762338
2026-05-14,2026-05-14 10:49:44,V018,140.0,1.1492021059739082
2026-05-14,2026-05-14 10:49:45,V018,140.0,0.9794586729219003
2026-05-14,2026-05-14 10:49:46,V018,140.0,1.1284216435839047
2026-05-14,2026-05-14 10:49:47,V018,140.0,1.1046371799482033
2026-05-14,2026-05-14 10:49:48,V018,140.0,1.1897109184276167
2026-05-14,2026-05-14 10:49:49,V018,141.0,1.0723521409156085
2026-05-14,2026-05-14 10:49:50,V018,142.0,1.0333519612440223
2026-05-14,2026-05-14 10:49:51,V018,142.0,1.3272469177867967
2026-05-14,2026-05-14 10:49:52,V018,143.0,1.0674769940752884
2026-05-14,2026-05-14 10:49:53,V018,143.0,1.1147061351950545
2026-05-14,2026-05-14 10:49:54,V018,143.0,1.0473405209091142
2026-05-14,2026-05-14 10:49:55,V018,143.0,1.1907363776197057
2026-05-14,2026-05-14 10:49:56,V018,143.0,1.0286966852204473
2026-05-14,2026-05-14 10:49:57,V018,143.0,1.0726050685102724
2026-05-14,2026-05-14 10:49:58,V018,143.0,1.0900690549561012
2026-05-14,2026-05-14 10:49:59,V018,143.0,1.151957473304963
2026-05-14,2026-05-14 10:50:00,V018,143.0,1.046977028760125
2026-05-14,2026-05-14 10:50:01,V018,143.0,1.013405408873586
2026-05-14,2026-05-14 10:50:02,V018,143.0,1.158182605683429
2026-05-14,2026-05-14 10:50:03,V018,143.0,1.0172374122565255
2026-05-14,2026-05-14 10:50:04,V018,142.0,1.0664731710099904
2026-05-14,2026-05-14 10:50:05,V018,142.0,1.073009249040566
2026-05-14,2026-05-14 10:50:06,V018,142.0,1.0659349215365823
2026-05-14,2026-05-14 10:50:07,V018,143.0,1.0495998588556572
2026-05-14,2026-05-14 10:50:08,V018,143.0,1.039702397437951
2026-05-14,2026-05-14 10:50:09,V018,143.0,1.1716533669856266
2026-05-14,2026-05-14 10:50:10,V018,143.0,1.5774829492251359
2026-05-14,2026-05-14 10:50:11,V018,143.0,1.3570307436995432
2026-05-14,2026-05-14 10:50:12,V018,142.0,1.1277113728152108
2026-05-14,2026-05-14 10:50:13,V018,142.0,1.1114707429892905
2026-05-14,2026-05-14 10:50:14,V018,142.0,1.1329684009390542
2026-05-14,2026-05-14 10:50:15,V018,142.0,1.152584506992068
2026-05-14,2026-05-14 10:50:16,V018,142.0,1.168241654016517
2026-05-14,2026-05-14 10:50:17,V018,142.0,1.0950174023095367
2026-05-14,2026-05-14 10:50:18,V018,142.0,1.0723136956968184
2026-05-14,2026-05-14 10:50:19,V018,141.0,1.0873372379259496
2026-05-14,2026-05-14 10:50:20,V018,141.0,1.0750860660253423
2026-05-14,2026-05-14 10:50:21,V018,140.0,1.1677204459605992
2026-05-14,2026-05-14 10:50:22,V018,139.0,1.0431105169132344
2026-05-14,2026-05-14 10:50:23,V018,139.0,1.0559103662233627
2026-05-14,2026-05-14 10:50:24,V018,138.0,1.1139119695225648
2026-05-14,2026-05-14 10:50:25,V018,137.0,1.0531923810520205
2026-05-14,2026-05-14 10:50:26,V018,137.0,1.0403476451711404
2026-05-14,2026-05-14 10:50:27,V018,137.0,1.0386853802334897
2026-05-14,2026-05-14 10:50:28,V018,138.0,1.1052557251154438
2026-05-14,2026-05-14 10:50:29,V018,139.0,1.0531365673038775
2026-05-14,2026-05-14 10:50:30,V018,140.0,1.0738412711752587
2026-05-14,2026-05-14 10:50:31,V018,140.0,1.0536712770871188
2026-05-14,2026-05-14 10:50:32,V018,142.0,1.0883561164256657
2026-05-14,2026-05-14 10:50:33,V018,143.0,1.2106145542527025
2026-05-14,2026-05-14 10:50:34,V018,143.0,1.1103570613098759
2026-05-14,2026-05-14 10:50:35,V018,144.0,1.0693896973333383
2026-05-14,2026-05-14 10:50:36,V018,145.0,1.1535694165462267
2026-05-14,2026-05-14 10:50:37,V018,145.0,1.066448178030911
2026-05-14,2026-05-14 10:50:38,V018,146.0,1.0755593920703042
2026-05-14,2026-05-14 10:50:39,V018,146.0,1.0499104936842192
2026-05-14,2026-05-14 10:50:40,V018,146.0,1.0813947035834504
2026-05-14,2026-05-14 10:50:41,V018,146.0,1.0269369509292523
2026-05-14,2026-05-14 10:50:42,V018,146.0,1.0541847349921247
2026-05-14,2026-05-14 10:50:43,V018,146.0,1.1826189481177627
2026-05-14,2026-05-14 10:50:44,V018,146.0,1.2058567840342702
2026-05-14,2026-05-14 10:50:45,V018,146.0,0.9920456738245051
2026-05-14,2026-05-14 10:50:46,V018,146.0,1.1651758217257597
2026-05-14,2026-05-14 10:50:47,V018,147.0,1.0303246012710614
2026-05-14,2026-05-14 10:50:48,V018,147.0,1.0858605976149276
2026-05-14,2026-05-14 10:50:49,V018,148.0,1.0558623604954707
2026-05-14,2026-05-14 10:50:50,V018,148.0,1.0214531764384547
2026-05-14,2026-05-14 10:50:51,V018,148.0,1.1826921892868154
2026-05-14,2026-05-14 10:50:52,V018,148.0,1.2853089681327714
2026-05-14,2026-05-14 10:50:53,V018,148.0,1.0006865094308877
2026-05-14,2026-05-14 10:50:54,V018,147.0,1.0334056571412098
2026-05-14,2026-05-14 10:50:55,V018,147.0,1.0614194304626206
2026-05-14,2026-05-14 10:50:56,V018,146.0,1.0090348752813911
2026-05-14,2026-05-14 10:50:57,V018,146.0,1.1051010205176954
2026-05-14,2026-05-14 10:50:58,V018,146.0,1.0388975565854734
2026-05-14,2026-05-14 10:50:59,V018,146.0,1.065894932730388
2026-05-14,2026-05-14 10:51:00,V018,145.0,1.0838535568366614
2026-05-14,2026-05-14 10:51:01,V018,145.0,1.0807524676175067
2026-05-14,2026-05-14 10:51:02,V018,145.0,1.0501471971661032
2026-05-14,2026-05-14 10:51:03,V018,145.0,1.0223434479383298
2026-05-14,2026-05-14 10:51:04,V018,145.0,1.0619043872631355
2026-05-14,2026-05-14 10:51:05,V018,145.0,1.0788580916156736
2026-05-14,2026-05-14 10:51:06,V018,146.0,1.0775145530458115
2026-05-14,2026-05-14 10:51:07,V018,146.0,1.0917940865988367
2026-05-14,2026-05-14 10:51:08,V018,147.0,1.0924078333206717
2026-05-14,2026-05-14 10:51:09,V018,148.0,1.3684871368801057
2026-05-14,2026-05-14 10:51:10,V018,148.0,1.104862240355394
2026-05-14,2026-05-14 10:51:11,V018,148.0,1.0744672371520791
2026-05-14,2026-05-14 10:51:12,V018,147.0,1.1395460256289145
2026-05-14,2026-05-14 10:51:13,V018,147.0,1.0178643664973115
2026-05-14,2026-05-14 10:51:14,V018,147.0,1.0293929620554292
2026-05-14,2026-05-14 10:51:15,V018,146.0,1.096967068065036
2026-05-14,2026-05-14 10:51:16,V018,146.0,1.0555188225965912
2026-05-14,2026-05-14 10:51:17,V018,146.0,1.0472569933875409
2026-05-14,2026-05-14 10:51:18,V018,145.0,1.0247218884199594
2026-05-14,2026-05-14 10:51:19,V018,144.0,1.0837583569372813
2026-05-14,2026-05-14 10:51:20,V018,144.0,1.0301736807142834
2026-05-14,2026-05-14 10:51:21,V018,143.0,1.1709768105953446
2026-05-14,2026-05-14 10:51:22,V018,144.0,1.07690947847217
2026-05-14,2026-05-14 10:51:23,V018,144.0,1.0265068921754936
2026-05-14,2026-05-14 10:51:24,V018,145.0,1.1047726451746611
2026-05-14,2026-05-14 10:51:25,V018,146.0,1.086339890998788
2026-05-14,2026-05-14 10:51:26,V018,147.0,1.008711299420735
2026-05-14,2026-05-14 10:51:27,V018,147.0,1.4001951537487114
2026-05-14,2026-05-14 10:51:28,V018,148.0,1.033554793080179
2026-05-14,2026-05-14 10:51:29,V018,149.0,1.1148177078448016
2026-05-14,2026-05-14 10:51:30,V018,150.0,1.0190274853919516
2026-05-14,2026-05-14 10:51:31,V018,150.0,1.0464771226339764
2026-05-14,2026-05-14 10:51:32,V018,151.0,1.0522968301296656
2026-05-14,2026-05-14 10:51:33,V018,151.0,1.0607771203279248
2026-05-14,2026-05-14 10:51:34,V018,152.0,1.0792272184549092
2026-05-14,2026-05-14 10:51:35,V018,152.0,1.02913020918087
2026-05-14,2026-05-14 10:51:36,V018,153.0,1.1983335840273346
2026-05-14,2026-05-14 10:51:37,V018,153.0,1.514328596580273
2026-05-14,2026-05-14 10:51:38,V018,153.0,1.2518100062064426
2026-05-14,2026-05-14 10:51:39,V018,154.0,1.314626701312494
2026-05-14,2026-05-14 10:51:40,V018,154.0,1.6549284675676168
2026-05-14,2026-05-14 10:51:41,V018,154.0,1.0912175087067881
2026-05-14,2026-05-14 10:51:42,V018,154.0,1.0246971412504973
2026-05-14,2026-05-14 10:51:43,V018,155.0,1.0284975173217927
2026-05-14,2026-05-14 10:51:44,V018,155.0,1.021483251393216
2026-05-14,2026-05-14 10:51:45,V018,156.0,1.0578679638448334
2026-05-14,2026-05-14 10:51:46,V018,156.0,1.0972992941977344
2026-05-14,2026-05-14 10:51:47,V018,157.0,1.0896872622528548
2026-05-14,2026-05-14 10:51:48,V018,157.0,1.046328214117153
2026-05-14,2026-05-14 10:51:49,V018,158.0,1.0474871788654447
2026-05-14,2026-05-14 10:51:50,V018,159.0,1.0633714091960629
2026-05-14,2026-05-14 10:51:51,V018,160.0,1.0823440666895043
2026-05-14,2026-05-14 10:51:52,V018,161.0,1.016723300065374
2026-05-14,2026-05-14 10:51:53,V018,162.0,1.0573529196984432
2026-05-14,2026-05-14 10:51:54,V018,162.0,1.0616952461607698
2026-05-14,2026-05-14 10:51:55,V018,162.0,1.0439997033000397
2026-05-14,2026-05-14 10:51:56,V018,162.0,1.1725725330747307
2026-05-14,2026-05-14 10:51:57,V018,162.0,1.1996134428100165
2026-05-14,2026-05-14 10:51:58,V018,162.0,1.1384503682259115
2026-05-14,2026-05-14 10:51:59,V018,162.0,1.2264858274183235
2026-05-14,2026-05-14 10:52:00,V018,161.0,0.9652320717494316
2026-05-14,2026-05-14 10:52:01,V018,160.0,1.054486750261211
2026-05-14,2026-05-14 10:52:02,V018,159.0,1.0666110170603713
2026-05-14,2026-05-14 10:52:03,V018,158.0,1.0465950630774066
2026-05-14,2026-05-14 10:52:04,V018,156.0,1.0441326472737773
2026-05-14,2026-05-14 10:52:05,V018,155.0,1.0370179733084546
2026-05-14,2026-05-14 10:52:06,V018,154.0,1.0559631357367238
2026-05-14,2026-05-14 10:52:07,V018,152.0,1.0173403776639158
2026-05-14,2026-05-14 10:52:08,V018,151.0,1.0625822212851195
2026-05-14,2026-05-14 10:52:09,V018,151.0,1.017857949135028
2026-05-14,2026-05-14 10:52:10,V018,150.0,1.0642111216353793
2026-05-14,2026-05-14 10:52:11,V018,150.0,1.0359374228222868
2026-05-14,2026-05-14 10:52:12,V018,150.0,1.0632984294576158
2026-05-14,2026-05-14 10:52:13,V018,151.0,1.048270426723503
2026-05-14,2026-05-14 10:52:14,V018,151.0,1.0501302637149073
2026-05-14,2026-05-14 10:52:15,V018,151.0,1.0296261757397964
2026-05-14,2026-05-14 10:52:16,V018,152.0,1.073385611182018
2026-05-14,2026-05-14 10:52:17,V018,152.0,1.022589396655025
2026-05-14,2026-05-14 10:52:18,V018,152.0,1.070339392937768
2026-05-14,2026-05-14 10:52:19,V018,152.0,1.0115372575492492
2026-05-14,2026-05-14 10:52:20,V018,152.0,1.0656220786668236
2026-05-14,2026-05-14 10:52:21,V018,151.0,1.064641278504318
2026-05-14,2026-05-14 10:52:22,V018,151.0,1.0588607728393016
2026-05-14,2026-05-14 10:52:23,V018,150.0,1.06144020574823
2026-05-14,2026-05-14 10:52:24,V018,149.0,1.002971365460965
2026-05-14,2026-05-14 10:52:25,V018,149.0,1.0610875483481823
2026-05-14,2026-05-14 10:52:26,V018,148.0,1.0741734107352774
2026-05-14,2026-05-14 10:52:27,V018,148.0,1.0436969154473916
2026-05-14,2026-05-14 10:52:28,V018,147.0,1.0657991738495531
2026-05-14,2026-05-14 10:52:29,V018,147.0,1.0242083640728783
2026-05-14,2026-05-14 10:52:30,V018,147.0,1.049626653038235
2026-05-14,2026-05-14 10:52:31,V018,147.0,1.0701219258151773
2026-05-14,2026-05-14 10:52:32,V018,146.0,1.048963948039185
2026-05-14,2026-05-14 10:52:33,V018,145.0,1.0122753082108074
2026-05-14,2026-05-14 10:52:34,V018,145.0,1.052109795376411
2026-05-14,2026-05-14 10:52:35,V018,144.0,1.0697157579442074
2026-05-14,2026-05-14 10:52:36,V018,144.0,1.1847427473747114
2026-05-14,2026-05-14 10:52:37,V018,144.0,1.0829853206676658
2026-05-14,2026-05-14 10:52:38,V018,144.0,1.0488158422946103
2026-05-14,2026-05-14 10:52:39,V018,143.0,1.054368050985288
2026-05-14,2026-05-14 10:52:40,V018,144.0,1.383481473728196
2026-05-14,2026-05-14 10:52:41,V018,144.0,1.4271350795083508
2026-05-14,2026-05-14 10:52:42,V018,143.0,1.3982103300217088
2026-05-14,2026-05-14 10:52:43,V018,143.0,1.1231701308508815
2026-05-14,2026-05-14 10:52:44,V018,142.0,1.249920842364106
2026-05-14,2026-05-14 10:52:45,V018,142.0,1.1700236226534793
2026-05-14,2026-05-14 10:52:46,V018,141.0,1.394241019021225
2026-05-14,2026-05-14 10:52:47,V018,141.0,1.2425816865663015
2026-05-14,2026-05-14 10:52:48,V018,141.0,1.0464895403730938
2026-05-14,2026-05-14 10:52:49,V018,142.0,1.0888301653829722
2026-05-14,2026-05-14 10:52:50,V018,143.0,1.086865230772211
2026-05-14,2026-05-14 10:52:51,V018,144.0,1.1237434739065395
2026-05-14,2026-05-14 10:52:52,V018,145.0,1.1836996545690777
2026-05-14,2026-05-14 10:52:53,V018,145.0,1.5763116812425486
2026-05-14,2026-05-14 10:52:54,V018,145.0,1.750919888991252
2026-05-14,2026-05-14 10:52:55,V018,145.0,1.4053311026483515
2026-05-14,2026-05-14 10:52:56,V018,144.0,1.1173808396255547
2026-05-14,2026-05-14 10:52:57,V018,144.0,1.1022138308012428
2026-05-14,2026-05-14 10:52:58,V018,142.0,1.101839669923096
2026-05-14,2026-05-14 10:52:59,V018,141.0,1.1104766217221644
2026-05-14,2026-05-14 10:53:00,V018,140.0,1.0351900630240003
2026-05-14,2026-05-14 10:53:01,V018,140.0,1.1018778349371052
2026-05-14,2026-05-14 10:53:02,V018,139.0,1.0352433961524623
2026-05-14,2026-05-14 10:53:03,V018,139.0,1.0517373861966033
2026-05-14,2026-05-14 10:53:04,V018,139.0,1.0089518620558162
2026-05-14,2026-05-14 10:53:05,V018,139.0,1.1214564516284524
2026-05-14,2026-05-14 10:53:06,V018,140.0,1.12871028301821
2026-05-14,2026-05-14 10:53:07,V018,140.0,1.0709143617522372
2026-05-14,2026-05-14 10:53:08,V018,140.0,1.0833813394817684
2026-05-14,2026-05-14 10:53:09,V018,141.0,1.0750500841266701
2026-05-14,2026-05-14 10:53:10,V018,142.0,1.0407329424042064
2026-05-14,2026-05-14 10:53:11,V018,143.0,1.070585666992716
2026-05-14,2026-05-14 10:53:12,V018,145.0,1.0306351104173106
2026-05-14,2026-05-14 10:53:13,V018,146.0,1.0589526328379895
2026-05-14,2026-05-14 10:53:14,V018,148.0,1.0753676864014685
2026-05-14,2026-05-14 10:53:15,V018,149.0,1.0581947583339733
2026-05-14,2026-05-14 10:53:16,V018,150.0,1.0852662994219218
2026-05-14,2026-05-14 10:53:17,V018,150.0,1.0853369724134914
2026-05-14,2026-05-14 10:53:18,V018,150.0,1.0878887112227738
2026-05-14,2026-05-14 10:53:19,V018,150.0,1.000793627940331
2026-05-14,2026-05-14 10:53:20,V018,149.0,1.0542117365038903
2026-05-14,2026-05-14 10:53:21,V018,149.0,1.0389123115512957
2026-05-14,2026-05-14 10:53:22,V018,148.0,1.019568684763367
2026-05-14,2026-05-14 10:53:23,V018,147.0,1.060179427650734
2026-05-14,2026-05-14 10:53:24,V018,147.0,1.0336662857704806
2026-05-14,2026-05-14 10:53:25,V018,146.0,1.057910265047546
2026-05-14,2026-05-14 10:53:26,V018,146.0,1.0492321700143286
2026-05-14,2026-05-14 10:53:27,V018,146.0,1.0472007246123427
2026-05-14,2026-05-14 10:53:28,V018,146.0,1.033861311016548
2026-05-14,2026-05-14 10:53:29,V018,146.0,1.060196060835633
2026-05-14,2026-05-14 10:53:30,V018,146.0,1.0173216269549408
2026-05-14,2026-05-14 10:53:31,V018,146.0,1.0476045933792038
2026-05-14,2026-05-14 10:53:32,V018,146.0,1.0190361140003674
2026-05-14,2026-05-14 10:53:33,V018,146.0,1.0206960081986365
2026-05-14,2026-05-14 10:53:34,V018,146.0,1.0257794265667541
2026-05-14,2026-05-14 10:53:35,V018,146.0,1.032815039426739
2026-05-14,2026-05-14 10:53:36,V018,146.0,1.0432363196036478
2026-05-14,2026-05-14 10:53:37,V018,146.0,1.0125627515213402
2026-05-14,2026-05-14 10:53:38,V018,147.0,1.0246130864610081
2026-05-14,2026-05-14 10:53:39,V018,147.0,1.092251243110618
2026-05-14,2026-05-14 10:53:40,V018,147.0,0.9924999245806926
2026-05-14,2026-05-14 10:53:41,V018,147.0,1.046933687508716
2026-05-14,2026-05-14 10:53:42,V018,147.0,1.0513280949176087
2026-05-14,2026-05-14 10:53:43,V018,147.0,1.0400303584645645
2026-05-14,2026-05-14 10:53:44,V018,147.0,1.1006379886411026
2026-05-14,2026-05-14 10:53:45,V018,147.0,0.9908495465255498
2026-05-14,2026-05-14 10:53:46,V018,147.0,1.0093622069953627
2026-05-14,2026-05-14 10:53:47,V018,147.0,1.0610245411780175
2026-05-14,2026-05-14 10:53:48,V018,147.0,1.0399123068717606
2026-05-14,2026-05-14 10:53:49,V018,147.0,1.0395967231787049
2026-05-14,2026-05-14 10:53:50,V018,147.0,1.03440748374517
2026-05-14,2026-05-14 10:53:51,V018,146.0,1.0474022984130775
2026-05-14,2026-05-14 10:53:52,V018,146.0,1.0263567004113634
2026-05-14,2026-05-14 10:53:53,V018,145.0,1.0399302039364726
2026-05-14,2026-05-14 10:53:54,V018,145.0,1.0431631950760507
2026-05-14,2026-05-14 10:53:55,V018,145.0,1.0401815314598586
2026-05-14,2026-05-14 10:53:56,V018,145.0,1.0677414552395303
2026-05-14,2026-05-14 10:53:57,V018,145.0,1.0176425107561788
2026-05-14,2026-05-14 10:53:58,V018,146.0,1.0350847880957892
2026-05-14,2026-05-14 10:53:59,V018,146.0,1.0307526266900668
2026-05-14,2026-05-14 10:54:00,V018,146.0,1.037813057476396
2026-05-14,2026-05-14 10:54:01,V018,146.0,1.0875491826648003
2026-05-14,2026-05-14 10:54:02,V018,146.0,1.0425583629422697
2026-05-14,2026-05-14 10:54:03,V018,146.0,1.04045046146028
2026-05-14,2026-05-14 10:54:04,V018,147.0,1.0755388415454818
2026-05-14,2026-05-14 10:54:05,V018,147.0,1.053645671715876
2026-05-14,2026-05-14 10:54:06,V018,147.0,1.0396267848967011
2026-05-14,2026-05-14 10:54:07,V018,147.0,1.0483332482482615
2026-05-14,2026-05-14 10:54:08,V018,148.0,1.039430065448459
2026-05-14,2026-05-14 10:54:09,V018,148.0,1.0355813022949845
2026-05-14,2026-05-14 10:54:10,V018,148.0,1.043971445602247
2026-05-14,2026-05-14 10:54:11,V018,147.0,1.0626772373339246
2026-05-14,2026-05-14 10:54:12,V018,147.0,1.0222313435418298
2026-05-14,2026-05-14 10:54:13,V018,147.0,0.9957058461484276
2026-05-14,2026-05-14 10:54:14,V018,147.0,1.1097284512976167
2026-05-14,2026-05-14 10:54:15,V018,147.0,1.0493716840227947
2026-05-14,2026-05-14 10:54:16,V018,147.0,1.030704546129661
2026-05-14,2026-05-14 10:54:17,V018,148.0,1.030731871299815
2026-05-14,2026-05-14 10:54:18,V018,146.0,1.0419709993248607
2026-05-14,2026-05-14 10:54:19,V018,146.0,1.054600985574881
2026-05-14,2026-05-14 10:54:20,V018,145.0,1.0146107831501143
2026-05-14,2026-05-14 10:54:21,V018,144.0,1.0057818487760704
2026-05-14,2026-05-14 10:54:22,V018,144.0,1.0236462608147414
2026-05-14,2026-05-14 10:54:23,V018,143.0,1.0149923261270892
2026-05-14,2026-05-14 10:54:24,V018,143.0,1.0142700306002774
2026-05-14,2026-05-14 10:54:25,V018,143.0,1.0294328385348357
2026-05-14,2026-05-14 10:54:26,V018,142.0,1.0182890803459148
2026-05-14,2026-05-14 10:54:27,V018,141.0,1.0287475628537641
2026-05-14,2026-05-14 10:54:28,V018,141.0,1.0350399527071492
2026-05-14,2026-05-14 10:54:29,V018,140.0,1.0334933755760702
2026-05-14,2026-05-14 10:54:30,V018,139.0,1.0531856847265433
2026-05-14,2026-05-14 10:54:31,V018,139.0,1.0470343785061327
2026-05-14,2026-05-14 10:54:32,V018,138.0,1.0378914998009452
2026-05-14,2026-05-14 10:54:33,V018,137.0,1.0393461426303132
2026-05-14,2026-05-14 10:54:34,V018,137.0,1.03386011207476
2026-05-14,2026-05-14 10:54:35,V018,136.0,1.041659503765836
2026-05-14,2026-05-14 10:54:36,V018,136.0,1.0383879696841416
2026-05-14,2026-05-14 10:54:37,V018,136.0,1.0327033745541268
2026-05-14,2026-05-14 10:54:38,V018,135.0,1.04716272904627
2026-05-14,2026-05-14 10:54:39,V018,135.0,1.0321725309340535
2026-05-14,2026-05-14 10:54:40,V018,135.0,1.0456568449425765
2026-05-14,2026-05-14 10:54:41,V018,134.0,1.0345635858640827
2026-05-14,2026-05-14 10:54:42,V018,134.0,1.0375135138174618
2026-05-14,2026-05-14 10:54:43,V018,134.0,1.0345934199461968
2026-05-14,2026-05-14 10:54:44,V018,133.0,1.0341982104539764
2026-05-14,2026-05-14 10:54:45,V018,133.0,1.0372387108917829
2026-05-14,2026-05-14 10:54:46,V018,133.0,1.0355983839533582
2026-05-14,2026-05-14 10:54:47,V018,133.0,1.0458441919905215
2026-05-14,2026-05-14 10:54:48,V018,132.0,1.0443959520038923
2026-05-14,2026-05-14 10:54:49,V018,132.0,1.035128193713718
2026-05-14,2026-05-14 10:54:50,V018,132.0,1.031244525548373
2026-05-14,2026-05-14 10:54:51,V018,132.0,1.0378912666345805
2026-05-14,2026-05-14 10:54:52,V018,131.0,1.0436995851908666
2026-05-14,2026-05-14 10:54:53,V018,131.0,1.04459608468575
2026-05-14,2026-05-14 10:54:54,V018,130.0,1.0295496215632964
2026-05-14,2026-05-14 10:54:55,V018,129.0,1.0362819680730195
2026-05-14,2026-05-14 10:54:56,V018,129.0,1.0164035975610601
2026-05-14,2026-05-14 10:54:57,V018,129.0,1.028140960926148
2026-05-14,2026-05-14 10:54:58,V018,128.0,1.0249117156527
2026-05-14,2026-05-14 10:54:59,V018,128.0,1.0442040025552863
2026-05-14,2026-05-14 10:55:00,V018,127.0,1.0426231713669283
2026-05-14,2026-05-14 10:55:01,V018,126.0,1.081170508505599
2026-05-14,2026-05-14 10:55:02,V018,126.0,0.9914536881710003
2026-05-14,2026-05-14 10:55:03,V018,126.0,1.0287065328684044
2026-05-14,2026-05-14 10:55:04,V018,127.0,1.029199693841207
2026-05-14,2026-05-14 10:55:05,V018,128.0,1.0255746470917173
2026-05-14,2026-05-14 10:55:06,V018,129.0,1.0441422807258889
2026-05-14,2026-05-14 10:55:07,V018,130.0,1.0343214341258546
2026-05-14,2026-05-14 10:55:08,V018,130.0,1.0366523042258373
2026-05-14,2026-05-14 10:55:09,V018,130.0,1.034010579612471
2026-05-14,2026-05-14 10:55:10,V018,130.0,1.0358837324069832
2026-05-14,2026-05-14 10:55:11,V018,130.0,1.0364249518885635
2026-05-14,2026-05-14 10:55:12,V018,130.0,1.031546252797648
2026-05-14,2026-05-14 10:55:13,V018,129.0,1.0372920469261064
2026-05-14,2026-05-14 10:55:14,V018,129.0,1.035574363783119
2026-05-14,2026-05-14 10:55:15,V018,128.0,1.0509745854704535
2026-05-14,2026-05-14 10:55:16,V018,128.0,1.0388062197133197
2026-05-14,2026-05-14 10:55:17,V018,127.0,1.0481470769171222
2026-05-14,2026-05-14 10:55:18,V018,127.0,1.0261855026492195
2026-05-14,2026-05-14 10:55:19,V018,127.0,1.0625980227609566
2026-05-14,2026-05-14 10:55:20,V018,127.0,1.0339902845133568
2026-05-14,2026-05-14 10:55:21,V018,127.0,1.0361935664177406
2026-05-14,2026-05-14 10:55:22,V018,127.0,1.0363335012956654
2026-05-14,2026-05-14 10:55:23,V018,127.0,1.0366718291072095
2026-05-14,2026-05-14 10:55:24,V018,128.0,1.044519871200613
2026-05-14,2026-05-14 10:55:25,V018,128.0,1.0284009471572038
2026-05-14,2026-05-14 10:55:26,V018,129.0,1.036470189181159
2026-05-14,2026-05-14 10:55:27,V018,129.0,1.033769553051004
2026-05-14,2026-05-14 10:55:28,V018,129.0,1.0337626509144846
2026-05-14,2026-05-14 10:55:29,V018,130.0,1.0321618786729416
2026-05-14,2026-05-14 10:55:30,V018,130.0,1.03337239328665
2026-05-14,2026-05-14 10:55:31,V018,130.0,1.0335330276855088
2026-05-14,2026-05-14 10:55:32,V018,130.0,1.0338465110761133
2026-05-14,2026-05-14 10:55:33,V018,130.0,1.032839498815929
2026-05-14,2026-05-14 10:55:34,V018,129.0,1.0388097446845979
2026-05-14,2026-05-14 10:55:35,V018,128.0,1.0296360545142373
2026-05-14,2026-05-14 10:55:36,V018,127.0,1.0146072106813353
2026-05-14,2026-05-14 10:55:37,V018,126.0,1.0012297610990144
2026-05-14,2026-05-14 10:55:38,V018,125.0,1.0707752712788672
2026-05-14,2026-05-14 10:55:39,V018,125.0,1.0361564825317822
2026-05-14,2026-05-14 10:55:40,V018,125.0,1.056547223320677
2026-05-14,2026-05-14 10:55:41,V018,125.0,1.035333269635022
2026-05-14,2026-05-14 10:55:42,V018,125.0,1.0401375304148075
2026-05-14,2026-05-14 10:55:43,V018,125.0,1.0352963652311316
2026-05-14,2026-05-14 10:55:44,V018,125.0,1.0370770440780999
2026-05-14,2026-05-14 10:55:45,V018,124.0,1.0361938222968947
2026-05-14,2026-05-14 10:55:46,V018,124.0,1.0528183625628265
2026-05-14,2026-05-14 10:55:47,V018,123.0,1.011514700109084
2026-05-14,2026-05-14 10:55:48,V018,123.0,1.0181940004081707
2026-05-14,2026-05-14 10:55:49,V018,123.0,1.0760423538530979
2026-05-14,2026-05-14 10:55:50,V018,123.0,1.033934937136396
2026-05-14,2026-05-14 10:55:51,V018,124.0,1.0309814684744303
2026-05-14,2026-05-14 10:55:52,V018,124.0,1.100993454047716
2026-05-14,2026-05-14 10:55:53,V018,124.0,0.9591915623124446
2026-05-14,2026-05-14 10:55:54,V018,124.0,1.0592019737856253
2026-05-14,2026-05-14 10:55:55,V018,123.0,1.0330772376805486
2026-05-14,2026-05-14 10:55:56,V018,122.0,1.0322728634883773
2026-05-14,2026-05-14 10:55:57,V018,121.0,1.0331085385543426
2026-05-14,2026-05-14 10:55:58,V018,121.0,1.0329657465924829
2026-05-14,2026-05-14 10:55:59,V018,121.0,1.0331431350518332
2026-05-14,2026-05-14 10:56:00,V018,120.0,1.0528124096524978
2026-05-14,2026-05-14 10:56:01,V018,120.0,1.0500360587159803
2026-05-14,2026-05-14 10:56:02,V018,120.0,1.0436837316101477
2026-05-14,2026-05-14 10:56:03,V018,119.0,1.0478865647302478
2026-05-14,2026-05-14 10:56:04,V018,119.0,1.0476727868617812
2026-05-14,2026-05-14 10:56:05,V018,118.0,1.0274836321947274
2026-05-14,2026-05-14 10:56:06,V018,117.0,1.0344598859955036
2026-05-14,2026-05-14 10:56:07,V018,117.0,1.0395846491836562
2026-05-14,2026-05-14 10:56:08,V018,117.0,1.035686781593487
2026-05-14,2026-05-14 10:56:09,V018,117.0,1.0400129628079102
2026-05-14,2026-05-14 10:56:10,V018,117.0,1.0436631755332721
2026-05-14,2026-05-14 10:56:11,V018,118.0,1.0886042599100505
2026-05-14,2026-05-14 10:56:12,V018,119.0,1.0536998490985514
2026-05-14,2026-05-14 10:56:13,V018,120.0,0.9961187338531801
2026-05-14,2026-05-14 10:56:14,V018,120.0,1.1361862928875062
2026-05-14,2026-05-14 10:56:15,V018,121.0,1.0697205347329841
2026-05-14,2026-05-14 10:56:16,V018,121.0,1.1121236089938495
2026-05-14,2026-05-14 10:56:17,V018,121.0,1.1122556644574058
2026-05-14,2026-05-14 10:56:18,V018,121.0,1.1076599399035219
2026-05-14,2026-05-14 10:56:19,V018,121.0,1.0572560826633342
2026-05-14,2026-05-14 10:56:20,V018,121.0,1.0768380962070567
2026-05-14,2026-05-14 10:56:21,V018,120.0,1.0634827942456127
2026-05-14,2026-05-14 10:56:22,V018,121.0,1.059338280329592
2026-05-14,2026-05-14 10:56:23,V018,121.0,1.046655802399924
2026-05-14,2026-05-14 10:56:24,V018,122.0,1.1365698814772465
2026-05-14,2026-05-14 10:56:25,V018,122.0,1.0536380563247347
2026-05-14,2026-05-14 10:56:26,V018,123.0,1.066460236496042
2026-05-14,2026-05-14 10:56:27,V018,124.0,1.063467998515425
2026-05-14,2026-05-14 10:56:28,V018,124.0,1.0244574237899722
2026-05-14,2026-05-14 10:56:29,V018,124.0,1.0231583533745363
2026-05-14,2026-05-14 10:56:30,V018,125.0,1.0574040054965907
2026-05-14,2026-05-14 10:56:31,V018,125.0,1.024927975993388
2026-05-14,2026-05-14 10:56:32,V018,125.0,1.0627506027042308
2026-05-14,2026-05-14 10:56:33,V018,125.0,1.0279993323111118
2026-05-14,2026-05-14 10:56:34,V018,125.0,1.0145400315203348
2026-05-14,2026-05-14 10:56:35,V018,124.0,1.0801369149460738
2026-05-14,2026-05-14 10:56:36,V018,124.0,1.0469379230418436
2026-05-14,2026-05-14 10:56:37,V018,124.0,1.037774764241208
2026-05-14,2026-05-14 10:56:38,V018,124.0,1.0669201248961497
2026-05-14,2026-05-14 10:56:39,V018,123.0,1.082994866851541
2026-05-14,2026-05-14 10:56:40,V018,123.0,1.0462980736490761
2026-05-14,2026-05-14 10:56:41,V018,122.0,1.0087488665992512
2026-05-14,2026-05-14 10:56:42,V018,122.0,1.063424031041302
2026-05-14,2026-05-14 10:56:43,V018,121.0,1.0697532338521225
2026-05-14,2026-05-14 10:56:44,V018,122.0,1.0397432142993972
2026-05-14,2026-05-14 10:56:45,V018,122.0,1.0102627471410848
2026-05-14,2026-05-14 10:56:46,V018,123.0,1.0505785931354088
2026-05-14,2026-05-14 10:56:47,V018,123.0,1.050816020170736
2026-05-14,2026-05-14 10:56:48,V018,124.0,1.073017908628254
2026-05-14,2026-05-14 10:56:49,V018,125.0,1.007944354959102
2026-05-14,2026-05-14 10:56:50,V018,126.0,1.0783934769584722
2026-05-14,2026-05-14 10:56:51,V018,127.0,1.0452894796124041
2026-05-14,2026-05-14 10:56:52,V018,127.0,1.1221604653170199
2026-05-14,2026-05-14 10:56:53,V018,127.0,1.051027817710575
2026-05-14,2026-05-14 10:56:54,V018,128.0,1.0447975116480381
2026-05-14,2026-05-14 10:56:55,V018,128.0,1.0646777853530458
2026-05-14,2026-05-14 10:56:56,V018,128.0,1.0166007747798373
2026-05-14,2026-05-14 10:56:57,V018,128.0,1.0627476086715966
2026-05-14,2026-05-14 10:56:58,V018,128.0,1.0587761510929226
2026-05-14,2026-05-14 10:56:59,V018,127.0,1.039280766943783
2026-05-14,2026-05-14 10:57:00,V018,127.0,1.0582875057970618
2026-05-14,2026-05-14 10:57:01,V018,127.0,1.0697607274279866
2026-05-14,2026-05-14 10:57:02,V018,126.0,1.0303667036796167
2026-05-14,2026-05-14 10:57:03,V018,126.0,1.0947262302711291
2026-05-14,2026-05-14 10:57:04,V018,126.0,1.0595209923739788
2026-05-14,2026-05-14 10:57:05,V018,125.0,1.032694657503312
2026-05-14,2026-05-14 10:57:06,V018,125.0,1.094407228930686
2026-05-14,2026-05-14 10:57:07,V018,125.0,1.085820416728722
2026-05-14,2026-05-14 10:57:08,V018,125.0,1.0535434981448126
2026-05-14,2026-05-14 10:57:09,V018,125.0,1.0377116643367055
2026-05-14,2026-05-14 10:57:10,V018,125.0,1.0543148398700037
2026-05-14,2026-05-14 10:57:11,V018,125.0,1.0890905642824817
2026-05-14,2026-05-14 10:57:12,V018,125.0,1.0400441939204776
2026-05-14,2026-05-14 10:57:13,V018,125.0,1.0276574173759223
2026-05-14,2026-05-14 10:57:14,V018,125.0,1.0488478494986144
2026-05-14,2026-05-14 10:57:15,V018,125.0,1.0488140788414453
2026-05-14,2026-05-14 10:57:16,V018,125.0,1.037616225885184
2026-05-14,2026-05-14 10:57:17,V018,126.0,1.0002885144666518
2026-05-14,2026-05-14 10:57:18,V018,126.0,1.1186750628312545
2026-05-14,2026-05-14 10:57:19,V018,127.0,1.092642433893035
2026-05-14,2026-05-14 10:57:20,V018,127.0,1.0378501568864134
2026-05-14,2026-05-14 10:57:21,V018,127.0,1.0435267737871174
2026-05-14,2026-05-14 10:57:22,V018,128.0,1.0622448775117426
2026-05-14,2026-05-14 10:57:23,V018,128.0,1.030405569899659
2026-05-14,2026-05-14 10:57:24,V018,128.0,1.0503561876164051
2026-05-14,2026-05-14 10:57:25,V018,128.0,1.0104716758897747
2026-05-14,2026-05-14 10:57:26,V018,127.0,1.1153312558601094
2026-05-14,2026-05-14 10:57:27,V018,127.0,1.0387153872896844
2026-05-14,2026-05-14 10:57:28,V018,126.0,1.0508217063223433
2026-05-14,2026-05-14 10:57:29,V018,126.0,1.0356940653737399
2026-05-14,2026-05-14 10:57:30,V018,126.0,1.2126967890275016
2026-05-14,2026-05-14 10:57:31,V018,125.0,1.080907722939514
2026-05-14,2026-05-14 10:57:32,V018,125.0,1.0563893424227777
2026-05-14,2026-05-14 10:57:33,V018,125.0,1.0327336434016732
2026-05-14,2026-05-14 10:57:34,V018,124.0,1.139396824003172
2026-05-14,2026-05-14 10:57:35,V018,124.0,1.0463527943359214
2026-05-14,2026-05-14 10:57:36,V018,123.0,1.0673730280633433
2026-05-14,2026-05-14 10:57:37,V018,122.0,1.0377499360387032
2026-05-14,2026-05-14 10:57:38,V018,122.0,1.2404493777606458
2026-05-14,2026-05-14 10:57:39,V018,121.0,1.1476002584372509
2026-05-14,2026-05-14 10:57:40,V018,121.0,1.0027362877883363
2026-05-14,2026-05-14 10:57:41,V018,122.0,1.077947546213984
2026-05-14,2026-05-14 10:57:42,V018,122.0,1.0333002694299351
2026-05-14,2026-05-14 10:57:43,V018,123.0,1.003036255765219
2026-05-14,2026-05-14 10:57:44,V018,124.0,1.0470063210758123
2026-05-14,2026-05-14 10:57:45,V018,126.0,1.0516169158934134
2026-05-14,2026-05-14 10:57:46,V018,126.0,1.0162699201693053
2026-05-14,2026-05-14 10:57:47,V018,127.0,1.1097383892688353
2026-05-14,2026-05-14 10:57:48,V018,126.0,1.0506703019453874
2026-05-14,2026-05-14 10:57:49,V018,126.0,1.0380090147338097
2026-05-14,2026-05-14 10:57:50,V018,125.0,1.0575161660854417
2026-05-14,2026-05-14 10:57:51,V018,125.0,1.0453186366270828
2026-05-14,2026-05-14 10:57:52,V018,125.0,1.0199087022655817
2026-05-14,2026-05-14 10:57:53,V018,124.0,1.2249688946344317
2026-05-14,2026-05-14 10:57:54,V018,124.0,0.9996149740210523
2026-05-14,2026-05-14 10:57:55,V018,124.0,1.0573619175457663
2026-05-14,2026-05-14 10:57:56,V018,125.0,1.0337620760320312
2026-05-14,2026-05-14 10:57:57,V018,125.0,1.1316326656596694
2026-05-14,2026-05-14 10:57:58,V018,125.0,1.0755918635102144
2026-05-14,2026-05-14 10:57:59,V018,125.0,1.0325133706371872
2026-05-14,2026-05-14 10:58:00,V018,124.0,1.046166282636098
2026-05-14,2026-05-14 10:58:01,V018,123.0,1.158737809576654
2026-05-14,2026-05-14 10:58:02,V018,122.0,1.285652536069949
2026-05-14,2026-05-14 10:58:03,V018,121.0,1.112620558104104
2026-05-14,2026-05-14 10:58:04,V018,120.0,1.067440111557242
2026-05-14,2026-05-14 10:58:05,V018,119.0,1.0890607702660084
2026-05-14,2026-05-14 10:58:06,V018,120.0,1.030937823391997
2026-05-14,2026-05-14 10:58:07,V018,120.0,1.0916207485530864
2026-05-14,2026-05-14 10:58:08,V018,120.0,1.0436510370505627
2026-05-14,2026-05-14 10:58:09,V018,120.0,1.1166452045429016
2026-05-14,2026-05-14 10:58:10,V018,121.0,1.0317227208438124
2026-05-14,2026-05-14 10:58:11,V018,121.0,1.2883693119647317
2026-05-14,2026-05-14 10:58:12,V018,121.0,1.1148790044760875
2026-05-14,2026-05-14 10:58:13,V018,120.0,1.0804936725427303
2026-05-14,2026-05-14 10:58:14,V018,120.0,1.041355495974335
2026-05-14,2026-05-14 10:58:15,V018,119.0,1.1146211892465865
2026-05-14,2026-05-14 10:58:16,V018,120.0,1.0538046977157272
2026-05-14,2026-05-14 10:58:17,V018,120.0,1.162513692106367
2026-05-14,2026-05-14 10:58:18,V018,121.0,1.0123657179510577
2026-05-14,2026-05-14 10:58:19,V018,122.0,1.126570394501671
2026-05-14,2026-05-14 10:58:20,V018,122.0,0.989208316224327
2026-05-14,2026-05-14 10:58:21,V018,123.0,1.069944472836075
2026-05-14,2026-05-14 10:58:22,V018,124.0,1.0356796868700733
2026-05-14,2026-05-14 10:58:23,V018,124.0,1.056440791003473
2026-05-14,2026-05-14 10:58:24,V018,125.0,1.0531716047715882
2026-05-14,2026-05-14 10:58:25,V018,125.0,1.0470994409110799
2026-05-14,2026-05-14 10:58:26,V018,125.0,1.060485138435195
2026-05-14,2026-05-14 10:58:27,V018,124.0,1.084248963866646
2026-05-14,2026-05-14 10:58:28,V018,123.0,1.0786424970120145
2026-05-14,2026-05-14 10:58:29,V018,123.0,1.0387691625950564
2026-05-14,2026-05-14 10:58:30,V018,122.0,1.0605845363575959
2026-05-14,2026-05-14 10:58:31,V018,121.0,1.0270952348180502
2026-05-14,2026-05-14 10:58:32,V018,122.0,1.0494686826183486
2026-05-14,2026-05-14 10:58:33,V018,122.0,1.0370931438871207
2026-05-14,2026-05-14 10:58:34,V018,123.0,1.0386717258752902
2026-05-14,2026-05-14 10:58:35,V018,123.0,1.116571690648678
2026-05-14,2026-05-14 10:58:36,V018,124.0,1.0396396567194497
2026-05-14,2026-05-14 10:58:37,V018,124.0,1.061316834089073
2026-05-14,2026-05-14 10:58:38,V018,125.0,1.0348924256292376
2026-05-14,2026-05-14 10:58:39,V018,125.0,1.0394809721290301
2026-05-14,2026-05-14 10:58:40,V018,125.0,1.1042639301631287
2026-05-14,2026-05-14 10:58:41,V018,125.0,1.0362570891294516
2026-05-14,2026-05-14 10:58:42,V018,124.0,1.0638421280799284
2026-05-14,2026-05-14 10:58:43,V018,124.0,1.0255195754302473
2026-05-14,2026-05-14 10:58:44,V018,123.0,1.0654989687377092
2026-05-14,2026-05-14 10:58:45,V018,123.0,1.0236934735986196
2026-05-14,2026-05-14 10:58:46,V018,122.0,1.1033069920583067
2026-05-14,2026-05-14 10:58:47,V018,122.0,1.1260160660702405
2026-05-14,2026-05-14 10:58:48,V018,122.0,1.0341520002246591
2026-05-14,2026-05-14 10:58:49,V018,122.0,1.0501800194137925
2026-05-14,2026-05-14 10:58:50,V018,122.0,1.0625293121321056
2026-05-14,2026-05-14 10:58:51,V018,121.0,1.0718325667309025
2026-05-14,2026-05-14 10:58:52,V018,121.0,1.0406213184683715
2026-05-14,2026-05-14 10:58:53,V018,121.0,1.0570478496127171
2026-05-14,2026-05-14 10:58:54,V018,120.0,1.0459961587470628
2026-05-14,2026-05-14 10:58:55,V018,120.0,1.0462671413319455
2026-05-14,2026-05-14 10:58:56,V018,120.0,1.068481738996376
2026-05-14,2026-05-14 10:58:57,V018,120.0,1.0652933829147795
2026-05-14,2026-05-14 10:58:58,V018,120.0,1.039576649608447
2026-05-14,2026-05-14 10:58:59,V018,120.0,1.0817826369507348
2026-05-14,2026-05-14 10:59:00,V018,120.0,1.0761074618991413
2026-05-14,2026-05-14 10:59:01,V018,120.0,1.0562493161529856
2026-05-14,2026-05-14 10:59:02,V018,120.0,1.090824893556301
2026-05-14,2026-05-14 10:59:03,V018,121.0,1.0257409139651799
2026-05-14,2026-05-14 10:59:04,V018,120.0,1.055980951399857
2026-05-14,2026-05-14 10:59:05,V018,120.0,1.0370587533729538
2026-05-14,2026-05-14 10:59:06,V018,120.0,1.0302204981153884
2026-05-14,2026-05-14 10:59:07,V018,120.0,1.1065675201587437
2026-05-14,2026-05-14 10:59:08,V018,119.0,1.041450985596026
2026-05-14,2026-05-14 10:59:09,V018,119.0,1.0391838535183813
2026-05-14,2026-05-14 10:59:10,V018,119.0,1.042110385136728
2026-05-14,2026-05-14 10:59:11,V018,118.0,1.0491824961897718
2026-05-14,2026-05-14 10:59:12,V018,118.0,1.0804066337325327
2026-05-14,2026-05-14 10:59:13,V018,118.0,1.033697084805079
2026-05-14,2026-05-14 10:59:14,V018,118.0,1.03361645738457
2026-05-14,2026-05-14 10:59:15,V018,118.0,1.179050411347424
2026-05-14,2026-05-14 10:59:16,V018,118.0,1.0678566143328894
2026-05-14,2026-05-14 10:59:17,V018,117.0,1.1609214926620015
2026-05-14,2026-05-14 10:59:18,V018,118.0,1.0461176182924126
2026-05-14,2026-05-14 10:59:19,V018,118.0,1.0541651495673485
2026-05-14,2026-05-14 10:59:20,V018,117.0,1.0450385092832648
2026-05-14,2026-05-14 10:59:21,V018,117.0,1.0450586618807385
2026-05-14,2026-05-14 10:59:22,V018,117.0,1.0484066315479832
2026-05-14,2026-05-14 10:59:23,V018,116.0,1.1536176920677665
2026-05-14,2026-05-14 10:59:24,V018,116.0,1.095300054488655
2026-05-14,2026-05-14 10:59:25,V018,115.0,1.052722192724603
2026-05-14,2026-05-14 10:59:26,V018,115.0,1.1862196149907844
2026-05-14,2026-05-14 10:59:27,V018,115.0,1.5187863456728206
2026-05-14,2026-05-14 10:59:28,V018,116.0,1.0507231221678923
2026-05-14,2026-05-14 10:59:29,V018,116.0,1.0462951726693004
2026-05-14,2026-05-14 10:59:30,V018,117.0,1.0263686753881691
2026-05-14,2026-05-14 10:59:31,V018,117.0,1.101758200616373
2026-05-14,2026-05-14 10:59:32,V018,118.0,1.2097812600169873
2026-05-14,2026-05-14 10:59:33,V018,119.0,1.0468603383920432
2026-05-14,2026-05-14 10:59:34,V018,119.0,1.0437612897666124
2026-05-14,2026-05-14 10:59:35,V018,120.0,1.0405951108329203
2026-05-14,2026-05-14 10:59:36,V018,120.0,1.1121313659639878
2026-05-14,2026-05-14 10:59:37,V018,121.0,1.0366862266602945
2026-05-14,2026-05-14 10:59:38,V018,121.0,1.0600898671863792
2026-05-14,2026-05-14 10:59:39,V018,121.0,1.0506550555780856
2026-05-14,2026-05-14 10:59:40,V018,122.0,1.1176343666037731
2026-05-14,2026-05-14 10:59:41,V018,122.0,1.2400555655829657
2026-05-14,2026-05-14 10:59:42,V018,122.0,1.0728834794429132
2026-05-14,2026-05-14 10:59:43,V018,123.0,1.040024518173849
2026-05-14,2026-05-14 10:59:44,V018,123.0,1.0356658891160262
2026-05-14,2026-05-14 10:59:45,V018,123.0,1.1028451242160475
2026-05-14,2026-05-14 10:59:46,V018,124.0,1.2267764422844034
2026-05-14,2026-05-14 10:59:47,V018,124.0,1.079396013712129
2026-05-14,2026-05-14 10:59:48,V018,124.0,1.0643803097003754
2026-05-14,2026-05-14 10:59:49,V018,124.0,1.0713372891050834
2026-05-14,2026-05-14 10:59:50,V018,124.0,1.0692714925711686
2026-05-14,2026-05-14 10:59:51,V018,123.0,1.048793396012634
2026-05-14,2026-05-14 10:59:52,V018,123.0,1.0414168955517535
2026-05-14,2026-05-14 10:59:53,V018,123.0,1.1843660693459452
2026-05-14,2026-05-14 10:59:54,V018,122.0,1.1038932615756412
2026-05-14,2026-05-14 10:59:55,V018,121.0,1.0390037689576963
2026-05-14,2026-05-14 10:59:56,V018,120.0,1.0736250849899847
2026-05-14,2026-05-14 10:59:57,V018,119.0,1.0310334977692068
2026-05-14,2026-05-14 10:59:58,V018,118.0,1.0850285775760486
2026-05-14,2026-05-14 10:59:59,V018,117.0,1.1368988842304544
2026-05-14,2026-05-14 11:00:00,V018,116.0,1.0614629022585509
2026-05-14,2026-05-14 11:00:01,V018,115.0,1.0354222769921182
2026-05-14,2026-05-14 11:00:02,V018,116.0,1.079655221862791
2026-05-14,2026-05-14 11:00:03,V018,116.0,1.1338794663008822
2026-05-14,2026-05-14 11:00:04,V018,117.0,1.0828119728111356
2026-05-14,2026-05-14 11:00:05,V018,118.0,1.049643190941651
2026-05-14,2026-05-14 11:00:06,V018,119.0,1.0285909175857875
2026-05-14,2026-05-14 11:00:07,V018,120.0,1.0692605563969368
2026-05-14,2026-05-14 11:00:08,V018,122.0,1.075549393196512
2026-05-14,2026-05-14 11:00:09,V018,123.0,1.052458907854479
2026-05-14,2026-05-14 11:00:10,V018,123.0,1.1017779318353327
2026-05-14,2026-05-14 11:00:11,V018,124.0,1.017015166166411
2026-05-14,2026-05-14 11:00:12,V018,124.0,1.23225207716597
2026-05-14,2026-05-14 11:00:13,V018,124.0,0.9749769234865268
2026-05-14,2026-05-14 11:00:14,V018,124.0,1.0353740295982008
2026-05-14,2026-05-14 11:00:15,V018,124.0,1.0380821075760895
2026-05-14,2026-05-14 11:00:16,V018,123.0,1.0286700901637174
2026-05-14,2026-05-14 11:00:17,V018,122.0,1.1057704721192514
2026-05-14,2026-05-14 11:00:18,V018,121.0,1.0648564909357274
2026-05-14,2026-05-14 11:00:19,V018,120.0,1.0075316191892223
2026-05-14,2026-05-14 11:00:20,V018,119.0,1.0937975010203855
2026-05-14,2026-05-14 11:00:21,V018,118.0,1.0067751488158352
2026-05-14,2026-05-14 11:00:22,V018,118.0,1.1258595966299085
2026-05-14,2026-05-14 11:00:23,V018,118.0,1.0545444418031644
2026-05-14,2026-05-14 11:00:24,V018,118.0,1.1267748404612212
2026-05-14,2026-05-14 11:00:25,V018,119.0,1.010255433079543
2026-05-14,2026-05-14 11:00:26,V018,118.0,1.0652490540721309
2026-05-14,2026-05-14 11:00:27,V018,118.0,1.084294813711988
2026-05-14,2026-05-14 11:00:28,V018,119.0,1.0377844349875551
2026-05-14,2026-05-14 11:00:29,V018,119.0,1.0889383458589945
2026-05-14,2026-05-14 11:00:30,V018,120.0,1.0531541891393037
2026-05-14,2026-05-14 11:00:31,V018,120.0,1.0423381118366963
2026-05-14,2026-05-14 11:00:32,V018,121.0,1.053398241292458
2026-05-14,2026-05-14 11:00:33,V018,121.0,1.0535997364421057
2026-05-14,2026-05-14 11:00:34,V018,121.0,1.06449242920249
2026-05-14,2026-05-14 11:00:35,V018,121.0,1.1009027463919336
2026-05-14,2026-05-14 11:00:36,V018,120.0,1.1034138469660137
2026-05-14,2026-05-14 11:00:37,V018,120.0,1.0300507251021553
2026-05-14,2026-05-14 11:00:38,V018,119.0,1.0348863663583774
2026-05-14,2026-05-14 11:00:39,V018,119.0,1.057382714687722
2026-05-14,2026-05-14 11:00:40,V018,119.0,1.0323346148031407
2026-05-14,2026-05-14 11:00:41,V018,119.0,1.1241836383838244
2026-05-14,2026-05-14 11:00:42,V018,119.0,1.0269395233263374
2026-05-14,2026-05-14 11:00:43,V018,119.0,1.0806423103475993
2026-05-14,2026-05-14 11:00:44,V018,118.0,1.0204098965637856
2026-05-14,2026-05-14 11:00:45,V018,118.0,1.0578471663016162
2026-05-14,2026-05-14 11:00:46,V018,118.0,1.0601803103561809
2026-05-14,2026-05-14 11:00:47,V018,118.0,1.0530540488115976
2026-05-14,2026-05-14 11:00:48,V018,118.0,1.0532451536517813
2026-05-14,2026-05-14 11:00:49,V018,118.0,1.0752358516339087
2026-05-14,2026-05-14 11:00:50,V018,118.0,1.0789853594010894
2026-05-14,2026-05-14 11:00:51,V018,119.0,1.042512057170795
2026-05-14,2026-05-14 11:00:52,V018,119.0,1.0472791277575275
2026-05-14,2026-05-14 11:00:53,V018,118.0,1.047102842594851
2026-05-14,2026-05-14 11:00:54,V018,118.0,1.0343592803667765
2026-05-14,2026-05-14 11:00:55,V018,118.0,1.0811771831935142
2026-05-14,2026-05-14 11:00:56,V018,118.0,1.3281841031036665
2026-05-14,2026-05-14 11:00:57,V018,118.0,1.1915010335437983
2026-05-14,2026-05-14 11:00:58,V018,118.0,1.0820368785046623
2026-05-14,2026-05-14 11:00:59,V018,118.0,1.068121109238609
2026-05-14,2026-05-14 11:01:00,V018,119.0,1.0346261746190666
2026-05-14,2026-05-14 11:01:01,V018,119.0,1.0369109715503309
2026-05-14,2026-05-14 11:01:02,V018,119.0,1.046750532243514
2026-05-14,2026-05-14 11:01:03,V018,119.0,1.0974055622439776
2026-05-14,2026-05-14 11:01:04,V018,119.0,1.0291187355249563
2026-05-14,2026-05-14 11:01:05,V018,119.0,1.0673881480175569
2026-05-14,2026-05-14 11:01:06,V018,118.0,1.0451199898667751
2026-05-14,2026-05-14 11:01:07,V018,118.0,1.0537832143499748
2026-05-14,2026-05-14 11:01:08,V018,117.0,1.0471437799809271
2026-05-14,2026-05-14 11:01:09,V018,117.0,1.0928774170904747
2026-05-14,2026-05-14 11:01:10,V018,118.0,1.062265487779541
2026-05-14,2026-05-14 11:01:11,V018,118.0,1.0506052933075503
2026-05-14,2026-05-14 11:01:12,V018,119.0,1.0987816784522852
2026-05-14,2026-05-14 11:01:13,V018,120.0,1.034020084377408
2026-05-14,2026-05-14 11:01:14,V018,120.0,1.0756299061985573
2026-05-14,2026-05-14 11:01:15,V018,120.0,1.1769004528210676
2026-05-14,2026-05-14 11:01:16,V018,120.0,1.0984907578018928
2026-05-14,2026-05-14 11:01:17,V018,120.0,1.049064599206206
2026-05-14,2026-05-14 11:01:18,V018,121.0,1.0587145688262998
2026-05-14,2026-05-14 11:01:19,V018,121.0,1.0485570008890204
2026-05-14,2026-05-14 11:01:20,V018,122.0,1.0825219031366142
2026-05-14,2026-05-14 11:01:21,V018,122.0,1.0445822091600172
2026-05-14,2026-05-14 11:01:22,V018,123.0,1.0842899161457549
2026-05-14,2026-05-14 11:01:23,V018,123.0,1.032685682890239
2026-05-14,2026-05-14 11:01:24,V018,123.0,1.024391267612437
2026-05-14,2026-05-14 11:01:25,V018,123.0,1.1379268278459538
2026-05-14,2026-05-14 11:01:26,V018,123.0,1.0964500413895
2026-05-14,2026-05-14 11:01:27,V018,123.0,1.0527043403565057
2026-05-14,2026-05-14 11:01:28,V018,122.0,1.0522420122468927
2026-05-14,2026-05-14 11:01:29,V018,122.0,1.0499179488489363
2026-05-14,2026-05-14 11:01:30,V018,122.0,1.107300990584037
2026-05-14,2026-05-14 11:01:31,V018,122.0,1.0474365754273247
2026-05-14,2026-05-14 11:01:32,V018,122.0,0.9990878008634663
2026-05-14,2026-05-14 11:01:33,V018,122.0,1.1708000021090619
2026-05-14,2026-05-14 11:01:34,V018,122.0,0.9884944721545301
2026-05-14,2026-05-14 11:01:35,V018,122.0,1.027624333562255
2026-05-14,2026-05-14 11:01:36,V018,122.0,1.0240998407928186
2026-05-14,2026-05-14 11:01:37,V018,122.0,1.0712137601281717
2026-05-14,2026-05-14 11:01:38,V018,122.0,1.0442310020338115
2026-05-14,2026-05-14 11:01:39,V018,121.0,1.0382575421473685
2026-05-14,2026-05-14 11:01:40,V018,121.0,1.1221651941939046
2026-05-14,2026-05-14 11:01:41,V018,121.0,1.1668152487594856
2026-05-14,2026-05-14 11:01:42,V018,120.0,1.0200932885629128
2026-05-14,2026-05-14 11:01:43,V018,119.0,1.064217798491594
2026-05-14,2026-05-14 11:01:44,V018,118.0,1.0477539642298463
2026-05-14,2026-05-14 11:01:45,V018,117.0,1.2427529261495636
2026-05-14,2026-05-14 11:01:46,V018,117.0,1.067024996277103
2026-05-14,2026-05-14 11:01:47,V018,117.0,1.0415716295720665
2026-05-14,2026-05-14 11:01:48,V018,117.0,1.038116434303591
2026-05-14,2026-05-14 11:01:49,V018,118.0,1.0713615930711078
2026-05-14,2026-05-14 11:01:50,V018,119.0,1.107622445695838
2026-05-14,2026-05-14 11:01:51,V018,119.0,1.0728980977581026
2026-05-14,2026-05-14 11:01:52,V018,120.0,1.0295263012220381
2026-05-14,2026-05-14 11:01:53,V018,121.0,1.0609665909817252
2026-05-14,2026-05-14 11:01:54,V018,121.0,1.0412655174134289
2026-05-14,2026-05-14 11:01:55,V018,121.0,1.0597411499494682
2026-05-14,2026-05-14 11:01:56,V018,122.0,1.03159042982694
2026-05-14,2026-05-14 11:01:57,V018,122.0,1.0680667048394565
2026-05-14,2026-05-14 11:01:58,V018,122.0,1.0586165056730474
2026-05-14,2026-05-14 11:01:59,V018,123.0,1.0243228722521456
2026-05-14,2026-05-14 11:02:00,V018,123.0,1.1517780937740187
2026-05-14,2026-05-14 11:02:01,V018,124.0,1.0264321864578516
2026-05-14,2026-05-14 11:02:02,V018,124.0,1.0472754963923923
2026-05-14,2026-05-14 11:02:03,V018,125.0,1.039452937894577
2026-05-14,2026-05-14 11:02:04,V018,125.0,1.2686096306644443
2026-05-14,2026-05-14 11:02:05,V018,126.0,0.9983966503155305
2026-05-14,2026-05-14 11:02:06,V018,126.0,1.052764247143903
2026-05-14,2026-05-14 11:02:07,V018,125.0,1.0689014534320604
2026-05-14,2026-05-14 11:02:08,V018,124.0,1.068540361974952
2026-05-14,2026-05-14 11:02:09,V018,124.0,1.0525887391146356
2026-05-14,2026-05-14 11:02:10,V018,123.0,1.041825355553192
2026-05-14,2026-05-14 11:02:11,V018,122.0,1.0520638425426505
2026-05-14,2026-05-14 11:02:12,V018,121.0,1.0511183494621763
2026-05-14,2026-05-14 11:02:13,V018,121.0,1.1131740013376028
2026-05-14,2026-05-14 11:02:14,V018,121.0,1.0980275802110024
2026-05-14,2026-05-14 11:02:15,V018,121.0,1.0360751812875595
2026-05-14,2026-05-14 11:02:16,V018,121.0,1.0408403770867904
2026-05-14,2026-05-14 11:02:17,V018,121.0,1.053791660646417
2026-05-14,2026-05-14 11:02:18,V018,121.0,1.0810266134313298
2026-05-14,2026-05-14 11:02:19,V018,121.0,1.0826640102732452
2026-05-14,2026-05-14 11:02:20,V018,121.0,1.092474054172272
2026-05-14,2026-05-14 11:02:21,V018,121.0,1.0345738931117587
2026-05-14,2026-05-14 11:02:22,V018,122.0,1.1112644799423483
2026-05-14,2026-05-14 11:02:23,V018,122.0,1.0653147611743732
2026-05-14,2026-05-14 11:02:24,V018,122.0,1.1728978485437402
2026-05-14,2026-05-14 11:02:25,V018,123.0,1.0815148491325683
2026-05-14,2026-05-14 11:02:26,V018,123.0,1.09663607447179
2026-05-14,2026-05-14 11:02:27,V018,124.0,1.0205676162191426
2026-05-14,2026-05-14 11:02:28,V018,124.0,1.05998924163428
2026-05-14,2026-05-14 11:02:29,V018,124.0,1.0982291399750936
2026-05-14,2026-05-14 11:02:30,V018,124.0,1.038902293017231
2026-05-14,2026-05-14 11:02:31,V018,123.0,1.1290483545500714
2026-05-14,2026-05-14 11:02:32,V018,122.0,1.0819629514493638
2026-05-14,2026-05-14 11:02:33,V018,121.0,1.0604466526170275
2026-05-14,2026-05-14 11:02:34,V018,120.0,1.029244528833008
2026-05-14,2026-05-14 11:02:35,V018,119.0,1.0529492274160228
2026-05-14,2026-05-14 11:02:36,V018,119.0,1.1104506246287387
2026-05-14,2026-05-14 11:02:37,V018,119.0,1.0638296215465235
2026-05-14,2026-05-14 11:02:38,V018,119.0,1.0413201849686455
2026-05-14,2026-05-14 11:02:39,V018,119.0,1.05939311671413
2026-05-14,2026-05-14 11:02:40,V018,120.0,1.0234316212341716
2026-05-14,2026-05-14 11:02:41,V018,120.0,1.148003527143018
2026-05-14,2026-05-14 11:02:42,V018,121.0,1.017779895887556
2026-05-14,2026-05-14 11:02:43,V018,122.0,1.0505356678799815
2026-05-14,2026-05-14 11:02:44,V018,122.0,1.0819423143315767
2026-05-14,2026-05-14 11:02:45,V018,122.0,0.9815724134837662
2026-05-14,2026-05-14 11:02:46,V018,121.0,1.0907991737261173
2026-05-14,2026-05-14 11:02:47,V018,120.0,1.0371656219737044
2026-05-14,2026-05-14 11:02:48,V018,120.0,1.0690547186617638
2026-05-14,2026-05-14 11:02:49,V018,119.0,1.0390937618446432
2026-05-14,2026-05-14 11:02:50,V018,119.0,1.1391626035374482
2026-05-14,2026-05-14 11:02:51,V018,118.0,1.0354210579063836
2026-05-14,2026-05-14 11:02:52,V018,118.0,1.051230859721792
2026-05-14,2026-05-14 11:02:53,V018,118.0,1.0504666565636667
2026-05-14,2026-05-14 11:02:54,V018,118.0,1.0614228724860468
2026-05-14,2026-05-14 11:02:55,V018,118.0,1.063071229832477
2026-05-14,2026-05-14 11:02:56,V018,118.0,1.0711915866012585
2026-05-14,2026-05-14 11:02:57,V018,118.0,1.0372690589649212
2026-05-14,2026-05-14 11:02:58,V018,118.0,1.0658656341756345
2026-05-14,2026-05-14 11:02:59,V018,118.0,1.0472208856537888
2026-05-14,2026-05-14 11:03:00,V018,118.0,1.0430313253080563
2026-05-14,2026-05-14 11:03:01,V018,118.0,1.078489450916305
2026-05-14,2026-05-14 11:03:02,V018,118.0,1.0826496693964787
2026-05-14,2026-05-14 11:03:03,V018,118.0,1.0450764975200355
2026-05-14,2026-05-14 11:03:04,V018,118.0,1.0498612072303901
2026-05-14,2026-05-14 11:03:05,V018,118.0,1.0666248677911778
2026-05-14,2026-05-14 11:03:06,V018,117.0,1.0676972198827475
2026-05-14,2026-05-14 11:03:07,V018,117.0,1.0892278399748687
2026-05-14,2026-05-14 11:03:08,V018,118.0,1.0768017664642866
2026-05-14,2026-05-14 11:03:09,V018,119.0,1.0421547555481065
2026-05-14,2026-05-14 11:03:10,V018,119.0,1.0505903018156257
2026-05-14,2026-05-14 11:03:11,V018,119.0,1.0972126391061225
2026-05-14,2026-05-14 11:03:12,V018,119.0,1.0340182015511519
2026-05-14,2026-05-14 11:03:13,V018,118.0,1.082382902990727
2026-05-14,2026-05-14 11:03:14,V018,118.0,1.0551300825600398
2026-05-14,2026-05-14 11:03:15,V018,117.0,1.0436835973072942
2026-05-14,2026-05-14 11:03:16,V018,117.0,1.035787685599865
2026-05-14,2026-05-14 11:03:17,V018,117.0,1.0696529938827417
2026-05-14,2026-05-14 11:03:18,V018,117.0,1.076529161374067
2026-05-14,2026-05-14 11:03:19,V018,117.0,1.0508533425131392
2026-05-14,2026-05-14 11:03:20,V018,118.0,1.0337953924263001
2026-05-14,2026-05-14 11:03:21,V018,118.0,1.0356041084330647
2026-05-14,2026-05-14 11:03:22,V018,119.0,1.128733723841922
2026-05-14,2026-05-14 11:03:23,V018,119.0,1.0935160454972375
2026-05-14,2026-05-14 11:03:24,V018,120.0,1.0654100725190245
2026-05-14,2026-05-14 11:03:25,V018,120.0,0.9705428723518125
2026-05-14,2026-05-14 11:03:26,V018,120.0,1.139346489381526
2026-05-14,2026-05-14 11:03:27,V018,120.0,1.0709273052930506
2026-05-14,2026-05-14 11:03:28,V018,119.0,1.0533709726548595
2026-05-14,2026-05-14 11:03:29,V018,119.0,1.0207805762795352
2026-05-14,2026-05-14 11:03:30,V018,119.0,1.168123840299175
2026-05-14,2026-05-14 11:03:31,V018,118.0,0.989644784557439
2026-05-14,2026-05-14 11:03:32,V018,118.0,1.037203464169156
2026-05-14,2026-05-14 11:03:33,V018,118.0,1.025201826151628
2026-05-14,2026-05-14 11:03:34,V018,118.0,1.095272417550105
2026-05-14,2026-05-14 11:03:35,V018,118.0,1.0551321475989146
2026-05-14,2026-05-14 11:03:36,V018,117.0,1.046104722735633
2026-05-14,2026-05-14 11:03:37,V018,117.0,1.0432112426739697
2026-05-14,2026-05-14 11:03:38,V018,116.0,1.0129207527935513
2026-05-14,2026-05-14 11:03:39,V018,115.0,1.0668550951754372
2026-05-14,2026-05-14 11:03:40,V018,114.0,1.1066916456096763
2026-05-14,2026-05-14 11:03:41,V018,113.0,1.0151959946748303
2026-05-14,2026-05-14 11:03:42,V018,112.0,1.0549994111120353
2026-05-14,2026-05-14 11:03:43,V018,112.0,1.0466813444859089
2026-05-14,2026-05-14 11:03:44,V018,111.0,1.174163167130608
2026-05-14,2026-05-14 11:03:45,V018,111.0,1.2117271592745626
2026-05-14,2026-05-14 11:03:46,V018,110.0,1.06192121005119
2026-05-14,2026-05-14 11:03:47,V018,109.0,1.0403402769241321
2026-05-14,2026-05-14 11:03:48,V018,109.0,1.0465584295043857
2026-05-14,2026-05-14 11:03:49,V018,108.0,1.0459764741269701
2026-05-14,2026-05-14 11:03:50,V018,108.0,1.1472660086903972
2026-05-14,2026-05-14 11:03:51,V018,108.0,1.0573421969716255
2026-05-14,2026-05-14 11:03:52,V018,108.0,1.0580071922783694
2026-05-14,2026-05-14 11:03:53,V018,109.0,1.0617126902058955
2026-05-14,2026-05-14 11:03:54,V018,110.0,1.0854107278451277
2026-05-14,2026-05-14 11:03:55,V018,111.0,1.0561401305244704
2026-05-14,2026-05-14 11:03:56,V018,112.0,1.0597151507089053
2026-05-14,2026-05-14 11:03:57,V018,113.0,1.0630327717715198
2026-05-14,2026-05-14 11:03:58,V018,114.0,1.0367580828829497
2026-05-14,2026-05-14 11:03:59,V018,114.0,1.1284210554913996
2026-05-14,2026-05-14 11:04:00,V018,115.0,1.006861841605087
2026-05-14,2026-05-14 11:04:01,V018,116.0,1.0183145222920438
2026-05-14,2026-05-14 11:04:02,V018,117.0,1.1157586489170572
2026-05-14,2026-05-14 11:04:03,V018,118.0,1.0391243595479427
2026-05-14,2026-05-14 11:04:04,V018,118.0,1.0888080801416253
2026-05-14,2026-05-14 11:04:05,V018,118.0,1.0579946310510566
2026-05-14,2026-05-14 11:04:06,V018,118.0,1.0775468328479563
2026-05-14,2026-05-14 11:04:07,V018,118.0,1.0173503841763596
2026-05-14,2026-05-14 11:04:08,V018,118.0,1.2018933381031562
2026-05-14,2026-05-14 11:04:09,V018,119.0,1.0367647437469911
2026-05-14,2026-05-14 11:04:10,V018,119.0,1.0173368935207276
2026-05-14,2026-05-14 11:04:11,V018,119.0,1.0256559354049475
2026-05-14,2026-05-14 11:04:12,V018,120.0,1.029990448749587
2026-05-14,2026-05-14 11:04:13,V018,120.0,1.0125160471634305
2026-05-14,2026-05-14 11:04:14,V018,120.0,1.0436666129150332
2026-05-14,2026-05-14 11:04:15,V018,120.0,1.0050284424837068
2026-05-14,2026-05-14 11:04:16,V018,120.0,1.0687852380076779
2026-05-14,2026-05-14 11:04:17,V018,120.0,1.0371964035814645
2026-05-14,2026-05-14 11:04:18,V018,121.0,1.0360240502031004
2026-05-14,2026-05-14 11:04:19,V018,121.0,1.0357190405511831
2026-05-14,2026-05-14 11:04:20,V018,122.0,1.1626504841816818
2026-05-14,2026-05-14 11:04:21,V018,122.0,0.9915726648556814
2026-05-14,2026-05-14 11:04:22,V018,123.0,1.0361122620137324
2026-05-14,2026-05-14 11:04:23,V018,124.0,1.0619238820798298
2026-05-14,2026-05-14 11:04:24,V018,125.0,1.1262029766733042
2026-05-14,2026-05-14 11:04:25,V018,125.0,1.0320583396669096
2026-05-14,2026-05-14 11:04:26,V018,125.0,1.0246194367401502
2026-05-14,2026-05-14 11:04:27,V018,125.0,1.0018072784369907
2026-05-14,2026-05-14 11:04:28,V018,125.0,1.0415842844291106
2026-05-14,2026-05-14 11:04:29,V018,125.0,1.0102156864078013
2026-05-14,2026-05-14 11:04:30,V018,124.0,1.045470491546942
2026-05-14,2026-05-14 11:04:31,V018,124.0,1.0248261134888188
2026-05-14,2026-05-14 11:04:32,V018,123.0,1.096073015300643
2026-05-14,2026-05-14 11:04:33,V018,122.0,1.0334800553584678
2026-05-14,2026-05-14 11:04:34,V018,121.0,1.0553191110655267
2026-05-14,2026-05-14 11:04:35,V018,120.0,1.059361679716033
2026-05-14,2026-05-14 11:04:36,V018,120.0,1.0588948906862905
2026-05-14,2026-05-14 11:04:37,V018,120.0,1.0309994425278557
2026-05-14,2026-05-14 11:04:38,V018,120.0,1.0354490359370434
2026-05-14,2026-05-14 11:04:39,V018,120.0,1.0268877183093919
2026-05-14,2026-05-14 11:04:40,V018,119.0,1.0698594229976865
2026-05-14,2026-05-14 11:04:41,V018,119.0,1.0447420878743028
2026-05-14,2026-05-14 11:04:42,V018,119.0,1.040925369629809
2026-05-14,2026-05-14 11:04:43,V018,118.0,1.077342428011947
2026-05-14,2026-05-14 11:04:44,V018,117.0,1.03819470838135
2026-05-14,2026-05-14 11:04:45,V018,117.0,1.0470571850384258
2026-05-14,2026-05-14 11:04:46,V018,116.0,1.03720084970678
2026-05-14,2026-05-14 11:04:47,V018,116.0,1.0341447178621512
2026-05-14,2026-05-14 11:04:48,V018,117.0,1.0416877525211297
2026-05-14,2026-05-14 11:04:49,V018,117.0,1.0360234890277074
2026-05-14,2026-05-14 11:04:50,V018,118.0,1.0370038885510133
2026-05-14,2026-05-14 11:04:51,V018,119.0,1.0361664763142773
2026-05-14,2026-05-14 11:04:52,V018,120.0,1.0415279185335367
2026-05-14,2026-05-14 11:04:53,V018,121.0,1.0425946712582148
2026-05-14,2026-05-14 11:04:54,V018,122.0,1.0386234391054838
2026-05-14,2026-05-14 11:04:55,V018,122.0,1.0386877518213053
2026-05-14,2026-05-14 11:04:56,V018,122.0,1.019894969761827
2026-05-14,2026-05-14 11:04:57,V018,123.0,1.0457626414141363
2026-05-14,2026-05-14 11:04:58,V018,123.0,1.0536947598262445
2026-05-14,2026-05-14 11:04:59,V018,123.0,1.0189330991448085
2026-05-14,2026-05-14 11:05:00,V018,122.0,1.0076816740159589
2026-05-14,2026-05-14 11:05:01,V018,122.0,1.039118141368683
2026-05-14,2026-05-14 11:05:02,V018,122.0,1.0294811295242077
2026-05-14,2026-05-14 11:05:03,V018,121.0,1.0374867161368275
2026-05-14,2026-05-14 11:05:04,V018,121.0,1.0341118438755352
2026-05-14,2026-05-14 11:05:05,V018,121.0,1.0236876008163673
2026-05-14,2026-05-14 11:05:06,V018,120.0,1.0234147459511216
2026-05-14,2026-05-14 11:05:07,V018,120.0,1.0184893969350568
2026-05-14,2026-05-14 11:05:08,V018,120.0,1.0644430294881675
2026-05-14,2026-05-14 11:05:09,V018,120.0,1.0096269761589571
2026-05-14,2026-05-14 11:05:10,V018,120.0,1.081414883393353
2026-05-14,2026-05-14 11:05:11,V018,120.0,1.0607635280905139
2026-05-14,2026-05-14 11:05:12,V018,120.0,1.1636536953873424
2026-05-14,2026-05-14 11:05:13,V018,121.0,1.0229487007969353
2026-05-14,2026-05-14 11:05:14,V018,121.0,1.0961456188858731
2026-05-14,2026-05-14 11:05:15,V018,121.0,1.1027634480451167
2026-05-14,2026-05-14 11:05:16,V018,121.0,1.055160264210722
2026-05-14,2026-05-14 11:05:17,V018,121.0,1.0417579326014972
2026-05-14,2026-05-14 11:05:18,V018,122.0,1.050749031191574
2026-05-14,2026-05-14 11:05:19,V018,122.0,1.057821969396773
2026-05-14,2026-05-14 11:05:20,V018,121.0,1.0283649461827227
2026-05-14,2026-05-14 11:05:21,V018,121.0,1.0729087732464
2026-05-14,2026-05-14 11:05:22,V018,120.0,1.0632445146972203
2026-05-14,2026-05-14 11:05:23,V018,119.0,1.096322722107437
2026-05-14,2026-05-14 11:05:24,V018,118.0,1.2037643656797261
2026-05-14,2026-05-14 11:05:25,V018,117.0,0.9162379313143777
2026-05-14,2026-05-14 11:05:26,V018,117.0,1.0608004061508862
2026-05-14,2026-05-14 11:05:27,V018,117.0,1.0485898704609724
2026-05-14,2026-05-14 11:05:28,V018,117.0,1.0298406482379676
2026-05-14,2026-05-14 11:05:29,V018,117.0,1.0643472394743032
2026-05-14,2026-05-14 11:05:30,V018,117.0,1.02657757836027
2026-05-14,2026-05-14 11:05:31,V018,116.0,1.0837968159240317
2026-05-14,2026-05-14 11:05:32,V018,116.0,1.0206731518644094
2026-05-14,2026-05-14 11:05:33,V018,116.0,0.9934340251696393
2026-05-14,2026-05-14 11:05:34,V018,115.0,1.1748688935983393
2026-05-14,2026-05-14 11:05:35,V018,115.0,1.0163004661547228
2026-05-14,2026-05-14 11:05:36,V018,114.0,1.0334378478222566
2026-05-14,2026-05-14 11:05:37,V018,114.0,1.0407768316476589
2026-05-14,2026-05-14 11:05:38,V018,115.0,1.3020921789540172
2026-05-14,2026-05-14 11:05:39,V018,115.0,1.2353737686704305
2026-05-14,2026-05-14 11:05:40,V018,115.0,1.0604898504103821
2026-05-14,2026-05-14 11:05:41,V018,115.0,1.045457460489134
2026-05-14,2026-05-14 11:05:42,V018,115.0,1.0475047179513646
2026-05-14,2026-05-14 11:05:43,V018,115.0,1.243646158467647
2026-05-14,2026-05-14 11:05:44,V018,115.0,1.2017707231988484
2026-05-14,2026-05-14 11:05:45,V018,115.0,1.2901054482414311
2026-05-14,2026-05-14 11:05:46,V018,116.0,1.004530391034046
2026-05-14,2026-05-14 11:05:47,V018,116.0,1.1033991769221387
2026-05-14,2026-05-14 11:05:48,V018,117.0,1.057895561782206
2026-05-14,2026-05-14 11:05:49,V018,118.0,1.0529350760968843
2026-05-14,2026-05-14 11:05:50,V018,119.0,1.1247227297678972
2026-05-14,2026-05-14 11:05:51,V018,120.0,1.375826047945194
2026-05-14,2026-05-14 11:05:52,V018,121.0,1.0525207430020778
2026-05-14,2026-05-14 11:05:53,V018,122.0,1.0785697322094454
2026-05-14,2026-05-14 11:05:54,V018,123.0,1.0643681581478193
2026-05-14,2026-05-14 11:05:55,V018,123.0,1.1008618879354304
2026-05-14,2026-05-14 11:05:56,V018,125.0,1.133625838606234
2026-05-14,2026-05-14 11:05:57,V018,126.0,1.0546565155040797
2026-05-14,2026-05-14 11:05:58,V018,127.0,1.0562867139434209
2026-05-14,2026-05-14 11:05:59,V018,127.0,1.043028879579762
2026-05-14,2026-05-14 11:06:00,V018,128.0,1.0773515588675755
2026-05-14,2026-05-14 11:06:01,V018,128.0,1.1599776071323435
2026-05-14,2026-05-14 11:06:02,V018,128.0,1.0558907830024686
2026-05-14,2026-05-14 11:06:03,V018,128.0,1.0244110780814568
2026-05-14,2026-05-14 11:06:04,V018,128.0,1.0475936917725353
2026-05-14,2026-05-14 11:06:05,V018,128.0,1.0681891617484869
2026-05-14,2026-05-14 11:06:06,V018,127.0,1.120923870936846
2026-05-14,2026-05-14 11:06:07,V018,126.0,1.051723695553754
2026-05-14,2026-05-14 11:06:08,V018,125.0,1.03703742223488
2026-05-14,2026-05-14 11:06:09,V018,124.0,1.0224043327901762
2026-05-14,2026-05-14 11:06:10,V018,123.0,1.1975062014412536
2026-05-14,2026-05-14 11:06:11,V018,122.0,1.0594373350925237
2026-05-14,2026-05-14 11:06:12,V018,121.0,1.0441784930825546
2026-05-14,2026-05-14 11:06:13,V018,121.0,1.0431341888379269
2026-05-14,2026-05-14 11:06:14,V018,121.0,1.049696440807393
2026-05-14,2026-05-14 11:06:15,V018,120.0,1.2173400047633698
2026-05-14,2026-05-14 11:06:16,V018,121.0,1.0044144687146577
2026-05-14,2026-05-14 11:06:17,V018,121.0,1.0612190553454792
2026-05-14,2026-05-14 11:06:18,V018,122.0,1.069716302726671
2026-05-14,2026-05-14 11:06:19,V018,122.0,1.0296284491851093
2026-05-14,2026-05-14 11:06:20,V018,123.0,1.1562696630229483
2026-05-14,2026-05-14 11:06:21,V018,123.0,1.1364919287256174
2026-05-14,2026-05-14 11:06:22,V018,123.0,1.0186209771575332
2026-05-14,2026-05-14 11:06:23,V018,123.0,1.1121151624163528
2026-05-14,2026-05-14 11:06:24,V018,124.0,1.0324821200942829
2026-05-14,2026-05-14 11:06:25,V018,124.0,1.1367725569138813
2026-05-14,2026-05-14 11:06:26,V018,124.0,1.082951317342204
2026-05-14,2026-05-14 11:06:27,V018,124.0,1.0733316063643106
2026-05-14,2026-05-14 11:06:28,V018,124.0,1.0622295599374236
2026-05-14,2026-05-14 11:06:29,V018,124.0,1.1914956064934927
2026-05-14,2026-05-14 11:06:30,V018,123.0,1.2189971205035637
2026-05-14,2026-05-14 11:06:31,V018,123.0,1.0717749529992373
2026-05-14,2026-05-14 11:06:32,V018,122.0,1.0787572625435744
2026-05-14,2026-05-14 11:06:33,V018,122.0,1.1526953649652516
2026-05-14,2026-05-14 11:06:34,V018,122.0,1.03705462256517
2026-05-14,2026-05-14 11:06:35,V018,123.0,1.1257583249929082
2026-05-14,2026-05-14 11:06:36,V018,124.0,1.251398454037838
2026-05-14,2026-05-14 11:06:37,V018,125.0,1.014892959247876
2026-05-14,2026-05-14 11:06:38,V018,126.0,1.0628728416295974
2026-05-14,2026-05-14 11:06:39,V018,127.0,1.0724015238090323
2026-05-14,2026-05-14 11:06:40,V018,128.0,1.0530311597869995
2026-05-14,2026-05-14 11:06:41,V018,129.0,1.0899248419698555
2026-05-14,2026-05-14 11:06:42,V018,130.0,1.0220787762940287
2026-05-14,2026-05-14 11:06:43,V018,131.0,1.0592678049497621
2026-05-14,2026-05-14 11:06:44,V018,131.0,1.0334802103529472
2026-05-14,2026-05-14 11:06:45,V018,132.0,1.103402087867834
2026-05-14,2026-05-14 11:06:46,V018,132.0,1.0446386099834681
2026-05-14,2026-05-14 11:06:47,V018,133.0,1.0285498334555507
2026-05-14,2026-05-14 11:06:48,V018,134.0,1.0487822084426528
2026-05-14,2026-05-14 11:06:49,V018,134.0,1.1018518847315968
2026-05-14,2026-05-14 11:06:50,V018,135.0,1.066020568456529
2026-05-14,2026-05-14 11:06:51,V018,136.0,1.040568907656372
2026-05-14,2026-05-14 11:06:52,V018,136.0,1.121824949157268
2026-05-14,2026-05-14 11:06:53,V018,136.0,1.184859374859208
2026-05-14,2026-05-14 11:06:54,V018,137.0,1.0202730702854506
2026-05-14,2026-05-14 11:06:55,V018,137.0,1.1032827493659252
2026-05-14,2026-05-14 11:06:56,V018,137.0,1.0258453566703343
2026-05-14,2026-05-14 11:06:57,V018,137.0,1.0371067309831299
2026-05-14,2026-05-14 11:06:58,V018,136.0,1.1888249688890582
2026-05-14,2026-05-14 11:06:59,V018,136.0,1.3294481003355043
2026-05-14,2026-05-14 11:07:00,V018,136.0,1.1164373010058213
2026-05-14,2026-05-14 11:07:01,V018,136.0,1.0505054706991879
2026-05-14,2026-05-14 11:07:02,V018,136.0,1.0383643258183826
2026-05-14,2026-05-14 11:07:03,V018,135.0,1.1546854756997946
2026-05-14,2026-05-14 11:07:04,V018,135.0,1.0598872957044
2026-05-14,2026-05-14 11:07:05,V018,135.0,1.0877815100005226
2026-05-14,2026-05-14 11:07:06,V018,134.0,1.0416979019593746
2026-05-14,2026-05-14 11:07:07,V018,134.0,1.111040576471613
2026-05-14,2026-05-14 11:07:08,V018,134.0,0.996204552806614
2026-05-14,2026-05-14 11:07:09,V018,133.0,1.1869868346042325
2026-05-14,2026-05-14 11:07:10,V018,133.0,1.0025224764167837
2026-05-14,2026-05-14 11:07:11,V018,132.0,1.144371951752318
2026-05-14,2026-05-14 11:07:12,V018,132.0,1.004488626428505
2026-05-14,2026-05-14 11:07:13,V018,131.0,1.0973266269971669
2026-05-14,2026-05-14 11:07:14,V018,131.0,1.141060099160174
2026-05-14,2026-05-14 11:07:15,V018,131.0,1.1829874175424329
2026-05-14,2026-05-14 11:07:16,V018,131.0,1.4558632498273796
2026-05-14,2026-05-14 11:07:17,V018,131.0,0.95208754645144
2026-05-14,2026-05-14 11:07:18,V018,131.0,1.0498432099277961
2026-05-14,2026-05-14 11:07:19,V018,131.0,1.0295174411195525
2026-05-14,2026-05-14 11:07:20,V018,131.0,1.0480929238565317
2026-05-14,2026-05-14 11:07:21,V018,131.0,1.047294609194423
2026-05-14,2026-05-14 11:07:22,V018,130.0,1.1725406412748465
2026-05-14,2026-05-14 11:07:23,V018,129.0,1.0795144926852107
2026-05-14,2026-05-14 11:07:24,V018,127.0,1.0501814004282017
2026-05-14,2026-05-14 11:07:25,V018,126.0,1.0515312436791246
2026-05-14,2026-05-14 11:07:26,V018,126.0,1.046921550875656
2026-05-14,2026-05-14 11:07:27,V018,126.0,1.0465448364239684
2026-05-14,2026-05-14 11:07:28,V018,125.0,1.1291487451727338
2026-05-14,2026-05-14 11:07:29,V018,125.0,1.128697519752243
2026-05-14,2026-05-14 11:07:30,V018,125.0,1.0724134219638273
2026-05-14,2026-05-14 11:07:31,V018,125.0,1.0414807252074851
2026-05-14,2026-05-14 11:07:32,V018,126.0,1.058483042534574
2026-05-14,2026-05-14 11:07:33,V018,127.0,1.0369972762704562
2026-05-14,2026-05-14 11:07:34,V018,127.0,1.0726092955305706
2026-05-14,2026-05-14 11:07:35,V018,127.0,1.0027772412846236
2026-05-14,2026-05-14 11:07:36,V018,128.0,1.0640647128635476
2026-05-14,2026-05-14 11:07:37,V018,128.0,1.0356324495420597
2026-05-14,2026-05-14 11:07:38,V018,128.0,1.0437970107825605
2026-05-14,2026-05-14 11:07:39,V018,128.0,1.0252466439058499
2026-05-14,2026-05-14 11:07:40,V018,129.0,1.2392402417195607
2026-05-14,2026-05-14 11:07:41,V018,129.0,0.9487038105021449
2026-05-14,2026-05-14 11:07:42,V018,130.0,1.066483336905874
2026-05-14,2026-05-14 11:07:43,V018,131.0,1.0399715142802022
2026-05-14,2026-05-14 11:07:44,V018,132.0,1.1123027912532715
2026-05-14,2026-05-14 11:07:45,V018,133.0,1.1567538951387526
2026-05-14,2026-05-14 11:07:46,V018,133.0,1.049462980033423
2026-05-14,2026-05-14 11:07:47,V018,133.0,1.0281306944957282
2026-05-14,2026-05-14 11:07:48,V018,132.0,1.0613689664515427
2026-05-14,2026-05-14 11:07:49,V018,131.0,1.1133293148687249
2026-05-14,2026-05-14 11:07:50,V018,131.0,1.0311261379495649
2026-05-14,2026-05-14 11:07:51,V018,130.0,1.0626267793748068
2026-05-14,2026-05-14 11:07:52,V018,129.0,1.0642413625754843
2026-05-14,2026-05-14 11:07:53,V018,129.0,1.0218374693748051
2026-05-14,2026-05-14 11:07:54,V018,128.0,1.2424256773131324
2026-05-14,2026-05-14 11:07:55,V018,128.0,1.0062561995526795
2026-05-14,2026-05-14 11:07:56,V018,129.0,1.0652906096708705
2026-05-14,2026-05-14 11:07:57,V018,130.0,1.0395135258713333
2026-05-14,2026-05-14 11:07:58,V018,130.0,1.0776722778632464
2026-05-14,2026-05-14 11:07:59,V018,130.0,1.175861168541889
2026-05-14,2026-05-14 11:08:00,V018,130.0,1.0431563434721682
2026-05-14,2026-05-14 11:08:01,V018,130.0,1.0530369964820496
2026-05-14,2026-05-14 11:08:02,V018,130.0,0.9979727025771871
2026-05-14,2026-05-14 11:08:03,V018,130.0,1.1003715360690698
2026-05-14,2026-05-14 11:08:04,V018,130.0,1.0479219852206576
2026-05-14,2026-05-14 11:08:05,V018,129.0,1.0345998142628499
2026-05-14,2026-05-14 11:08:06,V018,129.0,1.0434835933134174
2026-05-14,2026-05-14 11:08:07,V018,129.0,1.086696235959047
2026-05-14,2026-05-14 11:08:08,V018,129.0,1.0169524713039495
2026-05-14,2026-05-14 11:08:09,V018,129.0,1.1325622666680302
2026-05-14,2026-05-14 11:08:10,V018,128.0,1.1177149711456533
2026-05-14,2026-05-14 11:08:11,V018,128.0,1.054273553397684
2026-05-14,2026-05-14 11:08:12,V018,127.0,1.0500382035892408
2026-05-14,2026-05-14 11:08:13,V018,126.0,1.0537565532477233
2026-05-14,2026-05-14 11:08:14,V018,126.0,1.0451191796998403
2026-05-14,2026-05-14 11:08:15,V018,125.0,1.0501373612408111
2026-05-14,2026-05-14 11:08:16,V018,124.0,1.0587170701829487
2026-05-14,2026-05-14 11:08:17,V018,124.0,1.0373158474457387
2026-05-14,2026-05-14 11:08:18,V018,123.0,1.0391638078830612
2026-05-14,2026-05-14 11:08:19,V018,123.0,1.0031086066281647
2026-05-14,2026-05-14 11:08:20,V018,123.0,1.0818092852249557
2026-05-14,2026-05-14 11:08:21,V018,123.0,1.0374610068632675
2026-05-14,2026-05-14 11:08:22,V018,123.0,1.0388466610182847
2026-05-14,2026-05-14 11:08:23,V018,123.0,1.0506053722358577
2026-05-14,2026-05-14 11:08:24,V018,123.0,1.060183436265666
2026-05-14,2026-05-14 11:08:25,V018,124.0,1.0976799942519175
2026-05-14,2026-05-14 11:08:26,V018,124.0,1.1992400914781838
2026-05-14,2026-05-14 11:08:27,V018,124.0,1.0463215272614916
2026-05-14,2026-05-14 11:08:28,V018,124.0,1.0495148598801975
2026-05-14,2026-05-14 11:08:29,V018,124.0,1.081479260988078
2026-05-14,2026-05-14 11:08:30,V018,124.0,1.2234740928401762
2026-05-14,2026-05-14 11:08:31,V018,124.0,1.2185949012346382
2026-05-14,2026-05-14 11:08:32,V018,125.0,0.9932460032683718
2026-05-14,2026-05-14 11:08:33,V018,125.0,1.127202969516935
2026-05-14,2026-05-14 11:08:34,V018,124.0,1.0523641994759416
2026-05-14,2026-05-14 11:08:35,V018,123.0,1.1027722541311968
2026-05-14,2026-05-14 11:08:36,V018,123.0,1.0661739209976548
2026-05-14,2026-05-14 11:08:37,V018,122.0,1.139326406475157
2026-05-14,2026-05-14 11:08:38,V018,122.0,1.0418643093494995
2026-05-14,2026-05-14 11:08:39,V018,122.0,1.0033528464459085
2026-05-14,2026-05-14 11:08:40,V018,122.0,1.1173510137184917
2026-05-14,2026-05-14 11:08:41,V018,123.0,1.0806869292136858
2026-05-14,2026-05-14 11:08:42,V018,122.0,1.0541025929611993
2026-05-14,2026-05-14 11:08:43,V018,122.0,1.0392016584193122
2026-05-14,2026-05-14 11:08:44,V018,121.0,1.1763870766904103
2026-05-14,2026-05-14 11:08:45,V018,120.0,1.0451894666237922
2026-05-14,2026-05-14 11:08:46,V018,120.0,1.024384455711246
2026-05-14,2026-05-14 11:08:47,V018,120.0,1.044765991582764
2026-05-14,2026-05-14 11:08:48,V018,120.0,1.2007843685410122
2026-05-14,2026-05-14 11:08:49,V018,121.0,1.0658399266663356
2026-05-14,2026-05-14 11:08:50,V018,121.0,1.0498494743494968
2026-05-14,2026-05-14 11:08:51,V018,122.0,1.0574654188495398
2026-05-14,2026-05-14 11:08:52,V018,122.0,1.223736580853141
2026-05-14,2026-05-14 11:08:53,V018,123.0,1.0703472603618662
2026-05-14,2026-05-14 11:08:54,V018,124.0,1.0671600947285356
2026-05-14,2026-05-14 11:08:55,V018,124.0,1.0977504439563288
2026-05-14,2026-05-14 11:08:56,V018,124.0,1.0831650439843115
2026-05-14,2026-05-14 11:08:57,V018,124.0,1.0840793106322761
2026-05-14,2026-05-14 11:08:58,V018,124.0,1.063010163926113
2026-05-14,2026-05-14 11:08:59,V018,124.0,1.0548692300716205
2026-05-14,2026-05-14 11:09:00,V018,124.0,1.1075618670725775
2026-05-14,2026-05-14 11:09:01,V018,124.0,1.0710231772516212
2026-05-14,2026-05-14 11:09:02,V018,125.0,1.0507130921037395
2026-05-14,2026-05-14 11:09:03,V018,125.0,1.042577573123856
2026-05-14,2026-05-14 11:09:04,V018,126.0,1.0780533778012062
2026-05-14,2026-05-14 11:09:05,V018,126.0,1.1943854970677996
2026-05-14,2026-05-14 11:09:06,V018,127.0,1.0651828680142348
2026-05-14,2026-05-14 11:09:07,V018,127.0,1.074193835764961
2026-05-14,2026-05-14 11:09:08,V018,128.0,1.0604243488516913
2026-05-14,2026-05-14 11:09:09,V018,128.0,1.119866069767178
2026-05-14,2026-05-14 11:09:10,V018,128.0,1.0842595881948898
2026-05-14,2026-05-14 11:09:11,V018,128.0,1.0421067278092424
2026-05-14,2026-05-14 11:09:12,V018,128.0,1.0496046703146187
2026-05-14,2026-05-14 11:09:13,V018,128.0,1.1105948745640284
2026-05-14,2026-05-14 11:09:14,V018,129.0,1.0730982771472524
2026-05-14,2026-05-14 11:09:15,V018,129.0,1.0119137199799342
2026-05-14,2026-05-14 11:09:16,V018,129.0,1.0781848755489076
2026-05-14,2026-05-14 11:09:17,V018,129.0,1.1034395583626
2026-05-14,2026-05-14 11:09:18,V018,130.0,1.0319956960483871
2026-05-14,2026-05-14 11:09:19,V018,130.0,1.0502393118956652
2026-05-14,2026-05-14 11:09:20,V018,131.0,1.040621109012148
2026-05-14,2026-05-14 11:09:21,V018,131.0,1.0401193552375307
2026-05-14,2026-05-14 11:09:22,V018,131.0,1.06657995862156
2026-05-14,2026-05-14 11:09:23,V018,131.0,1.0129799950641558
2026-05-14,2026-05-14 11:09:24,V018,130.0,0.9636347354522751
2026-05-14,2026-05-14 11:09:25,V018,130.0,1.1138502800621763
2026-05-14,2026-05-14 11:09:26,V018,130.0,1.0433435260855604
2026-05-14,2026-05-14 11:09:27,V018,129.0,1.055300171333065
2026-05-14,2026-05-14 11:09:28,V018,129.0,0.9751775109395466
2026-05-14,2026-05-14 11:09:29,V018,129.0,1.3549445765780241
2026-05-14,2026-05-14 11:09:30,V018,129.0,1.1085663468100246
2026-05-14,2026-05-14 11:09:31,V018,129.0,1.0389577046900185
2026-05-14,2026-05-14 11:09:32,V018,130.0,1.0196827318476775
2026-05-14,2026-05-14 11:09:33,V018,130.0,1.1458661690588337
2026-05-14,2026-05-14 11:09:34,V018,131.0,1.079830534128874
2026-05-14,2026-05-14 11:09:35,V018,131.0,1.1254156836319227
2026-05-14,2026-05-14 11:09:36,V018,131.0,1.0451077123704855
2026-05-14,2026-05-14 11:09:37,V018,131.0,1.0498339188794215
2026-05-14,2026-05-14 11:09:38,V018,131.0,1.1075351410623706
2026-05-14,2026-05-14 11:09:39,V018,132.0,1.014838991323088
2026-05-14,2026-05-14 11:09:40,V018,132.0,1.1075945901925865
2026-05-14,2026-05-14 11:09:41,V018,132.0,1.087471142551654
2026-05-14,2026-05-14 11:09:42,V018,132.0,1.0555138853698265
2026-05-14,2026-05-14 11:09:43,V018,131.0,1.0267941637247107
2026-05-14,2026-05-14 11:09:44,V018,130.0,1.1956619314677888
2026-05-14,2026-05-14 11:09:45,V018,130.0,1.0817372896230744
2026-05-14,2026-05-14 11:09:46,V018,129.0,1.180346606070375
2026-05-14,2026-05-14 11:09:47,V018,128.0,0.9837403944600898
2026-05-14,2026-05-14 11:09:48,V018,128.0,1.0347503272778515
2026-05-14,2026-05-14 11:09:49,V018,127.0,1.0473080678560318
2026-05-14,2026-05-14 11:09:50,V018,125.0,1.0931690937241347
2026-05-14,2026-05-14 11:09:51,V018,124.0,1.0467818882172806
2026-05-14,2026-05-14 11:09:52,V018,122.0,1.054770758285986
2026-05-14,2026-05-14 11:09:53,V018,121.0,1.0344034028713722
2026-05-14,2026-05-14 11:09:54,V018,121.0,1.1136776843875287
2026-05-14,2026-05-14 11:09:55,V018,120.0,1.0569170149683857
2026-05-14,2026-05-14 11:09:56,V018,120.0,1.1192151961978276
2026-05-14,2026-05-14 11:09:57,V018,120.0,0.9583881036807682
2026-05-14,2026-05-14 11:09:58,V018,120.0,1.1082764517907708
2026-05-14,2026-05-14 11:09:59,V018,121.0,1.0486336797106903
2026-05-14,2026-05-14 11:10:00,V018,121.0,1.0005867909424009
2026-05-14,2026-05-14 11:10:01,V018,121.0,1.1022240316161656
2026-05-14,2026-05-14 11:10:02,V018,121.0,1.0262176216588033
2026-05-14,2026-05-14 11:10:03,V018,121.0,1.018908005443868
2026-05-14,2026-05-14 11:10:04,V018,122.0,1.100279174159178
2026-05-14,2026-05-14 11:10:05,V018,122.0,1.096097931562742
2026-05-14,2026-05-14 11:10:06,V018,124.0,0.9968450268143187
2026-05-14,2026-05-14 11:10:07,V018,125.0,1.0816473053973306
2026-05-14,2026-05-14 11:10:08,V018,126.0,1.071268380088547
2026-05-14,2026-05-14 11:10:09,V018,127.0,0.9668632858327906
2026-05-14,2026-05-14 11:10:10,V018,127.0,1.1644655421764751
2026-05-14,2026-05-14 11:10:11,V018,127.0,1.0249571421392079
2026-05-14,2026-05-14 11:10:12,V018,127.0,1.0519581128893616
2026-05-14,2026-05-14 11:10:13,V018,127.0,1.0312565764761101
2026-05-14,2026-05-14 11:10:14,V018,126.0,1.0241587432575607
2026-05-14,2026-05-14 11:10:15,V018,126.0,1.0368754799292499
2026-05-14,2026-05-14 11:10:16,V018,126.0,1.040771038093007
2026-05-14,2026-05-14 11:10:17,V018,126.0,1.0668035508468403
2026-05-14,2026-05-14 11:10:18,V018,126.0,0.9742740502849359
2026-05-14,2026-05-14 11:10:19,V018,127.0,1.014354221610154
2026-05-14,2026-05-14 11:10:20,V018,127.0,0.9641974761023704
2026-05-14,2026-05-14 11:10:21,V018,128.0,1.0925548963620741
2026-05-14,2026-05-14 11:10:22,V018,128.0,1.023030237969091
2026-05-14,2026-05-14 11:10:23,V018,129.0,1.0285113502577719
2026-05-14,2026-05-14 11:10:24,V018,130.0,1.062657671002113
2026-05-14,2026-05-14 11:10:25,V018,130.0,1.0361000444876827
2026-05-14,2026-05-14 11:10:26,V018,131.0,1.038649632346924
2026-05-14,2026-05-14 11:10:27,V018,131.0,1.03231528970672
2026-05-14,2026-05-14 11:10:28,V018,131.0,1.0341873665002768
2026-05-14,2026-05-14 11:10:29,V018,132.0,1.0351708549076912
2026-05-14,2026-05-14 11:10:30,V018,133.0,1.0315355893319822
2026-05-14,2026-05-14 11:10:31,V018,133.0,1.0312778783221315
2026-05-14,2026-05-14 11:10:32,V018,134.0,1.0407338618002775
2026-05-14,2026-05-14 11:10:33,V018,134.0,1.0333038898952356
2026-05-14,2026-05-14 11:10:34,V018,135.0,1.0408604042634453
2026-05-14,2026-05-14 11:10:35,V018,135.0,1.0178649520461418
2026-05-14,2026-05-14 11:10:36,V018,136.0,1.048072760252166
2026-05-14,2026-05-14 11:10:37,V018,136.0,1.045530685189795
2026-05-14,2026-05-14 11:10:38,V018,137.0,1.029670221295113
2026-05-14,2026-05-14 11:10:39,V018,137.0,1.0384753991532774
2026-05-14,2026-05-14 11:10:40,V018,137.0,1.0565042660733903
2026-05-14,2026-05-14 11:10:41,V018,137.0,1.045971144024234
2026-05-14,2026-05-14 11:10:42,V018,136.0,1.0440753558593674
2026-05-14,2026-05-14 11:10:43,V018,134.0,1.1683742293776744
2026-05-14,2026-05-14 11:10:44,V018,133.0,1.0500622644449746
2026-05-14,2026-05-14 11:10:45,V018,132.0,1.0538341719496007
2026-05-14,2026-05-14 11:10:46,V018,131.0,1.0404338036991272
2026-05-14,2026-05-14 11:10:47,V018,131.0,1.1013655912070575
2026-05-14,2026-05-14 11:10:48,V018,130.0,1.0135592333088348
2026-05-14,2026-05-14 11:10:49,V018,129.0,1.0634037118880668
2026-05-14,2026-05-14 11:10:50,V018,129.0,1.0484852733420333
2026-05-14,2026-05-14 11:10:51,V018,128.0,1.0274395498350497
2026-05-14,2026-05-14 11:10:52,V018,128.0,1.041454050886231
2026-05-14,2026-05-14 11:10:53,V018,127.0,1.0828313324215366
2026-05-14,2026-05-14 11:10:54,V018,126.0,1.0445571915498784
2026-05-14,2026-05-14 11:10:55,V018,126.0,1.0535145469383986
2026-05-14,2026-05-14 11:10:56,V018,125.0,1.0510508533206198
2026-05-14,2026-05-14 11:10:57,V018,124.0,1.0465127472187477
2026-05-14,2026-05-14 11:10:58,V018,124.0,1.0481452337168076
2026-05-14,2026-05-14 11:10:59,V018,123.0,1.038585551266889
2026-05-14,2026-05-14 11:11:00,V018,122.0,1.0415555967008003
2026-05-14,2026-05-14 11:11:01,V018,121.0,1.046299040921335
2026-05-14,2026-05-14 11:11:02,V018,120.0,1.0880542454760487
2026-05-14,2026-05-14 11:11:03,V018,119.0,1.1006645777737083
2026-05-14,2026-05-14 11:11:04,V018,119.0,1.1094886833324238
2026-05-14,2026-05-14 11:11:05,V018,119.0,1.243578573347559
2026-05-14,2026-05-14 11:11:06,V018,119.0,0.9980427552263522
2026-05-14,2026-05-14 11:11:07,V018,119.0,1.0794106763024613
2026-05-14,2026-05-14 11:11:08,V018,119.0,1.0604091370363218
2026-05-14,2026-05-14 11:11:09,V018,119.0,1.1886937564675062
2026-05-14,2026-05-14 11:11:10,V018,120.0,1.1067239732113765
2026-05-14,2026-05-14 11:11:11,V018,121.0,1.0940334302695907
2026-05-14,2026-05-14 11:11:12,V018,122.0,1.0576763964222096
2026-05-14,2026-05-14 11:11:13,V018,123.0,1.159126671735478
2026-05-14,2026-05-14 11:11:14,V018,124.0,1.0104561413538973
2026-05-14,2026-05-14 11:11:15,V018,124.0,1.0484189529994639
2026-05-14,2026-05-14 11:11:16,V018,124.0,1.0928884456598602
2026-05-14,2026-05-14 11:11:17,V018,124.0,0.9973505145708718
2026-05-14,2026-05-14 11:11:18,V018,123.0,1.0844962014859694
2026-05-14,2026-05-14 11:11:19,V018,123.0,1.0442950208306512
2026-05-14,2026-05-14 11:11:20,V018,122.0,1.0689650475168622
2026-05-14,2026-05-14 11:11:21,V018,122.0,1.0599542696343054
2026-05-14,2026-05-14 11:11:22,V018,122.0,0.9973997460730375
2026-05-14,2026-05-14 11:11:23,V018,121.0,1.2413979532562587
2026-05-14,2026-05-14 11:11:24,V018,122.0,1.052821368185862
2026-05-14,2026-05-14 11:11:25,V018,122.0,1.0416426811161699
2026-05-14,2026-05-14 11:11:26,V018,123.0,1.0214237179300694
2026-05-14,2026-05-14 11:11:27,V018,124.0,1.1743825006727462
2026-05-14,2026-05-14 11:11:28,V018,124.0,1.0209252586493696
2026-05-14,2026-05-14 11:11:29,V018,125.0,1.0230250352073558
2026-05-14,2026-05-14 11:11:30,V018,125.0,1.0893429235810375
2026-05-14,2026-05-14 11:11:31,V018,126.0,1.142031727320101
2026-05-14,2026-05-14 11:11:32,V018,126.0,1.038361911544544
2026-05-14,2026-05-14 11:11:33,V018,127.0,1.0180353427202657
2026-05-14,2026-05-14 11:11:34,V018,127.0,1.0524273707877
2026-05-14,2026-05-14 11:11:35,V018,127.0,1.0432612872641314
2026-05-14,2026-05-14 11:11:36,V018,128.0,1.035893902011754
2026-05-14,2026-05-14 11:11:37,V018,129.0,1.0779731260409462
2026-05-14,2026-05-14 11:11:38,V018,128.0,1.0267243345991834
2026-05-14,2026-05-14 11:11:39,V018,128.0,1.0088185054059424
2026-05-14,2026-05-14 11:11:40,V018,127.0,1.125426762358931
2026-05-14,2026-05-14 11:11:41,V018,126.0,1.0119995102049404
2026-05-14,2026-05-14 11:11:42,V018,126.0,1.0481855930936297
2026-05-14,2026-05-14 11:11:43,V018,125.0,1.0330154984390307
2026-05-14,2026-05-14 11:11:44,V018,126.0,1.1476509741716518
2026-05-14,2026-05-14 11:11:45,V018,126.0,1.0766118827910576
2026-05-14,2026-05-14 11:11:46,V018,127.0,1.059231643438022
2026-05-14,2026-05-14 11:11:47,V018,128.0,1.0367186927070668
2026-05-14,2026-05-14 11:11:48,V018,128.0,1.0453693854364752
2026-05-14,2026-05-14 11:11:49,V018,129.0,1.0509017537578813
2026-05-14,2026-05-14 11:11:50,V018,130.0,1.096667409542757
2026-05-14,2026-05-14 11:11:51,V018,130.0,1.017038257821733
2026-05-14,2026-05-14 11:11:52,V018,130.0,1.0374016979332068
2026-05-14,2026-05-14 11:11:53,V018,130.0,1.050634365171756
2026-05-14,2026-05-14 11:11:54,V018,130.0,1.0819533652809288
2026-05-14,2026-05-14 11:11:55,V018,130.0,1.047943056594568
2026-05-14,2026-05-14 11:11:56,V018,130.0,1.0725601880055424
2026-05-14,2026-05-14 11:11:57,V018,130.0,1.0702168727082535
2026-05-14,2026-05-14 11:11:58,V018,130.0,1.027748070465568
2026-05-14,2026-05-14 11:11:59,V018,129.0,1.1040416248360556
2026-05-14,2026-05-14 11:12:00,V018,129.0,1.0823655242126604
2026-05-14,2026-05-14 11:12:01,V018,128.0,1.082067731033948
2026-05-14,2026-05-14 11:12:02,V018,129.0,1.0012313292616026
2026-05-14,2026-05-14 11:12:03,V018,129.0,1.0530486559778884
2026-05-14,2026-05-14 11:12:04,V018,129.0,1.1448861636520071
2026-05-14,2026-05-14 11:12:05,V018,130.0,1.0503946660352936
2026-05-14,2026-05-14 11:12:06,V018,131.0,1.1229285650871972
2026-05-14,2026-05-14 11:12:07,V018,131.0,1.0155362533436543
2026-05-14,2026-05-14 11:12:08,V018,132.0,1.0871353547131157
2026-05-14,2026-05-14 11:12:09,V018,132.0,1.0777995091059727
2026-05-14,2026-05-14 11:12:10,V018,131.0,1.0665592589811512
2026-05-14,2026-05-14 11:12:11,V018,131.0,1.0433063911494276
2026-05-14,2026-05-14 11:12:12,V018,130.0,1.0513176554647008
2026-05-14,2026-05-14 11:12:13,V018,130.0,1.063265907452053
2026-05-14,2026-05-14 11:12:14,V018,130.0,1.0492858398055478
2026-05-14,2026-05-14 11:12:15,V018,130.0,1.0384034776820936
2026-05-14,2026-05-14 11:12:16,V018,130.0,1.0450558874385325
2026-05-14,2026-05-14 11:12:17,V018,130.0,1.0338610289695311
2026-05-14,2026-05-14 11:12:18,V018,130.0,1.1233551345144117
2026-05-14,2026-05-14 11:12:19,V018,130.0,1.0168574802812254
2026-05-14,2026-05-14 11:12:20,V018,130.0,1.0770756854653822
2026-05-14,2026-05-14 11:12:21,V018,130.0,1.0466000072647943
2026-05-14,2026-05-14 11:12:22,V018,129.0,1.0487791445034151
2026-05-14,2026-05-14 11:12:23,V018,128.0,1.0622701352027193
2026-05-14,2026-05-14 11:12:24,V018,128.0,1.0441650910114946
2026-05-14,2026-05-14 11:12:25,V018,127.0,1.0144905002965388
2026-05-14,2026-05-14 11:12:26,V018,126.0,1.1608689164698491
2026-05-14,2026-05-14 11:12:27,V018,126.0,1.0142198503055437
2026-05-14,2026-05-14 11:12:28,V018,125.0,1.034747358179983
2026-05-14,2026-05-14 11:12:29,V018,124.0,1.0750897336964131
2026-05-14,2026-05-14 11:12:30,V018,123.0,1.0552022707153164
2026-05-14,2026-05-14 11:12:31,V018,122.0,1.04963148832192
2026-05-14,2026-05-14 11:12:32,V018,122.0,1.0010889741822124
2026-05-14,2026-05-14 11:12:33,V018,121.0,1.1956292262610586
2026-05-14,2026-05-14 11:12:34,V018,120.0,1.0957646797077962
2026-05-14,2026-05-14 11:12:35,V018,120.0,1.0571080110122113
2026-05-14,2026-05-14 11:12:36,V018,119.0,1.037383455246591
2026-05-14,2026-05-14 11:12:37,V018,118.0,1.0416882135368115
2026-05-14,2026-05-14 11:12:38,V018,118.0,1.1592772415905845
2026-05-14,2026-05-14 11:12:39,V018,118.0,1.0411928269815314
2026-05-14,2026-05-14 11:12:40,V018,118.0,1.0895882874841887
2026-05-14,2026-05-14 11:12:41,V018,119.0,1.0338879846356235
2026-05-14,2026-05-14 11:12:42,V018,119.0,1.0927614962999974
2026-05-14,2026-05-14 11:12:43,V018,120.0,1.0604947546637675
2026-05-14,2026-05-14 11:12:44,V018,120.0,1.0328778466443116
2026-05-14,2026-05-14 11:12:45,V018,121.0,1.0570952020338817
2026-05-14,2026-05-14 11:12:46,V018,121.0,1.0601926903331031
2026-05-14,2026-05-14 11:12:47,V018,121.0,1.0527653957917342
2026-05-14,2026-05-14 11:12:48,V018,121.0,1.1706221025198564
2026-05-14,2026-05-14 11:12:49,V018,121.0,1.1040878002016083
2026-05-14,2026-05-14 11:12:50,V018,121.0,1.0041188758852668
2026-05-14,2026-05-14 11:12:51,V018,121.0,1.0654089221181184
2026-05-14,2026-05-14 11:12:52,V018,121.0,1.0561741423500182
2026-05-14,2026-05-14 11:12:53,V018,121.0,1.0940738615215835
2026-05-14,2026-05-14 11:12:54,V018,121.0,1.0362999262916814
2026-05-14,2026-05-14 11:12:55,V018,121.0,1.1063840148137947
2026-05-14,2026-05-14 11:12:56,V018,121.0,1.0245433217540458
2026-05-14,2026-05-14 11:12:57,V018,121.0,1.045711359617139
2026-05-14,2026-05-14 11:12:58,V018,120.0,1.048918945786388
2026-05-14,2026-05-14 11:12:59,V018,119.0,1.06262658630822
2026-05-14,2026-05-14 11:13:00,V018,119.0,1.0813692876242982
2026-05-14,2026-05-14 11:13:01,V018,118.0,1.039831282595157
2026-05-14,2026-05-14 11:13:02,V018,118.0,1.0719995383797871
2026-05-14,2026-05-14 11:13:03,V018,119.0,1.0557629509135313
2026-05-14,2026-05-14 11:13:04,V018,119.0,1.0570105164691566
2026-05-14,2026-05-14 11:13:05,V018,120.0,1.047740963511294
2026-05-14,2026-05-14 11:13:06,V018,121.0,1.0620888300515277
2026-05-14,2026-05-14 11:13:07,V018,121.0,1.024483983453049
2026-05-14,2026-05-14 11:13:08,V018,122.0,1.0901539461038918
2026-05-14,2026-05-14 11:13:09,V018,123.0,1.0709418000989328
2026-05-14,2026-05-14 11:13:10,V018,124.0,1.040009971057391
2026-05-14,2026-05-14 11:13:11,V018,124.0,1.0557867099218698
2026-05-14,2026-05-14 11:13:12,V018,124.0,1.0440174608673907
2026-05-14,2026-05-14 11:13:13,V018,124.0,1.1229533622993748
2026-05-14,2026-05-14 11:13:14,V018,125.0,1.0893897937448767
2026-05-14,2026-05-14 11:13:15,V018,125.0,1.033650398728321
2026-05-14,2026-05-14 11:13:16,V018,125.0,1.0808523996862602
2026-05-14,2026-05-14 11:13:17,V018,124.0,1.0458961562263496
2026-05-14,2026-05-14 11:13:18,V018,124.0,1.0555762284249082
2026-05-14,2026-05-14 11:13:19,V018,124.0,1.051594682957316
2026-05-14,2026-05-14 11:13:20,V018,124.0,1.059961019318074
2026-05-14,2026-05-14 11:13:21,V018,124.0,1.0321656853179524
2026-05-14,2026-05-14 11:13:22,V018,124.0,1.083053574497399
2026-05-14,2026-05-14 11:13:23,V018,123.0,1.0526009230605347
2026-05-14,2026-05-14 11:13:24,V018,123.0,1.03799890715832
2026-05-14,2026-05-14 11:13:25,V018,122.0,1.028603016089593
2026-05-14,2026-05-14 11:13:26,V018,122.0,1.0960459702027323
2026-05-14,2026-05-14 11:13:27,V018,122.0,0.9685139754190321
2026-05-14,2026-05-14 11:13:28,V018,122.0,1.034833120842609
2026-05-14,2026-05-14 11:13:29,V018,122.0,1.0387623414587794
2026-05-14,2026-05-14 11:13:30,V018,122.0,1.0525352024979826
2026-05-14,2026-05-14 11:13:31,V018,122.0,1.026104676904945
2026-05-14,2026-05-14 11:13:32,V018,122.0,1.134795958666282
2026-05-14,2026-05-14 11:13:33,V018,122.0,0.9442199637782956
2026-05-14,2026-05-14 11:13:34,V018,122.0,1.0085667418390782
2026-05-14,2026-05-14 11:13:35,V018,122.0,1.0782046118474122
2026-05-14,2026-05-14 11:13:36,V018,120.0,1.062074794669422
2026-05-14,2026-05-14 11:13:37,V018,119.0,1.0312580523361614
2026-05-14,2026-05-14 11:13:38,V018,117.0,1.0540821299217296
2026-05-14,2026-05-14 11:13:39,V018,116.0,1.045274762925485
2026-05-14,2026-05-14 11:13:40,V018,115.0,1.029835389113501
2026-05-14,2026-05-14 11:13:41,V018,114.0,1.0460111160576473
2026-05-14,2026-05-14 11:13:42,V018,113.0,1.0683062103834617
2026-05-14,2026-05-14 11:13:43,V018,113.0,1.2375104117664961
2026-05-14,2026-05-14 11:13:44,V018,113.0,1.2656498487457841
2026-05-14,2026-05-14 11:13:45,V018,113.0,1.1391008976547834
2026-05-14,2026-05-14 11:13:46,V018,114.0,1.065483221550544
2026-05-14,2026-05-14 11:13:47,V018,114.0,1.0481160708858765
2026-05-14,2026-05-14 11:13:48,V018,115.0,1.0593376241742147
2026-05-14,2026-05-14 11:13:49,V018,116.0,1.157659822249817
2026-05-14,2026-05-14 11:13:50,V018,117.0,1.1635392236812745
2026-05-14,2026-05-14 11:13:51,V018,117.0,1.0544389568447479
2026-05-14,2026-05-14 11:13:52,V018,118.0,1.0955561807205862
2026-05-14,2026-05-14 11:13:53,V018,119.0,1.0982503818249776
2026-05-14,2026-05-14 11:13:54,V018,120.0,1.1101098824922044
2026-05-14,2026-05-14 11:13:55,V018,122.0,1.0594481484692315
2026-05-14,2026-05-14 11:13:56,V018,124.0,1.071764558867512
2026-05-14,2026-05-14 11:13:57,V018,126.0,1.0421137470568926
2026-05-14,2026-05-14 11:13:58,V018,127.0,1.0841181729721652
2026-05-14,2026-05-14 11:13:59,V018,129.0,1.0240194923287353
2026-05-14,2026-05-14 11:14:00,V018,130.0,1.0587880698487198
2026-05-14,2026-05-14 11:14:01,V018,131.0,1.0587295843690965
2026-05-14,2026-05-14 11:14:02,V018,131.0,1.0166518111659861
2026-05-14,2026-05-14 11:14:03,V018,131.0,1.0395195118087224
2026-05-14,2026-05-14 11:14:04,V018,132.0,1.0313310797288946
2026-05-14,2026-05-14 11:14:05,V018,132.0,1.0564398573396228
2026-05-14,2026-05-14 11:14:06,V018,131.0,1.0525433873288523
2026-05-14,2026-05-14 11:14:07,V018,131.0,1.035303760737883
2026-05-14,2026-05-14 11:14:08,V018,130.0,1.0711919199289415
2026-05-14,2026-05-14 11:14:09,V018,130.0,1.0602016238755296
2026-05-14,2026-05-14 11:14:10,V018,129.0,1.0482892821507235
2026-05-14,2026-05-14 11:14:11,V018,128.0,1.0245574310742374
2026-05-14,2026-05-14 11:14:12,V018,128.0,1.0382630255898837
2026-05-14,2026-05-14 11:14:13,V018,127.0,1.0334711522747595
2026-05-14,2026-05-14 11:14:14,V018,127.0,1.059761983695712
2026-05-14,2026-05-14 11:14:15,V018,128.0,1.0404687578470246
2026-05-14,2026-05-14 11:14:16,V018,128.0,1.042804594194514
2026-05-14,2026-05-14 11:14:17,V018,128.0,1.0374540690579503
2026-05-14,2026-05-14 11:14:18,V018,129.0,1.0386018605366802
2026-05-14,2026-05-14 11:14:19,V018,129.0,1.0359939458797325
2026-05-14,2026-05-14 11:14:20,V018,129.0,1.0373806525409153
2026-05-14,2026-05-14 11:14:21,V018,128.0,1.038156023320292
2026-05-14,2026-05-14 11:14:22,V018,128.0,1.0393281689745688
2026-05-14,2026-05-14 11:14:23,V018,127.0,1.0308934952841817
2026-05-14,2026-05-14 11:14:24,V018,127.0,1.0433880161934925
2026-05-14,2026-05-14 11:14:25,V018,126.0,1.0365559646440483
2026-05-14,2026-05-14 11:14:26,V018,127.0,1.0340286435418147
2026-05-14,2026-05-14 11:14:27,V018,127.0,1.0413857879784978
2026-05-14,2026-05-14 11:14:28,V018,128.0,1.0535247346610312
2026-05-14,2026-05-14 11:14:29,V018,129.0,1.0311357049367442
2026-05-14,2026-05-14 11:14:30,V018,131.0,1.0460387566789184
2026-05-14,2026-05-14 11:14:31,V018,132.0,1.0464113234914074
2026-05-14,2026-05-14 11:14:32,V018,133.0,1.0353302571111562
2026-05-14,2026-05-14 11:14:33,V018,134.0,1.053387962424252
2026-05-14,2026-05-14 11:14:34,V018,134.0,1.1468987390633563
2026-05-14,2026-05-14 11:14:35,V018,134.0,1.1861649936362695
2026-05-14,2026-05-14 11:14:36,V018,133.0,1.0857404939423223
2026-05-14,2026-05-14 11:14:37,V018,133.0,1.0557251849936549
2026-05-14,2026-05-14 11:14:38,V018,132.0,1.0302251176579658
2026-05-14,2026-05-14 11:14:39,V018,131.0,1.0166487803045374
2026-05-14,2026-05-14 11:14:40,V018,131.0,1.013849444803557
2026-05-14,2026-05-14 11:14:41,V018,130.0,1.0449590937459934
2026-05-14,2026-05-14 11:14:42,V018,130.0,1.031711321872067
2026-05-14,2026-05-14 11:14:43,V018,129.0,1.0540636641847378
2026-05-14,2026-05-14 11:14:44,V018,129.0,1.0392578117378424
2026-05-14,2026-05-14 11:14:45,V018,129.0,1.0453351449067245
2026-05-14,2026-05-14 11:14:46,V018,128.0,1.0320373520047699
2026-05-14,2026-05-14 11:14:47,V018,127.0,1.026555341409668
2026-05-14,2026-05-14 11:14:48,V018,126.0,1.0305688353482847
2026-05-14,2026-05-14 11:14:49,V018,125.0,1.0287696777000095
2026-05-14,2026-05-14 11:14:50,V018,124.0,1.0531788333296694
2026-05-14,2026-05-14 11:14:51,V018,123.0,1.0440133927020847
2026-05-14,2026-05-14 11:14:52,V018,122.0,1.068873953285209
2026-05-14,2026-05-14 11:14:53,V018,121.0,1.0240822819999353
2026-05-14,2026-05-14 11:14:54,V018,120.0,1.0546666107261318
2026-05-14,2026-05-14 11:14:55,V018,120.0,1.039167455747828
2026-05-14,2026-05-14 11:14:56,V018,119.0,1.0447644732936996
2026-05-14,2026-05-14 11:14:57,V018,118.0,1.0322131410347
2026-05-14,2026-05-14 11:14:58,V018,118.0,1.043111562398683
2026-05-14,2026-05-14 11:14:59,V018,117.0,1.0426942353527582
2026-05-14,2026-05-14 11:15:00,V018,117.0,1.0516538897356356
2026-05-14,2026-05-14 11:15:01,V018,117.0,1.0302741583416664
2026-05-14,2026-05-14 11:15:02,V018,116.0,1.0345376029701883
2026-05-14,2026-05-14 11:15:03,V018,116.0,1.0407581080710442
2026-05-14,2026-05-14 11:15:04,V018,115.0,1.050931605561921
2026-05-14,2026-05-14 11:15:05,V018,115.0,1.0326280041601577
2026-05-14,2026-05-14 11:15:06,V018,116.0,1.0379987218720654
2026-05-14,2026-05-14 11:15:07,V018,117.0,1.100905275064149
2026-05-14,2026-05-14 11:15:08,V018,117.0,1.22760546696985
2026-05-14,2026-05-14 11:15:09,V018,117.0,1.1344476222504891
2026-05-14,2026-05-14 11:15:10,V018,117.0,1.1931513686231907
2026-05-14,2026-05-14 11:15:11,V018,117.0,1.0883669580210042
2026-05-14,2026-05-14 11:15:12,V018,117.0,1.0913753993720772
2026-05-14,2026-05-14 11:15:13,V018,116.0,1.1086584043559164
2026-05-14,2026-05-14 11:15:14,V018,116.0,1.1070512348210253
2026-05-14,2026-05-14 11:15:15,V018,116.0,1.0393262214725199
2026-05-14,2026-05-14 11:15:16,V018,116.0,1.0448834067467556
2026-05-14,2026-05-14 11:15:17,V018,116.0,1.0465995525853584
2026-05-14,2026-05-14 11:15:18,V018,116.0,1.1566851672803047
2026-05-14,2026-05-14 11:15:19,V018,115.0,1.0730700678922318
2026-05-14,2026-05-14 11:15:20,V018,115.0,1.0879161064334273
2026-05-14,2026-05-14 11:15:21,V018,115.0,1.1070437936162016
2026-05-14,2026-05-14 11:15:22,V018,114.0,1.0488536901353864
2026-05-14,2026-05-14 11:15:23,V018,114.0,1.0357873134173827
2026-05-14,2026-05-14 11:15:24,V018,114.0,1.0564265842745917
2026-05-14,2026-05-14 11:15:25,V018,114.0,1.0512561478169808
2026-05-14,2026-05-14 11:15:26,V018,113.0,1.1948658110053378
2026-05-14,2026-05-14 11:15:27,V018,113.0,1.0426335188505924
2026-05-14,2026-05-14 11:15:28,V018,113.0,1.040975475030242
2026-05-14,2026-05-14 11:15:29,V018,113.0,1.0507199201808768
2026-05-14,2026-05-14 11:15:30,V018,113.0,1.0940334482960368
2026-05-14,2026-05-14 11:15:31,V018,113.0,1.165634235504296
2026-05-14,2026-05-14 11:15:32,V018,113.0,1.0421324064300603
2026-05-14,2026-05-14 11:15:33,V018,113.0,1.0540507167373732
2026-05-14,2026-05-14 11:15:34,V018,113.0,1.0281471990994806
2026-05-14,2026-05-14 11:15:35,V018,113.0,1.0374251192059922
2026-05-14,2026-05-14 11:15:36,V018,114.0,1.0309878528180214
2026-05-14,2026-05-14 11:15:37,V018,114.0,1.04154716886684
2026-05-14,2026-05-14 11:15:38,V018,114.0,1.0447199226963784
2026-05-14,2026-05-14 11:15:39,V018,114.0,1.0547520710692937
2026-05-14,2026-05-14 11:15:40,V018,114.0,1.0500190203135817
2026-05-14,2026-05-14 11:15:41,V018,113.0,0.9922661414784502
2026-05-14,2026-05-14 11:15:42,V018,113.0,1.0721971855046988
2026-05-14,2026-05-14 11:15:43,V018,113.0,1.05282785252708
2026-05-14,2026-05-14 11:15:44,V018,113.0,1.0628269271818953
2026-05-14,2026-05-14 11:15:45,V018,113.0,1.0542619855349786
2026-05-14,2026-05-14 11:15:46,V018,113.0,1.0416754511101232
2026-05-14,2026-05-14 11:15:47,V018,114.0,1.0814786656463673
2026-05-14,2026-05-14 11:15:48,V018,114.0,1.0731434063037035
2026-05-14,2026-05-14 11:15:49,V018,115.0,0.999633782123787
2026-05-14,2026-05-14 11:15:50,V018,115.0,1.0862200441106753
2026-05-14,2026-05-14 11:15:51,V018,116.0,1.0380143044193368
2026-05-14,2026-05-14 11:15:52,V018,116.0,1.036022218860723
2026-05-14,2026-05-14 11:15:53,V018,117.0,1.0685678380389994
2026-05-14,2026-05-14 11:15:54,V018,117.0,1.0305069261703237
2026-05-14,2026-05-14 11:15:55,V018,117.0,1.0681739294556496
2026-05-14,2026-05-14 11:15:56,V018,117.0,1.0345362624702763
2026-05-14,2026-05-14 11:15:57,V018,117.0,1.0165547897921012
2026-05-14,2026-05-14 11:15:58,V018,117.0,1.0940030419130413
2026-05-14,2026-05-14 11:15:59,V018,117.0,1.0384980607581311
2026-05-14,2026-05-14 11:16:00,V018,117.0,1.0658038164723016
2026-05-14,2026-05-14 11:16:01,V018,117.0,1.0304336218708086
2026-05-14,2026-05-14 11:16:02,V018,116.0,1.0481951895633352
2026-05-14,2026-05-14 11:16:03,V018,116.0,1.0506600574033402
2026-05-14,2026-05-14 11:16:04,V018,115.0,1.0334336994700173
2026-05-14,2026-05-14 11:16:05,V018,115.0,1.039841626640252
2026-05-14,2026-05-14 11:16:06,V018,114.0,1.0348122369229553
2026-05-14,2026-05-14 11:16:07,V018,113.0,1.0406680251759732
2026-05-14,2026-05-14 11:16:08,V018,113.0,1.0918406142819368
2026-05-14,2026-05-14 11:16:09,V018,112.0,1.0024078956129892
2026-05-14,2026-05-14 11:16:10,V018,110.0,1.063966020669202
2026-05-14,2026-05-14 11:16:11,V018,109.0,1.0282435764086995
2026-05-14,2026-05-14 11:16:12,V018,109.0,1.0122257045119576
2026-05-14,2026-05-14 11:16:13,V018,109.0,1.0174842401647877
2026-05-14,2026-05-14 11:16:14,V018,110.0,1.0243183555540973
2026-05-14,2026-05-14 11:16:15,V018,111.0,1.0173435984344354
2026-05-14,2026-05-14 11:16:16,V018,111.0,1.0217652775037187
2026-05-14,2026-05-14 11:16:17,V018,112.0,1.0219851219677898
2026-05-14,2026-05-14 11:16:18,V018,112.0,1.0226800480364178
2026-05-14,2026-05-14 11:16:19,V018,112.0,1.0199142575603555
2026-05-14,2026-05-14 11:16:20,V018,112.0,1.022231883809457
2026-05-14,2026-05-14 11:16:21,V018,112.0,1.0201883590499212
2026-05-14,2026-05-14 11:16:22,V018,112.0,1.0224652976367625
2026-05-14,2026-05-14 11:16:23,V018,112.0,1.0199797920315659
2026-05-14,2026-05-14 11:16:24,V018,112.0,1.02130468765052
2026-05-14,2026-05-14 11:16:25,V018,113.0,1.0211643535290702
2026-05-14,2026-05-14 11:16:26,V018,114.0,1.0214303897952524
2026-05-14,2026-05-14 11:16:27,V018,114.0,1.0211465193357947
2026-05-14,2026-05-14 11:16:28,V018,115.0,1.0213265594255199
2026-05-14,2026-05-14 11:16:29,V018,116.0,1.0211573949786241
2026-05-14,2026-05-14 11:16:30,V018,116.0,1.0209203915301617
2026-05-14,2026-05-14 11:16:31,V018,117.0,1.021149280347233
2026-05-14,2026-05-14 11:16:32,V018,116.0,1.0213396698499415
2026-05-14,2026-05-14 11:16:33,V018,116.0,1.021897642246
2026-05-14,2026-05-14 11:16:34,V018,116.0,1.0211559110487713
2026-05-14,2026-05-14 11:16:35,V018,117.0,1.0209718002992845
2026-05-14,2026-05-14 11:16:36,V018,116.0,1.022027311349482
2026-05-14,2026-05-14 11:16:37,V018,115.0,1.0218366332150948
2026-05-14,2026-05-14 11:16:38,V018,114.0,1.0211094867166637
2026-05-14,2026-05-14 11:16:39,V018,113.0,1.0205359339875586
2026-05-14,2026-05-14 11:16:40,V018,112.0,1.0212541019810732
2026-05-14,2026-05-14 11:16:41,V018,111.0,1.0208245173898962
2026-05-14,2026-05-14 11:16:42,V018,111.0,1.02155862584557
2026-05-14,2026-05-14 11:16:43,V018,111.0,1.0218666318546068
2026-05-14,2026-05-14 11:16:44,V018,111.0,1.019759869546677
2026-05-14,2026-05-14 11:16:45,V018,111.0,1.02148086005227
2026-05-14,2026-05-14 11:16:46,V018,110.0,1.0210655191716747
2026-05-14,2026-05-14 11:16:47,V018,110.0,1.0212326031072836
2026-05-14,2026-05-14 11:16:48,V018,109.0,1.0208820705231825
2026-05-14,2026-05-14 11:16:49,V018,108.0,1.021041281074717
2026-05-14,2026-05-14 11:16:50,V018,108.0,1.0212426023474221
2026-05-14,2026-05-14 11:16:51,V018,108.0,1.0210028264879214
2026-05-14,2026-05-14 11:16:52,V018,109.0,1.0214573071398174
2026-05-14,2026-05-14 11:16:53,V018,109.0,1.0215573761373546
2026-05-14,2026-05-14 11:16:54,V018,109.0,1.029667130922842
2026-05-14,2026-05-14 11:16:55,V018,109.0,1.013285222959082
2026-05-14,2026-05-14 11:16:56,V018,109.0,1.0216395854252815
2026-05-14,2026-05-14 11:16:57,V018,108.0,1.0198112070655778
2026-05-14,2026-05-14 11:16:58,V018,108.0,1.0196056346590487
2026-05-14,2026-05-14 11:16:59,V018,108.0,1.0218430954702122
2026-05-14,2026-05-14 11:17:00,V018,108.0,1.0446219064786502
2026-05-14,2026-05-14 11:17:01,V018,108.0,0.9959335780737189
2026-05-14,2026-05-14 11:17:02,V018,109.0,1.0647186767232193
2026-05-14,2026-05-14 11:17:03,V018,109.0,1.0287839841870594
2026-05-14,2026-05-14 11:17:04,V018,111.0,1.0522076440379884
2026-05-14,2026-05-14 11:17:05,V018,112.0,1.0399359890765787
2026-05-14,2026-05-14 11:17:06,V018,111.0,1.0435208389596493
2026-05-14,2026-05-14 11:17:07,V018,111.0,1.0320757799454285
2026-05-14,2026-05-14 11:17:08,V018,111.0,1.0389938953056082
2026-05-14,2026-05-14 11:17:09,V018,110.0,1.0406786646275599
2026-05-14,2026-05-14 11:17:10,V018,110.0,1.0368824826551621
2026-05-14,2026-05-14 11:17:11,V018,110.0,1.0330626019484335
2026-05-14,2026-05-14 11:17:12,V018,111.0,1.0367866192116146
2026-05-14,2026-05-14 11:17:13,V018,111.0,1.0350109115025996
2026-05-14,2026-05-14 11:17:14,V018,111.0,1.034254972290938
2026-05-14,2026-05-14 11:17:15,V018,112.0,1.0339044726946442
2026-05-14,2026-05-14 11:17:16,V018,111.0,1.033763513902905
2026-05-14,2026-05-14 11:17:17,V018,110.0,1.0353312533531145
2026-05-14,2026-05-14 11:17:18,V018,110.0,1.034891989216188
2026-05-14,2026-05-14 11:17:19,V018,109.0,1.0332246166256764
2026-05-14,2026-05-14 11:17:20,V018,109.0,1.036800983101258
2026-05-14,2026-05-14 11:17:21,V018,109.0,1.0336071345851066
2026-05-14,2026-05-14 11:17:22,V018,110.0,1.0328202134585804
2026-05-14,2026-05-14 11:17:23,V018,110.0,1.0323424646062365
2026-05-14,2026-05-14 11:17:24,V018,111.0,1.0370074000381257
2026-05-14,2026-05-14 11:17:25,V018,112.0,1.0368617703355791
2026-05-14,2026-05-14 11:17:26,V018,113.0,1.0402285569998457
2026-05-14,2026-05-14 11:17:27,V018,114.0,1.0341322995800577
2026-05-14,2026-05-14 11:17:28,V018,115.0,1.0426027638199902
2026-05-14,2026-05-14 11:17:29,V018,116.0,1.0303964953739682
2026-05-14,2026-05-14 11:17:30,V018,117.0,1.0334604295904026
2026-05-14,2026-05-14 11:17:31,V018,117.0,1.032779705026
2026-05-14,2026-05-14 11:17:32,V018,118.0,1.0444052150785172
2026-05-14,2026-05-14 11:17:33,V018,118.0,1.0713340368699873
2026-05-14,2026-05-14 11:17:34,V018,118.0,1.0111216064535404
2026-05-14,2026-05-14 11:17:35,V018,119.0,1.0473099534728232
2026-05-14,2026-05-14 11:17:36,V018,119.0,1.0356948738759648
2026-05-14,2026-05-14 11:17:37,V018,118.0,1.0368616061903781
2026-05-14,2026-05-14 11:17:38,V018,118.0,1.0360365252091857
2026-05-14,2026-05-14 11:17:39,V018,118.0,1.0373559674978203
2026-05-14,2026-05-14 11:17:40,V018,117.0,1.0410467637599023
2026-05-14,2026-05-14 11:17:41,V018,117.0,1.0400824756453264
2026-05-14,2026-05-14 11:17:42,V018,117.0,1.036105929296842
2026-05-14,2026-05-14 11:17:43,V018,117.0,1.0462598415073385
2026-05-14,2026-05-14 11:17:44,V018,116.0,1.0293423939002722
2026-05-14,2026-05-14 11:17:45,V018,115.0,1.0724514668198541
2026-05-14,2026-05-14 11:17:46,V018,114.0,1.0354468668020458
2026-05-14,2026-05-14 11:17:47,V018,113.0,1.0487601952615497
2026-05-14,2026-05-14 11:17:48,V018,112.0,1.0513198442697778
2026-05-14,2026-05-14 11:17:49,V018,111.0,1.0879873830454545
2026-05-14,2026-05-14 11:17:50,V018,111.0,1.050248964717686
2026-05-14,2026-05-14 11:17:51,V018,111.0,1.1177488326920124
2026-05-14,2026-05-14 11:17:52,V018,111.0,1.0133372299438386
2026-05-14,2026-05-14 11:17:53,V018,111.0,1.0998278649303028
2026-05-14,2026-05-14 11:17:54,V018,112.0,1.0401283242062371
2026-05-14,2026-05-14 11:17:55,V018,112.0,1.0607989262737938
2026-05-14,2026-05-14 11:17:56,V018,112.0,1.0428000308532206
2026-05-14,2026-05-14 11:17:57,V018,113.0,1.0522527022130137
2026-05-14,2026-05-14 11:17:58,V018,113.0,1.0508632529325992
2026-05-14,2026-05-14 11:17:59,V018,114.0,1.0515036480194457
2026-05-14,2026-05-14 11:18:00,V018,114.0,1.0429194626418707
2026-05-14,2026-05-14 11:18:01,V018,115.0,1.0357379077163829
2026-05-14,2026-05-14 11:18:02,V018,115.0,1.0297818310273865
2026-05-14,2026-05-14 11:18:03,V018,116.0,1.097932644734503
2026-05-14,2026-05-14 11:18:04,V018,117.0,1.0449636233007045
2026-05-14,2026-05-14 11:18:05,V018,118.0,1.0197934986197148
2026-05-14,2026-05-14 11:18:06,V018,119.0,1.0748769242724523
2026-05-14,2026-05-14 11:18:07,V018,119.0,1.0615203051081192
2026-05-14,2026-05-14 11:18:08,V018,120.0,1.0294919297511047
2026-05-14,2026-05-14 11:18:09,V018,120.0,1.0274505585984521
2026-05-14,2026-05-14 11:18:10,V018,121.0,1.0237622764544085
2026-05-14,2026-05-14 11:18:11,V018,121.0,1.0793714355496558
2026-05-14,2026-05-14 11:18:12,V018,121.0,0.9931005815774411
2026-05-14,2026-05-14 11:18:13,V018,121.0,1.040395106525301
2026-05-14,2026-05-14 11:18:14,V018,120.0,1.0532751899243715
2026-05-14,2026-05-14 11:18:15,V018,120.0,1.0321286533151353
2026-05-14,2026-05-14 11:18:16,V018,119.0,1.0568790193741409
2026-05-14,2026-05-14 11:18:17,V018,119.0,1.0824103031951289
2026-05-14,2026-05-14 11:18:18,V018,118.0,1.0304469721584646
2026-05-14,2026-05-14 11:18:19,V018,118.0,1.0686315540515532
2026-05-14,2026-05-14 11:18:20,V018,117.0,1.0562103964013196
2026-05-14,2026-05-14 11:18:21,V018,117.0,1.054762218214106
2026-05-14,2026-05-14 11:18:22,V018,115.0,1.0507535960823904
2026-05-14,2026-05-14 11:18:23,V018,114.0,1.0395656230422865
2026-05-14,2026-05-14 11:18:24,V018,113.0,1.0352091918891964
2026-05-14,2026-05-14 11:18:25,V018,113.0,1.034078180411741
2026-05-14,2026-05-14 11:18:26,V018,112.0,1.0283267492245296
2026-05-14,2026-05-14 11:18:27,V018,112.0,1.0409229196918248
2026-05-14,2026-05-14 11:18:28,V018,112.0,1.0249653691194114
2026-05-14,2026-05-14 11:18:29,V018,112.0,1.0337748044705672
2026-05-14,2026-05-14 11:18:30,V018,113.0,1.0277132047670228
2026-05-14,2026-05-14 11:18:31,V018,114.0,1.0831098834915356
2026-05-14,2026-05-14 11:18:32,V018,115.0,0.9445466020379077
2026-05-14,2026-05-14 11:18:33,V018,116.0,1.0698782499480408
2026-05-14,2026-05-14 11:18:34,V018,116.0,1.0355630851165738
2026-05-14,2026-05-14 11:18:35,V018,117.0,1.0479650327135959
2026-05-14,2026-05-14 11:18:36,V018,118.0,1.1039036344174347
2026-05-14,2026-05-14 11:18:37,V018,119.0,0.9636168425474334
2026-05-14,2026-05-14 11:18:38,V018,119.0,1.0138600795193866
2026-05-14,2026-05-14 11:18:39,V018,119.0,1.0215236062847255
2026-05-14,2026-05-14 11:18:40,V018,119.0,1.0197838531107042
2026-05-14,2026-05-14 11:18:41,V018,119.0,1.0444029120577154
2026-05-14,2026-05-14 11:18:42,V018,119.0,1.0394637092375185
2026-05-14,2026-05-14 11:18:43,V018,119.0,1.0366081922518369
2026-05-14,2026-05-14 11:18:44,V018,119.0,1.042335970749537
2026-05-14,2026-05-14 11:18:45,V018,119.0,1.0430428429229452
2026-05-14,2026-05-14 11:18:46,V018,119.0,1.031449008705878
2026-05-14,2026-05-14 11:18:47,V018,119.0,1.0358500357107125
2026-05-14,2026-05-14 11:18:48,V018,119.0,1.05046104033556
2026-05-14,2026-05-14 11:18:49,V018,120.0,1.0423373570512942
2026-05-14,2026-05-14 11:18:50,V018,120.0,1.0744009460465596
2026-05-14,2026-05-14 11:18:51,V018,120.0,1.0622097178353742
2026-05-14,2026-05-14 11:18:52,V018,119.0,1.0359567243738201
2026-05-14,2026-05-14 11:18:53,V018,119.0,1.0548828181939474
2026-05-14,2026-05-14 11:18:54,V018,119.0,1.0231899893764427
2026-05-14,2026-05-14 11:18:55,V018,118.0,1.043487245766791
2026-05-14,2026-05-14 11:18:56,V018,118.0,1.0334376888631398
2026-05-14,2026-05-14 11:18:57,V018,118.0,1.0349045198901723
2026-05-14,2026-05-14 11:18:58,V018,117.0,1.034405672602614
2026-05-14,2026-05-14 11:18:59,V018,117.0,1.0337194702997416
2026-05-14,2026-05-14 11:19:00,V018,118.0,1.0446116278542659
2026-05-14,2026-05-14 11:19:01,V018,118.0,1.098385903167178
2026-05-14,2026-05-14 11:19:02,V018,119.0,1.0532590232064474
2026-05-14,2026-05-14 11:19:03,V018,119.0,1.0403573776032446
2026-05-14,2026-05-14 11:19:04,V018,118.0,1.0351054862997973
2026-05-14,2026-05-14 11:19:05,V018,118.0,1.043015226561759
2026-05-14,2026-05-14 11:19:06,V018,117.0,1.0333192653647754
2026-05-14,2026-05-14 11:19:07,V018,116.0,1.0389851801828767
2026-05-14,2026-05-14 11:19:08,V018,115.0,1.0383364016238614
2026-05-14,2026-05-14 11:19:09,V018,115.0,1.0467316093422379
2026-05-14,2026-05-14 11:19:10,V018,114.0,1.0397574138114418
2026-05-14,2026-05-14 11:19:11,V018,113.0,1.0307459860866646
2026-05-14,2026-05-14 11:19:12,V018,112.0,1.0337330396182456
2026-05-14,2026-05-14 11:19:13,V018,112.0,1.0336065936998886
2026-05-14,2026-05-14 11:19:14,V018,111.0,1.034594076068444
2026-05-14,2026-05-14 11:19:15,V018,111.0,1.032258101146728
2026-05-14,2026-05-14 11:19:16,V018,111.0,1.0324072015433408
2026-05-14,2026-05-14 11:19:17,V018,111.0,1.0406471618054718
2026-05-14,2026-05-14 11:19:18,V018,110.0,1.0646450169822304
2026-05-14,2026-05-14 11:19:19,V018,110.0,1.0236509274528165
2026-05-14,2026-05-14 11:19:20,V018,110.0,1.035789267453975
2026-05-14,2026-05-14 11:19:21,V018,111.0,1.0688683673806365
2026-05-14,2026-05-14 11:19:22,V018,111.0,1.0141733326119033
2026-05-14,2026-05-14 11:19:23,V018,111.0,1.0169799098677825
2026-05-14,2026-05-14 11:19:24,V018,111.0,1.0350193162137573
2026-05-14,2026-05-14 11:19:25,V018,112.0,1.0520179396299758
2026-05-14,2026-05-14 11:19:26,V018,112.0,1.0474205095018576
2026-05-14,2026-05-14 11:19:27,V018,113.0,1.030068293318673
2026-05-14,2026-05-14 11:19:28,V018,114.0,1.0302863622749467
2026-05-14,2026-05-14 11:19:29,V018,115.0,1.0304125690260597
2026-05-14,2026-05-14 11:19:30,V018,114.0,1.0334006297003917
2026-05-14,2026-05-14 11:19:31,V018,114.0,1.0339446017967038
2026-05-14,2026-05-14 11:19:32,V018,113.0,1.0286408248229266
2026-05-14,2026-05-14 11:19:33,V018,112.0,1.031196526856581
2026-05-14,2026-05-14 11:19:34,V018,112.0,1.0318703007111332
2026-05-14,2026-05-14 11:19:35,V018,111.0,1.0300417342176134
2026-05-14,2026-05-14 11:19:36,V018,112.0,1.0332504804375977
2026-05-14,2026-05-14 11:19:37,V018,112.0,1.0286544790682268
2026-05-14,2026-05-14 11:19:38,V018,113.0,1.034106871535054
2026-05-14,2026-05-14 11:19:39,V018,114.0,1.0308135423563884
2026-05-14,2026-05-14 11:19:40,V018,115.0,1.0304957436135875
2026-05-14,2026-05-14 11:19:41,V018,115.0,1.030370619759015
2026-05-14,2026-05-14 11:19:42,V018,116.0,1.03020793969878
2026-05-14,2026-05-14 11:19:43,V018,116.0,1.0310403710197507
2026-05-14,2026-05-14 11:19:44,V018,117.0,1.0300617422249572
2026-05-14,2026-05-14 11:19:45,V018,118.0,1.0307249940035037
2026-05-14,2026-05-14 11:19:46,V018,117.0,1.0289779673894444
2026-05-14,2026-05-14 11:19:47,V018,117.0,1.031863457761587
2026-05-14,2026-05-14 11:19:48,V018,116.0,1.0481689517532735
2026-05-14,2026-05-14 11:19:49,V018,116.0,1.0382031331566586
2026-05-14,2026-05-14 11:19:50,V018,115.0,1.0749845213272216
2026-05-14,2026-05-14 11:19:51,V018,114.0,1.0589749983630965
2026-05-14,2026-05-14 11:19:52,V018,113.0,1.047447418758142
2026-05-14,2026-05-14 11:19:53,V018,112.0,1.0544456235159836
2026-05-14,2026-05-14 11:19:54,V018,112.0,1.0451492509722635
2026-05-14,2026-05-14 11:19:55,V018,112.0,1.0689203449123803
2026-05-14,2026-05-14 11:19:56,V018,113.0,1.0254894794287335
2026-05-14,2026-05-14 11:19:57,V018,114.0,1.1542519883710338
2026-05-14,2026-05-14 11:19:58,V018,114.0,1.2852891895465346
2026-05-14,2026-05-14 11:19:59,V018,115.0,1.105001394119723
2026-05-14,2026-05-14 11:20:00,V018,114.0,1.1199491625773967
2026-05-14,2026-05-14 11:20:01,V018,113.0,1.1410191919397417
2026-05-14,2026-05-14 11:20:02,V018,112.0,2.2466542941171492
2026-05-14,2026-05-14 11:20:03,V018,111.0,1.9486197184927885
2026-05-14,2026-05-14 11:20:04,V018,112.0,1.4969616307647422
2026-05-14,2026-05-14 11:20:05,V018,113.0,1.2503875986595383
2026-05-14,2026-05-14 11:20:06,V018,115.0,1.1058972800454994
2026-05-14,2026-05-14 11:20:07,V018,116.0,1.1498245934053786
2026-05-14,2026-05-14 11:20:08,V018,117.0,1.0403857974406734
2026-05-14,2026-05-14 11:20:09,V018,119.0,1.0858956401020823
2026-05-14,2026-05-14 11:20:10,V018,120.0,1.3230314375134855
2026-05-14,2026-05-14 11:20:11,V018,122.0,1.185245954734743
2026-05-14,2026-05-14 11:20:12,V018,123.0,1.105572077753886
2026-05-14,2026-05-14 11:20:13,V018,123.0,1.1523026084703347
2026-05-14,2026-05-14 11:20:14,V018,125.0,1.0402346561432398
2026-05-14,2026-05-14 11:20:15,V018,126.0,1.0391643631924519
2026-05-14,2026-05-14 11:20:16,V018,128.0,1.0576882425091478
2026-05-14,2026-05-14 11:20:17,V018,129.0,1.04187491192472
2026-05-14,2026-05-14 11:20:18,V018,129.0,1.0569971765282256
2026-05-14,2026-05-14 11:20:19,V018,130.0,1.0619015017079523
2026-05-14,2026-05-14 11:20:20,V018,130.0,1.077457541561948
2026-05-14,2026-05-14 11:20:21,V018,130.0,1.0513079189629402
2026-05-14,2026-05-14 11:20:22,V018,130.0,1.0349774470178925
2026-05-14,2026-05-14 11:20:23,V018,130.0,1.0938695980586315
2026-05-14,2026-05-14 11:20:24,V018,130.0,1.0579214890468474
2026-05-14,2026-05-14 11:20:25,V018,130.0,1.084857364416673
2026-05-14,2026-05-14 11:20:26,V018,130.0,1.0769225324399934
2026-05-14,2026-05-14 11:20:27,V018,130.0,1.1466060347322846
2026-05-14,2026-05-14 11:20:28,V018,130.0,1.0291577981120803
2026-05-14,2026-05-14 11:20:29,V018,131.0,1.0636542892196235
2026-05-14,2026-05-14 11:20:30,V018,132.0,1.0458404753227974
2026-05-14,2026-05-14 11:20:31,V018,133.0,1.073395060121893
2026-05-14,2026-05-14 11:20:32,V018,132.0,1.040469188624992
2026-05-14,2026-05-14 11:20:33,V018,132.0,1.2141776497775838
2026-05-14,2026-05-14 11:20:34,V018,132.0,1.48388582614115
2026-05-14,2026-05-14 11:20:35,V018,132.0,1.630559587377628
2026-05-14,2026-05-14 11:20:36,V018,133.0,1.5880308981010964
2026-05-14,2026-05-14 11:20:37,V018,133.0,2.087198999738956
2026-05-14,2026-05-14 11:20:38,V018,133.0,1.9973870846552226
2026-05-14,2026-05-14 11:20:39,V018,134.0,1.7046129101615226
2026-05-14,2026-05-14 11:20:40,V018,135.0,1.1960943669740591
2026-05-14,2026-05-14 11:20:41,V018,136.0,1.0856212010413298
2026-05-14,2026-05-14 11:20:42,V018,138.0,1.0579950969093592
2026-05-14,2026-05-14 11:20:43,V018,139.0,1.0860905142729187
2026-05-14,2026-05-14 11:20:44,V018,141.0,1.0553653197279613
2026-05-14,2026-05-14 11:20:45,V018,142.0,1.0841191299137263
2026-05-14,2026-05-14 11:20:46,V018,144.0,1.0009970350336699
2026-05-14,2026-05-14 11:20:47,V018,145.0,1.006013178567465
2026-05-14,2026-05-14 11:20:48,V018,146.0,1.0458842195848468
2026-05-14,2026-05-14 11:20:49,V018,147.0,1.0864125062576488
2026-05-14,2026-05-14 11:20:50,V018,148.0,1.0438173593398283
2026-05-14,2026-05-14 11:20:51,V018,149.0,1.0346530743045876
2026-05-14,2026-05-14 11:20:52,V018,150.0,1.0428385103406983
2026-05-14,2026-05-14 11:20:53,V018,150.0,1.0281233317808582
2026-05-14,2026-05-14 11:20:54,V018,151.0,1.0328202650292462
2026-05-14,2026-05-14 11:20:55,V018,151.0,1.0439346794598665
2026-05-14,2026-05-14 11:20:56,V018,152.0,1.0325806079751374
2026-05-14,2026-05-14 11:20:57,V018,152.0,1.0506690036060753
2026-05-14,2026-05-14 11:20:58,V018,152.0,1.011826166756796
2026-05-14,2026-05-14 11:20:59,V018,152.0,1.042351388830497
2026-05-14,2026-05-14 11:21:00,V018,152.0,1.0862124654591576
2026-05-14,2026-05-14 11:21:01,V018,152.0,1.0269794802655363
2026-05-14,2026-05-14 11:21:02,V018,152.0,1.0476871663215963
2026-05-14,2026-05-14 11:21:03,V018,151.0,1.0298550721857946
2026-05-14,2026-05-14 11:21:04,V018,151.0,1.0364620606195394
2026-05-14,2026-05-14 11:21:05,V018,152.0,1.0324468907376776
2026-05-14,2026-05-14 11:21:06,V018,152.0,1.0393404878237578
2026-05-14,2026-05-14 11:21:07,V018,152.0,1.060557495963753
2026-05-14,2026-05-14 11:21:08,V018,152.0,1.0400243944403051
2026-05-14,2026-05-14 11:21:09,V018,152.0,1.0363619457362596
2026-05-14,2026-05-14 11:21:10,V018,152.0,1.0333438017170222
2026-05-14,2026-05-14 11:21:11,V018,151.0,1.0409177484253636
2026-05-14,2026-05-14 11:21:12,V018,150.0,1.0323695917181839
2026-05-14,2026-05-14 11:21:13,V018,149.0,1.0371418950711855
2026-05-14,2026-05-14 11:21:14,V018,148.0,1.046973284001128
2026-05-14,2026-05-14 11:21:15,V018,148.0,1.0353338465255226
2026-05-14,2026-05-14 11:21:16,V018,147.0,1.0463427030422563
2026-05-14,2026-05-14 11:21:17,V018,146.0,1.0367193830101717
2026-05-14,2026-05-14 11:21:18,V018,146.0,1.035116564670041
2026-05-14,2026-05-14 11:21:19,V018,145.0,1.0521592160017499
2026-05-14,2026-05-14 11:21:20,V018,144.0,1.0399790895000054
2026-05-14,2026-05-14 11:21:21,V018,143.0,1.0345113397700767
2026-05-14,2026-05-14 11:21:22,V018,142.0,1.0443866981346075
2026-05-14,2026-05-14 11:21:23,V018,141.0,1.0698736452109125
2026-05-14,2026-05-14 11:21:24,V018,140.0,0.9917088189769406
2026-05-14,2026-05-14 11:21:25,V018,139.0,1.0509658245844182
2026-05-14,2026-05-14 11:21:26,V018,139.0,1.0266861167574914
2026-05-14,2026-05-14 11:21:27,V018,139.0,1.0551116572293793
2026-05-14,2026-05-14 11:21:28,V018,138.0,1.0454895507161175
2026-05-14,2026-05-14 11:21:29,V018,138.0,1.0306095928348922
2026-05-14,2026-05-14 11:21:30,V018,138.0,1.0700121031069971
2026-05-14,2026-05-14 11:21:31,V018,137.0,1.0537545237824808
2026-05-14,2026-05-14 11:21:32,V018,136.0,1.0604557689339433
2026-05-14,2026-05-14 11:21:33,V018,136.0,1.023509354159559
2026-05-14,2026-05-14 11:21:34,V018,135.0,1.0460649411350391
2026-05-14,2026-05-14 11:21:35,V018,135.0,1.0375614772427346
2026-05-14,2026-05-14 11:21:36,V018,134.0,1.0408934286551843
2026-05-14,2026-05-14 11:21:37,V018,134.0,1.0409956190014262
2026-05-14,2026-05-14 11:21:38,V018,134.0,1.0560974814094504
2026-05-14,2026-05-14 11:21:39,V018,134.0,1.0321977768654031
2026-05-14,2026-05-14 11:21:40,V018,133.0,1.0404152911361264
2026-05-14,2026-05-14 11:21:41,V018,133.0,1.0511776076496486
2026-05-14,2026-05-14 11:21:42,V018,133.0,1.0342109667955106
2026-05-14,2026-05-14 11:21:43,V018,133.0,1.0406145820847992
2026-05-14,2026-05-14 11:21:44,V018,132.0,1.0366481369866853
2026-05-14,2026-05-14 11:21:45,V018,132.0,1.0367164383635052
2026-05-14,2026-05-14 11:21:46,V018,132.0,1.0306418519004985
2026-05-14,2026-05-14 11:21:47,V018,131.0,1.0337381381532185
2026-05-14,2026-05-14 11:21:48,V018,131.0,1.032586880179835
2026-05-14,2026-05-14 11:21:49,V018,131.0,1.0331650030109831
2026-05-14,2026-05-14 11:21:50,V018,131.0,1.031393805821686
2026-05-14,2026-05-14 11:21:51,V018,131.0,1.0414839257952107
2026-05-14,2026-05-14 11:21:52,V018,131.0,1.071986853767178
2026-05-14,2026-05-14 11:21:53,V018,132.0,0.9927110746625811
2026-05-14,2026-05-14 11:21:54,V018,132.0,1.0609703738744662
2026-05-14,2026-05-14 11:21:55,V018,133.0,1.2075490750757898
2026-05-14,2026-05-14 11:21:56,V018,133.0,1.0578590207511165
2026-05-14,2026-05-14 11:21:57,V018,133.0,1.0306444142400715
2026-05-14,2026-05-14 11:21:58,V018,132.0,1.038750137844123
2026-05-14,2026-05-14 11:21:59,V018,131.0,1.0382797313375247
2026-05-14,2026-05-14 11:22:00,V018,131.0,1.031725118842685
2026-05-14,2026-05-14 11:22:01,V018,131.0,1.0336410088580366
2026-05-14,2026-05-14 11:22:02,V018,131.0,1.0328824529114056
2026-05-14,2026-05-14 11:22:03,V018,131.0,1.0323875496216655
2026-05-14,2026-05-14 11:22:04,V018,131.0,1.0511700975090343
2026-05-14,2026-05-14 11:22:05,V018,131.0,1.1359022200188593
2026-05-14,2026-05-14 11:22:06,V018,131.0,1.06108467965924
2026-05-14,2026-05-14 11:22:07,V018,131.0,1.0706538373723347
2026-05-14,2026-05-14 11:22:08,V018,131.0,1.0733949130216864
2026-05-14,2026-05-14 11:22:09,V018,132.0,1.0390965091677582
2026-05-14,2026-05-14 11:22:10,V018,131.0,1.0334591335667915
2026-05-14,2026-05-14 11:22:11,V018,131.0,1.0446949881745096
2026-05-14,2026-05-14 11:22:12,V018,131.0,1.036790634420686
2026-05-14,2026-05-14 11:22:13,V018,130.0,1.085393134351246
2026-05-14,2026-05-14 11:22:14,V018,130.0,1.056790871139117
2026-05-14,2026-05-14 11:22:15,V018,130.0,1.0912362926384684
2026-05-14,2026-05-14 11:22:16,V018,130.0,1.053676123314216
2026-05-14,2026-05-14 11:22:17,V018,130.0,1.0813178293346066
2026-05-14,2026-05-14 11:22:18,V018,129.0,1.0672816413894661
2026-05-14,2026-05-14 11:22:19,V018,129.0,1.0506785844755748
2026-05-14,2026-05-14 11:22:20,V018,129.0,1.1165189860196256
2026-05-14,2026-05-14 11:22:21,V018,128.0,1.103377260245084
2026-05-14,2026-05-14 11:22:22,V018,128.0,1.0453260673397806
2026-05-14,2026-05-14 11:22:23,V018,128.0,1.0434324908618666
2026-05-14,2026-05-14 11:22:24,V018,128.0,1.0385842378291847
2026-05-14,2026-05-14 11:22:25,V018,127.0,1.4691060864347039
2026-05-14,2026-05-14 11:22:26,V018,127.0,1.601942043032462
2026-05-14,2026-05-14 11:22:27,V018,127.0,1.2058096156015037
2026-05-14,2026-05-14 11:22:28,V018,127.0,1.056617174476659
2026-05-14,2026-05-14 11:22:29,V018,126.0,1.0619846109455156
2026-05-14,2026-05-14 11:22:30,V018,126.0,1.0928862465583387
2026-05-14,2026-05-14 11:22:31,V018,126.0,1.0750746264179285
2026-05-14,2026-05-14 11:22:32,V018,125.0,0.9718114014293335
2026-05-14,2026-05-14 11:22:33,V018,125.0,1.1027351032106198
2026-05-14,2026-05-14 11:22:34,V018,125.0,1.0703560848435376
2026-05-14,2026-05-14 11:22:35,V018,126.0,1.042293431691436
2026-05-14,2026-05-14 11:22:36,V018,126.0,1.0231800767509696
2026-05-14,2026-05-14 11:22:37,V018,126.0,1.2225665696534758
2026-05-14,2026-05-14 11:22:38,V018,127.0,1.1006875852567188
2026-05-14,2026-05-14 11:22:39,V018,128.0,1.0572866780591152
2026-05-14,2026-05-14 11:22:40,V018,128.0,1.054955686847885
2026-05-14,2026-05-14 11:22:41,V018,129.0,1.2360913596013603
2026-05-14,2026-05-14 11:22:42,V018,130.0,1.0347058788557701
2026-05-14,2026-05-14 11:22:43,V018,131.0,1.2749642808218886
2026-05-14,2026-05-14 11:22:44,V018,132.0,0.9315884701149201
2026-05-14,2026-05-14 11:22:45,V018,133.0,1.1385593210914278
2026-05-14,2026-05-14 11:22:46,V018,133.0,1.0561396129944667
2026-05-14,2026-05-14 11:22:47,V018,133.0,1.0587263669658524
2026-05-14,2026-05-14 11:22:48,V018,133.0,1.0296107900808917
2026-05-14,2026-05-14 11:22:49,V018,133.0,1.8433997266784226
2026-05-14,2026-05-14 11:22:50,V018,133.0,2.34115362867762
2026-05-14,2026-05-14 11:22:51,V018,133.0,1.6287626758243834
2026-05-14,2026-05-14 11:22:52,V018,132.0,1.125459430919224
2026-05-14,2026-05-14 11:22:53,V018,131.0,1.3459456321122438
2026-05-14,2026-05-14 11:22:54,V018,132.0,1.614686690505022
2026-05-14,2026-05-14 11:22:55,V018,132.0,1.3442600309023485
2026-05-14,2026-05-14 11:22:56,V018,133.0,1.0646009969489953
2026-05-14,2026-05-14 11:22:57,V018,134.0,1.0495963081568145
2026-05-14,2026-05-14 11:22:58,V018,135.0,1.024023065314559
2026-05-14,2026-05-14 11:22:59,V018,136.0,1.0994399671216963
2026-05-14,2026-05-14 11:23:00,V018,136.0,1.0718447415278611
2026-05-14,2026-05-14 11:23:01,V018,137.0,1.0420259992976717
2026-05-14,2026-05-14 11:23:02,V018,138.0,1.0345870762711
2026-05-14,2026-05-14 11:23:03,V018,138.0,1.0418739510968487
2026-05-14,2026-05-14 11:23:04,V018,138.0,1.0596793599778627
2026-05-14,2026-05-14 11:23:05,V018,137.0,1.035943010343606
2026-05-14,2026-05-14 11:23:06,V018,137.0,1.0698489268983824
2026-05-14,2026-05-14 11:23:07,V018,137.0,1.039270437414634
2026-05-14,2026-05-14 11:23:08,V018,136.0,1.0323844508427196
2026-05-14,2026-05-14 11:23:09,V018,136.0,1.0431290685901815
2026-05-14,2026-05-14 11:23:10,V018,136.0,1.041512710163702
2026-05-14,2026-05-14 11:23:11,V018,136.0,1.035310892642967
2026-05-14,2026-05-14 11:23:12,V018,135.0,1.0359991343008403
2026-05-14,2026-05-14 11:23:13,V018,135.0,1.034973621409015
2026-05-14,2026-05-14 11:23:14,V018,135.0,1.0363621262402736
2026-05-14,2026-05-14 11:23:15,V018,134.0,1.0328023047908206
2026-05-14,2026-05-14 11:23:16,V018,134.0,1.033631432939988
2026-05-14,2026-05-14 11:23:17,V018,133.0,1.033697935604597
2026-05-14,2026-05-14 11:23:18,V018,133.0,1.0448126407274323
2026-05-14,2026-05-14 11:23:19,V018,134.0,1.0300877110498616
2026-05-14,2026-05-14 11:23:20,V018,135.0,1.0658245745669814
2026-05-14,2026-05-14 11:23:21,V018,135.0,1.057885002517976
2026-05-14,2026-05-14 11:23:22,V018,136.0,1.0636251228594964
2026-05-14,2026-05-14 11:23:23,V018,136.0,1.049024864497045
2026-05-14,2026-05-14 11:23:24,V018,135.0,1.0632957647434618
2026-05-14,2026-05-14 11:23:25,V018,135.0,1.0328442471631336
2026-05-14,2026-05-14 11:23:26,V018,134.0,1.0481608324868563
2026-05-14,2026-05-14 11:23:27,V018,134.0,1.033009352371633
2026-05-14,2026-05-14 11:23:28,V018,134.0,1.0446720827004212
2026-05-14,2026-05-14 11:23:29,V018,134.0,1.0309689385210208
2026-05-14,2026-05-14 11:23:30,V018,134.0,1.047636943817893
2026-05-14,2026-05-14 11:23:31,V018,134.0,1.0722987666219286
2026-05-14,2026-05-14 11:23:32,V018,134.0,1.0581240936711305
2026-05-14,2026-05-14 11:23:33,V018,134.0,1.055816200111078
2026-05-14,2026-05-14 11:23:34,V018,134.0,1.0575863949996935
2026-05-14,2026-05-14 11:23:35,V018,134.0,1.035394044358978
2026-05-14,2026-05-14 11:23:36,V018,133.0,1.0454934361373227
2026-05-14,2026-05-14 11:23:37,V018,132.0,1.0489192031469918
2026-05-14,2026-05-14 11:23:38,V018,131.0,1.0484758185093694
2026-05-14,2026-05-14 11:23:39,V018,130.0,1.0524693746572178
2026-05-14,2026-05-14 11:23:40,V018,129.0,1.0453917256575895
2026-05-14,2026-05-14 11:23:41,V018,129.0,1.0728535583501677
2026-05-14,2026-05-14 11:23:42,V018,128.0,1.0234918183516846
2026-05-14,2026-05-14 11:23:43,V018,127.0,1.0166387326172335
2026-05-14,2026-05-14 11:23:44,V018,126.0,1.0143108425790286
2026-05-14,2026-05-14 11:23:45,V018,126.0,0.9632709310917809
2026-05-14,2026-05-14 11:23:46,V018,125.0,1.126126633251385
2026-05-14,2026-05-14 11:23:47,V018,125.0,1.031112541569463
2026-05-14,2026-05-14 11:23:48,V018,124.0,1.0877991778349414
2026-05-14,2026-05-14 11:23:49,V018,124.0,1.0375034440517787
2026-05-14,2026-05-14 11:23:50,V018,123.0,1.0339730865234271
2026-05-14,2026-05-14 11:23:51,V018,123.0,1.0377946670565656
2026-05-14,2026-05-14 11:23:52,V018,122.0,1.0365040829746592
2026-05-14,2026-05-14 11:23:53,V018,122.0,1.0326676540940338
2026-05-14,2026-05-14 11:23:54,V018,122.0,1.0354128547508734
2026-05-14,2026-05-14 11:23:55,V018,122.0,1.0353542107682032
2026-05-14,2026-05-14 11:23:56,V018,122.0,1.0360329960465988
2026-05-14,2026-05-14 11:23:57,V018,121.0,1.0408132918446311
2026-05-14,2026-05-14 11:23:58,V018,121.0,1.015549263339586
2026-05-14,2026-05-14 11:23:59,V018,121.0,1.2762688430788127
2026-05-14,2026-05-14 11:24:00,V018,120.0,1.052248111413588
2026-05-14,2026-05-14 11:24:01,V018,119.0,1.0510753941142315
2026-05-14,2026-05-14 11:24:02,V018,117.0,1.09067416907945
2026-05-14,2026-05-14 11:24:03,V018,116.0,1.0367580555913356
2026-05-14,2026-05-14 11:24:04,V018,115.0,1.0529265728866615
2026-05-14,2026-05-14 11:24:05,V018,115.0,1.0271577170824346
2026-05-14,2026-05-14 11:24:06,V018,115.0,1.0398520207181055
2026-05-14,2026-05-14 11:24:07,V018,115.0,1.035734654388082
2026-05-14,2026-05-14 11:24:08,V018,116.0,1.0334443810915261
2026-05-14,2026-05-14 11:24:09,V018,116.0,1.034021698126644
2026-05-14,2026-05-14 11:24:10,V018,117.0,1.0322565967242148
2026-05-14,2026-05-14 11:24:11,V018,118.0,1.0330988895605848
2026-05-14,2026-05-14 11:24:12,V018,119.0,1.0347421568990347
2026-05-14,2026-05-14 11:24:13,V018,120.0,1.032240911359643
2026-05-14,2026-05-14 11:24:14,V018,120.0,1.0331609526456962
2026-05-14,2026-05-14 11:24:15,V018,121.0,1.0334386567708893
2026-05-14,2026-05-14 11:24:16,V018,120.0,1.0342492913662475
2026-05-14,2026-05-14 11:24:17,V018,120.0,1.0329226031490695
2026-05-14,2026-05-14 11:24:18,V018,120.0,1.0324003142590075
2026-05-14,2026-05-14 11:24:19,V018,120.0,1.0331541134535305
2026-05-14,2026-05-14 11:24:20,V018,120.0,1.0333276193965175
2026-05-14,2026-05-14 11:24:21,V018,120.0,1.0340181071801342
2026-05-14,2026-05-14 11:24:22,V018,120.0,1.0330603651517205
2026-05-14,2026-05-14 11:24:23,V018,121.0,1.0337546054877456
2026-05-14,2026-05-14 11:24:24,V018,121.0,1.0330159314209868
2026-05-14,2026-05-14 11:24:25,V018,122.0,1.0338926032582907
2026-05-14,2026-05-14 11:24:26,V018,122.0,1.0348424329116013
2026-05-14,2026-05-14 11:24:27,V018,122.0,1.035574700600241
2026-05-14,2026-05-14 11:24:28,V018,123.0,1.035201906339281
2026-05-14,2026-05-14 11:24:29,V018,123.0,1.0409544731149982
2026-05-14,2026-05-14 11:24:30,V018,123.0,1.0635595954676975
2026-05-14,2026-05-14 11:24:31,V018,122.0,1.0208179287503598
2026-05-14,2026-05-14 11:24:32,V018,122.0,1.0782138857811956
2026-05-14,2026-05-14 11:24:33,V018,121.0,0.9827743576240487
2026-05-14,2026-05-14 11:24:34,V018,121.0,1.1643659101306665
2026-05-14,2026-05-14 11:24:35,V018,120.0,1.063426890010672
2026-05-14,2026-05-14 11:24:36,V018,120.0,1.043154310173722
2026-05-14,2026-05-14 11:24:37,V018,120.0,1.036875852519658
2026-05-14,2026-05-14 11:24:38,V018,120.0,1.0635111990793353
2026-05-14,2026-05-14 11:24:39,V018,121.0,1.0703137754449705
2026-05-14,2026-05-14 11:24:40,V018,121.0,1.0440256237666754
2026-05-14,2026-05-14 11:24:41,V018,121.0,1.0469177806423269
2026-05-14,2026-05-14 11:24:42,V018,121.0,1.1715921399370188
2026-05-14,2026-05-14 11:24:43,V018,121.0,1.0992157638590547
2026-05-14,2026-05-14 11:24:44,V018,120.0,1.126148179527183
2026-05-14,2026-05-14 11:24:45,V018,120.0,1.2798574916881087
2026-05-14,2026-05-14 11:24:46,V018,120.0,1.3926596504125932
2026-05-14,2026-05-14 11:24:47,V018,119.0,1.0545929494072597
2026-05-14,2026-05-14 11:24:48,V018,120.0,1.0653129793298555
2026-05-14,2026-05-14 11:24:49,V018,120.0,1.0223499327751846
2026-05-14,2026-05-14 11:24:50,V018,120.0,1.0543496555414402
2026-05-14,2026-05-14 11:24:51,V018,121.0,1.2566762491403172
2026-05-14,2026-05-14 11:24:52,V018,121.0,1.2156831686281624
2026-05-14,2026-05-14 11:24:53,V018,122.0,1.0369574480786035
2026-05-14,2026-05-14 11:24:54,V018,123.0,1.1184111732680628
2026-05-14,2026-05-14 11:24:55,V018,123.0,1.0996134828681328
2026-05-14,2026-05-14 11:24:56,V018,124.0,1.0765403556019868
2026-05-14,2026-05-14 11:24:57,V018,125.0,1.0485368770866719
2026-05-14,2026-05-14 11:24:58,V018,126.0,1.3065491644941671
2026-05-14,2026-05-14 11:24:59,V018,127.0,1.2803307812105384
2026-05-14,2026-05-14 11:25:00,V018,128.0,1.3791825462668807
2026-05-14,2026-05-14 11:25:01,V018,129.0,1.2647662064013874
2026-05-14,2026-05-14 11:25:02,V018,130.0,1.2873328684585519
2026-05-14,2026-05-14 11:25:03,V018,131.0,1.1189864325658356
2026-05-14,2026-05-14 11:25:04,V018,132.0,1.0679876783881703
2026-05-14,2026-05-14 11:25:05,V018,132.0,1.082602114645364
2026-05-14,2026-05-14 11:25:06,V018,132.0,1.112640901009347
2026-05-14,2026-05-14 11:25:07,V018,132.0,1.166702520658039
2026-05-14,2026-05-14 11:25:08,V018,132.0,1.2130214881808636
2026-05-14,2026-05-14 11:25:09,V018,131.0,1.087237215625803
2026-05-14,2026-05-14 11:25:10,V018,130.0,1.251477247309252
2026-05-14,2026-05-14 11:25:11,V018,129.0,1.2168042337927443
2026-05-14,2026-05-14 11:25:12,V018,128.0,1.0637702431042964
2026-05-14,2026-05-14 11:25:13,V018,127.0,1.0627480018969613
2026-05-14,2026-05-14 11:25:14,V018,128.0,1.1207565823459127
2026-05-14,2026-05-14 11:25:15,V018,128.0,1.143352597179028
2026-05-14,2026-05-14 11:25:16,V018,129.0,1.0846227802802604
2026-05-14,2026-05-14 11:25:17,V018,129.0,0.9778679881809115
2026-05-14,2026-05-14 11:25:18,V018,129.0,1.2389155572502732
2026-05-14,2026-05-14 11:25:19,V018,130.0,1.0768973343345485
2026-05-14,2026-05-14 11:25:20,V018,130.0,1.0654703637343887
2026-05-14,2026-05-14 11:25:21,V018,130.0,1.1344770171014968
2026-05-14,2026-05-14 11:25:22,V018,131.0,1.5588229150522033
2026-05-14,2026-05-14 11:25:23,V018,132.0,1.1887955288507372
2026-05-14,2026-05-14 11:25:24,V018,133.0,0.977484734280622
2026-05-14,2026-05-14 11:25:25,V018,134.0,1.1066743090329123
2026-05-14,2026-05-14 11:25:26,V018,135.0,1.0742680344521403
2026-05-14,2026-05-14 11:25:27,V018,136.0,1.0805518276212385
2026-05-14,2026-05-14 11:25:28,V018,137.0,1.0729334330508877
2026-05-14,2026-05-14 11:25:29,V018,138.0,1.0585771764460472
2026-05-14,2026-05-14 11:25:30,V018,139.0,1.1335243393339465
2026-05-14,2026-05-14 11:25:31,V018,140.0,1.0701154762236889
2026-05-14,2026-05-14 11:25:32,V018,140.0,1.0416090806651492
2026-05-14,2026-05-14 11:25:33,V018,141.0,1.0347921404265727
2026-05-14,2026-05-14 11:25:34,V018,142.0,1.0858564561822157
2026-05-14,2026-05-14 11:25:35,V018,142.0,1.0732421643375163
2026-05-14,2026-05-14 11:25:36,V018,143.0,1.0487460492847591
2026-05-14,2026-05-14 11:25:37,V018,143.0,1.065401612524374
2026-05-14,2026-05-14 11:25:38,V018,143.0,1.0371285135692891
2026-05-14,2026-05-14 11:25:39,V018,143.0,1.0352969569739863
2026-05-14,2026-05-14 11:25:40,V018,144.0,1.0803630346406348
2026-05-14,2026-05-14 11:25:41,V018,144.0,1.0496784476135461
2026-05-14,2026-05-14 11:25:42,V018,143.0,1.0610519446370725
2026-05-14,2026-05-14 11:25:43,V018,143.0,1.0656353690149034
2026-05-14,2026-05-14 11:25:44,V018,142.0,1.0496789572377865
2026-05-14,2026-05-14 11:25:45,V018,142.0,1.0615522948685854
2026-05-14,2026-05-14 11:25:46,V018,141.0,1.049436829135055
2026-05-14,2026-05-14 11:25:47,V018,140.0,1.05592349202992
2026-05-14,2026-05-14 11:25:48,V018,138.0,1.066192418110918
2026-05-14,2026-05-14 11:25:49,V018,138.0,1.032235445977081
2026-05-14,2026-05-14 11:25:50,V018,137.0,1.032727070256067
2026-05-14,2026-05-14 11:25:51,V018,136.0,1.0103190110618085
2026-05-14,2026-05-14 11:25:52,V018,136.0,1.003853419587469
2026-05-14,2026-05-14 11:25:53,V018,135.0,0.9980164521181958
2026-05-14,2026-05-14 11:25:54,V018,135.0,1.0355432772010562
2026-05-14,2026-05-14 11:25:55,V018,135.0,1.0275484398642076
2026-05-14,2026-05-14 11:25:56,V018,134.0,1.074037051152234
2026-05-14,2026-05-14 11:25:57,V018,134.0,1.0031538506190014
2026-05-14,2026-05-14 11:25:58,V018,134.0,1.0183596558989811
2026-05-14,2026-05-14 11:25:59,V018,133.0,1.0183437399419264
2026-05-14,2026-05-14 11:26:00,V018,133.0,1.016832035374518
2026-05-14,2026-05-14 11:26:01,V018,133.0,1.0240646176745072
2026-05-14,2026-05-14 11:26:02,V018,133.0,1.0206397974562798
2026-05-14,2026-05-14 11:26:03,V018,133.0,1.0161177640075592
2026-05-14,2026-05-14 11:26:04,V018,133.0,1.0104879669899853
2026-05-14,2026-05-14 11:26:05,V018,133.0,1.0493332070019872
2026-05-14,2026-05-14 11:26:06,V018,133.0,1.0399554535832911
2026-05-14,2026-05-14 11:26:07,V018,133.0,1.0565095398729472
2026-05-14,2026-05-14 11:26:08,V018,133.0,1.0214535819297987
2026-05-14,2026-05-14 11:26:09,V018,132.0,1.03225142114981
2026-05-14,2026-05-14 11:26:10,V018,132.0,1.0407407741727697
2026-05-14,2026-05-14 11:26:11,V018,132.0,1.0493579312034766
2026-05-14,2026-05-14 11:26:12,V018,131.0,1.0605090236022734
2026-05-14,2026-05-14 11:26:13,V018,131.0,1.038791229265425
2026-05-14,2026-05-14 11:26:14,V018,131.0,1.0386573154393552
2026-05-14,2026-05-14 11:26:15,V018,131.0,1.0580367185311053
2026-05-14,2026-05-14 11:26:16,V018,131.0,1.0301170087684772
2026-05-14,2026-05-14 11:26:17,V018,131.0,1.0350430212168935
2026-05-14,2026-05-14 11:26:18,V018,131.0,1.0374754676410178
2026-05-14,2026-05-14 11:26:19,V018,131.0,1.0619013066821132
2026-05-14,2026-05-14 11:26:20,V018,131.0,1.0302451709344507
2026-05-14,2026-05-14 11:26:21,V018,131.0,1.0302314384415487
2026-05-14,2026-05-14 11:26:22,V018,131.0,1.0335378245816214
2026-05-14,2026-05-14 11:26:23,V018,132.0,1.0444528212054636
2026-05-14,2026-05-14 11:26:24,V018,132.0,1.0784495999622927
2026-05-14,2026-05-14 11:26:25,V018,132.0,1.0094637932123456
2026-05-14,2026-05-14 11:26:26,V018,131.0,1.0269355397804905
2026-05-14,2026-05-14 11:26:27,V018,131.0,1.0225041106212451
2026-05-14,2026-05-14 11:26:28,V018,130.0,1.019849530806637
2026-05-14,2026-05-14 11:26:29,V018,129.0,1.0224738961143787
2026-05-14,2026-05-14 11:26:30,V018,128.0,1.0217765588382988
2026-05-14,2026-05-14 11:26:31,V018,128.0,1.0204671006484825
2026-05-14,2026-05-14 11:26:32,V018,129.0,1.0285930812607402
2026-05-14,2026-05-14 11:26:33,V018,129.0,1.0490602278842636
2026-05-14,2026-05-14 11:26:34,V018,130.0,1.0243656840931161
2026-05-14,2026-05-14 11:26:35,V018,131.0,1.1063900369809168
2026-05-14,2026-05-14 11:26:36,V018,131.0,1.3187280076271617
2026-05-14,2026-05-14 11:26:37,V018,132.0,1.0498935704828354
2026-05-14,2026-05-14 11:26:38,V018,132.0,1.0528860197574639
2026-05-14,2026-05-14 11:26:39,V018,132.0,1.0420619310120838
2026-05-14,2026-05-14 11:26:40,V018,131.0,1.032811282755886
2026-05-14,2026-05-14 11:26:41,V018,130.0,1.0518439313756947
2026-05-14,2026-05-14 11:26:42,V018,129.0,1.041423421682788
2026-05-14,2026-05-14 11:26:43,V018,128.0,1.0260959526588214
2026-05-14,2026-05-14 11:26:44,V018,127.0,1.0567677063582723
2026-05-14,2026-05-14 11:26:45,V018,126.0,1.0487803318734268
2026-05-14,2026-05-14 11:26:46,V018,126.0,1.03976855609122
2026-05-14,2026-05-14 11:26:47,V018,125.0,1.0294193750703413
2026-05-14,2026-05-14 11:26:48,V018,125.0,1.0848147530893897
2026-05-14,2026-05-14 11:26:49,V018,125.0,0.9918264359846964
2026-05-14,2026-05-14 11:26:50,V018,125.0,1.0915374791751127
2026-05-14,2026-05-14 11:26:51,V018,124.0,1.096943677160998
2026-05-14,2026-05-14 11:26:52,V018,124.0,1.1011496334886166
2026-05-14,2026-05-14 11:26:53,V018,125.0,1.0390731068735435
2026-05-14,2026-05-14 11:26:54,V018,125.0,1.1352592968566872
2026-05-14,2026-05-14 11:26:55,V018,125.0,1.0333172486942903
2026-05-14,2026-05-14 11:26:56,V018,126.0,1.0964256478583498
2026-05-14,2026-05-14 11:26:57,V018,127.0,1.1092898636969597
2026-05-14,2026-05-14 11:26:58,V018,128.0,1.0216259235430403
2026-05-14,2026-05-14 11:26:59,V018,129.0,1.1594386060139426
2026-05-14,2026-05-14 11:27:00,V018,130.0,1.0459022479909084
2026-05-14,2026-05-14 11:27:01,V018,131.0,1.0764543264414224
2026-05-14,2026-05-14 11:27:02,V018,131.0,1.0714517101433243
2026-05-14,2026-05-14 11:27:03,V018,131.0,1.1326429661583848
2026-05-14,2026-05-14 11:27:04,V018,131.0,1.0827858420737357
2026-05-14,2026-05-14 11:27:05,V018,131.0,1.0727676043729897
2026-05-14,2026-05-14 11:27:06,V018,132.0,1.065345201502592
2026-05-14,2026-05-14 11:27:07,V018,132.0,1.081771818996528
2026-05-14,2026-05-14 11:27:08,V018,133.0,1.0949389136122532
2026-05-14,2026-05-14 11:27:09,V018,134.0,1.0383262940197984
2026-05-14,2026-05-14 11:27:10,V018,134.0,1.1492447792672524
2026-05-14,2026-05-14 11:27:11,V018,135.0,1.067600175610691
2026-05-14,2026-05-14 11:27:12,V018,135.0,1.1186802366077702
2026-05-14,2026-05-14 11:27:13,V018,136.0,1.4839666422990103
2026-05-14,2026-05-14 11:27:14,V018,137.0,1.245339460236876
2026-05-14,2026-05-14 11:27:15,V018,138.0,1.1586506933345517
2026-05-14,2026-05-14 11:27:16,V018,139.0,1.0469518228812054
2026-05-14,2026-05-14 11:27:17,V018,140.0,1.0445037444151684
2026-05-14,2026-05-14 11:27:18,V018,141.0,1.0841173651016893
2026-05-14,2026-05-14 11:27:19,V018,142.0,1.0469002102796545
2026-05-14,2026-05-14 11:27:20,V018,143.0,1.0913630412602
2026-05-14,2026-05-14 11:27:21,V018,144.0,1.0620182859492435
2026-05-14,2026-05-14 11:27:22,V018,144.0,1.1509872790521756
2026-05-14,2026-05-14 11:27:23,V018,145.0,1.0430662774295496
2026-05-14,2026-05-14 11:27:24,V018,145.0,1.0543947669554246
2026-05-14,2026-05-14 11:27:25,V018,145.0,1.0100275507993977
2026-05-14,2026-05-14 11:27:26,V018,145.0,1.5022099673198088
2026-05-14,2026-05-14 11:27:27,V018,145.0,1.0110724397693853
2026-05-14,2026-05-14 11:27:28,V018,145.0,1.1181596659745117
2026-05-14,2026-05-14 11:27:29,V018,145.0,1.0434087563525478
2026-05-14,2026-05-14 11:27:30,V018,144.0,1.0956374621054126
2026-05-14,2026-05-14 11:27:31,V018,144.0,1.0660708376057833
2026-05-14,2026-05-14 11:27:32,V018,144.0,1.0563836989378899
2026-05-14,2026-05-14 11:27:33,V018,144.0,1.051392285222099
2026-05-14,2026-05-14 11:27:34,V018,143.0,1.0497477317634767
2026-05-14,2026-05-14 11:27:35,V018,143.0,1.0536020780035174
2026-05-14,2026-05-14 11:27:36,V018,142.0,1.0112939271694181
2026-05-14,2026-05-14 11:27:37,V018,142.0,1.0577669769151061
2026-05-14,2026-05-14 11:27:38,V018,142.0,1.0647888108366645
2026-05-14,2026-05-14 11:27:39,V018,142.0,1.0267024431732867
2026-05-14,2026-05-14 11:27:40,V018,142.0,1.0393204403092322
2026-05-14,2026-05-14 11:27:41,V018,142.0,1.063242837257353
2026-05-14,2026-05-14 11:27:42,V018,141.0,1.0687997608255262
2026-05-14,2026-05-14 11:27:43,V018,140.0,1.039708243123843
2026-05-14,2026-05-14 11:27:44,V018,139.0,1.0495077394831027
2026-05-14,2026-05-14 11:27:45,V018,138.0,1.0418547889867333
2026-05-14,2026-05-14 11:27:46,V018,137.0,1.0883849508034389
2026-05-14,2026-05-14 11:27:47,V018,136.0,1.0754387593948154
2026-05-14,2026-05-14 11:27:48,V018,135.0,1.1537135088401589
2026-05-14,2026-05-14 11:27:49,V018,135.0,1.1269994895835906
2026-05-14,2026-05-14 11:27:50,V018,134.0,1.0610906169646335
2026-05-14,2026-05-14 11:27:51,V018,134.0,1.0760418385420425
2026-05-14,2026-05-14 11:27:52,V018,134.0,1.088081533065132
2026-05-14,2026-05-14 11:27:53,V018,134.0,1.0211405280120285
2026-05-14,2026-05-14 11:27:54,V018,133.0,1.038214376867995
2026-05-14,2026-05-14 11:27:55,V018,133.0,1.0254367189792248
2026-05-14,2026-05-14 11:27:56,V018,132.0,1.0417346431519696
2026-05-14,2026-05-14 11:27:57,V018,131.0,1.0495092920907763
2026-05-14,2026-05-14 11:27:58,V018,131.0,1.034558755662088
2026-05-14,2026-05-14 11:27:59,V018,130.0,1.0364100509756065
2026-05-14,2026-05-14 11:28:00,V018,130.0,1.0390998686722457
2026-05-14,2026-05-14 11:28:01,V018,130.0,1.0385714179305885
2026-05-14,2026-05-14 11:28:02,V018,130.0,1.0407353742421832
2026-05-14,2026-05-14 11:28:03,V018,130.0,1.0367332214630334
2026-05-14,2026-05-14 11:28:04,V018,131.0,1.0346024626290655
2026-05-14,2026-05-14 11:28:05,V018,131.0,1.0331288725501298
2026-05-14,2026-05-14 11:28:06,V018,132.0,1.0428051632668958
2026-05-14,2026-05-14 11:28:07,V018,132.0,1.0343271491490051
2026-05-14,2026-05-14 11:28:08,V018,132.0,1.0437195994478738
2026-05-14,2026-05-14 11:28:09,V018,132.0,1.1348915657329033
2026-05-14,2026-05-14 11:28:10,V018,132.0,1.07904399100967
2026-05-14,2026-05-14 11:28:11,V018,132.0,1.0323257176659872
2026-05-14,2026-05-14 11:28:12,V018,132.0,1.024130717169969
2026-05-14,2026-05-14 11:28:13,V018,132.0,1.0065907015349251
2026-05-14,2026-05-14 11:28:14,V018,132.0,1.1784332052302262
2026-05-14,2026-05-14 11:28:15,V018,133.0,1.0595985413365365
2026-05-14,2026-05-14 11:28:16,V018,133.0,1.0447617881846776
2026-05-14,2026-05-14 11:28:17,V018,133.0,0.9819738660221606
2026-05-14,2026-05-14 11:28:18,V018,134.0,1.0707738666827484
2026-05-14,2026-05-14 11:28:19,V018,135.0,1.0318958454049802
2026-05-14,2026-05-14 11:28:20,V018,134.0,1.0707042658812678
2026-05-14,2026-05-14 11:28:21,V018,133.0,0.9876143449301401
2026-05-14,2026-05-14 11:28:22,V018,132.0,1.0450853199814487
2026-05-14,2026-05-14 11:28:23,V018,131.0,1.035013711309551
2026-05-14,2026-05-14 11:28:24,V018,130.0,1.0471180733204786
2026-05-14,2026-05-14 11:28:25,V018,128.0,1.0194604235816047
2026-05-14,2026-05-14 11:28:26,V018,128.0,1.0654443240802345
2026-05-14,2026-05-14 11:28:27,V018,128.0,1.0394492380816764
2026-05-14,2026-05-14 11:28:28,V018,128.0,1.0605312675310943
2026-05-14,2026-05-14 11:28:29,V018,129.0,1.0137227648183325
2026-05-14,2026-05-14 11:28:30,V018,129.0,1.0489539006533983
2026-05-14,2026-05-14 11:28:31,V018,130.0,1.0279741078067657
2026-05-14,2026-05-14 11:28:32,V018,130.0,1.0548151742940308
2026-05-14,2026-05-14 11:28:33,V018,131.0,1.0624650795055124
2026-05-14,2026-05-14 11:28:34,V018,131.0,1.0554598679724765
2026-05-14,2026-05-14 11:28:35,V018,131.0,1.1239067976985935
2026-05-14,2026-05-14 11:28:36,V018,132.0,1.057798951330972
2026-05-14,2026-05-14 11:28:37,V018,132.0,1.0511084277051446
2026-05-14,2026-05-14 11:28:38,V018,132.0,1.0412451453662084
2026-05-14,2026-05-14 11:28:39,V018,132.0,1.1201237204004555
2026-05-14,2026-05-14 11:28:40,V018,131.0,1.2003453202849605
2026-05-14,2026-05-14 11:28:41,V018,130.0,1.058010360501356
2026-05-14,2026-05-14 11:28:42,V018,129.0,1.006645324726809
2026-05-14,2026-05-14 11:28:43,V018,128.0,1.1665375533199447
2026-05-14,2026-05-14 11:28:44,V018,127.0,1.04346468268093
2026-05-14,2026-05-14 11:28:45,V018,127.0,1.05671902479186
2026-05-14,2026-05-14 11:28:46,V018,126.0,1.0828211372494472
2026-05-14,2026-05-14 11:28:47,V018,125.0,1.0256302869544713
2026-05-14,2026-05-14 11:28:48,V018,125.0,1.0400197781940475
2026-05-14,2026-05-14 11:28:49,V018,125.0,1.0207686717155047
2026-05-14,2026-05-14 11:28:50,V018,126.0,1.0783538065234164
2026-05-14,2026-05-14 11:28:51,V018,126.0,1.060628463268414
2026-05-14,2026-05-14 11:28:52,V018,125.0,1.1278423591690312
2026-05-14,2026-05-14 11:28:53,V018,125.0,1.7847138558438616
2026-05-14,2026-05-14 11:28:54,V018,125.0,2.049917390562792
2026-05-14,2026-05-14 11:28:55,V018,125.0,1.5296725049149178
2026-05-14,2026-05-14 11:28:56,V018,125.0,1.5730067972652073
2026-05-14,2026-05-14 11:28:57,V018,126.0,1.8125514139788823
2026-05-14,2026-05-14 11:28:58,V018,127.0,2.048973497565987
2026-05-14,2026-05-14 11:28:59,V018,128.0,1.4367160708038538
2026-05-14,2026-05-14 11:29:00,V018,129.0,1.1965487898529874
2026-05-14,2026-05-14 11:29:01,V018,131.0,1.1635346818297514
2026-05-14,2026-05-14 11:29:02,V018,131.0,1.1872722195300918
2026-05-14,2026-05-14 11:29:03,V018,132.0,1.0775884624693783
2026-05-14,2026-05-14 11:29:04,V018,132.0,1.0650750915635856
2026-05-14,2026-05-14 11:29:05,V018,133.0,1.492096455988528
2026-05-14,2026-05-14 11:29:06,V018,133.0,1.7649626047046356
2026-05-14,2026-05-14 11:29:07,V018,133.0,1.4441145636669606
2026-05-14,2026-05-14 11:29:08,V018,133.0,1.293686870562026
2026-05-14,2026-05-14 11:29:09,V018,133.0,2.0214671544098604
2026-05-14,2026-05-14 11:29:10,V018,133.0,1.2443508182812677
2026-05-14,2026-05-14 11:29:11,V018,133.0,1.1631992016241206
2026-05-14,2026-05-14 11:29:12,V018,134.0,1.0820864534120542
2026-05-14,2026-05-14 11:29:13,V018,135.0,1.0398520668500684
2026-05-14,2026-05-14 11:29:14,V018,136.0,1.419337860391021
2026-05-14,2026-05-14 11:29:15,V018,137.0,1.4837131166275697
2026-05-14,2026-05-14 11:29:16,V018,137.0,1.1595255249051906
2026-05-14,2026-05-14 11:29:17,V018,138.0,1.0394381404785045
2026-05-14,2026-05-14 11:29:18,V018,139.0,1.1107561952800757
2026-05-14,2026-05-14 11:29:19,V018,140.0,1.042721362745123
2026-05-14,2026-05-14 11:29:20,V018,142.0,1.124689952586472
2026-05-14,2026-05-14 11:29:21,V018,143.0,1.133880836997287
2026-05-14,2026-05-14 11:29:22,V018,146.0,1.359375529855426
2026-05-14,2026-05-14 11:29:23,V018,148.0,1.2702096533355185
2026-05-14,2026-05-14 11:29:24,V018,150.0,1.495560817948439
2026-05-14,2026-05-14 11:29:25,V018,151.0,1.0540614904421193
2026-05-14,2026-05-14 11:29:26,V018,152.0,1.0808370800403497
2026-05-14,2026-05-14 11:29:27,V018,153.0,1.0522668971980524
2026-05-14,2026-05-14 11:29:28,V018,153.0,1.0637799183682568
2026-05-14,2026-05-14 11:29:29,V018,154.0,1.256667834771042
2026-05-14,2026-05-14 11:29:30,V018,153.0,1.72890655764322
2026-05-14,2026-05-14 11:29:31,V018,152.0,1.0749407967611895
2026-05-14,2026-05-14 11:29:32,V018,151.0,1.0696354716358107
2026-05-14,2026-05-14 11:29:33,V018,150.0,1.0517883814266906
2026-05-14,2026-05-14 11:29:34,V018,150.0,1.2981832643219289
2026-05-14,2026-05-14 11:29:35,V018,149.0,1.0748268245299557
2026-05-14,2026-05-14 11:29:36,V018,149.0,1.1075299153513338
2026-05-14,2026-05-14 11:29:37,V018,149.0,1.1727086726932772
2026-05-14,2026-05-14 11:29:38,V018,150.0,0.9890560452895937
2026-05-14,2026-05-14 11:29:39,V018,150.0,1.0180526021922323
2026-05-14,2026-05-14 11:29:40,V018,151.0,1.0555093543746445
2026-05-14,2026-05-14 11:29:41,V018,151.0,1.0475540817678342
2026-05-14,2026-05-14 11:29:42,V018,151.0,1.0080205994119964
2026-05-14,2026-05-14 11:29:43,V018,150.0,1.0228798295371417
2026-05-14,2026-05-14 11:29:44,V018,150.0,1.1223837079231975
2026-05-14,2026-05-14 11:29:45,V018,150.0,1.0721287006161182
2026-05-14,2026-05-14 11:29:46,V018,150.0,1.0685006060133109
2026-05-14,2026-05-14 11:29:47,V018,150.0,1.044355761103746
2026-05-14,2026-05-14 11:29:48,V018,150.0,1.029764757686319
2026-05-14,2026-05-14 11:29:49,V018,150.0,1.037858920632848
2026-05-14,2026-05-14 11:29:50,V018,151.0,1.0370211850602875
2026-05-14,2026-05-14 11:29:51,V018,151.0,1.0505010336498573
2026-05-14,2026-05-14 11:29:52,V018,152.0,1.0366882136650448
2026-05-14,2026-05-14 11:29:53,V018,152.0,1.045264121364708
2026-05-14,2026-05-14 11:29:54,V018,153.0,1.0614489648040981
2026-05-14,2026-05-14 11:29:55,V018,153.0,1.0470393347883318
2026-05-14,2026-05-14 11:29:56,V018,153.0,1.081783411620508
2026-05-14,2026-05-14 11:29:57,V018,153.0,1.043635302896308
2026-05-14,2026-05-14 11:29:58,V018,153.0,1.0359854085074125
2026-05-14,2026-05-14 11:29:59,V018,153.0,1.0534372596495292
2026-05-14,2026-05-14 11:30:00,V018,153.0,1.025767151831101
2026-05-14,2026-05-14 11:30:01,V018,153.0,1.0500273535616502
2026-05-14,2026-05-14 11:30:02,V018,153.0,1.0358284333899292
2026-05-14,2026-05-14 11:30:03,V018,153.0,1.0403867542542309
2026-05-14,2026-05-14 11:30:04,V018,153.0,1.0411111957786585
2026-05-14,2026-05-14 11:30:05,V018,153.0,1.0344751031773851
2026-05-14,2026-05-14 11:30:06,V018,153.0,1.0290853207484176
2026-05-14,2026-05-14 11:30:07,V018,152.0,1.0293267771878176
2026-05-14,2026-05-14 11:30:08,V018,152.0,1.041743562178743
2026-05-14,2026-05-14 11:30:09,V018,151.0,1.0522278580960154
2026-05-14,2026-05-14 11:30:10,V018,150.0,1.0825966159138964
2026-05-14,2026-05-14 11:30:11,V018,150.0,1.053512826299102
2026-05-14,2026-05-14 11:30:12,V018,149.0,1.071106755409862
2026-05-14,2026-05-14 11:30:13,V018,148.0,1.04760956553887
2026-05-14,2026-05-14 11:30:14,V018,147.0,1.0338665324777094
2026-05-14,2026-05-14 11:30:15,V018,146.0,1.0299976266482558
2026-05-14,2026-05-14 11:30:16,V018,145.0,1.0346490231756136
2026-05-14,2026-05-14 11:30:17,V018,144.0,1.0444533297060945
2026-05-14,2026-05-14 11:30:18,V018,143.0,1.0620387292461024
2026-05-14,2026-05-14 11:30:19,V018,142.0,0.9840059976107981
2026-05-14,2026-05-14 11:30:20,V018,141.0,1.0170559015058973
2026-05-14,2026-05-14 11:30:21,V018,140.0,1.0072579213454766
2026-05-14,2026-05-14 11:30:22,V018,139.0,1.0872731607838746
2026-05-14,2026-05-14 11:30:23,V018,138.0,1.0613064895818896
2026-05-14,2026-05-14 11:30:24,V018,137.0,1.0676033000517207
2026-05-14,2026-05-14 11:30:25,V018,137.0,1.022681089198739
2026-05-14,2026-05-14 11:30:26,V018,136.0,1.0094512812527665
2026-05-14,2026-05-14 11:30:27,V018,136.0,1.075012168216451
2026-05-14,2026-05-14 11:30:28,V018,137.0,1.0441087235818793
2026-05-14,2026-05-14 11:30:29,V018,137.0,1.0464478542494098
2026-05-14,2026-05-14 11:30:30,V018,137.0,1.0440533718288227
2026-05-14,2026-05-14 11:30:31,V018,137.0,1.0413873229232105
2026-05-14,2026-05-14 11:30:32,V018,137.0,1.038360319508577
2026-05-14,2026-05-14 11:30:33,V018,137.0,1.02956648007909
2026-05-14,2026-05-14 11:30:34,V018,138.0,1.0349580464750348
2026-05-14,2026-05-14 11:30:35,V018,138.0,1.0351326055590966
2026-05-14,2026-05-14 11:30:36,V018,139.0,1.0449370742954194
2026-05-14,2026-05-14 11:30:37,V018,139.0,1.035582105854736
2026-05-14,2026-05-14 11:30:38,V018,138.0,1.0433380455288288
2026-05-14,2026-05-14 11:30:39,V018,137.0,1.1151652010283217
2026-05-14,2026-05-14 11:30:40,V018,136.0,1.0368932540945333
2026-05-14,2026-05-14 11:30:41,V018,135.0,1.032167296618949
2026-05-14,2026-05-14 11:30:42,V018,134.0,1.0301155701648013
2026-05-14,2026-05-14 11:30:43,V018,133.0,1.029483226557069
2026-05-14,2026-05-14 11:30:44,V018,132.0,1.029331398287037
2026-05-14,2026-05-14 11:30:45,V018,132.0,1.0300570556393138
2026-05-14,2026-05-14 11:30:46,V018,131.0,1.0287693533945712
2026-05-14,2026-05-14 11:30:47,V018,130.0,1.032544237255571
2026-05-14,2026-05-14 11:30:48,V018,131.0,1.0334226740536563
2026-05-14,2026-05-14 11:30:49,V018,131.0,1.0258772358196235
2026-05-14,2026-05-14 11:30:50,V018,130.0,1.0761825404736014
2026-05-14,2026-05-14 11:30:51,V018,130.0,1.0593333645897995
2026-05-14,2026-05-14 11:30:52,V018,129.0,1.0377880841092613
2026-05-14,2026-05-14 11:30:53,V018,128.0,1.0506822450216675
2026-05-14,2026-05-14 11:30:54,V018,127.0,1.0723731133534815
2026-05-14,2026-05-14 11:30:55,V018,127.0,1.0412160071161256
2026-05-14,2026-05-14 11:30:56,V018,126.0,1.0904457719866774
2026-05-14,2026-05-14 11:30:57,V018,126.0,1.1178072453297756
2026-05-14,2026-05-14 11:30:58,V018,125.0,1.096362817644312
2026-05-14,2026-05-14 11:30:59,V018,125.0,1.2948245328901917
2026-05-14,2026-05-14 11:31:00,V018,125.0,1.0465138027061236
2026-05-14,2026-05-14 11:31:01,V018,125.0,1.2367289034945579
2026-05-14,2026-05-14 11:31:02,V018,125.0,0.9805591793208243
2026-05-14,2026-05-14 11:31:03,V018,125.0,1.0523914110622905
2026-05-14,2026-05-14 11:31:04,V018,125.0,1.0750016091946248
2026-05-14,2026-05-14 11:31:05,V018,125.0,1.0437707428287755
2026-05-14,2026-05-14 11:31:06,V018,125.0,1.0633652886487377
2026-05-14,2026-05-14 11:31:07,V018,125.0,1.1184684915050576
2026-05-14,2026-05-14 11:31:08,V018,125.0,0.9907082039372437
2026-05-14,2026-05-14 11:31:09,V018,124.0,1.041777267398709
2026-05-14,2026-05-14 11:31:10,V018,124.0,1.0561657487173408
2026-05-14,2026-05-14 11:31:11,V018,123.0,1.0577207709720817
2026-05-14,2026-05-14 11:31:12,V018,122.0,1.108619947704002
2026-05-14,2026-05-14 11:31:13,V018,122.0,1.1424438764529665
2026-05-14,2026-05-14 11:31:14,V018,122.0,1.075795891459945
2026-05-14,2026-05-14 11:31:15,V018,122.0,1.0568129158058246
2026-05-14,2026-05-14 11:31:16,V018,123.0,1.0945113558239294
2026-05-14,2026-05-14 11:31:17,V018,123.0,1.3741914277631198
2026-05-14,2026-05-14 11:31:18,V018,124.0,1.122070754764657
2026-05-14,2026-05-14 11:31:19,V018,125.0,1.225029996842471
2026-05-14,2026-05-14 11:31:20,V018,127.0,1.311334491515478
2026-05-14,2026-05-14 11:31:21,V018,128.0,1.4101771623828852
2026-05-14,2026-05-14 11:31:22,V018,131.0,1.4083883432077866
2026-05-14,2026-05-14 11:31:23,V018,132.0,1.1515975566960717
2026-05-14,2026-05-14 11:31:24,V018,134.0,1.0690420344508416
2026-05-14,2026-05-14 11:31:25,V018,135.0,1.0513936304482159
2026-05-14,2026-05-14 11:31:26,V018,135.0,1.043028678146679
2026-05-14,2026-05-14 11:31:27,V018,135.0,1.0670400977524614
2026-05-14,2026-05-14 11:31:28,V018,134.0,1.1845574317076777
2026-05-14,2026-05-14 11:31:29,V018,134.0,1.1168544213755163
2026-05-14,2026-05-14 11:31:30,V018,133.0,1.0488540359124467
2026-05-14,2026-05-14 11:31:31,V018,133.0,1.0665344135869552
2026-05-14,2026-05-14 11:31:32,V018,133.0,1.0357324111510606
2026-05-14,2026-05-14 11:31:33,V018,132.0,1.2885758106803438
2026-05-14,2026-05-14 11:31:34,V018,133.0,1.6891911195611629
2026-05-14,2026-05-14 11:31:35,V018,133.0,0.9958765068077174
2026-05-14,2026-05-14 11:31:36,V018,134.0,1.0450401304696288
2026-05-14,2026-05-14 11:31:37,V018,135.0,1.5000828676145328
2026-05-14,2026-05-14 11:31:38,V018,136.0,1.4318366492276984
2026-05-14,2026-05-14 11:31:39,V018,137.0,1.044034088438664
2026-05-14,2026-05-14 11:31:40,V018,138.0,1.1250374414529163
2026-05-14,2026-05-14 11:31:41,V018,139.0,1.0555058296741773
2026-05-14,2026-05-14 11:31:42,V018,140.0,1.0193852930876828
2026-05-14,2026-05-14 11:31:43,V018,141.0,1.1623418285410818
2026-05-14,2026-05-14 11:31:44,V018,142.0,1.17834906139805
2026-05-14,2026-05-14 11:31:45,V018,142.0,1.1759746189738411
2026-05-14,2026-05-14 11:31:46,V018,143.0,1.033909743613586
2026-05-14,2026-05-14 11:31:47,V018,144.0,1.0293915414446209
2026-05-14,2026-05-14 11:31:48,V018,143.0,1.0282567687556425
2026-05-14,2026-05-14 11:31:49,V018,142.0,1.1093501198629578
2026-05-14,2026-05-14 11:31:50,V018,142.0,1.10059059934972
2026-05-14,2026-05-14 11:31:51,V018,142.0,1.037451011856737
2026-05-14,2026-05-14 11:31:52,V018,141.0,1.0607525926835624
2026-05-14,2026-05-14 11:31:53,V018,141.0,1.0384719953348103
2026-05-14,2026-05-14 11:31:54,V018,140.0,1.2076158321172166
2026-05-14,2026-05-14 11:31:55,V018,140.0,1.1172140481674744
2026-05-14,2026-05-14 11:31:56,V018,139.0,1.1283146483106543
2026-05-14,2026-05-14 11:31:57,V018,139.0,1.0523218566792456
2026-05-14,2026-05-14 11:31:58,V018,139.0,1.0769661897706813
2026-05-14,2026-05-14 11:31:59,V018,139.0,1.0773266362974798
2026-05-14,2026-05-14 11:32:00,V018,139.0,1.091462330686352
2026-05-14,2026-05-14 11:32:01,V018,139.0,1.0330335620099
2026-05-14,2026-05-14 11:32:02,V018,138.0,1.1310502222762728
2026-05-14,2026-05-14 11:32:03,V018,138.0,1.020332384611472
2026-05-14,2026-05-14 11:32:04,V018,138.0,1.1366163856128138
2026-05-14,2026-05-14 11:32:05,V018,138.0,1.0582720346389436
2026-05-14,2026-05-14 11:32:06,V018,138.0,1.0485104490247015
2026-05-14,2026-05-14 11:32:07,V018,138.0,1.035101795204893
2026-05-14,2026-05-14 11:32:08,V018,137.0,1.0344895258925884
2026-05-14,2026-05-14 11:32:09,V018,137.0,1.0592676062414785
2026-05-14,2026-05-14 11:32:10,V018,137.0,1.0285780180455169
2026-05-14,2026-05-14 11:32:11,V018,137.0,1.0400934328787321
2026-05-14,2026-05-14 11:32:12,V018,137.0,1.0339281295407323
2026-05-14,2026-05-14 11:32:13,V018,137.0,1.0533502095967646
2026-05-14,2026-05-14 11:32:14,V018,137.0,1.0425915888895112
2026-05-14,2026-05-14 11:32:15,V018,137.0,1.008012735677214
2026-05-14,2026-05-14 11:32:16,V018,137.0,1.039828130483423
2026-05-14,2026-05-14 11:32:17,V018,137.0,1.0533344636676472
2026-05-14,2026-05-14 11:32:18,V018,138.0,1.035992521999658
2026-05-14,2026-05-14 11:32:19,V018,138.0,1.0327864763663364
2026-05-14,2026-05-14 11:32:20,V018,139.0,1.0343624134985823
2026-05-14,2026-05-14 11:32:21,V018,139.0,1.0362295388736535
2026-05-14,2026-05-14 11:32:22,V018,139.0,1.027765549544483
2026-05-14,2026-05-14 11:32:23,V018,139.0,1.0349632939862448
2026-05-14,2026-05-14 11:32:24,V018,139.0,1.029116712371743
2026-05-14,2026-05-14 11:32:25,V018,138.0,1.074365306617537
2026-05-14,2026-05-14 11:32:26,V018,138.0,0.9903884668137577
2026-05-14,2026-05-14 11:32:27,V018,138.0,1.0220417388569891
2026-05-14,2026-05-14 11:32:28,V018,137.0,1.0492200917987202
2026-05-14,2026-05-14 11:32:29,V018,136.0,1.0348152213146053
2026-05-14,2026-05-14 11:32:30,V018,136.0,1.0869396333641836
2026-05-14,2026-05-14 11:32:31,V018,136.0,1.0661626151800223
2026-05-14,2026-05-14 11:32:32,V018,135.0,1.0300909041270176
2026-05-14,2026-05-14 11:32:33,V018,135.0,1.0360296719801385
2026-05-14,2026-05-14 11:32:34,V018,135.0,1.0370766238739086
2026-05-14,2026-05-14 11:32:35,V018,135.0,1.0360326997104574
2026-05-14,2026-05-14 11:32:36,V018,136.0,1.0418416434301976
2026-05-14,2026-05-14 11:32:37,V018,136.0,1.0504152093769068
2026-05-14,2026-05-14 11:32:38,V018,136.0,1.0552807869459961
2026-05-14,2026-05-14 11:32:39,V018,136.0,1.0314104417299024
2026-05-14,2026-05-14 11:32:40,V018,135.0,1.021818051809728
2026-05-14,2026-05-14 11:32:41,V018,135.0,1.0025955178726393
2026-05-14,2026-05-14 11:32:42,V018,134.0,1.0101848130763484
2026-05-14,2026-05-14 11:32:43,V018,134.0,1.0306997752306486
2026-05-14,2026-05-14 11:32:44,V018,133.0,1.0425701726361598
2026-05-14,2026-05-14 11:32:45,V018,133.0,1.0464303574381784
2026-05-14,2026-05-14 11:32:46,V018,133.0,1.0523469982508715
2026-05-14,2026-05-14 11:32:47,V018,133.0,1.1199393950558323
2026-05-14,2026-05-14 11:32:48,V018,133.0,1.0154819552830883
2026-05-14,2026-05-14 11:32:49,V018,132.0,1.052085825189221
2026-05-14,2026-05-14 11:32:50,V018,132.0,1.075341154850664
2026-05-14,2026-05-14 11:32:51,V018,131.0,1.018041428606169
2026-05-14,2026-05-14 11:32:52,V018,131.0,1.0627234165353048
2026-05-14,2026-05-14 11:32:53,V018,130.0,1.0586176252433146
2026-05-14,2026-05-14 11:32:54,V018,129.0,1.0234936196014013
2026-05-14,2026-05-14 11:32:55,V018,129.0,1.0485478451842336
2026-05-14,2026-05-14 11:32:56,V018,128.0,1.0388398006165782
2026-05-14,2026-05-14 11:32:57,V018,127.0,1.0124059755131676
2026-05-14,2026-05-14 11:32:58,V018,126.0,1.0588532562988795
2026-05-14,2026-05-14 11:32:59,V018,126.0,1.0400603940420785
2026-05-14,2026-05-14 11:33:00,V018,125.0,1.0587389824380984
2026-05-14,2026-05-14 11:33:01,V018,124.0,1.045030344355664
2026-05-14,2026-05-14 11:33:02,V018,123.0,1.0612468978268625
2026-05-14,2026-05-14 11:33:03,V018,123.0,1.0379331593023788
2026-05-14,2026-05-14 11:33:04,V018,122.0,1.064670995296718
2026-05-14,2026-05-14 11:33:05,V018,122.0,1.0223536631025645
2026-05-14,2026-05-14 11:33:06,V018,122.0,1.0504578685690529
2026-05-14,2026-05-14 11:33:07,V018,121.0,1.0463085914496324
2026-05-14,2026-05-14 11:33:08,V018,121.0,1.038159916581596
2026-05-14,2026-05-14 11:33:09,V018,121.0,1.0669181400926322
2026-05-14,2026-05-14 11:33:10,V018,121.0,1.1393418323985707
2026-05-14,2026-05-14 11:33:11,V018,122.0,1.014951779707789
2026-05-14,2026-05-14 11:33:12,V018,122.0,1.157117760843909
2026-05-14,2026-05-14 11:33:13,V018,122.0,1.0854149757668934
2026-05-14,2026-05-14 11:33:14,V018,123.0,1.1312063660541969
2026-05-14,2026-05-14 11:33:15,V018,123.0,1.0354951050465149
2026-05-14,2026-05-14 11:33:16,V018,123.0,1.0579228414010675
2026-05-14,2026-05-14 11:33:17,V018,124.0,1.088257408642604
2026-05-14,2026-05-14 11:33:18,V018,124.0,1.1088593895867183
2026-05-14,2026-05-14 11:33:19,V018,124.0,1.0407448204890621
2026-05-14,2026-05-14 11:33:20,V018,124.0,1.0565492877576956
2026-05-14,2026-05-14 11:33:21,V018,124.0,1.1335657066802727
2026-05-14,2026-05-14 11:33:22,V018,124.0,1.2030649781365483
2026-05-14,2026-05-14 11:33:23,V018,124.0,1.1200841410816753
2026-05-14,2026-05-14 11:33:24,V018,124.0,1.0558266786985617
2026-05-14,2026-05-14 11:33:25,V018,124.0,1.0171942453010026
2026-05-14,2026-05-14 11:33:26,V018,124.0,1.2095256362584916
2026-05-14,2026-05-14 11:33:27,V018,124.0,1.207981637595504
2026-05-14,2026-05-14 11:33:28,V018,124.0,0.9875788646650205
2026-05-14,2026-05-14 11:33:29,V018,124.0,1.1916842663286547
2026-05-14,2026-05-14 11:33:30,V018,125.0,1.1394429755261657
2026-05-14,2026-05-14 11:33:31,V018,125.0,1.0607833043707433
2026-05-14,2026-05-14 11:33:32,V018,125.0,1.0504489809406978
2026-05-14,2026-05-14 11:33:33,V018,126.0,1.1122574439744792
2026-05-14,2026-05-14 11:33:34,V018,126.0,1.1499859182226295
2026-05-14,2026-05-14 11:33:35,V018,127.0,1.1049308439365966
2026-05-14,2026-05-14 11:33:36,V018,127.0,1.017200336202956
2026-05-14,2026-05-14 11:33:37,V018,127.0,1.203438096122108
2026-05-14,2026-05-14 11:33:38,V018,128.0,1.12431041998397
2026-05-14,2026-05-14 11:33:39,V018,128.0,1.5058299357798632
2026-05-14,2026-05-14 11:33:40,V018,128.0,1.4538525804926927
2026-05-14,2026-05-14 11:33:41,V018,128.0,1.0672291438774897
2026-05-14,2026-05-14 11:33:42,V018,128.0,1.1281283939060585
2026-05-14,2026-05-14 11:33:43,V018,129.0,1.0502112396383583
2026-05-14,2026-05-14 11:33:44,V018,129.0,1.1152332948115116
2026-05-14,2026-05-14 11:33:45,V018,130.0,1.098958216693747
2026-05-14,2026-05-14 11:33:46,V018,131.0,1.0244028093663393
2026-05-14,2026-05-14 11:33:47,V018,132.0,1.0356376305435693
2026-05-14,2026-05-14 11:33:48,V018,132.0,1.055597338557948
2026-05-14,2026-05-14 11:33:49,V018,133.0,1.0540193982254844
2026-05-14,2026-05-14 11:33:50,V018,133.0,1.055327839442294
2026-05-14,2026-05-14 11:33:51,V018,134.0,1.0987465433877233
2026-05-14,2026-05-14 11:33:52,V018,133.0,1.0567871322812419
2026-05-14,2026-05-14 11:33:53,V018,133.0,1.0754614102716715
2026-05-14,2026-05-14 11:33:54,V018,133.0,1.1467501965945979
2026-05-14,2026-05-14 11:33:55,V018,133.0,1.0520876169564852
2026-05-14,2026-05-14 11:33:56,V018,133.0,1.0442274956136872
2026-05-14,2026-05-14 11:33:57,V018,134.0,1.0751000349999664
2026-05-14,2026-05-14 11:33:58,V018,135.0,1.0707742134352187
2026-05-14,2026-05-14 11:33:59,V018,135.0,1.0921666895604738
2026-05-14,2026-05-14 11:34:00,V018,136.0,1.0411872872109846
2026-05-14,2026-05-14 11:34:01,V018,136.0,1.0649367263052891
2026-05-14,2026-05-14 11:34:02,V018,136.0,1.0566038238606164
2026-05-14,2026-05-14 11:34:03,V018,136.0,1.0771944123464225
2026-05-14,2026-05-14 11:34:04,V018,136.0,1.1416750161079565
2026-05-14,2026-05-14 11:34:05,V018,136.0,1.0122546396550518
2026-05-14,2026-05-14 11:34:06,V018,135.0,1.0285481051932135
2026-05-14,2026-05-14 11:34:07,V018,135.0,1.0527961192978523
2026-05-14,2026-05-14 11:34:08,V018,135.0,1.068660123449399
2026-05-14,2026-05-14 11:34:09,V018,135.0,1.0618386399828985
2026-05-14,2026-05-14 11:34:10,V018,135.0,1.0524846139840545
2026-05-14,2026-05-14 11:34:11,V018,135.0,0.9735734660118278
2026-05-14,2026-05-14 11:34:12,V018,135.0,1.1106562631231847
2026-05-14,2026-05-14 11:34:13,V018,135.0,1.0142847814853324
2026-05-14,2026-05-14 11:34:14,V018,135.0,1.028341537202053
2026-05-14,2026-05-14 11:34:15,V018,135.0,1.0238448106327387
2026-05-14,2026-05-14 11:34:16,V018,135.0,0.9971281310766912
2026-05-14,2026-05-14 11:34:17,V018,135.0,1.0498494221089907
2026-05-14,2026-05-14 11:34:18,V018,135.0,1.026240957567792
2026-05-14,2026-05-14 11:34:19,V018,135.0,1.060135496210787
2026-05-14,2026-05-14 11:34:20,V018,136.0,1.0417358655748332
2026-05-14,2026-05-14 11:34:21,V018,136.0,1.0264540999234681
2026-05-14,2026-05-14 11:34:22,V018,137.0,1.037387386880901
2026-05-14,2026-05-14 11:34:23,V018,137.0,1.0311109471196283
2026-05-14,2026-05-14 11:34:24,V018,137.0,1.0515162181756685
2026-05-14,2026-05-14 11:34:25,V018,138.0,1.046440366990382
2026-05-14,2026-05-14 11:34:26,V018,138.0,1.0321548559068898
2026-05-14,2026-05-14 11:34:27,V018,138.0,1.0349163391270706
2026-05-14,2026-05-14 11:34:28,V018,137.0,1.0365878969070594
2026-05-14,2026-05-14 11:34:29,V018,137.0,1.05354564809638
2026-05-14,2026-05-14 11:34:30,V018,136.0,1.0444356965726183
2026-05-14,2026-05-14 11:34:31,V018,136.0,1.177872203693108
2026-05-14,2026-05-14 11:34:32,V018,135.0,1.0926885819469074
2026-05-14,2026-05-14 11:34:33,V018,135.0,1.0658099874353022
2026-05-14,2026-05-14 11:34:34,V018,135.0,1.039229509735429
2026-05-14,2026-05-14 11:34:35,V018,135.0,1.019305501974576
2026-05-14,2026-05-14 11:34:36,V018,134.0,1.1075430701545732
2026-05-14,2026-05-14 11:34:37,V018,133.0,1.0488720552324564
2026-05-14,2026-05-14 11:34:38,V018,133.0,1.0570953854971092
2026-05-14,2026-05-14 11:34:39,V018,132.0,1.0725509626464356
2026-05-14,2026-05-14 11:34:40,V018,132.0,1.211340365089708
2026-05-14,2026-05-14 11:34:41,V018,132.0,1.113685841800261
2026-05-14,2026-05-14 11:34:42,V018,131.0,1.1227383414971368
2026-05-14,2026-05-14 11:34:43,V018,131.0,1.2499186684906403
2026-05-14,2026-05-14 11:34:44,V018,130.0,1.1130189569583469
2026-05-14,2026-05-14 11:34:45,V018,130.0,1.12331995863177
2026-05-14,2026-05-14 11:34:46,V018,129.0,1.034822476927912
2026-05-14,2026-05-14 11:34:47,V018,129.0,1.2475951574405437
2026-05-14,2026-05-14 11:34:48,V018,128.0,0.9338734772500747
2026-05-14,2026-05-14 11:34:49,V018,128.0,1.1397105086612604
2026-05-14,2026-05-14 11:34:50,V018,127.0,1.0679438957746854
2026-05-14,2026-05-14 11:34:51,V018,127.0,1.1036376955930791
2026-05-14,2026-05-14 11:34:52,V018,127.0,1.1108572078046632
2026-05-14,2026-05-14 11:34:53,V018,127.0,1.0557977075994731
2026-05-14,2026-05-14 11:34:54,V018,127.0,1.0616284509686766
2026-05-14,2026-05-14 11:34:55,V018,127.0,1.0747905133207434
2026-05-14,2026-05-14 11:34:56,V018,128.0,1.0615209927833584
2026-05-14,2026-05-14 11:34:57,V018,128.0,1.0916923721614122
2026-05-14,2026-05-14 11:34:58,V018,129.0,1.0385185011028717
2026-05-14,2026-05-14 11:34:59,V018,129.0,1.1398721642937388
2026-05-14,2026-05-14 11:35:00,V018,130.0,1.0661525741037998
2026-05-14,2026-05-14 11:35:01,V018,130.0,1.102599057774028
2026-05-14,2026-05-14 11:35:02,V018,130.0,1.034863286089125
2026-05-14,2026-05-14 11:35:03,V018,131.0,1.047730271038763
2026-05-14,2026-05-14 11:35:04,V018,131.0,1.0388100892008554
2026-05-14,2026-05-14 11:35:05,V018,131.0,1.1427354144631596
2026-05-14,2026-05-14 11:35:06,V018,131.0,1.0867637101963412
2026-05-14,2026-05-14 11:35:07,V018,131.0,1.1724047572324585
2026-05-14,2026-05-14 11:35:08,V018,131.0,1.0575302552193508
2026-05-14,2026-05-14 11:35:09,V018,130.0,1.2878580349099997
2026-05-14,2026-05-14 11:35:10,V018,129.0,1.0631823200143853
2026-05-14,2026-05-14 11:35:11,V018,128.0,1.017922991079298
2026-05-14,2026-05-14 11:35:12,V018,128.0,1.4364430117809963
2026-05-14,2026-05-14 11:35:13,V018,128.0,1.1866567267770545
2026-05-14,2026-05-14 11:35:14,V018,128.0,1.1269202144844352
2026-05-14,2026-05-14 11:35:15,V018,128.0,1.0279988617732685
2026-05-14,2026-05-14 11:35:16,V018,128.0,1.0637486856031635
2026-05-14,2026-05-14 11:35:17,V018,128.0,1.112084383158381
2026-05-14,2026-05-14 11:35:18,V018,128.0,1.0444675037290359
2026-05-14,2026-05-14 11:35:19,V018,129.0,1.2024325576029735
2026-05-14,2026-05-14 11:35:20,V018,129.0,1.3060907787590637
2026-05-14,2026-05-14 11:35:21,V018,129.0,1.0675548425335095
2026-05-14,2026-05-14 11:35:22,V018,130.0,0.9413841856736965
2026-05-14,2026-05-14 11:35:23,V018,131.0,1.1857705828983596
2026-05-14,2026-05-14 11:35:24,V018,133.0,1.1837797481166286
2026-05-14,2026-05-14 11:35:25,V018,134.0,1.1922908473101261
2026-05-14,2026-05-14 11:35:26,V018,135.0,1.1225284999661334
2026-05-14,2026-05-14 11:35:27,V018,136.0,1.0121275105945868
2026-05-14,2026-05-14 11:35:28,V018,137.0,1.358801668902229
2026-05-14,2026-05-14 11:35:29,V018,138.0,1.328057755954763
2026-05-14,2026-05-14 11:35:30,V018,139.0,1.245330118436614
2026-05-14,2026-05-14 11:35:31,V018,140.0,0.9911934191283345
2026-05-14,2026-05-14 11:35:32,V018,140.0,1.6341896377140586
2026-05-14,2026-05-14 11:35:33,V018,140.0,1.3540225245423436
2026-05-14,2026-05-14 11:35:34,V018,141.0,1.3736782244353751
2026-05-14,2026-05-14 11:35:35,V018,141.0,1.412678260366185
2026-05-14,2026-05-14 11:35:36,V018,142.0,1.0960862929528035
2026-05-14,2026-05-14 11:35:37,V018,143.0,1.0500487169401527
2026-05-14,2026-05-14 11:35:38,V018,143.0,1.0357997583846001
2026-05-14,2026-05-14 11:35:39,V018,143.0,1.0856635475741387
2026-05-14,2026-05-14 11:35:40,V018,143.0,1.0716442974563019
2026-05-14,2026-05-14 11:35:41,V018,143.0,1.0618268991569837
2026-05-14,2026-05-14 11:35:42,V018,142.0,1.0526846056912003
2026-05-14,2026-05-14 11:35:43,V018,142.0,1.0422235394246455
2026-05-14,2026-05-14 11:35:44,V018,142.0,1.0363335567253003
2026-05-14,2026-05-14 11:35:45,V018,141.0,1.0739114145571262
2026-05-14,2026-05-14 11:35:46,V018,142.0,1.0452906993198663
2026-05-14,2026-05-14 11:35:47,V018,142.0,1.1580983661075113
2026-05-14,2026-05-14 11:35:48,V018,142.0,1.3140012341670646
2026-05-14,2026-05-14 11:35:49,V018,143.0,1.119833796513225
2026-05-14,2026-05-14 11:35:50,V018,144.0,1.0522917740324043
2026-05-14,2026-05-14 11:35:51,V018,144.0,1.0973167469396927
2026-05-14,2026-05-14 11:35:52,V018,145.0,1.0881558524699775
2026-05-14,2026-05-14 11:35:53,V018,146.0,1.0068705958327762
2026-05-14,2026-05-14 11:35:54,V018,146.0,1.049190600179081
2026-05-14,2026-05-14 11:35:55,V018,146.0,1.0731304055864836
2026-05-14,2026-05-14 11:35:56,V018,146.0,0.9595563348976892
2026-05-14,2026-05-14 11:35:57,V018,146.0,1.1739586939781175
2026-05-14,2026-05-14 11:35:58,V018,146.0,1.0298012936795635
2026-05-14,2026-05-14 11:35:59,V018,145.0,1.0258140647088594
2026-05-14,2026-05-14 11:36:00,V018,145.0,1.0155535095832444
2026-05-14,2026-05-14 11:36:01,V018,145.0,1.0796232970762039
2026-05-14,2026-05-14 11:36:02,V018,145.0,1.1005821978820751
2026-05-14,2026-05-14 11:36:03,V018,145.0,1.0701487055685361
2026-05-14,2026-05-14 11:36:04,V018,146.0,1.056399151420511
2026-05-14,2026-05-14 11:36:05,V018,146.0,1.16112248779663
2026-05-14,2026-05-14 11:36:06,V018,146.0,1.140525651926989
2026-05-14,2026-05-14 11:36:07,V018,147.0,1.089565497700762
2026-05-14,2026-05-14 11:36:08,V018,147.0,1.1113285570819618
2026-05-14,2026-05-14 11:36:09,V018,148.0,1.1053015688841568
2026-05-14,2026-05-14 11:36:10,V018,149.0,1.0332971954951795
2026-05-14,2026-05-14 11:36:11,V018,149.0,1.0808837509143683
2026-05-14,2026-05-14 11:36:12,V018,149.0,0.9870298591486855
2026-05-14,2026-05-14 11:36:13,V018,149.0,1.303093573285061
2026-05-14,2026-05-14 11:36:14,V018,150.0,1.1833433792236996
2026-05-14,2026-05-14 11:36:15,V018,150.0,1.2580132210489976
2026-05-14,2026-05-14 11:36:16,V018,150.0,0.9997762120139962
2026-05-14,2026-05-14 11:36:17,V018,149.0,1.0830819721032292
2026-05-14,2026-05-14 11:36:18,V018,148.0,1.0633364563499021
2026-05-14,2026-05-14 11:36:19,V018,147.0,1.05152751480303
2026-05-14,2026-05-14 11:36:20,V018,147.0,1.0720703796252924
2026-05-14,2026-05-14 11:36:21,V018,146.0,1.0424407025956524
2026-05-14,2026-05-14 11:36:22,V018,146.0,1.2776583421389194
2026-05-14,2026-05-14 11:36:23,V018,145.0,1.2385820700040986
2026-05-14,2026-05-14 11:36:24,V018,146.0,1.45162486064407
2026-05-14,2026-05-14 11:36:25,V018,146.0,1.6493816255820046
2026-05-14,2026-05-14 11:36:26,V018,146.0,1.114014997211165
2026-05-14,2026-05-14 11:36:27,V018,147.0,1.5865219413939635
2026-05-14,2026-05-14 11:36:28,V018,147.0,1.468737726832178
2026-05-14,2026-05-14 11:36:29,V018,147.0,1.0050209956105172
2026-05-14,2026-05-14 11:36:30,V018,146.0,1.1318742542160984
2026-05-14,2026-05-14 11:36:31,V018,146.0,1.0569573962278656
2026-05-14,2026-05-14 11:36:32,V018,145.0,1.1941584598855448
2026-05-14,2026-05-14 11:36:33,V018,144.0,1.9982448387391838
2026-05-14,2026-05-14 11:36:34,V018,143.0,1.305180500414162
2026-05-14,2026-05-14 11:36:35,V018,143.0,1.0573797994795018
2026-05-14,2026-05-14 11:36:36,V018,142.0,1.1163705481729713
2026-05-14,2026-05-14 11:36:37,V018,141.0,1.0806740372535124
2026-05-14,2026-05-14 11:36:38,V018,141.0,1.0527084290746977
2026-05-14,2026-05-14 11:36:39,V018,142.0,1.0235420912874225
2026-05-14,2026-05-14 11:36:40,V018,143.0,1.1762510153720231
2026-05-14,2026-05-14 11:36:41,V018,143.0,0.9608180642136109
2026-05-14,2026-05-14 11:36:42,V018,144.0,1.0477962688586968
2026-05-14,2026-05-14 11:36:43,V018,145.0,1.0540785200467782
2026-05-14,2026-05-14 11:36:44,V018,146.0,1.075575542797707
2026-05-14,2026-05-14 11:36:45,V018,147.0,1.0617318428102192
2026-05-14,2026-05-14 11:36:46,V018,147.0,1.0605273097813372
2026-05-14,2026-05-14 11:36:47,V018,148.0,1.0534700864392745
2026-05-14,2026-05-14 11:36:48,V018,148.0,1.1059851041024205
2026-05-14,2026-05-14 11:36:49,V018,148.0,1.1322305933238244
2026-05-14,2026-05-14 11:36:50,V018,148.0,0.9881456970247049
2026-05-14,2026-05-14 11:36:51,V018,147.0,1.0493908722854186
2026-05-14,2026-05-14 11:36:52,V018,147.0,1.0762469173458318
2026-05-14,2026-05-14 11:36:53,V018,146.0,1.0779262966226022
2026-05-14,2026-05-14 11:36:54,V018,146.0,1.1195793120960698
2026-05-14,2026-05-14 11:36:55,V018,145.0,1.0687217444193817
2026-05-14,2026-05-14 11:36:56,V018,145.0,1.3900343680479892
2026-05-14,2026-05-14 11:36:57,V018,145.0,1.0498353101725035
2026-05-14,2026-05-14 11:36:58,V018,145.0,1.1169627660945425
2026-05-14,2026-05-14 11:36:59,V018,145.0,1.0331303672677514
2026-05-14,2026-05-14 11:37:00,V018,146.0,1.0791832307522073
2026-05-14,2026-05-14 11:37:01,V018,146.0,1.0711358265803608
2026-05-14,2026-05-14 11:37:02,V018,146.0,1.077983133739474
2026-05-14,2026-05-14 11:37:03,V018,146.0,1.0313285034706463
2026-05-14,2026-05-14 11:37:04,V018,146.0,1.0792436967708985
2026-05-14,2026-05-14 11:37:05,V018,146.0,1.0466034212370017
2026-05-14,2026-05-14 11:37:06,V018,146.0,1.046530853352152
2026-05-14,2026-05-14 11:37:07,V018,146.0,1.0213985583582688
2026-05-14,2026-05-14 11:37:08,V018,146.0,1.0746330569769447
2026-05-14,2026-05-14 11:37:09,V018,146.0,1.020017851276167
2026-05-14,2026-05-14 11:37:10,V018,146.0,1.0125323527268948
2026-05-14,2026-05-14 11:37:11,V018,146.0,1.0696481814593732
2026-05-14,2026-05-14 11:37:12,V018,147.0,1.0319258514412997
2026-05-14,2026-05-14 11:37:13,V018,147.0,1.0383373960133568
2026-05-14,2026-05-14 11:37:14,V018,147.0,1.0294568394240577
2026-05-14,2026-05-14 11:37:15,V018,147.0,1.036664667918695
2026-05-14,2026-05-14 11:37:16,V018,148.0,1.0164515299602075
2026-05-14,2026-05-14 11:37:17,V018,148.0,1.0695570803189995
2026-05-14,2026-05-14 11:37:18,V018,149.0,1.031125976610299
2026-05-14,2026-05-14 11:37:19,V018,149.0,1.0911352826781504
2026-05-14,2026-05-14 11:37:20,V018,150.0,0.9691688011333857
2026-05-14,2026-05-14 11:37:21,V018,150.0,1.1262763673294256
2026-05-14,2026-05-14 11:37:22,V018,151.0,1.0205918257118543
2026-05-14,2026-05-14 11:37:23,V018,151.0,1.1111035662611095
2026-05-14,2026-05-14 11:37:24,V018,151.0,1.1063074550443548
2026-05-14,2026-05-14 11:37:25,V018,152.0,1.037411656066933
2026-05-14,2026-05-14 11:37:26,V018,152.0,1.0448590725817934
2026-05-14,2026-05-14 11:37:27,V018,152.0,1.0431619414047373
2026-05-14,2026-05-14 11:37:28,V018,152.0,1.038701211940246
2026-05-14,2026-05-14 11:37:29,V018,151.0,1.1552035287526445
2026-05-14,2026-05-14 11:37:30,V018,151.0,1.0669591171108508
2026-05-14,2026-05-14 11:37:31,V018,151.0,1.0673983223265724
2026-05-14,2026-05-14 11:37:32,V018,151.0,1.349836689473843
2026-05-14,2026-05-14 11:37:33,V018,150.0,1.6381559433360524
2026-05-14,2026-05-14 11:37:34,V018,149.0,1.428952949587553
2026-05-14,2026-05-14 11:37:35,V018,149.0,1.3032257475079791
2026-05-14,2026-05-14 11:37:36,V018,148.0,1.376827953071638
2026-05-14,2026-05-14 11:37:37,V018,147.0,1.1018902489412608
2026-05-14,2026-05-14 11:37:38,V018,146.0,1.1818269797456689
2026-05-14,2026-05-14 11:37:39,V018,145.0,1.1764847398571474
2026-05-14,2026-05-14 11:37:40,V018,143.0,1.0912365496599754
2026-05-14,2026-05-14 11:37:41,V018,142.0,1.0413866971969887
2026-05-14,2026-05-14 11:37:42,V018,140.0,1.104866486733334
2026-05-14,2026-05-14 11:37:43,V018,139.0,1.0613765917181706
2026-05-14,2026-05-14 11:37:44,V018,138.0,1.3117639979742906
2026-05-14,2026-05-14 11:37:45,V018,138.0,1.2059247707611302
2026-05-14,2026-05-14 11:37:46,V018,139.0,1.3744285487424786
2026-05-14,2026-05-14 11:37:47,V018,140.0,1.249350675313732
2026-05-14,2026-05-14 11:37:48,V018,140.0,1.1756885953450733
2026-05-14,2026-05-14 11:37:49,V018,141.0,1.110931710518409
2026-05-14,2026-05-14 11:37:50,V018,141.0,1.0663911449967909
2026-05-14,2026-05-14 11:37:51,V018,141.0,1.0358050883779628
2026-05-14,2026-05-14 11:37:52,V018,141.0,1.0538026216277343
2026-05-14,2026-05-14 11:37:53,V018,140.0,1.0413009991038282
2026-05-14,2026-05-14 11:37:54,V018,141.0,1.134866157788328
2026-05-14,2026-05-14 11:37:55,V018,141.0,1.0545313332392394
2026-05-14,2026-05-14 11:37:56,V018,140.0,1.0587456130457198
2026-05-14,2026-05-14 11:37:57,V018,140.0,1.138895550205873
2026-05-14,2026-05-14 11:37:58,V018,139.0,0.981813611288293
2026-05-14,2026-05-14 11:37:59,V018,139.0,1.0409371943773529
2026-05-14,2026-05-14 11:38:00,V018,139.0,1.0403503909586065
2026-05-14,2026-05-14 11:38:01,V018,139.0,1.0868337759877869
2026-05-14,2026-05-14 11:38:02,V018,140.0,1.154735327424185
2026-05-14,2026-05-14 11:38:03,V018,141.0,1.0573532586214
2026-05-14,2026-05-14 11:38:04,V018,141.0,1.078914261026986
2026-05-14,2026-05-14 11:38:05,V018,142.0,1.1023873796657322
2026-05-14,2026-05-14 11:38:06,V018,142.0,1.1694023620277916
2026-05-14,2026-05-14 11:38:07,V018,143.0,1.0703953641583759
2026-05-14,2026-05-14 11:38:08,V018,143.0,1.0174429173975663
2026-05-14,2026-05-14 11:38:09,V018,143.0,1.056777037682132
2026-05-14,2026-05-14 11:38:10,V018,143.0,1.0580002473555141
2026-05-14,2026-05-14 11:38:11,V018,143.0,1.0435479064984148
2026-05-14,2026-05-14 11:38:12,V018,143.0,1.053214062946732
2026-05-14,2026-05-14 11:38:13,V018,143.0,1.036181999114707
2026-05-14,2026-05-14 11:38:14,V018,143.0,1.0336436990442612
2026-05-14,2026-05-14 11:38:15,V018,143.0,1.1009936364168167
2026-05-14,2026-05-14 11:38:16,V018,142.0,1.0611544538737947
2026-05-14,2026-05-14 11:38:17,V018,142.0,0.9490401995792752
2026-05-14,2026-05-14 11:38:18,V018,142.0,1.1934006703535187
2026-05-14,2026-05-14 11:38:19,V018,141.0,1.0165115210038844
2026-05-14,2026-05-14 11:38:20,V018,141.0,1.056362885249437
2026-05-14,2026-05-14 11:38:21,V018,140.0,0.9867132436865441
2026-05-14,2026-05-14 11:38:22,V018,140.0,1.165698289838223
2026-05-14,2026-05-14 11:38:23,V018,140.0,1.025979988901481
2026-05-14,2026-05-14 11:38:24,V018,140.0,1.0310832678147503
2026-05-14,2026-05-14 11:38:25,V018,140.0,1.047725035753364
2026-05-14,2026-05-14 11:38:26,V018,139.0,1.1553689329832144
2026-05-14,2026-05-14 11:38:27,V018,138.0,1.0563579490421786
2026-05-14,2026-05-14 11:38:28,V018,137.0,1.0688500616734318
2026-05-14,2026-05-14 11:38:29,V018,136.0,1.1965403649425497
2026-05-14,2026-05-14 11:38:30,V018,135.0,1.1115904720697392
2026-05-14,2026-05-14 11:38:31,V018,134.0,1.2775922396102968
2026-05-14,2026-05-14 11:38:32,V018,134.0,1.0299138932992615
2026-05-14,2026-05-14 11:38:33,V018,133.0,1.0595666944602309
2026-05-14,2026-05-14 11:38:34,V018,133.0,1.0577992114960535
2026-05-14,2026-05-14 11:38:35,V018,133.0,1.0264716673370091
2026-05-14,2026-05-14 11:38:36,V018,132.0,1.051586440518715
2026-05-14,2026-05-14 11:38:37,V018,132.0,1.0415893053869774
2026-05-14,2026-05-14 11:38:38,V018,131.0,1.0417142720851005
2026-05-14,2026-05-14 11:38:39,V018,131.0,1.0461746089777375
2026-05-14,2026-05-14 11:38:40,V018,131.0,1.0752407647458404
2026-05-14,2026-05-14 11:38:41,V018,131.0,1.029531007724314
2026-05-14,2026-05-14 11:38:42,V018,131.0,1.044010846213848
2026-05-14,2026-05-14 11:38:43,V018,131.0,1.0227049774103496
2026-05-14,2026-05-14 11:38:44,V018,131.0,1.0328484051341522
2026-05-14,2026-05-14 11:38:45,V018,132.0,1.0315211110910623
2026-05-14,2026-05-14 11:38:46,V018,132.0,1.0325872577938398
2026-05-14,2026-05-14 11:38:47,V018,133.0,1.0351065130962058
2026-05-14,2026-05-14 11:38:48,V018,134.0,1.026296495653641
2026-05-14,2026-05-14 11:38:49,V018,134.0,1.0343716536881902
2026-05-14,2026-05-14 11:38:50,V018,135.0,1.0454773190510729
2026-05-14,2026-05-14 11:38:51,V018,136.0,1.072112062983547
2026-05-14,2026-05-14 11:38:52,V018,137.0,1.0168645641819667
2026-05-14,2026-05-14 11:38:53,V018,137.0,1.0306738725917255
2026-05-14,2026-05-14 11:38:54,V018,138.0,0.9380524856306522
2026-05-14,2026-05-14 11:38:55,V018,138.0,1.2154147551238788
2026-05-14,2026-05-14 11:38:56,V018,138.0,1.0414067351956116
2026-05-14,2026-05-14 11:38:57,V018,138.0,1.0431650344615262
2026-05-14,2026-05-14 11:38:58,V018,138.0,1.0315421613157434
2026-05-14,2026-05-14 11:38:59,V018,138.0,1.0437204019206967
2026-05-14,2026-05-14 11:39:00,V018,138.0,1.0478382141772875
2026-05-14,2026-05-14 11:39:01,V018,138.0,1.0203110840218432
2026-05-14,2026-05-14 11:39:02,V018,139.0,1.0836667622378213
2026-05-14,2026-05-14 11:39:03,V018,139.0,1.0518252511876622
2026-05-14,2026-05-14 11:39:04,V018,139.0,1.0332608690548986
2026-05-14,2026-05-14 11:39:05,V018,140.0,1.0474901166313437
2026-05-14,2026-05-14 11:39:06,V018,139.0,1.0392254885616554
2026-05-14,2026-05-14 11:39:07,V018,139.0,1.0392941369146502
2026-05-14,2026-05-14 11:39:08,V018,139.0,1.0545115736939168
2026-05-14,2026-05-14 11:39:09,V018,138.0,1.0341703356511731
2026-05-14,2026-05-14 11:39:10,V018,137.0,1.038863064483728
2026-05-14,2026-05-14 11:39:11,V018,137.0,1.0571096331379894
2026-05-14,2026-05-14 11:39:12,V018,135.0,1.017115057261193
2026-05-14,2026-05-14 11:39:13,V018,135.0,1.0417420241994177
2026-05-14,2026-05-14 11:39:14,V018,134.0,1.0529811982710566
2026-05-14,2026-05-14 11:39:15,V018,133.0,1.031898613402272
2026-05-14,2026-05-14 11:39:16,V018,132.0,1.0272512215789915
2026-05-14,2026-05-14 11:39:17,V018,132.0,1.0408902224126104
2026-05-14,2026-05-14 11:39:18,V018,131.0,1.0356022025918639
2026-05-14,2026-05-14 11:39:19,V018,131.0,1.031281002727337
2026-05-14,2026-05-14 11:39:20,V018,131.0,1.0340959388545135
2026-05-14,2026-05-14 11:39:21,V018,131.0,1.0297076760121886
2026-05-14,2026-05-14 11:39:22,V018,130.0,1.032422036273253
2026-05-14,2026-05-14 11:39:23,V018,129.0,1.048503988051322
2026-05-14,2026-05-14 11:39:24,V018,128.0,1.169165994498028
2026-05-14,2026-05-14 11:39:25,V018,127.0,1.183061324274784
2026-05-14,2026-05-14 11:39:26,V018,127.0,0.9918061250052991
2026-05-14,2026-05-14 11:39:27,V018,127.0,1.0665680094363106
2026-05-14,2026-05-14 11:39:28,V018,127.0,1.013048416135834
2026-05-14,2026-05-14 11:39:29,V018,127.0,1.090758223964428
2026-05-14,2026-05-14 11:39:30,V018,128.0,1.0714456476178649
2026-05-14,2026-05-14 11:39:31,V018,128.0,1.0908784673672323
2026-05-14,2026-05-14 11:39:32,V018,128.0,1.0318586778083136
2026-05-14,2026-05-14 11:39:33,V018,128.0,1.0872820274913582
2026-05-14,2026-05-14 11:39:34,V018,127.0,1.1520045101933076
2026-05-14,2026-05-14 11:39:35,V018,126.0,1.0761964699729172
2026-05-14,2026-05-14 11:39:36,V018,126.0,1.063471593344557
2026-05-14,2026-05-14 11:39:37,V018,125.0,1.0713301844980019
2026-05-14,2026-05-14 11:39:38,V018,125.0,1.1689504300929487
2026-05-14,2026-05-14 11:39:39,V018,125.0,1.2003676494300577
2026-05-14,2026-05-14 11:39:40,V018,125.0,1.0075942779348668
2026-05-14,2026-05-14 11:39:41,V018,125.0,1.0923232735851895
2026-05-14,2026-05-14 11:39:42,V018,126.0,1.0683945008387936
2026-05-14,2026-05-14 11:39:43,V018,126.0,1.0473458161670424
2026-05-14,2026-05-14 11:39:44,V018,127.0,1.0636796102271815
2026-05-14,2026-05-14 11:39:45,V018,127.0,1.0319457661596008
2026-05-14,2026-05-14 11:39:46,V018,127.0,1.0476549411166778
2026-05-14,2026-05-14 11:39:47,V018,127.0,1.0583610009135955
2026-05-14,2026-05-14 11:39:48,V018,128.0,1.0486779859885873
2026-05-14,2026-05-14 11:39:49,V018,128.0,1.126852934716819
2026-05-14,2026-05-14 11:39:50,V018,128.0,1.2386647362767573
2026-05-14,2026-05-14 11:39:51,V018,129.0,1.0717078142117853
2026-05-14,2026-05-14 11:39:52,V018,129.0,1.050596704233168
2026-05-14,2026-05-14 11:39:53,V018,128.0,1.148487542372269
2026-05-14,2026-05-14 11:39:54,V018,129.0,1.0408518145268986
2026-05-14,2026-05-14 11:39:55,V018,129.0,1.0633036704267012
2026-05-14,2026-05-14 11:39:56,V018,129.0,1.0236918777811532
2026-05-14,2026-05-14 11:39:57,V018,129.0,1.0529034993249564
2026-05-14,2026-05-14 11:39:58,V018,129.0,1.1247905541283953
2026-05-14,2026-05-14 11:39:59,V018,129.0,1.0569319723391062
2026-05-14,2026-05-14 11:40:00,V018,129.0,1.0773665934014316
2026-05-14,2026-05-14 11:40:01,V018,129.0,1.0795626720369575
2026-05-14,2026-05-14 11:40:02,V018,129.0,1.1690002151326706
2026-05-14,2026-05-14 11:40:03,V018,130.0,1.2527462182098852
2026-05-14,2026-05-14 11:40:04,V018,130.0,1.0772056875963156
2026-05-14,2026-05-14 11:40:05,V018,131.0,1.0304829278963716
2026-05-14,2026-05-14 11:40:06,V018,131.0,1.089859339626579
2026-05-14,2026-05-14 11:40:07,V018,132.0,1.16142192322449
2026-05-14,2026-05-14 11:40:08,V018,131.0,1.1705866082038954
2026-05-14,2026-05-14 11:40:09,V018,131.0,1.0344980093248008
2026-05-14,2026-05-14 11:40:10,V018,131.0,1.0634658121563205
2026-05-14,2026-05-14 11:40:11,V018,130.0,1.0442108342019123
2026-05-14,2026-05-14 11:40:12,V018,130.0,1.1271965759230087
2026-05-14,2026-05-14 11:40:13,V018,130.0,1.0790986351170972
2026-05-14,2026-05-14 11:40:14,V018,130.0,1.081243049483027
2026-05-14,2026-05-14 11:40:15,V018,130.0,1.0795807826476265
2026-05-14,2026-05-14 11:40:16,V018,131.0,1.026403949785191
2026-05-14,2026-05-14 11:40:17,V018,132.0,1.1310774082717998
2026-05-14,2026-05-14 11:40:18,V018,133.0,1.0129855723283552
2026-05-14,2026-05-14 11:40:19,V018,133.0,1.045640523000977
2026-05-14,2026-05-14 11:40:20,V018,133.0,1.1269077154684015
2026-05-14,2026-05-14 11:40:21,V018,134.0,0.9820324791631043
2026-05-14,2026-05-14 11:40:22,V018,133.0,1.0535667792564924
2026-05-14,2026-05-14 11:40:23,V018,133.0,1.06532323288986
2026-05-14,2026-05-14 11:40:24,V018,134.0,1.1098109086717367
2026-05-14,2026-05-14 11:40:25,V018,134.0,1.0626437438239638
2026-05-14,2026-05-14 11:40:26,V018,134.0,1.0451548972946518
2026-05-14,2026-05-14 11:40:27,V018,134.0,1.0648533231675432
2026-05-14,2026-05-14 11:40:28,V018,134.0,1.036385605023825
2026-05-14,2026-05-14 11:40:29,V018,134.0,1.0463041647317588
2026-05-14,2026-05-14 11:40:30,V018,134.0,1.0303179099903668
2026-05-14,2026-05-14 11:40:31,V018,134.0,1.0820587192045146
2026-05-14,2026-05-14 11:40:32,V018,133.0,0.9944667252206851
2026-05-14,2026-05-14 11:40:33,V018,133.0,1.0397421354735612
2026-05-14,2026-05-14 11:40:34,V018,132.0,1.017943555162389
2026-05-14,2026-05-14 11:40:35,V018,132.0,1.0822867541110066
2026-05-14,2026-05-14 11:40:36,V018,131.0,1.0540546956657662
2026-05-14,2026-05-14 11:40:37,V018,131.0,1.0607131544496313
2026-05-14,2026-05-14 11:40:38,V018,131.0,1.0367898176860064
2026-05-14,2026-05-14 11:40:39,V018,131.0,1.0479891452154517
2026-05-14,2026-05-14 11:40:40,V018,131.0,1.051631802194435
2026-05-14,2026-05-14 11:40:41,V018,132.0,1.0403774923085762
2026-05-14,2026-05-14 11:40:42,V018,132.0,1.0652343438340486
2026-05-14,2026-05-14 11:40:43,V018,133.0,1.0362664271979316
2026-05-14,2026-05-14 11:40:44,V018,134.0,1.041111912279389
2026-05-14,2026-05-14 11:40:45,V018,135.0,1.0516576702783071
2026-05-14,2026-05-14 11:40:46,V018,135.0,1.0018675703174567
2026-05-14,2026-05-14 11:40:47,V018,136.0,1.06253736351467
2026-05-14,2026-05-14 11:40:48,V018,137.0,1.014220925558336
2026-05-14,2026-05-14 11:40:49,V018,137.0,1.0366957284919491
2026-05-14,2026-05-14 11:40:50,V018,137.0,1.0599366803383399
2026-05-14,2026-05-14 11:40:51,V018,138.0,1.0337326582946789
2026-05-14,2026-05-14 11:40:52,V018,138.0,1.042500597041943
2026-05-14,2026-05-14 11:40:53,V018,138.0,1.031923301272312
2026-05-14,2026-05-14 11:40:54,V018,137.0,1.0461933719885477
2026-05-14,2026-05-14 11:40:55,V018,136.0,1.0340132298081293
2026-05-14,2026-05-14 11:40:56,V018,136.0,1.0330291443864452
2026-05-14,2026-05-14 11:40:57,V018,136.0,1.0365840931971344
2026-05-14,2026-05-14 11:40:58,V018,137.0,1.025795442109769
2026-05-14,2026-05-14 11:40:59,V018,138.0,1.0381462504580101
2026-05-14,2026-05-14 11:41:00,V018,139.0,1.0403282187497502
2026-05-14,2026-05-14 11:41:01,V018,139.0,1.0428874999855107
2026-05-14,2026-05-14 11:41:02,V018,139.0,1.0421265013053174
2026-05-14,2026-05-14 11:41:03,V018,139.0,1.0535188212611404
2026-05-14,2026-05-14 11:41:04,V018,139.0,1.0679631047031442
2026-05-14,2026-05-14 11:41:05,V018,139.0,1.0363719134843528
2026-05-14,2026-05-14 11:41:06,V018,139.0,1.057128860740419
2026-05-14,2026-05-14 11:41:07,V018,139.0,1.044158308109376
2026-05-14,2026-05-14 11:41:08,V018,139.0,1.0340159758153673
2026-05-14,2026-05-14 11:41:09,V018,138.0,1.1258576947147203
2026-05-14,2026-05-14 11:41:10,V018,138.0,1.0447600757538222
2026-05-14,2026-05-14 11:41:11,V018,137.0,1.0466222082069205
2026-05-14,2026-05-14 11:41:12,V018,136.0,1.0024529640886954
2026-05-14,2026-05-14 11:41:13,V018,135.0,1.0290955192164468
2026-05-14,2026-05-14 11:41:14,V018,134.0,1.0234985301338022
2026-05-14,2026-05-14 11:41:15,V018,133.0,1.0364924405885652
2026-05-14,2026-05-14 11:41:16,V018,132.0,1.0611093326848684
2026-05-14,2026-05-14 11:41:17,V018,132.0,1.0229678405686842
2026-05-14,2026-05-14 11:41:18,V018,131.0,1.0064204739956468
2026-05-14,2026-05-14 11:41:19,V018,131.0,1.0663123449008678
2026-05-14,2026-05-14 11:41:20,V018,130.0,1.0103647193765164
2026-05-14,2026-05-14 11:41:21,V018,130.0,1.0201645948482057
2026-05-14,2026-05-14 11:41:22,V018,130.0,1.121701268862487
2026-05-14,2026-05-14 11:41:23,V018,129.0,1.048972061745345
2026-05-14,2026-05-14 11:41:24,V018,129.0,1.1053628392945047
2026-05-14,2026-05-14 11:41:25,V018,129.0,1.1217438028804017
2026-05-14,2026-05-14 11:41:26,V018,129.0,1.0837376053670986
2026-05-14,2026-05-14 11:41:27,V018,128.0,1.0335900212407798
2026-05-14,2026-05-14 11:41:28,V018,127.0,1.0345086214527741
2026-05-14,2026-05-14 11:41:29,V018,126.0,1.0569199665033728
2026-05-14,2026-05-14 11:41:30,V018,125.0,1.0286574418558427
2026-05-14,2026-05-14 11:41:31,V018,125.0,1.1013123965057137
2026-05-14,2026-05-14 11:41:32,V018,124.0,1.089113940917146
2026-05-14,2026-05-14 11:41:33,V018,124.0,1.0773879042170889
2026-05-14,2026-05-14 11:41:34,V018,124.0,1.1693678401403358
2026-05-14,2026-05-14 11:41:35,V018,123.0,1.2538594799634055
2026-05-14,2026-05-14 11:41:36,V018,123.0,1.2782643585630205
2026-05-14,2026-05-14 11:41:37,V018,123.0,1.0584410933689508
2026-05-14,2026-05-14 11:41:38,V018,123.0,1.0410492219486578
2026-05-14,2026-05-14 11:41:39,V018,123.0,1.0793599212234992
2026-05-14,2026-05-14 11:41:40,V018,123.0,1.2182968032124626
2026-05-14,2026-05-14 11:41:41,V018,124.0,1.0952926478378042
2026-05-14,2026-05-14 11:41:42,V018,124.0,1.03201777898074
2026-05-14,2026-05-14 11:41:43,V018,124.0,1.2127703373652183
2026-05-14,2026-05-14 11:41:44,V018,124.0,1.480541222501189
2026-05-14,2026-05-14 11:41:45,V018,124.0,1.0803230917346187
2026-05-14,2026-05-14 11:41:46,V018,125.0,1.089063569047674
2026-05-14,2026-05-14 11:41:47,V018,125.0,1.052153642440031
2026-05-14,2026-05-14 11:41:48,V018,127.0,1.090830993653304
2026-05-14,2026-05-14 11:41:49,V018,128.0,1.0949001539713248
2026-05-14,2026-05-14 11:41:50,V018,129.0,1.0197245348337247
2026-05-14,2026-05-14 11:41:51,V018,130.0,1.0854171192290827
2026-05-14,2026-05-14 11:41:52,V018,131.0,1.040624268206605
2026-05-14,2026-05-14 11:41:53,V018,132.0,1.1071920615395958
2026-05-14,2026-05-14 11:41:54,V018,133.0,1.037665742777292
2026-05-14,2026-05-14 11:41:55,V018,134.0,1.0524729498141587
2026-05-14,2026-05-14 11:41:56,V018,135.0,1.0474298881780055
2026-05-14,2026-05-14 11:41:57,V018,135.0,1.0714416122851178
2026-05-14,2026-05-14 11:41:58,V018,136.0,1.087071715175854
2026-05-14,2026-05-14 11:41:59,V018,136.0,1.105383532991948
2026-05-14,2026-05-14 11:42:00,V018,136.0,1.0517528919839372
2026-05-14,2026-05-14 11:42:01,V018,136.0,1.300360747447214
2026-05-14,2026-05-14 11:42:02,V018,136.0,1.2182983409993353
2026-05-14,2026-05-14 11:42:03,V018,136.0,1.1196014409925603
2026-05-14,2026-05-14 11:42:04,V018,137.0,1.0122753967923566
2026-05-14,2026-05-14 11:42:05,V018,137.0,1.287145407872126
2026-05-14,2026-05-14 11:42:06,V018,138.0,1.1312493079156343
2026-05-14,2026-05-14 11:42:07,V018,138.0,1.0386089069573277
2026-05-14,2026-05-14 11:42:08,V018,138.0,1.0819461966284472
2026-05-14,2026-05-14 11:42:09,V018,138.0,1.1002782412264955
2026-05-14,2026-05-14 11:42:10,V018,138.0,1.0388266974307148
2026-05-14,2026-05-14 11:42:11,V018,138.0,1.2425103604731398
2026-05-14,2026-05-14 11:42:12,V018,137.0,1.1757479388350056
2026-05-14,2026-05-14 11:42:13,V018,136.0,1.3040156178946614
2026-05-14,2026-05-14 11:42:14,V018,135.0,1.1183131861539557
2026-05-14,2026-05-14 11:42:15,V018,135.0,1.4274708851908233
2026-05-14,2026-05-14 11:42:16,V018,136.0,1.433652860908842
2026-05-14,2026-05-14 11:42:17,V018,136.0,1.1548909453597997
2026-05-14,2026-05-14 11:42:18,V018,137.0,1.0611289431590192
2026-05-14,2026-05-14 11:42:19,V018,138.0,1.1057527578181765
2026-05-14,2026-05-14 11:42:20,V018,140.0,1.2697700536065162
2026-05-14,2026-05-14 11:42:21,V018,140.0,1.1118094224090558
2026-05-14,2026-05-14 11:42:22,V018,141.0,1.5866115054095284
2026-05-14,2026-05-14 11:42:23,V018,142.0,1.714884596472078
2026-05-14,2026-05-14 11:42:24,V018,143.0,1.695083720135486
2026-05-14,2026-05-14 11:42:25,V018,143.0,1.8531470126131155
2026-05-14,2026-05-14 11:42:26,V018,143.0,1.6761133202788812
2026-05-14,2026-05-14 11:42:27,V018,144.0,1.6724630694327058
2026-05-14,2026-05-14 11:42:28,V018,144.0,1.3991999119133662
2026-05-14,2026-05-14 11:42:29,V018,144.0,1.160133852413467
2026-05-14,2026-05-14 11:42:30,V018,144.0,1.06066066920354
2026-05-14,2026-05-14 11:42:31,V018,145.0,1.1229776456983425
2026-05-14,2026-05-14 11:42:32,V018,145.0,1.5982227397289626
2026-05-14,2026-05-14 11:42:33,V018,145.0,1.9015067159125525
2026-05-14,2026-05-14 11:42:34,V018,145.0,1.8641734034233706
2026-05-14,2026-05-14 11:42:35,V018,145.0,1.6888721886234768
2026-05-14,2026-05-14 11:42:36,V018,145.0,1.6664183883007286
2026-05-14,2026-05-14 11:42:37,V018,146.0,1.3093138148992463
2026-05-14,2026-05-14 11:42:38,V018,145.0,1.5302708143336323
2026-05-14,2026-05-14 11:42:39,V018,145.0,1.7155732006321944
2026-05-14,2026-05-14 11:42:40,V018,145.0,1.7014367936020414
2026-05-14,2026-05-14 11:42:41,V018,145.0,1.8639533225019285
2026-05-14,2026-05-14 11:42:42,V018,146.0,1.5531290773776572
2026-05-14,2026-05-14 11:42:43,V018,146.0,1.3229154306823667
2026-05-14,2026-05-14 11:42:44,V018,146.0,1.1317729333482143
2026-05-14,2026-05-14 11:42:45,V018,146.0,1.0770770249514503
2026-05-14,2026-05-14 11:42:46,V018,146.0,1.071677511934154
2026-05-14,2026-05-14 11:42:47,V018,145.0,1.3121975659170193
2026-05-14,2026-05-14 11:42:48,V018,146.0,1.3857535469257491
2026-05-14,2026-05-14 11:42:49,V018,146.0,1.2123261805303878
2026-05-14,2026-05-14 11:42:50,V018,146.0,1.3342924741241373
2026-05-14,2026-05-14 11:42:51,V018,146.0,1.4631201125358624
2026-05-14,2026-05-14 11:42:52,V018,146.0,1.5266244247140806
2026-05-14,2026-05-14 11:42:53,V018,146.0,1.7168810220846544
2026-05-14,2026-05-14 11:42:54,V018,145.0,1.5902353800493247
2026-05-14,2026-05-14 11:42:55,V018,145.0,1.3170272523819688
2026-05-14,2026-05-14 11:42:56,V018,144.0,1.0928268734894264
2026-05-14,2026-05-14 11:42:57,V018,144.0,1.0258738895321409
2026-05-14,2026-05-14 11:42:58,V018,144.0,1.090412670212721
2026-05-14,2026-05-14 11:42:59,V018,144.0,1.1426410693599345
2026-05-14,2026-05-14 11:43:00,V018,144.0,1.083006652488216
2026-05-14,2026-05-14 11:43:01,V018,144.0,1.1438205661119576
2026-05-14,2026-05-14 11:43:02,V018,145.0,1.0994804884399647
2026-05-14,2026-05-14 11:43:03,V018,145.0,1.0751886957977637
2026-05-14,2026-05-14 11:43:04,V018,146.0,1.0847342587442002
2026-05-14,2026-05-14 11:43:05,V018,146.0,1.1014824483722838
2026-05-14,2026-05-14 11:43:06,V018,147.0,1.1344390105183486
2026-05-14,2026-05-14 11:43:07,V018,148.0,1.0785440900657133
2026-05-14,2026-05-14 11:43:08,V018,149.0,1.031153630654637
2026-05-14,2026-05-14 11:43:09,V018,150.0,1.0289432678710397
2026-05-14,2026-05-14 11:43:10,V018,150.0,1.0360923809638443
2026-05-14,2026-05-14 11:43:11,V018,151.0,1.080324929369753
2026-05-14,2026-05-14 11:43:12,V018,152.0,1.0526794203196372
2026-05-14,2026-05-14 11:43:13,V018,152.0,1.0667535683721185
2026-05-14,2026-05-14 11:43:14,V018,153.0,1.036360549814024
2026-05-14,2026-05-14 11:43:15,V018,154.0,1.0387328903656856
2026-05-14,2026-05-14 11:43:16,V018,154.0,1.069704574037278
2026-05-14,2026-05-14 11:43:17,V018,155.0,1.0283330142632494
2026-05-14,2026-05-14 11:43:18,V018,155.0,1.0746130852324054
2026-05-14,2026-05-14 11:43:19,V018,155.0,1.0394906808194537
2026-05-14,2026-05-14 11:43:20,V018,156.0,1.0457224384523558
2026-05-14,2026-05-14 11:43:21,V018,156.0,1.0698051287761532
2026-05-14,2026-05-14 11:43:22,V018,155.0,1.0347832451134922
2026-05-14,2026-05-14 11:43:23,V018,155.0,1.0358895531521413
2026-05-14,2026-05-14 11:43:24,V018,155.0,1.0678911009652452
2026-05-14,2026-05-14 11:43:25,V018,155.0,1.0902841730528334
2026-05-14,2026-05-14 11:43:26,V018,155.0,1.0398154485978535
2026-05-14,2026-05-14 11:43:27,V018,155.0,1.0436722171794033
2026-05-14,2026-05-14 11:43:28,V018,155.0,1.0332508069235664
2026-05-14,2026-05-14 11:43:29,V018,155.0,1.0288648364912427
2026-05-14,2026-05-14 11:43:30,V018,155.0,1.0474110701258292
2026-05-14,2026-05-14 11:43:31,V018,154.0,1.06987793605469
2026-05-14,2026-05-14 11:43:32,V018,154.0,1.0455795023203147
2026-05-14,2026-05-14 11:43:33,V018,153.0,1.0327932051146615
2026-05-14,2026-05-14 11:43:34,V018,153.0,1.0444325133701704
2026-05-14,2026-05-14 11:43:35,V018,152.0,1.0475237138912252
2026-05-14,2026-05-14 11:43:36,V018,152.0,1.034008315605661
2026-05-14,2026-05-14 11:43:37,V018,152.0,1.051816628367155
2026-05-14,2026-05-14 11:43:38,V018,152.0,1.029481068058606
2026-05-14,2026-05-14 11:43:39,V018,152.0,1.0284496682889348
2026-05-14,2026-05-14 11:43:40,V018,152.0,1.0473273726027308
2026-05-14,2026-05-14 11:43:41,V018,152.0,1.0556555275005037
2026-05-14,2026-05-14 11:43:42,V018,152.0,1.0346390559499132
2026-05-14,2026-05-14 11:43:43,V018,152.0,1.0572425750472965
2026-05-14,2026-05-14 11:43:44,V018,152.0,1.0423884090343156
2026-05-14,2026-05-14 11:43:45,V018,152.0,1.036539619081923
2026-05-14,2026-05-14 11:43:46,V018,152.0,1.0403380695729858
2026-05-14,2026-05-14 11:43:47,V018,151.0,1.0637806603645084
2026-05-14,2026-05-14 11:43:48,V018,151.0,1.0992552693462103
2026-05-14,2026-05-14 11:43:49,V018,151.0,1.0684479011601662
2026-05-14,2026-05-14 11:43:50,V018,150.0,1.0476107731855604
2026-05-14,2026-05-14 11:43:51,V018,150.0,1.1079875837620237
2026-05-14,2026-05-14 11:43:52,V018,149.0,1.0506934794828673
2026-05-14,2026-05-14 11:43:53,V018,149.0,1.0376822860512593
2026-05-14,2026-05-14 11:43:54,V018,148.0,1.054300144170078
2026-05-14,2026-05-14 11:43:55,V018,147.0,1.0472510945871238
2026-05-14,2026-05-14 11:43:56,V018,147.0,1.0685382562628887
2026-05-14,2026-05-14 11:43:57,V018,146.0,1.0192863200779008
2026-05-14,2026-05-14 11:43:58,V018,146.0,1.0260892298193005
2026-05-14,2026-05-14 11:43:59,V018,146.0,1.0463818300976946
2026-05-14,2026-05-14 11:44:00,V018,145.0,1.0303064898634073
2026-05-14,2026-05-14 11:44:01,V018,144.0,1.041743050677762
2026-05-14,2026-05-14 11:44:02,V018,144.0,1.0377781673838777
2026-05-14,2026-05-14 11:44:03,V018,143.0,1.06376653547843
2026-05-14,2026-05-14 11:44:04,V018,142.0,1.038382466571951
2026-05-14,2026-05-14 11:44:05,V018,142.0,1.0553928809858248
2026-05-14,2026-05-14 11:44:06,V018,141.0,1.076007594431326
2026-05-14,2026-05-14 11:44:07,V018,140.0,1.0386114189254771
2026-05-14,2026-05-14 11:44:08,V018,139.0,1.0615739549126282
2026-05-14,2026-05-14 11:44:09,V018,138.0,1.0861293464030994
2026-05-14,2026-05-14 11:44:10,V018,138.0,1.0264728031272794
2026-05-14,2026-05-14 11:44:11,V018,137.0,1.076399216602588
2026-05-14,2026-05-14 11:44:12,V018,136.0,1.0375581552547963
2026-05-14,2026-05-14 11:44:13,V018,136.0,1.118599338684561
2026-05-14,2026-05-14 11:44:14,V018,135.0,1.0601894207557572
2026-05-14,2026-05-14 11:44:15,V018,134.0,1.0284211161021715
2026-05-14,2026-05-14 11:44:16,V018,134.0,1.085681512445894
2026-05-14,2026-05-14 11:44:17,V018,133.0,1.3046358859931708
2026-05-14,2026-05-14 11:44:18,V018,133.0,1.6259336204482209
2026-05-14,2026-05-14 11:44:19,V018,133.0,1.0327469011370134
2026-05-14,2026-05-14 11:44:20,V018,132.0,1.0715635471658256
2026-05-14,2026-05-14 11:44:21,V018,131.0,1.0391673406220825
2026-05-14,2026-05-14 11:44:22,V018,130.0,1.184907980174678
2026-05-14,2026-05-14 11:44:23,V018,130.0,1.2073183234475051
2026-05-14,2026-05-14 11:44:24,V018,129.0,1.0217290932996572
2026-05-14,2026-05-14 11:44:25,V018,128.0,1.0527241536262246
2026-05-14,2026-05-14 11:44:26,V018,129.0,1.0794902594486928
2026-05-14,2026-05-14 11:44:27,V018,129.0,1.0717864023732404
2026-05-14,2026-05-14 11:44:28,V018,130.0,1.1216590409210756
2026-05-14,2026-05-14 11:44:29,V018,130.0,1.1213716312294775
2026-05-14,2026-05-14 11:44:30,V018,131.0,1.0357667060611089
2026-05-14,2026-05-14 11:44:31,V018,132.0,1.0901958220089347
2026-05-14,2026-05-14 11:44:32,V018,133.0,1.0817127947357614
2026-05-14,2026-05-14 11:44:33,V018,134.0,1.1378984312736602
2026-05-14,2026-05-14 11:44:34,V018,135.0,1.0368842970231307
2026-05-14,2026-05-14 11:44:35,V018,135.0,1.0342726212762325
2026-05-14,2026-05-14 11:44:36,V018,136.0,1.0212967948294303
2026-05-14,2026-05-14 11:44:37,V018,136.0,1.1288550117639613
2026-05-14,2026-05-14 11:44:38,V018,136.0,1.0172750761014377
2026-05-14,2026-05-14 11:44:39,V018,135.0,1.073701346035427
2026-05-14,2026-05-14 11:44:40,V018,135.0,1.043394898663332
2026-05-14,2026-05-14 11:44:41,V018,135.0,1.1957156992270523
2026-05-14,2026-05-14 11:44:42,V018,134.0,1.1377675004422176
2026-05-14,2026-05-14 11:44:43,V018,134.0,1.1119274486559312
2026-05-14,2026-05-14 11:44:44,V018,134.0,1.020580497370486
2026-05-14,2026-05-14 11:44:45,V018,134.0,1.550403860896414
2026-05-14,2026-05-14 11:44:46,V018,134.0,1.5919501196228136
2026-05-14,2026-05-14 11:44:47,V018,134.0,1.8421825681352648
2026-05-14,2026-05-14 11:44:48,V018,135.0,1.383534845203371
2026-05-14,2026-05-14 11:44:49,V018,135.0,1.0416503699842965
2026-05-14,2026-05-14 11:44:50,V018,136.0,1.084909746521813
2026-05-14,2026-05-14 11:44:51,V018,136.0,1.1166157051808445
2026-05-14,2026-05-14 11:44:52,V018,137.0,1.2051486382693022
2026-05-14,2026-05-14 11:44:53,V018,137.0,1.1334387902224838
2026-05-14,2026-05-14 11:44:54,V018,138.0,1.1078640924715757
2026-05-14,2026-05-14 11:44:55,V018,139.0,1.0524503213031273
2026-05-14,2026-05-14 11:44:56,V018,140.0,1.1503608700361674
2026-05-14,2026-05-14 11:44:57,V018,141.0,1.0251847764970172
2026-05-14,2026-05-14 11:44:58,V018,142.0,1.0813366103904882
2026-05-14,2026-05-14 11:44:59,V018,143.0,1.126261996187686
2026-05-14,2026-05-14 11:45:00,V018,143.0,1.0526450060928494
2026-05-14,2026-05-14 11:45:01,V018,144.0,1.0851930995805503
2026-05-14,2026-05-14 11:45:02,V018,144.0,1.0764167697641618
2026-05-14,2026-05-14 11:45:03,V018,144.0,1.0527034479024422
2026-05-14,2026-05-14 11:45:04,V018,144.0,1.074863173054713
2026-05-14,2026-05-14 11:45:05,V018,143.0,1.038854392229721
2026-05-14,2026-05-14 11:45:06,V018,143.0,1.0644817258004824
2026-05-14,2026-05-14 11:45:07,V018,143.0,1.0574736454893128
2026-05-14,2026-05-14 11:45:08,V018,142.0,1.0858454751145277
2026-05-14,2026-05-14 11:45:09,V018,141.0,1.002569481598476
2026-05-14,2026-05-14 11:45:10,V018,141.0,1.0788764855901773
2026-05-14,2026-05-14 11:45:11,V018,140.0,1.0074260153331431
2026-05-14,2026-05-14 11:45:12,V018,140.0,1.0674623486964427
2026-05-14,2026-05-14 11:45:13,V018,139.0,1.0670650449505696
2026-05-14,2026-05-14 11:45:14,V018,139.0,1.0562678445199762
2026-05-14,2026-05-14 11:45:15,V018,139.0,1.0261583744701157
2026-05-14,2026-05-14 11:45:16,V018,139.0,1.0173199124363375
2026-05-14,2026-05-14 11:45:17,V018,139.0,1.0387667911064538
2026-05-14,2026-05-14 11:45:18,V018,138.0,1.019064728673962
2026-05-14,2026-05-14 11:45:19,V018,138.0,1.0246426552990862
2026-05-14,2026-05-14 11:45:20,V018,138.0,1.0258468032411379
2026-05-14,2026-05-14 11:45:21,V018,138.0,1.0306973688872842
2026-05-14,2026-05-14 11:45:22,V018,139.0,1.0380463248262937
2026-05-14,2026-05-14 11:45:23,V018,139.0,1.0311546737135855
2026-05-14,2026-05-14 11:45:24,V018,139.0,1.0220103458676277
2026-05-14,2026-05-14 11:45:25,V018,140.0,1.0214711276279451
2026-05-14,2026-05-14 11:45:26,V018,140.0,1.061510927528219
2026-05-14,2026-05-14 11:45:27,V018,140.0,1.0271497144625281
2026-05-14,2026-05-14 11:45:28,V018,140.0,1.0365118536257047
2026-05-14,2026-05-14 11:45:29,V018,140.0,1.0332988919588189
2026-05-14,2026-05-14 11:45:30,V018,139.0,1.029300812381109
2026-05-14,2026-05-14 11:45:31,V018,138.0,1.0309309060215028
2026-05-14,2026-05-14 11:45:32,V018,138.0,1.0284476952065977
2026-05-14,2026-05-14 11:45:33,V018,137.0,1.1260120937468994
2026-05-14,2026-05-14 11:45:34,V018,136.0,1.0684776585241684
2026-05-14,2026-05-14 11:45:35,V018,135.0,1.0155685256326366
2026-05-14,2026-05-14 11:45:36,V018,136.0,1.0542428987531223
2026-05-14,2026-05-14 11:45:37,V018,137.0,1.035909486119242
2026-05-14,2026-05-14 11:45:38,V018,137.0,1.0528307873891414
2026-05-14,2026-05-14 11:45:39,V018,137.0,1.0231812590350648
2026-05-14,2026-05-14 11:45:40,V018,137.0,1.0419959000005337
2026-05-14,2026-05-14 11:45:41,V018,138.0,1.0350635084130633
2026-05-14,2026-05-14 11:45:42,V018,137.0,1.0418654194591612
2026-05-14,2026-05-14 11:45:43,V018,137.0,1.0502538179659024
2026-05-14,2026-05-14 11:45:44,V018,136.0,1.030720739821063
2026-05-14,2026-05-14 11:45:45,V018,136.0,1.0443320169919532
2026-05-14,2026-05-14 11:45:46,V018,135.0,1.0259833286140907
2026-05-14,2026-05-14 11:45:47,V018,135.0,1.0236384930927227
2026-05-14,2026-05-14 11:45:48,V018,134.0,1.0458171260646858
2026-05-14,2026-05-14 11:45:49,V018,133.0,1.005976398986296
2026-05-14,2026-05-14 11:45:50,V018,132.0,1.0564648836568113
2026-05-14,2026-05-14 11:45:51,V018,132.0,1.0515181336410442
2026-05-14,2026-05-14 11:45:52,V018,132.0,1.0742098096780581
2026-05-14,2026-05-14 11:45:53,V018,132.0,1.0454934376923037
2026-05-14,2026-05-14 11:45:54,V018,132.0,1.0733939582204919
2026-05-14,2026-05-14 11:45:55,V018,132.0,1.024563894423834
2026-05-14,2026-05-14 11:45:56,V018,131.0,1.0449701475038127
2026-05-14,2026-05-14 11:45:57,V018,130.0,1.0548805494691875
2026-05-14,2026-05-14 11:45:58,V018,129.0,1.027578522424336
2026-05-14,2026-05-14 11:45:59,V018,129.0,1.0287875072516421
2026-05-14,2026-05-14 11:46:00,V018,128.0,1.0416096469897718
2026-05-14,2026-05-14 11:46:01,V018,128.0,1.0262829145370858
2026-05-14,2026-05-14 11:46:02,V018,128.0,1.0336988071625746
2026-05-14,2026-05-14 11:46:03,V018,128.0,1.038109809390503
2026-05-14,2026-05-14 11:46:04,V018,128.0,1.0297439819344132
2026-05-14,2026-05-14 11:46:05,V018,129.0,1.0309841093481957
2026-05-14,2026-05-14 11:46:06,V018,129.0,1.0765408938886427
2026-05-14,2026-05-14 11:46:07,V018,129.0,0.9964571444628193
2026-05-14,2026-05-14 11:46:08,V018,130.0,1.0246586171527843
2026-05-14,2026-05-14 11:46:09,V018,130.0,1.05759056454222
2026-05-14,2026-05-14 11:46:10,V018,130.0,1.018606576154364
2026-05-14,2026-05-14 11:46:11,V018,130.0,1.0251367793207975
2026-05-14,2026-05-14 11:46:12,V018,129.0,1.0665998237853835
2026-05-14,2026-05-14 11:46:13,V018,128.0,1.0268753696235304
2026-05-14,2026-05-14 11:46:14,V018,127.0,1.0377427761450377
2026-05-14,2026-05-14 11:46:15,V018,126.0,1.038185030645765
2026-05-14,2026-05-14 11:46:16,V018,127.0,1.0933835099107039
2026-05-14,2026-05-14 11:46:17,V018,127.0,1.0800792501287573
2026-05-14,2026-05-14 11:46:18,V018,128.0,1.0511662901256025
2026-05-14,2026-05-14 11:46:19,V018,128.0,1.0788659046086093
2026-05-14,2026-05-14 11:46:20,V018,128.0,1.036031603162993
2026-05-14,2026-05-14 11:46:21,V018,129.0,1.0626153267524494
2026-05-14,2026-05-14 11:46:22,V018,129.0,1.0110767712689022
2026-05-14,2026-05-14 11:46:23,V018,128.0,1.1192166409477249
2026-05-14,2026-05-14 11:46:24,V018,128.0,0.9588426608119112
2026-05-14,2026-05-14 11:46:25,V018,127.0,1.0575289969804433
2026-05-14,2026-05-14 11:46:26,V018,126.0,0.9216503758660985
2026-05-14,2026-05-14 11:46:27,V018,125.0,1.2097535008765614
2026-05-14,2026-05-14 11:46:28,V018,124.0,1.0116403903377462
2026-05-14,2026-05-14 11:46:29,V018,123.0,1.080102137165967
2026-05-14,2026-05-14 11:46:30,V018,122.0,1.0376973242166243
2026-05-14,2026-05-14 11:46:31,V018,121.0,1.068542991308636
2026-05-14,2026-05-14 11:46:32,V018,119.0,1.075961658948796
2026-05-14,2026-05-14 11:46:33,V018,118.0,1.0967618280103548
2026-05-14,2026-05-14 11:46:34,V018,118.0,1.0441448526100665
2026-05-14,2026-05-14 11:46:35,V018,117.0,1.0887578858431488
2026-05-14,2026-05-14 11:46:36,V018,117.0,1.0908314237131993
2026-05-14,2026-05-14 11:46:37,V018,117.0,1.0340412148167877
2026-05-14,2026-05-14 11:46:38,V018,117.0,1.023939567637653
2026-05-14,2026-05-14 11:46:39,V018,118.0,1.1163621784543885
2026-05-14,2026-05-14 11:46:40,V018,118.0,1.0096150268962365
2026-05-14,2026-05-14 11:46:41,V018,119.0,1.0534511051189603
2026-05-14,2026-05-14 11:46:42,V018,119.0,1.0475248957871934
2026-05-14,2026-05-14 11:46:43,V018,120.0,1.044489885469585
2026-05-14,2026-05-14 11:46:44,V018,121.0,1.067656578057726
2026-05-14,2026-05-14 11:46:45,V018,121.0,1.0288190635842656
2026-05-14,2026-05-14 11:46:46,V018,121.0,1.0640940229530267
2026-05-14,2026-05-14 11:46:47,V018,122.0,1.0350901495844074
2026-05-14,2026-05-14 11:46:48,V018,122.0,1.063831726311608
2026-05-14,2026-05-14 11:46:49,V018,122.0,1.0440311279100183
2026-05-14,2026-05-14 11:46:50,V018,123.0,1.0482620504365463
2026-05-14,2026-05-14 11:46:51,V018,123.0,1.022568109277931
2026-05-14,2026-05-14 11:46:52,V018,123.0,1.0489791654582057
2026-05-14,2026-05-14 11:46:53,V018,124.0,1.0549093778268075
2026-05-14,2026-05-14 11:46:54,V018,124.0,1.0526359357773853
2026-05-14,2026-05-14 11:46:55,V018,124.0,1.039680341283142
2026-05-14,2026-05-14 11:46:56,V018,125.0,1.0536203433146698
2026-05-14,2026-05-14 11:46:57,V018,125.0,1.02836830739724
2026-05-14,2026-05-14 11:46:58,V018,125.0,1.066042547227348
2026-05-14,2026-05-14 11:46:59,V018,124.0,1.0247566736823248
2026-05-14,2026-05-14 11:47:00,V018,125.0,1.0808747573958404
2026-05-14,2026-05-14 11:47:01,V018,126.0,1.1003803959700698
2026-05-14,2026-05-14 11:47:02,V018,126.0,1.0560881836335778
2026-05-14,2026-05-14 11:47:03,V018,127.0,1.0528643985525175
2026-05-14,2026-05-14 11:47:04,V018,127.0,1.0631611243029055
2026-05-14,2026-05-14 11:47:05,V018,127.0,1.0557494143352526
2026-05-14,2026-05-14 11:47:06,V018,128.0,1.0239868103375367
2026-05-14,2026-05-14 11:47:07,V018,128.0,1.0601093001782136
2026-05-14,2026-05-14 11:47:08,V018,128.0,1.034092310637426
2026-05-14,2026-05-14 11:47:09,V018,128.0,1.0422479010543313
2026-05-14,2026-05-14 11:47:10,V018,127.0,1.0460677231541375
2026-05-14,2026-05-14 11:47:11,V018,127.0,1.0345171868158725
2026-05-14,2026-05-14 11:47:12,V018,127.0,1.0249383361472864
2026-05-14,2026-05-14 11:47:13,V018,127.0,1.0413857534460411
2026-05-14,2026-05-14 11:47:14,V018,126.0,1.0517898502138843
2026-05-14,2026-05-14 11:47:15,V018,126.0,1.045825382670028
2026-05-14,2026-05-14 11:47:16,V018,126.0,1.0451851002405212
2026-05-14,2026-05-14 11:47:17,V018,126.0,1.0539650674203351
2026-05-14,2026-05-14 11:47:18,V018,126.0,1.0429248143211385
2026-05-14,2026-05-14 11:47:19,V018,126.0,1.0278248961730043
2026-05-14,2026-05-14 11:47:20,V018,126.0,1.0355259989312762
2026-05-14,2026-05-14 11:47:21,V018,126.0,1.043241067633656
2026-05-14,2026-05-14 11:47:22,V018,126.0,1.026450769378654
2026-05-14,2026-05-14 11:47:23,V018,127.0,1.043421725153646
2026-05-14,2026-05-14 11:47:24,V018,127.0,1.0367715874167918
2026-05-14,2026-05-14 11:47:25,V018,127.0,1.0263450756289625
2026-05-14,2026-05-14 11:47:26,V018,127.0,1.0601284603352314
2026-05-14,2026-05-14 11:47:27,V018,128.0,1.0534756158414378
2026-05-14,2026-05-14 11:47:28,V018,128.0,1.0417883904566352
2026-05-14,2026-05-14 11:47:29,V018,128.0,1.042171079381748
2026-05-14,2026-05-14 11:47:30,V018,129.0,1.0657149928547194
2026-05-14,2026-05-14 11:47:31,V018,129.0,1.0524918072713543
2026-05-14,2026-05-14 11:47:32,V018,129.0,1.014790774557719
2026-05-14,2026-05-14 11:47:33,V018,129.0,1.0461974972554033
2026-05-14,2026-05-14 11:47:34,V018,129.0,1.1918317120279844
2026-05-14,2026-05-14 11:47:35,V018,129.0,1.1624135503103485
2026-05-14,2026-05-14 11:47:36,V018,128.0,1.1310876475274227
2026-05-14,2026-05-14 11:47:37,V018,128.0,1.1554099296342033
2026-05-14,2026-05-14 11:47:38,V018,128.0,1.5030710533361902
2026-05-14,2026-05-14 11:47:39,V018,128.0,2.2051214781294672
2026-05-14,2026-05-14 11:47:40,V018,128.0,1.2111400183479457
2026-05-14,2026-05-14 11:47:41,V018,128.0,1.004135147076779
2026-05-14,2026-05-14 11:47:42,V018,128.0,1.0056889444480532
2026-05-14,2026-05-14 11:47:43,V018,128.0,1.029245343765569
2026-05-14,2026-05-14 11:47:44,V018,,0.96581714861918
2026-05-14,2026-05-14 11:47:45,V018,,1.0165384752863873
2026-05-14,2026-05-14 11:47:46,V018,,1.0148035408778868
2026-05-14,2026-05-14 11:47:47,V018,,0.9958357772734937
2026-05-14,2026-05-14 11:47:48,V018,,1.0496426250477442
2026-05-14,2026-05-14 11:47:49,V018,,0.9928342471739181
2026-05-14,2026-05-14 11:47:50,V018,,1.058861073936269
2026-05-14,2026-05-14 11:47:51,V018,,0.9722170648838802
2026-05-14,2026-05-14 11:47:52,V018,,1.0834066035345478
2026-05-14,2026-05-14 11:47:53,V018,,0.9725098764499931
2026-05-14,2026-05-14 11:47:54,V018,,0.977382770450324
2026-05-14,2026-05-14 11:47:55,V018,,1.0204956508298155
2026-05-14,2026-05-14 11:47:56,V018,,0.9929176229804396
2026-05-14,2026-05-14 11:47:57,V018,,0.9849998778475941
2026-05-14,2026-05-14 11:47:58,V018,,1.0047445936331025
2026-05-14,2026-05-14 11:47:59,V018,,1.015997986811977
2026-05-14,2026-05-14 11:48:00,V018,,1.0124900908403762
2026-05-14,2026-05-14 11:48:01,V018,,1.0147906845378172
2026-05-14,2026-05-14 11:48:02,V018,,1.016295831526101
2026-05-14,2026-05-14 11:48:03,V018,,1.0380704741834001
2026-05-14,2026-05-14 11:48:04,V018,,1.0049224477681402
2026-05-14,2026-05-14 11:48:05,V018,,0.9928913323379664
2026-05-14,2026-05-14 11:48:06,V018,,0.9839543041089189
2026-05-14,2026-05-14 11:48:07,V018,,0.9997717138356922
2026-05-14,2026-05-14 11:48:08,V018,,1.1114585399218302
2026-05-14,2026-05-14 11:48:09,V018,,0.9449469346873387
2026-05-14,2026-05-14 11:48:10,V018,,0.9847519711505043
2026-05-14,2026-05-14 11:48:11,V018,,0.9898400612946521
2026-05-14,2026-05-14 11:48:12,V018,,0.9762196799279753
2026-05-14,2026-05-14 11:48:13,V018,,1.012943120940599
2026-05-14,2026-05-14 11:48:14,V018,,0.9716678030108332
2026-05-14,2026-05-14 11:48:15,V018,,0.9876063939800139
2026-05-14,2026-05-14 11:48:16,V018,,0.9852674801738591
2026-05-14,2026-05-14 11:48:17,V018,,0.9920687128598847
2026-05-14,2026-05-14 11:48:18,V018,,0.9838837811682681
2026-05-14,2026-05-14 11:48:19,V018,,0.9848580713867692
2026-05-14,2026-05-14 11:48:20,V018,,0.9917455463995178
2026-05-14,2026-05-14 11:48:21,V018,,0.9855986231483972
2026-05-14,2026-05-14 11:48:22,V018,,0.9868924802305814
2026-05-14,2026-05-14 11:48:23,V018,,0.985173505776172
2026-05-14,2026-05-14 11:48:24,V018,,0.9856071678043692
2026-05-14,2026-05-14 11:48:25,V018,,0.9855720385378735
2026-05-14,2026-05-14 11:48:26,V018,,0.9827444855557441
2026-05-14,2026-05-14 11:48:27,V018,,0.984956593440141
2026-05-14,2026-05-14 11:48:28,V018,,0.9854389964610267
2026-05-14,2026-05-14 11:48:29,V018,,0.9881511303682264
2026-05-14,2026-05-14 11:48:30,V018,,0.9852762721425138
2026-05-14,2026-05-14 11:48:31,V018,,0.9858674282558856
2026-05-14,2026-05-14 11:48:32,V018,,0.9857158512538221
2026-05-14,2026-05-14 11:48:33,V018,,0.9849496203199166
2026-05-14,2026-05-14 11:48:34,V018,,0.9856453726446673
2026-05-14,2026-05-14 11:48:35,V018,,0.9853876809136599
2026-05-14,2026-05-14 11:48:36,V018,,0.9851496761202673
2026-05-14,2026-05-14 11:48:37,V018,,0.9860008471654245
2026-05-14,2026-05-14 11:48:38,V018,,0.985552832948834
2026-05-14,2026-05-14 11:48:39,V018,,0.9859938206269091
2026-05-14,2026-05-14 11:48:40,V018,,0.985629917047759
2026-05-14,2026-05-14 11:48:41,V018,,0.9856963938443271
2026-05-14,2026-05-14 11:48:42,V018,,0.9852609895727293
2026-05-14,2026-05-14 11:48:43,V018,,0.9859828115094337
2026-05-14,2026-05-14 11:48:44,V018,,0.985399861010023
2026-05-14,2026-05-14 11:48:45,V018,,0.9861604445260587
2026-05-14,2026-05-14 11:48:46,V018,,0.9862335174505982
2026-05-14,2026-05-14 11:48:47,V018,,0.9856646885785705
2026-05-14,2026-05-14 11:48:48,V018,,0.9858014465628158
2026-05-14,2026-05-14 11:48:49,V018,,0.9862490365961403
2026-05-14,2026-05-14 11:48:50,V018,,0.9858629151721937
2026-05-14,2026-05-14 11:48:51,V018,,0.9853016766723058
2026-05-14,2026-05-14 11:48:52,V018,,0.9861809091908639
2026-05-14,2026-05-14 11:48:53,V018,,0.9855639630146333
2026-05-14,2026-05-14 11:48:54,V018,,0.9856809181708129
2026-05-14,2026-05-14 11:48:55,V018,,0.9857748694720643
2026-05-14,2026-05-14 11:48:56,V018,,0.9862259790389879
2026-05-14,2026-05-14 11:48:57,V018,,0.9861550204475966
2026-05-14,2026-05-14 11:48:58,V018,,0.9858713375766436
2026-05-14,2026-05-14 11:48:59,V018,,0.9841128109682349
2026-05-14,2026-05-14 11:49:00,V018,,0.9849085283358139
2026-05-14,2026-05-14 11:49:01,V018,,0.9764135859795621
2026-05-14,2026-05-14 11:49:02,V018,,0.9423695303255614
2026-05-14,2026-05-14 11:49:03,V018,,0.9854751400970808
2026-05-14,2026-05-14 11:49:04,V018,,0.9860258735248395
2026-05-14,2026-05-14 11:49:05,V018,,0.9863655963615272
2026-05-14,2026-05-14 11:49:06,V018,,0.985763798833788
2026-05-14,2026-05-14 11:49:07,V018,,0.986082933437662
2026-05-14,2026-05-14 11:49:08,V018,,0.9859429727964236
2026-05-14,2026-05-14 11:49:09,V018,,0.9859884541698725
2026-05-14,2026-05-14 11:49:10,V018,,0.9859705746430546
2026-05-14,2026-05-14 11:49:11,V018,,0.9859059316237402
2026-05-14,2026-05-14 11:49:12,V018,,0.9854559441368791
2026-05-14,2026-05-14 11:49:13,V018,,0.9859443475890672
2026-05-14,2026-05-14 11:49:14,V018,,0.9859223755692533
2026-05-14,2026-05-14 11:49:15,V018,,0.9858009021602385
2026-05-14,2026-05-14 11:49:16,V018,,0.9857913882698564
2026-05-14,2026-05-14 11:49:17,V018,,0.9858715026299435
2026-05-14,2026-05-14 11:49:18,V018,,0.9855750699273662
2026-05-14,2026-05-14 11:49:19,V018,,0.985653535982292
2026-05-14,2026-05-14 11:49:20,V018,,0.9857704166163975
2026-05-14,2026-05-14 11:49:21,V018,,0.9856837510591618
2026-05-14,2026-05-14 11:49:22,V018,,0.9865275113107248
2026-05-14,2026-05-14 11:49:23,V018,,0.985748272856518
2026-05-14,2026-05-14 11:49:24,V018,,0.9862329077913846
2026-05-14,2026-05-14 11:49:25,V018,,0.9864050629509455
2026-05-14,2026-05-14 11:49:26,V018,,0.9859307912509738
2026-05-14,2026-05-14 11:49:27,V018,,0.986653255142268
2026-05-14,2026-05-14 11:49:28,V018,,0.9861932583472613
2026-05-14,2026-05-14 11:49:29,V018,,0.9859994745512889
2026-05-14,2026-05-14 11:49:30,V018,,0.9858016696857064
2026-05-14,2026-05-14 11:49:31,V018,,0.9859409142112446
2026-05-14,2026-05-14 11:49:32,V018,,0.9856190793429447
2026-05-14,2026-05-14 11:49:33,V018,,0.9857906197761439
2026-05-14,2026-05-14 11:49:34,V018,,0.9867061078276794
2026-05-14,2026-05-14 11:49:35,V018,,0.9856466299312432
2026-05-14,2026-05-14 11:49:36,V018,,0.9863588538744323
2026-05-14,2026-05-14 11:49:37,V018,,0.9856739238096001
2026-05-14,2026-05-14 11:49:38,V018,,0.9854897590672422
2026-05-14,2026-05-14 11:49:39,V018,,0.985790415465453
2026-05-14,2026-05-14 11:49:40,V018,,0.9861113159654209
2026-05-14,2026-05-14 11:49:41,V018,,0.9856368832522353
2026-05-14,2026-05-14 11:49:42,V018,,0.9856723871055195
2026-05-14,2026-05-14 11:49:43,V018,,0.9859104051616039
2026-05-14,2026-05-14 11:49:44,V018,,0.9858820636888064
2026-05-14,2026-05-14 11:49:45,V018,,0.9857943259162341
2026-05-14,2026-05-14 11:49:46,V018,,0.9861994031352491
2026-05-14,2026-05-14 11:49:47,V018,,0.9859346674996202
2026-05-14,2026-05-14 11:49:48,V018,,0.9862442707056057
2026-05-14,2026-05-14 11:49:49,V018,,0.9861490067738956
