Date,Timestamp,SensorID,HeartRate,AccNorm
2026-07-09,2026-07-09 10:40:00,V018,114.0,0.9846582267350218
2026-07-09,2026-07-09 10:40:01,V018,115.0,1.044791571373038
2026-07-09,2026-07-09 10:40:02,V018,115.0,1.0031415876428342
2026-07-09,2026-07-09 10:40:03,V018,115.0,0.9780218907874613
2026-07-09,2026-07-09 10:40:04,V018,115.0,0.9806576352483314
2026-07-09,2026-07-09 10:40:05,V018,115.0,1.04383167084257
2026-07-09,2026-07-09 10:40:06,V018,116.0,0.9911685849088347
2026-07-09,2026-07-09 10:40:07,V018,116.0,1.0108923101537826
2026-07-09,2026-07-09 10:40:08,V018,116.0,1.0083072993442763
2026-07-09,2026-07-09 10:40:09,V018,116.0,1.0170337484260974
2026-07-09,2026-07-09 10:40:10,V018,116.0,1.0086557920887667
2026-07-09,2026-07-09 10:40:11,V018,116.0,0.9862555977775893
2026-07-09,2026-07-09 10:40:12,V018,116.0,1.0263099191229372
2026-07-09,2026-07-09 10:40:13,V018,117.0,0.9859507055848828
2026-07-09,2026-07-09 10:40:14,V018,117.0,0.9871295101521081
2026-07-09,2026-07-09 10:40:15,V018,117.0,1.018524715533232
2026-07-09,2026-07-09 10:40:16,V018,118.0,0.9804489207489656
2026-07-09,2026-07-09 10:40:17,V018,119.0,1.0275926418052865
2026-07-09,2026-07-09 10:40:18,V018,121.0,0.980518619015954
2026-07-09,2026-07-09 10:40:19,V018,122.0,0.9898032835695653
2026-07-09,2026-07-09 10:40:20,V018,123.0,1.0037231857654472
2026-07-09,2026-07-09 10:40:21,V018,124.0,1.008728131165657
2026-07-09,2026-07-09 10:40:22,V018,125.0,1.0053101636782398
2026-07-09,2026-07-09 10:40:23,V018,126.0,1.0013958590856342
2026-07-09,2026-07-09 10:40:24,V018,126.0,1.0037469530256
2026-07-09,2026-07-09 10:40:25,V018,127.0,0.9824867234592758
2026-07-09,2026-07-09 10:40:26,V018,127.0,1.0718751767084789
2026-07-09,2026-07-09 10:40:27,V018,127.0,1.0936961637718747
2026-07-09,2026-07-09 10:40:28,V018,128.0,1.037697901810455
2026-07-09,2026-07-09 10:40:29,V018,128.0,1.0442809203859467
2026-07-09,2026-07-09 10:40:30,V018,128.0,1.0205247274939506
2026-07-09,2026-07-09 10:40:31,V018,128.0,1.0419446566115274
2026-07-09,2026-07-09 10:40:32,V018,128.0,1.0186316665295427
2026-07-09,2026-07-09 10:40:33,V018,128.0,1.061239062827716
2026-07-09,2026-07-09 10:40:34,V018,127.0,1.0031774484188538
2026-07-09,2026-07-09 10:40:35,V018,127.0,0.9777042016161223
2026-07-09,2026-07-09 10:40:36,V018,127.0,0.9517114994233613
2026-07-09,2026-07-09 10:40:37,V018,127.0,1.0189968095380562
2026-07-09,2026-07-09 10:40:38,V018,126.0,0.98060765343665
2026-07-09,2026-07-09 10:40:39,V018,126.0,0.98547062152217
2026-07-09,2026-07-09 10:40:40,V018,126.0,0.9839107081282806
2026-07-09,2026-07-09 10:40:41,V018,126.0,0.9752233106722231
2026-07-09,2026-07-09 10:40:42,V018,126.0,1.0031150622747713
2026-07-09,2026-07-09 10:40:43,V018,126.0,0.9771113099584982
2026-07-09,2026-07-09 10:40:44,V018,125.0,0.9863251231338176
2026-07-09,2026-07-09 10:40:45,V018,125.0,0.9867908228060236
2026-07-09,2026-07-09 10:40:46,V018,124.0,0.9422985672011276
2026-07-09,2026-07-09 10:40:47,V018,123.0,1.0659467695025586
2026-07-09,2026-07-09 10:40:48,V018,122.0,1.0295250312430753
2026-07-09,2026-07-09 10:40:49,V018,121.0,1.0644309899596633
2026-07-09,2026-07-09 10:40:50,V018,120.0,1.0964868105331882
2026-07-09,2026-07-09 10:40:51,V018,120.0,1.0594155804365748
2026-07-09,2026-07-09 10:40:52,V018,120.0,0.961906809816853
2026-07-09,2026-07-09 10:40:53,V018,120.0,0.9985186738274032
2026-07-09,2026-07-09 10:40:54,V018,120.0,1.0003306084115686
2026-07-09,2026-07-09 10:40:55,V018,120.0,1.0194633385565561
2026-07-09,2026-07-09 10:40:56,V018,120.0,1.020389433860917
2026-07-09,2026-07-09 10:40:57,V018,119.0,1.0169689217537503
2026-07-09,2026-07-09 10:40:58,V018,119.0,1.0097295526305483
2026-07-09,2026-07-09 10:40:59,V018,119.0,0.9912258536842256
2026-07-09,2026-07-09 10:41:00,V018,119.0,1.008264019469052
2026-07-09,2026-07-09 10:41:01,V018,118.0,1.0171673703943298
2026-07-09,2026-07-09 10:41:02,V018,118.0,1.0385618274445148
2026-07-09,2026-07-09 10:41:03,V018,118.0,0.9896787913709622
2026-07-09,2026-07-09 10:41:04,V018,117.0,1.21177933781347
2026-07-09,2026-07-09 10:41:05,V018,117.0,0.985997434719452
2026-07-09,2026-07-09 10:41:06,V018,117.0,1.049920680098148
2026-07-09,2026-07-09 10:41:07,V018,117.0,1.020784406188001
2026-07-09,2026-07-09 10:41:08,V018,116.0,1.0114289792514735
2026-07-09,2026-07-09 10:41:09,V018,116.0,0.9754484808737133
2026-07-09,2026-07-09 10:41:10,V018,116.0,1.0215306058960933
2026-07-09,2026-07-09 10:41:11,V018,116.0,1.0315082324025873
2026-07-09,2026-07-09 10:41:12,V018,116.0,1.195729793108797
2026-07-09,2026-07-09 10:41:13,V018,115.0,1.1916519336368254
2026-07-09,2026-07-09 10:41:14,V018,115.0,1.0401009202193356
2026-07-09,2026-07-09 10:41:15,V018,114.0,0.966165692918533
2026-07-09,2026-07-09 10:41:16,V018,113.0,1.117338892614565
2026-07-09,2026-07-09 10:41:17,V018,112.0,0.953874318679647
2026-07-09,2026-07-09 10:41:18,V018,112.0,0.9964139073483906
2026-07-09,2026-07-09 10:41:19,V018,112.0,1.0347620033246014
2026-07-09,2026-07-09 10:41:20,V018,111.0,1.4367595411886027
2026-07-09,2026-07-09 10:41:21,V018,111.0,1.755492029611827
2026-07-09,2026-07-09 10:41:22,V018,111.0,1.7737441353354808
2026-07-09,2026-07-09 10:41:23,V018,111.0,1.4502097318905045
2026-07-09,2026-07-09 10:41:24,V018,110.0,1.0810792362829433
2026-07-09,2026-07-09 10:41:25,V018,109.0,1.1252306378871346
2026-07-09,2026-07-09 10:41:26,V018,110.0,1.0022855215580206
2026-07-09,2026-07-09 10:41:27,V018,110.0,1.8515683974679844
2026-07-09,2026-07-09 10:41:28,V018,111.0,1.2447133554313654
2026-07-09,2026-07-09 10:41:29,V018,112.0,1.0808797488438857
2026-07-09,2026-07-09 10:41:30,V018,112.0,0.9792121787286091
2026-07-09,2026-07-09 10:41:31,V018,112.0,0.978841339452511
2026-07-09,2026-07-09 10:41:32,V018,113.0,0.9851073579023355
2026-07-09,2026-07-09 10:41:33,V018,113.0,1.0248278191562565
2026-07-09,2026-07-09 10:41:34,V018,114.0,1.1294474005587767
2026-07-09,2026-07-09 10:41:35,V018,115.0,1.0726311373858284
2026-07-09,2026-07-09 10:41:36,V018,115.0,1.1681939672000219
2026-07-09,2026-07-09 10:41:37,V018,116.0,1.390199697138638
2026-07-09,2026-07-09 10:41:38,V018,117.0,1.111042558924176
2026-07-09,2026-07-09 10:41:39,V018,118.0,1.6695018959230346
2026-07-09,2026-07-09 10:41:40,V018,119.0,1.6486289949053883
2026-07-09,2026-07-09 10:41:41,V018,120.0,1.4677294972478134
2026-07-09,2026-07-09 10:41:42,V018,120.0,1.375372205184345
2026-07-09,2026-07-09 10:41:43,V018,121.0,0.9936120860421183
2026-07-09,2026-07-09 10:41:44,V018,121.0,1.5909869334022473
2026-07-09,2026-07-09 10:41:45,V018,122.0,1.479800208068971
2026-07-09,2026-07-09 10:41:46,V018,122.0,1.3189308400757522
2026-07-09,2026-07-09 10:41:47,V018,123.0,0.9917865935053675
2026-07-09,2026-07-09 10:41:48,V018,123.0,0.9423661602956149
2026-07-09,2026-07-09 10:41:49,V018,123.0,1.051964196504589
2026-07-09,2026-07-09 10:41:50,V018,123.0,0.9862605909713167
2026-07-09,2026-07-09 10:41:51,V018,123.0,0.9737345061506617
2026-07-09,2026-07-09 10:41:52,V018,123.0,1.1997471154917954
2026-07-09,2026-07-09 10:41:53,V018,122.0,1.2056721714513199
2026-07-09,2026-07-09 10:41:54,V018,122.0,1.0948602408333574
2026-07-09,2026-07-09 10:41:55,V018,122.0,0.9859440623134137
2026-07-09,2026-07-09 10:41:56,V018,121.0,0.9090408461229255
2026-07-09,2026-07-09 10:41:57,V018,121.0,1.1103016398037764
2026-07-09,2026-07-09 10:41:58,V018,120.0,1.0436563025493715
2026-07-09,2026-07-09 10:41:59,V018,120.0,1.1623953244278826
2026-07-09,2026-07-09 10:42:00,V018,120.0,1.0424148672087448
2026-07-09,2026-07-09 10:42:01,V018,119.0,1.0189833855538126
2026-07-09,2026-07-09 10:42:02,V018,119.0,1.0449594171168424
2026-07-09,2026-07-09 10:42:03,V018,119.0,0.985777149687711
2026-07-09,2026-07-09 10:42:04,V018,119.0,1.0156601851202194
2026-07-09,2026-07-09 10:42:05,V018,119.0,0.9741447388054189
2026-07-09,2026-07-09 10:42:06,V018,119.0,1.0304815958639744
2026-07-09,2026-07-09 10:42:07,V018,119.0,1.2277910486857284
2026-07-09,2026-07-09 10:42:08,V018,119.0,1.006305093474124
2026-07-09,2026-07-09 10:42:09,V018,120.0,1.060071163303224
2026-07-09,2026-07-09 10:42:10,V018,120.0,0.9971092458874861
2026-07-09,2026-07-09 10:42:11,V018,120.0,1.00585762600072
2026-07-09,2026-07-09 10:42:12,V018,121.0,1.111833422085305
2026-07-09,2026-07-09 10:42:13,V018,121.0,0.9850045263769382
2026-07-09,2026-07-09 10:42:14,V018,121.0,0.963903225696529
2026-07-09,2026-07-09 10:42:15,V018,121.0,1.2298064473769876
2026-07-09,2026-07-09 10:42:16,V018,122.0,0.8658937856295443
2026-07-09,2026-07-09 10:42:17,V018,122.0,1.0238395397794249
2026-07-09,2026-07-09 10:42:18,V018,122.0,1.0226647298309688
2026-07-09,2026-07-09 10:42:19,V018,122.0,1.0410552919480385
2026-07-09,2026-07-09 10:42:20,V018,122.0,0.9837725849800273
2026-07-09,2026-07-09 10:42:21,V018,122.0,0.9932710926863755
2026-07-09,2026-07-09 10:42:22,V018,122.0,1.011580290390659
2026-07-09,2026-07-09 10:42:23,V018,122.0,0.9855905334736671
2026-07-09,2026-07-09 10:42:24,V018,122.0,0.9828862031263913
2026-07-09,2026-07-09 10:42:25,V018,122.0,0.993078152687884
2026-07-09,2026-07-09 10:42:26,V018,122.0,0.9817385887512163
2026-07-09,2026-07-09 10:42:27,V018,122.0,1.0686683982312797
2026-07-09,2026-07-09 10:42:28,V018,122.0,1.4549163941865022
2026-07-09,2026-07-09 10:42:29,V018,122.0,1.116090792657313
2026-07-09,2026-07-09 10:42:30,V018,122.0,1.0620654472256588
2026-07-09,2026-07-09 10:42:31,V018,123.0,0.9784498144728937
2026-07-09,2026-07-09 10:42:32,V018,123.0,1.038971862062053
2026-07-09,2026-07-09 10:42:33,V018,124.0,1.08469011232249
2026-07-09,2026-07-09 10:42:34,V018,125.0,1.0159453218015064
2026-07-09,2026-07-09 10:42:35,V018,126.0,0.9862414761441742
2026-07-09,2026-07-09 10:42:36,V018,127.0,1.2432160459492914
2026-07-09,2026-07-09 10:42:37,V018,128.0,1.307606591039849
2026-07-09,2026-07-09 10:42:38,V018,129.0,1.0968010674784416
2026-07-09,2026-07-09 10:42:39,V018,130.0,1.029724078940305
2026-07-09,2026-07-09 10:42:40,V018,130.0,1.044139844173315
2026-07-09,2026-07-09 10:42:41,V018,130.0,1.2795672401959548
2026-07-09,2026-07-09 10:42:42,V018,130.0,1.3578436909427116
2026-07-09,2026-07-09 10:42:43,V018,130.0,1.073203081361915
2026-07-09,2026-07-09 10:42:44,V018,130.0,1.0129011694228915
2026-07-09,2026-07-09 10:42:45,V018,129.0,1.008550022358455
2026-07-09,2026-07-09 10:42:46,V018,129.0,1.0542394757587865
2026-07-09,2026-07-09 10:42:47,V018,128.0,1.0446253634546947
2026-07-09,2026-07-09 10:42:48,V018,128.0,0.9662694337439987
2026-07-09,2026-07-09 10:42:49,V018,128.0,0.9905857285162785
2026-07-09,2026-07-09 10:42:50,V018,129.0,1.4673523836525602
2026-07-09,2026-07-09 10:42:51,V018,129.0,1.5817859304536235
2026-07-09,2026-07-09 10:42:52,V018,130.0,0.9385977333035967
2026-07-09,2026-07-09 10:42:53,V018,130.0,1.056101088573842
2026-07-09,2026-07-09 10:42:54,V018,131.0,1.0380118886280914
2026-07-09,2026-07-09 10:42:55,V018,132.0,1.0077842321069708
2026-07-09,2026-07-09 10:42:56,V018,133.0,0.9901262282680021
2026-07-09,2026-07-09 10:42:57,V018,134.0,0.9921789696051764
2026-07-09,2026-07-09 10:42:58,V018,135.0,1.011950964027292
2026-07-09,2026-07-09 10:42:59,V018,136.0,0.9751428446512057
2026-07-09,2026-07-09 10:43:00,V018,137.0,0.9836402520358603
2026-07-09,2026-07-09 10:43:01,V018,138.0,0.9378140541036042
2026-07-09,2026-07-09 10:43:02,V018,139.0,1.1767575916517161
2026-07-09,2026-07-09 10:43:03,V018,140.0,0.9056883146978728
2026-07-09,2026-07-09 10:43:04,V018,141.0,0.9912062759811745
2026-07-09,2026-07-09 10:43:05,V018,142.0,1.0091758602066039
2026-07-09,2026-07-09 10:43:06,V018,143.0,1.0029743969835663
2026-07-09,2026-07-09 10:43:07,V018,143.0,0.9943915549454639
2026-07-09,2026-07-09 10:43:08,V018,144.0,1.004853694967002
2026-07-09,2026-07-09 10:43:09,V018,144.0,0.9895545963924345
2026-07-09,2026-07-09 10:43:10,V018,144.0,0.9787174599125349
2026-07-09,2026-07-09 10:43:11,V018,145.0,0.9882053582708521
2026-07-09,2026-07-09 10:43:12,V018,144.0,0.9775369460607953
2026-07-09,2026-07-09 10:43:13,V018,143.0,0.9842226961235416
2026-07-09,2026-07-09 10:43:14,V018,143.0,1.0298487061959476
2026-07-09,2026-07-09 10:43:15,V018,142.0,1.0455653247174166
2026-07-09,2026-07-09 10:43:16,V018,142.0,1.0077557465503435
2026-07-09,2026-07-09 10:43:17,V018,142.0,1.0139512894907723
2026-07-09,2026-07-09 10:43:18,V018,142.0,1.0142217995870682
2026-07-09,2026-07-09 10:43:19,V018,141.0,1.0525703698052404
2026-07-09,2026-07-09 10:43:20,V018,141.0,1.0084585238699602
2026-07-09,2026-07-09 10:43:21,V018,140.0,1.0374914825022108
2026-07-09,2026-07-09 10:43:22,V018,140.0,1.0134389778189352
2026-07-09,2026-07-09 10:43:23,V018,139.0,1.0185281073260104
2026-07-09,2026-07-09 10:43:24,V018,139.0,1.0519302156162136
2026-07-09,2026-07-09 10:43:25,V018,139.0,0.9367937010218199
2026-07-09,2026-07-09 10:43:26,V018,140.0,1.0273871836398312
2026-07-09,2026-07-09 10:43:27,V018,140.0,1.0210403288331689
2026-07-09,2026-07-09 10:43:28,V018,140.0,1.035756566925222
2026-07-09,2026-07-09 10:43:29,V018,140.0,1.0185708586174358
2026-07-09,2026-07-09 10:43:30,V018,140.0,1.2222638795037133
2026-07-09,2026-07-09 10:43:31,V018,140.0,1.2444175796970733
2026-07-09,2026-07-09 10:43:32,V018,140.0,1.001095102673338
2026-07-09,2026-07-09 10:43:33,V018,139.0,1.0137545285427632
2026-07-09,2026-07-09 10:43:34,V018,138.0,1.1187383256535737
2026-07-09,2026-07-09 10:43:35,V018,137.0,1.2943829721925755
2026-07-09,2026-07-09 10:43:36,V018,136.0,1.07274922697863
2026-07-09,2026-07-09 10:43:37,V018,135.0,1.020631949769264
2026-07-09,2026-07-09 10:43:38,V018,134.0,1.0087629814557664
2026-07-09,2026-07-09 10:43:39,V018,133.0,1.1759341627909612
2026-07-09,2026-07-09 10:43:40,V018,133.0,1.112756458366873
2026-07-09,2026-07-09 10:43:41,V018,133.0,0.9550276146471552
2026-07-09,2026-07-09 10:43:42,V018,132.0,1.038402982630802
2026-07-09,2026-07-09 10:43:43,V018,131.0,1.0691251148585994
2026-07-09,2026-07-09 10:43:44,V018,130.0,1.0462785411806672
2026-07-09,2026-07-09 10:43:45,V018,129.0,1.0009679310265238
2026-07-09,2026-07-09 10:43:46,V018,127.0,1.3014439648585585
2026-07-09,2026-07-09 10:43:47,V018,126.0,1.5521033683661851
2026-07-09,2026-07-09 10:43:48,V018,126.0,1.2332243827410454
2026-07-09,2026-07-09 10:43:49,V018,126.0,1.6918416035412653
2026-07-09,2026-07-09 10:43:50,V018,126.0,1.9187295639741715
2026-07-09,2026-07-09 10:43:51,V018,126.0,1.6917087237140136
2026-07-09,2026-07-09 10:43:52,V018,127.0,0.9819594937672977
2026-07-09,2026-07-09 10:43:53,V018,128.0,1.2421170741975935
2026-07-09,2026-07-09 10:43:54,V018,129.0,1.0028529525930059
2026-07-09,2026-07-09 10:43:55,V018,130.0,1.0192542412191379
2026-07-09,2026-07-09 10:43:56,V018,131.0,1.0188344914522374
2026-07-09,2026-07-09 10:43:57,V018,131.0,1.028458400345618
2026-07-09,2026-07-09 10:43:58,V018,131.0,0.9772390834111208
2026-07-09,2026-07-09 10:43:59,V018,131.0,1.025091379512354
2026-07-09,2026-07-09 10:44:00,V018,131.0,1.1324475179476263
2026-07-09,2026-07-09 10:44:01,V018,132.0,1.0943543539898948
2026-07-09,2026-07-09 10:44:02,V018,132.0,0.9789521018630614
2026-07-09,2026-07-09 10:44:03,V018,132.0,1.1091911788590618
2026-07-09,2026-07-09 10:44:04,V018,133.0,1.1215500142106836
2026-07-09,2026-07-09 10:44:05,V018,133.0,1.0890493654866933
2026-07-09,2026-07-09 10:44:06,V018,134.0,1.00463285726939
2026-07-09,2026-07-09 10:44:07,V018,135.0,1.209760257003568
2026-07-09,2026-07-09 10:44:08,V018,135.0,1.3166453415883896
2026-07-09,2026-07-09 10:44:09,V018,136.0,1.0232536671687347
2026-07-09,2026-07-09 10:44:10,V018,136.0,0.9845300987792988
2026-07-09,2026-07-09 10:44:11,V018,136.0,1.0335968704092804
2026-07-09,2026-07-09 10:44:12,V018,136.0,1.0033197792696102
2026-07-09,2026-07-09 10:44:13,V018,136.0,0.9957643808694164
2026-07-09,2026-07-09 10:44:14,V018,137.0,1.0017049050556148
2026-07-09,2026-07-09 10:44:15,V018,137.0,1.0050598366803618
2026-07-09,2026-07-09 10:44:16,V018,138.0,1.0366026835230358
2026-07-09,2026-07-09 10:44:17,V018,139.0,1.0127829783363418
2026-07-09,2026-07-09 10:44:18,V018,140.0,1.0253149188619008
2026-07-09,2026-07-09 10:44:19,V018,140.0,1.0345310515707542
2026-07-09,2026-07-09 10:44:20,V018,141.0,1.011920506949856
2026-07-09,2026-07-09 10:44:21,V018,142.0,0.9983216893123317
2026-07-09,2026-07-09 10:44:22,V018,143.0,1.077547143660285
2026-07-09,2026-07-09 10:44:23,V018,144.0,1.111409973151527
2026-07-09,2026-07-09 10:44:24,V018,145.0,1.0260543430600508
2026-07-09,2026-07-09 10:44:25,V018,145.0,0.9554735693874845
2026-07-09,2026-07-09 10:44:26,V018,145.0,1.5984386595572335
2026-07-09,2026-07-09 10:44:27,V018,145.0,1.1293580825744527
2026-07-09,2026-07-09 10:44:28,V018,145.0,1.0347469995409668
2026-07-09,2026-07-09 10:44:29,V018,144.0,1.0516248085415247
2026-07-09,2026-07-09 10:44:30,V018,144.0,1.1271522587903418
2026-07-09,2026-07-09 10:44:31,V018,143.0,1.080698651399085
2026-07-09,2026-07-09 10:44:32,V018,142.0,0.9739928993020369
2026-07-09,2026-07-09 10:44:33,V018,142.0,0.9913840119637352
2026-07-09,2026-07-09 10:44:34,V018,141.0,1.2228524040004367
2026-07-09,2026-07-09 10:44:35,V018,141.0,1.2349191755817288
2026-07-09,2026-07-09 10:44:36,V018,139.0,0.9613142744541933
2026-07-09,2026-07-09 10:44:37,V018,138.0,1.0312776662254959
2026-07-09,2026-07-09 10:44:38,V018,138.0,0.9889253791001985
2026-07-09,2026-07-09 10:44:39,V018,138.0,0.9967195578141647
2026-07-09,2026-07-09 10:44:40,V018,137.0,1.0088940869773995
2026-07-09,2026-07-09 10:44:41,V018,136.0,1.0217541107918569
2026-07-09,2026-07-09 10:44:42,V018,137.0,0.9747477475725699
2026-07-09,2026-07-09 10:44:43,V018,137.0,1.0023495808195897
2026-07-09,2026-07-09 10:44:44,V018,138.0,1.00319249632427
2026-07-09,2026-07-09 10:44:45,V018,138.0,1.0157308152203979
2026-07-09,2026-07-09 10:44:46,V018,139.0,1.0041521745900375
2026-07-09,2026-07-09 10:44:47,V018,140.0,0.9972012298652557
2026-07-09,2026-07-09 10:44:48,V018,141.0,0.9986014152223969
2026-07-09,2026-07-09 10:44:49,V018,141.0,0.9974099268138352
2026-07-09,2026-07-09 10:44:50,V018,142.0,1.0027216531899608
2026-07-09,2026-07-09 10:44:51,V018,142.0,0.9982535869552692
2026-07-09,2026-07-09 10:44:52,V018,143.0,0.97660661832689
2026-07-09,2026-07-09 10:44:53,V018,143.0,0.9866365605770151
2026-07-09,2026-07-09 10:44:54,V018,143.0,1.0025585492708622
2026-07-09,2026-07-09 10:44:55,V018,143.0,1.029143860108545
2026-07-09,2026-07-09 10:44:56,V018,143.0,0.9742864676204175
2026-07-09,2026-07-09 10:44:57,V018,143.0,0.9551426077492465
2026-07-09,2026-07-09 10:44:58,V018,143.0,1.0176941837996663
2026-07-09,2026-07-09 10:44:59,V018,143.0,1.0037335477145368
2026-07-09,2026-07-09 10:45:00,V018,143.0,0.9743233629122832
2026-07-09,2026-07-09 10:45:01,V018,143.0,0.9888656334110731
2026-07-09,2026-07-09 10:45:02,V018,144.0,0.9911665945448688
2026-07-09,2026-07-09 10:45:03,V018,145.0,0.9902722007791853
2026-07-09,2026-07-09 10:45:04,V018,145.0,0.972782011946921
2026-07-09,2026-07-09 10:45:05,V018,144.0,0.9999424844197315
2026-07-09,2026-07-09 10:45:06,V018,144.0,0.9807358849294138
2026-07-09,2026-07-09 10:45:07,V018,145.0,0.9854974522276337
2026-07-09,2026-07-09 10:45:08,V018,145.0,1.0061950917551217
2026-07-09,2026-07-09 10:45:09,V018,145.0,0.9693223667365652
2026-07-09,2026-07-09 10:45:10,V018,144.0,1.0077877849085164
2026-07-09,2026-07-09 10:45:11,V018,143.0,1.0237070326517228
2026-07-09,2026-07-09 10:45:12,V018,143.0,0.9804998689270942
2026-07-09,2026-07-09 10:45:13,V018,142.0,0.9831955233920886
2026-07-09,2026-07-09 10:45:14,V018,142.0,0.9878838882563913
2026-07-09,2026-07-09 10:45:15,V018,141.0,0.9943961172406788
2026-07-09,2026-07-09 10:45:16,V018,140.0,0.9822554688459828
2026-07-09,2026-07-09 10:45:17,V018,139.0,0.9843462859344301
2026-07-09,2026-07-09 10:45:18,V018,138.0,0.9927304800137756
2026-07-09,2026-07-09 10:45:19,V018,137.0,0.9889946042247524
2026-07-09,2026-07-09 10:45:20,V018,136.0,0.9873646486399855
2026-07-09,2026-07-09 10:45:21,V018,135.0,0.9918491478881835
2026-07-09,2026-07-09 10:45:22,V018,135.0,0.9782236268965466
2026-07-09,2026-07-09 10:45:23,V018,134.0,0.9915357390330497
2026-07-09,2026-07-09 10:45:24,V018,134.0,1.0081087956457602
2026-07-09,2026-07-09 10:45:25,V018,134.0,1.0142079406065247
2026-07-09,2026-07-09 10:45:26,V018,134.0,0.9986760813884803
2026-07-09,2026-07-09 10:45:27,V018,134.0,0.9827163822294166
2026-07-09,2026-07-09 10:45:28,V018,133.0,1.0236257748656779
2026-07-09,2026-07-09 10:45:29,V018,133.0,0.9678253576860002
2026-07-09,2026-07-09 10:45:30,V018,132.0,1.023550202565404
2026-07-09,2026-07-09 10:45:31,V018,132.0,1.0376964234026984
2026-07-09,2026-07-09 10:45:32,V018,131.0,1.0058819752727746
2026-07-09,2026-07-09 10:45:33,V018,130.0,0.9839685566868718
2026-07-09,2026-07-09 10:45:34,V018,130.0,1.0825350226038042
2026-07-09,2026-07-09 10:45:35,V018,129.0,0.9540187570381348
2026-07-09,2026-07-09 10:45:36,V018,129.0,0.9840651909207555
2026-07-09,2026-07-09 10:45:37,V018,129.0,0.9916533165949616
2026-07-09,2026-07-09 10:45:38,V018,128.0,0.9964130368859124
2026-07-09,2026-07-09 10:45:39,V018,127.0,0.979895789932
2026-07-09,2026-07-09 10:45:40,V018,128.0,0.9874750350302924
2026-07-09,2026-07-09 10:45:41,V018,129.0,0.9835080935021068
2026-07-09,2026-07-09 10:45:42,V018,129.0,0.9765540811346884
2026-07-09,2026-07-09 10:45:43,V018,129.0,1.015526822493294
2026-07-09,2026-07-09 10:45:44,V018,128.0,0.9752322427954474
2026-07-09,2026-07-09 10:45:45,V018,128.0,0.9782069700381552
2026-07-09,2026-07-09 10:45:46,V018,128.0,1.083174635992726
2026-07-09,2026-07-09 10:45:47,V018,127.0,0.9765514869987701
2026-07-09,2026-07-09 10:45:48,V018,127.0,0.9863277862620009
2026-07-09,2026-07-09 10:45:49,V018,126.0,1.0101632826871156
2026-07-09,2026-07-09 10:45:50,V018,126.0,1.0274730908361138
2026-07-09,2026-07-09 10:45:51,V018,125.0,0.9786596777201838
2026-07-09,2026-07-09 10:45:52,V018,125.0,0.9732728764333677
2026-07-09,2026-07-09 10:45:53,V018,125.0,0.9847927991912973
2026-07-09,2026-07-09 10:45:54,V018,124.0,0.9972907309772258
2026-07-09,2026-07-09 10:45:55,V018,124.0,0.9864789079986495
2026-07-09,2026-07-09 10:45:56,V018,124.0,1.0233456503932152
2026-07-09,2026-07-09 10:45:57,V018,123.0,0.9862401463379638
2026-07-09,2026-07-09 10:45:58,V018,123.0,1.0449056062579212
2026-07-09,2026-07-09 10:45:59,V018,123.0,1.0452139247205179
2026-07-09,2026-07-09 10:46:00,V018,123.0,0.9908480530064678
2026-07-09,2026-07-09 10:46:01,V018,123.0,1.0227873277262483
2026-07-09,2026-07-09 10:46:02,V018,123.0,1.0171224484595989
2026-07-09,2026-07-09 10:46:03,V018,123.0,1.0231455122376572
2026-07-09,2026-07-09 10:46:04,V018,124.0,1.391165936857947
2026-07-09,2026-07-09 10:46:05,V018,125.0,1.1923497252260347
2026-07-09,2026-07-09 10:46:06,V018,125.0,0.9961002553270121
2026-07-09,2026-07-09 10:46:07,V018,126.0,1.0220478051439
2026-07-09,2026-07-09 10:46:08,V018,126.0,0.9764909825493542
2026-07-09,2026-07-09 10:46:09,V018,125.0,0.9754230159285722
2026-07-09,2026-07-09 10:46:10,V018,125.0,1.036168668746565
2026-07-09,2026-07-09 10:46:11,V018,125.0,0.992719056029956
2026-07-09,2026-07-09 10:46:12,V018,125.0,0.9791102055870604
2026-07-09,2026-07-09 10:46:13,V018,125.0,1.0328876810456062
2026-07-09,2026-07-09 10:46:14,V018,125.0,1.1559693493815428
2026-07-09,2026-07-09 10:46:15,V018,125.0,1.2357810435131023
2026-07-09,2026-07-09 10:46:16,V018,126.0,1.3464128309012557
2026-07-09,2026-07-09 10:46:17,V018,126.0,1.0696146165149336
2026-07-09,2026-07-09 10:46:18,V018,126.0,1.3423755659398418
2026-07-09,2026-07-09 10:46:19,V018,127.0,1.3141188657904568
2026-07-09,2026-07-09 10:46:20,V018,127.0,1.0099227657417165
2026-07-09,2026-07-09 10:46:21,V018,128.0,1.0613589307033553
2026-07-09,2026-07-09 10:46:22,V018,127.0,0.9982264874742312
2026-07-09,2026-07-09 10:46:23,V018,127.0,1.160219787758088
2026-07-09,2026-07-09 10:46:24,V018,126.0,1.06610591271173
2026-07-09,2026-07-09 10:46:25,V018,125.0,1.0808184257134819
2026-07-09,2026-07-09 10:46:26,V018,124.0,1.255699678342468
2026-07-09,2026-07-09 10:46:27,V018,124.0,1.5160993794464415
2026-07-09,2026-07-09 10:46:28,V018,124.0,1.4143673026358319
2026-07-09,2026-07-09 10:46:29,V018,124.0,1.6950308132703429
2026-07-09,2026-07-09 10:46:30,V018,124.0,1.2071669088502928
2026-07-09,2026-07-09 10:46:31,V018,125.0,1.075046599691551
2026-07-09,2026-07-09 10:46:32,V018,124.0,1.0405043648360057
2026-07-09,2026-07-09 10:46:33,V018,123.0,0.937072920729113
2026-07-09,2026-07-09 10:46:34,V018,124.0,1.0980027194723094
2026-07-09,2026-07-09 10:46:35,V018,125.0,1.046849067932022
2026-07-09,2026-07-09 10:46:36,V018,126.0,0.9650154270922352
2026-07-09,2026-07-09 10:46:37,V018,127.0,1.0154617471006115
2026-07-09,2026-07-09 10:46:38,V018,127.0,1.0251529530074315
2026-07-09,2026-07-09 10:46:39,V018,128.0,1.0229224901154395
2026-07-09,2026-07-09 10:46:40,V018,129.0,0.9869372840910922
2026-07-09,2026-07-09 10:46:41,V018,130.0,1.0209641115048724
2026-07-09,2026-07-09 10:46:42,V018,132.0,0.9959016724535171
2026-07-09,2026-07-09 10:46:43,V018,133.0,0.9922173169266965
2026-07-09,2026-07-09 10:46:44,V018,135.0,1.0653802282524962
2026-07-09,2026-07-09 10:46:45,V018,136.0,1.0364528473260872
2026-07-09,2026-07-09 10:46:46,V018,138.0,0.9837603593215307
2026-07-09,2026-07-09 10:46:47,V018,139.0,0.9874774561703268
2026-07-09,2026-07-09 10:46:48,V018,140.0,0.9819095476990246
2026-07-09,2026-07-09 10:46:49,V018,141.0,1.0090127294430484
2026-07-09,2026-07-09 10:46:50,V018,141.0,0.9985156809748617
2026-07-09,2026-07-09 10:46:51,V018,141.0,1.0056676931852537
2026-07-09,2026-07-09 10:46:52,V018,142.0,0.9888991566306159
2026-07-09,2026-07-09 10:46:53,V018,142.0,1.028004328602307
2026-07-09,2026-07-09 10:46:54,V018,142.0,1.3057008191567967
2026-07-09,2026-07-09 10:46:55,V018,142.0,1.5443196951899725
2026-07-09,2026-07-09 10:46:56,V018,142.0,1.1533281627635137
2026-07-09,2026-07-09 10:46:57,V018,142.0,1.0382579020972271
2026-07-09,2026-07-09 10:46:58,V018,142.0,1.5159842896924545
2026-07-09,2026-07-09 10:46:59,V018,142.0,1.2310272758261267
2026-07-09,2026-07-09 10:47:00,V018,142.0,1.0874492025917895
2026-07-09,2026-07-09 10:47:01,V018,141.0,0.9730799401132345
2026-07-09,2026-07-09 10:47:02,V018,141.0,0.9994448498539714
2026-07-09,2026-07-09 10:47:03,V018,141.0,1.0011753219559492
2026-07-09,2026-07-09 10:47:04,V018,141.0,1.343973277801829
2026-07-09,2026-07-09 10:47:05,V018,141.0,1.3369232741516957
2026-07-09,2026-07-09 10:47:06,V018,141.0,1.0343431578195
2026-07-09,2026-07-09 10:47:07,V018,141.0,0.9929314566563894
2026-07-09,2026-07-09 10:47:08,V018,140.0,1.0871134410904126
2026-07-09,2026-07-09 10:47:09,V018,140.0,1.3371177862731278
2026-07-09,2026-07-09 10:47:10,V018,140.0,0.964246434680478
2026-07-09,2026-07-09 10:47:11,V018,140.0,1.0026268764101367
2026-07-09,2026-07-09 10:47:12,V018,140.0,0.9902624307360555
2026-07-09,2026-07-09 10:47:13,V018,140.0,1.0201720964998082
2026-07-09,2026-07-09 10:47:14,V018,140.0,1.022601092024934
2026-07-09,2026-07-09 10:47:15,V018,139.0,0.9633839672288403
2026-07-09,2026-07-09 10:47:16,V018,139.0,1.0238915475723627
2026-07-09,2026-07-09 10:47:17,V018,139.0,0.9988625817269454
2026-07-09,2026-07-09 10:47:18,V018,139.0,1.0945406415625831
2026-07-09,2026-07-09 10:47:19,V018,139.0,0.9949471162953278
2026-07-09,2026-07-09 10:47:20,V018,138.0,0.993390578452015
2026-07-09,2026-07-09 10:47:21,V018,137.0,0.9847174227845207
2026-07-09,2026-07-09 10:47:22,V018,139.0,1.0232198800016372
2026-07-09,2026-07-09 10:47:23,V018,140.0,0.9511585318022101
2026-07-09,2026-07-09 10:47:24,V018,141.0,1.1161099654425266
2026-07-09,2026-07-09 10:47:25,V018,141.0,0.9919162964827468
2026-07-09,2026-07-09 10:47:26,V018,141.0,0.9641403620409533
2026-07-09,2026-07-09 10:47:27,V018,142.0,1.0666308067246806
2026-07-09,2026-07-09 10:47:28,V018,142.0,1.0229853161340845
2026-07-09,2026-07-09 10:47:29,V018,142.0,0.9911666277763026
2026-07-09,2026-07-09 10:47:30,V018,143.0,1.0160387602028318
2026-07-09,2026-07-09 10:47:31,V018,143.0,1.0423854927843037
2026-07-09,2026-07-09 10:47:32,V018,144.0,0.9331583884959226
2026-07-09,2026-07-09 10:47:33,V018,145.0,1.0749171468409697
2026-07-09,2026-07-09 10:47:34,V018,146.0,1.0127001633091286
2026-07-09,2026-07-09 10:47:35,V018,146.0,1.041493598366779
2026-07-09,2026-07-09 10:47:36,V018,147.0,1.0222145188051701
2026-07-09,2026-07-09 10:47:37,V018,148.0,0.9823445342076285
2026-07-09,2026-07-09 10:47:38,V018,148.0,0.9921849779124237
2026-07-09,2026-07-09 10:47:39,V018,148.0,1.0157548654250066
2026-07-09,2026-07-09 10:47:40,V018,147.0,1.0295459022739726
2026-07-09,2026-07-09 10:47:41,V018,146.0,0.9841646114717831
2026-07-09,2026-07-09 10:47:42,V018,145.0,1.0113459614434184
2026-07-09,2026-07-09 10:47:43,V018,144.0,1.007903230532885
2026-07-09,2026-07-09 10:47:44,V018,143.0,1.0140691622379385
2026-07-09,2026-07-09 10:47:45,V018,143.0,0.982102291144374
2026-07-09,2026-07-09 10:47:46,V018,142.0,1.0181504491349949
2026-07-09,2026-07-09 10:47:47,V018,141.0,1.014066650973671
2026-07-09,2026-07-09 10:47:48,V018,140.0,0.9885150483303364
2026-07-09,2026-07-09 10:47:49,V018,139.0,0.9844675402974
2026-07-09,2026-07-09 10:47:50,V018,138.0,0.9936612266441244
2026-07-09,2026-07-09 10:47:51,V018,138.0,1.0032317962397965
2026-07-09,2026-07-09 10:47:52,V018,137.0,0.9861155881779797
2026-07-09,2026-07-09 10:47:53,V018,136.0,1.002369951453068
2026-07-09,2026-07-09 10:47:54,V018,136.0,1.041753018834841
2026-07-09,2026-07-09 10:47:55,V018,136.0,0.9913315792548059
2026-07-09,2026-07-09 10:47:56,V018,137.0,0.9908859481379452
2026-07-09,2026-07-09 10:47:57,V018,137.0,0.9850904195723725
2026-07-09,2026-07-09 10:47:58,V018,138.0,0.9545679751696241
2026-07-09,2026-07-09 10:47:59,V018,138.0,1.0445426077559337
2026-07-09,2026-07-09 10:48:00,V018,138.0,1.0044165652521966
2026-07-09,2026-07-09 10:48:01,V018,137.0,0.9865649934876695
2026-07-09,2026-07-09 10:48:02,V018,137.0,0.9691536718649879
2026-07-09,2026-07-09 10:48:03,V018,137.0,0.9617902480109627
2026-07-09,2026-07-09 10:48:04,V018,137.0,1.0567620504532214
2026-07-09,2026-07-09 10:48:05,V018,137.0,0.9783718436582962
2026-07-09,2026-07-09 10:48:06,V018,138.0,0.9886379329480229
2026-07-09,2026-07-09 10:48:07,V018,138.0,1.01229855094131
2026-07-09,2026-07-09 10:48:08,V018,139.0,0.9822595722983227
2026-07-09,2026-07-09 10:48:09,V018,139.0,0.9834314274494904
2026-07-09,2026-07-09 10:48:10,V018,139.0,0.9846810179073456
2026-07-09,2026-07-09 10:48:11,V018,139.0,1.0096899170539735
2026-07-09,2026-07-09 10:48:12,V018,139.0,1.0002126044799322
2026-07-09,2026-07-09 10:48:13,V018,138.0,0.9966027516084573
2026-07-09,2026-07-09 10:48:14,V018,137.0,0.9852951206240571
2026-07-09,2026-07-09 10:48:15,V018,137.0,0.9941578017810987
2026-07-09,2026-07-09 10:48:16,V018,136.0,0.9803944957042263
2026-07-09,2026-07-09 10:48:17,V018,135.0,0.99104738708694
2026-07-09,2026-07-09 10:48:18,V018,135.0,0.9867965048842001
2026-07-09,2026-07-09 10:48:19,V018,134.0,0.9971438511510374
2026-07-09,2026-07-09 10:48:20,V018,134.0,1.0121066546630884
2026-07-09,2026-07-09 10:48:21,V018,134.0,0.9805836372156995
2026-07-09,2026-07-09 10:48:22,V018,134.0,1.0064613114466305
2026-07-09,2026-07-09 10:48:23,V018,134.0,1.0183499601275978
2026-07-09,2026-07-09 10:48:24,V018,133.0,1.016493639805034
2026-07-09,2026-07-09 10:48:25,V018,133.0,1.0064980295583514
2026-07-09,2026-07-09 10:48:26,V018,133.0,0.9704394434191367
2026-07-09,2026-07-09 10:48:27,V018,133.0,1.0072855378752428
2026-07-09,2026-07-09 10:48:28,V018,133.0,1.0016952959035206
2026-07-09,2026-07-09 10:48:29,V018,132.0,0.9883689387048338
2026-07-09,2026-07-09 10:48:30,V018,132.0,1.0123589468227074
2026-07-09,2026-07-09 10:48:31,V018,132.0,0.9672672211787778
2026-07-09,2026-07-09 10:48:32,V018,133.0,0.9876284764987412
2026-07-09,2026-07-09 10:48:33,V018,133.0,0.9913612577394832
2026-07-09,2026-07-09 10:48:34,V018,133.0,0.9884242376172846
2026-07-09,2026-07-09 10:48:35,V018,132.0,1.0438652408014792
2026-07-09,2026-07-09 10:48:36,V018,132.0,0.9997836376156489
2026-07-09,2026-07-09 10:48:37,V018,131.0,1.0111460934513568
2026-07-09,2026-07-09 10:48:38,V018,130.0,0.9864940145233382
2026-07-09,2026-07-09 10:48:39,V018,129.0,1.011095788510227
2026-07-09,2026-07-09 10:48:40,V018,128.0,0.9858618575726567
2026-07-09,2026-07-09 10:48:41,V018,128.0,1.0029614488221326
2026-07-09,2026-07-09 10:48:42,V018,127.0,0.9802149287478927
2026-07-09,2026-07-09 10:48:43,V018,126.0,0.9829307212725586
2026-07-09,2026-07-09 10:48:44,V018,127.0,0.986864705340874
2026-07-09,2026-07-09 10:48:45,V018,127.0,0.987369540060124
2026-07-09,2026-07-09 10:48:46,V018,127.0,0.9838336553959739
2026-07-09,2026-07-09 10:48:47,V018,128.0,1.0067968592104002
2026-07-09,2026-07-09 10:48:48,V018,128.0,1.0003349360322453
2026-07-09,2026-07-09 10:48:49,V018,128.0,0.976365134514013
2026-07-09,2026-07-09 10:48:50,V018,128.0,0.9898848376095911
2026-07-09,2026-07-09 10:48:51,V018,128.0,1.0002384482434141
2026-07-09,2026-07-09 10:48:52,V018,128.0,0.9876670740644821
2026-07-09,2026-07-09 10:48:53,V018,128.0,1.0092691910040963
2026-07-09,2026-07-09 10:48:54,V018,127.0,1.035544785978042
2026-07-09,2026-07-09 10:48:55,V018,127.0,1.1056944443375987
2026-07-09,2026-07-09 10:48:56,V018,127.0,1.242203689907502
2026-07-09,2026-07-09 10:48:57,V018,126.0,0.9685627582889906
2026-07-09,2026-07-09 10:48:58,V018,126.0,1.154735743276777
2026-07-09,2026-07-09 10:48:59,V018,125.0,1.0037922974912639
2026-07-09,2026-07-09 10:49:00,V018,123.0,0.9668053942458343
2026-07-09,2026-07-09 10:49:01,V018,122.0,0.9862659982368647
2026-07-09,2026-07-09 10:49:02,V018,121.0,0.9858093047995918
2026-07-09,2026-07-09 10:49:03,V018,121.0,0.9893611959484787
2026-07-09,2026-07-09 10:49:04,V018,121.0,0.9856638749565011
2026-07-09,2026-07-09 10:49:05,V018,121.0,1.0673345762756106
2026-07-09,2026-07-09 10:49:06,V018,121.0,1.0676368050000686
2026-07-09,2026-07-09 10:49:07,V018,121.0,1.0220738769139737
2026-07-09,2026-07-09 10:49:08,V018,122.0,0.9992026567576444
2026-07-09,2026-07-09 10:49:09,V018,122.0,1.0129550077962788
2026-07-09,2026-07-09 10:49:10,V018,123.0,0.9776462819914882
2026-07-09,2026-07-09 10:49:11,V018,123.0,1.2793183032381945
2026-07-09,2026-07-09 10:49:12,V018,122.0,1.183799072255738
2026-07-09,2026-07-09 10:49:13,V018,122.0,1.1572699669921676
2026-07-09,2026-07-09 10:49:14,V018,121.0,0.9710117184533729
2026-07-09,2026-07-09 10:49:15,V018,120.0,1.035728870224982
2026-07-09,2026-07-09 10:49:16,V018,120.0,1.039184709029336
2026-07-09,2026-07-09 10:49:17,V018,120.0,1.0102031990448215
2026-07-09,2026-07-09 10:49:18,V018,120.0,0.9909204909716629
2026-07-09,2026-07-09 10:49:19,V018,120.0,1.0033296467757047
2026-07-09,2026-07-09 10:49:20,V018,120.0,1.0058367751893589
2026-07-09,2026-07-09 10:49:21,V018,120.0,1.0329635714684708
2026-07-09,2026-07-09 10:49:22,V018,119.0,1.0195008196890318
2026-07-09,2026-07-09 10:49:23,V018,119.0,0.9763319844722184
2026-07-09,2026-07-09 10:49:24,V018,119.0,1.0044578807350828
2026-07-09,2026-07-09 10:49:25,V018,119.0,1.0080510666485358
2026-07-09,2026-07-09 10:49:26,V018,119.0,1.002576471837869
2026-07-09,2026-07-09 10:49:27,V018,120.0,0.9871584209238904
2026-07-09,2026-07-09 10:49:28,V018,120.0,0.9633023556409255
2026-07-09,2026-07-09 10:49:29,V018,120.0,1.1537093129704958
2026-07-09,2026-07-09 10:49:30,V018,119.0,0.9781305096531554
2026-07-09,2026-07-09 10:49:31,V018,119.0,0.9613357522262894
2026-07-09,2026-07-09 10:49:32,V018,120.0,1.039321401142983
2026-07-09,2026-07-09 10:49:33,V018,120.0,1.0161851433341007
2026-07-09,2026-07-09 10:49:34,V018,120.0,1.1302869717274109
2026-07-09,2026-07-09 10:49:35,V018,121.0,1.1632837983836972
2026-07-09,2026-07-09 10:49:36,V018,122.0,1.2403124517092938
2026-07-09,2026-07-09 10:49:37,V018,122.0,1.062500885489412
2026-07-09,2026-07-09 10:49:38,V018,123.0,1.0792361425340962
2026-07-09,2026-07-09 10:49:39,V018,124.0,1.0823499178331892
2026-07-09,2026-07-09 10:49:40,V018,123.0,1.2040859427599668
2026-07-09,2026-07-09 10:49:41,V018,122.0,1.022275086755492
2026-07-09,2026-07-09 10:49:42,V018,122.0,0.9872583035062996
2026-07-09,2026-07-09 10:49:43,V018,121.0,1.6119480249826144
2026-07-09,2026-07-09 10:49:44,V018,120.0,1.2641761196681434
2026-07-09,2026-07-09 10:49:45,V018,119.0,1.0338649226817622
2026-07-09,2026-07-09 10:49:46,V018,119.0,0.9979745479791763
2026-07-09,2026-07-09 10:49:47,V018,120.0,0.9895433438380702
2026-07-09,2026-07-09 10:49:48,V018,120.0,1.0353537013118594
2026-07-09,2026-07-09 10:49:49,V018,120.0,1.0266684140499749
2026-07-09,2026-07-09 10:49:50,V018,120.0,1.0188724099984208
2026-07-09,2026-07-09 10:49:51,V018,120.0,1.073913923159785
2026-07-09,2026-07-09 10:49:52,V018,120.0,0.9862331097410363
2026-07-09,2026-07-09 10:49:53,V018,120.0,1.0065522659501736
2026-07-09,2026-07-09 10:49:54,V018,120.0,1.0489669385221134
2026-07-09,2026-07-09 10:49:55,V018,119.0,0.9558603301671517
2026-07-09,2026-07-09 10:49:56,V018,119.0,0.982319418961732
2026-07-09,2026-07-09 10:49:57,V018,120.0,1.0214313627288771
2026-07-09,2026-07-09 10:49:58,V018,120.0,1.2272273175342663
2026-07-09,2026-07-09 10:49:59,V018,120.0,0.9841642980732582
2026-07-09,2026-07-09 10:50:00,V018,120.0,0.9934357873281943
2026-07-09,2026-07-09 10:50:01,V018,120.0,0.9721921116462215
2026-07-09,2026-07-09 10:50:02,V018,120.0,1.2182934105345542
2026-07-09,2026-07-09 10:50:03,V018,121.0,1.6503100611848005
2026-07-09,2026-07-09 10:50:04,V018,121.0,1.8663988100152287
2026-07-09,2026-07-09 10:50:05,V018,122.0,1.793316601231685
2026-07-09,2026-07-09 10:50:06,V018,123.0,1.2390032467828653
2026-07-09,2026-07-09 10:50:07,V018,124.0,1.0211696939379329
2026-07-09,2026-07-09 10:50:08,V018,125.0,1.0281921845571391
2026-07-09,2026-07-09 10:50:09,V018,127.0,1.0193971413198988
2026-07-09,2026-07-09 10:50:10,V018,131.0,0.9984724451321331
2026-07-09,2026-07-09 10:50:11,V018,134.0,0.9530041110829274
2026-07-09,2026-07-09 10:50:12,V018,137.0,1.0555178521471653
2026-07-09,2026-07-09 10:50:13,V018,139.0,1.0631527589905767
2026-07-09,2026-07-09 10:50:14,V018,141.0,0.986548135000036
2026-07-09,2026-07-09 10:50:15,V018,143.0,1.0320492562334933
2026-07-09,2026-07-09 10:50:16,V018,144.0,1.063135124356714
2026-07-09,2026-07-09 10:50:17,V018,144.0,0.9881121649544123
2026-07-09,2026-07-09 10:50:18,V018,145.0,1.021970627709555
2026-07-09,2026-07-09 10:50:19,V018,145.0,1.131548847962529
2026-07-09,2026-07-09 10:50:20,V018,145.0,1.6248381262656795
2026-07-09,2026-07-09 10:50:21,V018,145.0,1.734339586348214
2026-07-09,2026-07-09 10:50:22,V018,145.0,1.6405669873006359
2026-07-09,2026-07-09 10:50:23,V018,145.0,1.0493570566860155
2026-07-09,2026-07-09 10:50:24,V018,144.0,1.0949030408234346
2026-07-09,2026-07-09 10:50:25,V018,144.0,1.0315838058345563
2026-07-09,2026-07-09 10:50:26,V018,143.0,1.0359614282249243
2026-07-09,2026-07-09 10:50:27,V018,142.0,1.0200105185265511
2026-07-09,2026-07-09 10:50:28,V018,142.0,1.0231447700141854
2026-07-09,2026-07-09 10:50:29,V018,141.0,0.9759059779408983
2026-07-09,2026-07-09 10:50:30,V018,141.0,1.0269830001885072
2026-07-09,2026-07-09 10:50:31,V018,141.0,0.9641582767834734
2026-07-09,2026-07-09 10:50:32,V018,141.0,1.0681839201677699
2026-07-09,2026-07-09 10:50:33,V018,141.0,1.0159492057789745
2026-07-09,2026-07-09 10:50:34,V018,138.0,0.9747715729718539
2026-07-09,2026-07-09 10:50:35,V018,137.0,1.0514032780825675
2026-07-09,2026-07-09 10:50:36,V018,136.0,0.9898514625576461
2026-07-09,2026-07-09 10:50:37,V018,136.0,1.0207325045244235
2026-07-09,2026-07-09 10:50:38,V018,137.0,1.4026793367015775
2026-07-09,2026-07-09 10:50:39,V018,138.0,1.031180949143576
2026-07-09,2026-07-09 10:50:40,V018,138.0,0.9640567385612238
2026-07-09,2026-07-09 10:50:41,V018,139.0,1.0221010909480455
2026-07-09,2026-07-09 10:50:42,V018,140.0,1.048461785937432
2026-07-09,2026-07-09 10:50:43,V018,141.0,1.0119776662833575
2026-07-09,2026-07-09 10:50:44,V018,142.0,0.9602016792082814
2026-07-09,2026-07-09 10:50:45,V018,142.0,1.0536409749284084
2026-07-09,2026-07-09 10:50:46,V018,144.0,0.9886420066229398
2026-07-09,2026-07-09 10:50:47,V018,145.0,0.9621888902358924
2026-07-09,2026-07-09 10:50:48,V018,145.0,1.0325241207048959
2026-07-09,2026-07-09 10:50:49,V018,145.0,0.9604728751548023
2026-07-09,2026-07-09 10:50:50,V018,144.0,1.0769746333441148
2026-07-09,2026-07-09 10:50:51,V018,144.0,1.0378603612012063
2026-07-09,2026-07-09 10:50:52,V018,144.0,1.0385896796678484
2026-07-09,2026-07-09 10:50:53,V018,144.0,0.961740381680105
2026-07-09,2026-07-09 10:50:54,V018,144.0,1.0623481113513233
2026-07-09,2026-07-09 10:50:55,V018,144.0,0.9850376933012663
2026-07-09,2026-07-09 10:50:56,V018,143.0,1.0077645348071842
2026-07-09,2026-07-09 10:50:57,V018,143.0,0.9954433773533775
2026-07-09,2026-07-09 10:50:58,V018,143.0,0.9721867467523009
2026-07-09,2026-07-09 10:50:59,V018,143.0,1.0768263297039788
2026-07-09,2026-07-09 10:51:00,V018,142.0,0.9938704532226941
2026-07-09,2026-07-09 10:51:01,V018,142.0,1.0253615670520686
2026-07-09,2026-07-09 10:51:02,V018,141.0,0.9995412548319311
2026-07-09,2026-07-09 10:51:03,V018,141.0,1.021780600803303
2026-07-09,2026-07-09 10:51:04,V018,140.0,0.9654853636792969
2026-07-09,2026-07-09 10:51:05,V018,139.0,1.0189094449883904
2026-07-09,2026-07-09 10:51:06,V018,139.0,1.3741617875542596
2026-07-09,2026-07-09 10:51:07,V018,139.0,1.6734651277629629
2026-07-09,2026-07-09 10:51:08,V018,138.0,1.6193714225261375
2026-07-09,2026-07-09 10:51:09,V018,138.0,1.3388913418985484
2026-07-09,2026-07-09 10:51:10,V018,137.0,0.9976570456512888
2026-07-09,2026-07-09 10:51:11,V018,136.0,0.9123384679042525
2026-07-09,2026-07-09 10:51:12,V018,137.0,1.0460751333904035
2026-07-09,2026-07-09 10:51:13,V018,137.0,1.0142352637261498
2026-07-09,2026-07-09 10:51:14,V018,137.0,0.9921325507234942
2026-07-09,2026-07-09 10:51:15,V018,137.0,0.9989636079346109
2026-07-09,2026-07-09 10:51:16,V018,136.0,1.2670469194256482
2026-07-09,2026-07-09 10:51:17,V018,135.0,1.151440264161253
2026-07-09,2026-07-09 10:51:18,V018,134.0,0.986584016674791
2026-07-09,2026-07-09 10:51:19,V018,133.0,1.0045002564441232
2026-07-09,2026-07-09 10:51:20,V018,132.0,1.0007079354931836
2026-07-09,2026-07-09 10:51:21,V018,131.0,1.00357935728597
2026-07-09,2026-07-09 10:51:22,V018,130.0,0.9709732346979805
2026-07-09,2026-07-09 10:51:23,V018,129.0,1.0446250780128232
2026-07-09,2026-07-09 10:51:24,V018,130.0,1.0642369773266975
2026-07-09,2026-07-09 10:51:25,V018,131.0,1.0492767735629471
2026-07-09,2026-07-09 10:51:26,V018,132.0,1.0152226215571898
2026-07-09,2026-07-09 10:51:27,V018,132.0,1.0368277486598858
2026-07-09,2026-07-09 10:51:28,V018,133.0,1.0514679031590473
2026-07-09,2026-07-09 10:51:29,V018,134.0,0.9961443959573592
2026-07-09,2026-07-09 10:51:30,V018,135.0,0.9881248336856819
2026-07-09,2026-07-09 10:51:31,V018,135.0,1.0266881187819887
2026-07-09,2026-07-09 10:51:32,V018,138.0,0.9847909687503967
2026-07-09,2026-07-09 10:51:33,V018,139.0,0.9722432379531294
2026-07-09,2026-07-09 10:51:34,V018,140.0,0.9878354963623062
2026-07-09,2026-07-09 10:51:35,V018,141.0,1.0546472263897129
2026-07-09,2026-07-09 10:51:36,V018,142.0,1.0434039877410348
2026-07-09,2026-07-09 10:51:37,V018,142.0,1.0574286685946865
2026-07-09,2026-07-09 10:51:38,V018,142.0,1.029930702103295
2026-07-09,2026-07-09 10:51:39,V018,142.0,0.9865710999550678
2026-07-09,2026-07-09 10:51:40,V018,141.0,0.9889205982642152
2026-07-09,2026-07-09 10:51:41,V018,141.0,0.9606392908638133
2026-07-09,2026-07-09 10:51:42,V018,140.0,1.0259166166319467
2026-07-09,2026-07-09 10:51:43,V018,139.0,1.0101218927135687
2026-07-09,2026-07-09 10:51:44,V018,139.0,1.0218351483697847
2026-07-09,2026-07-09 10:51:45,V018,139.0,0.9892197408495799
2026-07-09,2026-07-09 10:51:46,V018,139.0,1.0590246843584212
2026-07-09,2026-07-09 10:51:47,V018,138.0,1.3532079617750064
2026-07-09,2026-07-09 10:51:48,V018,139.0,1.247903984164179
2026-07-09,2026-07-09 10:51:49,V018,139.0,0.8837473794223532
2026-07-09,2026-07-09 10:51:50,V018,139.0,1.010686181317193
2026-07-09,2026-07-09 10:51:51,V018,140.0,0.9912932911466362
2026-07-09,2026-07-09 10:51:52,V018,140.0,0.9902809398448609
2026-07-09,2026-07-09 10:51:53,V018,141.0,1.041206925696206
2026-07-09,2026-07-09 10:51:54,V018,142.0,0.9858168408137583
2026-07-09,2026-07-09 10:51:55,V018,142.0,0.9767095803448523
2026-07-09,2026-07-09 10:51:56,V018,143.0,1.1406062376310735
2026-07-09,2026-07-09 10:51:57,V018,143.0,1.7043050189574653
2026-07-09,2026-07-09 10:51:58,V018,143.0,1.1248678277938544
2026-07-09,2026-07-09 10:51:59,V018,142.0,0.9702451322954538
2026-07-09,2026-07-09 10:52:00,V018,141.0,1.055622866073266
2026-07-09,2026-07-09 10:52:01,V018,140.0,0.9991167159084536
2026-07-09,2026-07-09 10:52:02,V018,139.0,1.004879778640999
2026-07-09,2026-07-09 10:52:03,V018,138.0,1.0496980395566466
2026-07-09,2026-07-09 10:52:04,V018,137.0,0.9756825766385607
2026-07-09,2026-07-09 10:52:05,V018,137.0,0.9891177968207169
2026-07-09,2026-07-09 10:52:06,V018,137.0,1.0156557686563736
2026-07-09,2026-07-09 10:52:07,V018,136.0,0.9948284976853998
2026-07-09,2026-07-09 10:52:08,V018,136.0,0.9876671623873562
2026-07-09,2026-07-09 10:52:09,V018,135.0,0.9868331727382554
2026-07-09,2026-07-09 10:52:10,V018,135.0,1.058170794880226
2026-07-09,2026-07-09 10:52:11,V018,135.0,1.0685854163704687
2026-07-09,2026-07-09 10:52:12,V018,135.0,1.2935287387276435
2026-07-09,2026-07-09 10:52:13,V018,135.0,1.0650779803732706
2026-07-09,2026-07-09 10:52:14,V018,135.0,1.0508684951254954
2026-07-09,2026-07-09 10:52:15,V018,135.0,0.9784132599571901
2026-07-09,2026-07-09 10:52:16,V018,136.0,1.2480486578451342
2026-07-09,2026-07-09 10:52:17,V018,136.0,1.136586842767634
2026-07-09,2026-07-09 10:52:18,V018,136.0,1.0099262394303288
2026-07-09,2026-07-09 10:52:19,V018,136.0,1.217354864622832
2026-07-09,2026-07-09 10:52:20,V018,135.0,1.0863525332691233
2026-07-09,2026-07-09 10:52:21,V018,135.0,0.9804993377143367
2026-07-09,2026-07-09 10:52:22,V018,134.0,0.9794154719325241
2026-07-09,2026-07-09 10:52:23,V018,133.0,1.016591310372091
2026-07-09,2026-07-09 10:52:24,V018,133.0,1.0282356913139201
2026-07-09,2026-07-09 10:52:25,V018,133.0,1.0251301861203967
2026-07-09,2026-07-09 10:52:26,V018,133.0,0.9866419600743255
2026-07-09,2026-07-09 10:52:27,V018,134.0,1.0359874007000056
2026-07-09,2026-07-09 10:52:28,V018,134.0,1.0233152821255687
2026-07-09,2026-07-09 10:52:29,V018,134.0,1.0285016873389223
2026-07-09,2026-07-09 10:52:30,V018,134.0,0.9946173340003
2026-07-09,2026-07-09 10:52:31,V018,134.0,0.9824402027846906
2026-07-09,2026-07-09 10:52:32,V018,134.0,1.0233949237071591
2026-07-09,2026-07-09 10:52:33,V018,133.0,1.0118755671841544
2026-07-09,2026-07-09 10:52:34,V018,133.0,0.9723587918173793
2026-07-09,2026-07-09 10:52:35,V018,133.0,0.9977370328171061
2026-07-09,2026-07-09 10:52:36,V018,134.0,1.057527221767608
2026-07-09,2026-07-09 10:52:37,V018,134.0,1.2907185172548223
2026-07-09,2026-07-09 10:52:38,V018,135.0,1.1065693436883968
2026-07-09,2026-07-09 10:52:39,V018,136.0,1.1180919472406385
2026-07-09,2026-07-09 10:52:40,V018,137.0,1.0643283997516528
2026-07-09,2026-07-09 10:52:41,V018,138.0,1.0219791317237776
2026-07-09,2026-07-09 10:52:42,V018,137.0,0.9737698558953692
2026-07-09,2026-07-09 10:52:43,V018,137.0,1.035036431404856
2026-07-09,2026-07-09 10:52:44,V018,136.0,1.0984425545510264
2026-07-09,2026-07-09 10:52:45,V018,136.0,0.9810502167066084
2026-07-09,2026-07-09 10:52:46,V018,135.0,1.0112741417684827
2026-07-09,2026-07-09 10:52:47,V018,134.0,1.050116553013884
2026-07-09,2026-07-09 10:52:48,V018,133.0,0.9822651818815104
2026-07-09,2026-07-09 10:52:49,V018,132.0,1.1334686332744797
2026-07-09,2026-07-09 10:52:50,V018,131.0,1.4712539669812852
2026-07-09,2026-07-09 10:52:51,V018,130.0,1.3146463254928231
2026-07-09,2026-07-09 10:52:52,V018,129.0,1.3550563684776717
2026-07-09,2026-07-09 10:52:53,V018,129.0,1.1141547062069568
2026-07-09,2026-07-09 10:52:54,V018,129.0,1.0348835885156633
2026-07-09,2026-07-09 10:52:55,V018,130.0,1.0265049161920334
2026-07-09,2026-07-09 10:52:56,V018,131.0,1.2560933367751606
2026-07-09,2026-07-09 10:52:57,V018,132.0,0.9300385382133376
2026-07-09,2026-07-09 10:52:58,V018,133.0,1.212250290761116
2026-07-09,2026-07-09 10:52:59,V018,134.0,0.9119712868209294
2026-07-09,2026-07-09 10:53:00,V018,135.0,0.9973989604480821
2026-07-09,2026-07-09 10:53:01,V018,135.0,0.968144502291849
2026-07-09,2026-07-09 10:53:02,V018,136.0,1.0274926100930797
2026-07-09,2026-07-09 10:53:03,V018,136.0,1.0655197257583853
2026-07-09,2026-07-09 10:53:04,V018,136.0,1.0560955059916095
2026-07-09,2026-07-09 10:53:05,V018,135.0,1.0075105909499908
2026-07-09,2026-07-09 10:53:06,V018,134.0,1.0372282557088393
2026-07-09,2026-07-09 10:53:07,V018,134.0,1.0556922678921772
2026-07-09,2026-07-09 10:53:08,V018,133.0,1.0488044966969154
2026-07-09,2026-07-09 10:53:09,V018,132.0,0.9717575339213768
2026-07-09,2026-07-09 10:53:10,V018,131.0,1.0286500984976903
2026-07-09,2026-07-09 10:53:11,V018,131.0,0.9907930805950528
2026-07-09,2026-07-09 10:53:12,V018,130.0,0.9993257010738161
2026-07-09,2026-07-09 10:53:13,V018,130.0,0.9857048798583017
2026-07-09,2026-07-09 10:53:14,V018,130.0,1.0277793326454312
2026-07-09,2026-07-09 10:53:15,V018,131.0,0.9909659691218017
2026-07-09,2026-07-09 10:53:16,V018,131.0,0.9309257543490546
2026-07-09,2026-07-09 10:53:17,V018,132.0,1.1113230340902351
2026-07-09,2026-07-09 10:53:18,V018,133.0,1.0225679156830791
2026-07-09,2026-07-09 10:53:19,V018,134.0,1.0816776048390975
2026-07-09,2026-07-09 10:53:20,V018,135.0,0.9536494957515592
2026-07-09,2026-07-09 10:53:21,V018,136.0,0.9888411814847519
2026-07-09,2026-07-09 10:53:22,V018,137.0,0.9673104354177766
2026-07-09,2026-07-09 10:53:23,V018,138.0,0.9925933244297154
2026-07-09,2026-07-09 10:53:24,V018,139.0,1.0056582631895752
2026-07-09,2026-07-09 10:53:25,V018,140.0,0.9885774395440929
2026-07-09,2026-07-09 10:53:26,V018,140.0,1.032590062797725
2026-07-09,2026-07-09 10:53:27,V018,140.0,0.9705178234028116
2026-07-09,2026-07-09 10:53:28,V018,139.0,1.0026227591771684
2026-07-09,2026-07-09 10:53:29,V018,138.0,1.005304783411685
2026-07-09,2026-07-09 10:53:30,V018,137.0,0.9917108105888832
2026-07-09,2026-07-09 10:53:31,V018,137.0,0.9952448957398707
2026-07-09,2026-07-09 10:53:32,V018,136.0,1.0500328842774536
2026-07-09,2026-07-09 10:53:33,V018,136.0,1.0366213510557076
2026-07-09,2026-07-09 10:53:34,V018,135.0,0.9828539789532016
2026-07-09,2026-07-09 10:53:35,V018,135.0,1.0350558177141789
2026-07-09,2026-07-09 10:53:36,V018,134.0,0.9842695834360438
2026-07-09,2026-07-09 10:53:37,V018,133.0,1.0220676635620567
2026-07-09,2026-07-09 10:53:38,V018,133.0,0.9744699454069126
2026-07-09,2026-07-09 10:53:39,V018,133.0,0.9949422803118715
2026-07-09,2026-07-09 10:53:40,V018,134.0,0.979617817843464
2026-07-09,2026-07-09 10:53:41,V018,134.0,0.9934136115823301
2026-07-09,2026-07-09 10:53:42,V018,135.0,0.9801331259331566
2026-07-09,2026-07-09 10:53:43,V018,135.0,0.9865339070596073
2026-07-09,2026-07-09 10:53:44,V018,136.0,1.0255627502606388
2026-07-09,2026-07-09 10:53:45,V018,137.0,0.9690711540078012
2026-07-09,2026-07-09 10:53:46,V018,137.0,1.001356509794037
2026-07-09,2026-07-09 10:53:47,V018,138.0,1.020632277119934
2026-07-09,2026-07-09 10:53:48,V018,138.0,0.9705688011695837
2026-07-09,2026-07-09 10:53:49,V018,138.0,1.0144294459310064
2026-07-09,2026-07-09 10:53:50,V018,138.0,0.9713165439891809
2026-07-09,2026-07-09 10:53:51,V018,138.0,1.0039796811732906
2026-07-09,2026-07-09 10:53:52,V018,138.0,1.009131672940188
2026-07-09,2026-07-09 10:53:53,V018,138.0,0.9813146205597538
2026-07-09,2026-07-09 10:53:54,V018,139.0,1.0008202972485793
2026-07-09,2026-07-09 10:53:55,V018,139.0,1.0088732259216402
2026-07-09,2026-07-09 10:53:56,V018,138.0,0.9874492804762236
2026-07-09,2026-07-09 10:53:57,V018,137.0,1.006183527305181
2026-07-09,2026-07-09 10:53:58,V018,136.0,1.0099031556066298
2026-07-09,2026-07-09 10:53:59,V018,135.0,1.0189783934490957
2026-07-09,2026-07-09 10:54:00,V018,134.0,0.9793818263188244
2026-07-09,2026-07-09 10:54:01,V018,133.0,0.9936861985438072
2026-07-09,2026-07-09 10:54:02,V018,133.0,1.0214139836517928
2026-07-09,2026-07-09 10:54:03,V018,132.0,0.9828651907207183
2026-07-09,2026-07-09 10:54:04,V018,131.0,1.0018236564794076
2026-07-09,2026-07-09 10:54:05,V018,131.0,0.9921101581551837
2026-07-09,2026-07-09 10:54:06,V018,130.0,1.0125079238536836
2026-07-09,2026-07-09 10:54:07,V018,130.0,1.0015049627956611
2026-07-09,2026-07-09 10:54:08,V018,130.0,1.032137047558534
2026-07-09,2026-07-09 10:54:09,V018,130.0,0.9924030005761126
2026-07-09,2026-07-09 10:54:10,V018,130.0,0.9897790251461369
2026-07-09,2026-07-09 10:54:11,V018,129.0,1.0047663693436466
2026-07-09,2026-07-09 10:54:12,V018,129.0,1.0109313328330285
2026-07-09,2026-07-09 10:54:13,V018,129.0,1.0238008128285545
2026-07-09,2026-07-09 10:54:14,V018,129.0,0.9875527501092298
2026-07-09,2026-07-09 10:54:15,V018,129.0,0.9979140791685566
2026-07-09,2026-07-09 10:54:16,V018,128.0,0.9915889697884865
2026-07-09,2026-07-09 10:54:17,V018,128.0,0.9997063208731689
2026-07-09,2026-07-09 10:54:18,V018,128.0,0.9820336788743671
2026-07-09,2026-07-09 10:54:19,V018,128.0,0.9925856224749449
2026-07-09,2026-07-09 10:54:20,V018,128.0,0.9989289639800163
2026-07-09,2026-07-09 10:54:21,V018,128.0,1.0043338626478413
2026-07-09,2026-07-09 10:54:22,V018,127.0,0.9966831721743039
2026-07-09,2026-07-09 10:54:23,V018,127.0,0.9903358905492694
2026-07-09,2026-07-09 10:54:24,V018,127.0,0.985090209383661
2026-07-09,2026-07-09 10:54:25,V018,126.0,0.9827937037410996
2026-07-09,2026-07-09 10:54:26,V018,125.0,0.9975579609548413
2026-07-09,2026-07-09 10:54:27,V018,125.0,0.976930498930162
2026-07-09,2026-07-09 10:54:28,V018,125.0,0.9884557247155503
2026-07-09,2026-07-09 10:54:29,V018,124.0,0.9913701087223505
2026-07-09,2026-07-09 10:54:30,V018,125.0,0.9784068576960541
2026-07-09,2026-07-09 10:54:31,V018,126.0,0.9971460672885442
2026-07-09,2026-07-09 10:54:32,V018,127.0,0.9873553925726931
2026-07-09,2026-07-09 10:54:33,V018,127.0,0.979594200455867
2026-07-09,2026-07-09 10:54:34,V018,128.0,0.9818789757317665
2026-07-09,2026-07-09 10:54:35,V018,128.0,0.9793911176866443
2026-07-09,2026-07-09 10:54:36,V018,129.0,0.9817109340979959
2026-07-09,2026-07-09 10:54:37,V018,129.0,0.9830233102021064
2026-07-09,2026-07-09 10:54:38,V018,129.0,0.9872330103973203
2026-07-09,2026-07-09 10:54:39,V018,130.0,0.9838709642462979
2026-07-09,2026-07-09 10:54:40,V018,130.0,0.9802955785916537
2026-07-09,2026-07-09 10:54:41,V018,130.0,0.9768218354910606
2026-07-09,2026-07-09 10:54:42,V018,130.0,0.9865815536425909
2026-07-09,2026-07-09 10:54:43,V018,131.0,1.013819459793473
2026-07-09,2026-07-09 10:54:44,V018,131.0,1.00352229042722
2026-07-09,2026-07-09 10:54:45,V018,132.0,0.9843441407949916
2026-07-09,2026-07-09 10:54:46,V018,132.0,0.9988237791162006
2026-07-09,2026-07-09 10:54:47,V018,131.0,0.9912518413402029
2026-07-09,2026-07-09 10:54:48,V018,132.0,0.9745339201404077
2026-07-09,2026-07-09 10:54:49,V018,132.0,0.9715164604409721
2026-07-09,2026-07-09 10:54:50,V018,133.0,1.0031692337695979
2026-07-09,2026-07-09 10:54:51,V018,134.0,0.9820476232438698
2026-07-09,2026-07-09 10:54:52,V018,134.0,0.9852962287063998
2026-07-09,2026-07-09 10:54:53,V018,135.0,1.0069733861235142
2026-07-09,2026-07-09 10:54:54,V018,136.0,0.9912857956848204
2026-07-09,2026-07-09 10:54:55,V018,136.0,1.0012937321408204
2026-07-09,2026-07-09 10:54:56,V018,136.0,1.0207134638708173
2026-07-09,2026-07-09 10:54:57,V018,136.0,0.9661485306683046
2026-07-09,2026-07-09 10:54:58,V018,136.0,1.0096318549248098
2026-07-09,2026-07-09 10:54:59,V018,136.0,1.0206623473083345
2026-07-09,2026-07-09 10:55:00,V018,135.0,0.9952271157782813
2026-07-09,2026-07-09 10:55:01,V018,134.0,0.9803554587975174
2026-07-09,2026-07-09 10:55:02,V018,133.0,1.0034704760493656
2026-07-09,2026-07-09 10:55:03,V018,133.0,0.9858729985872161
2026-07-09,2026-07-09 10:55:04,V018,131.0,0.9832604542094987
2026-07-09,2026-07-09 10:55:05,V018,130.0,0.9880947653930434
2026-07-09,2026-07-09 10:55:06,V018,129.0,0.9875583334504057
2026-07-09,2026-07-09 10:55:07,V018,128.0,0.9844971131280881
2026-07-09,2026-07-09 10:55:08,V018,127.0,0.9841113132763715
2026-07-09,2026-07-09 10:55:09,V018,126.0,0.9856465753537791
2026-07-09,2026-07-09 10:55:10,V018,125.0,0.9862875564818997
2026-07-09,2026-07-09 10:55:11,V018,125.0,0.9885083547055472
2026-07-09,2026-07-09 10:55:12,V018,126.0,0.9785004386606646
2026-07-09,2026-07-09 10:55:13,V018,126.0,0.9843082930082511
2026-07-09,2026-07-09 10:55:14,V018,126.0,1.0275610891938167
2026-07-09,2026-07-09 10:55:15,V018,127.0,0.9815052020162626
2026-07-09,2026-07-09 10:55:16,V018,127.0,0.9968282504987299
2026-07-09,2026-07-09 10:55:17,V018,126.0,0.9862430983712012
2026-07-09,2026-07-09 10:55:18,V018,126.0,0.9663146754493923
2026-07-09,2026-07-09 10:55:19,V018,125.0,1.0001920136136142
2026-07-09,2026-07-09 10:55:20,V018,125.0,0.9808863473771557
2026-07-09,2026-07-09 10:55:21,V018,125.0,1.013451573930726
2026-07-09,2026-07-09 10:55:22,V018,125.0,1.031049621170805
2026-07-09,2026-07-09 10:55:23,V018,125.0,0.9964306534450333
2026-07-09,2026-07-09 10:55:24,V018,125.0,1.0274874285967568
2026-07-09,2026-07-09 10:55:25,V018,125.0,1.0033694103103052
2026-07-09,2026-07-09 10:55:26,V018,125.0,1.0133842128464965
2026-07-09,2026-07-09 10:55:27,V018,124.0,1.0079211092684863
2026-07-09,2026-07-09 10:55:28,V018,124.0,1.0058031741011118
2026-07-09,2026-07-09 10:55:29,V018,124.0,1.0045516147130809
2026-07-09,2026-07-09 10:55:30,V018,124.0,1.0325468876403472
2026-07-09,2026-07-09 10:55:31,V018,124.0,0.9922635662326839
2026-07-09,2026-07-09 10:55:32,V018,124.0,0.9884659441946466
2026-07-09,2026-07-09 10:55:33,V018,123.0,1.014756913920134
2026-07-09,2026-07-09 10:55:34,V018,123.0,0.9746270884147203
2026-07-09,2026-07-09 10:55:35,V018,123.0,1.0014509291091642
2026-07-09,2026-07-09 10:55:36,V018,123.0,0.9839489468592048
2026-07-09,2026-07-09 10:55:37,V018,123.0,1.003496284270711
2026-07-09,2026-07-09 10:55:38,V018,124.0,0.9845245326000799
2026-07-09,2026-07-09 10:55:39,V018,124.0,0.9828570335674057
2026-07-09,2026-07-09 10:55:40,V018,124.0,0.9845154267620984
2026-07-09,2026-07-09 10:55:41,V018,124.0,0.9847286600324777
2026-07-09,2026-07-09 10:55:42,V018,124.0,0.998363291366923
2026-07-09,2026-07-09 10:55:43,V018,124.0,0.9797153248060386
2026-07-09,2026-07-09 10:55:44,V018,124.0,0.9961677552818885
2026-07-09,2026-07-09 10:55:45,V018,123.0,1.0042699550759868
2026-07-09,2026-07-09 10:55:46,V018,123.0,1.0099033603945455
2026-07-09,2026-07-09 10:55:47,V018,123.0,0.9696329360407315
2026-07-09,2026-07-09 10:55:48,V018,122.0,0.9916676899488083
2026-07-09,2026-07-09 10:55:49,V018,121.0,0.982347573084191
2026-07-09,2026-07-09 10:55:50,V018,121.0,0.98179851678388
2026-07-09,2026-07-09 10:55:51,V018,120.0,0.9819025694357117
2026-07-09,2026-07-09 10:55:52,V018,120.0,0.9833770488066175
2026-07-09,2026-07-09 10:55:53,V018,120.0,0.9847156039302674
2026-07-09,2026-07-09 10:55:54,V018,120.0,0.9827348432540883
2026-07-09,2026-07-09 10:55:55,V018,120.0,1.0033800976666032
2026-07-09,2026-07-09 10:55:56,V018,120.0,0.980201558414899
2026-07-09,2026-07-09 10:55:57,V018,121.0,0.9878969544686037
2026-07-09,2026-07-09 10:55:58,V018,122.0,0.9787755497021217
2026-07-09,2026-07-09 10:55:59,V018,123.0,0.981247699875367
2026-07-09,2026-07-09 10:56:00,V018,124.0,0.9992582274804116
2026-07-09,2026-07-09 10:56:01,V018,125.0,1.0018997923504573
2026-07-09,2026-07-09 10:56:02,V018,126.0,1.0038061882104232
2026-07-09,2026-07-09 10:56:03,V018,127.0,0.9958555671715407
2026-07-09,2026-07-09 10:56:04,V018,128.0,0.9995231960008265
2026-07-09,2026-07-09 10:56:05,V018,129.0,0.9976216951882412
2026-07-09,2026-07-09 10:56:06,V018,130.0,0.9979961768558941
2026-07-09,2026-07-09 10:56:07,V018,131.0,0.9978418827231467
2026-07-09,2026-07-09 10:56:08,V018,132.0,0.9996966934268717
2026-07-09,2026-07-09 10:56:09,V018,133.0,0.9973061799637928
2026-07-09,2026-07-09 10:56:10,V018,134.0,0.9978143599132299
2026-07-09,2026-07-09 10:56:11,V018,135.0,0.9981432182119814
2026-07-09,2026-07-09 10:56:12,V018,136.0,0.9979413240400437
2026-07-09,2026-07-09 10:56:13,V018,136.0,0.9954177974117782
2026-07-09,2026-07-09 10:56:14,V018,137.0,1.0027166287348954
2026-07-09,2026-07-09 10:56:15,V018,137.0,0.9846940545694968
2026-07-09,2026-07-09 10:56:16,V018,137.0,0.986630200970287
2026-07-09,2026-07-09 10:56:17,V018,137.0,0.9810720135605866
2026-07-09,2026-07-09 10:56:18,V018,137.0,0.9844522527718977
2026-07-09,2026-07-09 10:56:19,V018,137.0,0.9821799299401727
2026-07-09,2026-07-09 10:56:20,V018,136.0,0.9794955647019982
2026-07-09,2026-07-09 10:56:21,V018,136.0,0.9791100933570602
2026-07-09,2026-07-09 10:56:22,V018,136.0,0.9759649935243148
2026-07-09,2026-07-09 10:56:23,V018,136.0,0.9795539657777826
2026-07-09,2026-07-09 10:56:24,V018,135.0,0.981779791381173
2026-07-09,2026-07-09 10:56:25,V018,135.0,0.9875258449417095
2026-07-09,2026-07-09 10:56:26,V018,135.0,0.9792603229758448
2026-07-09,2026-07-09 10:56:27,V018,134.0,0.9768737433047943
2026-07-09,2026-07-09 10:56:28,V018,134.0,0.9638730217884321
2026-07-09,2026-07-09 10:56:29,V018,133.0,0.9881088794108297
2026-07-09,2026-07-09 10:56:30,V018,133.0,0.9967683551019552
2026-07-09,2026-07-09 10:56:31,V018,133.0,0.9871963720514154
2026-07-09,2026-07-09 10:56:32,V018,132.0,0.9768956963166463
2026-07-09,2026-07-09 10:56:33,V018,132.0,0.9866798110491344
2026-07-09,2026-07-09 10:56:34,V018,132.0,0.9918762115807377
2026-07-09,2026-07-09 10:56:35,V018,133.0,1.0006378333967152
2026-07-09,2026-07-09 10:56:36,V018,133.0,1.0021338402211877
2026-07-09,2026-07-09 10:56:37,V018,133.0,1.004809075981137
2026-07-09,2026-07-09 10:56:38,V018,134.0,1.0092537722713424
2026-07-09,2026-07-09 10:56:39,V018,134.0,0.9893965283276173
2026-07-09,2026-07-09 10:56:40,V018,135.0,1.0130474680126589
2026-07-09,2026-07-09 10:56:41,V018,135.0,1.0032346913472876
2026-07-09,2026-07-09 10:56:42,V018,136.0,1.0003762343481564
2026-07-09,2026-07-09 10:56:43,V018,136.0,1.0036341783186906
2026-07-09,2026-07-09 10:56:44,V018,136.0,0.9805553710859893
2026-07-09,2026-07-09 10:56:45,V018,136.0,1.0219782066337126
2026-07-09,2026-07-09 10:56:46,V018,137.0,0.9883848424911573
2026-07-09,2026-07-09 10:56:47,V018,137.0,0.9817429730383745
2026-07-09,2026-07-09 10:56:48,V018,137.0,0.9898200659227777
2026-07-09,2026-07-09 10:56:49,V018,137.0,1.0058824370306796
2026-07-09,2026-07-09 10:56:50,V018,137.0,0.9995819849190781
2026-07-09,2026-07-09 10:56:51,V018,136.0,0.9956095637820602
2026-07-09,2026-07-09 10:56:52,V018,136.0,1.0071860779567694
2026-07-09,2026-07-09 10:56:53,V018,137.0,0.9621549864488896
2026-07-09,2026-07-09 10:56:54,V018,137.0,0.978167889121162
2026-07-09,2026-07-09 10:56:55,V018,137.0,0.9796052232010926
2026-07-09,2026-07-09 10:56:56,V018,138.0,0.9884932072482543
2026-07-09,2026-07-09 10:56:57,V018,138.0,0.9809564520589139
2026-07-09,2026-07-09 10:56:58,V018,138.0,0.9874127409159608
2026-07-09,2026-07-09 10:56:59,V018,138.0,0.9740941228904453
2026-07-09,2026-07-09 10:57:00,V018,138.0,0.9837641104160181
2026-07-09,2026-07-09 10:57:01,V018,138.0,0.9921866244757533
2026-07-09,2026-07-09 10:57:02,V018,137.0,0.981353321065193
2026-07-09,2026-07-09 10:57:03,V018,137.0,0.9834674165301921
2026-07-09,2026-07-09 10:57:04,V018,136.0,0.983649014147073
2026-07-09,2026-07-09 10:57:05,V018,136.0,0.9825728075571719
2026-07-09,2026-07-09 10:57:06,V018,136.0,0.982085166834061
2026-07-09,2026-07-09 10:57:07,V018,135.0,0.9840542944148596
2026-07-09,2026-07-09 10:57:08,V018,135.0,0.9813261038910254
2026-07-09,2026-07-09 10:57:09,V018,135.0,0.983477628131458
2026-07-09,2026-07-09 10:57:10,V018,135.0,0.9848670732496672
2026-07-09,2026-07-09 10:57:11,V018,135.0,0.9900478732314786
2026-07-09,2026-07-09 10:57:12,V018,134.0,0.9770764689676962
2026-07-09,2026-07-09 10:57:13,V018,134.0,0.9815675947375818
2026-07-09,2026-07-09 10:57:14,V018,133.0,0.9855903403444566
2026-07-09,2026-07-09 10:57:15,V018,133.0,0.9782851410454855
2026-07-09,2026-07-09 10:57:16,V018,134.0,0.9801933856113343
2026-07-09,2026-07-09 10:57:17,V018,134.0,0.9832221195561404
2026-07-09,2026-07-09 10:57:18,V018,134.0,0.9823271213079279
2026-07-09,2026-07-09 10:57:19,V018,135.0,0.9839358951746158
2026-07-09,2026-07-09 10:57:20,V018,135.0,0.9809388380132713
2026-07-09,2026-07-09 10:57:21,V018,135.0,0.9859932426083696
2026-07-09,2026-07-09 10:57:22,V018,134.0,0.9823006515492072
2026-07-09,2026-07-09 10:57:23,V018,133.0,0.9996556417541007
2026-07-09,2026-07-09 10:57:24,V018,132.0,1.002878998482907
2026-07-09,2026-07-09 10:57:25,V018,131.0,1.0083065818589938
2026-07-09,2026-07-09 10:57:26,V018,130.0,0.9924723117796732
2026-07-09,2026-07-09 10:57:27,V018,129.0,0.9878194491577025
2026-07-09,2026-07-09 10:57:28,V018,128.0,1.0060591321801418
2026-07-09,2026-07-09 10:57:29,V018,127.0,0.9769798233938184
2026-07-09,2026-07-09 10:57:30,V018,127.0,0.9801184908572624
2026-07-09,2026-07-09 10:57:31,V018,127.0,0.9800906617939189
2026-07-09,2026-07-09 10:57:32,V018,128.0,0.9806157264441456
2026-07-09,2026-07-09 10:57:33,V018,129.0,0.9809518880668837
2026-07-09,2026-07-09 10:57:34,V018,130.0,0.9817808172645691
2026-07-09,2026-07-09 10:57:35,V018,131.0,0.9920334023614426
2026-07-09,2026-07-09 10:57:36,V018,132.0,0.9920743647520581
2026-07-09,2026-07-09 10:57:37,V018,133.0,0.9877281773770847
2026-07-09,2026-07-09 10:57:38,V018,133.0,0.9860084224075294
2026-07-09,2026-07-09 10:57:39,V018,133.0,0.9867489469385612
2026-07-09,2026-07-09 10:57:40,V018,133.0,0.9894111892561238
2026-07-09,2026-07-09 10:57:41,V018,132.0,0.986436368223757
2026-07-09,2026-07-09 10:57:42,V018,132.0,0.985927759962599
2026-07-09,2026-07-09 10:57:43,V018,132.0,0.9822534185101731
2026-07-09,2026-07-09 10:57:44,V018,132.0,0.9915621092438869
2026-07-09,2026-07-09 10:57:45,V018,132.0,0.9767148505937149
2026-07-09,2026-07-09 10:57:46,V018,132.0,0.9884433312091767
2026-07-09,2026-07-09 10:57:47,V018,132.0,0.9833325158432951
2026-07-09,2026-07-09 10:57:48,V018,131.0,0.9896352696706235
2026-07-09,2026-07-09 10:57:49,V018,131.0,0.9839817175923764
2026-07-09,2026-07-09 10:57:50,V018,130.0,0.9872323153129653
2026-07-09,2026-07-09 10:57:51,V018,130.0,0.9842505342198444
2026-07-09,2026-07-09 10:57:52,V018,129.0,0.9915026489849978
2026-07-09,2026-07-09 10:57:53,V018,128.0,0.9855276600982541
2026-07-09,2026-07-09 10:57:54,V018,128.0,0.9815479671470608
2026-07-09,2026-07-09 10:57:55,V018,127.0,0.9818532646360778
2026-07-09,2026-07-09 10:57:56,V018,127.0,0.9836695226097389
2026-07-09,2026-07-09 10:57:57,V018,127.0,0.9811801240863588
2026-07-09,2026-07-09 10:57:58,V018,127.0,0.9878052586121053
2026-07-09,2026-07-09 10:57:59,V018,127.0,0.9834131912851656
2026-07-09,2026-07-09 10:58:00,V018,127.0,0.9866688184378396
2026-07-09,2026-07-09 10:58:01,V018,127.0,0.9952137291890141
2026-07-09,2026-07-09 10:58:02,V018,127.0,1.001249759628292
2026-07-09,2026-07-09 10:58:03,V018,127.0,0.9899220158421373
2026-07-09,2026-07-09 10:58:04,V018,126.0,0.9716086116536345
2026-07-09,2026-07-09 10:58:05,V018,126.0,1.0043315604999072
2026-07-09,2026-07-09 10:58:06,V018,126.0,0.9859234330422634
2026-07-09,2026-07-09 10:58:07,V018,126.0,0.9841853305019976
2026-07-09,2026-07-09 10:58:08,V018,126.0,0.9716758031598591
2026-07-09,2026-07-09 10:58:09,V018,126.0,0.9866121291760221
2026-07-09,2026-07-09 10:58:10,V018,127.0,0.9873225280231038
2026-07-09,2026-07-09 10:58:11,V018,127.0,0.9849488852819167
2026-07-09,2026-07-09 10:58:12,V018,127.0,0.9778374299370982
2026-07-09,2026-07-09 10:58:13,V018,127.0,0.9871458751071288
2026-07-09,2026-07-09 10:58:14,V018,128.0,1.0138233659547944
2026-07-09,2026-07-09 10:58:15,V018,128.0,0.9618795572967603
2026-07-09,2026-07-09 10:58:16,V018,128.0,0.993553172532209
2026-07-09,2026-07-09 10:58:17,V018,128.0,0.9923085896240241
2026-07-09,2026-07-09 10:58:18,V018,128.0,0.9863105111201775
2026-07-09,2026-07-09 10:58:19,V018,128.0,0.9892583466403263
2026-07-09,2026-07-09 10:58:20,V018,129.0,0.987103177155278
2026-07-09,2026-07-09 10:58:21,V018,130.0,0.9920750148041102
2026-07-09,2026-07-09 10:58:22,V018,130.0,0.971634550346902
2026-07-09,2026-07-09 10:58:23,V018,131.0,0.9886768187878726
2026-07-09,2026-07-09 10:58:24,V018,131.0,0.9949264916279045
2026-07-09,2026-07-09 10:58:25,V018,132.0,0.9863611177446369
2026-07-09,2026-07-09 10:58:26,V018,132.0,1.0002243517536644
2026-07-09,2026-07-09 10:58:27,V018,132.0,0.967999463327134
2026-07-09,2026-07-09 10:58:28,V018,131.0,0.9739109382249648
2026-07-09,2026-07-09 10:58:29,V018,131.0,0.9839265144947427
2026-07-09,2026-07-09 10:58:30,V018,131.0,0.9784716039794168
2026-07-09,2026-07-09 10:58:31,V018,130.0,0.9578413747209376
2026-07-09,2026-07-09 10:58:32,V018,130.0,1.0021141252516583
2026-07-09,2026-07-09 10:58:33,V018,130.0,0.9820111421957995
2026-07-09,2026-07-09 10:58:34,V018,128.0,0.987384100568897
2026-07-09,2026-07-09 10:58:35,V018,128.0,0.9742778002505004
2026-07-09,2026-07-09 10:58:36,V018,127.0,0.9912143516826325
2026-07-09,2026-07-09 10:58:37,V018,127.0,0.9481870177519678
2026-07-09,2026-07-09 10:58:38,V018,126.0,1.010334395153093
2026-07-09,2026-07-09 10:58:39,V018,126.0,0.9794275423309908
2026-07-09,2026-07-09 10:58:40,V018,126.0,0.9740306647231814
2026-07-09,2026-07-09 10:58:41,V018,126.0,0.9740239840550327
2026-07-09,2026-07-09 10:58:42,V018,126.0,0.9847371747798404
2026-07-09,2026-07-09 10:58:43,V018,126.0,0.9922108878413817
2026-07-09,2026-07-09 10:58:44,V018,125.0,0.9891869851877332
2026-07-09,2026-07-09 10:58:45,V018,124.0,0.992161978406618
2026-07-09,2026-07-09 10:58:46,V018,124.0,0.975977962349578
2026-07-09,2026-07-09 10:58:47,V018,123.0,0.9854125067580163
2026-07-09,2026-07-09 10:58:48,V018,123.0,0.9777899078102323
2026-07-09,2026-07-09 10:58:49,V018,123.0,0.982298012824259
2026-07-09,2026-07-09 10:58:50,V018,123.0,0.9890488934326881
2026-07-09,2026-07-09 10:58:51,V018,124.0,0.9853510650497455
2026-07-09,2026-07-09 10:58:52,V018,124.0,0.9923063243928599
2026-07-09,2026-07-09 10:58:53,V018,124.0,0.9896173955898948
2026-07-09,2026-07-09 10:58:54,V018,125.0,0.9794064108166266
2026-07-09,2026-07-09 10:58:55,V018,125.0,0.9897153303648493
2026-07-09,2026-07-09 10:58:56,V018,124.0,0.9873036657547605
2026-07-09,2026-07-09 10:58:57,V018,124.0,1.0257782095564492
2026-07-09,2026-07-09 10:58:58,V018,123.0,0.9830125229807654
2026-07-09,2026-07-09 10:58:59,V018,122.0,1.0011884227509669
2026-07-09,2026-07-09 10:59:00,V018,121.0,0.9746716897397221
2026-07-09,2026-07-09 10:59:01,V018,120.0,1.0119246989214765
2026-07-09,2026-07-09 10:59:02,V018,119.0,0.9952387178207311
2026-07-09,2026-07-09 10:59:03,V018,118.0,1.0006405120014314
2026-07-09,2026-07-09 10:59:04,V018,119.0,0.9791326652897673
2026-07-09,2026-07-09 10:59:05,V018,119.0,0.9922154412752525
2026-07-09,2026-07-09 10:59:06,V018,119.0,1.0243757389327448
2026-07-09,2026-07-09 10:59:07,V018,120.0,0.9724739134238027
2026-07-09,2026-07-09 10:59:08,V018,120.0,1.0383398785658073
2026-07-09,2026-07-09 10:59:09,V018,120.0,0.9540387340376333
2026-07-09,2026-07-09 10:59:10,V018,119.0,1.0156836120010933
2026-07-09,2026-07-09 10:59:11,V018,119.0,0.9902639434361638
2026-07-09,2026-07-09 10:59:12,V018,119.0,1.0013915288465742
2026-07-09,2026-07-09 10:59:13,V018,118.0,0.9914695337860158
2026-07-09,2026-07-09 10:59:14,V018,118.0,0.9893228144050538
2026-07-09,2026-07-09 10:59:15,V018,117.0,0.9961653049214978
2026-07-09,2026-07-09 10:59:16,V018,117.0,0.9778577257218798
2026-07-09,2026-07-09 10:59:17,V018,117.0,0.992648363789877
2026-07-09,2026-07-09 10:59:18,V018,117.0,0.9969764080104271
2026-07-09,2026-07-09 10:59:19,V018,117.0,0.9789506008869356
2026-07-09,2026-07-09 10:59:20,V018,117.0,1.0073031806079324
2026-07-09,2026-07-09 10:59:21,V018,117.0,1.00375191574819
2026-07-09,2026-07-09 10:59:22,V018,118.0,0.9937932277204161
2026-07-09,2026-07-09 10:59:23,V018,118.0,0.9932874818717059
2026-07-09,2026-07-09 10:59:24,V018,119.0,0.9811500657033663
2026-07-09,2026-07-09 10:59:25,V018,120.0,1.1878977806684567
2026-07-09,2026-07-09 10:59:26,V018,122.0,1.3415817711190805
2026-07-09,2026-07-09 10:59:27,V018,123.0,0.9797079429845145
2026-07-09,2026-07-09 10:59:28,V018,123.0,0.9811659896789013
2026-07-09,2026-07-09 10:59:29,V018,124.0,1.0693704772853792
2026-07-09,2026-07-09 10:59:30,V018,124.0,1.6672794567434563
2026-07-09,2026-07-09 10:59:31,V018,125.0,0.981671526443814
2026-07-09,2026-07-09 10:59:32,V018,126.0,1.0511258549062157
2026-07-09,2026-07-09 10:59:33,V018,126.0,0.9842990244822021
2026-07-09,2026-07-09 10:59:34,V018,126.0,0.9825080163411544
2026-07-09,2026-07-09 10:59:35,V018,125.0,0.9985192615847576
2026-07-09,2026-07-09 10:59:36,V018,125.0,0.9734316960261326
2026-07-09,2026-07-09 10:59:37,V018,124.0,0.983180011545202
2026-07-09,2026-07-09 10:59:38,V018,123.0,0.9732823423652586
2026-07-09,2026-07-09 10:59:39,V018,123.0,0.9961969615513141
2026-07-09,2026-07-09 10:59:40,V018,122.0,0.9878897542610184
2026-07-09,2026-07-09 10:59:41,V018,121.0,0.9800161890626298
2026-07-09,2026-07-09 10:59:42,V018,121.0,1.000523030434397
2026-07-09,2026-07-09 10:59:43,V018,121.0,0.9881051515957533
2026-07-09,2026-07-09 10:59:44,V018,121.0,1.0111274369597403
2026-07-09,2026-07-09 10:59:45,V018,121.0,0.992964160873231
2026-07-09,2026-07-09 10:59:46,V018,122.0,0.9804153209502345
2026-07-09,2026-07-09 10:59:47,V018,122.0,1.006456336914382
2026-07-09,2026-07-09 10:59:48,V018,124.0,0.9755715699744664
2026-07-09,2026-07-09 10:59:49,V018,125.0,1.060238698402142
2026-07-09,2026-07-09 10:59:50,V018,126.0,0.9958773374383246
2026-07-09,2026-07-09 10:59:51,V018,126.0,0.9854554609091584
2026-07-09,2026-07-09 10:59:52,V018,127.0,0.9924859689308629
2026-07-09,2026-07-09 10:59:53,V018,127.0,0.9991488552395833
2026-07-09,2026-07-09 10:59:54,V018,127.0,1.0037536087281005
2026-07-09,2026-07-09 10:59:55,V018,127.0,0.9982860171899498
2026-07-09,2026-07-09 10:59:56,V018,126.0,1.0054613059649347
2026-07-09,2026-07-09 10:59:57,V018,126.0,0.976537080817678
2026-07-09,2026-07-09 10:59:58,V018,125.0,1.0053387286273265
2026-07-09,2026-07-09 10:59:59,V018,125.0,0.9923942759993357
2026-07-09,2026-07-09 11:00:00,V018,124.0,1.0050600065609645
2026-07-09,2026-07-09 11:00:01,V018,123.0,0.9762361681027487
2026-07-09,2026-07-09 11:00:02,V018,122.0,0.9926944387354483
2026-07-09,2026-07-09 11:00:03,V018,121.0,0.9890968951300337
2026-07-09,2026-07-09 11:00:04,V018,119.0,0.9783913755054027
2026-07-09,2026-07-09 11:00:05,V018,118.0,0.9841680111942036
2026-07-09,2026-07-09 11:00:06,V018,117.0,0.9847886630679568
2026-07-09,2026-07-09 11:00:07,V018,116.0,0.9832555958339065
2026-07-09,2026-07-09 11:00:08,V018,116.0,0.9900170069854862
2026-07-09,2026-07-09 11:00:09,V018,115.0,0.9816166938734108
2026-07-09,2026-07-09 11:00:10,V018,115.0,0.9785653266490447
2026-07-09,2026-07-09 11:00:11,V018,115.0,0.9921837382084727
2026-07-09,2026-07-09 11:00:12,V018,115.0,0.9875358891493877
2026-07-09,2026-07-09 11:00:13,V018,116.0,0.9836227409773579
2026-07-09,2026-07-09 11:00:14,V018,118.0,0.9830799767833799
2026-07-09,2026-07-09 11:00:15,V018,119.0,0.9819087688073624
2026-07-09,2026-07-09 11:00:16,V018,120.0,0.9853464055670795
2026-07-09,2026-07-09 11:00:17,V018,121.0,0.9895267880726016
2026-07-09,2026-07-09 11:00:18,V018,123.0,0.9798719474184282
2026-07-09,2026-07-09 11:00:19,V018,124.0,0.993553757641974
2026-07-09,2026-07-09 11:00:20,V018,125.0,0.9950078056721561
2026-07-09,2026-07-09 11:00:21,V018,126.0,0.9791542325081367
2026-07-09,2026-07-09 11:00:22,V018,127.0,0.9802530462287445
2026-07-09,2026-07-09 11:00:23,V018,128.0,0.9963724872700118
2026-07-09,2026-07-09 11:00:24,V018,129.0,0.9992699636327225
2026-07-09,2026-07-09 11:00:25,V018,130.0,0.9778314157057485
2026-07-09,2026-07-09 11:00:26,V018,130.0,0.9922552990665587
2026-07-09,2026-07-09 11:00:27,V018,129.0,0.9829994492181807
2026-07-09,2026-07-09 11:00:28,V018,128.0,0.9857094678842767
2026-07-09,2026-07-09 11:00:29,V018,128.0,0.9864778384539681
2026-07-09,2026-07-09 11:00:30,V018,127.0,0.9842957358256658
2026-07-09,2026-07-09 11:00:31,V018,126.0,0.9834119364513638
2026-07-09,2026-07-09 11:00:32,V018,125.0,1.0069677288106185
2026-07-09,2026-07-09 11:00:33,V018,124.0,0.9807477108420356
2026-07-09,2026-07-09 11:00:34,V018,124.0,1.0074887956037284
2026-07-09,2026-07-09 11:00:35,V018,124.0,0.9981159026875703
2026-07-09,2026-07-09 11:00:36,V018,124.0,1.1226641328576288
2026-07-09,2026-07-09 11:00:37,V018,124.0,1.0291832839929862
2026-07-09,2026-07-09 11:00:38,V018,124.0,0.9880714865849175
2026-07-09,2026-07-09 11:00:39,V018,123.0,0.9700558273651865
2026-07-09,2026-07-09 11:00:40,V018,122.0,1.1053551397232395
2026-07-09,2026-07-09 11:00:41,V018,122.0,1.7733063553934205
2026-07-09,2026-07-09 11:00:42,V018,121.0,1.0929509236961628
2026-07-09,2026-07-09 11:00:43,V018,121.0,0.9468948666288497
2026-07-09,2026-07-09 11:00:44,V018,120.0,1.0210174717607923
2026-07-09,2026-07-09 11:00:45,V018,119.0,1.024519868062
2026-07-09,2026-07-09 11:00:46,V018,117.0,0.9810906067668044
2026-07-09,2026-07-09 11:00:47,V018,116.0,1.01070446396108
2026-07-09,2026-07-09 11:00:48,V018,116.0,0.9824196476883509
2026-07-09,2026-07-09 11:00:49,V018,115.0,1.0245224827221726
2026-07-09,2026-07-09 11:00:50,V018,114.0,0.9714879972320611
2026-07-09,2026-07-09 11:00:51,V018,113.0,1.0292084115976223
2026-07-09,2026-07-09 11:00:52,V018,113.0,0.976816101768089
2026-07-09,2026-07-09 11:00:53,V018,112.0,1.0359278919030381
2026-07-09,2026-07-09 11:00:54,V018,112.0,0.9512105998219931
2026-07-09,2026-07-09 11:00:55,V018,112.0,1.030452232576888
2026-07-09,2026-07-09 11:00:56,V018,112.0,0.9675020782658104
2026-07-09,2026-07-09 11:00:57,V018,113.0,0.9997436925859284
2026-07-09,2026-07-09 11:00:58,V018,113.0,0.9869209937241639
2026-07-09,2026-07-09 11:00:59,V018,113.0,0.9988736591998058
2026-07-09,2026-07-09 11:01:00,V018,114.0,0.9828977561441118
2026-07-09,2026-07-09 11:01:01,V018,114.0,0.9862365260433186
2026-07-09,2026-07-09 11:01:02,V018,114.0,0.9871910957947138
2026-07-09,2026-07-09 11:01:03,V018,114.0,0.9968268684538599
2026-07-09,2026-07-09 11:01:04,V018,114.0,0.9725473024915678
2026-07-09,2026-07-09 11:01:05,V018,114.0,1.0908499787525805
2026-07-09,2026-07-09 11:01:06,V018,113.0,1.3325965834829179
2026-07-09,2026-07-09 11:01:07,V018,113.0,1.1527728445504042
2026-07-09,2026-07-09 11:01:08,V018,113.0,1.225480643763667
2026-07-09,2026-07-09 11:01:09,V018,113.0,0.9810944754383917
2026-07-09,2026-07-09 11:01:10,V018,113.0,1.00564252418411
2026-07-09,2026-07-09 11:01:11,V018,113.0,1.0681385954405296
2026-07-09,2026-07-09 11:01:12,V018,112.0,0.9913069717889467
2026-07-09,2026-07-09 11:01:13,V018,112.0,1.011337451818515
2026-07-09,2026-07-09 11:01:14,V018,113.0,0.968493155733558
2026-07-09,2026-07-09 11:01:15,V018,114.0,0.987640144555185
2026-07-09,2026-07-09 11:01:16,V018,114.0,0.9914754542029064
2026-07-09,2026-07-09 11:01:17,V018,115.0,0.9626132506926438
2026-07-09,2026-07-09 11:01:18,V018,116.0,0.970227764455883
2026-07-09,2026-07-09 11:01:19,V018,116.0,1.0130784160498243
2026-07-09,2026-07-09 11:01:20,V018,116.0,0.9857612652143665
2026-07-09,2026-07-09 11:01:21,V018,116.0,0.9848831113777023
2026-07-09,2026-07-09 11:01:22,V018,116.0,0.9840036269751418
2026-07-09,2026-07-09 11:01:23,V018,116.0,0.9825697864074372
2026-07-09,2026-07-09 11:01:24,V018,116.0,0.9838328233332029
2026-07-09,2026-07-09 11:01:25,V018,117.0,0.9866098687545563
2026-07-09,2026-07-09 11:01:26,V018,117.0,0.9994711487907499
2026-07-09,2026-07-09 11:01:27,V018,118.0,0.983197757480302
2026-07-09,2026-07-09 11:01:28,V018,119.0,1.038180575499976
2026-07-09,2026-07-09 11:01:29,V018,119.0,0.981846788433741
2026-07-09,2026-07-09 11:01:30,V018,120.0,0.9779571745514128
2026-07-09,2026-07-09 11:01:31,V018,121.0,1.0390460726691424
2026-07-09,2026-07-09 11:01:32,V018,121.0,1.039218824234365
2026-07-09,2026-07-09 11:01:33,V018,120.0,1.0310838576379786
2026-07-09,2026-07-09 11:01:34,V018,120.0,0.9818811907430757
2026-07-09,2026-07-09 11:01:35,V018,120.0,1.0180406312884511
2026-07-09,2026-07-09 11:01:36,V018,120.0,1.0059662786050574
2026-07-09,2026-07-09 11:01:37,V018,120.0,1.0441704699033008
2026-07-09,2026-07-09 11:01:38,V018,120.0,1.0095634862366911
2026-07-09,2026-07-09 11:01:39,V018,120.0,0.9889670613867348
2026-07-09,2026-07-09 11:01:40,V018,119.0,0.9967539337331119
2026-07-09,2026-07-09 11:01:41,V018,119.0,1.0038576927471514
2026-07-09,2026-07-09 11:01:42,V018,119.0,1.013234834527017
2026-07-09,2026-07-09 11:01:43,V018,119.0,1.0285561941813655
2026-07-09,2026-07-09 11:01:44,V018,119.0,0.9838108717451393
2026-07-09,2026-07-09 11:01:45,V018,118.0,1.0189204198744977
2026-07-09,2026-07-09 11:01:46,V018,118.0,1.0327830786562409
2026-07-09,2026-07-09 11:01:47,V018,117.0,1.0298309452265226
2026-07-09,2026-07-09 11:01:48,V018,117.0,0.9872360307958796
2026-07-09,2026-07-09 11:01:49,V018,117.0,0.9863209153186547
2026-07-09,2026-07-09 11:01:50,V018,116.0,1.0476827131019137
2026-07-09,2026-07-09 11:01:51,V018,116.0,0.9655162479510286
2026-07-09,2026-07-09 11:01:52,V018,116.0,1.034122120945422
2026-07-09,2026-07-09 11:01:53,V018,115.0,1.0707538149321414
2026-07-09,2026-07-09 11:01:54,V018,114.0,1.1139875859858976
2026-07-09,2026-07-09 11:01:55,V018,114.0,0.9058896270313858
2026-07-09,2026-07-09 11:01:56,V018,113.0,1.01147776616543
2026-07-09,2026-07-09 11:01:57,V018,113.0,0.9897940143062761
2026-07-09,2026-07-09 11:01:58,V018,112.0,0.9945650105037793
2026-07-09,2026-07-09 11:01:59,V018,112.0,1.0339540312103705
2026-07-09,2026-07-09 11:02:00,V018,112.0,0.9556006811954514
2026-07-09,2026-07-09 11:02:01,V018,112.0,1.0380697124224576
2026-07-09,2026-07-09 11:02:02,V018,110.0,1.0082268736403939
2026-07-09,2026-07-09 11:02:03,V018,109.0,0.9939506251598901
2026-07-09,2026-07-09 11:02:04,V018,108.0,1.0009654359895115
2026-07-09,2026-07-09 11:02:05,V018,107.0,0.9904383734312815
2026-07-09,2026-07-09 11:02:06,V018,106.0,0.9934463895352232
2026-07-09,2026-07-09 11:02:07,V018,105.0,1.0015049620495549
2026-07-09,2026-07-09 11:02:08,V018,106.0,1.0023971141933894
2026-07-09,2026-07-09 11:02:09,V018,106.0,0.9597031707764621
2026-07-09,2026-07-09 11:02:10,V018,106.0,1.0933450601801287
2026-07-09,2026-07-09 11:02:11,V018,106.0,0.934362555827049
2026-07-09,2026-07-09 11:02:12,V018,107.0,0.9895851253013808
2026-07-09,2026-07-09 11:02:13,V018,107.0,0.9849978973735591
2026-07-09,2026-07-09 11:02:14,V018,108.0,1.0051808872580734
2026-07-09,2026-07-09 11:02:15,V018,109.0,0.9707102490338615
2026-07-09,2026-07-09 11:02:16,V018,110.0,1.0058910668743946
2026-07-09,2026-07-09 11:02:17,V018,110.0,1.0069851755489783
2026-07-09,2026-07-09 11:02:18,V018,111.0,0.9692220411461264
2026-07-09,2026-07-09 11:02:19,V018,111.0,1.0068167414443743
2026-07-09,2026-07-09 11:02:20,V018,111.0,0.9857752943674076
2026-07-09,2026-07-09 11:02:21,V018,111.0,1.017969154332131
2026-07-09,2026-07-09 11:02:22,V018,110.0,0.9725267637775616
2026-07-09,2026-07-09 11:02:23,V018,110.0,1.0014067393841082
2026-07-09,2026-07-09 11:02:24,V018,110.0,0.9795611343375177
2026-07-09,2026-07-09 11:02:25,V018,111.0,0.9936264630347972
2026-07-09,2026-07-09 11:02:26,V018,111.0,0.98673141874518
2026-07-09,2026-07-09 11:02:27,V018,111.0,0.9878831625766092
2026-07-09,2026-07-09 11:02:28,V018,112.0,0.991202289485515
2026-07-09,2026-07-09 11:02:29,V018,112.0,0.9865141085017981
2026-07-09,2026-07-09 11:02:30,V018,112.0,0.9849914365104092
2026-07-09,2026-07-09 11:02:31,V018,113.0,0.9911456778757669
2026-07-09,2026-07-09 11:02:32,V018,113.0,0.9947251008626471
2026-07-09,2026-07-09 11:02:33,V018,114.0,0.9846828913133829
2026-07-09,2026-07-09 11:02:34,V018,114.0,1.0012282272822695
2026-07-09,2026-07-09 11:02:35,V018,114.0,0.9815897086965432
2026-07-09,2026-07-09 11:02:36,V018,114.0,1.031926342627694
2026-07-09,2026-07-09 11:02:37,V018,114.0,0.9621183367195967
2026-07-09,2026-07-09 11:02:38,V018,115.0,1.001444473145436
2026-07-09,2026-07-09 11:02:39,V018,115.0,0.9940303212790509
2026-07-09,2026-07-09 11:02:40,V018,115.0,0.992113911542343
2026-07-09,2026-07-09 11:02:41,V018,116.0,1.0088472735888083
2026-07-09,2026-07-09 11:02:42,V018,117.0,1.0039632301743142
2026-07-09,2026-07-09 11:02:43,V018,118.0,1.0428160896740317
2026-07-09,2026-07-09 11:02:44,V018,119.0,0.9411175169864393
2026-07-09,2026-07-09 11:02:45,V018,119.0,1.0537537018049825
2026-07-09,2026-07-09 11:02:46,V018,119.0,0.9691115558553434
2026-07-09,2026-07-09 11:02:47,V018,120.0,1.0102516610647208
2026-07-09,2026-07-09 11:02:48,V018,120.0,1.000070106302785
2026-07-09,2026-07-09 11:02:49,V018,121.0,1.034500661675886
2026-07-09,2026-07-09 11:02:50,V018,120.0,0.9903772466136667
2026-07-09,2026-07-09 11:02:51,V018,120.0,1.0150169326512481
2026-07-09,2026-07-09 11:02:52,V018,119.0,1.0303027693056834
2026-07-09,2026-07-09 11:02:53,V018,119.0,0.9762790749975083
2026-07-09,2026-07-09 11:02:54,V018,118.0,0.9903403320923919
2026-07-09,2026-07-09 11:02:55,V018,118.0,1.0011913214214598
2026-07-09,2026-07-09 11:02:56,V018,118.0,0.9856518069223461
2026-07-09,2026-07-09 11:02:57,V018,118.0,1.0112703761656212
2026-07-09,2026-07-09 11:02:58,V018,118.0,0.9873847898763002
2026-07-09,2026-07-09 11:02:59,V018,118.0,0.9991323100986891
2026-07-09,2026-07-09 11:03:00,V018,118.0,1.031902025229598
2026-07-09,2026-07-09 11:03:01,V018,118.0,0.9710120667287977
2026-07-09,2026-07-09 11:03:02,V018,118.0,1.0249420830913887
2026-07-09,2026-07-09 11:03:03,V018,118.0,1.0124569073885858
2026-07-09,2026-07-09 11:03:04,V018,118.0,0.9830015636144008
2026-07-09,2026-07-09 11:03:05,V018,117.0,0.9958812941275761
2026-07-09,2026-07-09 11:03:06,V018,117.0,1.0429911732463644
2026-07-09,2026-07-09 11:03:07,V018,117.0,0.9982791779942278
2026-07-09,2026-07-09 11:03:08,V018,117.0,1.0928401708623048
2026-07-09,2026-07-09 11:03:09,V018,117.0,0.9977677964605813
2026-07-09,2026-07-09 11:03:10,V018,116.0,0.9761529489064102
2026-07-09,2026-07-09 11:03:11,V018,116.0,1.0221861344808543
2026-07-09,2026-07-09 11:03:12,V018,116.0,0.983423568015013
2026-07-09,2026-07-09 11:03:13,V018,116.0,0.9818946734212206
2026-07-09,2026-07-09 11:03:14,V018,116.0,1.0148049894526678
2026-07-09,2026-07-09 11:03:15,V018,115.0,1.0036267501911966
2026-07-09,2026-07-09 11:03:16,V018,114.0,1.0174697617025494
2026-07-09,2026-07-09 11:03:17,V018,113.0,1.0012991652782777
2026-07-09,2026-07-09 11:03:18,V018,112.0,1.0166331344324073
2026-07-09,2026-07-09 11:03:19,V018,111.0,1.0022452991107105
2026-07-09,2026-07-09 11:03:20,V018,111.0,1.0117145306131894
2026-07-09,2026-07-09 11:03:21,V018,111.0,0.9956098327012165
2026-07-09,2026-07-09 11:03:22,V018,111.0,1.016036786506858
2026-07-09,2026-07-09 11:03:23,V018,111.0,0.987954463375568
2026-07-09,2026-07-09 11:03:24,V018,112.0,0.9826134287846396
2026-07-09,2026-07-09 11:03:25,V018,113.0,0.9843161609798742
2026-07-09,2026-07-09 11:03:26,V018,114.0,0.9822837596541751
2026-07-09,2026-07-09 11:03:27,V018,114.0,0.9813794709684708
2026-07-09,2026-07-09 11:03:28,V018,115.0,0.9770169676652017
2026-07-09,2026-07-09 11:03:29,V018,115.0,0.9962285827694919
2026-07-09,2026-07-09 11:03:30,V018,115.0,0.9866415524283842
2026-07-09,2026-07-09 11:03:31,V018,115.0,0.9995578045125334
2026-07-09,2026-07-09 11:03:32,V018,116.0,1.0733447849625781
2026-07-09,2026-07-09 11:03:33,V018,116.0,1.1302768883885186
2026-07-09,2026-07-09 11:03:34,V018,116.0,1.0234993950478828
2026-07-09,2026-07-09 11:03:35,V018,116.0,1.1921395608436622
2026-07-09,2026-07-09 11:03:36,V018,117.0,0.9896979957294714
2026-07-09,2026-07-09 11:03:37,V018,117.0,1.0221311038557825
2026-07-09,2026-07-09 11:03:38,V018,117.0,0.9840872862078058
2026-07-09,2026-07-09 11:03:39,V018,117.0,1.0194917699719694
2026-07-09,2026-07-09 11:03:40,V018,117.0,0.9916306013838181
2026-07-09,2026-07-09 11:03:41,V018,117.0,0.9599505633601904
2026-07-09,2026-07-09 11:03:42,V018,117.0,1.0114983262125339
2026-07-09,2026-07-09 11:03:43,V018,117.0,1.0144903839365154
2026-07-09,2026-07-09 11:03:44,V018,117.0,0.981267427349132
2026-07-09,2026-07-09 11:03:45,V018,117.0,0.9803033641679662
2026-07-09,2026-07-09 11:03:46,V018,116.0,1.0242839541633395
2026-07-09,2026-07-09 11:03:47,V018,116.0,1.0029087907097032
2026-07-09,2026-07-09 11:03:48,V018,116.0,0.9582752007274677
2026-07-09,2026-07-09 11:03:49,V018,116.0,1.0148081235350443
2026-07-09,2026-07-09 11:03:50,V018,116.0,0.9669580184181853
2026-07-09,2026-07-09 11:03:51,V018,115.0,1.0261631313527826
2026-07-09,2026-07-09 11:03:52,V018,115.0,0.9638460259440846
2026-07-09,2026-07-09 11:03:53,V018,115.0,0.9853058372333602
2026-07-09,2026-07-09 11:03:54,V018,114.0,1.0253506241285668
2026-07-09,2026-07-09 11:03:55,V018,114.0,1.0095278246980284
2026-07-09,2026-07-09 11:03:56,V018,113.0,0.98747155899179
2026-07-09,2026-07-09 11:03:57,V018,113.0,1.0297123598817428
2026-07-09,2026-07-09 11:03:58,V018,113.0,1.002431674389317
2026-07-09,2026-07-09 11:03:59,V018,113.0,1.0119921342344944
2026-07-09,2026-07-09 11:04:00,V018,112.0,0.9761713369278137
2026-07-09,2026-07-09 11:04:01,V018,112.0,1.1959177593667518
2026-07-09,2026-07-09 11:04:02,V018,112.0,1.1359311065694009
2026-07-09,2026-07-09 11:04:03,V018,113.0,0.979800678763163
2026-07-09,2026-07-09 11:04:04,V018,114.0,1.166625897159377
2026-07-09,2026-07-09 11:04:05,V018,115.0,1.4523250993294936
2026-07-09,2026-07-09 11:04:06,V018,116.0,0.9991116242535172
2026-07-09,2026-07-09 11:04:07,V018,117.0,1.0489988536030224
2026-07-09,2026-07-09 11:04:08,V018,118.0,0.9889545214584888
2026-07-09,2026-07-09 11:04:09,V018,119.0,1.0245650217827815
2026-07-09,2026-07-09 11:04:10,V018,119.0,1.0391533579529282
2026-07-09,2026-07-09 11:04:11,V018,119.0,0.9937408865359312
2026-07-09,2026-07-09 11:04:12,V018,118.0,0.9772786950831271
2026-07-09,2026-07-09 11:04:13,V018,118.0,1.0244519601458562
2026-07-09,2026-07-09 11:04:14,V018,117.0,1.0012638194349706
2026-07-09,2026-07-09 11:04:15,V018,117.0,0.9766797616769958
2026-07-09,2026-07-09 11:04:16,V018,116.0,1.009488767940647
2026-07-09,2026-07-09 11:04:17,V018,116.0,1.0130544523749019
2026-07-09,2026-07-09 11:04:18,V018,116.0,1.0058280047878303
2026-07-09,2026-07-09 11:04:19,V018,116.0,1.0493710657984074
2026-07-09,2026-07-09 11:04:20,V018,116.0,0.9894389191919875
2026-07-09,2026-07-09 11:04:21,V018,117.0,0.9977733000381118
2026-07-09,2026-07-09 11:04:22,V018,117.0,0.994275336756672
2026-07-09,2026-07-09 11:04:23,V018,118.0,0.9982564048449504
2026-07-09,2026-07-09 11:04:24,V018,119.0,0.9776772059595643
2026-07-09,2026-07-09 11:04:25,V018,119.0,0.9860346058220797
2026-07-09,2026-07-09 11:04:26,V018,119.0,0.9967613266382648
2026-07-09,2026-07-09 11:04:27,V018,119.0,0.9763378233599685
2026-07-09,2026-07-09 11:04:28,V018,119.0,0.9833393014088523
2026-07-09,2026-07-09 11:04:29,V018,119.0,0.9887329945806301
2026-07-09,2026-07-09 11:04:30,V018,118.0,0.9766258445650964
2026-07-09,2026-07-09 11:04:31,V018,118.0,0.9978750764179357
2026-07-09,2026-07-09 11:04:32,V018,118.0,1.1744378233398771
2026-07-09,2026-07-09 11:04:33,V018,118.0,1.4959593147204506
2026-07-09,2026-07-09 11:04:34,V018,118.0,1.002601275609203
2026-07-09,2026-07-09 11:04:35,V018,119.0,0.9956052320655151
2026-07-09,2026-07-09 11:04:36,V018,120.0,0.9827854501972524
2026-07-09,2026-07-09 11:04:37,V018,120.0,1.100144279873669
2026-07-09,2026-07-09 11:04:38,V018,121.0,1.787876327960406
2026-07-09,2026-07-09 11:04:39,V018,122.0,0.9866093947507656
2026-07-09,2026-07-09 11:04:40,V018,122.0,1.0348344979321336
2026-07-09,2026-07-09 11:04:41,V018,121.0,1.0392859689558285
2026-07-09,2026-07-09 11:04:42,V018,121.0,1.0061824490214208
2026-07-09,2026-07-09 11:04:43,V018,120.0,1.04498493598066
2026-07-09,2026-07-09 11:04:44,V018,120.0,0.9665807493749472
2026-07-09,2026-07-09 11:04:45,V018,119.0,0.9880406750971237
2026-07-09,2026-07-09 11:04:46,V018,119.0,1.0176781328578028
2026-07-09,2026-07-09 11:04:47,V018,119.0,1.0092896721445481
2026-07-09,2026-07-09 11:04:48,V018,119.0,0.9700266590160517
2026-07-09,2026-07-09 11:04:49,V018,119.0,1.0018719518442019
2026-07-09,2026-07-09 11:04:50,V018,119.0,1.0132546370018143
2026-07-09,2026-07-09 11:04:51,V018,119.0,0.992576313769619
2026-07-09,2026-07-09 11:04:52,V018,119.0,1.0338213538686052
2026-07-09,2026-07-09 11:04:53,V018,119.0,0.9853122850228936
2026-07-09,2026-07-09 11:04:54,V018,119.0,0.9875184296951198
2026-07-09,2026-07-09 11:04:55,V018,119.0,1.006609707945179
2026-07-09,2026-07-09 11:04:56,V018,119.0,0.9886582176767993
2026-07-09,2026-07-09 11:04:57,V018,119.0,1.0100333242411041
2026-07-09,2026-07-09 11:04:58,V018,118.0,0.9808997973783775
2026-07-09,2026-07-09 11:04:59,V018,118.0,0.9871699029794602
2026-07-09,2026-07-09 11:05:00,V018,117.0,1.0234918018497896
2026-07-09,2026-07-09 11:05:01,V018,117.0,0.9566738036131078
2026-07-09,2026-07-09 11:05:02,V018,117.0,1.023925346995482
2026-07-09,2026-07-09 11:05:03,V018,117.0,0.9901483652250765
2026-07-09,2026-07-09 11:05:04,V018,118.0,1.1691712280657685
2026-07-09,2026-07-09 11:05:05,V018,119.0,1.6230573439304479
2026-07-09,2026-07-09 11:05:06,V018,121.0,1.019472756539746
2026-07-09,2026-07-09 11:05:07,V018,122.0,1.0083590645283371
2026-07-09,2026-07-09 11:05:08,V018,123.0,1.01036233130457
2026-07-09,2026-07-09 11:05:09,V018,124.0,1.0188842504205755
2026-07-09,2026-07-09 11:05:10,V018,125.0,1.2447572550788717
2026-07-09,2026-07-09 11:05:11,V018,126.0,0.9954472774913394
2026-07-09,2026-07-09 11:05:12,V018,126.0,1.0156172018982466
2026-07-09,2026-07-09 11:05:13,V018,127.0,0.9977422913481818
2026-07-09,2026-07-09 11:05:14,V018,127.0,0.9980078371419054
2026-07-09,2026-07-09 11:05:15,V018,127.0,1.0005331314135464
2026-07-09,2026-07-09 11:05:16,V018,126.0,0.995464815820851
2026-07-09,2026-07-09 11:05:17,V018,125.0,0.9778598012144224
2026-07-09,2026-07-09 11:05:18,V018,124.0,0.9837600583039956
2026-07-09,2026-07-09 11:05:19,V018,124.0,0.9882548141563081
2026-07-09,2026-07-09 11:05:20,V018,123.0,0.994269579194381
2026-07-09,2026-07-09 11:05:21,V018,123.0,0.9901833612300076
2026-07-09,2026-07-09 11:05:22,V018,123.0,0.9997459615071265
2026-07-09,2026-07-09 11:05:23,V018,123.0,0.9799081961018904
2026-07-09,2026-07-09 11:05:24,V018,123.0,0.9868484167566122
2026-07-09,2026-07-09 11:05:25,V018,123.0,0.9894020277192813
2026-07-09,2026-07-09 11:05:26,V018,122.0,0.9780709481514857
2026-07-09,2026-07-09 11:05:27,V018,122.0,0.9890388807976995
2026-07-09,2026-07-09 11:05:28,V018,121.0,0.9703565340353578
2026-07-09,2026-07-09 11:05:29,V018,120.0,0.9866424956299839
2026-07-09,2026-07-09 11:05:30,V018,119.0,0.9935529866350488
2026-07-09,2026-07-09 11:05:31,V018,119.0,0.9715874635726284
2026-07-09,2026-07-09 11:05:32,V018,119.0,1.0330707391023688
2026-07-09,2026-07-09 11:05:33,V018,119.0,0.9673144365342481
2026-07-09,2026-07-09 11:05:34,V018,120.0,1.0324562473950127
2026-07-09,2026-07-09 11:05:35,V018,120.0,1.0069672182774014
2026-07-09,2026-07-09 11:05:36,V018,121.0,0.9840522983705664
2026-07-09,2026-07-09 11:05:37,V018,122.0,1.021761860193168
2026-07-09,2026-07-09 11:05:38,V018,123.0,0.98745914194924
2026-07-09,2026-07-09 11:05:39,V018,124.0,1.0369802706273246
2026-07-09,2026-07-09 11:05:40,V018,124.0,0.982065796027233
2026-07-09,2026-07-09 11:05:41,V018,124.0,1.0143963887844276
2026-07-09,2026-07-09 11:05:42,V018,124.0,0.990193390561326
2026-07-09,2026-07-09 11:05:43,V018,124.0,0.9942694066373851
2026-07-09,2026-07-09 11:05:44,V018,123.0,1.0222249859332728
2026-07-09,2026-07-09 11:05:45,V018,123.0,0.9768678273047926
2026-07-09,2026-07-09 11:05:46,V018,122.0,1.0002662398009363
2026-07-09,2026-07-09 11:05:47,V018,122.0,1.0232927610704083
2026-07-09,2026-07-09 11:05:48,V018,121.0,1.0484815285287605
2026-07-09,2026-07-09 11:05:49,V018,120.0,0.9961790339290828
2026-07-09,2026-07-09 11:05:50,V018,119.0,1.0198186588149616
2026-07-09,2026-07-09 11:05:51,V018,118.0,1.0054683399340014
2026-07-09,2026-07-09 11:05:52,V018,117.0,1.045148982515484
2026-07-09,2026-07-09 11:05:53,V018,116.0,0.9976676521032143
2026-07-09,2026-07-09 11:05:54,V018,116.0,1.035136762796548
2026-07-09,2026-07-09 11:05:55,V018,116.0,1.0207231577699312
2026-07-09,2026-07-09 11:05:56,V018,116.0,1.0112231777210836
2026-07-09,2026-07-09 11:05:57,V018,116.0,0.9836383152110847
2026-07-09,2026-07-09 11:05:58,V018,116.0,1.0175750107166877
2026-07-09,2026-07-09 11:05:59,V018,116.0,1.004951550309388
2026-07-09,2026-07-09 11:06:00,V018,116.0,1.0473237369147113
2026-07-09,2026-07-09 11:06:01,V018,116.0,1.0164802682956167
2026-07-09,2026-07-09 11:06:02,V018,116.0,1.009296499734154
2026-07-09,2026-07-09 11:06:03,V018,117.0,1.0396432740132748
2026-07-09,2026-07-09 11:06:04,V018,117.0,0.9873610476868692
2026-07-09,2026-07-09 11:06:05,V018,117.0,0.9616280807051766
2026-07-09,2026-07-09 11:06:06,V018,118.0,1.0850270593547455
2026-07-09,2026-07-09 11:06:07,V018,118.0,0.9544274017710259
2026-07-09,2026-07-09 11:06:08,V018,119.0,0.9796944592760486
2026-07-09,2026-07-09 11:06:09,V018,119.0,1.016579432109347
2026-07-09,2026-07-09 11:06:10,V018,119.0,0.9361991626091966
2026-07-09,2026-07-09 11:06:11,V018,119.0,1.1307407999061665
2026-07-09,2026-07-09 11:06:12,V018,120.0,0.9409022039491485
2026-07-09,2026-07-09 11:06:13,V018,121.0,1.0131857754124787
2026-07-09,2026-07-09 11:06:14,V018,121.0,0.990626887592603
2026-07-09,2026-07-09 11:06:15,V018,121.0,0.9053140262972866
2026-07-09,2026-07-09 11:06:16,V018,121.0,1.0966886524273385
2026-07-09,2026-07-09 11:06:17,V018,121.0,1.0402349808453448
2026-07-09,2026-07-09 11:06:18,V018,121.0,1.018524169681313
2026-07-09,2026-07-09 11:06:19,V018,121.0,0.9698019969707203
2026-07-09,2026-07-09 11:06:20,V018,121.0,0.9834724196534972
2026-07-09,2026-07-09 11:06:21,V018,121.0,0.9954124378990913
2026-07-09,2026-07-09 11:06:22,V018,120.0,0.97128077034693
2026-07-09,2026-07-09 11:06:23,V018,120.0,0.9737836941589482
2026-07-09,2026-07-09 11:06:24,V018,120.0,1.042744922092589
2026-07-09,2026-07-09 11:06:25,V018,119.0,1.0347678264312963
2026-07-09,2026-07-09 11:06:26,V018,119.0,1.013518974608969
2026-07-09,2026-07-09 11:06:27,V018,119.0,1.0097347925218134
2026-07-09,2026-07-09 11:06:28,V018,119.0,0.9949423903148349
2026-07-09,2026-07-09 11:06:29,V018,119.0,1.0184413743991543
2026-07-09,2026-07-09 11:06:30,V018,118.0,1.0043454170502386
2026-07-09,2026-07-09 11:06:31,V018,118.0,0.9655656964042175
2026-07-09,2026-07-09 11:06:32,V018,117.0,1.07798953631787
2026-07-09,2026-07-09 11:06:33,V018,117.0,1.0015463266447306
2026-07-09,2026-07-09 11:06:34,V018,116.0,0.9979401299031798
2026-07-09,2026-07-09 11:06:35,V018,115.0,0.9901592552122357
2026-07-09,2026-07-09 11:06:36,V018,115.0,1.0038792326957438
2026-07-09,2026-07-09 11:06:37,V018,114.0,0.9992569746398988
2026-07-09,2026-07-09 11:06:38,V018,113.0,1.0157910706755755
2026-07-09,2026-07-09 11:06:39,V018,113.0,0.9623255689295243
2026-07-09,2026-07-09 11:06:40,V018,113.0,1.021754946348292
2026-07-09,2026-07-09 11:06:41,V018,113.0,0.9714794830315218
2026-07-09,2026-07-09 11:06:42,V018,113.0,1.014503313564768
2026-07-09,2026-07-09 11:06:43,V018,114.0,1.009154751168855
2026-07-09,2026-07-09 11:06:44,V018,114.0,0.989213059352
2026-07-09,2026-07-09 11:06:45,V018,115.0,0.9839115852017046
2026-07-09,2026-07-09 11:06:46,V018,116.0,0.9868741334830237
2026-07-09,2026-07-09 11:06:47,V018,117.0,0.9749583014315647
2026-07-09,2026-07-09 11:06:48,V018,118.0,1.0078741111090732
2026-07-09,2026-07-09 11:06:49,V018,119.0,0.9972412758270284
2026-07-09,2026-07-09 11:06:50,V018,120.0,0.9849255521828852
2026-07-09,2026-07-09 11:06:51,V018,120.0,1.0158731907940326
2026-07-09,2026-07-09 11:06:52,V018,121.0,0.9616420115609051
2026-07-09,2026-07-09 11:06:53,V018,121.0,1.0027701128528586
2026-07-09,2026-07-09 11:06:54,V018,122.0,0.9961756097413661
2026-07-09,2026-07-09 11:06:55,V018,122.0,0.9800491485853632
2026-07-09,2026-07-09 11:06:56,V018,122.0,0.9963516526927303
2026-07-09,2026-07-09 11:06:57,V018,123.0,0.979575027119234
2026-07-09,2026-07-09 11:06:58,V018,123.0,0.9854593440147743
2026-07-09,2026-07-09 11:06:59,V018,124.0,1.018859983140601
2026-07-09,2026-07-09 11:07:00,V018,125.0,0.9736391260541392
2026-07-09,2026-07-09 11:07:01,V018,125.0,0.9899500361296522
2026-07-09,2026-07-09 11:07:02,V018,125.0,1.0128139947749106
2026-07-09,2026-07-09 11:07:03,V018,125.0,0.985426273428608
2026-07-09,2026-07-09 11:07:04,V018,124.0,0.987787939052699
2026-07-09,2026-07-09 11:07:05,V018,123.0,0.9826615280136811
2026-07-09,2026-07-09 11:07:06,V018,123.0,0.9827332205634056
2026-07-09,2026-07-09 11:07:07,V018,122.0,0.9845603250295252
2026-07-09,2026-07-09 11:07:08,V018,122.0,0.9842521521781025
2026-07-09,2026-07-09 11:07:09,V018,121.0,0.9829056439842259
2026-07-09,2026-07-09 11:07:10,V018,121.0,0.990881413223044
2026-07-09,2026-07-09 11:07:11,V018,121.0,0.9890070913915963
2026-07-09,2026-07-09 11:07:12,V018,121.0,0.9675402211412997
2026-07-09,2026-07-09 11:07:13,V018,121.0,0.9841407676576278
2026-07-09,2026-07-09 11:07:14,V018,121.0,0.9788846148497329
2026-07-09,2026-07-09 11:07:15,V018,120.0,0.9664004690015513
2026-07-09,2026-07-09 11:07:16,V018,120.0,1.0166568517256107
2026-07-09,2026-07-09 11:07:17,V018,121.0,1.0297102796951392
2026-07-09,2026-07-09 11:07:18,V018,121.0,0.9983739787884806
2026-07-09,2026-07-09 11:07:19,V018,121.0,1.0022369877307855
2026-07-09,2026-07-09 11:07:20,V018,122.0,0.9895198167994613
2026-07-09,2026-07-09 11:07:21,V018,122.0,0.9847293152191758
2026-07-09,2026-07-09 11:07:22,V018,123.0,0.9848859032593027
2026-07-09,2026-07-09 11:07:23,V018,124.0,1.004437261251713
2026-07-09,2026-07-09 11:07:24,V018,124.0,0.9848516129083427
2026-07-09,2026-07-09 11:07:25,V018,124.0,1.0238399428543408
2026-07-09,2026-07-09 11:07:26,V018,124.0,0.983211681743523
2026-07-09,2026-07-09 11:07:27,V018,123.0,0.9887159452681328
2026-07-09,2026-07-09 11:07:28,V018,123.0,0.9788596922005235
2026-07-09,2026-07-09 11:07:29,V018,122.0,0.9739296657219005
2026-07-09,2026-07-09 11:07:30,V018,122.0,0.9745708849584461
2026-07-09,2026-07-09 11:07:31,V018,122.0,0.9808537040414134
2026-07-09,2026-07-09 11:07:32,V018,122.0,0.9706029501512723
2026-07-09,2026-07-09 11:07:33,V018,121.0,0.9752514191013224
2026-07-09,2026-07-09 11:07:34,V018,121.0,0.9736548707364704
2026-07-09,2026-07-09 11:07:35,V018,121.0,0.9803043179090594
2026-07-09,2026-07-09 11:07:36,V018,121.0,0.9809761935835014
2026-07-09,2026-07-09 11:07:37,V018,122.0,0.9894019070940225
2026-07-09,2026-07-09 11:07:38,V018,122.0,0.9819961490217811
2026-07-09,2026-07-09 11:07:39,V018,123.0,0.9792821417265976
2026-07-09,2026-07-09 11:07:40,V018,122.0,0.9812660022795048
2026-07-09,2026-07-09 11:07:41,V018,122.0,0.9866009021109904
2026-07-09,2026-07-09 11:07:42,V018,122.0,0.9794705454997729
2026-07-09,2026-07-09 11:07:43,V018,122.0,0.9837833233209782
2026-07-09,2026-07-09 11:07:44,V018,123.0,0.9828349139411036
2026-07-09,2026-07-09 11:07:45,V018,123.0,0.9821297649449324
2026-07-09,2026-07-09 11:07:46,V018,125.0,0.9825558104945684
2026-07-09,2026-07-09 11:07:47,V018,126.0,0.9833951617824879
2026-07-09,2026-07-09 11:07:48,V018,127.0,0.9825906910253002
2026-07-09,2026-07-09 11:07:49,V018,128.0,0.9824122857788513
2026-07-09,2026-07-09 11:07:50,V018,128.0,0.9827099756597502
2026-07-09,2026-07-09 11:07:51,V018,128.0,0.9834898381526385
2026-07-09,2026-07-09 11:07:52,V018,128.0,0.9838570893626628
2026-07-09,2026-07-09 11:07:53,V018,128.0,0.9828808449507376
2026-07-09,2026-07-09 11:07:54,V018,127.0,0.9837585986987624
2026-07-09,2026-07-09 11:07:55,V018,127.0,0.9823633425698355
2026-07-09,2026-07-09 11:07:56,V018,126.0,0.9953982374450436
2026-07-09,2026-07-09 11:07:57,V018,126.0,0.9887357037676093
2026-07-09,2026-07-09 11:07:58,V018,125.0,0.9840988952808056
2026-07-09,2026-07-09 11:07:59,V018,125.0,0.9831367194416268
2026-07-09,2026-07-09 11:08:00,V018,124.0,0.984054796645702
2026-07-09,2026-07-09 11:08:01,V018,124.0,0.9877683719549438
2026-07-09,2026-07-09 11:08:02,V018,124.0,0.981887241452708
2026-07-09,2026-07-09 11:08:03,V018,123.0,0.9838416418510871
2026-07-09,2026-07-09 11:08:04,V018,123.0,0.9837076324947612
2026-07-09,2026-07-09 11:08:05,V018,123.0,0.9837125031260717
2026-07-09,2026-07-09 11:08:06,V018,123.0,0.9833829479719155
2026-07-09,2026-07-09 11:08:07,V018,122.0,0.9822525587524256
2026-07-09,2026-07-09 11:08:08,V018,122.0,0.9846485424159637
2026-07-09,2026-07-09 11:08:09,V018,122.0,0.9848441999304353
2026-07-09,2026-07-09 11:08:10,V018,122.0,0.9815975691933851
2026-07-09,2026-07-09 11:08:11,V018,122.0,0.982716175608177
2026-07-09,2026-07-09 11:08:12,V018,121.0,0.9827487746504882
2026-07-09,2026-07-09 11:08:13,V018,121.0,0.9945747167810157
2026-07-09,2026-07-09 11:08:14,V018,120.0,0.9791884945180024
2026-07-09,2026-07-09 11:08:15,V018,120.0,0.9841403508478389
2026-07-09,2026-07-09 11:08:16,V018,120.0,0.9856904692442033
2026-07-09,2026-07-09 11:08:17,V018,120.0,0.9820129980636512
2026-07-09,2026-07-09 11:08:18,V018,119.0,0.9841354805064455
2026-07-09,2026-07-09 11:08:19,V018,119.0,0.9727912759804628
2026-07-09,2026-07-09 11:08:20,V018,119.0,1.0139231222847491
2026-07-09,2026-07-09 11:08:21,V018,119.0,0.9523932626414966
2026-07-09,2026-07-09 11:08:22,V018,119.0,0.9791182734072479
2026-07-09,2026-07-09 11:08:23,V018,119.0,0.9731132051104008
2026-07-09,2026-07-09 11:08:24,V018,119.0,0.9759921019232781
2026-07-09,2026-07-09 11:08:25,V018,119.0,0.9746327843236693
2026-07-09,2026-07-09 11:08:26,V018,119.0,1.0004564312105844
2026-07-09,2026-07-09 11:08:27,V018,119.0,0.9540234738564849
2026-07-09,2026-07-09 11:08:28,V018,119.0,0.9777339777949255
2026-07-09,2026-07-09 11:08:29,V018,119.0,0.9931160827137774
2026-07-09,2026-07-09 11:08:30,V018,119.0,0.9837438818780383
2026-07-09,2026-07-09 11:08:31,V018,119.0,0.9953885903933061
2026-07-09,2026-07-09 11:08:32,V018,118.0,0.9765496995046963
2026-07-09,2026-07-09 11:08:33,V018,118.0,0.9845394443431499
2026-07-09,2026-07-09 11:08:34,V018,118.0,0.9831409199385561
2026-07-09,2026-07-09 11:08:35,V018,117.0,0.9865310167746025
2026-07-09,2026-07-09 11:08:36,V018,117.0,0.9843758119503075
2026-07-09,2026-07-09 11:08:37,V018,116.0,0.9853708973098283
2026-07-09,2026-07-09 11:08:38,V018,114.0,0.983565249602158
2026-07-09,2026-07-09 11:08:39,V018,113.0,0.9853346259719743
2026-07-09,2026-07-09 11:08:40,V018,112.0,0.9846669367814893
2026-07-09,2026-07-09 11:08:41,V018,110.0,0.9849472276705631
2026-07-09,2026-07-09 11:08:42,V018,110.0,0.9833427625133236
2026-07-09,2026-07-09 11:08:43,V018,109.0,1.0249822520484082
2026-07-09,2026-07-09 11:08:44,V018,110.0,1.0268897688423846
2026-07-09,2026-07-09 11:08:45,V018,111.0,0.9892368154770813
2026-07-09,2026-07-09 11:08:46,V018,112.0,0.9870815532483092
2026-07-09,2026-07-09 11:08:47,V018,113.0,0.974889711946892
2026-07-09,2026-07-09 11:08:48,V018,114.0,0.9845604491137819
2026-07-09,2026-07-09 11:08:49,V018,115.0,0.981924017023129
2026-07-09,2026-07-09 11:08:50,V018,115.0,0.9806547311019634
2026-07-09,2026-07-09 11:08:51,V018,116.0,0.9809988331903378
2026-07-09,2026-07-09 11:08:52,V018,117.0,0.9819432342708759
2026-07-09,2026-07-09 11:08:53,V018,118.0,0.9818799782492538
2026-07-09,2026-07-09 11:08:54,V018,118.0,0.9818373559563918
2026-07-09,2026-07-09 11:08:55,V018,117.0,0.9807124129129504
2026-07-09,2026-07-09 11:08:56,V018,117.0,0.9811142479640591
2026-07-09,2026-07-09 11:08:57,V018,117.0,0.9818655363086735
2026-07-09,2026-07-09 11:08:58,V018,117.0,0.9809488520370588
2026-07-09,2026-07-09 11:08:59,V018,117.0,0.9813920530869159
2026-07-09,2026-07-09 11:09:00,V018,117.0,0.9821708194105513
2026-07-09,2026-07-09 11:09:01,V018,117.0,1.011868956373286
2026-07-09,2026-07-09 11:09:02,V018,118.0,0.9589116185078509
2026-07-09,2026-07-09 11:09:03,V018,118.0,0.9716766125961087
2026-07-09,2026-07-09 11:09:04,V018,119.0,0.996121387353109
2026-07-09,2026-07-09 11:09:05,V018,120.0,0.9809079459060682
2026-07-09,2026-07-09 11:09:06,V018,122.0,0.9797776361560186
2026-07-09,2026-07-09 11:09:07,V018,122.0,0.9797068087268771
2026-07-09,2026-07-09 11:09:08,V018,123.0,0.9809430454270119
2026-07-09,2026-07-09 11:09:09,V018,123.0,0.9800836545718644
2026-07-09,2026-07-09 11:09:10,V018,123.0,0.9814699383635821
2026-07-09,2026-07-09 11:09:11,V018,123.0,0.9802176120380014
2026-07-09,2026-07-09 11:09:12,V018,123.0,0.9802643251516082
2026-07-09,2026-07-09 11:09:13,V018,123.0,0.9805313400951832
2026-07-09,2026-07-09 11:09:14,V018,122.0,0.9803811817219908
2026-07-09,2026-07-09 11:09:15,V018,122.0,0.9792404635660166
2026-07-09,2026-07-09 11:09:16,V018,122.0,0.9806402089680412
2026-07-09,2026-07-09 11:09:17,V018,122.0,0.9804805435659318
2026-07-09,2026-07-09 11:09:18,V018,122.0,0.9814628966943467
2026-07-09,2026-07-09 11:09:19,V018,122.0,0.9804081330721968
2026-07-09,2026-07-09 11:09:20,V018,123.0,0.9810727123570948
2026-07-09,2026-07-09 11:09:21,V018,123.0,0.9807126143618087
2026-07-09,2026-07-09 11:09:22,V018,123.0,0.9812822206895891
2026-07-09,2026-07-09 11:09:23,V018,124.0,0.9895820954299612
2026-07-09,2026-07-09 11:09:24,V018,124.0,0.9730216474536925
2026-07-09,2026-07-09 11:09:25,V018,124.0,0.9763097816813635
2026-07-09,2026-07-09 11:09:26,V018,123.0,0.9789170416224473
2026-07-09,2026-07-09 11:09:27,V018,123.0,0.9836752076156667
2026-07-09,2026-07-09 11:09:28,V018,122.0,0.9827534956487594
2026-07-09,2026-07-09 11:09:29,V018,121.0,0.9868229534302269
2026-07-09,2026-07-09 11:09:30,V018,121.0,0.9849951483465569
2026-07-09,2026-07-09 11:09:31,V018,121.0,0.9833308478394954
2026-07-09,2026-07-09 11:09:32,V018,122.0,0.9838668937573266
2026-07-09,2026-07-09 11:09:33,V018,122.0,0.9887923389559116
2026-07-09,2026-07-09 11:09:34,V018,123.0,0.9908172365536048
2026-07-09,2026-07-09 11:09:35,V018,124.0,0.9873801675129711
2026-07-09,2026-07-09 11:09:36,V018,125.0,0.986360097332667
2026-07-09,2026-07-09 11:09:37,V018,125.0,0.9867341157803822
2026-07-09,2026-07-09 11:09:38,V018,125.0,0.9867641866987148
2026-07-09,2026-07-09 11:09:39,V018,125.0,0.9857887269279969
2026-07-09,2026-07-09 11:09:40,V018,124.0,0.9879094260550203
2026-07-09,2026-07-09 11:09:41,V018,124.0,0.9864259790406985
2026-07-09,2026-07-09 11:09:42,V018,124.0,0.9839397925376216
2026-07-09,2026-07-09 11:09:43,V018,124.0,0.994183107674128
2026-07-09,2026-07-09 11:09:44,V018,123.0,0.9841095441341434
2026-07-09,2026-07-09 11:09:45,V018,123.0,0.9771382632626856
2026-07-09,2026-07-09 11:09:46,V018,123.0,0.9870868655292806
2026-07-09,2026-07-09 11:09:47,V018,123.0,0.9821456452478988
2026-07-09,2026-07-09 11:09:48,V018,123.0,0.9898871793420072
2026-07-09,2026-07-09 11:09:49,V018,124.0,0.9864510481455877
2026-07-09,2026-07-09 11:09:50,V018,124.0,0.984816047137804
2026-07-09,2026-07-09 11:09:51,V018,125.0,0.9866734642006806
2026-07-09,2026-07-09 11:09:52,V018,126.0,0.9859769686813346
2026-07-09,2026-07-09 11:09:53,V018,127.0,0.9867975521382898
2026-07-09,2026-07-09 11:09:54,V018,128.0,0.9846803434400948
2026-07-09,2026-07-09 11:09:55,V018,128.0,0.9838690316761766
2026-07-09,2026-07-09 11:09:56,V018,128.0,0.9866676981298658
2026-07-09,2026-07-09 11:09:57,V018,128.0,0.9914384669585095
2026-07-09,2026-07-09 11:09:58,V018,127.0,1.014800596469
2026-07-09,2026-07-09 11:09:59,V018,126.0,0.9627022501260374
2026-07-09,2026-07-09 11:10:00,V018,125.0,0.9794200472173515
2026-07-09,2026-07-09 11:10:01,V018,124.0,0.9798797767930328
2026-07-09,2026-07-09 11:10:02,V018,123.0,0.9988801842493938
2026-07-09,2026-07-09 11:10:03,V018,122.0,0.9783427396246654
2026-07-09,2026-07-09 11:10:04,V018,122.0,0.9865021468095435
2026-07-09,2026-07-09 11:10:05,V018,122.0,0.9706739985573658
2026-07-09,2026-07-09 11:10:06,V018,122.0,0.9810238107856639
2026-07-09,2026-07-09 11:10:07,V018,122.0,0.982036065972666
2026-07-09,2026-07-09 11:10:08,V018,122.0,0.979781333314193
2026-07-09,2026-07-09 11:10:09,V018,122.0,0.9668448384716672
2026-07-09,2026-07-09 11:10:10,V018,121.0,0.987688923008813
2026-07-09,2026-07-09 11:10:11,V018,121.0,1.0109914431688516
2026-07-09,2026-07-09 11:10:12,V018,121.0,0.9994048866517449
2026-07-09,2026-07-09 11:10:13,V018,121.0,0.9784724595272651
2026-07-09,2026-07-09 11:10:14,V018,122.0,1.0222809925043024
2026-07-09,2026-07-09 11:10:15,V018,122.0,0.9778670014243224
2026-07-09,2026-07-09 11:10:16,V018,122.0,0.9933288363042725
2026-07-09,2026-07-09 11:10:17,V018,123.0,0.9756582250237082
2026-07-09,2026-07-09 11:10:18,V018,123.0,1.0058457444216982
2026-07-09,2026-07-09 11:10:19,V018,124.0,0.9808339175870691
2026-07-09,2026-07-09 11:10:20,V018,124.0,1.0047663085595797
2026-07-09,2026-07-09 11:10:21,V018,124.0,0.9840447484924587
2026-07-09,2026-07-09 11:10:22,V018,124.0,0.9896093462685147
2026-07-09,2026-07-09 11:10:23,V018,124.0,0.9792689510389521
2026-07-09,2026-07-09 11:10:24,V018,124.0,0.9858059502438574
2026-07-09,2026-07-09 11:10:25,V018,124.0,0.9906462289868533
2026-07-09,2026-07-09 11:10:26,V018,124.0,0.9860277901282428
2026-07-09,2026-07-09 11:10:27,V018,124.0,0.9874378108211581
2026-07-09,2026-07-09 11:10:28,V018,125.0,0.9851486642940429
2026-07-09,2026-07-09 11:10:29,V018,125.0,0.9828945559065688
2026-07-09,2026-07-09 11:10:30,V018,126.0,0.982481772842047
2026-07-09,2026-07-09 11:10:31,V018,127.0,0.997410856456524
2026-07-09,2026-07-09 11:10:32,V018,129.0,0.9787438278845741
2026-07-09,2026-07-09 11:10:33,V018,130.0,0.9938476235210387
2026-07-09,2026-07-09 11:10:34,V018,131.0,0.9837376238356894
2026-07-09,2026-07-09 11:10:35,V018,132.0,0.9883551772397908
2026-07-09,2026-07-09 11:10:36,V018,132.0,0.9840351147376425
2026-07-09,2026-07-09 11:10:37,V018,132.0,1.009983313909679
2026-07-09,2026-07-09 11:10:38,V018,133.0,1.0045446310777737
2026-07-09,2026-07-09 11:10:39,V018,134.0,1.0077480190886687
2026-07-09,2026-07-09 11:10:40,V018,133.0,0.9831110937785208
2026-07-09,2026-07-09 11:10:41,V018,132.0,1.0267951295655888
2026-07-09,2026-07-09 11:10:42,V018,131.0,1.0214824602378583
2026-07-09,2026-07-09 11:10:43,V018,130.0,0.9611541312387722
2026-07-09,2026-07-09 11:10:44,V018,129.0,1.0176204852584323
2026-07-09,2026-07-09 11:10:45,V018,127.0,0.990971117286539
2026-07-09,2026-07-09 11:10:46,V018,125.0,0.980068991677627
2026-07-09,2026-07-09 11:10:47,V018,124.0,1.0013726244350076
2026-07-09,2026-07-09 11:10:48,V018,121.0,1.0142741144113594
2026-07-09,2026-07-09 11:10:49,V018,118.0,0.9887796542840566
2026-07-09,2026-07-09 11:10:50,V018,119.0,1.0126115496775185
2026-07-09,2026-07-09 11:10:51,V018,119.0,1.0004021915798098
2026-07-09,2026-07-09 11:10:52,V018,120.0,0.9914529136617721
2026-07-09,2026-07-09 11:10:53,V018,120.0,0.998867542615163
2026-07-09,2026-07-09 11:10:54,V018,120.0,1.0191488496840044
2026-07-09,2026-07-09 11:10:55,V018,121.0,0.9730211292359763
2026-07-09,2026-07-09 11:10:56,V018,122.0,1.0163331716494672
2026-07-09,2026-07-09 11:10:57,V018,122.0,0.9834747419451108
2026-07-09,2026-07-09 11:10:58,V018,123.0,1.0047110290750227
2026-07-09,2026-07-09 11:10:59,V018,124.0,1.002604753141031
2026-07-09,2026-07-09 11:11:00,V018,125.0,0.9829998052314981
2026-07-09,2026-07-09 11:11:01,V018,125.0,0.9788323956689684
2026-07-09,2026-07-09 11:11:02,V018,126.0,1.0100574701066214
2026-07-09,2026-07-09 11:11:03,V018,126.0,0.9677781435525789
2026-07-09,2026-07-09 11:11:04,V018,126.0,0.9942480744466058
2026-07-09,2026-07-09 11:11:05,V018,127.0,0.9765599140181678
2026-07-09,2026-07-09 11:11:06,V018,128.0,0.965725892700327
2026-07-09,2026-07-09 11:11:07,V018,128.0,0.9894779866776103
2026-07-09,2026-07-09 11:11:08,V018,128.0,0.9699086474616565
2026-07-09,2026-07-09 11:11:09,V018,129.0,1.0034200388735581
2026-07-09,2026-07-09 11:11:10,V018,129.0,0.9908217431683126
2026-07-09,2026-07-09 11:11:11,V018,129.0,0.9973436614906022
2026-07-09,2026-07-09 11:11:12,V018,130.0,0.9774692203781467
2026-07-09,2026-07-09 11:11:13,V018,130.0,1.06485674113958
2026-07-09,2026-07-09 11:11:14,V018,130.0,1.0247696706298364
2026-07-09,2026-07-09 11:11:15,V018,130.0,0.9780870722691979
2026-07-09,2026-07-09 11:11:16,V018,130.0,0.9855420624517208
2026-07-09,2026-07-09 11:11:17,V018,130.0,0.9904830460179099
2026-07-09,2026-07-09 11:11:18,V018,130.0,0.9798255104423573
2026-07-09,2026-07-09 11:11:19,V018,130.0,0.9908119266753782
2026-07-09,2026-07-09 11:11:20,V018,129.0,0.9830028548721494
2026-07-09,2026-07-09 11:11:21,V018,129.0,0.9824978088371886
2026-07-09,2026-07-09 11:11:22,V018,129.0,0.9901482174027718
2026-07-09,2026-07-09 11:11:23,V018,129.0,0.9868821895324653
2026-07-09,2026-07-09 11:11:24,V018,130.0,0.9804924986273286
2026-07-09,2026-07-09 11:11:25,V018,131.0,0.9933532728779298
2026-07-09,2026-07-09 11:11:26,V018,132.0,0.9903253892706598
2026-07-09,2026-07-09 11:11:27,V018,133.0,0.980934984161004
2026-07-09,2026-07-09 11:11:28,V018,133.0,0.9847671067118023
2026-07-09,2026-07-09 11:11:29,V018,134.0,0.9842585489955126
2026-07-09,2026-07-09 11:11:30,V018,134.0,0.9842839250630836
2026-07-09,2026-07-09 11:11:31,V018,134.0,0.9833588059581218
2026-07-09,2026-07-09 11:11:32,V018,134.0,0.9855638017385554
2026-07-09,2026-07-09 11:11:33,V018,134.0,0.9808525531267983
2026-07-09,2026-07-09 11:11:34,V018,133.0,0.9806941381901405
2026-07-09,2026-07-09 11:11:35,V018,133.0,0.9892671609447787
2026-07-09,2026-07-09 11:11:36,V018,132.0,0.9849250652291237
2026-07-09,2026-07-09 11:11:37,V018,131.0,0.978003535657723
2026-07-09,2026-07-09 11:11:38,V018,131.0,0.9805663214274016
2026-07-09,2026-07-09 11:11:39,V018,131.0,0.9781448180807188
2026-07-09,2026-07-09 11:11:40,V018,131.0,0.9859904831944414
2026-07-09,2026-07-09 11:11:41,V018,131.0,0.9824469218321273
2026-07-09,2026-07-09 11:11:42,V018,131.0,0.9831855657190682
2026-07-09,2026-07-09 11:11:43,V018,130.0,0.9847912457373675
2026-07-09,2026-07-09 11:11:44,V018,130.0,0.9860624508906557
2026-07-09,2026-07-09 11:11:45,V018,130.0,0.9842220857813292
2026-07-09,2026-07-09 11:11:46,V018,129.0,0.9843237601576152
2026-07-09,2026-07-09 11:11:47,V018,128.0,0.9871786123326218
2026-07-09,2026-07-09 11:11:48,V018,128.0,0.9832738246578917
2026-07-09,2026-07-09 11:11:49,V018,127.0,0.9850834468151817
2026-07-09,2026-07-09 11:11:50,V018,126.0,0.9843932925662509
2026-07-09,2026-07-09 11:11:51,V018,126.0,0.9833857883847461
2026-07-09,2026-07-09 11:11:52,V018,125.0,0.9873387716354399
2026-07-09,2026-07-09 11:11:53,V018,124.0,0.9827368819515361
2026-07-09,2026-07-09 11:11:54,V018,123.0,0.9846789302501832
2026-07-09,2026-07-09 11:11:55,V018,122.0,0.9857485300478868
2026-07-09,2026-07-09 11:11:56,V018,121.0,0.983073911845262
2026-07-09,2026-07-09 11:11:57,V018,121.0,0.9826278241935861
2026-07-09,2026-07-09 11:11:58,V018,121.0,0.9827804769444324
2026-07-09,2026-07-09 11:11:59,V018,121.0,0.9896568893779318
2026-07-09,2026-07-09 11:12:00,V018,121.0,0.974852249119258
2026-07-09,2026-07-09 11:12:01,V018,122.0,0.9904837875015565
2026-07-09,2026-07-09 11:12:02,V018,122.0,0.9924732955421259
2026-07-09,2026-07-09 11:12:03,V018,123.0,0.9971378104409518
2026-07-09,2026-07-09 11:12:04,V018,123.0,0.9922233245308105
2026-07-09,2026-07-09 11:12:05,V018,123.0,0.9825121319856622
2026-07-09,2026-07-09 11:12:06,V018,122.0,0.996254016755471
2026-07-09,2026-07-09 11:12:07,V018,122.0,0.9806956439745684
2026-07-09,2026-07-09 11:12:08,V018,122.0,0.9909299608747498
2026-07-09,2026-07-09 11:12:09,V018,122.0,0.9847123660693141
2026-07-09,2026-07-09 11:12:10,V018,122.0,1.0406922902412066
2026-07-09,2026-07-09 11:12:11,V018,122.0,0.9621490660244524
2026-07-09,2026-07-09 11:12:12,V018,122.0,1.0651444159796295
2026-07-09,2026-07-09 11:12:13,V018,122.0,1.008853537469358
2026-07-09,2026-07-09 11:12:14,V018,121.0,0.9912553447809699
2026-07-09,2026-07-09 11:12:15,V018,120.0,1.0103667937495395
2026-07-09,2026-07-09 11:12:16,V018,120.0,1.0060118397039473
2026-07-09,2026-07-09 11:12:17,V018,119.0,1.0114716703652862
2026-07-09,2026-07-09 11:12:18,V018,118.0,1.004965547601922
2026-07-09,2026-07-09 11:12:19,V018,117.0,1.0109348138776486
2026-07-09,2026-07-09 11:12:20,V018,116.0,0.9963993142834647
2026-07-09,2026-07-09 11:12:21,V018,115.0,0.9893644891380403
2026-07-09,2026-07-09 11:12:22,V018,113.0,0.9819916749461246
2026-07-09,2026-07-09 11:12:23,V018,112.0,0.9787478483857983
2026-07-09,2026-07-09 11:12:24,V018,111.0,0.9888868927917461
2026-07-09,2026-07-09 11:12:25,V018,110.0,0.9883976239634624
2026-07-09,2026-07-09 11:12:26,V018,109.0,1.0076341301553224
2026-07-09,2026-07-09 11:12:27,V018,108.0,0.9821176712484396
2026-07-09,2026-07-09 11:12:28,V018,107.0,0.9913544050630432
2026-07-09,2026-07-09 11:12:29,V018,107.0,1.0046505278074351
2026-07-09,2026-07-09 11:12:30,V018,108.0,0.986839885216549
2026-07-09,2026-07-09 11:12:31,V018,108.0,0.9901451085963126
2026-07-09,2026-07-09 11:12:32,V018,109.0,0.9757541407582739
2026-07-09,2026-07-09 11:12:33,V018,109.0,0.9833729222562821
2026-07-09,2026-07-09 11:12:34,V018,110.0,0.9913451336298139
2026-07-09,2026-07-09 11:12:35,V018,110.0,0.9956090659212044
2026-07-09,2026-07-09 11:12:36,V018,110.0,0.9851956747540002
2026-07-09,2026-07-09 11:12:37,V018,110.0,0.9848697230463808
2026-07-09,2026-07-09 11:12:38,V018,110.0,0.9792705169487684
2026-07-09,2026-07-09 11:12:39,V018,110.0,0.9829611574975378
2026-07-09,2026-07-09 11:12:40,V018,110.0,0.9791744451150127
2026-07-09,2026-07-09 11:12:41,V018,110.0,0.9773736693384631
2026-07-09,2026-07-09 11:12:42,V018,110.0,0.9814500456154813
2026-07-09,2026-07-09 11:12:43,V018,111.0,0.9840076643123714
2026-07-09,2026-07-09 11:12:44,V018,112.0,0.9792470539924076
2026-07-09,2026-07-09 11:12:45,V018,113.0,0.9816782739518292
2026-07-09,2026-07-09 11:12:46,V018,115.0,0.9831936746743701
2026-07-09,2026-07-09 11:12:47,V018,116.0,0.9821455836702659
2026-07-09,2026-07-09 11:12:48,V018,118.0,0.9815469990861084
2026-07-09,2026-07-09 11:12:49,V018,120.0,0.9794715840827232
2026-07-09,2026-07-09 11:12:50,V018,121.0,0.9803566794271048
2026-07-09,2026-07-09 11:12:51,V018,123.0,0.9779086549148447
2026-07-09,2026-07-09 11:12:52,V018,124.0,0.986421838439497
2026-07-09,2026-07-09 11:12:53,V018,125.0,0.9806287910039903
2026-07-09,2026-07-09 11:12:54,V018,126.0,0.9807207198854812
2026-07-09,2026-07-09 11:12:55,V018,126.0,0.980621636388696
2026-07-09,2026-07-09 11:12:56,V018,126.0,0.9796469724375376
2026-07-09,2026-07-09 11:12:57,V018,125.0,0.9814085534886091
2026-07-09,2026-07-09 11:12:58,V018,125.0,0.9812435292513542
2026-07-09,2026-07-09 11:12:59,V018,125.0,0.9828929200943398
2026-07-09,2026-07-09 11:13:00,V018,125.0,0.9823308772103602
2026-07-09,2026-07-09 11:13:01,V018,125.0,0.9811866552894306
2026-07-09,2026-07-09 11:13:02,V018,125.0,0.9814170296069917
2026-07-09,2026-07-09 11:13:03,V018,125.0,0.9825531974772487
2026-07-09,2026-07-09 11:13:04,V018,125.0,0.9814934274318304
2026-07-09,2026-07-09 11:13:05,V018,125.0,0.9814711242978472
2026-07-09,2026-07-09 11:13:06,V018,124.0,0.9813890740517196
2026-07-09,2026-07-09 11:13:07,V018,124.0,0.9815896295242292
2026-07-09,2026-07-09 11:13:08,V018,123.0,0.9823025135527841
2026-07-09,2026-07-09 11:13:09,V018,123.0,0.9811563164999473
2026-07-09,2026-07-09 11:13:10,V018,123.0,0.981182160530326
2026-07-09,2026-07-09 11:13:11,V018,123.0,0.981836181001195
2026-07-09,2026-07-09 11:13:12,V018,122.0,0.9835331012528976
2026-07-09,2026-07-09 11:13:13,V018,122.0,0.9791603115242493
2026-07-09,2026-07-09 11:13:14,V018,122.0,0.9809995948467294
2026-07-09,2026-07-09 11:13:15,V018,121.0,0.9780475604691641
2026-07-09,2026-07-09 11:13:16,V018,121.0,0.9771736658548391
2026-07-09,2026-07-09 11:13:17,V018,121.0,0.9806281477072222
2026-07-09,2026-07-09 11:13:18,V018,121.0,0.9779248813001065
2026-07-09,2026-07-09 11:13:19,V018,121.0,0.9777774459919002
2026-07-09,2026-07-09 11:13:20,V018,120.0,0.978068961024651
2026-07-09,2026-07-09 11:13:21,V018,120.0,0.9815088330119616
2026-07-09,2026-07-09 11:13:22,V018,119.0,0.9717245943722584
2026-07-09,2026-07-09 11:13:23,V018,118.0,1.0025813108327384
2026-07-09,2026-07-09 11:13:24,V018,117.0,0.9850118456840435
2026-07-09,2026-07-09 11:13:25,V018,116.0,0.986074610803863
2026-07-09,2026-07-09 11:13:26,V018,114.0,0.9799342874204293
2026-07-09,2026-07-09 11:13:27,V018,113.0,0.9863495558599217
2026-07-09,2026-07-09 11:13:28,V018,113.0,0.9832857454649089
2026-07-09,2026-07-09 11:13:29,V018,113.0,0.9856418343965959
2026-07-09,2026-07-09 11:13:30,V018,113.0,0.9844277283351228
2026-07-09,2026-07-09 11:13:31,V018,113.0,0.9834629156803796
2026-07-09,2026-07-09 11:13:32,V018,112.0,0.9836052349279479
2026-07-09,2026-07-09 11:13:33,V018,112.0,0.9846274035235402
2026-07-09,2026-07-09 11:13:34,V018,111.0,0.9847505017448678
2026-07-09,2026-07-09 11:13:35,V018,111.0,0.9861941658620159
2026-07-09,2026-07-09 11:13:36,V018,110.0,0.9941063196850357
2026-07-09,2026-07-09 11:13:37,V018,110.0,0.9852144909741919
2026-07-09,2026-07-09 11:13:38,V018,109.0,0.9841358841497679
2026-07-09,2026-07-09 11:13:39,V018,109.0,0.983003673918465
2026-07-09,2026-07-09 11:13:40,V018,109.0,0.9845200010229926
2026-07-09,2026-07-09 11:13:41,V018,109.0,0.9822863185713386
2026-07-09,2026-07-09 11:13:42,V018,110.0,0.9818797677415717
2026-07-09,2026-07-09 11:13:43,V018,111.0,0.9775078453712056
2026-07-09,2026-07-09 11:13:44,V018,111.0,0.9802595940101774
2026-07-09,2026-07-09 11:13:45,V018,112.0,0.9825361110835801
2026-07-09,2026-07-09 11:13:46,V018,111.0,0.9790262351363546
2026-07-09,2026-07-09 11:13:47,V018,111.0,0.9807201625937414
2026-07-09,2026-07-09 11:13:48,V018,111.0,0.9804775869184049
2026-07-09,2026-07-09 11:13:49,V018,111.0,0.9813222376348235
2026-07-09,2026-07-09 11:13:50,V018,111.0,0.9814935183427701
2026-07-09,2026-07-09 11:13:51,V018,111.0,0.9811794995953566
2026-07-09,2026-07-09 11:13:52,V018,112.0,0.9801896010077564
2026-07-09,2026-07-09 11:13:53,V018,112.0,0.9813208585059443
2026-07-09,2026-07-09 11:13:54,V018,113.0,0.9803566997950671
2026-07-09,2026-07-09 11:13:55,V018,114.0,1.0030358267631216
2026-07-09,2026-07-09 11:13:56,V018,115.0,0.9579996898389699
2026-07-09,2026-07-09 11:13:57,V018,116.0,0.9556094938530824
2026-07-09,2026-07-09 11:13:58,V018,118.0,1.015009477712938
2026-07-09,2026-07-09 11:13:59,V018,119.0,0.979590334750698
2026-07-09,2026-07-09 11:14:00,V018,120.0,0.9805389696761605
2026-07-09,2026-07-09 11:14:01,V018,121.0,0.977417175276445
2026-07-09,2026-07-09 11:14:02,V018,121.0,0.976197837313688
2026-07-09,2026-07-09 11:14:03,V018,122.0,0.9780350590882718
2026-07-09,2026-07-09 11:14:04,V018,122.0,0.9785494524997489
2026-07-09,2026-07-09 11:14:05,V018,122.0,0.9777164106604106
2026-07-09,2026-07-09 11:14:06,V018,122.0,0.9789456073958589
2026-07-09,2026-07-09 11:14:07,V018,122.0,0.97836583422181
2026-07-09,2026-07-09 11:14:08,V018,122.0,0.9793504864999424
2026-07-09,2026-07-09 11:14:09,V018,122.0,0.9787550965872706
2026-07-09,2026-07-09 11:14:10,V018,123.0,0.979865445595845
2026-07-09,2026-07-09 11:14:11,V018,123.0,0.9784765867800322
2026-07-09,2026-07-09 11:14:12,V018,124.0,0.9778845927344144
2026-07-09,2026-07-09 11:14:13,V018,124.0,0.9812363597527541
2026-07-09,2026-07-09 11:14:14,V018,125.0,0.9781745012210137
2026-07-09,2026-07-09 11:14:15,V018,125.0,0.9810722869631072
2026-07-09,2026-07-09 11:14:16,V018,126.0,0.9872221897629245
2026-07-09,2026-07-09 11:14:17,V018,126.0,0.9843759748414167
2026-07-09,2026-07-09 11:14:18,V018,126.0,0.9829881423572999
2026-07-09,2026-07-09 11:14:19,V018,126.0,0.9850951884136544
2026-07-09,2026-07-09 11:14:20,V018,125.0,0.9780174794400828
2026-07-09,2026-07-09 11:14:21,V018,125.0,0.9853069568551557
2026-07-09,2026-07-09 11:14:22,V018,125.0,0.9849970364616518
2026-07-09,2026-07-09 11:14:23,V018,125.0,0.9837050867127273
2026-07-09,2026-07-09 11:14:24,V018,125.0,0.9918405391300521
2026-07-09,2026-07-09 11:14:25,V018,124.0,0.9909876317688743
2026-07-09,2026-07-09 11:14:26,V018,124.0,0.9811327198770535
2026-07-09,2026-07-09 11:14:27,V018,123.0,0.989868437609494
2026-07-09,2026-07-09 11:14:28,V018,124.0,0.9844738108055867
2026-07-09,2026-07-09 11:14:29,V018,124.0,0.9866550024356089
2026-07-09,2026-07-09 11:14:30,V018,125.0,0.9852116885626389
2026-07-09,2026-07-09 11:14:31,V018,126.0,0.9852381238959206
2026-07-09,2026-07-09 11:14:32,V018,127.0,0.9851788252317109
2026-07-09,2026-07-09 11:14:33,V018,128.0,0.9855505582115952
2026-07-09,2026-07-09 11:14:34,V018,127.0,0.985172399387303
2026-07-09,2026-07-09 11:14:35,V018,127.0,0.985069149949324
2026-07-09,2026-07-09 11:14:36,V018,127.0,0.9775948523139238
2026-07-09,2026-07-09 11:14:37,V018,126.0,0.9856332261443201
2026-07-09,2026-07-09 11:14:38,V018,126.0,0.9840105421871878
2026-07-09,2026-07-09 11:14:39,V018,125.0,0.9831084445144506
2026-07-09,2026-07-09 11:14:40,V018,125.0,0.9846424014541404
2026-07-09,2026-07-09 11:14:41,V018,125.0,0.984058208297786
2026-07-09,2026-07-09 11:14:42,V018,124.0,0.9841691369072908
2026-07-09,2026-07-09 11:14:43,V018,124.0,0.9867869054365603
2026-07-09,2026-07-09 11:14:44,V018,123.0,0.9905068563363404
2026-07-09,2026-07-09 11:14:45,V018,122.0,0.9858593560911533
2026-07-09,2026-07-09 11:14:46,V018,120.0,0.9839208519726702
2026-07-09,2026-07-09 11:14:47,V018,119.0,0.9844800893610631
2026-07-09,2026-07-09 11:14:48,V018,118.0,0.9826365803351951
2026-07-09,2026-07-09 11:14:49,V018,118.0,0.9847282484260452
2026-07-09,2026-07-09 11:14:50,V018,117.0,0.9872054497262146
2026-07-09,2026-07-09 11:14:51,V018,116.0,0.9855742267831158
2026-07-09,2026-07-09 11:14:52,V018,117.0,0.9850682811662471
2026-07-09,2026-07-09 11:14:53,V018,118.0,0.9853571099841272
2026-07-09,2026-07-09 11:14:54,V018,119.0,0.984890839304362
2026-07-09,2026-07-09 11:14:55,V018,120.0,0.9842343694987049
2026-07-09,2026-07-09 11:14:56,V018,121.0,0.9866043331966154
2026-07-09,2026-07-09 11:14:57,V018,121.0,0.9889730971076341
2026-07-09,2026-07-09 11:14:58,V018,120.0,0.9844036587574356
2026-07-09,2026-07-09 11:14:59,V018,118.0,0.9828292679924797
2026-07-09,2026-07-09 11:15:00,V018,117.0,0.9994014248277887
2026-07-09,2026-07-09 11:15:01,V018,115.0,0.9764842576141117
2026-07-09,2026-07-09 11:15:02,V018,115.0,1.03923106541877
2026-07-09,2026-07-09 11:15:03,V018,114.0,0.9438999254284723
2026-07-09,2026-07-09 11:15:04,V018,115.0,1.0096960543344766
2026-07-09,2026-07-09 11:15:05,V018,116.0,1.1682449006014028
2026-07-09,2026-07-09 11:15:06,V018,117.0,0.9185711456446507
2026-07-09,2026-07-09 11:15:07,V018,117.0,0.9772672010883393
2026-07-09,2026-07-09 11:15:08,V018,118.0,1.0230546013935584
2026-07-09,2026-07-09 11:15:09,V018,118.0,1.0293382889573623
2026-07-09,2026-07-09 11:15:10,V018,118.0,1.0099102204582828
2026-07-09,2026-07-09 11:15:11,V018,119.0,1.0066127705635142
2026-07-09,2026-07-09 11:15:12,V018,118.0,1.005097727642346
2026-07-09,2026-07-09 11:15:13,V018,118.0,1.033200220153548
2026-07-09,2026-07-09 11:15:14,V018,118.0,0.9875227203448047
2026-07-09,2026-07-09 11:15:15,V018,117.0,1.0108909571845819
2026-07-09,2026-07-09 11:15:16,V018,118.0,1.0229468522678968
2026-07-09,2026-07-09 11:15:17,V018,118.0,1.0189516287101577
2026-07-09,2026-07-09 11:15:18,V018,118.0,0.9747965067552986
2026-07-09,2026-07-09 11:15:19,V018,118.0,0.9985280007765467
2026-07-09,2026-07-09 11:15:20,V018,118.0,1.0222946653678517
2026-07-09,2026-07-09 11:15:21,V018,118.0,0.9961582659854628
2026-07-09,2026-07-09 11:15:22,V018,119.0,0.9845754676690344
2026-07-09,2026-07-09 11:15:23,V018,119.0,1.053619667728719
2026-07-09,2026-07-09 11:15:24,V018,120.0,1.1944054298502202
2026-07-09,2026-07-09 11:15:25,V018,120.0,1.172620084771422
2026-07-09,2026-07-09 11:15:26,V018,122.0,1.0491344730467018
2026-07-09,2026-07-09 11:15:27,V018,123.0,1.0296201121452013
2026-07-09,2026-07-09 11:15:28,V018,127.0,0.9901000921348901
2026-07-09,2026-07-09 11:15:29,V018,129.0,1.0363244949258814
2026-07-09,2026-07-09 11:15:30,V018,131.0,0.973238182257956
2026-07-09,2026-07-09 11:15:31,V018,133.0,1.0100513518684449
2026-07-09,2026-07-09 11:15:32,V018,134.0,0.9880617591928436
2026-07-09,2026-07-09 11:15:33,V018,134.0,0.9852097882000835
2026-07-09,2026-07-09 11:15:34,V018,135.0,0.9916213258106049
2026-07-09,2026-07-09 11:15:35,V018,135.0,1.0572318735255732
2026-07-09,2026-07-09 11:15:36,V018,135.0,1.050150755795803
2026-07-09,2026-07-09 11:15:37,V018,134.0,0.9990118556117168
2026-07-09,2026-07-09 11:15:38,V018,134.0,0.9938339499232691
2026-07-09,2026-07-09 11:15:39,V018,134.0,1.0026492731434633
2026-07-09,2026-07-09 11:15:40,V018,134.0,0.9825015435917416
2026-07-09,2026-07-09 11:15:41,V018,134.0,0.9869055551169515
2026-07-09,2026-07-09 11:15:42,V018,134.0,0.995627816658738
2026-07-09,2026-07-09 11:15:43,V018,134.0,0.9842331938454029
2026-07-09,2026-07-09 11:15:44,V018,134.0,1.0000774505966603
2026-07-09,2026-07-09 11:15:45,V018,133.0,0.9843714570897177
2026-07-09,2026-07-09 11:15:46,V018,133.0,1.0391160737217568
2026-07-09,2026-07-09 11:15:47,V018,133.0,1.5324860296620066
2026-07-09,2026-07-09 11:15:48,V018,133.0,1.0186252028615754
2026-07-09,2026-07-09 11:15:49,V018,133.0,1.0711538054284349
2026-07-09,2026-07-09 11:15:50,V018,134.0,1.024655265569531
2026-07-09,2026-07-09 11:15:51,V018,134.0,1.0199185868329343
2026-07-09,2026-07-09 11:15:52,V018,135.0,1.0303961713378902
2026-07-09,2026-07-09 11:15:53,V018,136.0,1.0031388104997505
2026-07-09,2026-07-09 11:15:54,V018,137.0,1.064563739494352
2026-07-09,2026-07-09 11:15:55,V018,138.0,1.011865116648564
2026-07-09,2026-07-09 11:15:56,V018,139.0,1.0251902596984015
2026-07-09,2026-07-09 11:15:57,V018,140.0,0.9719010462085322
2026-07-09,2026-07-09 11:15:58,V018,140.0,0.9790563400882679
2026-07-09,2026-07-09 11:15:59,V018,141.0,0.9883634652504659
2026-07-09,2026-07-09 11:16:00,V018,141.0,1.0169205006427808
2026-07-09,2026-07-09 11:16:01,V018,141.0,0.9563196073111935
2026-07-09,2026-07-09 11:16:02,V018,141.0,1.1620255209704071
2026-07-09,2026-07-09 11:16:03,V018,141.0,1.0256770163365778
2026-07-09,2026-07-09 11:16:04,V018,141.0,1.007125311906572
2026-07-09,2026-07-09 11:16:05,V018,141.0,1.0002539714628207
2026-07-09,2026-07-09 11:16:06,V018,140.0,0.9902179758628443
2026-07-09,2026-07-09 11:16:07,V018,140.0,1.00594519526726
2026-07-09,2026-07-09 11:16:08,V018,139.0,0.9838994139645388
2026-07-09,2026-07-09 11:16:09,V018,138.0,1.0020289973919674
2026-07-09,2026-07-09 11:16:10,V018,137.0,1.1342446679449916
2026-07-09,2026-07-09 11:16:11,V018,136.0,0.9555261284565616
2026-07-09,2026-07-09 11:16:12,V018,136.0,1.0366457242889282
2026-07-09,2026-07-09 11:16:13,V018,135.0,1.5487227496272573
2026-07-09,2026-07-09 11:16:14,V018,134.0,2.2633573228222335
2026-07-09,2026-07-09 11:16:15,V018,133.0,1.6342135387238717
2026-07-09,2026-07-09 11:16:16,V018,133.0,1.3646395567940894
2026-07-09,2026-07-09 11:16:17,V018,132.0,1.4268295477353774
2026-07-09,2026-07-09 11:16:18,V018,132.0,1.2398247080936848
2026-07-09,2026-07-09 11:16:19,V018,133.0,1.8517101840372923
2026-07-09,2026-07-09 11:16:20,V018,134.0,1.9138602431201899
2026-07-09,2026-07-09 11:16:21,V018,134.0,1.4606831253012946
2026-07-09,2026-07-09 11:16:22,V018,135.0,1.4696551502054955
2026-07-09,2026-07-09 11:16:23,V018,136.0,1.6133480500757982
2026-07-09,2026-07-09 11:16:24,V018,136.0,1.0930488210145168
2026-07-09,2026-07-09 11:16:25,V018,136.0,1.2350530179937587
2026-07-09,2026-07-09 11:16:26,V018,136.0,1.5000781631386344
2026-07-09,2026-07-09 11:16:27,V018,136.0,1.4834708881959882
2026-07-09,2026-07-09 11:16:28,V018,137.0,1.1138934131844613
2026-07-09,2026-07-09 11:16:29,V018,137.0,1.037628832050926
2026-07-09,2026-07-09 11:16:30,V018,138.0,0.9954688049309077
2026-07-09,2026-07-09 11:16:31,V018,138.0,1.0147037304294106
2026-07-09,2026-07-09 11:16:32,V018,138.0,1.0936490090362891
2026-07-09,2026-07-09 11:16:33,V018,138.0,1.039508948650208
2026-07-09,2026-07-09 11:16:34,V018,137.0,1.1255830136515663
2026-07-09,2026-07-09 11:16:35,V018,137.0,1.7979328251725526
2026-07-09,2026-07-09 11:16:36,V018,137.0,1.641926642911716
2026-07-09,2026-07-09 11:16:37,V018,137.0,1.051672724492356
2026-07-09,2026-07-09 11:16:38,V018,138.0,1.5691500612781075
2026-07-09,2026-07-09 11:16:39,V018,138.0,1.051551012296073
2026-07-09,2026-07-09 11:16:40,V018,139.0,1.0725930543335929
2026-07-09,2026-07-09 11:16:41,V018,140.0,1.0083379258575391
2026-07-09,2026-07-09 11:16:42,V018,140.0,0.9989694576802548
2026-07-09,2026-07-09 11:16:43,V018,141.0,0.9946585102861726
2026-07-09,2026-07-09 11:16:44,V018,142.0,0.9932463842600125
2026-07-09,2026-07-09 11:16:45,V018,142.0,1.0022123300519072
2026-07-09,2026-07-09 11:16:46,V018,144.0,1.0184418305174898
2026-07-09,2026-07-09 11:16:47,V018,145.0,0.9712516025378868
2026-07-09,2026-07-09 11:16:48,V018,146.0,1.0272949772466284
2026-07-09,2026-07-09 11:16:49,V018,147.0,1.1392168016612685
2026-07-09,2026-07-09 11:16:50,V018,147.0,1.0370432442969746
2026-07-09,2026-07-09 11:16:51,V018,147.0,0.9993503912321483
2026-07-09,2026-07-09 11:16:52,V018,147.0,0.997513407834232
2026-07-09,2026-07-09 11:16:53,V018,147.0,0.992570608727684
2026-07-09,2026-07-09 11:16:54,V018,147.0,1.0020346894919754
2026-07-09,2026-07-09 11:16:55,V018,147.0,0.9961935648957307
2026-07-09,2026-07-09 11:16:56,V018,147.0,0.9732670617498296
2026-07-09,2026-07-09 11:16:57,V018,147.0,0.9776486829936624
2026-07-09,2026-07-09 11:16:58,V018,147.0,1.0294405605337698
2026-07-09,2026-07-09 11:16:59,V018,147.0,1.0246207734287336
2026-07-09,2026-07-09 11:17:00,V018,146.0,1.0391094746516836
2026-07-09,2026-07-09 11:17:01,V018,146.0,1.9730130225768119
2026-07-09,2026-07-09 11:17:02,V018,146.0,1.0037706703046725
2026-07-09,2026-07-09 11:17:03,V018,146.0,1.035459595694611
2026-07-09,2026-07-09 11:17:04,V018,147.0,0.9713251618683594
2026-07-09,2026-07-09 11:17:05,V018,148.0,0.9628253858657093
2026-07-09,2026-07-09 11:17:06,V018,148.0,0.9888410763504605
2026-07-09,2026-07-09 11:17:07,V018,148.0,0.9766571629469422
2026-07-09,2026-07-09 11:17:08,V018,148.0,0.9998777282128838
2026-07-09,2026-07-09 11:17:09,V018,148.0,0.9808244599143463
2026-07-09,2026-07-09 11:17:10,V018,148.0,0.9960539497718666
2026-07-09,2026-07-09 11:17:11,V018,147.0,1.001533245777843
2026-07-09,2026-07-09 11:17:12,V018,146.0,1.0456719450577237
2026-07-09,2026-07-09 11:17:13,V018,146.0,1.0291282889706024
2026-07-09,2026-07-09 11:17:14,V018,145.0,1.014913788288162
2026-07-09,2026-07-09 11:17:15,V018,144.0,0.9900265712899867
2026-07-09,2026-07-09 11:17:16,V018,143.0,0.9802910587642246
2026-07-09,2026-07-09 11:17:17,V018,142.0,1.00617476518463
2026-07-09,2026-07-09 11:17:18,V018,142.0,0.9795823939484937
2026-07-09,2026-07-09 11:17:19,V018,141.0,1.0101465190400791
2026-07-09,2026-07-09 11:17:20,V018,140.0,0.9733060159690696
2026-07-09,2026-07-09 11:17:21,V018,139.0,0.9839281494870727
2026-07-09,2026-07-09 11:17:22,V018,138.0,1.002913343178034
2026-07-09,2026-07-09 11:17:23,V018,138.0,0.9759405260595874
2026-07-09,2026-07-09 11:17:24,V018,137.0,1.0230824367085816
2026-07-09,2026-07-09 11:17:25,V018,137.0,0.9666791226638266
2026-07-09,2026-07-09 11:17:26,V018,136.0,0.9782455278574369
2026-07-09,2026-07-09 11:17:27,V018,135.0,0.9880094248880886
2026-07-09,2026-07-09 11:17:28,V018,134.0,0.976638489789117
2026-07-09,2026-07-09 11:17:29,V018,133.0,0.9844130824705603
2026-07-09,2026-07-09 11:17:30,V018,131.0,0.9808610747058224
2026-07-09,2026-07-09 11:17:31,V018,130.0,0.9882264034314096
2026-07-09,2026-07-09 11:17:32,V018,129.0,0.9801320105805817
2026-07-09,2026-07-09 11:17:33,V018,129.0,0.9817302986520483
2026-07-09,2026-07-09 11:17:34,V018,127.0,0.9856667488365689
2026-07-09,2026-07-09 11:17:35,V018,127.0,0.9924028782868352
2026-07-09,2026-07-09 11:17:36,V018,125.0,0.9829641949499224
2026-07-09,2026-07-09 11:17:37,V018,125.0,0.9814548732826103
2026-07-09,2026-07-09 11:17:38,V018,124.0,0.9853139563425207
2026-07-09,2026-07-09 11:17:39,V018,123.0,0.9970908139195818
2026-07-09,2026-07-09 11:17:40,V018,122.0,1.0112694504011785
2026-07-09,2026-07-09 11:17:41,V018,121.0,0.9957371905198721
2026-07-09,2026-07-09 11:17:42,V018,121.0,0.9827452720054061
2026-07-09,2026-07-09 11:17:43,V018,121.0,0.9800338443857346
2026-07-09,2026-07-09 11:17:44,V018,121.0,0.9936985649442691
2026-07-09,2026-07-09 11:17:45,V018,121.0,0.9741852127508375
2026-07-09,2026-07-09 11:17:46,V018,121.0,0.9879128312011398
2026-07-09,2026-07-09 11:17:47,V018,121.0,0.985121837082817
2026-07-09,2026-07-09 11:17:48,V018,122.0,0.9895719002664155
2026-07-09,2026-07-09 11:17:49,V018,122.0,0.9846263776541302
2026-07-09,2026-07-09 11:17:50,V018,123.0,0.9893378830159912
2026-07-09,2026-07-09 11:17:51,V018,123.0,0.9871199828159842
2026-07-09,2026-07-09 11:17:52,V018,124.0,0.9945079256485873
2026-07-09,2026-07-09 11:17:53,V018,124.0,0.9826202963187233
2026-07-09,2026-07-09 11:17:54,V018,125.0,0.9839533345037915
2026-07-09,2026-07-09 11:17:55,V018,126.0,0.9824051872961491
2026-07-09,2026-07-09 11:17:56,V018,125.0,0.9885314774124382
2026-07-09,2026-07-09 11:17:57,V018,124.0,0.9821047348971527
2026-07-09,2026-07-09 11:17:58,V018,124.0,0.9897697041761305
2026-07-09,2026-07-09 11:17:59,V018,123.0,0.9964786077742213
2026-07-09,2026-07-09 11:18:00,V018,123.0,0.9995468016895935
2026-07-09,2026-07-09 11:18:01,V018,122.0,0.9935509071363766
2026-07-09,2026-07-09 11:18:02,V018,122.0,0.9733169694404722
2026-07-09,2026-07-09 11:18:03,V018,122.0,1.3241594259865868
2026-07-09,2026-07-09 11:18:04,V018,121.0,1.0652585840322135
2026-07-09,2026-07-09 11:18:05,V018,121.0,0.9783516546744483
2026-07-09,2026-07-09 11:18:06,V018,121.0,0.9877558843897195
2026-07-09,2026-07-09 11:18:07,V018,121.0,0.9897627731943
2026-07-09,2026-07-09 11:18:08,V018,120.0,1.0040534571145963
2026-07-09,2026-07-09 11:18:09,V018,120.0,1.0751236825791597
2026-07-09,2026-07-09 11:18:10,V018,120.0,1.155110961285985
2026-07-09,2026-07-09 11:18:11,V018,120.0,1.1653855048895876
2026-07-09,2026-07-09 11:18:12,V018,121.0,1.0064560859983216
2026-07-09,2026-07-09 11:18:13,V018,122.0,1.027629171566747
2026-07-09,2026-07-09 11:18:14,V018,123.0,1.0145400804538813
2026-07-09,2026-07-09 11:18:15,V018,123.0,0.9951509332246558
2026-07-09,2026-07-09 11:18:16,V018,124.0,1.013751676426679
2026-07-09,2026-07-09 11:18:17,V018,125.0,0.9897098182219389
2026-07-09,2026-07-09 11:18:18,V018,125.0,1.0093011337576174
2026-07-09,2026-07-09 11:18:19,V018,126.0,0.9821297443676174
2026-07-09,2026-07-09 11:18:20,V018,127.0,1.006131815790785
2026-07-09,2026-07-09 11:18:21,V018,127.0,0.9842343039486355
2026-07-09,2026-07-09 11:18:22,V018,127.0,0.9921629009116538
2026-07-09,2026-07-09 11:18:23,V018,127.0,1.0186001801170121
2026-07-09,2026-07-09 11:18:24,V018,127.0,0.9658584079530619
2026-07-09,2026-07-09 11:18:25,V018,126.0,0.9985456239389517
2026-07-09,2026-07-09 11:18:26,V018,127.0,0.9850800104269848
2026-07-09,2026-07-09 11:18:27,V018,127.0,1.0053604964354488
2026-07-09,2026-07-09 11:18:28,V018,126.0,1.025805774604515
2026-07-09,2026-07-09 11:18:29,V018,125.0,0.9804080754974378
2026-07-09,2026-07-09 11:18:30,V018,124.0,0.9700626390427534
2026-07-09,2026-07-09 11:18:31,V018,124.0,0.9862055342509228
2026-07-09,2026-07-09 11:18:32,V018,122.0,0.9813497751540807
2026-07-09,2026-07-09 11:18:33,V018,122.0,0.981172008204445
2026-07-09,2026-07-09 11:18:34,V018,121.0,0.9889926344714127
2026-07-09,2026-07-09 11:18:35,V018,120.0,0.983083863150061
2026-07-09,2026-07-09 11:18:36,V018,120.0,0.9999140298746857
2026-07-09,2026-07-09 11:18:37,V018,119.0,1.0020683232091714
2026-07-09,2026-07-09 11:18:38,V018,119.0,0.9854739206993278
2026-07-09,2026-07-09 11:18:39,V018,118.0,0.9970607512189141
2026-07-09,2026-07-09 11:18:40,V018,118.0,1.0157894458195555
2026-07-09,2026-07-09 11:18:41,V018,118.0,0.9964492819686133
2026-07-09,2026-07-09 11:18:42,V018,117.0,1.0264610993636725
2026-07-09,2026-07-09 11:18:43,V018,117.0,1.0207164992121478
2026-07-09,2026-07-09 11:18:44,V018,116.0,1.0136136210983782
2026-07-09,2026-07-09 11:18:45,V018,115.0,1.0095988630041182
2026-07-09,2026-07-09 11:18:46,V018,115.0,1.0073637967220932
2026-07-09,2026-07-09 11:18:47,V018,114.0,0.9908855945415567
2026-07-09,2026-07-09 11:18:48,V018,115.0,0.9823393649644511
2026-07-09,2026-07-09 11:18:49,V018,115.0,1.0122459196053895
2026-07-09,2026-07-09 11:18:50,V018,116.0,1.0241320874036393
2026-07-09,2026-07-09 11:18:51,V018,116.0,0.9929914348718331
2026-07-09,2026-07-09 11:18:52,V018,117.0,0.9855321803127575
2026-07-09,2026-07-09 11:18:53,V018,118.0,0.9877073290942372
2026-07-09,2026-07-09 11:18:54,V018,119.0,1.0219264698759378
2026-07-09,2026-07-09 11:18:55,V018,119.0,0.9769034967306567
2026-07-09,2026-07-09 11:18:56,V018,119.0,0.984416155467444
2026-07-09,2026-07-09 11:18:57,V018,119.0,1.0191713356187406
2026-07-09,2026-07-09 11:18:58,V018,118.0,0.9875135659849055
2026-07-09,2026-07-09 11:18:59,V018,118.0,1.0130902330295353
2026-07-09,2026-07-09 11:19:00,V018,117.0,0.9781019077010904
2026-07-09,2026-07-09 11:19:01,V018,117.0,1.0536390099462516
2026-07-09,2026-07-09 11:19:02,V018,117.0,1.0087620954563763
2026-07-09,2026-07-09 11:19:03,V018,117.0,1.0016977767212014
2026-07-09,2026-07-09 11:19:04,V018,116.0,0.971877968819786
2026-07-09,2026-07-09 11:19:05,V018,116.0,0.9863411105393478
2026-07-09,2026-07-09 11:19:06,V018,117.0,0.9803191503217518
2026-07-09,2026-07-09 11:19:07,V018,118.0,0.9754357703070825
2026-07-09,2026-07-09 11:19:08,V018,118.0,0.9907727701942881
2026-07-09,2026-07-09 11:19:09,V018,119.0,0.9747915918904131
2026-07-09,2026-07-09 11:19:10,V018,120.0,0.9961289467343244
2026-07-09,2026-07-09 11:19:11,V018,120.0,0.9913022916215624
2026-07-09,2026-07-09 11:19:12,V018,121.0,0.9822166354995224
2026-07-09,2026-07-09 11:19:13,V018,122.0,0.9754494231598595
2026-07-09,2026-07-09 11:19:14,V018,123.0,1.0046177253260913
2026-07-09,2026-07-09 11:19:15,V018,124.0,0.9932399651894602
2026-07-09,2026-07-09 11:19:16,V018,125.0,0.9929030439492613
2026-07-09,2026-07-09 11:19:17,V018,126.0,0.9933918948427192
2026-07-09,2026-07-09 11:19:18,V018,127.0,1.049849041942318
2026-07-09,2026-07-09 11:19:19,V018,128.0,0.9976541721500533
2026-07-09,2026-07-09 11:19:20,V018,129.0,1.0014867697397702
2026-07-09,2026-07-09 11:19:21,V018,129.0,0.9785773645089653
2026-07-09,2026-07-09 11:19:22,V018,130.0,1.0091571684598497
2026-07-09,2026-07-09 11:19:23,V018,130.0,0.9770524908302519
2026-07-09,2026-07-09 11:19:24,V018,130.0,0.9793952600727556
2026-07-09,2026-07-09 11:19:25,V018,130.0,0.9781826353443007
2026-07-09,2026-07-09 11:19:26,V018,130.0,0.9778544390931799
2026-07-09,2026-07-09 11:19:27,V018,129.0,0.9785285302448439
2026-07-09,2026-07-09 11:19:28,V018,128.0,0.9845137394133472
2026-07-09,2026-07-09 11:19:29,V018,128.0,0.9739519424129095
2026-07-09,2026-07-09 11:19:30,V018,128.0,0.9794618905660024
2026-07-09,2026-07-09 11:19:31,V018,127.0,0.9736324794555005
2026-07-09,2026-07-09 11:19:32,V018,127.0,0.9876207213690119
2026-07-09,2026-07-09 11:19:33,V018,126.0,0.9845497146572146
2026-07-09,2026-07-09 11:19:34,V018,126.0,0.9831277290115765
2026-07-09,2026-07-09 11:19:35,V018,126.0,0.9883550848482473
2026-07-09,2026-07-09 11:19:36,V018,125.0,0.9791195600263155
2026-07-09,2026-07-09 11:19:37,V018,125.0,0.9878562262572339
2026-07-09,2026-07-09 11:19:38,V018,124.0,0.9850968296522835
2026-07-09,2026-07-09 11:19:39,V018,124.0,0.9789912492266034
2026-07-09,2026-07-09 11:19:40,V018,123.0,0.9864799418801652
2026-07-09,2026-07-09 11:19:41,V018,123.0,0.9810982662603952
2026-07-09,2026-07-09 11:19:42,V018,122.0,0.9790155083786178
2026-07-09,2026-07-09 11:19:43,V018,122.0,0.9792795284191825
2026-07-09,2026-07-09 11:19:44,V018,122.0,0.9810832075565875
2026-07-09,2026-07-09 11:19:45,V018,122.0,0.985343099331629
2026-07-09,2026-07-09 11:19:46,V018,122.0,0.9694648303265126
2026-07-09,2026-07-09 11:19:47,V018,122.0,1.0047895925555304
2026-07-09,2026-07-09 11:19:48,V018,122.0,1.0103089150977325
2026-07-09,2026-07-09 11:19:49,V018,123.0,0.9594587597371187
2026-07-09,2026-07-09 11:19:50,V018,123.0,1.0066519855278153
2026-07-09,2026-07-09 11:19:51,V018,124.0,0.9722123201767894
2026-07-09,2026-07-09 11:19:52,V018,124.0,0.9822850653131856
2026-07-09,2026-07-09 11:19:53,V018,124.0,0.9954430865996517
2026-07-09,2026-07-09 11:19:54,V018,123.0,0.9893622399660085
2026-07-09,2026-07-09 11:19:55,V018,123.0,0.9923838488559984
2026-07-09,2026-07-09 11:19:56,V018,124.0,0.9782416421785791
2026-07-09,2026-07-09 11:19:57,V018,125.0,0.9833903269432539
2026-07-09,2026-07-09 11:19:58,V018,124.0,0.9918909436003963
2026-07-09,2026-07-09 11:19:59,V018,124.0,0.9810032143623996
2026-07-09,2026-07-09 11:20:00,V018,123.0,1.005685473056821
2026-07-09,2026-07-09 11:20:01,V018,123.0,0.9788083828489463
2026-07-09,2026-07-09 11:20:02,V018,123.0,0.9812183184892441
2026-07-09,2026-07-09 11:20:03,V018,123.0,0.9804474714747194
2026-07-09,2026-07-09 11:20:04,V018,122.0,0.9792380083594812
2026-07-09,2026-07-09 11:20:05,V018,121.0,0.9796414699476316
2026-07-09,2026-07-09 11:20:06,V018,120.0,0.9804807300365649
2026-07-09,2026-07-09 11:20:07,V018,118.0,0.9833230297360777
2026-07-09,2026-07-09 11:20:08,V018,118.0,0.9731309555070511
2026-07-09,2026-07-09 11:20:09,V018,117.0,0.9763475808505014
2026-07-09,2026-07-09 11:20:10,V018,118.0,0.979211519150521
2026-07-09,2026-07-09 11:20:11,V018,118.0,0.9802085108669804
2026-07-09,2026-07-09 11:20:12,V018,119.0,0.9776108873384112
2026-07-09,2026-07-09 11:20:13,V018,119.0,0.9813213770126665
2026-07-09,2026-07-09 11:20:14,V018,120.0,0.9800503307861553
2026-07-09,2026-07-09 11:20:15,V018,121.0,0.9819356911253186
2026-07-09,2026-07-09 11:20:16,V018,122.0,0.9821473135950631
2026-07-09,2026-07-09 11:20:17,V018,123.0,0.985449302780542
2026-07-09,2026-07-09 11:20:18,V018,124.0,0.9808888749700452
2026-07-09,2026-07-09 11:20:19,V018,124.0,0.9774101164307178
2026-07-09,2026-07-09 11:20:20,V018,125.0,0.9947196579998302
2026-07-09,2026-07-09 11:20:21,V018,125.0,0.9870456744702211
2026-07-09,2026-07-09 11:20:22,V018,124.0,0.9891130084717132
2026-07-09,2026-07-09 11:20:23,V018,123.0,0.9794869157025856
2026-07-09,2026-07-09 11:20:24,V018,122.0,0.9889179356575601
2026-07-09,2026-07-09 11:20:25,V018,121.0,0.9818501730793701
2026-07-09,2026-07-09 11:20:26,V018,121.0,0.982606619303535
2026-07-09,2026-07-09 11:20:27,V018,121.0,0.9819560828724497
2026-07-09,2026-07-09 11:20:28,V018,120.0,0.9847661584521546
2026-07-09,2026-07-09 11:20:29,V018,120.0,0.9854818162316774
2026-07-09,2026-07-09 11:20:30,V018,119.0,0.9835340287229722
2026-07-09,2026-07-09 11:20:31,V018,119.0,0.9794927540015247
2026-07-09,2026-07-09 11:20:32,V018,118.0,0.9852302936032771
2026-07-09,2026-07-09 11:20:33,V018,118.0,0.9916682433919116
2026-07-09,2026-07-09 11:20:34,V018,117.0,0.9799376872936069
2026-07-09,2026-07-09 11:20:35,V018,116.0,1.0246660670886538
2026-07-09,2026-07-09 11:20:36,V018,115.0,0.9630262242849762
2026-07-09,2026-07-09 11:20:37,V018,115.0,0.990685776527835
2026-07-09,2026-07-09 11:20:38,V018,114.0,0.9908190268609833
2026-07-09,2026-07-09 11:20:39,V018,113.0,0.991557408122699
2026-07-09,2026-07-09 11:20:40,V018,112.0,0.9968511713768022
2026-07-09,2026-07-09 11:20:41,V018,112.0,1.0010523521895804
2026-07-09,2026-07-09 11:20:42,V018,112.0,1.0013608255591533
2026-07-09,2026-07-09 11:20:43,V018,111.0,1.0118425845614043
2026-07-09,2026-07-09 11:20:44,V018,112.0,1.0049336662520059
2026-07-09,2026-07-09 11:20:45,V018,113.0,0.9987646601215024
2026-07-09,2026-07-09 11:20:46,V018,114.0,0.9703041309301581
2026-07-09,2026-07-09 11:20:47,V018,115.0,1.040095421353813
2026-07-09,2026-07-09 11:20:48,V018,115.0,0.9912071565946151
2026-07-09,2026-07-09 11:20:49,V018,116.0,1.0017036370975576
2026-07-09,2026-07-09 11:20:50,V018,117.0,1.0317617018873588
2026-07-09,2026-07-09 11:20:51,V018,117.0,0.9872133582287879
2026-07-09,2026-07-09 11:20:52,V018,118.0,1.0202623382932554
2026-07-09,2026-07-09 11:20:53,V018,118.0,0.9523783617018575
2026-07-09,2026-07-09 11:20:54,V018,118.0,0.9820317379658906
2026-07-09,2026-07-09 11:20:55,V018,118.0,0.9526898475823852
2026-07-09,2026-07-09 11:20:56,V018,118.0,1.0381696511857397
2026-07-09,2026-07-09 11:20:57,V018,118.0,0.9806581348847702
2026-07-09,2026-07-09 11:20:58,V018,118.0,0.9790277687735239
2026-07-09,2026-07-09 11:20:59,V018,118.0,0.986000929193777
2026-07-09,2026-07-09 11:21:00,V018,118.0,0.9800719097419717
2026-07-09,2026-07-09 11:21:01,V018,118.0,0.9830712679258725
2026-07-09,2026-07-09 11:21:02,V018,118.0,0.9820132989040962
2026-07-09,2026-07-09 11:21:03,V018,118.0,0.9852298103781573
2026-07-09,2026-07-09 11:21:04,V018,119.0,0.9875012622831952
2026-07-09,2026-07-09 11:21:05,V018,119.0,0.9910784274383416
2026-07-09,2026-07-09 11:21:06,V018,120.0,0.9858206600939359
2026-07-09,2026-07-09 11:21:07,V018,120.0,0.9852125604222153
2026-07-09,2026-07-09 11:21:08,V018,121.0,0.985104075133071
2026-07-09,2026-07-09 11:21:09,V018,121.0,0.9851118370032892
2026-07-09,2026-07-09 11:21:10,V018,122.0,0.9846521259366013
2026-07-09,2026-07-09 11:21:11,V018,122.0,0.9845116872277299
2026-07-09,2026-07-09 11:21:12,V018,123.0,0.9844904366263068
2026-07-09,2026-07-09 11:21:13,V018,123.0,0.9848362761057404
2026-07-09,2026-07-09 11:21:14,V018,124.0,0.9828620762570847
2026-07-09,2026-07-09 11:21:15,V018,124.0,0.9905742728267257
2026-07-09,2026-07-09 11:21:16,V018,124.0,0.9933801372338277
2026-07-09,2026-07-09 11:21:17,V018,124.0,0.989730552127861
2026-07-09,2026-07-09 11:21:18,V018,124.0,0.991996079787124
2026-07-09,2026-07-09 11:21:19,V018,124.0,0.97836972696725
2026-07-09,2026-07-09 11:21:20,V018,123.0,1.0216018388588108
2026-07-09,2026-07-09 11:21:21,V018,123.0,0.9838378774278984
2026-07-09,2026-07-09 11:21:22,V018,123.0,0.9834022062670896
2026-07-09,2026-07-09 11:21:23,V018,122.0,0.9900009787333932
2026-07-09,2026-07-09 11:21:24,V018,122.0,0.9848921138807692
2026-07-09,2026-07-09 11:21:25,V018,122.0,0.9868321864514372
2026-07-09,2026-07-09 11:21:26,V018,121.0,0.9840857228870665
2026-07-09,2026-07-09 11:21:27,V018,121.0,0.9941253113563111
2026-07-09,2026-07-09 11:21:28,V018,121.0,0.9733882422512525
2026-07-09,2026-07-09 11:21:29,V018,121.0,0.976973544635849
2026-07-09,2026-07-09 11:21:30,V018,121.0,0.9779639864306157
2026-07-09,2026-07-09 11:21:31,V018,121.0,0.9775543134088305
2026-07-09,2026-07-09 11:21:32,V018,121.0,0.9762346471441532
2026-07-09,2026-07-09 11:21:33,V018,121.0,0.9787343212637537
2026-07-09,2026-07-09 11:21:34,V018,121.0,0.9804086341405654
2026-07-09,2026-07-09 11:21:35,V018,122.0,0.9813062904667609
2026-07-09,2026-07-09 11:21:36,V018,121.0,0.9837326259860305
2026-07-09,2026-07-09 11:21:37,V018,121.0,0.9782627546346101
2026-07-09,2026-07-09 11:21:38,V018,121.0,0.9803739928692682
2026-07-09,2026-07-09 11:21:39,V018,120.0,0.9820344863347525
2026-07-09,2026-07-09 11:21:40,V018,120.0,0.9803830678364625
2026-07-09,2026-07-09 11:21:41,V018,121.0,0.9803239708803151
2026-07-09,2026-07-09 11:21:42,V018,121.0,0.9801078309090723
2026-07-09,2026-07-09 11:21:43,V018,121.0,0.97955945971861
2026-07-09,2026-07-09 11:21:44,V018,122.0,0.9810866235570297
2026-07-09,2026-07-09 11:21:45,V018,122.0,0.9805399503649623
2026-07-09,2026-07-09 11:21:46,V018,123.0,0.9800403226163904
2026-07-09,2026-07-09 11:21:47,V018,123.0,0.9801538089233924
2026-07-09,2026-07-09 11:21:48,V018,123.0,0.981509810125719
2026-07-09,2026-07-09 11:21:49,V018,123.0,0.9843514374191852
2026-07-09,2026-07-09 11:21:50,V018,123.0,0.9849806475819496
2026-07-09,2026-07-09 11:21:51,V018,123.0,0.9948247029470597
2026-07-09,2026-07-09 11:21:52,V018,123.0,0.9778617579034939
2026-07-09,2026-07-09 11:21:53,V018,123.0,0.9819321506150601
2026-07-09,2026-07-09 11:21:54,V018,124.0,0.9796403097576377
2026-07-09,2026-07-09 11:21:55,V018,124.0,0.9827114454581721
2026-07-09,2026-07-09 11:21:56,V018,124.0,0.9820515943817294
2026-07-09,2026-07-09 11:21:57,V018,125.0,0.982540025585149
2026-07-09,2026-07-09 11:21:58,V018,125.0,0.9808089936144215
2026-07-09,2026-07-09 11:21:59,V018,126.0,0.981810641192348
2026-07-09,2026-07-09 11:22:00,V018,127.0,0.9823667044925002
2026-07-09,2026-07-09 11:22:01,V018,127.0,0.9821054152878779
2026-07-09,2026-07-09 11:22:02,V018,128.0,0.9814776807520633
2026-07-09,2026-07-09 11:22:03,V018,128.0,0.9833118965035383
2026-07-09,2026-07-09 11:22:04,V018,129.0,0.9785714593984212
2026-07-09,2026-07-09 11:22:05,V018,130.0,0.9878954898607453
2026-07-09,2026-07-09 11:22:06,V018,129.0,0.9786286965820983
2026-07-09,2026-07-09 11:22:07,V018,128.0,0.9854098793930214
2026-07-09,2026-07-09 11:22:08,V018,127.0,0.9816424730164555
2026-07-09,2026-07-09 11:22:09,V018,126.0,0.9810217397284396
2026-07-09,2026-07-09 11:22:10,V018,125.0,0.9804013750250443
2026-07-09,2026-07-09 11:22:11,V018,123.0,0.9794253468475834
2026-07-09,2026-07-09 11:22:12,V018,121.0,0.9824145940420682
2026-07-09,2026-07-09 11:22:13,V018,120.0,0.9810929681178867
2026-07-09,2026-07-09 11:22:14,V018,120.0,0.9818411418083769
2026-07-09,2026-07-09 11:22:15,V018,120.0,0.9776913794774857
2026-07-09,2026-07-09 11:22:16,V018,121.0,1.1414666060594871
2026-07-09,2026-07-09 11:22:17,V018,121.0,0.9789150840961609
2026-07-09,2026-07-09 11:22:18,V018,122.0,0.9684741119683126
2026-07-09,2026-07-09 11:22:19,V018,123.0,1.0048460121814433
2026-07-09,2026-07-09 11:22:20,V018,124.0,0.9906077262653806
2026-07-09,2026-07-09 11:22:21,V018,125.0,0.9867242216221469
2026-07-09,2026-07-09 11:22:22,V018,125.0,0.9860749422441096
2026-07-09,2026-07-09 11:22:23,V018,125.0,0.9855644001932553
2026-07-09,2026-07-09 11:22:24,V018,125.0,0.9859983440766895
2026-07-09,2026-07-09 11:22:25,V018,125.0,0.9903589761501326
2026-07-09,2026-07-09 11:22:26,V018,125.0,0.9935928502254834
2026-07-09,2026-07-09 11:22:27,V018,124.0,0.9957557562160861
2026-07-09,2026-07-09 11:22:28,V018,122.0,0.9919718360033749
2026-07-09,2026-07-09 11:22:29,V018,121.0,1.000486148317997
2026-07-09,2026-07-09 11:22:30,V018,120.0,1.0024076874888388
2026-07-09,2026-07-09 11:22:31,V018,118.0,1.0366935832379325
2026-07-09,2026-07-09 11:22:32,V018,117.0,1.0037521321205478
2026-07-09,2026-07-09 11:22:33,V018,117.0,1.1694676700159023
2026-07-09,2026-07-09 11:22:34,V018,116.0,1.0390682747527955
2026-07-09,2026-07-09 11:22:35,V018,116.0,1.44950625225749
2026-07-09,2026-07-09 11:22:36,V018,117.0,2.0012540128107528
2026-07-09,2026-07-09 11:22:37,V018,117.0,1.1592563117893722
2026-07-09,2026-07-09 11:22:38,V018,118.0,1.123117017902386
2026-07-09,2026-07-09 11:22:39,V018,118.0,1.0464121110975166
2026-07-09,2026-07-09 11:22:40,V018,117.0,1.0783237280368718
2026-07-09,2026-07-09 11:22:41,V018,116.0,1.0189037799395224
2026-07-09,2026-07-09 11:22:42,V018,115.0,0.9694001398312697
2026-07-09,2026-07-09 11:22:43,V018,115.0,1.0059822029304168
2026-07-09,2026-07-09 11:22:44,V018,115.0,1.0043188379991896
2026-07-09,2026-07-09 11:22:45,V018,115.0,0.9969502723498578
2026-07-09,2026-07-09 11:22:46,V018,116.0,0.9855141255073298
2026-07-09,2026-07-09 11:22:47,V018,116.0,1.0214416427587985
2026-07-09,2026-07-09 11:22:48,V018,116.0,0.9796645303293302
2026-07-09,2026-07-09 11:22:49,V018,116.0,1.0279208846510497
2026-07-09,2026-07-09 11:22:50,V018,116.0,0.9974231013605214
2026-07-09,2026-07-09 11:22:51,V018,117.0,0.9938333919584447
2026-07-09,2026-07-09 11:22:52,V018,118.0,0.9822771349677832
2026-07-09,2026-07-09 11:22:53,V018,119.0,0.9855900678311603
2026-07-09,2026-07-09 11:22:54,V018,119.0,0.9674159010526996
2026-07-09,2026-07-09 11:22:55,V018,120.0,1.2580174985008399
2026-07-09,2026-07-09 11:22:56,V018,121.0,1.3173738144144496
2026-07-09,2026-07-09 11:22:57,V018,121.0,1.9281215650579622
2026-07-09,2026-07-09 11:22:58,V018,122.0,1.1133721287500808
2026-07-09,2026-07-09 11:22:59,V018,122.0,1.164704206965872
2026-07-09,2026-07-09 11:23:00,V018,123.0,1.3079548843837863
2026-07-09,2026-07-09 11:23:01,V018,124.0,1.1137512641639005
2026-07-09,2026-07-09 11:23:02,V018,125.0,1.0085529529704835
2026-07-09,2026-07-09 11:23:03,V018,126.0,1.07927896985787
2026-07-09,2026-07-09 11:23:04,V018,127.0,0.9851604981412209
2026-07-09,2026-07-09 11:23:05,V018,127.0,1.4466502075623335
2026-07-09,2026-07-09 11:23:06,V018,128.0,1.3226380614620088
2026-07-09,2026-07-09 11:23:07,V018,128.0,1.0915525020112635
2026-07-09,2026-07-09 11:23:08,V018,130.0,0.9239682510397288
2026-07-09,2026-07-09 11:23:09,V018,130.0,1.0121799074515136
2026-07-09,2026-07-09 11:23:10,V018,130.0,1.0210878303181556
2026-07-09,2026-07-09 11:23:11,V018,129.0,1.0267205885226274
2026-07-09,2026-07-09 11:23:12,V018,129.0,0.9303131557189199
2026-07-09,2026-07-09 11:23:13,V018,129.0,1.1082504913509943
2026-07-09,2026-07-09 11:23:14,V018,129.0,0.9847027585227754
2026-07-09,2026-07-09 11:23:15,V018,128.0,1.017680936597993
2026-07-09,2026-07-09 11:23:16,V018,129.0,0.9887081348276274
2026-07-09,2026-07-09 11:23:17,V018,129.0,0.9826181918164119
2026-07-09,2026-07-09 11:23:18,V018,130.0,1.048203561610459
2026-07-09,2026-07-09 11:23:19,V018,130.0,0.9932902151003791
2026-07-09,2026-07-09 11:23:20,V018,131.0,0.9963482462053942
2026-07-09,2026-07-09 11:23:21,V018,132.0,1.0095737274809393
2026-07-09,2026-07-09 11:23:22,V018,134.0,0.9831335579309445
2026-07-09,2026-07-09 11:23:23,V018,135.0,1.010949174199055
2026-07-09,2026-07-09 11:23:24,V018,136.0,1.1829464299169732
2026-07-09,2026-07-09 11:23:25,V018,137.0,0.9713674958464807
2026-07-09,2026-07-09 11:23:26,V018,138.0,1.0090235236523561
2026-07-09,2026-07-09 11:23:27,V018,138.0,1.0363393829533425
2026-07-09,2026-07-09 11:23:28,V018,138.0,0.996204082678749
2026-07-09,2026-07-09 11:23:29,V018,139.0,1.0182523803386534
2026-07-09,2026-07-09 11:23:30,V018,138.0,0.9926931737975082
2026-07-09,2026-07-09 11:23:31,V018,138.0,0.994970957752152
2026-07-09,2026-07-09 11:23:32,V018,137.0,1.1735936811595344
2026-07-09,2026-07-09 11:23:33,V018,137.0,1.0219451496060294
2026-07-09,2026-07-09 11:23:34,V018,136.0,0.981211436883564
2026-07-09,2026-07-09 11:23:35,V018,135.0,1.062262901327328
2026-07-09,2026-07-09 11:23:36,V018,134.0,0.9772973475019766
2026-07-09,2026-07-09 11:23:37,V018,133.0,1.0132482828196832
2026-07-09,2026-07-09 11:23:38,V018,133.0,1.0250350450172072
2026-07-09,2026-07-09 11:23:39,V018,132.0,1.0461904005597111
2026-07-09,2026-07-09 11:23:40,V018,131.0,0.9752277724723455
2026-07-09,2026-07-09 11:23:41,V018,131.0,1.0045767430260806
2026-07-09,2026-07-09 11:23:42,V018,130.0,0.9825833259115706
2026-07-09,2026-07-09 11:23:43,V018,129.0,1.0071905187742676
2026-07-09,2026-07-09 11:23:44,V018,129.0,0.9707778508282825
2026-07-09,2026-07-09 11:23:45,V018,128.0,1.0509489964039809
2026-07-09,2026-07-09 11:23:46,V018,128.0,1.2766958452950006
2026-07-09,2026-07-09 11:23:47,V018,128.0,1.1656915432379653
2026-07-09,2026-07-09 11:23:48,V018,128.0,1.020197333291546
2026-07-09,2026-07-09 11:23:49,V018,129.0,1.0081447541796376
2026-07-09,2026-07-09 11:23:50,V018,129.0,0.9847135332611846
2026-07-09,2026-07-09 11:23:51,V018,129.0,0.9971973496627102
2026-07-09,2026-07-09 11:23:52,V018,129.0,0.9807866444856262
2026-07-09,2026-07-09 11:23:53,V018,129.0,1.1130867670308549
2026-07-09,2026-07-09 11:23:54,V018,129.0,1.6531681076778424
2026-07-09,2026-07-09 11:23:55,V018,129.0,1.2235862063018048
2026-07-09,2026-07-09 11:23:56,V018,129.0,1.445599416353216
2026-07-09,2026-07-09 11:23:57,V018,129.0,1.3089129162890674
2026-07-09,2026-07-09 11:23:58,V018,129.0,1.0268951860609763
2026-07-09,2026-07-09 11:23:59,V018,129.0,1.0627842844272228
2026-07-09,2026-07-09 11:24:00,V018,130.0,1.0239359902977991
2026-07-09,2026-07-09 11:24:01,V018,130.0,0.9810116472720855
2026-07-09,2026-07-09 11:24:02,V018,130.0,1.0197906791038687
2026-07-09,2026-07-09 11:24:03,V018,130.0,0.9890186054455151
2026-07-09,2026-07-09 11:24:04,V018,130.0,1.007287302494283
2026-07-09,2026-07-09 11:24:05,V018,131.0,0.9881025672060532
2026-07-09,2026-07-09 11:24:06,V018,131.0,1.0018771138042895
2026-07-09,2026-07-09 11:24:07,V018,130.0,0.9825623398821084
2026-07-09,2026-07-09 11:24:08,V018,130.0,1.0774782818162163
2026-07-09,2026-07-09 11:24:09,V018,131.0,1.3598671380395078
2026-07-09,2026-07-09 11:24:10,V018,130.0,1.306883513321217
2026-07-09,2026-07-09 11:24:11,V018,130.0,1.1153456738834215
2026-07-09,2026-07-09 11:24:12,V018,130.0,0.9861926438245718
2026-07-09,2026-07-09 11:24:13,V018,129.0,1.001721183330358
2026-07-09,2026-07-09 11:24:14,V018,129.0,0.9472888141242882
2026-07-09,2026-07-09 11:24:15,V018,129.0,1.00346705507947
2026-07-09,2026-07-09 11:24:16,V018,128.0,1.0866340226680733
2026-07-09,2026-07-09 11:24:17,V018,128.0,1.034032721894702
2026-07-09,2026-07-09 11:24:18,V018,127.0,0.986333686272467
2026-07-09,2026-07-09 11:24:19,V018,127.0,1.0506424094345463
2026-07-09,2026-07-09 11:24:20,V018,126.0,1.0317700687148157
2026-07-09,2026-07-09 11:24:21,V018,126.0,0.9852427979944921
2026-07-09,2026-07-09 11:24:22,V018,126.0,0.963101880478411
2026-07-09,2026-07-09 11:24:23,V018,127.0,1.0167498799206014
2026-07-09,2026-07-09 11:24:24,V018,127.0,0.9898837902316453
2026-07-09,2026-07-09 11:24:25,V018,127.0,1.0886000799716076
2026-07-09,2026-07-09 11:24:26,V018,128.0,1.1351440104201471
2026-07-09,2026-07-09 11:24:27,V018,129.0,1.0094739695658852
2026-07-09,2026-07-09 11:24:28,V018,130.0,0.9793509962855931
2026-07-09,2026-07-09 11:24:29,V018,130.0,1.0116458562895514
2026-07-09,2026-07-09 11:24:30,V018,131.0,0.9855339085269403
2026-07-09,2026-07-09 11:24:31,V018,132.0,0.9871407993293304
2026-07-09,2026-07-09 11:24:32,V018,133.0,0.9924107332922725
2026-07-09,2026-07-09 11:24:33,V018,134.0,0.9918027866200313
2026-07-09,2026-07-09 11:24:34,V018,134.0,0.9765155759219686
2026-07-09,2026-07-09 11:24:35,V018,134.0,1.0041049261706307
2026-07-09,2026-07-09 11:24:36,V018,134.0,0.9769566982703423
2026-07-09,2026-07-09 11:24:37,V018,134.0,1.0079990652349722
2026-07-09,2026-07-09 11:24:38,V018,133.0,0.9815463472513922
2026-07-09,2026-07-09 11:24:39,V018,133.0,1.004822938523795
2026-07-09,2026-07-09 11:24:40,V018,132.0,0.9943640156977832
2026-07-09,2026-07-09 11:24:41,V018,132.0,1.0507258744101744
2026-07-09,2026-07-09 11:24:42,V018,132.0,0.9508122466652811
2026-07-09,2026-07-09 11:24:43,V018,131.0,1.0523380119966972
2026-07-09,2026-07-09 11:24:44,V018,131.0,0.9891738634496771
2026-07-09,2026-07-09 11:24:45,V018,130.0,1.0394369694670054
2026-07-09,2026-07-09 11:24:46,V018,130.0,0.9402738224964716
2026-07-09,2026-07-09 11:24:47,V018,129.0,0.9901670419535512
2026-07-09,2026-07-09 11:24:48,V018,129.0,1.044639422891479
2026-07-09,2026-07-09 11:24:49,V018,129.0,0.9878094609854481
2026-07-09,2026-07-09 11:24:50,V018,128.0,1.0327409553502034
2026-07-09,2026-07-09 11:24:51,V018,128.0,0.9753656358717133
2026-07-09,2026-07-09 11:24:52,V018,128.0,1.0007381892316791
2026-07-09,2026-07-09 11:24:53,V018,128.0,1.001943600285377
2026-07-09,2026-07-09 11:24:54,V018,128.0,1.0049930725430494
2026-07-09,2026-07-09 11:24:55,V018,129.0,1.0016230488724291
2026-07-09,2026-07-09 11:24:56,V018,129.0,1.112709094280989
2026-07-09,2026-07-09 11:24:57,V018,130.0,1.320941023101787
2026-07-09,2026-07-09 11:24:58,V018,130.0,1.1016684693622114
2026-07-09,2026-07-09 11:24:59,V018,130.0,1.5060346872825134
2026-07-09,2026-07-09 11:25:00,V018,129.0,2.18817445598181
2026-07-09,2026-07-09 11:25:01,V018,128.0,1.5027396631477508
2026-07-09,2026-07-09 11:25:02,V018,127.0,1.1356543268553423
2026-07-09,2026-07-09 11:25:03,V018,126.0,1.0652315290463104
2026-07-09,2026-07-09 11:25:04,V018,126.0,1.0103583629454758
2026-07-09,2026-07-09 11:25:05,V018,125.0,1.027455415084892
2026-07-09,2026-07-09 11:25:06,V018,125.0,1.0107937227069417
2026-07-09,2026-07-09 11:25:07,V018,125.0,1.0329910571863317
2026-07-09,2026-07-09 11:25:08,V018,125.0,0.9853745415554735
2026-07-09,2026-07-09 11:25:09,V018,126.0,1.006382261755016
2026-07-09,2026-07-09 11:25:10,V018,126.0,1.0348017068760733
2026-07-09,2026-07-09 11:25:11,V018,127.0,1.0341969734579757
2026-07-09,2026-07-09 11:25:12,V018,127.0,1.0347826446039174
2026-07-09,2026-07-09 11:25:13,V018,128.0,0.9704315003653425
2026-07-09,2026-07-09 11:25:14,V018,128.0,0.9821719932828741
2026-07-09,2026-07-09 11:25:15,V018,129.0,1.0009761847519274
2026-07-09,2026-07-09 11:25:16,V018,129.0,0.9908854165738343
2026-07-09,2026-07-09 11:25:17,V018,128.0,0.992943077345545
2026-07-09,2026-07-09 11:25:18,V018,128.0,0.9834209817985196
2026-07-09,2026-07-09 11:25:19,V018,128.0,0.9413821937474119
2026-07-09,2026-07-09 11:25:20,V018,128.0,1.0412379679268158
2026-07-09,2026-07-09 11:25:21,V018,127.0,0.9851925627533353
2026-07-09,2026-07-09 11:25:22,V018,127.0,0.991409355112893
2026-07-09,2026-07-09 11:25:23,V018,127.0,0.9874413148697732
2026-07-09,2026-07-09 11:25:24,V018,128.0,0.9883681330716997
2026-07-09,2026-07-09 11:25:25,V018,128.0,0.9768161114811668
2026-07-09,2026-07-09 11:25:26,V018,129.0,0.987091520286142
2026-07-09,2026-07-09 11:25:27,V018,130.0,0.98576294660015
2026-07-09,2026-07-09 11:25:28,V018,131.0,0.9919102054641666
2026-07-09,2026-07-09 11:25:29,V018,131.0,0.980995894562318
2026-07-09,2026-07-09 11:25:30,V018,132.0,0.989585803922493
2026-07-09,2026-07-09 11:25:31,V018,133.0,0.9885792282950115
2026-07-09,2026-07-09 11:25:32,V018,134.0,0.9864177268696322
2026-07-09,2026-07-09 11:25:33,V018,135.0,0.9817479476914344
2026-07-09,2026-07-09 11:25:34,V018,137.0,0.985783941715698
2026-07-09,2026-07-09 11:25:35,V018,138.0,0.9843168265126839
2026-07-09,2026-07-09 11:25:36,V018,139.0,0.9825866484517676
2026-07-09,2026-07-09 11:25:37,V018,140.0,0.9798952160129477
2026-07-09,2026-07-09 11:25:38,V018,141.0,1.0178276604409575
2026-07-09,2026-07-09 11:25:39,V018,142.0,0.9461149522186596
2026-07-09,2026-07-09 11:25:40,V018,142.0,1.00894968955108
2026-07-09,2026-07-09 11:25:41,V018,142.0,0.9955478560678444
2026-07-09,2026-07-09 11:25:42,V018,142.0,0.9829453157683986
2026-07-09,2026-07-09 11:25:43,V018,142.0,0.9854089075144657
2026-07-09,2026-07-09 11:25:44,V018,142.0,0.9928529045356246
2026-07-09,2026-07-09 11:25:45,V018,142.0,0.9830730398661394
2026-07-09,2026-07-09 11:25:46,V018,143.0,1.0000492849541953
2026-07-09,2026-07-09 11:25:47,V018,143.0,0.9948215373178845
2026-07-09,2026-07-09 11:25:48,V018,143.0,0.9888140551950402
2026-07-09,2026-07-09 11:25:49,V018,143.0,0.9789825097199943
2026-07-09,2026-07-09 11:25:50,V018,144.0,0.9808347327955667
2026-07-09,2026-07-09 11:25:51,V018,144.0,0.9770476926604558
2026-07-09,2026-07-09 11:25:52,V018,143.0,0.9822068558449688
2026-07-09,2026-07-09 11:25:53,V018,143.0,0.9760606461243013
2026-07-09,2026-07-09 11:25:54,V018,143.0,0.9816132123566201
2026-07-09,2026-07-09 11:25:55,V018,142.0,0.9766981270620644
2026-07-09,2026-07-09 11:25:56,V018,142.0,0.9844960459606341
2026-07-09,2026-07-09 11:25:57,V018,141.0,0.9797796575420046
2026-07-09,2026-07-09 11:25:58,V018,141.0,0.9880297217540117
2026-07-09,2026-07-09 11:25:59,V018,141.0,0.9899329689535163
2026-07-09,2026-07-09 11:26:00,V018,140.0,0.9902531019085644
2026-07-09,2026-07-09 11:26:01,V018,140.0,0.9939215312796288
2026-07-09,2026-07-09 11:26:02,V018,140.0,1.0167501485957111
2026-07-09,2026-07-09 11:26:03,V018,140.0,0.9892683909063634
2026-07-09,2026-07-09 11:26:04,V018,140.0,0.9907171601505123
2026-07-09,2026-07-09 11:26:05,V018,139.0,0.9846636115656817
2026-07-09,2026-07-09 11:26:06,V018,139.0,0.9851717769847416
2026-07-09,2026-07-09 11:26:07,V018,138.0,0.9925678534429997
2026-07-09,2026-07-09 11:26:08,V018,137.0,0.9744658530769155
2026-07-09,2026-07-09 11:26:09,V018,137.0,1.0170838230847048
2026-07-09,2026-07-09 11:26:10,V018,136.0,0.993360756539388
2026-07-09,2026-07-09 11:26:11,V018,135.0,0.9889672740725407
2026-07-09,2026-07-09 11:26:12,V018,132.0,0.9893428888482697
2026-07-09,2026-07-09 11:26:13,V018,130.0,0.9895122110720184
2026-07-09,2026-07-09 11:26:14,V018,129.0,1.0081309883419052
2026-07-09,2026-07-09 11:26:15,V018,129.0,0.9958472096879647
2026-07-09,2026-07-09 11:26:16,V018,129.0,0.994645234731353
2026-07-09,2026-07-09 11:26:17,V018,130.0,1.1193055036197737
2026-07-09,2026-07-09 11:26:18,V018,130.0,0.9905795491339372
2026-07-09,2026-07-09 11:26:19,V018,131.0,0.9830413155727387
2026-07-09,2026-07-09 11:26:20,V018,132.0,1.014422652687119
2026-07-09,2026-07-09 11:26:21,V018,132.0,0.9798421994024157
2026-07-09,2026-07-09 11:26:22,V018,133.0,1.0087991653346733
2026-07-09,2026-07-09 11:26:23,V018,133.0,1.028364001994284
2026-07-09,2026-07-09 11:26:24,V018,132.0,1.0096524347814593
2026-07-09,2026-07-09 11:26:25,V018,131.0,0.9638314897276737
2026-07-09,2026-07-09 11:26:26,V018,130.0,0.9958598323703981
2026-07-09,2026-07-09 11:26:27,V018,129.0,1.03694768994574
2026-07-09,2026-07-09 11:26:28,V018,128.0,0.9795317021070963
2026-07-09,2026-07-09 11:26:29,V018,128.0,1.0060043506331928
2026-07-09,2026-07-09 11:26:30,V018,127.0,0.9695122476190241
2026-07-09,2026-07-09 11:26:31,V018,126.0,0.9804100369970357
2026-07-09,2026-07-09 11:26:32,V018,126.0,0.9796405642826533
2026-07-09,2026-07-09 11:26:33,V018,126.0,0.9784603444516279
2026-07-09,2026-07-09 11:26:34,V018,126.0,0.9819703950057486
2026-07-09,2026-07-09 11:26:35,V018,126.0,0.9805790367114093
2026-07-09,2026-07-09 11:26:36,V018,126.0,0.9874108478255962
2026-07-09,2026-07-09 11:26:37,V018,125.0,0.9660890046912384
2026-07-09,2026-07-09 11:26:38,V018,125.0,0.9979202412730701
2026-07-09,2026-07-09 11:26:39,V018,125.0,0.9830121798737512
2026-07-09,2026-07-09 11:26:40,V018,125.0,0.9756786448489269
2026-07-09,2026-07-09 11:26:41,V018,124.0,0.9767689403521478
2026-07-09,2026-07-09 11:26:42,V018,124.0,0.9750453010216917
2026-07-09,2026-07-09 11:26:43,V018,123.0,1.0183955937256903
2026-07-09,2026-07-09 11:26:44,V018,124.0,0.9635592114561056
2026-07-09,2026-07-09 11:26:45,V018,125.0,1.0174065524625788
2026-07-09,2026-07-09 11:26:46,V018,127.0,0.9635908632005538
2026-07-09,2026-07-09 11:26:47,V018,128.0,1.0460058523066897
2026-07-09,2026-07-09 11:26:48,V018,129.0,1.0013871008923214
2026-07-09,2026-07-09 11:26:49,V018,131.0,1.0114970010550461
2026-07-09,2026-07-09 11:26:50,V018,132.0,0.9830611350312414
2026-07-09,2026-07-09 11:26:51,V018,133.0,0.9855266750978382
2026-07-09,2026-07-09 11:26:52,V018,132.0,0.9938980497335702
2026-07-09,2026-07-09 11:26:53,V018,132.0,0.9907377056521127
2026-07-09,2026-07-09 11:26:54,V018,131.0,0.9748935710796487
2026-07-09,2026-07-09 11:26:55,V018,131.0,0.988570509737376
2026-07-09,2026-07-09 11:26:56,V018,130.0,1.0018740470634977
2026-07-09,2026-07-09 11:26:57,V018,130.0,0.9673440656470628
2026-07-09,2026-07-09 11:26:58,V018,129.0,0.9860342824965681
2026-07-09,2026-07-09 11:26:59,V018,128.0,0.9857689331273212
2026-07-09,2026-07-09 11:27:00,V018,127.0,0.9863005767124775
2026-07-09,2026-07-09 11:27:01,V018,126.0,0.9875868146683664
2026-07-09,2026-07-09 11:27:02,V018,125.0,0.986082292079981
2026-07-09,2026-07-09 11:27:03,V018,124.0,0.9713420230093623
2026-07-09,2026-07-09 11:27:04,V018,123.0,1.0273113600843795
2026-07-09,2026-07-09 11:27:05,V018,122.0,0.9870180740079362
2026-07-09,2026-07-09 11:27:06,V018,121.0,0.9816210628495423
2026-07-09,2026-07-09 11:27:07,V018,121.0,0.9877496271100712
2026-07-09,2026-07-09 11:27:08,V018,121.0,0.980827132991741
2026-07-09,2026-07-09 11:27:09,V018,121.0,0.9802945486987421
2026-07-09,2026-07-09 11:27:10,V018,122.0,0.9765830280482062
2026-07-09,2026-07-09 11:27:11,V018,122.0,0.9861556066066133
2026-07-09,2026-07-09 11:27:12,V018,123.0,0.9818656014381971
2026-07-09,2026-07-09 11:27:13,V018,123.0,0.9793288366780013
2026-07-09,2026-07-09 11:27:14,V018,124.0,0.9835946039384509
2026-07-09,2026-07-09 11:27:15,V018,125.0,0.972638169466237
2026-07-09,2026-07-09 11:27:16,V018,126.0,0.9960807685639721
2026-07-09,2026-07-09 11:27:17,V018,127.0,0.9812405985193645
2026-07-09,2026-07-09 11:27:18,V018,128.0,0.9812801388583742
2026-07-09,2026-07-09 11:27:19,V018,129.0,0.9857171350619737
2026-07-09,2026-07-09 11:27:20,V018,129.0,0.9890195297063792
2026-07-09,2026-07-09 11:27:21,V018,130.0,0.9948774510116916
2026-07-09,2026-07-09 11:27:22,V018,130.0,0.9716159546211898
2026-07-09,2026-07-09 11:27:23,V018,130.0,0.9786583371757477
2026-07-09,2026-07-09 11:27:24,V018,129.0,0.9913579388945394
2026-07-09,2026-07-09 11:27:25,V018,129.0,0.9548028866943332
2026-07-09,2026-07-09 11:27:26,V018,128.0,1.0153543741176132
2026-07-09,2026-07-09 11:27:27,V018,127.0,0.9986195516542846
2026-07-09,2026-07-09 11:27:28,V018,126.0,0.9887302495473994
2026-07-09,2026-07-09 11:27:29,V018,125.0,0.9932324094759138
2026-07-09,2026-07-09 11:27:30,V018,124.0,0.9896442108666623
2026-07-09,2026-07-09 11:27:31,V018,124.0,0.99165509524512
2026-07-09,2026-07-09 11:27:32,V018,123.0,0.9904752876806878
2026-07-09,2026-07-09 11:27:33,V018,123.0,0.988964628134708
2026-07-09,2026-07-09 11:27:34,V018,124.0,0.9919483989858228
2026-07-09,2026-07-09 11:27:35,V018,124.0,0.9890028696075415
2026-07-09,2026-07-09 11:27:36,V018,125.0,0.9924207718447172
2026-07-09,2026-07-09 11:27:37,V018,125.0,0.9903795981265922
2026-07-09,2026-07-09 11:27:38,V018,124.0,1.0102205834058735
2026-07-09,2026-07-09 11:27:39,V018,124.0,1.0569748383059292
2026-07-09,2026-07-09 11:27:40,V018,123.0,1.017866137686928
2026-07-09,2026-07-09 11:27:41,V018,122.0,1.0146050701452132
2026-07-09,2026-07-09 11:27:42,V018,122.0,0.9897208570086594
2026-07-09,2026-07-09 11:27:43,V018,121.0,0.9819652670114684
2026-07-09,2026-07-09 11:27:44,V018,120.0,1.0055753205365559
2026-07-09,2026-07-09 11:27:45,V018,120.0,1.0017378469009404
2026-07-09,2026-07-09 11:27:46,V018,120.0,0.9872077279109558
2026-07-09,2026-07-09 11:27:47,V018,120.0,0.9817852092074872
2026-07-09,2026-07-09 11:27:48,V018,121.0,0.9826098163712205
2026-07-09,2026-07-09 11:27:49,V018,122.0,0.9751460334995349
2026-07-09,2026-07-09 11:27:50,V018,123.0,0.9668003767874258
2026-07-09,2026-07-09 11:27:51,V018,123.0,0.9715511054663131
2026-07-09,2026-07-09 11:27:52,V018,123.0,1.0080925165402157
2026-07-09,2026-07-09 11:27:53,V018,123.0,0.9816148548167364
2026-07-09,2026-07-09 11:27:54,V018,123.0,0.9771883101992821
2026-07-09,2026-07-09 11:27:55,V018,122.0,0.9877231706859577
2026-07-09,2026-07-09 11:27:56,V018,121.0,0.9854721182609669
2026-07-09,2026-07-09 11:27:57,V018,121.0,0.985531855132111
2026-07-09,2026-07-09 11:27:58,V018,120.0,0.9842418149096731
2026-07-09,2026-07-09 11:27:59,V018,120.0,0.9843821944691914
2026-07-09,2026-07-09 11:28:00,V018,120.0,0.9846127080282465
2026-07-09,2026-07-09 11:28:01,V018,120.0,0.9821103575005551
2026-07-09,2026-07-09 11:28:02,V018,121.0,0.9909580198336735
2026-07-09,2026-07-09 11:28:03,V018,121.0,0.9889735216188579
2026-07-09,2026-07-09 11:28:04,V018,122.0,0.9835792693761058
2026-07-09,2026-07-09 11:28:05,V018,123.0,0.9875550046965391
2026-07-09,2026-07-09 11:28:06,V018,123.0,0.9857458626489773
2026-07-09,2026-07-09 11:28:07,V018,123.0,0.982584352034291
2026-07-09,2026-07-09 11:28:08,V018,123.0,0.98287935879051
2026-07-09,2026-07-09 11:28:09,V018,123.0,0.9795600600697966
2026-07-09,2026-07-09 11:28:10,V018,123.0,0.980302037955071
2026-07-09,2026-07-09 11:28:11,V018,123.0,0.9823650318531725
2026-07-09,2026-07-09 11:28:12,V018,124.0,0.9782231092178354
2026-07-09,2026-07-09 11:28:13,V018,124.0,1.0237246964279298
2026-07-09,2026-07-09 11:28:14,V018,124.0,0.9897781815390782
2026-07-09,2026-07-09 11:28:15,V018,124.0,0.9765813402338344
2026-07-09,2026-07-09 11:28:16,V018,125.0,0.9911700626277082
2026-07-09,2026-07-09 11:28:17,V018,125.0,0.9847419552074655
2026-07-09,2026-07-09 11:28:18,V018,125.0,0.9785394777347866
2026-07-09,2026-07-09 11:28:19,V018,125.0,0.9772918528618271
2026-07-09,2026-07-09 11:28:20,V018,124.0,0.9795156937358541
2026-07-09,2026-07-09 11:28:21,V018,124.0,0.9898919855839003
2026-07-09,2026-07-09 11:28:22,V018,123.0,0.9880896740359765
2026-07-09,2026-07-09 11:28:23,V018,123.0,0.9789137756282983
2026-07-09,2026-07-09 11:28:24,V018,123.0,0.990753012624618
2026-07-09,2026-07-09 11:28:25,V018,124.0,0.9808675062071963
2026-07-09,2026-07-09 11:28:26,V018,124.0,0.9795502007092063
2026-07-09,2026-07-09 11:28:27,V018,124.0,1.0570600877347252
2026-07-09,2026-07-09 11:28:28,V018,124.0,0.9995290678530369
2026-07-09,2026-07-09 11:28:29,V018,125.0,0.9880430238269772
2026-07-09,2026-07-09 11:28:30,V018,124.0,0.9892656844417024
2026-07-09,2026-07-09 11:28:31,V018,123.0,0.9878598803760482
2026-07-09,2026-07-09 11:28:32,V018,122.0,0.9870612692785437
2026-07-09,2026-07-09 11:28:33,V018,121.0,0.987429317002832
2026-07-09,2026-07-09 11:28:34,V018,120.0,0.9881600026753072
2026-07-09,2026-07-09 11:28:35,V018,119.0,0.9871625959669306
2026-07-09,2026-07-09 11:28:36,V018,119.0,0.9866510639416854
2026-07-09,2026-07-09 11:28:37,V018,119.0,0.9849978494835112
2026-07-09,2026-07-09 11:28:38,V018,119.0,0.9859996630612968
2026-07-09,2026-07-09 11:28:39,V018,119.0,0.9858329179714401
2026-07-09,2026-07-09 11:28:40,V018,119.0,0.9869620638481108
2026-07-09,2026-07-09 11:28:41,V018,119.0,0.9867006301552376
2026-07-09,2026-07-09 11:28:42,V018,120.0,0.9780001720298328
2026-07-09,2026-07-09 11:28:43,V018,121.0,0.9922098517154966
2026-07-09,2026-07-09 11:28:44,V018,122.0,0.9834393136970098
2026-07-09,2026-07-09 11:28:45,V018,123.0,0.9858118060389779
2026-07-09,2026-07-09 11:28:46,V018,123.0,0.9841259413263168
2026-07-09,2026-07-09 11:28:47,V018,123.0,0.9867055764054408
2026-07-09,2026-07-09 11:28:48,V018,123.0,0.9843053387314616
2026-07-09,2026-07-09 11:28:49,V018,123.0,0.9834728810396488
2026-07-09,2026-07-09 11:28:50,V018,123.0,0.9846805581402926
2026-07-09,2026-07-09 11:28:51,V018,123.0,0.9848501004792136
2026-07-09,2026-07-09 11:28:52,V018,123.0,0.9889748607725246
2026-07-09,2026-07-09 11:28:53,V018,123.0,0.9794490817285137
2026-07-09,2026-07-09 11:28:54,V018,123.0,0.9817757411705926
2026-07-09,2026-07-09 11:28:55,V018,123.0,0.9906140385811435
2026-07-09,2026-07-09 11:28:56,V018,122.0,0.9714409849605916
2026-07-09,2026-07-09 11:28:57,V018,121.0,1.0456255304895397
2026-07-09,2026-07-09 11:28:58,V018,121.0,0.981880585475951
2026-07-09,2026-07-09 11:28:59,V018,120.0,1.008847276196855
2026-07-09,2026-07-09 11:29:00,V018,119.0,0.9880093131426784
2026-07-09,2026-07-09 11:29:01,V018,119.0,0.9745634865518245
2026-07-09,2026-07-09 11:29:02,V018,118.0,0.965929904409019
2026-07-09,2026-07-09 11:29:03,V018,117.0,1.0104460121285792
2026-07-09,2026-07-09 11:29:04,V018,116.0,1.0231311457041132
2026-07-09,2026-07-09 11:29:05,V018,115.0,1.002086828464595
2026-07-09,2026-07-09 11:29:06,V018,115.0,0.982796080357653
2026-07-09,2026-07-09 11:29:07,V018,114.0,1.0118192592562654
2026-07-09,2026-07-09 11:29:08,V018,113.0,1.0129588246443868
2026-07-09,2026-07-09 11:29:09,V018,113.0,0.9909753781336494
2026-07-09,2026-07-09 11:29:10,V018,113.0,0.979434524615425
2026-07-09,2026-07-09 11:29:11,V018,113.0,1.0300129687764557
2026-07-09,2026-07-09 11:29:12,V018,114.0,1.0184064768788108
2026-07-09,2026-07-09 11:29:13,V018,115.0,1.0059236099791555
2026-07-09,2026-07-09 11:29:14,V018,115.0,0.9969931134994665
2026-07-09,2026-07-09 11:29:15,V018,116.0,1.0488011766016698
2026-07-09,2026-07-09 11:29:16,V018,116.0,1.0198250586595272
2026-07-09,2026-07-09 11:29:17,V018,116.0,1.0205195114265933
2026-07-09,2026-07-09 11:29:18,V018,116.0,0.9985536659623686
2026-07-09,2026-07-09 11:29:19,V018,116.0,0.959041748691761
2026-07-09,2026-07-09 11:29:20,V018,117.0,0.9756198595058693
2026-07-09,2026-07-09 11:29:21,V018,117.0,1.0091675084160876
2026-07-09,2026-07-09 11:29:22,V018,118.0,0.9960787177717887
2026-07-09,2026-07-09 11:29:23,V018,118.0,1.0060758610833365
2026-07-09,2026-07-09 11:29:24,V018,118.0,1.073108497803392
2026-07-09,2026-07-09 11:29:25,V018,118.0,1.671592504017736
2026-07-09,2026-07-09 11:29:26,V018,120.0,1.229053779256758
2026-07-09,2026-07-09 11:29:27,V018,121.0,1.0467958433084215
2026-07-09,2026-07-09 11:29:28,V018,122.0,1.1460002952363497
2026-07-09,2026-07-09 11:29:29,V018,123.0,1.9425544206641194
2026-07-09,2026-07-09 11:29:30,V018,124.0,1.1986214163580131
2026-07-09,2026-07-09 11:29:31,V018,125.0,1.047993766004133
2026-07-09,2026-07-09 11:29:32,V018,126.0,1.056093813227934
2026-07-09,2026-07-09 11:29:33,V018,127.0,0.9945216090252103
2026-07-09,2026-07-09 11:29:34,V018,128.0,0.9962488309512102
2026-07-09,2026-07-09 11:29:35,V018,129.0,1.153712155928667
2026-07-09,2026-07-09 11:29:36,V018,129.0,1.0335379505977909
2026-07-09,2026-07-09 11:29:37,V018,130.0,0.9831376619457884
2026-07-09,2026-07-09 11:29:38,V018,131.0,0.98557002157295
2026-07-09,2026-07-09 11:29:39,V018,132.0,0.9933183508032096
2026-07-09,2026-07-09 11:29:40,V018,131.0,0.9605473918432527
2026-07-09,2026-07-09 11:29:41,V018,131.0,0.9885473942664258
2026-07-09,2026-07-09 11:29:42,V018,130.0,0.9870621554960854
2026-07-09,2026-07-09 11:29:43,V018,130.0,0.990044891192056
2026-07-09,2026-07-09 11:29:44,V018,130.0,0.9862356276860916
2026-07-09,2026-07-09 11:29:45,V018,130.0,1.0304690174664626
2026-07-09,2026-07-09 11:29:46,V018,130.0,0.9688611807148291
2026-07-09,2026-07-09 11:29:47,V018,130.0,1.0053089965520976
2026-07-09,2026-07-09 11:29:48,V018,130.0,0.9774683191685275
2026-07-09,2026-07-09 11:29:49,V018,130.0,1.0033688929486322
2026-07-09,2026-07-09 11:29:50,V018,130.0,1.2231025070038284
2026-07-09,2026-07-09 11:29:51,V018,130.0,1.2284760213677968
2026-07-09,2026-07-09 11:29:52,V018,130.0,1.1467597841560133
2026-07-09,2026-07-09 11:29:53,V018,130.0,1.326554250566258
2026-07-09,2026-07-09 11:29:54,V018,130.0,1.1689673868579493
2026-07-09,2026-07-09 11:29:55,V018,130.0,0.9174737105865843
2026-07-09,2026-07-09 11:29:56,V018,129.0,1.0503325851214653
2026-07-09,2026-07-09 11:29:57,V018,129.0,1.0427085418173416
2026-07-09,2026-07-09 11:29:58,V018,128.0,1.170500811712822
2026-07-09,2026-07-09 11:29:59,V018,127.0,1.10207959612173
2026-07-09,2026-07-09 11:30:00,V018,127.0,1.0140974430539413
2026-07-09,2026-07-09 11:30:01,V018,126.0,0.97863115506465
2026-07-09,2026-07-09 11:30:02,V018,126.0,0.9980880354112074
2026-07-09,2026-07-09 11:30:03,V018,125.0,0.9795874547869274
2026-07-09,2026-07-09 11:30:04,V018,125.0,1.064507732049128
2026-07-09,2026-07-09 11:30:05,V018,124.0,1.2147311378832573
2026-07-09,2026-07-09 11:30:06,V018,124.0,1.0774871933363672
2026-07-09,2026-07-09 11:30:07,V018,124.0,1.0564056988400434
2026-07-09,2026-07-09 11:30:08,V018,124.0,1.0409993252115357
2026-07-09,2026-07-09 11:30:09,V018,125.0,1.9376379797778884
2026-07-09,2026-07-09 11:30:10,V018,126.0,1.159065220086459
2026-07-09,2026-07-09 11:30:11,V018,127.0,0.9946194883665881
2026-07-09,2026-07-09 11:30:12,V018,128.0,0.9893061356171458
2026-07-09,2026-07-09 11:30:13,V018,129.0,1.0467664984218206
2026-07-09,2026-07-09 11:30:14,V018,130.0,1.0569309837245289
2026-07-09,2026-07-09 11:30:15,V018,131.0,1.062836631612555
2026-07-09,2026-07-09 11:30:16,V018,132.0,1.0091279584295234
2026-07-09,2026-07-09 11:30:17,V018,133.0,0.9777500382230894
2026-07-09,2026-07-09 11:30:18,V018,135.0,1.006425962671887
2026-07-09,2026-07-09 11:30:19,V018,136.0,0.993446783560679
2026-07-09,2026-07-09 11:30:20,V018,137.0,1.0812741310405407
2026-07-09,2026-07-09 11:30:21,V018,138.0,1.1506151221611771
2026-07-09,2026-07-09 11:30:22,V018,139.0,0.9681772317690384
2026-07-09,2026-07-09 11:30:23,V018,139.0,1.0589760918616593
2026-07-09,2026-07-09 11:30:24,V018,140.0,1.1783952970235563
2026-07-09,2026-07-09 11:30:25,V018,141.0,1.044000278725452
2026-07-09,2026-07-09 11:30:26,V018,141.0,1.2432066099968615
2026-07-09,2026-07-09 11:30:27,V018,141.0,1.1207585865180654
2026-07-09,2026-07-09 11:30:28,V018,140.0,1.0004224412438796
2026-07-09,2026-07-09 11:30:29,V018,140.0,1.406415385520491
2026-07-09,2026-07-09 11:30:30,V018,139.0,1.2707012967495195
2026-07-09,2026-07-09 11:30:31,V018,138.0,1.117911660227311
2026-07-09,2026-07-09 11:30:32,V018,137.0,1.0005736350479166
2026-07-09,2026-07-09 11:30:33,V018,137.0,0.9651035179733237
2026-07-09,2026-07-09 11:30:34,V018,137.0,1.0107706934443679
2026-07-09,2026-07-09 11:30:35,V018,137.0,0.9680935175902468
2026-07-09,2026-07-09 11:30:36,V018,137.0,1.0440403237219567
2026-07-09,2026-07-09 11:30:37,V018,137.0,1.0042694651290105
2026-07-09,2026-07-09 11:30:38,V018,138.0,1.0102932578231911
2026-07-09,2026-07-09 11:30:39,V018,139.0,0.9729704727014373
2026-07-09,2026-07-09 11:30:40,V018,140.0,1.0095554517574168
2026-07-09,2026-07-09 11:30:41,V018,141.0,0.970006180205975
2026-07-09,2026-07-09 11:30:42,V018,142.0,0.9914565361947927
2026-07-09,2026-07-09 11:30:43,V018,143.0,1.009328399355266
2026-07-09,2026-07-09 11:30:44,V018,144.0,0.9957780743136647
2026-07-09,2026-07-09 11:30:45,V018,144.0,1.021511276368252
2026-07-09,2026-07-09 11:30:46,V018,144.0,0.9778186771514855
2026-07-09,2026-07-09 11:30:47,V018,143.0,1.0505314172462874
2026-07-09,2026-07-09 11:30:48,V018,143.0,0.9666425700567057
2026-07-09,2026-07-09 11:30:49,V018,144.0,0.9972503562453932
2026-07-09,2026-07-09 11:30:50,V018,144.0,1.007053662418116
2026-07-09,2026-07-09 11:30:51,V018,144.0,0.9947763158817785
2026-07-09,2026-07-09 11:30:52,V018,143.0,1.0116131007390017
2026-07-09,2026-07-09 11:30:53,V018,142.0,0.9964777874248418
2026-07-09,2026-07-09 11:30:54,V018,141.0,0.9795868186712704
2026-07-09,2026-07-09 11:30:55,V018,140.0,0.9819936065173988
2026-07-09,2026-07-09 11:30:56,V018,139.0,0.9842585394853851
2026-07-09,2026-07-09 11:30:57,V018,138.0,0.9895350569633555
2026-07-09,2026-07-09 11:30:58,V018,137.0,0.9816074739621692
2026-07-09,2026-07-09 11:30:59,V018,136.0,0.9833200407489626
2026-07-09,2026-07-09 11:31:00,V018,135.0,0.9858233460578308
2026-07-09,2026-07-09 11:31:01,V018,135.0,0.9807281203783872
2026-07-09,2026-07-09 11:31:02,V018,134.0,0.9811193967850107
2026-07-09,2026-07-09 11:31:03,V018,134.0,0.9813390596924403
2026-07-09,2026-07-09 11:31:04,V018,133.0,0.9861232097816807
2026-07-09,2026-07-09 11:31:05,V018,133.0,0.9811014567826702
2026-07-09,2026-07-09 11:31:06,V018,133.0,0.9903077032329988
2026-07-09,2026-07-09 11:31:07,V018,133.0,1.0207726597848148
2026-07-09,2026-07-09 11:31:08,V018,133.0,0.9679013492203183
2026-07-09,2026-07-09 11:31:09,V018,133.0,0.994936040788839
2026-07-09,2026-07-09 11:31:10,V018,133.0,1.035188284915164
2026-07-09,2026-07-09 11:31:11,V018,134.0,0.9615116371320839
2026-07-09,2026-07-09 11:31:12,V018,134.0,0.9834178539545115
2026-07-09,2026-07-09 11:31:13,V018,134.0,0.973921125782435
2026-07-09,2026-07-09 11:31:14,V018,135.0,0.9820385860006061
2026-07-09,2026-07-09 11:31:15,V018,135.0,0.9812817831790308
2026-07-09,2026-07-09 11:31:16,V018,135.0,1.000821891695187
2026-07-09,2026-07-09 11:31:17,V018,135.0,0.9791587931840227
2026-07-09,2026-07-09 11:31:18,V018,135.0,0.9829536035730849
2026-07-09,2026-07-09 11:31:19,V018,135.0,0.9884116451812787
2026-07-09,2026-07-09 11:31:20,V018,134.0,0.9856968146454596
2026-07-09,2026-07-09 11:31:21,V018,133.0,0.9876011774186808
2026-07-09,2026-07-09 11:31:22,V018,132.0,0.9866553568604668
2026-07-09,2026-07-09 11:31:23,V018,132.0,0.9882519248715178
2026-07-09,2026-07-09 11:31:24,V018,132.0,0.9842814639380026
2026-07-09,2026-07-09 11:31:25,V018,132.0,0.9855531210278996
2026-07-09,2026-07-09 11:31:26,V018,132.0,0.9872495708672655
2026-07-09,2026-07-09 11:31:27,V018,132.0,0.9874014035250438
2026-07-09,2026-07-09 11:31:28,V018,132.0,0.9866723812692697
2026-07-09,2026-07-09 11:31:29,V018,131.0,0.9859296115928241
2026-07-09,2026-07-09 11:31:30,V018,130.0,0.9869549578504829
2026-07-09,2026-07-09 11:31:31,V018,130.0,0.9876526725162508
2026-07-09,2026-07-09 11:31:32,V018,128.0,0.9876992461671917
2026-07-09,2026-07-09 11:31:33,V018,127.0,0.9870427674788501
2026-07-09,2026-07-09 11:31:34,V018,125.0,0.9859737087316841
2026-07-09,2026-07-09 11:31:35,V018,124.0,0.9853441194464897
2026-07-09,2026-07-09 11:31:36,V018,123.0,0.9873521009439952
2026-07-09,2026-07-09 11:31:37,V018,122.0,0.9905295319203391
2026-07-09,2026-07-09 11:31:38,V018,120.0,0.9796245884877447
2026-07-09,2026-07-09 11:31:39,V018,119.0,0.9943627865421586
2026-07-09,2026-07-09 11:31:40,V018,117.0,0.9920879099214364
2026-07-09,2026-07-09 11:31:41,V018,116.0,0.9853913748590423
2026-07-09,2026-07-09 11:31:42,V018,115.0,1.0010932154850103
2026-07-09,2026-07-09 11:31:43,V018,114.0,0.9851629158296065
2026-07-09,2026-07-09 11:31:44,V018,114.0,1.0094544743791793
2026-07-09,2026-07-09 11:31:45,V018,114.0,0.9771369715477418
2026-07-09,2026-07-09 11:31:46,V018,115.0,0.979059990300917
2026-07-09,2026-07-09 11:31:47,V018,116.0,0.9836703545671984
2026-07-09,2026-07-09 11:31:48,V018,116.0,0.9779851656092986
2026-07-09,2026-07-09 11:31:49,V018,117.0,0.9836097240697895
2026-07-09,2026-07-09 11:31:50,V018,117.0,0.9771671407415051
2026-07-09,2026-07-09 11:31:51,V018,117.0,0.9794307135106765
2026-07-09,2026-07-09 11:31:52,V018,118.0,0.9794578557643814
2026-07-09,2026-07-09 11:31:53,V018,118.0,0.9787501201832102
2026-07-09,2026-07-09 11:31:54,V018,119.0,0.9791087895197659
2026-07-09,2026-07-09 11:31:55,V018,119.0,0.985782004889205
2026-07-09,2026-07-09 11:31:56,V018,119.0,0.9826599188085821
2026-07-09,2026-07-09 11:31:57,V018,120.0,0.977824817426369
2026-07-09,2026-07-09 11:31:58,V018,120.0,0.9775593118887096
2026-07-09,2026-07-09 11:31:59,V018,120.0,0.9759546936671485
2026-07-09,2026-07-09 11:32:00,V018,120.0,0.9768095819277571
2026-07-09,2026-07-09 11:32:01,V018,120.0,0.9788754020595184
2026-07-09,2026-07-09 11:32:02,V018,120.0,0.9777736371578072
2026-07-09,2026-07-09 11:32:03,V018,119.0,0.9772202344861771
2026-07-09,2026-07-09 11:32:04,V018,119.0,0.993057599000554
2026-07-09,2026-07-09 11:32:05,V018,119.0,0.9810221046908671
2026-07-09,2026-07-09 11:32:06,V018,118.0,0.9785186626327576
2026-07-09,2026-07-09 11:32:07,V018,117.0,0.9773521546132437
2026-07-09,2026-07-09 11:32:08,V018,116.0,0.979507981588569
2026-07-09,2026-07-09 11:32:09,V018,115.0,0.9788228208700563
2026-07-09,2026-07-09 11:32:10,V018,115.0,0.9784456025465212
2026-07-09,2026-07-09 11:32:11,V018,114.0,0.9771192435976245
2026-07-09,2026-07-09 11:32:12,V018,114.0,0.9817943562275422
2026-07-09,2026-07-09 11:32:13,V018,113.0,0.9769854436886832
2026-07-09,2026-07-09 11:32:14,V018,112.0,1.0018840513439926
2026-07-09,2026-07-09 11:32:15,V018,111.0,0.9747302284252469
2026-07-09,2026-07-09 11:32:16,V018,110.0,0.9751763308687907
2026-07-09,2026-07-09 11:32:17,V018,110.0,0.983385596995793
2026-07-09,2026-07-09 11:32:18,V018,110.0,0.9852141234625366
2026-07-09,2026-07-09 11:32:19,V018,110.0,0.9852611898915644
2026-07-09,2026-07-09 11:32:20,V018,110.0,0.9796956110289471
2026-07-09,2026-07-09 11:32:21,V018,110.0,0.9822959848864317
2026-07-09,2026-07-09 11:32:22,V018,110.0,0.9790042455128354
2026-07-09,2026-07-09 11:32:23,V018,109.0,0.9845996546687271
2026-07-09,2026-07-09 11:32:24,V018,109.0,0.9828733199156778
2026-07-09,2026-07-09 11:32:25,V018,108.0,0.9810883022344072
2026-07-09,2026-07-09 11:32:26,V018,108.0,0.9940402855347329
2026-07-09,2026-07-09 11:32:27,V018,108.0,0.9808108894906358
2026-07-09,2026-07-09 11:32:28,V018,107.0,0.9765616336780328
2026-07-09,2026-07-09 11:32:29,V018,107.0,0.979826861845579
2026-07-09,2026-07-09 11:32:30,V018,108.0,0.9791516629573597
2026-07-09,2026-07-09 11:32:31,V018,109.0,0.973290344137944
2026-07-09,2026-07-09 11:32:32,V018,109.0,0.9854584218818232
2026-07-09,2026-07-09 11:32:33,V018,110.0,0.9875465147081952
2026-07-09,2026-07-09 11:32:34,V018,111.0,0.9763481019632779
2026-07-09,2026-07-09 11:32:35,V018,112.0,0.9807207140278787
2026-07-09,2026-07-09 11:32:36,V018,113.0,0.9926950277590697
2026-07-09,2026-07-09 11:32:37,V018,114.0,0.9828036976616447
2026-07-09,2026-07-09 11:32:38,V018,115.0,0.9833416381151442
2026-07-09,2026-07-09 11:32:39,V018,116.0,0.9848829227109456
2026-07-09,2026-07-09 11:32:40,V018,117.0,0.9814891580343158
2026-07-09,2026-07-09 11:32:41,V018,118.0,0.9806444430115012
2026-07-09,2026-07-09 11:32:42,V018,118.0,0.9985806263037277
2026-07-09,2026-07-09 11:32:43,V018,118.0,0.9598357314684651
2026-07-09,2026-07-09 11:32:44,V018,117.0,0.9785463022115855
2026-07-09,2026-07-09 11:32:45,V018,117.0,0.9674564409720767
2026-07-09,2026-07-09 11:32:46,V018,116.0,0.9982682503655793
2026-07-09,2026-07-09 11:32:47,V018,115.0,0.9837455703223689
2026-07-09,2026-07-09 11:32:48,V018,114.0,0.9861574014941005
2026-07-09,2026-07-09 11:32:49,V018,113.0,0.9823681145117645
2026-07-09,2026-07-09 11:32:50,V018,113.0,0.9793571686776206
2026-07-09,2026-07-09 11:32:51,V018,112.0,0.9778724472556727
2026-07-09,2026-07-09 11:32:52,V018,111.0,0.9749150050528028
2026-07-09,2026-07-09 11:32:53,V018,111.0,0.9759984598508424
2026-07-09,2026-07-09 11:32:54,V018,111.0,0.9773799859040186
2026-07-09,2026-07-09 11:32:55,V018,111.0,0.9740172716358765
2026-07-09,2026-07-09 11:32:56,V018,112.0,0.9756433062925879
2026-07-09,2026-07-09 11:32:57,V018,112.0,0.9747841602332434
2026-07-09,2026-07-09 11:32:58,V018,113.0,0.9760057264708825
2026-07-09,2026-07-09 11:32:59,V018,113.0,0.9750860957866726
2026-07-09,2026-07-09 11:33:00,V018,114.0,0.9756438544403881
2026-07-09,2026-07-09 11:33:01,V018,115.0,0.9738058013201347
2026-07-09,2026-07-09 11:33:02,V018,115.0,0.9756329893372074
2026-07-09,2026-07-09 11:33:03,V018,115.0,0.9748407060181962
2026-07-09,2026-07-09 11:33:04,V018,115.0,0.9761411948678371
2026-07-09,2026-07-09 11:33:05,V018,115.0,0.9757070845283584
2026-07-09,2026-07-09 11:33:06,V018,114.0,0.9773076419106527
2026-07-09,2026-07-09 11:33:07,V018,114.0,0.9749176453753178
2026-07-09,2026-07-09 11:33:08,V018,114.0,0.9770148769999325
2026-07-09,2026-07-09 11:33:09,V018,114.0,0.9742720534410567
2026-07-09,2026-07-09 11:33:10,V018,114.0,0.9747221224256657
2026-07-09,2026-07-09 11:33:11,V018,114.0,0.9738541260220142
2026-07-09,2026-07-09 11:33:12,V018,114.0,0.9756612025427246
2026-07-09,2026-07-09 11:33:13,V018,114.0,0.9741170592242139
2026-07-09,2026-07-09 11:33:14,V018,114.0,0.976402042542622
2026-07-09,2026-07-09 11:33:15,V018,113.0,0.9733508547249471
2026-07-09,2026-07-09 11:33:16,V018,113.0,0.9777114287166421
2026-07-09,2026-07-09 11:33:17,V018,113.0,0.9763338616856857
2026-07-09,2026-07-09 11:33:18,V018,112.0,0.9806320430601779
2026-07-09,2026-07-09 11:33:19,V018,112.0,0.9801471545451816
2026-07-09,2026-07-09 11:33:20,V018,113.0,0.9753122712846776
2026-07-09,2026-07-09 11:33:21,V018,113.0,0.9757150258899031
2026-07-09,2026-07-09 11:33:22,V018,113.0,0.9688389235272172
2026-07-09,2026-07-09 11:33:23,V018,113.0,1.00823943208138
2026-07-09,2026-07-09 11:33:24,V018,114.0,1.0316731260323335
2026-07-09,2026-07-09 11:33:25,V018,114.0,0.9419382236222295
2026-07-09,2026-07-09 11:33:26,V018,114.0,1.0198867617550558
2026-07-09,2026-07-09 11:33:27,V018,115.0,0.9769790625001094
2026-07-09,2026-07-09 11:33:28,V018,115.0,0.9862355839065112
2026-07-09,2026-07-09 11:33:29,V018,115.0,0.9822021257154552
2026-07-09,2026-07-09 11:33:30,V018,114.0,0.9850982780520228
2026-07-09,2026-07-09 11:33:31,V018,113.0,0.9825347483567454
2026-07-09,2026-07-09 11:33:32,V018,114.0,0.9866765070094098
2026-07-09,2026-07-09 11:33:33,V018,114.0,0.9753560539084605
2026-07-09,2026-07-09 11:33:34,V018,114.0,1.0423353792677092
2026-07-09,2026-07-09 11:33:35,V018,114.0,0.9567798585828462
2026-07-09,2026-07-09 11:33:36,V018,114.0,0.9748402214916662
2026-07-09,2026-07-09 11:33:37,V018,114.0,0.976095337068438
2026-07-09,2026-07-09 11:33:38,V018,114.0,0.9700635919696632
2026-07-09,2026-07-09 11:33:39,V018,114.0,0.9995785880356978
2026-07-09,2026-07-09 11:33:40,V018,114.0,0.9676339262747946
2026-07-09,2026-07-09 11:33:41,V018,114.0,0.9820950316206075
2026-07-09,2026-07-09 11:33:42,V018,114.0,0.9771654192219417
2026-07-09,2026-07-09 11:33:43,V018,114.0,0.9773726226732771
2026-07-09,2026-07-09 11:33:44,V018,114.0,0.9809292200149863
2026-07-09,2026-07-09 11:33:45,V018,114.0,0.995433470107613
2026-07-09,2026-07-09 11:33:46,V018,113.0,0.9736738938082327
2026-07-09,2026-07-09 11:33:47,V018,113.0,1.0151330725323846
2026-07-09,2026-07-09 11:33:48,V018,112.0,0.9797065089593047
2026-07-09,2026-07-09 11:33:49,V018,112.0,0.9779956815678149
2026-07-09,2026-07-09 11:33:50,V018,112.0,0.9707686959908409
2026-07-09,2026-07-09 11:33:51,V018,112.0,0.9892130187510464
2026-07-09,2026-07-09 11:33:52,V018,111.0,0.9788772305694734
2026-07-09,2026-07-09 11:33:53,V018,111.0,0.9812055522566021
2026-07-09,2026-07-09 11:33:54,V018,112.0,0.9791221426021864
2026-07-09,2026-07-09 11:33:55,V018,112.0,0.9805137101068534
2026-07-09,2026-07-09 11:33:56,V018,111.0,0.9808806310738448
2026-07-09,2026-07-09 11:33:57,V018,111.0,0.9788106493757374
2026-07-09,2026-07-09 11:33:58,V018,110.0,0.9835966819722425
2026-07-09,2026-07-09 11:33:59,V018,109.0,0.9657051962016857
2026-07-09,2026-07-09 11:34:00,V018,108.0,0.995391077662635
2026-07-09,2026-07-09 11:34:01,V018,107.0,0.9864379054130246
2026-07-09,2026-07-09 11:34:02,V018,106.0,0.9710059791668588
2026-07-09,2026-07-09 11:34:03,V018,105.0,0.9894554197656157
2026-07-09,2026-07-09 11:34:04,V018,104.0,0.9859321293602898
2026-07-09,2026-07-09 11:34:05,V018,103.0,0.97727834816263
2026-07-09,2026-07-09 11:34:06,V018,104.0,0.9787941937721673
2026-07-09,2026-07-09 11:34:07,V018,104.0,0.9842084053575827
2026-07-09,2026-07-09 11:34:08,V018,105.0,0.9810175933318023
2026-07-09,2026-07-09 11:34:09,V018,105.0,0.9735834018629588
2026-07-09,2026-07-09 11:34:10,V018,105.0,0.9770127097058523
2026-07-09,2026-07-09 11:34:11,V018,106.0,0.9765155127140097
2026-07-09,2026-07-09 11:34:12,V018,106.0,0.9759514089155693
2026-07-09,2026-07-09 11:34:13,V018,107.0,0.9761639819117286
2026-07-09,2026-07-09 11:34:14,V018,106.0,0.9836148467541123
2026-07-09,2026-07-09 11:34:15,V018,106.0,0.9761700203515755
2026-07-09,2026-07-09 11:34:16,V018,106.0,0.9813985489436216
2026-07-09,2026-07-09 11:34:17,V018,105.0,0.9784486577581456
2026-07-09,2026-07-09 11:34:18,V018,105.0,0.9838186199287149
2026-07-09,2026-07-09 11:34:19,V018,105.0,0.9748560525872985
2026-07-09,2026-07-09 11:34:20,V018,105.0,0.983564991049452
2026-07-09,2026-07-09 11:34:21,V018,105.0,0.979872721367056
2026-07-09,2026-07-09 11:34:22,V018,105.0,0.9743673804097152
2026-07-09,2026-07-09 11:34:23,V018,106.0,0.9801521414930879
2026-07-09,2026-07-09 11:34:24,V018,107.0,0.9659571383103079
2026-07-09,2026-07-09 11:34:25,V018,107.0,1.0071245117191094
2026-07-09,2026-07-09 11:34:26,V018,109.0,0.9957135469407316
2026-07-09,2026-07-09 11:34:27,V018,109.0,0.9897473738795356
2026-07-09,2026-07-09 11:34:28,V018,111.0,0.9829990571052915
2026-07-09,2026-07-09 11:34:29,V018,112.0,0.9815978321832972
2026-07-09,2026-07-09 11:34:30,V018,113.0,0.9891150717287261
2026-07-09,2026-07-09 11:34:31,V018,113.0,0.980614838113116
2026-07-09,2026-07-09 11:34:32,V018,113.0,0.979573414105965
2026-07-09,2026-07-09 11:34:33,V018,114.0,0.9763834088612265
2026-07-09,2026-07-09 11:34:34,V018,114.0,0.9817361880157304
2026-07-09,2026-07-09 11:34:35,V018,114.0,0.9822563997018203
2026-07-09,2026-07-09 11:34:36,V018,114.0,0.9791329892944981
2026-07-09,2026-07-09 11:34:37,V018,115.0,0.9830534524834168
2026-07-09,2026-07-09 11:34:38,V018,115.0,0.9782754275049798
2026-07-09,2026-07-09 11:34:39,V018,116.0,0.9920660599487914
2026-07-09,2026-07-09 11:34:40,V018,116.0,0.9853570523987017
2026-07-09,2026-07-09 11:34:41,V018,116.0,0.9816976436739601
2026-07-09,2026-07-09 11:34:42,V018,117.0,0.9812139027728823
2026-07-09,2026-07-09 11:34:43,V018,117.0,0.9854184769052026
2026-07-09,2026-07-09 11:34:44,V018,117.0,0.98049158224705
2026-07-09,2026-07-09 11:34:45,V018,116.0,0.9807446795207394
2026-07-09,2026-07-09 11:34:46,V018,116.0,0.9858319499327788
2026-07-09,2026-07-09 11:34:47,V018,116.0,0.9894470168004034
2026-07-09,2026-07-09 11:34:48,V018,116.0,0.971191780638785
2026-07-09,2026-07-09 11:34:49,V018,116.0,0.976276763556106
2026-07-09,2026-07-09 11:34:50,V018,116.0,0.980149110480114
2026-07-09,2026-07-09 11:34:51,V018,116.0,0.9759950342650636
2026-07-09,2026-07-09 11:34:52,V018,116.0,0.9761170211453467
2026-07-09,2026-07-09 11:34:53,V018,116.0,0.9735476647117919
2026-07-09,2026-07-09 11:34:54,V018,117.0,0.973346840155032
2026-07-09,2026-07-09 11:34:55,V018,117.0,0.9649937344374692
2026-07-09,2026-07-09 11:34:56,V018,118.0,0.9806042180975947
2026-07-09,2026-07-09 11:34:57,V018,118.0,0.974048676155121
2026-07-09,2026-07-09 11:34:58,V018,119.0,0.9759319482064457
2026-07-09,2026-07-09 11:34:59,V018,119.0,0.9677123271936465
2026-07-09,2026-07-09 11:35:00,V018,119.0,0.9861362333891724
2026-07-09,2026-07-09 11:35:01,V018,119.0,0.9714353184123533
2026-07-09,2026-07-09 11:35:02,V018,120.0,0.9734659062741486
2026-07-09,2026-07-09 11:35:03,V018,120.0,0.9727014536070611
2026-07-09,2026-07-09 11:35:04,V018,121.0,0.9770586953999212
2026-07-09,2026-07-09 11:35:05,V018,122.0,0.9756614998323885
2026-07-09,2026-07-09 11:35:06,V018,122.0,0.9740143928364332
2026-07-09,2026-07-09 11:35:07,V018,123.0,0.9737323619043083
2026-07-09,2026-07-09 11:35:08,V018,123.0,0.9736815218349152
2026-07-09,2026-07-09 11:35:09,V018,123.0,0.9742586564813333
2026-07-09,2026-07-09 11:35:10,V018,123.0,0.9734630782744021
2026-07-09,2026-07-09 11:35:11,V018,123.0,0.9744810098834773
2026-07-09,2026-07-09 11:35:12,V018,122.0,0.9752349631225972
2026-07-09,2026-07-09 11:35:13,V018,121.0,0.9746170722681722
2026-07-09,2026-07-09 11:35:14,V018,121.0,0.9702838371914599
2026-07-09,2026-07-09 11:35:15,V018,120.0,0.9809159821321478
2026-07-09,2026-07-09 11:35:16,V018,120.0,0.9845538352506064
2026-07-09,2026-07-09 11:35:17,V018,120.0,1.003030736803968
2026-07-09,2026-07-09 11:35:18,V018,120.0,0.9788327444761576
2026-07-09,2026-07-09 11:35:19,V018,119.0,0.9796352976506073
2026-07-09,2026-07-09 11:35:20,V018,119.0,0.9778023484962682
2026-07-09,2026-07-09 11:35:21,V018,118.0,0.9753087488144715
2026-07-09,2026-07-09 11:35:22,V018,118.0,0.9887570802405511
2026-07-09,2026-07-09 11:35:23,V018,117.0,0.9860888942419549
2026-07-09,2026-07-09 11:35:24,V018,116.0,0.9744538104046284
2026-07-09,2026-07-09 11:35:25,V018,115.0,0.9706720027056496
2026-07-09,2026-07-09 11:35:26,V018,115.0,0.9977979262743196
2026-07-09,2026-07-09 11:35:27,V018,114.0,0.9856892155789028
2026-07-09,2026-07-09 11:35:28,V018,114.0,0.9914079919785361
2026-07-09,2026-07-09 11:35:29,V018,113.0,0.9797191363729896
2026-07-09,2026-07-09 11:35:30,V018,113.0,0.9826291027897773
2026-07-09,2026-07-09 11:35:31,V018,112.0,0.9825041662472127
2026-07-09,2026-07-09 11:35:32,V018,111.0,0.9821338047175102
2026-07-09,2026-07-09 11:35:33,V018,111.0,0.9825406776297418
2026-07-09,2026-07-09 11:35:34,V018,111.0,0.9902812864513274
2026-07-09,2026-07-09 11:35:35,V018,111.0,1.0286306747901621
2026-07-09,2026-07-09 11:35:36,V018,111.0,1.003837133941447
2026-07-09,2026-07-09 11:35:37,V018,111.0,0.9906762779995063
2026-07-09,2026-07-09 11:35:38,V018,111.0,0.9967034508587879
2026-07-09,2026-07-09 11:35:39,V018,112.0,1.0025424264224603
2026-07-09,2026-07-09 11:35:40,V018,112.0,0.9991135643698825
2026-07-09,2026-07-09 11:35:41,V018,113.0,1.0026258322398724
2026-07-09,2026-07-09 11:35:42,V018,114.0,0.9890927893000856
2026-07-09,2026-07-09 11:35:43,V018,114.0,0.988251514832094
2026-07-09,2026-07-09 11:35:44,V018,114.0,0.9909955655788031
2026-07-09,2026-07-09 11:35:45,V018,113.0,0.9796466415169561
2026-07-09,2026-07-09 11:35:46,V018,114.0,0.9948225418229418
2026-07-09,2026-07-09 11:35:47,V018,114.0,0.9862865309926042
2026-07-09,2026-07-09 11:35:48,V018,114.0,0.9824494946831958
2026-07-09,2026-07-09 11:35:49,V018,114.0,0.9819025926308822
2026-07-09,2026-07-09 11:35:50,V018,114.0,0.9831605799148395
2026-07-09,2026-07-09 11:35:51,V018,114.0,0.9853716905266127
2026-07-09,2026-07-09 11:35:52,V018,114.0,0.9769451635207492
2026-07-09,2026-07-09 11:35:53,V018,115.0,0.9812365802869798
2026-07-09,2026-07-09 11:35:54,V018,115.0,0.9814545190778163
2026-07-09,2026-07-09 11:35:55,V018,115.0,0.9820829977285054
2026-07-09,2026-07-09 11:35:56,V018,115.0,0.9802788936477488
2026-07-09,2026-07-09 11:35:57,V018,115.0,0.9896613181249799
2026-07-09,2026-07-09 11:35:58,V018,115.0,0.9882396157153314
2026-07-09,2026-07-09 11:35:59,V018,115.0,0.9906778871188209
2026-07-09,2026-07-09 11:36:00,V018,115.0,0.9769265372464574
2026-07-09,2026-07-09 11:36:01,V018,115.0,0.9748418222097988
2026-07-09,2026-07-09 11:36:02,V018,115.0,0.9944133710772002
2026-07-09,2026-07-09 11:36:03,V018,115.0,0.9858519503028257
2026-07-09,2026-07-09 11:36:04,V018,115.0,0.9849161408392318
2026-07-09,2026-07-09 11:36:05,V018,115.0,0.9800001324197019
2026-07-09,2026-07-09 11:36:06,V018,115.0,0.9795550583815124
2026-07-09,2026-07-09 11:36:07,V018,115.0,0.9796725287210009
2026-07-09,2026-07-09 11:36:08,V018,116.0,0.9801517248111863
2026-07-09,2026-07-09 11:36:09,V018,117.0,0.979517153119706
2026-07-09,2026-07-09 11:36:10,V018,117.0,0.9804085150690629
2026-07-09,2026-07-09 11:36:11,V018,117.0,0.982819353388462
2026-07-09,2026-07-09 11:36:12,V018,116.0,0.9872155772394015
2026-07-09,2026-07-09 11:36:13,V018,116.0,1.0253058956958527
2026-07-09,2026-07-09 11:36:14,V018,115.0,0.934203222809829
2026-07-09,2026-07-09 11:36:15,V018,115.0,0.9730164472979443
2026-07-09,2026-07-09 11:36:16,V018,115.0,0.975855435551392
2026-07-09,2026-07-09 11:36:17,V018,116.0,0.9740811195294887
2026-07-09,2026-07-09 11:36:18,V018,115.0,0.9725990286476195
2026-07-09,2026-07-09 11:36:19,V018,115.0,0.973929056859539
2026-07-09,2026-07-09 11:36:20,V018,114.0,0.9681025957216344
2026-07-09,2026-07-09 11:36:21,V018,113.0,0.984614168579256
2026-07-09,2026-07-09 11:36:22,V018,112.0,0.9756257503333325
2026-07-09,2026-07-09 11:36:23,V018,111.0,0.9762897415375686
2026-07-09,2026-07-09 11:36:24,V018,110.0,0.9754339256259703
2026-07-09,2026-07-09 11:36:25,V018,109.0,0.9762253179611987
2026-07-09,2026-07-09 11:36:26,V018,109.0,0.9936582648592835
2026-07-09,2026-07-09 11:36:27,V018,108.0,0.9894276439702777
2026-07-09,2026-07-09 11:36:28,V018,108.0,0.9761942896821167
2026-07-09,2026-07-09 11:36:29,V018,107.0,0.9821203851637038
2026-07-09,2026-07-09 11:36:30,V018,108.0,0.9832963800019124
2026-07-09,2026-07-09 11:36:31,V018,108.0,0.9742322675292305
2026-07-09,2026-07-09 11:36:32,V018,108.0,0.9796466275356205
2026-07-09,2026-07-09 11:36:33,V018,109.0,0.9794302222068767
2026-07-09,2026-07-09 11:36:34,V018,109.0,0.9765514631601898
2026-07-09,2026-07-09 11:36:35,V018,110.0,0.9944867247159929
2026-07-09,2026-07-09 11:36:36,V018,110.0,0.9735695102784524
2026-07-09,2026-07-09 11:36:37,V018,110.0,0.9779321323983184
2026-07-09,2026-07-09 11:36:38,V018,111.0,1.0000699015646994
2026-07-09,2026-07-09 11:36:39,V018,112.0,0.9837314161563544
2026-07-09,2026-07-09 11:36:40,V018,113.0,0.9794490512883912
2026-07-09,2026-07-09 11:36:41,V018,114.0,0.9775630846501219
2026-07-09,2026-07-09 11:36:42,V018,115.0,0.9725186489757539
2026-07-09,2026-07-09 11:36:43,V018,116.0,0.9721064584434268
2026-07-09,2026-07-09 11:36:44,V018,116.0,0.9804541049332448
2026-07-09,2026-07-09 11:36:45,V018,117.0,0.9698846042520354
2026-07-09,2026-07-09 11:36:46,V018,117.0,0.9757775125880618
2026-07-09,2026-07-09 11:36:47,V018,118.0,1.0031698373260696
2026-07-09,2026-07-09 11:36:48,V018,117.0,1.0040067811539877
2026-07-09,2026-07-09 11:36:49,V018,117.0,0.9712916729368918
2026-07-09,2026-07-09 11:36:50,V018,116.0,0.9824451162695651
2026-07-09,2026-07-09 11:36:51,V018,115.0,0.9797772923297985
2026-07-09,2026-07-09 11:36:52,V018,114.0,0.9781203232267563
2026-07-09,2026-07-09 11:36:53,V018,113.0,0.9803645063715399
2026-07-09,2026-07-09 11:36:54,V018,113.0,0.9754345243711309
2026-07-09,2026-07-09 11:36:55,V018,113.0,0.9833993959658475
2026-07-09,2026-07-09 11:36:56,V018,113.0,0.9702861788175378
2026-07-09,2026-07-09 11:36:57,V018,113.0,0.9988006400611971
2026-07-09,2026-07-09 11:36:58,V018,113.0,0.9715336267595381
2026-07-09,2026-07-09 11:36:59,V018,113.0,0.9807146661037341
2026-07-09,2026-07-09 11:37:00,V018,112.0,0.9934454959635378
2026-07-09,2026-07-09 11:37:01,V018,112.0,0.981249613112943
2026-07-09,2026-07-09 11:37:02,V018,111.0,0.9727186982884096
2026-07-09,2026-07-09 11:37:03,V018,110.0,0.9837972367463445
2026-07-09,2026-07-09 11:37:04,V018,110.0,0.9891258209823065
2026-07-09,2026-07-09 11:37:05,V018,109.0,0.982897392844876
2026-07-09,2026-07-09 11:37:06,V018,109.0,0.9824986312397694
2026-07-09,2026-07-09 11:37:07,V018,109.0,0.9823623324574186
2026-07-09,2026-07-09 11:37:08,V018,109.0,0.983142452554386
2026-07-09,2026-07-09 11:37:09,V018,109.0,0.9833255759769671
2026-07-09,2026-07-09 11:37:10,V018,110.0,0.9822947704125755
2026-07-09,2026-07-09 11:37:11,V018,110.0,0.9872044210423071
2026-07-09,2026-07-09 11:37:12,V018,111.0,0.9864715982800006
2026-07-09,2026-07-09 11:37:13,V018,112.0,0.9853248369252745
2026-07-09,2026-07-09 11:37:14,V018,113.0,0.9864871441062397
2026-07-09,2026-07-09 11:37:15,V018,114.0,0.9870596532960859
2026-07-09,2026-07-09 11:37:16,V018,116.0,0.9699023850341219
2026-07-09,2026-07-09 11:37:17,V018,118.0,1.4882466503524197
2026-07-09,2026-07-09 11:37:18,V018,119.0,1.233114445267896
2026-07-09,2026-07-09 11:37:19,V018,120.0,1.0653486611251335
2026-07-09,2026-07-09 11:37:20,V018,120.0,1.0169502534777073
2026-07-09,2026-07-09 11:37:21,V018,120.0,0.986862620217617
2026-07-09,2026-07-09 11:37:22,V018,120.0,1.0197958184898108
2026-07-09,2026-07-09 11:37:23,V018,120.0,1.0019377952193047
2026-07-09,2026-07-09 11:37:24,V018,120.0,1.006284985224331
2026-07-09,2026-07-09 11:37:25,V018,120.0,1.0116090523588013
2026-07-09,2026-07-09 11:37:26,V018,119.0,0.9831901516529612
2026-07-09,2026-07-09 11:37:27,V018,118.0,1.027631632735993
2026-07-09,2026-07-09 11:37:28,V018,117.0,0.9787106613207888
2026-07-09,2026-07-09 11:37:29,V018,116.0,1.0019886396276896
2026-07-09,2026-07-09 11:37:30,V018,115.0,0.9807823541039943
2026-07-09,2026-07-09 11:37:31,V018,114.0,1.2940547992838325
2026-07-09,2026-07-09 11:37:32,V018,111.0,1.12592955740876
2026-07-09,2026-07-09 11:37:33,V018,109.0,1.048113195343091
2026-07-09,2026-07-09 11:37:34,V018,108.0,1.1862890809323874
2026-07-09,2026-07-09 11:37:35,V018,108.0,1.0136030262867104
2026-07-09,2026-07-09 11:37:36,V018,108.0,0.9883837842831301
2026-07-09,2026-07-09 11:37:37,V018,108.0,1.0143464757432357
2026-07-09,2026-07-09 11:37:38,V018,108.0,1.0038381205466387
2026-07-09,2026-07-09 11:37:39,V018,109.0,0.9823612762839536
2026-07-09,2026-07-09 11:37:40,V018,109.0,1.0021534731749657
2026-07-09,2026-07-09 11:37:41,V018,109.0,0.9869983413679128
2026-07-09,2026-07-09 11:37:42,V018,110.0,0.9997056171264528
2026-07-09,2026-07-09 11:37:43,V018,111.0,0.9897890683576701
2026-07-09,2026-07-09 11:37:44,V018,112.0,0.9869806932742311
2026-07-09,2026-07-09 11:37:45,V018,113.0,0.9778149407120873
2026-07-09,2026-07-09 11:37:46,V018,115.0,1.0350057159109765
2026-07-09,2026-07-09 11:37:47,V018,116.0,0.9878398137002604
2026-07-09,2026-07-09 11:37:48,V018,118.0,1.03093962025327
2026-07-09,2026-07-09 11:37:49,V018,120.0,1.006062092123754
2026-07-09,2026-07-09 11:37:50,V018,120.0,1.072363874777287
2026-07-09,2026-07-09 11:37:51,V018,121.0,0.9967462246891312
2026-07-09,2026-07-09 11:37:52,V018,120.0,1.0515435087037572
2026-07-09,2026-07-09 11:37:53,V018,120.0,0.9896340434789929
2026-07-09,2026-07-09 11:37:54,V018,120.0,1.0819406887268086
2026-07-09,2026-07-09 11:37:55,V018,120.0,0.9734288930706744
2026-07-09,2026-07-09 11:37:56,V018,119.0,0.9815902421443792
2026-07-09,2026-07-09 11:37:57,V018,119.0,1.0086194477081019
2026-07-09,2026-07-09 11:37:58,V018,118.0,0.9978902063953266
2026-07-09,2026-07-09 11:37:59,V018,118.0,0.9574526334101666
2026-07-09,2026-07-09 11:38:00,V018,117.0,1.1142294359709266
2026-07-09,2026-07-09 11:38:01,V018,117.0,0.9456457660585297
2026-07-09,2026-07-09 11:38:02,V018,117.0,1.00766848176744
2026-07-09,2026-07-09 11:38:03,V018,116.0,1.0172751171002654
2026-07-09,2026-07-09 11:38:04,V018,116.0,0.9830711294076844
2026-07-09,2026-07-09 11:38:05,V018,115.0,1.0213098579697963
2026-07-09,2026-07-09 11:38:06,V018,115.0,1.0981815820004013
2026-07-09,2026-07-09 11:38:07,V018,115.0,1.498145383312369
2026-07-09,2026-07-09 11:38:08,V018,115.0,1.1281376712548263
2026-07-09,2026-07-09 11:38:09,V018,116.0,1.029117146102507
2026-07-09,2026-07-09 11:38:10,V018,116.0,1.0112724631291041
2026-07-09,2026-07-09 11:38:11,V018,116.0,1.2305147303243054
2026-07-09,2026-07-09 11:38:12,V018,115.0,1.105988596849741
2026-07-09,2026-07-09 11:38:13,V018,115.0,0.9786591944353372
2026-07-09,2026-07-09 11:38:14,V018,116.0,1.0090420035641983
2026-07-09,2026-07-09 11:38:15,V018,116.0,0.9755448509048337
2026-07-09,2026-07-09 11:38:16,V018,117.0,1.1622437040468994
2026-07-09,2026-07-09 11:38:17,V018,118.0,1.2513473159582755
2026-07-09,2026-07-09 11:38:18,V018,119.0,1.1387563850189757
2026-07-09,2026-07-09 11:38:19,V018,119.0,1.0218113991743298
2026-07-09,2026-07-09 11:38:20,V018,120.0,1.2358354642448934
2026-07-09,2026-07-09 11:38:21,V018,121.0,1.2025403982263727
2026-07-09,2026-07-09 11:38:22,V018,122.0,0.9978886180456406
2026-07-09,2026-07-09 11:38:23,V018,123.0,1.1965448678614818
2026-07-09,2026-07-09 11:38:24,V018,123.0,1.4309234018391332
2026-07-09,2026-07-09 11:38:25,V018,124.0,1.0936450606726091
2026-07-09,2026-07-09 11:38:26,V018,125.0,1.0247533253463224
2026-07-09,2026-07-09 11:38:27,V018,125.0,1.013777744914458
2026-07-09,2026-07-09 11:38:28,V018,125.0,1.0124031802743618
2026-07-09,2026-07-09 11:38:29,V018,125.0,0.9873107273057569
2026-07-09,2026-07-09 11:38:30,V018,126.0,0.9571447014651338
2026-07-09,2026-07-09 11:38:31,V018,126.0,1.081867245666211
2026-07-09,2026-07-09 11:38:32,V018,127.0,0.9883942073738169
2026-07-09,2026-07-09 11:38:33,V018,127.0,0.9963376830743031
2026-07-09,2026-07-09 11:38:34,V018,128.0,0.9842670485363448
2026-07-09,2026-07-09 11:38:35,V018,129.0,1.0274783921161563
2026-07-09,2026-07-09 11:38:36,V018,130.0,1.068965533161154
2026-07-09,2026-07-09 11:38:37,V018,131.0,1.0164344133062564
2026-07-09,2026-07-09 11:38:38,V018,131.0,0.9754918621847718
2026-07-09,2026-07-09 11:38:39,V018,132.0,1.1226546855731985
2026-07-09,2026-07-09 11:38:40,V018,132.0,1.2012052195327376
2026-07-09,2026-07-09 11:38:41,V018,132.0,0.9853398304402561
2026-07-09,2026-07-09 11:38:42,V018,131.0,1.0162168990808038
2026-07-09,2026-07-09 11:38:43,V018,131.0,1.0329740964454257
2026-07-09,2026-07-09 11:38:44,V018,129.0,1.004860396852612
2026-07-09,2026-07-09 11:38:45,V018,128.0,0.9863769824274911
2026-07-09,2026-07-09 11:38:46,V018,127.0,1.0209740554466529
2026-07-09,2026-07-09 11:38:47,V018,126.0,0.9810247241155915
2026-07-09,2026-07-09 11:38:48,V018,125.0,0.9852728953531548
2026-07-09,2026-07-09 11:38:49,V018,125.0,1.0415531247795227
2026-07-09,2026-07-09 11:38:50,V018,124.0,1.0002446660351043
2026-07-09,2026-07-09 11:38:51,V018,124.0,1.0013760821599507
2026-07-09,2026-07-09 11:38:52,V018,124.0,0.9764890836699649
2026-07-09,2026-07-09 11:38:53,V018,124.0,1.004063660641624
2026-07-09,2026-07-09 11:38:54,V018,124.0,0.9750668399500785
2026-07-09,2026-07-09 11:38:55,V018,124.0,0.9942219846963434
2026-07-09,2026-07-09 11:38:56,V018,125.0,1.0279908056611808
2026-07-09,2026-07-09 11:38:57,V018,125.0,0.9872361456840488
2026-07-09,2026-07-09 11:38:58,V018,125.0,0.9608615234051995
2026-07-09,2026-07-09 11:38:59,V018,125.0,1.014404694428643
2026-07-09,2026-07-09 11:39:00,V018,125.0,0.9960686312557395
2026-07-09,2026-07-09 11:39:01,V018,125.0,1.0051382445033745
2026-07-09,2026-07-09 11:39:02,V018,125.0,1.0242590305403731
2026-07-09,2026-07-09 11:39:03,V018,126.0,0.9571139101720931
2026-07-09,2026-07-09 11:39:04,V018,126.0,0.9849680123143544
2026-07-09,2026-07-09 11:39:05,V018,125.0,0.9818569797589732
2026-07-09,2026-07-09 11:39:06,V018,125.0,0.9910465681099965
2026-07-09,2026-07-09 11:39:07,V018,125.0,0.9811046490028008
2026-07-09,2026-07-09 11:39:08,V018,124.0,0.9732000426548435
2026-07-09,2026-07-09 11:39:09,V018,123.0,0.9970071596482731
2026-07-09,2026-07-09 11:39:10,V018,122.0,0.9847490679532663
2026-07-09,2026-07-09 11:39:11,V018,121.0,0.9971744551964392
2026-07-09,2026-07-09 11:39:12,V018,120.0,0.989338931958724
2026-07-09,2026-07-09 11:39:13,V018,119.0,1.002454242512086
2026-07-09,2026-07-09 11:39:14,V018,118.0,0.986685344311665
2026-07-09,2026-07-09 11:39:15,V018,118.0,0.9884689822901138
2026-07-09,2026-07-09 11:39:16,V018,117.0,0.981567930569248
2026-07-09,2026-07-09 11:39:17,V018,117.0,0.9847382398900729
2026-07-09,2026-07-09 11:39:18,V018,116.0,1.0273796683101222
2026-07-09,2026-07-09 11:39:19,V018,116.0,0.9847308714324967
2026-07-09,2026-07-09 11:39:20,V018,116.0,0.9855834088142972
2026-07-09,2026-07-09 11:39:21,V018,116.0,0.9834055293742102
2026-07-09,2026-07-09 11:39:22,V018,116.0,0.9781516983004609
2026-07-09,2026-07-09 11:39:23,V018,116.0,0.9844743101957273
2026-07-09,2026-07-09 11:39:24,V018,117.0,0.9859264693885854
2026-07-09,2026-07-09 11:39:25,V018,118.0,0.9983614733835844
2026-07-09,2026-07-09 11:39:26,V018,119.0,0.9652409995462188
2026-07-09,2026-07-09 11:39:27,V018,119.0,1.0070650290112428
2026-07-09,2026-07-09 11:39:28,V018,119.0,0.9904234088074816
2026-07-09,2026-07-09 11:39:29,V018,119.0,0.984936643964413
2026-07-09,2026-07-09 11:39:30,V018,119.0,0.9855539173036051
2026-07-09,2026-07-09 11:39:31,V018,119.0,0.9762791386371091
2026-07-09,2026-07-09 11:39:32,V018,119.0,0.9918913125628349
2026-07-09,2026-07-09 11:39:33,V018,118.0,0.9809543023660536
2026-07-09,2026-07-09 11:39:34,V018,118.0,0.981293338842523
2026-07-09,2026-07-09 11:39:35,V018,117.0,0.9815821072023327
2026-07-09,2026-07-09 11:39:36,V018,117.0,0.9789999413939927
2026-07-09,2026-07-09 11:39:37,V018,117.0,0.9861252139887255
2026-07-09,2026-07-09 11:39:38,V018,117.0,0.9930017117143661
2026-07-09,2026-07-09 11:39:39,V018,118.0,0.9886792847872191
2026-07-09,2026-07-09 11:39:40,V018,118.0,1.006027261273469
2026-07-09,2026-07-09 11:39:41,V018,118.0,0.9737000897662644
2026-07-09,2026-07-09 11:39:42,V018,118.0,0.9627200345149219
2026-07-09,2026-07-09 11:39:43,V018,118.0,0.9810012893042167
2026-07-09,2026-07-09 11:39:44,V018,118.0,0.9770994312843148
2026-07-09,2026-07-09 11:39:45,V018,118.0,0.9635347629288622
2026-07-09,2026-07-09 11:39:46,V018,118.0,1.010041892164514
2026-07-09,2026-07-09 11:39:47,V018,118.0,0.9961452893035974
2026-07-09,2026-07-09 11:39:48,V018,118.0,0.9806681716329395
2026-07-09,2026-07-09 11:39:49,V018,118.0,0.9942200417413127
2026-07-09,2026-07-09 11:39:50,V018,118.0,0.9843154435970594
2026-07-09,2026-07-09 11:39:51,V018,118.0,0.9890319853669974
2026-07-09,2026-07-09 11:39:52,V018,118.0,0.9721550197113727
2026-07-09,2026-07-09 11:39:53,V018,118.0,0.974610437291403
2026-07-09,2026-07-09 11:39:54,V018,118.0,0.9708581428080492
2026-07-09,2026-07-09 11:39:55,V018,119.0,0.9898776381717643
2026-07-09,2026-07-09 11:39:56,V018,119.0,0.9612159742461037
2026-07-09,2026-07-09 11:39:57,V018,119.0,1.0140728824350194
2026-07-09,2026-07-09 11:39:58,V018,119.0,0.9734221787118292
2026-07-09,2026-07-09 11:39:59,V018,118.0,1.0246944040588577
2026-07-09,2026-07-09 11:40:00,V018,117.0,0.9746660348873849
2026-07-09,2026-07-09 11:40:01,V018,117.0,0.9822619225245357
2026-07-09,2026-07-09 11:40:02,V018,116.0,0.9977021650134851
2026-07-09,2026-07-09 11:40:03,V018,115.0,0.9777450004902464
2026-07-09,2026-07-09 11:40:04,V018,115.0,0.975902594304608
2026-07-09,2026-07-09 11:40:05,V018,116.0,1.002298463444301
2026-07-09,2026-07-09 11:40:06,V018,116.0,0.978390838153314
2026-07-09,2026-07-09 11:40:07,V018,117.0,0.9966338021395375
2026-07-09,2026-07-09 11:40:08,V018,116.0,0.9898984317692657
2026-07-09,2026-07-09 11:40:09,V018,116.0,0.9869338324127905
2026-07-09,2026-07-09 11:40:10,V018,115.0,0.9827158307177835
2026-07-09,2026-07-09 11:40:11,V018,115.0,0.9904724093870138
2026-07-09,2026-07-09 11:40:12,V018,114.0,0.9859581928011896
2026-07-09,2026-07-09 11:40:13,V018,114.0,0.9849910480489164
2026-07-09,2026-07-09 11:40:14,V018,112.0,0.9884097072556994
2026-07-09,2026-07-09 11:40:15,V018,111.0,0.9855228642638568
2026-07-09,2026-07-09 11:40:16,V018,110.0,0.9854693587803922
2026-07-09,2026-07-09 11:40:17,V018,110.0,0.9892896296113372
2026-07-09,2026-07-09 11:40:18,V018,110.0,0.9985066887924587
2026-07-09,2026-07-09 11:40:19,V018,110.0,0.9868629209001734
2026-07-09,2026-07-09 11:40:20,V018,110.0,0.9879605806532373
2026-07-09,2026-07-09 11:40:21,V018,110.0,0.9809551966875618
2026-07-09,2026-07-09 11:40:22,V018,111.0,0.9805260290720805
2026-07-09,2026-07-09 11:40:23,V018,111.0,0.9833535230651165
2026-07-09,2026-07-09 11:40:24,V018,112.0,0.9835426164401161
2026-07-09,2026-07-09 11:40:25,V018,113.0,0.9820930288086818
2026-07-09,2026-07-09 11:40:26,V018,114.0,0.9826764106084958
2026-07-09,2026-07-09 11:40:27,V018,115.0,0.9851830699974299
2026-07-09,2026-07-09 11:40:28,V018,114.0,0.9841696101309613
2026-07-09,2026-07-09 11:40:29,V018,113.0,0.9847008774081017
2026-07-09,2026-07-09 11:40:30,V018,113.0,0.9830766164959059
2026-07-09,2026-07-09 11:40:31,V018,112.0,0.9792958210150123
2026-07-09,2026-07-09 11:40:32,V018,111.0,0.9860580897485864
2026-07-09,2026-07-09 11:40:33,V018,111.0,0.9879123026310067
2026-07-09,2026-07-09 11:40:34,V018,110.0,1.013091911459734
2026-07-09,2026-07-09 11:40:35,V018,110.0,0.9550706738467624
2026-07-09,2026-07-09 11:40:36,V018,110.0,0.9771982414716199
2026-07-09,2026-07-09 11:40:37,V018,109.0,0.9842707947339224
2026-07-09,2026-07-09 11:40:38,V018,110.0,1.0017749026733418
2026-07-09,2026-07-09 11:40:39,V018,110.0,0.9845066912456402
2026-07-09,2026-07-09 11:40:40,V018,110.0,0.9717701772003827
2026-07-09,2026-07-09 11:40:41,V018,111.0,0.9973832735221311
2026-07-09,2026-07-09 11:40:42,V018,111.0,0.980647818811561
2026-07-09,2026-07-09 11:40:43,V018,112.0,0.9933378561147066
2026-07-09,2026-07-09 11:40:44,V018,112.0,0.9701162224569041
2026-07-09,2026-07-09 11:40:45,V018,113.0,0.9803665283219795
2026-07-09,2026-07-09 11:40:46,V018,113.0,0.9709320252366695
2026-07-09,2026-07-09 11:40:47,V018,113.0,0.9659981856795631
2026-07-09,2026-07-09 11:40:48,V018,112.0,0.9852555442664321
2026-07-09,2026-07-09 11:40:49,V018,112.0,0.9804459849750353
2026-07-09,2026-07-09 11:40:50,V018,111.0,0.9870806294279137
2026-07-09,2026-07-09 11:40:51,V018,111.0,0.975600662419382
2026-07-09,2026-07-09 11:40:52,V018,111.0,0.9905746425412874
2026-07-09,2026-07-09 11:40:53,V018,111.0,0.978899075948422
2026-07-09,2026-07-09 11:40:54,V018,111.0,0.9823616805867669
2026-07-09,2026-07-09 11:40:55,V018,112.0,0.9823037708576432
2026-07-09,2026-07-09 11:40:56,V018,112.0,0.9795912666294939
2026-07-09,2026-07-09 11:40:57,V018,113.0,0.9793003877899086
2026-07-09,2026-07-09 11:40:58,V018,114.0,0.9816378859195045
2026-07-09,2026-07-09 11:40:59,V018,114.0,0.9804810904281501
2026-07-09,2026-07-09 11:41:00,V018,115.0,0.9805088878199486
2026-07-09,2026-07-09 11:41:01,V018,116.0,0.9884558412482748
2026-07-09,2026-07-09 11:41:02,V018,117.0,0.9755616317026489
2026-07-09,2026-07-09 11:41:03,V018,117.0,1.0045836591229624
2026-07-09,2026-07-09 11:41:04,V018,117.0,0.9755796638744001
2026-07-09,2026-07-09 11:41:05,V018,116.0,0.9844751428710168
2026-07-09,2026-07-09 11:41:06,V018,116.0,0.9933346125679138
2026-07-09,2026-07-09 11:41:07,V018,115.0,0.987124315429694
2026-07-09,2026-07-09 11:41:08,V018,114.0,0.9893204983240778
2026-07-09,2026-07-09 11:41:09,V018,114.0,0.9807285020206726
2026-07-09,2026-07-09 11:41:10,V018,115.0,0.9827349589739169
2026-07-09,2026-07-09 11:41:11,V018,115.0,0.9844069458560191
2026-07-09,2026-07-09 11:41:12,V018,115.0,0.980316359678682
2026-07-09,2026-07-09 11:41:13,V018,115.0,0.9853017733896137
2026-07-09,2026-07-09 11:41:14,V018,114.0,0.9761051714633224
2026-07-09,2026-07-09 11:41:15,V018,114.0,0.9886945014618931
2026-07-09,2026-07-09 11:41:16,V018,114.0,0.9883782530368156
2026-07-09,2026-07-09 11:41:17,V018,114.0,0.9889272120278163
2026-07-09,2026-07-09 11:41:18,V018,114.0,0.9817438747793507
2026-07-09,2026-07-09 11:41:19,V018,114.0,0.9759362407174773
2026-07-09,2026-07-09 11:41:20,V018,114.0,0.9851617656705048
2026-07-09,2026-07-09 11:41:21,V018,114.0,0.9839981588170507
2026-07-09,2026-07-09 11:41:22,V018,114.0,0.9815224058788953
2026-07-09,2026-07-09 11:41:23,V018,114.0,0.9848776312278039
2026-07-09,2026-07-09 11:41:24,V018,114.0,0.9819825670282963
2026-07-09,2026-07-09 11:41:25,V018,115.0,0.9852222893263114
2026-07-09,2026-07-09 11:41:26,V018,115.0,0.9830934723849306
2026-07-09,2026-07-09 11:41:27,V018,115.0,0.9819999800344529
2026-07-09,2026-07-09 11:41:28,V018,115.0,0.9816240920589042
2026-07-09,2026-07-09 11:41:29,V018,115.0,0.9806771496019091
2026-07-09,2026-07-09 11:41:30,V018,115.0,0.9797080150265998
2026-07-09,2026-07-09 11:41:31,V018,114.0,0.9841423834488796
2026-07-09,2026-07-09 11:41:32,V018,114.0,0.9810126931123919
2026-07-09,2026-07-09 11:41:33,V018,114.0,0.9822610396029661
2026-07-09,2026-07-09 11:41:34,V018,113.0,0.9849796819441521
2026-07-09,2026-07-09 11:41:35,V018,113.0,0.9928576856691214
2026-07-09,2026-07-09 11:41:36,V018,112.0,0.9582886114152553
2026-07-09,2026-07-09 11:41:37,V018,111.0,0.9900171366780456
2026-07-09,2026-07-09 11:41:38,V018,111.0,0.9714570138417167
2026-07-09,2026-07-09 11:41:39,V018,110.0,0.9771854041495145
2026-07-09,2026-07-09 11:41:40,V018,109.0,0.9745133647519462
2026-07-09,2026-07-09 11:41:41,V018,109.0,0.9689946764438925
2026-07-09,2026-07-09 11:41:42,V018,108.0,0.984786501131066
2026-07-09,2026-07-09 11:41:43,V018,107.0,0.9778766321669301
2026-07-09,2026-07-09 11:41:44,V018,107.0,0.9602386131950427
2026-07-09,2026-07-09 11:41:45,V018,108.0,0.9973342381544766
2026-07-09,2026-07-09 11:41:46,V018,108.0,1.004092691223397
2026-07-09,2026-07-09 11:41:47,V018,109.0,0.9709662554370516
2026-07-09,2026-07-09 11:41:48,V018,109.0,0.9709675609038522
2026-07-09,2026-07-09 11:41:49,V018,110.0,0.9927214501717359
2026-07-09,2026-07-09 11:41:50,V018,110.0,0.9791864394098969
2026-07-09,2026-07-09 11:41:51,V018,111.0,0.975614688285699
2026-07-09,2026-07-09 11:41:52,V018,111.0,0.9734186495924427
2026-07-09,2026-07-09 11:41:53,V018,112.0,0.9776309520319486
2026-07-09,2026-07-09 11:41:54,V018,112.0,0.9769304555657448
2026-07-09,2026-07-09 11:41:55,V018,112.0,0.9743046079154192
2026-07-09,2026-07-09 11:41:56,V018,112.0,0.9731794148851983
2026-07-09,2026-07-09 11:41:57,V018,112.0,0.9747164562289354
2026-07-09,2026-07-09 11:41:58,V018,112.0,0.9730018242918632
2026-07-09,2026-07-09 11:41:59,V018,112.0,0.9759894801221108
2026-07-09,2026-07-09 11:42:00,V018,112.0,0.9834923007637264
2026-07-09,2026-07-09 11:42:01,V018,112.0,1.0294850716093409
2026-07-09,2026-07-09 11:42:02,V018,112.0,0.9829112409592554
2026-07-09,2026-07-09 11:42:03,V018,112.0,0.9815614384810829
2026-07-09,2026-07-09 11:42:04,V018,111.0,0.9728952921968897
2026-07-09,2026-07-09 11:42:05,V018,110.0,0.9862324905569398
2026-07-09,2026-07-09 11:42:06,V018,109.0,0.9670672821116987
2026-07-09,2026-07-09 11:42:07,V018,108.0,0.9790291807544975
2026-07-09,2026-07-09 11:42:08,V018,108.0,0.9733475179305395
2026-07-09,2026-07-09 11:42:09,V018,109.0,0.972042280762355
2026-07-09,2026-07-09 11:42:10,V018,109.0,0.9870277904451032
2026-07-09,2026-07-09 11:42:11,V018,109.0,0.9752456297460721
2026-07-09,2026-07-09 11:42:12,V018,109.0,0.975144323656612
2026-07-09,2026-07-09 11:42:13,V018,109.0,0.9821550691640368
2026-07-09,2026-07-09 11:42:14,V018,109.0,0.977095421961999
2026-07-09,2026-07-09 11:42:15,V018,109.0,0.9769172370042
2026-07-09,2026-07-09 11:42:16,V018,109.0,0.9929471080100516
2026-07-09,2026-07-09 11:42:17,V018,109.0,0.9826091059008102
2026-07-09,2026-07-09 11:42:18,V018,110.0,0.9752923867120529
2026-07-09,2026-07-09 11:42:19,V018,110.0,0.9768810269974632
2026-07-09,2026-07-09 11:42:20,V018,111.0,0.9767849372101669
2026-07-09,2026-07-09 11:42:21,V018,111.0,0.9726800720005925
2026-07-09,2026-07-09 11:42:22,V018,111.0,0.9784387979488002
2026-07-09,2026-07-09 11:42:23,V018,111.0,0.9748116172032162
2026-07-09,2026-07-09 11:42:24,V018,111.0,0.9758542706363599
2026-07-09,2026-07-09 11:42:25,V018,111.0,1.0136486810345948
2026-07-09,2026-07-09 11:42:26,V018,112.0,0.9907866187037683
2026-07-09,2026-07-09 11:42:27,V018,112.0,0.9890154702494438
2026-07-09,2026-07-09 11:42:28,V018,112.0,0.9844994354629515
2026-07-09,2026-07-09 11:42:29,V018,112.0,0.9921919693088065
2026-07-09,2026-07-09 11:42:30,V018,112.0,0.9599650866165538
2026-07-09,2026-07-09 11:42:31,V018,112.0,1.0065917768072605
2026-07-09,2026-07-09 11:42:32,V018,113.0,0.9882231388954666
2026-07-09,2026-07-09 11:42:33,V018,113.0,0.9820032220554248
2026-07-09,2026-07-09 11:42:34,V018,113.0,0.9884117939501421
2026-07-09,2026-07-09 11:42:35,V018,113.0,0.9849625276729705
2026-07-09,2026-07-09 11:42:36,V018,114.0,0.9847640758374178
2026-07-09,2026-07-09 11:42:37,V018,114.0,0.9864733744137746
2026-07-09,2026-07-09 11:42:38,V018,115.0,0.98480557428906
2026-07-09,2026-07-09 11:42:39,V018,115.0,0.9870257607307262
2026-07-09,2026-07-09 11:42:40,V018,116.0,0.9905595166774809
2026-07-09,2026-07-09 11:42:41,V018,116.0,0.9861360119933673
2026-07-09,2026-07-09 11:42:42,V018,116.0,0.9837759788351211
2026-07-09,2026-07-09 11:42:43,V018,117.0,0.9846606360870075
2026-07-09,2026-07-09 11:42:44,V018,117.0,0.9779611063709315
2026-07-09,2026-07-09 11:42:45,V018,117.0,0.9894703698816769
2026-07-09,2026-07-09 11:42:46,V018,117.0,0.9875581234050717
2026-07-09,2026-07-09 11:42:47,V018,118.0,0.9947826654761341
2026-07-09,2026-07-09 11:42:48,V018,118.0,0.9762720041071192
2026-07-09,2026-07-09 11:42:49,V018,118.0,0.9848685615899839
2026-07-09,2026-07-09 11:42:50,V018,117.0,0.9779727848481512
2026-07-09,2026-07-09 11:42:51,V018,117.0,0.9807244746953445
2026-07-09,2026-07-09 11:42:52,V018,116.0,0.9824385999346348
2026-07-09,2026-07-09 11:42:53,V018,116.0,0.9759492184589827
2026-07-09,2026-07-09 11:42:54,V018,115.0,0.9794490167469191
2026-07-09,2026-07-09 11:42:55,V018,115.0,0.9804761506521587
2026-07-09,2026-07-09 11:42:56,V018,115.0,0.9800006387521114
2026-07-09,2026-07-09 11:42:57,V018,114.0,0.9836259610619466
2026-07-09,2026-07-09 11:42:58,V018,114.0,1.0023995433670405
2026-07-09,2026-07-09 11:42:59,V018,114.0,0.9899982266995172
2026-07-09,2026-07-09 11:43:00,V018,114.0,0.9885403975314175
2026-07-09,2026-07-09 11:43:01,V018,115.0,0.9855080288746164
2026-07-09,2026-07-09 11:43:02,V018,115.0,0.9858028852509702
2026-07-09,2026-07-09 11:43:03,V018,116.0,0.9788888754545734
2026-07-09,2026-07-09 11:43:04,V018,117.0,0.9931236699772821
2026-07-09,2026-07-09 11:43:05,V018,117.0,0.9868374598715632
2026-07-09,2026-07-09 11:43:06,V018,118.0,0.9816865596283435
2026-07-09,2026-07-09 11:43:07,V018,118.0,0.9849027103665784
2026-07-09,2026-07-09 11:43:08,V018,118.0,1.0046768981110203
2026-07-09,2026-07-09 11:43:09,V018,118.0,0.9688996027340144
2026-07-09,2026-07-09 11:43:10,V018,117.0,0.9800815734172478
2026-07-09,2026-07-09 11:43:11,V018,117.0,0.9873459001429186
2026-07-09,2026-07-09 11:43:12,V018,117.0,0.9978929774558684
2026-07-09,2026-07-09 11:43:13,V018,117.0,0.987385633311773
2026-07-09,2026-07-09 11:43:14,V018,117.0,0.98832929342101
2026-07-09,2026-07-09 11:43:15,V018,117.0,0.9824008225081261
2026-07-09,2026-07-09 11:43:16,V018,117.0,0.9863864759199372
2026-07-09,2026-07-09 11:43:17,V018,117.0,0.985044175024701
2026-07-09,2026-07-09 11:43:18,V018,117.0,0.9893163317434115
2026-07-09,2026-07-09 11:43:19,V018,117.0,0.99215393245215
2026-07-09,2026-07-09 11:43:20,V018,116.0,0.9612287274685875
2026-07-09,2026-07-09 11:43:21,V018,116.0,1.0768497022307555
2026-07-09,2026-07-09 11:43:22,V018,116.0,0.9807160547623931
2026-07-09,2026-07-09 11:43:23,V018,116.0,0.9822886382148203
2026-07-09,2026-07-09 11:43:24,V018,115.0,0.9786191196229818
2026-07-09,2026-07-09 11:43:25,V018,115.0,0.9805061475217276
2026-07-09,2026-07-09 11:43:26,V018,115.0,1.0000672441680742
2026-07-09,2026-07-09 11:43:27,V018,116.0,0.9860548191259516
2026-07-09,2026-07-09 11:43:28,V018,116.0,0.9834473765540749
2026-07-09,2026-07-09 11:43:29,V018,116.0,0.978460950985544
2026-07-09,2026-07-09 11:43:30,V018,117.0,0.9858484376754962
2026-07-09,2026-07-09 11:43:31,V018,117.0,0.978897339335468
2026-07-09,2026-07-09 11:43:32,V018,118.0,0.9934380970444111
2026-07-09,2026-07-09 11:43:33,V018,118.0,0.9776225633482674
2026-07-09,2026-07-09 11:43:34,V018,119.0,0.9865638316996366
2026-07-09,2026-07-09 11:43:35,V018,119.0,0.9808864932545271
2026-07-09,2026-07-09 11:43:36,V018,119.0,0.9853865430341198
2026-07-09,2026-07-09 11:43:37,V018,118.0,0.9812706775979281
2026-07-09,2026-07-09 11:43:38,V018,118.0,0.9888134495347302
2026-07-09,2026-07-09 11:43:39,V018,118.0,0.9785101860986193
2026-07-09,2026-07-09 11:43:40,V018,118.0,0.9784749038308259
2026-07-09,2026-07-09 11:43:41,V018,117.0,0.9841773017816201
2026-07-09,2026-07-09 11:43:42,V018,117.0,0.9777185918683469
2026-07-09,2026-07-09 11:43:43,V018,117.0,0.9798948243902966
2026-07-09,2026-07-09 11:43:44,V018,117.0,0.9801133113851729
2026-07-09,2026-07-09 11:43:45,V018,117.0,0.9830603017268886
2026-07-09,2026-07-09 11:43:46,V018,117.0,0.9759992305375265
2026-07-09,2026-07-09 11:43:47,V018,118.0,0.9890689054968639
2026-07-09,2026-07-09 11:43:48,V018,118.0,0.9937061188372857
2026-07-09,2026-07-09 11:43:49,V018,119.0,0.9790868210770621
2026-07-09,2026-07-09 11:43:50,V018,119.0,0.9913540178953802
2026-07-09,2026-07-09 11:43:51,V018,119.0,0.980871899608158
2026-07-09,2026-07-09 11:43:52,V018,120.0,0.9622858498643847
2026-07-09,2026-07-09 11:43:53,V018,120.0,0.9762839058254844
2026-07-09,2026-07-09 11:43:54,V018,120.0,1.0019740036746703
2026-07-09,2026-07-09 11:43:55,V018,120.0,0.9836944073195129
2026-07-09,2026-07-09 11:43:56,V018,120.0,0.9864800977290934
2026-07-09,2026-07-09 11:43:57,V018,119.0,0.9829050471780035
2026-07-09,2026-07-09 11:43:58,V018,119.0,0.9825492859674999
2026-07-09,2026-07-09 11:43:59,V018,119.0,0.9873867126983729
2026-07-09,2026-07-09 11:44:00,V018,118.0,0.9868327874297848
2026-07-09,2026-07-09 11:44:01,V018,118.0,0.9885988015204995
2026-07-09,2026-07-09 11:44:02,V018,117.0,0.9910555051734747
2026-07-09,2026-07-09 11:44:03,V018,117.0,1.01730536846987
2026-07-09,2026-07-09 11:44:04,V018,117.0,0.9899803934368749
2026-07-09,2026-07-09 11:44:05,V018,117.0,1.0818365952508058
2026-07-09,2026-07-09 11:44:06,V018,118.0,0.9821110684628841
2026-07-09,2026-07-09 11:44:07,V018,119.0,1.0042172823236766
2026-07-09,2026-07-09 11:44:08,V018,119.0,0.9900519377764132
2026-07-09,2026-07-09 11:44:09,V018,120.0,1.0231217323418624
2026-07-09,2026-07-09 11:44:10,V018,120.0,0.9688515121704464
2026-07-09,2026-07-09 11:44:11,V018,120.0,1.0113712460071702
2026-07-09,2026-07-09 11:44:12,V018,119.0,1.0027725541775403
2026-07-09,2026-07-09 11:44:13,V018,119.0,0.9332101528481025
2026-07-09,2026-07-09 11:44:14,V018,119.0,1.1298054019565977
2026-07-09,2026-07-09 11:44:15,V018,119.0,0.9938212805988252
2026-07-09,2026-07-09 11:44:16,V018,118.0,0.9581396760409295
2026-07-09,2026-07-09 11:44:17,V018,118.0,1.0185648880195812
2026-07-09,2026-07-09 11:44:18,V018,118.0,1.0485131823902247
2026-07-09,2026-07-09 11:44:19,V018,117.0,0.9975860013388588
2026-07-09,2026-07-09 11:44:20,V018,117.0,0.985175712688889
2026-07-09,2026-07-09 11:44:21,V018,117.0,1.0206600008263584
2026-07-09,2026-07-09 11:44:22,V018,117.0,1.0172627815328317
2026-07-09,2026-07-09 11:44:23,V018,117.0,1.022112722696748
2026-07-09,2026-07-09 11:44:24,V018,117.0,0.996872951881861
2026-07-09,2026-07-09 11:44:25,V018,117.0,1.0088966921539149
2026-07-09,2026-07-09 11:44:26,V018,117.0,1.03218156132232
2026-07-09,2026-07-09 11:44:27,V018,117.0,0.9659839117731971
2026-07-09,2026-07-09 11:44:28,V018,117.0,1.0141925904281663
2026-07-09,2026-07-09 11:44:29,V018,118.0,1.0238108779127593
2026-07-09,2026-07-09 11:44:30,V018,118.0,0.9676620799787847
2026-07-09,2026-07-09 11:44:31,V018,119.0,1.005982966870153
2026-07-09,2026-07-09 11:44:32,V018,120.0,1.0214527683453551
2026-07-09,2026-07-09 11:44:33,V018,121.0,0.9612173177441562
2026-07-09,2026-07-09 11:44:34,V018,121.0,1.0120650621864529
2026-07-09,2026-07-09 11:44:35,V018,122.0,0.9880737724954562
2026-07-09,2026-07-09 11:44:36,V018,122.0,1.0090629133893187
2026-07-09,2026-07-09 11:44:37,V018,123.0,0.9721462230846503
2026-07-09,2026-07-09 11:44:38,V018,123.0,1.0236570534138698
2026-07-09,2026-07-09 11:44:39,V018,124.0,1.0036618978693468
2026-07-09,2026-07-09 11:44:40,V018,124.0,0.9685514449288546
2026-07-09,2026-07-09 11:44:41,V018,124.0,0.9947737344254162
2026-07-09,2026-07-09 11:44:42,V018,125.0,1.0057454085646884
2026-07-09,2026-07-09 11:44:43,V018,125.0,0.9835800374295984
2026-07-09,2026-07-09 11:44:44,V018,125.0,0.9781249314226779
2026-07-09,2026-07-09 11:44:45,V018,125.0,1.0029016988105555
2026-07-09,2026-07-09 11:44:46,V018,124.0,0.9929998472964491
2026-07-09,2026-07-09 11:44:47,V018,124.0,1.0044086470115368
2026-07-09,2026-07-09 11:44:48,V018,123.0,1.0249761649814964
2026-07-09,2026-07-09 11:44:49,V018,123.0,0.9772380048887623
2026-07-09,2026-07-09 11:44:50,V018,122.0,1.0001711851426647
2026-07-09,2026-07-09 11:44:51,V018,121.0,0.9850725997040123
2026-07-09,2026-07-09 11:44:52,V018,119.0,0.9896653613467087
2026-07-09,2026-07-09 11:44:53,V018,117.0,0.9313494897849619
2026-07-09,2026-07-09 11:44:54,V018,116.0,1.102015577732337
2026-07-09,2026-07-09 11:44:55,V018,115.0,1.077965804559532
2026-07-09,2026-07-09 11:44:56,V018,115.0,0.9710397019766697
2026-07-09,2026-07-09 11:44:57,V018,115.0,0.981723649370958
2026-07-09,2026-07-09 11:44:58,V018,114.0,1.0062062529533429
2026-07-09,2026-07-09 11:44:59,V018,114.0,1.081441453123213
2026-07-09,2026-07-09 11:45:00,V018,114.0,1.1492421614426618
2026-07-09,2026-07-09 11:45:01,V018,114.0,1.1788167672304564
2026-07-09,2026-07-09 11:45:02,V018,114.0,1.2221555716667138
2026-07-09,2026-07-09 11:45:03,V018,115.0,1.219366299120126
2026-07-09,2026-07-09 11:45:04,V018,115.0,1.0047312688749837
2026-07-09,2026-07-09 11:45:05,V018,116.0,1.2048628445824672
2026-07-09,2026-07-09 11:45:06,V018,116.0,1.054810588258051
2026-07-09,2026-07-09 11:45:07,V018,116.0,1.296048321221176
2026-07-09,2026-07-09 11:45:08,V018,116.0,1.0055711646085648
2026-07-09,2026-07-09 11:45:09,V018,116.0,1.047105257174656
2026-07-09,2026-07-09 11:45:10,V018,116.0,1.0454695335357311
2026-07-09,2026-07-09 11:45:11,V018,116.0,1.2129842919137612
2026-07-09,2026-07-09 11:45:12,V018,116.0,1.0168707825638212
2026-07-09,2026-07-09 11:45:13,V018,115.0,1.036807318491765
2026-07-09,2026-07-09 11:45:14,V018,115.0,1.01850788061519
2026-07-09,2026-07-09 11:45:15,V018,115.0,1.2850550992098866
2026-07-09,2026-07-09 11:45:16,V018,116.0,0.8190533518326238
2026-07-09,2026-07-09 11:45:17,V018,116.0,1.1930342310650652
2026-07-09,2026-07-09 11:45:18,V018,117.0,1.0500332822505263
2026-07-09,2026-07-09 11:45:19,V018,117.0,1.0051670643390944
2026-07-09,2026-07-09 11:45:20,V018,117.0,1.015330866201188
2026-07-09,2026-07-09 11:45:21,V018,118.0,1.0327659606579844
2026-07-09,2026-07-09 11:45:22,V018,118.0,1.0086517906028798
2026-07-09,2026-07-09 11:45:23,V018,118.0,1.1342958828313856
2026-07-09,2026-07-09 11:45:24,V018,118.0,1.0627192225508604
2026-07-09,2026-07-09 11:45:25,V018,118.0,1.0391367719170888
2026-07-09,2026-07-09 11:45:26,V018,118.0,1.0375978648724296
2026-07-09,2026-07-09 11:45:27,V018,119.0,1.0315658682862408
2026-07-09,2026-07-09 11:45:28,V018,120.0,1.0510803895305245
2026-07-09,2026-07-09 11:45:29,V018,121.0,1.0366032939289718
2026-07-09,2026-07-09 11:45:30,V018,121.0,1.0685322404343576
2026-07-09,2026-07-09 11:45:31,V018,121.0,1.015691827060161
2026-07-09,2026-07-09 11:45:32,V018,121.0,1.0216730023404028
2026-07-09,2026-07-09 11:45:33,V018,121.0,1.033475719074345
2026-07-09,2026-07-09 11:45:34,V018,121.0,1.0302477675868287
2026-07-09,2026-07-09 11:45:35,V018,121.0,1.0398452209897922
2026-07-09,2026-07-09 11:45:36,V018,,1.1148422157228837
2026-07-09,2026-07-09 11:45:37,V018,,1.0132716716994812
2026-07-09,2026-07-09 11:45:38,V018,,0.9576986237325655
2026-07-09,2026-07-09 11:45:39,V018,,1.076897948805989
2026-07-09,2026-07-09 11:45:40,V018,,1.0118006802159962
2026-07-09,2026-07-09 11:45:41,V018,,1.01100758760143
2026-07-09,2026-07-09 11:45:42,V018,,0.9961746926918853
2026-07-09,2026-07-09 11:45:43,V018,,1.0120540484440101
2026-07-09,2026-07-09 11:45:44,V018,,1.0190861231022426
2026-07-09,2026-07-09 11:45:45,V018,,1.0214068692870135
2026-07-09,2026-07-09 11:45:46,V018,,1.015043064986872
2026-07-09,2026-07-09 11:45:47,V018,,1.0301059293883497
2026-07-09,2026-07-09 11:45:48,V018,,1.0402546668762926
2026-07-09,2026-07-09 11:45:49,V018,,1.010716104721021
2026-07-09,2026-07-09 11:45:50,V018,,0.9639593603446013
2026-07-09,2026-07-09 11:45:51,V018,,1.0129586593096616
2026-07-09,2026-07-09 11:45:52,V018,,1.0262125109409639
2026-07-09,2026-07-09 11:45:53,V018,,1.0092973830740648
2026-07-09,2026-07-09 11:45:54,V018,,1.002775601841421
2026-07-09,2026-07-09 11:45:55,V018,,0.986378397424486
2026-07-09,2026-07-09 11:45:56,V018,,1.0041660080620989
2026-07-09,2026-07-09 11:45:57,V018,,1.0012247113269084
2026-07-09,2026-07-09 11:45:58,V018,,1.0004837687510983
2026-07-09,2026-07-09 11:45:59,V018,,1.0134892563023201
2026-07-09,2026-07-09 11:46:00,V018,,1.0335843018113091
2026-07-09,2026-07-09 11:46:01,V018,,1.1120808570751628
2026-07-09,2026-07-09 11:46:02,V018,,0.9224555108565677
2026-07-09,2026-07-09 11:46:03,V018,,0.976208294245655
2026-07-09,2026-07-09 11:46:04,V018,,0.9657613640314597
2026-07-09,2026-07-09 11:46:05,V018,,0.9916936355462979
2026-07-09,2026-07-09 11:46:06,V018,,1.0084632332650882
2026-07-09,2026-07-09 11:46:07,V018,,0.9918603077847019
2026-07-09,2026-07-09 11:46:08,V018,,1.0355978964856483
2026-07-09,2026-07-09 11:46:09,V018,,0.9560113997132195
2026-07-09,2026-07-09 11:46:10,V018,,0.9053342436463371
2026-07-09,2026-07-09 11:46:11,V018,,1.1043423470122906
2026-07-09,2026-07-09 11:46:12,V018,,1.0618669031324064
2026-07-09,2026-07-09 11:46:13,V018,,0.9872642956373607
2026-07-09,2026-07-09 11:46:14,V018,,0.9881293026216686
2026-07-09,2026-07-09 11:46:15,V018,,0.9989172336714942
2026-07-09,2026-07-09 11:46:16,V018,,0.987396190727372
2026-07-09,2026-07-09 11:46:17,V018,,0.9537019280136501
2026-07-09,2026-07-09 11:46:18,V018,,0.9868232596255998
2026-07-09,2026-07-09 11:46:19,V018,,0.9877541983059289
2026-07-09,2026-07-09 11:46:20,V018,,0.9877616568716817
2026-07-09,2026-07-09 11:46:21,V018,,0.987735521212919
2026-07-09,2026-07-09 11:46:22,V018,,0.987385473930982
2026-07-09,2026-07-09 11:46:23,V018,,0.9877373123723148
2026-07-09,2026-07-09 11:46:24,V018,,0.987308217731265
2026-07-09,2026-07-09 11:46:25,V018,,0.9876969774608255
2026-07-09,2026-07-09 11:46:26,V018,,0.987431509755903
2026-07-09,2026-07-09 11:46:27,V018,,0.987782537979511
2026-07-09,2026-07-09 11:46:28,V018,,0.9875126954689177
2026-07-09,2026-07-09 11:46:29,V018,,0.9870414146877317
2026-07-09,2026-07-09 11:46:30,V018,,0.9869810337035042
2026-07-09,2026-07-09 11:46:31,V018,,0.9874028592847097
2026-07-09,2026-07-09 11:46:32,V018,,0.987310702775984
2026-07-09,2026-07-09 11:46:33,V018,,0.9874941995072415
2026-07-09,2026-07-09 11:46:34,V018,,0.9879744567140812
2026-07-09,2026-07-09 11:46:35,V018,,0.9872474064285585
2026-07-09,2026-07-09 11:46:36,V018,,0.9874531972604588
2026-07-09,2026-07-09 11:46:37,V018,,0.987998930931053
2026-07-09,2026-07-09 11:46:38,V018,,0.987159401948794
2026-07-09,2026-07-09 11:46:39,V018,,0.9872661950452947
2026-07-09,2026-07-09 11:46:40,V018,,0.9873652027636474
2026-07-09,2026-07-09 11:46:41,V018,,0.987447914642967
2026-07-09,2026-07-09 11:46:42,V018,,0.9876913220958001
2026-07-09,2026-07-09 11:46:43,V018,,0.9876355771997756
2026-07-09,2026-07-09 11:46:44,V018,,0.98734233138997
2026-07-09,2026-07-09 11:46:45,V018,,0.9876586984296657
2026-07-09,2026-07-09 11:46:46,V018,,0.9871236699256398
2026-07-09,2026-07-09 11:46:47,V018,,0.9874324345531699
2026-07-09,2026-07-09 11:46:48,V018,,0.9875451302587777
2026-07-09,2026-07-09 11:46:49,V018,,0.988039899007382
2026-07-09,2026-07-09 11:46:50,V018,,0.9871999430202986
2026-07-09,2026-07-09 11:46:51,V018,,0.9878740072751354
2026-07-09,2026-07-09 11:46:52,V018,,0.9878539546862082
2026-07-09,2026-07-09 11:46:53,V018,,0.9877138955060726
2026-07-09,2026-07-09 11:46:54,V018,,0.9876768133275964
2026-07-09,2026-07-09 11:46:55,V018,,0.9875237163263143
2026-07-09,2026-07-09 11:46:56,V018,,0.9876292486920363
2026-07-09,2026-07-09 11:46:57,V018,,0.9775881428741698
2026-07-09,2026-07-09 11:46:58,V018,,0.9886826336680626
2026-07-09,2026-07-09 11:46:59,V018,,0.9922559295799843
2026-07-09,2026-07-09 11:47:00,V018,,0.9822076657881083
2026-07-09,2026-07-09 11:47:01,V018,,0.9875167557943052
2026-07-09,2026-07-09 11:47:02,V018,,0.9870271303475541
2026-07-09,2026-07-09 11:47:03,V018,,0.9872920004422782
2026-07-09,2026-07-09 11:47:04,V018,,0.9701830544819378
2026-07-09,2026-07-09 11:47:05,V018,,1.0192412243294235
2026-07-09,2026-07-09 11:47:06,V018,,0.9873418158656853
2026-07-09,2026-07-09 11:47:07,V018,,0.987830179694383
2026-07-09,2026-07-09 11:47:08,V018,,0.998666624635743
2026-07-09,2026-07-09 11:47:09,V018,,0.986841517843466
2026-07-09,2026-07-09 11:47:10,V018,,0.9875139615617129
2026-07-09,2026-07-09 11:47:11,V018,,0.986941090856654
2026-07-09,2026-07-09 11:47:12,V018,,0.9985417653395694
2026-07-09,2026-07-09 11:47:13,V018,,0.9924138722441369
2026-07-09,2026-07-09 11:47:14,V018,,0.9808564192039598
2026-07-09,2026-07-09 11:47:15,V018,,1.0022029099450036
2026-07-09,2026-07-09 11:47:16,V018,,1.032975046054819
2026-07-09,2026-07-09 11:47:17,V018,,0.9876835717205812
2026-07-09,2026-07-09 11:47:18,V018,,0.9870967818382212
2026-07-09,2026-07-09 11:47:19,V018,,1.0055266422479536
2026-07-09,2026-07-09 11:47:20,V018,,0.9167985588306499
2026-07-09,2026-07-09 11:47:21,V018,,1.0016311969331695
2026-07-09,2026-07-09 11:47:22,V018,,0.9611562697677758
2026-07-09,2026-07-09 11:47:23,V018,,1.025564452106882
2026-07-09,2026-07-09 11:47:24,V018,,1.0159926886743602
2026-07-09,2026-07-09 11:47:25,V018,,0.9799401780606212
2026-07-09,2026-07-09 11:47:26,V018,,0.9994146253347707
2026-07-09,2026-07-09 11:47:27,V018,,0.9873325471618473
2026-07-09,2026-07-09 11:47:28,V018,,0.9874789899041541
2026-07-09,2026-07-09 11:47:29,V018,,0.987153410952123
2026-07-09,2026-07-09 11:47:30,V018,,0.9875212917173911
2026-07-09,2026-07-09 11:47:31,V018,,0.9874577305121734
2026-07-09,2026-07-09 11:47:32,V018,,1.0477113610637068
2026-07-09,2026-07-09 11:47:33,V018,,1.0176599392114405
2026-07-09,2026-07-09 11:47:34,V018,,0.9848317815362226
2026-07-09,2026-07-09 11:47:35,V018,,0.8652473039788602
2026-07-09,2026-07-09 11:47:36,V018,,1.0027088347994964
2026-07-09,2026-07-09 11:47:37,V018,,0.9593974979780822
2026-07-09,2026-07-09 11:47:38,V018,,1.038445656765849
2026-07-09,2026-07-09 11:47:39,V018,,1.0038349604877417
2026-07-09,2026-07-09 11:47:40,V018,,0.9369013898914161
2026-07-09,2026-07-09 11:47:41,V018,,1.0266759058204218
2026-07-09,2026-07-09 11:47:42,V018,,1.013123138105248
2026-07-09,2026-07-09 11:47:43,V018,,0.9944181448061733
2026-07-09,2026-07-09 11:47:44,V018,,1.0234017793037136
2026-07-09,2026-07-09 11:47:45,V018,,1.0404879010898491
2026-07-09,2026-07-09 11:47:46,V018,,1.1431603551299072
2026-07-09,2026-07-09 11:47:47,V018,,1.0474030431943437
2026-07-09,2026-07-09 11:47:48,V018,121.0,1.012082153803485
2026-07-09,2026-07-09 11:47:49,V018,121.0,1.0119601070607065
2026-07-09,2026-07-09 11:47:50,V018,121.0,1.0119933526565132
2026-07-09,2026-07-09 11:47:51,V018,121.0,1.0123029368455763
2026-07-09,2026-07-09 11:47:52,V018,121.0,1.0116796627985345
2026-07-09,2026-07-09 11:47:53,V018,121.0,1.0146952556302435
2026-07-09,2026-07-09 11:47:54,V018,121.0,1.0119572945329631
2026-07-09,2026-07-09 11:47:55,V018,121.0,1.0120559827780669
2026-07-09,2026-07-09 11:47:56,V018,121.0,1.0115028501149752
2026-07-09,2026-07-09 11:47:57,V018,121.0,1.0118023894528005
2026-07-09,2026-07-09 11:47:58,V018,121.0,1.0120488674222812
2026-07-09,2026-07-09 11:47:59,V018,121.0,1.0117549220900681
2026-07-09,2026-07-09 11:48:00,V018,121.0,1.011210549555787
2026-07-09,2026-07-09 11:48:01,V018,120.0,1.0112836362006477
2026-07-09,2026-07-09 11:48:02,V018,120.0,1.011954322359872
2026-07-09,2026-07-09 11:48:03,V018,120.0,1.0114020678770874
2026-07-09,2026-07-09 11:48:04,V018,120.0,1.0116120998905258
2026-07-09,2026-07-09 11:48:05,V018,120.0,1.0109565134596004
2026-07-09,2026-07-09 11:48:06,V018,120.0,1.0110256454689361
2026-07-09,2026-07-09 11:48:07,V018,120.0,1.0115681168690236
2026-07-09,2026-07-09 11:48:08,V018,119.0,1.0116738037789845
2026-07-09,2026-07-09 11:48:09,V018,119.0,1.0118724103417438
2026-07-09,2026-07-09 11:48:10,V018,119.0,1.0114224627225867
2026-07-09,2026-07-09 11:48:11,V018,119.0,1.0116386471538186
2026-07-09,2026-07-09 11:48:12,V018,119.0,1.011339233102105
2026-07-09,2026-07-09 11:48:13,V018,118.0,1.0115476281718023
2026-07-09,2026-07-09 11:48:14,V018,118.0,1.0116043629734002
2026-07-09,2026-07-09 11:48:15,V018,117.0,1.0112496669055373
2026-07-09,2026-07-09 11:48:16,V018,117.0,1.0114986098008478
2026-07-09,2026-07-09 11:48:17,V018,116.0,1.0116231453822195
2026-07-09,2026-07-09 11:48:18,V018,112.0,1.0118695022360946
2026-07-09,2026-07-09 11:48:19,V018,109.0,1.0113117395598625
2026-07-09,2026-07-09 11:48:20,V018,106.0,1.0113277233513176
2026-07-09,2026-07-09 11:48:21,V018,104.0,1.0117020577049187
2026-07-09,2026-07-09 11:48:22,V018,103.0,1.011941467848902
2026-07-09,2026-07-09 11:48:23,V018,102.0,1.0116832107291802
2026-07-09,2026-07-09 11:48:24,V018,102.0,1.01118307148976
2026-07-09,2026-07-09 11:48:25,V018,103.0,1.01167318524783
2026-07-09,2026-07-09 11:48:26,V018,103.0,1.011043632968629
2026-07-09,2026-07-09 11:48:27,V018,104.0,1.0116724198950762
2026-07-09,2026-07-09 11:48:28,V018,105.0,1.011825568758244
2026-07-09,2026-07-09 11:48:29,V018,105.0,1.0115422154281555
2026-07-09,2026-07-09 11:48:30,V018,105.0,1.0118841694577452
2026-07-09,2026-07-09 11:48:31,V018,105.0,1.0115415363468794
2026-07-09,2026-07-09 11:48:32,V018,104.0,1.0114520027970246
2026-07-09,2026-07-09 11:48:33,V018,104.0,1.0115879793282405
2026-07-09,2026-07-09 11:48:34,V018,104.0,1.011417021656908
2026-07-09,2026-07-09 11:48:35,V018,103.0,1.0113535216583829
2026-07-09,2026-07-09 11:48:36,V018,103.0,1.0114886776749292
2026-07-09,2026-07-09 11:48:37,V018,102.0,1.0117722437304073
2026-07-09,2026-07-09 11:48:38,V018,101.0,1.01083151257495
2026-07-09,2026-07-09 11:48:39,V018,101.0,1.0114674719165457
2026-07-09,2026-07-09 11:48:40,V018,99.0,1.0116602124746172
2026-07-09,2026-07-09 11:48:41,V018,98.0,1.0111952029297226
2026-07-09,2026-07-09 11:48:42,V018,97.0,1.0117820348326165
2026-07-09,2026-07-09 11:48:43,V018,96.0,1.0112688066028146
2026-07-09,2026-07-09 11:48:44,V018,96.0,1.0117334692108695
2026-07-09,2026-07-09 11:48:45,V018,96.0,1.0112197895210642
2026-07-09,2026-07-09 11:48:46,V018,97.0,1.0120188224170312
2026-07-09,2026-07-09 11:48:47,V018,97.0,1.011825032481188
2026-07-09,2026-07-09 11:48:48,V018,97.0,1.0115485151097543
2026-07-09,2026-07-09 11:48:49,V018,97.0,1.0113397807733022
2026-07-09,2026-07-09 11:48:50,V018,97.0,1.0110946058873462
2026-07-09,2026-07-09 11:48:51,V018,97.0,1.0119382312793923
2026-07-09,2026-07-09 11:48:52,V018,97.0,1.011072777849755
2026-07-09,2026-07-09 11:48:53,V018,96.0,1.0114095213731504
2026-07-09,2026-07-09 11:48:54,V018,96.0,1.0114444797388384
2026-07-09,2026-07-09 11:48:55,V018,96.0,1.0108834272031184
2026-07-09,2026-07-09 11:48:56,V018,96.0,1.0112836152736613
2026-07-09,2026-07-09 11:48:57,V018,96.0,1.0116837711900175
2026-07-09,2026-07-09 11:48:58,V018,97.0,1.011798315899098
2026-07-09,2026-07-09 11:48:59,V018,97.0,1.0114700503325056
2026-07-09,2026-07-09 11:49:00,V018,97.0,1.011142581088887
2026-07-09,2026-07-09 11:49:01,V018,98.0,1.011137613243637
2026-07-09,2026-07-09 11:49:02,V018,98.0,1.0120785953706717
2026-07-09,2026-07-09 11:49:03,V018,98.0,1.0113420308469805
2026-07-09,2026-07-09 11:49:04,V018,98.0,1.0109267996482136
2026-07-09,2026-07-09 11:49:05,V018,98.0,1.0118619953441617
2026-07-09,2026-07-09 11:49:06,V018,99.0,1.0117694347910187
2026-07-09,2026-07-09 11:49:07,V018,99.0,1.0114796679105933
2026-07-09,2026-07-09 11:49:08,V018,99.0,1.0115175496412137
2026-07-09,2026-07-09 11:49:09,V018,100.0,1.011504383145487
2026-07-09,2026-07-09 11:49:10,V018,100.0,1.0116678211024284
2026-07-09,2026-07-09 11:49:11,V018,100.0,1.0116393925418523
2026-07-09,2026-07-09 11:49:12,V018,101.0,1.011336761628117
2026-07-09,2026-07-09 11:49:13,V018,102.0,1.011374873879153
2026-07-09,2026-07-09 11:49:14,V018,101.0,1.0115883732077078
2026-07-09,2026-07-09 11:49:15,V018,101.0,1.010795454552321
2026-07-09,2026-07-09 11:49:16,V018,101.0,1.01144045056036
2026-07-09,2026-07-09 11:49:17,V018,101.0,1.0117604026952687
2026-07-09,2026-07-09 11:49:18,V018,101.0,1.011572513193723
2026-07-09,2026-07-09 11:49:19,V018,101.0,1.0111173485943061
2026-07-09,2026-07-09 11:49:20,V018,101.0,1.0114202764845799
2026-07-09,2026-07-09 11:49:21,V018,100.0,1.0110195640493629
2026-07-09,2026-07-09 11:49:22,V018,100.0,1.0113445546166644
2026-07-09,2026-07-09 11:49:23,V018,99.0,1.0118353966554137
2026-07-09,2026-07-09 11:49:24,V018,98.0,1.011765154474844
2026-07-09,2026-07-09 11:49:25,V018,98.0,1.011717560332388
2026-07-09,2026-07-09 11:49:26,V018,97.0,1.0116469195789706
2026-07-09,2026-07-09 11:49:27,V018,97.0,1.011152692164016
2026-07-09,2026-07-09 11:49:28,V018,96.0,1.0114594901235214
2026-07-09,2026-07-09 11:49:29,V018,96.0,1.0110546557540143
2026-07-09,2026-07-09 11:49:30,V018,96.0,1.011297143734435
2026-07-09,2026-07-09 11:49:31,V018,96.0,1.0112458561076445
2026-07-09,2026-07-09 11:49:32,V018,96.0,1.0114068868784725
2026-07-09,2026-07-09 11:49:33,V018,95.0,1.0115822755174935
2026-07-09,2026-07-09 11:49:34,V018,95.0,1.011133554852807
2026-07-09,2026-07-09 11:49:35,V018,95.0,1.0117452355469052
2026-07-09,2026-07-09 11:49:36,V018,96.0,1.011125711601974
2026-07-09,2026-07-09 11:49:37,V018,96.0,1.0113044752792655
2026-07-09,2026-07-09 11:49:38,V018,96.0,1.01141795941158
2026-07-09,2026-07-09 11:49:39,V018,96.0,1.0116012969144352
2026-07-09,2026-07-09 11:49:40,V018,96.0,1.011198911469769
2026-07-09,2026-07-09 11:49:41,V018,97.0,1.0110739602645464
2026-07-09,2026-07-09 11:49:42,V018,97.0,1.0112244210499473
2026-07-09,2026-07-09 11:49:43,V018,97.0,1.0113988667250973
2026-07-09,2026-07-09 11:49:44,V018,99.0,1.0114957882149527
2026-07-09,2026-07-09 11:49:45,V018,101.0,1.0114367563561935
2026-07-09,2026-07-09 11:49:46,V018,,1.011298418671242
2026-07-09,2026-07-09 11:49:47,V018,,1.0118039463348707
