Date,Timestamp,SensorID,HeartRate,AccNorm
2026-07-09,2026-07-09 10:40:00,V024,155.0,1.013925255128706
2026-07-09,2026-07-09 10:40:01,V024,155.0,0.9839248747091347
2026-07-09,2026-07-09 10:40:02,V024,155.0,1.0325842569646186
2026-07-09,2026-07-09 10:40:03,V024,155.0,0.9234456484949881
2026-07-09,2026-07-09 10:40:04,V024,155.0,0.9650223891245034
2026-07-09,2026-07-09 10:40:05,V024,156.0,0.945230495085731
2026-07-09,2026-07-09 10:40:06,V024,156.0,0.9444590454796847
2026-07-09,2026-07-09 10:40:07,V024,157.0,0.9631911521824603
2026-07-09,2026-07-09 10:40:08,V024,157.0,0.9329125858946975
2026-07-09,2026-07-09 10:40:09,V024,157.0,0.944329801569985
2026-07-09,2026-07-09 10:40:10,V024,157.0,0.953155598167551
2026-07-09,2026-07-09 10:40:11,V024,157.0,0.9816477190850618
2026-07-09,2026-07-09 10:40:12,V024,157.0,0.9341004436029633
2026-07-09,2026-07-09 10:40:13,V024,157.0,0.9619723805415654
2026-07-09,2026-07-09 10:40:14,V024,157.0,0.945145885706477
2026-07-09,2026-07-09 10:40:15,V024,157.0,0.9594922004200674
2026-07-09,2026-07-09 10:40:16,V024,157.0,0.9526482815779188
2026-07-09,2026-07-09 10:40:17,V024,157.0,0.9681766259658339
2026-07-09,2026-07-09 10:40:18,V024,157.0,0.9410249016638151
2026-07-09,2026-07-09 10:40:19,V024,157.0,0.9790285099194894
2026-07-09,2026-07-09 10:40:20,V024,156.0,0.9511460663917864
2026-07-09,2026-07-09 10:40:21,V024,155.0,0.9769822485180029
2026-07-09,2026-07-09 10:40:22,V024,155.0,0.9602909922536063
2026-07-09,2026-07-09 10:40:23,V024,154.0,0.9780976955901957
2026-07-09,2026-07-09 10:40:24,V024,153.0,0.944987851269141
2026-07-09,2026-07-09 10:40:25,V024,152.0,0.9645780579704265
2026-07-09,2026-07-09 10:40:26,V024,151.0,0.9547398683349757
2026-07-09,2026-07-09 10:40:27,V024,151.0,0.9681778641211379
2026-07-09,2026-07-09 10:40:28,V024,150.0,0.9430573496401984
2026-07-09,2026-07-09 10:40:29,V024,149.0,0.9457638207892306
2026-07-09,2026-07-09 10:40:30,V024,149.0,0.95019866080231
2026-07-09,2026-07-09 10:40:31,V024,148.0,0.9887502797825268
2026-07-09,2026-07-09 10:40:32,V024,148.0,0.9575178172699599
2026-07-09,2026-07-09 10:40:33,V024,147.0,0.9476136403680546
2026-07-09,2026-07-09 10:40:34,V024,146.0,0.9542127327866454
2026-07-09,2026-07-09 10:40:35,V024,145.0,0.9461713038628233
2026-07-09,2026-07-09 10:40:36,V024,144.0,0.970744554966037
2026-07-09,2026-07-09 10:40:37,V024,142.0,0.9630599328843062
2026-07-09,2026-07-09 10:40:38,V024,141.0,0.9673677868210779
2026-07-09,2026-07-09 10:40:39,V024,140.0,1.0291980365884206
2026-07-09,2026-07-09 10:40:40,V024,139.0,0.9927898105147851
2026-07-09,2026-07-09 10:40:41,V024,137.0,1.0119303919962606
2026-07-09,2026-07-09 10:40:42,V024,136.0,0.9468717632055247
2026-07-09,2026-07-09 10:40:43,V024,134.0,0.9853760957953633
2026-07-09,2026-07-09 10:40:44,V024,133.0,0.9831838035745248
2026-07-09,2026-07-09 10:40:45,V024,131.0,0.9794524737859965
2026-07-09,2026-07-09 10:40:46,V024,130.0,0.973211084692346
2026-07-09,2026-07-09 10:40:47,V024,129.0,0.9798173159798428
2026-07-09,2026-07-09 10:40:48,V024,128.0,0.9962878138446181
2026-07-09,2026-07-09 10:40:49,V024,128.0,0.9977726974113372
2026-07-09,2026-07-09 10:40:50,V024,128.0,1.3703789096811756
2026-07-09,2026-07-09 10:40:51,V024,128.0,1.9528394203438535
2026-07-09,2026-07-09 10:40:52,V024,128.0,1.229203931667067
2026-07-09,2026-07-09 10:40:53,V024,128.0,1.253129178576596
2026-07-09,2026-07-09 10:40:54,V024,127.0,1.009101166271098
2026-07-09,2026-07-09 10:40:55,V024,127.0,0.9671031686713483
2026-07-09,2026-07-09 10:40:56,V024,126.0,0.9914665190113711
2026-07-09,2026-07-09 10:40:57,V024,125.0,0.9821080089379213
2026-07-09,2026-07-09 10:40:58,V024,125.0,1.0087733908835472
2026-07-09,2026-07-09 10:40:59,V024,124.0,1.0071053291527012
2026-07-09,2026-07-09 10:41:00,V024,124.0,1.0704655225589856
2026-07-09,2026-07-09 10:41:01,V024,124.0,0.9945493244690163
2026-07-09,2026-07-09 10:41:02,V024,124.0,1.01075780094107
2026-07-09,2026-07-09 10:41:03,V024,123.0,0.972189977290062
2026-07-09,2026-07-09 10:41:04,V024,123.0,0.9698659344657445
2026-07-09,2026-07-09 10:41:05,V024,123.0,0.9669144949034858
2026-07-09,2026-07-09 10:41:06,V024,123.0,0.9556900071586086
2026-07-09,2026-07-09 10:41:07,V024,123.0,0.978300675381262
2026-07-09,2026-07-09 10:41:08,V024,123.0,1.0273630538777427
2026-07-09,2026-07-09 10:41:09,V024,123.0,1.099762021549595
2026-07-09,2026-07-09 10:41:10,V024,123.0,0.9773455573468115
2026-07-09,2026-07-09 10:41:11,V024,124.0,1.0090276049921378
2026-07-09,2026-07-09 10:41:12,V024,124.0,0.9776756965324885
2026-07-09,2026-07-09 10:41:13,V024,125.0,1.0063120180201273
2026-07-09,2026-07-09 10:41:14,V024,125.0,0.9691080116368002
2026-07-09,2026-07-09 10:41:15,V024,125.0,0.9370638490351033
2026-07-09,2026-07-09 10:41:16,V024,125.0,0.9906514707451927
2026-07-09,2026-07-09 10:41:17,V024,126.0,0.9468737557450645
2026-07-09,2026-07-09 10:41:18,V024,126.0,0.973371244448902
2026-07-09,2026-07-09 10:41:19,V024,126.0,0.9533486583127129
2026-07-09,2026-07-09 10:41:20,V024,126.0,0.952883907003428
2026-07-09,2026-07-09 10:41:21,V024,126.0,0.9445290972490744
2026-07-09,2026-07-09 10:41:22,V024,126.0,1.008554464674192
2026-07-09,2026-07-09 10:41:23,V024,126.0,1.2157524713925516
2026-07-09,2026-07-09 10:41:24,V024,126.0,1.715001677583995
2026-07-09,2026-07-09 10:41:25,V024,126.0,1.4500748546932845
2026-07-09,2026-07-09 10:41:26,V024,126.0,1.1251303428734067
2026-07-09,2026-07-09 10:41:27,V024,126.0,0.9780529705121424
2026-07-09,2026-07-09 10:41:28,V024,126.0,1.0316556534693984
2026-07-09,2026-07-09 10:41:29,V024,127.0,1.3989656735067824
2026-07-09,2026-07-09 10:41:30,V024,127.0,1.433084195678226
2026-07-09,2026-07-09 10:41:31,V024,128.0,1.0910033681131202
2026-07-09,2026-07-09 10:41:32,V024,128.0,1.0071771121980855
2026-07-09,2026-07-09 10:41:33,V024,129.0,1.0454618616246367
2026-07-09,2026-07-09 10:41:34,V024,129.0,1.161821876086549
2026-07-09,2026-07-09 10:41:35,V024,130.0,0.9853997975973422
2026-07-09,2026-07-09 10:41:36,V024,130.0,1.1347026362100598
2026-07-09,2026-07-09 10:41:37,V024,133.0,1.0722028197638251
2026-07-09,2026-07-09 10:41:38,V024,135.0,1.4240230688884294
2026-07-09,2026-07-09 10:41:39,V024,137.0,1.594889551590709
2026-07-09,2026-07-09 10:41:40,V024,138.0,0.9997261335968906
2026-07-09,2026-07-09 10:41:41,V024,139.0,0.9895627622725696
2026-07-09,2026-07-09 10:41:42,V024,140.0,1.2966558287043428
2026-07-09,2026-07-09 10:41:43,V024,141.0,1.8543995387720598
2026-07-09,2026-07-09 10:41:44,V024,142.0,2.045747896434666
2026-07-09,2026-07-09 10:41:45,V024,142.0,1.6061932046008023
2026-07-09,2026-07-09 10:41:46,V024,143.0,1.3258472683042917
2026-07-09,2026-07-09 10:41:47,V024,143.0,1.3357854710162238
2026-07-09,2026-07-09 10:41:48,V024,144.0,1.0346017547516768
2026-07-09,2026-07-09 10:41:49,V024,144.0,1.0466123455386838
2026-07-09,2026-07-09 10:41:50,V024,144.0,1.3345864808345596
2026-07-09,2026-07-09 10:41:51,V024,144.0,1.6317112932476054
2026-07-09,2026-07-09 10:41:52,V024,144.0,1.1601828096269635
2026-07-09,2026-07-09 10:41:53,V024,145.0,1.0247846040249162
2026-07-09,2026-07-09 10:41:54,V024,146.0,1.1309698706484475
2026-07-09,2026-07-09 10:41:55,V024,146.0,1.2372972321893758
2026-07-09,2026-07-09 10:41:56,V024,147.0,1.242794407710685
2026-07-09,2026-07-09 10:41:57,V024,148.0,1.1019907477052564
2026-07-09,2026-07-09 10:41:58,V024,149.0,1.0622707702436813
2026-07-09,2026-07-09 10:41:59,V024,150.0,1.050559592090047
2026-07-09,2026-07-09 10:42:00,V024,151.0,1.1972284250380762
2026-07-09,2026-07-09 10:42:01,V024,152.0,1.195983147969108
2026-07-09,2026-07-09 10:42:02,V024,153.0,1.4950897097529445
2026-07-09,2026-07-09 10:42:03,V024,153.0,1.0490498646812616
2026-07-09,2026-07-09 10:42:04,V024,154.0,1.027600022804795
2026-07-09,2026-07-09 10:42:05,V024,154.0,1.1101340408206686
2026-07-09,2026-07-09 10:42:06,V024,155.0,0.980823150941557
2026-07-09,2026-07-09 10:42:07,V024,156.0,1.193657696626733
2026-07-09,2026-07-09 10:42:08,V024,157.0,1.3834071772776657
2026-07-09,2026-07-09 10:42:09,V024,158.0,1.458827227456274
2026-07-09,2026-07-09 10:42:10,V024,159.0,0.9904420935943911
2026-07-09,2026-07-09 10:42:11,V024,160.0,1.0138874968988016
2026-07-09,2026-07-09 10:42:12,V024,160.0,1.1499173941447378
2026-07-09,2026-07-09 10:42:13,V024,161.0,1.222744224660715
2026-07-09,2026-07-09 10:42:14,V024,162.0,1.1233155282408485
2026-07-09,2026-07-09 10:42:15,V024,163.0,1.112729640911496
2026-07-09,2026-07-09 10:42:16,V024,163.0,1.0577315197779915
2026-07-09,2026-07-09 10:42:17,V024,164.0,1.1050313142253
2026-07-09,2026-07-09 10:42:18,V024,164.0,1.5027278825738986
2026-07-09,2026-07-09 10:42:19,V024,165.0,1.1855297799256495
2026-07-09,2026-07-09 10:42:20,V024,165.0,1.18935688972544
2026-07-09,2026-07-09 10:42:21,V024,165.0,1.0533300140207897
2026-07-09,2026-07-09 10:42:22,V024,166.0,1.10947433019776
2026-07-09,2026-07-09 10:42:23,V024,167.0,1.0270914858406461
2026-07-09,2026-07-09 10:42:24,V024,167.0,1.1805398474181226
2026-07-09,2026-07-09 10:42:25,V024,167.0,1.3531089959043245
2026-07-09,2026-07-09 10:42:26,V024,168.0,1.025595158374089
2026-07-09,2026-07-09 10:42:27,V024,168.0,1.0222939634133499
2026-07-09,2026-07-09 10:42:28,V024,168.0,1.2312059386756355
2026-07-09,2026-07-09 10:42:29,V024,168.0,1.3138298272427307
2026-07-09,2026-07-09 10:42:30,V024,168.0,1.2161740447182183
2026-07-09,2026-07-09 10:42:31,V024,168.0,1.1379085744667885
2026-07-09,2026-07-09 10:42:32,V024,168.0,1.0969271067978068
2026-07-09,2026-07-09 10:42:33,V024,168.0,0.9705536037286882
2026-07-09,2026-07-09 10:42:34,V024,168.0,0.9530813432254961
2026-07-09,2026-07-09 10:42:35,V024,167.0,0.9535380918841853
2026-07-09,2026-07-09 10:42:36,V024,167.0,0.9989979750644019
2026-07-09,2026-07-09 10:42:37,V024,167.0,0.9847108009750603
2026-07-09,2026-07-09 10:42:38,V024,167.0,1.1010628234357525
2026-07-09,2026-07-09 10:42:39,V024,167.0,0.9834084827039956
2026-07-09,2026-07-09 10:42:40,V024,167.0,0.9843473442678987
2026-07-09,2026-07-09 10:42:41,V024,168.0,0.9536347054188227
2026-07-09,2026-07-09 10:42:42,V024,168.0,0.9807665417164299
2026-07-09,2026-07-09 10:42:43,V024,168.0,0.9545709505710354
2026-07-09,2026-07-09 10:42:44,V024,167.0,0.9643996649764929
2026-07-09,2026-07-09 10:42:45,V024,166.0,0.9685574565038036
2026-07-09,2026-07-09 10:42:46,V024,165.0,0.9655718654141365
2026-07-09,2026-07-09 10:42:47,V024,164.0,0.9576231641827043
2026-07-09,2026-07-09 10:42:48,V024,162.0,1.0129706154366767
2026-07-09,2026-07-09 10:42:49,V024,160.0,0.948531572835717
2026-07-09,2026-07-09 10:42:50,V024,159.0,0.9556820002192826
2026-07-09,2026-07-09 10:42:51,V024,158.0,0.9526570473557753
2026-07-09,2026-07-09 10:42:52,V024,157.0,0.9566719628761157
2026-07-09,2026-07-09 10:42:53,V024,156.0,0.9535219588130063
2026-07-09,2026-07-09 10:42:54,V024,155.0,0.945699867821039
2026-07-09,2026-07-09 10:42:55,V024,154.0,0.9420875473267618
2026-07-09,2026-07-09 10:42:56,V024,153.0,0.9465959540605937
2026-07-09,2026-07-09 10:42:57,V024,151.0,0.9969460480746041
2026-07-09,2026-07-09 10:42:58,V024,150.0,0.9493872473565127
2026-07-09,2026-07-09 10:42:59,V024,149.0,0.9922649009172143
2026-07-09,2026-07-09 10:43:00,V024,148.0,0.9835735048389836
2026-07-09,2026-07-09 10:43:01,V024,147.0,0.9326753488069973
2026-07-09,2026-07-09 10:43:02,V024,146.0,0.951912116904801
2026-07-09,2026-07-09 10:43:03,V024,145.0,0.985872330517014
2026-07-09,2026-07-09 10:43:04,V024,144.0,0.9059973401351527
2026-07-09,2026-07-09 10:43:05,V024,143.0,0.9951280608078931
2026-07-09,2026-07-09 10:43:06,V024,142.0,0.951376853781025
2026-07-09,2026-07-09 10:43:07,V024,141.0,0.9550403460515514
2026-07-09,2026-07-09 10:43:08,V024,140.0,1.0205992174600158
2026-07-09,2026-07-09 10:43:09,V024,139.0,1.0339826204704687
2026-07-09,2026-07-09 10:43:10,V024,138.0,1.0089588380264753
2026-07-09,2026-07-09 10:43:11,V024,136.0,1.0366195638758962
2026-07-09,2026-07-09 10:43:12,V024,135.0,0.9914573076494821
2026-07-09,2026-07-09 10:43:13,V024,133.0,1.014443476714998
2026-07-09,2026-07-09 10:43:14,V024,132.0,0.9929040113152515
2026-07-09,2026-07-09 10:43:15,V024,132.0,0.9640277358625674
2026-07-09,2026-07-09 10:43:16,V024,131.0,0.9285772050257364
2026-07-09,2026-07-09 10:43:17,V024,130.0,0.9805551177231637
2026-07-09,2026-07-09 10:43:18,V024,130.0,0.9737591842219919
2026-07-09,2026-07-09 10:43:19,V024,129.0,0.9502806589026558
2026-07-09,2026-07-09 10:43:20,V024,129.0,0.9642635839988124
2026-07-09,2026-07-09 10:43:21,V024,128.0,0.9635895483842079
2026-07-09,2026-07-09 10:43:22,V024,127.0,0.9546801967306472
2026-07-09,2026-07-09 10:43:23,V024,126.0,0.9401415322801133
2026-07-09,2026-07-09 10:43:24,V024,125.0,0.9902992412821774
2026-07-09,2026-07-09 10:43:25,V024,125.0,1.063027872230911
2026-07-09,2026-07-09 10:43:26,V024,124.0,0.9838280636860846
2026-07-09,2026-07-09 10:43:27,V024,124.0,1.0947274506501077
2026-07-09,2026-07-09 10:43:28,V024,124.0,0.9850297918673201
2026-07-09,2026-07-09 10:43:29,V024,124.0,0.9735056034807685
2026-07-09,2026-07-09 10:43:30,V024,124.0,0.9499036891749744
2026-07-09,2026-07-09 10:43:31,V024,124.0,0.9445061627647923
2026-07-09,2026-07-09 10:43:32,V024,124.0,0.974033759578096
2026-07-09,2026-07-09 10:43:33,V024,125.0,0.979277922123341
2026-07-09,2026-07-09 10:43:34,V024,125.0,0.9992320895761616
2026-07-09,2026-07-09 10:43:35,V024,126.0,1.0554305708327054
2026-07-09,2026-07-09 10:43:36,V024,126.0,1.023543846248007
2026-07-09,2026-07-09 10:43:37,V024,127.0,1.0087973532587797
2026-07-09,2026-07-09 10:43:38,V024,128.0,0.9877526506666455
2026-07-09,2026-07-09 10:43:39,V024,128.0,0.9734325092189865
2026-07-09,2026-07-09 10:43:40,V024,128.0,1.0374045290150098
2026-07-09,2026-07-09 10:43:41,V024,128.0,0.9254771413204378
2026-07-09,2026-07-09 10:43:42,V024,128.0,0.9801299534613631
2026-07-09,2026-07-09 10:43:43,V024,127.0,0.9554241529921905
2026-07-09,2026-07-09 10:43:44,V024,127.0,0.967009116163222
2026-07-09,2026-07-09 10:43:45,V024,127.0,0.9957527545264794
2026-07-09,2026-07-09 10:43:46,V024,126.0,0.9488688805248423
2026-07-09,2026-07-09 10:43:47,V024,126.0,0.9926629115674613
2026-07-09,2026-07-09 10:43:48,V024,125.0,0.9981155072599092
2026-07-09,2026-07-09 10:43:49,V024,125.0,0.9693165199734243
2026-07-09,2026-07-09 10:43:50,V024,125.0,0.9790851610493938
2026-07-09,2026-07-09 10:43:51,V024,124.0,1.0383285531898092
2026-07-09,2026-07-09 10:43:52,V024,124.0,1.0596663595229876
2026-07-09,2026-07-09 10:43:53,V024,124.0,1.0205283728325707
2026-07-09,2026-07-09 10:43:54,V024,124.0,1.104002274587653
2026-07-09,2026-07-09 10:43:55,V024,124.0,1.0993943229123135
2026-07-09,2026-07-09 10:43:56,V024,123.0,0.9467479694432317
2026-07-09,2026-07-09 10:43:57,V024,123.0,1.5558990222505709
2026-07-09,2026-07-09 10:43:58,V024,122.0,1.8087153173183896
2026-07-09,2026-07-09 10:43:59,V024,121.0,1.5571338066869094
2026-07-09,2026-07-09 10:44:00,V024,120.0,1.0496280602195123
2026-07-09,2026-07-09 10:44:01,V024,120.0,1.6370747991343109
2026-07-09,2026-07-09 10:44:02,V024,120.0,1.425860665465945
2026-07-09,2026-07-09 10:44:03,V024,121.0,1.0541729919519278
2026-07-09,2026-07-09 10:44:04,V024,122.0,1.0533783490764743
2026-07-09,2026-07-09 10:44:05,V024,123.0,0.9897111060154665
2026-07-09,2026-07-09 10:44:06,V024,125.0,1.0502798893432144
2026-07-09,2026-07-09 10:44:07,V024,126.0,1.1679320792456047
2026-07-09,2026-07-09 10:44:08,V024,127.0,1.0668384607510735
2026-07-09,2026-07-09 10:44:09,V024,129.0,0.9565289043521483
2026-07-09,2026-07-09 10:44:10,V024,130.0,1.188957014425093
2026-07-09,2026-07-09 10:44:11,V024,131.0,1.4674503521512348
2026-07-09,2026-07-09 10:44:12,V024,133.0,1.13832470126484
2026-07-09,2026-07-09 10:44:13,V024,134.0,1.0401351659506288
2026-07-09,2026-07-09 10:44:14,V024,135.0,1.0551061507988568
2026-07-09,2026-07-09 10:44:15,V024,136.0,1.0626755868600426
2026-07-09,2026-07-09 10:44:16,V024,136.0,0.9922244380169187
2026-07-09,2026-07-09 10:44:17,V024,136.0,0.9939300513921913
2026-07-09,2026-07-09 10:44:18,V024,137.0,0.9921149046807209
2026-07-09,2026-07-09 10:44:19,V024,137.0,1.067359676508735
2026-07-09,2026-07-09 10:44:20,V024,137.0,0.9988899269539823
2026-07-09,2026-07-09 10:44:21,V024,137.0,1.0293492496791021
2026-07-09,2026-07-09 10:44:22,V024,138.0,1.3631162865670259
2026-07-09,2026-07-09 10:44:23,V024,139.0,0.9069832569872439
2026-07-09,2026-07-09 10:44:24,V024,140.0,0.9804979685661797
2026-07-09,2026-07-09 10:44:25,V024,142.0,1.0918747279398755
2026-07-09,2026-07-09 10:44:26,V024,143.0,1.1492363226541737
2026-07-09,2026-07-09 10:44:27,V024,145.0,0.9464367211951242
2026-07-09,2026-07-09 10:44:28,V024,147.0,0.9924309341845997
2026-07-09,2026-07-09 10:44:29,V024,147.0,1.0700352695724467
2026-07-09,2026-07-09 10:44:30,V024,147.0,1.1684580192426128
2026-07-09,2026-07-09 10:44:31,V024,147.0,1.103736202963122
2026-07-09,2026-07-09 10:44:32,V024,146.0,0.9329615682152087
2026-07-09,2026-07-09 10:44:33,V024,145.0,1.3429171379284552
2026-07-09,2026-07-09 10:44:34,V024,145.0,1.5874189369586575
2026-07-09,2026-07-09 10:44:35,V024,144.0,1.22175038511692
2026-07-09,2026-07-09 10:44:36,V024,144.0,1.0571531059301325
2026-07-09,2026-07-09 10:44:37,V024,144.0,1.3885823443334302
2026-07-09,2026-07-09 10:44:38,V024,145.0,1.2033800734384197
2026-07-09,2026-07-09 10:44:39,V024,145.0,1.216242745173044
2026-07-09,2026-07-09 10:44:40,V024,146.0,1.0385839734946833
2026-07-09,2026-07-09 10:44:41,V024,147.0,0.9799162934512173
2026-07-09,2026-07-09 10:44:42,V024,147.0,1.1485021442405754
2026-07-09,2026-07-09 10:44:43,V024,148.0,1.146566347332979
2026-07-09,2026-07-09 10:44:44,V024,149.0,1.0222855962099042
2026-07-09,2026-07-09 10:44:45,V024,149.0,1.0495672159154112
2026-07-09,2026-07-09 10:44:46,V024,149.0,1.5917744869940107
2026-07-09,2026-07-09 10:44:47,V024,149.0,1.3240394999242264
2026-07-09,2026-07-09 10:44:48,V024,149.0,1.1055828662693337
2026-07-09,2026-07-09 10:44:49,V024,149.0,1.0311133990479266
2026-07-09,2026-07-09 10:44:50,V024,148.0,1.1207937536615051
2026-07-09,2026-07-09 10:44:51,V024,149.0,1.3721569079590963
2026-07-09,2026-07-09 10:44:52,V024,149.0,1.0602967031857604
2026-07-09,2026-07-09 10:44:53,V024,150.0,1.0804122324408598
2026-07-09,2026-07-09 10:44:54,V024,150.0,2.700179679711463
2026-07-09,2026-07-09 10:44:55,V024,151.0,3.3579513914909858
2026-07-09,2026-07-09 10:44:56,V024,152.0,1.4232246043538768
2026-07-09,2026-07-09 10:44:57,V024,153.0,1.199027062230599
2026-07-09,2026-07-09 10:44:58,V024,154.0,1.3970374456543726
2026-07-09,2026-07-09 10:44:59,V024,155.0,1.1838473000012895
2026-07-09,2026-07-09 10:45:00,V024,156.0,1.0246898870513959
2026-07-09,2026-07-09 10:45:01,V024,157.0,0.9993424770394329
2026-07-09,2026-07-09 10:45:02,V024,158.0,1.0414010771284412
2026-07-09,2026-07-09 10:45:03,V024,158.0,1.144261260474166
2026-07-09,2026-07-09 10:45:04,V024,158.0,1.350867695845012
2026-07-09,2026-07-09 10:45:05,V024,159.0,0.9897549855260853
2026-07-09,2026-07-09 10:45:06,V024,159.0,1.0723745759099461
2026-07-09,2026-07-09 10:45:07,V024,160.0,1.0220201831805242
2026-07-09,2026-07-09 10:45:08,V024,161.0,1.3824312866751296
2026-07-09,2026-07-09 10:45:09,V024,162.0,2.170652547945967
2026-07-09,2026-07-09 10:45:10,V024,163.0,2.2259117435817917
2026-07-09,2026-07-09 10:45:11,V024,164.0,2.1362439398143005
2026-07-09,2026-07-09 10:45:12,V024,165.0,1.9928152044830503
2026-07-09,2026-07-09 10:45:13,V024,165.0,2.0724946865767255
2026-07-09,2026-07-09 10:45:14,V024,166.0,1.8007286928918862
2026-07-09,2026-07-09 10:45:15,V024,167.0,1.2850638790048408
2026-07-09,2026-07-09 10:45:16,V024,168.0,1.0040915164885744
2026-07-09,2026-07-09 10:45:17,V024,169.0,0.9650919889715145
2026-07-09,2026-07-09 10:45:18,V024,170.0,0.9775186609309268
2026-07-09,2026-07-09 10:45:19,V024,169.0,0.9419593922666686
2026-07-09,2026-07-09 10:45:20,V024,169.0,0.9590146663568565
2026-07-09,2026-07-09 10:45:21,V024,168.0,0.9400100851224049
2026-07-09,2026-07-09 10:45:22,V024,168.0,0.9406728566601887
2026-07-09,2026-07-09 10:45:23,V024,167.0,0.9695883946376576
2026-07-09,2026-07-09 10:45:24,V024,167.0,0.9528075960139234
2026-07-09,2026-07-09 10:45:25,V024,166.0,0.9576069595529985
2026-07-09,2026-07-09 10:45:26,V024,166.0,0.958641548124843
2026-07-09,2026-07-09 10:45:27,V024,165.0,0.980892594995396
2026-07-09,2026-07-09 10:45:28,V024,165.0,0.9900211290902474
2026-07-09,2026-07-09 10:45:29,V024,165.0,0.9670936383726852
2026-07-09,2026-07-09 10:45:30,V024,164.0,0.9597082499877234
2026-07-09,2026-07-09 10:45:31,V024,165.0,0.9729991742363574
2026-07-09,2026-07-09 10:45:32,V024,165.0,0.9465085061327736
2026-07-09,2026-07-09 10:45:33,V024,165.0,0.9703428055187773
2026-07-09,2026-07-09 10:45:34,V024,165.0,0.9554877520443464
2026-07-09,2026-07-09 10:45:35,V024,165.0,1.1812376235386841
2026-07-09,2026-07-09 10:45:36,V024,164.0,2.037083401780104
2026-07-09,2026-07-09 10:45:37,V024,164.0,2.0997164676689377
2026-07-09,2026-07-09 10:45:38,V024,163.0,2.0235376913979706
2026-07-09,2026-07-09 10:45:39,V024,163.0,2.0847369928099475
2026-07-09,2026-07-09 10:45:40,V024,163.0,1.8892371212863606
2026-07-09,2026-07-09 10:45:41,V024,163.0,1.7674965649276213
2026-07-09,2026-07-09 10:45:42,V024,163.0,1.7928560936332458
2026-07-09,2026-07-09 10:45:43,V024,163.0,1.1197260805359892
2026-07-09,2026-07-09 10:45:44,V024,163.0,1.0006555419279424
2026-07-09,2026-07-09 10:45:45,V024,162.0,1.0469107000238442
2026-07-09,2026-07-09 10:45:46,V024,161.0,0.9433581554333869
2026-07-09,2026-07-09 10:45:47,V024,160.0,0.96215949821932
2026-07-09,2026-07-09 10:45:48,V024,158.0,0.9389268393784461
2026-07-09,2026-07-09 10:45:49,V024,157.0,0.9370384172321058
2026-07-09,2026-07-09 10:45:50,V024,155.0,0.9498583953340267
2026-07-09,2026-07-09 10:45:51,V024,154.0,0.9433665281207299
2026-07-09,2026-07-09 10:45:52,V024,153.0,0.9374325695675841
2026-07-09,2026-07-09 10:45:53,V024,152.0,0.9500300105257143
2026-07-09,2026-07-09 10:45:54,V024,152.0,0.9395254807287674
2026-07-09,2026-07-09 10:45:55,V024,152.0,0.9413433714897933
2026-07-09,2026-07-09 10:45:56,V024,152.0,0.9391315896650999
2026-07-09,2026-07-09 10:45:57,V024,153.0,0.9387086023840675
2026-07-09,2026-07-09 10:45:58,V024,154.0,0.9404947649369477
2026-07-09,2026-07-09 10:45:59,V024,155.0,0.9419850737519803
2026-07-09,2026-07-09 10:46:00,V024,155.0,0.9420658070369399
2026-07-09,2026-07-09 10:46:01,V024,156.0,0.9377283951389985
2026-07-09,2026-07-09 10:46:02,V024,156.0,0.9427707741838562
2026-07-09,2026-07-09 10:46:03,V024,155.0,0.9515212092018397
2026-07-09,2026-07-09 10:46:04,V024,155.0,0.950221124509399
2026-07-09,2026-07-09 10:46:05,V024,154.0,0.9575896254690102
2026-07-09,2026-07-09 10:46:06,V024,154.0,0.9510051997007406
2026-07-09,2026-07-09 10:46:07,V024,153.0,0.9868071987612613
2026-07-09,2026-07-09 10:46:08,V024,153.0,1.026547665220533
2026-07-09,2026-07-09 10:46:09,V024,152.0,0.9479257741451446
2026-07-09,2026-07-09 10:46:10,V024,151.0,0.9423627919568128
2026-07-09,2026-07-09 10:46:11,V024,149.0,0.9463588124602836
2026-07-09,2026-07-09 10:46:12,V024,148.0,0.9476043498564931
2026-07-09,2026-07-09 10:46:13,V024,147.0,0.9462038495215093
2026-07-09,2026-07-09 10:46:14,V024,146.0,0.9448782411139474
2026-07-09,2026-07-09 10:46:15,V024,145.0,0.9437665413539017
2026-07-09,2026-07-09 10:46:16,V024,145.0,0.9448919914208792
2026-07-09,2026-07-09 10:46:17,V024,144.0,0.9486874661351593
2026-07-09,2026-07-09 10:46:18,V024,144.0,0.9418152377233991
2026-07-09,2026-07-09 10:46:19,V024,143.0,0.9466130155686009
2026-07-09,2026-07-09 10:46:20,V024,143.0,0.9437130377476476
2026-07-09,2026-07-09 10:46:21,V024,142.0,0.9409711171207209
2026-07-09,2026-07-09 10:46:22,V024,142.0,0.9861624245167254
2026-07-09,2026-07-09 10:46:23,V024,141.0,1.1435610442789692
2026-07-09,2026-07-09 10:46:24,V024,140.0,1.939559810453008
2026-07-09,2026-07-09 10:46:25,V024,139.0,2.041881614423124
2026-07-09,2026-07-09 10:46:26,V024,138.0,1.7949109694952332
2026-07-09,2026-07-09 10:46:27,V024,136.0,1.0615132293631186
2026-07-09,2026-07-09 10:46:28,V024,134.0,1.1125981654540174
2026-07-09,2026-07-09 10:46:29,V024,132.0,1.0025567301954499
2026-07-09,2026-07-09 10:46:30,V024,131.0,1.2707610020792737
2026-07-09,2026-07-09 10:46:31,V024,130.0,1.4358421670805275
2026-07-09,2026-07-09 10:46:32,V024,130.0,1.0891880972718844
2026-07-09,2026-07-09 10:46:33,V024,128.0,1.0509992192101973
2026-07-09,2026-07-09 10:46:34,V024,127.0,1.0118647203291862
2026-07-09,2026-07-09 10:46:35,V024,126.0,1.2930755080222813
2026-07-09,2026-07-09 10:46:36,V024,124.0,1.1921720521519783
2026-07-09,2026-07-09 10:46:37,V024,124.0,1.4254325939746342
2026-07-09,2026-07-09 10:46:38,V024,124.0,0.9760002439969151
2026-07-09,2026-07-09 10:46:39,V024,125.0,1.4797703478361328
2026-07-09,2026-07-09 10:46:40,V024,125.0,1.5494103112196314
2026-07-09,2026-07-09 10:46:41,V024,126.0,1.384474264692642
2026-07-09,2026-07-09 10:46:42,V024,127.0,1.0524103844117842
2026-07-09,2026-07-09 10:46:43,V024,128.0,1.2052331402073877
2026-07-09,2026-07-09 10:46:44,V024,130.0,1.4348451239232158
2026-07-09,2026-07-09 10:46:45,V024,132.0,1.4325342509506558
2026-07-09,2026-07-09 10:46:46,V024,133.0,1.2892476357147586
2026-07-09,2026-07-09 10:46:47,V024,135.0,1.0428772982319938
2026-07-09,2026-07-09 10:46:48,V024,137.0,1.0383646704269986
2026-07-09,2026-07-09 10:46:49,V024,138.0,0.9494544536480612
2026-07-09,2026-07-09 10:46:50,V024,140.0,0.9685836732012612
2026-07-09,2026-07-09 10:46:51,V024,142.0,0.9807741284130194
2026-07-09,2026-07-09 10:46:52,V024,144.0,0.9698598925678532
2026-07-09,2026-07-09 10:46:53,V024,145.0,0.981766379979788
2026-07-09,2026-07-09 10:46:54,V024,146.0,0.964232810473782
2026-07-09,2026-07-09 10:46:55,V024,148.0,1.1379458455526257
2026-07-09,2026-07-09 10:46:56,V024,149.0,1.019554459262053
2026-07-09,2026-07-09 10:46:57,V024,150.0,0.9844863754435791
2026-07-09,2026-07-09 10:46:58,V024,151.0,1.1273485002053472
2026-07-09,2026-07-09 10:46:59,V024,151.0,1.0773651893703187
2026-07-09,2026-07-09 10:47:00,V024,152.0,1.087991165577217
2026-07-09,2026-07-09 10:47:01,V024,152.0,1.4592190885046499
2026-07-09,2026-07-09 10:47:02,V024,152.0,1.0578675206627108
2026-07-09,2026-07-09 10:47:03,V024,152.0,1.1263550555613004
2026-07-09,2026-07-09 10:47:04,V024,152.0,0.9416118226417258
2026-07-09,2026-07-09 10:47:05,V024,152.0,1.2224900151203755
2026-07-09,2026-07-09 10:47:06,V024,152.0,1.4651618611388972
2026-07-09,2026-07-09 10:47:07,V024,152.0,1.5846634298577016
2026-07-09,2026-07-09 10:47:08,V024,152.0,1.310294885899757
2026-07-09,2026-07-09 10:47:09,V024,151.0,1.6592478446057501
2026-07-09,2026-07-09 10:47:10,V024,151.0,1.9195701718477134
2026-07-09,2026-07-09 10:47:11,V024,151.0,2.391268784880907
2026-07-09,2026-07-09 10:47:12,V024,151.0,1.6474823543645951
2026-07-09,2026-07-09 10:47:13,V024,151.0,1.4436961397102253
2026-07-09,2026-07-09 10:47:14,V024,152.0,1.1182007432760115
2026-07-09,2026-07-09 10:47:15,V024,153.0,1.3632196068680602
2026-07-09,2026-07-09 10:47:16,V024,154.0,1.1302973357378232
2026-07-09,2026-07-09 10:47:17,V024,155.0,0.9956628540608855
2026-07-09,2026-07-09 10:47:18,V024,156.0,1.0915470303749542
2026-07-09,2026-07-09 10:47:19,V024,156.0,1.1001054532020051
2026-07-09,2026-07-09 10:47:20,V024,157.0,1.0362863925492507
2026-07-09,2026-07-09 10:47:21,V024,158.0,1.2141804223933104
2026-07-09,2026-07-09 10:47:22,V024,159.0,1.0447064265485302
2026-07-09,2026-07-09 10:47:23,V024,159.0,1.236831200219908
2026-07-09,2026-07-09 10:47:24,V024,160.0,0.9923990148349112
2026-07-09,2026-07-09 10:47:25,V024,160.0,1.1288939501681534
2026-07-09,2026-07-09 10:47:26,V024,161.0,0.9804327537066564
2026-07-09,2026-07-09 10:47:27,V024,163.0,1.3989956506489278
2026-07-09,2026-07-09 10:47:28,V024,164.0,1.2050635752299002
2026-07-09,2026-07-09 10:47:29,V024,165.0,0.9508819104159768
2026-07-09,2026-07-09 10:47:30,V024,166.0,1.0226204172826432
2026-07-09,2026-07-09 10:47:31,V024,167.0,1.2460147637495724
2026-07-09,2026-07-09 10:47:32,V024,169.0,1.3702477215639701
2026-07-09,2026-07-09 10:47:33,V024,169.0,1.153010348911871
2026-07-09,2026-07-09 10:47:34,V024,170.0,0.980620094407629
2026-07-09,2026-07-09 10:47:35,V024,171.0,1.6723779380285158
2026-07-09,2026-07-09 10:47:36,V024,171.0,1.8218179272170243
2026-07-09,2026-07-09 10:47:37,V024,171.0,1.4338512346261547
2026-07-09,2026-07-09 10:47:38,V024,172.0,1.0223166216767836
2026-07-09,2026-07-09 10:47:39,V024,172.0,1.1707221663538985
2026-07-09,2026-07-09 10:47:40,V024,172.0,3.3463554012135313
2026-07-09,2026-07-09 10:47:41,V024,172.0,3.8057524289793614
2026-07-09,2026-07-09 10:47:42,V024,172.0,2.489686106431535
2026-07-09,2026-07-09 10:47:43,V024,173.0,1.3650331467290344
2026-07-09,2026-07-09 10:47:44,V024,173.0,1.065493510218187
2026-07-09,2026-07-09 10:47:45,V024,173.0,1.2605706393972762
2026-07-09,2026-07-09 10:47:46,V024,173.0,0.9182576578648004
2026-07-09,2026-07-09 10:47:47,V024,172.0,1.0364078665090295
2026-07-09,2026-07-09 10:47:48,V024,171.0,1.1216279973958005
2026-07-09,2026-07-09 10:47:49,V024,172.0,1.0192069317818278
2026-07-09,2026-07-09 10:47:50,V024,172.0,1.029717288201697
2026-07-09,2026-07-09 10:47:51,V024,172.0,1.0045554133990553
2026-07-09,2026-07-09 10:47:52,V024,173.0,1.052764884072438
2026-07-09,2026-07-09 10:47:53,V024,173.0,1.6853291356955231
2026-07-09,2026-07-09 10:47:54,V024,173.0,1.3506493633817778
2026-07-09,2026-07-09 10:47:55,V024,173.0,1.095264479507462
2026-07-09,2026-07-09 10:47:56,V024,174.0,1.1119471209735146
2026-07-09,2026-07-09 10:47:57,V024,174.0,1.112265126958206
2026-07-09,2026-07-09 10:47:58,V024,174.0,1.0438686692840233
2026-07-09,2026-07-09 10:47:59,V024,174.0,1.252432435270695
2026-07-09,2026-07-09 10:48:00,V024,174.0,1.0509216619527058
2026-07-09,2026-07-09 10:48:01,V024,174.0,1.480850524624259
2026-07-09,2026-07-09 10:48:02,V024,174.0,1.3052456339126066
2026-07-09,2026-07-09 10:48:03,V024,174.0,1.179634363358834
2026-07-09,2026-07-09 10:48:04,V024,174.0,0.9789327937505282
2026-07-09,2026-07-09 10:48:05,V024,175.0,0.9585320871989471
2026-07-09,2026-07-09 10:48:06,V024,176.0,1.3416725011963564
2026-07-09,2026-07-09 10:48:07,V024,176.0,1.323314126115667
2026-07-09,2026-07-09 10:48:08,V024,176.0,1.0554767146042545
2026-07-09,2026-07-09 10:48:09,V024,177.0,1.127473372312031
2026-07-09,2026-07-09 10:48:10,V024,177.0,1.1668758722404358
2026-07-09,2026-07-09 10:48:11,V024,178.0,1.3287529251903412
2026-07-09,2026-07-09 10:48:12,V024,178.0,1.175794093155928
2026-07-09,2026-07-09 10:48:13,V024,178.0,1.0564993162909528
2026-07-09,2026-07-09 10:48:14,V024,178.0,0.9919270228367828
2026-07-09,2026-07-09 10:48:15,V024,178.0,1.8103046801066172
2026-07-09,2026-07-09 10:48:16,V024,178.0,1.3530246711719867
2026-07-09,2026-07-09 10:48:17,V024,177.0,1.1001696937986312
2026-07-09,2026-07-09 10:48:18,V024,177.0,1.025838506149827
2026-07-09,2026-07-09 10:48:19,V024,177.0,1.0394902948649976
2026-07-09,2026-07-09 10:48:20,V024,177.0,1.1808684329613532
2026-07-09,2026-07-09 10:48:21,V024,177.0,1.1065792950523612
2026-07-09,2026-07-09 10:48:22,V024,177.0,1.2246472252257514
2026-07-09,2026-07-09 10:48:23,V024,176.0,0.9890522077480411
2026-07-09,2026-07-09 10:48:24,V024,176.0,1.5116344856264183
2026-07-09,2026-07-09 10:48:25,V024,176.0,1.5558851544346664
2026-07-09,2026-07-09 10:48:26,V024,176.0,1.0817492156883444
2026-07-09,2026-07-09 10:48:27,V024,175.0,0.9960193063191541
2026-07-09,2026-07-09 10:48:28,V024,175.0,1.1354036020092624
2026-07-09,2026-07-09 10:48:29,V024,175.0,1.9703198057642828
2026-07-09,2026-07-09 10:48:30,V024,174.0,1.3735475518193583
2026-07-09,2026-07-09 10:48:31,V024,174.0,0.9512994133359423
2026-07-09,2026-07-09 10:48:32,V024,173.0,1.5563458311648302
2026-07-09,2026-07-09 10:48:33,V024,173.0,2.1449803883330785
2026-07-09,2026-07-09 10:48:34,V024,172.0,1.335385489438979
2026-07-09,2026-07-09 10:48:35,V024,172.0,1.0088734749027435
2026-07-09,2026-07-09 10:48:36,V024,172.0,1.1515734855721025
2026-07-09,2026-07-09 10:48:37,V024,172.0,1.0156374780873445
2026-07-09,2026-07-09 10:48:38,V024,172.0,1.2462761504968995
2026-07-09,2026-07-09 10:48:39,V024,172.0,1.0140519154901948
2026-07-09,2026-07-09 10:48:40,V024,173.0,1.037627462455279
2026-07-09,2026-07-09 10:48:41,V024,174.0,1.0492629383791292
2026-07-09,2026-07-09 10:48:42,V024,174.0,1.0965593956353263
2026-07-09,2026-07-09 10:48:43,V024,175.0,1.014454028805169
2026-07-09,2026-07-09 10:48:44,V024,176.0,1.0681385184188312
2026-07-09,2026-07-09 10:48:45,V024,176.0,1.0657318988308255
2026-07-09,2026-07-09 10:48:46,V024,176.0,1.085799070194086
2026-07-09,2026-07-09 10:48:47,V024,176.0,1.0790495659082495
2026-07-09,2026-07-09 10:48:48,V024,176.0,0.9622543026111443
2026-07-09,2026-07-09 10:48:49,V024,175.0,0.9367178058156119
2026-07-09,2026-07-09 10:48:50,V024,174.0,0.9576106286208367
2026-07-09,2026-07-09 10:48:51,V024,174.0,0.948912846648996
2026-07-09,2026-07-09 10:48:52,V024,173.0,0.9997134083618213
2026-07-09,2026-07-09 10:48:53,V024,173.0,0.9357644763046253
2026-07-09,2026-07-09 10:48:54,V024,173.0,0.9387468030944112
2026-07-09,2026-07-09 10:48:55,V024,172.0,0.9371666667249116
2026-07-09,2026-07-09 10:48:56,V024,171.0,0.9577674253744748
2026-07-09,2026-07-09 10:48:57,V024,170.0,0.9425791106983923
2026-07-09,2026-07-09 10:48:58,V024,170.0,0.9383844184169733
2026-07-09,2026-07-09 10:48:59,V024,169.0,0.9377142482646915
2026-07-09,2026-07-09 10:49:00,V024,168.0,0.9673933846681629
2026-07-09,2026-07-09 10:49:01,V024,166.0,0.8514342939989809
2026-07-09,2026-07-09 10:49:02,V024,165.0,1.0812610232449773
2026-07-09,2026-07-09 10:49:03,V024,164.0,0.9985099967615587
2026-07-09,2026-07-09 10:49:04,V024,163.0,0.975337735209692
2026-07-09,2026-07-09 10:49:05,V024,162.0,0.9632155575612168
2026-07-09,2026-07-09 10:49:06,V024,161.0,0.96496760705904
2026-07-09,2026-07-09 10:49:07,V024,161.0,0.9622282199089649
2026-07-09,2026-07-09 10:49:08,V024,160.0,0.9631381381166046
2026-07-09,2026-07-09 10:49:09,V024,159.0,0.9618910656895201
2026-07-09,2026-07-09 10:49:10,V024,158.0,0.9611802034408163
2026-07-09,2026-07-09 10:49:11,V024,156.0,0.9598783287578709
2026-07-09,2026-07-09 10:49:12,V024,155.0,0.9681497707657171
2026-07-09,2026-07-09 10:49:13,V024,154.0,0.9632759065544617
2026-07-09,2026-07-09 10:49:14,V024,152.0,0.9624873967726714
2026-07-09,2026-07-09 10:49:15,V024,151.0,0.9651072944135857
2026-07-09,2026-07-09 10:49:16,V024,149.0,0.9589400504411398
2026-07-09,2026-07-09 10:49:17,V024,147.0,0.9598508422279126
2026-07-09,2026-07-09 10:49:18,V024,146.0,0.962825376564595
2026-07-09,2026-07-09 10:49:19,V024,144.0,0.9614644504598261
2026-07-09,2026-07-09 10:49:20,V024,142.0,0.9623639930461055
2026-07-09,2026-07-09 10:49:21,V024,136.0,0.9636052910321723
2026-07-09,2026-07-09 10:49:22,V024,132.0,0.9588482378827257
2026-07-09,2026-07-09 10:49:23,V024,127.0,0.9615664915318726
2026-07-09,2026-07-09 10:49:24,V024,124.0,0.959943762697065
2026-07-09,2026-07-09 10:49:25,V024,121.0,0.9611648232095443
2026-07-09,2026-07-09 10:49:26,V024,119.0,0.9596878538703729
2026-07-09,2026-07-09 10:49:27,V024,117.0,0.9606523412820933
2026-07-09,2026-07-09 10:49:28,V024,116.0,0.9614051870176107
2026-07-09,2026-07-09 10:49:29,V024,115.0,0.9618930681176097
2026-07-09,2026-07-09 10:49:30,V024,114.0,0.9602522572208441
2026-07-09,2026-07-09 10:49:31,V024,113.0,0.9619374878787118
2026-07-09,2026-07-09 10:49:32,V024,112.0,0.9680561309048983
2026-07-09,2026-07-09 10:49:33,V024,111.0,0.976575963400503
2026-07-09,2026-07-09 10:49:34,V024,110.0,0.9728417333840051
2026-07-09,2026-07-09 10:49:35,V024,109.0,0.9670190782298994
2026-07-09,2026-07-09 10:49:36,V024,109.0,0.9695033285240142
2026-07-09,2026-07-09 10:49:37,V024,109.0,0.9668998576329921
2026-07-09,2026-07-09 10:49:38,V024,109.0,0.9601281424871773
2026-07-09,2026-07-09 10:49:39,V024,109.0,0.9762183514366152
2026-07-09,2026-07-09 10:49:40,V024,110.0,0.9659089155010634
2026-07-09,2026-07-09 10:49:41,V024,111.0,0.9655122348662707
2026-07-09,2026-07-09 10:49:42,V024,111.0,0.9661356388738087
2026-07-09,2026-07-09 10:49:43,V024,112.0,0.9660128334630406
2026-07-09,2026-07-09 10:49:44,V024,112.0,0.9633228280737774
2026-07-09,2026-07-09 10:49:45,V024,113.0,0.9608120788462463
2026-07-09,2026-07-09 10:49:46,V024,113.0,0.9653532787979148
2026-07-09,2026-07-09 10:49:47,V024,114.0,0.9656383254637956
2026-07-09,2026-07-09 10:49:48,V024,114.0,0.9663193619287285
2026-07-09,2026-07-09 10:49:49,V024,115.0,0.9655371274338109
2026-07-09,2026-07-09 10:49:50,V024,115.0,0.966224077463495
2026-07-09,2026-07-09 10:49:51,V024,115.0,0.9612341473069446
2026-07-09,2026-07-09 10:49:52,V024,115.0,0.9618679667255682
2026-07-09,2026-07-09 10:49:53,V024,115.0,0.964444176985127
2026-07-09,2026-07-09 10:49:54,V024,115.0,0.9718739457014957
2026-07-09,2026-07-09 10:49:55,V024,115.0,1.1119594143310216
2026-07-09,2026-07-09 10:49:56,V024,115.0,0.8877715290648789
2026-07-09,2026-07-09 10:49:57,V024,115.0,0.9852279790182245
2026-07-09,2026-07-09 10:49:58,V024,114.0,1.0448082116565107
2026-07-09,2026-07-09 10:49:59,V024,114.0,1.0171939780927004
2026-07-09,2026-07-09 10:50:00,V024,114.0,1.0152816418727892
2026-07-09,2026-07-09 10:50:01,V024,114.0,1.1064568867544662
2026-07-09,2026-07-09 10:50:02,V024,114.0,1.0034641221565028
2026-07-09,2026-07-09 10:50:03,V024,114.0,0.9509551290795054
2026-07-09,2026-07-09 10:50:04,V024,114.0,1.0258710690945005
2026-07-09,2026-07-09 10:50:05,V024,115.0,1.0430608333418003
2026-07-09,2026-07-09 10:50:06,V024,116.0,1.2159116854587695
2026-07-09,2026-07-09 10:50:07,V024,117.0,1.3724990983417331
2026-07-09,2026-07-09 10:50:08,V024,117.0,1.0362847060087819
2026-07-09,2026-07-09 10:50:09,V024,117.0,1.0233143689436344
2026-07-09,2026-07-09 10:50:10,V024,116.0,1.2497818856719212
2026-07-09,2026-07-09 10:50:11,V024,116.0,1.3415070501925666
2026-07-09,2026-07-09 10:50:12,V024,116.0,1.419418402938623
2026-07-09,2026-07-09 10:50:13,V024,118.0,0.9797956521687438
2026-07-09,2026-07-09 10:50:14,V024,121.0,0.994617477730354
2026-07-09,2026-07-09 10:50:15,V024,123.0,1.1700326751373704
2026-07-09,2026-07-09 10:50:16,V024,125.0,1.1232030532229003
2026-07-09,2026-07-09 10:50:17,V024,127.0,1.5126853942734755
2026-07-09,2026-07-09 10:50:18,V024,129.0,1.0415723458576822
2026-07-09,2026-07-09 10:50:19,V024,131.0,1.0019632725252625
2026-07-09,2026-07-09 10:50:20,V024,133.0,1.793308782758587
2026-07-09,2026-07-09 10:50:21,V024,138.0,1.1781873641439047
2026-07-09,2026-07-09 10:50:22,V024,141.0,1.112333574615004
2026-07-09,2026-07-09 10:50:23,V024,143.0,1.111317899149542
2026-07-09,2026-07-09 10:50:24,V024,145.0,1.4282632873847514
2026-07-09,2026-07-09 10:50:25,V024,147.0,1.4686133052451453
2026-07-09,2026-07-09 10:50:26,V024,148.0,1.1768349997790903
2026-07-09,2026-07-09 10:50:27,V024,150.0,1.0099915969560114
2026-07-09,2026-07-09 10:50:28,V024,151.0,1.1424023356660533
2026-07-09,2026-07-09 10:50:29,V024,153.0,1.6177579327827385
2026-07-09,2026-07-09 10:50:30,V024,154.0,1.1418682475496462
2026-07-09,2026-07-09 10:50:31,V024,156.0,1.0661611510021054
2026-07-09,2026-07-09 10:50:32,V024,157.0,0.9305816497528098
2026-07-09,2026-07-09 10:50:33,V024,159.0,1.6884432558089475
2026-07-09,2026-07-09 10:50:34,V024,161.0,1.1409856800236353
2026-07-09,2026-07-09 10:50:35,V024,162.0,0.9931321493023711
2026-07-09,2026-07-09 10:50:36,V024,163.0,0.9838352383547112
2026-07-09,2026-07-09 10:50:37,V024,164.0,0.9939228359809058
2026-07-09,2026-07-09 10:50:38,V024,165.0,0.9686806912373739
2026-07-09,2026-07-09 10:50:39,V024,167.0,1.014778919203766
2026-07-09,2026-07-09 10:50:40,V024,168.0,1.0125707231904317
2026-07-09,2026-07-09 10:50:41,V024,168.0,1.196631959712983
2026-07-09,2026-07-09 10:50:42,V024,168.0,1.0767057246890852
2026-07-09,2026-07-09 10:50:43,V024,169.0,1.2195130071109643
2026-07-09,2026-07-09 10:50:44,V024,170.0,0.9848196996763247
2026-07-09,2026-07-09 10:50:45,V024,170.0,1.2023073948783578
2026-07-09,2026-07-09 10:50:46,V024,170.0,1.0775410306522557
2026-07-09,2026-07-09 10:50:47,V024,171.0,1.198099065318002
2026-07-09,2026-07-09 10:50:48,V024,171.0,1.2990356663255265
2026-07-09,2026-07-09 10:50:49,V024,170.0,1.0287003505565901
2026-07-09,2026-07-09 10:50:50,V024,170.0,1.0671567030241438
2026-07-09,2026-07-09 10:50:51,V024,169.0,1.176318399570131
2026-07-09,2026-07-09 10:50:52,V024,169.0,0.9864659336068858
2026-07-09,2026-07-09 10:50:53,V024,169.0,1.1808474557946358
2026-07-09,2026-07-09 10:50:54,V024,168.0,1.0679215021137398
2026-07-09,2026-07-09 10:50:55,V024,168.0,1.146554730561906
2026-07-09,2026-07-09 10:50:56,V024,168.0,1.0616058933633812
2026-07-09,2026-07-09 10:50:57,V024,167.0,1.0194232387121946
2026-07-09,2026-07-09 10:50:58,V024,167.0,1.025938437893131
2026-07-09,2026-07-09 10:50:59,V024,168.0,0.9283391881477598
2026-07-09,2026-07-09 10:51:00,V024,168.0,0.9884608266607379
2026-07-09,2026-07-09 10:51:01,V024,168.0,0.9579194138890065
2026-07-09,2026-07-09 10:51:02,V024,168.0,1.0762858006786789
2026-07-09,2026-07-09 10:51:03,V024,168.0,1.1498435634532966
2026-07-09,2026-07-09 10:51:04,V024,168.0,1.5329074352478291
2026-07-09,2026-07-09 10:51:05,V024,168.0,0.9814545432433373
2026-07-09,2026-07-09 10:51:06,V024,168.0,1.053479705997221
2026-07-09,2026-07-09 10:51:07,V024,166.0,1.4075867026327995
2026-07-09,2026-07-09 10:51:08,V024,165.0,1.2794518990502135
2026-07-09,2026-07-09 10:51:09,V024,164.0,1.2992484179795354
2026-07-09,2026-07-09 10:51:10,V024,163.0,1.0002975417325162
2026-07-09,2026-07-09 10:51:11,V024,162.0,1.0520344248350757
2026-07-09,2026-07-09 10:51:12,V024,161.0,1.0532947375996395
2026-07-09,2026-07-09 10:51:13,V024,161.0,0.9692139456497837
2026-07-09,2026-07-09 10:51:14,V024,160.0,1.112912865512698
2026-07-09,2026-07-09 10:51:15,V024,159.0,0.9309838499555075
2026-07-09,2026-07-09 10:51:16,V024,159.0,1.1714269827366803
2026-07-09,2026-07-09 10:51:17,V024,157.0,1.0594251993243677
2026-07-09,2026-07-09 10:51:18,V024,156.0,0.9909936990441602
2026-07-09,2026-07-09 10:51:19,V024,156.0,0.9914336222656709
2026-07-09,2026-07-09 10:51:20,V024,155.0,1.1576568336724993
2026-07-09,2026-07-09 10:51:21,V024,155.0,1.3042230939804365
2026-07-09,2026-07-09 10:51:22,V024,154.0,0.9884065178262491
2026-07-09,2026-07-09 10:51:23,V024,154.0,0.9914018571798019
2026-07-09,2026-07-09 10:51:24,V024,154.0,1.183488913781054
2026-07-09,2026-07-09 10:51:25,V024,153.0,1.3920168715008405
2026-07-09,2026-07-09 10:51:26,V024,153.0,1.955793869657394
2026-07-09,2026-07-09 10:51:27,V024,153.0,1.0298013677905151
2026-07-09,2026-07-09 10:51:28,V024,152.0,1.0281926206064027
2026-07-09,2026-07-09 10:51:29,V024,151.0,1.032655186339496
2026-07-09,2026-07-09 10:51:30,V024,150.0,1.411098952849841
2026-07-09,2026-07-09 10:51:31,V024,150.0,1.964282464784395
2026-07-09,2026-07-09 10:51:32,V024,149.0,1.9733896002534477
2026-07-09,2026-07-09 10:51:33,V024,149.0,1.189555043534445
2026-07-09,2026-07-09 10:51:34,V024,149.0,1.0073786036647792
2026-07-09,2026-07-09 10:51:35,V024,149.0,1.0229872898648265
2026-07-09,2026-07-09 10:51:36,V024,149.0,0.9789269238411594
2026-07-09,2026-07-09 10:51:37,V024,150.0,1.0063102961144685
2026-07-09,2026-07-09 10:51:38,V024,151.0,1.1959585271875917
2026-07-09,2026-07-09 10:51:39,V024,153.0,1.7978954539417633
2026-07-09,2026-07-09 10:51:40,V024,154.0,2.0006500174866058
2026-07-09,2026-07-09 10:51:41,V024,156.0,1.8884621288277927
2026-07-09,2026-07-09 10:51:42,V024,157.0,1.2674544335690976
2026-07-09,2026-07-09 10:51:43,V024,159.0,1.0347008332782093
2026-07-09,2026-07-09 10:51:44,V024,160.0,1.0600991163958935
2026-07-09,2026-07-09 10:51:45,V024,161.0,1.038541537870351
2026-07-09,2026-07-09 10:51:46,V024,162.0,0.9950078029201862
2026-07-09,2026-07-09 10:51:47,V024,162.0,0.9652251243266173
2026-07-09,2026-07-09 10:51:48,V024,162.0,0.9387864356050175
2026-07-09,2026-07-09 10:51:49,V024,162.0,0.937488725874966
2026-07-09,2026-07-09 10:51:50,V024,162.0,0.9499800255044918
2026-07-09,2026-07-09 10:51:51,V024,161.0,0.9367054482257648
2026-07-09,2026-07-09 10:51:52,V024,161.0,0.9409695323049277
2026-07-09,2026-07-09 10:51:53,V024,160.0,0.946778397999591
2026-07-09,2026-07-09 10:51:54,V024,159.0,0.9463921424447429
2026-07-09,2026-07-09 10:51:55,V024,159.0,0.940648467746937
2026-07-09,2026-07-09 10:51:56,V024,159.0,0.9365631946548484
2026-07-09,2026-07-09 10:51:57,V024,159.0,0.9427418628750336
2026-07-09,2026-07-09 10:51:58,V024,159.0,0.9342281558188249
2026-07-09,2026-07-09 10:51:59,V024,159.0,0.956201282745513
2026-07-09,2026-07-09 10:52:00,V024,159.0,0.994451536330513
2026-07-09,2026-07-09 10:52:01,V024,159.0,0.9703118548810147
2026-07-09,2026-07-09 10:52:02,V024,159.0,0.9266291338380227
2026-07-09,2026-07-09 10:52:03,V024,159.0,0.9829532152832157
2026-07-09,2026-07-09 10:52:04,V024,159.0,1.0476209458243255
2026-07-09,2026-07-09 10:52:05,V024,158.0,0.9378328326767469
2026-07-09,2026-07-09 10:52:06,V024,157.0,0.9624348478466649
2026-07-09,2026-07-09 10:52:07,V024,156.0,0.9534437394658696
2026-07-09,2026-07-09 10:52:08,V024,155.0,0.9802518152765104
2026-07-09,2026-07-09 10:52:09,V024,154.0,0.9561850623327875
2026-07-09,2026-07-09 10:52:10,V024,154.0,0.9490587875868356
2026-07-09,2026-07-09 10:52:11,V024,152.0,0.9463503803988381
2026-07-09,2026-07-09 10:52:12,V024,151.0,0.9514259011972249
2026-07-09,2026-07-09 10:52:13,V024,150.0,0.9426791246721055
2026-07-09,2026-07-09 10:52:14,V024,150.0,0.9710946634906175
2026-07-09,2026-07-09 10:52:15,V024,150.0,0.955796278794818
2026-07-09,2026-07-09 10:52:16,V024,149.0,0.9662880025214571
2026-07-09,2026-07-09 10:52:17,V024,150.0,0.9464541782477759
2026-07-09,2026-07-09 10:52:18,V024,150.0,0.9543379159914372
2026-07-09,2026-07-09 10:52:19,V024,150.0,0.9582215996439457
2026-07-09,2026-07-09 10:52:20,V024,150.0,0.9413706879789018
2026-07-09,2026-07-09 10:52:21,V024,150.0,0.9732775254733423
2026-07-09,2026-07-09 10:52:22,V024,149.0,0.9270534580358621
2026-07-09,2026-07-09 10:52:23,V024,149.0,0.934211574905699
2026-07-09,2026-07-09 10:52:24,V024,149.0,0.956021509477784
2026-07-09,2026-07-09 10:52:25,V024,149.0,0.9717707115064677
2026-07-09,2026-07-09 10:52:26,V024,150.0,0.9517718587959385
2026-07-09,2026-07-09 10:52:27,V024,150.0,0.9416447193644257
2026-07-09,2026-07-09 10:52:28,V024,150.0,0.9473430620191208
2026-07-09,2026-07-09 10:52:29,V024,149.0,0.9359671637839612
2026-07-09,2026-07-09 10:52:30,V024,149.0,0.9450475834808033
2026-07-09,2026-07-09 10:52:31,V024,149.0,0.9318200369402194
2026-07-09,2026-07-09 10:52:32,V024,148.0,0.9592446137390739
2026-07-09,2026-07-09 10:52:33,V024,148.0,0.9560071312674324
2026-07-09,2026-07-09 10:52:34,V024,148.0,0.9473579675231073
2026-07-09,2026-07-09 10:52:35,V024,147.0,0.9613035836728051
2026-07-09,2026-07-09 10:52:36,V024,146.0,0.9575348537172371
2026-07-09,2026-07-09 10:52:37,V024,146.0,0.9611435295369267
2026-07-09,2026-07-09 10:52:38,V024,145.0,0.9525871681982587
2026-07-09,2026-07-09 10:52:39,V024,144.0,0.9575815678935654
2026-07-09,2026-07-09 10:52:40,V024,143.0,0.9547554916160328
2026-07-09,2026-07-09 10:52:41,V024,142.0,0.9628178881930813
2026-07-09,2026-07-09 10:52:42,V024,141.0,0.9361835203546215
2026-07-09,2026-07-09 10:52:43,V024,140.0,0.9491318417643319
2026-07-09,2026-07-09 10:52:44,V024,139.0,0.9360927523298362
2026-07-09,2026-07-09 10:52:45,V024,138.0,0.9931346865640014
2026-07-09,2026-07-09 10:52:46,V024,137.0,0.9497577712415564
2026-07-09,2026-07-09 10:52:47,V024,136.0,0.9407755356957609
2026-07-09,2026-07-09 10:52:48,V024,135.0,0.9421847491543716
2026-07-09,2026-07-09 10:52:49,V024,134.0,0.9434767568880551
2026-07-09,2026-07-09 10:52:50,V024,134.0,0.9471446257130418
2026-07-09,2026-07-09 10:52:51,V024,133.0,0.9732974784233889
2026-07-09,2026-07-09 10:52:52,V024,133.0,0.9422222260704197
2026-07-09,2026-07-09 10:52:53,V024,133.0,0.9430410897177273
2026-07-09,2026-07-09 10:52:54,V024,133.0,0.9494606391272596
2026-07-09,2026-07-09 10:52:55,V024,134.0,0.9465792957205577
2026-07-09,2026-07-09 10:52:56,V024,134.0,0.9708355985489038
2026-07-09,2026-07-09 10:52:57,V024,134.0,1.0043854108952512
2026-07-09,2026-07-09 10:52:58,V024,134.0,0.9600202267908423
2026-07-09,2026-07-09 10:52:59,V024,134.0,0.9324226045292056
2026-07-09,2026-07-09 10:53:00,V024,134.0,0.9294633353092017
2026-07-09,2026-07-09 10:53:01,V024,134.0,1.0574018465460804
2026-07-09,2026-07-09 10:53:02,V024,134.0,0.9286577332695871
2026-07-09,2026-07-09 10:53:03,V024,133.0,0.9984394677571024
2026-07-09,2026-07-09 10:53:04,V024,132.0,0.9751678001321167
2026-07-09,2026-07-09 10:53:05,V024,131.0,1.0373670965077668
2026-07-09,2026-07-09 10:53:06,V024,130.0,1.000035188284548
2026-07-09,2026-07-09 10:53:07,V024,130.0,0.9841968799898038
2026-07-09,2026-07-09 10:53:08,V024,130.0,1.0517364414619488
2026-07-09,2026-07-09 10:53:09,V024,129.0,1.027846544192363
2026-07-09,2026-07-09 10:53:10,V024,129.0,0.9989243552223113
2026-07-09,2026-07-09 10:53:11,V024,129.0,0.9957216198401224
2026-07-09,2026-07-09 10:53:12,V024,129.0,0.9923248513776932
2026-07-09,2026-07-09 10:53:13,V024,128.0,1.025822530473323
2026-07-09,2026-07-09 10:53:14,V024,128.0,1.0159605664050468
2026-07-09,2026-07-09 10:53:15,V024,127.0,1.070089012804936
2026-07-09,2026-07-09 10:53:16,V024,126.0,0.9961242128254133
2026-07-09,2026-07-09 10:53:17,V024,125.0,1.0056181409666247
2026-07-09,2026-07-09 10:53:18,V024,124.0,1.0423366506186096
2026-07-09,2026-07-09 10:53:19,V024,123.0,0.9444769217550237
2026-07-09,2026-07-09 10:53:20,V024,122.0,0.9939346068694879
2026-07-09,2026-07-09 10:53:21,V024,121.0,1.0552857091477807
2026-07-09,2026-07-09 10:53:22,V024,121.0,0.9479170692265225
2026-07-09,2026-07-09 10:53:23,V024,121.0,0.9666017953218601
2026-07-09,2026-07-09 10:53:24,V024,122.0,0.9644204182351712
2026-07-09,2026-07-09 10:53:25,V024,123.0,0.9875892276905835
2026-07-09,2026-07-09 10:53:26,V024,123.0,1.038141651216012
2026-07-09,2026-07-09 10:53:27,V024,123.0,1.001579951848623
2026-07-09,2026-07-09 10:53:28,V024,124.0,0.9673241141132449
2026-07-09,2026-07-09 10:53:29,V024,124.0,0.9376019704739531
2026-07-09,2026-07-09 10:53:30,V024,124.0,0.9808731678155452
2026-07-09,2026-07-09 10:53:31,V024,125.0,0.9414803558517095
2026-07-09,2026-07-09 10:53:32,V024,125.0,0.960428152445209
2026-07-09,2026-07-09 10:53:33,V024,126.0,0.9887549712282039
2026-07-09,2026-07-09 10:53:34,V024,126.0,0.9812925929136468
2026-07-09,2026-07-09 10:53:35,V024,126.0,1.000166084838207
2026-07-09,2026-07-09 10:53:36,V024,126.0,0.9428595932278083
2026-07-09,2026-07-09 10:53:37,V024,126.0,0.9776111918055077
2026-07-09,2026-07-09 10:53:38,V024,126.0,0.9774693129804283
2026-07-09,2026-07-09 10:53:39,V024,126.0,1.0135517300542365
2026-07-09,2026-07-09 10:53:40,V024,126.0,0.9587163217828348
2026-07-09,2026-07-09 10:53:41,V024,126.0,0.9823444472912661
2026-07-09,2026-07-09 10:53:42,V024,126.0,0.9775665588820018
2026-07-09,2026-07-09 10:53:43,V024,126.0,1.0196873091188519
2026-07-09,2026-07-09 10:53:44,V024,125.0,1.056743365502465
2026-07-09,2026-07-09 10:53:45,V024,125.0,1.0086629572848969
2026-07-09,2026-07-09 10:53:46,V024,125.0,0.9674133197275671
2026-07-09,2026-07-09 10:53:47,V024,125.0,0.9287451214183977
2026-07-09,2026-07-09 10:53:48,V024,125.0,1.0489936127893054
2026-07-09,2026-07-09 10:53:49,V024,125.0,1.0041463961394237
2026-07-09,2026-07-09 10:53:50,V024,125.0,0.9909590759968915
2026-07-09,2026-07-09 10:53:51,V024,125.0,0.9643437633153175
2026-07-09,2026-07-09 10:53:52,V024,125.0,0.9879615847755351
2026-07-09,2026-07-09 10:53:53,V024,125.0,0.9270253217249051
2026-07-09,2026-07-09 10:53:54,V024,125.0,1.0653157317931476
2026-07-09,2026-07-09 10:53:55,V024,125.0,0.9714299687147819
2026-07-09,2026-07-09 10:53:56,V024,125.0,0.9819265906685885
2026-07-09,2026-07-09 10:53:57,V024,125.0,0.9669552640813391
2026-07-09,2026-07-09 10:53:58,V024,125.0,0.9473903854323964
2026-07-09,2026-07-09 10:53:59,V024,125.0,0.980954379017758
2026-07-09,2026-07-09 10:54:00,V024,125.0,0.957223364854792
2026-07-09,2026-07-09 10:54:01,V024,125.0,1.035389703772703
2026-07-09,2026-07-09 10:54:02,V024,125.0,0.9570482226384529
2026-07-09,2026-07-09 10:54:03,V024,125.0,0.9753835782487585
2026-07-09,2026-07-09 10:54:04,V024,124.0,0.9507686911481422
2026-07-09,2026-07-09 10:54:05,V024,125.0,0.9554648124981646
2026-07-09,2026-07-09 10:54:06,V024,125.0,0.9411458627303712
2026-07-09,2026-07-09 10:54:07,V024,125.0,0.938503478048879
2026-07-09,2026-07-09 10:54:08,V024,125.0,0.9503887266564953
2026-07-09,2026-07-09 10:54:09,V024,126.0,0.9469102748021535
2026-07-09,2026-07-09 10:54:10,V024,126.0,0.9484846761573393
2026-07-09,2026-07-09 10:54:11,V024,127.0,0.940224065771489
2026-07-09,2026-07-09 10:54:12,V024,128.0,0.9414072662754838
2026-07-09,2026-07-09 10:54:13,V024,128.0,0.9766660884557601
2026-07-09,2026-07-09 10:54:14,V024,129.0,0.9792306020311516
2026-07-09,2026-07-09 10:54:15,V024,130.0,0.9435681720456197
2026-07-09,2026-07-09 10:54:16,V024,130.0,0.9897219802789494
2026-07-09,2026-07-09 10:54:17,V024,131.0,0.992552564307112
2026-07-09,2026-07-09 10:54:18,V024,132.0,0.9705961418683356
2026-07-09,2026-07-09 10:54:19,V024,132.0,1.0250893364001952
2026-07-09,2026-07-09 10:54:20,V024,132.0,0.9831379780399865
2026-07-09,2026-07-09 10:54:21,V024,132.0,0.9798007546945188
2026-07-09,2026-07-09 10:54:22,V024,131.0,0.9971148848721677
2026-07-09,2026-07-09 10:54:23,V024,131.0,0.969482074194259
2026-07-09,2026-07-09 10:54:24,V024,131.0,0.9914344246792423
2026-07-09,2026-07-09 10:54:25,V024,130.0,0.9882820323654771
2026-07-09,2026-07-09 10:54:26,V024,130.0,0.94762962336444
2026-07-09,2026-07-09 10:54:27,V024,129.0,1.0279142076071748
2026-07-09,2026-07-09 10:54:28,V024,129.0,0.9685970383945174
2026-07-09,2026-07-09 10:54:29,V024,129.0,0.9979915938822757
2026-07-09,2026-07-09 10:54:30,V024,129.0,0.9313692336089517
2026-07-09,2026-07-09 10:54:31,V024,129.0,0.9535567152783737
2026-07-09,2026-07-09 10:54:32,V024,129.0,1.0072455761759278
2026-07-09,2026-07-09 10:54:33,V024,129.0,0.972693687263372
2026-07-09,2026-07-09 10:54:34,V024,130.0,1.0385449603514505
2026-07-09,2026-07-09 10:54:35,V024,130.0,0.9717983300872729
2026-07-09,2026-07-09 10:54:36,V024,130.0,0.9881837332214801
2026-07-09,2026-07-09 10:54:37,V024,130.0,0.9598350672376307
2026-07-09,2026-07-09 10:54:38,V024,130.0,0.9680959573721336
2026-07-09,2026-07-09 10:54:39,V024,129.0,0.9502790322090064
2026-07-09,2026-07-09 10:54:40,V024,129.0,0.9412289280125854
2026-07-09,2026-07-09 10:54:41,V024,129.0,0.9717211844037971
2026-07-09,2026-07-09 10:54:42,V024,128.0,0.9562339134815725
2026-07-09,2026-07-09 10:54:43,V024,127.0,0.9453174950699631
2026-07-09,2026-07-09 10:54:44,V024,127.0,1.0095847781655776
2026-07-09,2026-07-09 10:54:45,V024,126.0,0.9258073869275972
2026-07-09,2026-07-09 10:54:46,V024,125.0,0.954510522596253
2026-07-09,2026-07-09 10:54:47,V024,125.0,0.9452673249854874
2026-07-09,2026-07-09 10:54:48,V024,124.0,0.942309770763313
2026-07-09,2026-07-09 10:54:49,V024,124.0,0.9757979642617245
2026-07-09,2026-07-09 10:54:50,V024,124.0,0.9608783962285483
2026-07-09,2026-07-09 10:54:51,V024,124.0,0.9662965233834419
2026-07-09,2026-07-09 10:54:52,V024,124.0,0.9545316010043743
2026-07-09,2026-07-09 10:54:53,V024,125.0,0.9496939625132474
2026-07-09,2026-07-09 10:54:54,V024,125.0,1.012446993970794
2026-07-09,2026-07-09 10:54:55,V024,125.0,0.9458127053397805
2026-07-09,2026-07-09 10:54:56,V024,125.0,0.94190256115108
2026-07-09,2026-07-09 10:54:57,V024,125.0,0.9500124343195719
2026-07-09,2026-07-09 10:54:58,V024,124.0,0.8953108408429176
2026-07-09,2026-07-09 10:54:59,V024,124.0,1.0154615549217485
2026-07-09,2026-07-09 10:55:00,V024,124.0,0.9972730093589247
2026-07-09,2026-07-09 10:55:01,V024,124.0,0.9494258580218828
2026-07-09,2026-07-09 10:55:02,V024,124.0,1.0415483649493602
2026-07-09,2026-07-09 10:55:03,V024,124.0,0.9927682635962173
2026-07-09,2026-07-09 10:55:04,V024,124.0,1.0663961515598093
2026-07-09,2026-07-09 10:55:05,V024,125.0,0.9572849977891926
2026-07-09,2026-07-09 10:55:06,V024,125.0,1.020393260477924
2026-07-09,2026-07-09 10:55:07,V024,125.0,0.9478102144401754
2026-07-09,2026-07-09 10:55:08,V024,126.0,1.1704731125399697
2026-07-09,2026-07-09 10:55:09,V024,126.0,0.9484170912537673
2026-07-09,2026-07-09 10:55:10,V024,127.0,1.0523841335758748
2026-07-09,2026-07-09 10:55:11,V024,127.0,0.9935860036822701
2026-07-09,2026-07-09 10:55:12,V024,127.0,0.9802451367099311
2026-07-09,2026-07-09 10:55:13,V024,126.0,0.9586097881076919
2026-07-09,2026-07-09 10:55:14,V024,125.0,0.9789273071235519
2026-07-09,2026-07-09 10:55:15,V024,125.0,0.9360261110382062
2026-07-09,2026-07-09 10:55:16,V024,125.0,1.1368904773411568
2026-07-09,2026-07-09 10:55:17,V024,124.0,1.1847738879877436
2026-07-09,2026-07-09 10:55:18,V024,124.0,1.563524876294538
2026-07-09,2026-07-09 10:55:19,V024,123.0,1.1951312921775605
2026-07-09,2026-07-09 10:55:20,V024,122.0,1.0515733987732634
2026-07-09,2026-07-09 10:55:21,V024,121.0,0.972306034362375
2026-07-09,2026-07-09 10:55:22,V024,120.0,0.9574995411609758
2026-07-09,2026-07-09 10:55:23,V024,120.0,0.999925609107462
2026-07-09,2026-07-09 10:55:24,V024,119.0,0.9663205082516909
2026-07-09,2026-07-09 10:55:25,V024,120.0,0.9323326822002875
2026-07-09,2026-07-09 10:55:26,V024,122.0,1.0628430489152498
2026-07-09,2026-07-09 10:55:27,V024,123.0,1.114369213995908
2026-07-09,2026-07-09 10:55:28,V024,124.0,1.0671651460025557
2026-07-09,2026-07-09 10:55:29,V024,125.0,1.0670232508442363
2026-07-09,2026-07-09 10:55:30,V024,127.0,1.3878673636018637
2026-07-09,2026-07-09 10:55:31,V024,128.0,1.0393200285400224
2026-07-09,2026-07-09 10:55:32,V024,130.0,0.9554787868042147
2026-07-09,2026-07-09 10:55:33,V024,131.0,1.0139964437366347
2026-07-09,2026-07-09 10:55:34,V024,132.0,1.0108211994525715
2026-07-09,2026-07-09 10:55:35,V024,134.0,1.0496920947488804
2026-07-09,2026-07-09 10:55:36,V024,135.0,1.0682266710912696
2026-07-09,2026-07-09 10:55:37,V024,135.0,1.080590613533444
2026-07-09,2026-07-09 10:55:38,V024,136.0,1.0894090256794162
2026-07-09,2026-07-09 10:55:39,V024,136.0,0.9980030927752359
2026-07-09,2026-07-09 10:55:40,V024,136.0,0.9691723515790932
2026-07-09,2026-07-09 10:55:41,V024,137.0,1.0286500052482443
2026-07-09,2026-07-09 10:55:42,V024,137.0,1.0400567313187665
2026-07-09,2026-07-09 10:55:43,V024,137.0,1.0129957736759307
2026-07-09,2026-07-09 10:55:44,V024,137.0,1.0182689763956065
2026-07-09,2026-07-09 10:55:45,V024,137.0,0.9759837193858995
2026-07-09,2026-07-09 10:55:46,V024,137.0,0.9575924709126257
2026-07-09,2026-07-09 10:55:47,V024,136.0,0.9761010157063372
2026-07-09,2026-07-09 10:55:48,V024,136.0,0.9965759558452746
2026-07-09,2026-07-09 10:55:49,V024,135.0,0.9754769541540602
2026-07-09,2026-07-09 10:55:50,V024,134.0,0.9552572142188689
2026-07-09,2026-07-09 10:55:51,V024,133.0,0.9524286165622265
2026-07-09,2026-07-09 10:55:52,V024,133.0,0.955101873155222
2026-07-09,2026-07-09 10:55:53,V024,132.0,0.9489860630245404
2026-07-09,2026-07-09 10:55:54,V024,132.0,0.9990034277547847
2026-07-09,2026-07-09 10:55:55,V024,131.0,0.9679797739952659
2026-07-09,2026-07-09 10:55:56,V024,131.0,0.9812040399430264
2026-07-09,2026-07-09 10:55:57,V024,131.0,0.9557593176025941
2026-07-09,2026-07-09 10:55:58,V024,131.0,0.9617577570055174
2026-07-09,2026-07-09 10:55:59,V024,131.0,0.9970349818700219
2026-07-09,2026-07-09 10:56:00,V024,131.0,0.9953076943817452
2026-07-09,2026-07-09 10:56:01,V024,132.0,0.950592270846358
2026-07-09,2026-07-09 10:56:02,V024,132.0,0.9795358373023305
2026-07-09,2026-07-09 10:56:03,V024,132.0,0.9377738334040382
2026-07-09,2026-07-09 10:56:04,V024,132.0,0.9527908705888101
2026-07-09,2026-07-09 10:56:05,V024,133.0,0.9502811153378815
2026-07-09,2026-07-09 10:56:06,V024,133.0,0.9654579520177252
2026-07-09,2026-07-09 10:56:07,V024,133.0,0.9487998854521366
2026-07-09,2026-07-09 10:56:08,V024,133.0,0.9647057211477721
2026-07-09,2026-07-09 10:56:09,V024,132.0,0.9453022438447175
2026-07-09,2026-07-09 10:56:10,V024,131.0,0.9689740262405708
2026-07-09,2026-07-09 10:56:11,V024,130.0,0.9847607470672837
2026-07-09,2026-07-09 10:56:12,V024,129.0,0.9592557780423404
2026-07-09,2026-07-09 10:56:13,V024,129.0,1.0020204002236934
2026-07-09,2026-07-09 10:56:14,V024,128.0,0.9335916710741652
2026-07-09,2026-07-09 10:56:15,V024,128.0,0.9285980027366325
2026-07-09,2026-07-09 10:56:16,V024,128.0,0.9486307000895967
2026-07-09,2026-07-09 10:56:17,V024,128.0,0.989090929431439
2026-07-09,2026-07-09 10:56:18,V024,128.0,0.9510593784251156
2026-07-09,2026-07-09 10:56:19,V024,129.0,0.9743504224259815
2026-07-09,2026-07-09 10:56:20,V024,129.0,0.9492946645038624
2026-07-09,2026-07-09 10:56:21,V024,128.0,0.9357437203733324
2026-07-09,2026-07-09 10:56:22,V024,127.0,0.9477166664654942
2026-07-09,2026-07-09 10:56:23,V024,126.0,0.961234510280818
2026-07-09,2026-07-09 10:56:24,V024,125.0,0.9518222715615026
2026-07-09,2026-07-09 10:56:25,V024,124.0,0.954734703693912
2026-07-09,2026-07-09 10:56:26,V024,123.0,0.9400652988921118
2026-07-09,2026-07-09 10:56:27,V024,123.0,0.9554970996364285
2026-07-09,2026-07-09 10:56:28,V024,123.0,0.9642761402699479
2026-07-09,2026-07-09 10:56:29,V024,123.0,0.943461007890756
2026-07-09,2026-07-09 10:56:30,V024,123.0,0.9420880984462271
2026-07-09,2026-07-09 10:56:31,V024,123.0,0.9572601093546079
2026-07-09,2026-07-09 10:56:32,V024,123.0,0.9493298561051651
2026-07-09,2026-07-09 10:56:33,V024,123.0,0.947935474467019
2026-07-09,2026-07-09 10:56:34,V024,123.0,0.9756817230386333
2026-07-09,2026-07-09 10:56:35,V024,123.0,0.9461994611991655
2026-07-09,2026-07-09 10:56:36,V024,123.0,0.947239205742152
2026-07-09,2026-07-09 10:56:37,V024,123.0,0.9530408985602855
2026-07-09,2026-07-09 10:56:38,V024,124.0,0.9501466730359176
2026-07-09,2026-07-09 10:56:39,V024,124.0,0.9494276970089265
2026-07-09,2026-07-09 10:56:40,V024,125.0,0.9386511979230584
2026-07-09,2026-07-09 10:56:41,V024,124.0,0.95246159453403
2026-07-09,2026-07-09 10:56:42,V024,124.0,0.9396204001821314
2026-07-09,2026-07-09 10:56:43,V024,123.0,0.9489889856369514
2026-07-09,2026-07-09 10:56:44,V024,122.0,0.9431891804558419
2026-07-09,2026-07-09 10:56:45,V024,122.0,0.9407012881651132
2026-07-09,2026-07-09 10:56:46,V024,121.0,0.9575492888812496
2026-07-09,2026-07-09 10:56:47,V024,120.0,0.9473331592918138
2026-07-09,2026-07-09 10:56:48,V024,120.0,0.9404545575251898
2026-07-09,2026-07-09 10:56:49,V024,119.0,0.9567690890962791
2026-07-09,2026-07-09 10:56:50,V024,118.0,0.9477152689287643
2026-07-09,2026-07-09 10:56:51,V024,118.0,0.9450807029093786
2026-07-09,2026-07-09 10:56:52,V024,118.0,0.9488386979231181
2026-07-09,2026-07-09 10:56:53,V024,119.0,0.9564305300900345
2026-07-09,2026-07-09 10:56:54,V024,120.0,0.9493081669645878
2026-07-09,2026-07-09 10:56:55,V024,121.0,0.9385725736415198
2026-07-09,2026-07-09 10:56:56,V024,122.0,0.9533646150019114
2026-07-09,2026-07-09 10:56:57,V024,123.0,0.9440935687658075
2026-07-09,2026-07-09 10:56:58,V024,124.0,0.9574203359836028
2026-07-09,2026-07-09 10:56:59,V024,125.0,0.9413142408964473
2026-07-09,2026-07-09 10:57:00,V024,126.0,0.9506244323183677
2026-07-09,2026-07-09 10:57:01,V024,126.0,0.9432489485970691
2026-07-09,2026-07-09 10:57:02,V024,126.0,0.9467178612109555
2026-07-09,2026-07-09 10:57:03,V024,125.0,0.9459046300240503
2026-07-09,2026-07-09 10:57:04,V024,125.0,0.9590732187656703
2026-07-09,2026-07-09 10:57:05,V024,125.0,0.9432628435791085
2026-07-09,2026-07-09 10:57:06,V024,125.0,0.9519564521749108
2026-07-09,2026-07-09 10:57:07,V024,125.0,0.9486654179277123
2026-07-09,2026-07-09 10:57:08,V024,126.0,0.948511120154703
2026-07-09,2026-07-09 10:57:09,V024,127.0,0.9996853940176647
2026-07-09,2026-07-09 10:57:10,V024,127.0,0.9321725761258284
2026-07-09,2026-07-09 10:57:11,V024,128.0,0.9536040574781829
2026-07-09,2026-07-09 10:57:12,V024,128.0,0.9548120961212135
2026-07-09,2026-07-09 10:57:13,V024,128.0,0.9480747441221792
2026-07-09,2026-07-09 10:57:14,V024,128.0,0.9534188778588366
2026-07-09,2026-07-09 10:57:15,V024,128.0,0.9437892510337855
2026-07-09,2026-07-09 10:57:16,V024,128.0,0.9416303817799897
2026-07-09,2026-07-09 10:57:17,V024,127.0,0.9533971741018122
2026-07-09,2026-07-09 10:57:18,V024,127.0,0.9366943036848432
2026-07-09,2026-07-09 10:57:19,V024,127.0,0.9423737688347502
2026-07-09,2026-07-09 10:57:20,V024,128.0,0.9622543959535764
2026-07-09,2026-07-09 10:57:21,V024,127.0,0.9683539057338059
2026-07-09,2026-07-09 10:57:22,V024,127.0,0.9457974126287725
2026-07-09,2026-07-09 10:57:23,V024,127.0,0.9402126263351214
2026-07-09,2026-07-09 10:57:24,V024,127.0,0.950360517241716
2026-07-09,2026-07-09 10:57:25,V024,127.0,0.9556233675486955
2026-07-09,2026-07-09 10:57:26,V024,126.0,0.9593035521557608
2026-07-09,2026-07-09 10:57:27,V024,126.0,0.9418833076753018
2026-07-09,2026-07-09 10:57:28,V024,125.0,0.9534683194902972
2026-07-09,2026-07-09 10:57:29,V024,125.0,0.9485927265982002
2026-07-09,2026-07-09 10:57:30,V024,124.0,0.9430474710922352
2026-07-09,2026-07-09 10:57:31,V024,124.0,0.959648559109631
2026-07-09,2026-07-09 10:57:32,V024,124.0,0.9539871951396831
2026-07-09,2026-07-09 10:57:33,V024,123.0,0.9478734609438617
2026-07-09,2026-07-09 10:57:34,V024,123.0,0.9493212724664126
2026-07-09,2026-07-09 10:57:35,V024,123.0,0.9488145151454092
2026-07-09,2026-07-09 10:57:36,V024,123.0,0.9496899009042928
2026-07-09,2026-07-09 10:57:37,V024,123.0,0.9470200102145868
2026-07-09,2026-07-09 10:57:38,V024,124.0,0.9473112989227651
2026-07-09,2026-07-09 10:57:39,V024,124.0,0.941608761675573
2026-07-09,2026-07-09 10:57:40,V024,124.0,0.9647169618434135
2026-07-09,2026-07-09 10:57:41,V024,124.0,0.9773515263740662
2026-07-09,2026-07-09 10:57:42,V024,124.0,0.9872267132939945
2026-07-09,2026-07-09 10:57:43,V024,124.0,0.9447656848232792
2026-07-09,2026-07-09 10:57:44,V024,124.0,0.9492065481969609
2026-07-09,2026-07-09 10:57:45,V024,124.0,0.9537930670084256
2026-07-09,2026-07-09 10:57:46,V024,124.0,0.9509974176396261
2026-07-09,2026-07-09 10:57:47,V024,124.0,0.9571483051935897
2026-07-09,2026-07-09 10:57:48,V024,124.0,0.9496994341080846
2026-07-09,2026-07-09 10:57:49,V024,125.0,0.9355861038129816
2026-07-09,2026-07-09 10:57:50,V024,125.0,0.9649008529951847
2026-07-09,2026-07-09 10:57:51,V024,125.0,0.9905694541141257
2026-07-09,2026-07-09 10:57:52,V024,124.0,0.9488191516441704
2026-07-09,2026-07-09 10:57:53,V024,123.0,0.946023853004685
2026-07-09,2026-07-09 10:57:54,V024,123.0,0.955913042324832
2026-07-09,2026-07-09 10:57:55,V024,122.0,1.0109347194733902
2026-07-09,2026-07-09 10:57:56,V024,121.0,1.0479183122317286
2026-07-09,2026-07-09 10:57:57,V024,120.0,0.956006589775271
2026-07-09,2026-07-09 10:57:58,V024,120.0,0.9566163598884577
2026-07-09,2026-07-09 10:57:59,V024,120.0,0.9473140152363617
2026-07-09,2026-07-09 10:58:00,V024,120.0,0.9493360172103396
2026-07-09,2026-07-09 10:58:01,V024,120.0,0.9438283510682093
2026-07-09,2026-07-09 10:58:02,V024,121.0,0.9482423990769896
2026-07-09,2026-07-09 10:58:03,V024,122.0,0.9415002850971715
2026-07-09,2026-07-09 10:58:04,V024,123.0,0.9472506046958186
2026-07-09,2026-07-09 10:58:05,V024,123.0,0.9538076596916192
2026-07-09,2026-07-09 10:58:06,V024,124.0,0.9486679185699924
2026-07-09,2026-07-09 10:58:07,V024,124.0,0.9510562188511327
2026-07-09,2026-07-09 10:58:08,V024,124.0,1.0546652781741757
2026-07-09,2026-07-09 10:58:09,V024,123.0,1.074045482874329
2026-07-09,2026-07-09 10:58:10,V024,122.0,0.9588576158507744
2026-07-09,2026-07-09 10:58:11,V024,121.0,0.9766487952226837
2026-07-09,2026-07-09 10:58:12,V024,120.0,0.9452436252960696
2026-07-09,2026-07-09 10:58:13,V024,121.0,0.9489559182560825
2026-07-09,2026-07-09 10:58:14,V024,121.0,0.9542018901999197
2026-07-09,2026-07-09 10:58:15,V024,121.0,0.9403167295080197
2026-07-09,2026-07-09 10:58:16,V024,121.0,0.970447765594768
2026-07-09,2026-07-09 10:58:17,V024,122.0,0.9483253642419677
2026-07-09,2026-07-09 10:58:18,V024,122.0,0.9565049287255932
2026-07-09,2026-07-09 10:58:19,V024,122.0,0.9639157594592581
2026-07-09,2026-07-09 10:58:20,V024,122.0,0.924512382812643
2026-07-09,2026-07-09 10:58:21,V024,122.0,0.947913433856555
2026-07-09,2026-07-09 10:58:22,V024,122.0,0.9638009771916782
2026-07-09,2026-07-09 10:58:23,V024,122.0,0.949882382205599
2026-07-09,2026-07-09 10:58:24,V024,122.0,0.9109624236221585
2026-07-09,2026-07-09 10:58:25,V024,121.0,1.054265219620436
2026-07-09,2026-07-09 10:58:26,V024,121.0,0.9410695148343066
2026-07-09,2026-07-09 10:58:27,V024,121.0,0.9565933194475813
2026-07-09,2026-07-09 10:58:28,V024,121.0,0.9715267132521044
2026-07-09,2026-07-09 10:58:29,V024,120.0,1.013747232496062
2026-07-09,2026-07-09 10:58:30,V024,120.0,0.9305968005115863
2026-07-09,2026-07-09 10:58:31,V024,121.0,1.0184410778223785
2026-07-09,2026-07-09 10:58:32,V024,121.0,0.9444898308036627
2026-07-09,2026-07-09 10:58:33,V024,122.0,0.9668517704452501
2026-07-09,2026-07-09 10:58:34,V024,123.0,0.959022701929561
2026-07-09,2026-07-09 10:58:35,V024,124.0,0.9737738339518885
2026-07-09,2026-07-09 10:58:36,V024,124.0,0.9674108487607758
2026-07-09,2026-07-09 10:58:37,V024,125.0,0.9586519495884269
2026-07-09,2026-07-09 10:58:38,V024,125.0,1.0229431179203532
2026-07-09,2026-07-09 10:58:39,V024,125.0,0.9601617242611927
2026-07-09,2026-07-09 10:58:40,V024,125.0,0.9877303715598037
2026-07-09,2026-07-09 10:58:41,V024,124.0,1.0159438136905194
2026-07-09,2026-07-09 10:58:42,V024,123.0,0.9669564074137426
2026-07-09,2026-07-09 10:58:43,V024,123.0,1.0096564932194398
2026-07-09,2026-07-09 10:58:44,V024,124.0,0.9553137022384964
2026-07-09,2026-07-09 10:58:45,V024,124.0,0.9667459810132286
2026-07-09,2026-07-09 10:58:46,V024,125.0,0.9459433674674723
2026-07-09,2026-07-09 10:58:47,V024,125.0,0.9364987854496499
2026-07-09,2026-07-09 10:58:48,V024,125.0,0.9701948596544067
2026-07-09,2026-07-09 10:58:49,V024,125.0,0.9572855518148522
2026-07-09,2026-07-09 10:58:50,V024,124.0,0.9697056521339076
2026-07-09,2026-07-09 10:58:51,V024,123.0,0.952349433902589
2026-07-09,2026-07-09 10:58:52,V024,122.0,0.9328146123455431
2026-07-09,2026-07-09 10:58:53,V024,122.0,0.9525868436514552
2026-07-09,2026-07-09 10:58:54,V024,122.0,0.9475325292451005
2026-07-09,2026-07-09 10:58:55,V024,123.0,0.963343909052441
2026-07-09,2026-07-09 10:58:56,V024,123.0,0.9671883853299962
2026-07-09,2026-07-09 10:58:57,V024,123.0,0.991607002720721
2026-07-09,2026-07-09 10:58:58,V024,124.0,0.989691636852109
2026-07-09,2026-07-09 10:58:59,V024,124.0,0.9480352951918255
2026-07-09,2026-07-09 10:59:00,V024,124.0,0.9744595174247834
2026-07-09,2026-07-09 10:59:01,V024,124.0,1.0005712265101063
2026-07-09,2026-07-09 10:59:02,V024,125.0,0.9848039829577423
2026-07-09,2026-07-09 10:59:03,V024,124.0,0.9552783439016562
2026-07-09,2026-07-09 10:59:04,V024,124.0,0.9909537910104919
2026-07-09,2026-07-09 10:59:05,V024,124.0,1.0007365162972441
2026-07-09,2026-07-09 10:59:06,V024,124.0,0.9534944020360852
2026-07-09,2026-07-09 10:59:07,V024,124.0,1.010724119319431
2026-07-09,2026-07-09 10:59:08,V024,124.0,1.0199627116175114
2026-07-09,2026-07-09 10:59:09,V024,125.0,0.9571548796857292
2026-07-09,2026-07-09 10:59:10,V024,125.0,0.9564302777238772
2026-07-09,2026-07-09 10:59:11,V024,125.0,0.9486728296103782
2026-07-09,2026-07-09 10:59:12,V024,125.0,0.9797412923269015
2026-07-09,2026-07-09 10:59:13,V024,125.0,0.9948822234642178
2026-07-09,2026-07-09 10:59:14,V024,125.0,0.9763973109512453
2026-07-09,2026-07-09 10:59:15,V024,125.0,0.9840167621679136
2026-07-09,2026-07-09 10:59:16,V024,125.0,1.0428573916801438
2026-07-09,2026-07-09 10:59:17,V024,124.0,0.9614254321796186
2026-07-09,2026-07-09 10:59:18,V024,124.0,1.1531481226792577
2026-07-09,2026-07-09 10:59:19,V024,124.0,1.4293708457628151
2026-07-09,2026-07-09 10:59:20,V024,124.0,1.134400113297759
2026-07-09,2026-07-09 10:59:21,V024,125.0,1.0291495769549623
2026-07-09,2026-07-09 10:59:22,V024,125.0,1.0172526206749894
2026-07-09,2026-07-09 10:59:23,V024,126.0,0.9658437262547531
2026-07-09,2026-07-09 10:59:24,V024,127.0,0.9901032181857119
2026-07-09,2026-07-09 10:59:25,V024,127.0,0.9738670084036657
2026-07-09,2026-07-09 10:59:26,V024,128.0,0.9746671163864972
2026-07-09,2026-07-09 10:59:27,V024,129.0,1.1223150036276999
2026-07-09,2026-07-09 10:59:28,V024,129.0,1.3627469210292338
2026-07-09,2026-07-09 10:59:29,V024,130.0,1.036817389113696
2026-07-09,2026-07-09 10:59:30,V024,131.0,1.0136631993942917
2026-07-09,2026-07-09 10:59:31,V024,132.0,1.0230222803327358
2026-07-09,2026-07-09 10:59:32,V024,133.0,0.970206943464729
2026-07-09,2026-07-09 10:59:33,V024,134.0,0.9860202010280942
2026-07-09,2026-07-09 10:59:34,V024,135.0,1.0295161999665896
2026-07-09,2026-07-09 10:59:35,V024,136.0,0.9190583008777411
2026-07-09,2026-07-09 10:59:36,V024,137.0,0.9919242082169994
2026-07-09,2026-07-09 10:59:37,V024,138.0,0.9679097434351389
2026-07-09,2026-07-09 10:59:38,V024,138.0,0.9522602343540859
2026-07-09,2026-07-09 10:59:39,V024,139.0,0.9541821306558943
2026-07-09,2026-07-09 10:59:40,V024,139.0,0.9390695391569813
2026-07-09,2026-07-09 10:59:41,V024,139.0,0.9742773151707632
2026-07-09,2026-07-09 10:59:42,V024,138.0,0.9802403673807807
2026-07-09,2026-07-09 10:59:43,V024,137.0,0.9970620750263672
2026-07-09,2026-07-09 10:59:44,V024,136.0,0.9698274633814628
2026-07-09,2026-07-09 10:59:45,V024,134.0,0.9585743348823866
2026-07-09,2026-07-09 10:59:46,V024,133.0,0.9554087093522537
2026-07-09,2026-07-09 10:59:47,V024,131.0,0.9614080537029978
2026-07-09,2026-07-09 10:59:48,V024,130.0,0.9549130281821556
2026-07-09,2026-07-09 10:59:49,V024,129.0,1.0234637265799844
2026-07-09,2026-07-09 10:59:50,V024,129.0,0.9455144863164769
2026-07-09,2026-07-09 10:59:51,V024,129.0,0.9742447753782608
2026-07-09,2026-07-09 10:59:52,V024,129.0,0.9659720502649648
2026-07-09,2026-07-09 10:59:53,V024,130.0,0.9637094258095324
2026-07-09,2026-07-09 10:59:54,V024,131.0,0.9525217739314225
2026-07-09,2026-07-09 10:59:55,V024,132.0,0.94215111237213
2026-07-09,2026-07-09 10:59:56,V024,132.0,0.9475155667182049
2026-07-09,2026-07-09 10:59:57,V024,133.0,0.9692808896587398
2026-07-09,2026-07-09 10:59:58,V024,134.0,0.9548231109664603
2026-07-09,2026-07-09 10:59:59,V024,135.0,1.1650688752324745
2026-07-09,2026-07-09 11:00:00,V024,136.0,1.49405155617996
2026-07-09,2026-07-09 11:00:01,V024,136.0,1.123536081443004
2026-07-09,2026-07-09 11:00:02,V024,137.0,0.9703211532497802
2026-07-09,2026-07-09 11:00:03,V024,137.0,0.9911856797940354
2026-07-09,2026-07-09 11:00:04,V024,137.0,1.0807005235773397
2026-07-09,2026-07-09 11:00:05,V024,136.0,1.2592591279378575
2026-07-09,2026-07-09 11:00:06,V024,136.0,1.0747910582789257
2026-07-09,2026-07-09 11:00:07,V024,135.0,0.9906389646166323
2026-07-09,2026-07-09 11:00:08,V024,134.0,0.9534663137292947
2026-07-09,2026-07-09 11:00:09,V024,134.0,0.9976854343861058
2026-07-09,2026-07-09 11:00:10,V024,134.0,1.0090657993814827
2026-07-09,2026-07-09 11:00:11,V024,134.0,1.045100158343212
2026-07-09,2026-07-09 11:00:12,V024,134.0,0.9371431199224427
2026-07-09,2026-07-09 11:00:13,V024,134.0,0.9653658679017655
2026-07-09,2026-07-09 11:00:14,V024,134.0,0.9432987531281561
2026-07-09,2026-07-09 11:00:15,V024,134.0,0.974664087091707
2026-07-09,2026-07-09 11:00:16,V024,134.0,0.979814597027881
2026-07-09,2026-07-09 11:00:17,V024,134.0,0.9379645450914545
2026-07-09,2026-07-09 11:00:18,V024,134.0,0.9570062886144678
2026-07-09,2026-07-09 11:00:19,V024,133.0,0.947133655160613
2026-07-09,2026-07-09 11:00:20,V024,133.0,0.9882525591356364
2026-07-09,2026-07-09 11:00:21,V024,133.0,0.9517131643918962
2026-07-09,2026-07-09 11:00:22,V024,133.0,0.9604616497126763
2026-07-09,2026-07-09 11:00:23,V024,132.0,0.9394371815950971
2026-07-09,2026-07-09 11:00:24,V024,131.0,0.9460665380151384
2026-07-09,2026-07-09 11:00:25,V024,132.0,0.9475798400677985
2026-07-09,2026-07-09 11:00:26,V024,132.0,0.9779869123540746
2026-07-09,2026-07-09 11:00:27,V024,132.0,0.9434814182242566
2026-07-09,2026-07-09 11:00:28,V024,133.0,0.9620869238135981
2026-07-09,2026-07-09 11:00:29,V024,132.0,0.9489077881365019
2026-07-09,2026-07-09 11:00:30,V024,132.0,0.966340372010296
2026-07-09,2026-07-09 11:00:31,V024,131.0,0.9922122928467403
2026-07-09,2026-07-09 11:00:32,V024,130.0,1.166363146686914
2026-07-09,2026-07-09 11:00:33,V024,130.0,1.138455750038084
2026-07-09,2026-07-09 11:00:34,V024,129.0,1.545938068890531
2026-07-09,2026-07-09 11:00:35,V024,129.0,0.9221261817253009
2026-07-09,2026-07-09 11:00:36,V024,129.0,1.229053699719625
2026-07-09,2026-07-09 11:00:37,V024,129.0,1.6084682159914396
2026-07-09,2026-07-09 11:00:38,V024,129.0,1.136027773059696
2026-07-09,2026-07-09 11:00:39,V024,129.0,1.0868244621733683
2026-07-09,2026-07-09 11:00:40,V024,129.0,1.0103679000044354
2026-07-09,2026-07-09 11:00:41,V024,129.0,0.9644899110034452
2026-07-09,2026-07-09 11:00:42,V024,129.0,0.9868593006514401
2026-07-09,2026-07-09 11:00:43,V024,129.0,1.072943762834122
2026-07-09,2026-07-09 11:00:44,V024,129.0,1.072387200265892
2026-07-09,2026-07-09 11:00:45,V024,129.0,0.9558687465834923
2026-07-09,2026-07-09 11:00:46,V024,129.0,0.9669739722414092
2026-07-09,2026-07-09 11:00:47,V024,130.0,0.9468072559627523
2026-07-09,2026-07-09 11:00:48,V024,130.0,0.9503637897329574
2026-07-09,2026-07-09 11:00:49,V024,131.0,1.088568321429626
2026-07-09,2026-07-09 11:00:50,V024,131.0,0.9858016154912704
2026-07-09,2026-07-09 11:00:51,V024,131.0,0.9659148540369594
2026-07-09,2026-07-09 11:00:52,V024,131.0,0.9595684358026616
2026-07-09,2026-07-09 11:00:53,V024,130.0,0.9533310851271685
2026-07-09,2026-07-09 11:00:54,V024,130.0,0.9376441719567613
2026-07-09,2026-07-09 11:00:55,V024,130.0,0.9559024895542961
2026-07-09,2026-07-09 11:00:56,V024,130.0,0.9696000311165236
2026-07-09,2026-07-09 11:00:57,V024,130.0,1.0018665883707754
2026-07-09,2026-07-09 11:00:58,V024,130.0,0.9692042870347484
2026-07-09,2026-07-09 11:00:59,V024,130.0,0.9915661460244614
2026-07-09,2026-07-09 11:01:00,V024,130.0,0.9761844552855826
2026-07-09,2026-07-09 11:01:01,V024,131.0,1.0065275479710754
2026-07-09,2026-07-09 11:01:02,V024,131.0,0.961888075446688
2026-07-09,2026-07-09 11:01:03,V024,130.0,0.9488870789401752
2026-07-09,2026-07-09 11:01:04,V024,129.0,1.0093817919588701
2026-07-09,2026-07-09 11:01:05,V024,129.0,1.0806612308560557
2026-07-09,2026-07-09 11:01:06,V024,128.0,1.0521089528646637
2026-07-09,2026-07-09 11:01:07,V024,128.0,1.5589034521786318
2026-07-09,2026-07-09 11:01:08,V024,129.0,0.9707891992367501
2026-07-09,2026-07-09 11:01:09,V024,129.0,1.2434593657858815
2026-07-09,2026-07-09 11:01:10,V024,128.0,1.272016212164411
2026-07-09,2026-07-09 11:01:11,V024,128.0,1.8661211722241717
2026-07-09,2026-07-09 11:01:12,V024,128.0,1.1127661961324296
2026-07-09,2026-07-09 11:01:13,V024,128.0,1.4019100338906372
2026-07-09,2026-07-09 11:01:14,V024,128.0,1.0194898141303332
2026-07-09,2026-07-09 11:01:15,V024,127.0,1.262523861258782
2026-07-09,2026-07-09 11:01:16,V024,126.0,0.8513018374578755
2026-07-09,2026-07-09 11:01:17,V024,127.0,1.013638976743357
2026-07-09,2026-07-09 11:01:18,V024,127.0,0.9868406789513439
2026-07-09,2026-07-09 11:01:19,V024,128.0,1.1669130720901748
2026-07-09,2026-07-09 11:01:20,V024,128.0,1.6131862384722755
2026-07-09,2026-07-09 11:01:21,V024,128.0,1.267364973015899
2026-07-09,2026-07-09 11:01:22,V024,129.0,1.0543211935608487
2026-07-09,2026-07-09 11:01:23,V024,129.0,0.9463541010126635
2026-07-09,2026-07-09 11:01:24,V024,129.0,1.1563842161784055
2026-07-09,2026-07-09 11:01:25,V024,130.0,1.1433365379271871
2026-07-09,2026-07-09 11:01:26,V024,131.0,1.0031814760961153
2026-07-09,2026-07-09 11:01:27,V024,131.0,0.9636880859174715
2026-07-09,2026-07-09 11:01:28,V024,132.0,0.9896531873862053
2026-07-09,2026-07-09 11:01:29,V024,133.0,1.0358768544954018
2026-07-09,2026-07-09 11:01:30,V024,133.0,1.0225501927349536
2026-07-09,2026-07-09 11:01:31,V024,134.0,1.036525779564582
2026-07-09,2026-07-09 11:01:32,V024,134.0,1.0818687722002418
2026-07-09,2026-07-09 11:01:33,V024,135.0,1.0128236881844388
2026-07-09,2026-07-09 11:01:34,V024,136.0,0.9876192997348637
2026-07-09,2026-07-09 11:01:35,V024,138.0,0.9302043116609182
2026-07-09,2026-07-09 11:01:36,V024,138.0,1.0635075071788498
2026-07-09,2026-07-09 11:01:37,V024,139.0,1.0421463293855264
2026-07-09,2026-07-09 11:01:38,V024,139.0,1.131568338058022
2026-07-09,2026-07-09 11:01:39,V024,139.0,0.9247815920093506
2026-07-09,2026-07-09 11:01:40,V024,138.0,0.961364357003775
2026-07-09,2026-07-09 11:01:41,V024,138.0,0.9639013448123757
2026-07-09,2026-07-09 11:01:42,V024,137.0,0.9883118903060735
2026-07-09,2026-07-09 11:01:43,V024,137.0,0.941602350183807
2026-07-09,2026-07-09 11:01:44,V024,136.0,1.0174066889162472
2026-07-09,2026-07-09 11:01:45,V024,135.0,0.9755071239956393
2026-07-09,2026-07-09 11:01:46,V024,133.0,0.9889611881069632
2026-07-09,2026-07-09 11:01:47,V024,132.0,1.0019725877370496
2026-07-09,2026-07-09 11:01:48,V024,131.0,0.9831424927926962
2026-07-09,2026-07-09 11:01:49,V024,130.0,1.0022553386312192
2026-07-09,2026-07-09 11:01:50,V024,129.0,0.9761870045338165
2026-07-09,2026-07-09 11:01:51,V024,130.0,1.124217712755361
2026-07-09,2026-07-09 11:01:52,V024,130.0,0.9785263320124806
2026-07-09,2026-07-09 11:01:53,V024,131.0,1.0087807413945955
2026-07-09,2026-07-09 11:01:54,V024,132.0,1.066329473013527
2026-07-09,2026-07-09 11:01:55,V024,132.0,1.1805837675503674
2026-07-09,2026-07-09 11:01:56,V024,133.0,0.991519255085455
2026-07-09,2026-07-09 11:01:57,V024,132.0,1.0329674407174303
2026-07-09,2026-07-09 11:01:58,V024,132.0,1.010545658750918
2026-07-09,2026-07-09 11:01:59,V024,132.0,1.0027328127941817
2026-07-09,2026-07-09 11:02:00,V024,132.0,0.9852455421151242
2026-07-09,2026-07-09 11:02:01,V024,131.0,1.827097211984357
2026-07-09,2026-07-09 11:02:02,V024,131.0,2.695464988865753
2026-07-09,2026-07-09 11:02:03,V024,130.0,2.0977563758242033
2026-07-09,2026-07-09 11:02:04,V024,129.0,1.1141420984198187
2026-07-09,2026-07-09 11:02:05,V024,129.0,1.0044959248813887
2026-07-09,2026-07-09 11:02:06,V024,128.0,1.1188469544823076
2026-07-09,2026-07-09 11:02:07,V024,129.0,0.9731303712134085
2026-07-09,2026-07-09 11:02:08,V024,129.0,1.1098890591768602
2026-07-09,2026-07-09 11:02:09,V024,130.0,0.9609951203684927
2026-07-09,2026-07-09 11:02:10,V024,130.0,0.908410257005513
2026-07-09,2026-07-09 11:02:11,V024,130.0,1.0369098373026604
2026-07-09,2026-07-09 11:02:12,V024,131.0,0.8499710858591242
2026-07-09,2026-07-09 11:02:13,V024,130.0,1.0012413879124447
2026-07-09,2026-07-09 11:02:14,V024,130.0,0.9621924381992641
2026-07-09,2026-07-09 11:02:15,V024,129.0,0.9687291936039208
2026-07-09,2026-07-09 11:02:16,V024,129.0,0.8602740853703056
2026-07-09,2026-07-09 11:02:17,V024,128.0,1.0044164360807866
2026-07-09,2026-07-09 11:02:18,V024,128.0,0.9969408630462552
2026-07-09,2026-07-09 11:02:19,V024,128.0,0.9369169319765898
2026-07-09,2026-07-09 11:02:20,V024,128.0,1.0729447158039034
2026-07-09,2026-07-09 11:02:21,V024,127.0,0.9519745805078296
2026-07-09,2026-07-09 11:02:22,V024,127.0,0.9451733994330452
2026-07-09,2026-07-09 11:02:23,V024,127.0,0.9500134752733485
2026-07-09,2026-07-09 11:02:24,V024,127.0,0.9501561801848248
2026-07-09,2026-07-09 11:02:25,V024,127.0,0.9447995908715522
2026-07-09,2026-07-09 11:02:26,V024,127.0,0.9360345738861616
2026-07-09,2026-07-09 11:02:27,V024,127.0,1.0597651135909465
2026-07-09,2026-07-09 11:02:28,V024,128.0,0.9270479043963618
2026-07-09,2026-07-09 11:02:29,V024,129.0,0.9662263531054612
2026-07-09,2026-07-09 11:02:30,V024,130.0,0.9317440535649671
2026-07-09,2026-07-09 11:02:31,V024,130.0,0.964769595742154
2026-07-09,2026-07-09 11:02:32,V024,131.0,0.9658770864883018
2026-07-09,2026-07-09 11:02:33,V024,132.0,0.9572593328202242
2026-07-09,2026-07-09 11:02:34,V024,133.0,0.9821670620875723
2026-07-09,2026-07-09 11:02:35,V024,134.0,1.0001522899105
2026-07-09,2026-07-09 11:02:36,V024,135.0,1.0126777701373464
2026-07-09,2026-07-09 11:02:37,V024,135.0,1.0633618293664535
2026-07-09,2026-07-09 11:02:38,V024,136.0,0.9978736006618024
2026-07-09,2026-07-09 11:02:39,V024,136.0,1.1538275222026473
2026-07-09,2026-07-09 11:02:40,V024,137.0,1.082450722267829
2026-07-09,2026-07-09 11:02:41,V024,137.0,1.1827902089324727
2026-07-09,2026-07-09 11:02:42,V024,137.0,2.1153955005004987
2026-07-09,2026-07-09 11:02:43,V024,137.0,2.097579330821416
2026-07-09,2026-07-09 11:02:44,V024,138.0,1.993323585313342
2026-07-09,2026-07-09 11:02:45,V024,138.0,1.2775121126674134
2026-07-09,2026-07-09 11:02:46,V024,138.0,0.9559142996567174
2026-07-09,2026-07-09 11:02:47,V024,137.0,0.9381722178329585
2026-07-09,2026-07-09 11:02:48,V024,137.0,0.9909048890811056
2026-07-09,2026-07-09 11:02:49,V024,137.0,1.0522042466537063
2026-07-09,2026-07-09 11:02:50,V024,137.0,1.0390269119973266
2026-07-09,2026-07-09 11:02:51,V024,136.0,1.020001700588037
2026-07-09,2026-07-09 11:02:52,V024,136.0,1.0370238916608625
2026-07-09,2026-07-09 11:02:53,V024,135.0,1.0093354746736287
2026-07-09,2026-07-09 11:02:54,V024,134.0,1.0512322398209657
2026-07-09,2026-07-09 11:02:55,V024,134.0,1.0763003744776238
2026-07-09,2026-07-09 11:02:56,V024,133.0,1.0077685999033608
2026-07-09,2026-07-09 11:02:57,V024,133.0,0.9515730676876455
2026-07-09,2026-07-09 11:02:58,V024,133.0,0.9966655886250447
2026-07-09,2026-07-09 11:02:59,V024,133.0,1.0062439343453098
2026-07-09,2026-07-09 11:03:00,V024,133.0,1.0667384429235562
2026-07-09,2026-07-09 11:03:01,V024,133.0,1.0857201573853106
2026-07-09,2026-07-09 11:03:02,V024,133.0,1.399335940000972
2026-07-09,2026-07-09 11:03:03,V024,134.0,1.2940506559811777
2026-07-09,2026-07-09 11:03:04,V024,134.0,0.9545028121648563
2026-07-09,2026-07-09 11:03:05,V024,134.0,1.025598080793541
2026-07-09,2026-07-09 11:03:06,V024,134.0,1.0247249152336524
2026-07-09,2026-07-09 11:03:07,V024,135.0,0.9971722040766561
2026-07-09,2026-07-09 11:03:08,V024,135.0,1.02133551732467
2026-07-09,2026-07-09 11:03:09,V024,136.0,1.0853305623595655
2026-07-09,2026-07-09 11:03:10,V024,137.0,1.0105654368789654
2026-07-09,2026-07-09 11:03:11,V024,137.0,1.0174375108096907
2026-07-09,2026-07-09 11:03:12,V024,137.0,1.0323278396846451
2026-07-09,2026-07-09 11:03:13,V024,137.0,0.9305557481924909
2026-07-09,2026-07-09 11:03:14,V024,137.0,0.9840943843476404
2026-07-09,2026-07-09 11:03:15,V024,137.0,0.9612002411241305
2026-07-09,2026-07-09 11:03:16,V024,137.0,0.957912178262982
2026-07-09,2026-07-09 11:03:17,V024,137.0,0.9991244844260175
2026-07-09,2026-07-09 11:03:18,V024,137.0,0.9913335869009406
2026-07-09,2026-07-09 11:03:19,V024,137.0,1.084371760938284
2026-07-09,2026-07-09 11:03:20,V024,137.0,1.0404012823205855
2026-07-09,2026-07-09 11:03:21,V024,137.0,1.1350797408487452
2026-07-09,2026-07-09 11:03:22,V024,138.0,0.9877753109202859
2026-07-09,2026-07-09 11:03:23,V024,138.0,0.9856278557779591
2026-07-09,2026-07-09 11:03:24,V024,138.0,1.171970998777625
2026-07-09,2026-07-09 11:03:25,V024,137.0,1.7877584640372308
2026-07-09,2026-07-09 11:03:26,V024,137.0,1.074798624286087
2026-07-09,2026-07-09 11:03:27,V024,136.0,0.9835775205332921
2026-07-09,2026-07-09 11:03:28,V024,136.0,1.0568232240513724
2026-07-09,2026-07-09 11:03:29,V024,136.0,1.0326431501188846
2026-07-09,2026-07-09 11:03:30,V024,135.0,1.2662461455256402
2026-07-09,2026-07-09 11:03:31,V024,135.0,1.4403353695519152
2026-07-09,2026-07-09 11:03:32,V024,135.0,1.1154708720144193
2026-07-09,2026-07-09 11:03:33,V024,135.0,1.0012462744625499
2026-07-09,2026-07-09 11:03:34,V024,135.0,1.0314327675199324
2026-07-09,2026-07-09 11:03:35,V024,136.0,1.0312782595848762
2026-07-09,2026-07-09 11:03:36,V024,137.0,1.0230330356752322
2026-07-09,2026-07-09 11:03:37,V024,138.0,1.0880207929880326
2026-07-09,2026-07-09 11:03:38,V024,139.0,0.9693320263792177
2026-07-09,2026-07-09 11:03:39,V024,139.0,1.029544108575125
2026-07-09,2026-07-09 11:03:40,V024,140.0,0.9622165484393981
2026-07-09,2026-07-09 11:03:41,V024,140.0,0.9845694688154567
2026-07-09,2026-07-09 11:03:42,V024,140.0,1.0011866715724156
2026-07-09,2026-07-09 11:03:43,V024,139.0,0.9963622608878978
2026-07-09,2026-07-09 11:03:44,V024,139.0,1.0547094076437482
2026-07-09,2026-07-09 11:03:45,V024,138.0,0.9889281634296899
2026-07-09,2026-07-09 11:03:46,V024,137.0,1.056441289300949
2026-07-09,2026-07-09 11:03:47,V024,136.0,1.030327381847262
2026-07-09,2026-07-09 11:03:48,V024,136.0,0.9203742862742087
2026-07-09,2026-07-09 11:03:49,V024,135.0,0.952759926183778
2026-07-09,2026-07-09 11:03:50,V024,135.0,0.9478625770392761
2026-07-09,2026-07-09 11:03:51,V024,134.0,0.9973196790745201
2026-07-09,2026-07-09 11:03:52,V024,134.0,0.9599432843021586
2026-07-09,2026-07-09 11:03:53,V024,134.0,0.9662234280053377
2026-07-09,2026-07-09 11:03:54,V024,134.0,0.975524135270724
2026-07-09,2026-07-09 11:03:55,V024,134.0,1.046948732036117
2026-07-09,2026-07-09 11:03:56,V024,133.0,0.9620190715824468
2026-07-09,2026-07-09 11:03:57,V024,133.0,1.0130390412013532
2026-07-09,2026-07-09 11:03:58,V024,133.0,1.0206701222944696
2026-07-09,2026-07-09 11:03:59,V024,132.0,0.9824635809931108
2026-07-09,2026-07-09 11:04:00,V024,132.0,0.9768507639664896
2026-07-09,2026-07-09 11:04:01,V024,133.0,1.084897248743747
2026-07-09,2026-07-09 11:04:02,V024,133.0,1.0847998473561586
2026-07-09,2026-07-09 11:04:03,V024,133.0,0.9996126414712044
2026-07-09,2026-07-09 11:04:04,V024,134.0,1.2422473443133868
2026-07-09,2026-07-09 11:04:05,V024,134.0,1.0851408839300491
2026-07-09,2026-07-09 11:04:06,V024,135.0,1.4798596802044057
2026-07-09,2026-07-09 11:04:07,V024,135.0,0.98568099285997
2026-07-09,2026-07-09 11:04:08,V024,135.0,1.1076415557280859
2026-07-09,2026-07-09 11:04:09,V024,134.0,1.2822634207369437
2026-07-09,2026-07-09 11:04:10,V024,134.0,2.0296703818320316
2026-07-09,2026-07-09 11:04:11,V024,134.0,1.1786979112785476
2026-07-09,2026-07-09 11:04:12,V024,134.0,0.9332045185190504
2026-07-09,2026-07-09 11:04:13,V024,133.0,1.0472437955652352
2026-07-09,2026-07-09 11:04:14,V024,133.0,1.010776222356236
2026-07-09,2026-07-09 11:04:15,V024,132.0,1.0006484797892428
2026-07-09,2026-07-09 11:04:16,V024,132.0,1.0275821641706742
2026-07-09,2026-07-09 11:04:17,V024,131.0,1.0410685591746713
2026-07-09,2026-07-09 11:04:18,V024,131.0,0.9725582208241591
2026-07-09,2026-07-09 11:04:19,V024,130.0,0.9492862481708473
2026-07-09,2026-07-09 11:04:20,V024,130.0,1.0035202399199161
2026-07-09,2026-07-09 11:04:21,V024,131.0,0.982428745444088
2026-07-09,2026-07-09 11:04:22,V024,132.0,0.947690866589123
2026-07-09,2026-07-09 11:04:23,V024,132.0,0.9565685629357321
2026-07-09,2026-07-09 11:04:24,V024,132.0,0.9545397200214154
2026-07-09,2026-07-09 11:04:25,V024,132.0,0.9469059542826299
2026-07-09,2026-07-09 11:04:26,V024,132.0,0.960208127232456
2026-07-09,2026-07-09 11:04:27,V024,132.0,0.9531998411228905
2026-07-09,2026-07-09 11:04:28,V024,131.0,0.9400635792402431
2026-07-09,2026-07-09 11:04:29,V024,131.0,0.9567909974175287
2026-07-09,2026-07-09 11:04:30,V024,131.0,0.93989390745315
2026-07-09,2026-07-09 11:04:31,V024,131.0,0.9679448018982676
2026-07-09,2026-07-09 11:04:32,V024,131.0,0.9455186172856045
2026-07-09,2026-07-09 11:04:33,V024,131.0,0.9971151971642711
2026-07-09,2026-07-09 11:04:34,V024,131.0,0.9784972970459671
2026-07-09,2026-07-09 11:04:35,V024,131.0,0.9411340127879599
2026-07-09,2026-07-09 11:04:36,V024,131.0,0.9720572065694036
2026-07-09,2026-07-09 11:04:37,V024,130.0,0.9991264418882623
2026-07-09,2026-07-09 11:04:38,V024,130.0,0.9537640673133231
2026-07-09,2026-07-09 11:04:39,V024,130.0,0.9404399466806495
2026-07-09,2026-07-09 11:04:40,V024,130.0,0.9478727378171611
2026-07-09,2026-07-09 11:04:41,V024,129.0,0.9469431481109244
2026-07-09,2026-07-09 11:04:42,V024,129.0,0.9579889096834491
2026-07-09,2026-07-09 11:04:43,V024,129.0,0.9348933507747686
2026-07-09,2026-07-09 11:04:44,V024,129.0,0.9621263580863193
2026-07-09,2026-07-09 11:04:45,V024,129.0,0.9765991613750316
2026-07-09,2026-07-09 11:04:46,V024,129.0,0.9831083893317843
2026-07-09,2026-07-09 11:04:47,V024,129.0,0.9537534108957387
2026-07-09,2026-07-09 11:04:48,V024,129.0,0.9575287839423711
2026-07-09,2026-07-09 11:04:49,V024,130.0,0.9590200086977122
2026-07-09,2026-07-09 11:04:50,V024,130.0,0.973123535480928
2026-07-09,2026-07-09 11:04:51,V024,130.0,0.9828658142722033
2026-07-09,2026-07-09 11:04:52,V024,130.0,0.9512755408575942
2026-07-09,2026-07-09 11:04:53,V024,129.0,0.9764432804801404
2026-07-09,2026-07-09 11:04:54,V024,128.0,0.9462842852671786
2026-07-09,2026-07-09 11:04:55,V024,127.0,0.9705443834152886
2026-07-09,2026-07-09 11:04:56,V024,127.0,1.2816497646350282
2026-07-09,2026-07-09 11:04:57,V024,127.0,1.6264385587945385
2026-07-09,2026-07-09 11:04:58,V024,127.0,1.0864724222241655
2026-07-09,2026-07-09 11:04:59,V024,127.0,1.0108742995811875
2026-07-09,2026-07-09 11:05:00,V024,127.0,1.1329068278515757
2026-07-09,2026-07-09 11:05:01,V024,127.0,1.6415140240834076
2026-07-09,2026-07-09 11:05:02,V024,127.0,1.1251925754722631
2026-07-09,2026-07-09 11:05:03,V024,126.0,0.9964165647942799
2026-07-09,2026-07-09 11:05:04,V024,126.0,1.0139052843830705
2026-07-09,2026-07-09 11:05:05,V024,125.0,0.976599728861021
2026-07-09,2026-07-09 11:05:06,V024,125.0,0.9966547411859138
2026-07-09,2026-07-09 11:05:07,V024,125.0,0.9791598927817179
2026-07-09,2026-07-09 11:05:08,V024,126.0,0.9589640895269854
2026-07-09,2026-07-09 11:05:09,V024,127.0,0.9618728865627877
2026-07-09,2026-07-09 11:05:10,V024,127.0,0.9676137303522487
2026-07-09,2026-07-09 11:05:11,V024,128.0,0.9866633700966089
2026-07-09,2026-07-09 11:05:12,V024,128.0,0.9608055620172211
2026-07-09,2026-07-09 11:05:13,V024,128.0,0.9582193883713157
2026-07-09,2026-07-09 11:05:14,V024,129.0,0.9583301485285279
2026-07-09,2026-07-09 11:05:15,V024,129.0,0.9611393331420482
2026-07-09,2026-07-09 11:05:16,V024,129.0,1.075301146934888
2026-07-09,2026-07-09 11:05:17,V024,129.0,1.1161557892814595
2026-07-09,2026-07-09 11:05:18,V024,129.0,0.9618332282624487
2026-07-09,2026-07-09 11:05:19,V024,129.0,0.9674227048054544
2026-07-09,2026-07-09 11:05:20,V024,129.0,0.9330874169403978
2026-07-09,2026-07-09 11:05:21,V024,129.0,0.9777248951301252
2026-07-09,2026-07-09 11:05:22,V024,129.0,0.9533120109020484
2026-07-09,2026-07-09 11:05:23,V024,130.0,0.9536768256944462
2026-07-09,2026-07-09 11:05:24,V024,130.0,0.9648239653199736
2026-07-09,2026-07-09 11:05:25,V024,129.0,0.9777771596223429
2026-07-09,2026-07-09 11:05:26,V024,129.0,0.9675766444465826
2026-07-09,2026-07-09 11:05:27,V024,128.0,0.9644513665708774
2026-07-09,2026-07-09 11:05:28,V024,128.0,0.9696233910243968
2026-07-09,2026-07-09 11:05:29,V024,127.0,0.9743887307155058
2026-07-09,2026-07-09 11:05:30,V024,126.0,0.9793677148901149
2026-07-09,2026-07-09 11:05:31,V024,126.0,0.9774248294297936
2026-07-09,2026-07-09 11:05:32,V024,126.0,0.9812496555823633
2026-07-09,2026-07-09 11:05:33,V024,126.0,1.1391603682495182
2026-07-09,2026-07-09 11:05:34,V024,126.0,1.2195875872726474
2026-07-09,2026-07-09 11:05:35,V024,126.0,1.20648870438133
2026-07-09,2026-07-09 11:05:36,V024,126.0,1.0043771718417298
2026-07-09,2026-07-09 11:05:37,V024,126.0,1.0979998907093484
2026-07-09,2026-07-09 11:05:38,V024,126.0,1.023947371182778
2026-07-09,2026-07-09 11:05:39,V024,125.0,0.9821456328518522
2026-07-09,2026-07-09 11:05:40,V024,124.0,1.0105523656173143
2026-07-09,2026-07-09 11:05:41,V024,124.0,0.9834347349747844
2026-07-09,2026-07-09 11:05:42,V024,123.0,0.9856939114864878
2026-07-09,2026-07-09 11:05:43,V024,122.0,1.036744486907936
2026-07-09,2026-07-09 11:05:44,V024,122.0,0.9458269262076185
2026-07-09,2026-07-09 11:05:45,V024,121.0,1.1080420337775354
2026-07-09,2026-07-09 11:05:46,V024,121.0,1.0056478196653478
2026-07-09,2026-07-09 11:05:47,V024,121.0,1.00576961382631
2026-07-09,2026-07-09 11:05:48,V024,121.0,0.969240322722368
2026-07-09,2026-07-09 11:05:49,V024,121.0,0.9993921239331647
2026-07-09,2026-07-09 11:05:50,V024,122.0,0.997398261788591
2026-07-09,2026-07-09 11:05:51,V024,122.0,0.9935562504147757
2026-07-09,2026-07-09 11:05:52,V024,122.0,1.0376070224306284
2026-07-09,2026-07-09 11:05:53,V024,121.0,0.9444615803123788
2026-07-09,2026-07-09 11:05:54,V024,121.0,0.9800802793465778
2026-07-09,2026-07-09 11:05:55,V024,121.0,0.946346604274716
2026-07-09,2026-07-09 11:05:56,V024,121.0,1.4664660370156932
2026-07-09,2026-07-09 11:05:57,V024,121.0,1.4154680254642134
2026-07-09,2026-07-09 11:05:58,V024,121.0,1.6864614112304464
2026-07-09,2026-07-09 11:05:59,V024,122.0,2.289502164264752
2026-07-09,2026-07-09 11:06:00,V024,122.0,1.9299661280829166
2026-07-09,2026-07-09 11:06:01,V024,122.0,1.9151193472712098
2026-07-09,2026-07-09 11:06:02,V024,121.0,1.5789439987924165
2026-07-09,2026-07-09 11:06:03,V024,122.0,1.0891790967661916
2026-07-09,2026-07-09 11:06:04,V024,123.0,0.980734075788758
2026-07-09,2026-07-09 11:06:05,V024,124.0,0.9745700744650492
2026-07-09,2026-07-09 11:06:06,V024,126.0,1.0247787822315455
2026-07-09,2026-07-09 11:06:07,V024,127.0,0.9745583898115012
2026-07-09,2026-07-09 11:06:08,V024,129.0,1.0414287855052335
2026-07-09,2026-07-09 11:06:09,V024,131.0,1.0512645434507553
2026-07-09,2026-07-09 11:06:10,V024,132.0,0.9586763252229843
2026-07-09,2026-07-09 11:06:11,V024,134.0,0.9233144559157817
2026-07-09,2026-07-09 11:06:12,V024,135.0,0.958638391746592
2026-07-09,2026-07-09 11:06:13,V024,137.0,1.102891197092221
2026-07-09,2026-07-09 11:06:14,V024,138.0,1.0734009631768529
2026-07-09,2026-07-09 11:06:15,V024,138.0,0.9211027791076255
2026-07-09,2026-07-09 11:06:16,V024,139.0,0.9332832207939178
2026-07-09,2026-07-09 11:06:17,V024,139.0,0.9433097186795649
2026-07-09,2026-07-09 11:06:18,V024,139.0,1.023854901936529
2026-07-09,2026-07-09 11:06:19,V024,138.0,1.0210472980511038
2026-07-09,2026-07-09 11:06:20,V024,138.0,0.9390294613767126
2026-07-09,2026-07-09 11:06:21,V024,138.0,0.9670082333902573
2026-07-09,2026-07-09 11:06:22,V024,138.0,0.960039586728694
2026-07-09,2026-07-09 11:06:23,V024,138.0,0.9775584550602395
2026-07-09,2026-07-09 11:06:24,V024,138.0,0.95401830614876
2026-07-09,2026-07-09 11:06:25,V024,139.0,0.9058920512757225
2026-07-09,2026-07-09 11:06:26,V024,139.0,0.9983440009021656
2026-07-09,2026-07-09 11:06:27,V024,139.0,0.9454094056630574
2026-07-09,2026-07-09 11:06:28,V024,139.0,0.946772252903048
2026-07-09,2026-07-09 11:06:29,V024,139.0,0.9743777699336883
2026-07-09,2026-07-09 11:06:30,V024,139.0,0.9546322381410858
2026-07-09,2026-07-09 11:06:31,V024,140.0,0.9588832591273879
2026-07-09,2026-07-09 11:06:32,V024,140.0,0.9588096861371057
2026-07-09,2026-07-09 11:06:33,V024,141.0,0.9593090515971826
2026-07-09,2026-07-09 11:06:34,V024,142.0,0.9738065607738476
2026-07-09,2026-07-09 11:06:35,V024,142.0,0.9945547781460549
2026-07-09,2026-07-09 11:06:36,V024,142.0,0.9202356956061024
2026-07-09,2026-07-09 11:06:37,V024,141.0,0.9636160477560446
2026-07-09,2026-07-09 11:06:38,V024,140.0,0.9254738102644501
2026-07-09,2026-07-09 11:06:39,V024,139.0,1.0010508275031815
2026-07-09,2026-07-09 11:06:40,V024,138.0,1.0427884583052283
2026-07-09,2026-07-09 11:06:41,V024,138.0,0.9802924778333131
2026-07-09,2026-07-09 11:06:42,V024,137.0,0.9706807491521702
2026-07-09,2026-07-09 11:06:43,V024,136.0,1.0239196913102957
2026-07-09,2026-07-09 11:06:44,V024,136.0,0.97557463309145
2026-07-09,2026-07-09 11:06:45,V024,132.0,0.9803724577837449
2026-07-09,2026-07-09 11:06:46,V024,129.0,1.007137919293247
2026-07-09,2026-07-09 11:06:47,V024,129.0,0.9724106837516376
2026-07-09,2026-07-09 11:06:48,V024,130.0,0.9457686628166653
2026-07-09,2026-07-09 11:06:49,V024,131.0,0.9397335821883588
2026-07-09,2026-07-09 11:06:50,V024,131.0,0.9462149124944388
2026-07-09,2026-07-09 11:06:51,V024,132.0,0.9492961730571201
2026-07-09,2026-07-09 11:06:52,V024,133.0,0.9441929803841435
2026-07-09,2026-07-09 11:06:53,V024,134.0,0.9475118241519125
2026-07-09,2026-07-09 11:06:54,V024,135.0,0.9441642194575621
2026-07-09,2026-07-09 11:06:55,V024,137.0,0.9325864402385485
2026-07-09,2026-07-09 11:06:56,V024,138.0,1.025022797506191
2026-07-09,2026-07-09 11:06:57,V024,139.0,0.9567730082362798
2026-07-09,2026-07-09 11:06:58,V024,140.0,1.0480643774352858
2026-07-09,2026-07-09 11:06:59,V024,141.0,1.0313953491573014
2026-07-09,2026-07-09 11:07:00,V024,142.0,1.0218615215153477
2026-07-09,2026-07-09 11:07:01,V024,143.0,1.0431061145044351
2026-07-09,2026-07-09 11:07:02,V024,143.0,1.060977506670838
2026-07-09,2026-07-09 11:07:03,V024,144.0,0.9697982086143422
2026-07-09,2026-07-09 11:07:04,V024,144.0,0.9763911378228124
2026-07-09,2026-07-09 11:07:05,V024,145.0,1.0038348941637882
2026-07-09,2026-07-09 11:07:06,V024,145.0,0.9493041295725476
2026-07-09,2026-07-09 11:07:07,V024,145.0,0.9355729372576619
2026-07-09,2026-07-09 11:07:08,V024,145.0,0.9445103872798297
2026-07-09,2026-07-09 11:07:09,V024,145.0,0.9515721379247593
2026-07-09,2026-07-09 11:07:10,V024,145.0,0.9556310125218246
2026-07-09,2026-07-09 11:07:11,V024,146.0,0.951684903931229
2026-07-09,2026-07-09 11:07:12,V024,146.0,0.9571042609693072
2026-07-09,2026-07-09 11:07:13,V024,146.0,0.9544753337905504
2026-07-09,2026-07-09 11:07:14,V024,146.0,0.9514378623776082
2026-07-09,2026-07-09 11:07:15,V024,146.0,0.9566510941445102
2026-07-09,2026-07-09 11:07:16,V024,146.0,0.9443281472564021
2026-07-09,2026-07-09 11:07:17,V024,146.0,0.9496205131719688
2026-07-09,2026-07-09 11:07:18,V024,146.0,0.9350338187088261
2026-07-09,2026-07-09 11:07:19,V024,146.0,0.9529370956945225
2026-07-09,2026-07-09 11:07:20,V024,146.0,0.9509460897499156
2026-07-09,2026-07-09 11:07:21,V024,146.0,0.9592694785312205
2026-07-09,2026-07-09 11:07:22,V024,146.0,0.9455555848427092
2026-07-09,2026-07-09 11:07:23,V024,146.0,0.9512370313208622
2026-07-09,2026-07-09 11:07:24,V024,145.0,0.9434957286777426
2026-07-09,2026-07-09 11:07:25,V024,145.0,0.9437754726949479
2026-07-09,2026-07-09 11:07:26,V024,145.0,0.9449011782414231
2026-07-09,2026-07-09 11:07:27,V024,144.0,0.9488157558420101
2026-07-09,2026-07-09 11:07:28,V024,143.0,0.9537696931382686
2026-07-09,2026-07-09 11:07:29,V024,142.0,0.9415264029463076
2026-07-09,2026-07-09 11:07:30,V024,141.0,0.9431963663999453
2026-07-09,2026-07-09 11:07:31,V024,139.0,0.9661226908898533
2026-07-09,2026-07-09 11:07:32,V024,138.0,0.9511383138930455
2026-07-09,2026-07-09 11:07:33,V024,136.0,0.9465412224937383
2026-07-09,2026-07-09 11:07:34,V024,135.0,0.9454990142345204
2026-07-09,2026-07-09 11:07:35,V024,134.0,0.9461691150477051
2026-07-09,2026-07-09 11:07:36,V024,133.0,0.9541464352187105
2026-07-09,2026-07-09 11:07:37,V024,133.0,0.9740281701603455
2026-07-09,2026-07-09 11:07:38,V024,132.0,0.984646006846876
2026-07-09,2026-07-09 11:07:39,V024,131.0,0.9851395251613181
2026-07-09,2026-07-09 11:07:40,V024,131.0,0.9369176242823224
2026-07-09,2026-07-09 11:07:41,V024,130.0,0.9523894349903549
2026-07-09,2026-07-09 11:07:42,V024,130.0,0.9484308471417362
2026-07-09,2026-07-09 11:07:43,V024,129.0,0.943299457437864
2026-07-09,2026-07-09 11:07:44,V024,129.0,0.9496698123475263
2026-07-09,2026-07-09 11:07:45,V024,129.0,0.9430747624607806
2026-07-09,2026-07-09 11:07:46,V024,129.0,0.9444836118873825
2026-07-09,2026-07-09 11:07:47,V024,130.0,0.9446866269770514
2026-07-09,2026-07-09 11:07:48,V024,130.0,0.9441833723392615
2026-07-09,2026-07-09 11:07:49,V024,131.0,0.9445595804401592
2026-07-09,2026-07-09 11:07:50,V024,131.0,0.9456171734327634
2026-07-09,2026-07-09 11:07:51,V024,131.0,0.9472654125363149
2026-07-09,2026-07-09 11:07:52,V024,131.0,0.9473074615705569
2026-07-09,2026-07-09 11:07:53,V024,130.0,0.9491779164287242
2026-07-09,2026-07-09 11:07:54,V024,129.0,0.9479967274782178
2026-07-09,2026-07-09 11:07:55,V024,129.0,0.9496672575704393
2026-07-09,2026-07-09 11:07:56,V024,129.0,0.9535690940807854
2026-07-09,2026-07-09 11:07:57,V024,129.0,0.954366111051887
2026-07-09,2026-07-09 11:07:58,V024,129.0,0.9472789107208412
2026-07-09,2026-07-09 11:07:59,V024,130.0,0.9524687591076626
2026-07-09,2026-07-09 11:08:00,V024,130.0,0.9548163000361363
2026-07-09,2026-07-09 11:08:01,V024,131.0,0.9474063802121988
2026-07-09,2026-07-09 11:08:02,V024,131.0,0.9502870674224818
2026-07-09,2026-07-09 11:08:03,V024,132.0,0.9503898050043942
2026-07-09,2026-07-09 11:08:04,V024,132.0,0.949639040502156
2026-07-09,2026-07-09 11:08:05,V024,131.0,0.9521019931777709
2026-07-09,2026-07-09 11:08:06,V024,131.0,0.9423463748058615
2026-07-09,2026-07-09 11:08:07,V024,131.0,0.9548435857495121
2026-07-09,2026-07-09 11:08:08,V024,130.0,0.9528276943488789
2026-07-09,2026-07-09 11:08:09,V024,130.0,0.9508973212984985
2026-07-09,2026-07-09 11:08:10,V024,130.0,0.9446264523593413
2026-07-09,2026-07-09 11:08:11,V024,130.0,0.9509339476598994
2026-07-09,2026-07-09 11:08:12,V024,130.0,0.9351347634537018
2026-07-09,2026-07-09 11:08:13,V024,131.0,0.9594315345615982
2026-07-09,2026-07-09 11:08:14,V024,131.0,0.9384966588876096
2026-07-09,2026-07-09 11:08:15,V024,132.0,0.9515604356114108
2026-07-09,2026-07-09 11:08:16,V024,132.0,0.9492038112267634
2026-07-09,2026-07-09 11:08:17,V024,131.0,0.9490855087480696
2026-07-09,2026-07-09 11:08:18,V024,131.0,0.9537050369897245
2026-07-09,2026-07-09 11:08:19,V024,130.0,0.9514674386329375
2026-07-09,2026-07-09 11:08:20,V024,130.0,0.9471147097610293
2026-07-09,2026-07-09 11:08:21,V024,130.0,0.9424587275908308
2026-07-09,2026-07-09 11:08:22,V024,129.0,0.954969596331842
2026-07-09,2026-07-09 11:08:23,V024,128.0,0.9448619170088961
2026-07-09,2026-07-09 11:08:24,V024,128.0,0.9460757970222224
2026-07-09,2026-07-09 11:08:25,V024,127.0,0.9429876987493493
2026-07-09,2026-07-09 11:08:26,V024,126.0,0.9464178938614339
2026-07-09,2026-07-09 11:08:27,V024,126.0,0.9447529274193409
2026-07-09,2026-07-09 11:08:28,V024,126.0,0.9444787099133742
2026-07-09,2026-07-09 11:08:29,V024,125.0,0.9477372993172474
2026-07-09,2026-07-09 11:08:30,V024,125.0,0.9462499687116241
2026-07-09,2026-07-09 11:08:31,V024,124.0,0.9558200261111827
2026-07-09,2026-07-09 11:08:32,V024,124.0,0.9489984138154177
2026-07-09,2026-07-09 11:08:33,V024,123.0,0.9464085600786599
2026-07-09,2026-07-09 11:08:34,V024,123.0,0.9469404325613062
2026-07-09,2026-07-09 11:08:35,V024,123.0,0.9547254113632412
2026-07-09,2026-07-09 11:08:36,V024,123.0,0.9427766654510178
2026-07-09,2026-07-09 11:08:37,V024,124.0,0.9507574356785816
2026-07-09,2026-07-09 11:08:38,V024,125.0,0.9533642001956479
2026-07-09,2026-07-09 11:08:39,V024,126.0,0.9423601453533229
2026-07-09,2026-07-09 11:08:40,V024,127.0,0.9527759067150485
2026-07-09,2026-07-09 11:08:41,V024,128.0,0.9420888590682751
2026-07-09,2026-07-09 11:08:42,V024,129.0,0.9260350863249621
2026-07-09,2026-07-09 11:08:43,V024,128.0,0.9850283783126401
2026-07-09,2026-07-09 11:08:44,V024,128.0,0.9597235899883265
2026-07-09,2026-07-09 11:08:45,V024,128.0,0.9324314977080822
2026-07-09,2026-07-09 11:08:46,V024,127.0,0.9531514124199375
2026-07-09,2026-07-09 11:08:47,V024,127.0,0.9444791248579213
2026-07-09,2026-07-09 11:08:48,V024,126.0,0.9431263271883493
2026-07-09,2026-07-09 11:08:49,V024,125.0,0.973040242289107
2026-07-09,2026-07-09 11:08:50,V024,125.0,0.9418041871145775
2026-07-09,2026-07-09 11:08:51,V024,123.0,0.9518558554325788
2026-07-09,2026-07-09 11:08:52,V024,123.0,0.9437409553800913
2026-07-09,2026-07-09 11:08:53,V024,122.0,0.9622973922932223
2026-07-09,2026-07-09 11:08:54,V024,122.0,0.9525603122256213
2026-07-09,2026-07-09 11:08:55,V024,122.0,0.9434396524811253
2026-07-09,2026-07-09 11:08:56,V024,123.0,0.9438771957773191
2026-07-09,2026-07-09 11:08:57,V024,123.0,0.9424493883749492
2026-07-09,2026-07-09 11:08:58,V024,123.0,0.944300336057296
2026-07-09,2026-07-09 11:08:59,V024,122.0,0.9535596150164155
2026-07-09,2026-07-09 11:09:00,V024,122.0,0.9524806121939257
2026-07-09,2026-07-09 11:09:01,V024,121.0,0.9494400700229256
2026-07-09,2026-07-09 11:09:02,V024,120.0,0.9437128407729655
2026-07-09,2026-07-09 11:09:03,V024,120.0,0.9523997976009726
2026-07-09,2026-07-09 11:09:04,V024,120.0,0.9995452535222425
2026-07-09,2026-07-09 11:09:05,V024,121.0,0.9888455660158771
2026-07-09,2026-07-09 11:09:06,V024,122.0,0.9796709639096787
2026-07-09,2026-07-09 11:09:07,V024,122.0,0.9463954111868005
2026-07-09,2026-07-09 11:09:08,V024,123.0,0.9431950937323994
2026-07-09,2026-07-09 11:09:09,V024,124.0,0.9529143823379064
2026-07-09,2026-07-09 11:09:10,V024,125.0,0.9465608684711572
2026-07-09,2026-07-09 11:09:11,V024,125.0,0.945236222632375
2026-07-09,2026-07-09 11:09:12,V024,126.0,0.9480749837832022
2026-07-09,2026-07-09 11:09:13,V024,127.0,0.9430967913311448
2026-07-09,2026-07-09 11:09:14,V024,127.0,0.9464566635743885
2026-07-09,2026-07-09 11:09:15,V024,127.0,0.9467012088605696
2026-07-09,2026-07-09 11:09:16,V024,127.0,0.9532872752203605
2026-07-09,2026-07-09 11:09:17,V024,127.0,0.9592164020314251
2026-07-09,2026-07-09 11:09:18,V024,126.0,0.9458249593431942
2026-07-09,2026-07-09 11:09:19,V024,126.0,0.9467154075968316
2026-07-09,2026-07-09 11:09:20,V024,126.0,0.950299187769219
2026-07-09,2026-07-09 11:09:21,V024,125.0,0.9454233295753084
2026-07-09,2026-07-09 11:09:22,V024,125.0,0.951479923213901
2026-07-09,2026-07-09 11:09:23,V024,126.0,0.9423633585969441
2026-07-09,2026-07-09 11:09:24,V024,127.0,0.9498142193970551
2026-07-09,2026-07-09 11:09:25,V024,128.0,0.946492913946516
2026-07-09,2026-07-09 11:09:26,V024,128.0,0.9472628624825417
2026-07-09,2026-07-09 11:09:27,V024,129.0,0.9427885366612002
2026-07-09,2026-07-09 11:09:28,V024,129.0,0.9471646656047226
2026-07-09,2026-07-09 11:09:29,V024,128.0,0.9444262696765356
2026-07-09,2026-07-09 11:09:30,V024,128.0,0.9452216512842965
2026-07-09,2026-07-09 11:09:31,V024,127.0,0.944510659583194
2026-07-09,2026-07-09 11:09:32,V024,127.0,0.9465722958560584
2026-07-09,2026-07-09 11:09:33,V024,126.0,0.941324043772518
2026-07-09,2026-07-09 11:09:34,V024,126.0,0.9461530839429534
2026-07-09,2026-07-09 11:09:35,V024,126.0,0.9547196424039269
2026-07-09,2026-07-09 11:09:36,V024,126.0,0.937702142412546
2026-07-09,2026-07-09 11:09:37,V024,126.0,0.9422059283770325
2026-07-09,2026-07-09 11:09:38,V024,126.0,0.9438174992830416
2026-07-09,2026-07-09 11:09:39,V024,126.0,0.9449053029921362
2026-07-09,2026-07-09 11:09:40,V024,126.0,0.9444188009088369
2026-07-09,2026-07-09 11:09:41,V024,126.0,0.9452142619850536
2026-07-09,2026-07-09 11:09:42,V024,125.0,0.947608047347123
2026-07-09,2026-07-09 11:09:43,V024,125.0,0.9452076425780722
2026-07-09,2026-07-09 11:09:44,V024,125.0,0.9479020802314899
2026-07-09,2026-07-09 11:09:45,V024,126.0,0.9459339775510076
2026-07-09,2026-07-09 11:09:46,V024,126.0,0.9460854380705379
2026-07-09,2026-07-09 11:09:47,V024,126.0,0.9460393173801636
2026-07-09,2026-07-09 11:09:48,V024,127.0,0.9448704171394735
2026-07-09,2026-07-09 11:09:49,V024,127.0,0.9456592882006151
2026-07-09,2026-07-09 11:09:50,V024,128.0,0.943547463837359
2026-07-09,2026-07-09 11:09:51,V024,128.0,0.9468481148884507
2026-07-09,2026-07-09 11:09:52,V024,129.0,0.9458328163652168
2026-07-09,2026-07-09 11:09:53,V024,129.0,0.9446575778206795
2026-07-09,2026-07-09 11:09:54,V024,129.0,0.9641714383897267
2026-07-09,2026-07-09 11:09:55,V024,128.0,0.9517653918620759
2026-07-09,2026-07-09 11:09:56,V024,128.0,0.9507789780520651
2026-07-09,2026-07-09 11:09:57,V024,127.0,0.9744432106761466
2026-07-09,2026-07-09 11:09:58,V024,127.0,1.0759999228441954
2026-07-09,2026-07-09 11:09:59,V024,126.0,0.9987716236299815
2026-07-09,2026-07-09 11:10:00,V024,126.0,0.9555463343562662
2026-07-09,2026-07-09 11:10:01,V024,126.0,0.9732688543671195
2026-07-09,2026-07-09 11:10:02,V024,126.0,0.9746230978960119
2026-07-09,2026-07-09 11:10:03,V024,127.0,0.9384693011440307
2026-07-09,2026-07-09 11:10:04,V024,127.0,0.9543391769372067
2026-07-09,2026-07-09 11:10:05,V024,127.0,0.9474120205504171
2026-07-09,2026-07-09 11:10:06,V024,127.0,0.9465174321743501
2026-07-09,2026-07-09 11:10:07,V024,128.0,0.9450468758047528
2026-07-09,2026-07-09 11:10:08,V024,128.0,0.9711358197512632
2026-07-09,2026-07-09 11:10:09,V024,129.0,0.9674194732094188
2026-07-09,2026-07-09 11:10:10,V024,129.0,0.9936440988504316
2026-07-09,2026-07-09 11:10:11,V024,129.0,1.0005156749733959
2026-07-09,2026-07-09 11:10:12,V024,130.0,0.9932958944835493
2026-07-09,2026-07-09 11:10:13,V024,130.0,0.9913590653178439
2026-07-09,2026-07-09 11:10:14,V024,131.0,0.9828305024500152
2026-07-09,2026-07-09 11:10:15,V024,131.0,0.9829883532713898
2026-07-09,2026-07-09 11:10:16,V024,131.0,0.9766889015342839
2026-07-09,2026-07-09 11:10:17,V024,131.0,0.9861120225007803
2026-07-09,2026-07-09 11:10:18,V024,131.0,0.982328371200082
2026-07-09,2026-07-09 11:10:19,V024,130.0,0.9832103914266584
2026-07-09,2026-07-09 11:10:20,V024,129.0,0.9799967284828163
2026-07-09,2026-07-09 11:10:21,V024,128.0,0.9798116593915375
2026-07-09,2026-07-09 11:10:22,V024,126.0,0.9786685340523407
2026-07-09,2026-07-09 11:10:23,V024,125.0,0.9845086775037329
2026-07-09,2026-07-09 11:10:24,V024,124.0,0.9798075780866441
2026-07-09,2026-07-09 11:10:25,V024,124.0,0.9833303257775662
2026-07-09,2026-07-09 11:10:26,V024,124.0,0.9818891433912639
2026-07-09,2026-07-09 11:10:27,V024,124.0,0.986825664913525
2026-07-09,2026-07-09 11:10:28,V024,125.0,0.9845742437645018
2026-07-09,2026-07-09 11:10:29,V024,125.0,0.986711491612745
2026-07-09,2026-07-09 11:10:30,V024,126.0,0.987294731374225
2026-07-09,2026-07-09 11:10:31,V024,126.0,0.9853620784132958
2026-07-09,2026-07-09 11:10:32,V024,126.0,0.994813963398034
2026-07-09,2026-07-09 11:10:33,V024,126.0,1.0068661470564118
2026-07-09,2026-07-09 11:10:34,V024,126.0,1.006946286771375
2026-07-09,2026-07-09 11:10:35,V024,127.0,1.0117455883072817
2026-07-09,2026-07-09 11:10:36,V024,129.0,0.9983602674401747
2026-07-09,2026-07-09 11:10:37,V024,130.0,1.0032536449333467
2026-07-09,2026-07-09 11:10:38,V024,130.0,0.9730738241880889
2026-07-09,2026-07-09 11:10:39,V024,131.0,0.9517837136104648
2026-07-09,2026-07-09 11:10:40,V024,131.0,0.9504671184052115
2026-07-09,2026-07-09 11:10:41,V024,131.0,0.9573988790835548
2026-07-09,2026-07-09 11:10:42,V024,132.0,0.995138542289
2026-07-09,2026-07-09 11:10:43,V024,132.0,0.9422493806561917
2026-07-09,2026-07-09 11:10:44,V024,131.0,0.9584390339162625
2026-07-09,2026-07-09 11:10:45,V024,131.0,0.9595709374697873
2026-07-09,2026-07-09 11:10:46,V024,132.0,0.9675368399563096
2026-07-09,2026-07-09 11:10:47,V024,132.0,0.9516501852317871
2026-07-09,2026-07-09 11:10:48,V024,132.0,0.9930080628137702
2026-07-09,2026-07-09 11:10:49,V024,133.0,0.9536201559956096
2026-07-09,2026-07-09 11:10:50,V024,133.0,0.9457264733436895
2026-07-09,2026-07-09 11:10:51,V024,133.0,0.976105285623714
2026-07-09,2026-07-09 11:10:52,V024,134.0,0.9789731132887843
2026-07-09,2026-07-09 11:10:53,V024,133.0,0.9195917719156532
2026-07-09,2026-07-09 11:10:54,V024,133.0,0.9685600718773181
2026-07-09,2026-07-09 11:10:55,V024,133.0,0.9455528671142511
2026-07-09,2026-07-09 11:10:56,V024,133.0,0.9940697577880778
2026-07-09,2026-07-09 11:10:57,V024,134.0,0.9625612846332923
2026-07-09,2026-07-09 11:10:58,V024,134.0,0.9850147474954796
2026-07-09,2026-07-09 11:10:59,V024,134.0,0.9677575227599481
2026-07-09,2026-07-09 11:11:00,V024,134.0,0.974963893146761
2026-07-09,2026-07-09 11:11:01,V024,135.0,0.947973958341929
2026-07-09,2026-07-09 11:11:02,V024,135.0,1.060011243854412
2026-07-09,2026-07-09 11:11:03,V024,136.0,0.9686490751563226
2026-07-09,2026-07-09 11:11:04,V024,136.0,0.9839629479093739
2026-07-09,2026-07-09 11:11:05,V024,136.0,0.915749136335615
2026-07-09,2026-07-09 11:11:06,V024,136.0,0.9587209011185018
2026-07-09,2026-07-09 11:11:07,V024,136.0,0.9666516499793415
2026-07-09,2026-07-09 11:11:08,V024,136.0,0.9684650777987529
2026-07-09,2026-07-09 11:11:09,V024,136.0,0.9495903279348132
2026-07-09,2026-07-09 11:11:10,V024,136.0,0.9537167189280154
2026-07-09,2026-07-09 11:11:11,V024,136.0,0.9296937867622375
2026-07-09,2026-07-09 11:11:12,V024,136.0,0.9603381356015844
2026-07-09,2026-07-09 11:11:13,V024,136.0,0.9912810081091016
2026-07-09,2026-07-09 11:11:14,V024,136.0,0.9386090792225774
2026-07-09,2026-07-09 11:11:15,V024,137.0,0.9497401197215708
2026-07-09,2026-07-09 11:11:16,V024,137.0,0.9374904697671042
2026-07-09,2026-07-09 11:11:17,V024,137.0,0.9411489764320307
2026-07-09,2026-07-09 11:11:18,V024,137.0,0.942769152943376
2026-07-09,2026-07-09 11:11:19,V024,137.0,0.9427491450130185
2026-07-09,2026-07-09 11:11:20,V024,137.0,0.9372712845254763
2026-07-09,2026-07-09 11:11:21,V024,137.0,0.9484149838254929
2026-07-09,2026-07-09 11:11:22,V024,137.0,0.9423669223126304
2026-07-09,2026-07-09 11:11:23,V024,137.0,0.9503935031867314
2026-07-09,2026-07-09 11:11:24,V024,137.0,0.9430387996159519
2026-07-09,2026-07-09 11:11:25,V024,137.0,0.9443881238286208
2026-07-09,2026-07-09 11:11:26,V024,137.0,0.9470123112859624
2026-07-09,2026-07-09 11:11:27,V024,138.0,0.9410636075120282
2026-07-09,2026-07-09 11:11:28,V024,138.0,0.9391856484537074
2026-07-09,2026-07-09 11:11:29,V024,138.0,0.9283748667190601
2026-07-09,2026-07-09 11:11:30,V024,138.0,0.9826336252830432
2026-07-09,2026-07-09 11:11:31,V024,138.0,0.9606841265291293
2026-07-09,2026-07-09 11:11:32,V024,137.0,0.9302772242176892
2026-07-09,2026-07-09 11:11:33,V024,136.0,0.9398137958871587
2026-07-09,2026-07-09 11:11:34,V024,135.0,0.9599917813999284
2026-07-09,2026-07-09 11:11:35,V024,134.0,0.9477161794560942
2026-07-09,2026-07-09 11:11:36,V024,133.0,0.9423697835265163
2026-07-09,2026-07-09 11:11:37,V024,133.0,0.940758846230917
2026-07-09,2026-07-09 11:11:38,V024,132.0,0.953134267703649
2026-07-09,2026-07-09 11:11:39,V024,131.0,0.9520674964404168
2026-07-09,2026-07-09 11:11:40,V024,131.0,0.9513944641928748
2026-07-09,2026-07-09 11:11:41,V024,131.0,0.9623385982627117
2026-07-09,2026-07-09 11:11:42,V024,131.0,0.9326367096024273
2026-07-09,2026-07-09 11:11:43,V024,130.0,0.9382829805496011
2026-07-09,2026-07-09 11:11:44,V024,130.0,0.9559488401344298
2026-07-09,2026-07-09 11:11:45,V024,130.0,0.9565607487086474
2026-07-09,2026-07-09 11:11:46,V024,130.0,0.960195107834691
2026-07-09,2026-07-09 11:11:47,V024,129.0,0.9448370819307946
2026-07-09,2026-07-09 11:11:48,V024,129.0,0.956385987499764
2026-07-09,2026-07-09 11:11:49,V024,128.0,0.9488772984825147
2026-07-09,2026-07-09 11:11:50,V024,127.0,0.9554057003969721
2026-07-09,2026-07-09 11:11:51,V024,126.0,0.954009983388454
2026-07-09,2026-07-09 11:11:52,V024,126.0,0.941182618293267
2026-07-09,2026-07-09 11:11:53,V024,125.0,0.9561861141745308
2026-07-09,2026-07-09 11:11:54,V024,125.0,0.9484509736926818
2026-07-09,2026-07-09 11:11:55,V024,124.0,0.9498454352294584
2026-07-09,2026-07-09 11:11:56,V024,124.0,0.9534090752636084
2026-07-09,2026-07-09 11:11:57,V024,124.0,0.9555273077045735
2026-07-09,2026-07-09 11:11:58,V024,124.0,0.9504598665366433
2026-07-09,2026-07-09 11:11:59,V024,125.0,0.989400273626507
2026-07-09,2026-07-09 11:12:00,V024,125.0,0.9537413048605335
2026-07-09,2026-07-09 11:12:01,V024,126.0,0.962529334456521
2026-07-09,2026-07-09 11:12:02,V024,127.0,1.0180076965718077
2026-07-09,2026-07-09 11:12:03,V024,127.0,0.9340481884952825
2026-07-09,2026-07-09 11:12:04,V024,128.0,0.9919034908191168
2026-07-09,2026-07-09 11:12:05,V024,128.0,0.9504068077310998
2026-07-09,2026-07-09 11:12:06,V024,128.0,0.9819608344645111
2026-07-09,2026-07-09 11:12:07,V024,128.0,0.9653046757769912
2026-07-09,2026-07-09 11:12:08,V024,128.0,0.9982248396822736
2026-07-09,2026-07-09 11:12:09,V024,127.0,0.913998325463155
2026-07-09,2026-07-09 11:12:10,V024,127.0,0.9772136769370334
2026-07-09,2026-07-09 11:12:11,V024,127.0,1.0152962623616244
2026-07-09,2026-07-09 11:12:12,V024,127.0,1.0035978880373078
2026-07-09,2026-07-09 11:12:13,V024,127.0,1.188265945325725
2026-07-09,2026-07-09 11:12:14,V024,127.0,1.2732900112148866
2026-07-09,2026-07-09 11:12:15,V024,127.0,0.9944653515242756
2026-07-09,2026-07-09 11:12:16,V024,127.0,0.9529445289086231
2026-07-09,2026-07-09 11:12:17,V024,128.0,0.9841682250906575
2026-07-09,2026-07-09 11:12:18,V024,128.0,0.9711615000809564
2026-07-09,2026-07-09 11:12:19,V024,129.0,0.9572981606400419
2026-07-09,2026-07-09 11:12:20,V024,129.0,0.9476646048977946
2026-07-09,2026-07-09 11:12:21,V024,130.0,0.9478556301263242
2026-07-09,2026-07-09 11:12:22,V024,130.0,0.9536707577756468
2026-07-09,2026-07-09 11:12:23,V024,131.0,0.9728580397389245
2026-07-09,2026-07-09 11:12:24,V024,131.0,0.9283878154978383
2026-07-09,2026-07-09 11:12:25,V024,132.0,0.9398212484908683
2026-07-09,2026-07-09 11:12:26,V024,132.0,0.9472732871831777
2026-07-09,2026-07-09 11:12:27,V024,133.0,0.9486766083076186
2026-07-09,2026-07-09 11:12:28,V024,133.0,0.9486225231162172
2026-07-09,2026-07-09 11:12:29,V024,134.0,0.9495610386916843
2026-07-09,2026-07-09 11:12:30,V024,135.0,0.9596442304697114
2026-07-09,2026-07-09 11:12:31,V024,137.0,0.9603730807788388
2026-07-09,2026-07-09 11:12:32,V024,138.0,0.9476731194289152
2026-07-09,2026-07-09 11:12:33,V024,139.0,0.9237361924557246
2026-07-09,2026-07-09 11:12:34,V024,139.0,0.9837257340706462
2026-07-09,2026-07-09 11:12:35,V024,139.0,0.9416376733586549
2026-07-09,2026-07-09 11:12:36,V024,138.0,0.9463879582218527
2026-07-09,2026-07-09 11:12:37,V024,138.0,0.9478582983498938
2026-07-09,2026-07-09 11:12:38,V024,137.0,0.9496335242546261
2026-07-09,2026-07-09 11:12:39,V024,136.0,0.9517598377626696
2026-07-09,2026-07-09 11:12:40,V024,134.0,0.9549191026543207
2026-07-09,2026-07-09 11:12:41,V024,133.0,0.9407394850390285
2026-07-09,2026-07-09 11:12:42,V024,131.0,0.956648953287935
2026-07-09,2026-07-09 11:12:43,V024,128.0,0.9421186253065473
2026-07-09,2026-07-09 11:12:44,V024,126.0,0.9390213194261301
2026-07-09,2026-07-09 11:12:45,V024,124.0,0.949371499576417
2026-07-09,2026-07-09 11:12:46,V024,123.0,0.9436052219377514
2026-07-09,2026-07-09 11:12:47,V024,123.0,0.9429288035569656
2026-07-09,2026-07-09 11:12:48,V024,122.0,0.9568129684575317
2026-07-09,2026-07-09 11:12:49,V024,123.0,0.9363495117688545
2026-07-09,2026-07-09 11:12:50,V024,123.0,0.9572972530789596
2026-07-09,2026-07-09 11:12:51,V024,122.0,0.9504179218949035
2026-07-09,2026-07-09 11:12:52,V024,122.0,0.9554857937597186
2026-07-09,2026-07-09 11:12:53,V024,122.0,0.9641252055789385
2026-07-09,2026-07-09 11:12:54,V024,121.0,0.948015873024397
2026-07-09,2026-07-09 11:12:55,V024,121.0,0.9536929140575857
2026-07-09,2026-07-09 11:12:56,V024,121.0,0.948515575535219
2026-07-09,2026-07-09 11:12:57,V024,122.0,0.9485592934017603
2026-07-09,2026-07-09 11:12:58,V024,122.0,0.9436708717970509
2026-07-09,2026-07-09 11:12:59,V024,123.0,0.9480474818386024
2026-07-09,2026-07-09 11:13:00,V024,123.0,0.9566992637733698
2026-07-09,2026-07-09 11:13:01,V024,123.0,0.970948685711524
2026-07-09,2026-07-09 11:13:02,V024,123.0,0.9624775731283132
2026-07-09,2026-07-09 11:13:03,V024,122.0,0.9618415657513337
2026-07-09,2026-07-09 11:13:04,V024,122.0,0.9621215068746062
2026-07-09,2026-07-09 11:13:05,V024,121.0,0.9646463708040995
2026-07-09,2026-07-09 11:13:06,V024,120.0,0.963997091329371
2026-07-09,2026-07-09 11:13:07,V024,120.0,0.9638269206838743
2026-07-09,2026-07-09 11:13:08,V024,119.0,0.963518742515149
2026-07-09,2026-07-09 11:13:09,V024,120.0,0.9618985854400331
2026-07-09,2026-07-09 11:13:10,V024,120.0,0.9655685981384589
2026-07-09,2026-07-09 11:13:11,V024,121.0,0.9649495795686981
2026-07-09,2026-07-09 11:13:12,V024,122.0,0.9669998378626459
2026-07-09,2026-07-09 11:13:13,V024,123.0,0.9646158201339249
2026-07-09,2026-07-09 11:13:14,V024,123.0,0.9666377455801235
2026-07-09,2026-07-09 11:13:15,V024,123.0,0.9664525589612338
2026-07-09,2026-07-09 11:13:16,V024,122.0,0.9625172707395289
2026-07-09,2026-07-09 11:13:17,V024,121.0,0.9651076725399035
2026-07-09,2026-07-09 11:13:18,V024,121.0,0.9632424400492708
2026-07-09,2026-07-09 11:13:19,V024,120.0,0.9661687935650094
2026-07-09,2026-07-09 11:13:20,V024,119.0,0.9649616142714819
2026-07-09,2026-07-09 11:13:21,V024,119.0,0.9672514172963034
2026-07-09,2026-07-09 11:13:22,V024,120.0,0.9661446520565137
2026-07-09,2026-07-09 11:13:23,V024,121.0,0.9649260022955143
2026-07-09,2026-07-09 11:13:24,V024,121.0,0.9658979904226134
2026-07-09,2026-07-09 11:13:25,V024,122.0,1.0232006418048323
2026-07-09,2026-07-09 11:13:26,V024,123.0,0.9817916807666025
2026-07-09,2026-07-09 11:13:27,V024,124.0,1.0564889581909096
2026-07-09,2026-07-09 11:13:28,V024,124.0,0.9317145019551293
2026-07-09,2026-07-09 11:13:29,V024,125.0,0.9527185601421162
2026-07-09,2026-07-09 11:13:30,V024,126.0,0.9429829952242841
2026-07-09,2026-07-09 11:13:31,V024,126.0,0.9420881727728455
2026-07-09,2026-07-09 11:13:32,V024,127.0,0.9406410213653787
2026-07-09,2026-07-09 11:13:33,V024,127.0,0.9396462118648984
2026-07-09,2026-07-09 11:13:34,V024,128.0,0.9652543992754502
2026-07-09,2026-07-09 11:13:35,V024,127.0,0.976094551188897
2026-07-09,2026-07-09 11:13:36,V024,126.0,0.9634163206015963
2026-07-09,2026-07-09 11:13:37,V024,126.0,0.9590849083361433
2026-07-09,2026-07-09 11:13:38,V024,125.0,0.9570227453045823
2026-07-09,2026-07-09 11:13:39,V024,125.0,0.9601633018948854
2026-07-09,2026-07-09 11:13:40,V024,124.0,0.9553243659756266
2026-07-09,2026-07-09 11:13:41,V024,124.0,0.958372170105794
2026-07-09,2026-07-09 11:13:42,V024,124.0,0.9628370278829215
2026-07-09,2026-07-09 11:13:43,V024,123.0,0.9541663310698446
2026-07-09,2026-07-09 11:13:44,V024,123.0,0.9564545765979049
2026-07-09,2026-07-09 11:13:45,V024,123.0,0.9521167439243354
2026-07-09,2026-07-09 11:13:46,V024,122.0,0.9554979735241318
2026-07-09,2026-07-09 11:13:47,V024,123.0,0.9564127181497442
2026-07-09,2026-07-09 11:13:48,V024,123.0,0.9555690275099179
2026-07-09,2026-07-09 11:13:49,V024,124.0,0.9533641146294404
2026-07-09,2026-07-09 11:13:50,V024,125.0,0.9536685750722512
2026-07-09,2026-07-09 11:13:51,V024,125.0,0.9989427506821466
2026-07-09,2026-07-09 11:13:52,V024,125.0,1.0283234323234336
2026-07-09,2026-07-09 11:13:53,V024,124.0,0.960349092136748
2026-07-09,2026-07-09 11:13:54,V024,124.0,0.9629135879003136
2026-07-09,2026-07-09 11:13:55,V024,124.0,0.9635051512135634
2026-07-09,2026-07-09 11:13:56,V024,124.0,0.967135409545654
2026-07-09,2026-07-09 11:13:57,V024,124.0,0.9601100384785143
2026-07-09,2026-07-09 11:13:58,V024,124.0,0.9665282613652829
2026-07-09,2026-07-09 11:13:59,V024,124.0,0.9485303326382208
2026-07-09,2026-07-09 11:14:00,V024,124.0,0.9545367651632882
2026-07-09,2026-07-09 11:14:01,V024,124.0,0.9564727281435125
2026-07-09,2026-07-09 11:14:02,V024,124.0,0.9538295166047557
2026-07-09,2026-07-09 11:14:03,V024,123.0,0.9471383834198491
2026-07-09,2026-07-09 11:14:04,V024,123.0,1.058552132465408
2026-07-09,2026-07-09 11:14:05,V024,122.0,0.9705040567176363
2026-07-09,2026-07-09 11:14:06,V024,122.0,1.0411150683514456
2026-07-09,2026-07-09 11:14:07,V024,122.0,0.954804639557791
2026-07-09,2026-07-09 11:14:08,V024,122.0,0.940986891804675
2026-07-09,2026-07-09 11:14:09,V024,122.0,0.9417657375870242
2026-07-09,2026-07-09 11:14:10,V024,123.0,0.9476396739460037
2026-07-09,2026-07-09 11:14:11,V024,124.0,0.9421321888693801
2026-07-09,2026-07-09 11:14:12,V024,124.0,0.9476229407899325
2026-07-09,2026-07-09 11:14:13,V024,125.0,0.9421363078770726
2026-07-09,2026-07-09 11:14:14,V024,126.0,0.9556906659620786
2026-07-09,2026-07-09 11:14:15,V024,126.0,0.9395138525255192
2026-07-09,2026-07-09 11:14:16,V024,126.0,0.9672393793679281
2026-07-09,2026-07-09 11:14:17,V024,126.0,0.9323813317780494
2026-07-09,2026-07-09 11:14:18,V024,126.0,0.9460653058948615
2026-07-09,2026-07-09 11:14:19,V024,125.0,0.9450751928312331
2026-07-09,2026-07-09 11:14:20,V024,125.0,0.9360981849486323
2026-07-09,2026-07-09 11:14:21,V024,125.0,0.9461457661729744
2026-07-09,2026-07-09 11:14:22,V024,124.0,0.9357302303724461
2026-07-09,2026-07-09 11:14:23,V024,124.0,0.9481030364156415
2026-07-09,2026-07-09 11:14:24,V024,124.0,0.9434897411418457
2026-07-09,2026-07-09 11:14:25,V024,124.0,0.946797593968612
2026-07-09,2026-07-09 11:14:26,V024,124.0,0.9565535671787453
2026-07-09,2026-07-09 11:14:27,V024,124.0,0.9580625240065909
2026-07-09,2026-07-09 11:14:28,V024,124.0,0.9545473521408511
2026-07-09,2026-07-09 11:14:29,V024,126.0,0.9579545708311303
2026-07-09,2026-07-09 11:14:30,V024,126.0,0.9553837082691686
2026-07-09,2026-07-09 11:14:31,V024,127.0,0.9541206375575484
2026-07-09,2026-07-09 11:14:32,V024,127.0,0.955729145802743
2026-07-09,2026-07-09 11:14:33,V024,128.0,0.9550615847992615
2026-07-09,2026-07-09 11:14:34,V024,128.0,0.9602490996236553
2026-07-09,2026-07-09 11:14:35,V024,128.0,0.9540438323806681
2026-07-09,2026-07-09 11:14:36,V024,128.0,0.9525715121461416
2026-07-09,2026-07-09 11:14:37,V024,128.0,0.9490484543732248
2026-07-09,2026-07-09 11:14:38,V024,129.0,0.9634554986312788
2026-07-09,2026-07-09 11:14:39,V024,129.0,0.9446209428992424
2026-07-09,2026-07-09 11:14:40,V024,130.0,0.9619584982543571
2026-07-09,2026-07-09 11:14:41,V024,130.0,0.9472212001699034
2026-07-09,2026-07-09 11:14:42,V024,131.0,0.9535720270368367
2026-07-09,2026-07-09 11:14:43,V024,131.0,0.9455151040648708
2026-07-09,2026-07-09 11:14:44,V024,132.0,0.9461689824053676
2026-07-09,2026-07-09 11:14:45,V024,131.0,0.949600599949415
2026-07-09,2026-07-09 11:14:46,V024,131.0,0.9455540904483243
2026-07-09,2026-07-09 11:14:47,V024,131.0,0.954675704538369
2026-07-09,2026-07-09 11:14:48,V024,130.0,0.9574253739557526
2026-07-09,2026-07-09 11:14:49,V024,129.0,0.9529662956815094
2026-07-09,2026-07-09 11:14:50,V024,128.0,0.9561675983555501
2026-07-09,2026-07-09 11:14:51,V024,127.0,0.9645183106585653
2026-07-09,2026-07-09 11:14:52,V024,126.0,0.945388368848812
2026-07-09,2026-07-09 11:14:53,V024,125.0,0.9583507651460507
2026-07-09,2026-07-09 11:14:54,V024,124.0,0.9442738225315502
2026-07-09,2026-07-09 11:14:55,V024,123.0,1.0446856823587105
2026-07-09,2026-07-09 11:14:56,V024,123.0,0.9324948226193795
2026-07-09,2026-07-09 11:14:57,V024,123.0,0.9448062948326909
2026-07-09,2026-07-09 11:14:58,V024,123.0,0.9444370811568712
2026-07-09,2026-07-09 11:14:59,V024,124.0,0.9492090781346131
2026-07-09,2026-07-09 11:15:00,V024,125.0,0.9682135432040909
2026-07-09,2026-07-09 11:15:01,V024,126.0,0.9621330475966171
2026-07-09,2026-07-09 11:15:02,V024,126.0,0.9602879496906757
2026-07-09,2026-07-09 11:15:03,V024,126.0,0.9515270003547839
2026-07-09,2026-07-09 11:15:04,V024,126.0,0.9551886245699384
2026-07-09,2026-07-09 11:15:05,V024,125.0,0.952126332506843
2026-07-09,2026-07-09 11:15:06,V024,125.0,0.9532499864954225
2026-07-09,2026-07-09 11:15:07,V024,124.0,0.9446158031586078
2026-07-09,2026-07-09 11:15:08,V024,123.0,0.9508711295290923
2026-07-09,2026-07-09 11:15:09,V024,123.0,0.9446466474275231
2026-07-09,2026-07-09 11:15:10,V024,122.0,0.9463168777281469
2026-07-09,2026-07-09 11:15:11,V024,123.0,0.9406945570215228
2026-07-09,2026-07-09 11:15:12,V024,124.0,0.9527369119326253
2026-07-09,2026-07-09 11:15:13,V024,124.0,0.9357342392695501
2026-07-09,2026-07-09 11:15:14,V024,125.0,0.9641923464698402
2026-07-09,2026-07-09 11:15:15,V024,126.0,0.963028827341833
2026-07-09,2026-07-09 11:15:16,V024,127.0,0.978854270998374
2026-07-09,2026-07-09 11:15:17,V024,129.0,0.9987082495894064
2026-07-09,2026-07-09 11:15:18,V024,129.0,0.9731015601436296
2026-07-09,2026-07-09 11:15:19,V024,130.0,0.9608680717238114
2026-07-09,2026-07-09 11:15:20,V024,131.0,0.946360743793078
2026-07-09,2026-07-09 11:15:21,V024,132.0,0.9537163387008553
2026-07-09,2026-07-09 11:15:22,V024,132.0,0.9560604646302221
2026-07-09,2026-07-09 11:15:23,V024,131.0,0.9578982314853804
2026-07-09,2026-07-09 11:15:24,V024,131.0,0.9446072271710312
2026-07-09,2026-07-09 11:15:25,V024,130.0,0.9505357035926953
2026-07-09,2026-07-09 11:15:26,V024,129.0,0.9489881214135715
2026-07-09,2026-07-09 11:15:27,V024,127.0,0.9506389230604163
2026-07-09,2026-07-09 11:15:28,V024,125.0,0.9490292629073765
2026-07-09,2026-07-09 11:15:29,V024,123.0,0.9583600072978181
2026-07-09,2026-07-09 11:15:30,V024,122.0,0.9485564700855782
2026-07-09,2026-07-09 11:15:31,V024,120.0,0.9501765185940693
2026-07-09,2026-07-09 11:15:32,V024,119.0,0.9493319419493237
2026-07-09,2026-07-09 11:15:33,V024,119.0,0.9551275707277276
2026-07-09,2026-07-09 11:15:34,V024,119.0,0.9485998046879871
2026-07-09,2026-07-09 11:15:35,V024,119.0,0.9578931780898925
2026-07-09,2026-07-09 11:15:36,V024,119.0,0.9422006248757571
2026-07-09,2026-07-09 11:15:37,V024,118.0,0.939507856805833
2026-07-09,2026-07-09 11:15:38,V024,117.0,0.9419126378684723
2026-07-09,2026-07-09 11:15:39,V024,116.0,0.9455975736366135
2026-07-09,2026-07-09 11:15:40,V024,115.0,0.9442516802577595
2026-07-09,2026-07-09 11:15:41,V024,115.0,0.9534212511109152
2026-07-09,2026-07-09 11:15:42,V024,115.0,0.9505878635897327
2026-07-09,2026-07-09 11:15:43,V024,116.0,0.9511280584676212
2026-07-09,2026-07-09 11:15:44,V024,117.0,0.9517245409558911
2026-07-09,2026-07-09 11:15:45,V024,118.0,0.9519383865113317
2026-07-09,2026-07-09 11:15:46,V024,119.0,0.9520042465210931
2026-07-09,2026-07-09 11:15:47,V024,120.0,0.9523576331906993
2026-07-09,2026-07-09 11:15:48,V024,121.0,0.9513032401809596
2026-07-09,2026-07-09 11:15:49,V024,122.0,0.9505525972379641
2026-07-09,2026-07-09 11:15:50,V024,122.0,0.9511583436187648
2026-07-09,2026-07-09 11:15:51,V024,122.0,0.9493755880735036
2026-07-09,2026-07-09 11:15:52,V024,121.0,0.948051233229266
2026-07-09,2026-07-09 11:15:53,V024,120.0,0.9533600842329372
2026-07-09,2026-07-09 11:15:54,V024,120.0,0.9517013151555612
2026-07-09,2026-07-09 11:15:55,V024,119.0,0.9523579658644673
2026-07-09,2026-07-09 11:15:56,V024,119.0,0.9522722409485697
2026-07-09,2026-07-09 11:15:57,V024,119.0,0.9588530993202135
2026-07-09,2026-07-09 11:15:58,V024,119.0,0.9365250640172824
2026-07-09,2026-07-09 11:15:59,V024,120.0,0.9745433936836949
2026-07-09,2026-07-09 11:16:00,V024,121.0,0.9946344685067798
2026-07-09,2026-07-09 11:16:01,V024,122.0,0.979567431486077
2026-07-09,2026-07-09 11:16:02,V024,122.0,0.941975800914721
2026-07-09,2026-07-09 11:16:03,V024,123.0,1.0165390707006388
2026-07-09,2026-07-09 11:16:04,V024,124.0,1.0588225077428737
2026-07-09,2026-07-09 11:16:05,V024,124.0,0.9489149375848059
2026-07-09,2026-07-09 11:16:06,V024,125.0,0.947970388089375
2026-07-09,2026-07-09 11:16:07,V024,124.0,0.9569597400448968
2026-07-09,2026-07-09 11:16:08,V024,124.0,0.9800994375443233
2026-07-09,2026-07-09 11:16:09,V024,124.0,0.9475701004221302
2026-07-09,2026-07-09 11:16:10,V024,123.0,0.963629119485719
2026-07-09,2026-07-09 11:16:11,V024,123.0,1.0112275819867893
2026-07-09,2026-07-09 11:16:12,V024,123.0,0.9515462014402124
2026-07-09,2026-07-09 11:16:13,V024,123.0,0.9494335376801911
2026-07-09,2026-07-09 11:16:14,V024,123.0,0.9492524087620174
2026-07-09,2026-07-09 11:16:15,V024,124.0,0.9512738852956701
2026-07-09,2026-07-09 11:16:16,V024,124.0,0.9478958895412334
2026-07-09,2026-07-09 11:16:17,V024,125.0,0.950536478304141
2026-07-09,2026-07-09 11:16:18,V024,125.0,0.9504100337482252
2026-07-09,2026-07-09 11:16:19,V024,126.0,0.9461063046040891
2026-07-09,2026-07-09 11:16:20,V024,126.0,0.9475525220893121
2026-07-09,2026-07-09 11:16:21,V024,127.0,0.9491429666369463
2026-07-09,2026-07-09 11:16:22,V024,128.0,0.9514787504328104
2026-07-09,2026-07-09 11:16:23,V024,129.0,0.9519388699473548
2026-07-09,2026-07-09 11:16:24,V024,130.0,0.9507721716580101
2026-07-09,2026-07-09 11:16:25,V024,131.0,0.9585367906241267
2026-07-09,2026-07-09 11:16:26,V024,133.0,0.9462334956013947
2026-07-09,2026-07-09 11:16:27,V024,134.0,0.94911445560347
2026-07-09,2026-07-09 11:16:28,V024,134.0,0.9508554260136306
2026-07-09,2026-07-09 11:16:29,V024,135.0,0.9436105749987725
2026-07-09,2026-07-09 11:16:30,V024,136.0,0.9471638867020672
2026-07-09,2026-07-09 11:16:31,V024,135.0,0.9472178887574444
2026-07-09,2026-07-09 11:16:32,V024,134.0,0.9471662746370689
2026-07-09,2026-07-09 11:16:33,V024,134.0,0.9481178047395501
2026-07-09,2026-07-09 11:16:34,V024,133.0,0.950510877851491
2026-07-09,2026-07-09 11:16:35,V024,133.0,0.9479066655746246
2026-07-09,2026-07-09 11:16:36,V024,133.0,0.9475578484636367
2026-07-09,2026-07-09 11:16:37,V024,132.0,0.9461233753842456
2026-07-09,2026-07-09 11:16:38,V024,131.0,0.9463624919759265
2026-07-09,2026-07-09 11:16:39,V024,129.0,0.9485008830993045
2026-07-09,2026-07-09 11:16:40,V024,128.0,0.9464343714876892
2026-07-09,2026-07-09 11:16:41,V024,127.0,0.9445739161376381
2026-07-09,2026-07-09 11:16:42,V024,126.0,0.9478450616140969
2026-07-09,2026-07-09 11:16:43,V024,125.0,0.9440108063330337
2026-07-09,2026-07-09 11:16:44,V024,124.0,0.9463153715005446
2026-07-09,2026-07-09 11:16:45,V024,124.0,0.943169364446986
2026-07-09,2026-07-09 11:16:46,V024,123.0,0.9471324869224368
2026-07-09,2026-07-09 11:16:47,V024,123.0,0.9501179442788599
2026-07-09,2026-07-09 11:16:48,V024,123.0,0.9525511657797732
2026-07-09,2026-07-09 11:16:49,V024,123.0,0.949304376140839
2026-07-09,2026-07-09 11:16:50,V024,123.0,0.9525464337746177
2026-07-09,2026-07-09 11:16:51,V024,124.0,0.9767036188349173
2026-07-09,2026-07-09 11:16:52,V024,124.0,0.9369419635826098
2026-07-09,2026-07-09 11:16:53,V024,124.0,0.9474640490660577
2026-07-09,2026-07-09 11:16:54,V024,124.0,0.9441311115764267
2026-07-09,2026-07-09 11:16:55,V024,124.0,0.9413757962728632
2026-07-09,2026-07-09 11:16:56,V024,124.0,0.9776352719259535
2026-07-09,2026-07-09 11:16:57,V024,125.0,0.9537529300718666
2026-07-09,2026-07-09 11:16:58,V024,125.0,0.9687670654583198
2026-07-09,2026-07-09 11:16:59,V024,126.0,0.944023696041259
2026-07-09,2026-07-09 11:17:00,V024,126.0,0.951782627004247
2026-07-09,2026-07-09 11:17:01,V024,127.0,0.9316458212644526
2026-07-09,2026-07-09 11:17:02,V024,127.0,0.9517203507994665
2026-07-09,2026-07-09 11:17:03,V024,126.0,0.926890401305269
2026-07-09,2026-07-09 11:17:04,V024,126.0,0.947942922724155
2026-07-09,2026-07-09 11:17:05,V024,126.0,0.9457705916581497
2026-07-09,2026-07-09 11:17:06,V024,125.0,0.946903860832282
2026-07-09,2026-07-09 11:17:07,V024,125.0,0.9473035253477624
2026-07-09,2026-07-09 11:17:08,V024,126.0,0.9491728199441708
2026-07-09,2026-07-09 11:17:09,V024,125.0,0.9404919259237988
2026-07-09,2026-07-09 11:17:10,V024,125.0,0.9500330011558352
2026-07-09,2026-07-09 11:17:11,V024,126.0,0.9435788162370257
2026-07-09,2026-07-09 11:17:12,V024,127.0,0.9540463363892475
2026-07-09,2026-07-09 11:17:13,V024,127.0,0.9434293439014281
2026-07-09,2026-07-09 11:17:14,V024,128.0,0.9570270023641377
2026-07-09,2026-07-09 11:17:15,V024,128.0,0.9542918316404161
2026-07-09,2026-07-09 11:17:16,V024,127.0,1.0540839303027314
2026-07-09,2026-07-09 11:17:17,V024,127.0,0.952576394876614
2026-07-09,2026-07-09 11:17:18,V024,127.0,1.054543840075299
2026-07-09,2026-07-09 11:17:19,V024,126.0,0.9532338988805106
2026-07-09,2026-07-09 11:17:20,V024,126.0,0.9586567694282075
2026-07-09,2026-07-09 11:17:21,V024,125.0,0.9701003328300986
2026-07-09,2026-07-09 11:17:22,V024,125.0,0.9680208405038476
2026-07-09,2026-07-09 11:17:23,V024,125.0,0.9516428253207297
2026-07-09,2026-07-09 11:17:24,V024,124.0,0.9535240229007199
2026-07-09,2026-07-09 11:17:25,V024,125.0,0.951121972326883
2026-07-09,2026-07-09 11:17:26,V024,125.0,0.9488672378797162
2026-07-09,2026-07-09 11:17:27,V024,126.0,0.9513329722361287
2026-07-09,2026-07-09 11:17:28,V024,126.0,0.9504585481256578
2026-07-09,2026-07-09 11:17:29,V024,127.0,0.9503933232247507
2026-07-09,2026-07-09 11:17:30,V024,128.0,0.9478198026258328
2026-07-09,2026-07-09 11:17:31,V024,130.0,0.9795491752158959
2026-07-09,2026-07-09 11:17:32,V024,131.0,0.9530561631858978
2026-07-09,2026-07-09 11:17:33,V024,133.0,0.9536432071828157
2026-07-09,2026-07-09 11:17:34,V024,134.0,0.9494565636192165
2026-07-09,2026-07-09 11:17:35,V024,135.0,0.9498836424119916
2026-07-09,2026-07-09 11:17:36,V024,135.0,0.9524093410252538
2026-07-09,2026-07-09 11:17:37,V024,136.0,0.9512073099488132
2026-07-09,2026-07-09 11:17:38,V024,136.0,0.9489045501546417
2026-07-09,2026-07-09 11:17:39,V024,135.0,0.9484465397275227
2026-07-09,2026-07-09 11:17:40,V024,135.0,0.9529986906591875
2026-07-09,2026-07-09 11:17:41,V024,134.0,0.9538441942651574
2026-07-09,2026-07-09 11:17:42,V024,133.0,0.9495597808894742
2026-07-09,2026-07-09 11:17:43,V024,132.0,0.9583669147017413
2026-07-09,2026-07-09 11:17:44,V024,131.0,0.9784140960681208
2026-07-09,2026-07-09 11:17:45,V024,130.0,0.975828432785819
2026-07-09,2026-07-09 11:17:46,V024,129.0,0.95076082715205
2026-07-09,2026-07-09 11:17:47,V024,128.0,0.9670986894895572
2026-07-09,2026-07-09 11:17:48,V024,128.0,0.9514869733957467
2026-07-09,2026-07-09 11:17:49,V024,127.0,0.9559950610518316
2026-07-09,2026-07-09 11:17:50,V024,127.0,0.9839466594528302
2026-07-09,2026-07-09 11:17:51,V024,128.0,1.0003306338071136
2026-07-09,2026-07-09 11:17:52,V024,129.0,0.9954258783467451
2026-07-09,2026-07-09 11:17:53,V024,129.0,0.9442373217460747
2026-07-09,2026-07-09 11:17:54,V024,129.0,0.946986521432877
2026-07-09,2026-07-09 11:17:55,V024,129.0,0.9471352156978142
2026-07-09,2026-07-09 11:17:56,V024,129.0,0.9482433693753926
2026-07-09,2026-07-09 11:17:57,V024,129.0,0.947067853672325
2026-07-09,2026-07-09 11:17:58,V024,129.0,0.9456403891463535
2026-07-09,2026-07-09 11:17:59,V024,129.0,0.9474339373298841
2026-07-09,2026-07-09 11:18:00,V024,130.0,0.9737087799508187
2026-07-09,2026-07-09 11:18:01,V024,130.0,0.9753944193314303
2026-07-09,2026-07-09 11:18:02,V024,131.0,0.9883934822080368
2026-07-09,2026-07-09 11:18:03,V024,131.0,0.980391280043518
2026-07-09,2026-07-09 11:18:04,V024,132.0,0.9902373095438723
2026-07-09,2026-07-09 11:18:05,V024,132.0,0.9785357272740212
2026-07-09,2026-07-09 11:18:06,V024,132.0,0.9446820543117315
2026-07-09,2026-07-09 11:18:07,V024,132.0,0.9500803813912841
2026-07-09,2026-07-09 11:18:08,V024,131.0,0.9448915027074195
2026-07-09,2026-07-09 11:18:09,V024,130.0,0.9387612961575584
2026-07-09,2026-07-09 11:18:10,V024,129.0,0.9393162473914708
2026-07-09,2026-07-09 11:18:11,V024,128.0,0.9394330819034957
2026-07-09,2026-07-09 11:18:12,V024,126.0,0.9388978057040601
2026-07-09,2026-07-09 11:18:13,V024,125.0,0.9406958150526799
2026-07-09,2026-07-09 11:18:14,V024,123.0,0.9399705923753926
2026-07-09,2026-07-09 11:18:15,V024,122.0,0.9418316265416217
2026-07-09,2026-07-09 11:18:16,V024,121.0,0.9416688922647742
2026-07-09,2026-07-09 11:18:17,V024,121.0,0.9410799617396983
2026-07-09,2026-07-09 11:18:18,V024,121.0,0.9396011117175799
2026-07-09,2026-07-09 11:18:19,V024,122.0,0.9408464285756571
2026-07-09,2026-07-09 11:18:20,V024,123.0,0.9470041502816104
2026-07-09,2026-07-09 11:18:21,V024,124.0,0.9488146381859076
2026-07-09,2026-07-09 11:18:22,V024,125.0,0.9473980884051022
2026-07-09,2026-07-09 11:18:23,V024,126.0,0.9469398805313142
2026-07-09,2026-07-09 11:18:24,V024,126.0,0.9564240782040528
2026-07-09,2026-07-09 11:18:25,V024,126.0,0.9336396963139764
2026-07-09,2026-07-09 11:18:26,V024,126.0,0.9711585907498267
2026-07-09,2026-07-09 11:18:27,V024,126.0,0.9447692895992157
2026-07-09,2026-07-09 11:18:28,V024,125.0,0.9631856490861114
2026-07-09,2026-07-09 11:18:29,V024,125.0,0.9600853133073012
2026-07-09,2026-07-09 11:18:30,V024,125.0,0.961597597208557
2026-07-09,2026-07-09 11:18:31,V024,125.0,0.9727958723739973
2026-07-09,2026-07-09 11:18:32,V024,126.0,0.954660366523349
2026-07-09,2026-07-09 11:18:33,V024,127.0,0.9827140202286485
2026-07-09,2026-07-09 11:18:34,V024,128.0,0.9632524103802891
2026-07-09,2026-07-09 11:18:35,V024,129.0,0.9828209763400844
2026-07-09,2026-07-09 11:18:36,V024,130.0,0.9713575449237251
2026-07-09,2026-07-09 11:18:37,V024,131.0,0.9789694887841999
2026-07-09,2026-07-09 11:18:38,V024,131.0,0.9746899139939015
2026-07-09,2026-07-09 11:18:39,V024,130.0,0.9706748429668656
2026-07-09,2026-07-09 11:18:40,V024,130.0,0.9744985488523079
2026-07-09,2026-07-09 11:18:41,V024,129.0,0.9726559362355093
2026-07-09,2026-07-09 11:18:42,V024,128.0,0.9690809103986046
2026-07-09,2026-07-09 11:18:43,V024,127.0,0.9709791005354023
2026-07-09,2026-07-09 11:18:44,V024,126.0,0.9714784273637086
2026-07-09,2026-07-09 11:18:45,V024,125.0,0.9946654966708135
2026-07-09,2026-07-09 11:18:46,V024,125.0,0.9858229069034075
2026-07-09,2026-07-09 11:18:47,V024,125.0,1.0151688591647365
2026-07-09,2026-07-09 11:18:48,V024,125.0,1.0090610496642736
2026-07-09,2026-07-09 11:18:49,V024,126.0,1.0771208296989856
2026-07-09,2026-07-09 11:18:50,V024,126.0,1.136432492100932
2026-07-09,2026-07-09 11:18:51,V024,126.0,1.0377456401312568
2026-07-09,2026-07-09 11:18:52,V024,127.0,1.0511942006805814
2026-07-09,2026-07-09 11:18:53,V024,127.0,0.9927039331347305
2026-07-09,2026-07-09 11:18:54,V024,127.0,1.0036480328104394
2026-07-09,2026-07-09 11:18:55,V024,127.0,1.0574628841006901
2026-07-09,2026-07-09 11:18:56,V024,127.0,0.9863890852490051
2026-07-09,2026-07-09 11:18:57,V024,127.0,0.9819319308119483
2026-07-09,2026-07-09 11:18:58,V024,127.0,0.9801813227500604
2026-07-09,2026-07-09 11:18:59,V024,127.0,0.9970637312011784
2026-07-09,2026-07-09 11:19:00,V024,127.0,0.9738656863687566
2026-07-09,2026-07-09 11:19:01,V024,127.0,0.979334574645563
2026-07-09,2026-07-09 11:19:02,V024,126.0,0.9790492455977201
2026-07-09,2026-07-09 11:19:03,V024,127.0,0.9817994574600023
2026-07-09,2026-07-09 11:19:04,V024,127.0,0.9870946249279074
2026-07-09,2026-07-09 11:19:05,V024,128.0,0.956910075731207
2026-07-09,2026-07-09 11:19:06,V024,129.0,0.9812001961748179
2026-07-09,2026-07-09 11:19:07,V024,130.0,0.9685562262698156
2026-07-09,2026-07-09 11:19:08,V024,131.0,0.9890709705325871
2026-07-09,2026-07-09 11:19:09,V024,131.0,0.9698984109710167
2026-07-09,2026-07-09 11:19:10,V024,131.0,0.9515806479065889
2026-07-09,2026-07-09 11:19:11,V024,132.0,0.9551371257493111
2026-07-09,2026-07-09 11:19:12,V024,132.0,0.9511608644489729
2026-07-09,2026-07-09 11:19:13,V024,132.0,0.9658976890066522
2026-07-09,2026-07-09 11:19:14,V024,133.0,0.9549051333210498
2026-07-09,2026-07-09 11:19:15,V024,134.0,0.976988940631974
2026-07-09,2026-07-09 11:19:16,V024,135.0,0.9913072480097468
2026-07-09,2026-07-09 11:19:17,V024,136.0,0.9764693249026261
2026-07-09,2026-07-09 11:19:18,V024,137.0,0.9793688817624343
2026-07-09,2026-07-09 11:19:19,V024,139.0,1.0091798425683853
2026-07-09,2026-07-09 11:19:20,V024,140.0,1.1751799695648932
2026-07-09,2026-07-09 11:19:21,V024,142.0,0.9508930104983313
2026-07-09,2026-07-09 11:19:22,V024,143.0,1.0444581166295097
2026-07-09,2026-07-09 11:19:23,V024,144.0,0.9882908746809306
2026-07-09,2026-07-09 11:19:24,V024,145.0,0.9713375061667533
2026-07-09,2026-07-09 11:19:25,V024,146.0,0.9723137197046119
2026-07-09,2026-07-09 11:19:26,V024,147.0,0.9620129412597208
2026-07-09,2026-07-09 11:19:27,V024,147.0,0.9760074531604906
2026-07-09,2026-07-09 11:19:28,V024,147.0,0.9501168912707239
2026-07-09,2026-07-09 11:19:29,V024,148.0,0.9669979931134386
2026-07-09,2026-07-09 11:19:30,V024,148.0,0.9898555902318594
2026-07-09,2026-07-09 11:19:31,V024,147.0,0.9816180586509586
2026-07-09,2026-07-09 11:19:32,V024,146.0,0.9886340365762918
2026-07-09,2026-07-09 11:19:33,V024,145.0,0.9640818533460378
2026-07-09,2026-07-09 11:19:34,V024,144.0,0.9760250557656398
2026-07-09,2026-07-09 11:19:35,V024,142.0,1.0129788139654186
2026-07-09,2026-07-09 11:19:36,V024,141.0,0.9911976524711743
2026-07-09,2026-07-09 11:19:37,V024,140.0,0.99870395922136
2026-07-09,2026-07-09 11:19:38,V024,138.0,0.9748329969621794
2026-07-09,2026-07-09 11:19:39,V024,137.0,0.9804263131625951
2026-07-09,2026-07-09 11:19:40,V024,136.0,1.0310444832529868
2026-07-09,2026-07-09 11:19:41,V024,135.0,1.4708586564414379
2026-07-09,2026-07-09 11:19:42,V024,134.0,2.402422025535382
2026-07-09,2026-07-09 11:19:43,V024,133.0,1.0442119172122701
2026-07-09,2026-07-09 11:19:44,V024,133.0,1.4225388435623303
2026-07-09,2026-07-09 11:19:45,V024,132.0,1.0165185083537065
2026-07-09,2026-07-09 11:19:46,V024,132.0,1.0786482363337342
2026-07-09,2026-07-09 11:19:47,V024,132.0,1.043655244904884
2026-07-09,2026-07-09 11:19:48,V024,133.0,0.9647912233090303
2026-07-09,2026-07-09 11:19:49,V024,134.0,1.0881447048999375
2026-07-09,2026-07-09 11:19:50,V024,135.0,0.9934354842864259
2026-07-09,2026-07-09 11:19:51,V024,136.0,1.0137345004502765
2026-07-09,2026-07-09 11:19:52,V024,138.0,1.0156290560555254
2026-07-09,2026-07-09 11:19:53,V024,140.0,1.0405458412330733
2026-07-09,2026-07-09 11:19:54,V024,141.0,1.0607541962594433
2026-07-09,2026-07-09 11:19:55,V024,143.0,0.9836658677449698
2026-07-09,2026-07-09 11:19:56,V024,144.0,1.126613166545952
2026-07-09,2026-07-09 11:19:57,V024,146.0,0.9944968536601448
2026-07-09,2026-07-09 11:19:58,V024,147.0,1.0199714782681732
2026-07-09,2026-07-09 11:19:59,V024,149.0,1.010929797599419
2026-07-09,2026-07-09 11:20:00,V024,151.0,1.6385563171231328
2026-07-09,2026-07-09 11:20:01,V024,152.0,1.9946811964917515
2026-07-09,2026-07-09 11:20:02,V024,153.0,1.4804550139522727
2026-07-09,2026-07-09 11:20:03,V024,154.0,1.0181272370219998
2026-07-09,2026-07-09 11:20:04,V024,154.0,0.9673843822606032
2026-07-09,2026-07-09 11:20:05,V024,155.0,0.9376619207665404
2026-07-09,2026-07-09 11:20:06,V024,155.0,1.0180111825392917
2026-07-09,2026-07-09 11:20:07,V024,154.0,1.1137909652065288
2026-07-09,2026-07-09 11:20:08,V024,154.0,1.4225805569470342
2026-07-09,2026-07-09 11:20:09,V024,152.0,1.0415663609797223
2026-07-09,2026-07-09 11:20:10,V024,152.0,1.0408814439175378
2026-07-09,2026-07-09 11:20:11,V024,150.0,0.9691952925879178
2026-07-09,2026-07-09 11:20:12,V024,149.0,1.011276360745435
2026-07-09,2026-07-09 11:20:13,V024,149.0,1.0682692856153488
2026-07-09,2026-07-09 11:20:14,V024,149.0,1.0322892624679048
2026-07-09,2026-07-09 11:20:15,V024,149.0,1.108603881735367
2026-07-09,2026-07-09 11:20:16,V024,149.0,1.7586042871056153
2026-07-09,2026-07-09 11:20:17,V024,150.0,2.0607136878080077
2026-07-09,2026-07-09 11:20:18,V024,151.0,1.7757541053631667
2026-07-09,2026-07-09 11:20:19,V024,152.0,1.1264181183081463
2026-07-09,2026-07-09 11:20:20,V024,153.0,1.0520649888929472
2026-07-09,2026-07-09 11:20:21,V024,154.0,1.068301703768715
2026-07-09,2026-07-09 11:20:22,V024,155.0,1.04699360195478
2026-07-09,2026-07-09 11:20:23,V024,156.0,0.9790460119826597
2026-07-09,2026-07-09 11:20:24,V024,157.0,0.9733876382631285
2026-07-09,2026-07-09 11:20:25,V024,157.0,1.3418754611205588
2026-07-09,2026-07-09 11:20:26,V024,157.0,1.630050629886546
2026-07-09,2026-07-09 11:20:27,V024,156.0,0.9524237871495382
2026-07-09,2026-07-09 11:20:28,V024,156.0,1.0514374057898974
2026-07-09,2026-07-09 11:20:29,V024,156.0,1.0074796686239813
2026-07-09,2026-07-09 11:20:30,V024,156.0,1.0119479335926207
2026-07-09,2026-07-09 11:20:31,V024,156.0,1.0728996072600159
2026-07-09,2026-07-09 11:20:32,V024,156.0,0.9560912169888832
2026-07-09,2026-07-09 11:20:33,V024,155.0,0.9734679950471445
2026-07-09,2026-07-09 11:20:34,V024,155.0,0.9888184509691856
2026-07-09,2026-07-09 11:20:35,V024,155.0,0.9617347636471293
2026-07-09,2026-07-09 11:20:36,V024,155.0,1.0397051437912377
2026-07-09,2026-07-09 11:20:37,V024,155.0,1.1282538513629028
2026-07-09,2026-07-09 11:20:38,V024,154.0,1.002213844420175
2026-07-09,2026-07-09 11:20:39,V024,154.0,1.073302929203177
2026-07-09,2026-07-09 11:20:40,V024,154.0,1.4677776738696933
2026-07-09,2026-07-09 11:20:41,V024,153.0,1.6671028993810335
2026-07-09,2026-07-09 11:20:42,V024,153.0,1.607494232276042
2026-07-09,2026-07-09 11:20:43,V024,153.0,1.6486244509355028
2026-07-09,2026-07-09 11:20:44,V024,153.0,2.201914668411815
2026-07-09,2026-07-09 11:20:45,V024,153.0,1.0346731563239535
2026-07-09,2026-07-09 11:20:46,V024,153.0,1.0516192533889919
2026-07-09,2026-07-09 11:20:47,V024,153.0,1.1657362282578472
2026-07-09,2026-07-09 11:20:48,V024,154.0,1.0268159492445084
2026-07-09,2026-07-09 11:20:49,V024,154.0,1.0024736165794068
2026-07-09,2026-07-09 11:20:50,V024,155.0,1.0163214662032383
2026-07-09,2026-07-09 11:20:51,V024,156.0,1.1524153274890514
2026-07-09,2026-07-09 11:20:52,V024,156.0,1.6086819677714006
2026-07-09,2026-07-09 11:20:53,V024,157.0,2.179114474078764
2026-07-09,2026-07-09 11:20:54,V024,157.0,2.0132634254073003
2026-07-09,2026-07-09 11:20:55,V024,158.0,1.4185886962470502
2026-07-09,2026-07-09 11:20:56,V024,159.0,1.0484194189707434
2026-07-09,2026-07-09 11:20:57,V024,160.0,0.969829934120201
2026-07-09,2026-07-09 11:20:58,V024,160.0,1.0469656689265396
2026-07-09,2026-07-09 11:20:59,V024,161.0,1.2574913435929478
2026-07-09,2026-07-09 11:21:00,V024,161.0,1.276307435849388
2026-07-09,2026-07-09 11:21:01,V024,161.0,0.9453333381514203
2026-07-09,2026-07-09 11:21:02,V024,161.0,1.0107065778806958
2026-07-09,2026-07-09 11:21:03,V024,161.0,1.0439475867304695
2026-07-09,2026-07-09 11:21:04,V024,161.0,1.0777068638092369
2026-07-09,2026-07-09 11:21:05,V024,161.0,1.1136525121215557
2026-07-09,2026-07-09 11:21:06,V024,161.0,0.9723630222727897
2026-07-09,2026-07-09 11:21:07,V024,160.0,0.9325923012032233
2026-07-09,2026-07-09 11:21:08,V024,160.0,1.1771450710998428
2026-07-09,2026-07-09 11:21:09,V024,160.0,1.1471890213024973
2026-07-09,2026-07-09 11:21:10,V024,159.0,1.340303747511689
2026-07-09,2026-07-09 11:21:11,V024,159.0,1.2025486586282086
2026-07-09,2026-07-09 11:21:12,V024,158.0,1.820583635768038
2026-07-09,2026-07-09 11:21:13,V024,159.0,1.9421483052007045
2026-07-09,2026-07-09 11:21:14,V024,159.0,1.4323646540842674
2026-07-09,2026-07-09 11:21:15,V024,160.0,1.3855073398512106
2026-07-09,2026-07-09 11:21:16,V024,160.0,1.433509473454429
2026-07-09,2026-07-09 11:21:17,V024,161.0,1.8228525088566385
2026-07-09,2026-07-09 11:21:18,V024,162.0,1.2490023719820118
2026-07-09,2026-07-09 11:21:19,V024,163.0,1.2474933413187457
2026-07-09,2026-07-09 11:21:20,V024,164.0,1.1081527237876008
2026-07-09,2026-07-09 11:21:21,V024,166.0,1.223084984121378
2026-07-09,2026-07-09 11:21:22,V024,167.0,1.039472482868766
2026-07-09,2026-07-09 11:21:23,V024,169.0,0.9797509468011147
2026-07-09,2026-07-09 11:21:24,V024,170.0,0.9694818584885674
2026-07-09,2026-07-09 11:21:25,V024,171.0,0.9494425056168597
2026-07-09,2026-07-09 11:21:26,V024,172.0,0.9648987399099632
2026-07-09,2026-07-09 11:21:27,V024,172.0,1.1091085803633365
2026-07-09,2026-07-09 11:21:28,V024,172.0,0.9685728238592333
2026-07-09,2026-07-09 11:21:29,V024,172.0,0.9676409657451871
2026-07-09,2026-07-09 11:21:30,V024,173.0,1.0071304212257806
2026-07-09,2026-07-09 11:21:31,V024,172.0,0.9655938295414118
2026-07-09,2026-07-09 11:21:32,V024,172.0,0.9417266410958356
2026-07-09,2026-07-09 11:21:33,V024,173.0,0.9509509041521368
2026-07-09,2026-07-09 11:21:34,V024,173.0,0.9897492500115495
2026-07-09,2026-07-09 11:21:35,V024,173.0,1.0338498972405838
2026-07-09,2026-07-09 11:21:36,V024,173.0,1.2287942461108414
2026-07-09,2026-07-09 11:21:37,V024,173.0,1.1990024068869938
2026-07-09,2026-07-09 11:21:38,V024,173.0,1.1940458317366962
2026-07-09,2026-07-09 11:21:39,V024,172.0,1.3050818377077513
2026-07-09,2026-07-09 11:21:40,V024,172.0,1.2682163762817622
2026-07-09,2026-07-09 11:21:41,V024,172.0,0.9718820767166213
2026-07-09,2026-07-09 11:21:42,V024,172.0,1.1493347222023256
2026-07-09,2026-07-09 11:21:43,V024,172.0,1.1125911729312274
2026-07-09,2026-07-09 11:21:44,V024,172.0,1.112919323571434
2026-07-09,2026-07-09 11:21:45,V024,172.0,1.04436023111857
2026-07-09,2026-07-09 11:21:46,V024,171.0,0.9718844451793025
2026-07-09,2026-07-09 11:21:47,V024,171.0,0.9545429038435362
2026-07-09,2026-07-09 11:21:48,V024,170.0,0.945572113814369
2026-07-09,2026-07-09 11:21:49,V024,169.0,0.9448219429037308
2026-07-09,2026-07-09 11:21:50,V024,169.0,0.9454050091220993
2026-07-09,2026-07-09 11:21:51,V024,168.0,0.991467496121698
2026-07-09,2026-07-09 11:21:52,V024,167.0,0.9859468566156037
2026-07-09,2026-07-09 11:21:53,V024,166.0,0.9923963233360253
2026-07-09,2026-07-09 11:21:54,V024,165.0,1.0007541826232098
2026-07-09,2026-07-09 11:21:55,V024,164.0,0.993275004909115
2026-07-09,2026-07-09 11:21:56,V024,163.0,1.0406522540387573
2026-07-09,2026-07-09 11:21:57,V024,162.0,0.945842053711726
2026-07-09,2026-07-09 11:21:58,V024,161.0,1.2942484150744806
2026-07-09,2026-07-09 11:21:59,V024,160.0,0.9748441816558474
2026-07-09,2026-07-09 11:22:00,V024,160.0,0.9832056087460254
2026-07-09,2026-07-09 11:22:01,V024,159.0,0.951084959717321
2026-07-09,2026-07-09 11:22:02,V024,158.0,0.9852489192230496
2026-07-09,2026-07-09 11:22:03,V024,157.0,0.9978943591926126
2026-07-09,2026-07-09 11:22:04,V024,156.0,0.9506894811127817
2026-07-09,2026-07-09 11:22:05,V024,155.0,0.9807770630331264
2026-07-09,2026-07-09 11:22:06,V024,155.0,0.9395644294261665
2026-07-09,2026-07-09 11:22:07,V024,153.0,0.9484894157258098
2026-07-09,2026-07-09 11:22:08,V024,152.0,1.0067435571793315
2026-07-09,2026-07-09 11:22:09,V024,152.0,0.9607003566657123
2026-07-09,2026-07-09 11:22:10,V024,152.0,0.9853888647804643
2026-07-09,2026-07-09 11:22:11,V024,152.0,0.979503941851545
2026-07-09,2026-07-09 11:22:12,V024,152.0,0.952479716514273
2026-07-09,2026-07-09 11:22:13,V024,153.0,0.9690386532376231
2026-07-09,2026-07-09 11:22:14,V024,154.0,0.9834151774035752
2026-07-09,2026-07-09 11:22:15,V024,154.0,0.9798348019754001
2026-07-09,2026-07-09 11:22:16,V024,154.0,0.9990625001564342
2026-07-09,2026-07-09 11:22:17,V024,153.0,0.9798428269751357
2026-07-09,2026-07-09 11:22:18,V024,152.0,0.9480040505276998
2026-07-09,2026-07-09 11:22:19,V024,151.0,0.9401320022969115
2026-07-09,2026-07-09 11:22:20,V024,150.0,0.9284998087007406
2026-07-09,2026-07-09 11:22:21,V024,148.0,0.9963176053192346
2026-07-09,2026-07-09 11:22:22,V024,148.0,0.9370224386478497
2026-07-09,2026-07-09 11:22:23,V024,147.0,0.9454518674047695
2026-07-09,2026-07-09 11:22:24,V024,146.0,0.9511881353218755
2026-07-09,2026-07-09 11:22:25,V024,145.0,0.9502061487405778
2026-07-09,2026-07-09 11:22:26,V024,144.0,0.9457306895142985
2026-07-09,2026-07-09 11:22:27,V024,142.0,0.9455284519319828
2026-07-09,2026-07-09 11:22:28,V024,141.0,0.9483287642228337
2026-07-09,2026-07-09 11:22:29,V024,140.0,0.9494301583016728
2026-07-09,2026-07-09 11:22:30,V024,139.0,0.937914695260765
2026-07-09,2026-07-09 11:22:31,V024,138.0,0.9473299795122017
2026-07-09,2026-07-09 11:22:32,V024,138.0,0.9419931601021442
2026-07-09,2026-07-09 11:22:33,V024,138.0,0.9379349964130108
2026-07-09,2026-07-09 11:22:34,V024,139.0,0.9406210509094356
2026-07-09,2026-07-09 11:22:35,V024,140.0,0.9892149047102522
2026-07-09,2026-07-09 11:22:36,V024,141.0,0.9407911426561739
2026-07-09,2026-07-09 11:22:37,V024,141.0,0.9676955706822828
2026-07-09,2026-07-09 11:22:38,V024,142.0,0.9863968338149275
2026-07-09,2026-07-09 11:22:39,V024,141.0,0.9852886409342988
2026-07-09,2026-07-09 11:22:40,V024,141.0,0.9628996482791473
2026-07-09,2026-07-09 11:22:41,V024,140.0,0.9812813608191361
2026-07-09,2026-07-09 11:22:42,V024,140.0,1.0141452701263654
2026-07-09,2026-07-09 11:22:43,V024,140.0,1.035078073604942
2026-07-09,2026-07-09 11:22:44,V024,139.0,1.028358765181944
2026-07-09,2026-07-09 11:22:45,V024,139.0,1.0836174594966415
2026-07-09,2026-07-09 11:22:46,V024,138.0,1.0446834249840171
2026-07-09,2026-07-09 11:22:47,V024,137.0,1.000295145863402
2026-07-09,2026-07-09 11:22:48,V024,137.0,1.0175374333842147
2026-07-09,2026-07-09 11:22:49,V024,136.0,1.0438524967075464
2026-07-09,2026-07-09 11:22:50,V024,136.0,0.9642677424031335
2026-07-09,2026-07-09 11:22:51,V024,136.0,1.0573420320269218
2026-07-09,2026-07-09 11:22:52,V024,136.0,0.9845824994649305
2026-07-09,2026-07-09 11:22:53,V024,136.0,1.013004490679818
2026-07-09,2026-07-09 11:22:54,V024,136.0,1.0096674325633193
2026-07-09,2026-07-09 11:22:55,V024,136.0,0.9847440800739691
2026-07-09,2026-07-09 11:22:56,V024,136.0,0.9881069730008141
2026-07-09,2026-07-09 11:22:57,V024,136.0,1.0203509688972057
2026-07-09,2026-07-09 11:22:58,V024,135.0,1.0021031907267381
2026-07-09,2026-07-09 11:22:59,V024,135.0,0.9833194923279726
2026-07-09,2026-07-09 11:23:00,V024,135.0,1.0143185642578676
2026-07-09,2026-07-09 11:23:01,V024,135.0,0.9843992016414703
2026-07-09,2026-07-09 11:23:02,V024,134.0,0.9834082811763241
2026-07-09,2026-07-09 11:23:03,V024,134.0,0.9547841399754701
2026-07-09,2026-07-09 11:23:04,V024,133.0,0.9653255073901407
2026-07-09,2026-07-09 11:23:05,V024,132.0,0.9525836367700337
2026-07-09,2026-07-09 11:23:06,V024,132.0,0.9371010827266617
2026-07-09,2026-07-09 11:23:07,V024,131.0,0.9456685636341142
2026-07-09,2026-07-09 11:23:08,V024,131.0,0.9429144638771081
2026-07-09,2026-07-09 11:23:09,V024,131.0,0.9462674490658275
2026-07-09,2026-07-09 11:23:10,V024,131.0,0.947132888153313
2026-07-09,2026-07-09 11:23:11,V024,130.0,0.9350482310906642
2026-07-09,2026-07-09 11:23:12,V024,130.0,0.9424442174408182
2026-07-09,2026-07-09 11:23:13,V024,131.0,0.9636678924970786
2026-07-09,2026-07-09 11:23:14,V024,131.0,0.9493684518157349
2026-07-09,2026-07-09 11:23:15,V024,132.0,0.9578904467548536
2026-07-09,2026-07-09 11:23:16,V024,133.0,1.0149988430494412
2026-07-09,2026-07-09 11:23:17,V024,134.0,1.0428436751034182
2026-07-09,2026-07-09 11:23:18,V024,135.0,1.0430482851423462
2026-07-09,2026-07-09 11:23:19,V024,136.0,0.9873574443762918
2026-07-09,2026-07-09 11:23:20,V024,136.0,0.9622457124573593
2026-07-09,2026-07-09 11:23:21,V024,138.0,1.0058051443747762
2026-07-09,2026-07-09 11:23:22,V024,138.0,0.9985603457539206
2026-07-09,2026-07-09 11:23:23,V024,139.0,1.0051303156814602
2026-07-09,2026-07-09 11:23:24,V024,139.0,1.154118832668789
2026-07-09,2026-07-09 11:23:25,V024,138.0,0.8721064706519286
2026-07-09,2026-07-09 11:23:26,V024,137.0,0.9786353343984335
2026-07-09,2026-07-09 11:23:27,V024,135.0,1.0455825423021885
2026-07-09,2026-07-09 11:23:28,V024,134.0,0.9470975676463603
2026-07-09,2026-07-09 11:23:29,V024,133.0,0.9575165591705166
2026-07-09,2026-07-09 11:23:30,V024,132.0,1.0074390403042004
2026-07-09,2026-07-09 11:23:31,V024,132.0,0.9449915081193639
2026-07-09,2026-07-09 11:23:32,V024,132.0,1.0317244847620048
2026-07-09,2026-07-09 11:23:33,V024,132.0,1.0041782146208074
2026-07-09,2026-07-09 11:23:34,V024,132.0,1.0138098483722322
2026-07-09,2026-07-09 11:23:35,V024,132.0,0.9786188737116336
2026-07-09,2026-07-09 11:23:36,V024,132.0,0.9918419294042434
2026-07-09,2026-07-09 11:23:37,V024,132.0,1.0194253990113546
2026-07-09,2026-07-09 11:23:38,V024,132.0,0.9755107079598095
2026-07-09,2026-07-09 11:23:39,V024,132.0,0.9946961785593462
2026-07-09,2026-07-09 11:23:40,V024,132.0,0.9973230272281781
2026-07-09,2026-07-09 11:23:41,V024,132.0,1.0127787934485457
2026-07-09,2026-07-09 11:23:42,V024,132.0,0.9874384298948187
2026-07-09,2026-07-09 11:23:43,V024,132.0,1.0427816186043222
2026-07-09,2026-07-09 11:23:44,V024,132.0,1.0392971939182305
2026-07-09,2026-07-09 11:23:45,V024,131.0,0.9809454120851858
2026-07-09,2026-07-09 11:23:46,V024,131.0,1.0523342699143905
2026-07-09,2026-07-09 11:23:47,V024,131.0,1.0158278849932993
2026-07-09,2026-07-09 11:23:48,V024,131.0,1.008635705393822
2026-07-09,2026-07-09 11:23:49,V024,131.0,1.0253511248094251
2026-07-09,2026-07-09 11:23:50,V024,131.0,0.9475907017479962
2026-07-09,2026-07-09 11:23:51,V024,130.0,1.0150318302389465
2026-07-09,2026-07-09 11:23:52,V024,130.0,0.965246759541737
2026-07-09,2026-07-09 11:23:53,V024,130.0,1.0542711158647728
2026-07-09,2026-07-09 11:23:54,V024,130.0,0.9643093733671056
2026-07-09,2026-07-09 11:23:55,V024,130.0,0.9461513614735124
2026-07-09,2026-07-09 11:23:56,V024,130.0,0.9553414484613548
2026-07-09,2026-07-09 11:23:57,V024,130.0,0.9412451143092406
2026-07-09,2026-07-09 11:23:58,V024,130.0,0.9524556837446754
2026-07-09,2026-07-09 11:23:59,V024,130.0,0.9553633893515693
2026-07-09,2026-07-09 11:24:00,V024,130.0,0.9801507820849815
2026-07-09,2026-07-09 11:24:01,V024,131.0,1.0000541041275384
2026-07-09,2026-07-09 11:24:02,V024,131.0,1.0108944236290103
2026-07-09,2026-07-09 11:24:03,V024,132.0,0.9937329104691109
2026-07-09,2026-07-09 11:24:04,V024,133.0,1.0250882819518212
2026-07-09,2026-07-09 11:24:05,V024,134.0,1.0020065405162693
2026-07-09,2026-07-09 11:24:06,V024,135.0,1.0090021035315384
2026-07-09,2026-07-09 11:24:07,V024,136.0,0.9950320610492634
2026-07-09,2026-07-09 11:24:08,V024,137.0,1.0145384538465692
2026-07-09,2026-07-09 11:24:09,V024,138.0,1.0135593650923638
2026-07-09,2026-07-09 11:24:10,V024,138.0,0.9907696525201943
2026-07-09,2026-07-09 11:24:11,V024,138.0,1.0156945115547311
2026-07-09,2026-07-09 11:24:12,V024,138.0,1.0047824245455088
2026-07-09,2026-07-09 11:24:13,V024,138.0,0.9915972933921497
2026-07-09,2026-07-09 11:24:14,V024,138.0,1.0172010914837288
2026-07-09,2026-07-09 11:24:15,V024,137.0,1.0064586693802564
2026-07-09,2026-07-09 11:24:16,V024,137.0,1.000905607001597
2026-07-09,2026-07-09 11:24:17,V024,136.0,1.011639384145943
2026-07-09,2026-07-09 11:24:18,V024,136.0,1.0003067524860092
2026-07-09,2026-07-09 11:24:19,V024,135.0,0.9896108613070264
2026-07-09,2026-07-09 11:24:20,V024,135.0,0.9909778728759819
2026-07-09,2026-07-09 11:24:21,V024,134.0,0.9983828301486845
2026-07-09,2026-07-09 11:24:22,V024,134.0,1.0016538456160073
2026-07-09,2026-07-09 11:24:23,V024,133.0,1.0106045994541795
2026-07-09,2026-07-09 11:24:24,V024,133.0,0.9935587445940675
2026-07-09,2026-07-09 11:24:25,V024,133.0,0.9994309869077715
2026-07-09,2026-07-09 11:24:26,V024,132.0,0.9964812594479521
2026-07-09,2026-07-09 11:24:27,V024,131.0,1.0200188562828816
2026-07-09,2026-07-09 11:24:28,V024,131.0,0.9834816877305604
2026-07-09,2026-07-09 11:24:29,V024,130.0,0.988506848515303
2026-07-09,2026-07-09 11:24:30,V024,129.0,1.016042648044001
2026-07-09,2026-07-09 11:24:31,V024,128.0,0.986984258297809
2026-07-09,2026-07-09 11:24:32,V024,127.0,1.011848667974795
2026-07-09,2026-07-09 11:24:33,V024,126.0,0.9993510761749128
2026-07-09,2026-07-09 11:24:34,V024,125.0,0.9714266844111853
2026-07-09,2026-07-09 11:24:35,V024,124.0,0.9951833299371015
2026-07-09,2026-07-09 11:24:36,V024,123.0,1.0075254111331613
2026-07-09,2026-07-09 11:24:37,V024,123.0,0.9596337685432728
2026-07-09,2026-07-09 11:24:38,V024,122.0,1.1435640505663711
2026-07-09,2026-07-09 11:24:39,V024,121.0,0.943282685631859
2026-07-09,2026-07-09 11:24:40,V024,121.0,0.9978108470720269
2026-07-09,2026-07-09 11:24:41,V024,121.0,0.9961981475241225
2026-07-09,2026-07-09 11:24:42,V024,121.0,0.95756103858605
2026-07-09,2026-07-09 11:24:43,V024,121.0,0.9513518123080571
2026-07-09,2026-07-09 11:24:44,V024,121.0,0.9418736530408608
2026-07-09,2026-07-09 11:24:45,V024,122.0,0.939320017153185
2026-07-09,2026-07-09 11:24:46,V024,122.0,0.9637455876414337
2026-07-09,2026-07-09 11:24:47,V024,122.0,0.9443904904754765
2026-07-09,2026-07-09 11:24:48,V024,123.0,0.9480911326599327
2026-07-09,2026-07-09 11:24:49,V024,124.0,0.949158491411171
2026-07-09,2026-07-09 11:24:50,V024,124.0,0.9472526128454843
2026-07-09,2026-07-09 11:24:51,V024,125.0,0.9484484142746622
2026-07-09,2026-07-09 11:24:52,V024,125.0,0.9482027635873473
2026-07-09,2026-07-09 11:24:53,V024,125.0,0.9489127437182342
2026-07-09,2026-07-09 11:24:54,V024,125.0,0.9469303124753788
2026-07-09,2026-07-09 11:24:55,V024,125.0,0.9476024980507884
2026-07-09,2026-07-09 11:24:56,V024,126.0,0.9475680236589409
2026-07-09,2026-07-09 11:24:57,V024,126.0,0.9475966245321088
2026-07-09,2026-07-09 11:24:58,V024,126.0,0.9473959072330397
2026-07-09,2026-07-09 11:24:59,V024,127.0,0.9482661850472597
2026-07-09,2026-07-09 11:25:00,V024,128.0,0.9471578694215267
2026-07-09,2026-07-09 11:25:01,V024,128.0,0.9475458831377904
2026-07-09,2026-07-09 11:25:02,V024,129.0,0.9563152733228539
2026-07-09,2026-07-09 11:25:03,V024,129.0,0.9314215189282324
2026-07-09,2026-07-09 11:25:04,V024,130.0,0.9983869804126031
2026-07-09,2026-07-09 11:25:05,V024,130.0,0.9937305357105438
2026-07-09,2026-07-09 11:25:06,V024,131.0,0.965967573396338
2026-07-09,2026-07-09 11:25:07,V024,131.0,0.9440652285302222
2026-07-09,2026-07-09 11:25:08,V024,132.0,0.9686950356647495
2026-07-09,2026-07-09 11:25:09,V024,132.0,0.9461566978033656
2026-07-09,2026-07-09 11:25:10,V024,132.0,0.9665651527028994
2026-07-09,2026-07-09 11:25:11,V024,132.0,1.01541086309032
2026-07-09,2026-07-09 11:25:12,V024,131.0,0.9395032900333917
2026-07-09,2026-07-09 11:25:13,V024,131.0,0.9305419009018172
2026-07-09,2026-07-09 11:25:14,V024,131.0,0.9641834883722006
2026-07-09,2026-07-09 11:25:15,V024,130.0,0.9506250304032133
2026-07-09,2026-07-09 11:25:16,V024,130.0,0.9427595880407372
2026-07-09,2026-07-09 11:25:17,V024,130.0,0.9453766319107069
2026-07-09,2026-07-09 11:25:18,V024,130.0,0.9562446208373109
2026-07-09,2026-07-09 11:25:19,V024,130.0,0.9554428765341312
2026-07-09,2026-07-09 11:25:20,V024,130.0,0.9469151554850315
2026-07-09,2026-07-09 11:25:21,V024,130.0,0.9746732142334016
2026-07-09,2026-07-09 11:25:22,V024,131.0,0.9891247623856768
2026-07-09,2026-07-09 11:25:23,V024,131.0,0.9511040650633716
2026-07-09,2026-07-09 11:25:24,V024,131.0,0.9932397661871057
2026-07-09,2026-07-09 11:25:25,V024,131.0,0.9786948465272777
2026-07-09,2026-07-09 11:25:26,V024,131.0,0.9801963225244272
2026-07-09,2026-07-09 11:25:27,V024,130.0,0.9843581609690304
2026-07-09,2026-07-09 11:25:28,V024,129.0,0.9419890366667135
2026-07-09,2026-07-09 11:25:29,V024,128.0,0.9679535810709887
2026-07-09,2026-07-09 11:25:30,V024,127.0,0.9823092772302018
2026-07-09,2026-07-09 11:25:31,V024,127.0,1.0060534807169883
2026-07-09,2026-07-09 11:25:32,V024,126.0,1.0132413960717164
2026-07-09,2026-07-09 11:25:33,V024,126.0,1.0041648100735985
2026-07-09,2026-07-09 11:25:34,V024,126.0,1.0323100233580338
2026-07-09,2026-07-09 11:25:35,V024,126.0,0.9785728767916754
2026-07-09,2026-07-09 11:25:36,V024,126.0,0.9821636086093589
2026-07-09,2026-07-09 11:25:37,V024,126.0,0.9568972748679946
2026-07-09,2026-07-09 11:25:38,V024,127.0,0.9627894643275278
2026-07-09,2026-07-09 11:25:39,V024,127.0,0.9597788424421336
2026-07-09,2026-07-09 11:25:40,V024,127.0,0.9858534591816351
2026-07-09,2026-07-09 11:25:41,V024,128.0,0.9668899768382564
2026-07-09,2026-07-09 11:25:42,V024,129.0,0.9848089142392773
2026-07-09,2026-07-09 11:25:43,V024,130.0,1.0215121654001373
2026-07-09,2026-07-09 11:25:44,V024,131.0,1.0386361558677888
2026-07-09,2026-07-09 11:25:45,V024,132.0,1.0164692568881715
2026-07-09,2026-07-09 11:25:46,V024,132.0,1.0124344718158154
2026-07-09,2026-07-09 11:25:47,V024,133.0,1.0192172293775477
2026-07-09,2026-07-09 11:25:48,V024,133.0,1.0392599498638488
2026-07-09,2026-07-09 11:25:49,V024,132.0,1.0756100655442458
2026-07-09,2026-07-09 11:25:50,V024,131.0,1.0434742977780336
2026-07-09,2026-07-09 11:25:51,V024,131.0,0.9966929650487351
2026-07-09,2026-07-09 11:25:52,V024,130.0,0.9485292881123124
2026-07-09,2026-07-09 11:25:53,V024,130.0,0.9501762106885434
2026-07-09,2026-07-09 11:25:54,V024,129.0,0.9453668779602883
2026-07-09,2026-07-09 11:25:55,V024,128.0,0.941888577778283
2026-07-09,2026-07-09 11:25:56,V024,127.0,0.9510363455657235
2026-07-09,2026-07-09 11:25:57,V024,126.0,0.9445370591112031
2026-07-09,2026-07-09 11:25:58,V024,125.0,0.9394352476050908
2026-07-09,2026-07-09 11:25:59,V024,124.0,0.9452020092501476
2026-07-09,2026-07-09 11:26:00,V024,124.0,0.9448026325269373
2026-07-09,2026-07-09 11:26:01,V024,124.0,0.9590753437973601
2026-07-09,2026-07-09 11:26:02,V024,125.0,0.9829935505720921
2026-07-09,2026-07-09 11:26:03,V024,125.0,1.0813222252048393
2026-07-09,2026-07-09 11:26:04,V024,126.0,1.0498123811151672
2026-07-09,2026-07-09 11:26:05,V024,127.0,1.0027136993344146
2026-07-09,2026-07-09 11:26:06,V024,127.0,1.1402456705910833
2026-07-09,2026-07-09 11:26:07,V024,128.0,1.102572689815678
2026-07-09,2026-07-09 11:26:08,V024,128.0,1.096343771246807
2026-07-09,2026-07-09 11:26:09,V024,129.0,1.0925133321521583
2026-07-09,2026-07-09 11:26:10,V024,129.0,1.137879793736067
2026-07-09,2026-07-09 11:26:11,V024,130.0,1.005166104259936
2026-07-09,2026-07-09 11:26:12,V024,130.0,1.0790642165899864
2026-07-09,2026-07-09 11:26:13,V024,130.0,1.0456618850619226
2026-07-09,2026-07-09 11:26:14,V024,130.0,1.0468568460446244
2026-07-09,2026-07-09 11:26:15,V024,129.0,1.0632591562823552
2026-07-09,2026-07-09 11:26:16,V024,129.0,0.993846169718585
2026-07-09,2026-07-09 11:26:17,V024,128.0,0.9748904562726528
2026-07-09,2026-07-09 11:26:18,V024,127.0,0.9692869408562911
2026-07-09,2026-07-09 11:26:19,V024,127.0,0.9542861636257137
2026-07-09,2026-07-09 11:26:20,V024,127.0,0.9635446183430163
2026-07-09,2026-07-09 11:26:21,V024,127.0,0.953390759524828
2026-07-09,2026-07-09 11:26:22,V024,127.0,1.0024912838412552
2026-07-09,2026-07-09 11:26:23,V024,128.0,1.0944323590713447
2026-07-09,2026-07-09 11:26:24,V024,128.0,1.0243188330303947
2026-07-09,2026-07-09 11:26:25,V024,129.0,1.0083717630079672
2026-07-09,2026-07-09 11:26:26,V024,130.0,1.0206398924233044
2026-07-09,2026-07-09 11:26:27,V024,131.0,1.0420977855728832
2026-07-09,2026-07-09 11:26:28,V024,131.0,1.0923622611100452
2026-07-09,2026-07-09 11:26:29,V024,132.0,0.9692055720719392
2026-07-09,2026-07-09 11:26:30,V024,132.0,1.0078169626684303
2026-07-09,2026-07-09 11:26:31,V024,133.0,1.1602409642085572
2026-07-09,2026-07-09 11:26:32,V024,133.0,1.6687172408411808
2026-07-09,2026-07-09 11:26:33,V024,132.0,1.034450040063257
2026-07-09,2026-07-09 11:26:34,V024,132.0,0.9821454038618209
2026-07-09,2026-07-09 11:26:35,V024,132.0,0.9651759110526876
2026-07-09,2026-07-09 11:26:36,V024,133.0,1.0120789475060965
2026-07-09,2026-07-09 11:26:37,V024,134.0,1.0300164749268896
2026-07-09,2026-07-09 11:26:38,V024,134.0,1.059339035368033
2026-07-09,2026-07-09 11:26:39,V024,135.0,1.031273223020401
2026-07-09,2026-07-09 11:26:40,V024,135.0,1.022082267666543
2026-07-09,2026-07-09 11:26:41,V024,136.0,1.0284851590251742
2026-07-09,2026-07-09 11:26:42,V024,137.0,1.0024508857388101
2026-07-09,2026-07-09 11:26:43,V024,137.0,0.9521100942046208
2026-07-09,2026-07-09 11:26:44,V024,138.0,0.9579707860660356
2026-07-09,2026-07-09 11:26:45,V024,137.0,0.9520669200546582
2026-07-09,2026-07-09 11:26:46,V024,137.0,0.9546951662762316
2026-07-09,2026-07-09 11:26:47,V024,136.0,0.9411528661268627
2026-07-09,2026-07-09 11:26:48,V024,136.0,0.9425472128862332
2026-07-09,2026-07-09 11:26:49,V024,135.0,0.9444066956809154
2026-07-09,2026-07-09 11:26:50,V024,135.0,0.9612682031629357
2026-07-09,2026-07-09 11:26:51,V024,135.0,0.9377855844115276
2026-07-09,2026-07-09 11:26:52,V024,135.0,0.9599671905767981
2026-07-09,2026-07-09 11:26:53,V024,135.0,0.9627242651832224
2026-07-09,2026-07-09 11:26:54,V024,135.0,0.9860542056797612
2026-07-09,2026-07-09 11:26:55,V024,135.0,1.0244581074026908
2026-07-09,2026-07-09 11:26:56,V024,135.0,1.0346038768519827
2026-07-09,2026-07-09 11:26:57,V024,134.0,1.0250948067156556
2026-07-09,2026-07-09 11:26:58,V024,134.0,1.0123753893636263
2026-07-09,2026-07-09 11:26:59,V024,133.0,0.9772408424325071
2026-07-09,2026-07-09 11:27:00,V024,133.0,0.9557125054322978
2026-07-09,2026-07-09 11:27:01,V024,132.0,0.9507581587490167
2026-07-09,2026-07-09 11:27:02,V024,132.0,0.9404049321243517
2026-07-09,2026-07-09 11:27:03,V024,132.0,0.9419427218621824
2026-07-09,2026-07-09 11:27:04,V024,131.0,0.9502728861695091
2026-07-09,2026-07-09 11:27:05,V024,131.0,1.0387087509773356
2026-07-09,2026-07-09 11:27:06,V024,131.0,1.027096435785511
2026-07-09,2026-07-09 11:27:07,V024,130.0,1.0363972125701768
2026-07-09,2026-07-09 11:27:08,V024,129.0,1.078459822070956
2026-07-09,2026-07-09 11:27:09,V024,129.0,1.0073492573263088
2026-07-09,2026-07-09 11:27:10,V024,129.0,1.0119764355169651
2026-07-09,2026-07-09 11:27:11,V024,129.0,1.0072478158631317
2026-07-09,2026-07-09 11:27:12,V024,129.0,1.0269914677119036
2026-07-09,2026-07-09 11:27:13,V024,130.0,1.0577891420515653
2026-07-09,2026-07-09 11:27:14,V024,130.0,1.0483398397590915
2026-07-09,2026-07-09 11:27:15,V024,131.0,0.989668266788708
2026-07-09,2026-07-09 11:27:16,V024,132.0,1.0701074642236836
2026-07-09,2026-07-09 11:27:17,V024,132.0,1.0119507103218761
2026-07-09,2026-07-09 11:27:18,V024,132.0,0.9851356332663099
2026-07-09,2026-07-09 11:27:19,V024,132.0,0.9978460138189086
2026-07-09,2026-07-09 11:27:20,V024,132.0,0.9610218033063999
2026-07-09,2026-07-09 11:27:21,V024,132.0,0.9863131146133923
2026-07-09,2026-07-09 11:27:22,V024,132.0,0.9913975315550351
2026-07-09,2026-07-09 11:27:23,V024,132.0,0.9886093645875917
2026-07-09,2026-07-09 11:27:24,V024,132.0,0.9513551459744951
2026-07-09,2026-07-09 11:27:25,V024,132.0,0.9397307559831163
2026-07-09,2026-07-09 11:27:26,V024,132.0,0.9453028967798566
2026-07-09,2026-07-09 11:27:27,V024,132.0,0.9465473461679536
2026-07-09,2026-07-09 11:27:28,V024,132.0,1.0708969033659368
2026-07-09,2026-07-09 11:27:29,V024,132.0,0.934117554254366
2026-07-09,2026-07-09 11:27:30,V024,133.0,0.9487924822826795
2026-07-09,2026-07-09 11:27:31,V024,133.0,0.9507026544582966
2026-07-09,2026-07-09 11:27:32,V024,133.0,0.9531700915832237
2026-07-09,2026-07-09 11:27:33,V024,132.0,0.9430783217024136
2026-07-09,2026-07-09 11:27:34,V024,132.0,0.9460577682840372
2026-07-09,2026-07-09 11:27:35,V024,132.0,0.9610650265057665
2026-07-09,2026-07-09 11:27:36,V024,132.0,0.9675271061478532
2026-07-09,2026-07-09 11:27:37,V024,132.0,1.0039691977312677
2026-07-09,2026-07-09 11:27:38,V024,132.0,1.0118659610423055
2026-07-09,2026-07-09 11:27:39,V024,132.0,1.0233644064174703
2026-07-09,2026-07-09 11:27:40,V024,132.0,1.0532412824261594
2026-07-09,2026-07-09 11:27:41,V024,132.0,1.0191000632297427
2026-07-09,2026-07-09 11:27:42,V024,133.0,0.9899769796358423
2026-07-09,2026-07-09 11:27:43,V024,134.0,0.9922812258584561
2026-07-09,2026-07-09 11:27:44,V024,134.0,1.0461435574892854
2026-07-09,2026-07-09 11:27:45,V024,134.0,0.9992791176059913
2026-07-09,2026-07-09 11:27:46,V024,134.0,0.9932810927817882
2026-07-09,2026-07-09 11:27:47,V024,134.0,0.952306032324669
2026-07-09,2026-07-09 11:27:48,V024,133.0,0.9581576473647553
2026-07-09,2026-07-09 11:27:49,V024,133.0,0.9901258059922655
2026-07-09,2026-07-09 11:27:50,V024,132.0,0.9531747890029576
2026-07-09,2026-07-09 11:27:51,V024,132.0,0.9615357829664617
2026-07-09,2026-07-09 11:27:52,V024,131.0,0.9496376004482622
2026-07-09,2026-07-09 11:27:53,V024,130.0,0.9568130510737325
2026-07-09,2026-07-09 11:27:54,V024,130.0,0.9589251758524396
2026-07-09,2026-07-09 11:27:55,V024,129.0,0.9382611014412189
2026-07-09,2026-07-09 11:27:56,V024,129.0,0.994433820587976
2026-07-09,2026-07-09 11:27:57,V024,129.0,0.9546383243150959
2026-07-09,2026-07-09 11:27:58,V024,129.0,1.0264701340954085
2026-07-09,2026-07-09 11:27:59,V024,130.0,0.9525912406480893
2026-07-09,2026-07-09 11:28:00,V024,130.0,0.9630809767676816
2026-07-09,2026-07-09 11:28:01,V024,131.0,0.967956457128963
2026-07-09,2026-07-09 11:28:02,V024,132.0,0.9855339367243782
2026-07-09,2026-07-09 11:28:03,V024,132.0,0.9475490802005387
2026-07-09,2026-07-09 11:28:04,V024,133.0,0.9603771135257232
2026-07-09,2026-07-09 11:28:05,V024,133.0,0.973502505539045
2026-07-09,2026-07-09 11:28:06,V024,134.0,0.9635186025553553
2026-07-09,2026-07-09 11:28:07,V024,134.0,0.9907699463273013
2026-07-09,2026-07-09 11:28:08,V024,134.0,0.9890149330337217
2026-07-09,2026-07-09 11:28:09,V024,134.0,0.9584008285574944
2026-07-09,2026-07-09 11:28:10,V024,134.0,0.955005977864546
2026-07-09,2026-07-09 11:28:11,V024,133.0,0.9339476702737641
2026-07-09,2026-07-09 11:28:12,V024,133.0,0.9428222607246204
2026-07-09,2026-07-09 11:28:13,V024,133.0,0.9578631193087231
2026-07-09,2026-07-09 11:28:14,V024,133.0,0.9468268821813488
2026-07-09,2026-07-09 11:28:15,V024,133.0,0.9634661838717966
2026-07-09,2026-07-09 11:28:16,V024,133.0,0.9686094431869992
2026-07-09,2026-07-09 11:28:17,V024,133.0,0.9631827292482623
2026-07-09,2026-07-09 11:28:18,V024,132.0,0.9551263310297726
2026-07-09,2026-07-09 11:28:19,V024,132.0,0.9791692594359767
2026-07-09,2026-07-09 11:28:20,V024,132.0,0.9830357336066143
2026-07-09,2026-07-09 11:28:21,V024,133.0,0.9991345949888445
2026-07-09,2026-07-09 11:28:22,V024,133.0,1.0032523689290107
2026-07-09,2026-07-09 11:28:23,V024,133.0,0.9710598328316847
2026-07-09,2026-07-09 11:28:24,V024,132.0,1.0237086158471789
2026-07-09,2026-07-09 11:28:25,V024,132.0,0.9877116467731114
2026-07-09,2026-07-09 11:28:26,V024,131.0,0.9856592941014689
2026-07-09,2026-07-09 11:28:27,V024,130.0,0.968608346389113
2026-07-09,2026-07-09 11:28:28,V024,129.0,1.0137856969002514
2026-07-09,2026-07-09 11:28:29,V024,128.0,0.9884592975616305
2026-07-09,2026-07-09 11:28:30,V024,126.0,0.9693686267516216
2026-07-09,2026-07-09 11:28:31,V024,125.0,1.0376875197078257
2026-07-09,2026-07-09 11:28:32,V024,124.0,0.9474922127704881
2026-07-09,2026-07-09 11:28:33,V024,124.0,0.954321544698007
2026-07-09,2026-07-09 11:28:34,V024,123.0,0.9440575084045322
2026-07-09,2026-07-09 11:28:35,V024,123.0,0.9563228132373426
2026-07-09,2026-07-09 11:28:36,V024,123.0,0.9658861620536418
2026-07-09,2026-07-09 11:28:37,V024,122.0,0.9675346177460732
2026-07-09,2026-07-09 11:28:38,V024,122.0,1.0659348671590918
2026-07-09,2026-07-09 11:28:39,V024,122.0,0.9555417364675135
2026-07-09,2026-07-09 11:28:40,V024,122.0,0.958503676137901
2026-07-09,2026-07-09 11:28:41,V024,122.0,0.9655359866610493
2026-07-09,2026-07-09 11:28:42,V024,123.0,0.9498718643830629
2026-07-09,2026-07-09 11:28:43,V024,124.0,0.9787836529276085
2026-07-09,2026-07-09 11:28:44,V024,125.0,0.9696685714290183
2026-07-09,2026-07-09 11:28:45,V024,126.0,0.9867841862168913
2026-07-09,2026-07-09 11:28:46,V024,127.0,0.965026828705839
2026-07-09,2026-07-09 11:28:47,V024,128.0,0.9878860444223656
2026-07-09,2026-07-09 11:28:48,V024,129.0,0.9766051335616847
2026-07-09,2026-07-09 11:28:49,V024,130.0,0.9722893024032123
2026-07-09,2026-07-09 11:28:50,V024,130.0,0.9825874506803389
2026-07-09,2026-07-09 11:28:51,V024,130.0,1.0580787675787109
2026-07-09,2026-07-09 11:28:52,V024,130.0,0.9523128207849682
2026-07-09,2026-07-09 11:28:53,V024,130.0,0.9611334683350697
2026-07-09,2026-07-09 11:28:54,V024,130.0,1.16355243333314
2026-07-09,2026-07-09 11:28:55,V024,130.0,0.9619248109279658
2026-07-09,2026-07-09 11:28:56,V024,130.0,0.9431149651482349
2026-07-09,2026-07-09 11:28:57,V024,130.0,0.9437591593895756
2026-07-09,2026-07-09 11:28:58,V024,130.0,0.9393720665613609
2026-07-09,2026-07-09 11:28:59,V024,130.0,0.9657847404637231
2026-07-09,2026-07-09 11:29:00,V024,129.0,0.9705686122077759
2026-07-09,2026-07-09 11:29:01,V024,130.0,0.9679864022238149
2026-07-09,2026-07-09 11:29:02,V024,130.0,0.9628979485090828
2026-07-09,2026-07-09 11:29:03,V024,130.0,0.9455583026132175
2026-07-09,2026-07-09 11:29:04,V024,130.0,0.9763389467928489
2026-07-09,2026-07-09 11:29:05,V024,131.0,0.9296508151759046
2026-07-09,2026-07-09 11:29:06,V024,132.0,0.9528660418460468
2026-07-09,2026-07-09 11:29:07,V024,132.0,0.9532814807639417
2026-07-09,2026-07-09 11:29:08,V024,133.0,0.9565747614980665
2026-07-09,2026-07-09 11:29:09,V024,133.0,0.964393746628597
2026-07-09,2026-07-09 11:29:10,V024,133.0,0.9584420321049363
2026-07-09,2026-07-09 11:29:11,V024,133.0,0.9920432936226627
2026-07-09,2026-07-09 11:29:12,V024,134.0,0.95032436375763
2026-07-09,2026-07-09 11:29:13,V024,133.0,0.9891253623229856
2026-07-09,2026-07-09 11:29:14,V024,132.0,0.9675465164901736
2026-07-09,2026-07-09 11:29:15,V024,132.0,0.9851634321746784
2026-07-09,2026-07-09 11:29:16,V024,131.0,0.9319800088427047
2026-07-09,2026-07-09 11:29:17,V024,131.0,0.9697063388296312
2026-07-09,2026-07-09 11:29:18,V024,130.0,0.9946930444108874
2026-07-09,2026-07-09 11:29:19,V024,130.0,0.9581022533507769
2026-07-09,2026-07-09 11:29:20,V024,129.0,0.9845590941600121
2026-07-09,2026-07-09 11:29:21,V024,128.0,0.981667070023354
2026-07-09,2026-07-09 11:29:22,V024,128.0,1.0165774825051213
2026-07-09,2026-07-09 11:29:23,V024,127.0,0.9854715708179091
2026-07-09,2026-07-09 11:29:24,V024,126.0,0.97350254089398
2026-07-09,2026-07-09 11:29:25,V024,125.0,0.9770015244585958
2026-07-09,2026-07-09 11:29:26,V024,125.0,0.97793302311021
2026-07-09,2026-07-09 11:29:27,V024,124.0,0.9171179783709265
2026-07-09,2026-07-09 11:29:28,V024,124.0,0.9719873996642096
2026-07-09,2026-07-09 11:29:29,V024,124.0,1.0536969276372092
2026-07-09,2026-07-09 11:29:30,V024,123.0,1.0268771166094672
2026-07-09,2026-07-09 11:29:31,V024,123.0,0.9465035445242014
2026-07-09,2026-07-09 11:29:32,V024,123.0,0.966359852118412
2026-07-09,2026-07-09 11:29:33,V024,124.0,0.9925425076784273
2026-07-09,2026-07-09 11:29:34,V024,124.0,0.9463063863197827
2026-07-09,2026-07-09 11:29:35,V024,125.0,1.0089397572421328
2026-07-09,2026-07-09 11:29:36,V024,126.0,0.9694072567629284
2026-07-09,2026-07-09 11:29:37,V024,126.0,0.9562791897085807
2026-07-09,2026-07-09 11:29:38,V024,127.0,0.9376846934462713
2026-07-09,2026-07-09 11:29:39,V024,127.0,0.9419932344062383
2026-07-09,2026-07-09 11:29:40,V024,126.0,0.950654884011604
2026-07-09,2026-07-09 11:29:41,V024,126.0,0.9245287583627364
2026-07-09,2026-07-09 11:29:42,V024,126.0,0.9594582278985306
2026-07-09,2026-07-09 11:29:43,V024,125.0,0.9428672874290509
2026-07-09,2026-07-09 11:29:44,V024,125.0,0.9399949080741368
2026-07-09,2026-07-09 11:29:45,V024,125.0,0.9384771373109168
2026-07-09,2026-07-09 11:29:46,V024,125.0,0.9404015876551022
2026-07-09,2026-07-09 11:29:47,V024,124.0,0.9353350890824492
2026-07-09,2026-07-09 11:29:48,V024,123.0,0.9438446399694568
2026-07-09,2026-07-09 11:29:49,V024,123.0,0.9373898821753234
2026-07-09,2026-07-09 11:29:50,V024,124.0,0.9393938584095918
2026-07-09,2026-07-09 11:29:51,V024,125.0,0.9368612425351716
2026-07-09,2026-07-09 11:29:52,V024,125.0,0.9471148698840369
2026-07-09,2026-07-09 11:29:53,V024,126.0,0.9404337068903911
2026-07-09,2026-07-09 11:29:54,V024,127.0,0.939010373452482
2026-07-09,2026-07-09 11:29:55,V024,127.0,0.9414029787253781
2026-07-09,2026-07-09 11:29:56,V024,127.0,0.9375287831247069
2026-07-09,2026-07-09 11:29:57,V024,127.0,0.9386141931886214
2026-07-09,2026-07-09 11:29:58,V024,126.0,0.9396186001602641
2026-07-09,2026-07-09 11:29:59,V024,126.0,0.9412473055223061
2026-07-09,2026-07-09 11:30:00,V024,126.0,0.9374409968201802
2026-07-09,2026-07-09 11:30:01,V024,126.0,0.9391315358154197
2026-07-09,2026-07-09 11:30:02,V024,127.0,0.9383202003671804
2026-07-09,2026-07-09 11:30:03,V024,126.0,0.9590603032577869
2026-07-09,2026-07-09 11:30:04,V024,126.0,0.9333486776134008
2026-07-09,2026-07-09 11:30:05,V024,126.0,0.9781448728392671
2026-07-09,2026-07-09 11:30:06,V024,126.0,0.9784238032731701
2026-07-09,2026-07-09 11:30:07,V024,126.0,1.0329263433081348
2026-07-09,2026-07-09 11:30:08,V024,125.0,1.0049916434799997
2026-07-09,2026-07-09 11:30:09,V024,126.0,0.9422346553924797
2026-07-09,2026-07-09 11:30:10,V024,126.0,1.0369645843159212
2026-07-09,2026-07-09 11:30:11,V024,126.0,0.9550788140916422
2026-07-09,2026-07-09 11:30:12,V024,126.0,0.941994070624906
2026-07-09,2026-07-09 11:30:13,V024,126.0,1.0176761241305063
2026-07-09,2026-07-09 11:30:14,V024,127.0,0.9885169815037774
2026-07-09,2026-07-09 11:30:15,V024,127.0,0.9942005538308157
2026-07-09,2026-07-09 11:30:16,V024,127.0,0.9945426137065063
2026-07-09,2026-07-09 11:30:17,V024,127.0,0.9561755139095661
2026-07-09,2026-07-09 11:30:18,V024,128.0,0.9651850914195763
2026-07-09,2026-07-09 11:30:19,V024,128.0,0.9612591257221169
2026-07-09,2026-07-09 11:30:20,V024,129.0,0.9544677819430989
2026-07-09,2026-07-09 11:30:21,V024,130.0,0.9487323407063694
2026-07-09,2026-07-09 11:30:22,V024,130.0,0.951526308468116
2026-07-09,2026-07-09 11:30:23,V024,130.0,0.9542553451855197
2026-07-09,2026-07-09 11:30:24,V024,130.0,0.9515691782350847
2026-07-09,2026-07-09 11:30:25,V024,130.0,0.9462206665141517
2026-07-09,2026-07-09 11:30:26,V024,130.0,0.9488068629260278
2026-07-09,2026-07-09 11:30:27,V024,129.0,0.9522635641565661
2026-07-09,2026-07-09 11:30:28,V024,129.0,0.9514476189912763
2026-07-09,2026-07-09 11:30:29,V024,128.0,0.9489637750867975
2026-07-09,2026-07-09 11:30:30,V024,128.0,0.9674383258181675
2026-07-09,2026-07-09 11:30:31,V024,127.0,0.9551817762109929
2026-07-09,2026-07-09 11:30:32,V024,127.0,0.9564735688625113
2026-07-09,2026-07-09 11:30:33,V024,127.0,0.9562747770411365
2026-07-09,2026-07-09 11:30:34,V024,127.0,0.9508789607473228
2026-07-09,2026-07-09 11:30:35,V024,127.0,0.9689817762142637
2026-07-09,2026-07-09 11:30:36,V024,127.0,0.9492315691569948
2026-07-09,2026-07-09 11:30:37,V024,128.0,0.9599822450265961
2026-07-09,2026-07-09 11:30:38,V024,128.0,0.9510372133173002
2026-07-09,2026-07-09 11:30:39,V024,128.0,0.9591616595053374
2026-07-09,2026-07-09 11:30:40,V024,128.0,0.9462749050487934
2026-07-09,2026-07-09 11:30:41,V024,128.0,0.9487733469736889
2026-07-09,2026-07-09 11:30:42,V024,128.0,0.9496392564517205
2026-07-09,2026-07-09 11:30:43,V024,128.0,0.9831295772935282
2026-07-09,2026-07-09 11:30:44,V024,128.0,0.9768164081853317
2026-07-09,2026-07-09 11:30:45,V024,128.0,1.0451849762339611
2026-07-09,2026-07-09 11:30:46,V024,128.0,0.9782677499919255
2026-07-09,2026-07-09 11:30:47,V024,128.0,0.9433634695535462
2026-07-09,2026-07-09 11:30:48,V024,129.0,0.963109376419017
2026-07-09,2026-07-09 11:30:49,V024,129.0,0.96651343529738
2026-07-09,2026-07-09 11:30:50,V024,129.0,1.0344551402056854
2026-07-09,2026-07-09 11:30:51,V024,129.0,0.9779256645938708
2026-07-09,2026-07-09 11:30:52,V024,129.0,0.9436334162765553
2026-07-09,2026-07-09 11:30:53,V024,129.0,0.9434426223668877
2026-07-09,2026-07-09 11:30:54,V024,129.0,0.944952485647714
2026-07-09,2026-07-09 11:30:55,V024,129.0,0.941543486491283
2026-07-09,2026-07-09 11:30:56,V024,129.0,0.9427536424879356
2026-07-09,2026-07-09 11:30:57,V024,129.0,0.943085555055302
2026-07-09,2026-07-09 11:30:58,V024,130.0,0.9448652945284963
2026-07-09,2026-07-09 11:30:59,V024,130.0,0.9430347711455099
2026-07-09,2026-07-09 11:31:00,V024,130.0,0.9438355798061224
2026-07-09,2026-07-09 11:31:01,V024,130.0,0.9441241491908577
2026-07-09,2026-07-09 11:31:02,V024,130.0,0.9444285656186574
2026-07-09,2026-07-09 11:31:03,V024,129.0,0.9632042991197433
2026-07-09,2026-07-09 11:31:04,V024,129.0,1.0344982347047755
2026-07-09,2026-07-09 11:31:05,V024,127.0,1.0634420545792433
2026-07-09,2026-07-09 11:31:06,V024,126.0,0.9893014433917657
2026-07-09,2026-07-09 11:31:07,V024,124.0,0.9521412522694467
2026-07-09,2026-07-09 11:31:08,V024,123.0,0.9449929321173087
2026-07-09,2026-07-09 11:31:09,V024,121.0,0.9742262239249517
2026-07-09,2026-07-09 11:31:10,V024,119.0,0.9541124500514909
2026-07-09,2026-07-09 11:31:11,V024,119.0,0.9473085086664862
2026-07-09,2026-07-09 11:31:12,V024,118.0,0.9465235512319843
2026-07-09,2026-07-09 11:31:13,V024,119.0,0.9447580284651216
2026-07-09,2026-07-09 11:31:14,V024,119.0,0.9656605004542396
2026-07-09,2026-07-09 11:31:15,V024,120.0,1.0155547855261786
2026-07-09,2026-07-09 11:31:16,V024,121.0,1.1359587181144102
2026-07-09,2026-07-09 11:31:17,V024,121.0,1.575688699852778
2026-07-09,2026-07-09 11:31:18,V024,121.0,1.1432262263075397
2026-07-09,2026-07-09 11:31:19,V024,120.0,1.0537049819792221
2026-07-09,2026-07-09 11:31:20,V024,120.0,0.9802041046970227
2026-07-09,2026-07-09 11:31:21,V024,120.0,0.9777497136115838
2026-07-09,2026-07-09 11:31:22,V024,120.0,0.9518751435007498
2026-07-09,2026-07-09 11:31:23,V024,120.0,0.9621368180079918
2026-07-09,2026-07-09 11:31:24,V024,120.0,0.9565131131045269
2026-07-09,2026-07-09 11:31:25,V024,120.0,1.0375743000519992
2026-07-09,2026-07-09 11:31:26,V024,120.0,0.9716956020911971
2026-07-09,2026-07-09 11:31:27,V024,121.0,0.9292721095039774
2026-07-09,2026-07-09 11:31:28,V024,121.0,0.9431058540105869
2026-07-09,2026-07-09 11:31:29,V024,122.0,0.9553409858333318
2026-07-09,2026-07-09 11:31:30,V024,123.0,0.9612122358267613
2026-07-09,2026-07-09 11:31:31,V024,124.0,1.029022507752912
2026-07-09,2026-07-09 11:31:32,V024,124.0,0.9728375508966765
2026-07-09,2026-07-09 11:31:33,V024,125.0,0.9776020071857887
2026-07-09,2026-07-09 11:31:34,V024,126.0,0.9626853455945567
2026-07-09,2026-07-09 11:31:35,V024,126.0,0.9529767364478315
2026-07-09,2026-07-09 11:31:36,V024,126.0,1.2839266551763897
2026-07-09,2026-07-09 11:31:37,V024,127.0,1.4599208765600642
2026-07-09,2026-07-09 11:31:38,V024,127.0,1.4623725178603777
2026-07-09,2026-07-09 11:31:39,V024,129.0,1.162344263303409
2026-07-09,2026-07-09 11:31:40,V024,130.0,1.2746110700732225
2026-07-09,2026-07-09 11:31:41,V024,132.0,1.085437095208754
2026-07-09,2026-07-09 11:31:42,V024,133.0,1.0234234479336044
2026-07-09,2026-07-09 11:31:43,V024,135.0,1.073704741518127
2026-07-09,2026-07-09 11:31:44,V024,136.0,0.940638984586971
2026-07-09,2026-07-09 11:31:45,V024,137.0,1.0013188093282979
2026-07-09,2026-07-09 11:31:46,V024,138.0,1.0422048961681625
2026-07-09,2026-07-09 11:31:47,V024,139.0,1.0370213492573066
2026-07-09,2026-07-09 11:31:48,V024,139.0,1.0116188479713155
2026-07-09,2026-07-09 11:31:49,V024,140.0,1.0039533971326353
2026-07-09,2026-07-09 11:31:50,V024,140.0,1.0351759352559537
2026-07-09,2026-07-09 11:31:51,V024,141.0,0.9806398347672229
2026-07-09,2026-07-09 11:31:52,V024,141.0,1.0612640073339878
2026-07-09,2026-07-09 11:31:53,V024,142.0,0.9772962566368131
2026-07-09,2026-07-09 11:31:54,V024,143.0,1.0541160981778337
2026-07-09,2026-07-09 11:31:55,V024,144.0,0.9905666526726571
2026-07-09,2026-07-09 11:31:56,V024,145.0,0.9489379357867934
2026-07-09,2026-07-09 11:31:57,V024,146.0,0.9477715193463193
2026-07-09,2026-07-09 11:31:58,V024,147.0,0.9381604039230541
2026-07-09,2026-07-09 11:31:59,V024,148.0,0.9853568597369339
2026-07-09,2026-07-09 11:32:00,V024,149.0,1.1334696620100615
2026-07-09,2026-07-09 11:32:01,V024,149.0,0.929455274858978
2026-07-09,2026-07-09 11:32:02,V024,150.0,0.9735377465621133
2026-07-09,2026-07-09 11:32:03,V024,150.0,0.9868905991219971
2026-07-09,2026-07-09 11:32:04,V024,150.0,1.0246764006557545
2026-07-09,2026-07-09 11:32:05,V024,149.0,0.9472582177347781
2026-07-09,2026-07-09 11:32:06,V024,149.0,1.0384683841008655
2026-07-09,2026-07-09 11:32:07,V024,149.0,0.9397553752905793
2026-07-09,2026-07-09 11:32:08,V024,149.0,0.9493740243824798
2026-07-09,2026-07-09 11:32:09,V024,149.0,1.1158786149648459
2026-07-09,2026-07-09 11:32:10,V024,148.0,1.0461243445977777
2026-07-09,2026-07-09 11:32:11,V024,148.0,0.9980302752949164
2026-07-09,2026-07-09 11:32:12,V024,147.0,1.0108478901803626
2026-07-09,2026-07-09 11:32:13,V024,147.0,0.9780932792390343
2026-07-09,2026-07-09 11:32:14,V024,147.0,0.981397377732125
2026-07-09,2026-07-09 11:32:15,V024,146.0,1.0184011316472785
2026-07-09,2026-07-09 11:32:16,V024,145.0,1.344149089853104
2026-07-09,2026-07-09 11:32:17,V024,144.0,1.6624500637389843
2026-07-09,2026-07-09 11:32:18,V024,144.0,1.750155572178234
2026-07-09,2026-07-09 11:32:19,V024,143.0,1.526867144748493
2026-07-09,2026-07-09 11:32:20,V024,142.0,1.292377314061291
2026-07-09,2026-07-09 11:32:21,V024,141.0,1.292052426871767
2026-07-09,2026-07-09 11:32:22,V024,141.0,1.139330301606921
2026-07-09,2026-07-09 11:32:23,V024,141.0,1.1778983252044595
2026-07-09,2026-07-09 11:32:24,V024,142.0,0.958871296255913
2026-07-09,2026-07-09 11:32:25,V024,143.0,1.0375327685928168
2026-07-09,2026-07-09 11:32:26,V024,144.0,1.1391689056578185
2026-07-09,2026-07-09 11:32:27,V024,144.0,1.0605824587843284
2026-07-09,2026-07-09 11:32:28,V024,145.0,1.099823366858477
2026-07-09,2026-07-09 11:32:29,V024,146.0,1.0206672505443146
2026-07-09,2026-07-09 11:32:30,V024,146.0,1.3309168826507372
2026-07-09,2026-07-09 11:32:31,V024,147.0,1.3386551533550464
2026-07-09,2026-07-09 11:32:32,V024,147.0,1.5093653875163762
2026-07-09,2026-07-09 11:32:33,V024,148.0,1.013570650282019
2026-07-09,2026-07-09 11:32:34,V024,149.0,1.0582365324258238
2026-07-09,2026-07-09 11:32:35,V024,150.0,1.4737371621193613
2026-07-09,2026-07-09 11:32:36,V024,151.0,1.1783646605245972
2026-07-09,2026-07-09 11:32:37,V024,152.0,1.061001320420167
2026-07-09,2026-07-09 11:32:38,V024,153.0,0.9343099463550106
2026-07-09,2026-07-09 11:32:39,V024,154.0,1.0367767151651297
2026-07-09,2026-07-09 11:32:40,V024,156.0,1.2673943437403012
2026-07-09,2026-07-09 11:32:41,V024,158.0,1.2633462258741006
2026-07-09,2026-07-09 11:32:42,V024,159.0,1.0509124527326426
2026-07-09,2026-07-09 11:32:43,V024,161.0,1.0076269544236935
2026-07-09,2026-07-09 11:32:44,V024,163.0,1.0029984994378363
2026-07-09,2026-07-09 11:32:45,V024,164.0,1.029328369060364
2026-07-09,2026-07-09 11:32:46,V024,165.0,0.9636305742046725
2026-07-09,2026-07-09 11:32:47,V024,166.0,1.0298944103078502
2026-07-09,2026-07-09 11:32:48,V024,167.0,0.97807414363932
2026-07-09,2026-07-09 11:32:49,V024,168.0,1.0105446848832988
2026-07-09,2026-07-09 11:32:50,V024,169.0,1.2470558911288896
2026-07-09,2026-07-09 11:32:51,V024,169.0,1.251335740940678
2026-07-09,2026-07-09 11:32:52,V024,169.0,1.2832266634184373
2026-07-09,2026-07-09 11:32:53,V024,169.0,1.127186840764012
2026-07-09,2026-07-09 11:32:54,V024,170.0,0.9756911060438854
2026-07-09,2026-07-09 11:32:55,V024,170.0,0.993768618506129
2026-07-09,2026-07-09 11:32:56,V024,169.0,0.9643859805713701
2026-07-09,2026-07-09 11:32:57,V024,169.0,0.9738654057421532
2026-07-09,2026-07-09 11:32:58,V024,169.0,0.9792356620747101
2026-07-09,2026-07-09 11:32:59,V024,168.0,1.2053633729681084
2026-07-09,2026-07-09 11:33:00,V024,168.0,1.5107863216396735
2026-07-09,2026-07-09 11:33:01,V024,167.0,1.0974617644132765
2026-07-09,2026-07-09 11:33:02,V024,166.0,1.0270084792170153
2026-07-09,2026-07-09 11:33:03,V024,166.0,0.9485078344420819
2026-07-09,2026-07-09 11:33:04,V024,165.0,1.0859165560086497
2026-07-09,2026-07-09 11:33:05,V024,165.0,1.0951238070881155
2026-07-09,2026-07-09 11:33:06,V024,164.0,1.0287288819635725
2026-07-09,2026-07-09 11:33:07,V024,164.0,1.1033324457359908
2026-07-09,2026-07-09 11:33:08,V024,164.0,1.2372655179767877
2026-07-09,2026-07-09 11:33:09,V024,163.0,1.3519461760031892
2026-07-09,2026-07-09 11:33:10,V024,163.0,1.168624779627947
2026-07-09,2026-07-09 11:33:11,V024,162.0,1.0845593883144131
2026-07-09,2026-07-09 11:33:12,V024,162.0,1.2699071104731796
2026-07-09,2026-07-09 11:33:13,V024,161.0,1.1944918723863718
2026-07-09,2026-07-09 11:33:14,V024,160.0,1.9175564971422583
2026-07-09,2026-07-09 11:33:15,V024,160.0,2.6780426657874417
2026-07-09,2026-07-09 11:33:16,V024,159.0,2.0674620624104008
2026-07-09,2026-07-09 11:33:17,V024,159.0,1.62111767974592
2026-07-09,2026-07-09 11:33:18,V024,159.0,1.0306079649778137
2026-07-09,2026-07-09 11:33:19,V024,159.0,1.3673638963058676
2026-07-09,2026-07-09 11:33:20,V024,160.0,1.9396398843637424
2026-07-09,2026-07-09 11:33:21,V024,160.0,2.22724307074109
2026-07-09,2026-07-09 11:33:22,V024,161.0,1.987126200573785
2026-07-09,2026-07-09 11:33:23,V024,162.0,1.9077836426325427
2026-07-09,2026-07-09 11:33:24,V024,163.0,1.5890343001417544
2026-07-09,2026-07-09 11:33:25,V024,164.0,1.0140874481230024
2026-07-09,2026-07-09 11:33:26,V024,166.0,1.0153623848402311
2026-07-09,2026-07-09 11:33:27,V024,167.0,0.9926935263695974
2026-07-09,2026-07-09 11:33:28,V024,168.0,1.046839927783987
2026-07-09,2026-07-09 11:33:29,V024,167.0,1.4291739709091158
2026-07-09,2026-07-09 11:33:30,V024,167.0,1.2235927410407048
2026-07-09,2026-07-09 11:33:31,V024,167.0,1.0324320757766658
2026-07-09,2026-07-09 11:33:32,V024,168.0,0.9407339024479396
2026-07-09,2026-07-09 11:33:33,V024,167.0,0.9482371399194027
2026-07-09,2026-07-09 11:33:34,V024,166.0,1.10467993934759
2026-07-09,2026-07-09 11:33:35,V024,165.0,1.396152957113813
2026-07-09,2026-07-09 11:33:36,V024,164.0,2.1592778169603615
2026-07-09,2026-07-09 11:33:37,V024,163.0,1.6347268142823737
2026-07-09,2026-07-09 11:33:38,V024,162.0,0.9888916186185092
2026-07-09,2026-07-09 11:33:39,V024,161.0,1.083624685815983
2026-07-09,2026-07-09 11:33:40,V024,161.0,1.0761049660105817
2026-07-09,2026-07-09 11:33:41,V024,160.0,1.7028254576744066
2026-07-09,2026-07-09 11:33:42,V024,159.0,1.723088813482507
2026-07-09,2026-07-09 11:33:43,V024,159.0,1.3358929027384465
2026-07-09,2026-07-09 11:33:44,V024,159.0,1.9001111501818115
2026-07-09,2026-07-09 11:33:45,V024,160.0,1.1967016215148727
2026-07-09,2026-07-09 11:33:46,V024,161.0,1.0013537899762086
2026-07-09,2026-07-09 11:33:47,V024,161.0,1.0412132785182273
2026-07-09,2026-07-09 11:33:48,V024,162.0,1.0051827365607546
2026-07-09,2026-07-09 11:33:49,V024,162.0,1.5446949615755594
2026-07-09,2026-07-09 11:33:50,V024,163.0,1.6911892676587268
2026-07-09,2026-07-09 11:33:51,V024,164.0,1.2952463227475401
2026-07-09,2026-07-09 11:33:52,V024,164.0,1.4808678532918935
2026-07-09,2026-07-09 11:33:53,V024,165.0,1.6254686653059267
2026-07-09,2026-07-09 11:33:54,V024,165.0,1.246599002856439
2026-07-09,2026-07-09 11:33:55,V024,166.0,1.2415580803377084
2026-07-09,2026-07-09 11:33:56,V024,166.0,1.6878534174621531
2026-07-09,2026-07-09 11:33:57,V024,167.0,1.324118011952504
2026-07-09,2026-07-09 11:33:58,V024,167.0,1.3063383710132987
2026-07-09,2026-07-09 11:33:59,V024,168.0,1.1438835161446566
2026-07-09,2026-07-09 11:34:00,V024,169.0,2.1957132028132023
2026-07-09,2026-07-09 11:34:01,V024,170.0,2.3083349860593962
2026-07-09,2026-07-09 11:34:02,V024,170.0,2.3333953828616774
2026-07-09,2026-07-09 11:34:03,V024,171.0,1.7742673709333912
2026-07-09,2026-07-09 11:34:04,V024,172.0,1.971694263146154
2026-07-09,2026-07-09 11:34:05,V024,173.0,1.3122220830265507
2026-07-09,2026-07-09 11:34:06,V024,173.0,1.4765367000015002
2026-07-09,2026-07-09 11:34:07,V024,175.0,1.1564338952063808
2026-07-09,2026-07-09 11:34:08,V024,175.0,1.3434194423908707
2026-07-09,2026-07-09 11:34:09,V024,177.0,1.7149967244843454
2026-07-09,2026-07-09 11:34:10,V024,177.0,0.9892577029157558
2026-07-09,2026-07-09 11:34:11,V024,178.0,1.4886054582234853
2026-07-09,2026-07-09 11:34:12,V024,179.0,1.3790307224017906
2026-07-09,2026-07-09 11:34:13,V024,180.0,1.3082617408964197
2026-07-09,2026-07-09 11:34:14,V024,181.0,1.0143697586005291
2026-07-09,2026-07-09 11:34:15,V024,182.0,1.0059905118487773
2026-07-09,2026-07-09 11:34:16,V024,183.0,1.0077055277796114
2026-07-09,2026-07-09 11:34:17,V024,184.0,1.009058399663972
2026-07-09,2026-07-09 11:34:18,V024,186.0,1.0000502557577886
2026-07-09,2026-07-09 11:34:19,V024,187.0,0.9774720934189771
2026-07-09,2026-07-09 11:34:20,V024,188.0,0.9946482412273163
2026-07-09,2026-07-09 11:34:21,V024,188.0,1.0029900190608272
2026-07-09,2026-07-09 11:34:22,V024,189.0,1.1148872303205735
2026-07-09,2026-07-09 11:34:23,V024,189.0,1.2133939082818075
2026-07-09,2026-07-09 11:34:24,V024,189.0,1.3967057330849821
2026-07-09,2026-07-09 11:34:25,V024,189.0,1.5824783180561008
2026-07-09,2026-07-09 11:34:26,V024,188.0,1.1946249495100336
2026-07-09,2026-07-09 11:34:27,V024,187.0,1.401471339124184
2026-07-09,2026-07-09 11:34:28,V024,187.0,1.2366031636301875
2026-07-09,2026-07-09 11:34:29,V024,186.0,1.0348019264777373
2026-07-09,2026-07-09 11:34:30,V024,186.0,0.9645245630625014
2026-07-09,2026-07-09 11:34:31,V024,185.0,0.9901935942344786
2026-07-09,2026-07-09 11:34:32,V024,184.0,0.9526647651443226
2026-07-09,2026-07-09 11:34:33,V024,183.0,0.9434403437815031
2026-07-09,2026-07-09 11:34:34,V024,182.0,1.019277655623696
2026-07-09,2026-07-09 11:34:35,V024,181.0,1.1318257517697459
2026-07-09,2026-07-09 11:34:36,V024,180.0,0.9503442942108081
2026-07-09,2026-07-09 11:34:37,V024,179.0,0.9410655131919445
2026-07-09,2026-07-09 11:34:38,V024,178.0,0.9485348702395636
2026-07-09,2026-07-09 11:34:39,V024,178.0,0.9299452256337492
2026-07-09,2026-07-09 11:34:40,V024,177.0,0.954857488356375
2026-07-09,2026-07-09 11:34:41,V024,177.0,1.1046420490019921
2026-07-09,2026-07-09 11:34:42,V024,177.0,1.0018531917063
2026-07-09,2026-07-09 11:34:43,V024,177.0,0.9446469351499732
2026-07-09,2026-07-09 11:34:44,V024,177.0,0.9382373880213791
2026-07-09,2026-07-09 11:34:45,V024,175.0,0.9558431640035081
2026-07-09,2026-07-09 11:34:46,V024,175.0,0.9547772077956215
2026-07-09,2026-07-09 11:34:47,V024,174.0,1.1462070084013756
2026-07-09,2026-07-09 11:34:48,V024,173.0,1.180668034292639
2026-07-09,2026-07-09 11:34:49,V024,173.0,1.7815407642509078
2026-07-09,2026-07-09 11:34:50,V024,173.0,2.0672121419343177
2026-07-09,2026-07-09 11:34:51,V024,172.0,1.927318717631178
2026-07-09,2026-07-09 11:34:52,V024,172.0,1.9563747203989441
2026-07-09,2026-07-09 11:34:53,V024,171.0,1.9825186889180617
2026-07-09,2026-07-09 11:34:54,V024,171.0,1.505183406207487
2026-07-09,2026-07-09 11:34:55,V024,170.0,1.1747523100993822
2026-07-09,2026-07-09 11:34:56,V024,169.0,1.045002309196797
2026-07-09,2026-07-09 11:34:57,V024,168.0,1.0280157457977368
2026-07-09,2026-07-09 11:34:58,V024,167.0,1.0401371601110168
2026-07-09,2026-07-09 11:34:59,V024,166.0,0.908093213124253
2026-07-09,2026-07-09 11:35:00,V024,165.0,1.1975530765614695
2026-07-09,2026-07-09 11:35:01,V024,163.0,1.0802296230499704
2026-07-09,2026-07-09 11:35:02,V024,162.0,0.9823721240449218
2026-07-09,2026-07-09 11:35:03,V024,162.0,1.0512166704835144
2026-07-09,2026-07-09 11:35:04,V024,161.0,1.0262001613524685
2026-07-09,2026-07-09 11:35:05,V024,161.0,1.0188799804628625
2026-07-09,2026-07-09 11:35:06,V024,161.0,1.004090928340239
2026-07-09,2026-07-09 11:35:07,V024,160.0,1.0638301327301665
2026-07-09,2026-07-09 11:35:08,V024,160.0,0.9751662624865242
2026-07-09,2026-07-09 11:35:09,V024,159.0,1.01089695250972
2026-07-09,2026-07-09 11:35:10,V024,158.0,1.023781440995724
2026-07-09,2026-07-09 11:35:11,V024,157.0,0.9501696267217609
2026-07-09,2026-07-09 11:35:12,V024,156.0,0.9850355125516435
2026-07-09,2026-07-09 11:35:13,V024,155.0,1.0076309396731906
2026-07-09,2026-07-09 11:35:14,V024,154.0,0.9501748891575474
2026-07-09,2026-07-09 11:35:15,V024,153.0,0.9340793475354204
2026-07-09,2026-07-09 11:35:16,V024,153.0,0.9408115858829633
2026-07-09,2026-07-09 11:35:17,V024,152.0,0.9393811253249047
2026-07-09,2026-07-09 11:35:18,V024,152.0,0.951617870573754
2026-07-09,2026-07-09 11:35:19,V024,151.0,0.9307694899153961
2026-07-09,2026-07-09 11:35:20,V024,151.0,0.9061107397497109
2026-07-09,2026-07-09 11:35:21,V024,151.0,1.0676776824442444
2026-07-09,2026-07-09 11:35:22,V024,151.0,0.9852685747552796
2026-07-09,2026-07-09 11:35:23,V024,150.0,0.9987436756966482
2026-07-09,2026-07-09 11:35:24,V024,149.0,0.9807815708955487
2026-07-09,2026-07-09 11:35:25,V024,149.0,0.9804788153006166
2026-07-09,2026-07-09 11:35:26,V024,148.0,0.9754341896082901
2026-07-09,2026-07-09 11:35:27,V024,148.0,0.9732574802026528
2026-07-09,2026-07-09 11:35:28,V024,147.0,0.9756618404858033
2026-07-09,2026-07-09 11:35:29,V024,147.0,0.9729090468032923
2026-07-09,2026-07-09 11:35:30,V024,147.0,0.9750442143819109
2026-07-09,2026-07-09 11:35:31,V024,145.0,0.9709564383024081
2026-07-09,2026-07-09 11:35:32,V024,143.0,0.9722448645441881
2026-07-09,2026-07-09 11:35:33,V024,142.0,0.9720572854042816
2026-07-09,2026-07-09 11:35:34,V024,140.0,0.9669501554332485
2026-07-09,2026-07-09 11:35:35,V024,138.0,0.96553863913975
2026-07-09,2026-07-09 11:35:36,V024,136.0,0.9649612417533653
2026-07-09,2026-07-09 11:35:37,V024,134.0,0.971975951793076
2026-07-09,2026-07-09 11:35:38,V024,132.0,0.9731254134367658
2026-07-09,2026-07-09 11:35:39,V024,130.0,0.9694982757299526
2026-07-09,2026-07-09 11:35:40,V024,128.0,0.9702342969852139
2026-07-09,2026-07-09 11:35:41,V024,125.0,0.9692494845832242
2026-07-09,2026-07-09 11:35:42,V024,123.0,0.9573466535545941
2026-07-09,2026-07-09 11:35:43,V024,121.0,0.9741546904256229
2026-07-09,2026-07-09 11:35:44,V024,120.0,0.9675449486712551
2026-07-09,2026-07-09 11:35:45,V024,118.0,0.9612812050719624
2026-07-09,2026-07-09 11:35:46,V024,116.0,0.9662896375784938
2026-07-09,2026-07-09 11:35:47,V024,113.0,0.9659101686431649
2026-07-09,2026-07-09 11:35:48,V024,110.0,0.964899696867751
2026-07-09,2026-07-09 11:35:49,V024,109.0,0.9682606445328322
2026-07-09,2026-07-09 11:35:50,V024,108.0,0.9679740541444677
2026-07-09,2026-07-09 11:35:51,V024,108.0,0.9660176966318902
2026-07-09,2026-07-09 11:35:52,V024,109.0,0.9676344040639469
2026-07-09,2026-07-09 11:35:53,V024,109.0,0.9705886526754656
2026-07-09,2026-07-09 11:35:54,V024,110.0,0.9664787134310742
2026-07-09,2026-07-09 11:35:55,V024,111.0,1.0007765595562839
2026-07-09,2026-07-09 11:35:56,V024,111.0,0.9261638627627131
2026-07-09,2026-07-09 11:35:57,V024,112.0,0.9861224151790855
2026-07-09,2026-07-09 11:35:58,V024,112.0,0.9641865123176132
2026-07-09,2026-07-09 11:35:59,V024,112.0,0.9761500483232634
2026-07-09,2026-07-09 11:36:00,V024,112.0,0.9805060891570333
2026-07-09,2026-07-09 11:36:01,V024,112.0,0.9795823991292893
2026-07-09,2026-07-09 11:36:02,V024,112.0,0.9774411855061507
2026-07-09,2026-07-09 11:36:03,V024,112.0,0.9798843261428174
2026-07-09,2026-07-09 11:36:04,V024,111.0,0.9798719329371756
2026-07-09,2026-07-09 11:36:05,V024,111.0,0.9802892125903272
2026-07-09,2026-07-09 11:36:06,V024,110.0,0.9800725718960499
2026-07-09,2026-07-09 11:36:07,V024,109.0,0.982753927548235
2026-07-09,2026-07-09 11:36:08,V024,108.0,0.9774744616107475
2026-07-09,2026-07-09 11:36:09,V024,107.0,0.9790279888551228
2026-07-09,2026-07-09 11:36:10,V024,106.0,0.976275063726204
2026-07-09,2026-07-09 11:36:11,V024,105.0,0.9798055002410275
2026-07-09,2026-07-09 11:36:12,V024,104.0,0.9859758460054137
2026-07-09,2026-07-09 11:36:13,V024,104.0,0.981464660543235
2026-07-09,2026-07-09 11:36:14,V024,104.0,0.9810471258563558
2026-07-09,2026-07-09 11:36:15,V024,105.0,1.0060204671719855
2026-07-09,2026-07-09 11:36:16,V024,105.0,0.9873231771562987
2026-07-09,2026-07-09 11:36:17,V024,106.0,0.9932758006169171
2026-07-09,2026-07-09 11:36:18,V024,107.0,0.983917207151896
2026-07-09,2026-07-09 11:36:19,V024,107.0,0.9807709983127274
2026-07-09,2026-07-09 11:36:20,V024,108.0,0.9886435167191506
2026-07-09,2026-07-09 11:36:21,V024,108.0,0.9808644870018208
2026-07-09,2026-07-09 11:36:22,V024,109.0,0.9850704887479322
2026-07-09,2026-07-09 11:36:23,V024,110.0,0.9798760109529765
2026-07-09,2026-07-09 11:36:24,V024,110.0,0.9800541862664401
2026-07-09,2026-07-09 11:36:25,V024,112.0,0.9856820435937722
2026-07-09,2026-07-09 11:36:26,V024,112.0,0.982443807456716
2026-07-09,2026-07-09 11:36:27,V024,114.0,0.9823866037488417
2026-07-09,2026-07-09 11:36:28,V024,114.0,0.98273148453828
2026-07-09,2026-07-09 11:36:29,V024,115.0,0.9796885744517384
2026-07-09,2026-07-09 11:36:30,V024,116.0,0.980624081567426
2026-07-09,2026-07-09 11:36:31,V024,116.0,0.9817803029746874
2026-07-09,2026-07-09 11:36:32,V024,116.0,0.9829022948206098
2026-07-09,2026-07-09 11:36:33,V024,116.0,0.9785107923871152
2026-07-09,2026-07-09 11:36:34,V024,116.0,0.9828088324936063
2026-07-09,2026-07-09 11:36:35,V024,116.0,0.9739306167245915
2026-07-09,2026-07-09 11:36:36,V024,116.0,0.976319711245758
2026-07-09,2026-07-09 11:36:37,V024,116.0,0.9738551946184201
2026-07-09,2026-07-09 11:36:38,V024,115.0,0.9958889133442151
2026-07-09,2026-07-09 11:36:39,V024,115.0,1.0605777086133819
2026-07-09,2026-07-09 11:36:40,V024,115.0,1.0032637640835513
2026-07-09,2026-07-09 11:36:41,V024,115.0,1.0163081713108428
2026-07-09,2026-07-09 11:36:42,V024,115.0,0.9988350186089356
2026-07-09,2026-07-09 11:36:43,V024,114.0,0.9807260970465791
2026-07-09,2026-07-09 11:36:44,V024,114.0,0.9797051286846526
2026-07-09,2026-07-09 11:36:45,V024,114.0,0.9736005240229624
2026-07-09,2026-07-09 11:36:46,V024,114.0,0.9534951202160235
2026-07-09,2026-07-09 11:36:47,V024,114.0,1.001094849868255
2026-07-09,2026-07-09 11:36:48,V024,114.0,1.0020045283639514
2026-07-09,2026-07-09 11:36:49,V024,114.0,1.0101964491861506
2026-07-09,2026-07-09 11:36:50,V024,113.0,1.00606752145537
2026-07-09,2026-07-09 11:36:51,V024,114.0,1.0090007323485655
2026-07-09,2026-07-09 11:36:52,V024,114.0,1.0050387871290287
2026-07-09,2026-07-09 11:36:53,V024,114.0,1.0089979003943859
2026-07-09,2026-07-09 11:36:54,V024,115.0,1.0061755774038967
2026-07-09,2026-07-09 11:36:55,V024,116.0,1.008590852838942
2026-07-09,2026-07-09 11:36:56,V024,116.0,1.0077765968476804
2026-07-09,2026-07-09 11:36:57,V024,118.0,1.0044235650103284
2026-07-09,2026-07-09 11:36:58,V024,119.0,1.0083843429807455
2026-07-09,2026-07-09 11:36:59,V024,121.0,1.0320049911464106
2026-07-09,2026-07-09 11:37:00,V024,122.0,0.9995952857110895
2026-07-09,2026-07-09 11:37:01,V024,124.0,1.0435616065061222
2026-07-09,2026-07-09 11:37:02,V024,126.0,0.9525087666862504
2026-07-09,2026-07-09 11:37:03,V024,130.0,0.9634808391087931
2026-07-09,2026-07-09 11:37:04,V024,133.0,0.9382099128702029
2026-07-09,2026-07-09 11:37:05,V024,135.0,0.9418875455953353
2026-07-09,2026-07-09 11:37:06,V024,136.0,0.9395530227087534
2026-07-09,2026-07-09 11:37:07,V024,136.0,0.9374670625666388
2026-07-09,2026-07-09 11:37:08,V024,137.0,0.94756280080629
2026-07-09,2026-07-09 11:37:09,V024,137.0,0.9601957322112807
2026-07-09,2026-07-09 11:37:10,V024,138.0,0.9505467134947869
2026-07-09,2026-07-09 11:37:11,V024,138.0,0.9584786389085491
2026-07-09,2026-07-09 11:37:12,V024,139.0,0.9426954287106135
2026-07-09,2026-07-09 11:37:13,V024,139.0,0.9607463231528605
2026-07-09,2026-07-09 11:37:14,V024,140.0,0.9347324597241585
2026-07-09,2026-07-09 11:37:15,V024,139.0,0.9520995084703272
2026-07-09,2026-07-09 11:37:16,V024,139.0,0.9531558793863704
2026-07-09,2026-07-09 11:37:17,V024,138.0,0.9477834306643118
2026-07-09,2026-07-09 11:37:18,V024,138.0,0.9522488231682205
2026-07-09,2026-07-09 11:37:19,V024,137.0,0.946281338555652
2026-07-09,2026-07-09 11:37:20,V024,137.0,0.947365802295418
2026-07-09,2026-07-09 11:37:21,V024,136.0,0.9472100578718695
2026-07-09,2026-07-09 11:37:22,V024,135.0,0.9473952460419285
2026-07-09,2026-07-09 11:37:23,V024,135.0,0.9506858851665643
2026-07-09,2026-07-09 11:37:24,V024,134.0,0.9419801962146794
2026-07-09,2026-07-09 11:37:25,V024,134.0,0.94510041812216
2026-07-09,2026-07-09 11:37:26,V024,134.0,0.9493780569611528
2026-07-09,2026-07-09 11:37:27,V024,133.0,0.9489161220643385
2026-07-09,2026-07-09 11:37:28,V024,133.0,0.952183909444469
2026-07-09,2026-07-09 11:37:29,V024,133.0,0.950072003036193
2026-07-09,2026-07-09 11:37:30,V024,133.0,0.9511527644938389
2026-07-09,2026-07-09 11:37:31,V024,132.0,0.9444564111890671
2026-07-09,2026-07-09 11:37:32,V024,132.0,0.9484685768560094
2026-07-09,2026-07-09 11:37:33,V024,132.0,0.947786001420169
2026-07-09,2026-07-09 11:37:34,V024,131.0,0.9490905140400935
2026-07-09,2026-07-09 11:37:35,V024,130.0,0.9535719399783138
2026-07-09,2026-07-09 11:37:36,V024,130.0,0.9441200746466857
2026-07-09,2026-07-09 11:37:37,V024,129.0,0.9492199598201222
2026-07-09,2026-07-09 11:37:38,V024,128.0,0.9441176634602095
2026-07-09,2026-07-09 11:37:39,V024,128.0,0.9444270549544794
2026-07-09,2026-07-09 11:37:40,V024,128.0,0.956754373192454
2026-07-09,2026-07-09 11:37:41,V024,128.0,0.9280049373469976
2026-07-09,2026-07-09 11:37:42,V024,128.0,0.964765708298485
2026-07-09,2026-07-09 11:37:43,V024,127.0,0.9691929539080028
2026-07-09,2026-07-09 11:37:44,V024,127.0,0.9413572489125944
2026-07-09,2026-07-09 11:37:45,V024,126.0,0.9587829004385227
2026-07-09,2026-07-09 11:37:46,V024,126.0,0.9589295098275881
2026-07-09,2026-07-09 11:37:47,V024,126.0,0.9601528577077246
2026-07-09,2026-07-09 11:37:48,V024,127.0,0.9623160741094678
2026-07-09,2026-07-09 11:37:49,V024,127.0,0.961470429484177
2026-07-09,2026-07-09 11:37:50,V024,128.0,0.9637704362498529
2026-07-09,2026-07-09 11:37:51,V024,129.0,0.9617783457069686
2026-07-09,2026-07-09 11:37:52,V024,129.0,0.9623192625658038
2026-07-09,2026-07-09 11:37:53,V024,129.0,0.9610943289892134
2026-07-09,2026-07-09 11:37:54,V024,128.0,0.9712403684364574
2026-07-09,2026-07-09 11:37:55,V024,127.0,0.9404263375211154
2026-07-09,2026-07-09 11:37:56,V024,126.0,0.93811448475051
2026-07-09,2026-07-09 11:37:57,V024,125.0,0.9500909751640364
2026-07-09,2026-07-09 11:37:58,V024,125.0,0.9438372236978682
2026-07-09,2026-07-09 11:37:59,V024,124.0,0.9629745227013408
2026-07-09,2026-07-09 11:38:00,V024,124.0,0.9452047171414318
2026-07-09,2026-07-09 11:38:01,V024,124.0,0.9397746887880045
2026-07-09,2026-07-09 11:38:02,V024,124.0,0.9313742889860762
2026-07-09,2026-07-09 11:38:03,V024,123.0,0.9742934367417873
2026-07-09,2026-07-09 11:38:04,V024,123.0,0.9647436515175178
2026-07-09,2026-07-09 11:38:05,V024,123.0,0.9534933353717511
2026-07-09,2026-07-09 11:38:06,V024,123.0,0.9496983194691876
2026-07-09,2026-07-09 11:38:07,V024,123.0,0.9542667799198178
2026-07-09,2026-07-09 11:38:08,V024,123.0,0.9398977394001738
2026-07-09,2026-07-09 11:38:09,V024,123.0,0.940124807774425
2026-07-09,2026-07-09 11:38:10,V024,122.0,0.9419987362002529
2026-07-09,2026-07-09 11:38:11,V024,123.0,0.9378427263688125
2026-07-09,2026-07-09 11:38:12,V024,123.0,0.9464347550634138
2026-07-09,2026-07-09 11:38:13,V024,124.0,0.9322840563642787
2026-07-09,2026-07-09 11:38:14,V024,125.0,0.939603962718634
2026-07-09,2026-07-09 11:38:15,V024,125.0,0.938381016446177
2026-07-09,2026-07-09 11:38:16,V024,124.0,0.9356575659959253
2026-07-09,2026-07-09 11:38:17,V024,124.0,0.9364241163965374
2026-07-09,2026-07-09 11:38:18,V024,124.0,0.9457523960311817
2026-07-09,2026-07-09 11:38:19,V024,124.0,0.9325870824532235
2026-07-09,2026-07-09 11:38:20,V024,124.0,0.9692034077659757
2026-07-09,2026-07-09 11:38:21,V024,124.0,0.9406952989356979
2026-07-09,2026-07-09 11:38:22,V024,125.0,0.9540274299324089
2026-07-09,2026-07-09 11:38:23,V024,125.0,0.9475762800969207
2026-07-09,2026-07-09 11:38:24,V024,126.0,0.9530498574836102
2026-07-09,2026-07-09 11:38:25,V024,126.0,0.9549035654943911
2026-07-09,2026-07-09 11:38:26,V024,126.0,0.948454198442007
2026-07-09,2026-07-09 11:38:27,V024,126.0,0.9487614780766722
2026-07-09,2026-07-09 11:38:28,V024,126.0,0.9494729530188349
2026-07-09,2026-07-09 11:38:29,V024,126.0,0.9473735706148363
2026-07-09,2026-07-09 11:38:30,V024,126.0,0.9482220151715575
2026-07-09,2026-07-09 11:38:31,V024,126.0,0.948304685279857
2026-07-09,2026-07-09 11:38:32,V024,126.0,0.9477675908564359
2026-07-09,2026-07-09 11:38:33,V024,126.0,0.9488379765682837
2026-07-09,2026-07-09 11:38:34,V024,126.0,0.9507598380181636
2026-07-09,2026-07-09 11:38:35,V024,126.0,0.9475193558046544
2026-07-09,2026-07-09 11:38:36,V024,126.0,0.9479628025350237
2026-07-09,2026-07-09 11:38:37,V024,126.0,0.94758497289666
2026-07-09,2026-07-09 11:38:38,V024,126.0,0.9504275958023273
2026-07-09,2026-07-09 11:38:39,V024,126.0,0.9480499754565265
2026-07-09,2026-07-09 11:38:40,V024,126.0,0.9480962540813763
2026-07-09,2026-07-09 11:38:41,V024,127.0,0.9501675963829469
2026-07-09,2026-07-09 11:38:42,V024,127.0,0.9502851289294528
2026-07-09,2026-07-09 11:38:43,V024,127.0,0.9485304995321786
2026-07-09,2026-07-09 11:38:44,V024,127.0,0.9477756498200703
2026-07-09,2026-07-09 11:38:45,V024,126.0,0.9531322615564237
2026-07-09,2026-07-09 11:38:46,V024,126.0,0.950772098580314
2026-07-09,2026-07-09 11:38:47,V024,125.0,0.9518993319886178
2026-07-09,2026-07-09 11:38:48,V024,125.0,0.9499929212993448
2026-07-09,2026-07-09 11:38:49,V024,125.0,0.9593016256450246
2026-07-09,2026-07-09 11:38:50,V024,124.0,0.9427896453910921
2026-07-09,2026-07-09 11:38:51,V024,125.0,0.9480258744685998
2026-07-09,2026-07-09 11:38:52,V024,125.0,0.9362427253342936
2026-07-09,2026-07-09 11:38:53,V024,125.0,0.9366803748127774
2026-07-09,2026-07-09 11:38:54,V024,124.0,0.9366242758393356
2026-07-09,2026-07-09 11:38:55,V024,124.0,0.9376609586802421
2026-07-09,2026-07-09 11:38:56,V024,123.0,0.9356299272860628
2026-07-09,2026-07-09 11:38:57,V024,122.0,0.9396759812289057
2026-07-09,2026-07-09 11:38:58,V024,121.0,0.9393736530454214
2026-07-09,2026-07-09 11:38:59,V024,121.0,0.9387265349812478
2026-07-09,2026-07-09 11:39:00,V024,120.0,0.9354756490531011
2026-07-09,2026-07-09 11:39:01,V024,120.0,0.9363861969815382
2026-07-09,2026-07-09 11:39:02,V024,120.0,0.9359271889028198
2026-07-09,2026-07-09 11:39:03,V024,120.0,0.9370726695168204
2026-07-09,2026-07-09 11:39:04,V024,121.0,0.9363010597281393
2026-07-09,2026-07-09 11:39:05,V024,121.0,0.9552968315237519
2026-07-09,2026-07-09 11:39:06,V024,121.0,0.9734063297697338
2026-07-09,2026-07-09 11:39:07,V024,121.0,1.0105131970829382
2026-07-09,2026-07-09 11:39:08,V024,121.0,1.0358518930709817
2026-07-09,2026-07-09 11:39:09,V024,121.0,1.0381095792677713
2026-07-09,2026-07-09 11:39:10,V024,120.0,1.043934693125566
2026-07-09,2026-07-09 11:39:11,V024,121.0,1.0224704700525113
2026-07-09,2026-07-09 11:39:12,V024,121.0,1.0064613664109265
2026-07-09,2026-07-09 11:39:13,V024,121.0,0.9733355006774916
2026-07-09,2026-07-09 11:39:14,V024,121.0,0.9740115169084597
2026-07-09,2026-07-09 11:39:15,V024,121.0,0.944002537023632
2026-07-09,2026-07-09 11:39:16,V024,122.0,0.9376336763767464
2026-07-09,2026-07-09 11:39:17,V024,122.0,0.9667191014652152
2026-07-09,2026-07-09 11:39:18,V024,122.0,0.9578653992785603
2026-07-09,2026-07-09 11:39:19,V024,121.0,0.9634247302745867
2026-07-09,2026-07-09 11:39:20,V024,121.0,0.9417233919089697
2026-07-09,2026-07-09 11:39:21,V024,121.0,0.9805099633072446
2026-07-09,2026-07-09 11:39:22,V024,120.0,1.0271477748373625
2026-07-09,2026-07-09 11:39:23,V024,120.0,1.0418776421308775
2026-07-09,2026-07-09 11:39:24,V024,120.0,1.0402755060214122
2026-07-09,2026-07-09 11:39:25,V024,121.0,0.9871673666461577
2026-07-09,2026-07-09 11:39:26,V024,121.0,0.9997568880809035
2026-07-09,2026-07-09 11:39:27,V024,121.0,1.1209006855340862
2026-07-09,2026-07-09 11:39:28,V024,122.0,0.9951786013860436
2026-07-09,2026-07-09 11:39:29,V024,122.0,0.9771296128691679
2026-07-09,2026-07-09 11:39:30,V024,123.0,1.0009010123611786
2026-07-09,2026-07-09 11:39:31,V024,122.0,0.9935757076435858
2026-07-09,2026-07-09 11:39:32,V024,122.0,1.0680119010829077
2026-07-09,2026-07-09 11:39:33,V024,122.0,0.9909382678827169
2026-07-09,2026-07-09 11:39:34,V024,121.0,1.0225591623944248
2026-07-09,2026-07-09 11:39:35,V024,121.0,1.03613789828303
2026-07-09,2026-07-09 11:39:36,V024,121.0,1.0166517286256365
2026-07-09,2026-07-09 11:39:37,V024,120.0,0.9587811780681939
2026-07-09,2026-07-09 11:39:38,V024,120.0,0.9457848233144784
2026-07-09,2026-07-09 11:39:39,V024,120.0,0.9689530587434751
2026-07-09,2026-07-09 11:39:40,V024,119.0,0.9355293994800128
2026-07-09,2026-07-09 11:39:41,V024,120.0,0.9338232646197471
2026-07-09,2026-07-09 11:39:42,V024,120.0,0.9924794903527577
2026-07-09,2026-07-09 11:39:43,V024,121.0,0.9363303300636779
2026-07-09,2026-07-09 11:39:44,V024,122.0,1.5043927342660506
2026-07-09,2026-07-09 11:39:45,V024,123.0,1.4060034647903352
2026-07-09,2026-07-09 11:39:46,V024,124.0,0.9862214710403463
2026-07-09,2026-07-09 11:39:47,V024,126.0,1.0266489732296051
2026-07-09,2026-07-09 11:39:48,V024,127.0,1.252265286922049
2026-07-09,2026-07-09 11:39:49,V024,128.0,0.9970779823522257
2026-07-09,2026-07-09 11:39:50,V024,129.0,1.0433489016541997
2026-07-09,2026-07-09 11:39:51,V024,129.0,1.0361583906448684
2026-07-09,2026-07-09 11:39:52,V024,130.0,1.2686612910511608
2026-07-09,2026-07-09 11:39:53,V024,132.0,1.0087245411414767
2026-07-09,2026-07-09 11:39:54,V024,133.0,0.9642139966353779
2026-07-09,2026-07-09 11:39:55,V024,134.0,1.0699859775129068
2026-07-09,2026-07-09 11:39:56,V024,136.0,1.015246050034786
2026-07-09,2026-07-09 11:39:57,V024,138.0,0.9245814195066322
2026-07-09,2026-07-09 11:39:58,V024,139.0,1.1641468923738842
2026-07-09,2026-07-09 11:39:59,V024,141.0,1.0470233166915022
2026-07-09,2026-07-09 11:40:00,V024,142.0,1.0173799226946623
2026-07-09,2026-07-09 11:40:01,V024,145.0,1.1222028721903168
2026-07-09,2026-07-09 11:40:02,V024,147.0,0.9813988641511815
2026-07-09,2026-07-09 11:40:03,V024,149.0,0.9641378219892632
2026-07-09,2026-07-09 11:40:04,V024,149.0,1.0444490762742176
2026-07-09,2026-07-09 11:40:05,V024,150.0,0.9586880986401404
2026-07-09,2026-07-09 11:40:06,V024,150.0,1.080281423960484
2026-07-09,2026-07-09 11:40:07,V024,150.0,0.9701564410203696
2026-07-09,2026-07-09 11:40:08,V024,151.0,0.9697442327756554
2026-07-09,2026-07-09 11:40:09,V024,150.0,1.3503852622057526
2026-07-09,2026-07-09 11:40:10,V024,150.0,1.4819203278942155
2026-07-09,2026-07-09 11:40:11,V024,150.0,1.089270131128528
2026-07-09,2026-07-09 11:40:12,V024,150.0,1.7705042453761595
2026-07-09,2026-07-09 11:40:13,V024,151.0,1.691086654204305
2026-07-09,2026-07-09 11:40:14,V024,151.0,2.197753154436328
2026-07-09,2026-07-09 11:40:15,V024,152.0,1.813216758926972
2026-07-09,2026-07-09 11:40:16,V024,153.0,1.6055056561368515
2026-07-09,2026-07-09 11:40:17,V024,154.0,1.5422154957625223
2026-07-09,2026-07-09 11:40:18,V024,154.0,1.461458060390678
2026-07-09,2026-07-09 11:40:19,V024,155.0,3.5337911327002183
2026-07-09,2026-07-09 11:40:20,V024,156.0,2.270271703136485
2026-07-09,2026-07-09 11:40:21,V024,157.0,1.2331508935807334
2026-07-09,2026-07-09 11:40:22,V024,158.0,3.1619868354656933
2026-07-09,2026-07-09 11:40:23,V024,160.0,2.0439255578678717
2026-07-09,2026-07-09 11:40:24,V024,161.0,1.556063680574484
2026-07-09,2026-07-09 11:40:25,V024,162.0,1.8455069833388595
2026-07-09,2026-07-09 11:40:26,V024,163.0,2.0200209743115938
2026-07-09,2026-07-09 11:40:27,V024,163.0,1.3100957755457587
2026-07-09,2026-07-09 11:40:28,V024,162.0,1.4260510527671169
2026-07-09,2026-07-09 11:40:29,V024,164.0,1.0344240979728279
2026-07-09,2026-07-09 11:40:30,V024,165.0,1.029465650296739
2026-07-09,2026-07-09 11:40:31,V024,166.0,1.1472326212857429
2026-07-09,2026-07-09 11:40:32,V024,168.0,0.9519403554884961
2026-07-09,2026-07-09 11:40:33,V024,169.0,1.1943664829637872
2026-07-09,2026-07-09 11:40:34,V024,170.0,1.0812967467985943
2026-07-09,2026-07-09 11:40:35,V024,172.0,1.1471355596312687
2026-07-09,2026-07-09 11:40:36,V024,174.0,1.0253868803763881
2026-07-09,2026-07-09 11:40:37,V024,176.0,1.055806294686581
2026-07-09,2026-07-09 11:40:38,V024,178.0,0.929399926568186
2026-07-09,2026-07-09 11:40:39,V024,180.0,1.1924310398711115
2026-07-09,2026-07-09 11:40:40,V024,181.0,1.1062957850005186
2026-07-09,2026-07-09 11:40:41,V024,181.0,0.9276377275379436
2026-07-09,2026-07-09 11:40:42,V024,181.0,1.0421784492095172
2026-07-09,2026-07-09 11:40:43,V024,181.0,0.9333235732083431
2026-07-09,2026-07-09 11:40:44,V024,181.0,0.9868970953133043
2026-07-09,2026-07-09 11:40:45,V024,181.0,0.9502918179029484
2026-07-09,2026-07-09 11:40:46,V024,181.0,1.0140787093891916
2026-07-09,2026-07-09 11:40:47,V024,180.0,0.9474729505170015
2026-07-09,2026-07-09 11:40:48,V024,180.0,1.075334692742818
2026-07-09,2026-07-09 11:40:49,V024,179.0,0.970354002233678
2026-07-09,2026-07-09 11:40:50,V024,179.0,0.9452536672330875
2026-07-09,2026-07-09 11:40:51,V024,179.0,0.9475499516617913
2026-07-09,2026-07-09 11:40:52,V024,178.0,0.9630325062413653
2026-07-09,2026-07-09 11:40:53,V024,178.0,0.9631422431742364
2026-07-09,2026-07-09 11:40:54,V024,178.0,0.9671775065895404
2026-07-09,2026-07-09 11:40:55,V024,178.0,1.0239411280769035
2026-07-09,2026-07-09 11:40:56,V024,178.0,1.0145693156492261
2026-07-09,2026-07-09 11:40:57,V024,177.0,0.9777258135327155
2026-07-09,2026-07-09 11:40:58,V024,177.0,1.0027969693729393
2026-07-09,2026-07-09 11:40:59,V024,176.0,1.1159441421382124
2026-07-09,2026-07-09 11:41:00,V024,176.0,1.069285839840369
2026-07-09,2026-07-09 11:41:01,V024,175.0,0.965287731742913
2026-07-09,2026-07-09 11:41:02,V024,174.0,1.0500063383036398
2026-07-09,2026-07-09 11:41:03,V024,173.0,0.9183311224081907
2026-07-09,2026-07-09 11:41:04,V024,171.0,0.9907344741290319
2026-07-09,2026-07-09 11:41:05,V024,172.0,0.9787457432975694
2026-07-09,2026-07-09 11:41:06,V024,172.0,0.9910844784913081
2026-07-09,2026-07-09 11:41:07,V024,172.0,0.9496430525424442
2026-07-09,2026-07-09 11:41:08,V024,173.0,0.9537509879007126
2026-07-09,2026-07-09 11:41:09,V024,172.0,0.9443059198924785
2026-07-09,2026-07-09 11:41:10,V024,172.0,0.9623826017145491
2026-07-09,2026-07-09 11:41:11,V024,170.0,1.2612362258253211
2026-07-09,2026-07-09 11:41:12,V024,169.0,0.8993848954421103
2026-07-09,2026-07-09 11:41:13,V024,168.0,0.9527869577678794
2026-07-09,2026-07-09 11:41:14,V024,167.0,1.1317012800900481
2026-07-09,2026-07-09 11:41:15,V024,165.0,1.2371151440281065
2026-07-09,2026-07-09 11:41:16,V024,164.0,1.2744810031036438
2026-07-09,2026-07-09 11:41:17,V024,162.0,0.9359425355083035
2026-07-09,2026-07-09 11:41:18,V024,162.0,0.9840142336174305
2026-07-09,2026-07-09 11:41:19,V024,161.0,1.0124296594767506
2026-07-09,2026-07-09 11:41:20,V024,161.0,1.1506745873394921
2026-07-09,2026-07-09 11:41:21,V024,162.0,0.9844229934254687
2026-07-09,2026-07-09 11:41:22,V024,162.0,0.9889733208937079
2026-07-09,2026-07-09 11:41:23,V024,162.0,1.035757402911097
2026-07-09,2026-07-09 11:41:24,V024,162.0,1.3392092674520464
2026-07-09,2026-07-09 11:41:25,V024,161.0,2.023496319472906
2026-07-09,2026-07-09 11:41:26,V024,161.0,1.5701176208456584
2026-07-09,2026-07-09 11:41:27,V024,160.0,1.1428443180109216
2026-07-09,2026-07-09 11:41:28,V024,159.0,1.2222119486780398
2026-07-09,2026-07-09 11:41:29,V024,159.0,1.3553267903937338
2026-07-09,2026-07-09 11:41:30,V024,158.0,1.1937474980191527
2026-07-09,2026-07-09 11:41:31,V024,157.0,1.9217046851400315
2026-07-09,2026-07-09 11:41:32,V024,157.0,1.318777118023095
2026-07-09,2026-07-09 11:41:33,V024,158.0,1.0333729646530674
2026-07-09,2026-07-09 11:41:34,V024,158.0,1.1816177526161027
2026-07-09,2026-07-09 11:41:35,V024,159.0,1.037711194199661
2026-07-09,2026-07-09 11:41:36,V024,160.0,1.0154247799908052
2026-07-09,2026-07-09 11:41:37,V024,162.0,0.9918827371865555
2026-07-09,2026-07-09 11:41:38,V024,163.0,1.0599340390206455
2026-07-09,2026-07-09 11:41:39,V024,164.0,1.0239205386737171
2026-07-09,2026-07-09 11:41:40,V024,166.0,1.0889568219074706
2026-07-09,2026-07-09 11:41:41,V024,167.0,1.0485939161822446
2026-07-09,2026-07-09 11:41:42,V024,168.0,1.0201439539683712
2026-07-09,2026-07-09 11:41:43,V024,168.0,0.964405300230194
2026-07-09,2026-07-09 11:41:44,V024,169.0,1.0408047965376175
2026-07-09,2026-07-09 11:41:45,V024,169.0,0.9435748106002673
2026-07-09,2026-07-09 11:41:46,V024,170.0,1.0001620856446316
2026-07-09,2026-07-09 11:41:47,V024,170.0,1.0676772649648745
2026-07-09,2026-07-09 11:41:48,V024,171.0,1.0230123378110798
2026-07-09,2026-07-09 11:41:49,V024,171.0,0.975181344628075
2026-07-09,2026-07-09 11:41:50,V024,172.0,1.0273010548868133
2026-07-09,2026-07-09 11:41:51,V024,172.0,1.0145474711085594
2026-07-09,2026-07-09 11:41:52,V024,172.0,0.9498206552978071
2026-07-09,2026-07-09 11:41:53,V024,172.0,0.9583285080972671
2026-07-09,2026-07-09 11:41:54,V024,171.0,0.9718494877567626
2026-07-09,2026-07-09 11:41:55,V024,171.0,0.9351250452234173
2026-07-09,2026-07-09 11:41:56,V024,171.0,0.9408636234395727
2026-07-09,2026-07-09 11:41:57,V024,170.0,0.9955737579314325
2026-07-09,2026-07-09 11:41:58,V024,170.0,0.9442043133470323
2026-07-09,2026-07-09 11:41:59,V024,169.0,0.9586108423068983
2026-07-09,2026-07-09 11:42:00,V024,169.0,1.0067007005349182
2026-07-09,2026-07-09 11:42:01,V024,168.0,0.9852141028907332
2026-07-09,2026-07-09 11:42:02,V024,168.0,1.5993133710609395
2026-07-09,2026-07-09 11:42:03,V024,168.0,1.7273773930257132
2026-07-09,2026-07-09 11:42:04,V024,168.0,1.5942265314371264
2026-07-09,2026-07-09 11:42:05,V024,168.0,1.1109227220462077
2026-07-09,2026-07-09 11:42:06,V024,168.0,1.0339619461788432
2026-07-09,2026-07-09 11:42:07,V024,167.0,1.0027394190202201
2026-07-09,2026-07-09 11:42:08,V024,166.0,1.0403890374662137
2026-07-09,2026-07-09 11:42:09,V024,166.0,0.9975642003877967
2026-07-09,2026-07-09 11:42:10,V024,167.0,1.0306098588797146
2026-07-09,2026-07-09 11:42:11,V024,167.0,1.0222440750700972
2026-07-09,2026-07-09 11:42:12,V024,167.0,0.931095713985071
2026-07-09,2026-07-09 11:42:13,V024,166.0,1.2445306828147016
2026-07-09,2026-07-09 11:42:14,V024,165.0,1.7383904456820383
2026-07-09,2026-07-09 11:42:15,V024,164.0,1.1522686272715088
2026-07-09,2026-07-09 11:42:16,V024,163.0,1.00244065824582
2026-07-09,2026-07-09 11:42:17,V024,162.0,1.0216922873213508
2026-07-09,2026-07-09 11:42:18,V024,161.0,1.0672489466791113
2026-07-09,2026-07-09 11:42:19,V024,160.0,1.0618021844423748
2026-07-09,2026-07-09 11:42:20,V024,159.0,1.1257412472097412
2026-07-09,2026-07-09 11:42:21,V024,159.0,1.4108023484461203
2026-07-09,2026-07-09 11:42:22,V024,159.0,1.2578139295193889
2026-07-09,2026-07-09 11:42:23,V024,158.0,1.0409028387280586
2026-07-09,2026-07-09 11:42:24,V024,158.0,0.9778378653352484
2026-07-09,2026-07-09 11:42:25,V024,158.0,0.9643529799967004
2026-07-09,2026-07-09 11:42:26,V024,158.0,1.012934385738801
2026-07-09,2026-07-09 11:42:27,V024,158.0,1.1541099711686593
2026-07-09,2026-07-09 11:42:28,V024,158.0,1.0685272300400832
2026-07-09,2026-07-09 11:42:29,V024,158.0,0.9207106010668837
2026-07-09,2026-07-09 11:42:30,V024,158.0,1.0622734666696565
2026-07-09,2026-07-09 11:42:31,V024,159.0,0.9885127048620829
2026-07-09,2026-07-09 11:42:32,V024,159.0,1.217954457210956
2026-07-09,2026-07-09 11:42:33,V024,160.0,1.6285197199586396
2026-07-09,2026-07-09 11:42:34,V024,160.0,1.1410494678790764
2026-07-09,2026-07-09 11:42:35,V024,161.0,1.4685545138533203
2026-07-09,2026-07-09 11:42:36,V024,161.0,1.7327618639769946
2026-07-09,2026-07-09 11:42:37,V024,162.0,1.7419825021992437
2026-07-09,2026-07-09 11:42:38,V024,163.0,1.4923644180606417
2026-07-09,2026-07-09 11:42:39,V024,163.0,1.2696525724937109
2026-07-09,2026-07-09 11:42:40,V024,164.0,1.068385289830925
2026-07-09,2026-07-09 11:42:41,V024,165.0,0.9886993994718438
2026-07-09,2026-07-09 11:42:42,V024,166.0,0.9995715917945952
2026-07-09,2026-07-09 11:42:43,V024,167.0,1.0417667921294091
2026-07-09,2026-07-09 11:42:44,V024,167.0,0.9948360071580076
2026-07-09,2026-07-09 11:42:45,V024,167.0,1.0175875486580657
2026-07-09,2026-07-09 11:42:46,V024,167.0,1.0366252601523926
2026-07-09,2026-07-09 11:42:47,V024,167.0,1.0527546547793867
2026-07-09,2026-07-09 11:42:48,V024,167.0,1.0448828689275727
2026-07-09,2026-07-09 11:42:49,V024,166.0,1.0022291331749018
2026-07-09,2026-07-09 11:42:50,V024,166.0,1.0317348432615217
2026-07-09,2026-07-09 11:42:51,V024,166.0,1.0808637101262033
2026-07-09,2026-07-09 11:42:52,V024,165.0,0.9986187838641107
2026-07-09,2026-07-09 11:42:53,V024,165.0,0.9782428309774737
2026-07-09,2026-07-09 11:42:54,V024,165.0,1.0629192199109359
2026-07-09,2026-07-09 11:42:55,V024,164.0,1.0102549581689535
2026-07-09,2026-07-09 11:42:56,V024,164.0,1.0118165532411663
2026-07-09,2026-07-09 11:42:57,V024,163.0,1.0248827727038918
2026-07-09,2026-07-09 11:42:58,V024,163.0,1.0086071469348077
2026-07-09,2026-07-09 11:42:59,V024,162.0,1.0235147821230217
2026-07-09,2026-07-09 11:43:00,V024,162.0,1.0164939250031497
2026-07-09,2026-07-09 11:43:01,V024,161.0,1.0214602815268368
2026-07-09,2026-07-09 11:43:02,V024,160.0,0.9925877337549481
2026-07-09,2026-07-09 11:43:03,V024,158.0,1.023920722147776
2026-07-09,2026-07-09 11:43:04,V024,157.0,0.9834506941858886
2026-07-09,2026-07-09 11:43:05,V024,156.0,0.9580253941446318
2026-07-09,2026-07-09 11:43:06,V024,155.0,0.9425807001587151
2026-07-09,2026-07-09 11:43:07,V024,153.0,0.9459009800410918
2026-07-09,2026-07-09 11:43:08,V024,152.0,0.9387037604670229
2026-07-09,2026-07-09 11:43:09,V024,151.0,0.9261164534842455
2026-07-09,2026-07-09 11:43:10,V024,151.0,0.969104307225552
2026-07-09,2026-07-09 11:43:11,V024,150.0,0.9475627931950434
2026-07-09,2026-07-09 11:43:12,V024,149.0,0.9568115364636424
2026-07-09,2026-07-09 11:43:13,V024,148.0,0.9452930649602194
2026-07-09,2026-07-09 11:43:14,V024,147.0,0.949504591278649
2026-07-09,2026-07-09 11:43:15,V024,146.0,0.9890044626764904
2026-07-09,2026-07-09 11:43:16,V024,146.0,1.0028486277686153
2026-07-09,2026-07-09 11:43:17,V024,145.0,0.9588429664723813
2026-07-09,2026-07-09 11:43:18,V024,145.0,0.9561573099654018
2026-07-09,2026-07-09 11:43:19,V024,145.0,1.0323408349432592
2026-07-09,2026-07-09 11:43:20,V024,145.0,1.0579848597239765
2026-07-09,2026-07-09 11:43:21,V024,144.0,1.012423255306496
2026-07-09,2026-07-09 11:43:22,V024,144.0,1.0673403766533593
2026-07-09,2026-07-09 11:43:23,V024,143.0,0.9484356720600206
2026-07-09,2026-07-09 11:43:24,V024,142.0,1.0240757325065497
2026-07-09,2026-07-09 11:43:25,V024,142.0,0.9566272361886954
2026-07-09,2026-07-09 11:43:26,V024,142.0,0.9735397441847954
2026-07-09,2026-07-09 11:43:27,V024,141.0,0.9770114554100231
2026-07-09,2026-07-09 11:43:28,V024,141.0,0.9982595882382655
2026-07-09,2026-07-09 11:43:29,V024,142.0,0.9665961869442079
2026-07-09,2026-07-09 11:43:30,V024,143.0,1.0501380073403543
2026-07-09,2026-07-09 11:43:31,V024,143.0,1.0734681517673432
2026-07-09,2026-07-09 11:43:32,V024,144.0,0.9501289995771901
2026-07-09,2026-07-09 11:43:33,V024,144.0,0.9587480631718615
2026-07-09,2026-07-09 11:43:34,V024,144.0,0.9772562868526337
2026-07-09,2026-07-09 11:43:35,V024,144.0,0.9497268457842514
2026-07-09,2026-07-09 11:43:36,V024,144.0,0.9522140226630043
2026-07-09,2026-07-09 11:43:37,V024,144.0,0.9520644932624571
2026-07-09,2026-07-09 11:43:38,V024,143.0,0.9574213570197406
2026-07-09,2026-07-09 11:43:39,V024,143.0,0.9603872175015161
2026-07-09,2026-07-09 11:43:40,V024,142.0,0.8608582162174981
2026-07-09,2026-07-09 11:43:41,V024,142.0,1.095710106789061
2026-07-09,2026-07-09 11:43:42,V024,141.0,0.9612797318969766
2026-07-09,2026-07-09 11:43:43,V024,140.0,0.9726561242337725
2026-07-09,2026-07-09 11:43:44,V024,140.0,0.9717167309049993
2026-07-09,2026-07-09 11:43:45,V024,140.0,1.0210157909026367
2026-07-09,2026-07-09 11:43:46,V024,139.0,0.9598671211616163
2026-07-09,2026-07-09 11:43:47,V024,139.0,0.9890999465775083
2026-07-09,2026-07-09 11:43:48,V024,138.0,0.989255492615524
2026-07-09,2026-07-09 11:43:49,V024,137.0,0.9686828785295853
2026-07-09,2026-07-09 11:43:50,V024,136.0,0.9485054174547523
2026-07-09,2026-07-09 11:43:51,V024,136.0,0.9537378514385196
2026-07-09,2026-07-09 11:43:52,V024,135.0,0.9900847707383129
2026-07-09,2026-07-09 11:43:53,V024,135.0,0.9511446632693846
2026-07-09,2026-07-09 11:43:54,V024,134.0,1.0707973454019084
2026-07-09,2026-07-09 11:43:55,V024,134.0,1.0557170336318993
2026-07-09,2026-07-09 11:43:56,V024,133.0,1.0015794865164214
2026-07-09,2026-07-09 11:43:57,V024,132.0,0.9754511494563308
2026-07-09,2026-07-09 11:43:58,V024,132.0,0.987365462080315
2026-07-09,2026-07-09 11:43:59,V024,131.0,0.9948229003549753
2026-07-09,2026-07-09 11:44:00,V024,130.0,1.0552416174416346
2026-07-09,2026-07-09 11:44:01,V024,130.0,0.9798702795723926
2026-07-09,2026-07-09 11:44:02,V024,131.0,1.0062259252104742
2026-07-09,2026-07-09 11:44:03,V024,131.0,1.1234974665358028
2026-07-09,2026-07-09 11:44:04,V024,131.0,0.9461624100156856
2026-07-09,2026-07-09 11:44:05,V024,131.0,0.972294915107466
2026-07-09,2026-07-09 11:44:06,V024,130.0,0.9706138703482764
2026-07-09,2026-07-09 11:44:07,V024,130.0,0.9581657801155009
2026-07-09,2026-07-09 11:44:08,V024,130.0,0.9958864663331034
2026-07-09,2026-07-09 11:44:09,V024,130.0,0.9678917077017665
2026-07-09,2026-07-09 11:44:10,V024,131.0,1.0388948294884868
2026-07-09,2026-07-09 11:44:11,V024,131.0,0.9152142552278152
2026-07-09,2026-07-09 11:44:12,V024,131.0,0.9452648716315045
2026-07-09,2026-07-09 11:44:13,V024,132.0,0.9875075316667292
2026-07-09,2026-07-09 11:44:14,V024,133.0,0.978687995224143
2026-07-09,2026-07-09 11:44:15,V024,133.0,0.9468055674869921
2026-07-09,2026-07-09 11:44:16,V024,133.0,0.9717905869740746
2026-07-09,2026-07-09 11:44:17,V024,133.0,0.9736635022974183
2026-07-09,2026-07-09 11:44:18,V024,133.0,0.9727753125392473
2026-07-09,2026-07-09 11:44:19,V024,132.0,0.9612798591824926
2026-07-09,2026-07-09 11:44:20,V024,131.0,0.9677253854801875
2026-07-09,2026-07-09 11:44:21,V024,131.0,0.9537357227446897
2026-07-09,2026-07-09 11:44:22,V024,130.0,0.9752850156595849
2026-07-09,2026-07-09 11:44:23,V024,130.0,0.9850967596648134
2026-07-09,2026-07-09 11:44:24,V024,130.0,1.0287793246304278
2026-07-09,2026-07-09 11:44:25,V024,130.0,0.9784638727724472
2026-07-09,2026-07-09 11:44:26,V024,130.0,0.9747402659586383
2026-07-09,2026-07-09 11:44:27,V024,131.0,0.9397222073572338
2026-07-09,2026-07-09 11:44:28,V024,131.0,0.9603590234151456
2026-07-09,2026-07-09 11:44:29,V024,131.0,0.9864480518172358
2026-07-09,2026-07-09 11:44:30,V024,132.0,1.0033945087736071
2026-07-09,2026-07-09 11:44:31,V024,132.0,0.9890056216068688
2026-07-09,2026-07-09 11:44:32,V024,132.0,0.9750498458731164
2026-07-09,2026-07-09 11:44:33,V024,132.0,0.9957306337971163
2026-07-09,2026-07-09 11:44:34,V024,132.0,0.9580278659073976
2026-07-09,2026-07-09 11:44:35,V024,132.0,0.9560160247675491
2026-07-09,2026-07-09 11:44:36,V024,132.0,0.9840342700870552
2026-07-09,2026-07-09 11:44:37,V024,132.0,1.0009020218988673
2026-07-09,2026-07-09 11:44:38,V024,131.0,0.9905314378157151
2026-07-09,2026-07-09 11:44:39,V024,131.0,0.9869941317725704
2026-07-09,2026-07-09 11:44:40,V024,131.0,0.9402095249324952
2026-07-09,2026-07-09 11:44:41,V024,131.0,0.9498675901149616
2026-07-09,2026-07-09 11:44:42,V024,131.0,0.9736073223072667
2026-07-09,2026-07-09 11:44:43,V024,131.0,0.9796310795047405
2026-07-09,2026-07-09 11:44:44,V024,131.0,0.9571729061166873
2026-07-09,2026-07-09 11:44:45,V024,131.0,0.959697458862828
2026-07-09,2026-07-09 11:44:46,V024,131.0,0.9334887207311255
2026-07-09,2026-07-09 11:44:47,V024,131.0,0.9580041445159613
2026-07-09,2026-07-09 11:44:48,V024,131.0,0.9969826512389091
2026-07-09,2026-07-09 11:44:49,V024,130.0,0.9713671222694368
2026-07-09,2026-07-09 11:44:50,V024,130.0,0.9233687554245568
2026-07-09,2026-07-09 11:44:51,V024,130.0,0.9588756309512119
2026-07-09,2026-07-09 11:44:52,V024,130.0,0.9998158019511996
2026-07-09,2026-07-09 11:44:53,V024,129.0,0.9774133771058571
2026-07-09,2026-07-09 11:44:54,V024,129.0,0.9856132995802175
2026-07-09,2026-07-09 11:44:55,V024,129.0,0.9486517489216324
2026-07-09,2026-07-09 11:44:56,V024,129.0,1.0101681120661172
2026-07-09,2026-07-09 11:44:57,V024,128.0,1.0365340916128776
2026-07-09,2026-07-09 11:44:58,V024,128.0,1.0012387890653318
2026-07-09,2026-07-09 11:44:59,V024,128.0,0.9517779921100724
2026-07-09,2026-07-09 11:45:00,V024,128.0,0.9726598639454523
2026-07-09,2026-07-09 11:45:01,V024,128.0,0.9985417098838476
2026-07-09,2026-07-09 11:45:02,V024,128.0,1.0011684033900508
2026-07-09,2026-07-09 11:45:03,V024,129.0,1.0270368546347053
2026-07-09,2026-07-09 11:45:04,V024,129.0,1.0583857719957819
2026-07-09,2026-07-09 11:45:05,V024,129.0,1.1369531347537523
2026-07-09,2026-07-09 11:45:06,V024,130.0,1.0802765983284122
2026-07-09,2026-07-09 11:45:07,V024,130.0,1.061643960238578
2026-07-09,2026-07-09 11:45:08,V024,130.0,1.6062253890571836
2026-07-09,2026-07-09 11:45:09,V024,130.0,2.6124909355752854
2026-07-09,2026-07-09 11:45:10,V024,130.0,1.3757931272281128
2026-07-09,2026-07-09 11:45:11,V024,130.0,1.0716285180672078
2026-07-09,2026-07-09 11:45:12,V024,130.0,1.0139405894680715
2026-07-09,2026-07-09 11:45:13,V024,130.0,1.3065747618288026
2026-07-09,2026-07-09 11:45:14,V024,130.0,1.0202144405425537
2026-07-09,2026-07-09 11:45:15,V024,,1.0927265984461816
2026-07-09,2026-07-09 11:45:16,V024,,1.0892956205853093
2026-07-09,2026-07-09 11:45:17,V024,130.0,1.0645520994190698
2026-07-09,2026-07-09 11:45:18,V024,129.0,1.0079047488898776
2026-07-09,2026-07-09 11:45:19,V024,129.0,1.2365494137399
2026-07-09,2026-07-09 11:45:20,V024,129.0,1.1466144579611257
2026-07-09,2026-07-09 11:45:21,V024,129.0,1.0809616811817415
2026-07-09,2026-07-09 11:45:22,V024,129.0,0.9605333554790414
2026-07-09,2026-07-09 11:45:23,V024,129.0,1.10377979606306
2026-07-09,2026-07-09 11:45:24,V024,129.0,1.030218310336937
2026-07-09,2026-07-09 11:45:25,V024,,1.0235754153837229
2026-07-09,2026-07-09 11:45:26,V024,,1.0087885481904946
2026-07-09,2026-07-09 11:45:27,V024,,1.0454133501074767
2026-07-09,2026-07-09 11:45:28,V024,,1.0781713372402781
2026-07-09,2026-07-09 11:45:29,V024,129.0,1.0625637787223374
2026-07-09,2026-07-09 11:45:30,V024,129.0,1.066140043468691
2026-07-09,2026-07-09 11:45:31,V024,129.0,1.066020885771813
2026-07-09,2026-07-09 11:45:32,V024,129.0,1.0948564019316527
2026-07-09,2026-07-09 11:45:33,V024,129.0,1.1228228075909517
2026-07-09,2026-07-09 11:45:34,V024,130.0,1.0646254302226446
2026-07-09,2026-07-09 11:45:35,V024,,1.1536974200496828
2026-07-09,2026-07-09 11:45:36,V024,,1.0386007634211507
2026-07-09,2026-07-09 11:45:37,V024,,1.0620108075989119
2026-07-09,2026-07-09 11:45:38,V024,,1.0177438371200214
2026-07-09,2026-07-09 11:45:39,V024,,1.0636065390385747
2026-07-09,2026-07-09 11:45:40,V024,,1.248356994573588
2026-07-09,2026-07-09 11:45:41,V024,,1.0009824622328902
2026-07-09,2026-07-09 11:45:42,V024,,1.0755870575746638
2026-07-09,2026-07-09 11:45:43,V024,,0.9990569148229289
2026-07-09,2026-07-09 11:45:44,V024,,0.9817503661264473
2026-07-09,2026-07-09 11:45:45,V024,,1.080142398292738
2026-07-09,2026-07-09 11:45:46,V024,,1.0699548614992007
2026-07-09,2026-07-09 11:45:47,V024,,1.0204146707858672
2026-07-09,2026-07-09 11:45:48,V024,,0.9604994835219558
2026-07-09,2026-07-09 11:45:49,V024,,1.1045403128249867
2026-07-09,2026-07-09 11:45:50,V024,,1.0383895585590859
2026-07-09,2026-07-09 11:45:51,V024,,1.1115585209877346
2026-07-09,2026-07-09 11:45:52,V024,,1.5264157313287656
2026-07-09,2026-07-09 11:45:53,V024,,1.009401744366134
2026-07-09,2026-07-09 11:45:54,V024,,0.9956825109059291
2026-07-09,2026-07-09 11:45:55,V024,,1.0080242483095911
2026-07-09,2026-07-09 11:45:56,V024,,1.0168099631811014
2026-07-09,2026-07-09 11:45:57,V024,,1.0093450640833914
2026-07-09,2026-07-09 11:45:58,V024,,1.0087963738658672
2026-07-09,2026-07-09 11:45:59,V024,,1.0093331276810837
2026-07-09,2026-07-09 11:46:00,V024,,1.0042858258375789
2026-07-09,2026-07-09 11:46:01,V024,,1.0091843241381575
2026-07-09,2026-07-09 11:46:02,V024,,1.010657610089531
2026-07-09,2026-07-09 11:46:03,V024,,1.0080269037723508
2026-07-09,2026-07-09 11:46:04,V024,,1.0096411958119982
2026-07-09,2026-07-09 11:46:05,V024,,1.0099220482981133
2026-07-09,2026-07-09 11:46:06,V024,,1.0097990884540218
2026-07-09,2026-07-09 11:46:07,V024,,1.010023254204869
2026-07-09,2026-07-09 11:46:08,V024,,1.003913521046012
2026-07-09,2026-07-09 11:46:09,V024,,1.0093001562276018
2026-07-09,2026-07-09 11:46:10,V024,,1.0094649307653503
2026-07-09,2026-07-09 11:46:11,V024,,1.0158204522640195
2026-07-09,2026-07-09 11:46:12,V024,,1.0092472688928689
2026-07-09,2026-07-09 11:46:13,V024,,1.009402002505058
2026-07-09,2026-07-09 11:46:14,V024,,1.0098561474619214
2026-07-09,2026-07-09 11:46:15,V024,,1.0333511030600893
2026-07-09,2026-07-09 11:46:16,V024,,1.0180613314951492
2026-07-09,2026-07-09 11:46:17,V024,,1.00610510814323
2026-07-09,2026-07-09 11:46:18,V024,,1.0097637458601005
2026-07-09,2026-07-09 11:46:19,V024,,1.009248349712982
2026-07-09,2026-07-09 11:46:20,V024,,1.009377691462196
2026-07-09,2026-07-09 11:46:21,V024,,1.0087416393530824
2026-07-09,2026-07-09 11:46:22,V024,,1.009189002729306
2026-07-09,2026-07-09 11:46:23,V024,,1.009654266222313
2026-07-09,2026-07-09 11:46:24,V024,,1.0097424637599808
2026-07-09,2026-07-09 11:46:25,V024,,1.0088104454297377
2026-07-09,2026-07-09 11:46:26,V024,,1.0096414357688615
2026-07-09,2026-07-09 11:46:27,V024,,1.0097095288278009
2026-07-09,2026-07-09 11:46:28,V024,,1.009549721161744
2026-07-09,2026-07-09 11:46:29,V024,,1.009455226398214
2026-07-09,2026-07-09 11:46:30,V024,,1.0099152372656037
2026-07-09,2026-07-09 11:46:31,V024,,1.0094443166505807
2026-07-09,2026-07-09 11:46:32,V024,,1.0102870978734586
2026-07-09,2026-07-09 11:46:33,V024,,1.0097527223061926
2026-07-09,2026-07-09 11:46:34,V024,,1.0098027668065759
2026-07-09,2026-07-09 11:46:35,V024,,1.0102324179344644
2026-07-09,2026-07-09 11:46:36,V024,,1.009539268960766
2026-07-09,2026-07-09 11:46:37,V024,,1.00973694537048
2026-07-09,2026-07-09 11:46:38,V024,,1.009209399172991
2026-07-09,2026-07-09 11:46:39,V024,,1.0094279977125156
2026-07-09,2026-07-09 11:46:40,V024,,1.009470604482711
2026-07-09,2026-07-09 11:46:41,V024,,1.009380313310567
2026-07-09,2026-07-09 11:46:42,V024,,1.009302542946561
2026-07-09,2026-07-09 11:46:43,V024,,1.0100444000038256
2026-07-09,2026-07-09 11:46:44,V024,,1.010140089837285
2026-07-09,2026-07-09 11:46:45,V024,,1.0099833581401116
2026-07-09,2026-07-09 11:46:46,V024,,1.0098872831241985
2026-07-09,2026-07-09 11:46:47,V024,,1.0095297645239245
2026-07-09,2026-07-09 11:46:48,V024,,1.0103916654922618
2026-07-09,2026-07-09 11:46:49,V024,,1.0095788342244556
2026-07-09,2026-07-09 11:46:50,V024,,1.0093448662104643
2026-07-09,2026-07-09 11:46:51,V024,,1.0093480751070572
2026-07-09,2026-07-09 11:46:52,V024,,1.009706693554633
2026-07-09,2026-07-09 11:46:53,V024,,1.0093839778786113
2026-07-09,2026-07-09 11:46:54,V024,,1.0094115088581974
2026-07-09,2026-07-09 11:46:55,V024,,1.0096243522485855
2026-07-09,2026-07-09 11:46:56,V024,,1.00549828236843
2026-07-09,2026-07-09 11:46:57,V024,,1.0215049680067314
2026-07-09,2026-07-09 11:46:58,V024,,1.0023938851458354
2026-07-09,2026-07-09 11:46:59,V024,,1.0114275118549816
2026-07-09,2026-07-09 11:47:00,V024,,1.0124119376467806
2026-07-09,2026-07-09 11:47:01,V024,,1.0100439020034762
2026-07-09,2026-07-09 11:47:02,V024,,1.009801706457788
2026-07-09,2026-07-09 11:47:03,V024,,1.010105858076936
2026-07-09,2026-07-09 11:47:04,V024,,1.0485858543930509
2026-07-09,2026-07-09 11:47:05,V024,,1.0057282853331233
2026-07-09,2026-07-09 11:47:06,V024,,1.0105786859616799
2026-07-09,2026-07-09 11:47:07,V024,,1.0100677141939818
2026-07-09,2026-07-09 11:47:08,V024,,0.9990919906711598
2026-07-09,2026-07-09 11:47:09,V024,,1.01074082580183
2026-07-09,2026-07-09 11:47:10,V024,,1.010083611759759
2026-07-09,2026-07-09 11:47:11,V024,,1.0100778068421974
2026-07-09,2026-07-09 11:47:12,V024,,1.0277752404042653
2026-07-09,2026-07-09 11:47:13,V024,,1.0031826345573929
2026-07-09,2026-07-09 11:47:14,V024,,0.999966402349896
2026-07-09,2026-07-09 11:47:15,V024,,1.0147728705618666
2026-07-09,2026-07-09 11:47:16,V024,,1.0013763539382607
2026-07-09,2026-07-09 11:47:17,V024,,1.0098056522174077
2026-07-09,2026-07-09 11:47:18,V024,,1.0099127917308677
2026-07-09,2026-07-09 11:47:19,V024,,1.0084852823779025
2026-07-09,2026-07-09 11:47:20,V024,,1.001870197297603
2026-07-09,2026-07-09 11:47:21,V024,,1.0304037598734572
2026-07-09,2026-07-09 11:47:22,V024,,1.0197710145310124
2026-07-09,2026-07-09 11:47:23,V024,,1.0412651804073982
2026-07-09,2026-07-09 11:47:24,V024,,0.9905961527112149
2026-07-09,2026-07-09 11:47:25,V024,,1.0034923094712243
2026-07-09,2026-07-09 11:47:26,V024,,1.0301466622748596
2026-07-09,2026-07-09 11:47:27,V024,,1.0092294695369157
2026-07-09,2026-07-09 11:47:28,V024,,1.0090442562078592
2026-07-09,2026-07-09 11:47:29,V024,,1.0096390324834879
2026-07-09,2026-07-09 11:47:30,V024,,1.0090176557677666
2026-07-09,2026-07-09 11:47:31,V024,,1.008773848276029
2026-07-09,2026-07-09 11:47:32,V024,,1.0496156552679499
2026-07-09,2026-07-09 11:47:33,V024,,1.009110007675029
2026-07-09,2026-07-09 11:47:34,V024,,1.012111579866238
2026-07-09,2026-07-09 11:47:35,V024,,1.2104663288979378
2026-07-09,2026-07-09 11:47:36,V024,,0.8775002231768232
2026-07-09,2026-07-09 11:47:37,V024,,1.0269284716812663
2026-07-09,2026-07-09 11:47:38,V024,,0.9926722754693001
2026-07-09,2026-07-09 11:47:39,V024,,1.0027066082396956
2026-07-09,2026-07-09 11:47:40,V024,,1.3044841511203455
2026-07-09,2026-07-09 11:47:41,V024,,1.0333544830293853
2026-07-09,2026-07-09 11:47:42,V024,,1.0327319183608883
2026-07-09,2026-07-09 11:47:43,V024,,1.026784559386545
2026-07-09,2026-07-09 11:47:44,V024,,1.0705007641119997
2026-07-09,2026-07-09 11:47:45,V024,,1.0289434311596102
2026-07-09,2026-07-09 11:47:46,V024,,1.0694451203607447
2026-07-09,2026-07-09 11:47:47,V024,129.0,1.0360299794332175
2026-07-09,2026-07-09 11:47:48,V024,129.0,1.0357809629311772
2026-07-09,2026-07-09 11:47:49,V024,129.0,1.0357351018994856
2026-07-09,2026-07-09 11:47:50,V024,129.0,1.034735644279718
2026-07-09,2026-07-09 11:47:51,V024,,1.0351782736219688
2026-07-09,2026-07-09 11:47:52,V024,,1.035714455594142
2026-07-09,2026-07-09 11:47:53,V024,,1.0350232883465436
2026-07-09,2026-07-09 11:47:54,V024,,1.0354220146030229
2026-07-09,2026-07-09 11:47:55,V024,,1.0350972703342474
2026-07-09,2026-07-09 11:47:56,V024,,1.0352526464755736
2026-07-09,2026-07-09 11:47:57,V024,,1.0349834567085898
2026-07-09,2026-07-09 11:47:58,V024,,1.035979641146042
2026-07-09,2026-07-09 11:47:59,V024,128.0,1.0353364810517465
2026-07-09,2026-07-09 11:48:00,V024,127.0,1.035203491055869
2026-07-09,2026-07-09 11:48:01,V024,,1.0349511419001731
2026-07-09,2026-07-09 11:48:02,V024,,1.0350712672022586
2026-07-09,2026-07-09 11:48:03,V024,,1.0352630036824864
2026-07-09,2026-07-09 11:48:04,V024,,1.0352145388937168
2026-07-09,2026-07-09 11:48:05,V024,,1.035225716671375
2026-07-09,2026-07-09 11:48:06,V024,,1.0350797788451853
2026-07-09,2026-07-09 11:48:07,V024,,1.0350437403582118
2026-07-09,2026-07-09 11:48:08,V024,,1.035302169598676
2026-07-09,2026-07-09 11:48:09,V024,,1.035127974796118
2026-07-09,2026-07-09 11:48:10,V024,,1.0351775978098767
2026-07-09,2026-07-09 11:48:11,V024,,1.0344761128298223
2026-07-09,2026-07-09 11:48:12,V024,,1.0350333363794901
2026-07-09,2026-07-09 11:48:13,V024,,1.034904694637353
2026-07-09,2026-07-09 11:48:14,V024,,1.035205469441074
2026-07-09,2026-07-09 11:48:15,V024,,1.034864379695575
2026-07-09,2026-07-09 11:48:16,V024,,1.0349080035411962
2026-07-09,2026-07-09 11:48:17,V024,,1.0358109763742045
2026-07-09,2026-07-09 11:48:18,V024,,1.0348123692664752
2026-07-09,2026-07-09 11:48:19,V024,,1.0349228692522303
2026-07-09,2026-07-09 11:48:20,V024,,1.0348835762160389
2026-07-09,2026-07-09 11:48:21,V024,,1.0347688996272866
2026-07-09,2026-07-09 11:48:22,V024,,1.0354916856042589
2026-07-09,2026-07-09 11:48:23,V024,,1.0349535311663063
2026-07-09,2026-07-09 11:48:24,V024,,1.0346311944895543
2026-07-09,2026-07-09 11:48:25,V024,,1.0347861052686709
2026-07-09,2026-07-09 11:48:26,V024,,1.0346099902396806
2026-07-09,2026-07-09 11:48:27,V024,,1.03508972608585
2026-07-09,2026-07-09 11:48:28,V024,,1.0351513949006974
2026-07-09,2026-07-09 11:48:29,V024,,1.0348859201614202
2026-07-09,2026-07-09 11:48:30,V024,,1.0358043983923635
2026-07-09,2026-07-09 11:48:31,V024,,1.0353084877543193
2026-07-09,2026-07-09 11:48:32,V024,,1.0348219611290859
2026-07-09,2026-07-09 11:48:33,V024,,1.034964020305838
2026-07-09,2026-07-09 11:48:34,V024,,1.0350791586927148
2026-07-09,2026-07-09 11:48:35,V024,,1.0346926031369037
2026-07-09,2026-07-09 11:48:36,V024,,1.0351515765191945
2026-07-09,2026-07-09 11:48:37,V024,,1.035021808454103
2026-07-09,2026-07-09 11:48:38,V024,,1.0347732652943193
2026-07-09,2026-07-09 11:48:39,V024,,1.0351216459179502
2026-07-09,2026-07-09 11:48:40,V024,,1.0351752120700677
2026-07-09,2026-07-09 11:48:41,V024,,1.0352986375854525
2026-07-09,2026-07-09 11:48:42,V024,,1.0350942314830978
2026-07-09,2026-07-09 11:48:43,V024,,1.034924152298716
2026-07-09,2026-07-09 11:48:44,V024,,1.0345875483554303
2026-07-09,2026-07-09 11:48:45,V024,,1.0346474397157361
2026-07-09,2026-07-09 11:48:46,V024,,1.0348196792370552
2026-07-09,2026-07-09 11:48:47,V024,,1.034581904712235
2026-07-09,2026-07-09 11:48:48,V024,,1.0349374004736624
2026-07-09,2026-07-09 11:48:49,V024,,1.034757688572773
2026-07-09,2026-07-09 11:48:50,V024,,1.034559883011165
2026-07-09,2026-07-09 11:48:51,V024,,1.035648956880616
2026-07-09,2026-07-09 11:48:52,V024,,1.0349289491789728
2026-07-09,2026-07-09 11:48:53,V024,,1.0352292477007796
2026-07-09,2026-07-09 11:48:54,V024,,1.035014258525251
2026-07-09,2026-07-09 11:48:55,V024,,1.0353391987343643
2026-07-09,2026-07-09 11:48:56,V024,,1.0350017016802955
2026-07-09,2026-07-09 11:48:57,V024,,1.034485132366701
2026-07-09,2026-07-09 11:48:58,V024,,1.0350931117155584
2026-07-09,2026-07-09 11:48:59,V024,,1.034940090759591
2026-07-09,2026-07-09 11:49:00,V024,,1.0351569182549216
2026-07-09,2026-07-09 11:49:01,V024,,1.034948168426839
2026-07-09,2026-07-09 11:49:02,V024,,1.0347819634860633
2026-07-09,2026-07-09 11:49:03,V024,,1.0355278931386167
2026-07-09,2026-07-09 11:49:04,V024,,1.0345515293252316
2026-07-09,2026-07-09 11:49:05,V024,,1.0346139037307402
2026-07-09,2026-07-09 11:49:06,V024,,1.03491508763592
2026-07-09,2026-07-09 11:49:07,V024,,1.034605881382138
2026-07-09,2026-07-09 11:49:08,V024,,1.0346315167118294
2026-07-09,2026-07-09 11:49:09,V024,,1.0351052588930036
2026-07-09,2026-07-09 11:49:10,V024,,1.0348383307785123
2026-07-09,2026-07-09 11:49:11,V024,,1.0345433847966152
2026-07-09,2026-07-09 11:49:12,V024,,1.0348584928167328
2026-07-09,2026-07-09 11:49:13,V024,,1.0348583776889928
2026-07-09,2026-07-09 11:49:14,V024,,1.035195743437564
2026-07-09,2026-07-09 11:49:15,V024,,1.0352696254945846
2026-07-09,2026-07-09 11:49:16,V024,,1.0345206137508416
2026-07-09,2026-07-09 11:49:17,V024,,1.0347749059510312
2026-07-09,2026-07-09 11:49:18,V024,,1.0347064590811257
2026-07-09,2026-07-09 11:49:19,V024,,1.0347681480299284
2026-07-09,2026-07-09 11:49:20,V024,,1.0343969554693413
2026-07-09,2026-07-09 11:49:21,V024,,1.0350830172853178
2026-07-09,2026-07-09 11:49:22,V024,,1.0344875340125819
2026-07-09,2026-07-09 11:49:23,V024,,1.0348395922782396
2026-07-09,2026-07-09 11:49:24,V024,,1.0347438777373503
2026-07-09,2026-07-09 11:49:25,V024,,1.0348700515151086
2026-07-09,2026-07-09 11:49:26,V024,,1.0345885853613583
2026-07-09,2026-07-09 11:49:27,V024,,1.0349270928114647
2026-07-09,2026-07-09 11:49:28,V024,,1.0346051663553444
2026-07-09,2026-07-09 11:49:29,V024,,1.034293525765042
2026-07-09,2026-07-09 11:49:30,V024,,1.0346476631918573
2026-07-09,2026-07-09 11:49:31,V024,,1.034724606333754
2026-07-09,2026-07-09 11:49:32,V024,,1.0343423284845936
2026-07-09,2026-07-09 11:49:33,V024,,1.0348183124932027
2026-07-09,2026-07-09 11:49:34,V024,,1.0353691279028647
2026-07-09,2026-07-09 11:49:35,V024,,1.0347324779695288
2026-07-09,2026-07-09 11:49:36,V024,,1.034485860628357
2026-07-09,2026-07-09 11:49:37,V024,,1.0343540229151837
2026-07-09,2026-07-09 11:49:38,V024,,1.0341742847589825
2026-07-09,2026-07-09 11:49:39,V024,,1.034509302430944
2026-07-09,2026-07-09 11:49:40,V024,,1.0350729411817527
2026-07-09,2026-07-09 11:49:41,V024,,1.0351501226420685
2026-07-09,2026-07-09 11:49:42,V024,,1.0345473903076856
2026-07-09,2026-07-09 11:49:43,V024,,1.0346724551133122
2026-07-09,2026-07-09 11:49:44,V024,,1.0350999549346858
2026-07-09,2026-07-09 11:49:45,V024,,1.0349145947466913
2026-07-09,2026-07-09 11:49:46,V024,,1.0351408648668048
2026-07-09,2026-07-09 11:49:47,V024,,1.0349455148060447
2026-07-09,2026-07-09 11:49:48,V024,,1.0347095285747585
2026-07-09,2026-07-09 11:49:49,V024,,1.034617155897505
2026-07-09,2026-07-09 11:49:50,V024,,1.0348924248228515
2026-07-09,2026-07-09 11:49:51,V024,,1.0348202705044642
2026-07-09,2026-07-09 11:49:52,V024,,1.0348649054553196
2026-07-09,2026-07-09 11:49:53,V024,,1.0347628848798889
2026-07-09,2026-07-09 11:49:54,V024,,1.034362547922412
2026-07-09,2026-07-09 11:49:55,V024,,1.0350421301732102
2026-07-09,2026-07-09 11:49:56,V024,,1.0347447554366465
2026-07-09,2026-07-09 11:49:57,V024,,1.0346848963909079
2026-07-09,2026-07-09 11:49:58,V024,,1.0352865391774304
2026-07-09,2026-07-09 11:49:59,V024,,1.0341517805756613
