Date,Timestamp,SensorID,HeartRate,AccNorm
2026-07-09,2026-07-09 10:40:00,V019,92.0,1.0208186793122174
2026-07-09,2026-07-09 10:40:01,V019,93.0,1.0229364737570956
2026-07-09,2026-07-09 10:40:02,V019,93.0,1.0210185598133528
2026-07-09,2026-07-09 10:40:03,V019,93.0,1.0191790495376285
2026-07-09,2026-07-09 10:40:04,V019,92.0,1.022207159937942
2026-07-09,2026-07-09 10:40:05,V019,91.0,1.020903812999959
2026-07-09,2026-07-09 10:40:06,V019,89.0,1.0235175261041112
2026-07-09,2026-07-09 10:40:07,V019,88.0,1.0258511696327801
2026-07-09,2026-07-09 10:40:08,V019,88.0,1.0208101440947774
2026-07-09,2026-07-09 10:40:09,V019,86.0,1.016949791264798
2026-07-09,2026-07-09 10:40:10,V019,85.0,1.0205606634383928
2026-07-09,2026-07-09 10:40:11,V019,85.0,1.021002956226732
2026-07-09,2026-07-09 10:40:12,V019,85.0,1.0237695961288682
2026-07-09,2026-07-09 10:40:13,V019,85.0,1.0123948300842927
2026-07-09,2026-07-09 10:40:14,V019,85.0,1.0225262955037557
2026-07-09,2026-07-09 10:40:15,V019,86.0,1.0121134096662476
2026-07-09,2026-07-09 10:40:16,V019,86.0,1.01397452167449
2026-07-09,2026-07-09 10:40:17,V019,86.0,1.0173535540904344
2026-07-09,2026-07-09 10:40:18,V019,86.0,1.0300000409538068
2026-07-09,2026-07-09 10:40:19,V019,86.0,1.0214222012853749
2026-07-09,2026-07-09 10:40:20,V019,86.0,1.024711360459567
2026-07-09,2026-07-09 10:40:21,V019,87.0,1.0333901084816994
2026-07-09,2026-07-09 10:40:22,V019,87.0,1.0176884588810644
2026-07-09,2026-07-09 10:40:23,V019,88.0,1.017123399137352
2026-07-09,2026-07-09 10:40:24,V019,88.0,1.018781658027157
2026-07-09,2026-07-09 10:40:25,V019,88.0,1.0133905897167959
2026-07-09,2026-07-09 10:40:26,V019,88.0,1.0138010424320893
2026-07-09,2026-07-09 10:40:27,V019,89.0,1.0222322541634552
2026-07-09,2026-07-09 10:40:28,V019,89.0,1.0200593790547305
2026-07-09,2026-07-09 10:40:29,V019,89.0,1.0220290928876994
2026-07-09,2026-07-09 10:40:30,V019,90.0,1.0168053669034884
2026-07-09,2026-07-09 10:40:31,V019,90.0,1.0161239070191064
2026-07-09,2026-07-09 10:40:32,V019,90.0,1.0151102562722352
2026-07-09,2026-07-09 10:40:33,V019,89.0,1.0184697434634955
2026-07-09,2026-07-09 10:40:34,V019,89.0,1.0224301291812006
2026-07-09,2026-07-09 10:40:35,V019,88.0,1.02274770898358
2026-07-09,2026-07-09 10:40:36,V019,88.0,1.0201386885246682
2026-07-09,2026-07-09 10:40:37,V019,89.0,1.0182704183124123
2026-07-09,2026-07-09 10:40:38,V019,89.0,1.0212583747431432
2026-07-09,2026-07-09 10:40:39,V019,90.0,1.0197865009393654
2026-07-09,2026-07-09 10:40:40,V019,90.0,1.0180653022530182
2026-07-09,2026-07-09 10:40:41,V019,89.0,1.0192562539827792
2026-07-09,2026-07-09 10:40:42,V019,89.0,1.019410503165117
2026-07-09,2026-07-09 10:40:43,V019,88.0,1.018832743183602
2026-07-09,2026-07-09 10:40:44,V019,87.0,1.0203358098301702
2026-07-09,2026-07-09 10:40:45,V019,86.0,1.01890636331421
2026-07-09,2026-07-09 10:40:46,V019,85.0,1.0199210087321735
2026-07-09,2026-07-09 10:40:47,V019,85.0,1.019704131178782
2026-07-09,2026-07-09 10:40:48,V019,85.0,1.017992106938136
2026-07-09,2026-07-09 10:40:49,V019,85.0,1.012951681156041
2026-07-09,2026-07-09 10:40:50,V019,85.0,1.0372444923401576
2026-07-09,2026-07-09 10:40:51,V019,85.0,1.0068590371688846
2026-07-09,2026-07-09 10:40:52,V019,85.0,1.0367505931368381
2026-07-09,2026-07-09 10:40:53,V019,86.0,1.0239440233662398
2026-07-09,2026-07-09 10:40:54,V019,87.0,1.0208606459881024
2026-07-09,2026-07-09 10:40:55,V019,87.0,1.021247902295286
2026-07-09,2026-07-09 10:40:56,V019,87.0,1.0295298299070648
2026-07-09,2026-07-09 10:40:57,V019,88.0,1.017970698885547
2026-07-09,2026-07-09 10:40:58,V019,89.0,1.0242173053292194
2026-07-09,2026-07-09 10:40:59,V019,90.0,1.0085627396698276
2026-07-09,2026-07-09 10:41:00,V019,90.0,1.0486083076858377
2026-07-09,2026-07-09 10:41:01,V019,90.0,0.9973299793438409
2026-07-09,2026-07-09 10:41:02,V019,91.0,1.0536377272709063
2026-07-09,2026-07-09 10:41:03,V019,91.0,1.0326443141645576
2026-07-09,2026-07-09 10:41:04,V019,91.0,1.0155806166490884
2026-07-09,2026-07-09 10:41:05,V019,91.0,1.0954187748456468
2026-07-09,2026-07-09 10:41:06,V019,90.0,1.0216480020517906
2026-07-09,2026-07-09 10:41:07,V019,90.0,1.0286039490973404
2026-07-09,2026-07-09 10:41:08,V019,90.0,1.1049667456375691
2026-07-09,2026-07-09 10:41:09,V019,88.0,1.0504325142687998
2026-07-09,2026-07-09 10:41:10,V019,86.0,1.0560220345206535
2026-07-09,2026-07-09 10:41:11,V019,86.0,1.0621612642869143
2026-07-09,2026-07-09 10:41:12,V019,84.0,1.075683422993919
2026-07-09,2026-07-09 10:41:13,V019,84.0,1.0137292533828044
2026-07-09,2026-07-09 10:41:14,V019,83.0,1.0224773713381183
2026-07-09,2026-07-09 10:41:15,V019,83.0,1.0077075053899074
2026-07-09,2026-07-09 10:41:16,V019,83.0,1.0356767731963636
2026-07-09,2026-07-09 10:41:17,V019,82.0,1.0111271986585735
2026-07-09,2026-07-09 10:41:18,V019,82.0,1.0468697373658256
2026-07-09,2026-07-09 10:41:19,V019,82.0,1.0709148492538065
2026-07-09,2026-07-09 10:41:20,V019,83.0,1.0374324149295897
2026-07-09,2026-07-09 10:41:21,V019,83.0,1.0983858540887685
2026-07-09,2026-07-09 10:41:22,V019,84.0,1.021088940253088
2026-07-09,2026-07-09 10:41:23,V019,84.0,1.0296297819656837
2026-07-09,2026-07-09 10:41:24,V019,84.0,1.053692941802046
2026-07-09,2026-07-09 10:41:25,V019,85.0,1.071901107152385
2026-07-09,2026-07-09 10:41:26,V019,85.0,1.2820846093485776
2026-07-09,2026-07-09 10:41:27,V019,85.0,1.020041723784898
2026-07-09,2026-07-09 10:41:28,V019,84.0,1.0828116047067686
2026-07-09,2026-07-09 10:41:29,V019,84.0,0.9878367432428169
2026-07-09,2026-07-09 10:41:30,V019,84.0,1.0251368160900498
2026-07-09,2026-07-09 10:41:31,V019,85.0,1.2136484673941257
2026-07-09,2026-07-09 10:41:32,V019,85.0,1.0266533142136978
2026-07-09,2026-07-09 10:41:33,V019,85.0,1.0180249098009972
2026-07-09,2026-07-09 10:41:34,V019,86.0,1.0527665945320661
2026-07-09,2026-07-09 10:41:35,V019,86.0,1.105921303371194
2026-07-09,2026-07-09 10:41:36,V019,86.0,1.1316397215548535
2026-07-09,2026-07-09 10:41:37,V019,86.0,1.028686752176698
2026-07-09,2026-07-09 10:41:38,V019,86.0,0.9535728811111157
2026-07-09,2026-07-09 10:41:39,V019,86.0,1.3956706072251768
2026-07-09,2026-07-09 10:41:40,V019,86.0,1.1649531917252558
2026-07-09,2026-07-09 10:41:41,V019,87.0,1.188680709499572
2026-07-09,2026-07-09 10:41:42,V019,87.0,1.1457357280871578
2026-07-09,2026-07-09 10:41:43,V019,87.0,1.1588387815947223
2026-07-09,2026-07-09 10:41:44,V019,88.0,1.279575152179947
2026-07-09,2026-07-09 10:41:45,V019,89.0,1.1573053199176202
2026-07-09,2026-07-09 10:41:46,V019,90.0,1.0617837266181906
2026-07-09,2026-07-09 10:41:47,V019,90.0,1.0588765130122462
2026-07-09,2026-07-09 10:41:48,V019,90.0,1.2645820083275134
2026-07-09,2026-07-09 10:41:49,V019,91.0,1.05747181817515
2026-07-09,2026-07-09 10:41:50,V019,92.0,0.9878690664572463
2026-07-09,2026-07-09 10:41:51,V019,93.0,1.3178073727437996
2026-07-09,2026-07-09 10:41:52,V019,96.0,1.505242463755109
2026-07-09,2026-07-09 10:41:53,V019,98.0,1.5128716333775631
2026-07-09,2026-07-09 10:41:54,V019,100.0,1.3777721849078353
2026-07-09,2026-07-09 10:41:55,V019,102.0,1.1970443563682558
2026-07-09,2026-07-09 10:41:56,V019,102.0,1.1476730891583034
2026-07-09,2026-07-09 10:41:57,V019,103.0,1.2131506059031456
2026-07-09,2026-07-09 10:41:58,V019,106.0,1.0096867774463594
2026-07-09,2026-07-09 10:41:59,V019,107.0,1.2524924242374231
2026-07-09,2026-07-09 10:42:00,V019,109.0,0.9681994225911875
2026-07-09,2026-07-09 10:42:01,V019,110.0,1.029552533790541
2026-07-09,2026-07-09 10:42:02,V019,110.0,1.0787497301354345
2026-07-09,2026-07-09 10:42:03,V019,111.0,1.0351533878723633
2026-07-09,2026-07-09 10:42:04,V019,112.0,1.0571307325507981
2026-07-09,2026-07-09 10:42:05,V019,113.0,1.33110464031494
2026-07-09,2026-07-09 10:42:06,V019,114.0,1.0586938170780542
2026-07-09,2026-07-09 10:42:07,V019,115.0,1.0470626448531044
2026-07-09,2026-07-09 10:42:08,V019,117.0,1.157018191187608
2026-07-09,2026-07-09 10:42:09,V019,118.0,1.3391982770148776
2026-07-09,2026-07-09 10:42:10,V019,118.0,1.3330011954933678
2026-07-09,2026-07-09 10:42:11,V019,119.0,1.2638762661932585
2026-07-09,2026-07-09 10:42:12,V019,119.0,1.0431007113415538
2026-07-09,2026-07-09 10:42:13,V019,119.0,1.0553588406733325
2026-07-09,2026-07-09 10:42:14,V019,119.0,1.0826793067921312
2026-07-09,2026-07-09 10:42:15,V019,119.0,1.074910779611731
2026-07-09,2026-07-09 10:42:16,V019,119.0,1.0803431906309569
2026-07-09,2026-07-09 10:42:17,V019,119.0,1.0136504274626255
2026-07-09,2026-07-09 10:42:18,V019,119.0,1.0227887411768015
2026-07-09,2026-07-09 10:42:19,V019,119.0,1.307697131667729
2026-07-09,2026-07-09 10:42:20,V019,119.0,1.2747619345629628
2026-07-09,2026-07-09 10:42:21,V019,119.0,1.1241892974668561
2026-07-09,2026-07-09 10:42:22,V019,119.0,1.0588021788786663
2026-07-09,2026-07-09 10:42:23,V019,119.0,1.0131845804577113
2026-07-09,2026-07-09 10:42:24,V019,119.0,1.0188099844835137
2026-07-09,2026-07-09 10:42:25,V019,118.0,1.063734263177683
2026-07-09,2026-07-09 10:42:26,V019,118.0,1.0306999746837968
2026-07-09,2026-07-09 10:42:27,V019,118.0,1.049342318174765
2026-07-09,2026-07-09 10:42:28,V019,118.0,1.018497149657551
2026-07-09,2026-07-09 10:42:29,V019,118.0,1.0276156304428632
2026-07-09,2026-07-09 10:42:30,V019,118.0,1.0301321105086558
2026-07-09,2026-07-09 10:42:31,V019,118.0,1.027362630465124
2026-07-09,2026-07-09 10:42:32,V019,117.0,1.043383490546941
2026-07-09,2026-07-09 10:42:33,V019,117.0,1.034492997273683
2026-07-09,2026-07-09 10:42:34,V019,117.0,1.0132799196590505
2026-07-09,2026-07-09 10:42:35,V019,116.0,1.0333957810129621
2026-07-09,2026-07-09 10:42:36,V019,116.0,1.050981522248264
2026-07-09,2026-07-09 10:42:37,V019,116.0,1.0136549510616484
2026-07-09,2026-07-09 10:42:38,V019,115.0,1.0559917525613396
2026-07-09,2026-07-09 10:42:39,V019,115.0,1.0316615954310437
2026-07-09,2026-07-09 10:42:40,V019,113.0,1.0498430633071134
2026-07-09,2026-07-09 10:42:41,V019,113.0,0.9936308590783569
2026-07-09,2026-07-09 10:42:42,V019,113.0,1.036735852293562
2026-07-09,2026-07-09 10:42:43,V019,112.0,1.0106359515237828
2026-07-09,2026-07-09 10:42:44,V019,111.0,1.0188405798491273
2026-07-09,2026-07-09 10:42:45,V019,110.0,1.0158675421872398
2026-07-09,2026-07-09 10:42:46,V019,109.0,1.0325493514650725
2026-07-09,2026-07-09 10:42:47,V019,108.0,1.0142805080128539
2026-07-09,2026-07-09 10:42:48,V019,106.0,1.0149326557717067
2026-07-09,2026-07-09 10:42:49,V019,105.0,1.0171303209959504
2026-07-09,2026-07-09 10:42:50,V019,105.0,1.0186909512434656
2026-07-09,2026-07-09 10:42:51,V019,105.0,1.0206703703749
2026-07-09,2026-07-09 10:42:52,V019,106.0,1.0156107562075614
2026-07-09,2026-07-09 10:42:53,V019,107.0,1.0111552510381092
2026-07-09,2026-07-09 10:42:54,V019,107.0,1.013161458793822
2026-07-09,2026-07-09 10:42:55,V019,107.0,1.0183701783146173
2026-07-09,2026-07-09 10:42:56,V019,108.0,1.0281558973806497
2026-07-09,2026-07-09 10:42:57,V019,109.0,1.0114881250947843
2026-07-09,2026-07-09 10:42:58,V019,109.0,1.012134362304175
2026-07-09,2026-07-09 10:42:59,V019,108.0,1.0111051429822562
2026-07-09,2026-07-09 10:43:00,V019,107.0,1.0114080877666594
2026-07-09,2026-07-09 10:43:01,V019,107.0,1.0044266866572589
2026-07-09,2026-07-09 10:43:02,V019,107.0,1.0222198693977969
2026-07-09,2026-07-09 10:43:03,V019,106.0,1.0066282779288753
2026-07-09,2026-07-09 10:43:04,V019,104.0,1.0109736309166268
2026-07-09,2026-07-09 10:43:05,V019,103.0,1.0148852457690225
2026-07-09,2026-07-09 10:43:06,V019,103.0,1.0154241557837913
2026-07-09,2026-07-09 10:43:07,V019,102.0,1.0937086473424953
2026-07-09,2026-07-09 10:43:08,V019,102.0,1.022590352041776
2026-07-09,2026-07-09 10:43:09,V019,100.0,1.0160051388572175
2026-07-09,2026-07-09 10:43:10,V019,99.0,1.0202181995193107
2026-07-09,2026-07-09 10:43:11,V019,97.0,1.0149075961174543
2026-07-09,2026-07-09 10:43:12,V019,94.0,1.022876957435816
2026-07-09,2026-07-09 10:43:13,V019,93.0,1.0085365000080406
2026-07-09,2026-07-09 10:43:14,V019,93.0,1.0253902484261992
2026-07-09,2026-07-09 10:43:15,V019,92.0,1.005608065741072
2026-07-09,2026-07-09 10:43:16,V019,92.0,1.0177331634756581
2026-07-09,2026-07-09 10:43:17,V019,93.0,1.0224914318373857
2026-07-09,2026-07-09 10:43:18,V019,93.0,1.0257462947626317
2026-07-09,2026-07-09 10:43:19,V019,93.0,1.0847631322977274
2026-07-09,2026-07-09 10:43:20,V019,93.0,1.0117695468756611
2026-07-09,2026-07-09 10:43:21,V019,94.0,1.0118858162622635
2026-07-09,2026-07-09 10:43:22,V019,94.0,1.0088443033000927
2026-07-09,2026-07-09 10:43:23,V019,94.0,1.009462468297514
2026-07-09,2026-07-09 10:43:24,V019,93.0,1.0121598176966102
2026-07-09,2026-07-09 10:43:25,V019,93.0,1.0083003622158495
2026-07-09,2026-07-09 10:43:26,V019,93.0,1.014879419091222
2026-07-09,2026-07-09 10:43:27,V019,92.0,1.0131834660107093
2026-07-09,2026-07-09 10:43:28,V019,89.0,1.0107642982940108
2026-07-09,2026-07-09 10:43:29,V019,88.0,1.0170540979154807
2026-07-09,2026-07-09 10:43:30,V019,87.0,1.0137165312929672
2026-07-09,2026-07-09 10:43:31,V019,87.0,1.0139030262567297
2026-07-09,2026-07-09 10:43:32,V019,86.0,1.0279383724215054
2026-07-09,2026-07-09 10:43:33,V019,86.0,1.025353107739399
2026-07-09,2026-07-09 10:43:34,V019,86.0,1.0165521113652025
2026-07-09,2026-07-09 10:43:35,V019,86.0,1.0209468622544875
2026-07-09,2026-07-09 10:43:36,V019,87.0,1.0098197354130964
2026-07-09,2026-07-09 10:43:37,V019,87.0,1.0436956477134947
2026-07-09,2026-07-09 10:43:38,V019,87.0,1.0178358898798492
2026-07-09,2026-07-09 10:43:39,V019,88.0,1.054906479978878
2026-07-09,2026-07-09 10:43:40,V019,89.0,1.014152355276442
2026-07-09,2026-07-09 10:43:41,V019,90.0,1.0237864735124136
2026-07-09,2026-07-09 10:43:42,V019,90.0,1.0066869512910535
2026-07-09,2026-07-09 10:43:43,V019,90.0,1.0263100771676095
2026-07-09,2026-07-09 10:43:44,V019,90.0,1.1162185865919187
2026-07-09,2026-07-09 10:43:45,V019,90.0,1.063468698716172
2026-07-09,2026-07-09 10:43:46,V019,89.0,1.0444921428812997
2026-07-09,2026-07-09 10:43:47,V019,88.0,1.0839250633049582
2026-07-09,2026-07-09 10:43:48,V019,88.0,1.0943141728354833
2026-07-09,2026-07-09 10:43:49,V019,87.0,1.034675288220162
2026-07-09,2026-07-09 10:43:50,V019,87.0,1.0336335320464394
2026-07-09,2026-07-09 10:43:51,V019,88.0,1.0359905385583439
2026-07-09,2026-07-09 10:43:52,V019,88.0,1.0505113110376663
2026-07-09,2026-07-09 10:43:53,V019,89.0,1.0252429408288566
2026-07-09,2026-07-09 10:43:54,V019,88.0,1.0792609401198971
2026-07-09,2026-07-09 10:43:55,V019,88.0,1.0239497783314584
2026-07-09,2026-07-09 10:43:56,V019,88.0,1.0866423966042533
2026-07-09,2026-07-09 10:43:57,V019,88.0,1.0175118240879846
2026-07-09,2026-07-09 10:43:58,V019,88.0,1.2475807712706581
2026-07-09,2026-07-09 10:43:59,V019,88.0,1.1895211832381904
2026-07-09,2026-07-09 10:44:00,V019,86.0,1.227644165519846
2026-07-09,2026-07-09 10:44:01,V019,85.0,1.1043088160216792
2026-07-09,2026-07-09 10:44:02,V019,84.0,1.069542660600879
2026-07-09,2026-07-09 10:44:03,V019,82.0,1.0593748656402442
2026-07-09,2026-07-09 10:44:04,V019,82.0,1.0490569674794055
2026-07-09,2026-07-09 10:44:05,V019,81.0,1.0644260863606374
2026-07-09,2026-07-09 10:44:06,V019,81.0,1.0900709973287452
2026-07-09,2026-07-09 10:44:07,V019,81.0,1.2101281225678666
2026-07-09,2026-07-09 10:44:08,V019,83.0,1.3684006433641436
2026-07-09,2026-07-09 10:44:09,V019,83.0,1.036487500474941
2026-07-09,2026-07-09 10:44:10,V019,84.0,0.9862960074043299
2026-07-09,2026-07-09 10:44:11,V019,85.0,1.0598322084883978
2026-07-09,2026-07-09 10:44:12,V019,86.0,1.1478482073382767
2026-07-09,2026-07-09 10:44:13,V019,88.0,1.27274483187749
2026-07-09,2026-07-09 10:44:14,V019,88.0,1.1710944996589565
2026-07-09,2026-07-09 10:44:15,V019,89.0,1.0392279872213275
2026-07-09,2026-07-09 10:44:16,V019,92.0,1.1970508147999521
2026-07-09,2026-07-09 10:44:17,V019,94.0,1.4227545508416846
2026-07-09,2026-07-09 10:44:18,V019,95.0,1.249264521114087
2026-07-09,2026-07-09 10:44:19,V019,96.0,1.0751771342021974
2026-07-09,2026-07-09 10:44:20,V019,96.0,1.0509013991113048
2026-07-09,2026-07-09 10:44:21,V019,96.0,0.9895428658823167
2026-07-09,2026-07-09 10:44:22,V019,96.0,1.1030891262162656
2026-07-09,2026-07-09 10:44:23,V019,98.0,1.1065322441944652
2026-07-09,2026-07-09 10:44:24,V019,100.0,1.0875845741045582
2026-07-09,2026-07-09 10:44:25,V019,101.0,1.278771149920012
2026-07-09,2026-07-09 10:44:26,V019,102.0,1.490895935114433
2026-07-09,2026-07-09 10:44:27,V019,103.0,0.9514583408171987
2026-07-09,2026-07-09 10:44:28,V019,104.0,1.0878245281472574
2026-07-09,2026-07-09 10:44:29,V019,104.0,1.0706519472678446
2026-07-09,2026-07-09 10:44:30,V019,104.0,0.9938675324473603
2026-07-09,2026-07-09 10:44:31,V019,104.0,1.047621657036454
2026-07-09,2026-07-09 10:44:32,V019,103.0,1.064271697163518
2026-07-09,2026-07-09 10:44:33,V019,103.0,1.0679916984218791
2026-07-09,2026-07-09 10:44:34,V019,102.0,1.1109485436301987
2026-07-09,2026-07-09 10:44:35,V019,102.0,0.9617430921583361
2026-07-09,2026-07-09 10:44:36,V019,102.0,1.215492952893545
2026-07-09,2026-07-09 10:44:37,V019,102.0,0.9457932974520262
2026-07-09,2026-07-09 10:44:38,V019,102.0,1.8419784262928207
2026-07-09,2026-07-09 10:44:39,V019,103.0,1.1692431326518435
2026-07-09,2026-07-09 10:44:40,V019,103.0,1.0791442579983883
2026-07-09,2026-07-09 10:44:41,V019,104.0,1.078358764561354
2026-07-09,2026-07-09 10:44:42,V019,105.0,1.0224867865381337
2026-07-09,2026-07-09 10:44:43,V019,106.0,1.0998366120560443
2026-07-09,2026-07-09 10:44:44,V019,106.0,1.014513499202232
2026-07-09,2026-07-09 10:44:45,V019,107.0,1.0523935686938206
2026-07-09,2026-07-09 10:44:46,V019,108.0,1.0288471002642772
2026-07-09,2026-07-09 10:44:47,V019,109.0,1.2704459173716953
2026-07-09,2026-07-09 10:44:48,V019,110.0,1.2565639638187192
2026-07-09,2026-07-09 10:44:49,V019,111.0,1.2755688107270489
2026-07-09,2026-07-09 10:44:50,V019,112.0,1.0328828464700517
2026-07-09,2026-07-09 10:44:51,V019,113.0,1.172593337564128
2026-07-09,2026-07-09 10:44:52,V019,113.0,1.5333857864418572
2026-07-09,2026-07-09 10:44:53,V019,113.0,1.1444506936114391
2026-07-09,2026-07-09 10:44:54,V019,114.0,1.0424591555150704
2026-07-09,2026-07-09 10:44:55,V019,115.0,1.5480295093240768
2026-07-09,2026-07-09 10:44:56,V019,116.0,1.122754927009576
2026-07-09,2026-07-09 10:44:57,V019,117.0,1.2349769590800685
2026-07-09,2026-07-09 10:44:58,V019,117.0,1.052967895663284
2026-07-09,2026-07-09 10:44:59,V019,117.0,1.2910323400447163
2026-07-09,2026-07-09 10:45:00,V019,117.0,1.0812478227825466
2026-07-09,2026-07-09 10:45:01,V019,118.0,1.0748992532641646
2026-07-09,2026-07-09 10:45:02,V019,119.0,1.0320962380947938
2026-07-09,2026-07-09 10:45:03,V019,118.0,1.0483757543333907
2026-07-09,2026-07-09 10:45:04,V019,117.0,1.043942630399947
2026-07-09,2026-07-09 10:45:05,V019,118.0,1.023452785926118
2026-07-09,2026-07-09 10:45:06,V019,119.0,1.0443907002318658
2026-07-09,2026-07-09 10:45:07,V019,120.0,1.1218927055056624
2026-07-09,2026-07-09 10:45:08,V019,120.0,1.0957727843171339
2026-07-09,2026-07-09 10:45:09,V019,121.0,1.1156349619349792
2026-07-09,2026-07-09 10:45:10,V019,123.0,1.0642795522317479
2026-07-09,2026-07-09 10:45:11,V019,124.0,1.0704481085769242
2026-07-09,2026-07-09 10:45:12,V019,124.0,1.0752911268576886
2026-07-09,2026-07-09 10:45:13,V019,126.0,1.032353813390264
2026-07-09,2026-07-09 10:45:14,V019,128.0,1.040979560290876
2026-07-09,2026-07-09 10:45:15,V019,129.0,1.013047308045933
2026-07-09,2026-07-09 10:45:16,V019,129.0,1.0430398735506108
2026-07-09,2026-07-09 10:45:17,V019,130.0,1.0184863498806935
2026-07-09,2026-07-09 10:45:18,V019,130.0,1.0320719991932061
2026-07-09,2026-07-09 10:45:19,V019,130.0,1.0174903220386335
2026-07-09,2026-07-09 10:45:20,V019,130.0,1.0414336047574333
2026-07-09,2026-07-09 10:45:21,V019,129.0,1.0128303733993909
2026-07-09,2026-07-09 10:45:22,V019,126.0,1.015754560634498
2026-07-09,2026-07-09 10:45:23,V019,125.0,1.0140160386200863
2026-07-09,2026-07-09 10:45:24,V019,125.0,1.0167306488695496
2026-07-09,2026-07-09 10:45:25,V019,123.0,1.013404599813895
2026-07-09,2026-07-09 10:45:26,V019,120.0,1.0153043443801135
2026-07-09,2026-07-09 10:45:27,V019,119.0,1.0142605580690633
2026-07-09,2026-07-09 10:45:28,V019,119.0,1.0143035139852452
2026-07-09,2026-07-09 10:45:29,V019,118.0,1.0107616780884165
2026-07-09,2026-07-09 10:45:30,V019,117.0,1.0142886196236223
2026-07-09,2026-07-09 10:45:31,V019,117.0,1.0107637818885504
2026-07-09,2026-07-09 10:45:32,V019,117.0,1.015660639744823
2026-07-09,2026-07-09 10:45:33,V019,117.0,1.014722975428174
2026-07-09,2026-07-09 10:45:34,V019,115.0,1.0152189655027604
2026-07-09,2026-07-09 10:45:35,V019,115.0,1.0227468924572936
2026-07-09,2026-07-09 10:45:36,V019,115.0,1.0435307277884864
2026-07-09,2026-07-09 10:45:37,V019,114.0,1.0399710202200763
2026-07-09,2026-07-09 10:45:38,V019,113.0,1.0157563275733277
2026-07-09,2026-07-09 10:45:39,V019,113.0,1.0547620166256284
2026-07-09,2026-07-09 10:45:40,V019,113.0,1.0346277535296038
2026-07-09,2026-07-09 10:45:41,V019,113.0,1.1272020745582567
2026-07-09,2026-07-09 10:45:42,V019,114.0,1.0656675759015335
2026-07-09,2026-07-09 10:45:43,V019,114.0,1.0615648508186095
2026-07-09,2026-07-09 10:45:44,V019,114.0,1.0097086138829638
2026-07-09,2026-07-09 10:45:45,V019,114.0,1.0461514709810016
2026-07-09,2026-07-09 10:45:46,V019,113.0,1.0329337124513565
2026-07-09,2026-07-09 10:45:47,V019,112.0,1.077110522399318
2026-07-09,2026-07-09 10:45:48,V019,112.0,1.0241257806041681
2026-07-09,2026-07-09 10:45:49,V019,111.0,1.0757207081183076
2026-07-09,2026-07-09 10:45:50,V019,109.0,1.0733928240899115
2026-07-09,2026-07-09 10:45:51,V019,108.0,1.0408327927342755
2026-07-09,2026-07-09 10:45:52,V019,108.0,1.1205810864573968
2026-07-09,2026-07-09 10:45:53,V019,108.0,1.1172722399625064
2026-07-09,2026-07-09 10:45:54,V019,108.0,1.0435655457034951
2026-07-09,2026-07-09 10:45:55,V019,108.0,1.0845322379976152
2026-07-09,2026-07-09 10:45:56,V019,108.0,1.043789847647987
2026-07-09,2026-07-09 10:45:57,V019,109.0,1.0375336701724291
2026-07-09,2026-07-09 10:45:58,V019,108.0,1.0330543974278916
2026-07-09,2026-07-09 10:45:59,V019,107.0,1.008161286530322
2026-07-09,2026-07-09 10:46:00,V019,107.0,1.0152738356166637
2026-07-09,2026-07-09 10:46:01,V019,106.0,1.0158130662597413
2026-07-09,2026-07-09 10:46:02,V019,106.0,1.087948224693133
2026-07-09,2026-07-09 10:46:03,V019,105.0,1.1058451503936533
2026-07-09,2026-07-09 10:46:04,V019,105.0,1.1176885583066491
2026-07-09,2026-07-09 10:46:05,V019,104.0,1.0312880541663927
2026-07-09,2026-07-09 10:46:06,V019,103.0,1.0292847822967688
2026-07-09,2026-07-09 10:46:07,V019,103.0,1.0247925705296492
2026-07-09,2026-07-09 10:46:08,V019,103.0,1.0143540014331005
2026-07-09,2026-07-09 10:46:09,V019,101.0,1.0203627161743583
2026-07-09,2026-07-09 10:46:10,V019,99.0,1.0192277598611332
2026-07-09,2026-07-09 10:46:11,V019,98.0,1.0815088596545817
2026-07-09,2026-07-09 10:46:12,V019,97.0,1.0822476487931867
2026-07-09,2026-07-09 10:46:13,V019,96.0,1.0906080705243606
2026-07-09,2026-07-09 10:46:14,V019,95.0,1.0311872689131663
2026-07-09,2026-07-09 10:46:15,V019,95.0,1.0053705677919678
2026-07-09,2026-07-09 10:46:16,V019,95.0,1.0239926390402394
2026-07-09,2026-07-09 10:46:17,V019,95.0,1.0003171011491427
2026-07-09,2026-07-09 10:46:18,V019,94.0,1.18124259898553
2026-07-09,2026-07-09 10:46:19,V019,94.0,1.0351168393878676
2026-07-09,2026-07-09 10:46:20,V019,94.0,1.107944778073384
2026-07-09,2026-07-09 10:46:21,V019,94.0,1.0561756423613495
2026-07-09,2026-07-09 10:46:22,V019,95.0,1.0298693551937084
2026-07-09,2026-07-09 10:46:23,V019,94.0,1.0201938166909825
2026-07-09,2026-07-09 10:46:24,V019,94.0,1.0343724052445105
2026-07-09,2026-07-09 10:46:25,V019,94.0,1.0237386636634032
2026-07-09,2026-07-09 10:46:26,V019,93.0,1.069030723318274
2026-07-09,2026-07-09 10:46:27,V019,92.0,1.086555807134986
2026-07-09,2026-07-09 10:46:28,V019,91.0,1.084342491752709
2026-07-09,2026-07-09 10:46:29,V019,91.0,1.043401274730905
2026-07-09,2026-07-09 10:46:30,V019,91.0,1.003526901962173
2026-07-09,2026-07-09 10:46:31,V019,90.0,1.1730875206271254
2026-07-09,2026-07-09 10:46:32,V019,90.0,1.572880258664456
2026-07-09,2026-07-09 10:46:33,V019,90.0,1.3084972462338142
2026-07-09,2026-07-09 10:46:34,V019,91.0,1.4508845877274472
2026-07-09,2026-07-09 10:46:35,V019,91.0,1.3872396215174014
2026-07-09,2026-07-09 10:46:36,V019,92.0,1.1901939938163126
2026-07-09,2026-07-09 10:46:37,V019,92.0,1.341362149223457
2026-07-09,2026-07-09 10:46:38,V019,91.0,1.201763859543386
2026-07-09,2026-07-09 10:46:39,V019,90.0,0.9751381808601973
2026-07-09,2026-07-09 10:46:40,V019,90.0,1.252081046245546
2026-07-09,2026-07-09 10:46:41,V019,90.0,1.6347037519457221
2026-07-09,2026-07-09 10:46:42,V019,90.0,1.6261842974600969
2026-07-09,2026-07-09 10:46:43,V019,91.0,1.476929932704641
2026-07-09,2026-07-09 10:46:44,V019,91.0,1.479019503473748
2026-07-09,2026-07-09 10:46:45,V019,92.0,1.5987775828208146
2026-07-09,2026-07-09 10:46:46,V019,94.0,1.5575290872015737
2026-07-09,2026-07-09 10:46:47,V019,96.0,1.6149917684193364
2026-07-09,2026-07-09 10:46:48,V019,96.0,1.2181707542101432
2026-07-09,2026-07-09 10:46:49,V019,98.0,1.4030668945856581
2026-07-09,2026-07-09 10:46:50,V019,100.0,1.1113083642247814
2026-07-09,2026-07-09 10:46:51,V019,102.0,1.01160586776631
2026-07-09,2026-07-09 10:46:52,V019,104.0,1.066999796634743
2026-07-09,2026-07-09 10:46:53,V019,105.0,1.225650251206765
2026-07-09,2026-07-09 10:46:54,V019,107.0,1.0551905194959421
2026-07-09,2026-07-09 10:46:55,V019,108.0,1.2832800677011138
2026-07-09,2026-07-09 10:46:56,V019,108.0,1.281240404539015
2026-07-09,2026-07-09 10:46:57,V019,110.0,1.2563344418980698
2026-07-09,2026-07-09 10:46:58,V019,111.0,0.938841429538352
2026-07-09,2026-07-09 10:46:59,V019,113.0,1.078680064375558
2026-07-09,2026-07-09 10:47:00,V019,116.0,1.0524447248845623
2026-07-09,2026-07-09 10:47:01,V019,117.0,1.1162222634137562
2026-07-09,2026-07-09 10:47:02,V019,118.0,1.639453221388187
2026-07-09,2026-07-09 10:47:03,V019,118.0,1.600789632349693
2026-07-09,2026-07-09 10:47:04,V019,119.0,1.40025587098673
2026-07-09,2026-07-09 10:47:05,V019,120.0,1.2490537908365984
2026-07-09,2026-07-09 10:47:06,V019,120.0,1.5891836501309198
2026-07-09,2026-07-09 10:47:07,V019,120.0,1.3406682629821245
2026-07-09,2026-07-09 10:47:08,V019,120.0,1.001554693566561
2026-07-09,2026-07-09 10:47:09,V019,119.0,1.1992241998764799
2026-07-09,2026-07-09 10:47:10,V019,120.0,1.0234972400421651
2026-07-09,2026-07-09 10:47:11,V019,120.0,1.1419749133153525
2026-07-09,2026-07-09 10:47:12,V019,120.0,1.047084246011165
2026-07-09,2026-07-09 10:47:13,V019,121.0,1.0464814713520612
2026-07-09,2026-07-09 10:47:14,V019,121.0,1.0652065523836431
2026-07-09,2026-07-09 10:47:15,V019,122.0,1.054716804354611
2026-07-09,2026-07-09 10:47:16,V019,123.0,1.2951692713157998
2026-07-09,2026-07-09 10:47:17,V019,123.0,1.1799496482654543
2026-07-09,2026-07-09 10:47:18,V019,123.0,1.0866990633632145
2026-07-09,2026-07-09 10:47:19,V019,124.0,1.054816938303376
2026-07-09,2026-07-09 10:47:20,V019,124.0,1.1926313182321506
2026-07-09,2026-07-09 10:47:21,V019,124.0,1.3125543258749106
2026-07-09,2026-07-09 10:47:22,V019,125.0,0.9916724886980189
2026-07-09,2026-07-09 10:47:23,V019,126.0,1.0013585263960243
2026-07-09,2026-07-09 10:47:24,V019,128.0,1.253419057836755
2026-07-09,2026-07-09 10:47:25,V019,129.0,1.0835826253573768
2026-07-09,2026-07-09 10:47:26,V019,129.0,1.0543501332373595
2026-07-09,2026-07-09 10:47:27,V019,130.0,1.0369822703658387
2026-07-09,2026-07-09 10:47:28,V019,132.0,1.0869054170577952
2026-07-09,2026-07-09 10:47:29,V019,132.0,1.0789688413052032
2026-07-09,2026-07-09 10:47:30,V019,132.0,1.076377538321674
2026-07-09,2026-07-09 10:47:31,V019,133.0,1.0567987135992747
2026-07-09,2026-07-09 10:47:32,V019,135.0,1.0313263006296556
2026-07-09,2026-07-09 10:47:33,V019,135.0,1.0931374340742273
2026-07-09,2026-07-09 10:47:34,V019,135.0,1.0944600797302821
2026-07-09,2026-07-09 10:47:35,V019,136.0,1.134242004496892
2026-07-09,2026-07-09 10:47:36,V019,137.0,1.0848853462093633
2026-07-09,2026-07-09 10:47:37,V019,137.0,1.1487264521049465
2026-07-09,2026-07-09 10:47:38,V019,137.0,1.1406895304406077
2026-07-09,2026-07-09 10:47:39,V019,137.0,1.1418314821216557
2026-07-09,2026-07-09 10:47:40,V019,137.0,1.2202856306309606
2026-07-09,2026-07-09 10:47:41,V019,137.0,1.2646064154935188
2026-07-09,2026-07-09 10:47:42,V019,137.0,1.3511147073646537
2026-07-09,2026-07-09 10:47:43,V019,138.0,1.267186076109025
2026-07-09,2026-07-09 10:47:44,V019,138.0,1.4456140522237162
2026-07-09,2026-07-09 10:47:45,V019,138.0,1.0798659808698463
2026-07-09,2026-07-09 10:47:46,V019,138.0,1.056119748373104
2026-07-09,2026-07-09 10:47:47,V019,137.0,1.0763119203918885
2026-07-09,2026-07-09 10:47:48,V019,136.0,1.148857613592933
2026-07-09,2026-07-09 10:47:49,V019,136.0,1.2265268288199354
2026-07-09,2026-07-09 10:47:50,V019,136.0,1.0783316762719466
2026-07-09,2026-07-09 10:47:51,V019,136.0,0.9915479315315653
2026-07-09,2026-07-09 10:47:52,V019,136.0,1.1780738019464718
2026-07-09,2026-07-09 10:47:53,V019,136.0,1.0043457215695084
2026-07-09,2026-07-09 10:47:54,V019,136.0,1.123388143861468
2026-07-09,2026-07-09 10:47:55,V019,135.0,1.030088881461591
2026-07-09,2026-07-09 10:47:56,V019,133.0,1.040409822347423
2026-07-09,2026-07-09 10:47:57,V019,132.0,1.0549838664021878
2026-07-09,2026-07-09 10:47:58,V019,132.0,1.2360981955989803
2026-07-09,2026-07-09 10:47:59,V019,131.0,1.2179624547826013
2026-07-09,2026-07-09 10:48:00,V019,129.0,1.029590395477513
2026-07-09,2026-07-09 10:48:01,V019,128.0,1.0565684574122252
2026-07-09,2026-07-09 10:48:02,V019,128.0,1.029304340438093
2026-07-09,2026-07-09 10:48:03,V019,127.0,1.0787189020506804
2026-07-09,2026-07-09 10:48:04,V019,125.0,1.212881199876293
2026-07-09,2026-07-09 10:48:05,V019,124.0,1.0796076599723934
2026-07-09,2026-07-09 10:48:06,V019,124.0,1.0180898755228431
2026-07-09,2026-07-09 10:48:07,V019,123.0,1.1311036592315393
2026-07-09,2026-07-09 10:48:08,V019,122.0,1.012418555026439
2026-07-09,2026-07-09 10:48:09,V019,122.0,1.0644627077095419
2026-07-09,2026-07-09 10:48:10,V019,122.0,1.0224909396798798
2026-07-09,2026-07-09 10:48:11,V019,122.0,1.1021333443142411
2026-07-09,2026-07-09 10:48:12,V019,122.0,1.1078947261273335
2026-07-09,2026-07-09 10:48:13,V019,122.0,1.0297527395971435
2026-07-09,2026-07-09 10:48:14,V019,122.0,1.063301881727208
2026-07-09,2026-07-09 10:48:15,V019,123.0,1.0546254142499794
2026-07-09,2026-07-09 10:48:16,V019,123.0,1.1350057858598186
2026-07-09,2026-07-09 10:48:17,V019,124.0,1.149191720562542
2026-07-09,2026-07-09 10:48:18,V019,124.0,1.1104733940584874
2026-07-09,2026-07-09 10:48:19,V019,124.0,0.9882489765472628
2026-07-09,2026-07-09 10:48:20,V019,124.0,1.0977953332964114
2026-07-09,2026-07-09 10:48:21,V019,124.0,1.0193414281132869
2026-07-09,2026-07-09 10:48:22,V019,124.0,1.1173659835234944
2026-07-09,2026-07-09 10:48:23,V019,124.0,1.0337393718262535
2026-07-09,2026-07-09 10:48:24,V019,124.0,1.0313584685701471
2026-07-09,2026-07-09 10:48:25,V019,125.0,1.0766452032359555
2026-07-09,2026-07-09 10:48:26,V019,125.0,1.2718576766011496
2026-07-09,2026-07-09 10:48:27,V019,125.0,1.3255150365248551
2026-07-09,2026-07-09 10:48:28,V019,125.0,1.0788616952950412
2026-07-09,2026-07-09 10:48:29,V019,125.0,1.2386841132378401
2026-07-09,2026-07-09 10:48:30,V019,125.0,1.3170897830806454
2026-07-09,2026-07-09 10:48:31,V019,125.0,1.1134266740141645
2026-07-09,2026-07-09 10:48:32,V019,126.0,1.2311569815948862
2026-07-09,2026-07-09 10:48:33,V019,126.0,2.020564516474801
2026-07-09,2026-07-09 10:48:34,V019,126.0,2.153855651850335
2026-07-09,2026-07-09 10:48:35,V019,126.0,2.070417847592796
2026-07-09,2026-07-09 10:48:36,V019,126.0,1.4994496821049583
2026-07-09,2026-07-09 10:48:37,V019,126.0,1.4262245454985
2026-07-09,2026-07-09 10:48:38,V019,127.0,1.3596540131881336
2026-07-09,2026-07-09 10:48:39,V019,127.0,1.4613570735070218
2026-07-09,2026-07-09 10:48:40,V019,126.0,1.3751649935793002
2026-07-09,2026-07-09 10:48:41,V019,125.0,1.2587347865854215
2026-07-09,2026-07-09 10:48:42,V019,125.0,1.4652032674111044
2026-07-09,2026-07-09 10:48:43,V019,126.0,1.2799530702717616
2026-07-09,2026-07-09 10:48:44,V019,128.0,1.070839452310144
2026-07-09,2026-07-09 10:48:45,V019,129.0,1.0185072135712456
2026-07-09,2026-07-09 10:48:46,V019,131.0,1.0313811914271473
2026-07-09,2026-07-09 10:48:47,V019,132.0,1.065310046777144
2026-07-09,2026-07-09 10:48:48,V019,134.0,1.0163935688990402
2026-07-09,2026-07-09 10:48:49,V019,135.0,0.9807514191261313
2026-07-09,2026-07-09 10:48:50,V019,135.0,1.0473452444797666
2026-07-09,2026-07-09 10:48:51,V019,135.0,0.9941117700255113
2026-07-09,2026-07-09 10:48:52,V019,136.0,0.9990572231534294
2026-07-09,2026-07-09 10:48:53,V019,135.0,1.059071168777064
2026-07-09,2026-07-09 10:48:54,V019,134.0,1.0204841743490651
2026-07-09,2026-07-09 10:48:55,V019,134.0,1.0129933405628426
2026-07-09,2026-07-09 10:48:56,V019,133.0,1.0103008415525352
2026-07-09,2026-07-09 10:48:57,V019,133.0,1.022568285360838
2026-07-09,2026-07-09 10:48:58,V019,133.0,1.013346372892949
2026-07-09,2026-07-09 10:48:59,V019,132.0,1.0282947596496275
2026-07-09,2026-07-09 10:49:00,V019,131.0,1.0168361654774245
2026-07-09,2026-07-09 10:49:01,V019,130.0,1.0231058117656686
2026-07-09,2026-07-09 10:49:02,V019,128.0,1.0567634002638115
2026-07-09,2026-07-09 10:49:03,V019,127.0,1.105121704131191
2026-07-09,2026-07-09 10:49:04,V019,126.0,1.0036244017404155
2026-07-09,2026-07-09 10:49:05,V019,125.0,1.0189914471818584
2026-07-09,2026-07-09 10:49:06,V019,123.0,1.0174245559138226
2026-07-09,2026-07-09 10:49:07,V019,122.0,1.021411012039746
2026-07-09,2026-07-09 10:49:08,V019,122.0,1.0124660498352873
2026-07-09,2026-07-09 10:49:09,V019,122.0,1.0169603911472327
2026-07-09,2026-07-09 10:49:10,V019,124.0,1.0004605126244779
2026-07-09,2026-07-09 10:49:11,V019,125.0,1.0625019454480646
2026-07-09,2026-07-09 10:49:12,V019,125.0,1.1381979144508048
2026-07-09,2026-07-09 10:49:13,V019,125.0,1.0768182478019315
2026-07-09,2026-07-09 10:49:14,V019,125.0,1.1051742651193934
2026-07-09,2026-07-09 10:49:15,V019,126.0,1.077290191031614
2026-07-09,2026-07-09 10:49:16,V019,126.0,1.047480651898568
2026-07-09,2026-07-09 10:49:17,V019,126.0,1.0336053286903233
2026-07-09,2026-07-09 10:49:18,V019,127.0,1.0163696806603004
2026-07-09,2026-07-09 10:49:19,V019,127.0,1.0215839142602272
2026-07-09,2026-07-09 10:49:20,V019,128.0,1.0137293449918183
2026-07-09,2026-07-09 10:49:21,V019,128.0,1.0213910199266596
2026-07-09,2026-07-09 10:49:22,V019,128.0,1.0177223636828765
2026-07-09,2026-07-09 10:49:23,V019,128.0,1.0162853345395577
2026-07-09,2026-07-09 10:49:24,V019,128.0,1.0168210089352316
2026-07-09,2026-07-09 10:49:25,V019,127.0,1.0115181804347855
2026-07-09,2026-07-09 10:49:26,V019,126.0,1.0118655191507218
2026-07-09,2026-07-09 10:49:27,V019,125.0,1.0185660298578514
2026-07-09,2026-07-09 10:49:28,V019,125.0,1.0307090389387088
2026-07-09,2026-07-09 10:49:29,V019,125.0,1.0148563483297648
2026-07-09,2026-07-09 10:49:30,V019,124.0,1.0171614736924373
2026-07-09,2026-07-09 10:49:31,V019,124.0,1.014998300923047
2026-07-09,2026-07-09 10:49:32,V019,124.0,1.0153473493957026
2026-07-09,2026-07-09 10:49:33,V019,123.0,1.0313289044486889
2026-07-09,2026-07-09 10:49:34,V019,123.0,1.006606604556249
2026-07-09,2026-07-09 10:49:35,V019,122.0,1.0187744051971557
2026-07-09,2026-07-09 10:49:36,V019,122.0,1.0276566253254433
2026-07-09,2026-07-09 10:49:37,V019,122.0,1.013369887669206
2026-07-09,2026-07-09 10:49:38,V019,121.0,1.0246744384490365
2026-07-09,2026-07-09 10:49:39,V019,121.0,1.024318657857714
2026-07-09,2026-07-09 10:49:40,V019,121.0,1.085142317351802
2026-07-09,2026-07-09 10:49:41,V019,120.0,1.022297454107728
2026-07-09,2026-07-09 10:49:42,V019,118.0,1.0456908950708952
2026-07-09,2026-07-09 10:49:43,V019,118.0,1.018220194544053
2026-07-09,2026-07-09 10:49:44,V019,117.0,1.0067225882022472
2026-07-09,2026-07-09 10:49:45,V019,116.0,1.0129595193487915
2026-07-09,2026-07-09 10:49:46,V019,115.0,1.0226171546188931
2026-07-09,2026-07-09 10:49:47,V019,114.0,1.0292505989392016
2026-07-09,2026-07-09 10:49:48,V019,114.0,1.0274973624144954
2026-07-09,2026-07-09 10:49:49,V019,113.0,1.0398716279949627
2026-07-09,2026-07-09 10:49:50,V019,112.0,1.015861554167881
2026-07-09,2026-07-09 10:49:51,V019,112.0,1.0941122469373725
2026-07-09,2026-07-09 10:49:52,V019,111.0,1.054084895781595
2026-07-09,2026-07-09 10:49:53,V019,111.0,1.1259961007334875
2026-07-09,2026-07-09 10:49:54,V019,112.0,1.063815373184269
2026-07-09,2026-07-09 10:49:55,V019,113.0,1.0471347905095232
2026-07-09,2026-07-09 10:49:56,V019,113.0,1.1182235625173058
2026-07-09,2026-07-09 10:49:57,V019,113.0,1.0022821651579088
2026-07-09,2026-07-09 10:49:58,V019,114.0,1.0671634178886442
2026-07-09,2026-07-09 10:49:59,V019,115.0,1.0868738394443194
2026-07-09,2026-07-09 10:50:00,V019,115.0,1.070598825241428
2026-07-09,2026-07-09 10:50:01,V019,115.0,1.05342642098825
2026-07-09,2026-07-09 10:50:02,V019,116.0,1.111291258626485
2026-07-09,2026-07-09 10:50:03,V019,117.0,1.0819147728743486
2026-07-09,2026-07-09 10:50:04,V019,117.0,1.0368563811746452
2026-07-09,2026-07-09 10:50:05,V019,116.0,1.0545160514623706
2026-07-09,2026-07-09 10:50:06,V019,114.0,1.030805180756845
2026-07-09,2026-07-09 10:50:07,V019,113.0,1.0674470708073953
2026-07-09,2026-07-09 10:50:08,V019,113.0,1.1405995430252973
2026-07-09,2026-07-09 10:50:09,V019,112.0,1.0455919135361722
2026-07-09,2026-07-09 10:50:10,V019,109.0,1.046953598031314
2026-07-09,2026-07-09 10:50:11,V019,108.0,1.2357578479799693
2026-07-09,2026-07-09 10:50:12,V019,108.0,1.5637151000409384
2026-07-09,2026-07-09 10:50:13,V019,105.0,1.3162504814145397
2026-07-09,2026-07-09 10:50:14,V019,101.0,1.130264199936126
2026-07-09,2026-07-09 10:50:15,V019,100.0,1.446471508364507
2026-07-09,2026-07-09 10:50:16,V019,100.0,1.277669183389203
2026-07-09,2026-07-09 10:50:17,V019,99.0,1.2077020315136446
2026-07-09,2026-07-09 10:50:18,V019,99.0,1.0495266648626673
2026-07-09,2026-07-09 10:50:19,V019,99.0,1.0916749397834986
2026-07-09,2026-07-09 10:50:20,V019,99.0,1.0933668317330043
2026-07-09,2026-07-09 10:50:21,V019,100.0,1.2281498139702685
2026-07-09,2026-07-09 10:50:22,V019,101.0,1.0603212314108095
2026-07-09,2026-07-09 10:50:23,V019,101.0,1.032348852109518
2026-07-09,2026-07-09 10:50:24,V019,101.0,1.0277887012403955
2026-07-09,2026-07-09 10:50:25,V019,101.0,1.3163167390640242
2026-07-09,2026-07-09 10:50:26,V019,102.0,1.076975355926798
2026-07-09,2026-07-09 10:50:27,V019,102.0,1.0915745519393214
2026-07-09,2026-07-09 10:50:28,V019,102.0,0.9835308034567661
2026-07-09,2026-07-09 10:50:29,V019,103.0,1.199291589229371
2026-07-09,2026-07-09 10:50:30,V019,103.0,1.4308396002030674
2026-07-09,2026-07-09 10:50:31,V019,104.0,1.4906466904271614
2026-07-09,2026-07-09 10:50:32,V019,104.0,2.1863257484371195
2026-07-09,2026-07-09 10:50:33,V019,104.0,1.4781663117824533
2026-07-09,2026-07-09 10:50:34,V019,105.0,1.4537262588842432
2026-07-09,2026-07-09 10:50:35,V019,106.0,1.368838875744075
2026-07-09,2026-07-09 10:50:36,V019,106.0,1.3211355065961568
2026-07-09,2026-07-09 10:50:37,V019,106.0,1.2867264383962387
2026-07-09,2026-07-09 10:50:38,V019,106.0,1.1084294914694315
2026-07-09,2026-07-09 10:50:39,V019,108.0,1.020364814897373
2026-07-09,2026-07-09 10:50:40,V019,109.0,1.0226434083786222
2026-07-09,2026-07-09 10:50:41,V019,110.0,1.0416094243506486
2026-07-09,2026-07-09 10:50:42,V019,112.0,1.1460508915385126
2026-07-09,2026-07-09 10:50:43,V019,113.0,1.051142165944382
2026-07-09,2026-07-09 10:50:44,V019,113.0,1.1269492854115004
2026-07-09,2026-07-09 10:50:45,V019,114.0,0.9993459459526997
2026-07-09,2026-07-09 10:50:46,V019,115.0,1.0642955733996529
2026-07-09,2026-07-09 10:50:47,V019,116.0,1.116335093623839
2026-07-09,2026-07-09 10:50:48,V019,117.0,1.0878729815325348
2026-07-09,2026-07-09 10:50:49,V019,119.0,1.080046819029239
2026-07-09,2026-07-09 10:50:50,V019,122.0,0.9995697060687396
2026-07-09,2026-07-09 10:50:51,V019,123.0,1.0832502359783776
2026-07-09,2026-07-09 10:50:52,V019,123.0,1.0863506291075553
2026-07-09,2026-07-09 10:50:53,V019,124.0,1.067006439668213
2026-07-09,2026-07-09 10:50:54,V019,124.0,1.0278420352593909
2026-07-09,2026-07-09 10:50:55,V019,125.0,1.2407610367514688
2026-07-09,2026-07-09 10:50:56,V019,125.0,1.0151398541419987
2026-07-09,2026-07-09 10:50:57,V019,125.0,1.0745417145717189
2026-07-09,2026-07-09 10:50:58,V019,126.0,1.0435855877063185
2026-07-09,2026-07-09 10:50:59,V019,126.0,1.0420874758866652
2026-07-09,2026-07-09 10:51:00,V019,126.0,0.9902117569461826
2026-07-09,2026-07-09 10:51:01,V019,126.0,1.085991445753822
2026-07-09,2026-07-09 10:51:02,V019,126.0,1.0313588873411559
2026-07-09,2026-07-09 10:51:03,V019,126.0,1.0190267814026344
2026-07-09,2026-07-09 10:51:04,V019,127.0,1.0849959716329594
2026-07-09,2026-07-09 10:51:05,V019,127.0,1.3003168052604686
2026-07-09,2026-07-09 10:51:06,V019,127.0,1.3695273943780324
2026-07-09,2026-07-09 10:51:07,V019,126.0,1.411819859536223
2026-07-09,2026-07-09 10:51:08,V019,126.0,1.426908042343274
2026-07-09,2026-07-09 10:51:09,V019,126.0,1.9688704847668665
2026-07-09,2026-07-09 10:51:10,V019,125.0,1.3346119859390773
2026-07-09,2026-07-09 10:51:11,V019,124.0,1.3009732431189687
2026-07-09,2026-07-09 10:51:12,V019,124.0,1.1964106335882307
2026-07-09,2026-07-09 10:51:13,V019,124.0,1.382244053367527
2026-07-09,2026-07-09 10:51:14,V019,124.0,1.1523890684886726
2026-07-09,2026-07-09 10:51:15,V019,125.0,1.0824794411500966
2026-07-09,2026-07-09 10:51:16,V019,125.0,1.3168582199735455
2026-07-09,2026-07-09 10:51:17,V019,126.0,1.3944304636720364
2026-07-09,2026-07-09 10:51:18,V019,126.0,1.5030405637295046
2026-07-09,2026-07-09 10:51:19,V019,128.0,1.0765046371466582
2026-07-09,2026-07-09 10:51:20,V019,129.0,1.1064528542358885
2026-07-09,2026-07-09 10:51:21,V019,130.0,1.095090478487081
2026-07-09,2026-07-09 10:51:22,V019,131.0,1.1333116249180586
2026-07-09,2026-07-09 10:51:23,V019,132.0,1.0154662990720569
2026-07-09,2026-07-09 10:51:24,V019,133.0,1.2488946579603526
2026-07-09,2026-07-09 10:51:25,V019,134.0,1.0811622638179266
2026-07-09,2026-07-09 10:51:26,V019,134.0,1.2575622327859481
2026-07-09,2026-07-09 10:51:27,V019,135.0,1.1125770022172097
2026-07-09,2026-07-09 10:51:28,V019,137.0,1.1121156455059111
2026-07-09,2026-07-09 10:51:29,V019,137.0,1.0568533262948032
2026-07-09,2026-07-09 10:51:30,V019,139.0,0.9719388817446516
2026-07-09,2026-07-09 10:51:31,V019,140.0,1.260873373731506
2026-07-09,2026-07-09 10:51:32,V019,140.0,1.1159774818754749
2026-07-09,2026-07-09 10:51:33,V019,141.0,1.116761214816807
2026-07-09,2026-07-09 10:51:34,V019,142.0,1.0589752984572114
2026-07-09,2026-07-09 10:51:35,V019,142.0,1.0684933621982764
2026-07-09,2026-07-09 10:51:36,V019,143.0,1.0821436551841142
2026-07-09,2026-07-09 10:51:37,V019,143.0,1.0486154026466838
2026-07-09,2026-07-09 10:51:38,V019,142.0,1.0798151868728534
2026-07-09,2026-07-09 10:51:39,V019,142.0,1.068926634650535
2026-07-09,2026-07-09 10:51:40,V019,141.0,1.0422137822669697
2026-07-09,2026-07-09 10:51:41,V019,140.0,1.038356316429943
2026-07-09,2026-07-09 10:51:42,V019,140.0,1.0403797109472093
2026-07-09,2026-07-09 10:51:43,V019,140.0,1.0292750802094717
2026-07-09,2026-07-09 10:51:44,V019,139.0,1.062877463330239
2026-07-09,2026-07-09 10:51:45,V019,138.0,1.0414140872280573
2026-07-09,2026-07-09 10:51:46,V019,139.0,1.0269101358325048
2026-07-09,2026-07-09 10:51:47,V019,139.0,1.0097273295624154
2026-07-09,2026-07-09 10:51:48,V019,139.0,1.0316639030318215
2026-07-09,2026-07-09 10:51:49,V019,139.0,1.0239954775725746
2026-07-09,2026-07-09 10:51:50,V019,139.0,1.0162182398462012
2026-07-09,2026-07-09 10:51:51,V019,138.0,1.016215226466488
2026-07-09,2026-07-09 10:51:52,V019,136.0,1.014611255069566
2026-07-09,2026-07-09 10:51:53,V019,135.0,1.0142308748351632
2026-07-09,2026-07-09 10:51:54,V019,134.0,1.0089021996616419
2026-07-09,2026-07-09 10:51:55,V019,134.0,1.0119223529175398
2026-07-09,2026-07-09 10:51:56,V019,134.0,1.0275918468395786
2026-07-09,2026-07-09 10:51:57,V019,134.0,1.0117966846181488
2026-07-09,2026-07-09 10:51:58,V019,134.0,1.0241552914316758
2026-07-09,2026-07-09 10:51:59,V019,133.0,1.023834715475774
2026-07-09,2026-07-09 10:52:00,V019,133.0,1.0192054133873532
2026-07-09,2026-07-09 10:52:01,V019,133.0,1.030969420275023
2026-07-09,2026-07-09 10:52:02,V019,133.0,1.0181798879342825
2026-07-09,2026-07-09 10:52:03,V019,134.0,1.041108437173657
2026-07-09,2026-07-09 10:52:04,V019,134.0,1.0436142146488432
2026-07-09,2026-07-09 10:52:05,V019,134.0,1.022867007960674
2026-07-09,2026-07-09 10:52:06,V019,134.0,1.0269630615971421
2026-07-09,2026-07-09 10:52:07,V019,134.0,1.0263777795512155
2026-07-09,2026-07-09 10:52:08,V019,134.0,1.0570440777066576
2026-07-09,2026-07-09 10:52:09,V019,133.0,1.0128849568987255
2026-07-09,2026-07-09 10:52:10,V019,133.0,1.0125473896309003
2026-07-09,2026-07-09 10:52:11,V019,133.0,1.019741884805929
2026-07-09,2026-07-09 10:52:12,V019,132.0,1.0136439725608848
2026-07-09,2026-07-09 10:52:13,V019,132.0,1.0213365833869272
2026-07-09,2026-07-09 10:52:14,V019,132.0,1.0255617025396413
2026-07-09,2026-07-09 10:52:15,V019,132.0,1.0148849120927006
2026-07-09,2026-07-09 10:52:16,V019,133.0,1.0287439655749668
2026-07-09,2026-07-09 10:52:17,V019,134.0,1.0171608718011478
2026-07-09,2026-07-09 10:52:18,V019,133.0,1.0116947123238837
2026-07-09,2026-07-09 10:52:19,V019,133.0,1.0130642968142711
2026-07-09,2026-07-09 10:52:20,V019,132.0,1.0101357848683556
2026-07-09,2026-07-09 10:52:21,V019,131.0,1.0222174021198176
2026-07-09,2026-07-09 10:52:22,V019,131.0,1.0235879669207553
2026-07-09,2026-07-09 10:52:23,V019,130.0,1.012495653836625
2026-07-09,2026-07-09 10:52:24,V019,127.0,1.0146699429606827
2026-07-09,2026-07-09 10:52:25,V019,126.0,1.0464354947635484
2026-07-09,2026-07-09 10:52:26,V019,125.0,1.005651430271804
2026-07-09,2026-07-09 10:52:27,V019,125.0,1.034101433403705
2026-07-09,2026-07-09 10:52:28,V019,124.0,1.0229808214102452
2026-07-09,2026-07-09 10:52:29,V019,124.0,1.0246601337164751
2026-07-09,2026-07-09 10:52:30,V019,124.0,1.011804354493162
2026-07-09,2026-07-09 10:52:31,V019,123.0,1.0542493406295992
2026-07-09,2026-07-09 10:52:32,V019,122.0,1.028204482135157
2026-07-09,2026-07-09 10:52:33,V019,122.0,1.0190323666681405
2026-07-09,2026-07-09 10:52:34,V019,122.0,1.0390170025172067
2026-07-09,2026-07-09 10:52:35,V019,121.0,1.022207060979833
2026-07-09,2026-07-09 10:52:36,V019,118.0,1.0412171235503287
2026-07-09,2026-07-09 10:52:37,V019,117.0,1.0223732546940816
2026-07-09,2026-07-09 10:52:38,V019,117.0,1.0351460782638762
2026-07-09,2026-07-09 10:52:39,V019,116.0,1.0079170059050813
2026-07-09,2026-07-09 10:52:40,V019,115.0,1.0340351822083027
2026-07-09,2026-07-09 10:52:41,V019,114.0,1.0380063002299027
2026-07-09,2026-07-09 10:52:42,V019,114.0,1.026599269579818
2026-07-09,2026-07-09 10:52:43,V019,114.0,1.0029920239016943
2026-07-09,2026-07-09 10:52:44,V019,112.0,1.0463051738819316
2026-07-09,2026-07-09 10:52:45,V019,111.0,1.0355802304853374
2026-07-09,2026-07-09 10:52:46,V019,111.0,1.0151225903408536
2026-07-09,2026-07-09 10:52:47,V019,111.0,1.0164667673920722
2026-07-09,2026-07-09 10:52:48,V019,110.0,1.014107760668642
2026-07-09,2026-07-09 10:52:49,V019,109.0,1.0168153561473001
2026-07-09,2026-07-09 10:52:50,V019,109.0,1.011012606560343
2026-07-09,2026-07-09 10:52:51,V019,108.0,1.016655764318177
2026-07-09,2026-07-09 10:52:52,V019,105.0,1.0379190590355625
2026-07-09,2026-07-09 10:52:53,V019,104.0,1.042805744395981
2026-07-09,2026-07-09 10:52:54,V019,104.0,1.0350068522546398
2026-07-09,2026-07-09 10:52:55,V019,102.0,1.1131516755174533
2026-07-09,2026-07-09 10:52:56,V019,101.0,1.0311345829779803
2026-07-09,2026-07-09 10:52:57,V019,100.0,1.082458764600973
2026-07-09,2026-07-09 10:52:58,V019,99.0,1.0232077964383977
2026-07-09,2026-07-09 10:52:59,V019,98.0,1.0083149417457347
2026-07-09,2026-07-09 10:53:00,V019,97.0,1.0267522085290957
2026-07-09,2026-07-09 10:53:01,V019,97.0,1.0149027366260324
2026-07-09,2026-07-09 10:53:02,V019,97.0,1.0120034274882914
2026-07-09,2026-07-09 10:53:03,V019,97.0,1.0064033463991935
2026-07-09,2026-07-09 10:53:04,V019,97.0,1.0323689425532914
2026-07-09,2026-07-09 10:53:05,V019,97.0,1.1132434122633585
2026-07-09,2026-07-09 10:53:06,V019,97.0,1.0496662334304288
2026-07-09,2026-07-09 10:53:07,V019,97.0,1.134571016704966
2026-07-09,2026-07-09 10:53:08,V019,97.0,1.0890839205936067
2026-07-09,2026-07-09 10:53:09,V019,98.0,1.0315830447127332
2026-07-09,2026-07-09 10:53:10,V019,98.0,1.177916311907082
2026-07-09,2026-07-09 10:53:11,V019,98.0,1.0933257103516643
2026-07-09,2026-07-09 10:53:12,V019,98.0,1.046459458024446
2026-07-09,2026-07-09 10:53:13,V019,98.0,1.1370725597768776
2026-07-09,2026-07-09 10:53:14,V019,98.0,1.026614926960547
2026-07-09,2026-07-09 10:53:15,V019,98.0,1.0367794073659007
2026-07-09,2026-07-09 10:53:16,V019,98.0,1.0037208754919962
2026-07-09,2026-07-09 10:53:17,V019,99.0,1.016767568279621
2026-07-09,2026-07-09 10:53:18,V019,99.0,1.032491365086452
2026-07-09,2026-07-09 10:53:19,V019,100.0,1.0416710039449228
2026-07-09,2026-07-09 10:53:20,V019,101.0,1.0218787746250797
2026-07-09,2026-07-09 10:53:21,V019,101.0,1.0421147343410722
2026-07-09,2026-07-09 10:53:22,V019,102.0,1.014580621561702
2026-07-09,2026-07-09 10:53:23,V019,102.0,1.0186799330946292
2026-07-09,2026-07-09 10:53:24,V019,102.0,1.0187918488261913
2026-07-09,2026-07-09 10:53:25,V019,103.0,1.0191966937883
2026-07-09,2026-07-09 10:53:26,V019,103.0,1.0182026637605306
2026-07-09,2026-07-09 10:53:27,V019,103.0,1.0223273725789874
2026-07-09,2026-07-09 10:53:28,V019,103.0,1.0247162309503561
2026-07-09,2026-07-09 10:53:29,V019,103.0,1.0382524809985747
2026-07-09,2026-07-09 10:53:30,V019,103.0,1.023182185930627
2026-07-09,2026-07-09 10:53:31,V019,103.0,1.019151651695895
2026-07-09,2026-07-09 10:53:32,V019,102.0,1.0183019972683391
2026-07-09,2026-07-09 10:53:33,V019,102.0,1.0167449786861147
2026-07-09,2026-07-09 10:53:34,V019,102.0,1.018823898792458
2026-07-09,2026-07-09 10:53:35,V019,102.0,1.0218712763525752
2026-07-09,2026-07-09 10:53:36,V019,102.0,1.0315339748055077
2026-07-09,2026-07-09 10:53:37,V019,102.0,1.0748025368526812
2026-07-09,2026-07-09 10:53:38,V019,102.0,1.0326943966863293
2026-07-09,2026-07-09 10:53:39,V019,103.0,1.029992303010414
2026-07-09,2026-07-09 10:53:40,V019,104.0,1.0333849921258125
2026-07-09,2026-07-09 10:53:41,V019,104.0,1.0444677409614451
2026-07-09,2026-07-09 10:53:42,V019,104.0,1.0542619475114652
2026-07-09,2026-07-09 10:53:43,V019,104.0,1.0062218630838615
2026-07-09,2026-07-09 10:53:44,V019,104.0,1.0414149164503859
2026-07-09,2026-07-09 10:53:45,V019,104.0,1.0502129829043811
2026-07-09,2026-07-09 10:53:46,V019,104.0,1.1024117587064066
2026-07-09,2026-07-09 10:53:47,V019,104.0,1.0296005884187864
2026-07-09,2026-07-09 10:53:48,V019,103.0,1.0523961226152472
2026-07-09,2026-07-09 10:53:49,V019,103.0,1.0721245855526296
2026-07-09,2026-07-09 10:53:50,V019,103.0,1.1250179766952946
2026-07-09,2026-07-09 10:53:51,V019,103.0,1.0534040165904275
2026-07-09,2026-07-09 10:53:52,V019,104.0,1.0313421347238152
2026-07-09,2026-07-09 10:53:53,V019,103.0,1.1073452261940924
2026-07-09,2026-07-09 10:53:54,V019,102.0,1.055124073478265
2026-07-09,2026-07-09 10:53:55,V019,101.0,1.1749826191921018
2026-07-09,2026-07-09 10:53:56,V019,100.0,1.015023552398674
2026-07-09,2026-07-09 10:53:57,V019,99.0,1.0819411837025976
2026-07-09,2026-07-09 10:53:58,V019,98.0,1.0419000384408155
2026-07-09,2026-07-09 10:53:59,V019,98.0,1.065504420089907
2026-07-09,2026-07-09 10:54:00,V019,98.0,1.0566965813290377
2026-07-09,2026-07-09 10:54:01,V019,97.0,1.000507327197698
2026-07-09,2026-07-09 10:54:02,V019,97.0,1.1393419439170884
2026-07-09,2026-07-09 10:54:03,V019,96.0,1.0846292758177616
2026-07-09,2026-07-09 10:54:04,V019,96.0,1.033270455198838
2026-07-09,2026-07-09 10:54:05,V019,96.0,1.0787328331425454
2026-07-09,2026-07-09 10:54:06,V019,97.0,1.087618910835021
2026-07-09,2026-07-09 10:54:07,V019,97.0,1.0351526315355375
2026-07-09,2026-07-09 10:54:08,V019,97.0,1.001142239438405
2026-07-09,2026-07-09 10:54:09,V019,97.0,1.0636583034388198
2026-07-09,2026-07-09 10:54:10,V019,96.0,1.0598441823206355
2026-07-09,2026-07-09 10:54:11,V019,96.0,1.0121074672794175
2026-07-09,2026-07-09 10:54:12,V019,96.0,1.019460864496215
2026-07-09,2026-07-09 10:54:13,V019,95.0,1.100664089709492
2026-07-09,2026-07-09 10:54:14,V019,95.0,1.057441878940828
2026-07-09,2026-07-09 10:54:15,V019,95.0,0.9918022914301062
2026-07-09,2026-07-09 10:54:16,V019,95.0,1.0992299745402632
2026-07-09,2026-07-09 10:54:17,V019,95.0,1.0713663802094775
2026-07-09,2026-07-09 10:54:18,V019,96.0,1.0316075140143997
2026-07-09,2026-07-09 10:54:19,V019,96.0,1.0955388037454337
2026-07-09,2026-07-09 10:54:20,V019,96.0,1.0657364073746327
2026-07-09,2026-07-09 10:54:21,V019,96.0,1.0351591578695798
2026-07-09,2026-07-09 10:54:22,V019,96.0,1.0060490877703983
2026-07-09,2026-07-09 10:54:23,V019,96.0,1.0686015356103276
2026-07-09,2026-07-09 10:54:24,V019,96.0,1.0526793541091868
2026-07-09,2026-07-09 10:54:25,V019,96.0,1.0082026877663897
2026-07-09,2026-07-09 10:54:26,V019,96.0,1.0877577002202208
2026-07-09,2026-07-09 10:54:27,V019,96.0,1.0109174519804869
2026-07-09,2026-07-09 10:54:28,V019,96.0,1.0331412016672714
2026-07-09,2026-07-09 10:54:29,V019,96.0,1.0234844221021433
2026-07-09,2026-07-09 10:54:30,V019,96.0,1.0285554619014188
2026-07-09,2026-07-09 10:54:31,V019,97.0,1.013604825245395
2026-07-09,2026-07-09 10:54:32,V019,97.0,1.004236839740226
2026-07-09,2026-07-09 10:54:33,V019,97.0,1.003267869334993
2026-07-09,2026-07-09 10:54:34,V019,97.0,1.0119836173587597
2026-07-09,2026-07-09 10:54:35,V019,97.0,1.0060889432710765
2026-07-09,2026-07-09 10:54:36,V019,96.0,0.9241502238809132
2026-07-09,2026-07-09 10:54:37,V019,96.0,1.1283319413175414
2026-07-09,2026-07-09 10:54:38,V019,96.0,1.0219619988411235
2026-07-09,2026-07-09 10:54:39,V019,96.0,1.0194291186302415
2026-07-09,2026-07-09 10:54:40,V019,96.0,1.0107764170459688
2026-07-09,2026-07-09 10:54:41,V019,96.0,1.0225613604244244
2026-07-09,2026-07-09 10:54:42,V019,96.0,1.0161368409255243
2026-07-09,2026-07-09 10:54:43,V019,97.0,1.028050136081944
2026-07-09,2026-07-09 10:54:44,V019,98.0,1.0157762193187785
2026-07-09,2026-07-09 10:54:45,V019,99.0,1.0170740729972985
2026-07-09,2026-07-09 10:54:46,V019,99.0,1.0155254601612393
2026-07-09,2026-07-09 10:54:47,V019,99.0,1.013322882606327
2026-07-09,2026-07-09 10:54:48,V019,99.0,1.018577066495302
2026-07-09,2026-07-09 10:54:49,V019,99.0,1.015426119527178
2026-07-09,2026-07-09 10:54:50,V019,100.0,1.0061967664615212
2026-07-09,2026-07-09 10:54:51,V019,100.0,1.0225060358063784
2026-07-09,2026-07-09 10:54:52,V019,101.0,1.006552749232568
2026-07-09,2026-07-09 10:54:53,V019,102.0,1.0106132872806781
2026-07-09,2026-07-09 10:54:54,V019,103.0,1.0186829226139333
2026-07-09,2026-07-09 10:54:55,V019,104.0,1.006037633709918
2026-07-09,2026-07-09 10:54:56,V019,104.0,1.0166326616682075
2026-07-09,2026-07-09 10:54:57,V019,105.0,1.0114254504935252
2026-07-09,2026-07-09 10:54:58,V019,105.0,1.0119098974792324
2026-07-09,2026-07-09 10:54:59,V019,106.0,1.0122983853314647
2026-07-09,2026-07-09 10:55:00,V019,106.0,1.013014533946301
2026-07-09,2026-07-09 10:55:01,V019,106.0,1.0118027360414399
2026-07-09,2026-07-09 10:55:02,V019,105.0,1.0129921454998785
2026-07-09,2026-07-09 10:55:03,V019,105.0,1.0116143106471454
2026-07-09,2026-07-09 10:55:04,V019,106.0,1.0099261545740859
2026-07-09,2026-07-09 10:55:05,V019,106.0,1.0101007469128567
2026-07-09,2026-07-09 10:55:06,V019,106.0,1.0118891930187612
2026-07-09,2026-07-09 10:55:07,V019,107.0,1.011284555725379
2026-07-09,2026-07-09 10:55:08,V019,107.0,1.0107064094923612
2026-07-09,2026-07-09 10:55:09,V019,106.0,1.011735154605528
2026-07-09,2026-07-09 10:55:10,V019,106.0,1.0104531351923245
2026-07-09,2026-07-09 10:55:11,V019,105.0,1.0099013043056728
2026-07-09,2026-07-09 10:55:12,V019,105.0,1.0113860714011593
2026-07-09,2026-07-09 10:55:13,V019,104.0,1.0216813103332236
2026-07-09,2026-07-09 10:55:14,V019,103.0,1.0106449779644828
2026-07-09,2026-07-09 10:55:15,V019,103.0,1.0112977400410306
2026-07-09,2026-07-09 10:55:16,V019,102.0,1.0163588185853132
2026-07-09,2026-07-09 10:55:17,V019,103.0,1.0125303277761593
2026-07-09,2026-07-09 10:55:18,V019,103.0,1.0136198462707062
2026-07-09,2026-07-09 10:55:19,V019,104.0,1.0092296962029284
2026-07-09,2026-07-09 10:55:20,V019,104.0,1.0146373302952
2026-07-09,2026-07-09 10:55:21,V019,104.0,1.0119691315441464
2026-07-09,2026-07-09 10:55:22,V019,103.0,1.0234180655795395
2026-07-09,2026-07-09 10:55:23,V019,103.0,1.0568407033340566
2026-07-09,2026-07-09 10:55:24,V019,102.0,1.0122697678526358
2026-07-09,2026-07-09 10:55:25,V019,101.0,1.0572427510417757
2026-07-09,2026-07-09 10:55:26,V019,99.0,1.0142668466653737
2026-07-09,2026-07-09 10:55:27,V019,98.0,1.0436441281086382
2026-07-09,2026-07-09 10:55:28,V019,98.0,1.0174550269795577
2026-07-09,2026-07-09 10:55:29,V019,99.0,1.020916719137592
2026-07-09,2026-07-09 10:55:30,V019,99.0,1.0161892005925175
2026-07-09,2026-07-09 10:55:31,V019,99.0,1.0732001353598795
2026-07-09,2026-07-09 10:55:32,V019,99.0,1.0565958749759212
2026-07-09,2026-07-09 10:55:33,V019,98.0,1.0222915201362364
2026-07-09,2026-07-09 10:55:34,V019,96.0,1.028802158942459
2026-07-09,2026-07-09 10:55:35,V019,95.0,1.0356305240198809
2026-07-09,2026-07-09 10:55:36,V019,95.0,1.0547983356975275
2026-07-09,2026-07-09 10:55:37,V019,94.0,1.0030900240007978
2026-07-09,2026-07-09 10:55:38,V019,93.0,1.05313792285549
2026-07-09,2026-07-09 10:55:39,V019,91.0,1.0140609984295867
2026-07-09,2026-07-09 10:55:40,V019,90.0,1.055932018257768
2026-07-09,2026-07-09 10:55:41,V019,89.0,1.039564024620531
2026-07-09,2026-07-09 10:55:42,V019,90.0,1.0092183330207884
2026-07-09,2026-07-09 10:55:43,V019,90.0,1.0310702480081981
2026-07-09,2026-07-09 10:55:44,V019,90.0,1.1264734843622086
2026-07-09,2026-07-09 10:55:45,V019,91.0,1.0508393050206546
2026-07-09,2026-07-09 10:55:46,V019,92.0,1.0499701669383656
2026-07-09,2026-07-09 10:55:47,V019,92.0,0.9825812273170635
2026-07-09,2026-07-09 10:55:48,V019,92.0,1.027294730150987
2026-07-09,2026-07-09 10:55:49,V019,92.0,1.0176610522877625
2026-07-09,2026-07-09 10:55:50,V019,91.0,1.006202134002409
2026-07-09,2026-07-09 10:55:51,V019,90.0,1.010403792476552
2026-07-09,2026-07-09 10:55:52,V019,90.0,1.0169248111737446
2026-07-09,2026-07-09 10:55:53,V019,89.0,1.0143548486176917
2026-07-09,2026-07-09 10:55:54,V019,89.0,1.0189837701991245
2026-07-09,2026-07-09 10:55:55,V019,88.0,1.0129090768180005
2026-07-09,2026-07-09 10:55:56,V019,87.0,1.013487424883465
2026-07-09,2026-07-09 10:55:57,V019,86.0,1.0256579024845014
2026-07-09,2026-07-09 10:55:58,V019,84.0,1.0057209542479364
2026-07-09,2026-07-09 10:55:59,V019,84.0,1.0152807502824197
2026-07-09,2026-07-09 10:56:00,V019,84.0,1.0127063751255625
2026-07-09,2026-07-09 10:56:01,V019,84.0,1.0155696207741458
2026-07-09,2026-07-09 10:56:02,V019,85.0,1.013851140463677
2026-07-09,2026-07-09 10:56:03,V019,86.0,1.0135275089579567
2026-07-09,2026-07-09 10:56:04,V019,86.0,1.0137167627395571
2026-07-09,2026-07-09 10:56:05,V019,88.0,1.0123667686833298
2026-07-09,2026-07-09 10:56:06,V019,90.0,1.0103692224652832
2026-07-09,2026-07-09 10:56:07,V019,91.0,1.0146501435955275
2026-07-09,2026-07-09 10:56:08,V019,91.0,1.0104280157892132
2026-07-09,2026-07-09 10:56:09,V019,93.0,1.0148307132264442
2026-07-09,2026-07-09 10:56:10,V019,94.0,1.0121089721352676
2026-07-09,2026-07-09 10:56:11,V019,96.0,1.0165768475629167
2026-07-09,2026-07-09 10:56:12,V019,97.0,1.016107391869066
2026-07-09,2026-07-09 10:56:13,V019,98.0,1.023926958629963
2026-07-09,2026-07-09 10:56:14,V019,98.0,1.0193799766566825
2026-07-09,2026-07-09 10:56:15,V019,97.0,1.0190764269987964
2026-07-09,2026-07-09 10:56:16,V019,97.0,1.0186541244010636
2026-07-09,2026-07-09 10:56:17,V019,97.0,1.0175644375049278
2026-07-09,2026-07-09 10:56:18,V019,96.0,1.026787355690515
2026-07-09,2026-07-09 10:56:19,V019,96.0,1.0121152558729827
2026-07-09,2026-07-09 10:56:20,V019,96.0,1.026477944330801
2026-07-09,2026-07-09 10:56:21,V019,95.0,1.0093929091941793
2026-07-09,2026-07-09 10:56:22,V019,95.0,1.02082137459555
2026-07-09,2026-07-09 10:56:23,V019,95.0,1.014065836435043
2026-07-09,2026-07-09 10:56:24,V019,95.0,1.0168811489286482
2026-07-09,2026-07-09 10:56:25,V019,95.0,1.0229827095208497
2026-07-09,2026-07-09 10:56:26,V019,94.0,1.0066713316461537
2026-07-09,2026-07-09 10:56:27,V019,94.0,1.0257461364397509
2026-07-09,2026-07-09 10:56:28,V019,94.0,1.0170786590208538
2026-07-09,2026-07-09 10:56:29,V019,93.0,1.0680699571130017
2026-07-09,2026-07-09 10:56:30,V019,94.0,1.0510276675715575
2026-07-09,2026-07-09 10:56:31,V019,95.0,1.0206871246996572
2026-07-09,2026-07-09 10:56:32,V019,95.0,1.0222431493425626
2026-07-09,2026-07-09 10:56:33,V019,96.0,1.020169213109184
2026-07-09,2026-07-09 10:56:34,V019,96.0,1.0116637184047634
2026-07-09,2026-07-09 10:56:35,V019,97.0,1.0189404832264286
2026-07-09,2026-07-09 10:56:36,V019,98.0,1.016054413260572
2026-07-09,2026-07-09 10:56:37,V019,98.0,1.018743681428556
2026-07-09,2026-07-09 10:56:38,V019,98.0,1.0377118973311534
2026-07-09,2026-07-09 10:56:39,V019,98.0,1.0423778058993098
2026-07-09,2026-07-09 10:56:40,V019,98.0,1.0354581335451882
2026-07-09,2026-07-09 10:56:41,V019,98.0,1.0868562946031735
2026-07-09,2026-07-09 10:56:42,V019,98.0,1.0280158195908897
2026-07-09,2026-07-09 10:56:43,V019,99.0,1.025633259594664
2026-07-09,2026-07-09 10:56:44,V019,100.0,1.0220396099264062
2026-07-09,2026-07-09 10:56:45,V019,101.0,1.0225748950079285
2026-07-09,2026-07-09 10:56:46,V019,100.0,1.031952659718157
2026-07-09,2026-07-09 10:56:47,V019,100.0,1.0262297643817837
2026-07-09,2026-07-09 10:56:48,V019,100.0,1.0277367845824703
2026-07-09,2026-07-09 10:56:49,V019,99.0,1.0274185241568916
2026-07-09,2026-07-09 10:56:50,V019,99.0,1.0275495240641708
2026-07-09,2026-07-09 10:56:51,V019,99.0,1.0275063915711302
2026-07-09,2026-07-09 10:56:52,V019,98.0,1.0216809046553155
2026-07-09,2026-07-09 10:56:53,V019,98.0,1.0350823974711065
2026-07-09,2026-07-09 10:56:54,V019,97.0,1.0266082460707013
2026-07-09,2026-07-09 10:56:55,V019,96.0,1.0279617427556402
2026-07-09,2026-07-09 10:56:56,V019,96.0,1.018623676814325
2026-07-09,2026-07-09 10:56:57,V019,97.0,1.0243381130390143
2026-07-09,2026-07-09 10:56:58,V019,97.0,1.0139049327628629
2026-07-09,2026-07-09 10:56:59,V019,97.0,1.015151263063373
2026-07-09,2026-07-09 10:57:00,V019,97.0,1.0116766540771427
2026-07-09,2026-07-09 10:57:01,V019,98.0,1.0093787747840317
2026-07-09,2026-07-09 10:57:02,V019,98.0,1.0106517835050128
2026-07-09,2026-07-09 10:57:03,V019,99.0,1.0209887550763186
2026-07-09,2026-07-09 10:57:04,V019,99.0,1.0219887402322225
2026-07-09,2026-07-09 10:57:05,V019,99.0,1.0360197469605656
2026-07-09,2026-07-09 10:57:06,V019,98.0,1.0053589951541801
2026-07-09,2026-07-09 10:57:07,V019,98.0,1.0592871217837927
2026-07-09,2026-07-09 10:57:08,V019,98.0,1.0465165836136887
2026-07-09,2026-07-09 10:57:09,V019,98.0,1.0212234501723167
2026-07-09,2026-07-09 10:57:10,V019,98.0,1.0190710164383374
2026-07-09,2026-07-09 10:57:11,V019,99.0,1.0149141880805674
2026-07-09,2026-07-09 10:57:12,V019,100.0,1.0205105548510578
2026-07-09,2026-07-09 10:57:13,V019,100.0,1.0060927075904413
2026-07-09,2026-07-09 10:57:14,V019,100.0,1.033777799265587
2026-07-09,2026-07-09 10:57:15,V019,101.0,1.0174890037289943
2026-07-09,2026-07-09 10:57:16,V019,101.0,1.0101093088873558
2026-07-09,2026-07-09 10:57:17,V019,101.0,1.016235817890184
2026-07-09,2026-07-09 10:57:18,V019,100.0,1.01257650553414
2026-07-09,2026-07-09 10:57:19,V019,100.0,1.009584666059262
2026-07-09,2026-07-09 10:57:20,V019,100.0,1.0176639571247235
2026-07-09,2026-07-09 10:57:21,V019,99.0,1.0199550977587069
2026-07-09,2026-07-09 10:57:22,V019,100.0,1.01329115065181
2026-07-09,2026-07-09 10:57:23,V019,100.0,1.014987456354831
2026-07-09,2026-07-09 10:57:24,V019,100.0,1.0174175827463399
2026-07-09,2026-07-09 10:57:25,V019,101.0,1.0139871117110593
2026-07-09,2026-07-09 10:57:26,V019,102.0,1.0139778108897906
2026-07-09,2026-07-09 10:57:27,V019,102.0,1.0151340820140615
2026-07-09,2026-07-09 10:57:28,V019,102.0,1.0124765364422166
2026-07-09,2026-07-09 10:57:29,V019,102.0,1.0197415223677275
2026-07-09,2026-07-09 10:57:30,V019,102.0,1.0166899976573753
2026-07-09,2026-07-09 10:57:31,V019,101.0,1.013178908801465
2026-07-09,2026-07-09 10:57:32,V019,101.0,1.0190316365752008
2026-07-09,2026-07-09 10:57:33,V019,101.0,1.0209036514518806
2026-07-09,2026-07-09 10:57:34,V019,100.0,1.0198774002506854
2026-07-09,2026-07-09 10:57:35,V019,100.0,1.0124067978660867
2026-07-09,2026-07-09 10:57:36,V019,100.0,1.0364269416114307
2026-07-09,2026-07-09 10:57:37,V019,100.0,1.0174208229449015
2026-07-09,2026-07-09 10:57:38,V019,99.0,1.0128465549248031
2026-07-09,2026-07-09 10:57:39,V019,99.0,1.0143404049237068
2026-07-09,2026-07-09 10:57:40,V019,99.0,1.0130718509413685
2026-07-09,2026-07-09 10:57:41,V019,100.0,1.0254568256029186
2026-07-09,2026-07-09 10:57:42,V019,101.0,1.048913919042072
2026-07-09,2026-07-09 10:57:43,V019,101.0,1.0217113462065792
2026-07-09,2026-07-09 10:57:44,V019,102.0,1.0179514755927352
2026-07-09,2026-07-09 10:57:45,V019,102.0,1.028889413572087
2026-07-09,2026-07-09 10:57:46,V019,102.0,1.0339686958902932
2026-07-09,2026-07-09 10:57:47,V019,102.0,1.0109904654026742
2026-07-09,2026-07-09 10:57:48,V019,103.0,1.0151583261688322
2026-07-09,2026-07-09 10:57:49,V019,103.0,1.0133280447940056
2026-07-09,2026-07-09 10:57:50,V019,102.0,1.0163333190336858
2026-07-09,2026-07-09 10:57:51,V019,102.0,1.0196104702874649
2026-07-09,2026-07-09 10:57:52,V019,100.0,1.0246408170026111
2026-07-09,2026-07-09 10:57:53,V019,99.0,1.0218913975849016
2026-07-09,2026-07-09 10:57:54,V019,99.0,1.0190366725303706
2026-07-09,2026-07-09 10:57:55,V019,98.0,1.02179636259765
2026-07-09,2026-07-09 10:57:56,V019,97.0,1.0154444452972793
2026-07-09,2026-07-09 10:57:57,V019,97.0,1.0184078447761105
2026-07-09,2026-07-09 10:57:58,V019,97.0,1.0171153239515391
2026-07-09,2026-07-09 10:57:59,V019,97.0,1.0378810222428623
2026-07-09,2026-07-09 10:58:00,V019,98.0,1.029384924920923
2026-07-09,2026-07-09 10:58:01,V019,98.0,1.011535769289474
2026-07-09,2026-07-09 10:58:02,V019,98.0,1.0179359249744997
2026-07-09,2026-07-09 10:58:03,V019,98.0,1.022105061553529
2026-07-09,2026-07-09 10:58:04,V019,98.0,1.0184605422360422
2026-07-09,2026-07-09 10:58:05,V019,98.0,1.0334610308645344
2026-07-09,2026-07-09 10:58:06,V019,97.0,1.0349277151145264
2026-07-09,2026-07-09 10:58:07,V019,97.0,1.0308512885400702
2026-07-09,2026-07-09 10:58:08,V019,97.0,1.0304569797999874
2026-07-09,2026-07-09 10:58:09,V019,96.0,1.0335526406264863
2026-07-09,2026-07-09 10:58:10,V019,96.0,1.0281109633288315
2026-07-09,2026-07-09 10:58:11,V019,96.0,1.02699194843452
2026-07-09,2026-07-09 10:58:12,V019,96.0,1.033767014237912
2026-07-09,2026-07-09 10:58:13,V019,96.0,1.0203322211241033
2026-07-09,2026-07-09 10:58:14,V019,96.0,1.0209523524342128
2026-07-09,2026-07-09 10:58:15,V019,95.0,1.017005523193105
2026-07-09,2026-07-09 10:58:16,V019,95.0,1.0169501902831788
2026-07-09,2026-07-09 10:58:17,V019,95.0,1.0186042959397132
2026-07-09,2026-07-09 10:58:18,V019,95.0,1.0135685227557107
2026-07-09,2026-07-09 10:58:19,V019,95.0,1.0371101188215062
2026-07-09,2026-07-09 10:58:20,V019,95.0,1.0238196411957534
2026-07-09,2026-07-09 10:58:21,V019,96.0,1.0295142414183582
2026-07-09,2026-07-09 10:58:22,V019,96.0,1.0168707472409602
2026-07-09,2026-07-09 10:58:23,V019,96.0,1.0526349937567225
2026-07-09,2026-07-09 10:58:24,V019,96.0,1.0131223497861466
2026-07-09,2026-07-09 10:58:25,V019,96.0,1.0236765585614693
2026-07-09,2026-07-09 10:58:26,V019,96.0,1.0215999842119885
2026-07-09,2026-07-09 10:58:27,V019,95.0,1.0139885076743822
2026-07-09,2026-07-09 10:58:28,V019,95.0,1.0156664822054577
2026-07-09,2026-07-09 10:58:29,V019,94.0,1.0053602396460883
2026-07-09,2026-07-09 10:58:30,V019,94.0,1.0258007816372254
2026-07-09,2026-07-09 10:58:31,V019,94.0,1.0129703125152443
2026-07-09,2026-07-09 10:58:32,V019,95.0,1.0134242601907035
2026-07-09,2026-07-09 10:58:33,V019,95.0,1.01514014885253
2026-07-09,2026-07-09 10:58:34,V019,95.0,1.0119580534590924
2026-07-09,2026-07-09 10:58:35,V019,96.0,1.0121998988136311
2026-07-09,2026-07-09 10:58:36,V019,96.0,1.0161925258168794
2026-07-09,2026-07-09 10:58:37,V019,97.0,1.0150233044237709
2026-07-09,2026-07-09 10:58:38,V019,97.0,1.0078035108052603
2026-07-09,2026-07-09 10:58:39,V019,98.0,1.0141604398471633
2026-07-09,2026-07-09 10:58:40,V019,99.0,1.0163747276500528
2026-07-09,2026-07-09 10:58:41,V019,100.0,1.0126196182374667
2026-07-09,2026-07-09 10:58:42,V019,100.0,1.0109554144130126
2026-07-09,2026-07-09 10:58:43,V019,101.0,1.0171935170586393
2026-07-09,2026-07-09 10:58:44,V019,102.0,1.0114757728052253
2026-07-09,2026-07-09 10:58:45,V019,102.0,1.0137327623801338
2026-07-09,2026-07-09 10:58:46,V019,103.0,1.0150939146090947
2026-07-09,2026-07-09 10:58:47,V019,103.0,1.0142347130359328
2026-07-09,2026-07-09 10:58:48,V019,103.0,1.015301971930698
2026-07-09,2026-07-09 10:58:49,V019,102.0,1.0146591899189492
2026-07-09,2026-07-09 10:58:50,V019,102.0,1.0135013057855746
2026-07-09,2026-07-09 10:58:51,V019,102.0,1.0167468805150213
2026-07-09,2026-07-09 10:58:52,V019,101.0,1.017742896073132
2026-07-09,2026-07-09 10:58:53,V019,101.0,1.022479557375959
2026-07-09,2026-07-09 10:58:54,V019,100.0,1.0598952179017243
2026-07-09,2026-07-09 10:58:55,V019,100.0,1.0157379795943615
2026-07-09,2026-07-09 10:58:56,V019,99.0,1.0232788476483046
2026-07-09,2026-07-09 10:58:57,V019,99.0,1.015563452744499
2026-07-09,2026-07-09 10:58:58,V019,99.0,1.0254887369185108
2026-07-09,2026-07-09 10:58:59,V019,100.0,1.0219258595215248
2026-07-09,2026-07-09 10:59:00,V019,100.0,1.032745778709061
2026-07-09,2026-07-09 10:59:01,V019,100.0,1.0230204547740644
2026-07-09,2026-07-09 10:59:02,V019,100.0,1.0106897579389007
2026-07-09,2026-07-09 10:59:03,V019,100.0,1.0212219782524257
2026-07-09,2026-07-09 10:59:04,V019,99.0,1.0653967036558232
2026-07-09,2026-07-09 10:59:05,V019,99.0,1.04240592673117
2026-07-09,2026-07-09 10:59:06,V019,98.0,1.0376134541038382
2026-07-09,2026-07-09 10:59:07,V019,97.0,1.0269911021386906
2026-07-09,2026-07-09 10:59:08,V019,97.0,1.0329631866823004
2026-07-09,2026-07-09 10:59:09,V019,97.0,1.0231399027040893
2026-07-09,2026-07-09 10:59:10,V019,96.0,1.0405790384422986
2026-07-09,2026-07-09 10:59:11,V019,96.0,1.0113952154352341
2026-07-09,2026-07-09 10:59:12,V019,96.0,1.0274801921810444
2026-07-09,2026-07-09 10:59:13,V019,96.0,1.0383647028214062
2026-07-09,2026-07-09 10:59:14,V019,96.0,1.0060503307300828
2026-07-09,2026-07-09 10:59:15,V019,96.0,1.0131326639431824
2026-07-09,2026-07-09 10:59:16,V019,96.0,1.0264253968535015
2026-07-09,2026-07-09 10:59:17,V019,96.0,1.043898772211488
2026-07-09,2026-07-09 10:59:18,V019,96.0,1.026543260912827
2026-07-09,2026-07-09 10:59:19,V019,96.0,1.0269584087229064
2026-07-09,2026-07-09 10:59:20,V019,95.0,1.0175115121313931
2026-07-09,2026-07-09 10:59:21,V019,94.0,1.0222721656104317
2026-07-09,2026-07-09 10:59:22,V019,94.0,1.0190392437884879
2026-07-09,2026-07-09 10:59:23,V019,94.0,1.0115840809133982
2026-07-09,2026-07-09 10:59:24,V019,94.0,1.025232948790858
2026-07-09,2026-07-09 10:59:25,V019,94.0,1.016679298818097
2026-07-09,2026-07-09 10:59:26,V019,94.0,1.0281058855123966
2026-07-09,2026-07-09 10:59:27,V019,94.0,1.0208532556248449
2026-07-09,2026-07-09 10:59:28,V019,95.0,1.0120094624494458
2026-07-09,2026-07-09 10:59:29,V019,96.0,1.0203042538878373
2026-07-09,2026-07-09 10:59:30,V019,97.0,1.0260307516763159
2026-07-09,2026-07-09 10:59:31,V019,97.0,1.0125084371586508
2026-07-09,2026-07-09 10:59:32,V019,98.0,1.0180145287406386
2026-07-09,2026-07-09 10:59:33,V019,99.0,1.0160240687531064
2026-07-09,2026-07-09 10:59:34,V019,99.0,1.0191739558955366
2026-07-09,2026-07-09 10:59:35,V019,99.0,1.0142765015981234
2026-07-09,2026-07-09 10:59:36,V019,100.0,1.0143100788932091
2026-07-09,2026-07-09 10:59:37,V019,100.0,1.0157896796256383
2026-07-09,2026-07-09 10:59:38,V019,100.0,1.0121223324957704
2026-07-09,2026-07-09 10:59:39,V019,100.0,1.0148030247027215
2026-07-09,2026-07-09 10:59:40,V019,100.0,1.0585465004492731
2026-07-09,2026-07-09 10:59:41,V019,99.0,1.074038768701355
2026-07-09,2026-07-09 10:59:42,V019,99.0,1.0582981648114607
2026-07-09,2026-07-09 10:59:43,V019,99.0,1.02891549980434
2026-07-09,2026-07-09 10:59:44,V019,99.0,1.0624701007893926
2026-07-09,2026-07-09 10:59:45,V019,98.0,1.0173472826393122
2026-07-09,2026-07-09 10:59:46,V019,98.0,1.0311967686527728
2026-07-09,2026-07-09 10:59:47,V019,97.0,1.0242422176835295
2026-07-09,2026-07-09 10:59:48,V019,98.0,1.0234752262741456
2026-07-09,2026-07-09 10:59:49,V019,98.0,1.026153552067287
2026-07-09,2026-07-09 10:59:50,V019,98.0,1.0033495636619858
2026-07-09,2026-07-09 10:59:51,V019,98.0,1.0358626361703194
2026-07-09,2026-07-09 10:59:52,V019,98.0,1.0091363042792425
2026-07-09,2026-07-09 10:59:53,V019,98.0,1.0355271954779426
2026-07-09,2026-07-09 10:59:54,V019,97.0,1.020552639787043
2026-07-09,2026-07-09 10:59:55,V019,97.0,1.0180980337689134
2026-07-09,2026-07-09 10:59:56,V019,96.0,1.0830180539943874
2026-07-09,2026-07-09 10:59:57,V019,96.0,1.0379994882145647
2026-07-09,2026-07-09 10:59:58,V019,96.0,1.016101713509054
2026-07-09,2026-07-09 10:59:59,V019,95.0,1.0185951661358756
2026-07-09,2026-07-09 11:00:00,V019,94.0,1.022699299365139
2026-07-09,2026-07-09 11:00:01,V019,92.0,1.0261219604967218
2026-07-09,2026-07-09 11:00:02,V019,92.0,1.019400352823912
2026-07-09,2026-07-09 11:00:03,V019,91.0,1.0688692682203058
2026-07-09,2026-07-09 11:00:04,V019,90.0,0.9974085134078048
2026-07-09,2026-07-09 11:00:05,V019,90.0,1.055218970821866
2026-07-09,2026-07-09 11:00:06,V019,90.0,1.0190865573602923
2026-07-09,2026-07-09 11:00:07,V019,91.0,1.0147251458786426
2026-07-09,2026-07-09 11:00:08,V019,92.0,1.0170188516394472
2026-07-09,2026-07-09 11:00:09,V019,93.0,1.0107530575166142
2026-07-09,2026-07-09 11:00:10,V019,93.0,1.0160231959793102
2026-07-09,2026-07-09 11:00:11,V019,92.0,1.0119446480268999
2026-07-09,2026-07-09 11:00:12,V019,93.0,1.021966877076891
2026-07-09,2026-07-09 11:00:13,V019,93.0,1.0343664692013173
2026-07-09,2026-07-09 11:00:14,V019,93.0,1.0139410427663191
2026-07-09,2026-07-09 11:00:15,V019,94.0,1.1646726268607117
2026-07-09,2026-07-09 11:00:16,V019,95.0,1.1766293381332296
2026-07-09,2026-07-09 11:00:17,V019,95.0,1.1152559369241237
2026-07-09,2026-07-09 11:00:18,V019,96.0,1.2140363422229286
2026-07-09,2026-07-09 11:00:19,V019,96.0,0.9866214960915975
2026-07-09,2026-07-09 11:00:20,V019,97.0,1.309555545812006
2026-07-09,2026-07-09 11:00:21,V019,97.0,1.2393855427822018
2026-07-09,2026-07-09 11:00:22,V019,97.0,1.1062050023267789
2026-07-09,2026-07-09 11:00:23,V019,97.0,1.0512201693801533
2026-07-09,2026-07-09 11:00:24,V019,97.0,1.0717984962098428
2026-07-09,2026-07-09 11:00:25,V019,97.0,0.9960409747945492
2026-07-09,2026-07-09 11:00:26,V019,97.0,1.03990727085939
2026-07-09,2026-07-09 11:00:27,V019,97.0,1.07431747994355
2026-07-09,2026-07-09 11:00:28,V019,97.0,0.9889650148341109
2026-07-09,2026-07-09 11:00:29,V019,98.0,1.0451846951488275
2026-07-09,2026-07-09 11:00:30,V019,99.0,1.017160340778618
2026-07-09,2026-07-09 11:00:31,V019,100.0,1.0116576772725603
2026-07-09,2026-07-09 11:00:32,V019,101.0,1.0181994296736911
2026-07-09,2026-07-09 11:00:33,V019,102.0,1.0133901967689223
2026-07-09,2026-07-09 11:00:34,V019,104.0,1.0147870667365442
2026-07-09,2026-07-09 11:00:35,V019,105.0,1.0194997563230943
2026-07-09,2026-07-09 11:00:36,V019,105.0,1.0248841591327391
2026-07-09,2026-07-09 11:00:37,V019,105.0,1.0189326967705599
2026-07-09,2026-07-09 11:00:38,V019,106.0,1.0195347466008373
2026-07-09,2026-07-09 11:00:39,V019,106.0,1.0136047890333602
2026-07-09,2026-07-09 11:00:40,V019,105.0,1.0217863441499204
2026-07-09,2026-07-09 11:00:41,V019,105.0,1.0263329149386098
2026-07-09,2026-07-09 11:00:42,V019,104.0,1.0448365929972538
2026-07-09,2026-07-09 11:00:43,V019,104.0,1.018162327461197
2026-07-09,2026-07-09 11:00:44,V019,104.0,1.0289958505963224
2026-07-09,2026-07-09 11:00:45,V019,105.0,1.006997375165652
2026-07-09,2026-07-09 11:00:46,V019,105.0,1.05485441393925
2026-07-09,2026-07-09 11:00:47,V019,105.0,1.0214970998252004
2026-07-09,2026-07-09 11:00:48,V019,106.0,1.0388136706960294
2026-07-09,2026-07-09 11:00:49,V019,105.0,1.0236512298717961
2026-07-09,2026-07-09 11:00:50,V019,105.0,1.0652540948841924
2026-07-09,2026-07-09 11:00:51,V019,105.0,1.0120384382138075
2026-07-09,2026-07-09 11:00:52,V019,105.0,1.1467102491855496
2026-07-09,2026-07-09 11:00:53,V019,105.0,1.3188266911837596
2026-07-09,2026-07-09 11:00:54,V019,105.0,1.0450337964907126
2026-07-09,2026-07-09 11:00:55,V019,104.0,1.0819082488074865
2026-07-09,2026-07-09 11:00:56,V019,104.0,1.175729617155817
2026-07-09,2026-07-09 11:00:57,V019,103.0,1.3617654079655714
2026-07-09,2026-07-09 11:00:58,V019,101.0,1.0207234171490667
2026-07-09,2026-07-09 11:00:59,V019,100.0,1.0611000331918066
2026-07-09,2026-07-09 11:01:00,V019,100.0,1.0601630774620434
2026-07-09,2026-07-09 11:01:01,V019,99.0,1.1435931001515867
2026-07-09,2026-07-09 11:01:02,V019,98.0,1.0341714361721406
2026-07-09,2026-07-09 11:01:03,V019,98.0,1.037677388622504
2026-07-09,2026-07-09 11:01:04,V019,99.0,1.008005551140476
2026-07-09,2026-07-09 11:01:05,V019,99.0,1.0283245036280761
2026-07-09,2026-07-09 11:01:06,V019,100.0,1.0126932840704843
2026-07-09,2026-07-09 11:01:07,V019,101.0,1.0279773865817874
2026-07-09,2026-07-09 11:01:08,V019,101.0,1.0089596687008089
2026-07-09,2026-07-09 11:01:09,V019,102.0,1.016137880142147
2026-07-09,2026-07-09 11:01:10,V019,104.0,1.01297901889187
2026-07-09,2026-07-09 11:01:11,V019,105.0,1.0149546222631385
2026-07-09,2026-07-09 11:01:12,V019,105.0,1.0146333609822984
2026-07-09,2026-07-09 11:01:13,V019,106.0,1.0083905139051526
2026-07-09,2026-07-09 11:01:14,V019,107.0,1.0238849771855574
2026-07-09,2026-07-09 11:01:15,V019,107.0,1.0251220188895975
2026-07-09,2026-07-09 11:01:16,V019,107.0,0.9753809079982935
2026-07-09,2026-07-09 11:01:17,V019,107.0,1.1331765034358576
2026-07-09,2026-07-09 11:01:18,V019,106.0,1.012028740539911
2026-07-09,2026-07-09 11:01:19,V019,106.0,1.0585828327146076
2026-07-09,2026-07-09 11:01:20,V019,106.0,0.9955820273769669
2026-07-09,2026-07-09 11:01:21,V019,105.0,0.941987895141992
2026-07-09,2026-07-09 11:01:22,V019,103.0,1.1759021725142011
2026-07-09,2026-07-09 11:01:23,V019,103.0,0.9767265869550522
2026-07-09,2026-07-09 11:01:24,V019,103.0,1.0370361660533276
2026-07-09,2026-07-09 11:01:25,V019,103.0,1.0045689599095673
2026-07-09,2026-07-09 11:01:26,V019,103.0,1.0343417922695823
2026-07-09,2026-07-09 11:01:27,V019,102.0,1.0228850615706646
2026-07-09,2026-07-09 11:01:28,V019,102.0,1.0190158725416747
2026-07-09,2026-07-09 11:01:29,V019,102.0,1.0388050427383895
2026-07-09,2026-07-09 11:01:30,V019,101.0,1.0098520019361903
2026-07-09,2026-07-09 11:01:31,V019,100.0,1.030070611668218
2026-07-09,2026-07-09 11:01:32,V019,100.0,1.080168798053765
2026-07-09,2026-07-09 11:01:33,V019,99.0,1.0156081267884427
2026-07-09,2026-07-09 11:01:34,V019,96.0,1.0121294500053204
2026-07-09,2026-07-09 11:01:35,V019,94.0,1.0308262351748256
2026-07-09,2026-07-09 11:01:36,V019,94.0,1.0219743919908184
2026-07-09,2026-07-09 11:01:37,V019,92.0,1.012244413402748
2026-07-09,2026-07-09 11:01:38,V019,89.0,1.0140350424231803
2026-07-09,2026-07-09 11:01:39,V019,88.0,1.0456246249501655
2026-07-09,2026-07-09 11:01:40,V019,88.0,1.0393985340375096
2026-07-09,2026-07-09 11:01:41,V019,87.0,1.0734870206700515
2026-07-09,2026-07-09 11:01:42,V019,88.0,1.116468513719641
2026-07-09,2026-07-09 11:01:43,V019,89.0,1.0495621722748445
2026-07-09,2026-07-09 11:01:44,V019,89.0,1.0620184451363595
2026-07-09,2026-07-09 11:01:45,V019,90.0,1.0652867199783702
2026-07-09,2026-07-09 11:01:46,V019,91.0,1.0285985754547817
2026-07-09,2026-07-09 11:01:47,V019,92.0,1.1093032851900297
2026-07-09,2026-07-09 11:01:48,V019,92.0,1.0515054670387798
2026-07-09,2026-07-09 11:01:49,V019,91.0,1.045881801557256
2026-07-09,2026-07-09 11:01:50,V019,91.0,1.0083301453407134
2026-07-09,2026-07-09 11:01:51,V019,90.0,1.0328038941804343
2026-07-09,2026-07-09 11:01:52,V019,90.0,1.0844107417733335
2026-07-09,2026-07-09 11:01:53,V019,90.0,1.0109354465996998
2026-07-09,2026-07-09 11:01:54,V019,90.0,1.0211848830541717
2026-07-09,2026-07-09 11:01:55,V019,91.0,1.0767676424092214
2026-07-09,2026-07-09 11:01:56,V019,91.0,0.9930561082521432
2026-07-09,2026-07-09 11:01:57,V019,91.0,1.0401024483103127
2026-07-09,2026-07-09 11:01:58,V019,91.0,1.0651476765847543
2026-07-09,2026-07-09 11:01:59,V019,91.0,0.9739555710889293
2026-07-09,2026-07-09 11:02:00,V019,91.0,1.0347971025947937
2026-07-09,2026-07-09 11:02:01,V019,91.0,1.052999472066452
2026-07-09,2026-07-09 11:02:02,V019,92.0,1.0295949282741992
2026-07-09,2026-07-09 11:02:03,V019,92.0,1.0379074687306278
2026-07-09,2026-07-09 11:02:04,V019,92.0,1.0380708530562264
2026-07-09,2026-07-09 11:02:05,V019,93.0,1.0681170037600012
2026-07-09,2026-07-09 11:02:06,V019,93.0,1.0714657619186627
2026-07-09,2026-07-09 11:02:07,V019,93.0,1.0058515752007566
2026-07-09,2026-07-09 11:02:08,V019,93.0,1.0445475634565244
2026-07-09,2026-07-09 11:02:09,V019,93.0,1.0395871945256776
2026-07-09,2026-07-09 11:02:10,V019,94.0,1.0645664594967583
2026-07-09,2026-07-09 11:02:11,V019,95.0,1.0491603964904783
2026-07-09,2026-07-09 11:02:12,V019,95.0,1.0251576741348294
2026-07-09,2026-07-09 11:02:13,V019,96.0,1.071045085131023
2026-07-09,2026-07-09 11:02:14,V019,96.0,1.0098983547910443
2026-07-09,2026-07-09 11:02:15,V019,96.0,1.0890781751495455
2026-07-09,2026-07-09 11:02:16,V019,96.0,1.0368535276095525
2026-07-09,2026-07-09 11:02:17,V019,95.0,1.0168212548358833
2026-07-09,2026-07-09 11:02:18,V019,95.0,1.012688375787636
2026-07-09,2026-07-09 11:02:19,V019,95.0,1.1176386375671883
2026-07-09,2026-07-09 11:02:20,V019,96.0,1.0113012766782272
2026-07-09,2026-07-09 11:02:21,V019,96.0,1.0505819011501174
2026-07-09,2026-07-09 11:02:22,V019,97.0,1.0465202279963512
2026-07-09,2026-07-09 11:02:23,V019,98.0,1.0174323585724585
2026-07-09,2026-07-09 11:02:24,V019,98.0,1.0214626094687203
2026-07-09,2026-07-09 11:02:25,V019,98.0,1.025979423637063
2026-07-09,2026-07-09 11:02:26,V019,100.0,1.0198037024615823
2026-07-09,2026-07-09 11:02:27,V019,101.0,1.0326357077827473
2026-07-09,2026-07-09 11:02:28,V019,102.0,1.0406858151162535
2026-07-09,2026-07-09 11:02:29,V019,102.0,1.0258097705215619
2026-07-09,2026-07-09 11:02:30,V019,102.0,1.095473312446741
2026-07-09,2026-07-09 11:02:31,V019,102.0,1.0263891758866779
2026-07-09,2026-07-09 11:02:32,V019,102.0,1.061952654889173
2026-07-09,2026-07-09 11:02:33,V019,102.0,1.039696386756124
2026-07-09,2026-07-09 11:02:34,V019,103.0,1.0386289744166752
2026-07-09,2026-07-09 11:02:35,V019,103.0,1.0530929547144376
2026-07-09,2026-07-09 11:02:36,V019,104.0,1.0348831564399033
2026-07-09,2026-07-09 11:02:37,V019,104.0,1.0141333079989094
2026-07-09,2026-07-09 11:02:38,V019,104.0,1.0348378698712903
2026-07-09,2026-07-09 11:02:39,V019,104.0,0.9989471239986126
2026-07-09,2026-07-09 11:02:40,V019,104.0,1.0334716758547677
2026-07-09,2026-07-09 11:02:41,V019,104.0,1.010109185809774
2026-07-09,2026-07-09 11:02:42,V019,104.0,1.0045547529354755
2026-07-09,2026-07-09 11:02:43,V019,104.0,1.0321423016881601
2026-07-09,2026-07-09 11:02:44,V019,104.0,1.0105626884807546
2026-07-09,2026-07-09 11:02:45,V019,103.0,1.0142808271610884
2026-07-09,2026-07-09 11:02:46,V019,103.0,0.9945357030794564
2026-07-09,2026-07-09 11:02:47,V019,103.0,1.0695376537057728
2026-07-09,2026-07-09 11:02:48,V019,103.0,1.054234695349721
2026-07-09,2026-07-09 11:02:49,V019,102.0,1.0308606764338766
2026-07-09,2026-07-09 11:02:50,V019,102.0,1.0263891308947082
2026-07-09,2026-07-09 11:02:51,V019,101.0,1.013299270771459
2026-07-09,2026-07-09 11:02:52,V019,100.0,1.0656050440137204
2026-07-09,2026-07-09 11:02:53,V019,100.0,1.0175956751917408
2026-07-09,2026-07-09 11:02:54,V019,100.0,1.0319763496962724
2026-07-09,2026-07-09 11:02:55,V019,100.0,1.0435176953968104
2026-07-09,2026-07-09 11:02:56,V019,100.0,1.0410761591331665
2026-07-09,2026-07-09 11:02:57,V019,100.0,1.0611937816070252
2026-07-09,2026-07-09 11:02:58,V019,100.0,1.0540105655345167
2026-07-09,2026-07-09 11:02:59,V019,100.0,1.0226234601653172
2026-07-09,2026-07-09 11:03:00,V019,100.0,1.022642087949983
2026-07-09,2026-07-09 11:03:01,V019,100.0,1.061014231058446
2026-07-09,2026-07-09 11:03:02,V019,100.0,1.0330828288802538
2026-07-09,2026-07-09 11:03:03,V019,99.0,0.9952556513148489
2026-07-09,2026-07-09 11:03:04,V019,98.0,1.0217482010424241
2026-07-09,2026-07-09 11:03:05,V019,97.0,1.0418870208236126
2026-07-09,2026-07-09 11:03:06,V019,97.0,1.052705272190662
2026-07-09,2026-07-09 11:03:07,V019,96.0,1.0300871599729868
2026-07-09,2026-07-09 11:03:08,V019,93.0,1.0321062810778183
2026-07-09,2026-07-09 11:03:09,V019,92.0,0.988827735759942
2026-07-09,2026-07-09 11:03:10,V019,92.0,1.0468281602604177
2026-07-09,2026-07-09 11:03:11,V019,91.0,1.0405533620432232
2026-07-09,2026-07-09 11:03:12,V019,89.0,1.0374329509386202
2026-07-09,2026-07-09 11:03:13,V019,89.0,1.0252686144378036
2026-07-09,2026-07-09 11:03:14,V019,89.0,1.0140150031553805
2026-07-09,2026-07-09 11:03:15,V019,89.0,1.0676649463490353
2026-07-09,2026-07-09 11:03:16,V019,89.0,1.0245799513211824
2026-07-09,2026-07-09 11:03:17,V019,89.0,0.9933055816596368
2026-07-09,2026-07-09 11:03:18,V019,89.0,1.1009952238023084
2026-07-09,2026-07-09 11:03:19,V019,90.0,1.0523872505535308
2026-07-09,2026-07-09 11:03:20,V019,90.0,1.021593646572841
2026-07-09,2026-07-09 11:03:21,V019,90.0,1.035929775564065
2026-07-09,2026-07-09 11:03:22,V019,91.0,1.0569196460712038
2026-07-09,2026-07-09 11:03:23,V019,91.0,1.0600889796951485
2026-07-09,2026-07-09 11:03:24,V019,92.0,1.0552361685824632
2026-07-09,2026-07-09 11:03:25,V019,92.0,1.0487865338096423
2026-07-09,2026-07-09 11:03:26,V019,92.0,1.0520899987057857
2026-07-09,2026-07-09 11:03:27,V019,93.0,1.0213358665074719
2026-07-09,2026-07-09 11:03:28,V019,94.0,1.0115552663008642
2026-07-09,2026-07-09 11:03:29,V019,95.0,1.0458707595569086
2026-07-09,2026-07-09 11:03:30,V019,95.0,1.0205229312713093
2026-07-09,2026-07-09 11:03:31,V019,96.0,1.0280432286607195
2026-07-09,2026-07-09 11:03:32,V019,97.0,1.076110001599115
2026-07-09,2026-07-09 11:03:33,V019,97.0,1.0150800398374018
2026-07-09,2026-07-09 11:03:34,V019,97.0,1.0495647045911691
2026-07-09,2026-07-09 11:03:35,V019,97.0,1.04723897095194
2026-07-09,2026-07-09 11:03:36,V019,97.0,1.011499912552581
2026-07-09,2026-07-09 11:03:37,V019,97.0,1.2439063958064753
2026-07-09,2026-07-09 11:03:38,V019,97.0,1.0758261734388626
2026-07-09,2026-07-09 11:03:39,V019,97.0,1.2016186246889131
2026-07-09,2026-07-09 11:03:40,V019,97.0,1.1146231842922867
2026-07-09,2026-07-09 11:03:41,V019,97.0,1.242081609327893
2026-07-09,2026-07-09 11:03:42,V019,97.0,1.205719070928018
2026-07-09,2026-07-09 11:03:43,V019,97.0,1.208464042557209
2026-07-09,2026-07-09 11:03:44,V019,96.0,1.106181182295
2026-07-09,2026-07-09 11:03:45,V019,96.0,1.0913975399047278
2026-07-09,2026-07-09 11:03:46,V019,96.0,1.0067293025202448
2026-07-09,2026-07-09 11:03:47,V019,96.0,1.0256564787799312
2026-07-09,2026-07-09 11:03:48,V019,97.0,1.076737813923168
2026-07-09,2026-07-09 11:03:49,V019,97.0,1.0205056119677334
2026-07-09,2026-07-09 11:03:50,V019,97.0,1.0415125598746788
2026-07-09,2026-07-09 11:03:51,V019,98.0,1.0024154390641855
2026-07-09,2026-07-09 11:03:52,V019,99.0,1.0329071630985491
2026-07-09,2026-07-09 11:03:53,V019,99.0,1.0483214628599151
2026-07-09,2026-07-09 11:03:54,V019,99.0,1.022441833912486
2026-07-09,2026-07-09 11:03:55,V019,100.0,1.014133519066537
2026-07-09,2026-07-09 11:03:56,V019,100.0,1.015014131353747
2026-07-09,2026-07-09 11:03:57,V019,100.0,1.0209793041535025
2026-07-09,2026-07-09 11:03:58,V019,100.0,1.0250734762958733
2026-07-09,2026-07-09 11:03:59,V019,100.0,1.0177169332894132
2026-07-09,2026-07-09 11:04:00,V019,100.0,1.0197284887787201
2026-07-09,2026-07-09 11:04:01,V019,100.0,1.0521144159611617
2026-07-09,2026-07-09 11:04:02,V019,100.0,0.9982541072871438
2026-07-09,2026-07-09 11:04:03,V019,99.0,1.0284347178259565
2026-07-09,2026-07-09 11:04:04,V019,99.0,1.003476051070955
2026-07-09,2026-07-09 11:04:05,V019,99.0,1.0316703986831772
2026-07-09,2026-07-09 11:04:06,V019,99.0,1.0337885322143725
2026-07-09,2026-07-09 11:04:07,V019,99.0,1.0076776030139853
2026-07-09,2026-07-09 11:04:08,V019,98.0,1.0299539902629302
2026-07-09,2026-07-09 11:04:09,V019,98.0,1.0316225654695415
2026-07-09,2026-07-09 11:04:10,V019,98.0,1.029712416369245
2026-07-09,2026-07-09 11:04:11,V019,98.0,1.1108316475596047
2026-07-09,2026-07-09 11:04:12,V019,96.0,1.063535186026509
2026-07-09,2026-07-09 11:04:13,V019,96.0,1.2186786493648558
2026-07-09,2026-07-09 11:04:14,V019,96.0,1.1906267900875902
2026-07-09,2026-07-09 11:04:15,V019,95.0,1.4811198070052618
2026-07-09,2026-07-09 11:04:16,V019,94.0,1.0101924614189595
2026-07-09,2026-07-09 11:04:17,V019,94.0,1.0518355913371162
2026-07-09,2026-07-09 11:04:18,V019,94.0,1.176871540097606
2026-07-09,2026-07-09 11:04:19,V019,94.0,1.4107140454871718
2026-07-09,2026-07-09 11:04:20,V019,94.0,1.0683866297417495
2026-07-09,2026-07-09 11:04:21,V019,94.0,1.0825153640356044
2026-07-09,2026-07-09 11:04:22,V019,95.0,1.0094605781322903
2026-07-09,2026-07-09 11:04:23,V019,96.0,1.116473762489123
2026-07-09,2026-07-09 11:04:24,V019,97.0,1.0879688056548646
2026-07-09,2026-07-09 11:04:25,V019,98.0,1.0481731644234875
2026-07-09,2026-07-09 11:04:26,V019,98.0,1.0321888456038755
2026-07-09,2026-07-09 11:04:27,V019,99.0,1.00823316067858
2026-07-09,2026-07-09 11:04:28,V019,101.0,1.0098848765951187
2026-07-09,2026-07-09 11:04:29,V019,102.0,1.0297422950778121
2026-07-09,2026-07-09 11:04:30,V019,104.0,1.0446480137603393
2026-07-09,2026-07-09 11:04:31,V019,105.0,1.001858507786521
2026-07-09,2026-07-09 11:04:32,V019,105.0,1.0288887266145756
2026-07-09,2026-07-09 11:04:33,V019,104.0,1.0131246597183878
2026-07-09,2026-07-09 11:04:34,V019,104.0,1.036477885944071
2026-07-09,2026-07-09 11:04:35,V019,104.0,1.01594390107435
2026-07-09,2026-07-09 11:04:36,V019,104.0,1.0462100455033554
2026-07-09,2026-07-09 11:04:37,V019,104.0,1.0799245897297862
2026-07-09,2026-07-09 11:04:38,V019,104.0,1.1031304484056794
2026-07-09,2026-07-09 11:04:39,V019,104.0,1.0408020752393645
2026-07-09,2026-07-09 11:04:40,V019,104.0,0.9966963767895248
2026-07-09,2026-07-09 11:04:41,V019,104.0,1.2729587702699816
2026-07-09,2026-07-09 11:04:42,V019,104.0,1.2211048738521295
2026-07-09,2026-07-09 11:04:43,V019,104.0,1.0993719997117735
2026-07-09,2026-07-09 11:04:44,V019,102.0,1.1192565913845534
2026-07-09,2026-07-09 11:04:45,V019,101.0,1.2111487333401885
2026-07-09,2026-07-09 11:04:46,V019,100.0,1.1707217503053584
2026-07-09,2026-07-09 11:04:47,V019,99.0,1.3098795332186093
2026-07-09,2026-07-09 11:04:48,V019,98.0,1.2861987203685596
2026-07-09,2026-07-09 11:04:49,V019,97.0,1.1151691867157756
2026-07-09,2026-07-09 11:04:50,V019,97.0,1.0399659734091604
2026-07-09,2026-07-09 11:04:51,V019,97.0,1.0056274301911772
2026-07-09,2026-07-09 11:04:52,V019,96.0,1.049594711585849
2026-07-09,2026-07-09 11:04:53,V019,95.0,1.0182164963027864
2026-07-09,2026-07-09 11:04:54,V019,96.0,1.026666488438586
2026-07-09,2026-07-09 11:04:55,V019,97.0,1.0282105398700132
2026-07-09,2026-07-09 11:04:56,V019,97.0,1.024676339738638
2026-07-09,2026-07-09 11:04:57,V019,98.0,1.008239328820385
2026-07-09,2026-07-09 11:04:58,V019,98.0,1.0244320714051534
2026-07-09,2026-07-09 11:04:59,V019,98.0,1.0282904465484795
2026-07-09,2026-07-09 11:05:00,V019,99.0,1.0345735100116846
2026-07-09,2026-07-09 11:05:01,V019,98.0,0.9961744234875602
2026-07-09,2026-07-09 11:05:02,V019,97.0,1.030100922664768
2026-07-09,2026-07-09 11:05:03,V019,96.0,1.016037358888224
2026-07-09,2026-07-09 11:05:04,V019,95.0,1.0105867337780123
2026-07-09,2026-07-09 11:05:05,V019,95.0,1.0325261709428002
2026-07-09,2026-07-09 11:05:06,V019,95.0,1.014742452505645
2026-07-09,2026-07-09 11:05:07,V019,96.0,1.0183662351462561
2026-07-09,2026-07-09 11:05:08,V019,96.0,1.011027933428309
2026-07-09,2026-07-09 11:05:09,V019,95.0,1.0182693879026983
2026-07-09,2026-07-09 11:05:10,V019,94.0,1.01018456428331
2026-07-09,2026-07-09 11:05:11,V019,94.0,1.0291916841475646
2026-07-09,2026-07-09 11:05:12,V019,93.0,0.9979460603106097
2026-07-09,2026-07-09 11:05:13,V019,92.0,1.029628971219794
2026-07-09,2026-07-09 11:05:14,V019,92.0,1.0129228312957608
2026-07-09,2026-07-09 11:05:15,V019,91.0,1.0214230476743522
2026-07-09,2026-07-09 11:05:16,V019,90.0,1.0358110866204846
2026-07-09,2026-07-09 11:05:17,V019,90.0,1.0031378753920857
2026-07-09,2026-07-09 11:05:18,V019,91.0,1.0447558777203885
2026-07-09,2026-07-09 11:05:19,V019,91.0,1.0017508309259782
2026-07-09,2026-07-09 11:05:20,V019,91.0,1.0200927199065781
2026-07-09,2026-07-09 11:05:21,V019,92.0,1.03846774643203
2026-07-09,2026-07-09 11:05:22,V019,92.0,1.0055315119770658
2026-07-09,2026-07-09 11:05:23,V019,92.0,1.0379975444278475
2026-07-09,2026-07-09 11:05:24,V019,92.0,1.0198200914571047
2026-07-09,2026-07-09 11:05:25,V019,92.0,1.0081223487700515
2026-07-09,2026-07-09 11:05:26,V019,93.0,1.0635682766784074
2026-07-09,2026-07-09 11:05:27,V019,93.0,0.9953731904725559
2026-07-09,2026-07-09 11:05:28,V019,94.0,1.0269944116424647
2026-07-09,2026-07-09 11:05:29,V019,94.0,1.0188033213371646
2026-07-09,2026-07-09 11:05:30,V019,95.0,1.047636093642873
2026-07-09,2026-07-09 11:05:31,V019,95.0,1.013316619344514
2026-07-09,2026-07-09 11:05:32,V019,95.0,1.0290560432270686
2026-07-09,2026-07-09 11:05:33,V019,95.0,1.0359220606924688
2026-07-09,2026-07-09 11:05:34,V019,96.0,1.034753180337855
2026-07-09,2026-07-09 11:05:35,V019,97.0,1.0386838362536297
2026-07-09,2026-07-09 11:05:36,V019,97.0,1.0504117814548348
2026-07-09,2026-07-09 11:05:37,V019,97.0,1.005376837305327
2026-07-09,2026-07-09 11:05:38,V019,97.0,1.0231168274670186
2026-07-09,2026-07-09 11:05:39,V019,98.0,1.0821372183597728
2026-07-09,2026-07-09 11:05:40,V019,98.0,1.0670070966184186
2026-07-09,2026-07-09 11:05:41,V019,97.0,1.0251113345727136
2026-07-09,2026-07-09 11:05:42,V019,97.0,0.9945467528136167
2026-07-09,2026-07-09 11:05:43,V019,97.0,1.0434451629883408
2026-07-09,2026-07-09 11:05:44,V019,98.0,1.0548382348915348
2026-07-09,2026-07-09 11:05:45,V019,98.0,1.0372919331526573
2026-07-09,2026-07-09 11:05:46,V019,97.0,1.067591326879308
2026-07-09,2026-07-09 11:05:47,V019,97.0,1.0345452945069227
2026-07-09,2026-07-09 11:05:48,V019,97.0,1.0417626613653144
2026-07-09,2026-07-09 11:05:49,V019,97.0,1.003703155236946
2026-07-09,2026-07-09 11:05:50,V019,98.0,1.0623879021644835
2026-07-09,2026-07-09 11:05:51,V019,98.0,1.0040144411030667
2026-07-09,2026-07-09 11:05:52,V019,98.0,1.0427707110982332
2026-07-09,2026-07-09 11:05:53,V019,98.0,1.0387500933002924
2026-07-09,2026-07-09 11:05:54,V019,98.0,1.001629526018791
2026-07-09,2026-07-09 11:05:55,V019,98.0,1.0129199347916547
2026-07-09,2026-07-09 11:05:56,V019,98.0,1.0138983798049557
2026-07-09,2026-07-09 11:05:57,V019,98.0,1.0132141768648222
2026-07-09,2026-07-09 11:05:58,V019,97.0,1.0128921789797258
2026-07-09,2026-07-09 11:05:59,V019,96.0,1.013615093253105
2026-07-09,2026-07-09 11:06:00,V019,96.0,1.0287922223726065
2026-07-09,2026-07-09 11:06:01,V019,95.0,1.0340295839471778
2026-07-09,2026-07-09 11:06:02,V019,93.0,1.0243774784361752
2026-07-09,2026-07-09 11:06:03,V019,93.0,1.009413723593793
2026-07-09,2026-07-09 11:06:04,V019,93.0,1.036876405884344
2026-07-09,2026-07-09 11:06:05,V019,94.0,1.0259417754234255
2026-07-09,2026-07-09 11:06:06,V019,95.0,1.0188608265719306
2026-07-09,2026-07-09 11:06:07,V019,95.0,1.0492313827873867
2026-07-09,2026-07-09 11:06:08,V019,95.0,1.0127044224020578
2026-07-09,2026-07-09 11:06:09,V019,95.0,1.0499311921644472
2026-07-09,2026-07-09 11:06:10,V019,94.0,1.0052250310857647
2026-07-09,2026-07-09 11:06:11,V019,93.0,1.045755688229512
2026-07-09,2026-07-09 11:06:12,V019,93.0,0.9851984205233796
2026-07-09,2026-07-09 11:06:13,V019,92.0,1.0414135696191806
2026-07-09,2026-07-09 11:06:14,V019,91.0,1.0563246439627807
2026-07-09,2026-07-09 11:06:15,V019,91.0,0.9975242168182105
2026-07-09,2026-07-09 11:06:16,V019,91.0,1.035332909008765
2026-07-09,2026-07-09 11:06:17,V019,91.0,1.0508101840761834
2026-07-09,2026-07-09 11:06:18,V019,92.0,0.9943250667674302
2026-07-09,2026-07-09 11:06:19,V019,93.0,1.0448611011929092
2026-07-09,2026-07-09 11:06:20,V019,93.0,1.044022630281729
2026-07-09,2026-07-09 11:06:21,V019,93.0,1.0112736886347473
2026-07-09,2026-07-09 11:06:22,V019,94.0,1.0333918393822075
2026-07-09,2026-07-09 11:06:23,V019,94.0,1.054861020669442
2026-07-09,2026-07-09 11:06:24,V019,94.0,0.9866272735636283
2026-07-09,2026-07-09 11:06:25,V019,94.0,1.0626109001120883
2026-07-09,2026-07-09 11:06:26,V019,94.0,1.0442349440146423
2026-07-09,2026-07-09 11:06:27,V019,93.0,0.9924180698125284
2026-07-09,2026-07-09 11:06:28,V019,93.0,1.0572201321510273
2026-07-09,2026-07-09 11:06:29,V019,93.0,1.0036429658990313
2026-07-09,2026-07-09 11:06:30,V019,93.0,1.0718940842654945
2026-07-09,2026-07-09 11:06:31,V019,92.0,0.9927186071802444
2026-07-09,2026-07-09 11:06:32,V019,92.0,1.0253861635953947
2026-07-09,2026-07-09 11:06:33,V019,92.0,1.0359351805400074
2026-07-09,2026-07-09 11:06:34,V019,91.0,1.0083493637299672
2026-07-09,2026-07-09 11:06:35,V019,91.0,1.0086461852172783
2026-07-09,2026-07-09 11:06:36,V019,91.0,1.0152556439590934
2026-07-09,2026-07-09 11:06:37,V019,91.0,1.0062098179637495
2026-07-09,2026-07-09 11:06:38,V019,90.0,1.0423703910002347
2026-07-09,2026-07-09 11:06:39,V019,89.0,1.0033287336902708
2026-07-09,2026-07-09 11:06:40,V019,89.0,0.9926489809483472
2026-07-09,2026-07-09 11:06:41,V019,88.0,1.0462452175717802
2026-07-09,2026-07-09 11:06:42,V019,88.0,1.0173052413689327
2026-07-09,2026-07-09 11:06:43,V019,89.0,1.04331440004435
2026-07-09,2026-07-09 11:06:44,V019,89.0,1.007738090744461
2026-07-09,2026-07-09 11:06:45,V019,89.0,1.025947085798921
2026-07-09,2026-07-09 11:06:46,V019,91.0,1.0402079869457297
2026-07-09,2026-07-09 11:06:47,V019,91.0,1.007956041383266
2026-07-09,2026-07-09 11:06:48,V019,91.0,1.0181554570539344
2026-07-09,2026-07-09 11:06:49,V019,92.0,1.0132313933788029
2026-07-09,2026-07-09 11:06:50,V019,93.0,1.037449394285364
2026-07-09,2026-07-09 11:06:51,V019,94.0,1.0125833248582121
2026-07-09,2026-07-09 11:06:52,V019,94.0,1.0283645986456045
2026-07-09,2026-07-09 11:06:53,V019,94.0,1.028861961815438
2026-07-09,2026-07-09 11:06:54,V019,94.0,1.011808791853574
2026-07-09,2026-07-09 11:06:55,V019,94.0,1.0186131784477517
2026-07-09,2026-07-09 11:06:56,V019,94.0,1.0208400583424582
2026-07-09,2026-07-09 11:06:57,V019,94.0,1.0215971043651833
2026-07-09,2026-07-09 11:06:58,V019,94.0,1.0210929789802172
2026-07-09,2026-07-09 11:06:59,V019,94.0,1.0157562423066988
2026-07-09,2026-07-09 11:07:00,V019,94.0,1.0176940958253229
2026-07-09,2026-07-09 11:07:01,V019,94.0,1.0209323821253828
2026-07-09,2026-07-09 11:07:02,V019,95.0,1.0201244978819337
2026-07-09,2026-07-09 11:07:03,V019,95.0,1.0040066095762996
2026-07-09,2026-07-09 11:07:04,V019,96.0,1.013839464307194
2026-07-09,2026-07-09 11:07:05,V019,97.0,1.0223410326261941
2026-07-09,2026-07-09 11:07:06,V019,97.0,1.0014939178841404
2026-07-09,2026-07-09 11:07:07,V019,97.0,1.0068385279980552
2026-07-09,2026-07-09 11:07:08,V019,97.0,1.0247072179817953
2026-07-09,2026-07-09 11:07:09,V019,98.0,1.0048293186479966
2026-07-09,2026-07-09 11:07:10,V019,99.0,1.013889899851137
2026-07-09,2026-07-09 11:07:11,V019,99.0,1.0139479867682992
2026-07-09,2026-07-09 11:07:12,V019,98.0,1.0193363052709672
2026-07-09,2026-07-09 11:07:13,V019,97.0,1.0090660183240343
2026-07-09,2026-07-09 11:07:14,V019,96.0,1.01469972919098
2026-07-09,2026-07-09 11:07:15,V019,96.0,1.0174067955002624
2026-07-09,2026-07-09 11:07:16,V019,94.0,1.004829683881145
2026-07-09,2026-07-09 11:07:17,V019,93.0,1.0273766088641534
2026-07-09,2026-07-09 11:07:18,V019,93.0,1.0213936226800673
2026-07-09,2026-07-09 11:07:19,V019,92.0,1.0159253705288864
2026-07-09,2026-07-09 11:07:20,V019,89.0,1.0128050945750766
2026-07-09,2026-07-09 11:07:21,V019,89.0,1.0107740983564693
2026-07-09,2026-07-09 11:07:22,V019,89.0,1.0123892974968685
2026-07-09,2026-07-09 11:07:23,V019,89.0,1.0137360274848304
2026-07-09,2026-07-09 11:07:24,V019,89.0,1.0109275553145851
2026-07-09,2026-07-09 11:07:25,V019,89.0,1.0318042947038613
2026-07-09,2026-07-09 11:07:26,V019,89.0,1.021982875040984
2026-07-09,2026-07-09 11:07:27,V019,89.0,1.0208250685946363
2026-07-09,2026-07-09 11:07:28,V019,90.0,0.9682921169233321
2026-07-09,2026-07-09 11:07:29,V019,90.0,1.1039648812050427
2026-07-09,2026-07-09 11:07:30,V019,91.0,1.0179272465564526
2026-07-09,2026-07-09 11:07:31,V019,92.0,1.025293099854148
2026-07-09,2026-07-09 11:07:32,V019,92.0,1.0273450409546139
2026-07-09,2026-07-09 11:07:33,V019,93.0,1.0169476758931706
2026-07-09,2026-07-09 11:07:34,V019,94.0,1.0208750025311217
2026-07-09,2026-07-09 11:07:35,V019,95.0,1.0194147920158643
2026-07-09,2026-07-09 11:07:36,V019,95.0,1.0159715020409184
2026-07-09,2026-07-09 11:07:37,V019,95.0,1.0166667926883173
2026-07-09,2026-07-09 11:07:38,V019,95.0,1.0173421268456564
2026-07-09,2026-07-09 11:07:39,V019,94.0,1.0587597387475496
2026-07-09,2026-07-09 11:07:40,V019,95.0,0.9931476963701179
2026-07-09,2026-07-09 11:07:41,V019,95.0,1.0120317319430827
2026-07-09,2026-07-09 11:07:42,V019,95.0,1.0463245074827978
2026-07-09,2026-07-09 11:07:43,V019,96.0,1.0395154797407227
2026-07-09,2026-07-09 11:07:44,V019,97.0,1.0246024288549744
2026-07-09,2026-07-09 11:07:45,V019,97.0,1.036210954913428
2026-07-09,2026-07-09 11:07:46,V019,97.0,1.0383469439156248
2026-07-09,2026-07-09 11:07:47,V019,97.0,1.027802715663193
2026-07-09,2026-07-09 11:07:48,V019,96.0,1.0294355218845734
2026-07-09,2026-07-09 11:07:49,V019,95.0,1.0283404610028175
2026-07-09,2026-07-09 11:07:50,V019,95.0,1.0279365451902445
2026-07-09,2026-07-09 11:07:51,V019,94.0,1.0279841233161409
2026-07-09,2026-07-09 11:07:52,V019,93.0,1.0287873278181818
2026-07-09,2026-07-09 11:07:53,V019,93.0,1.0283124479572843
2026-07-09,2026-07-09 11:07:54,V019,93.0,1.0272245531570117
2026-07-09,2026-07-09 11:07:55,V019,93.0,1.030289359119872
2026-07-09,2026-07-09 11:07:56,V019,93.0,1.0284057535647508
2026-07-09,2026-07-09 11:07:57,V019,94.0,1.026350070535068
2026-07-09,2026-07-09 11:07:58,V019,94.0,1.0300105792283256
2026-07-09,2026-07-09 11:07:59,V019,94.0,1.0299626346753985
2026-07-09,2026-07-09 11:08:00,V019,94.0,1.0294969812446648
2026-07-09,2026-07-09 11:08:01,V019,94.0,1.0285227407120268
2026-07-09,2026-07-09 11:08:02,V019,94.0,1.0287881771387342
2026-07-09,2026-07-09 11:08:03,V019,94.0,1.0283158953064153
2026-07-09,2026-07-09 11:08:04,V019,94.0,1.0289466974908668
2026-07-09,2026-07-09 11:08:05,V019,94.0,1.0290122322968285
2026-07-09,2026-07-09 11:08:06,V019,94.0,1.028356041239396
2026-07-09,2026-07-09 11:08:07,V019,94.0,1.0297379036837335
2026-07-09,2026-07-09 11:08:08,V019,95.0,1.0274068526467381
2026-07-09,2026-07-09 11:08:09,V019,95.0,1.028351238463883
2026-07-09,2026-07-09 11:08:10,V019,94.0,1.0289670614979105
2026-07-09,2026-07-09 11:08:11,V019,94.0,1.0288046471663141
2026-07-09,2026-07-09 11:08:12,V019,93.0,1.0272035591491293
2026-07-09,2026-07-09 11:08:13,V019,93.0,1.0290215606800974
2026-07-09,2026-07-09 11:08:14,V019,93.0,1.0297653694013567
2026-07-09,2026-07-09 11:08:15,V019,93.0,1.0295723576743983
2026-07-09,2026-07-09 11:08:16,V019,94.0,1.0293887563928479
2026-07-09,2026-07-09 11:08:17,V019,95.0,1.0277364071865316
2026-07-09,2026-07-09 11:08:18,V019,94.0,1.0291848106326078
2026-07-09,2026-07-09 11:08:19,V019,94.0,1.0289281386034432
2026-07-09,2026-07-09 11:08:20,V019,93.0,1.029493296466959
2026-07-09,2026-07-09 11:08:21,V019,93.0,1.0278387693053683
2026-07-09,2026-07-09 11:08:22,V019,93.0,1.0289464978171834
2026-07-09,2026-07-09 11:08:23,V019,93.0,1.028557530357697
2026-07-09,2026-07-09 11:08:24,V019,92.0,1.0282246564597204
2026-07-09,2026-07-09 11:08:25,V019,92.0,1.0300633912002826
2026-07-09,2026-07-09 11:08:26,V019,93.0,1.0335751263171458
2026-07-09,2026-07-09 11:08:27,V019,93.0,1.0104249881248022
2026-07-09,2026-07-09 11:08:28,V019,93.0,1.023745756494743
2026-07-09,2026-07-09 11:08:29,V019,94.0,1.0221133791212673
2026-07-09,2026-07-09 11:08:30,V019,94.0,1.0395706652036945
2026-07-09,2026-07-09 11:08:31,V019,94.0,0.9865662496545352
2026-07-09,2026-07-09 11:08:32,V019,95.0,1.0518694532858113
2026-07-09,2026-07-09 11:08:33,V019,96.0,1.0354283623160314
2026-07-09,2026-07-09 11:08:34,V019,96.0,1.030336533213166
2026-07-09,2026-07-09 11:08:35,V019,97.0,1.0308030037678675
2026-07-09,2026-07-09 11:08:36,V019,99.0,1.0332266471533254
2026-07-09,2026-07-09 11:08:37,V019,99.0,1.023975330992066
2026-07-09,2026-07-09 11:08:38,V019,99.0,1.0295222147205498
2026-07-09,2026-07-09 11:08:39,V019,100.0,1.0275224767235203
2026-07-09,2026-07-09 11:08:40,V019,100.0,1.0279004587257283
2026-07-09,2026-07-09 11:08:41,V019,99.0,1.0286082753567498
2026-07-09,2026-07-09 11:08:42,V019,99.0,1.0275308616342764
2026-07-09,2026-07-09 11:08:43,V019,99.0,1.0304384368516089
2026-07-09,2026-07-09 11:08:44,V019,97.0,1.0297148562945366
2026-07-09,2026-07-09 11:08:45,V019,97.0,1.0279374760034112
2026-07-09,2026-07-09 11:08:46,V019,97.0,1.0335571301450097
2026-07-09,2026-07-09 11:08:47,V019,96.0,1.0239215142426004
2026-07-09,2026-07-09 11:08:48,V019,96.0,1.030098330667522
2026-07-09,2026-07-09 11:08:49,V019,96.0,1.0281122148676738
2026-07-09,2026-07-09 11:08:50,V019,96.0,1.0300818478527083
2026-07-09,2026-07-09 11:08:51,V019,96.0,1.0270473376241573
2026-07-09,2026-07-09 11:08:52,V019,97.0,1.0275979170971163
2026-07-09,2026-07-09 11:08:53,V019,98.0,1.0308572996305916
2026-07-09,2026-07-09 11:08:54,V019,98.0,1.0275957592385945
2026-07-09,2026-07-09 11:08:55,V019,98.0,1.0288780632173211
2026-07-09,2026-07-09 11:08:56,V019,99.0,1.0296432908645186
2026-07-09,2026-07-09 11:08:57,V019,99.0,1.0279177156616748
2026-07-09,2026-07-09 11:08:58,V019,99.0,1.0315370287053178
2026-07-09,2026-07-09 11:08:59,V019,98.0,1.027576541916842
2026-07-09,2026-07-09 11:09:00,V019,96.0,1.0304976939948856
2026-07-09,2026-07-09 11:09:01,V019,95.0,1.0274422689212124
2026-07-09,2026-07-09 11:09:02,V019,95.0,1.0327193468591782
2026-07-09,2026-07-09 11:09:03,V019,95.0,1.0256634314853827
2026-07-09,2026-07-09 11:09:04,V019,96.0,1.0267931933584324
2026-07-09,2026-07-09 11:09:05,V019,96.0,1.027854771908421
2026-07-09,2026-07-09 11:09:06,V019,96.0,1.0272793562044977
2026-07-09,2026-07-09 11:09:07,V019,97.0,1.0319515594745254
2026-07-09,2026-07-09 11:09:08,V019,99.0,1.0201214506973348
2026-07-09,2026-07-09 11:09:09,V019,99.0,1.020169808261222
2026-07-09,2026-07-09 11:09:10,V019,99.0,1.0282186976780407
2026-07-09,2026-07-09 11:09:11,V019,99.0,1.027570846228772
2026-07-09,2026-07-09 11:09:12,V019,99.0,1.026515098265502
2026-07-09,2026-07-09 11:09:13,V019,99.0,1.02734684211691
2026-07-09,2026-07-09 11:09:14,V019,99.0,1.027288979644008
2026-07-09,2026-07-09 11:09:15,V019,98.0,1.0247896121526021
2026-07-09,2026-07-09 11:09:16,V019,97.0,1.0248179063734522
2026-07-09,2026-07-09 11:09:17,V019,97.0,1.025169813695117
2026-07-09,2026-07-09 11:09:18,V019,97.0,1.0243212859329636
2026-07-09,2026-07-09 11:09:19,V019,96.0,1.0229788847126282
2026-07-09,2026-07-09 11:09:20,V019,96.0,1.024165359690759
2026-07-09,2026-07-09 11:09:21,V019,96.0,1.0229856644617359
2026-07-09,2026-07-09 11:09:22,V019,96.0,1.0264499085727814
2026-07-09,2026-07-09 11:09:23,V019,96.0,1.024053287105775
2026-07-09,2026-07-09 11:09:24,V019,95.0,1.0263732859999692
2026-07-09,2026-07-09 11:09:25,V019,94.0,1.0273344475871058
2026-07-09,2026-07-09 11:09:26,V019,94.0,1.0300045375290483
2026-07-09,2026-07-09 11:09:27,V019,94.0,1.0228696252765315
2026-07-09,2026-07-09 11:09:28,V019,93.0,1.0333981840418158
2026-07-09,2026-07-09 11:09:29,V019,93.0,1.0292645592952645
2026-07-09,2026-07-09 11:09:30,V019,93.0,1.0290618761370172
2026-07-09,2026-07-09 11:09:31,V019,93.0,1.0333284183164595
2026-07-09,2026-07-09 11:09:32,V019,94.0,1.036319179548
2026-07-09,2026-07-09 11:09:33,V019,95.0,1.0261003311185202
2026-07-09,2026-07-09 11:09:34,V019,95.0,1.0250784226765377
2026-07-09,2026-07-09 11:09:35,V019,95.0,1.030703452712023
2026-07-09,2026-07-09 11:09:36,V019,96.0,1.0279319484989868
2026-07-09,2026-07-09 11:09:37,V019,97.0,1.0260391526015684
2026-07-09,2026-07-09 11:09:38,V019,97.0,1.0273593898556321
2026-07-09,2026-07-09 11:09:39,V019,98.0,1.0262950299357545
2026-07-09,2026-07-09 11:09:40,V019,98.0,1.0479414756061443
2026-07-09,2026-07-09 11:09:41,V019,97.0,1.0386084871829258
2026-07-09,2026-07-09 11:09:42,V019,97.0,1.0348888276374428
2026-07-09,2026-07-09 11:09:43,V019,97.0,1.0253860109576498
2026-07-09,2026-07-09 11:09:44,V019,97.0,1.0538736759847724
2026-07-09,2026-07-09 11:09:45,V019,97.0,1.0284375950957418
2026-07-09,2026-07-09 11:09:46,V019,97.0,1.029496284403678
2026-07-09,2026-07-09 11:09:47,V019,97.0,1.0227209318727952
2026-07-09,2026-07-09 11:09:48,V019,97.0,1.0231247598169604
2026-07-09,2026-07-09 11:09:49,V019,97.0,1.0185802885591806
2026-07-09,2026-07-09 11:09:50,V019,97.0,1.0214196789510646
2026-07-09,2026-07-09 11:09:51,V019,96.0,1.0175933469130893
2026-07-09,2026-07-09 11:09:52,V019,96.0,1.027920148992716
2026-07-09,2026-07-09 11:09:53,V019,95.0,1.0253446837202058
2026-07-09,2026-07-09 11:09:54,V019,94.0,1.02834201929248
2026-07-09,2026-07-09 11:09:55,V019,94.0,1.0265474815173312
2026-07-09,2026-07-09 11:09:56,V019,93.0,1.0156949384453566
2026-07-09,2026-07-09 11:09:57,V019,93.0,1.0178376673491538
2026-07-09,2026-07-09 11:09:58,V019,92.0,1.011585154337668
2026-07-09,2026-07-09 11:09:59,V019,91.0,1.0152898403774717
2026-07-09,2026-07-09 11:10:00,V019,91.0,1.0165644499279654
2026-07-09,2026-07-09 11:10:01,V019,91.0,1.0197282212432552
2026-07-09,2026-07-09 11:10:02,V019,92.0,1.0049585214155956
2026-07-09,2026-07-09 11:10:03,V019,92.0,1.0175955895528157
2026-07-09,2026-07-09 11:10:04,V019,92.0,1.0099914558529899
2026-07-09,2026-07-09 11:10:05,V019,93.0,1.0167132480962966
2026-07-09,2026-07-09 11:10:06,V019,93.0,1.0114558722133018
2026-07-09,2026-07-09 11:10:07,V019,93.0,1.0113614431890388
2026-07-09,2026-07-09 11:10:08,V019,93.0,1.0140384570441978
2026-07-09,2026-07-09 11:10:09,V019,94.0,1.015469634439142
2026-07-09,2026-07-09 11:10:10,V019,94.0,1.013444518529973
2026-07-09,2026-07-09 11:10:11,V019,94.0,1.027719652316373
2026-07-09,2026-07-09 11:10:12,V019,95.0,0.9961418700558704
2026-07-09,2026-07-09 11:10:13,V019,96.0,1.0224888128779468
2026-07-09,2026-07-09 11:10:14,V019,97.0,1.0160351270759624
2026-07-09,2026-07-09 11:10:15,V019,97.0,1.0112212645991991
2026-07-09,2026-07-09 11:10:16,V019,97.0,1.0059310596523372
2026-07-09,2026-07-09 11:10:17,V019,96.0,1.018287418112265
2026-07-09,2026-07-09 11:10:18,V019,95.0,1.0154076511868781
2026-07-09,2026-07-09 11:10:19,V019,94.0,1.0064001509073113
2026-07-09,2026-07-09 11:10:20,V019,94.0,1.008705896793541
2026-07-09,2026-07-09 11:10:21,V019,93.0,1.0231545554320987
2026-07-09,2026-07-09 11:10:22,V019,93.0,1.0172878703060175
2026-07-09,2026-07-09 11:10:23,V019,92.0,1.0159885638806
2026-07-09,2026-07-09 11:10:24,V019,92.0,1.0158441232555684
2026-07-09,2026-07-09 11:10:25,V019,92.0,1.0133891566277546
2026-07-09,2026-07-09 11:10:26,V019,92.0,1.0148117216657664
2026-07-09,2026-07-09 11:10:27,V019,92.0,1.0136024301002209
2026-07-09,2026-07-09 11:10:28,V019,92.0,1.0164114156507633
2026-07-09,2026-07-09 11:10:29,V019,93.0,1.0142471514119524
2026-07-09,2026-07-09 11:10:30,V019,93.0,1.0167987441088908
2026-07-09,2026-07-09 11:10:31,V019,93.0,1.0136750144292572
2026-07-09,2026-07-09 11:10:32,V019,93.0,1.01711280800185
2026-07-09,2026-07-09 11:10:33,V019,93.0,1.0146447813044353
2026-07-09,2026-07-09 11:10:34,V019,92.0,1.0128662827953852
2026-07-09,2026-07-09 11:10:35,V019,91.0,1.0171108467047545
2026-07-09,2026-07-09 11:10:36,V019,90.0,1.0146053251310287
2026-07-09,2026-07-09 11:10:37,V019,90.0,1.0169967008588972
2026-07-09,2026-07-09 11:10:38,V019,90.0,1.015041989583676
2026-07-09,2026-07-09 11:10:39,V019,90.0,1.0176673091229536
2026-07-09,2026-07-09 11:10:40,V019,90.0,1.018461711087337
2026-07-09,2026-07-09 11:10:41,V019,91.0,1.0141535603280214
2026-07-09,2026-07-09 11:10:42,V019,93.0,1.015263870582262
2026-07-09,2026-07-09 11:10:43,V019,94.0,1.0182591214266619
2026-07-09,2026-07-09 11:10:44,V019,94.0,1.015232641277758
2026-07-09,2026-07-09 11:10:45,V019,95.0,1.0162529847497437
2026-07-09,2026-07-09 11:10:46,V019,95.0,1.0171598570391358
2026-07-09,2026-07-09 11:10:47,V019,94.0,1.0149351304869192
2026-07-09,2026-07-09 11:10:48,V019,94.0,1.0164251311651293
2026-07-09,2026-07-09 11:10:49,V019,94.0,1.0169891944261125
2026-07-09,2026-07-09 11:10:50,V019,93.0,1.0157579699809764
2026-07-09,2026-07-09 11:10:51,V019,93.0,1.0163253121719733
2026-07-09,2026-07-09 11:10:52,V019,94.0,1.0167337925489133
2026-07-09,2026-07-09 11:10:53,V019,95.0,1.0159705155306755
2026-07-09,2026-07-09 11:10:54,V019,96.0,1.027154392739832
2026-07-09,2026-07-09 11:10:55,V019,96.0,1.008893288310609
2026-07-09,2026-07-09 11:10:56,V019,96.0,1.045112888383774
2026-07-09,2026-07-09 11:10:57,V019,97.0,1.0269528502852434
2026-07-09,2026-07-09 11:10:58,V019,97.0,1.0393670773436168
2026-07-09,2026-07-09 11:10:59,V019,96.0,1.0209404733098737
2026-07-09,2026-07-09 11:11:00,V019,96.0,1.0158462729589106
2026-07-09,2026-07-09 11:11:01,V019,96.0,1.086768138143189
2026-07-09,2026-07-09 11:11:02,V019,96.0,0.974820571882559
2026-07-09,2026-07-09 11:11:03,V019,96.0,1.033417923661325
2026-07-09,2026-07-09 11:11:04,V019,96.0,1.0335177813689418
2026-07-09,2026-07-09 11:11:05,V019,97.0,1.0784278906853089
2026-07-09,2026-07-09 11:11:06,V019,97.0,1.0416484453753432
2026-07-09,2026-07-09 11:11:07,V019,98.0,1.035393832429231
2026-07-09,2026-07-09 11:11:08,V019,99.0,1.0140433997015397
2026-07-09,2026-07-09 11:11:09,V019,101.0,1.0318070250500553
2026-07-09,2026-07-09 11:11:10,V019,103.0,1.025702500639759
2026-07-09,2026-07-09 11:11:11,V019,104.0,1.0199498380524807
2026-07-09,2026-07-09 11:11:12,V019,104.0,1.0480011725802412
2026-07-09,2026-07-09 11:11:13,V019,105.0,1.0408449958646195
2026-07-09,2026-07-09 11:11:14,V019,105.0,1.051910533070276
2026-07-09,2026-07-09 11:11:15,V019,106.0,1.048959765060696
2026-07-09,2026-07-09 11:11:16,V019,106.0,1.0959115587836525
2026-07-09,2026-07-09 11:11:17,V019,106.0,1.0470523840879922
2026-07-09,2026-07-09 11:11:18,V019,106.0,1.0423332146914757
2026-07-09,2026-07-09 11:11:19,V019,106.0,1.0360226348619415
2026-07-09,2026-07-09 11:11:20,V019,106.0,1.0536950802286347
2026-07-09,2026-07-09 11:11:21,V019,106.0,1.0062725642153745
2026-07-09,2026-07-09 11:11:22,V019,106.0,1.0016500002017328
2026-07-09,2026-07-09 11:11:23,V019,106.0,1.036083537831041
2026-07-09,2026-07-09 11:11:24,V019,106.0,1.0394747911538504
2026-07-09,2026-07-09 11:11:25,V019,106.0,1.0129726399310626
2026-07-09,2026-07-09 11:11:26,V019,106.0,1.000730754044226
2026-07-09,2026-07-09 11:11:27,V019,106.0,1.0081940240127476
2026-07-09,2026-07-09 11:11:28,V019,106.0,1.00962813525145
2026-07-09,2026-07-09 11:11:29,V019,106.0,1.0097282727917465
2026-07-09,2026-07-09 11:11:30,V019,106.0,1.0116062724118438
2026-07-09,2026-07-09 11:11:31,V019,106.0,1.0039106905715278
2026-07-09,2026-07-09 11:11:32,V019,105.0,1.0128772051357005
2026-07-09,2026-07-09 11:11:33,V019,105.0,1.0120374009407196
2026-07-09,2026-07-09 11:11:34,V019,104.0,1.0135898850170817
2026-07-09,2026-07-09 11:11:35,V019,103.0,1.0238489708763647
2026-07-09,2026-07-09 11:11:36,V019,103.0,1.019677076526281
2026-07-09,2026-07-09 11:11:37,V019,102.0,1.0131004302101783
2026-07-09,2026-07-09 11:11:38,V019,101.0,1.018696435860797
2026-07-09,2026-07-09 11:11:39,V019,101.0,1.0114053970392747
2026-07-09,2026-07-09 11:11:40,V019,100.0,1.0255427206825525
2026-07-09,2026-07-09 11:11:41,V019,100.0,1.0145885670793502
2026-07-09,2026-07-09 11:11:42,V019,99.0,1.0242192682056606
2026-07-09,2026-07-09 11:11:43,V019,99.0,1.0370108816258037
2026-07-09,2026-07-09 11:11:44,V019,99.0,1.0394375342696238
2026-07-09,2026-07-09 11:11:45,V019,99.0,1.024507045230032
2026-07-09,2026-07-09 11:11:46,V019,99.0,1.0210900452818497
2026-07-09,2026-07-09 11:11:47,V019,98.0,1.0216901756926975
2026-07-09,2026-07-09 11:11:48,V019,97.0,1.0534414244186028
2026-07-09,2026-07-09 11:11:49,V019,96.0,1.0157351484825885
2026-07-09,2026-07-09 11:11:50,V019,95.0,1.013340044148438
2026-07-09,2026-07-09 11:11:51,V019,95.0,1.01560583615292
2026-07-09,2026-07-09 11:11:52,V019,95.0,1.0131849772105381
2026-07-09,2026-07-09 11:11:53,V019,95.0,1.0145858750548744
2026-07-09,2026-07-09 11:11:54,V019,95.0,1.0101308477095812
2026-07-09,2026-07-09 11:11:55,V019,95.0,1.005075418289253
2026-07-09,2026-07-09 11:11:56,V019,96.0,1.0178649389503691
2026-07-09,2026-07-09 11:11:57,V019,96.0,1.0096667240906396
2026-07-09,2026-07-09 11:11:58,V019,95.0,1.0172314562410332
2026-07-09,2026-07-09 11:11:59,V019,95.0,1.0107795038442826
2026-07-09,2026-07-09 11:12:00,V019,95.0,1.0127000605061416
2026-07-09,2026-07-09 11:12:01,V019,94.0,1.0146561098881306
2026-07-09,2026-07-09 11:12:02,V019,94.0,1.0040166383457056
2026-07-09,2026-07-09 11:12:03,V019,94.0,1.0460782652785447
2026-07-09,2026-07-09 11:12:04,V019,94.0,1.003635322674655
2026-07-09,2026-07-09 11:12:05,V019,94.0,1.1150799347212001
2026-07-09,2026-07-09 11:12:06,V019,93.0,1.1055352106773015
2026-07-09,2026-07-09 11:12:07,V019,92.0,1.051380182144052
2026-07-09,2026-07-09 11:12:08,V019,92.0,1.1042503231208634
2026-07-09,2026-07-09 11:12:09,V019,92.0,1.1352585297714581
2026-07-09,2026-07-09 11:12:10,V019,91.0,1.0284278114434386
2026-07-09,2026-07-09 11:12:11,V019,92.0,1.0890306835399852
2026-07-09,2026-07-09 11:12:12,V019,92.0,1.0500797807577127
2026-07-09,2026-07-09 11:12:13,V019,92.0,1.0552501927719997
2026-07-09,2026-07-09 11:12:14,V019,91.0,1.0772359075901603
2026-07-09,2026-07-09 11:12:15,V019,91.0,1.0419692860700283
2026-07-09,2026-07-09 11:12:16,V019,91.0,1.0703638178734873
2026-07-09,2026-07-09 11:12:17,V019,91.0,1.0090374241912201
2026-07-09,2026-07-09 11:12:18,V019,91.0,1.1201181438909236
2026-07-09,2026-07-09 11:12:19,V019,92.0,1.087712444896742
2026-07-09,2026-07-09 11:12:20,V019,92.0,1.1537804308137511
2026-07-09,2026-07-09 11:12:21,V019,92.0,1.017835484939404
2026-07-09,2026-07-09 11:12:22,V019,93.0,1.0573614424675515
2026-07-09,2026-07-09 11:12:23,V019,94.0,1.0044004336409453
2026-07-09,2026-07-09 11:12:24,V019,95.0,1.0334016099720282
2026-07-09,2026-07-09 11:12:25,V019,96.0,1.017226636436451
2026-07-09,2026-07-09 11:12:26,V019,96.0,1.0250751802140488
2026-07-09,2026-07-09 11:12:27,V019,97.0,1.0303592435289781
2026-07-09,2026-07-09 11:12:28,V019,98.0,1.0100521096178892
2026-07-09,2026-07-09 11:12:29,V019,98.0,1.014887750390589
2026-07-09,2026-07-09 11:12:30,V019,98.0,1.0063425512937714
2026-07-09,2026-07-09 11:12:31,V019,98.0,1.044853704869286
2026-07-09,2026-07-09 11:12:32,V019,98.0,1.0297191771739713
2026-07-09,2026-07-09 11:12:33,V019,98.0,1.0168249104653766
2026-07-09,2026-07-09 11:12:34,V019,98.0,1.0202672562362107
2026-07-09,2026-07-09 11:12:35,V019,98.0,1.017947340685232
2026-07-09,2026-07-09 11:12:36,V019,97.0,1.0643400728688275
2026-07-09,2026-07-09 11:12:37,V019,97.0,1.022806748657936
2026-07-09,2026-07-09 11:12:38,V019,96.0,1.0176408817054534
2026-07-09,2026-07-09 11:12:39,V019,96.0,1.0105408498412438
2026-07-09,2026-07-09 11:12:40,V019,96.0,1.021314841614373
2026-07-09,2026-07-09 11:12:41,V019,96.0,1.0138226004512745
2026-07-09,2026-07-09 11:12:42,V019,96.0,1.0310514896704175
2026-07-09,2026-07-09 11:12:43,V019,96.0,1.0321533139331132
2026-07-09,2026-07-09 11:12:44,V019,97.0,1.0229967254651484
2026-07-09,2026-07-09 11:12:45,V019,98.0,1.0508268976120285
2026-07-09,2026-07-09 11:12:46,V019,98.0,1.0237710594179996
2026-07-09,2026-07-09 11:12:47,V019,99.0,1.0082425117060654
2026-07-09,2026-07-09 11:12:48,V019,99.0,1.035735796639141
2026-07-09,2026-07-09 11:12:49,V019,100.0,1.02949719435527
2026-07-09,2026-07-09 11:12:50,V019,100.0,1.0477654149835587
2026-07-09,2026-07-09 11:12:51,V019,100.0,0.9901918513484564
2026-07-09,2026-07-09 11:12:52,V019,101.0,1.026410980676071
2026-07-09,2026-07-09 11:12:53,V019,101.0,1.0100018343516193
2026-07-09,2026-07-09 11:12:54,V019,101.0,1.0252068813888822
2026-07-09,2026-07-09 11:12:55,V019,101.0,1.0263110552870844
2026-07-09,2026-07-09 11:12:56,V019,102.0,1.019728954599229
2026-07-09,2026-07-09 11:12:57,V019,102.0,1.0217671874120717
2026-07-09,2026-07-09 11:12:58,V019,102.0,1.019398816846323
2026-07-09,2026-07-09 11:12:59,V019,102.0,1.0159628799913702
2026-07-09,2026-07-09 11:13:00,V019,101.0,1.019270123587246
2026-07-09,2026-07-09 11:13:01,V019,100.0,1.0252916375152015
2026-07-09,2026-07-09 11:13:02,V019,99.0,1.010862912261288
2026-07-09,2026-07-09 11:13:03,V019,98.0,1.0105865647200403
2026-07-09,2026-07-09 11:13:04,V019,97.0,1.0106988258923244
2026-07-09,2026-07-09 11:13:05,V019,96.0,1.0093483137090449
2026-07-09,2026-07-09 11:13:06,V019,96.0,1.0140684970821243
2026-07-09,2026-07-09 11:13:07,V019,96.0,1.0126490850618415
2026-07-09,2026-07-09 11:13:08,V019,95.0,1.0518653595877625
2026-07-09,2026-07-09 11:13:09,V019,94.0,1.0488622261956453
2026-07-09,2026-07-09 11:13:10,V019,93.0,1.0253063507383973
2026-07-09,2026-07-09 11:13:11,V019,92.0,1.0204029860631831
2026-07-09,2026-07-09 11:13:12,V019,92.0,1.0279813691078006
2026-07-09,2026-07-09 11:13:13,V019,91.0,1.0271108662546635
2026-07-09,2026-07-09 11:13:14,V019,91.0,1.0286822189884683
2026-07-09,2026-07-09 11:13:15,V019,90.0,1.0245296463327733
2026-07-09,2026-07-09 11:13:16,V019,91.0,1.0207134788482302
2026-07-09,2026-07-09 11:13:17,V019,92.0,1.022051239118386
2026-07-09,2026-07-09 11:13:18,V019,93.0,1.020128932187711
2026-07-09,2026-07-09 11:13:19,V019,93.0,1.021801007738968
2026-07-09,2026-07-09 11:13:20,V019,94.0,1.0204925582444435
2026-07-09,2026-07-09 11:13:21,V019,95.0,1.02116399669127
2026-07-09,2026-07-09 11:13:22,V019,96.0,1.0229732192023435
2026-07-09,2026-07-09 11:13:23,V019,96.0,1.0166584009806587
2026-07-09,2026-07-09 11:13:24,V019,95.0,1.0202104485792547
2026-07-09,2026-07-09 11:13:25,V019,95.0,1.022816925774636
2026-07-09,2026-07-09 11:13:26,V019,94.0,1.0226673083529554
2026-07-09,2026-07-09 11:13:27,V019,94.0,1.0216812772458153
2026-07-09,2026-07-09 11:13:28,V019,94.0,1.0221506893703023
2026-07-09,2026-07-09 11:13:29,V019,94.0,1.0234976962437814
2026-07-09,2026-07-09 11:13:30,V019,94.0,1.0056871188984406
2026-07-09,2026-07-09 11:13:31,V019,95.0,1.0403463959980785
2026-07-09,2026-07-09 11:13:32,V019,95.0,1.0841236270445307
2026-07-09,2026-07-09 11:13:33,V019,96.0,1.051699477011984
2026-07-09,2026-07-09 11:13:34,V019,98.0,1.0228511648331604
2026-07-09,2026-07-09 11:13:35,V019,98.0,1.0427836417634564
2026-07-09,2026-07-09 11:13:36,V019,99.0,1.013202826606361
2026-07-09,2026-07-09 11:13:37,V019,99.0,1.046859078583202
2026-07-09,2026-07-09 11:13:38,V019,99.0,1.0684914484733936
2026-07-09,2026-07-09 11:13:39,V019,100.0,1.0269246418801086
2026-07-09,2026-07-09 11:13:40,V019,101.0,1.0147640590049556
2026-07-09,2026-07-09 11:13:41,V019,101.0,1.0398946199920973
2026-07-09,2026-07-09 11:13:42,V019,102.0,1.0121689595393888
2026-07-09,2026-07-09 11:13:43,V019,102.0,1.016652898611733
2026-07-09,2026-07-09 11:13:44,V019,103.0,1.0282746870959536
2026-07-09,2026-07-09 11:13:45,V019,103.0,1.0253302507563353
2026-07-09,2026-07-09 11:13:46,V019,104.0,1.0151931012474074
2026-07-09,2026-07-09 11:13:47,V019,105.0,1.0131226299842475
2026-07-09,2026-07-09 11:13:48,V019,105.0,1.0235185810711755
2026-07-09,2026-07-09 11:13:49,V019,105.0,1.0987019930258914
2026-07-09,2026-07-09 11:13:50,V019,106.0,1.0364813631263172
2026-07-09,2026-07-09 11:13:51,V019,106.0,1.0789762485857566
2026-07-09,2026-07-09 11:13:52,V019,105.0,1.0453387787975124
2026-07-09,2026-07-09 11:13:53,V019,105.0,1.0430474362191537
2026-07-09,2026-07-09 11:13:54,V019,105.0,1.07772627122481
2026-07-09,2026-07-09 11:13:55,V019,105.0,1.0090276458353833
2026-07-09,2026-07-09 11:13:56,V019,105.0,1.0190456710374907
2026-07-09,2026-07-09 11:13:57,V019,105.0,1.0115057593417702
2026-07-09,2026-07-09 11:13:58,V019,105.0,1.0104254985407684
2026-07-09,2026-07-09 11:13:59,V019,105.0,1.0194597001785042
2026-07-09,2026-07-09 11:14:00,V019,105.0,1.0131659572512166
2026-07-09,2026-07-09 11:14:01,V019,105.0,1.0112801546836085
2026-07-09,2026-07-09 11:14:02,V019,105.0,1.0128697141641836
2026-07-09,2026-07-09 11:14:03,V019,105.0,1.0128925893641192
2026-07-09,2026-07-09 11:14:04,V019,104.0,1.0377761237548
2026-07-09,2026-07-09 11:14:05,V019,104.0,1.0587228922164857
2026-07-09,2026-07-09 11:14:06,V019,103.0,1.0184093959849119
2026-07-09,2026-07-09 11:14:07,V019,102.0,1.0145385983539887
2026-07-09,2026-07-09 11:14:08,V019,100.0,1.0250541646879918
2026-07-09,2026-07-09 11:14:09,V019,98.0,1.1452954363654884
2026-07-09,2026-07-09 11:14:10,V019,98.0,1.0217895965829964
2026-07-09,2026-07-09 11:14:11,V019,97.0,1.0214705414976595
2026-07-09,2026-07-09 11:14:12,V019,96.0,1.0237833928709859
2026-07-09,2026-07-09 11:14:13,V019,96.0,1.0300548273082548
2026-07-09,2026-07-09 11:14:14,V019,96.0,1.0154715530430853
2026-07-09,2026-07-09 11:14:15,V019,96.0,1.021317728814462
2026-07-09,2026-07-09 11:14:16,V019,97.0,1.0186262015599863
2026-07-09,2026-07-09 11:14:17,V019,98.0,1.0150597764905402
2026-07-09,2026-07-09 11:14:18,V019,98.0,1.015188022309112
2026-07-09,2026-07-09 11:14:19,V019,98.0,1.01764882873944
2026-07-09,2026-07-09 11:14:20,V019,99.0,1.0166120817408995
2026-07-09,2026-07-09 11:14:21,V019,100.0,1.0147970379420177
2026-07-09,2026-07-09 11:14:22,V019,101.0,1.0151607784144636
2026-07-09,2026-07-09 11:14:23,V019,101.0,1.0168082339776425
2026-07-09,2026-07-09 11:14:24,V019,101.0,1.016066054371142
2026-07-09,2026-07-09 11:14:25,V019,101.0,1.015247409503804
2026-07-09,2026-07-09 11:14:26,V019,101.0,1.0160636896901336
2026-07-09,2026-07-09 11:14:27,V019,101.0,1.0160447546781672
2026-07-09,2026-07-09 11:14:28,V019,101.0,1.0159292921668186
2026-07-09,2026-07-09 11:14:29,V019,101.0,1.015439310823351
2026-07-09,2026-07-09 11:14:30,V019,101.0,1.0159408104359506
2026-07-09,2026-07-09 11:14:31,V019,100.0,1.0194417485281653
2026-07-09,2026-07-09 11:14:32,V019,98.0,1.014221000105317
2026-07-09,2026-07-09 11:14:33,V019,97.0,1.005021352204008
2026-07-09,2026-07-09 11:14:34,V019,97.0,1.0428236363755314
2026-07-09,2026-07-09 11:14:35,V019,96.0,1.0139657943388536
2026-07-09,2026-07-09 11:14:36,V019,96.0,1.032827505031019
2026-07-09,2026-07-09 11:14:37,V019,96.0,1.0154167307139415
2026-07-09,2026-07-09 11:14:38,V019,96.0,1.048856712208195
2026-07-09,2026-07-09 11:14:39,V019,96.0,1.0385805365564154
2026-07-09,2026-07-09 11:14:40,V019,98.0,1.006871381968155
2026-07-09,2026-07-09 11:14:41,V019,98.0,1.0281869194364286
2026-07-09,2026-07-09 11:14:42,V019,98.0,1.0116604759518595
2026-07-09,2026-07-09 11:14:43,V019,100.0,1.0128614708206038
2026-07-09,2026-07-09 11:14:44,V019,101.0,1.011264110513554
2026-07-09,2026-07-09 11:14:45,V019,102.0,1.0135184420498518
2026-07-09,2026-07-09 11:14:46,V019,103.0,1.0127760941322832
2026-07-09,2026-07-09 11:14:47,V019,104.0,1.015940691060774
2026-07-09,2026-07-09 11:14:48,V019,103.0,1.013707819710914
2026-07-09,2026-07-09 11:14:49,V019,103.0,1.0099807571166879
2026-07-09,2026-07-09 11:14:50,V019,103.0,1.0144194658802848
2026-07-09,2026-07-09 11:14:51,V019,102.0,1.0160843469863472
2026-07-09,2026-07-09 11:14:52,V019,101.0,1.0106460768328351
2026-07-09,2026-07-09 11:14:53,V019,99.0,1.0254496500941204
2026-07-09,2026-07-09 11:14:54,V019,97.0,1.0124665291876278
2026-07-09,2026-07-09 11:14:55,V019,97.0,1.0147730742149987
2026-07-09,2026-07-09 11:14:56,V019,96.0,1.0113300560438494
2026-07-09,2026-07-09 11:14:57,V019,95.0,1.0136306346293864
2026-07-09,2026-07-09 11:14:58,V019,96.0,1.0146598721566413
2026-07-09,2026-07-09 11:14:59,V019,97.0,1.0156008683139484
2026-07-09,2026-07-09 11:15:00,V019,97.0,1.0152055330002994
2026-07-09,2026-07-09 11:15:01,V019,98.0,1.0134367596537597
2026-07-09,2026-07-09 11:15:02,V019,98.0,1.0127884086658472
2026-07-09,2026-07-09 11:15:03,V019,99.0,1.0162910653163102
2026-07-09,2026-07-09 11:15:04,V019,99.0,1.0141423529801454
2026-07-09,2026-07-09 11:15:05,V019,99.0,1.0110914432156792
2026-07-09,2026-07-09 11:15:06,V019,99.0,1.0170503638612933
2026-07-09,2026-07-09 11:15:07,V019,99.0,1.0121470887822723
2026-07-09,2026-07-09 11:15:08,V019,99.0,1.0130248498844932
2026-07-09,2026-07-09 11:15:09,V019,99.0,1.0143163597800162
2026-07-09,2026-07-09 11:15:10,V019,99.0,1.0098877914210138
2026-07-09,2026-07-09 11:15:11,V019,100.0,1.011397259683234
2026-07-09,2026-07-09 11:15:12,V019,101.0,1.0128166972279147
2026-07-09,2026-07-09 11:15:13,V019,101.0,1.0122128239811632
2026-07-09,2026-07-09 11:15:14,V019,102.0,1.0138914097142206
2026-07-09,2026-07-09 11:15:15,V019,102.0,1.0122083247333
2026-07-09,2026-07-09 11:15:16,V019,102.0,1.0123100822163864
2026-07-09,2026-07-09 11:15:17,V019,102.0,1.0137206268145935
2026-07-09,2026-07-09 11:15:18,V019,101.0,1.0123370491332038
2026-07-09,2026-07-09 11:15:19,V019,100.0,1.0122170094145344
2026-07-09,2026-07-09 11:15:20,V019,100.0,1.0142067677812971
2026-07-09,2026-07-09 11:15:21,V019,100.0,1.0092851830789744
2026-07-09,2026-07-09 11:15:22,V019,100.0,1.0135088858028385
2026-07-09,2026-07-09 11:15:23,V019,100.0,1.010969137972264
2026-07-09,2026-07-09 11:15:24,V019,100.0,1.0143260383695047
2026-07-09,2026-07-09 11:15:25,V019,100.0,1.0085338256236005
2026-07-09,2026-07-09 11:15:26,V019,100.0,1.013103385419558
2026-07-09,2026-07-09 11:15:27,V019,100.0,1.01143263862329
2026-07-09,2026-07-09 11:15:28,V019,100.0,1.0092580484078786
2026-07-09,2026-07-09 11:15:29,V019,100.0,1.0119307730440936
2026-07-09,2026-07-09 11:15:30,V019,101.0,1.0127112348443
2026-07-09,2026-07-09 11:15:31,V019,102.0,1.0069709855263889
2026-07-09,2026-07-09 11:15:32,V019,102.0,1.039967792414637
2026-07-09,2026-07-09 11:15:33,V019,102.0,1.009107137270622
2026-07-09,2026-07-09 11:15:34,V019,101.0,1.0224853969004224
2026-07-09,2026-07-09 11:15:35,V019,101.0,1.0215832093365063
2026-07-09,2026-07-09 11:15:36,V019,100.0,1.0765202918952061
2026-07-09,2026-07-09 11:15:37,V019,99.0,1.041151049542338
2026-07-09,2026-07-09 11:15:38,V019,98.0,1.024163343802581
2026-07-09,2026-07-09 11:15:39,V019,97.0,1.0167308643435249
2026-07-09,2026-07-09 11:15:40,V019,96.0,1.0545901674161413
2026-07-09,2026-07-09 11:15:41,V019,96.0,1.064666230958326
2026-07-09,2026-07-09 11:15:42,V019,96.0,1.1086838678671234
2026-07-09,2026-07-09 11:15:43,V019,95.0,1.0739607353262957
2026-07-09,2026-07-09 11:15:44,V019,96.0,1.0175619576565207
2026-07-09,2026-07-09 11:15:45,V019,97.0,1.012707696711992
2026-07-09,2026-07-09 11:15:46,V019,97.0,1.0399496521065112
2026-07-09,2026-07-09 11:15:47,V019,98.0,1.0198607333201788
2026-07-09,2026-07-09 11:15:48,V019,98.0,1.0266852760998946
2026-07-09,2026-07-09 11:15:49,V019,97.0,1.0616528325485557
2026-07-09,2026-07-09 11:15:50,V019,97.0,1.0252954697031684
2026-07-09,2026-07-09 11:15:51,V019,97.0,1.100151599452686
2026-07-09,2026-07-09 11:15:52,V019,97.0,1.0435735602168223
2026-07-09,2026-07-09 11:15:53,V019,97.0,1.00962684751512
2026-07-09,2026-07-09 11:15:54,V019,97.0,1.0228739034708787
2026-07-09,2026-07-09 11:15:55,V019,97.0,1.0182812776176435
2026-07-09,2026-07-09 11:15:56,V019,97.0,1.1203314620235143
2026-07-09,2026-07-09 11:15:57,V019,97.0,1.0921168105126324
2026-07-09,2026-07-09 11:15:58,V019,97.0,1.0511069385232175
2026-07-09,2026-07-09 11:15:59,V019,98.0,1.0543037061721932
2026-07-09,2026-07-09 11:16:00,V019,99.0,1.112073089968987
2026-07-09,2026-07-09 11:16:01,V019,99.0,1.4222994637261783
2026-07-09,2026-07-09 11:16:02,V019,100.0,1.487566476422334
2026-07-09,2026-07-09 11:16:03,V019,101.0,1.177988391096061
2026-07-09,2026-07-09 11:16:04,V019,101.0,1.0135184680593636
2026-07-09,2026-07-09 11:16:05,V019,102.0,1.1548395183200504
2026-07-09,2026-07-09 11:16:06,V019,102.0,1.0103946842711056
2026-07-09,2026-07-09 11:16:07,V019,103.0,1.729939233036221
2026-07-09,2026-07-09 11:16:08,V019,104.0,2.1388375813315936
2026-07-09,2026-07-09 11:16:09,V019,105.0,1.590375539604823
2026-07-09,2026-07-09 11:16:10,V019,105.0,1.3478815087991438
2026-07-09,2026-07-09 11:16:11,V019,106.0,1.5071717359770591
2026-07-09,2026-07-09 11:16:12,V019,107.0,1.4064364139317265
2026-07-09,2026-07-09 11:16:13,V019,108.0,1.422302096063525
2026-07-09,2026-07-09 11:16:14,V019,108.0,1.0954030620994095
2026-07-09,2026-07-09 11:16:15,V019,109.0,1.1229256846016349
2026-07-09,2026-07-09 11:16:16,V019,110.0,1.054540412898912
2026-07-09,2026-07-09 11:16:17,V019,111.0,1.0643899584186118
2026-07-09,2026-07-09 11:16:18,V019,110.0,1.0462215731454962
2026-07-09,2026-07-09 11:16:19,V019,110.0,1.0574096923596032
2026-07-09,2026-07-09 11:16:20,V019,111.0,1.0386696842528416
2026-07-09,2026-07-09 11:16:21,V019,112.0,1.030822612406841
2026-07-09,2026-07-09 11:16:22,V019,112.0,1.1682960790183785
2026-07-09,2026-07-09 11:16:23,V019,114.0,0.9990342505012032
2026-07-09,2026-07-09 11:16:24,V019,115.0,1.1250211795153755
2026-07-09,2026-07-09 11:16:25,V019,116.0,1.0276476619050874
2026-07-09,2026-07-09 11:16:26,V019,119.0,1.3091756947249098
2026-07-09,2026-07-09 11:16:27,V019,121.0,1.131130258364572
2026-07-09,2026-07-09 11:16:28,V019,121.0,1.0774716733804437
2026-07-09,2026-07-09 11:16:29,V019,124.0,0.9866829300184076
2026-07-09,2026-07-09 11:16:30,V019,125.0,1.089801594777462
2026-07-09,2026-07-09 11:16:31,V019,127.0,1.0545409274807338
2026-07-09,2026-07-09 11:16:32,V019,128.0,1.075440462610604
2026-07-09,2026-07-09 11:16:33,V019,128.0,1.0324196557178635
2026-07-09,2026-07-09 11:16:34,V019,128.0,1.168602529887663
2026-07-09,2026-07-09 11:16:35,V019,127.0,1.0291499485550437
2026-07-09,2026-07-09 11:16:36,V019,127.0,1.0353894945403403
2026-07-09,2026-07-09 11:16:37,V019,126.0,1.1317568175653452
2026-07-09,2026-07-09 11:16:38,V019,126.0,1.2105513358547328
2026-07-09,2026-07-09 11:16:39,V019,125.0,1.1158014362838167
2026-07-09,2026-07-09 11:16:40,V019,124.0,1.0591076361022973
2026-07-09,2026-07-09 11:16:41,V019,123.0,1.0151984512408627
2026-07-09,2026-07-09 11:16:42,V019,122.0,1.0129401186211289
2026-07-09,2026-07-09 11:16:43,V019,122.0,1.0107315352904203
2026-07-09,2026-07-09 11:16:44,V019,122.0,1.035572871774521
2026-07-09,2026-07-09 11:16:45,V019,122.0,1.015974509269555
2026-07-09,2026-07-09 11:16:46,V019,122.0,1.0366793153635985
2026-07-09,2026-07-09 11:16:47,V019,121.0,1.0189961733391268
2026-07-09,2026-07-09 11:16:48,V019,120.0,1.0339788833980779
2026-07-09,2026-07-09 11:16:49,V019,119.0,1.0138215891963829
2026-07-09,2026-07-09 11:16:50,V019,117.0,1.0229277321555155
2026-07-09,2026-07-09 11:16:51,V019,116.0,1.0339605300182932
2026-07-09,2026-07-09 11:16:52,V019,116.0,1.1424755530161739
2026-07-09,2026-07-09 11:16:53,V019,115.0,1.1150140309868584
2026-07-09,2026-07-09 11:16:54,V019,114.0,0.9942521722485552
2026-07-09,2026-07-09 11:16:55,V019,113.0,1.0426670206675577
2026-07-09,2026-07-09 11:16:56,V019,113.0,1.0331768522007225
2026-07-09,2026-07-09 11:16:57,V019,113.0,1.1517621488229557
2026-07-09,2026-07-09 11:16:58,V019,113.0,1.5594280241178848
2026-07-09,2026-07-09 11:16:59,V019,112.0,1.3534976757662631
2026-07-09,2026-07-09 11:17:00,V019,112.0,1.2762913160068028
2026-07-09,2026-07-09 11:17:01,V019,112.0,1.0764568582133371
2026-07-09,2026-07-09 11:17:02,V019,112.0,0.9936934434506525
2026-07-09,2026-07-09 11:17:03,V019,113.0,1.237333613164847
2026-07-09,2026-07-09 11:17:04,V019,113.0,1.0530824955038685
2026-07-09,2026-07-09 11:17:05,V019,114.0,1.1647816134323952
2026-07-09,2026-07-09 11:17:06,V019,116.0,1.0309347094968235
2026-07-09,2026-07-09 11:17:07,V019,117.0,1.0657588847329715
2026-07-09,2026-07-09 11:17:08,V019,117.0,1.0294453204734022
2026-07-09,2026-07-09 11:17:09,V019,118.0,1.0049160334447282
2026-07-09,2026-07-09 11:17:10,V019,119.0,1.0327656965473142
2026-07-09,2026-07-09 11:17:11,V019,119.0,1.024274149902247
2026-07-09,2026-07-09 11:17:12,V019,118.0,1.0129395953171554
2026-07-09,2026-07-09 11:17:13,V019,118.0,1.0118447946943356
2026-07-09,2026-07-09 11:17:14,V019,117.0,1.0147133493740774
2026-07-09,2026-07-09 11:17:15,V019,116.0,1.0059794035195126
2026-07-09,2026-07-09 11:17:16,V019,116.0,1.0480400511737022
2026-07-09,2026-07-09 11:17:17,V019,116.0,1.0489667222571137
2026-07-09,2026-07-09 11:17:18,V019,115.0,1.1414221013986892
2026-07-09,2026-07-09 11:17:19,V019,115.0,1.112181132903868
2026-07-09,2026-07-09 11:17:20,V019,114.0,0.9949826548607904
2026-07-09,2026-07-09 11:17:21,V019,114.0,1.126299172255603
2026-07-09,2026-07-09 11:17:22,V019,114.0,1.1038799167446545
2026-07-09,2026-07-09 11:17:23,V019,114.0,1.0633708708012963
2026-07-09,2026-07-09 11:17:24,V019,114.0,1.0685782518924745
2026-07-09,2026-07-09 11:17:25,V019,113.0,1.064996223619659
2026-07-09,2026-07-09 11:17:26,V019,113.0,1.0591851184103156
2026-07-09,2026-07-09 11:17:27,V019,112.0,1.0491203218137892
2026-07-09,2026-07-09 11:17:28,V019,111.0,1.0793934507121197
2026-07-09,2026-07-09 11:17:29,V019,111.0,1.0739409950367524
2026-07-09,2026-07-09 11:17:30,V019,109.0,1.033316325213111
2026-07-09,2026-07-09 11:17:31,V019,109.0,1.020471809376728
2026-07-09,2026-07-09 11:17:32,V019,109.0,1.014522703153611
2026-07-09,2026-07-09 11:17:33,V019,108.0,1.0126397176564266
2026-07-09,2026-07-09 11:17:34,V019,108.0,0.9867245531907826
2026-07-09,2026-07-09 11:17:35,V019,109.0,1.1951922310486458
2026-07-09,2026-07-09 11:17:36,V019,109.0,1.2079093491751611
2026-07-09,2026-07-09 11:17:37,V019,109.0,1.2169961380960808
2026-07-09,2026-07-09 11:17:38,V019,108.0,0.976000477148369
2026-07-09,2026-07-09 11:17:39,V019,108.0,1.153469152781825
2026-07-09,2026-07-09 11:17:40,V019,107.0,1.0353160153736103
2026-07-09,2026-07-09 11:17:41,V019,107.0,1.1276832562989618
2026-07-09,2026-07-09 11:17:42,V019,106.0,1.0489598406848184
2026-07-09,2026-07-09 11:17:43,V019,106.0,1.0442920996150038
2026-07-09,2026-07-09 11:17:44,V019,106.0,1.0971181233219343
2026-07-09,2026-07-09 11:17:45,V019,106.0,1.0865331241940703
2026-07-09,2026-07-09 11:17:46,V019,106.0,1.0682255239460607
2026-07-09,2026-07-09 11:17:47,V019,106.0,1.0379249275553737
2026-07-09,2026-07-09 11:17:48,V019,106.0,1.0166585419416327
2026-07-09,2026-07-09 11:17:49,V019,105.0,1.0638882920738963
2026-07-09,2026-07-09 11:17:50,V019,105.0,1.0163905732153846
2026-07-09,2026-07-09 11:17:51,V019,105.0,1.0138173926305445
2026-07-09,2026-07-09 11:17:52,V019,105.0,1.0572032292674975
2026-07-09,2026-07-09 11:17:53,V019,104.0,1.0331465780950777
2026-07-09,2026-07-09 11:17:54,V019,103.0,1.0097647143221256
2026-07-09,2026-07-09 11:17:55,V019,102.0,1.0286117232174865
2026-07-09,2026-07-09 11:17:56,V019,101.0,1.0191733421967535
2026-07-09,2026-07-09 11:17:57,V019,101.0,1.0123012461353902
2026-07-09,2026-07-09 11:17:58,V019,101.0,1.0392023136454094
2026-07-09,2026-07-09 11:17:59,V019,100.0,1.0277795474926836
2026-07-09,2026-07-09 11:18:00,V019,100.0,1.019981696605798
2026-07-09,2026-07-09 11:18:01,V019,100.0,1.0616314268638958
2026-07-09,2026-07-09 11:18:02,V019,101.0,1.1043356960365662
2026-07-09,2026-07-09 11:18:03,V019,102.0,1.0386874980706347
2026-07-09,2026-07-09 11:18:04,V019,103.0,1.0784427436951103
2026-07-09,2026-07-09 11:18:05,V019,104.0,1.0575925835374818
2026-07-09,2026-07-09 11:18:06,V019,104.0,1.0488920156351929
2026-07-09,2026-07-09 11:18:07,V019,105.0,1.0212059821272697
2026-07-09,2026-07-09 11:18:08,V019,105.0,1.0550704982735317
2026-07-09,2026-07-09 11:18:09,V019,105.0,1.1074192667968377
2026-07-09,2026-07-09 11:18:10,V019,104.0,1.0456447844640682
2026-07-09,2026-07-09 11:18:11,V019,104.0,1.0157611131002833
2026-07-09,2026-07-09 11:18:12,V019,104.0,1.010548352674983
2026-07-09,2026-07-09 11:18:13,V019,104.0,1.0112787469542008
2026-07-09,2026-07-09 11:18:14,V019,104.0,1.0123473616197216
2026-07-09,2026-07-09 11:18:15,V019,103.0,1.0131844026319907
2026-07-09,2026-07-09 11:18:16,V019,103.0,1.0168705912751728
2026-07-09,2026-07-09 11:18:17,V019,103.0,1.02077076824533
2026-07-09,2026-07-09 11:18:18,V019,104.0,1.0249261862616699
2026-07-09,2026-07-09 11:18:19,V019,104.0,1.0322679741418805
2026-07-09,2026-07-09 11:18:20,V019,104.0,1.0230514797229706
2026-07-09,2026-07-09 11:18:21,V019,104.0,1.0308588179256837
2026-07-09,2026-07-09 11:18:22,V019,103.0,1.0115285358717228
2026-07-09,2026-07-09 11:18:23,V019,102.0,1.0113618021453838
2026-07-09,2026-07-09 11:18:24,V019,102.0,1.008727151405964
2026-07-09,2026-07-09 11:18:25,V019,102.0,1.0225253754132364
2026-07-09,2026-07-09 11:18:26,V019,103.0,1.0517734988749818
2026-07-09,2026-07-09 11:18:27,V019,103.0,1.006975912108775
2026-07-09,2026-07-09 11:18:28,V019,104.0,1.0275056510800715
2026-07-09,2026-07-09 11:18:29,V019,104.0,1.046494186801174
2026-07-09,2026-07-09 11:18:30,V019,104.0,0.9828655724758608
2026-07-09,2026-07-09 11:18:31,V019,104.0,1.0926003939006868
2026-07-09,2026-07-09 11:18:32,V019,104.0,1.00672664228554
2026-07-09,2026-07-09 11:18:33,V019,104.0,1.0646600814149494
2026-07-09,2026-07-09 11:18:34,V019,104.0,1.041973812135283
2026-07-09,2026-07-09 11:18:35,V019,104.0,1.0252089159835562
2026-07-09,2026-07-09 11:18:36,V019,104.0,1.027084264313438
2026-07-09,2026-07-09 11:18:37,V019,104.0,1.0263847982522978
2026-07-09,2026-07-09 11:18:38,V019,104.0,1.0280513189828575
2026-07-09,2026-07-09 11:18:39,V019,104.0,1.0254725322439138
2026-07-09,2026-07-09 11:18:40,V019,104.0,1.0296371948693612
2026-07-09,2026-07-09 11:18:41,V019,104.0,1.0247588686092348
2026-07-09,2026-07-09 11:18:42,V019,104.0,1.0276238160624473
2026-07-09,2026-07-09 11:18:43,V019,104.0,1.0277412449885275
2026-07-09,2026-07-09 11:18:44,V019,105.0,1.025502792604812
2026-07-09,2026-07-09 11:18:45,V019,105.0,1.027638538538157
2026-07-09,2026-07-09 11:18:46,V019,105.0,1.0274802873727196
2026-07-09,2026-07-09 11:18:47,V019,105.0,1.0278458210269388
2026-07-09,2026-07-09 11:18:48,V019,105.0,1.0270337851332685
2026-07-09,2026-07-09 11:18:49,V019,105.0,1.0252629616520206
2026-07-09,2026-07-09 11:18:50,V019,106.0,1.0287719472736838
2026-07-09,2026-07-09 11:18:51,V019,106.0,1.0266099184357111
2026-07-09,2026-07-09 11:18:52,V019,107.0,1.0257866226434742
2026-07-09,2026-07-09 11:18:53,V019,108.0,1.0250221895871263
2026-07-09,2026-07-09 11:18:54,V019,108.0,1.0296294106290236
2026-07-09,2026-07-09 11:18:55,V019,108.0,1.0177384127093492
2026-07-09,2026-07-09 11:18:56,V019,108.0,1.0384920151602974
2026-07-09,2026-07-09 11:18:57,V019,107.0,1.0344519834008832
2026-07-09,2026-07-09 11:18:58,V019,106.0,1.012007423956925
2026-07-09,2026-07-09 11:18:59,V019,106.0,1.025100904988259
2026-07-09,2026-07-09 11:19:00,V019,106.0,1.0081117303957925
2026-07-09,2026-07-09 11:19:01,V019,105.0,1.0386393060927568
2026-07-09,2026-07-09 11:19:02,V019,105.0,1.0301571887924952
2026-07-09,2026-07-09 11:19:03,V019,105.0,1.0417900204687678
2026-07-09,2026-07-09 11:19:04,V019,105.0,1.0310132204514106
2026-07-09,2026-07-09 11:19:05,V019,106.0,1.0382554075634838
2026-07-09,2026-07-09 11:19:06,V019,106.0,1.0290711239241426
2026-07-09,2026-07-09 11:19:07,V019,107.0,1.0302304387974919
2026-07-09,2026-07-09 11:19:08,V019,108.0,1.0289910482389784
2026-07-09,2026-07-09 11:19:09,V019,108.0,1.0301994222347748
2026-07-09,2026-07-09 11:19:10,V019,108.0,1.03078372921687
2026-07-09,2026-07-09 11:19:11,V019,108.0,1.029489777205892
2026-07-09,2026-07-09 11:19:12,V019,109.0,1.0308235693342789
2026-07-09,2026-07-09 11:19:13,V019,109.0,1.029817725854863
2026-07-09,2026-07-09 11:19:14,V019,109.0,1.0309353160740213
2026-07-09,2026-07-09 11:19:15,V019,108.0,1.0293950423788392
2026-07-09,2026-07-09 11:19:16,V019,106.0,1.0302814577942536
2026-07-09,2026-07-09 11:19:17,V019,106.0,1.0296240092302982
2026-07-09,2026-07-09 11:19:18,V019,106.0,1.0306012178869053
2026-07-09,2026-07-09 11:19:19,V019,105.0,1.029627036442037
2026-07-09,2026-07-09 11:19:20,V019,104.0,1.0299813173122847
2026-07-09,2026-07-09 11:19:21,V019,103.0,1.029517856779376
2026-07-09,2026-07-09 11:19:22,V019,102.0,1.0302493571927673
2026-07-09,2026-07-09 11:19:23,V019,102.0,1.0310150107886182
2026-07-09,2026-07-09 11:19:24,V019,99.0,1.0290220839277122
2026-07-09,2026-07-09 11:19:25,V019,97.0,1.030390357375842
2026-07-09,2026-07-09 11:19:26,V019,97.0,1.0277675190515834
2026-07-09,2026-07-09 11:19:27,V019,96.0,1.0286623032043811
2026-07-09,2026-07-09 11:19:28,V019,94.0,1.0222989671350877
2026-07-09,2026-07-09 11:19:29,V019,94.0,1.0222000668996216
2026-07-09,2026-07-09 11:19:30,V019,94.0,1.0358303712414392
2026-07-09,2026-07-09 11:19:31,V019,94.0,1.032331620371963
2026-07-09,2026-07-09 11:19:32,V019,93.0,1.030132707591967
2026-07-09,2026-07-09 11:19:33,V019,93.0,1.0291359211377946
2026-07-09,2026-07-09 11:19:34,V019,93.0,1.0303492243495254
2026-07-09,2026-07-09 11:19:35,V019,93.0,1.027800098717848
2026-07-09,2026-07-09 11:19:36,V019,92.0,1.0367776011849306
2026-07-09,2026-07-09 11:19:37,V019,92.0,1.0282895322626404
2026-07-09,2026-07-09 11:19:38,V019,92.0,1.0310046692903891
2026-07-09,2026-07-09 11:19:39,V019,92.0,1.0307300222373825
2026-07-09,2026-07-09 11:19:40,V019,94.0,1.0281347000825847
2026-07-09,2026-07-09 11:19:41,V019,94.0,1.0300615272871732
2026-07-09,2026-07-09 11:19:42,V019,94.0,1.0295244742472176
2026-07-09,2026-07-09 11:19:43,V019,95.0,1.030611274039642
2026-07-09,2026-07-09 11:19:44,V019,97.0,1.0305783055539104
2026-07-09,2026-07-09 11:19:45,V019,97.0,1.03094830938136
2026-07-09,2026-07-09 11:19:46,V019,97.0,1.0301057708912267
2026-07-09,2026-07-09 11:19:47,V019,97.0,1.0305744733716518
2026-07-09,2026-07-09 11:19:48,V019,97.0,1.0300699478042734
2026-07-09,2026-07-09 11:19:49,V019,98.0,1.033846183972186
2026-07-09,2026-07-09 11:19:50,V019,98.0,1.0287378546592785
2026-07-09,2026-07-09 11:19:51,V019,98.0,1.033600350395901
2026-07-09,2026-07-09 11:19:52,V019,97.0,1.0239797302157485
2026-07-09,2026-07-09 11:19:53,V019,97.0,1.0367038032519131
2026-07-09,2026-07-09 11:19:54,V019,97.0,1.0198986660127387
2026-07-09,2026-07-09 11:19:55,V019,97.0,1.018578563439731
2026-07-09,2026-07-09 11:19:56,V019,97.0,1.0198678093942037
2026-07-09,2026-07-09 11:19:57,V019,97.0,1.0189801438409707
2026-07-09,2026-07-09 11:19:58,V019,97.0,1.0169400033905174
2026-07-09,2026-07-09 11:19:59,V019,98.0,1.0177938864005174
2026-07-09,2026-07-09 11:20:00,V019,98.0,1.0172052094796447
2026-07-09,2026-07-09 11:20:01,V019,99.0,1.01730121601925
2026-07-09,2026-07-09 11:20:02,V019,99.0,1.0159887078428906
2026-07-09,2026-07-09 11:20:03,V019,99.0,1.017161264905973
2026-07-09,2026-07-09 11:20:04,V019,99.0,1.015671762109155
2026-07-09,2026-07-09 11:20:05,V019,99.0,1.016887305115525
2026-07-09,2026-07-09 11:20:06,V019,99.0,1.0174408741128844
2026-07-09,2026-07-09 11:20:07,V019,100.0,1.0171225740849132
2026-07-09,2026-07-09 11:20:08,V019,99.0,1.0155671550443794
2026-07-09,2026-07-09 11:20:09,V019,98.0,1.0165804899448596
2026-07-09,2026-07-09 11:20:10,V019,98.0,1.0171754795536423
2026-07-09,2026-07-09 11:20:11,V019,97.0,1.0359695032801863
2026-07-09,2026-07-09 11:20:12,V019,97.0,0.9902447675498062
2026-07-09,2026-07-09 11:20:13,V019,98.0,1.0067211994239456
2026-07-09,2026-07-09 11:20:14,V019,98.0,1.0860197306064197
2026-07-09,2026-07-09 11:20:15,V019,99.0,1.0270262090738351
2026-07-09,2026-07-09 11:20:16,V019,99.0,1.0273188569693152
2026-07-09,2026-07-09 11:20:17,V019,99.0,1.0277490530439384
2026-07-09,2026-07-09 11:20:18,V019,99.0,1.028172596222417
2026-07-09,2026-07-09 11:20:19,V019,99.0,1.0268441207618708
2026-07-09,2026-07-09 11:20:20,V019,100.0,1.0281956371773235
2026-07-09,2026-07-09 11:20:21,V019,100.0,1.0274909625482356
2026-07-09,2026-07-09 11:20:22,V019,100.0,1.0281538426247006
2026-07-09,2026-07-09 11:20:23,V019,100.0,1.0287591278391048
2026-07-09,2026-07-09 11:20:24,V019,101.0,1.0280388219290255
2026-07-09,2026-07-09 11:20:25,V019,101.0,1.028817409721953
2026-07-09,2026-07-09 11:20:26,V019,101.0,1.0284783859168152
2026-07-09,2026-07-09 11:20:27,V019,102.0,1.0285901203215941
2026-07-09,2026-07-09 11:20:28,V019,102.0,1.0290228968822117
2026-07-09,2026-07-09 11:20:29,V019,102.0,1.0269017715975355
2026-07-09,2026-07-09 11:20:30,V019,102.0,1.02755882708824
2026-07-09,2026-07-09 11:20:31,V019,102.0,1.0292009429532387
2026-07-09,2026-07-09 11:20:32,V019,102.0,1.0281062730636539
2026-07-09,2026-07-09 11:20:33,V019,101.0,1.0272475860584782
2026-07-09,2026-07-09 11:20:34,V019,101.0,1.027323849576078
2026-07-09,2026-07-09 11:20:35,V019,101.0,1.0283105384768703
2026-07-09,2026-07-09 11:20:36,V019,102.0,1.0317462046168608
2026-07-09,2026-07-09 11:20:37,V019,102.0,1.0285815054310985
2026-07-09,2026-07-09 11:20:38,V019,102.0,1.0246905010569256
2026-07-09,2026-07-09 11:20:39,V019,102.0,1.0291933333307155
2026-07-09,2026-07-09 11:20:40,V019,102.0,1.028738265156038
2026-07-09,2026-07-09 11:20:41,V019,102.0,1.026455974189424
2026-07-09,2026-07-09 11:20:42,V019,102.0,1.0277378780600435
2026-07-09,2026-07-09 11:20:43,V019,103.0,1.026710708494339
2026-07-09,2026-07-09 11:20:44,V019,104.0,1.0273977686336198
2026-07-09,2026-07-09 11:20:45,V019,104.0,1.0280455350841669
2026-07-09,2026-07-09 11:20:46,V019,105.0,1.0260208313944739
2026-07-09,2026-07-09 11:20:47,V019,106.0,1.0272042700306545
2026-07-09,2026-07-09 11:20:48,V019,107.0,1.027629529925079
2026-07-09,2026-07-09 11:20:49,V019,107.0,1.0282131952635845
2026-07-09,2026-07-09 11:20:50,V019,107.0,1.0278106950905737
2026-07-09,2026-07-09 11:20:51,V019,106.0,1.0273830206432213
2026-07-09,2026-07-09 11:20:52,V019,105.0,1.0269714757509483
2026-07-09,2026-07-09 11:20:53,V019,104.0,1.0284215120080382
2026-07-09,2026-07-09 11:20:54,V019,104.0,1.0276274616207075
2026-07-09,2026-07-09 11:20:55,V019,104.0,1.025170153479682
2026-07-09,2026-07-09 11:20:56,V019,104.0,1.036558827614893
2026-07-09,2026-07-09 11:20:57,V019,104.0,1.0202199713699736
2026-07-09,2026-07-09 11:20:58,V019,104.0,1.027287534992159
2026-07-09,2026-07-09 11:20:59,V019,104.0,1.0361510369043316
2026-07-09,2026-07-09 11:21:00,V019,104.0,1.029470067044254
2026-07-09,2026-07-09 11:21:01,V019,104.0,1.0279921521566702
2026-07-09,2026-07-09 11:21:02,V019,104.0,1.0287111966764577
2026-07-09,2026-07-09 11:21:03,V019,103.0,1.0287381520936314
2026-07-09,2026-07-09 11:21:04,V019,104.0,1.0286298319444895
2026-07-09,2026-07-09 11:21:05,V019,104.0,1.0293310903954862
2026-07-09,2026-07-09 11:21:06,V019,104.0,1.0288791605938348
2026-07-09,2026-07-09 11:21:07,V019,105.0,1.0290023730442959
2026-07-09,2026-07-09 11:21:08,V019,106.0,1.028537535292303
2026-07-09,2026-07-09 11:21:09,V019,106.0,1.0289044736676078
2026-07-09,2026-07-09 11:21:10,V019,106.0,1.0291338532904497
2026-07-09,2026-07-09 11:21:11,V019,107.0,1.0280821406533245
2026-07-09,2026-07-09 11:21:12,V019,107.0,1.028838215805868
2026-07-09,2026-07-09 11:21:13,V019,108.0,1.0288229761936543
2026-07-09,2026-07-09 11:21:14,V019,108.0,1.0292308910398902
2026-07-09,2026-07-09 11:21:15,V019,108.0,1.0290177638535252
2026-07-09,2026-07-09 11:21:16,V019,107.0,1.0285220358120988
2026-07-09,2026-07-09 11:21:17,V019,107.0,1.0289286635266206
2026-07-09,2026-07-09 11:21:18,V019,106.0,1.028765704689111
2026-07-09,2026-07-09 11:21:19,V019,105.0,1.0281711116100785
2026-07-09,2026-07-09 11:21:20,V019,103.0,1.0300924674997043
2026-07-09,2026-07-09 11:21:21,V019,102.0,1.0286118104106454
2026-07-09,2026-07-09 11:21:22,V019,100.0,1.032219527144673
2026-07-09,2026-07-09 11:21:23,V019,99.0,1.034776375628171
2026-07-09,2026-07-09 11:21:24,V019,98.0,1.017468287545182
2026-07-09,2026-07-09 11:21:25,V019,97.0,1.0396251531421872
2026-07-09,2026-07-09 11:21:26,V019,97.0,1.040740283631308
2026-07-09,2026-07-09 11:21:27,V019,98.0,1.02821551636317
2026-07-09,2026-07-09 11:21:28,V019,99.0,1.02928309411122
2026-07-09,2026-07-09 11:21:29,V019,99.0,1.0282611298178452
2026-07-09,2026-07-09 11:21:30,V019,101.0,1.0283478902176977
2026-07-09,2026-07-09 11:21:31,V019,101.0,1.0310681087032085
2026-07-09,2026-07-09 11:21:32,V019,101.0,1.027429649024516
2026-07-09,2026-07-09 11:21:33,V019,102.0,1.0290246342420872
2026-07-09,2026-07-09 11:21:34,V019,103.0,1.0290639014602965
2026-07-09,2026-07-09 11:21:35,V019,103.0,1.0281902857881244
2026-07-09,2026-07-09 11:21:36,V019,102.0,1.0283154512850192
2026-07-09,2026-07-09 11:21:37,V019,101.0,1.0280182196168683
2026-07-09,2026-07-09 11:21:38,V019,100.0,1.0278325377535185
2026-07-09,2026-07-09 11:21:39,V019,99.0,1.0284916219672895
2026-07-09,2026-07-09 11:21:40,V019,99.0,1.0380660710012426
2026-07-09,2026-07-09 11:21:41,V019,99.0,1.0165409510980956
2026-07-09,2026-07-09 11:21:42,V019,101.0,1.0343894560486797
2026-07-09,2026-07-09 11:21:43,V019,101.0,1.0415592896787642
2026-07-09,2026-07-09 11:21:44,V019,101.0,1.013656275599283
2026-07-09,2026-07-09 11:21:45,V019,100.0,1.0070632258278385
2026-07-09,2026-07-09 11:21:46,V019,98.0,1.0123316357853098
2026-07-09,2026-07-09 11:21:47,V019,97.0,1.0082598826312004
2026-07-09,2026-07-09 11:21:48,V019,97.0,1.0256736578690362
2026-07-09,2026-07-09 11:21:49,V019,98.0,1.0373448332753537
2026-07-09,2026-07-09 11:21:50,V019,98.0,1.0333124726951033
2026-07-09,2026-07-09 11:21:51,V019,97.0,1.049545653664084
2026-07-09,2026-07-09 11:21:52,V019,98.0,1.0222843119701612
2026-07-09,2026-07-09 11:21:53,V019,98.0,1.0223527055010553
2026-07-09,2026-07-09 11:21:54,V019,98.0,1.020296952580383
2026-07-09,2026-07-09 11:21:55,V019,98.0,1.0187296640388313
2026-07-09,2026-07-09 11:21:56,V019,98.0,1.0176437819526416
2026-07-09,2026-07-09 11:21:57,V019,98.0,1.0137394651701053
2026-07-09,2026-07-09 11:21:58,V019,97.0,1.013277437419533
2026-07-09,2026-07-09 11:21:59,V019,97.0,1.0117632074921932
2026-07-09,2026-07-09 11:22:00,V019,97.0,1.0146657811648072
2026-07-09,2026-07-09 11:22:01,V019,97.0,1.01858785947269
2026-07-09,2026-07-09 11:22:02,V019,96.0,1.0268106953809866
2026-07-09,2026-07-09 11:22:03,V019,96.0,1.0206954227384188
2026-07-09,2026-07-09 11:22:04,V019,96.0,1.0252269575837323
2026-07-09,2026-07-09 11:22:05,V019,95.0,1.0263021769489753
2026-07-09,2026-07-09 11:22:06,V019,95.0,1.024454147132455
2026-07-09,2026-07-09 11:22:07,V019,95.0,1.027759465102226
2026-07-09,2026-07-09 11:22:08,V019,95.0,1.0212426253995739
2026-07-09,2026-07-09 11:22:09,V019,95.0,1.0216356366267059
2026-07-09,2026-07-09 11:22:10,V019,96.0,1.0230058737350416
2026-07-09,2026-07-09 11:22:11,V019,96.0,1.0186163924151133
2026-07-09,2026-07-09 11:22:12,V019,96.0,1.0192079673449097
2026-07-09,2026-07-09 11:22:13,V019,96.0,1.022988691934911
2026-07-09,2026-07-09 11:22:14,V019,98.0,1.0217698627189997
2026-07-09,2026-07-09 11:22:15,V019,99.0,1.0184170184516903
2026-07-09,2026-07-09 11:22:16,V019,99.0,1.023236069578437
2026-07-09,2026-07-09 11:22:17,V019,100.0,1.0228462561261833
2026-07-09,2026-07-09 11:22:18,V019,102.0,1.0207535145736104
2026-07-09,2026-07-09 11:22:19,V019,103.0,1.0225196409698005
2026-07-09,2026-07-09 11:22:20,V019,103.0,1.0205363901649105
2026-07-09,2026-07-09 11:22:21,V019,105.0,1.0229575589032787
2026-07-09,2026-07-09 11:22:22,V019,106.0,1.0219060916995175
2026-07-09,2026-07-09 11:22:23,V019,106.0,1.021685800187329
2026-07-09,2026-07-09 11:22:24,V019,106.0,1.0213465173524363
2026-07-09,2026-07-09 11:22:25,V019,106.0,1.0291247859273336
2026-07-09,2026-07-09 11:22:26,V019,106.0,1.0263954708213998
2026-07-09,2026-07-09 11:22:27,V019,105.0,1.0263393175359066
2026-07-09,2026-07-09 11:22:28,V019,105.0,1.0318687028814675
2026-07-09,2026-07-09 11:22:29,V019,105.0,1.0290550943352152
2026-07-09,2026-07-09 11:22:30,V019,105.0,1.0265450437249521
2026-07-09,2026-07-09 11:22:31,V019,105.0,1.0288723519892593
2026-07-09,2026-07-09 11:22:32,V019,105.0,1.0247838162022016
2026-07-09,2026-07-09 11:22:33,V019,106.0,1.025487338565296
2026-07-09,2026-07-09 11:22:34,V019,108.0,1.0254000026338372
2026-07-09,2026-07-09 11:22:35,V019,109.0,1.0203115668905471
2026-07-09,2026-07-09 11:22:36,V019,109.0,1.0225742301748837
2026-07-09,2026-07-09 11:22:37,V019,109.0,1.0237486583640223
2026-07-09,2026-07-09 11:22:38,V019,108.0,1.023049316404836
2026-07-09,2026-07-09 11:22:39,V019,108.0,1.022390711697287
2026-07-09,2026-07-09 11:22:40,V019,108.0,1.0254408099124654
2026-07-09,2026-07-09 11:22:41,V019,106.0,1.0262739899771103
2026-07-09,2026-07-09 11:22:42,V019,104.0,1.0224203185904406
2026-07-09,2026-07-09 11:22:43,V019,103.0,1.0227520068253062
2026-07-09,2026-07-09 11:22:44,V019,103.0,1.0213766065721703
2026-07-09,2026-07-09 11:22:45,V019,102.0,1.0210665248924014
2026-07-09,2026-07-09 11:22:46,V019,103.0,1.019923488260302
2026-07-09,2026-07-09 11:22:47,V019,103.0,1.023916170803753
2026-07-09,2026-07-09 11:22:48,V019,103.0,1.0217731895402964
2026-07-09,2026-07-09 11:22:49,V019,104.0,1.0212264155316277
2026-07-09,2026-07-09 11:22:50,V019,105.0,1.031816504854805
2026-07-09,2026-07-09 11:22:51,V019,106.0,1.0284322798393575
2026-07-09,2026-07-09 11:22:52,V019,106.0,1.025224404271254
2026-07-09,2026-07-09 11:22:53,V019,105.0,1.0283260054207215
2026-07-09,2026-07-09 11:22:54,V019,105.0,1.0284641908694554
2026-07-09,2026-07-09 11:22:55,V019,105.0,1.0259298530212693
2026-07-09,2026-07-09 11:22:56,V019,105.0,1.0253651529937122
2026-07-09,2026-07-09 11:22:57,V019,104.0,1.0244387810406432
2026-07-09,2026-07-09 11:22:58,V019,103.0,1.0262858721966919
2026-07-09,2026-07-09 11:22:59,V019,103.0,1.0231790111003378
2026-07-09,2026-07-09 11:23:00,V019,103.0,1.0231098795939153
2026-07-09,2026-07-09 11:23:01,V019,103.0,1.0226497222986728
2026-07-09,2026-07-09 11:23:02,V019,103.0,1.0248323714365208
2026-07-09,2026-07-09 11:23:03,V019,103.0,1.0212555241680936
2026-07-09,2026-07-09 11:23:04,V019,103.0,1.0222322117023657
2026-07-09,2026-07-09 11:23:05,V019,103.0,1.0245600776289074
2026-07-09,2026-07-09 11:23:06,V019,104.0,1.0247554362336813
2026-07-09,2026-07-09 11:23:07,V019,105.0,1.0236992249609211
2026-07-09,2026-07-09 11:23:08,V019,105.0,1.0235818063916216
2026-07-09,2026-07-09 11:23:09,V019,106.0,1.0239437922595611
2026-07-09,2026-07-09 11:23:10,V019,106.0,1.0199068668236293
2026-07-09,2026-07-09 11:23:11,V019,105.0,1.021956421289975
2026-07-09,2026-07-09 11:23:12,V019,104.0,1.0257622142427616
2026-07-09,2026-07-09 11:23:13,V019,102.0,1.0094282898901532
2026-07-09,2026-07-09 11:23:14,V019,101.0,1.0208800171176884
2026-07-09,2026-07-09 11:23:15,V019,101.0,1.0224217978957282
2026-07-09,2026-07-09 11:23:16,V019,102.0,1.0171236932885828
2026-07-09,2026-07-09 11:23:17,V019,103.0,1.0655008765541152
2026-07-09,2026-07-09 11:23:18,V019,104.0,1.0086500223035149
2026-07-09,2026-07-09 11:23:19,V019,105.0,1.0336908557648292
2026-07-09,2026-07-09 11:23:20,V019,105.0,1.0218366007968838
2026-07-09,2026-07-09 11:23:21,V019,106.0,1.0522823100352146
2026-07-09,2026-07-09 11:23:22,V019,109.0,1.0338775042667834
2026-07-09,2026-07-09 11:23:23,V019,110.0,1.0323530401816448
2026-07-09,2026-07-09 11:23:24,V019,110.0,1.0273818155139434
2026-07-09,2026-07-09 11:23:25,V019,110.0,1.0285818876067045
2026-07-09,2026-07-09 11:23:26,V019,110.0,1.0289706160587004
2026-07-09,2026-07-09 11:23:27,V019,109.0,1.0291452137966288
2026-07-09,2026-07-09 11:23:28,V019,108.0,1.0278581846962263
2026-07-09,2026-07-09 11:23:29,V019,108.0,1.0281653957721628
2026-07-09,2026-07-09 11:23:30,V019,107.0,1.0293452362170958
2026-07-09,2026-07-09 11:23:31,V019,106.0,1.027714079650816
2026-07-09,2026-07-09 11:23:32,V019,105.0,1.0297136164979999
2026-07-09,2026-07-09 11:23:33,V019,104.0,1.027412457994671
2026-07-09,2026-07-09 11:23:34,V019,104.0,1.0371347899546608
2026-07-09,2026-07-09 11:23:35,V019,103.0,1.0574152147455957
2026-07-09,2026-07-09 11:23:36,V019,102.0,1.0115460093062452
2026-07-09,2026-07-09 11:23:37,V019,102.0,1.0204595636021514
2026-07-09,2026-07-09 11:23:38,V019,102.0,1.0460099987942988
2026-07-09,2026-07-09 11:23:39,V019,102.0,1.0276782347142834
2026-07-09,2026-07-09 11:23:40,V019,102.0,1.0336709915833877
2026-07-09,2026-07-09 11:23:41,V019,102.0,1.0387123795050806
2026-07-09,2026-07-09 11:23:42,V019,102.0,1.0141307691812231
2026-07-09,2026-07-09 11:23:43,V019,102.0,1.0313789515107978
2026-07-09,2026-07-09 11:23:44,V019,102.0,0.9887998465514289
2026-07-09,2026-07-09 11:23:45,V019,102.0,1.0577792624129698
2026-07-09,2026-07-09 11:23:46,V019,102.0,1.0217711722364817
2026-07-09,2026-07-09 11:23:47,V019,101.0,1.0232127517043532
2026-07-09,2026-07-09 11:23:48,V019,100.0,1.0278766242216393
2026-07-09,2026-07-09 11:23:49,V019,99.0,1.0504227079843942
2026-07-09,2026-07-09 11:23:50,V019,99.0,1.030557622931393
2026-07-09,2026-07-09 11:23:51,V019,99.0,1.0298751305884755
2026-07-09,2026-07-09 11:23:52,V019,98.0,1.0301236767746538
2026-07-09,2026-07-09 11:23:53,V019,98.0,1.029740604137249
2026-07-09,2026-07-09 11:23:54,V019,98.0,1.026864652512265
2026-07-09,2026-07-09 11:23:55,V019,98.0,1.0303414840831853
2026-07-09,2026-07-09 11:23:56,V019,98.0,1.029007649899956
2026-07-09,2026-07-09 11:23:57,V019,99.0,1.0293552543611144
2026-07-09,2026-07-09 11:23:58,V019,99.0,1.0294730739122138
2026-07-09,2026-07-09 11:23:59,V019,99.0,1.0309402677804616
2026-07-09,2026-07-09 11:24:00,V019,101.0,1.028278805674959
2026-07-09,2026-07-09 11:24:01,V019,101.0,1.0298537005100419
2026-07-09,2026-07-09 11:24:02,V019,101.0,1.0279245541480364
2026-07-09,2026-07-09 11:24:03,V019,102.0,1.0306034014402474
2026-07-09,2026-07-09 11:24:04,V019,102.0,1.0289755177996662
2026-07-09,2026-07-09 11:24:05,V019,101.0,1.0278466478303405
2026-07-09,2026-07-09 11:24:06,V019,101.0,1.029246650547071
2026-07-09,2026-07-09 11:24:07,V019,101.0,1.030516408361162
2026-07-09,2026-07-09 11:24:08,V019,99.0,1.029208476172901
2026-07-09,2026-07-09 11:24:09,V019,99.0,1.0299195014307163
2026-07-09,2026-07-09 11:24:10,V019,98.0,1.0299888780308633
2026-07-09,2026-07-09 11:24:11,V019,97.0,1.0299220708765107
2026-07-09,2026-07-09 11:24:12,V019,98.0,1.0297658567068018
2026-07-09,2026-07-09 11:24:13,V019,98.0,1.0286609080399807
2026-07-09,2026-07-09 11:24:14,V019,98.0,1.029843262538185
2026-07-09,2026-07-09 11:24:15,V019,99.0,1.0296590115671407
2026-07-09,2026-07-09 11:24:16,V019,101.0,1.0282044860489683
2026-07-09,2026-07-09 11:24:17,V019,102.0,1.029915422031853
2026-07-09,2026-07-09 11:24:18,V019,102.0,1.0299290593517372
2026-07-09,2026-07-09 11:24:19,V019,102.0,1.0245425563478272
2026-07-09,2026-07-09 11:24:20,V019,102.0,1.0340054636064393
2026-07-09,2026-07-09 11:24:21,V019,101.0,1.0291859286605018
2026-07-09,2026-07-09 11:24:22,V019,101.0,1.0275982886434791
2026-07-09,2026-07-09 11:24:23,V019,101.0,1.0291211247284053
2026-07-09,2026-07-09 11:24:24,V019,101.0,1.0287462271007954
2026-07-09,2026-07-09 11:24:25,V019,101.0,1.027811868626961
2026-07-09,2026-07-09 11:24:26,V019,101.0,1.029071004715718
2026-07-09,2026-07-09 11:24:27,V019,101.0,1.0285048408272977
2026-07-09,2026-07-09 11:24:28,V019,100.0,1.028657584404403
2026-07-09,2026-07-09 11:24:29,V019,99.0,1.0289165615205973
2026-07-09,2026-07-09 11:24:30,V019,99.0,1.0290348038152781
2026-07-09,2026-07-09 11:24:31,V019,98.0,1.029628825922558
2026-07-09,2026-07-09 11:24:32,V019,96.0,1.0281534276842692
2026-07-09,2026-07-09 11:24:33,V019,96.0,1.0290895244622429
2026-07-09,2026-07-09 11:24:34,V019,95.0,1.0288895664650746
2026-07-09,2026-07-09 11:24:35,V019,94.0,1.0286700371740787
2026-07-09,2026-07-09 11:24:36,V019,95.0,1.027856921005406
2026-07-09,2026-07-09 11:24:37,V019,95.0,1.0291715173246638
2026-07-09,2026-07-09 11:24:38,V019,95.0,1.028449957537771
2026-07-09,2026-07-09 11:24:39,V019,96.0,1.0289181115918102
2026-07-09,2026-07-09 11:24:40,V019,98.0,1.0291104359017371
2026-07-09,2026-07-09 11:24:41,V019,99.0,1.028981850675909
2026-07-09,2026-07-09 11:24:42,V019,99.0,1.0307978024824616
2026-07-09,2026-07-09 11:24:43,V019,99.0,1.0291607644034808
2026-07-09,2026-07-09 11:24:44,V019,99.0,1.0299743330851392
2026-07-09,2026-07-09 11:24:45,V019,99.0,1.029352824723782
2026-07-09,2026-07-09 11:24:46,V019,98.0,1.0295751029823685
2026-07-09,2026-07-09 11:24:47,V019,98.0,1.0294022560437235
2026-07-09,2026-07-09 11:24:48,V019,98.0,1.0289868659687778
2026-07-09,2026-07-09 11:24:49,V019,98.0,1.028738379693547
2026-07-09,2026-07-09 11:24:50,V019,98.0,1.0294038265402563
2026-07-09,2026-07-09 11:24:51,V019,98.0,1.0290843971153885
2026-07-09,2026-07-09 11:24:52,V019,97.0,1.0271783267933174
2026-07-09,2026-07-09 11:24:53,V019,96.0,1.025862405437455
2026-07-09,2026-07-09 11:24:54,V019,95.0,1.0310341384555786
2026-07-09,2026-07-09 11:24:55,V019,94.0,1.0305505032036484
2026-07-09,2026-07-09 11:24:56,V019,95.0,1.027430038248821
2026-07-09,2026-07-09 11:24:57,V019,95.0,1.0393876840267615
2026-07-09,2026-07-09 11:24:58,V019,96.0,1.0362422709665682
2026-07-09,2026-07-09 11:24:59,V019,96.0,1.0312262344324172
2026-07-09,2026-07-09 11:25:00,V019,97.0,1.0276675447917207
2026-07-09,2026-07-09 11:25:01,V019,98.0,1.0292087564648043
2026-07-09,2026-07-09 11:25:02,V019,98.0,1.028175961858874
2026-07-09,2026-07-09 11:25:03,V019,98.0,1.0284715309063746
2026-07-09,2026-07-09 11:25:04,V019,99.0,1.0292639177148148
2026-07-09,2026-07-09 11:25:05,V019,99.0,1.027650054745759
2026-07-09,2026-07-09 11:25:06,V019,99.0,1.0290730324891664
2026-07-09,2026-07-09 11:25:07,V019,99.0,1.0290817875735354
2026-07-09,2026-07-09 11:25:08,V019,98.0,1.0290886563878163
2026-07-09,2026-07-09 11:25:09,V019,98.0,1.0294827506160291
2026-07-09,2026-07-09 11:25:10,V019,96.0,1.0289177097043205
2026-07-09,2026-07-09 11:25:11,V019,96.0,1.0293465903243637
2026-07-09,2026-07-09 11:25:12,V019,95.0,1.0280700320170872
2026-07-09,2026-07-09 11:25:13,V019,95.0,1.029090941967507
2026-07-09,2026-07-09 11:25:14,V019,94.0,1.0286217110224884
2026-07-09,2026-07-09 11:25:15,V019,95.0,1.0286363034691004
2026-07-09,2026-07-09 11:25:16,V019,95.0,1.0289006441587378
2026-07-09,2026-07-09 11:25:17,V019,95.0,1.0282168369295006
2026-07-09,2026-07-09 11:25:18,V019,95.0,1.0293349804931238
2026-07-09,2026-07-09 11:25:19,V019,96.0,1.0278981689482152
2026-07-09,2026-07-09 11:25:20,V019,96.0,1.0284583869914128
2026-07-09,2026-07-09 11:25:21,V019,96.0,1.0284123549854571
2026-07-09,2026-07-09 11:25:22,V019,97.0,1.0281177600358582
2026-07-09,2026-07-09 11:25:23,V019,98.0,1.0225652678399824
2026-07-09,2026-07-09 11:25:24,V019,99.0,1.0099465102273564
2026-07-09,2026-07-09 11:25:25,V019,101.0,1.021976966458355
2026-07-09,2026-07-09 11:25:26,V019,101.0,1.0174707963526948
2026-07-09,2026-07-09 11:25:27,V019,102.0,1.0228647166461269
2026-07-09,2026-07-09 11:25:28,V019,103.0,1.043207118896836
2026-07-09,2026-07-09 11:25:29,V019,103.0,1.0369313742783275
2026-07-09,2026-07-09 11:25:30,V019,103.0,1.028421333394024
2026-07-09,2026-07-09 11:25:31,V019,103.0,1.0291608429283061
2026-07-09,2026-07-09 11:25:32,V019,102.0,1.0297729709746162
2026-07-09,2026-07-09 11:25:33,V019,103.0,1.0298168909199192
2026-07-09,2026-07-09 11:25:34,V019,103.0,1.028920579604215
2026-07-09,2026-07-09 11:25:35,V019,103.0,1.0303163981308598
2026-07-09,2026-07-09 11:25:36,V019,104.0,1.0316270125624014
2026-07-09,2026-07-09 11:25:37,V019,104.0,1.0287362190849154
2026-07-09,2026-07-09 11:25:38,V019,105.0,1.0217411399321177
2026-07-09,2026-07-09 11:25:39,V019,104.0,1.0215174301422065
2026-07-09,2026-07-09 11:25:40,V019,104.0,1.021687947941932
2026-07-09,2026-07-09 11:25:41,V019,104.0,1.0214605920223367
2026-07-09,2026-07-09 11:25:42,V019,104.0,1.0204804851126559
2026-07-09,2026-07-09 11:25:43,V019,104.0,1.0220520337758958
2026-07-09,2026-07-09 11:25:44,V019,105.0,1.021572164951291
2026-07-09,2026-07-09 11:25:45,V019,105.0,1.0212738775344707
2026-07-09,2026-07-09 11:25:46,V019,106.0,1.0178451027450064
2026-07-09,2026-07-09 11:25:47,V019,107.0,1.0182247421218424
2026-07-09,2026-07-09 11:25:48,V019,106.0,1.0171483245596002
2026-07-09,2026-07-09 11:25:49,V019,106.0,1.0178093242285828
2026-07-09,2026-07-09 11:25:50,V019,106.0,1.0223325635602658
2026-07-09,2026-07-09 11:25:51,V019,105.0,1.0202470432202884
2026-07-09,2026-07-09 11:25:52,V019,104.0,1.01970514461789
2026-07-09,2026-07-09 11:25:53,V019,103.0,1.0219388004600953
2026-07-09,2026-07-09 11:25:54,V019,103.0,1.0214037827387568
2026-07-09,2026-07-09 11:25:55,V019,102.0,1.0200454579564158
2026-07-09,2026-07-09 11:25:56,V019,99.0,1.0208722391177691
2026-07-09,2026-07-09 11:25:57,V019,98.0,1.0197836851891817
2026-07-09,2026-07-09 11:25:58,V019,98.0,1.0201532711518642
2026-07-09,2026-07-09 11:25:59,V019,98.0,1.0213422719159646
2026-07-09,2026-07-09 11:26:00,V019,98.0,1.0207119408073582
2026-07-09,2026-07-09 11:26:01,V019,98.0,1.0210099031915745
2026-07-09,2026-07-09 11:26:02,V019,98.0,1.0219383375815556
2026-07-09,2026-07-09 11:26:03,V019,98.0,1.0196775758290595
2026-07-09,2026-07-09 11:26:04,V019,99.0,1.021418141702916
2026-07-09,2026-07-09 11:26:05,V019,100.0,1.0206293628828953
2026-07-09,2026-07-09 11:26:06,V019,100.0,1.0204940896784156
2026-07-09,2026-07-09 11:26:07,V019,101.0,1.0212905623671156
2026-07-09,2026-07-09 11:26:08,V019,102.0,1.021114473807694
2026-07-09,2026-07-09 11:26:09,V019,103.0,1.020946065401538
2026-07-09,2026-07-09 11:26:10,V019,104.0,1.019051186412408
2026-07-09,2026-07-09 11:26:11,V019,103.0,1.0194249506787705
2026-07-09,2026-07-09 11:26:12,V019,101.0,1.0181087920453065
2026-07-09,2026-07-09 11:26:13,V019,100.0,1.0202300359919763
2026-07-09,2026-07-09 11:26:14,V019,100.0,1.0174558783646148
2026-07-09,2026-07-09 11:26:15,V019,99.0,1.018440013417353
2026-07-09,2026-07-09 11:26:16,V019,99.0,1.0189330691855165
2026-07-09,2026-07-09 11:26:17,V019,100.0,1.016495893189229
2026-07-09,2026-07-09 11:26:18,V019,101.0,1.018459538757904
2026-07-09,2026-07-09 11:26:19,V019,101.0,1.0167021408701533
2026-07-09,2026-07-09 11:26:20,V019,102.0,1.0197961294328994
2026-07-09,2026-07-09 11:26:21,V019,102.0,1.0167397770348479
2026-07-09,2026-07-09 11:26:22,V019,101.0,1.0175038309703945
2026-07-09,2026-07-09 11:26:23,V019,101.0,1.0168921384139629
2026-07-09,2026-07-09 11:26:24,V019,101.0,1.0181368298702127
2026-07-09,2026-07-09 11:26:25,V019,99.0,1.0183817283992713
2026-07-09,2026-07-09 11:26:26,V019,98.0,1.0167403992547714
2026-07-09,2026-07-09 11:26:27,V019,98.0,1.017122447735134
2026-07-09,2026-07-09 11:26:28,V019,97.0,1.0183043228290702
2026-07-09,2026-07-09 11:26:29,V019,97.0,1.0188151921622346
2026-07-09,2026-07-09 11:26:30,V019,98.0,1.02376106494903
2026-07-09,2026-07-09 11:26:31,V019,99.0,1.0201966513470988
2026-07-09,2026-07-09 11:26:32,V019,99.0,1.0181390270829036
2026-07-09,2026-07-09 11:26:33,V019,99.0,1.0190980628255188
2026-07-09,2026-07-09 11:26:34,V019,98.0,1.0187274482151776
2026-07-09,2026-07-09 11:26:35,V019,98.0,1.0182480433871721
2026-07-09,2026-07-09 11:26:36,V019,97.0,1.019005420332066
2026-07-09,2026-07-09 11:26:37,V019,96.0,1.0184672296193413
2026-07-09,2026-07-09 11:26:38,V019,96.0,1.01863731274609
2026-07-09,2026-07-09 11:26:39,V019,97.0,1.0184842723442367
2026-07-09,2026-07-09 11:26:40,V019,98.0,1.0173993208089451
2026-07-09,2026-07-09 11:26:41,V019,98.0,1.0172083651275923
2026-07-09,2026-07-09 11:26:42,V019,97.0,1.0171244953247303
2026-07-09,2026-07-09 11:26:43,V019,96.0,1.0171078170012429
2026-07-09,2026-07-09 11:26:44,V019,95.0,1.0184876824112548
2026-07-09,2026-07-09 11:26:45,V019,95.0,1.0179746317078746
2026-07-09,2026-07-09 11:26:46,V019,95.0,1.0175714820689274
2026-07-09,2026-07-09 11:26:47,V019,95.0,1.0175408900165164
2026-07-09,2026-07-09 11:26:48,V019,95.0,1.018891351777501
2026-07-09,2026-07-09 11:26:49,V019,95.0,1.017904219887663
2026-07-09,2026-07-09 11:26:50,V019,95.0,1.0178225708631274
2026-07-09,2026-07-09 11:26:51,V019,94.0,1.0178505885736042
2026-07-09,2026-07-09 11:26:52,V019,93.0,1.0188676535880012
2026-07-09,2026-07-09 11:26:53,V019,92.0,1.0480629721698973
2026-07-09,2026-07-09 11:26:54,V019,91.0,1.0306968615370584
2026-07-09,2026-07-09 11:26:55,V019,91.0,1.0180275262428031
2026-07-09,2026-07-09 11:26:56,V019,92.0,1.0229025744213829
2026-07-09,2026-07-09 11:26:57,V019,92.0,1.0206575823425685
2026-07-09,2026-07-09 11:26:58,V019,92.0,1.0215968141951273
2026-07-09,2026-07-09 11:26:59,V019,93.0,1.0304690453900647
2026-07-09,2026-07-09 11:27:00,V019,95.0,1.015424853124215
2026-07-09,2026-07-09 11:27:01,V019,96.0,1.0804558356258764
2026-07-09,2026-07-09 11:27:02,V019,97.0,0.9953962471181682
2026-07-09,2026-07-09 11:27:03,V019,98.0,1.036576279134559
2026-07-09,2026-07-09 11:27:04,V019,98.0,1.0136881445008616
2026-07-09,2026-07-09 11:27:05,V019,98.0,1.0184445554294963
2026-07-09,2026-07-09 11:27:06,V019,98.0,1.022627625186448
2026-07-09,2026-07-09 11:27:07,V019,99.0,1.0458493017890105
2026-07-09,2026-07-09 11:27:08,V019,100.0,1.0267587782673855
2026-07-09,2026-07-09 11:27:09,V019,100.0,1.0327360550700406
2026-07-09,2026-07-09 11:27:10,V019,101.0,1.0303042861410647
2026-07-09,2026-07-09 11:27:11,V019,102.0,1.0308859450290726
2026-07-09,2026-07-09 11:27:12,V019,103.0,1.0294197080571015
2026-07-09,2026-07-09 11:27:13,V019,104.0,1.0294363840423628
2026-07-09,2026-07-09 11:27:14,V019,104.0,1.0308197557623817
2026-07-09,2026-07-09 11:27:15,V019,104.0,1.0280883701843866
2026-07-09,2026-07-09 11:27:16,V019,103.0,1.033223378318329
2026-07-09,2026-07-09 11:27:17,V019,103.0,1.0438447828631299
2026-07-09,2026-07-09 11:27:18,V019,102.0,1.021878223413935
2026-07-09,2026-07-09 11:27:19,V019,102.0,1.050510296264815
2026-07-09,2026-07-09 11:27:20,V019,102.0,1.0285196724690564
2026-07-09,2026-07-09 11:27:21,V019,101.0,1.0358661313089539
2026-07-09,2026-07-09 11:27:22,V019,101.0,1.038606402343132
2026-07-09,2026-07-09 11:27:23,V019,101.0,1.0107123466788415
2026-07-09,2026-07-09 11:27:24,V019,101.0,1.0693322536024295
2026-07-09,2026-07-09 11:27:25,V019,101.0,1.0219518205264722
2026-07-09,2026-07-09 11:27:26,V019,101.0,1.0388586522470042
2026-07-09,2026-07-09 11:27:27,V019,101.0,0.961537200109226
2026-07-09,2026-07-09 11:27:28,V019,101.0,1.109113861449847
2026-07-09,2026-07-09 11:27:29,V019,101.0,1.0168613119586207
2026-07-09,2026-07-09 11:27:30,V019,101.0,0.9999087777810496
2026-07-09,2026-07-09 11:27:31,V019,100.0,1.0253739859948925
2026-07-09,2026-07-09 11:27:32,V019,98.0,1.001437171810485
2026-07-09,2026-07-09 11:27:33,V019,98.0,1.028356668557472
2026-07-09,2026-07-09 11:27:34,V019,97.0,1.022267008597665
2026-07-09,2026-07-09 11:27:35,V019,97.0,1.0132005905539907
2026-07-09,2026-07-09 11:27:36,V019,96.0,1.0190652923136654
2026-07-09,2026-07-09 11:27:37,V019,95.0,1.0125132255139333
2026-07-09,2026-07-09 11:27:38,V019,95.0,1.0118746295712384
2026-07-09,2026-07-09 11:27:39,V019,96.0,1.015357079635175
2026-07-09,2026-07-09 11:27:40,V019,96.0,1.0144709486412553
2026-07-09,2026-07-09 11:27:41,V019,96.0,1.012226457392918
2026-07-09,2026-07-09 11:27:42,V019,97.0,1.0165223281100244
2026-07-09,2026-07-09 11:27:43,V019,97.0,1.0143019897528933
2026-07-09,2026-07-09 11:27:44,V019,97.0,1.0146650182228552
2026-07-09,2026-07-09 11:27:45,V019,98.0,1.0152284025742442
2026-07-09,2026-07-09 11:27:46,V019,98.0,1.014349811896446
2026-07-09,2026-07-09 11:27:47,V019,100.0,1.0122158735540079
2026-07-09,2026-07-09 11:27:48,V019,102.0,1.013942727153511
2026-07-09,2026-07-09 11:27:49,V019,103.0,1.0153851052300495
2026-07-09,2026-07-09 11:27:50,V019,102.0,1.0151819943485345
2026-07-09,2026-07-09 11:27:51,V019,102.0,1.0171777428790398
2026-07-09,2026-07-09 11:27:52,V019,102.0,1.0348755659457602
2026-07-09,2026-07-09 11:27:53,V019,103.0,1.0216279571714535
2026-07-09,2026-07-09 11:27:54,V019,103.0,1.0665814768068462
2026-07-09,2026-07-09 11:27:55,V019,103.0,1.0145129921658442
2026-07-09,2026-07-09 11:27:56,V019,103.0,1.0158746234159555
2026-07-09,2026-07-09 11:27:57,V019,103.0,1.0144315129926431
2026-07-09,2026-07-09 11:27:58,V019,103.0,1.0492210119767398
2026-07-09,2026-07-09 11:27:59,V019,104.0,1.0248941079214673
2026-07-09,2026-07-09 11:28:00,V019,104.0,1.0139608155492141
2026-07-09,2026-07-09 11:28:01,V019,104.0,1.0160588224701228
2026-07-09,2026-07-09 11:28:02,V019,104.0,1.039820642872774
2026-07-09,2026-07-09 11:28:03,V019,105.0,1.0201221423642428
2026-07-09,2026-07-09 11:28:04,V019,105.0,1.0122473217441046
2026-07-09,2026-07-09 11:28:05,V019,104.0,1.0151352927898856
2026-07-09,2026-07-09 11:28:06,V019,104.0,1.0195563494930169
2026-07-09,2026-07-09 11:28:07,V019,103.0,1.0164535756718205
2026-07-09,2026-07-09 11:28:08,V019,103.0,1.0190996548180673
2026-07-09,2026-07-09 11:28:09,V019,102.0,1.0124255224543746
2026-07-09,2026-07-09 11:28:10,V019,102.0,1.0117278014125217
2026-07-09,2026-07-09 11:28:11,V019,101.0,1.0125431686195245
2026-07-09,2026-07-09 11:28:12,V019,100.0,1.0263838387110742
2026-07-09,2026-07-09 11:28:13,V019,98.0,1.0149855254314715
2026-07-09,2026-07-09 11:28:14,V019,98.0,1.0149491984960999
2026-07-09,2026-07-09 11:28:15,V019,99.0,1.0085559233807102
2026-07-09,2026-07-09 11:28:16,V019,99.0,1.035468765546927
2026-07-09,2026-07-09 11:28:17,V019,100.0,1.0258521640673566
2026-07-09,2026-07-09 11:28:18,V019,101.0,1.0367034817028127
2026-07-09,2026-07-09 11:28:19,V019,101.0,1.0299702809232865
2026-07-09,2026-07-09 11:28:20,V019,101.0,1.0265651795139212
2026-07-09,2026-07-09 11:28:21,V019,101.0,1.0271744725208032
2026-07-09,2026-07-09 11:28:22,V019,101.0,1.027669723103347
2026-07-09,2026-07-09 11:28:23,V019,101.0,1.025501798616012
2026-07-09,2026-07-09 11:28:24,V019,101.0,1.0291110528821386
2026-07-09,2026-07-09 11:28:25,V019,100.0,1.0255965600523913
2026-07-09,2026-07-09 11:28:26,V019,100.0,1.0259696071180233
2026-07-09,2026-07-09 11:28:27,V019,100.0,1.0279008850561997
2026-07-09,2026-07-09 11:28:28,V019,100.0,1.027782381650945
2026-07-09,2026-07-09 11:28:29,V019,101.0,1.0265743434927042
2026-07-09,2026-07-09 11:28:30,V019,102.0,1.0272321525364005
2026-07-09,2026-07-09 11:28:31,V019,102.0,1.0259914208614818
2026-07-09,2026-07-09 11:28:32,V019,102.0,1.0272823022965514
2026-07-09,2026-07-09 11:28:33,V019,103.0,1.0257207514985114
2026-07-09,2026-07-09 11:28:34,V019,104.0,1.0279374572529185
2026-07-09,2026-07-09 11:28:35,V019,104.0,1.0248891834046725
2026-07-09,2026-07-09 11:28:36,V019,104.0,1.028324704579822
2026-07-09,2026-07-09 11:28:37,V019,103.0,1.0265525789463925
2026-07-09,2026-07-09 11:28:38,V019,101.0,1.0253124699158382
2026-07-09,2026-07-09 11:28:39,V019,100.0,1.0281137591319518
2026-07-09,2026-07-09 11:28:40,V019,100.0,1.025397696608023
2026-07-09,2026-07-09 11:28:41,V019,98.0,1.0345520314360674
2026-07-09,2026-07-09 11:28:42,V019,95.0,1.019885595133572
2026-07-09,2026-07-09 11:28:43,V019,94.0,1.0332528558804717
2026-07-09,2026-07-09 11:28:44,V019,94.0,1.0237963530301337
2026-07-09,2026-07-09 11:28:45,V019,95.0,1.0199759499332806
2026-07-09,2026-07-09 11:28:46,V019,96.0,1.0221572033708495
2026-07-09,2026-07-09 11:28:47,V019,97.0,1.0206449069274524
2026-07-09,2026-07-09 11:28:48,V019,97.0,1.0193247791976743
2026-07-09,2026-07-09 11:28:49,V019,97.0,1.0483350648603174
2026-07-09,2026-07-09 11:28:50,V019,97.0,1.0116934016772121
2026-07-09,2026-07-09 11:28:51,V019,97.0,1.016410654137295
2026-07-09,2026-07-09 11:28:52,V019,97.0,1.016443498737767
2026-07-09,2026-07-09 11:28:53,V019,97.0,1.01489376018655
2026-07-09,2026-07-09 11:28:54,V019,98.0,1.0221748140898785
2026-07-09,2026-07-09 11:28:55,V019,98.0,1.0523724657562792
2026-07-09,2026-07-09 11:28:56,V019,98.0,1.0117982139934618
2026-07-09,2026-07-09 11:28:57,V019,99.0,1.0146713077796796
2026-07-09,2026-07-09 11:28:58,V019,100.0,1.012816175058635
2026-07-09,2026-07-09 11:28:59,V019,101.0,1.0170777377995421
2026-07-09,2026-07-09 11:29:00,V019,101.0,1.0127734104048862
2026-07-09,2026-07-09 11:29:01,V019,101.0,1.01285434290021
2026-07-09,2026-07-09 11:29:02,V019,102.0,1.0142777792039275
2026-07-09,2026-07-09 11:29:03,V019,103.0,1.0294016087221014
2026-07-09,2026-07-09 11:29:04,V019,103.0,1.0558119150956262
2026-07-09,2026-07-09 11:29:05,V019,104.0,1.0971783820483516
2026-07-09,2026-07-09 11:29:06,V019,104.0,1.0479105338387802
2026-07-09,2026-07-09 11:29:07,V019,104.0,1.1275892671488816
2026-07-09,2026-07-09 11:29:08,V019,104.0,1.0580825791184754
2026-07-09,2026-07-09 11:29:09,V019,104.0,1.1086566818400456
2026-07-09,2026-07-09 11:29:10,V019,103.0,1.0489607603648006
2026-07-09,2026-07-09 11:29:11,V019,103.0,1.0504590810848518
2026-07-09,2026-07-09 11:29:12,V019,103.0,1.0709471491221652
2026-07-09,2026-07-09 11:29:13,V019,102.0,1.0074020076646824
2026-07-09,2026-07-09 11:29:14,V019,101.0,1.0466886403305693
2026-07-09,2026-07-09 11:29:15,V019,100.0,1.027213398728036
2026-07-09,2026-07-09 11:29:16,V019,100.0,1.1692486420440427
2026-07-09,2026-07-09 11:29:17,V019,99.0,0.9379474788124175
2026-07-09,2026-07-09 11:29:18,V019,98.0,1.126104370759035
2026-07-09,2026-07-09 11:29:19,V019,98.0,1.1120214322391333
2026-07-09,2026-07-09 11:29:20,V019,98.0,1.124840796656824
2026-07-09,2026-07-09 11:29:21,V019,98.0,0.9970889973408574
2026-07-09,2026-07-09 11:29:22,V019,99.0,1.0820850975526572
2026-07-09,2026-07-09 11:29:23,V019,99.0,1.059167130225269
2026-07-09,2026-07-09 11:29:24,V019,99.0,1.3100485656783043
2026-07-09,2026-07-09 11:29:25,V019,100.0,1.146665612183492
2026-07-09,2026-07-09 11:29:26,V019,100.0,1.0544008002846255
2026-07-09,2026-07-09 11:29:27,V019,100.0,1.061161397430566
2026-07-09,2026-07-09 11:29:28,V019,100.0,1.0695089902950083
2026-07-09,2026-07-09 11:29:29,V019,99.0,1.064790858364143
2026-07-09,2026-07-09 11:29:30,V019,99.0,1.0324386779802603
2026-07-09,2026-07-09 11:29:31,V019,99.0,1.046321977056271
2026-07-09,2026-07-09 11:29:32,V019,99.0,1.1193854573614663
2026-07-09,2026-07-09 11:29:33,V019,99.0,1.031734787264077
2026-07-09,2026-07-09 11:29:34,V019,99.0,1.0263705304433168
2026-07-09,2026-07-09 11:29:35,V019,99.0,1.0848479548165568
2026-07-09,2026-07-09 11:29:36,V019,99.0,1.0928544195323375
2026-07-09,2026-07-09 11:29:37,V019,99.0,1.0340503824709941
2026-07-09,2026-07-09 11:29:38,V019,100.0,1.0094856132526862
2026-07-09,2026-07-09 11:29:39,V019,101.0,1.0127645886281391
2026-07-09,2026-07-09 11:29:40,V019,101.0,1.1657673362415673
2026-07-09,2026-07-09 11:29:41,V019,101.0,0.9733504254396629
2026-07-09,2026-07-09 11:29:42,V019,103.0,1.097532733484986
2026-07-09,2026-07-09 11:29:43,V019,103.0,1.2475469992651325
2026-07-09,2026-07-09 11:29:44,V019,104.0,1.6484934172551524
2026-07-09,2026-07-09 11:29:45,V019,105.0,1.1877094610345706
2026-07-09,2026-07-09 11:29:46,V019,106.0,1.019823250925258
2026-07-09,2026-07-09 11:29:47,V019,106.0,1.1751196450369792
2026-07-09,2026-07-09 11:29:48,V019,106.0,1.2375552224603983
2026-07-09,2026-07-09 11:29:49,V019,107.0,1.2105869171023105
2026-07-09,2026-07-09 11:29:50,V019,108.0,1.480783699037327
2026-07-09,2026-07-09 11:29:51,V019,108.0,1.8026827409717154
2026-07-09,2026-07-09 11:29:52,V019,109.0,2.0235025074903614
2026-07-09,2026-07-09 11:29:53,V019,109.0,1.0426752100994419
2026-07-09,2026-07-09 11:29:54,V019,111.0,1.092305545700867
2026-07-09,2026-07-09 11:29:55,V019,112.0,1.216666250217402
2026-07-09,2026-07-09 11:29:56,V019,112.0,1.745466673993515
2026-07-09,2026-07-09 11:29:57,V019,113.0,1.4932974571686597
2026-07-09,2026-07-09 11:29:58,V019,115.0,1.127440796369133
2026-07-09,2026-07-09 11:29:59,V019,116.0,1.0214266647331474
2026-07-09,2026-07-09 11:30:00,V019,118.0,1.0158616322316636
2026-07-09,2026-07-09 11:30:01,V019,119.0,1.0546401807961432
2026-07-09,2026-07-09 11:30:02,V019,120.0,1.094887776371563
2026-07-09,2026-07-09 11:30:03,V019,121.0,1.0911628831996405
2026-07-09,2026-07-09 11:30:04,V019,123.0,1.1150209831124018
2026-07-09,2026-07-09 11:30:05,V019,124.0,1.0756760723250947
2026-07-09,2026-07-09 11:30:06,V019,126.0,1.0275913738153526
2026-07-09,2026-07-09 11:30:07,V019,127.0,1.0213100434794962
2026-07-09,2026-07-09 11:30:08,V019,128.0,0.9676304298330146
2026-07-09,2026-07-09 11:30:09,V019,129.0,1.2022524443189977
2026-07-09,2026-07-09 11:30:10,V019,131.0,1.1624437625851596
2026-07-09,2026-07-09 11:30:11,V019,132.0,0.9917931840765852
2026-07-09,2026-07-09 11:30:12,V019,135.0,1.0383209081931475
2026-07-09,2026-07-09 11:30:13,V019,137.0,1.0590661654430638
2026-07-09,2026-07-09 11:30:14,V019,137.0,1.0245085637974949
2026-07-09,2026-07-09 11:30:15,V019,138.0,1.0282632761543484
2026-07-09,2026-07-09 11:30:16,V019,138.0,1.1287631795326782
2026-07-09,2026-07-09 11:30:17,V019,138.0,1.2497533590481757
2026-07-09,2026-07-09 11:30:18,V019,137.0,1.0927685068022432
2026-07-09,2026-07-09 11:30:19,V019,136.0,0.9885655549701545
2026-07-09,2026-07-09 11:30:20,V019,135.0,1.0828377484906646
2026-07-09,2026-07-09 11:30:21,V019,134.0,1.0738593308334374
2026-07-09,2026-07-09 11:30:22,V019,134.0,1.0720752525179793
2026-07-09,2026-07-09 11:30:23,V019,133.0,1.0818888861159563
2026-07-09,2026-07-09 11:30:24,V019,132.0,1.0942678775404522
2026-07-09,2026-07-09 11:30:25,V019,131.0,1.136004425562174
2026-07-09,2026-07-09 11:30:26,V019,131.0,1.1153267860375704
2026-07-09,2026-07-09 11:30:27,V019,130.0,1.0065596198620685
2026-07-09,2026-07-09 11:30:28,V019,130.0,1.0573390242355023
2026-07-09,2026-07-09 11:30:29,V019,130.0,1.0536885410855361
2026-07-09,2026-07-09 11:30:30,V019,130.0,1.103782618756764
2026-07-09,2026-07-09 11:30:31,V019,131.0,1.0174258738822977
2026-07-09,2026-07-09 11:30:32,V019,132.0,1.0260908661532477
2026-07-09,2026-07-09 11:30:33,V019,133.0,1.0153600598554149
2026-07-09,2026-07-09 11:30:34,V019,133.0,1.0363390336091478
2026-07-09,2026-07-09 11:30:35,V019,134.0,1.0150752045301332
2026-07-09,2026-07-09 11:30:36,V019,133.0,0.9953597304315192
2026-07-09,2026-07-09 11:30:37,V019,133.0,1.0701270537086258
2026-07-09,2026-07-09 11:30:38,V019,133.0,1.0971057963361077
2026-07-09,2026-07-09 11:30:39,V019,132.0,1.0770729722331491
2026-07-09,2026-07-09 11:30:40,V019,130.0,1.0271295832270522
2026-07-09,2026-07-09 11:30:41,V019,129.0,1.0256796041414153
2026-07-09,2026-07-09 11:30:42,V019,128.0,1.0127354597461409
2026-07-09,2026-07-09 11:30:43,V019,127.0,1.0445644978244055
2026-07-09,2026-07-09 11:30:44,V019,125.0,1.017488024202019
2026-07-09,2026-07-09 11:30:45,V019,124.0,1.0232758943772235
2026-07-09,2026-07-09 11:30:46,V019,124.0,1.0703570724749747
2026-07-09,2026-07-09 11:30:47,V019,121.0,1.0195198748521785
2026-07-09,2026-07-09 11:30:48,V019,117.0,1.140889397851879
2026-07-09,2026-07-09 11:30:49,V019,116.0,1.0113545577943897
2026-07-09,2026-07-09 11:30:50,V019,115.0,1.0256339400051295
2026-07-09,2026-07-09 11:30:51,V019,114.0,1.01581672165749
2026-07-09,2026-07-09 11:30:52,V019,113.0,1.0228548644446287
2026-07-09,2026-07-09 11:30:53,V019,113.0,1.0121390963367096
2026-07-09,2026-07-09 11:30:54,V019,113.0,1.0251494990421646
2026-07-09,2026-07-09 11:30:55,V019,113.0,1.0097444253272594
2026-07-09,2026-07-09 11:30:56,V019,113.0,1.0238470547697962
2026-07-09,2026-07-09 11:30:57,V019,113.0,1.0229238151351776
2026-07-09,2026-07-09 11:30:58,V019,112.0,1.0308109632430464
2026-07-09,2026-07-09 11:30:59,V019,111.0,1.0172974196882445
2026-07-09,2026-07-09 11:31:00,V019,110.0,1.0393720193591918
2026-07-09,2026-07-09 11:31:01,V019,109.0,1.0221453329395782
2026-07-09,2026-07-09 11:31:02,V019,109.0,1.020979992268951
2026-07-09,2026-07-09 11:31:03,V019,107.0,1.0335808290597417
2026-07-09,2026-07-09 11:31:04,V019,105.0,1.0231269990253422
2026-07-09,2026-07-09 11:31:05,V019,104.0,1.011165440584064
2026-07-09,2026-07-09 11:31:06,V019,104.0,1.0142134031523493
2026-07-09,2026-07-09 11:31:07,V019,104.0,1.028914456658983
2026-07-09,2026-07-09 11:31:08,V019,104.0,1.1477674163327622
2026-07-09,2026-07-09 11:31:09,V019,104.0,1.1355442199417014
2026-07-09,2026-07-09 11:31:10,V019,104.0,1.169509123011437
2026-07-09,2026-07-09 11:31:11,V019,104.0,1.0470801742951399
2026-07-09,2026-07-09 11:31:12,V019,104.0,1.0192110825663967
2026-07-09,2026-07-09 11:31:13,V019,105.0,1.0380433192962024
2026-07-09,2026-07-09 11:31:14,V019,106.0,1.0311921434509328
2026-07-09,2026-07-09 11:31:15,V019,106.0,1.0586402032777094
2026-07-09,2026-07-09 11:31:16,V019,107.0,1.0519037914453382
2026-07-09,2026-07-09 11:31:17,V019,107.0,1.6627576020964214
2026-07-09,2026-07-09 11:31:18,V019,107.0,1.8530006394078562
2026-07-09,2026-07-09 11:31:19,V019,107.0,1.0801778712078074
2026-07-09,2026-07-09 11:31:20,V019,108.0,1.0656415660127405
2026-07-09,2026-07-09 11:31:21,V019,109.0,1.044026780105527
2026-07-09,2026-07-09 11:31:22,V019,109.0,1.0414331680295905
2026-07-09,2026-07-09 11:31:23,V019,110.0,1.0307765121830401
2026-07-09,2026-07-09 11:31:24,V019,109.0,1.5535752991188059
2026-07-09,2026-07-09 11:31:25,V019,109.0,2.1457980062876767
2026-07-09,2026-07-09 11:31:26,V019,109.0,1.2683253272404236
2026-07-09,2026-07-09 11:31:27,V019,110.0,1.5297430810564125
2026-07-09,2026-07-09 11:31:28,V019,112.0,1.443193745860498
2026-07-09,2026-07-09 11:31:29,V019,112.0,2.025511632851615
2026-07-09,2026-07-09 11:31:30,V019,112.0,1.8861065109803403
2026-07-09,2026-07-09 11:31:31,V019,114.0,1.169949158860774
2026-07-09,2026-07-09 11:31:32,V019,116.0,1.075501118156195
2026-07-09,2026-07-09 11:31:33,V019,116.0,1.1316107862128646
2026-07-09,2026-07-09 11:31:34,V019,116.0,1.0156511817607414
2026-07-09,2026-07-09 11:31:35,V019,117.0,1.0673988532104555
2026-07-09,2026-07-09 11:31:36,V019,118.0,1.0757189159403515
2026-07-09,2026-07-09 11:31:37,V019,118.0,1.039832324676762
2026-07-09,2026-07-09 11:31:38,V019,118.0,1.01466802664858
2026-07-09,2026-07-09 11:31:39,V019,119.0,1.0981074273078617
2026-07-09,2026-07-09 11:31:40,V019,119.0,1.057747330029141
2026-07-09,2026-07-09 11:31:41,V019,119.0,1.0462671732704754
2026-07-09,2026-07-09 11:31:42,V019,119.0,1.1194857396590658
2026-07-09,2026-07-09 11:31:43,V019,120.0,1.0771325526071005
2026-07-09,2026-07-09 11:31:44,V019,120.0,1.0551803181699688
2026-07-09,2026-07-09 11:31:45,V019,120.0,1.021766790693849
2026-07-09,2026-07-09 11:31:46,V019,120.0,1.009756841930086
2026-07-09,2026-07-09 11:31:47,V019,121.0,1.0151937381918423
2026-07-09,2026-07-09 11:31:48,V019,123.0,1.0126302956226862
2026-07-09,2026-07-09 11:31:49,V019,124.0,1.0155580947859961
2026-07-09,2026-07-09 11:31:50,V019,124.0,1.0136037608069282
2026-07-09,2026-07-09 11:31:51,V019,125.0,1.120046651124964
2026-07-09,2026-07-09 11:31:52,V019,125.0,1.0289171343386347
2026-07-09,2026-07-09 11:31:53,V019,125.0,1.0724313983558433
2026-07-09,2026-07-09 11:31:54,V019,125.0,1.0755106381366473
2026-07-09,2026-07-09 11:31:55,V019,125.0,1.0511839304621904
2026-07-09,2026-07-09 11:31:56,V019,124.0,1.0953003469136644
2026-07-09,2026-07-09 11:31:57,V019,124.0,1.0337256648205342
2026-07-09,2026-07-09 11:31:58,V019,124.0,1.0706941851145186
2026-07-09,2026-07-09 11:31:59,V019,124.0,1.0106403832955784
2026-07-09,2026-07-09 11:32:00,V019,124.0,1.0337048901487107
2026-07-09,2026-07-09 11:32:01,V019,124.0,1.0072119956244072
2026-07-09,2026-07-09 11:32:02,V019,124.0,1.0143612638957853
2026-07-09,2026-07-09 11:32:03,V019,124.0,1.0191666397057566
2026-07-09,2026-07-09 11:32:04,V019,124.0,1.0409063799615523
2026-07-09,2026-07-09 11:32:05,V019,124.0,1.100499403423986
2026-07-09,2026-07-09 11:32:06,V019,124.0,1.124491775462847
2026-07-09,2026-07-09 11:32:07,V019,124.0,1.0621365686338153
2026-07-09,2026-07-09 11:32:08,V019,124.0,1.0648179193707619
2026-07-09,2026-07-09 11:32:09,V019,123.0,1.0482356254804783
2026-07-09,2026-07-09 11:32:10,V019,123.0,1.0207912325607063
2026-07-09,2026-07-09 11:32:11,V019,123.0,1.0318408228890839
2026-07-09,2026-07-09 11:32:12,V019,124.0,1.029635670965609
2026-07-09,2026-07-09 11:32:13,V019,124.0,1.0600809520960424
2026-07-09,2026-07-09 11:32:14,V019,124.0,1.0405708522334622
2026-07-09,2026-07-09 11:32:15,V019,124.0,1.0784788813021695
2026-07-09,2026-07-09 11:32:16,V019,124.0,1.0506745658464793
2026-07-09,2026-07-09 11:32:17,V019,125.0,1.0405722671848745
2026-07-09,2026-07-09 11:32:18,V019,125.0,1.010268640334128
2026-07-09,2026-07-09 11:32:19,V019,126.0,1.0345424186909231
2026-07-09,2026-07-09 11:32:20,V019,126.0,1.0619079895048984
2026-07-09,2026-07-09 11:32:21,V019,125.0,1.0249654438401727
2026-07-09,2026-07-09 11:32:22,V019,125.0,1.0874559946625009
2026-07-09,2026-07-09 11:32:23,V019,124.0,1.0556680081100476
2026-07-09,2026-07-09 11:32:24,V019,124.0,1.0527089802679783
2026-07-09,2026-07-09 11:32:25,V019,123.0,1.0132370531917818
2026-07-09,2026-07-09 11:32:26,V019,122.0,1.0276578501409879
2026-07-09,2026-07-09 11:32:27,V019,122.0,1.028388165508762
2026-07-09,2026-07-09 11:32:28,V019,120.0,1.0192838872930972
2026-07-09,2026-07-09 11:32:29,V019,119.0,1.0223148891337117
2026-07-09,2026-07-09 11:32:30,V019,118.0,1.0276403597705268
2026-07-09,2026-07-09 11:32:31,V019,118.0,1.0166359247483034
2026-07-09,2026-07-09 11:32:32,V019,118.0,1.0287668832878727
2026-07-09,2026-07-09 11:32:33,V019,117.0,1.0340102487867964
2026-07-09,2026-07-09 11:32:34,V019,115.0,1.0282392518542247
2026-07-09,2026-07-09 11:32:35,V019,114.0,1.022236054449659
2026-07-09,2026-07-09 11:32:36,V019,112.0,1.0215276770319768
2026-07-09,2026-07-09 11:32:37,V019,111.0,1.0163400677103915
2026-07-09,2026-07-09 11:32:38,V019,111.0,1.0164397096131053
2026-07-09,2026-07-09 11:32:39,V019,109.0,1.0183174349324073
2026-07-09,2026-07-09 11:32:40,V019,108.0,1.0108912580609248
2026-07-09,2026-07-09 11:32:41,V019,107.0,1.015159802866872
2026-07-09,2026-07-09 11:32:42,V019,106.0,1.0143821029076137
2026-07-09,2026-07-09 11:32:43,V019,106.0,1.0116824590310576
2026-07-09,2026-07-09 11:32:44,V019,107.0,1.0140064510596587
2026-07-09,2026-07-09 11:32:45,V019,108.0,1.0262792073838019
2026-07-09,2026-07-09 11:32:46,V019,109.0,1.0026955196995166
2026-07-09,2026-07-09 11:32:47,V019,109.0,1.0130254050515224
2026-07-09,2026-07-09 11:32:48,V019,109.0,1.0159789748925139
2026-07-09,2026-07-09 11:32:49,V019,109.0,1.0120511544867155
2026-07-09,2026-07-09 11:32:50,V019,110.0,1.0160132857789699
2026-07-09,2026-07-09 11:32:51,V019,110.0,1.0170465581162058
2026-07-09,2026-07-09 11:32:52,V019,111.0,1.0217568365265481
2026-07-09,2026-07-09 11:32:53,V019,112.0,1.064030153051662
2026-07-09,2026-07-09 11:32:54,V019,113.0,1.027013545328567
2026-07-09,2026-07-09 11:32:55,V019,113.0,1.0317168475366878
2026-07-09,2026-07-09 11:32:56,V019,113.0,1.0240094753023996
2026-07-09,2026-07-09 11:32:57,V019,113.0,1.025140993312624
2026-07-09,2026-07-09 11:32:58,V019,113.0,1.0284781377868155
2026-07-09,2026-07-09 11:32:59,V019,113.0,1.0263126900805806
2026-07-09,2026-07-09 11:33:00,V019,113.0,1.0249332044106612
2026-07-09,2026-07-09 11:33:01,V019,113.0,1.0293046041771594
2026-07-09,2026-07-09 11:33:02,V019,113.0,1.05349952165066
2026-07-09,2026-07-09 11:33:03,V019,113.0,1.0298170923466106
2026-07-09,2026-07-09 11:33:04,V019,113.0,0.9990652282083284
2026-07-09,2026-07-09 11:33:05,V019,114.0,1.0839550101131308
2026-07-09,2026-07-09 11:33:06,V019,114.0,1.0630374115493488
2026-07-09,2026-07-09 11:33:07,V019,113.0,0.9995025878559212
2026-07-09,2026-07-09 11:33:08,V019,112.0,1.0687725578166523
2026-07-09,2026-07-09 11:33:09,V019,111.0,1.069286664317548
2026-07-09,2026-07-09 11:33:10,V019,110.0,1.0233493343103135
2026-07-09,2026-07-09 11:33:11,V019,108.0,1.0203556761010557
2026-07-09,2026-07-09 11:33:12,V019,108.0,1.0207307438851363
2026-07-09,2026-07-09 11:33:13,V019,109.0,1.028956513778183
2026-07-09,2026-07-09 11:33:14,V019,109.0,1.0210692683763327
2026-07-09,2026-07-09 11:33:15,V019,109.0,1.0315095529341887
2026-07-09,2026-07-09 11:33:16,V019,109.0,1.0219279719312995
2026-07-09,2026-07-09 11:33:17,V019,108.0,1.0178815739681903
2026-07-09,2026-07-09 11:33:18,V019,107.0,1.0228424475236808
2026-07-09,2026-07-09 11:33:19,V019,107.0,1.0415223202469261
2026-07-09,2026-07-09 11:33:20,V019,107.0,1.0393539488550605
2026-07-09,2026-07-09 11:33:21,V019,106.0,1.0146548781343259
2026-07-09,2026-07-09 11:33:22,V019,103.0,1.0360989748245284
2026-07-09,2026-07-09 11:33:23,V019,102.0,1.0124357992247288
2026-07-09,2026-07-09 11:33:24,V019,100.0,1.0429623321973298
2026-07-09,2026-07-09 11:33:25,V019,99.0,1.026107622194977
2026-07-09,2026-07-09 11:33:26,V019,99.0,1.0211809090907706
2026-07-09,2026-07-09 11:33:27,V019,99.0,1.0144640268762086
2026-07-09,2026-07-09 11:33:28,V019,99.0,1.0200736469023561
2026-07-09,2026-07-09 11:33:29,V019,99.0,1.0191139165402596
2026-07-09,2026-07-09 11:33:30,V019,99.0,1.0151990659487888
2026-07-09,2026-07-09 11:33:31,V019,99.0,1.0159536169033538
2026-07-09,2026-07-09 11:33:32,V019,100.0,1.017227584034485
2026-07-09,2026-07-09 11:33:33,V019,101.0,1.0084379942027732
2026-07-09,2026-07-09 11:33:34,V019,100.0,1.0207191412628234
2026-07-09,2026-07-09 11:33:35,V019,100.0,1.0138805248837885
2026-07-09,2026-07-09 11:33:36,V019,100.0,1.0171558154774454
2026-07-09,2026-07-09 11:33:37,V019,100.0,1.1697069032200333
2026-07-09,2026-07-09 11:33:38,V019,99.0,1.0007407407302518
2026-07-09,2026-07-09 11:33:39,V019,99.0,1.0191250442391078
2026-07-09,2026-07-09 11:33:40,V019,98.0,1.010681043767247
2026-07-09,2026-07-09 11:33:41,V019,98.0,1.0256838474261034
2026-07-09,2026-07-09 11:33:42,V019,98.0,1.0157325260279157
2026-07-09,2026-07-09 11:33:43,V019,99.0,1.0152356011840582
2026-07-09,2026-07-09 11:33:44,V019,99.0,1.0076637850384373
2026-07-09,2026-07-09 11:33:45,V019,99.0,1.0109659393274846
2026-07-09,2026-07-09 11:33:46,V019,99.0,1.0123462499115876
2026-07-09,2026-07-09 11:33:47,V019,99.0,1.0192410062495234
2026-07-09,2026-07-09 11:33:48,V019,99.0,1.0040698801129513
2026-07-09,2026-07-09 11:33:49,V019,99.0,1.031252375580262
2026-07-09,2026-07-09 11:33:50,V019,100.0,1.0075173010830705
2026-07-09,2026-07-09 11:33:51,V019,100.0,1.0286908869398947
2026-07-09,2026-07-09 11:33:52,V019,101.0,1.0076517122068351
2026-07-09,2026-07-09 11:33:53,V019,101.0,1.0206847578789016
2026-07-09,2026-07-09 11:33:54,V019,101.0,1.021133523225187
2026-07-09,2026-07-09 11:33:55,V019,102.0,1.0078742847864472
2026-07-09,2026-07-09 11:33:56,V019,104.0,1.0237437510892944
2026-07-09,2026-07-09 11:33:57,V019,105.0,1.0192795941572061
2026-07-09,2026-07-09 11:33:58,V019,108.0,1.0152889855249732
2026-07-09,2026-07-09 11:33:59,V019,109.0,1.0208628138352007
2026-07-09,2026-07-09 11:34:00,V019,111.0,1.0137202307497106
2026-07-09,2026-07-09 11:34:01,V019,112.0,1.0109416133389675
2026-07-09,2026-07-09 11:34:02,V019,112.0,1.0139801132701498
2026-07-09,2026-07-09 11:34:03,V019,112.0,1.010604739943428
2026-07-09,2026-07-09 11:34:04,V019,113.0,1.0147451977432849
2026-07-09,2026-07-09 11:34:05,V019,113.0,1.0135048328124792
2026-07-09,2026-07-09 11:34:06,V019,113.0,1.0118664552068262
2026-07-09,2026-07-09 11:34:07,V019,113.0,1.0221450968885806
2026-07-09,2026-07-09 11:34:08,V019,112.0,1.012513363147036
2026-07-09,2026-07-09 11:34:09,V019,111.0,1.0126577533581125
2026-07-09,2026-07-09 11:34:10,V019,111.0,1.01037751356985
2026-07-09,2026-07-09 11:34:11,V019,110.0,1.0209520243517327
2026-07-09,2026-07-09 11:34:12,V019,108.0,1.0624342875869621
2026-07-09,2026-07-09 11:34:13,V019,108.0,1.0291609472362355
2026-07-09,2026-07-09 11:34:14,V019,107.0,1.0156644583611656
2026-07-09,2026-07-09 11:34:15,V019,107.0,1.0294218712971026
2026-07-09,2026-07-09 11:34:16,V019,108.0,1.024396616967248
2026-07-09,2026-07-09 11:34:17,V019,108.0,1.0123619255865575
2026-07-09,2026-07-09 11:34:18,V019,108.0,1.0233342555943639
2026-07-09,2026-07-09 11:34:19,V019,109.0,1.022281763744568
2026-07-09,2026-07-09 11:34:20,V019,109.0,1.0242056233375878
2026-07-09,2026-07-09 11:34:21,V019,109.0,1.004528419493837
2026-07-09,2026-07-09 11:34:22,V019,109.0,1.015418794385583
2026-07-09,2026-07-09 11:34:23,V019,109.0,1.018206732213435
2026-07-09,2026-07-09 11:34:24,V019,109.0,1.0328522542658085
2026-07-09,2026-07-09 11:34:25,V019,110.0,1.0306238824636307
2026-07-09,2026-07-09 11:34:26,V019,110.0,1.026394548829233
2026-07-09,2026-07-09 11:34:27,V019,110.0,1.0215081903430752
2026-07-09,2026-07-09 11:34:28,V019,110.0,1.017642539389529
2026-07-09,2026-07-09 11:34:29,V019,110.0,1.0165662132115763
2026-07-09,2026-07-09 11:34:30,V019,112.0,1.0118903742485559
2026-07-09,2026-07-09 11:34:31,V019,112.0,1.0221435727457495
2026-07-09,2026-07-09 11:34:32,V019,112.0,1.0226662860699212
2026-07-09,2026-07-09 11:34:33,V019,112.0,1.034507638762719
2026-07-09,2026-07-09 11:34:34,V019,112.0,1.0120365994649678
2026-07-09,2026-07-09 11:34:35,V019,112.0,1.0219025894463907
2026-07-09,2026-07-09 11:34:36,V019,112.0,1.036683553273618
2026-07-09,2026-07-09 11:34:37,V019,112.0,1.0189407339407892
2026-07-09,2026-07-09 11:34:38,V019,112.0,1.017451340591177
2026-07-09,2026-07-09 11:34:39,V019,112.0,1.0113205771333487
2026-07-09,2026-07-09 11:34:40,V019,112.0,1.0174038509893817
2026-07-09,2026-07-09 11:34:41,V019,112.0,1.0287248160981344
2026-07-09,2026-07-09 11:34:42,V019,112.0,1.0505757113589778
2026-07-09,2026-07-09 11:34:43,V019,112.0,1.0991850757023771
2026-07-09,2026-07-09 11:34:44,V019,111.0,1.0784258208506867
2026-07-09,2026-07-09 11:34:45,V019,111.0,1.062608783693723
2026-07-09,2026-07-09 11:34:46,V019,111.0,1.0905585910855464
2026-07-09,2026-07-09 11:34:47,V019,111.0,1.0356681772567988
2026-07-09,2026-07-09 11:34:48,V019,111.0,1.094886354818145
2026-07-09,2026-07-09 11:34:49,V019,111.0,1.0671116531621354
2026-07-09,2026-07-09 11:34:50,V019,110.0,1.0127389172783994
2026-07-09,2026-07-09 11:34:51,V019,109.0,1.0157673335722586
2026-07-09,2026-07-09 11:34:52,V019,108.0,1.0133868275577587
2026-07-09,2026-07-09 11:34:53,V019,107.0,1.0190505588184624
2026-07-09,2026-07-09 11:34:54,V019,104.0,1.0308793417679574
2026-07-09,2026-07-09 11:34:55,V019,103.0,1.0124250421969103
2026-07-09,2026-07-09 11:34:56,V019,103.0,1.0192270964397654
2026-07-09,2026-07-09 11:34:57,V019,103.0,1.0223582678127763
2026-07-09,2026-07-09 11:34:58,V019,103.0,1.0111403536596735
2026-07-09,2026-07-09 11:34:59,V019,103.0,1.0108215236115188
2026-07-09,2026-07-09 11:35:00,V019,103.0,1.0188420368046944
2026-07-09,2026-07-09 11:35:01,V019,102.0,1.1107396845596322
2026-07-09,2026-07-09 11:35:02,V019,101.0,1.0959355036960965
2026-07-09,2026-07-09 11:35:03,V019,101.0,1.0713481626268244
2026-07-09,2026-07-09 11:35:04,V019,101.0,1.0905863798221092
2026-07-09,2026-07-09 11:35:05,V019,100.0,1.0300602792052087
2026-07-09,2026-07-09 11:35:06,V019,100.0,1.0389967488475522
2026-07-09,2026-07-09 11:35:07,V019,100.0,1.0402226094659843
2026-07-09,2026-07-09 11:35:08,V019,99.0,1.04444044214549
2026-07-09,2026-07-09 11:35:09,V019,99.0,1.0188144440684808
2026-07-09,2026-07-09 11:35:10,V019,99.0,1.0351871175316478
2026-07-09,2026-07-09 11:35:11,V019,99.0,1.0317870160989555
2026-07-09,2026-07-09 11:35:12,V019,99.0,1.0227741469353882
2026-07-09,2026-07-09 11:35:13,V019,100.0,1.0134517070486972
2026-07-09,2026-07-09 11:35:14,V019,100.0,1.0154243292892755
2026-07-09,2026-07-09 11:35:15,V019,99.0,1.015465603718506
2026-07-09,2026-07-09 11:35:16,V019,99.0,1.0151861570223988
2026-07-09,2026-07-09 11:35:17,V019,99.0,1.0155781592670772
2026-07-09,2026-07-09 11:35:18,V019,99.0,1.0147404842213508
2026-07-09,2026-07-09 11:35:19,V019,99.0,1.0107622359964703
2026-07-09,2026-07-09 11:35:20,V019,99.0,1.0252370768524233
2026-07-09,2026-07-09 11:35:21,V019,100.0,1.0088288020026517
2026-07-09,2026-07-09 11:35:22,V019,101.0,1.031686878089241
2026-07-09,2026-07-09 11:35:23,V019,102.0,1.0151378727442815
2026-07-09,2026-07-09 11:35:24,V019,103.0,1.017995827793953
2026-07-09,2026-07-09 11:35:25,V019,104.0,1.0170907139797987
2026-07-09,2026-07-09 11:35:26,V019,105.0,1.0206959006230354
2026-07-09,2026-07-09 11:35:27,V019,105.0,1.0118693656988087
2026-07-09,2026-07-09 11:35:28,V019,106.0,1.0234648050739896
2026-07-09,2026-07-09 11:35:29,V019,107.0,1.0183728801967937
2026-07-09,2026-07-09 11:35:30,V019,109.0,1.027510569975982
2026-07-09,2026-07-09 11:35:31,V019,110.0,1.0177314838608014
2026-07-09,2026-07-09 11:35:32,V019,110.0,1.016774322040732
2026-07-09,2026-07-09 11:35:33,V019,110.0,1.009491780200226
2026-07-09,2026-07-09 11:35:34,V019,111.0,1.0410320686869998
2026-07-09,2026-07-09 11:35:35,V019,111.0,1.0279376146492956
2026-07-09,2026-07-09 11:35:36,V019,111.0,1.034294628287552
2026-07-09,2026-07-09 11:35:37,V019,111.0,1.0381267610823977
2026-07-09,2026-07-09 11:35:38,V019,111.0,1.0402483325013565
2026-07-09,2026-07-09 11:35:39,V019,111.0,1.0244779925188856
2026-07-09,2026-07-09 11:35:40,V019,111.0,1.028767212469928
2026-07-09,2026-07-09 11:35:41,V019,110.0,1.025008243665882
2026-07-09,2026-07-09 11:35:42,V019,110.0,1.026361638671184
2026-07-09,2026-07-09 11:35:43,V019,110.0,1.0254673669377643
2026-07-09,2026-07-09 11:35:44,V019,109.0,1.025367996807134
2026-07-09,2026-07-09 11:35:45,V019,109.0,1.0280280802095858
2026-07-09,2026-07-09 11:35:46,V019,108.0,1.0249632292747877
2026-07-09,2026-07-09 11:35:47,V019,108.0,1.029046148441821
2026-07-09,2026-07-09 11:35:48,V019,108.0,1.0247855512619766
2026-07-09,2026-07-09 11:35:49,V019,106.0,1.0254684617884005
2026-07-09,2026-07-09 11:35:50,V019,104.0,1.0257770130833217
2026-07-09,2026-07-09 11:35:51,V019,103.0,1.0264724781188672
2026-07-09,2026-07-09 11:35:52,V019,101.0,1.0262480805490393
2026-07-09,2026-07-09 11:35:53,V019,100.0,1.0278025030469167
2026-07-09,2026-07-09 11:35:54,V019,101.0,1.0259591297070618
2026-07-09,2026-07-09 11:35:55,V019,101.0,1.0264392700821205
2026-07-09,2026-07-09 11:35:56,V019,101.0,1.025384304321171
2026-07-09,2026-07-09 11:35:57,V019,101.0,1.0270530240516083
2026-07-09,2026-07-09 11:35:58,V019,102.0,1.02698146441142
2026-07-09,2026-07-09 11:35:59,V019,102.0,1.025738709753641
2026-07-09,2026-07-09 11:36:00,V019,103.0,1.026111852911038
2026-07-09,2026-07-09 11:36:01,V019,104.0,1.0266469659697377
2026-07-09,2026-07-09 11:36:02,V019,105.0,1.026315325098279
2026-07-09,2026-07-09 11:36:03,V019,105.0,1.0255650569004102
2026-07-09,2026-07-09 11:36:04,V019,105.0,1.0251478329441739
2026-07-09,2026-07-09 11:36:05,V019,105.0,1.025216002250918
2026-07-09,2026-07-09 11:36:06,V019,105.0,1.0315509465498498
2026-07-09,2026-07-09 11:36:07,V019,105.0,1.0308262943660569
2026-07-09,2026-07-09 11:36:08,V019,104.0,1.027674165604323
2026-07-09,2026-07-09 11:36:09,V019,104.0,1.028939972407565
2026-07-09,2026-07-09 11:36:10,V019,103.0,1.0242338674480729
2026-07-09,2026-07-09 11:36:11,V019,103.0,1.0247695917943571
2026-07-09,2026-07-09 11:36:12,V019,103.0,1.0229534880687232
2026-07-09,2026-07-09 11:36:13,V019,103.0,1.02325912301497
2026-07-09,2026-07-09 11:36:14,V019,104.0,1.0236464217556414
2026-07-09,2026-07-09 11:36:15,V019,104.0,1.0237440649576648
2026-07-09,2026-07-09 11:36:16,V019,105.0,1.0232566578829592
2026-07-09,2026-07-09 11:36:17,V019,106.0,1.0226889943849669
2026-07-09,2026-07-09 11:36:18,V019,107.0,1.0245216071004462
2026-07-09,2026-07-09 11:36:19,V019,107.0,1.0249144035734181
2026-07-09,2026-07-09 11:36:20,V019,107.0,1.0256601268193137
2026-07-09,2026-07-09 11:36:21,V019,107.0,1.0616020179141126
2026-07-09,2026-07-09 11:36:22,V019,106.0,1.0383397824626825
2026-07-09,2026-07-09 11:36:23,V019,106.0,1.0260593141323207
2026-07-09,2026-07-09 11:36:24,V019,105.0,1.0322413805212967
2026-07-09,2026-07-09 11:36:25,V019,104.0,1.026921616030633
2026-07-09,2026-07-09 11:36:26,V019,103.0,1.0267677859832856
2026-07-09,2026-07-09 11:36:27,V019,102.0,1.0272522256721695
2026-07-09,2026-07-09 11:36:28,V019,102.0,1.027081803286254
2026-07-09,2026-07-09 11:36:29,V019,101.0,1.026296292564169
2026-07-09,2026-07-09 11:36:30,V019,101.0,1.026368393636247
2026-07-09,2026-07-09 11:36:31,V019,101.0,1.026052401290825
2026-07-09,2026-07-09 11:36:32,V019,101.0,1.026692612873145
2026-07-09,2026-07-09 11:36:33,V019,101.0,1.0253307113735493
2026-07-09,2026-07-09 11:36:34,V019,100.0,1.0253045215379213
2026-07-09,2026-07-09 11:36:35,V019,100.0,1.0278658488441865
2026-07-09,2026-07-09 11:36:36,V019,100.0,1.0373874229046118
2026-07-09,2026-07-09 11:36:37,V019,99.0,1.026843147200983
2026-07-09,2026-07-09 11:36:38,V019,97.0,1.0309525891845337
2026-07-09,2026-07-09 11:36:39,V019,96.0,1.0339014116256946
2026-07-09,2026-07-09 11:36:40,V019,96.0,1.0265347815483894
2026-07-09,2026-07-09 11:36:41,V019,96.0,1.0311639149451628
2026-07-09,2026-07-09 11:36:42,V019,96.0,1.0218557908527788
2026-07-09,2026-07-09 11:36:43,V019,97.0,1.023535443814625
2026-07-09,2026-07-09 11:36:44,V019,97.0,1.0205402323327308
2026-07-09,2026-07-09 11:36:45,V019,98.0,1.030341403930027
2026-07-09,2026-07-09 11:36:46,V019,99.0,1.0308041784180482
2026-07-09,2026-07-09 11:36:47,V019,100.0,1.1242670307695233
2026-07-09,2026-07-09 11:36:48,V019,101.0,1.093234313513379
2026-07-09,2026-07-09 11:36:49,V019,102.0,1.0031847221993075
2026-07-09,2026-07-09 11:36:50,V019,103.0,1.0405544683325554
2026-07-09,2026-07-09 11:36:51,V019,104.0,1.0294226435812586
2026-07-09,2026-07-09 11:36:52,V019,104.0,1.0321084689338156
2026-07-09,2026-07-09 11:36:53,V019,105.0,1.0114793869007905
2026-07-09,2026-07-09 11:36:54,V019,105.0,1.0133147449066362
2026-07-09,2026-07-09 11:36:55,V019,104.0,1.0224682660189963
2026-07-09,2026-07-09 11:36:56,V019,104.0,1.0167194745122043
2026-07-09,2026-07-09 11:36:57,V019,103.0,1.008507865248644
2026-07-09,2026-07-09 11:36:58,V019,103.0,1.0135311117388173
2026-07-09,2026-07-09 11:36:59,V019,102.0,1.0087289084460758
2026-07-09,2026-07-09 11:37:00,V019,102.0,1.0167990975100918
2026-07-09,2026-07-09 11:37:01,V019,102.0,1.016016616299545
2026-07-09,2026-07-09 11:37:02,V019,102.0,1.0113882149721696
2026-07-09,2026-07-09 11:37:03,V019,103.0,1.0133176786265379
2026-07-09,2026-07-09 11:37:04,V019,104.0,1.0135894219118413
2026-07-09,2026-07-09 11:37:05,V019,105.0,1.0493635633593426
2026-07-09,2026-07-09 11:37:06,V019,106.0,1.0075814105163836
2026-07-09,2026-07-09 11:37:07,V019,107.0,1.0069966922500049
2026-07-09,2026-07-09 11:37:08,V019,107.0,1.0427738695158995
2026-07-09,2026-07-09 11:37:09,V019,108.0,1.0676986842777139
2026-07-09,2026-07-09 11:37:10,V019,108.0,1.0179629809583426
2026-07-09,2026-07-09 11:37:11,V019,108.0,1.0427343417545047
2026-07-09,2026-07-09 11:37:12,V019,108.0,0.9920781280263131
2026-07-09,2026-07-09 11:37:13,V019,109.0,1.0899134725179962
2026-07-09,2026-07-09 11:37:14,V019,109.0,0.9863012558816184
2026-07-09,2026-07-09 11:37:15,V019,110.0,1.0724374430418149
2026-07-09,2026-07-09 11:37:16,V019,111.0,1.0069501301068455
2026-07-09,2026-07-09 11:37:17,V019,111.0,1.01126668172152
2026-07-09,2026-07-09 11:37:18,V019,111.0,1.0652333026317498
2026-07-09,2026-07-09 11:37:19,V019,111.0,1.0774172155123045
2026-07-09,2026-07-09 11:37:20,V019,110.0,1.0465903216301353
2026-07-09,2026-07-09 11:37:21,V019,109.0,0.9788902167043723
2026-07-09,2026-07-09 11:37:22,V019,109.0,1.082998549912427
2026-07-09,2026-07-09 11:37:23,V019,108.0,1.013425448357793
2026-07-09,2026-07-09 11:37:24,V019,106.0,1.0182566251453442
2026-07-09,2026-07-09 11:37:25,V019,105.0,1.008383613053454
2026-07-09,2026-07-09 11:37:26,V019,105.0,1.0194004304283266
2026-07-09,2026-07-09 11:37:27,V019,103.0,1.031086770440045
2026-07-09,2026-07-09 11:37:28,V019,104.0,1.0259962576455726
2026-07-09,2026-07-09 11:37:29,V019,105.0,1.0532509814577762
2026-07-09,2026-07-09 11:37:30,V019,105.0,1.0395357747304783
2026-07-09,2026-07-09 11:37:31,V019,106.0,1.0432159494132247
2026-07-09,2026-07-09 11:37:32,V019,108.0,1.0352319883925096
2026-07-09,2026-07-09 11:37:33,V019,108.0,1.0162962985989958
2026-07-09,2026-07-09 11:37:34,V019,108.0,1.2767800954651003
2026-07-09,2026-07-09 11:37:35,V019,109.0,1.0287777170043078
2026-07-09,2026-07-09 11:37:36,V019,110.0,1.0159205139606107
2026-07-09,2026-07-09 11:37:37,V019,110.0,1.0312085116268304
2026-07-09,2026-07-09 11:37:38,V019,110.0,1.0205352545650896
2026-07-09,2026-07-09 11:37:39,V019,110.0,1.0884321579832479
2026-07-09,2026-07-09 11:37:40,V019,111.0,1.0837778943105663
2026-07-09,2026-07-09 11:37:41,V019,112.0,1.1080874691678153
2026-07-09,2026-07-09 11:37:42,V019,112.0,1.2828012206533512
2026-07-09,2026-07-09 11:37:43,V019,112.0,1.3804940592627306
2026-07-09,2026-07-09 11:37:44,V019,112.0,1.2985043160308674
2026-07-09,2026-07-09 11:37:45,V019,112.0,1.3032944533949622
2026-07-09,2026-07-09 11:37:46,V019,112.0,1.113451017562833
2026-07-09,2026-07-09 11:37:47,V019,111.0,1.03147994432709
2026-07-09,2026-07-09 11:37:48,V019,110.0,1.0494898248283517
2026-07-09,2026-07-09 11:37:49,V019,109.0,1.0925237432815658
2026-07-09,2026-07-09 11:37:50,V019,109.0,1.0775410262629017
2026-07-09,2026-07-09 11:37:51,V019,109.0,1.0428193186325336
2026-07-09,2026-07-09 11:37:52,V019,108.0,1.0258195725902632
2026-07-09,2026-07-09 11:37:53,V019,108.0,1.0502803346224614
2026-07-09,2026-07-09 11:37:54,V019,108.0,1.0568216883898485
2026-07-09,2026-07-09 11:37:55,V019,108.0,1.0471683726480872
2026-07-09,2026-07-09 11:37:56,V019,108.0,1.0550454003908647
2026-07-09,2026-07-09 11:37:57,V019,108.0,1.0154074058445586
2026-07-09,2026-07-09 11:37:58,V019,108.0,1.042852051897864
2026-07-09,2026-07-09 11:37:59,V019,109.0,1.0130761958002463
2026-07-09,2026-07-09 11:38:00,V019,110.0,1.0157163637356255
2026-07-09,2026-07-09 11:38:01,V019,111.0,1.006117247408927
2026-07-09,2026-07-09 11:38:02,V019,111.0,1.0168703661947958
2026-07-09,2026-07-09 11:38:03,V019,112.0,1.0231936852240353
2026-07-09,2026-07-09 11:38:04,V019,113.0,1.009864708523989
2026-07-09,2026-07-09 11:38:05,V019,114.0,1.0113565192162584
2026-07-09,2026-07-09 11:38:06,V019,114.0,1.0097322528845019
2026-07-09,2026-07-09 11:38:07,V019,114.0,1.0103939767086607
2026-07-09,2026-07-09 11:38:08,V019,115.0,1.0103021825746572
2026-07-09,2026-07-09 11:38:09,V019,115.0,1.0129053623804918
2026-07-09,2026-07-09 11:38:10,V019,115.0,1.02322506733212
2026-07-09,2026-07-09 11:38:11,V019,115.0,0.994665852969788
2026-07-09,2026-07-09 11:38:12,V019,115.0,1.0504659472024924
2026-07-09,2026-07-09 11:38:13,V019,115.0,1.122353286853692
2026-07-09,2026-07-09 11:38:14,V019,115.0,1.2320799908892255
2026-07-09,2026-07-09 11:38:15,V019,115.0,1.4070723461596397
2026-07-09,2026-07-09 11:38:16,V019,116.0,1.0344572326829562
2026-07-09,2026-07-09 11:38:17,V019,116.0,1.042456722643606
2026-07-09,2026-07-09 11:38:18,V019,116.0,1.078180611119719
2026-07-09,2026-07-09 11:38:19,V019,116.0,1.013655282936585
2026-07-09,2026-07-09 11:38:20,V019,115.0,1.2077199950527826
2026-07-09,2026-07-09 11:38:21,V019,114.0,1.0363257478031322
2026-07-09,2026-07-09 11:38:22,V019,114.0,1.0449537120018662
2026-07-09,2026-07-09 11:38:23,V019,114.0,0.9855719611347709
2026-07-09,2026-07-09 11:38:24,V019,114.0,1.1689632286762324
2026-07-09,2026-07-09 11:38:25,V019,114.0,1.1204780215640993
2026-07-09,2026-07-09 11:38:26,V019,115.0,1.0538125312733093
2026-07-09,2026-07-09 11:38:27,V019,115.0,1.5652647628977947
2026-07-09,2026-07-09 11:38:28,V019,115.0,1.8858299384656096
2026-07-09,2026-07-09 11:38:29,V019,116.0,1.3355705763091117
2026-07-09,2026-07-09 11:38:30,V019,116.0,1.342715720930431
2026-07-09,2026-07-09 11:38:31,V019,117.0,1.4209480072432952
2026-07-09,2026-07-09 11:38:32,V019,119.0,1.4613000546769337
2026-07-09,2026-07-09 11:38:33,V019,120.0,1.057954757388657
2026-07-09,2026-07-09 11:38:34,V019,119.0,1.1602326899643018
2026-07-09,2026-07-09 11:38:35,V019,118.0,1.0253684430385566
2026-07-09,2026-07-09 11:38:36,V019,119.0,1.1261805982890607
2026-07-09,2026-07-09 11:38:37,V019,120.0,1.1254442343211724
2026-07-09,2026-07-09 11:38:38,V019,120.0,1.1779784406492793
2026-07-09,2026-07-09 11:38:39,V019,121.0,1.1214552198621974
2026-07-09,2026-07-09 11:38:40,V019,121.0,1.0592622295496825
2026-07-09,2026-07-09 11:38:41,V019,120.0,1.0476911231418964
2026-07-09,2026-07-09 11:38:42,V019,119.0,1.0145273144983817
2026-07-09,2026-07-09 11:38:43,V019,118.0,1.0636091371534562
2026-07-09,2026-07-09 11:38:44,V019,117.0,1.195122482078702
2026-07-09,2026-07-09 11:38:45,V019,117.0,1.2084516827898708
2026-07-09,2026-07-09 11:38:46,V019,116.0,1.058009658115474
2026-07-09,2026-07-09 11:38:47,V019,116.0,1.34277607347776
2026-07-09,2026-07-09 11:38:48,V019,116.0,1.1561040086800256
2026-07-09,2026-07-09 11:38:49,V019,116.0,1.0716984748391392
2026-07-09,2026-07-09 11:38:50,V019,116.0,1.1154751574475312
2026-07-09,2026-07-09 11:38:51,V019,115.0,1.0405399630248333
2026-07-09,2026-07-09 11:38:52,V019,115.0,1.0706741332985397
2026-07-09,2026-07-09 11:38:53,V019,115.0,1.0288258522624871
2026-07-09,2026-07-09 11:38:54,V019,116.0,1.0323894705404768
2026-07-09,2026-07-09 11:38:55,V019,116.0,1.0206569305522797
2026-07-09,2026-07-09 11:38:56,V019,116.0,1.012707012667387
2026-07-09,2026-07-09 11:38:57,V019,116.0,1.0101658937886437
2026-07-09,2026-07-09 11:38:58,V019,116.0,1.0265287825609266
2026-07-09,2026-07-09 11:38:59,V019,115.0,1.032994238471369
2026-07-09,2026-07-09 11:39:00,V019,115.0,1.0169701327450464
2026-07-09,2026-07-09 11:39:01,V019,114.0,1.000832818069097
2026-07-09,2026-07-09 11:39:02,V019,114.0,1.0301720665675826
2026-07-09,2026-07-09 11:39:03,V019,115.0,1.0147216611504903
2026-07-09,2026-07-09 11:39:04,V019,116.0,1.0162353903269319
2026-07-09,2026-07-09 11:39:05,V019,117.0,1.0214866729686018
2026-07-09,2026-07-09 11:39:06,V019,117.0,1.0110975569785454
2026-07-09,2026-07-09 11:39:07,V019,117.0,1.0076355971281938
2026-07-09,2026-07-09 11:39:08,V019,116.0,1.1916892852216059
2026-07-09,2026-07-09 11:39:09,V019,114.0,1.2143556519317478
2026-07-09,2026-07-09 11:39:10,V019,113.0,1.0748628933767577
2026-07-09,2026-07-09 11:39:11,V019,112.0,1.027603129755415
2026-07-09,2026-07-09 11:39:12,V019,112.0,1.0742826622944555
2026-07-09,2026-07-09 11:39:13,V019,111.0,1.047158062931047
2026-07-09,2026-07-09 11:39:14,V019,110.0,1.0563186950026995
2026-07-09,2026-07-09 11:39:15,V019,110.0,1.047424829907944
2026-07-09,2026-07-09 11:39:16,V019,111.0,1.0811017376839063
2026-07-09,2026-07-09 11:39:17,V019,112.0,1.0529679883407885
2026-07-09,2026-07-09 11:39:18,V019,112.0,1.0693609132599204
2026-07-09,2026-07-09 11:39:19,V019,113.0,1.0516827167495353
2026-07-09,2026-07-09 11:39:20,V019,113.0,1.0358391202690858
2026-07-09,2026-07-09 11:39:21,V019,113.0,1.0078798816174424
2026-07-09,2026-07-09 11:39:22,V019,114.0,1.0106523492831643
2026-07-09,2026-07-09 11:39:23,V019,115.0,1.0380994666809307
2026-07-09,2026-07-09 11:39:24,V019,116.0,1.0374925466840685
2026-07-09,2026-07-09 11:39:25,V019,117.0,1.013348749070412
2026-07-09,2026-07-09 11:39:26,V019,117.0,1.0336822090571562
2026-07-09,2026-07-09 11:39:27,V019,118.0,1.023035457309803
2026-07-09,2026-07-09 11:39:28,V019,118.0,1.0170441344093155
2026-07-09,2026-07-09 11:39:29,V019,118.0,1.0158642193701137
2026-07-09,2026-07-09 11:39:30,V019,117.0,1.0324886566408158
2026-07-09,2026-07-09 11:39:31,V019,117.0,1.012198749154296
2026-07-09,2026-07-09 11:39:32,V019,116.0,1.0215952438242384
2026-07-09,2026-07-09 11:39:33,V019,116.0,1.0217705771308352
2026-07-09,2026-07-09 11:39:34,V019,114.0,1.0149740854100124
2026-07-09,2026-07-09 11:39:35,V019,113.0,1.0136640858432324
2026-07-09,2026-07-09 11:39:36,V019,113.0,1.0167771025458874
2026-07-09,2026-07-09 11:39:37,V019,113.0,1.0096874711063863
2026-07-09,2026-07-09 11:39:38,V019,112.0,1.0130366504149975
2026-07-09,2026-07-09 11:39:39,V019,112.0,1.0191110294393388
2026-07-09,2026-07-09 11:39:40,V019,111.0,1.013029828070294
2026-07-09,2026-07-09 11:39:41,V019,111.0,1.0111304017296232
2026-07-09,2026-07-09 11:39:42,V019,110.0,1.0122497813632372
2026-07-09,2026-07-09 11:39:43,V019,109.0,1.0132726492540722
2026-07-09,2026-07-09 11:39:44,V019,109.0,1.0123440786272964
2026-07-09,2026-07-09 11:39:45,V019,108.0,1.0111977786376511
2026-07-09,2026-07-09 11:39:46,V019,107.0,1.011802594473895
2026-07-09,2026-07-09 11:39:47,V019,106.0,1.0298454122077905
2026-07-09,2026-07-09 11:39:48,V019,106.0,1.0095667133042452
2026-07-09,2026-07-09 11:39:49,V019,106.0,1.0324931314222914
2026-07-09,2026-07-09 11:39:50,V019,106.0,1.016629446517559
2026-07-09,2026-07-09 11:39:51,V019,106.0,1.0469685659967127
2026-07-09,2026-07-09 11:39:52,V019,106.0,1.0372759549106088
2026-07-09,2026-07-09 11:39:53,V019,107.0,1.0166743782112488
2026-07-09,2026-07-09 11:39:54,V019,107.0,1.032860245899935
2026-07-09,2026-07-09 11:39:55,V019,107.0,1.03077870122591
2026-07-09,2026-07-09 11:39:56,V019,107.0,1.0507968834197183
2026-07-09,2026-07-09 11:39:57,V019,107.0,1.0536091542970842
2026-07-09,2026-07-09 11:39:58,V019,108.0,1.0136421761667764
2026-07-09,2026-07-09 11:39:59,V019,108.0,1.0229024591710534
2026-07-09,2026-07-09 11:40:00,V019,108.0,1.020603692149135
2026-07-09,2026-07-09 11:40:01,V019,109.0,1.0316824975749854
2026-07-09,2026-07-09 11:40:02,V019,109.0,1.0672986907654431
2026-07-09,2026-07-09 11:40:03,V019,110.0,1.00657093734576
2026-07-09,2026-07-09 11:40:04,V019,110.0,1.014722054117833
2026-07-09,2026-07-09 11:40:05,V019,110.0,1.009837216471898
2026-07-09,2026-07-09 11:40:06,V019,111.0,1.0128407963418875
2026-07-09,2026-07-09 11:40:07,V019,111.0,1.0102666749352534
2026-07-09,2026-07-09 11:40:08,V019,111.0,1.013490583160838
2026-07-09,2026-07-09 11:40:09,V019,111.0,1.0786206100076488
2026-07-09,2026-07-09 11:40:10,V019,111.0,1.1121461916203332
2026-07-09,2026-07-09 11:40:11,V019,111.0,1.0438400022383272
2026-07-09,2026-07-09 11:40:12,V019,111.0,1.0097838188980996
2026-07-09,2026-07-09 11:40:13,V019,110.0,1.009345154542058
2026-07-09,2026-07-09 11:40:14,V019,108.0,1.0090991897725285
2026-07-09,2026-07-09 11:40:15,V019,107.0,1.0090007882525283
2026-07-09,2026-07-09 11:40:16,V019,107.0,1.0097069585944536
2026-07-09,2026-07-09 11:40:17,V019,106.0,1.0105906643349591
2026-07-09,2026-07-09 11:40:18,V019,104.0,1.0093319117083686
2026-07-09,2026-07-09 11:40:19,V019,103.0,1.0091923275670405
2026-07-09,2026-07-09 11:40:20,V019,103.0,1.0092903457890006
2026-07-09,2026-07-09 11:40:21,V019,103.0,1.0106954706665776
2026-07-09,2026-07-09 11:40:22,V019,103.0,1.0096540377153194
2026-07-09,2026-07-09 11:40:23,V019,104.0,1.0102748606787184
2026-07-09,2026-07-09 11:40:24,V019,104.0,1.0102517145228325
2026-07-09,2026-07-09 11:40:25,V019,104.0,1.0090581372217733
2026-07-09,2026-07-09 11:40:26,V019,105.0,1.0102641797615926
2026-07-09,2026-07-09 11:40:27,V019,105.0,1.0111211213563325
2026-07-09,2026-07-09 11:40:28,V019,105.0,1.0247622009946062
2026-07-09,2026-07-09 11:40:29,V019,105.0,1.0580848563952672
2026-07-09,2026-07-09 11:40:30,V019,105.0,1.007398685901716
2026-07-09,2026-07-09 11:40:31,V019,105.0,1.0093535287189834
2026-07-09,2026-07-09 11:40:32,V019,105.0,1.0012347624014732
2026-07-09,2026-07-09 11:40:33,V019,105.0,1.0282418073491941
2026-07-09,2026-07-09 11:40:34,V019,105.0,1.0262199248859558
2026-07-09,2026-07-09 11:40:35,V019,105.0,1.024877319094199
2026-07-09,2026-07-09 11:40:36,V019,105.0,1.0157659701396355
2026-07-09,2026-07-09 11:40:37,V019,105.0,1.0459421857959177
2026-07-09,2026-07-09 11:40:38,V019,104.0,1.030261932192393
2026-07-09,2026-07-09 11:40:39,V019,104.0,1.0347112488455272
2026-07-09,2026-07-09 11:40:40,V019,104.0,1.0280133880662925
2026-07-09,2026-07-09 11:40:41,V019,103.0,1.026587570841928
2026-07-09,2026-07-09 11:40:42,V019,102.0,1.025560972528189
2026-07-09,2026-07-09 11:40:43,V019,102.0,1.0289053725755386
2026-07-09,2026-07-09 11:40:44,V019,102.0,1.0280628259387803
2026-07-09,2026-07-09 11:40:45,V019,103.0,1.0265102133545294
2026-07-09,2026-07-09 11:40:46,V019,104.0,1.0308721308419326
2026-07-09,2026-07-09 11:40:47,V019,104.0,0.9975170489934536
2026-07-09,2026-07-09 11:40:48,V019,104.0,1.0651313692230873
2026-07-09,2026-07-09 11:40:49,V019,104.0,1.039382934542888
2026-07-09,2026-07-09 11:40:50,V019,104.0,1.0356276762059773
2026-07-09,2026-07-09 11:40:51,V019,105.0,1.0407953475408396
2026-07-09,2026-07-09 11:40:52,V019,104.0,1.0817654942034427
2026-07-09,2026-07-09 11:40:53,V019,104.0,1.0654519708369368
2026-07-09,2026-07-09 11:40:54,V019,103.0,1.0461033434393383
2026-07-09,2026-07-09 11:40:55,V019,103.0,1.0354519844563346
2026-07-09,2026-07-09 11:40:56,V019,103.0,1.1088777726543657
2026-07-09,2026-07-09 11:40:57,V019,102.0,1.0271397227936017
2026-07-09,2026-07-09 11:40:58,V019,102.0,1.0390491816462306
2026-07-09,2026-07-09 11:40:59,V019,102.0,1.0728932854395095
2026-07-09,2026-07-09 11:41:00,V019,102.0,1.0623475335707273
2026-07-09,2026-07-09 11:41:01,V019,102.0,1.0715647643056854
2026-07-09,2026-07-09 11:41:02,V019,102.0,1.0611238970063268
2026-07-09,2026-07-09 11:41:03,V019,102.0,1.0933180322626344
2026-07-09,2026-07-09 11:41:04,V019,101.0,1.0952990926463269
2026-07-09,2026-07-09 11:41:05,V019,100.0,1.0186855017178804
2026-07-09,2026-07-09 11:41:06,V019,100.0,1.0831405854663247
2026-07-09,2026-07-09 11:41:07,V019,99.0,1.0309054454938833
2026-07-09,2026-07-09 11:41:08,V019,97.0,1.0326552256475254
2026-07-09,2026-07-09 11:41:09,V019,95.0,1.0324376874110266
2026-07-09,2026-07-09 11:41:10,V019,94.0,1.0201942530334995
2026-07-09,2026-07-09 11:41:11,V019,93.0,1.0384163885778286
2026-07-09,2026-07-09 11:41:12,V019,92.0,1.0310222657214954
2026-07-09,2026-07-09 11:41:13,V019,91.0,1.017129142290428
2026-07-09,2026-07-09 11:41:14,V019,91.0,1.0257055538139506
2026-07-09,2026-07-09 11:41:15,V019,91.0,1.0201459377583935
2026-07-09,2026-07-09 11:41:16,V019,91.0,1.0213568144551042
2026-07-09,2026-07-09 11:41:17,V019,91.0,1.0330805703336448
2026-07-09,2026-07-09 11:41:18,V019,91.0,1.0267797305388624
2026-07-09,2026-07-09 11:41:19,V019,91.0,1.0338372527368487
2026-07-09,2026-07-09 11:41:20,V019,92.0,1.0314395708264432
2026-07-09,2026-07-09 11:41:21,V019,92.0,1.0331315653411668
2026-07-09,2026-07-09 11:41:22,V019,92.0,1.0317768732202395
2026-07-09,2026-07-09 11:41:23,V019,92.0,1.0325595774614835
2026-07-09,2026-07-09 11:41:24,V019,93.0,1.025949966304307
2026-07-09,2026-07-09 11:41:25,V019,93.0,1.030446151656334
2026-07-09,2026-07-09 11:41:26,V019,94.0,1.0161453904389386
2026-07-09,2026-07-09 11:41:27,V019,94.0,1.0117083444783381
2026-07-09,2026-07-09 11:41:28,V019,94.0,1.0125736991865506
2026-07-09,2026-07-09 11:41:29,V019,94.0,1.0065405497371367
2026-07-09,2026-07-09 11:41:30,V019,94.0,1.0225105799504668
2026-07-09,2026-07-09 11:41:31,V019,94.0,1.014328326164733
2026-07-09,2026-07-09 11:41:32,V019,93.0,1.01404621195708
2026-07-09,2026-07-09 11:41:33,V019,93.0,1.0199802392456956
2026-07-09,2026-07-09 11:41:34,V019,93.0,1.0541031515174955
2026-07-09,2026-07-09 11:41:35,V019,94.0,1.028918976440441
2026-07-09,2026-07-09 11:41:36,V019,94.0,1.0293265001243592
2026-07-09,2026-07-09 11:41:37,V019,94.0,1.0128915656155377
2026-07-09,2026-07-09 11:41:38,V019,94.0,1.086586990521806
2026-07-09,2026-07-09 11:41:39,V019,95.0,1.0307189165165989
2026-07-09,2026-07-09 11:41:40,V019,96.0,1.086725470942702
2026-07-09,2026-07-09 11:41:41,V019,97.0,1.0938179425523378
2026-07-09,2026-07-09 11:41:42,V019,97.0,1.0927753151803437
2026-07-09,2026-07-09 11:41:43,V019,98.0,1.0378510805263295
2026-07-09,2026-07-09 11:41:44,V019,98.0,1.0621080169159325
2026-07-09,2026-07-09 11:41:45,V019,99.0,1.0557464120546607
2026-07-09,2026-07-09 11:41:46,V019,99.0,1.0612343225418908
2026-07-09,2026-07-09 11:41:47,V019,99.0,1.0195024958163967
2026-07-09,2026-07-09 11:41:48,V019,100.0,1.0277994753518034
2026-07-09,2026-07-09 11:41:49,V019,101.0,1.0290106586391177
2026-07-09,2026-07-09 11:41:50,V019,102.0,1.0393780350415291
2026-07-09,2026-07-09 11:41:51,V019,103.0,1.0407166532962837
2026-07-09,2026-07-09 11:41:52,V019,103.0,1.0507402208006897
2026-07-09,2026-07-09 11:41:53,V019,103.0,1.0311819425892381
2026-07-09,2026-07-09 11:41:54,V019,103.0,1.0279562325279157
2026-07-09,2026-07-09 11:41:55,V019,103.0,0.998502653790205
2026-07-09,2026-07-09 11:41:56,V019,103.0,1.0348825340530081
2026-07-09,2026-07-09 11:41:57,V019,103.0,1.0618217989829708
2026-07-09,2026-07-09 11:41:58,V019,103.0,1.049312074610287
2026-07-09,2026-07-09 11:41:59,V019,103.0,0.9955927066704918
2026-07-09,2026-07-09 11:42:00,V019,102.0,1.0619319584314377
2026-07-09,2026-07-09 11:42:01,V019,102.0,1.036483082103596
2026-07-09,2026-07-09 11:42:02,V019,102.0,1.0401370971107355
2026-07-09,2026-07-09 11:42:03,V019,101.0,0.993199538904659
2026-07-09,2026-07-09 11:42:04,V019,99.0,1.0256446806527681
2026-07-09,2026-07-09 11:42:05,V019,98.0,1.0275288305190373
2026-07-09,2026-07-09 11:42:06,V019,95.0,1.0210632439814442
2026-07-09,2026-07-09 11:42:07,V019,93.0,1.017131645948774
2026-07-09,2026-07-09 11:42:08,V019,92.0,1.018038510539725
2026-07-09,2026-07-09 11:42:09,V019,92.0,1.0183411631826411
2026-07-09,2026-07-09 11:42:10,V019,92.0,1.0197687512399716
2026-07-09,2026-07-09 11:42:11,V019,92.0,1.0184150320541752
2026-07-09,2026-07-09 11:42:12,V019,93.0,1.0186524780721398
2026-07-09,2026-07-09 11:42:13,V019,93.0,1.0180149993840168
2026-07-09,2026-07-09 11:42:14,V019,93.0,1.0179316558713856
2026-07-09,2026-07-09 11:42:15,V019,93.0,1.018110746388012
2026-07-09,2026-07-09 11:42:16,V019,95.0,1.0188523605800581
2026-07-09,2026-07-09 11:42:17,V019,96.0,1.0182840266155246
2026-07-09,2026-07-09 11:42:18,V019,96.0,1.0177870593957197
2026-07-09,2026-07-09 11:42:19,V019,97.0,1.0179250199936187
2026-07-09,2026-07-09 11:42:20,V019,98.0,1.0185208844695468
2026-07-09,2026-07-09 11:42:21,V019,98.0,1.0171988941309547
2026-07-09,2026-07-09 11:42:22,V019,98.0,1.018965498352085
2026-07-09,2026-07-09 11:42:23,V019,99.0,1.0197839381170741
2026-07-09,2026-07-09 11:42:24,V019,99.0,1.0177805523314345
2026-07-09,2026-07-09 11:42:25,V019,99.0,1.0193250967301528
2026-07-09,2026-07-09 11:42:26,V019,99.0,1.0188738970485438
2026-07-09,2026-07-09 11:42:27,V019,100.0,1.017964686450211
2026-07-09,2026-07-09 11:42:28,V019,101.0,1.0187107091330603
2026-07-09,2026-07-09 11:42:29,V019,102.0,1.0192830281056
2026-07-09,2026-07-09 11:42:30,V019,102.0,1.0191172658496652
2026-07-09,2026-07-09 11:42:31,V019,103.0,1.0188040628986779
2026-07-09,2026-07-09 11:42:32,V019,104.0,1.0182851893601064
2026-07-09,2026-07-09 11:42:33,V019,104.0,1.0195193773168227
2026-07-09,2026-07-09 11:42:34,V019,105.0,1.0189240503535126
2026-07-09,2026-07-09 11:42:35,V019,106.0,1.0198132409179606
2026-07-09,2026-07-09 11:42:36,V019,107.0,1.0178721378851259
2026-07-09,2026-07-09 11:42:37,V019,108.0,1.0199536063224686
2026-07-09,2026-07-09 11:42:38,V019,109.0,1.0195742716742733
2026-07-09,2026-07-09 11:42:39,V019,109.0,1.0201030186638855
2026-07-09,2026-07-09 11:42:40,V019,110.0,1.0134521973114183
2026-07-09,2026-07-09 11:42:41,V019,110.0,1.0181520318863853
2026-07-09,2026-07-09 11:42:42,V019,111.0,1.0181139754957242
2026-07-09,2026-07-09 11:42:43,V019,111.0,1.0171892190348468
2026-07-09,2026-07-09 11:42:44,V019,112.0,1.0160774974229427
2026-07-09,2026-07-09 11:42:45,V019,112.0,1.0166627832996442
2026-07-09,2026-07-09 11:42:46,V019,112.0,1.0161592577331326
2026-07-09,2026-07-09 11:42:47,V019,112.0,1.0165919272668518
2026-07-09,2026-07-09 11:42:48,V019,113.0,1.0186382153149813
2026-07-09,2026-07-09 11:42:49,V019,113.0,1.0288031178669184
2026-07-09,2026-07-09 11:42:50,V019,113.0,1.0359109414213041
2026-07-09,2026-07-09 11:42:51,V019,113.0,1.013284295835899
2026-07-09,2026-07-09 11:42:52,V019,113.0,1.032527690960433
2026-07-09,2026-07-09 11:42:53,V019,113.0,1.0088085404873142
2026-07-09,2026-07-09 11:42:54,V019,113.0,1.0219087001225957
2026-07-09,2026-07-09 11:42:55,V019,112.0,1.0277012067210192
2026-07-09,2026-07-09 11:42:56,V019,110.0,1.0151807017934527
2026-07-09,2026-07-09 11:42:57,V019,109.0,0.9064466253960316
2026-07-09,2026-07-09 11:42:58,V019,109.0,1.2460554670748374
2026-07-09,2026-07-09 11:42:59,V019,108.0,0.9096717245654029
2026-07-09,2026-07-09 11:43:00,V019,108.0,1.0049459695828384
2026-07-09,2026-07-09 11:43:01,V019,109.0,1.0764991114943998
2026-07-09,2026-07-09 11:43:02,V019,109.0,1.0359256917053523
2026-07-09,2026-07-09 11:43:03,V019,109.0,1.0521844472839117
2026-07-09,2026-07-09 11:43:04,V019,109.0,1.0325974406475904
2026-07-09,2026-07-09 11:43:05,V019,109.0,1.0240967814594133
2026-07-09,2026-07-09 11:43:06,V019,109.0,1.032483657438097
2026-07-09,2026-07-09 11:43:07,V019,109.0,1.0247932653534553
2026-07-09,2026-07-09 11:43:08,V019,108.0,1.0771220983311223
2026-07-09,2026-07-09 11:43:09,V019,107.0,1.0197449006386734
2026-07-09,2026-07-09 11:43:10,V019,107.0,1.0216554295100235
2026-07-09,2026-07-09 11:43:11,V019,106.0,1.0132672140254098
2026-07-09,2026-07-09 11:43:12,V019,105.0,1.0110176107485818
2026-07-09,2026-07-09 11:43:13,V019,104.0,1.0147735758466905
2026-07-09,2026-07-09 11:43:14,V019,104.0,1.0156303326156932
2026-07-09,2026-07-09 11:43:15,V019,105.0,1.0130824849024302
2026-07-09,2026-07-09 11:43:16,V019,105.0,1.0186658977550724
2026-07-09,2026-07-09 11:43:17,V019,105.0,1.028350615531465
2026-07-09,2026-07-09 11:43:18,V019,106.0,1.0184636923714983
2026-07-09,2026-07-09 11:43:19,V019,106.0,1.040334901687081
2026-07-09,2026-07-09 11:43:20,V019,105.0,1.011914215501952
2026-07-09,2026-07-09 11:43:21,V019,105.0,1.0142247570695357
2026-07-09,2026-07-09 11:43:22,V019,105.0,1.0107662078703312
2026-07-09,2026-07-09 11:43:23,V019,104.0,1.0135302941075333
2026-07-09,2026-07-09 11:43:24,V019,104.0,1.0063003536169581
2026-07-09,2026-07-09 11:43:25,V019,103.0,1.0098418352561402
2026-07-09,2026-07-09 11:43:26,V019,103.0,1.0085315029032773
2026-07-09,2026-07-09 11:43:27,V019,103.0,1.0033967656493143
2026-07-09,2026-07-09 11:43:28,V019,102.0,1.010536252431696
2026-07-09,2026-07-09 11:43:29,V019,102.0,1.0113096389064
2026-07-09,2026-07-09 11:43:30,V019,103.0,1.0046923065712543
2026-07-09,2026-07-09 11:43:31,V019,103.0,1.0034926867813079
2026-07-09,2026-07-09 11:43:32,V019,103.0,1.0129921113680869
2026-07-09,2026-07-09 11:43:33,V019,104.0,1.048052656178169
2026-07-09,2026-07-09 11:43:34,V019,105.0,0.9871203366391105
2026-07-09,2026-07-09 11:43:35,V019,105.0,1.0415313428959374
2026-07-09,2026-07-09 11:43:36,V019,105.0,1.0052421838725312
2026-07-09,2026-07-09 11:43:37,V019,106.0,1.0227110744617165
2026-07-09,2026-07-09 11:43:38,V019,106.0,0.9918115350343808
2026-07-09,2026-07-09 11:43:39,V019,106.0,1.0390519916073495
2026-07-09,2026-07-09 11:43:40,V019,106.0,1.032102793646138
2026-07-09,2026-07-09 11:43:41,V019,106.0,1.00591727876493
2026-07-09,2026-07-09 11:43:42,V019,104.0,1.0141253744070744
2026-07-09,2026-07-09 11:43:43,V019,104.0,1.0105255501282324
2026-07-09,2026-07-09 11:43:44,V019,103.0,1.0110207304550556
2026-07-09,2026-07-09 11:43:45,V019,103.0,1.0107944962474789
2026-07-09,2026-07-09 11:43:46,V019,102.0,1.0118467014935981
2026-07-09,2026-07-09 11:43:47,V019,102.0,1.014928704727
2026-07-09,2026-07-09 11:43:48,V019,102.0,1.0457498350516858
2026-07-09,2026-07-09 11:43:49,V019,102.0,1.0351502315782295
2026-07-09,2026-07-09 11:43:50,V019,102.0,1.0332979293315798
2026-07-09,2026-07-09 11:43:51,V019,101.0,1.1037548333616392
2026-07-09,2026-07-09 11:43:52,V019,102.0,1.0332927037944417
2026-07-09,2026-07-09 11:43:53,V019,103.0,1.0200604913493978
2026-07-09,2026-07-09 11:43:54,V019,104.0,1.0241475412373182
2026-07-09,2026-07-09 11:43:55,V019,105.0,1.0100688023820759
2026-07-09,2026-07-09 11:43:56,V019,105.0,1.009470225225938
2026-07-09,2026-07-09 11:43:57,V019,105.0,1.0117086557397026
2026-07-09,2026-07-09 11:43:58,V019,105.0,1.0788821524560135
2026-07-09,2026-07-09 11:43:59,V019,105.0,1.1075551382809699
2026-07-09,2026-07-09 11:44:00,V019,105.0,1.115240086854224
2026-07-09,2026-07-09 11:44:01,V019,105.0,1.024387512691119
2026-07-09,2026-07-09 11:44:02,V019,106.0,1.0393086848574762
2026-07-09,2026-07-09 11:44:03,V019,106.0,1.006689867213041
2026-07-09,2026-07-09 11:44:04,V019,106.0,1.0759073432378075
2026-07-09,2026-07-09 11:44:05,V019,106.0,1.0141359362807378
2026-07-09,2026-07-09 11:44:06,V019,106.0,1.016640214406118
2026-07-09,2026-07-09 11:44:07,V019,106.0,1.1094475388116296
2026-07-09,2026-07-09 11:44:08,V019,106.0,1.0824283911830321
2026-07-09,2026-07-09 11:44:09,V019,105.0,1.0059608988277284
2026-07-09,2026-07-09 11:44:10,V019,105.0,1.0434533898935727
2026-07-09,2026-07-09 11:44:11,V019,105.0,1.0622248034645092
2026-07-09,2026-07-09 11:44:12,V019,105.0,1.011498390129242
2026-07-09,2026-07-09 11:44:13,V019,104.0,1.0340885937815374
2026-07-09,2026-07-09 11:44:14,V019,103.0,1.057313234568832
2026-07-09,2026-07-09 11:44:15,V019,103.0,0.9924649398106784
2026-07-09,2026-07-09 11:44:16,V019,102.0,1.049607178933561
2026-07-09,2026-07-09 11:44:17,V019,101.0,1.0134808015614014
2026-07-09,2026-07-09 11:44:18,V019,102.0,1.0265226729771204
2026-07-09,2026-07-09 11:44:19,V019,102.0,1.0139806195237007
2026-07-09,2026-07-09 11:44:20,V019,102.0,1.049043374006254
2026-07-09,2026-07-09 11:44:21,V019,103.0,0.986098974304122
2026-07-09,2026-07-09 11:44:22,V019,103.0,1.0391532590754813
2026-07-09,2026-07-09 11:44:23,V019,103.0,0.9960104175183834
2026-07-09,2026-07-09 11:44:24,V019,104.0,1.0590073388690089
2026-07-09,2026-07-09 11:44:25,V019,104.0,1.025427079437394
2026-07-09,2026-07-09 11:44:26,V019,104.0,1.0047376358187863
2026-07-09,2026-07-09 11:44:27,V019,104.0,1.060177771523886
2026-07-09,2026-07-09 11:44:28,V019,104.0,1.0276325271417501
2026-07-09,2026-07-09 11:44:29,V019,104.0,1.0643367591383117
2026-07-09,2026-07-09 11:44:30,V019,104.0,1.0314700678123057
2026-07-09,2026-07-09 11:44:31,V019,103.0,1.015105912018499
2026-07-09,2026-07-09 11:44:32,V019,103.0,1.0155511713250747
2026-07-09,2026-07-09 11:44:33,V019,103.0,1.0309757092399057
2026-07-09,2026-07-09 11:44:34,V019,102.0,1.0250353848653133
2026-07-09,2026-07-09 11:44:35,V019,102.0,1.0239256730587245
2026-07-09,2026-07-09 11:44:36,V019,102.0,1.0400512553120052
2026-07-09,2026-07-09 11:44:37,V019,102.0,0.9991205236752795
2026-07-09,2026-07-09 11:44:38,V019,102.0,1.0493679728160423
2026-07-09,2026-07-09 11:44:39,V019,102.0,0.990886451022456
2026-07-09,2026-07-09 11:44:40,V019,102.0,1.0499253414728884
2026-07-09,2026-07-09 11:44:41,V019,101.0,0.9983561023779848
2026-07-09,2026-07-09 11:44:42,V019,101.0,1.057876656952323
2026-07-09,2026-07-09 11:44:43,V019,101.0,0.991317833755271
2026-07-09,2026-07-09 11:44:44,V019,101.0,1.034071557562804
2026-07-09,2026-07-09 11:44:45,V019,101.0,1.0164377370840956
2026-07-09,2026-07-09 11:44:46,V019,101.0,1.0243727287215878
2026-07-09,2026-07-09 11:44:47,V019,101.0,1.0085638306617277
2026-07-09,2026-07-09 11:44:48,V019,101.0,1.0225634439461355
2026-07-09,2026-07-09 11:44:49,V019,101.0,1.0229613124884194
2026-07-09,2026-07-09 11:44:50,V019,101.0,1.015871978165578
2026-07-09,2026-07-09 11:44:51,V019,101.0,1.0092761546500058
2026-07-09,2026-07-09 11:44:52,V019,101.0,1.042157032718501
2026-07-09,2026-07-09 11:44:53,V019,101.0,1.0211284579796116
2026-07-09,2026-07-09 11:44:54,V019,101.0,1.0216642448111475
2026-07-09,2026-07-09 11:44:55,V019,100.0,1.0358843034185394
2026-07-09,2026-07-09 11:44:56,V019,100.0,1.0099328210017768
2026-07-09,2026-07-09 11:44:57,V019,100.0,1.0648478567901523
2026-07-09,2026-07-09 11:44:58,V019,101.0,1.0062558759274591
2026-07-09,2026-07-09 11:44:59,V019,101.0,1.0364859264901465
2026-07-09,2026-07-09 11:45:00,V019,101.0,1.0149225839641332
2026-07-09,2026-07-09 11:45:01,V019,102.0,1.0463447301694522
2026-07-09,2026-07-09 11:45:02,V019,102.0,1.0374877740470683
2026-07-09,2026-07-09 11:45:03,V019,102.0,1.061352108002265
2026-07-09,2026-07-09 11:45:04,V019,103.0,1.0299107774898948
2026-07-09,2026-07-09 11:45:05,V019,103.0,1.049704420942503
2026-07-09,2026-07-09 11:45:06,V019,104.0,1.0139541874852611
2026-07-09,2026-07-09 11:45:07,V019,105.0,1.0682979135649078
2026-07-09,2026-07-09 11:45:08,V019,105.0,1.067376773755328
2026-07-09,2026-07-09 11:45:09,V019,105.0,1.0317174990390015
2026-07-09,2026-07-09 11:45:10,V019,105.0,1.085291978776196
2026-07-09,2026-07-09 11:45:11,V019,106.0,1.1183833637014187
2026-07-09,2026-07-09 11:45:12,V019,105.0,1.0785185402126425
2026-07-09,2026-07-09 11:45:13,V019,105.0,1.2945737917542708
2026-07-09,2026-07-09 11:45:14,V019,105.0,1.7889021717246358
2026-07-09,2026-07-09 11:45:15,V019,105.0,1.4822319962282209
2026-07-09,2026-07-09 11:45:16,V019,105.0,1.027248805694595
2026-07-09,2026-07-09 11:45:17,V019,105.0,1.0696367865538898
2026-07-09,2026-07-09 11:45:18,V019,105.0,1.041815578609218
2026-07-09,2026-07-09 11:45:19,V019,105.0,1.0085262175569318
2026-07-09,2026-07-09 11:45:20,V019,,1.1355049234039825
2026-07-09,2026-07-09 11:45:21,V019,,1.0080237380200836
2026-07-09,2026-07-09 11:45:22,V019,,0.9773554445189637
2026-07-09,2026-07-09 11:45:23,V019,,0.9832128717119369
2026-07-09,2026-07-09 11:45:24,V019,,0.9987785612607676
2026-07-09,2026-07-09 11:45:25,V019,,0.9952453912075087
2026-07-09,2026-07-09 11:45:26,V019,,1.0137141099216305
2026-07-09,2026-07-09 11:45:27,V019,,1.0076532938225111
2026-07-09,2026-07-09 11:45:28,V019,,1.005143334854669
2026-07-09,2026-07-09 11:45:29,V019,,1.0032272882170936
2026-07-09,2026-07-09 11:45:30,V019,,0.9991035841792517
2026-07-09,2026-07-09 11:45:31,V019,,0.9936401144480852
2026-07-09,2026-07-09 11:45:32,V019,,1.0008072602992812
2026-07-09,2026-07-09 11:45:33,V019,,0.9733250399032742
2026-07-09,2026-07-09 11:45:34,V019,,1.0073270509256649
2026-07-09,2026-07-09 11:45:35,V019,,1.0651422810829916
2026-07-09,2026-07-09 11:45:36,V019,,1.0740063632099204
2026-07-09,2026-07-09 11:45:37,V019,,1.089838598103516
2026-07-09,2026-07-09 11:45:38,V019,,0.9477445683130491
2026-07-09,2026-07-09 11:45:39,V019,,1.0767581617842916
2026-07-09,2026-07-09 11:45:40,V019,,1.0179237904929832
2026-07-09,2026-07-09 11:45:41,V019,,0.9999625358384893
2026-07-09,2026-07-09 11:45:42,V019,,1.0161221723259264
2026-07-09,2026-07-09 11:45:43,V019,,0.9731896038565384
2026-07-09,2026-07-09 11:45:44,V019,,0.9998884227231256
2026-07-09,2026-07-09 11:45:45,V019,,0.9284601307287702
2026-07-09,2026-07-09 11:45:46,V019,,0.9730738259487969
2026-07-09,2026-07-09 11:45:47,V019,,1.0101181132469217
2026-07-09,2026-07-09 11:45:48,V019,,0.9496127112661003
2026-07-09,2026-07-09 11:45:49,V019,,1.0179158824345376
2026-07-09,2026-07-09 11:45:50,V019,,0.9911087343539513
2026-07-09,2026-07-09 11:45:51,V019,,0.9561561942067703
2026-07-09,2026-07-09 11:45:52,V019,,0.9999025503872269
2026-07-09,2026-07-09 11:45:53,V019,,1.0083456375314375
2026-07-09,2026-07-09 11:45:54,V019,,0.9965554736943728
2026-07-09,2026-07-09 11:45:55,V019,,0.999962183387719
2026-07-09,2026-07-09 11:45:56,V019,,1.000486617661434
2026-07-09,2026-07-09 11:45:57,V019,,0.9996699188690074
2026-07-09,2026-07-09 11:45:58,V019,,1.0005237147922315
2026-07-09,2026-07-09 11:45:59,V019,,0.9627436500119694
2026-07-09,2026-07-09 11:46:00,V019,,1.000307230065422
2026-07-09,2026-07-09 11:46:01,V019,,1.0509171956840713
2026-07-09,2026-07-09 11:46:02,V019,,0.9981377922218166
2026-07-09,2026-07-09 11:46:03,V019,,1.0001994041597164
2026-07-09,2026-07-09 11:46:04,V019,,1.0003649731413864
2026-07-09,2026-07-09 11:46:05,V019,,1.000391514742894
2026-07-09,2026-07-09 11:46:06,V019,,1.0004171427955777
2026-07-09,2026-07-09 11:46:07,V019,,1.008295693098011
2026-07-09,2026-07-09 11:46:08,V019,,1.0005786744862235
2026-07-09,2026-07-09 11:46:09,V019,,1.000359225911953
2026-07-09,2026-07-09 11:46:10,V019,,0.9868652692815137
2026-07-09,2026-07-09 11:46:11,V019,,1.0001855544103608
2026-07-09,2026-07-09 11:46:12,V019,,1.0002570051616995
2026-07-09,2026-07-09 11:46:13,V019,,1.0006512194562334
2026-07-09,2026-07-09 11:46:14,V019,,1.0263930762919056
2026-07-09,2026-07-09 11:46:15,V019,,1.0128720792648775
2026-07-09,2026-07-09 11:46:16,V019,,1.0226846531551057
2026-07-09,2026-07-09 11:46:17,V019,,1.0005997668615767
2026-07-09,2026-07-09 11:46:18,V019,,1.0007958596815019
2026-07-09,2026-07-09 11:46:19,V019,,1.0003198784207754
2026-07-09,2026-07-09 11:46:20,V019,,0.9998226324771537
2026-07-09,2026-07-09 11:46:21,V019,,1.000410927340644
2026-07-09,2026-07-09 11:46:22,V019,,1.0006990753708755
2026-07-09,2026-07-09 11:46:23,V019,,1.0001345865950448
2026-07-09,2026-07-09 11:46:24,V019,,1.000218969365603
2026-07-09,2026-07-09 11:46:25,V019,,0.9997225393708774
2026-07-09,2026-07-09 11:46:26,V019,,1.0003952882904616
2026-07-09,2026-07-09 11:46:27,V019,,1.0007347178736676
2026-07-09,2026-07-09 11:46:28,V019,,1.00032918243375
2026-07-09,2026-07-09 11:46:29,V019,,1.0003532910115331
2026-07-09,2026-07-09 11:46:30,V019,,1.000219895215539
2026-07-09,2026-07-09 11:46:31,V019,,0.9999409798498513
2026-07-09,2026-07-09 11:46:32,V019,,1.0002695236705768
2026-07-09,2026-07-09 11:46:33,V019,,1.0005071834956412
2026-07-09,2026-07-09 11:46:34,V019,,0.9999407849381582
2026-07-09,2026-07-09 11:46:35,V019,,1.0000099545614405
2026-07-09,2026-07-09 11:46:36,V019,,1.0008177759293413
2026-07-09,2026-07-09 11:46:37,V019,,1.000128382596119
2026-07-09,2026-07-09 11:46:38,V019,,1.000456343566092
2026-07-09,2026-07-09 11:46:39,V019,,1.000294988824231
2026-07-09,2026-07-09 11:46:40,V019,,1.0005888157024962
2026-07-09,2026-07-09 11:46:41,V019,,1.0007885391403981
2026-07-09,2026-07-09 11:46:42,V019,,1.0002471411326956
2026-07-09,2026-07-09 11:46:43,V019,,1.000745630119247
2026-07-09,2026-07-09 11:46:44,V019,,1.0008742568070088
2026-07-09,2026-07-09 11:46:45,V019,,1.000145185895074
2026-07-09,2026-07-09 11:46:46,V019,,1.0009655852688433
2026-07-09,2026-07-09 11:46:47,V019,,1.0005950964821686
2026-07-09,2026-07-09 11:46:48,V019,,1.0001358083138803
2026-07-09,2026-07-09 11:46:49,V019,,1.0006363169417454
2026-07-09,2026-07-09 11:46:50,V019,,1.0008413324517702
2026-07-09,2026-07-09 11:46:51,V019,,1.0005880670779765
2026-07-09,2026-07-09 11:46:52,V019,,1.0004919677836104
2026-07-09,2026-07-09 11:46:53,V019,,1.0011781000361675
2026-07-09,2026-07-09 11:46:54,V019,,1.0006056488416628
2026-07-09,2026-07-09 11:46:55,V019,,0.9883226531666934
2026-07-09,2026-07-09 11:46:56,V019,,1.0474521876628298
2026-07-09,2026-07-09 11:46:57,V019,,1.0056984696470712
2026-07-09,2026-07-09 11:46:58,V019,,0.9764204388282502
2026-07-09,2026-07-09 11:46:59,V019,,1.0132386732802674
2026-07-09,2026-07-09 11:47:00,V019,,1.0005946812592157
2026-07-09,2026-07-09 11:47:01,V019,,1.0003447645030872
2026-07-09,2026-07-09 11:47:02,V019,,0.9828364151556774
2026-07-09,2026-07-09 11:47:03,V019,,0.9979777691570574
2026-07-09,2026-07-09 11:47:04,V019,,1.0091516869042696
2026-07-09,2026-07-09 11:47:05,V019,,1.0008128019211837
2026-07-09,2026-07-09 11:47:06,V019,,0.9999400275775077
2026-07-09,2026-07-09 11:47:07,V019,,0.9875368237827072
2026-07-09,2026-07-09 11:47:08,V019,,1.0005957545064423
2026-07-09,2026-07-09 11:47:09,V019,,1.0007914389771388
2026-07-09,2026-07-09 11:47:10,V019,,1.0011922914954317
2026-07-09,2026-07-09 11:47:11,V019,,1.0003237454705274
2026-07-09,2026-07-09 11:47:12,V019,,0.9777060257988223
2026-07-09,2026-07-09 11:47:13,V019,,0.991448944755539
2026-07-09,2026-07-09 11:47:14,V019,,0.9639858134822598
2026-07-09,2026-07-09 11:47:15,V019,,0.9839035469419039
2026-07-09,2026-07-09 11:47:16,V019,,1.0003384820186183
2026-07-09,2026-07-09 11:47:17,V019,,1.0006804454136886
2026-07-09,2026-07-09 11:47:18,V019,,0.9712433052349769
2026-07-09,2026-07-09 11:47:19,V019,,0.9940222261328182
2026-07-09,2026-07-09 11:47:20,V019,,1.0022684410380887
2026-07-09,2026-07-09 11:47:21,V019,,1.00438436236827
2026-07-09,2026-07-09 11:47:22,V019,,1.03235959119804
2026-07-09,2026-07-09 11:47:23,V019,,0.952913252590158
2026-07-09,2026-07-09 11:47:24,V019,,0.968987728430992
2026-07-09,2026-07-09 11:47:25,V019,,0.9426945384949305
2026-07-09,2026-07-09 11:47:26,V019,,1.0005513738948733
2026-07-09,2026-07-09 11:47:27,V019,,1.0001431554908882
2026-07-09,2026-07-09 11:47:28,V019,,1.0005777053991642
2026-07-09,2026-07-09 11:47:29,V019,,1.0007593279658864
2026-07-09,2026-07-09 11:47:30,V019,,1.0004461107710851
2026-07-09,2026-07-09 11:47:31,V019,,0.9387598987081516
2026-07-09,2026-07-09 11:47:32,V019,,0.9998265547469303
2026-07-09,2026-07-09 11:47:33,V019,,0.9917261534140198
2026-07-09,2026-07-09 11:47:34,V019,,1.078847205123902
2026-07-09,2026-07-09 11:47:35,V019,,0.8558179119061576
2026-07-09,2026-07-09 11:47:36,V019,,0.9571365736532137
2026-07-09,2026-07-09 11:47:37,V019,,0.953477701282972
2026-07-09,2026-07-09 11:47:38,V019,,0.9664962771014615
2026-07-09,2026-07-09 11:47:39,V019,,1.1457650920521103
2026-07-09,2026-07-09 11:47:40,V019,,0.9842837160434343
2026-07-09,2026-07-09 11:47:41,V019,,0.988784466235466
2026-07-09,2026-07-09 11:47:42,V019,,1.011995075813717
2026-07-09,2026-07-09 11:47:43,V019,,1.032426367471539
2026-07-09,2026-07-09 11:47:44,V019,,0.9924343183158948
2026-07-09,2026-07-09 11:47:45,V019,,0.9597239419007147
2026-07-09,2026-07-09 11:47:46,V019,,0.985912248749161
2026-07-09,2026-07-09 11:47:47,V019,,0.9853766972366534
2026-07-09,2026-07-09 11:47:48,V019,,0.9856997394845016
2026-07-09,2026-07-09 11:47:49,V019,,0.9865308282201857
2026-07-09,2026-07-09 11:47:50,V019,,0.9858703151404007
2026-07-09,2026-07-09 11:47:51,V019,,0.986023618186525
2026-07-09,2026-07-09 11:47:52,V019,,0.9875468614662238
2026-07-09,2026-07-09 11:47:53,V019,,0.9862208014385984
2026-07-09,2026-07-09 11:47:54,V019,,0.9857277423302894
2026-07-09,2026-07-09 11:47:55,V019,,0.9862415109344429
2026-07-09,2026-07-09 11:47:56,V019,,0.9862197224981971
2026-07-09,2026-07-09 11:47:57,V019,,0.9859298995927348
2026-07-09,2026-07-09 11:47:58,V019,,0.9859062583493916
2026-07-09,2026-07-09 11:47:59,V019,,0.9855052739865505
2026-07-09,2026-07-09 11:48:00,V019,,0.9861106939078255
2026-07-09,2026-07-09 11:48:01,V019,,0.9860407891280455
2026-07-09,2026-07-09 11:48:02,V019,,0.9858278787677863
2026-07-09,2026-07-09 11:48:03,V019,,0.9858324809289987
2026-07-09,2026-07-09 11:48:04,V019,,0.985804688380471
2026-07-09,2026-07-09 11:48:05,V019,,0.9860900885029001
2026-07-09,2026-07-09 11:48:06,V019,,0.9857504357490753
2026-07-09,2026-07-09 11:48:07,V019,,0.9859407704402732
2026-07-09,2026-07-09 11:48:08,V019,,0.9860778649552693
2026-07-09,2026-07-09 11:48:09,V019,,0.9862692118290268
2026-07-09,2026-07-09 11:48:10,V019,,0.9855953274723613
2026-07-09,2026-07-09 11:48:11,V019,,0.9863614542956765
2026-07-09,2026-07-09 11:48:12,V019,,0.9857092477481968
2026-07-09,2026-07-09 11:48:13,V019,,0.9857011275608907
2026-07-09,2026-07-09 11:48:14,V019,,0.9858190932924858
2026-07-09,2026-07-09 11:48:15,V019,,0.9860385357117872
2026-07-09,2026-07-09 11:48:16,V019,,0.986370395489767
2026-07-09,2026-07-09 11:48:17,V019,,0.9856216510547764
2026-07-09,2026-07-09 11:48:18,V019,,0.9860383005740393
2026-07-09,2026-07-09 11:48:19,V019,,0.9859327805345964
2026-07-09,2026-07-09 11:48:20,V019,,0.9862629030138262
2026-07-09,2026-07-09 11:48:21,V019,,0.9859023847985571
2026-07-09,2026-07-09 11:48:22,V019,,0.9857969605726391
2026-07-09,2026-07-09 11:48:23,V019,,0.9857932863709256
2026-07-09,2026-07-09 11:48:24,V019,,0.9863212626663972
2026-07-09,2026-07-09 11:48:25,V019,,0.9865510865977805
2026-07-09,2026-07-09 11:48:26,V019,,0.9863644239155245
2026-07-09,2026-07-09 11:48:27,V019,,0.985737810508539
2026-07-09,2026-07-09 11:48:28,V019,,0.9860491072662806
2026-07-09,2026-07-09 11:48:29,V019,,0.9857749230246451
2026-07-09,2026-07-09 11:48:30,V019,,0.9861571864232866
2026-07-09,2026-07-09 11:48:31,V019,,0.9860642550640981
2026-07-09,2026-07-09 11:48:32,V019,,0.9860124151640179
2026-07-09,2026-07-09 11:48:33,V019,,0.9859003097930302
2026-07-09,2026-07-09 11:48:34,V019,,0.9862763479609717
2026-07-09,2026-07-09 11:48:35,V019,,0.9861735003681796
2026-07-09,2026-07-09 11:48:36,V019,,0.9865233780085217
2026-07-09,2026-07-09 11:48:37,V019,,0.9859671415143109
2026-07-09,2026-07-09 11:48:38,V019,,0.9855002251503774
2026-07-09,2026-07-09 11:48:39,V019,,0.9863337311875786
2026-07-09,2026-07-09 11:48:40,V019,,0.9860863516050717
2026-07-09,2026-07-09 11:48:41,V019,,0.9861856456133384
2026-07-09,2026-07-09 11:48:42,V019,,0.9855505254633384
2026-07-09,2026-07-09 11:48:43,V019,,0.9858838939293767
2026-07-09,2026-07-09 11:48:44,V019,,0.986842980952998
2026-07-09,2026-07-09 11:48:45,V019,,0.9864836828710105
2026-07-09,2026-07-09 11:48:46,V019,,0.9865550595742933
2026-07-09,2026-07-09 11:48:47,V019,,0.9858033326551965
2026-07-09,2026-07-09 11:48:48,V019,,0.9864847932708071
2026-07-09,2026-07-09 11:48:49,V019,,0.9862823356321363
2026-07-09,2026-07-09 11:48:50,V019,,0.9859658817751539
2026-07-09,2026-07-09 11:48:51,V019,,0.9861016308221886
2026-07-09,2026-07-09 11:48:52,V019,,0.9865622208883222
2026-07-09,2026-07-09 11:48:53,V019,,0.9860325594798118
2026-07-09,2026-07-09 11:48:54,V019,,0.9856774408323812
2026-07-09,2026-07-09 11:48:55,V019,,0.9863720549484878
2026-07-09,2026-07-09 11:48:56,V019,,0.9865564842538224
2026-07-09,2026-07-09 11:48:57,V019,,0.9860665484189559
2026-07-09,2026-07-09 11:48:58,V019,,0.986376011045373
2026-07-09,2026-07-09 11:48:59,V019,,0.9857884371407899
2026-07-09,2026-07-09 11:49:00,V019,,0.9857718558986173
2026-07-09,2026-07-09 11:49:01,V019,,0.9865003827986215
2026-07-09,2026-07-09 11:49:02,V019,,0.9860588979901184
2026-07-09,2026-07-09 11:49:03,V019,,0.9863380514527412
2026-07-09,2026-07-09 11:49:04,V019,,0.9866516056073938
2026-07-09,2026-07-09 11:49:05,V019,,0.9864506989127559
2026-07-09,2026-07-09 11:49:06,V019,,0.9865497910269074
2026-07-09,2026-07-09 11:49:07,V019,,0.9862579485508853
2026-07-09,2026-07-09 11:49:08,V019,,0.9862060631207298
2026-07-09,2026-07-09 11:49:09,V019,,0.9860931931656399
2026-07-09,2026-07-09 11:49:10,V019,,0.9863462225488333
2026-07-09,2026-07-09 11:49:11,V019,,0.9863747010830335
2026-07-09,2026-07-09 11:49:12,V019,,0.9861556728127367
2026-07-09,2026-07-09 11:49:13,V019,,0.985638735539966
2026-07-09,2026-07-09 11:49:14,V019,,0.9858739281963805
2026-07-09,2026-07-09 11:49:15,V019,,0.9862208641963505
2026-07-09,2026-07-09 11:49:16,V019,,0.986205632818799
2026-07-09,2026-07-09 11:49:17,V019,,0.9862408067186782
2026-07-09,2026-07-09 11:49:18,V019,,0.9863547364395185
2026-07-09,2026-07-09 11:49:19,V019,,0.9865594857174287
2026-07-09,2026-07-09 11:49:20,V019,,0.9861548709329246
2026-07-09,2026-07-09 11:49:21,V019,,0.9866140601065272
2026-07-09,2026-07-09 11:49:22,V019,,0.9861549473384987
2026-07-09,2026-07-09 11:49:23,V019,,0.9865456189284435
2026-07-09,2026-07-09 11:49:24,V019,,0.9863873035258031
2026-07-09,2026-07-09 11:49:25,V019,,0.9863094077840336
2026-07-09,2026-07-09 11:49:26,V019,,0.9862907251882783
2026-07-09,2026-07-09 11:49:27,V019,,0.9866944089613646
2026-07-09,2026-07-09 11:49:28,V019,,0.9861328149333707
2026-07-09,2026-07-09 11:49:29,V019,,0.9856733103934193
2026-07-09,2026-07-09 11:49:30,V019,,0.9863623766494167
2026-07-09,2026-07-09 11:49:31,V019,,0.9861728842286407
2026-07-09,2026-07-09 11:49:32,V019,,0.9865140533871621
2026-07-09,2026-07-09 11:49:33,V019,,0.9865065982500733
2026-07-09,2026-07-09 11:49:34,V019,,0.9864044059787216
2026-07-09,2026-07-09 11:49:35,V019,,0.986428698433648
2026-07-09,2026-07-09 11:49:36,V019,,0.986734888366885
2026-07-09,2026-07-09 11:49:37,V019,,0.9863110207147765
2026-07-09,2026-07-09 11:49:38,V019,,0.9866165676488995
2026-07-09,2026-07-09 11:49:39,V019,,0.9866243082265846
2026-07-09,2026-07-09 11:49:40,V019,,0.9863187819764209
2026-07-09,2026-07-09 11:49:41,V019,,0.9864451261929209
2026-07-09,2026-07-09 11:49:42,V019,,0.9858994426899064
2026-07-09,2026-07-09 11:49:43,V019,,0.986912265300824
2026-07-09,2026-07-09 11:49:44,V019,,0.9860141527657332
2026-07-09,2026-07-09 11:49:45,V019,,0.9861394026776404
2026-07-09,2026-07-09 11:49:46,V019,,0.9863039164096545
2026-07-09,2026-07-09 11:49:47,V019,,0.9865676909397643
2026-07-09,2026-07-09 11:49:48,V019,,0.9859602537847592
2026-07-09,2026-07-09 11:49:49,V019,,0.9860204494198944
2026-07-09,2026-07-09 11:49:50,V019,,0.9859432288629596
2026-07-09,2026-07-09 11:49:51,V019,,0.9864005897765966
2026-07-09,2026-07-09 11:49:52,V019,,0.9862128890264686
2026-07-09,2026-07-09 11:49:53,V019,,0.9869442069318737
