Timestamp,Heart Rate,ExLoad
2026/05/07 08:39:34,59,0.01232919842004776
2026/05/07 08:39:35,60,0.012304815463721752
2026/05/07 08:39:36,61,0.016545305028557777
2026/05/07 08:39:37,61,0.05261441320180893
2026/05/07 08:39:38,62,0.01740967482328415
2026/05/07 08:39:39,62,0.02385365217924118
2026/05/07 08:39:40,62,0.013256987556815147
2026/05/07 08:39:41,61,0.01938914880156517
2026/05/07 08:39:42,61,0.01840299926698208
2026/05/07 08:39:43,62,0.02828112058341503
2026/05/07 08:39:44,62,0.011879379861056805
2026/05/07 08:39:45,62,0.01287715695798397
2026/05/07 08:39:46,62,0.06385140866041183
2026/05/07 08:39:47,62,0.06661040335893631
2026/05/07 08:39:48,62,0.039604295045137405
2026/05/07 08:39:49,62,0.02035948447883129
2026/05/07 08:39:50,62,0.04633080214262009
2026/05/07 08:39:51,62,0.10786499083042145
2026/05/07 08:39:52,62,0.09242327511310577
2026/05/07 08:39:53,62,0.03639446198940277
2026/05/07 08:39:54,62,0.062873974442482
2026/05/07 08:39:55,61,0.020113961771130562
2026/05/07 08:39:56,61,0.03333912417292595
2026/05/07 08:39:57,60,0.03051495924592018
2026/05/07 08:39:58,59,0.08078483492136002
2026/05/07 08:39:59,59,0.031244399026036263
2026/05/07 08:40:00,59,0.013581431470811367
2026/05/07 08:40:01,59,0.012484731152653694
2026/05/07 08:40:02,59,0.01248729508370161
2026/05/07 08:40:03,59,0.012678001075983047
2026/05/07 08:40:04,58,0.012321477755904198
2026/05/07 08:40:05,58,0.07963740825653076
2026/05/07 08:40:06,57,0.028009792789816856
2026/05/07 08:40:07,57,0.01413459237664938
2026/05/07 08:40:08,57,0.11720842868089676
2026/05/07 08:40:09,57,0.027517562732100487
2026/05/07 08:40:10,57,0.08353855460882187
2026/05/07 08:40:11,57,0.03361045569181442
2026/05/07 08:40:12,57,0.030644891783595085
2026/05/07 08:40:13,57,0.013260009698569775
2026/05/07 08:40:14,57,0.03259582445025444
2026/05/07 08:40:15,57,0.13432657718658447
2026/05/07 08:40:16,57,0.012496470473706722
2026/05/07 08:40:17,56,0.012332342565059662
2026/05/07 08:40:18,55,0.01297381054610014
2026/05/07 08:40:19,54,0.013213157653808594
2026/05/07 08:40:20,53,0.012569734826683998
2026/05/07 08:40:21,51,0.01209512259811163
2026/05/07 08:40:22,50,0.01303210947662592
2026/05/07 08:40:23,49,0.01231333613395691
2026/05/07 08:40:24,48,0.01295381784439087
2026/05/07 08:40:25,47,0.0126102976500988
2026/05/07 08:40:26,45,0.012170507572591305
2026/05/07 08:40:27,46,0.02969793975353241
2026/05/07 08:40:28,47,0.02451213449239731
2026/05/07 08:40:29,48,0.016951074823737144
2026/05/07 08:40:30,48,0.012408671900629997
2026/05/07 08:40:31,48,0.018616143614053726
2026/05/07 08:40:32,48,0.060794632881879807
2026/05/07 08:40:33,49,0.057984236627817154
2026/05/07 08:40:34,49,0.026327848434448242
2026/05/07 08:40:35,49,0.071644626557827
2026/05/07 08:40:36,49,0.01977887935936451
2026/05/07 08:40:37,50,0.012663506902754307
2026/05/07 08:40:38,50,0.012645998038351536
2026/05/07 08:40:39,50,0.011721747927367687
2026/05/07 08:40:40,50,0.013004803098738194
2026/05/07 08:40:41,51,0.012336946092545986
2026/05/07 08:40:42,51,0.01108474750071764
2026/05/07 08:40:43,52,0.012074969708919525
2026/05/07 08:40:44,52,0.011399588547647
2026/05/07 08:40:45,52,0.011920233257114887
2026/05/07 08:40:46,52,0.011853056028485298
2026/05/07 08:40:47,52,0.011821585707366467
2026/05/07 08:40:48,52,0.01189986988902092
2026/05/07 08:40:49,53,0.012154444120824337
2026/05/07 08:40:50,54,0.012113920412957668
2026/05/07 08:40:51,54,0.011461795307695866
2026/05/07 08:40:52,55,0.011501975357532501
2026/05/07 08:40:53,56,0.011208632029592991
2026/05/07 08:40:54,57,0.01151574868708849
2026/05/07 08:40:55,57,0.011814543977379799
2026/05/07 08:40:56,58,0.011436574161052704
2026/05/07 08:40:57,59,0.010679508559405804
2026/05/07 08:40:58,60,0.027597419917583466
2026/05/07 08:40:59,60,0.017084695398807526
2026/05/07 08:41:00,61,0.03770103305578232
2026/05/07 08:41:01,61,0.14960506558418274
2026/05/07 08:41:02,61,0.09473641961812973
2026/05/07 08:41:03,62,0.06555918604135513
2026/05/07 08:41:04,62,0.01638871431350708
2026/05/07 08:41:05,62,0.01335094589740038
2026/05/07 08:41:06,62,0.011879767291247845
2026/05/07 08:41:07,62,0.012174656614661217
2026/05/07 08:41:08,62,0.01183033175766468
2026/05/07 08:41:09,62,0.011655290611088276
2026/05/07 08:41:10,63,0.01193173136562109
2026/05/07 08:41:11,62,0.011614158749580383
2026/05/07 08:41:12,62,0.01157309114933014
2026/05/07 08:41:13,62,0.011834762059152126
2026/05/07 08:41:14,62,0.012184256687760353
2026/05/07 08:41:15,62,0.012017863802611828
2026/05/07 08:41:16,63,0.011774621903896332
2026/05/07 08:41:17,63,0.012445047497749329
2026/05/07 08:41:18,63,0.012513319030404091
2026/05/07 08:41:19,63,0.01764156110584736
2026/05/07 08:41:20,63,0.012130968272686005
2026/05/07 08:41:21,63,0.01165042445063591
2026/05/07 08:41:22,63,0.011304469779133797
2026/05/07 08:41:23,63,0.02631687931716442
2026/05/07 08:41:24,64,0.011430975049734116
2026/05/07 08:41:25,64,0.011209421791136265
2026/05/07 08:41:26,64,0.012113016098737717
2026/05/07 08:41:27,65,0.011791631579399109
2026/05/07 08:41:28,66,0.012033657170832157
2026/05/07 08:41:29,66,0.011470363475382328
2026/05/07 08:41:30,65,0.024561403319239616
2026/05/07 08:41:31,65,0.011331100948154926
2026/05/07 08:41:32,65,0.02811967022716999
2026/05/07 08:41:33,65,0.011861590668559074
2026/05/07 08:41:34,65,0.011712784878909588
2026/05/07 08:41:35,66,0.011651306413114071
2026/05/07 08:41:36,66,0.02725326456129551
2026/05/07 08:41:37,66,0.011752217076718807
2026/05/07 08:41:38,67,0.011671283282339573
2026/05/07 08:41:39,66,0.012113058008253574
2026/05/07 08:41:40,66,0.011190170422196388
2026/05/07 08:41:41,66,0.01133444532752037
2026/05/07 08:41:42,66,0.01184847205877304
2026/05/07 08:41:43,66,0.011991391889750957
2026/05/07 08:41:44,66,0.011753159575164318
2026/05/07 08:41:45,66,0.012053017504513264
2026/05/07 08:41:46,67,0.011790551245212555
2026/05/07 08:41:47,67,0.011235146783292294
2026/05/07 08:41:48,67,0.012296490371227264
2026/05/07 08:41:49,67,0.011371929198503494
2026/05/07 08:41:50,67,0.01181523036211729
2026/05/07 08:41:51,67,0.020662939175963402
2026/05/07 08:41:52,67,0.024127693846821785
2026/05/07 08:41:53,67,0.012873828411102295
2026/05/07 08:41:54,67,0.025622865185141563
2026/05/07 08:41:55,67,0.012511937879025936
2026/05/07 08:41:56,66,0.011734399944543839
2026/05/07 08:41:57,65,0.011795317754149437
2026/05/07 08:41:58,64,0.011789054609835148
2026/05/07 08:41:59,64,0.012311872094869614
2026/05/07 08:42:00,63,0.013009736314415932
2026/05/07 08:42:01,62,0.01129441149532795
2026/05/07 08:42:02,62,0.011462937109172344
2026/05/07 08:42:03,62,0.01179335918277502
2026/05/07 08:42:04,62,0.011256462894380093
2026/05/07 08:42:05,62,0.01183077972382307
2026/05/07 08:42:06,62,0.011874656192958355
2026/05/07 08:42:07,62,0.013080659322440624
2026/05/07 08:42:08,63,0.012374047189950943
2026/05/07 08:42:09,63,0.011454648338258266
2026/05/07 08:42:10,63,0.01159247849136591
2026/05/07 08:42:11,62,0.011937819421291351
2026/05/07 08:42:12,62,0.011685558594763279
2026/05/07 08:42:13,63,0.011751245707273483
2026/05/07 08:42:14,63,0.014847947284579277
2026/05/07 08:42:15,63,0.07754458487033844
2026/05/07 08:42:16,63,0.03456610068678856
2026/05/07 08:42:17,64,0.01172052975744009
2026/05/07 08:42:18,64,0.011962355114519596
2026/05/07 08:42:19,64,0.011296349577605724
2026/05/07 08:42:20,64,0.011258207261562347
2026/05/07 08:42:21,64,0.01174189243465662
2026/05/07 08:42:22,64,0.011223830282688141
2026/05/07 08:42:23,64,0.011598904617130756
2026/05/07 08:42:24,64,0.01114204153418541
2026/05/07 08:42:25,64,0.01157685462385416
2026/05/07 08:42:26,64,0.01190111879259348
2026/05/07 08:42:27,63,0.011897008866071701
2026/05/07 08:42:28,63,0.012218252755701542
2026/05/07 08:42:29,62,0.012023787014186382
2026/05/07 08:42:30,62,0.012280692346394062
2026/05/07 08:42:31,63,0.012383044697344303
2026/05/07 08:42:32,63,0.012248586863279343
2026/05/07 08:42:33,64,0.012083825655281544
2026/05/07 08:42:34,65,0.01158752292394638
2026/05/07 08:42:35,66,0.010999620892107487
2026/05/07 08:42:36,67,0.011300376616418362
2026/05/07 08:42:37,66,0.011171693913638592
2026/05/07 08:42:38,66,0.032792191952466965
2026/05/07 08:42:39,65,0.04184417054057121
2026/05/07 08:42:40,65,0.014168520458042622
2026/05/07 08:42:41,64,0.012136715464293957
2026/05/07 08:42:42,64,0.012060880661010742
2026/05/07 08:42:43,63,0.03875405713915825
2026/05/07 08:42:44,62,0.024258635938167572
2026/05/07 08:42:45,62,0.011926655657589436
2026/05/07 08:42:46,61,0.01306416466832161
2026/05/07 08:42:47,61,0.012104898691177368
2026/05/07 08:42:48,61,0.01292687188833952
2026/05/07 08:42:49,60,0.011339095421135426
2026/05/07 08:42:50,60,0.016667893156409264
2026/05/07 08:42:51,59,0.037928543984889984
2026/05/07 08:42:52,58,0.011452757753431797
2026/05/07 08:42:53,59,0.012843411415815353
2026/05/07 08:42:54,60,0.011480219662189484
2026/05/07 08:42:55,59,0.012058660387992859
2026/05/07 08:42:56,59,0.01179260853677988
2026/05/07 08:42:57,59,0.012322640046477318
2026/05/07 08:42:58,59,0.012483417056500912
2026/05/07 08:42:59,59,0.01239712629467249
2026/05/07 08:43:00,59,0.011957623064517975
2026/05/07 08:43:01,60,0.01178831048309803
2026/05/07 08:43:02,60,0.011467761360108852
2026/05/07 08:43:03,61,0.012057250365614891
2026/05/07 08:43:04,62,0.012117119506001472
2026/05/07 08:43:05,62,0.01177986990660429
2026/05/07 08:43:06,62,0.012094507925212383
2026/05/07 08:43:07,62,0.011398665606975555
2026/05/07 08:43:08,63,0.011837756261229515
2026/05/07 08:43:09,63,0.011804883368313313
2026/05/07 08:43:10,63,0.0114967105910182
2026/05/07 08:43:11,63,0.0337279811501503
2026/05/07 08:43:12,64,0.01739647053182125
2026/05/07 08:43:13,64,0.012576038017868996
2026/05/07 08:43:14,64,0.01191986445337534
2026/05/07 08:43:15,64,0.012114489451050758
2026/05/07 08:43:16,64,0.012437386438250542
2026/05/07 08:43:17,63,0.01191895641386509
2026/05/07 08:43:18,63,0.02213139459490776
2026/05/07 08:43:19,63,0.012058336287736893
2026/05/07 08:43:20,62,0.013245009817183018
2026/05/07 08:43:21,62,0.012023556046187878
2026/05/07 08:43:22,62,0.01216063555330038
2026/05/07 08:43:23,62,0.013019487261772156
2026/05/07 08:43:24,62,0.012157832272350788
2026/05/07 08:43:25,62,0.012234661728143692
2026/05/07 08:43:26,62,0.01265567447990179
2026/05/07 08:43:27,62,0.012000571936368942
2026/05/07 08:43:28,62,0.012597898952662945
2026/05/07 08:43:29,62,0.012276729568839073
2026/05/07 08:43:30,62,0.011535313911736012
2026/05/07 08:43:31,62,0.012556684203445911
2026/05/07 08:43:32,62,0.012039369903504848
2026/05/07 08:43:33,62,0.011839363723993301
2026/05/07 08:43:34,62,0.012398128397762775
2026/05/07 08:43:35,62,0.014312554150819778
2026/05/07 08:43:36,62,0.013707137666642666
2026/05/07 08:43:37,63,0.016059251502156258
2026/05/07 08:43:38,63,0.01405258011072874
2026/05/07 08:43:39,64,0.013217538595199585
2026/05/07 08:43:40,65,0.01418375875800848
2026/05/07 08:43:41,65,0.013070603832602501
2026/05/07 08:43:42,66,0.01264179591089487
2026/05/07 08:43:43,66,0.013794708997011185
2026/05/07 08:43:44,66,0.013962962664663792
2026/05/07 08:43:45,66,0.01212221011519432
2026/05/07 08:43:46,66,0.012561588548123837
2026/05/07 08:43:47,65,0.01247869711369276
2026/05/07 08:43:48,65,0.01250295527279377
2026/05/07 08:43:49,64,0.012775654904544353
2026/05/07 08:43:50,64,0.012555694207549095
2026/05/07 08:43:51,64,0.01216461043804884
2026/05/07 08:43:52,65,0.01246626302599907
2026/05/07 08:43:53,65,0.013285570777952671
2026/05/07 08:43:54,65,0.012420590035617352
2026/05/07 08:43:55,65,0.012537113390862942
2026/05/07 08:43:56,65,0.01292285043746233
2026/05/07 08:43:57,65,0.012157773599028587
2026/05/07 08:43:58,65,0.012196932919323444
2026/05/07 08:43:59,65,0.012378758750855923
2026/05/07 08:44:00,65,0.012701181694865227
2026/05/07 08:44:01,66,0.012497412040829659
2026/05/07 08:44:02,66,0.015061341226100922
2026/05/07 08:44:03,66,0.012574688531458378
2026/05/07 08:44:04,67,0.012782583013176918
2026/05/07 08:44:05,67,0.012097249738872051
2026/05/07 08:44:06,68,0.012357980012893677
2026/05/07 08:44:07,68,0.012620395049452782
2026/05/07 08:44:08,69,0.012581763789057732
2026/05/07 08:44:09,69,0.012136809527873993
2026/05/07 08:44:10,69,0.012078608386218548
2026/05/07 08:44:11,69,0.012000586837530136
2026/05/07 08:44:12,70,0.011996615678071976
2026/05/07 08:44:13,70,0.011922236531972885
2026/05/07 08:44:14,71,0.011980527080595493
2026/05/07 08:44:15,71,0.012682639993727207
2026/05/07 08:44:16,72,0.011800569482147694
2026/05/07 08:44:17,72,0.039173901081085205
2026/05/07 08:44:18,72,0.015234142541885376
2026/05/07 08:44:19,71,0.012259384617209435
2026/05/07 08:44:20,71,0.01294704619795084
2026/05/07 08:44:21,72,0.013008786365389824
2026/05/07 08:44:22,72,0.012640244327485561
2026/05/07 08:44:23,73,0.012554949149489403
2026/05/07 08:44:24,74,0.012374027632176876
2026/05/07 08:44:25,74,0.021433459594845772
2026/05/07 08:44:26,75,0.015776582062244415
2026/05/07 08:44:27,76,0.04053768143057823
2026/05/07 08:44:28,76,0.012692789547145367
2026/05/07 08:44:29,76,0.012290761806070805
2026/05/07 08:44:30,76,0.012411270290613174
2026/05/07 08:44:31,76,0.012249286286532879
2026/05/07 08:44:32,76,0.014282675459980965
2026/05/07 08:44:33,76,0.012072711251676083
2026/05/07 08:44:34,76,0.01247715950012207
2026/05/07 08:44:35,76,0.012310371734201908
2026/05/07 08:44:36,75,0.01398557610809803
2026/05/07 08:44:37,75,0.015565653331577778
2026/05/07 08:44:38,75,0.0355338416993618
2026/05/07 08:44:39,75,0.01311076432466507
2026/05/07 08:44:40,75,0.035336922854185104
2026/05/07 08:44:41,75,0.09278937429189682
2026/05/07 08:44:42,75,0.06365987658500671
2026/05/07 08:44:43,75,0.04163455590605736
2026/05/07 08:44:44,74,0.03502080217003822
2026/05/07 08:44:45,74,0.04244908317923546
2026/05/07 08:44:46,74,0.012011909857392311
2026/05/07 08:44:47,74,0.13038577139377594
2026/05/07 08:44:48,74,0.018037479370832443
2026/05/07 08:44:49,74,0.02025636099278927
2026/05/07 08:44:50,75,0.013363787904381752
2026/05/07 08:44:51,74,0.01275867410004139
2026/05/07 08:44:52,73,0.013597640208899975
2026/05/07 08:44:53,73,0.013437359593808651
2026/05/07 08:44:54,72,0.013086832128465176
2026/05/07 08:44:55,72,0.012875806540250778
2026/05/07 08:44:56,71,0.01186260674148798
2026/05/07 08:44:57,72,0.013996039517223835
2026/05/07 08:44:58,72,0.013180163688957691
2026/05/07 08:44:59,72,0.01266557164490223
2026/05/07 08:45:00,72,0.012599803507328033
2026/05/07 08:45:01,72,0.012803470715880394
2026/05/07 08:45:02,72,0.012712731957435608
2026/05/07 08:45:03,72,0.01273336075246334
2026/05/07 08:45:04,73,0.01294088363647461
2026/05/07 08:45:05,73,0.012480278499424458
2026/05/07 08:45:06,73,0.012421240098774433
2026/05/07 08:45:07,73,0.012740385718643665
2026/05/07 08:45:08,73,0.013555683195590973
2026/05/07 08:45:09,74,0.012817912735044956
2026/05/07 08:45:10,74,0.01268660556524992
2026/05/07 08:45:11,74,0.013618161901831627
2026/05/07 08:45:12,74,0.012057846412062645
2026/05/07 08:45:13,74,0.013780334033071995
2026/05/07 08:45:14,74,0.01244277972728014
2026/05/07 08:45:15,74,0.012978685088455677
2026/05/07 08:45:16,75,0.012863991782069206
2026/05/07 08:45:17,75,0.012139380909502506
2026/05/07 08:45:18,75,0.013114129193127155
2026/05/07 08:45:19,75,0.01274444255977869
2026/05/07 08:45:20,74,0.013144434429705143
2026/05/07 08:45:21,74,0.011914312839508057
2026/05/07 08:45:22,75,0.012776031158864498
2026/05/07 08:45:23,75,0.01321728341281414
2026/05/07 08:45:24,75,0.013242542743682861
2026/05/07 08:45:25,74,0.012536045163869858
2026/05/07 08:45:26,74,0.014287851750850677
2026/05/07 08:45:27,74,0.013140831142663956
2026/05/07 08:45:28,74,0.014405407011508942
2026/05/07 08:45:29,73,0.013263290748000145
2026/05/07 08:45:30,73,0.0120224105194211
2026/05/07 08:45:31,72,0.013578529469668865
2026/05/07 08:45:32,72,0.012772982008755207
2026/05/07 08:45:33,71,0.012148506008088589
2026/05/07 08:45:34,71,0.012485659681260586
2026/05/07 08:45:35,71,0.013076188042759895
2026/05/07 08:45:36,72,0.01249396800994873
2026/05/07 08:45:37,72,0.01334443874657154
2026/05/07 08:45:38,72,0.013215632177889347
2026/05/07 08:45:39,72,0.013860777020454407
2026/05/07 08:45:40,73,0.012947526760399342
2026/05/07 08:45:41,73,0.012445873580873013
2026/05/07 08:45:42,73,0.01338960137218237
2026/05/07 08:45:43,74,0.012598023749887943
2026/05/07 08:45:44,74,0.01420251652598381
2026/05/07 08:45:45,75,0.012522835284471512
2026/05/07 08:45:46,75,0.012263722717761993
2026/05/07 08:45:47,76,0.012703013606369495
2026/05/07 08:45:48,76,0.013011166825890541
2026/05/07 08:45:49,77,0.01172708347439766
2026/05/07 08:45:50,77,0.012913829647004604
2026/05/07 08:45:51,77,0.012513927184045315
2026/05/07 08:45:52,76,0.014394275844097137
2026/05/07 08:45:53,76,0.012364458292722702
2026/05/07 08:45:54,76,0.01251660380512476
2026/05/07 08:45:55,76,0.012550830841064453
2026/05/07 08:45:56,76,0.012800881639122963
2026/05/07 08:45:57,77,0.012306476011872292
2026/05/07 08:45:58,77,0.013077233918011189
2026/05/07 08:45:59,77,0.012762235477566719
2026/05/07 08:46:00,77,0.01248124148696661
2026/05/07 08:46:01,77,0.013669159263372421
2026/05/07 08:46:02,78,0.013783962465822697
2026/05/07 08:46:03,78,0.013803068548440933
2026/05/07 08:46:04,78,0.013614407740533352
2026/05/07 08:46:05,78,0.013184988871216774
2026/05/07 08:46:06,78,0.013448934070765972
2026/05/07 08:46:07,78,0.013467871583998203
2026/05/07 08:46:08,78,0.02238502725958824
2026/05/07 08:46:09,77,0.014297266490757465
2026/05/07 08:46:10,77,0.015532323159277439
2026/05/07 08:46:11,76,0.01253341045230627
2026/05/07 08:46:12,75,0.013010215945541859
2026/05/07 08:46:13,74,0.012707794085144997
2026/05/07 08:46:14,73,0.013548148795962334
2026/05/07 08:46:15,73,0.016950437799096107
2026/05/07 08:46:16,73,0.012733809649944305
2026/05/07 08:46:17,73,0.01219484768807888
2026/05/07 08:46:18,73,0.012228014878928661
2026/05/07 08:46:19,73,0.012978541664779186
2026/05/07 08:46:20,73,0.013810783624649048
2026/05/07 08:46:21,73,0.013604773208498955
2026/05/07 08:46:22,73,0.052071645855903625
2026/05/07 08:46:23,74,0.02925323322415352
2026/05/07 08:46:24,74,0.0148762883618474
2026/05/07 08:46:25,75,0.019280903041362762
2026/05/07 08:46:26,75,0.03331253305077553
2026/05/07 08:46:27,76,0.03660978376865387
2026/05/07 08:46:28,77,0.013173750601708889
2026/05/07 08:46:29,77,0.012649710290133953
2026/05/07 08:46:30,78,0.01726638711988926
2026/05/07 08:46:31,78,0.04405494034290314
2026/05/07 08:46:32,78,0.04986802861094475
2026/05/07 08:46:33,78,0.011757584288716316
2026/05/07 08:46:34,78,0.01200942974537611
2026/05/07 08:46:35,78,0.011817612685263157
2026/05/07 08:46:36,77,0.011936813592910767
2026/05/07 08:46:37,77,0.012409388087689877
2026/05/07 08:46:38,76,0.012675253674387932
2026/05/07 08:46:39,75,0.011649693362414837
2026/05/07 08:46:40,74,0.01185481809079647
2026/05/07 08:46:41,75,0.012172570452094078
2026/05/07 08:46:42,75,0.013060124590992928
2026/05/07 08:46:43,76,0.011923594400286674
2026/05/07 08:46:44,76,0.012890685349702835
2026/05/07 08:46:45,76,0.035418685525655746
2026/05/07 08:46:46,77,0.03553915023803711
2026/05/07 08:46:47,77,0.031875576823949814
2026/05/07 08:46:48,78,0.013185120187699795
2026/05/07 08:46:49,78,0.0132988803088665
2026/05/07 08:46:50,79,0.014491559937596321
2026/05/07 08:46:51,79,0.016929566860198975
2026/05/07 08:46:52,80,0.016455980017781258
2026/05/07 08:46:53,80,0.014226130209863186
2026/05/07 08:46:54,81,0.01502271182835102
2026/05/07 08:46:55,80,0.012605170719325542
2026/05/07 08:46:56,80,0.01491368655115366
2026/05/07 08:46:57,79,0.011947822757065296
2026/05/07 08:46:58,79,0.011108171194791794
2026/05/07 08:46:59,78,0.012706886045634747
2026/05/07 08:47:00,78,0.01234370656311512
2026/05/07 08:47:01,77,0.011852872557938099
2026/05/07 08:47:02,77,0.011350784450769424
2026/05/07 08:47:03,77,0.019384153187274933
2026/05/07 08:47:04,77,0.012139027006924152
2026/05/07 08:47:05,77,0.012859782204031944
2026/05/07 08:47:06,77,0.015178417786955833
2026/05/07 08:47:07,77,0.013414961285889149
2026/05/07 08:47:08,77,0.01358327828347683
2026/05/07 08:47:09,77,0.013095865026116371
2026/05/07 08:47:10,77,0.02447523921728134
2026/05/07 08:47:11,76,0.012518635019659996
2026/05/07 08:47:12,76,0.01220528781414032
2026/05/07 08:47:13,76,0.02677006646990776
2026/05/07 08:47:14,75,0.050661928951740265
2026/05/07 08:47:15,75,0.024957114830613136
2026/05/07 08:47:16,75,0.03250202164053917
2026/05/07 08:47:17,74,0.013580132275819778
2026/05/07 08:47:18,74,0.0121994037181139
2026/05/07 08:47:19,74,0.012311886996030807
2026/05/07 08:47:20,75,0.01286327838897705
2026/05/07 08:47:21,75,0.011506984010338783
2026/05/07 08:47:22,76,0.01301639899611473
2026/05/07 08:47:23,76,0.01219893991947174
2026/05/07 08:47:24,76,0.013058318756520748
2026/05/07 08:47:25,76,0.013320516794919968
2026/05/07 08:47:26,76,0.011533769778907299
2026/05/07 08:47:27,75,0.012178303673863411
2026/05/07 08:47:28,75,0.01077719870954752
2026/05/07 08:47:29,75,0.012441186234354973
2026/05/07 08:47:30,75,0.012796914204955101
2026/05/07 08:47:31,74,0.011173613369464874
2026/05/07 08:47:32,74,0.012041072361171246
2026/05/07 08:47:33,75,0.011846629902720451
2026/05/07 08:47:34,75,0.011962126940488815
2026/05/07 08:47:35,75,0.011473298072814941
2026/05/07 08:47:36,75,0.012290390208363533
2026/05/07 08:47:37,76,0.011753221973776817
2026/05/07 08:47:38,76,0.01327432505786419
2026/05/07 08:47:39,77,0.012249625287950039
2026/05/07 08:47:40,77,0.011590486392378807
2026/05/07 08:47:41,78,0.012119482271373272
2026/05/07 08:47:42,78,0.010963303968310356
2026/05/07 08:47:43,78,0.011919082142412663
2026/05/07 08:47:44,77,0.01860208809375763
2026/05/07 08:47:45,77,0.058388374745845795
2026/05/07 08:47:46,76,0.010480954311788082
2026/05/07 08:47:47,76,0.011897590011358261
2026/05/07 08:47:48,76,0.0160532146692276
2026/05/07 08:47:49,76,0.011971677653491497
2026/05/07 08:47:50,76,0.01208755187690258
2026/05/07 08:47:51,77,0.017406105995178223
2026/05/07 08:47:52,77,0.011459512636065483
2026/05/07 08:47:53,77,0.014546515420079231
2026/05/07 08:47:54,77,0.011389805935323238
2026/05/07 08:47:55,77,0.015886183828115463
2026/05/07 08:47:56,77,0.016930198296904564
2026/05/07 08:47:57,77,0.012798592448234558
2026/05/07 08:47:58,77,0.01188086997717619
2026/05/07 08:47:59,77,0.014884015545248985
2026/05/07 08:48:00,78,0.013829479925334454
2026/05/07 08:48:01,79,0.013122813776135445
2026/05/07 08:48:02,79,0.023384369909763336
2026/05/07 08:48:03,80,0.01146024465560913
2026/05/07 08:48:04,81,0.014060739427804947
2026/05/07 08:48:05,81,0.01796814426779747
2026/05/07 08:48:06,82,0.023168282583355904
2026/05/07 08:48:07,82,0.012592954561114311
2026/05/07 08:48:08,81,0.012584475800395012
2026/05/07 08:48:09,81,0.01477866992354393
2026/05/07 08:48:10,81,0.013422545976936817
2026/05/07 08:48:11,81,0.02534434013068676
2026/05/07 08:48:12,81,0.011346771381795406
2026/05/07 08:48:13,80,0.01184655912220478
2026/05/07 08:48:14,80,0.03636028990149498
2026/05/07 08:48:15,80,0.014370143413543701
2026/05/07 08:48:16,80,0.010915248654782772
2026/05/07 08:48:17,80,0.02417854778468609
2026/05/07 08:48:18,79,0.012261749245226383
2026/05/07 08:48:19,80,0.011949651874601841
2026/05/07 08:48:20,80,0.012671738862991333
2026/05/07 08:48:21,80,0.018214646726846695
2026/05/07 08:48:22,80,0.011975561268627644
2026/05/07 08:48:23,80,0.011686520650982857
2026/05/07 08:48:24,80,0.032379478216171265
2026/05/07 08:48:25,80,0.017730562016367912
2026/05/07 08:48:26,80,0.012420318089425564
2026/05/07 08:48:27,80,0.02146024815738201
2026/05/07 08:48:28,80,0.019455410540103912
2026/05/07 08:48:29,80,0.011404629796743393
2026/05/07 08:48:30,79,0.011706171557307243
2026/05/07 08:48:31,79,0.014814270660281181
2026/05/07 08:48:32,79,0.03391918167471886
2026/05/07 08:48:33,80,0.014696941711008549
2026/05/07 08:48:34,80,0.012606733478605747
2026/05/07 08:48:35,80,0.02305706776678562
2026/05/07 08:48:36,80,0.012725754640996456
2026/05/07 08:48:37,80,0.01259677391499281
2026/05/07 08:48:38,80,0.013371696695685387
2026/05/07 08:48:39,80,0.01571466214954853
2026/05/07 08:48:40,80,0.012174989096820354
2026/05/07 08:48:41,80,0.01166503969579935
2026/05/07 08:48:42,79,0.021044014021754265
2026/05/07 08:48:43,79,0.013234742917120457
2026/05/07 08:48:44,79,0.013981464318931103
2026/05/07 08:48:45,79,0.014065878465771675
2026/05/07 08:48:46,79,0.016894549131393433
2026/05/07 08:48:47,79,0.01556758675724268
2026/05/07 08:48:48,79,0.011943493038415909
2026/05/07 08:48:49,79,0.009998682886362076
2026/05/07 08:48:50,79,0.09010816365480423
2026/05/07 08:48:51,79,0.15868611633777618
2026/05/07 08:48:52,79,0.28453126549720764
2026/05/07 08:48:53,79,0.19682040810585022
2026/05/07 08:48:54,80,0.12143911421298981
2026/05/07 08:48:55,80,0.10875146836042404
2026/05/07 08:48:56,80,0.10020817816257477
2026/05/07 08:48:57,80,0.09516152739524841
2026/05/07 08:48:58,81,0.08564397692680359
2026/05/07 08:48:59,81,0.07312926650047302
2026/05/07 08:49:00,81,0.08225595951080322
2026/05/07 08:49:01,81,0.06548183411359787
2026/05/07 08:49:02,81,0.0768754854798317
2026/05/07 08:49:03,81,0.07961194217205048
2026/05/07 08:49:04,80,0.06130266562104225
2026/05/07 08:49:05,80,0.07112185657024384
2026/05/07 08:49:06,80,0.09516352415084839
2026/05/07 08:49:07,79,0.1141023188829422
2026/05/07 08:49:08,78,0.051465295255184174
2026/05/07 08:49:09,79,0.14156098663806915
2026/05/07 08:49:10,80,0.029077591374516487
2026/05/07 08:49:11,82,0.06577061116695404
2026/05/07 08:49:12,83,0.08762975037097931
2026/05/07 08:49:13,84,0.05756226181983948
2026/05/07 08:49:14,85,0.047501470893621445
2026/05/07 08:49:15,86,0.05267826095223427
2026/05/07 08:49:16,87,0.04078023508191109
2026/05/07 08:49:17,88,0.04382229223847389
2026/05/07 08:49:18,89,0.06841354072093964
2026/05/07 08:49:19,90,0.11715840548276901
2026/05/07 08:49:20,91,0.5297066569328308
2026/05/07 08:49:21,93,0.2490408718585968
2026/05/07 08:49:22,94,0.29969993233680725
2026/05/07 08:49:23,94,0.18769142031669617
2026/05/07 08:49:24,93,0.20526224374771118
2026/05/07 08:49:25,93,0.11838898807764053
2026/05/07 08:49:26,93,0.0663398951292038
2026/05/07 08:49:27,93,0.13556842505931854
2026/05/07 08:49:28,93,0.10841963440179825
2026/05/07 08:49:29,93,0.18849660456180573
2026/05/07 08:49:30,93,0.1265750229358673
2026/05/07 08:49:31,93,0.06683051586151123
2026/05/07 08:49:32,93,0.17090070247650146
2026/05/07 08:49:33,92,0.3554582893848419
2026/05/07 08:49:34,92,0.12289366126060486
2026/05/07 08:49:35,92,0.09071501344442368
2026/05/07 08:49:36,93,0.0915241539478302
2026/05/07 08:49:37,93,0.08763135224580765
2026/05/07 08:49:38,93,0.08940649032592773
2026/05/07 08:49:39,93,0.089511938393116
2026/05/07 08:49:40,93,0.10314138233661652
2026/05/07 08:49:41,93,0.08629544079303741
2026/05/07 08:49:42,93,0.131661057472229
2026/05/07 08:49:43,94,0.23388826847076416
2026/05/07 08:49:44,94,0.35709041357040405
2026/05/07 08:49:45,94,0.15582937002182007
2026/05/07 08:49:46,95,0.07621632516384125
2026/05/07 08:49:47,96,0.10515265166759491
2026/05/07 08:49:48,98,0.13748064637184143
2026/05/07 08:49:49,99,0.17613732814788818
2026/05/07 08:49:50,100,0.2035388946533203
2026/05/07 08:49:51,100,0.24881252646446228
2026/05/07 08:49:52,101,0.5562072992324829
2026/05/07 08:49:53,101,0.13253949582576752
2026/05/07 08:49:54,101,0.21070876717567444
2026/05/07 08:49:55,101,0.10077529400587082
2026/05/07 08:49:56,101,0.051725294440984726
2026/05/07 08:49:57,100,0.1035543829202652
2026/05/07 08:49:58,100,0.06808111071586609
2026/05/07 08:49:59,100,0.08322399854660034
2026/05/07 08:50:00,100,0.0774153396487236
2026/05/07 08:50:01,100,0.09035255759954453
2026/05/07 08:50:02,99,0.11517834663391113
2026/05/07 08:50:03,99,0.07791879028081894
2026/05/07 08:50:04,99,0.04973439872264862
2026/05/07 08:50:05,99,0.04439302906394005
2026/05/07 08:50:06,100,0.06153655797243118
2026/05/07 08:50:07,100,0.0317259281873703
2026/05/07 08:50:08,100,0.12028476595878601
2026/05/07 08:50:09,100,0.17502307891845703
2026/05/07 08:50:10,100,0.23741358518600464
2026/05/07 08:50:11,100,0.05036676675081253
2026/05/07 08:50:12,100,0.08620741963386536
2026/05/07 08:50:13,100,0.09974507987499237
2026/05/07 08:50:14,101,0.11509215086698532
2026/05/07 08:50:15,101,0.045018959790468216
2026/05/07 08:50:16,102,0.06520286202430725
2026/05/07 08:50:17,102,0.05877498537302017
2026/05/07 08:50:18,103,0.0793386846780777
2026/05/07 08:50:19,104,0.08516872674226761
2026/05/07 08:50:20,104,0.11839021742343903
2026/05/07 08:50:21,105,0.07559825479984283
2026/05/07 08:50:22,105,0.2354235053062439
2026/05/07 08:50:23,105,0.13773459196090698
2026/05/07 08:50:24,105,0.07354110479354858
2026/05/07 08:50:25,105,0.08231843262910843
2026/05/07 08:50:26,105,0.09763224422931671
2026/05/07 08:50:27,106,0.07831861823797226
2026/05/07 08:50:28,106,0.06696531921625137
2026/05/07 08:50:29,105,0.05753561854362488
2026/05/07 08:50:30,105,0.06803752481937408
2026/05/07 08:50:31,104,0.06205006688833237
2026/05/07 08:50:32,103,0.07472285628318787
2026/05/07 08:50:33,102,0.11002957820892334
2026/05/07 08:50:34,102,0.10422462970018387
2026/05/07 08:50:35,102,0.06272011250257492
2026/05/07 08:50:36,103,0.024291951209306717
2026/05/07 08:50:37,103,0.026745541021227837
2026/05/07 08:50:38,103,0.023298492655158043
2026/05/07 08:50:39,103,0.02747383341193199
2026/05/07 08:50:40,104,0.023270808160305023
2026/05/07 08:50:41,104,0.1683955043554306
2026/05/07 08:50:42,105,0.11831074208021164
2026/05/07 08:50:43,105,0.061995141208171844
2026/05/07 08:50:44,105,0.05638972297310829
2026/05/07 08:50:45,105,0.054426368325948715
2026/05/07 08:50:46,105,0.05359167605638504
2026/05/07 08:50:47,104,0.053054120391607285
2026/05/07 08:50:48,104,0.05427343770861626
2026/05/07 08:50:49,104,0.0513547919690609
2026/05/07 08:50:50,103,0.05484578013420105
2026/05/07 08:50:51,102,0.07776358723640442
2026/05/07 08:50:52,102,0.0452955923974514
2026/05/07 08:50:53,102,0.054148994386196136
2026/05/07 08:50:54,102,0.08988355100154877
2026/05/07 08:50:55,103,0.11166682094335556
2026/05/07 08:50:56,103,0.08322980999946594
2026/05/07 08:50:57,103,0.060578811913728714
2026/05/07 08:50:58,104,0.1317564696073532
2026/05/07 08:50:59,104,0.31167569756507874
2026/05/07 08:51:00,105,0.27076447010040283
2026/05/07 08:51:01,104,0.16513538360595703
2026/05/07 08:51:02,103,0.21753829717636108
2026/05/07 08:51:03,103,0.048033807426691055
2026/05/07 08:51:04,102,0.027251485735177994
2026/05/07 08:51:05,103,0.027209119871258736
2026/05/07 08:51:06,103,0.028918717056512833
2026/05/07 08:51:07,103,0.02742960676550865
2026/05/07 08:51:08,103,0.027134671807289124
2026/05/07 08:51:09,103,0.10861196368932724
2026/05/07 08:51:10,104,0.1577501744031906
2026/05/07 08:51:11,104,0.1036621630191803
2026/05/07 08:51:12,105,0.13035981357097626
2026/05/07 08:51:13,107,0.014977066777646542
2026/05/07 08:51:14,108,0.01293706614524126
2026/05/07 08:51:15,107,0.03267286717891693
2026/05/07 08:51:16,107,0.059288449585437775
2026/05/07 08:51:17,107,0.03244692459702492
2026/05/07 08:51:18,106,0.021556295454502106
2026/05/07 08:51:19,106,0.0210612453520298
2026/05/07 08:51:20,105,0.022750690579414368
2026/05/07 08:51:21,105,0.022387752309441566
2026/05/07 08:51:22,105,0.022737428545951843
2026/05/07 08:51:23,105,0.02244902029633522
2026/05/07 08:51:24,105,0.02364344336092472
2026/05/07 08:51:25,105,0.022727306932210922
2026/05/07 08:51:26,105,0.023745661601424217
2026/05/07 08:51:27,104,0.02484007738530636
2026/05/07 08:51:28,104,0.024109872058033943
2026/05/07 08:51:29,103,0.02669813483953476
2026/05/07 08:51:30,102,0.04125893488526344
2026/05/07 08:51:31,101,0.02445131354033947
2026/05/07 08:51:32,101,0.023479606956243515
2026/05/07 08:51:33,100,0.02428159862756729
2026/05/07 08:51:34,99,0.024960290640592575
2026/05/07 08:51:35,97,0.1148778572678566
2026/05/07 08:51:36,95,0.15063752233982086
2026/05/07 08:51:37,92,0.03861409053206444
2026/05/07 08:51:38,89,0.035743050277233124
2026/05/07 08:51:39,88,0.057406894862651825
2026/05/07 08:51:40,87,0.06079135835170746
2026/05/07 08:51:41,87,0.07828640937805176
2026/05/07 08:51:42,87,0.04773686081171036
2026/05/07 08:51:43,87,0.039016399532556534
2026/05/07 08:51:44,88,0.03476585075259209
2026/05/07 08:51:45,88,0.03471481427550316
2026/05/07 08:51:46,88,0.033486101776361465
2026/05/07 08:51:47,88,0.034212302416563034
2026/05/07 08:51:48,89,0.05368499830365181
2026/05/07 08:51:49,89,0.04127370938658714
2026/05/07 08:51:50,89,0.03944612666964531
2026/05/07 08:51:51,89,0.03655114397406578
2026/05/07 08:51:52,90,0.03824443742632866
2026/05/07 08:51:53,90,0.03710528835654259
2026/05/07 08:51:54,90,0.03801698982715607
2026/05/07 08:51:55,90,0.03583774343132973
2026/05/07 08:51:56,89,0.03689832612872124
2026/05/07 08:51:57,89,0.035677470266819
2026/05/07 08:51:58,89,0.035665031522512436
2026/05/07 08:51:59,89,0.037437554448843
2026/05/07 08:52:00,89,0.0365886464715004
2026/05/07 08:52:01,89,0.03635561838746071
2026/05/07 08:52:02,89,0.03706352785229683
2026/05/07 08:52:03,89,0.03622389957308769
2026/05/07 08:52:04,89,0.03682617098093033
2026/05/07 08:52:05,89,0.03803972899913788
2026/05/07 08:52:06,88,0.03693406656384468
2026/05/07 08:52:07,88,0.03692355379462242
2026/05/07 08:52:08,87,0.040506042540073395
2026/05/07 08:52:09,86,0.08536310493946075
2026/05/07 08:52:10,85,0.08617637306451797
2026/05/07 08:52:11,81,0.0658121407032013
2026/05/07 08:52:12,79,0.1033993735909462
2026/05/07 08:52:13,77,0.08953201770782471
2026/05/07 08:52:14,75,0.07962243258953094
2026/05/07 08:52:15,74,0.03302988409996033
2026/05/07 08:52:16,73,0.05962057039141655
2026/05/07 08:52:17,72,0.052356474101543427
2026/05/07 08:52:18,71,0.086485356092453
2026/05/07 08:52:19,72,0.05295783653855324
2026/05/07 08:52:20,72,0.05858907103538513
2026/05/07 08:52:21,73,0.0878572016954422
2026/05/07 08:52:22,73,0.09042056649923325
2026/05/07 08:52:23,73,0.0380842424929142
2026/05/07 08:52:24,74,0.027314443141222
2026/05/07 08:52:25,74,0.10355820506811142
2026/05/07 08:52:26,74,0.03525416925549507
2026/05/07 08:52:27,74,0.03213738650083542
2026/05/07 08:52:28,74,0.03690025210380554
2026/05/07 08:52:29,74,0.02639908902347088
2026/05/07 08:52:30,74,0.022034475579857826
2026/05/07 08:52:31,75,0.03307076543569565
2026/05/07 08:52:32,75,0.027821190655231476
2026/05/07 08:52:33,76,0.025921203196048737
2026/05/07 08:52:34,76,0.022512154653668404
2026/05/07 08:52:35,77,0.022092180326581
2026/05/07 08:52:36,78,0.022984681650996208
2026/05/07 08:52:37,78,0.04460936784744263
2026/05/07 08:52:38,79,0.06403010338544846
2026/05/07 08:52:39,79,0.1001148521900177
2026/05/07 08:52:40,79,0.036945194005966187
2026/05/07 08:52:41,79,0.09031478315591812
2026/05/07 08:52:42,79,0.006104752887040377
2026/05/07 08:52:43,79,0.005353155080229044
2026/05/07 08:52:44,80,0.005836367141455412
2026/05/07 08:52:45,80,0.005564428400248289
2026/05/07 08:52:46,80,0.005036848597228527
2026/05/07 08:52:47,80,0.005759131629019976
2026/05/07 08:52:48,79,0.008376244455575943
2026/05/07 08:52:49,79,0.008276074193418026
2026/05/07 08:52:50,79,0.06007469817996025
2026/05/07 08:52:51,80,0.01780031807720661
2026/05/07 08:52:52,80,0.014855977147817612
2026/05/07 08:52:53,80,0.010005130432546139
2026/05/07 08:52:54,80,0.012292220257222652
2026/05/07 08:52:55,79,0.01121456827968359
2026/05/07 08:52:56,79,0.008825830183923244
2026/05/07 08:52:57,79,0.010027119889855385
2026/05/07 08:52:58,79,0.01027827151119709
2026/05/07 08:52:59,78,0.009008089080452919
2026/05/07 08:53:00,77,0.009073961526155472
2026/05/07 08:53:01,78,0.010909431613981724
2026/05/07 08:53:02,79,0.0088665671646595
2026/05/07 08:53:03,80,0.00987935345619917
2026/05/07 08:53:04,80,0.00881906971335411
2026/05/07 08:53:05,80,0.010738295502960682
2026/05/07 08:53:06,80,0.011363089084625244
2026/05/07 08:53:07,79,0.023281846195459366
2026/05/07 08:53:08,79,0.012507295235991478
2026/05/07 08:53:09,78,0.010337169282138348
2026/05/07 08:53:10,78,0.010889017954468727
2026/05/07 08:53:11,77,0.009616320952773094
2026/05/07 08:53:12,76,0.008884582668542862
2026/05/07 08:53:13,75,0.011651595123112202
2026/05/07 08:53:14,74,0.01018582098186016
2026/05/07 08:53:15,74,0.06156472861766815
2026/05/07 08:53:16,74,0.09009464085102081
2026/05/07 08:53:17,74,0.09711852669715881
2026/05/07 08:53:18,75,0.09725625067949295
2026/05/07 08:53:19,74,0.08334862440824509
2026/05/07 08:53:20,74,0.1614159792661667
2026/05/07 08:53:21,74,0.16232478618621826
2026/05/07 08:53:22,74,0.03578443452715874
2026/05/07 08:53:23,73,0.03521152213215828
2026/05/07 08:53:24,73,0.028979036957025528
2026/05/07 08:53:25,72,0.028724709525704384
2026/05/07 08:53:26,72,0.02819373458623886
2026/05/07 08:53:27,72,0.026598649099469185
2026/05/07 08:53:28,73,0.02830255590379238
2026/05/07 08:53:29,73,0.026204979047179222
2026/05/07 08:53:30,74,0.026291389018297195
2026/05/07 08:53:31,73,0.02657228894531727
2026/05/07 08:53:32,73,0.02828734926879406
2026/05/07 08:53:33,73,0.06228538602590561
2026/05/07 08:53:34,73,0.16072119772434235
2026/05/07 08:53:35,73,0.12053725123405457
2026/05/07 08:53:36,74,0.16677060723304749
2026/05/07 08:53:37,73,0.36472007632255554
2026/05/07 08:53:38,73,0.22231866419315338
2026/05/07 08:53:39,73,0.09887255728244781
2026/05/07 08:53:40,74,0.05762915685772896
2026/05/07 08:53:41,74,0.07762220501899719
2026/05/07 08:53:42,75,0.08731182664632797
2026/05/07 08:53:43,75,0.08986179530620575
2026/05/07 08:53:44,74,0.08463393151760101
2026/05/07 08:53:45,74,0.25608253479003906
2026/05/07 08:53:46,75,0.09561648964881897
2026/05/07 08:53:47,74,0.14751121401786804
2026/05/07 08:53:48,74,0.10081113129854202
2026/05/07 08:53:49,75,0.07983993738889694
2026/05/07 08:53:50,75,0.05118916183710098
2026/05/07 08:53:51,75,0.11631834506988525
2026/05/07 08:53:52,75,0.12874768674373627
2026/05/07 08:53:53,76,0.17217829823493958
2026/05/07 08:53:54,76,0.1093246266245842
2026/05/07 08:53:55,77,0.07889636605978012
2026/05/07 08:53:56,78,0.1233525276184082
2026/05/07 08:53:57,78,0.05575067177414894
2026/05/07 08:53:58,79,0.03120156191289425
2026/05/07 08:53:59,80,0.05826156958937645
2026/05/07 08:54:00,81,0.04088262468576431
2026/05/07 08:54:01,81,0.05055231228470802
2026/05/07 08:54:02,81,0.0807342678308487
2026/05/07 08:54:03,81,0.05545898526906967
2026/05/07 08:54:04,81,0.13713496923446655
2026/05/07 08:54:05,82,0.10600504279136658
2026/05/07 08:54:06,82,0.1287878155708313
2026/05/07 08:54:07,82,0.11706974357366562
2026/05/07 08:54:08,82,0.0976119339466095
2026/05/07 08:54:09,82,0.08526846766471863
2026/05/07 08:54:10,81,0.1510421633720398
2026/05/07 08:54:11,81,0.12218458950519562
2026/05/07 08:54:12,81,0.07453665137290955
2026/05/07 08:54:13,81,0.0676787719130516
2026/05/07 08:54:14,81,0.05011942982673645
2026/05/07 08:54:15,82,0.030149297788739204
2026/05/07 08:54:16,82,0.029668467119336128
2026/05/07 08:54:17,83,0.029558010399341583
2026/05/07 08:54:18,83,0.029803050681948662
2026/05/07 08:54:19,83,0.029418913647532463
2026/05/07 08:54:20,83,0.029907137155532837
2026/05/07 08:54:21,84,0.028841491788625717
2026/05/07 08:54:22,84,0.029314907267689705
2026/05/07 08:54:23,84,0.02869606204330921
2026/05/07 08:54:24,84,0.02954418770968914
2026/05/07 08:54:25,83,0.030212102457880974
2026/05/07 08:54:26,83,0.030300991609692574
2026/05/07 08:54:27,83,0.030146341770887375
2026/05/07 08:54:28,82,0.02957089990377426
2026/05/07 08:54:29,82,0.030256083235144615
2026/05/07 08:54:30,81,0.03008054383099079
2026/05/07 08:54:31,80,0.02941163443028927
2026/05/07 08:54:32,80,0.033045969903469086
2026/05/07 08:54:33,80,0.04610969498753548
2026/05/07 08:54:34,79,0.058073610067367554
2026/05/07 08:54:35,79,0.063332200050354
2026/05/07 08:54:36,79,0.12806124985218048
2026/05/07 08:54:37,78,0.09467999637126923
2026/05/07 08:54:38,78,0.05857296288013458
2026/05/07 08:54:39,77,0.08692433685064316
2026/05/07 08:54:40,77,0.0732591450214386
2026/05/07 08:54:41,77,0.07497219741344452
2026/05/07 08:54:42,76,0.10320402681827545
2026/05/07 08:54:43,77,0.296233206987381
2026/05/07 08:54:44,77,0.05917249992489815
2026/05/07 08:54:45,77,0.13272574543952942
2026/05/07 08:54:46,77,0.13006578385829926
2026/05/07 08:54:47,77,0.08866778016090393
2026/05/07 08:54:48,78,0.06815911829471588
2026/05/07 08:54:49,79,0.07857882231473923
2026/05/07 08:54:50,79,0.10696876049041748
2026/05/07 08:54:51,80,0.08462629467248917
2026/05/07 08:54:52,80,0.06723476946353912
2026/05/07 08:54:53,80,0.044162049889564514
2026/05/07 08:54:54,80,0.044761937111616135
2026/05/07 08:54:55,80,0.04326707124710083
2026/05/07 08:54:56,80,0.03695279359817505
2026/05/07 08:54:57,81,0.03754466027021408
2026/05/07 08:54:58,82,0.03738761320710182
2026/05/07 08:54:59,82,0.0406685546040535
2026/05/07 08:55:00,81,0.06596016138792038
2026/05/07 08:55:01,81,0.11469972878694534
2026/05/07 08:55:02,81,0.10351196676492691
2026/05/07 08:55:03,81,0.05263412743806839
2026/05/07 08:55:04,81,0.10035666078329086
2026/05/07 08:55:05,81,0.14490342140197754
2026/05/07 08:55:06,81,0.09484875202178955
2026/05/07 08:55:07,82,0.10628310590982437
2026/05/07 08:55:08,82,0.05415261164307594
2026/05/07 08:55:09,82,0.0668683722615242
2026/05/07 08:55:10,82,0.0756845697760582
2026/05/07 08:55:11,81,0.21781247854232788
2026/05/07 08:55:12,81,0.059578828513622284
2026/05/07 08:55:13,81,0.06286799162626266
2026/05/07 08:55:14,80,0.0405159592628479
2026/05/07 08:55:15,79,0.042855117470026016
2026/05/07 08:55:16,78,0.040442995727062225
2026/05/07 08:55:17,78,0.039748404175043106
2026/05/07 08:55:18,77,0.08807422965765
2026/05/07 08:55:19,77,0.05369734391570091
2026/05/07 08:55:20,77,0.05409485846757889
2026/05/07 08:55:21,77,0.10049089789390564
2026/05/07 08:55:22,77,0.02586442418396473
2026/05/07 08:55:23,77,0.019932741299271584
2026/05/07 08:55:24,77,0.019451512023806572
2026/05/07 08:55:25,77,0.01910349540412426
2026/05/07 08:55:26,77,0.018020231276750565
2026/05/07 08:55:27,77,0.01805466040968895
2026/05/07 08:55:28,77,0.018433203920722008
2026/05/07 08:55:29,78,0.01842978596687317
2026/05/07 08:55:30,78,0.017868144437670708
2026/05/07 08:55:31,79,0.018132461234927177
2026/05/07 08:55:32,80,0.018061785027384758
2026/05/07 08:55:33,81,0.01823519915342331
2026/05/07 08:55:34,81,0.018166283145546913
2026/05/07 08:55:35,81,0.017960304394364357
2026/05/07 08:55:36,81,0.0181479100137949
2026/05/07 08:55:37,81,0.01857893541455269
2026/05/07 08:55:38,81,0.01895776577293873
2026/05/07 08:55:39,80,0.018106946721673012
2026/05/07 08:55:40,80,0.018293824046850204
2026/05/07 08:55:41,79,0.01866641640663147
2026/05/07 08:55:42,78,0.01819439046084881
2026/05/07 08:55:43,77,0.018348626792430878
2026/05/07 08:55:44,76,0.018677163869142532
2026/05/07 08:55:45,75,0.01783047802746296
2026/05/07 08:55:46,74,0.0183414276689291
2026/05/07 08:55:47,73,0.018379295244812965
2026/05/07 08:55:48,72,0.01824798621237278
2026/05/07 08:55:49,72,0.01848861202597618
2026/05/07 08:55:50,71,0.017805596813559532
2026/05/07 08:55:51,71,0.018313823267817497
2026/05/07 08:55:52,71,0.018448546528816223
2026/05/07 08:55:53,71,0.018507255241274834
2026/05/07 08:55:54,71,0.01802259124815464
2026/05/07 08:55:55,71,0.01831592619419098
2026/05/07 08:55:56,72,0.01883574016392231
2026/05/07 08:55:57,72,0.01821283809840679
2026/05/07 08:55:58,72,0.018942350521683693
2026/05/07 08:55:59,71,0.018299797549843788
2026/05/07 08:56:00,71,0.01921575888991356
2026/05/07 08:56:01,71,0.01827099733054638
2026/05/07 08:56:02,71,0.01885455660521984
2026/05/07 08:56:03,72,0.018544357270002365
2026/05/07 08:56:04,72,0.017477218061685562
2026/05/07 08:56:05,73,0.01831517368555069
2026/05/07 08:56:06,73,0.017688127234578133
2026/05/07 08:56:07,73,0.017949292436242104
2026/05/07 08:56:08,74,0.018483083695173264
2026/05/07 08:56:09,73,0.01815139129757881
2026/05/07 08:56:10,73,0.018337218090891838
2026/05/07 08:56:11,72,0.018660904839634895
2026/05/07 08:56:12,72,0.01897161453962326
2026/05/07 08:56:13,72,0.018406521528959274
2026/05/07 08:56:14,71,0.018590886145830154
2026/05/07 08:56:15,71,0.018602102994918823
2026/05/07 08:56:16,71,0.018253128975629807
2026/05/07 08:56:17,71,0.01816409081220627
2026/05/07 08:56:18,71,0.018552036955952644
2026/05/07 08:56:19,70,0.017996789887547493
2026/05/07 08:56:20,69,0.017856428399682045
2026/05/07 08:56:21,68,0.01887809857726097
2026/05/07 08:56:22,68,0.018996145576238632
2026/05/07 08:56:23,68,0.019217906519770622
2026/05/07 08:56:24,68,0.01815851964056492
2026/05/07 08:56:25,69,0.019254878163337708
2026/05/07 08:56:26,70,0.019436510279774666
2026/05/07 08:56:27,70,0.01814248599112034
2026/05/07 08:56:28,70,0.0184544138610363
2026/05/07 08:56:29,70,0.018518827855587006
2026/05/07 08:56:30,70,0.01867499016225338
2026/05/07 08:56:31,70,0.018548868596553802
2026/05/07 08:56:32,69,0.01833336427807808
2026/05/07 08:56:33,68,0.018804535269737244
2026/05/07 08:56:34,68,0.018757348880171776
2026/05/07 08:56:35,67,0.019207673147320747
2026/05/07 08:56:36,66,0.019228918477892876
2026/05/07 08:56:37,65,0.019051073119044304
2026/05/07 08:56:38,65,0.019059186801314354
2026/05/07 08:56:39,65,0.018420694395899773
2026/05/07 08:56:40,65,0.019363192841410637
2026/05/07 08:56:41,66,0.018740268424153328
2026/05/07 08:56:42,66,0.019264182075858116
2026/05/07 08:56:43,67,0.01924639567732811
2026/05/07 08:56:44,68,0.019335390999913216
2026/05/07 08:56:45,69,0.01911955513060093
2026/05/07 08:56:46,70,0.018867963925004005
2026/05/07 08:56:47,70,0.01879798248410225
2026/05/07 08:56:48,70,0.019471505656838417
2026/05/07 08:56:49,70,0.0190624687820673
2026/05/07 08:56:50,69,0.019776178523898125
2026/05/07 08:56:51,69,0.0196063295006752
2026/05/07 08:56:52,69,0.019174322485923767
2026/05/07 08:56:53,70,0.019992217421531677
2026/05/07 08:56:54,70,0.01938994787633419
2026/05/07 08:56:55,71,0.019800079986453056
2026/05/07 08:56:56,72,0.019313903525471687
2026/05/07 08:56:57,73,0.01909748651087284
2026/05/07 08:56:58,74,0.01993170566856861
2026/05/07 08:56:59,74,0.019880538806319237
2026/05/07 08:57:00,75,0.02055518329143524
2026/05/07 08:57:01,74,0.019422180950641632
2026/05/07 08:57:02,74,0.020849546417593956
2026/05/07 08:57:03,73,0.02073059231042862
2026/05/07 08:57:04,72,0.01964355818927288
2026/05/07 08:57:05,71,0.02002507820725441
2026/05/07 08:57:06,70,0.02044559083878994
2026/05/07 08:57:07,69,0.01993781514465809
2026/05/07 08:57:08,68,0.019727319478988647
2026/05/07 08:57:09,68,0.019740715622901917
2026/05/07 08:57:10,67,0.020328687503933907
2026/05/07 08:57:11,66,0.01959902234375477
2026/05/07 08:57:12,66,0.019050203263759613
2026/05/07 08:57:13,65,0.05931070074439049
2026/05/07 08:57:14,65,0.03341030329465866
2026/05/07 08:57:15,65,0.04325072467327118
2026/05/07 08:57:16,65,0.06090247258543968
2026/05/07 08:57:17,65,0.03171256184577942
2026/05/07 08:57:18,65,0.01170891523361206
2026/05/07 08:57:19,66,0.01161794364452362
2026/05/07 08:57:20,66,0.01128173153847456
2026/05/07 08:57:21,66,0.01216394454240799
2026/05/07 08:57:22,67,0.011782161891460419
2026/05/07 08:57:23,68,0.013029017485678196
2026/05/07 08:57:24,69,0.0403611846268177
2026/05/07 08:57:25,71,0.06554271280765533
2026/05/07 08:57:26,72,0.04569988697767258
2026/05/07 08:57:27,72,0.07660967111587524
2026/05/07 08:57:28,72,0.09125757962465286
2026/05/07 08:57:29,71,0.03402038291096687
2026/05/07 08:57:30,70,0.03477645292878151
2026/05/07 08:57:31,69,0.03599612042307854
2026/05/07 08:57:32,68,0.05330626294016838
2026/05/07 08:57:33,67,0.1526559293270111
2026/05/07 08:57:34,67,0.08607465773820877
2026/05/07 08:57:35,67,0.01791732758283615
2026/05/07 08:57:36,66,0.016427364200353622
2026/05/07 08:57:37,67,0.011668997816741467
2026/05/07 08:57:38,67,0.011909829452633858
2026/05/07 08:57:39,68,0.10466300696134567
2026/05/07 08:57:40,69,0.07539049535989761
2026/05/07 08:57:41,70,0.1629943698644638
2026/05/07 08:57:42,72,0.13810044527053833
2026/05/07 08:57:43,73,0.09414409846067429
2026/05/07 08:57:44,75,0.04725491628050804
2026/05/07 08:57:45,76,0.01014198362827301
2026/05/07 08:57:46,77,0.0053230454213917255
2026/05/07 08:57:47,78,0.004231729079037905
2026/05/07 08:57:48,79,0.003811795962974429
2026/05/07 08:57:49,79,0.0043380544520914555
2026/05/07 08:57:50,79,0.004125731065869331
2026/05/07 08:57:51,79,0.003943435847759247
2026/05/07 08:57:52,79,0.004065930377691984
2026/05/07 08:57:53,80,0.003965094219893217
2026/05/07 08:57:54,81,0.004133385140448809
2026/05/07 08:57:55,81,0.0048526013270020485
2026/05/07 08:57:56,81,0.004845202900469303
2026/05/07 08:57:57,80,0.0043878499418497086
2026/05/07 08:57:58,80,0.004345412366092205
2026/05/07 08:57:59,79,0.0046264114789664745
2026/05/07 08:58:00,78,0.004998503252863884
2026/05/07 08:58:01,77,0.00416484335437417
2026/05/07 08:58:02,76,0.004682651720941067
2026/05/07 08:58:03,75,0.00444025220349431
2026/05/07 08:58:04,74,0.004327903967350721
2026/05/07 08:58:05,73,0.005295462906360626
2026/05/07 08:58:06,73,0.0040785763412714005
2026/05/07 08:58:07,72,0.004086703527718782
2026/05/07 08:58:08,72,0.0048025911673903465
2026/05/07 08:58:09,72,0.004874262027442455
2026/05/07 08:58:10,72,0.0036008113529533148
2026/05/07 08:58:11,72,0.003498328849673271
2026/05/07 08:58:12,73,0.004713750444352627
2026/05/07 08:58:13,73,0.004638828802853823
2026/05/07 08:58:14,73,0.003986059688031673
2026/05/07 08:58:15,72,0.02187126874923706
2026/05/07 08:58:16,72,0.005148700438439846
2026/05/07 08:58:17,71,0.0064818537794053555
2026/05/07 08:58:18,71,0.03324265778064728
2026/05/07 08:58:19,70,0.03349655494093895
2026/05/07 08:58:20,70,0.0077224187552928925
2026/05/07 08:58:21,69,0.008785612881183624
2026/05/07 08:58:22,69,0.005996257998049259
2026/05/07 08:58:23,69,0.006142995785921812
2026/05/07 08:58:24,69,0.005272706970572472
2026/05/07 08:58:25,69,0.005806383211165667
2026/05/07 08:58:26,69,0.00519635109230876
2026/05/07 08:58:27,69,0.0055394526571035385
2026/05/07 08:58:28,70,0.006042350083589554
2026/05/07 08:58:29,70,0.0054339449852705
2026/05/07 08:58:30,71,0.00515493331477046
2026/05/07 08:58:31,71,0.004707793705165386
2026/05/07 08:58:32,71,0.005033258814364672
2026/05/07 08:58:33,71,0.004914541263133287
2026/05/07 08:58:34,71,0.005117821041494608
2026/05/07 08:58:35,70,0.004802800714969635
2026/05/07 08:58:36,70,0.00465899333357811
2026/05/07 08:58:37,69,0.005762028507888317
2026/05/07 08:58:38,69,0.004669274669140577
2026/05/07 08:58:39,68,0.004819959402084351
2026/05/07 08:58:40,68,0.005349137354642153
2026/05/07 08:58:41,67,0.004850757773965597
2026/05/07 08:58:42,67,0.005329872015863657
2026/05/07 08:58:43,66,0.005305922590196133
2026/05/07 08:58:44,66,0.005040641408413649
2026/05/07 08:58:45,66,0.004685272462666035
2026/05/07 08:58:46,66,0.004390659276396036
2026/05/07 08:58:47,66,0.004836404696106911
2026/05/07 08:58:48,67,0.004379468038678169
2026/05/07 08:58:49,67,0.004923667758703232
2026/05/07 08:58:50,67,0.00506061315536499
2026/05/07 08:58:51,67,0.004559771157801151
2026/05/07 08:58:52,68,0.004913439974188805
2026/05/07 08:58:53,68,0.005000260658562183
2026/05/07 08:58:54,68,0.0047567300498485565
2026/05/07 08:58:55,68,0.004500879440456629
2026/05/07 08:58:56,69,0.0046256841160357
2026/05/07 08:58:57,69,0.004536849912256002
2026/05/07 08:58:58,68,0.006186968646943569
2026/05/07 08:58:59,68,0.005875017028301954
2026/05/07 08:59:00,68,0.005673771724104881
2026/05/07 08:59:01,68,0.005320848897099495
2026/05/07 08:59:02,67,0.0126305827870965
2026/05/07 08:59:03,67,0.008773528970777988
2026/05/07 08:59:04,66,0.003958560060709715
2026/05/07 08:59:05,66,0.004057174548506737
2026/05/07 08:59:06,66,0.01601630449295044
2026/05/07 08:59:07,67,0.010853358544409275
2026/05/07 08:59:08,68,0.01189366914331913
2026/05/07 08:59:09,68,0.01161862537264824
2026/05/07 08:59:10,69,0.012106549926102161
2026/05/07 08:59:11,70,0.012792855501174927
2026/05/07 08:59:12,70,0.0151567617431283
2026/05/07 08:59:13,71,0.010197721421718597
2026/05/07 08:59:14,71,0.00574328750371933
2026/05/07 08:59:15,71,0.021940181031823158
2026/05/07 08:59:16,70,0.013707269914448261
2026/05/07 08:59:17,70,0.01004663947969675
2026/05/07 08:59:18,69,0.010637489147484303
2026/05/07 08:59:19,69,0.01030094362795353
2026/05/07 08:59:20,69,0.010917837731540203
2026/05/07 08:59:21,69,0.00953750591725111
2026/05/07 08:59:22,69,0.01025437843054533
2026/05/07 08:59:23,70,0.009828011505305767
2026/05/07 08:59:24,71,0.009375564754009247
2026/05/07 08:59:25,71,0.009397334419190884
2026/05/07 08:59:26,72,0.009667475707828999
2026/05/07 08:59:27,71,0.009832926094532013
2026/05/07 08:59:28,70,0.009133132174611092
2026/05/07 08:59:29,69,0.009188064374029636
2026/05/07 08:59:30,68,0.008504119701683521
2026/05/07 08:59:31,67,0.009341422468423843
2026/05/07 08:59:32,67,0.00950668565928936
2026/05/07 08:59:33,67,0.008947390131652355
2026/05/07 08:59:34,66,0.008405417203903198
2026/05/07 08:59:35,67,0.009363406337797642
2026/05/07 08:59:36,67,0.009057714603841305
2026/05/07 08:59:37,68,0.008968138135969639
2026/05/07 08:59:38,68,0.008822238072752953
2026/05/07 08:59:39,68,0.009134982712566853
2026/05/07 08:59:40,68,0.008859554305672646
2026/05/07 08:59:41,68,0.008415197022259235
2026/05/07 08:59:42,68,0.008142411708831787
2026/05/07 08:59:43,68,0.008749169297516346
2026/05/07 08:59:44,68,0.00856089685112238
2026/05/07 08:59:45,68,0.00891372561454773
2026/05/07 08:59:46,68,0.008961929008364677
2026/05/07 08:59:47,67,0.008706556633114815
2026/05/07 08:59:48,67,0.007861945778131485
2026/05/07 08:59:49,67,0.00867924652993679
2026/05/07 08:59:50,67,0.008659737184643745
2026/05/07 08:59:51,67,0.00898431334644556
2026/05/07 08:59:52,68,0.008352364413440228
2026/05/07 08:59:53,68,0.008009281009435654
2026/05/07 08:59:54,68,0.008792616426944733
2026/05/07 08:59:55,69,0.009136353619396687
2026/05/07 08:59:56,69,0.008500820957124233
2026/05/07 08:59:57,69,0.008470163680613041
2026/05/07 08:59:58,69,0.008311424404382706
2026/05/07 08:59:59,68,0.008167809806764126
2026/05/07 09:00:00,68,0.009046826511621475
2026/05/07 09:00:01,67,0.00826152041554451
2026/05/07 09:00:02,67,0.008043156936764717
2026/05/07 09:00:03,67,0.007965493947267532
2026/05/07 09:00:04,68,0.008450292982161045
2026/05/07 09:00:05,68,0.008843735791742802
2026/05/07 09:00:06,69,0.0074050151742994785
2026/05/07 09:00:07,70,0.009133567102253437
2026/05/07 09:00:08,71,0.009296000003814697
2026/05/07 09:00:09,70,0.008792980574071407
2026/05/07 09:00:10,70,0.00885063037276268
2026/05/07 09:00:11,70,0.008747908286750317
2026/05/07 09:00:12,69,0.007826521061360836
2026/05/07 09:00:13,69,0.008273782208561897
2026/05/07 09:00:14,69,0.007832715287804604
2026/05/07 09:00:15,69,0.007833555340766907
2026/05/07 09:00:16,69,0.007828112691640854
2026/05/07 09:00:17,69,0.007622743025422096
2026/05/07 09:00:18,69,0.008527812547981739
2026/05/07 09:00:19,69,0.007863957434892654
2026/05/07 09:00:20,69,0.007567252963781357
2026/05/07 09:00:21,69,0.008068101480603218
2026/05/07 09:00:22,69,0.008828126825392246
2026/05/07 09:00:23,69,0.008287203498184681
2026/05/07 09:00:24,68,0.008730615489184856
2026/05/07 09:00:25,68,0.007821139879524708
2026/05/07 09:00:26,68,0.008078706450760365
2026/05/07 09:00:27,67,0.007500246167182922
2026/05/07 09:00:28,66,0.008747491985559464
2026/05/07 09:00:29,65,0.007345634046941996
2026/05/07 09:00:30,65,0.007163530681282282
2026/05/07 09:00:31,65,0.007830396294593811
2026/05/07 09:00:32,65,0.00826539658010006
2026/05/07 09:00:33,65,0.007201797794550657
2026/05/07 09:00:34,65,0.0073207831010222435
2026/05/07 09:00:35,65,0.007395972032099962
2026/05/07 09:00:36,64,0.008155839517712593
2026/05/07 09:00:37,64,0.007548796944320202
2026/05/07 09:00:38,64,0.007528974208980799
2026/05/07 09:00:39,63,0.0075036343187093735
2026/05/07 09:00:40,63,0.007516900077462196
2026/05/07 09:00:41,63,0.007360977120697498
2026/05/07 09:00:42,63,0.007501834537833929
2026/05/07 09:00:43,63,0.00794992595911026
2026/05/07 09:00:44,63,0.007271495647728443
2026/05/07 09:00:45,63,0.007837572135031223
2026/05/07 09:00:46,63,0.01168155949562788
2026/05/07 09:00:47,64,0.008330238983035088
2026/05/07 09:00:48,65,0.00774013577029109
2026/05/07 09:00:49,65,0.006896904669702053
2026/05/07 09:00:50,66,0.006938344798982143
2026/05/07 09:00:51,67,0.006778316106647253
2026/05/07 09:00:52,67,0.0068287537433207035
2026/05/07 09:00:53,68,0.006675678305327892
2026/05/07 09:00:54,68,0.006788612809032202
2026/05/07 09:00:55,68,0.005971353035420179
2026/05/07 09:00:56,68,0.019112201407551765
2026/05/07 09:00:57,68,0.05974748730659485
2026/05/07 09:00:58,68,0.07767578959465027
2026/05/07 09:00:59,68,0.016687624156475067
2026/05/07 09:01:00,68,0.014963162131607533
2026/05/07 09:01:01,67,0.014621235430240631
2026/05/07 09:01:02,66,0.0214605163782835
2026/05/07 09:01:03,66,0.02140028215944767
2026/05/07 09:01:04,66,0.021390002220869064
2026/05/07 09:01:05,66,0.02180694229900837
2026/05/07 09:01:06,66,0.022374769672751427
2026/05/07 09:01:07,66,0.022603578865528107
2026/05/07 09:01:08,67,0.02164272777736187
2026/05/07 09:01:09,67,0.022618604823946953
2026/05/07 09:01:10,68,0.022589679807424545
2026/05/07 09:01:11,68,0.021924514323472977
2026/05/07 09:01:12,68,0.02245998941361904
2026/05/07 09:01:13,67,0.0220139529556036
2026/05/07 09:01:14,67,0.02242433838546276
2026/05/07 09:01:15,67,0.022068548947572708
2026/05/07 09:01:16,67,0.022309916093945503
2026/05/07 09:01:17,66,0.022155635058879852
2026/05/07 09:01:18,66,0.021664243191480637
2026/05/07 09:01:19,66,0.021901601925492287
2026/05/07 09:01:20,65,0.02197432518005371
2026/05/07 09:01:21,65,0.021986713632941246
2026/05/07 09:01:22,65,0.021816160529851913
2026/05/07 09:01:23,65,0.022253526374697685
2026/05/07 09:01:24,65,0.021864596754312515
2026/05/07 09:01:25,66,0.022391285747289658
2026/05/07 09:01:26,66,0.02223443053662777
2026/05/07 09:01:27,67,0.02176923304796219
2026/05/07 09:01:28,67,0.021741120144724846
2026/05/07 09:01:29,68,0.021498404443264008
2026/05/07 09:01:30,68,0.021698934957385063
2026/05/07 09:01:31,68,0.022050494328141212
2026/05/07 09:01:32,68,0.021471401676535606
2026/05/07 09:01:33,68,0.022201552987098694
2026/05/07 09:01:34,68,0.02158815786242485
2026/05/07 09:01:35,68,0.021412158384919167
2026/05/07 09:01:36,68,0.0217925775796175
2026/05/07 09:01:37,68,0.022169729694724083
2026/05/07 09:01:38,68,0.021232115104794502
2026/05/07 09:01:39,68,0.021180592477321625
2026/05/07 09:01:40,68,0.022314993664622307
2026/05/07 09:01:41,67,0.021725647151470184
2026/05/07 09:01:42,67,0.021219387650489807
2026/05/07 09:01:43,67,0.02134869620203972
2026/05/07 09:01:44,67,0.021423954516649246
2026/05/07 09:01:45,67,0.021301306784152985
2026/05/07 09:01:46,67,0.021805627271533012
2026/05/07 09:01:47,67,0.021620282903313637
2026/05/07 09:01:48,67,0.02120346762239933
2026/05/07 09:01:49,66,0.020925870165228844
2026/05/07 09:01:50,66,0.02116290293633938
2026/05/07 09:01:51,66,0.02073872834444046
2026/05/07 09:01:52,66,0.02133219502866268
2026/05/07 09:01:53,67,0.02084871008992195
2026/05/07 09:01:54,68,0.02131364680826664
2026/05/07 09:01:55,68,0.021069008857011795
2026/05/07 09:01:56,68,0.020933404564857483
2026/05/07 09:01:57,68,0.020839393138885498
2026/05/07 09:01:58,68,0.020725151523947716
2026/05/07 09:01:59,68,0.020916908979415894
2026/05/07 09:02:00,68,0.021471364423632622
2026/05/07 09:02:01,67,0.020835433155298233
2026/05/07 09:02:02,67,0.020369457080960274
2026/05/07 09:02:03,67,0.020390784367918968
2026/05/07 09:02:04,66,0.020233938470482826
2026/05/07 09:02:05,66,0.020416706800460815
2026/05/07 09:02:06,66,0.020273299887776375
2026/05/07 09:02:07,66,0.021356940269470215
2026/05/07 09:02:08,66,0.02073180489242077
2026/05/07 09:02:09,66,0.02054637484252453
2026/05/07 09:02:10,66,0.020706376060843468
2026/05/07 09:02:11,67,0.02012910693883896
2026/05/07 09:02:12,68,0.020275946706533432
2026/05/07 09:02:13,69,0.021442992612719536
2026/05/07 09:02:14,69,0.020874107256531715
2026/05/07 09:02:15,68,0.020884156227111816
2026/05/07 09:02:16,68,0.02127312682569027
2026/05/07 09:02:17,67,0.0208603385835886
2026/05/07 09:02:18,67,0.02082853391766548
2026/05/07 09:02:19,67,0.02103458158671856
2026/05/07 09:02:20,67,0.02054361253976822
2026/05/07 09:02:21,68,0.019965656101703644
2026/05/07 09:02:22,68,0.020604979246854782
2026/05/07 09:02:23,70,0.021106313914060593
2026/05/07 09:02:24,71,0.02181115932762623
2026/05/07 09:02:25,72,0.021523945033550262
2026/05/07 09:02:26,72,0.021557336673140526
2026/05/07 09:02:27,73,0.021206067875027657
2026/05/07 09:02:28,73,0.021972881630063057
2026/05/07 09:02:29,72,0.021174786612391472
2026/05/07 09:02:30,72,0.020928027108311653
2026/05/07 09:02:31,71,0.02190478704869747
2026/05/07 09:02:32,70,0.02135128527879715
2026/05/07 09:02:33,68,0.021324237808585167
2026/05/07 09:02:34,67,0.0218492578715086
2026/05/07 09:02:35,66,0.02155487611889839
2026/05/07 09:02:36,65,0.021303677931427956
2026/05/07 09:02:37,65,0.021231643855571747
2026/05/07 09:02:38,64,0.02081899903714657
2026/05/07 09:02:39,64,0.020644795149564743
2026/05/07 09:02:40,64,0.020508574321866035
2026/05/07 09:02:41,64,0.020738400518894196
2026/05/07 09:02:42,64,0.02025662548840046
2026/05/07 09:02:43,64,0.019927509129047394
2026/05/07 09:02:44,64,0.020307259634137154
2026/05/07 09:02:45,64,0.019373420625925064
2026/05/07 09:02:46,65,0.019946707412600517
2026/05/07 09:02:47,66,0.01926564611494541
2026/05/07 09:02:48,67,0.019547894597053528
2026/05/07 09:02:49,68,0.01963202655315399
2026/05/07 09:02:50,69,0.018983706831932068
2026/05/07 09:02:51,70,0.029413651674985886
2026/05/07 09:02:52,70,0.033376578241586685
2026/05/07 09:02:53,70,0.007963639684021473
2026/05/07 09:02:54,69,0.00810509454458952
2026/05/07 09:02:55,70,0.016557492315769196
2026/05/07 09:02:56,70,0.1614731252193451
2026/05/07 09:02:57,70,0.05768708884716034
2026/05/07 09:02:58,71,0.07724104076623917
2026/05/07 09:02:59,71,0.1574840098619461
2026/05/07 09:03:00,71,0.1301732063293457
2026/05/07 09:03:01,71,0.055678240954875946
2026/05/07 09:03:02,72,0.02558155544102192
2026/05/07 09:03:03,73,0.016424354165792465
2026/05/07 09:03:04,73,0.04627382755279541
2026/05/07 09:03:05,75,0.11991065740585327
2026/05/07 09:03:06,76,0.1254345178604126
2026/05/07 09:03:07,77,0.16898413002490997
2026/05/07 09:03:08,78,0.057629071176052094
2026/05/07 09:03:09,79,0.0459749698638916
2026/05/07 09:03:10,79,0.0799613818526268
2026/05/07 09:03:11,80,0.07087523490190506
2026/05/07 09:03:12,81,0.024023033678531647
2026/05/07 09:03:13,81,0.024073336273431778
2026/05/07 09:03:14,81,0.02472267858684063
2026/05/07 09:03:15,81,0.02389618754386902
2026/05/07 09:03:16,81,0.024786189198493958
2026/05/07 09:03:17,83,0.029317039996385574
2026/05/07 09:03:18,84,0.03272457420825958
2026/05/07 09:03:19,85,0.028200505301356316
2026/05/07 09:03:20,87,0.04714535176753998
2026/05/07 09:03:21,88,0.13959144055843353
2026/05/07 09:03:22,89,0.08769230544567108
2026/05/07 09:03:23,91,0.13308784365653992
2026/05/07 09:03:24,92,0.03577543422579765
2026/05/07 09:03:25,93,0.034624602645635605
2026/05/07 09:03:26,94,0.039851706475019455
2026/05/07 09:03:27,94,0.04841102287173271
2026/05/07 09:03:28,94,0.03337652608752251
2026/05/07 09:03:29,94,0.05037785694003105
2026/05/07 09:03:30,94,0.04346137121319771
2026/05/07 09:03:31,95,0.03437301889061928
2026/05/07 09:03:32,95,0.06503885984420776
2026/05/07 09:03:33,95,0.08574630320072174
2026/05/07 09:03:34,95,0.09009096771478653
2026/05/07 09:03:35,95,0.06365583091974258
2026/05/07 09:03:36,95,0.0900893285870552
2026/05/07 09:03:37,95,0.06982360780239105
2026/05/07 09:03:38,95,0.06778757274150848
2026/05/07 09:03:39,95,0.1284162998199463
2026/05/07 09:03:40,94,0.12627418339252472
2026/05/07 09:03:41,94,0.20328585803508759
2026/05/07 09:03:42,93,0.9499658346176147
2026/05/07 09:03:43,92,1.2365657091140747
2026/05/07 09:03:44,92,0.08859366178512573
2026/05/07 09:03:45,92,0.04292701557278633
2026/05/07 09:03:46,91,0.07286396622657776
2026/05/07 09:03:47,91,0.043742306530475616
2026/05/07 09:03:48,91,0.03940018266439438
2026/05/07 09:03:49,90,0.032482825219631195
2026/05/07 09:03:50,89,0.038329679518938065
2026/05/07 09:03:51,88,0.037621963769197464
2026/05/07 09:03:52,88,0.04310616850852966
2026/05/07 09:03:53,87,0.04093869775533676
2026/05/07 09:03:54,87,0.0411875881254673
2026/05/07 09:03:55,86,0.04199519753456116
2026/05/07 09:03:56,85,0.035791441798210144
2026/05/07 09:03:57,85,0.03633766621351242
2026/05/07 09:03:58,85,0.03634146973490715
2026/05/07 09:03:59,84,0.052792809903621674
2026/05/07 09:04:00,83,0.04185429960489273
2026/05/07 09:04:01,82,0.033867694437503815
2026/05/07 09:04:02,81,0.033666472882032394
2026/05/07 09:04:03,80,0.034399889409542084
2026/05/07 09:04:04,79,0.035245366394519806
2026/05/07 09:04:05,78,0.02951739728450775
2026/05/07 09:04:06,77,0.031027214601635933
2026/05/07 09:04:07,76,0.050281357020139694
2026/05/07 09:04:08,75,0.03632977604866028
2026/05/07 09:04:09,74,0.09223823249340057
2026/05/07 09:04:10,73,0.08459595590829849
2026/05/07 09:04:11,72,0.11137661337852478
2026/05/07 09:04:12,72,0.019511647522449493
2026/05/07 09:04:13,71,0.019099608063697815
2026/05/07 09:04:14,71,0.03098730929195881
2026/05/07 09:04:15,71,0.024394376203417778
2026/05/07 09:04:16,71,0.01847877912223339
2026/05/07 09:04:17,70,0.018558207899332047
2026/05/07 09:04:18,70,0.01857587695121765
2026/05/07 09:04:19,71,0.017847269773483276
2026/05/07 09:04:20,72,0.018346771597862244
2026/05/07 09:04:21,72,0.01846320740878582
2026/05/07 09:04:22,73,0.018626878038048744
2026/05/07 09:04:23,74,0.01798176020383835
2026/05/07 09:04:24,75,0.018727518618106842
2026/05/07 09:04:25,74,0.01835426315665245
2026/05/07 09:04:26,74,0.01850138045847416
2026/05/07 09:04:27,73,0.018602265045046806
2026/05/07 09:04:28,72,0.018718475475907326
2026/05/07 09:04:29,71,0.0187612883746624
2026/05/07 09:04:30,70,0.018222365528345108
2026/05/07 09:04:31,69,0.01905471459031105
2026/05/07 09:04:32,69,0.018611280247569084
2026/05/07 09:04:33,68,0.018355879932641983
2026/05/07 09:04:34,68,0.029508965089917183
2026/05/07 09:04:35,68,0.03472137823700905
2026/05/07 09:04:36,68,0.020760679617524147
2026/05/07 09:04:37,68,0.0229643527418375
2026/05/07 09:04:38,68,0.020113421604037285
2026/05/07 09:04:39,68,0.020111579447984695
2026/05/07 09:04:40,68,0.019665798172354698
2026/05/07 09:04:41,67,0.07301660627126694
2026/05/07 09:04:42,67,0.07781606167554855
2026/05/07 09:04:43,67,0.028587980195879936
2026/05/07 09:04:44,67,0.10762643814086914
2026/05/07 09:04:45,67,0.02095656469464302
2026/05/07 09:04:46,67,0.026931794360280037
2026/05/07 09:04:47,68,0.022799856960773468
2026/05/07 09:04:48,69,0.02408781833946705
2026/05/07 09:04:49,69,0.07141972333192825
2026/05/07 09:04:50,70,0.07561808079481125
2026/05/07 09:04:51,70,0.07848217338323593
2026/05/07 09:04:52,70,0.1987299621105194
2026/05/07 09:04:53,70,0.07807617634534836
2026/05/07 09:04:54,70,0.16295848786830902
2026/05/07 09:04:55,70,0.06326127797365189
2026/05/07 09:04:56,69,0.04343727231025696
2026/05/07 09:04:57,70,0.021429825574159622
2026/05/07 09:04:58,70,0.015271543525159359
2026/05/07 09:04:59,70,0.08684273809194565
2026/05/07 09:05:00,71,0.053151946514844894
2026/05/07 09:05:01,72,0.061801373958587646
2026/05/07 09:05:02,73,0.02524939551949501
2026/05/07 09:05:03,73,0.017911303788423538
2026/05/07 09:05:04,74,0.018377119675278664
2026/05/07 09:05:05,74,0.021161982789635658
2026/05/07 09:05:06,74,0.02050827443599701
2026/05/07 09:05:07,75,0.027308721095323563
2026/05/07 09:05:08,75,0.02247423119843006
2026/05/07 09:05:09,75,0.023012295365333557
2026/05/07 09:05:10,75,0.03416213020682335
2026/05/07 09:05:11,75,0.03564593568444252
2026/05/07 09:05:12,75,0.04171175882220268
2026/05/07 09:05:13,75,0.02961084060370922
2026/05/07 09:05:14,76,0.03233815357089043
2026/05/07 09:05:15,76,0.0272216759622097
2026/05/07 09:05:16,76,0.027661755681037903
2026/05/07 09:05:17,76,0.0270338524132967
2026/05/07 09:05:18,76,0.02757416106760502
2026/05/07 09:05:19,76,0.027406543493270874
2026/05/07 09:05:20,76,0.028155125677585602
2026/05/07 09:05:21,76,0.02709796465933323
2026/05/07 09:05:22,75,0.027488021180033684
2026/05/07 09:05:23,74,0.0374021977186203
2026/05/07 09:05:24,74,0.033524610102176666
2026/05/07 09:05:25,73,0.03428809344768524
2026/05/07 09:05:26,72,0.034807246178388596
2026/05/07 09:05:27,72,0.03407348692417145
2026/05/07 09:05:28,71,0.0336330272257328
2026/05/07 09:05:29,70,0.034674953669309616
2026/05/07 09:05:30,69,0.029766706749796867
2026/05/07 09:05:31,68,0.030764663591980934
2026/05/07 09:05:32,68,0.030067356303334236
2026/05/07 09:05:33,68,0.028843168169260025
2026/05/07 09:05:34,68,0.029921233654022217
2026/05/07 09:05:35,68,0.029121404513716698
2026/05/07 09:05:36,68,0.02944379858672619
2026/05/07 09:05:37,67,0.02898549661040306
2026/05/07 09:05:38,67,0.029146548360586166
2026/05/07 09:05:39,68,0.028830837458372116
2026/05/07 09:05:40,68,0.028929125517606735
2026/05/07 09:05:41,68,0.02853197045624256
2026/05/07 09:05:42,68,0.02879173494875431
2026/05/07 09:05:43,69,0.030647847801446915
2026/05/07 09:05:44,70,0.029504399746656418
2026/05/07 09:05:45,71,0.02976100705564022
2026/05/07 09:05:46,72,0.030079413205385208
2026/05/07 09:05:47,72,0.030145131051540375
2026/05/07 09:05:48,72,0.029862768948078156
2026/05/07 09:05:49,72,0.030169863253831863
2026/05/07 09:05:50,71,0.030646415427327156
2026/05/07 09:05:51,71,0.02989073097705841
2026/05/07 09:05:52,70,0.02945510856807232
2026/05/07 09:05:53,70,0.030452460050582886
2026/05/07 09:05:54,70,0.030575592070817947
2026/05/07 09:05:55,70,0.030366627499461174
2026/05/07 09:05:56,70,0.030670110136270523
2026/05/07 09:05:57,70,0.03014080971479416
2026/05/07 09:05:58,70,0.029082179069519043
2026/05/07 09:05:59,70,0.04065179079771042
2026/05/07 09:06:00,70,0.047956716269254684
2026/05/07 09:06:01,70,0.03966371342539787
2026/05/07 09:06:02,70,0.03209710121154785
2026/05/07 09:06:03,70,0.030580749735236168
2026/05/07 09:06:04,70,0.02850516140460968
2026/05/07 09:06:05,70,0.02918339893221855
2026/05/07 09:06:06,70,0.042277805507183075
2026/05/07 09:06:07,71,0.03811904788017273
2026/05/07 09:06:08,71,0.03137506917119026
2026/05/07 09:06:09,72,0.047774720937013626
2026/05/07 09:06:10,72,0.09913095831871033
2026/05/07 09:06:11,73,0.12905409932136536
2026/05/07 09:06:12,74,0.029643313959240913
2026/05/07 09:06:13,76,0.004429911263287067
2026/05/07 09:06:14,77,0.006502896081656218
2026/05/07 09:06:15,78,0.005941982381045818
2026/05/07 09:06:16,78,0.010185448452830315
2026/05/07 09:06:17,79,0.006480250041931868
2026/05/07 09:06:18,79,0.004450065083801746
2026/05/07 09:06:19,78,0.013442589901387691
2026/05/07 09:06:20,78,0.03564929589629173
2026/05/07 09:06:21,77,0.01273952703922987
2026/05/07 09:06:22,76,0.01739957369863987
2026/05/07 09:06:23,74,0.021146219223737717
2026/05/07 09:06:24,73,0.12593711912631989
2026/05/07 09:06:25,72,0.013890935108065605
2026/05/07 09:06:26,72,0.011256524361670017
2026/05/07 09:06:27,71,0.007348510902374983
2026/05/07 09:06:28,70,0.00672488659620285
2026/05/07 09:06:29,69,0.006504345219582319
2026/05/07 09:06:30,68,0.0074125733226537704
2026/05/07 09:06:31,68,0.007056479342281818
2026/05/07 09:06:32,68,0.006781825330108404
2026/05/07 09:06:33,67,0.006262626964598894
2026/05/07 09:06:34,67,0.006973154842853546
2026/05/07 09:06:35,67,0.006734049413353205
2026/05/07 09:06:36,68,0.0070701162330806255
2026/05/07 09:06:37,69,0.006392569746822119
2026/05/07 09:06:38,69,0.007028804160654545
2026/05/07 09:06:39,70,0.006142281461507082
2026/05/07 09:06:40,71,0.006206793244928122
2026/05/07 09:06:41,71,0.006270274054259062
2026/05/07 09:06:42,71,0.006165116094052792
2026/05/07 09:06:43,71,0.006142853759229183
2026/05/07 09:06:44,71,0.0056244670413434505
2026/05/07 09:06:45,70,0.00629502022638917
2026/05/07 09:06:46,70,0.006236374378204346
2026/05/07 09:06:47,70,0.006265917327255011
2026/05/07 09:06:48,70,0.006076594348996878
2026/05/07 09:06:49,69,0.005778240971267223
2026/05/07 09:06:50,69,0.006647856906056404
2026/05/07 09:06:51,68,0.006176757626235485
2026/05/07 09:06:52,67,0.006837794091552496
2026/05/07 09:06:53,66,0.005942501127719879
2026/05/07 09:06:54,65,0.006311717908829451
2026/05/07 09:06:55,64,0.005963653326034546
2026/05/07 09:06:56,64,0.006047086790204048
2026/05/07 09:06:57,63,0.0058621992357075214
2026/05/07 09:06:58,63,0.005602086428552866
2026/05/07 09:06:59,64,0.0068425461649894714
2026/05/07 09:07:00,64,0.0067305718548595905
2026/05/07 09:07:01,65,0.006512384861707687
2026/05/07 09:07:02,65,0.006870923563838005
2026/05/07 09:07:03,65,0.006948947906494141
2026/05/07 09:07:04,66,0.00621855678036809
2026/05/07 09:07:05,66,0.005734369624406099
2026/05/07 09:07:06,67,0.006404141895473003
2026/05/07 09:07:07,67,0.0063330912962555885
2026/05/07 09:07:08,67,0.006292172707617283
2026/05/07 09:07:09,67,0.0064255110919475555
2026/05/07 09:07:10,67,0.006454292684793472
2026/05/07 09:07:11,68,0.0066175018437206745
2026/05/07 09:07:12,68,0.006222382187843323
2026/05/07 09:07:13,68,0.006599599961191416
2026/05/07 09:07:14,69,0.006376869976520538
2026/05/07 09:07:15,69,0.006480170413851738
2026/05/07 09:07:16,70,0.006569680757820606
2026/05/07 09:07:17,70,0.006911218632012606
2026/05/07 09:07:18,70,0.006159982644021511
2026/05/07 09:07:19,70,0.006711384281516075
2026/05/07 09:07:20,70,0.0065426453948020935
2026/05/07 09:07:21,70,0.006225093267858028
2026/05/07 09:07:22,70,0.006505660247057676
2026/05/07 09:07:23,70,0.006416006945073605
2026/05/07 09:07:24,70,0.007565153297036886
2026/05/07 09:07:25,70,0.007224622648209333
2026/05/07 09:07:26,70,0.007673402316868305
2026/05/07 09:07:27,69,0.006379415281116962
2026/05/07 09:07:28,69,0.00662913266569376
2026/05/07 09:07:29,68,0.010570535436272621
2026/05/07 09:07:30,68,0.02823820523917675
2026/05/07 09:07:31,68,0.017248496413230896
2026/05/07 09:07:32,67,0.032451242208480835
2026/05/07 09:07:33,68,0.034379418939352036
2026/05/07 09:07:34,68,0.024433055892586708
2026/05/07 09:07:35,68,0.02456819824874401
2026/05/07 09:07:36,69,0.024616066366434097
2026/05/07 09:07:37,68,0.025211628526449203
2026/05/07 09:07:38,68,0.025351334363222122
2026/05/07 09:07:39,68,0.024921651929616928
2026/05/07 09:07:40,69,0.024317022413015366
2026/05/07 09:07:41,70,0.024385744705796242
2026/05/07 09:07:42,70,0.02489733137190342
2026/05/07 09:07:43,72,0.024406181648373604
2026/05/07 09:07:44,73,0.025177447125315666
2026/05/07 09:07:45,73,0.02528892457485199
2026/05/07 09:07:46,74,0.02507956326007843
2026/05/07 09:07:47,73,0.0251978300511837
2026/05/07 09:07:48,73,0.02450506016612053
2026/05/07 09:07:49,72,0.02482200786471367
2026/05/07 09:07:50,71,0.025285135954618454
2026/05/07 09:07:51,70,0.0245787613093853
2026/05/07 09:07:52,69,0.024418003857135773
2026/05/07 09:07:53,68,0.0251043438911438
2026/05/07 09:07:54,67,0.024220068007707596
2026/05/07 09:07:55,66,0.024175919592380524
2026/05/07 09:07:56,65,0.02462855540215969
2026/05/07 09:07:57,64,0.02443036064505577
2026/05/07 09:07:58,64,0.02466687187552452
2026/05/07 09:07:59,63,0.024381577968597412
2026/05/07 09:08:00,63,0.02425621636211872
2026/05/07 09:08:01,62,0.025182455778121948
2026/05/07 09:08:02,62,0.025026200339198112
2026/05/07 09:08:03,61,0.02459108643233776
2026/05/07 09:08:04,61,0.024609534069895744
2026/05/07 09:08:05,61,0.024975432083010674
2026/05/07 09:08:06,61,0.0246829055249691
2026/05/07 09:08:07,61,0.025186317041516304
2026/05/07 09:08:08,61,0.02456102892756462
2026/05/07 09:08:09,61,0.024953609332442284
2026/05/07 09:08:10,61,0.025219837203621864
2026/05/07 09:08:11,62,0.025090498849749565
2026/05/07 09:08:12,62,0.02537531964480877
2026/05/07 09:08:13,63,0.02443549409508705
2026/05/07 09:08:14,63,0.02493932656943798
2026/05/07 09:08:15,64,0.025145845487713814
2026/05/07 09:08:16,64,0.02475922554731369
2026/05/07 09:08:17,64,0.02445116452872753
2026/05/07 09:08:18,65,0.025027384981513023
2026/05/07 09:08:19,65,0.02515322156250477
2026/05/07 09:08:20,65,0.0246884822845459
2026/05/07 09:08:21,66,0.024789461866021156
2026/05/07 09:08:22,67,0.024624543264508247
2026/05/07 09:08:23,67,0.025493497028946877
2026/05/07 09:08:24,68,0.024942630901932716
2026/05/07 09:08:25,67,0.02524552494287491
2026/05/07 09:08:26,67,0.025147533044219017
2026/05/07 09:08:27,67,0.024769866839051247
2026/05/07 09:08:28,66,0.025246329605579376
2026/05/07 09:08:29,66,0.025033853948116302
2026/05/07 09:08:30,66,0.025237372145056725
2026/05/07 09:08:31,66,0.024966862052679062
2026/05/07 09:08:32,66,0.025385141372680664
2026/05/07 09:08:33,66,0.024873482063412666
2026/05/07 09:08:34,67,0.025119543075561523
2026/05/07 09:08:35,67,0.02453758753836155
2026/05/07 09:08:36,67,0.024666743353009224
2026/05/07 09:08:37,67,0.025507299229502678
2026/05/07 09:08:38,67,0.024573704227805138
2026/05/07 09:08:39,67,0.024579009041190147
2026/05/07 09:08:40,67,0.024505142122507095
2026/05/07 09:08:41,67,0.0247859638184309
2026/05/07 09:08:42,68,0.024355068802833557
2026/05/07 09:08:43,68,0.024714548140764236
2026/05/07 09:08:44,67,0.02404629997909069
2026/05/07 09:08:45,67,0.023060088977217674
2026/05/07 09:08:46,66,0.0261135995388031
2026/05/07 09:08:47,66,0.02517418935894966
2026/05/07 09:08:48,65,0.024378424510359764
2026/05/07 09:08:49,65,0.025123611092567444
2026/05/07 09:08:50,65,0.02491205558180809
2026/05/07 09:08:51,65,0.024584956467151642
2026/05/07 09:08:52,65,0.02437089942395687
2026/05/07 09:08:53,65,0.024729520082473755
2026/05/07 09:08:54,65,0.02526300773024559
2026/05/07 09:08:55,66,0.025160694494843483
2026/05/07 09:08:56,66,0.025016089901328087
2026/05/07 09:08:57,66,0.02477889321744442
2026/05/07 09:08:58,66,0.024559153243899345
2026/05/07 09:08:59,66,0.024768007919192314
2026/05/07 09:09:00,66,0.02479170635342598
2026/05/07 09:09:01,66,0.024732274934649467
2026/05/07 09:09:02,65,0.024542445316910744
2026/05/07 09:09:03,65,0.02498524822294712
2026/05/07 09:09:04,66,0.024953611195087433
2026/05/07 09:09:05,66,0.024246156215667725
2026/05/07 09:09:06,66,0.025187911465764046
2026/05/07 09:09:07,66,0.02472381666302681
2026/05/07 09:09:08,67,0.025115108117461205
2026/05/07 09:09:09,67,0.025221534073352814
2026/05/07 09:09:10,67,0.024506928399205208
2026/05/07 09:09:11,67,0.025403257459402084
2026/05/07 09:09:12,67,0.025779101997613907
2026/05/07 09:09:13,66,0.02444320172071457
2026/05/07 09:09:14,66,0.025302110239863396
2026/05/07 09:09:15,67,0.024279722943902016
2026/05/07 09:09:16,67,0.02475808933377266
2026/05/07 09:09:17,67,0.024575548246502876
2026/05/07 09:09:18,67,0.025319570675492287
2026/05/07 09:09:19,67,0.025241410359740257
2026/05/07 09:09:20,67,0.02503529004752636
2026/05/07 09:09:21,66,0.025092029944062233
2026/05/07 09:09:22,66,0.024910440668463707
2026/05/07 09:09:23,66,0.024519985541701317
2026/05/07 09:09:24,66,0.025219962000846863
2026/05/07 09:09:25,65,0.024819040670990944
2026/05/07 09:09:26,65,0.02469290979206562
2026/05/07 09:09:27,65,0.024964027106761932
2026/05/07 09:09:28,64,0.024955984205007553
2026/05/07 09:09:29,64,0.024862101301550865
2026/05/07 09:09:30,64,0.025128794834017754
2026/05/07 09:09:31,64,0.024893373250961304
2026/05/07 09:09:32,64,0.024994054809212685
2026/05/07 09:09:33,65,0.028804022818803787
2026/05/07 09:09:34,65,0.03827981650829315
2026/05/07 09:09:35,65,0.01457847561687231
2026/05/07 09:09:36,65,0.006252029445022345
2026/05/07 09:09:37,65,0.006464744918048382
2026/05/07 09:09:38,65,0.012805427424609661
2026/05/07 09:09:39,65,0.045763831585645676
2026/05/07 09:09:40,66,0.04186372831463814
2026/05/07 09:09:41,66,0.005803464911878109
2026/05/07 09:09:42,66,0.006337229162454605
2026/05/07 09:09:43,67,0.006080255378037691
2026/05/07 09:09:44,68,0.0054652756080031395
2026/05/07 09:09:45,68,0.005966709461063147
2026/05/07 09:09:46,69,0.005288637708872557
2026/05/07 09:09:47,70,0.005543826147913933
2026/05/07 09:09:48,71,0.007285465486347675
2026/05/07 09:09:49,72,0.004726720973849297
2026/05/07 09:09:50,73,0.00493247713893652
2026/05/07 09:09:51,73,0.005543120205402374
2026/05/07 09:09:52,74,0.005874538794159889
2026/05/07 09:09:53,73,0.009489712305366993
2026/05/07 09:09:54,73,0.008695367723703384
2026/05/07 09:09:55,73,0.012489031068980694
2026/05/07 09:09:56,72,0.007645964622497559
2026/05/07 09:09:57,71,0.007957384921610355
2026/05/07 09:09:58,71,0.011437543667852879
2026/05/07 09:09:59,71,0.0065280054695904255
2026/05/07 09:10:00,71,0.006363136228173971
2026/05/07 09:10:01,71,0.004550269804894924
2026/05/07 09:10:02,70,0.003946037031710148
2026/05/07 09:10:03,70,0.003679135348647833
2026/05/07 09:10:04,69,0.0036956218536943197
2026/05/07 09:10:05,68,0.004094977863132954
2026/05/07 09:10:06,67,0.00335766957141459
2026/05/07 09:10:07,67,0.003881478449329734
2026/05/07 09:10:08,67,0.007011561654508114
2026/05/07 09:10:09,68,0.013354161754250526
2026/05/07 09:10:10,68,0.010423519648611546
2026/05/07 09:10:11,68,0.009777561761438847
2026/05/07 09:10:12,68,0.00930720567703247
2026/05/07 09:10:13,67,0.03857823461294174
2026/05/07 09:10:14,67,0.02393290586769581
2026/05/07 09:10:15,66,0.012529542669653893
2026/05/07 09:10:16,66,0.009183915331959724
2026/05/07 09:10:17,66,0.060753077268600464
2026/05/07 09:10:18,65,0.013151885941624641
2026/05/07 09:10:19,66,0.0034064927604049444
2026/05/07 09:10:20,66,0.003532735863700509
2026/05/07 09:10:21,68,0.003815525444224477
2026/05/07 09:10:22,69,0.003632631152868271
2026/05/07 09:10:23,69,0.003922825213521719
2026/05/07 09:10:24,69,0.004783242009580135
2026/05/07 09:10:25,69,0.00781730841845274
2026/05/07 09:10:26,68,0.007583339232951403
2026/05/07 09:10:27,69,0.004813659470528364
2026/05/07 09:10:28,69,0.003926674369722605
2026/05/07 09:10:29,69,0.004370247945189476
2026/05/07 09:10:30,70,0.002997844945639372
2026/05/07 09:10:31,70,0.0033713688608258963
2026/05/07 09:10:32,70,0.007259143050760031
2026/05/07 09:10:33,69,0.07309012860059738
2026/05/07 09:10:34,69,0.058339450508356094
2026/05/07 09:10:35,68,0.07781427353620529
2026/05/07 09:10:36,67,0.048110004514455795
2026/05/07 09:10:37,67,0.025975991040468216
2026/05/07 09:10:38,67,0.035952337086200714
2026/05/07 09:10:39,67,0.022630946710705757
2026/05/07 09:10:40,67,0.024937201291322708
2026/05/07 09:10:41,66,0.018011437729001045
2026/05/07 09:10:42,66,0.03748451918363571
2026/05/07 09:10:43,67,0.05001360550522804
2026/05/07 09:10:44,67,0.05433390662074089
2026/05/07 09:10:45,68,0.048819649964571
2026/05/07 09:10:46,68,0.09695712476968765
2026/05/07 09:10:47,69,0.08000300079584122
2026/05/07 09:10:48,70,0.05775391682982445
2026/05/07 09:10:49,71,0.038262851536273956
2026/05/07 09:10:50,71,0.02860867977142334
2026/05/07 09:10:51,72,0.028226302936673164
2026/05/07 09:10:52,72,0.027260668575763702
2026/05/07 09:10:53,73,0.026743391528725624
2026/05/07 09:10:54,74,0.027131086215376854
2026/05/07 09:10:55,75,0.027711547911167145
2026/05/07 09:10:56,76,0.02676471695303917
2026/05/07 09:10:57,76,0.026990942656993866
2026/05/07 09:10:58,77,0.027087416499853134
2026/05/07 09:10:59,77,0.026577984914183617
2026/05/07 09:11:00,77,0.026754869148135185
2026/05/07 09:11:01,77,0.028849707916378975
2026/05/07 09:11:02,76,0.0465499609708786
2026/05/07 09:11:03,75,0.017958423122763634
2026/05/07 09:11:04,75,0.06370668113231659
2026/05/07 09:11:05,74,0.027964811772108078
2026/05/07 09:11:06,73,0.02516416646540165
2026/05/07 09:11:07,72,0.025099463760852814
2026/05/07 09:11:08,71,0.024844778701663017
2026/05/07 09:11:09,71,0.024723533540964127
2026/05/07 09:11:10,70,0.024814875796437263
2026/05/07 09:11:11,70,0.024475019425153732
2026/05/07 09:11:12,70,0.024269552901387215
2026/05/07 09:11:13,71,0.024868184700608253
2026/05/07 09:11:14,71,0.024897988885641098
2026/05/07 09:11:15,71,0.024358142167329788
2026/05/07 09:11:16,71,0.024583935737609863
2026/05/07 09:11:17,71,0.02395847626030445
2026/05/07 09:11:18,71,0.023863987997174263
2026/05/07 09:11:19,70,0.024516718462109566
2026/05/07 09:11:20,69,0.02445310167968273
2026/05/07 09:11:21,68,0.024758871644735336
2026/05/07 09:11:22,68,0.024446824565529823
2026/05/07 09:11:23,67,0.024866260588169098
2026/05/07 09:11:24,67,0.02458467148244381
2026/05/07 09:11:25,66,0.024199234321713448
2026/05/07 09:11:26,66,0.024608725681900978
2026/05/07 09:11:27,66,0.024514611810445786
2026/05/07 09:11:28,66,0.024131352081894875
2026/05/07 09:11:29,66,0.02416091412305832
2026/05/07 09:11:30,66,0.024265585467219353
2026/05/07 09:11:31,66,0.024463079869747162
2026/05/07 09:11:32,66,0.024065501987934113
2026/05/07 09:11:33,67,0.024635719135403633
2026/05/07 09:11:34,67,0.024066263809800148
2026/05/07 09:11:35,68,0.023847546428442
2026/05/07 09:11:36,68,0.024447156116366386
2026/05/07 09:11:37,69,0.024561678990721703
2026/05/07 09:11:38,69,0.024593038484454155
2026/05/07 09:11:39,70,0.0240115188062191
2026/05/07 09:11:40,70,0.024485426023602486
2026/05/07 09:11:41,71,0.04052717983722687
2026/05/07 09:11:42,71,0.06216703727841377
2026/05/07 09:11:43,72,0.01936170645058155
2026/05/07 09:11:44,72,0.004319159314036369
2026/05/07 09:11:45,72,0.004020719788968563
2026/05/07 09:11:46,72,0.0039327628910541534
2026/05/07 09:11:47,72,0.003913759253919125
2026/05/07 09:11:48,71,0.03792800381779671
2026/05/07 09:11:49,70,0.04105004295706749
2026/05/07 09:11:50,70,0.03422625735402107
2026/05/07 09:11:51,69,0.03409001603722572
2026/05/07 09:11:52,69,0.03422626480460167
2026/05/07 09:11:53,69,0.03627226874232292
2026/05/07 09:11:54,69,0.02583472616970539
2026/05/07 09:11:55,69,0.02641453966498375
2026/05/07 09:11:56,68,0.02070237509906292
2026/05/07 09:11:57,68,0.01928246021270752
2026/05/07 09:11:58,68,0.019038628786802292
2026/05/07 09:11:59,68,0.028777172788977623
2026/05/07 09:12:00,68,0.02678128518164158
2026/05/07 09:12:01,68,0.02760455012321472
2026/05/07 09:12:02,68,0.027823222801089287
2026/05/07 09:12:03,68,0.03184964880347252
2026/05/07 09:12:04,69,0.03748643770813942
2026/05/07 09:12:05,70,0.02498706988990307
2026/05/07 09:12:06,70,0.021312758326530457
2026/05/07 09:12:07,70,0.020584402605891228
2026/05/07 09:12:08,71,0.020103057846426964
2026/05/07 09:12:09,71,0.04355410113930702
2026/05/07 09:12:10,70,0.032940689474344254
2026/05/07 09:12:11,70,0.03263075649738312
2026/05/07 09:12:12,69,0.032489385455846786
2026/05/07 09:12:13,69,0.03235607594251633
2026/05/07 09:12:14,69,0.03198140859603882
2026/05/07 09:12:15,70,0.031729646027088165
2026/05/07 09:12:16,70,0.031549688428640366
2026/05/07 09:12:17,71,0.03198682516813278
2026/05/07 09:12:18,72,0.031330306082963943
2026/05/07 09:12:19,73,0.03193146735429764
2026/05/07 09:12:20,73,0.03087979555130005
2026/05/07 09:12:21,72,0.03116486221551895
2026/05/07 09:12:22,72,0.031882379204034805
2026/05/07 09:12:23,71,0.03134145587682724
2026/05/07 09:12:24,70,0.031919267028570175
2026/05/07 09:12:25,69,0.031663283705711365
2026/05/07 09:12:26,68,0.031215596944093704
2026/05/07 09:12:27,67,0.03248849883675575
2026/05/07 09:12:28,67,0.03058449737727642
2026/05/07 09:12:29,66,0.02809501811861992
2026/05/07 09:12:30,66,0.030437711626291275
2026/05/07 09:12:31,66,0.02448745258152485
2026/05/07 09:12:32,65,0.02179712802171707
2026/05/07 09:12:33,65,0.023041604086756706
2026/05/07 09:12:34,65,0.021437296643853188
2026/05/07 09:12:35,65,0.019718952476978302
2026/05/07 09:12:36,65,0.020853739231824875
2026/05/07 09:12:37,65,0.029886450618505478
2026/05/07 09:12:38,65,0.02751598134636879
2026/05/07 09:12:39,66,0.02734716236591339
2026/05/07 09:12:40,66,0.026818791404366493
2026/05/07 09:12:41,67,0.027231188490986824
2026/05/07 09:12:42,67,0.027191458269953728
2026/05/07 09:12:43,68,0.026661468669772148
2026/05/07 09:12:44,69,0.027106309309601784
2026/05/07 09:12:45,70,0.027225492522120476
2026/05/07 09:12:46,71,0.027429360896348953
2026/05/07 09:12:47,72,0.026762351393699646
2026/05/07 09:12:48,73,0.02701367810368538
2026/05/07 09:12:49,73,0.02739240601658821
2026/05/07 09:12:50,73,0.02617981657385826
2026/05/07 09:12:51,72,0.027284327894449234
2026/05/07 09:12:52,71,0.02714141644537449
2026/05/07 09:12:53,71,0.028699949383735657
2026/05/07 09:12:54,70,0.0234617218375206
2026/05/07 09:12:55,70,0.026696959510445595
2026/05/07 09:12:56,69,0.02091038040816784
2026/05/07 09:12:57,69,0.022073958069086075
2026/05/07 09:12:58,69,0.021094685420393944
2026/05/07 09:12:59,69,0.021888934075832367
2026/05/07 09:13:00,69,0.022451510652899742
2026/05/07 09:13:01,69,0.021851813420653343
2026/05/07 09:13:02,70,0.023017341271042824
2026/05/07 09:13:03,69,0.025982718914747238
2026/05/07 09:13:04,69,0.02739684283733368
2026/05/07 09:13:05,70,0.029717592522501945
2026/05/07 09:13:06,71,0.02906724624335766
2026/05/07 09:13:07,72,0.028674157336354256
2026/05/07 09:13:08,72,0.026927722617983818
2026/05/07 09:13:09,72,0.041481733322143555
2026/05/07 09:13:10,72,0.026415064930915833
2026/05/07 09:13:11,71,0.025933887809515
2026/05/07 09:13:12,71,0.02464674785733223
2026/05/07 09:13:13,70,0.023694530129432678
2026/05/07 09:13:14,70,0.023194849491119385
2026/05/07 09:13:15,70,0.02392222173511982
2026/05/07 09:13:16,70,0.02325967699289322
2026/05/07 09:13:17,70,0.022534945979714394
2026/05/07 09:13:18,70,0.029211873188614845
2026/05/07 09:13:19,70,0.02683139592409134
2026/05/07 09:13:20,70,0.03653717413544655
2026/05/07 09:13:21,71,0.02583358809351921
2026/05/07 09:13:22,72,0.032010767608881
2026/05/07 09:13:23,72,0.0355667769908905
2026/05/07 09:13:24,72,0.029862307012081146
2026/05/07 09:13:25,73,0.053208138793706894
2026/05/07 09:13:26,73,0.05858781561255455
2026/05/07 09:13:27,73,0.03996230289340019
2026/05/07 09:13:28,73,0.006326090544462204
2026/05/07 09:13:29,73,0.005669053178280592
2026/05/07 09:13:30,73,0.006379721220582724
2026/05/07 09:13:31,73,0.006229004822671413
2026/05/07 09:13:32,73,0.005318900570273399
2026/05/07 09:13:33,74,0.0051731388084590435
2026/05/07 09:13:34,74,0.006256993860006332
2026/05/07 09:13:35,75,0.005563866812735796
2026/05/07 09:13:36,75,0.005900758318603039
2026/05/07 09:13:37,75,0.00665436964482069
2026/05/07 09:13:38,75,0.01847323775291443
2026/05/07 09:13:39,74,0.06616517156362534
2026/05/07 09:13:40,74,0.028753681108355522
2026/05/07 09:13:41,74,0.015070904977619648
2026/05/07 09:13:42,73,0.02966308407485485
2026/05/07 09:13:43,73,0.021722394973039627
2026/05/07 09:13:44,73,0.041004814207553864
2026/05/07 09:13:45,73,0.027964124456048012
2026/05/07 09:13:46,73,0.036837536841630936
2026/05/07 09:13:47,74,0.06760093569755554
2026/05/07 09:13:48,75,0.04681388661265373
2026/05/07 09:13:49,76,0.024096420034766197
2026/05/07 09:13:50,76,0.014475448988378048
2026/05/07 09:13:51,77,0.01070543471723795
2026/05/07 09:13:52,78,0.010839809663593769
2026/05/07 09:13:53,79,0.010171866044402122
2026/05/07 09:13:54,80,0.012544149532914162
2026/05/07 09:13:55,80,0.04724586009979248
2026/05/07 09:13:56,81,0.09160404652357101
2026/05/07 09:13:57,81,0.02827104553580284
2026/05/07 09:13:58,81,0.019749516621232033
2026/05/07 09:13:59,81,0.02125675603747368
2026/05/07 09:14:00,81,0.02059677243232727
2026/05/07 09:14:01,80,0.021280376240611076
2026/05/07 09:14:02,80,0.021053094416856766
2026/05/07 09:14:03,79,0.02121768705546856
2026/05/07 09:14:04,78,0.020822886377573013
2026/05/07 09:14:05,78,0.021056929603219032
2026/05/07 09:14:06,77,0.021314851939678192
2026/05/07 09:14:07,77,0.020809894427657127
2026/05/07 09:14:08,76,0.021602218970656395
2026/05/07 09:14:09,75,0.0212677214294672
2026/05/07 09:14:10,75,0.021046258509159088
2026/05/07 09:14:11,73,0.02095293067395687
2026/05/07 09:14:12,72,0.020893782377243042
2026/05/07 09:14:13,71,0.020935527980327606
2026/05/07 09:14:14,70,0.02341829426586628
2026/05/07 09:14:15,69,0.028436845168471336
2026/05/07 09:14:16,69,0.025152917951345444
2026/05/07 09:14:17,68,0.03651499003171921
2026/05/07 09:14:18,68,0.039378006011247635
2026/05/07 09:14:19,68,0.039132069796323776
2026/05/07 09:14:20,68,0.038651347160339355
2026/05/07 09:14:21,68,0.039485860615968704
2026/05/07 09:14:22,68,0.03904847055673599
2026/05/07 09:14:23,68,0.037969641387462616
2026/05/07 09:14:24,68,0.03654511645436287
2026/05/07 09:14:25,69,0.03650505095720291
2026/05/07 09:14:26,70,0.037138763815164566
2026/05/07 09:14:27,69,0.03695390000939369
2026/05/07 09:14:28,69,0.03662700951099396
2026/05/07 09:14:29,70,0.036730147898197174
2026/05/07 09:14:30,71,0.09541784971952438
2026/05/07 09:14:31,71,0.05980529636144638
2026/05/07 09:14:32,72,0.019112782552838326
2026/05/07 09:14:33,73,0.01858570985496044
2026/05/07 09:14:34,73,0.01795482262969017
2026/05/07 09:14:35,72,0.01859178952872753
2026/05/07 09:14:36,72,0.018760183826088905
2026/05/07 09:14:37,70,0.018803860992193222
2026/05/07 09:14:38,69,0.018174773082137108
2026/05/07 09:14:39,68,0.018801173195242882
2026/05/07 09:14:40,68,0.019283322617411613
2026/05/07 09:14:41,68,0.019430628046393394
2026/05/07 09:14:42,68,0.01798236556351185
2026/05/07 09:14:43,69,0.01922888495028019
2026/05/07 09:14:44,70,0.019241902977228165
2026/05/07 09:14:45,70,0.018374551087617874
2026/05/07 09:14:46,69,0.019119340926408768
2026/05/07 09:14:47,69,0.01932079903781414
2026/05/07 09:14:48,68,0.01934407465159893
2026/05/07 09:14:49,68,0.019223986193537712
2026/05/07 09:14:50,67,0.019153164699673653
2026/05/07 09:14:51,66,0.01923007145524025
2026/05/07 09:14:52,66,0.01918935403227806
2026/05/07 09:14:53,66,0.0188218355178833
2026/05/07 09:14:54,65,0.019059909507632256
2026/05/07 09:14:55,66,0.018810486420989037
2026/05/07 09:14:56,66,0.019438184797763824
2026/05/07 09:14:57,67,0.01933680661022663
2026/05/07 09:14:58,67,0.01913534291088581
2026/05/07 09:14:59,67,0.018950892612338066
2026/05/07 09:15:00,68,0.018951157107949257
2026/05/07 09:15:01,67,0.019605373963713646
2026/05/07 09:15:02,67,0.019804513081908226
2026/05/07 09:15:03,67,0.019191937521100044
2026/05/07 09:15:04,67,0.01966051384806633
2026/05/07 09:15:05,67,0.019867166876792908
2026/05/07 09:15:06,68,0.019843215122818947
2026/05/07 09:15:07,68,0.018762873485684395
2026/05/07 09:15:08,67,0.0194223765283823
2026/05/07 09:15:09,68,0.018707579001784325
2026/05/07 09:15:10,68,0.0194063913077116
2026/05/07 09:15:11,68,0.01904136687517166
2026/05/07 09:15:12,68,0.019726203754544258
2026/05/07 09:15:13,67,0.018916334956884384
2026/05/07 09:15:14,67,0.018861345946788788
2026/05/07 09:15:15,67,0.019283562898635864
2026/05/07 09:15:16,67,0.019618304446339607
2026/05/07 09:15:17,67,0.01849014312028885
2026/05/07 09:15:18,66,0.018596427515149117
2026/05/07 09:15:19,66,0.019898001104593277
2026/05/07 09:15:20,66,0.019569743424654007
2026/05/07 09:15:21,66,0.018826697021722794
2026/05/07 09:15:22,66,0.018720146268606186
2026/05/07 09:15:23,66,0.019240602850914
2026/05/07 09:15:24,66,0.018898647278547287
2026/05/07 09:15:25,66,0.018657634034752846
2026/05/07 09:15:26,67,0.018809285014867783
2026/05/07 09:15:27,67,0.019633423537015915
2026/05/07 09:15:28,67,0.018929030746221542
2026/05/07 09:15:29,67,0.019183669239282608
2026/05/07 09:15:30,67,0.019143790006637573
2026/05/07 09:15:31,68,0.019320176914334297
2026/05/07 09:15:32,68,0.01911344565451145
2026/05/07 09:15:33,68,0.018571674823760986
2026/05/07 09:15:34,68,0.01909877546131611
2026/05/07 09:15:35,68,0.01925279200077057
2026/05/07 09:15:36,68,0.019434046000242233
2026/05/07 09:15:37,69,0.020056283101439476
2026/05/07 09:15:38,69,0.021771663799881935
2026/05/07 09:15:39,69,0.018138054758310318
2026/05/07 09:15:40,69,0.018872275948524475
2026/05/07 09:15:41,69,0.018984032794833183
2026/05/07 09:15:42,69,0.02605314739048481
2026/05/07 09:15:43,69,0.021940600126981735
2026/05/07 09:15:44,68,0.020856743678450584
2026/05/07 09:15:45,69,0.01984083279967308
2026/05/07 09:15:46,69,0.02060743235051632
2026/05/07 09:15:47,70,0.021142078563570976
2026/05/07 09:15:48,71,0.020270954817533493
2026/05/07 09:15:49,72,0.01985238492488861
2026/05/07 09:15:50,73,0.020631352439522743
2026/05/07 09:15:51,73,0.02139437012374401
2026/05/07 09:15:52,74,0.020956888794898987
2026/05/07 09:15:53,74,0.01998116821050644
2026/05/07 09:15:54,73,0.021434219554066658
2026/05/07 09:15:55,72,0.02080739475786686
2026/05/07 09:15:56,71,0.02115584909915924
2026/05/07 09:15:57,70,0.02059810422360897
2026/05/07 09:15:58,69,0.02107417583465576
2026/05/07 09:15:59,68,0.02042412757873535
2026/05/07 09:16:00,68,0.019949527457356453
2026/05/07 09:16:01,67,0.02076130360364914
2026/05/07 09:16:02,66,0.021579541265964508
2026/05/07 09:16:03,66,0.02216050773859024
2026/05/07 09:16:04,65,0.021168246865272522
2026/05/07 09:16:05,65,0.020791295915842056
2026/05/07 09:16:06,66,0.021429138258099556
2026/05/07 09:16:07,66,0.021695539355278015
2026/05/07 09:16:08,67,0.02068532258272171
2026/05/07 09:16:09,67,0.021428611129522324
2026/05/07 09:16:10,68,0.02186301350593567
2026/05/07 09:16:11,68,0.021735288202762604
2026/05/07 09:16:12,68,0.021433791145682335
2026/05/07 09:16:13,68,0.0219030249863863
2026/05/07 09:16:14,67,0.021867774426937103
2026/05/07 09:16:15,67,0.021682821214199066
2026/05/07 09:16:16,66,0.021210936829447746
2026/05/07 09:16:17,66,0.02200833521783352
2026/05/07 09:16:18,65,0.020319102331995964
2026/05/07 09:16:19,65,0.021382393315434456
2026/05/07 09:16:20,65,0.021438535302877426
2026/05/07 09:16:21,65,0.02137664146721363
2026/05/07 09:16:22,64,0.021066177636384964
2026/05/07 09:16:23,64,0.021414535120129585
2026/05/07 09:16:24,64,0.021693991497159004
2026/05/07 09:16:25,64,0.02157074213027954
2026/05/07 09:16:26,64,0.02186315879225731
2026/05/07 09:16:27,64,0.02187543734908104
2026/05/07 09:16:28,65,0.021105628460645676
2026/05/07 09:16:29,65,0.021611854434013367
2026/05/07 09:16:30,65,0.021880602464079857
2026/05/07 09:16:31,65,0.021275267004966736
2026/05/07 09:16:32,65,0.021617466583848
2026/05/07 09:16:33,65,0.0214803759008646
2026/05/07 09:16:34,66,0.020919477567076683
2026/05/07 09:16:35,67,0.020507091656327248
2026/05/07 09:16:36,67,0.02115813083946705
2026/05/07 09:16:37,68,0.02187160588800907
2026/05/07 09:16:38,68,0.021411987021565437
2026/05/07 09:16:39,68,0.020432142540812492
2026/05/07 09:16:40,68,0.021931635215878487
2026/05/07 09:16:41,67,0.02179412730038166
2026/05/07 09:16:42,67,0.021083706989884377
2026/05/07 09:16:43,66,0.022162968292832375
2026/05/07 09:16:44,66,0.021573951467871666
2026/05/07 09:16:45,66,0.021145261824131012
2026/05/07 09:16:46,66,0.021558910608291626
2026/05/07 09:16:47,66,0.021447353065013885
2026/05/07 09:16:48,66,0.02160714566707611
2026/05/07 09:16:49,66,0.021190064027905464
2026/05/07 09:16:50,66,0.021521905437111855
2026/05/07 09:16:51,67,0.02208692394196987
2026/05/07 09:16:52,67,0.010463949292898178
2026/05/07 09:16:53,67,0.007639606017619371
2026/05/07 09:16:54,67,0.008252101950347424
2026/05/07 09:16:55,67,0.006861634086817503
2026/05/07 09:16:56,67,0.009596585296094418
2026/05/07 09:16:57,68,0.009894094429910183
2026/05/07 09:16:58,68,0.011216039769351482
2026/05/07 09:16:59,68,0.011165718547999859
2026/05/07 09:17:00,68,0.011865654960274696
2026/05/07 09:17:01,68,0.011440789327025414
2026/05/07 09:17:02,68,0.01154387928545475
2026/05/07 09:17:03,68,0.01210483442991972
2026/05/07 09:17:04,69,0.011385813355445862
2026/05/07 09:17:05,69,0.015204224735498428
2026/05/07 09:17:06,69,0.01593862473964691
2026/05/07 09:17:07,69,0.016912853345274925
2026/05/07 09:17:08,69,0.01258864812552929
2026/05/07 09:17:09,68,0.0090361088514328
2026/05/07 09:17:10,68,0.012023753486573696
2026/05/07 09:17:11,67,0.010514972731471062
2026/05/07 09:17:12,66,0.009706377051770687
2026/05/07 09:17:13,65,0.010483605787158012
2026/05/07 09:17:14,65,0.010092228651046753
2026/05/07 09:17:15,66,0.010230397805571556
2026/05/07 09:17:16,67,0.010727835819125175
2026/05/07 09:17:17,68,0.01114653330296278
2026/05/07 09:17:18,69,0.011687626130878925
2026/05/07 09:17:19,70,0.011095387861132622
2026/05/07 09:17:20,70,0.011486849747598171
2026/05/07 09:17:21,70,0.011975658126175404
2026/05/07 09:17:22,70,0.011160065419971943
2026/05/07 09:17:23,70,0.010623445734381676
2026/05/07 09:17:24,70,0.03142287954688072
2026/05/07 09:17:25,69,0.04255012422800064
2026/05/07 09:17:26,69,0.0896097868680954
2026/05/07 09:17:27,68,0.026012999936938286
2026/05/07 09:17:28,68,0.027037363499403
2026/05/07 09:17:29,69,0.02186855487525463
2026/05/07 09:17:30,69,0.023295564576983452
2026/05/07 09:17:31,70,0.02245214208960533
2026/05/07 09:17:32,71,0.022928321734070778
2026/05/07 09:17:33,72,0.0230000801384449
2026/05/07 09:17:34,73,0.023345505818724632
2026/05/07 09:17:35,73,0.02390788123011589
2026/05/07 09:17:36,73,0.02412640117108822
2026/05/07 09:17:37,73,0.02192368358373642
2026/05/07 09:17:38,74,0.02767893113195896
2026/05/07 09:17:39,73,0.029088210314512253
2026/05/07 09:17:40,73,0.026712041348218918
2026/05/07 09:17:41,73,0.026183990761637688
2026/05/07 09:17:42,72,0.024927906692028046
2026/05/07 09:17:43,72,0.03187229856848717
2026/05/07 09:17:44,72,0.0264204740524292
2026/05/07 09:17:45,73,0.022864822298288345
2026/05/07 09:17:46,73,0.04357155039906502
2026/05/07 09:17:47,73,0.018602104857563972
2026/05/07 09:17:48,74,0.024264344945549965
2026/05/07 09:17:49,74,0.04965928941965103
2026/05/07 09:17:50,74,0.03992181271314621
2026/05/07 09:17:51,74,0.14381679892539978
2026/05/07 09:17:52,74,0.07440416514873505
2026/05/07 09:17:53,74,0.03486599400639534
2026/05/07 09:17:54,73,0.04838348552584648
2026/05/07 09:17:55,72,0.07932533323764801
2026/05/07 09:17:56,72,0.08516897261142731
2026/05/07 09:17:57,72,0.057712506502866745
2026/05/07 09:17:58,71,0.18567806482315063
2026/05/07 09:17:59,72,0.14227299392223358
2026/05/07 09:18:00,73,0.08201879262924194
2026/05/07 09:18:01,74,0.12814277410507202
2026/05/07 09:18:02,75,0.057273685932159424
2026/05/07 09:18:03,75,0.05228042230010033
2026/05/07 09:18:04,75,0.04415147006511688
2026/05/07 09:18:05,75,0.04346853494644165
2026/05/07 09:18:06,75,0.045123450458049774
2026/05/07 09:18:07,75,0.027570044621825218
2026/05/07 09:18:08,75,0.0199141763150692
2026/05/07 09:18:09,76,0.014533444307744503
2026/05/07 09:18:10,76,0.01787743903696537
2026/05/07 09:18:11,77,0.022258149459958076
2026/05/07 09:18:12,79,0.02579294703900814
2026/05/07 09:18:13,80,0.02321355976164341
2026/05/07 09:18:14,80,0.01876971311867237
2026/05/07 09:18:15,82,0.01831812784075737
2026/05/07 09:18:16,83,0.016198670491576195
2026/05/07 09:18:17,85,0.02208520472049713
2026/05/07 09:18:18,86,0.03044532984495163
2026/05/07 09:18:19,89,0.03616659715771675
2026/05/07 09:18:20,90,0.026622958481311798
2026/05/07 09:18:21,91,0.028305478394031525
2026/05/07 09:18:22,91,0.02665175311267376
2026/05/07 09:18:23,91,0.07978777587413788
2026/05/07 09:18:24,90,0.1674402356147766
2026/05/07 09:18:25,89,0.17904746532440186
2026/05/07 09:18:26,88,0.1564548760652542
2026/05/07 09:18:27,87,0.13365457952022552
2026/05/07 09:18:28,86,0.0675240308046341
2026/05/07 09:18:29,85,0.14364242553710938
2026/05/07 09:18:30,84,0.099214568734169
2026/05/07 09:18:31,82,0.02434268780052662
2026/05/07 09:18:32,81,0.023646844550967216
2026/05/07 09:18:33,80,0.023834440857172012
2026/05/07 09:18:34,79,0.024133626371622086
2026/05/07 09:18:35,79,0.0241937767714262
2026/05/07 09:18:36,79,0.024631395936012268
2026/05/07 09:18:37,79,0.02403709851205349
2026/05/07 09:18:38,80,0.024369966238737106
2026/05/07 09:18:39,80,0.02449946105480194
2026/05/07 09:18:40,81,0.03427795693278313
2026/05/07 09:18:41,80,0.02662760578095913
2026/05/07 09:18:42,80,0.025896331295371056
2026/05/07 09:18:43,79,0.025856291875243187
2026/05/07 09:18:44,78,0.024956898763775826
2026/05/07 09:18:45,77,0.02558656968176365
2026/05/07 09:18:46,76,0.0254280474036932
2026/05/07 09:18:47,75,0.024820586666464806
2026/05/07 09:18:48,73,0.025207502767443657
2026/05/07 09:18:49,72,0.024545662105083466
2026/05/07 09:18:50,70,0.025077419355511665
2026/05/07 09:18:51,69,0.029299957677721977
2026/05/07 09:18:52,68,0.03335927054286003
2026/05/07 09:18:53,67,0.038391273468732834
2026/05/07 09:18:54,67,0.04352575168013573
2026/05/07 09:18:55,66,0.04086535423994064
2026/05/07 09:18:56,65,0.04305052384734154
2026/05/07 09:18:57,65,0.04723421484231949
2026/05/07 09:18:58,64,0.03488518297672272
2026/05/07 09:18:59,63,0.0408087857067585
2026/05/07 09:19:00,62,0.03900398313999176
2026/05/07 09:19:01,62,0.042231880128383636
2026/05/07 09:19:02,61,0.037138909101486206
2026/05/07 09:19:03,61,0.03714524209499359
2026/05/07 09:19:04,61,0.03699009492993355
2026/05/07 09:19:05,62,0.03797362744808197
2026/05/07 09:19:06,62,0.038255807012319565
2026/05/07 09:19:07,62,0.0418095700442791
2026/05/07 09:19:08,63,0.042776137590408325
2026/05/07 09:19:09,63,0.030091604217886925
2026/05/07 09:19:10,64,0.02559451200067997
2026/05/07 09:19:11,64,0.029127970337867737
2026/05/07 09:19:12,64,0.031015494838356972
2026/05/07 09:19:13,65,0.031370725482702255
2026/05/07 09:19:14,65,0.0324101522564888
2026/05/07 09:19:15,65,0.030757928267121315
2026/05/07 09:19:16,65,0.03229960799217224
2026/05/07 09:19:17,65,0.034882593899965286
2026/05/07 09:19:18,64,0.03572889417409897
2026/05/07 09:19:19,63,0.03431510925292969
2026/05/07 09:19:20,63,0.03507744148373604
2026/05/07 09:19:21,63,0.035824503749608994
2026/05/07 09:19:22,62,0.034168265759944916
2026/05/07 09:19:23,62,0.035227179527282715
2026/05/07 09:19:24,62,0.034096647053956985
2026/05/07 09:19:25,62,0.03754900023341179
2026/05/07 09:19:26,62,0.03278770297765732
2026/05/07 09:19:27,62,0.034837402403354645
2026/05/07 09:19:28,62,0.03402255102992058
2026/05/07 09:19:29,62,0.03397770971059799
2026/05/07 09:19:30,62,0.03402835503220558
2026/05/07 09:19:31,63,0.03463545814156532
2026/05/07 09:19:32,63,0.0345073938369751
2026/05/07 09:19:33,63,0.03658350184559822
2026/05/07 09:19:34,63,0.035235557705163956
2026/05/07 09:19:35,64,0.03633566200733185
2026/05/07 09:19:36,64,0.035659484565258026
2026/05/07 09:19:37,65,0.03614882752299309
2026/05/07 09:19:38,65,0.034926675260066986
2026/05/07 09:19:39,66,0.03571192920207977
2026/05/07 09:19:40,67,0.03557218983769417
2026/05/07 09:19:41,68,0.0351937897503376
2026/05/07 09:19:42,69,0.03826059401035309
2026/05/07 09:19:43,69,0.03759259730577469
2026/05/07 09:19:44,69,0.035467442125082016
2026/05/07 09:19:45,69,0.03728112950921059
2026/05/07 09:19:46,68,0.036069177091121674
2026/05/07 09:19:47,67,0.03463798016309738
2026/05/07 09:19:48,67,0.03679675981402397
2026/05/07 09:19:49,67,0.03685486689209938
2026/05/07 09:19:50,66,0.036260008811950684
2026/05/07 09:19:51,67,0.03737349435687065
2026/05/07 09:19:52,67,0.03743446618318558
2026/05/07 09:19:53,67,0.0369640588760376
2026/05/07 09:19:54,67,0.03877588361501694
2026/05/07 09:19:55,67,0.03928206488490105
2026/05/07 09:19:56,67,0.037419792264699936
2026/05/07 09:19:57,67,0.03721429035067558
2026/05/07 09:19:58,67,0.03727168217301369
2026/05/07 09:19:59,67,0.036749083548784256
2026/05/07 09:20:00,67,0.03793014958500862
2026/05/07 09:20:01,68,0.04358295723795891
2026/05/07 09:20:02,68,0.0399073101580143
2026/05/07 09:20:03,69,0.0397353321313858
2026/05/07 09:20:04,69,0.03884273022413254
2026/05/07 09:20:05,70,0.03960548713803291
2026/05/07 09:20:06,70,0.038669344037771225
2026/05/07 09:20:07,70,0.03898230567574501
2026/05/07 09:20:08,70,0.03866536170244217
2026/05/07 09:20:09,69,0.038841363042593
2026/05/07 09:20:10,68,0.03929760679602623
2026/05/07 09:20:11,68,0.03907449170947075
2026/05/07 09:20:12,68,0.03929736465215683
2026/05/07 09:20:13,69,0.039482902735471725
2026/05/07 09:20:14,70,0.03870457783341408
2026/05/07 09:20:15,71,0.039058104157447815
2026/05/07 09:20:16,71,0.03898647427558899
2026/05/07 09:20:17,71,0.03916873037815094
2026/05/07 09:20:18,71,0.038849879056215286
2026/05/07 09:20:19,70,0.03889736160635948
2026/05/07 09:20:20,69,0.03997381776571274
2026/05/07 09:20:21,68,0.043967749923467636
2026/05/07 09:20:22,67,0.05022803694009781
2026/05/07 09:20:23,66,0.05043789744377136
2026/05/07 09:20:24,66,0.06361784040927887
2026/05/07 09:20:25,65,0.04721057042479515
2026/05/07 09:20:26,65,0.05025992915034294
2026/05/07 09:20:27,64,0.051814883947372437
2026/05/07 09:20:28,63,0.04344234988093376
2026/05/07 09:20:29,63,0.050122689455747604
2026/05/07 09:20:30,64,0.029860125854611397
2026/05/07 09:20:31,65,0.06295792758464813
2026/05/07 09:20:32,66,0.03254586085677147
2026/05/07 09:20:33,68,0.03907237946987152
2026/05/07 09:20:34,69,0.04302394017577171
2026/05/07 09:20:35,71,0.0369080975651741
2026/05/07 09:20:36,73,0.04762428626418114
2026/05/07 09:20:37,74,0.04981588199734688
2026/05/07 09:20:38,76,0.050515998154878616
2026/05/07 09:20:39,78,0.06913115829229355
2026/05/07 09:20:40,79,0.03914729505777359
2026/05/07 09:20:41,80,0.06182852387428284
2026/05/07 09:20:42,81,0.047166857868433
2026/05/07 09:20:43,81,0.03403579443693161
2026/05/07 09:20:44,82,0.04118107631802559
2026/05/07 09:20:45,81,0.03747755289077759
2026/05/07 09:20:46,80,0.03707866370677948
2026/05/07 09:20:47,79,0.03865097463130951
2026/05/07 09:20:48,78,0.05006857216358185
2026/05/07 09:20:49,78,0.04903944954276085
2026/05/07 09:20:50,77,0.042295876890420914
2026/05/07 09:20:51,76,0.140940859913826
2026/05/07 09:20:52,76,0.07229916006326675
2026/05/07 09:20:53,77,0.05006637051701546
2026/05/07 09:20:54,77,0.038885198533535004
2026/05/07 09:20:55,77,0.04044047370553017
2026/05/07 09:20:56,77,0.03788195922970772
2026/05/07 09:20:57,77,0.03896651789546013
2026/05/07 09:20:58,77,0.03980271518230438
2026/05/07 09:20:59,78,0.04287029430270195
2026/05/07 09:21:00,78,0.044959843158721924
2026/05/07 09:21:01,78,0.04232008755207062
2026/05/07 09:21:02,79,0.041021738201379776
2026/05/07 09:21:03,79,0.04011353850364685
2026/05/07 09:21:04,80,0.04206433892250061
2026/05/07 09:21:05,81,0.04124784469604492
2026/05/07 09:21:06,81,0.0410308800637722
2026/05/07 09:21:07,81,0.041373059153556824
2026/05/07 09:21:08,82,0.04210785776376724
2026/05/07 09:21:09,81,0.04297003522515297
2026/05/07 09:21:10,81,0.021466732025146484
2026/05/07 09:21:11,80,0.0288408026099205
2026/05/07 09:21:12,80,0.027199462056159973
2026/05/07 09:21:13,78,0.03095526620745659
2026/05/07 09:21:14,77,0.02719772607088089
2026/05/07 09:21:15,76,0.029854681342840195
2026/05/07 09:21:16,75,0.02333761565387249
2026/05/07 09:21:17,74,0.03129330277442932
2026/05/07 09:21:18,74,0.03729742392897606
2026/05/07 09:21:19,73,0.02509281598031521
2026/05/07 09:21:20,72,0.02832339145243168
2026/05/07 09:21:21,72,0.03236030787229538
2026/05/07 09:21:22,71,0.030277883633971214
2026/05/07 09:21:23,71,0.02566528134047985
2026/05/07 09:21:24,71,0.02408076636493206
2026/05/07 09:21:25,70,0.025886934250593185
2026/05/07 09:21:26,70,0.02769423834979534
2026/05/07 09:21:27,70,0.024102579802274704
2026/05/07 09:21:28,70,0.026305902749300003
2026/05/07 09:21:29,71,0.02581225335597992
2026/05/07 09:21:30,71,0.02941119484603405
2026/05/07 09:21:31,71,0.03409188985824585
2026/05/07 09:21:32,71,0.031614333391189575
2026/05/07 09:21:33,71,0.042067285627126694
2026/05/07 09:21:34,70,0.0679340809583664
2026/05/07 09:21:35,70,0.09489250183105469
2026/05/07 09:21:36,69,0.047328490763902664
2026/05/07 09:21:37,69,0.05870524048805237
2026/05/07 09:21:38,69,0.03497357666492462
2026/05/07 09:21:39,69,0.033028170466423035
2026/05/07 09:21:40,69,0.03444193676114082
2026/05/07 09:21:41,69,0.03410084918141365
2026/05/07 09:21:42,70,0.035005416721105576
2026/05/07 09:21:43,70,0.03404206782579422
2026/05/07 09:21:44,71,0.03777489811182022
2026/05/07 09:21:45,72,0.03434149548411369
2026/05/07 09:21:46,72,0.03551558405160904
2026/05/07 09:21:47,73,0.03711466118693352
2026/05/07 09:21:48,74,0.030636098235845566
2026/05/07 09:21:49,75,0.043498966842889786
2026/05/07 09:21:50,76,0.032299596816301346
2026/05/07 09:21:51,76,0.03363826498389244
2026/05/07 09:21:52,76,0.0349821001291275
2026/05/07 09:21:53,76,0.03377946466207504
2026/05/07 09:21:54,75,0.037197139114141464
2026/05/07 09:21:55,74,0.036619193851947784
2026/05/07 09:21:56,74,0.03707551956176758
2026/05/07 09:21:57,73,0.036781515926122665
2026/05/07 09:21:58,72,0.036967311054468155
2026/05/07 09:21:59,71,0.03650548681616783
2026/05/07 09:22:00,71,0.03731636330485344
2026/05/07 09:22:01,70,0.03529803454875946
2026/05/07 09:22:02,70,0.03331143781542778
2026/05/07 09:22:03,70,0.026351992040872574
2026/05/07 09:22:04,69,0.026986997574567795
2026/05/07 09:22:05,69,0.03252893686294556
2026/05/07 09:22:06,69,0.06697205454111099
2026/05/07 09:22:07,69,0.03127346560359001
2026/05/07 09:22:08,69,0.031268198043107986
2026/05/07 09:22:09,69,0.03135380148887634
2026/05/07 09:22:10,69,0.046749766916036606
2026/05/07 09:22:11,70,0.051907751709222794
2026/05/07 09:22:12,70,0.03267146274447441
2026/05/07 09:22:13,70,0.034788645803928375
2026/05/07 09:22:14,71,0.03051714599132538
2026/05/07 09:22:15,72,0.03492170572280884
2026/05/07 09:22:16,72,0.04562053829431534
2026/05/07 09:22:17,73,0.028322327882051468
2026/05/07 09:22:18,74,0.03287213668227196
2026/05/07 09:22:19,74,0.030627842992544174
2026/05/07 09:22:20,74,0.028753329068422318
2026/05/07 09:22:21,73,0.028666267171502113
2026/05/07 09:22:22,72,0.031456347554922104
2026/05/07 09:22:23,71,0.03090354986488819
2026/05/07 09:22:24,71,0.02820039540529251
2026/05/07 09:22:25,70,0.029819197952747345
2026/05/07 09:22:26,69,0.029822424054145813
2026/05/07 09:22:27,68,0.030595632269978523
2026/05/07 09:22:28,68,0.02929767407476902
2026/05/07 09:22:29,68,0.029902681708335876
2026/05/07 09:22:30,68,0.030423438176512718
2026/05/07 09:22:31,68,0.029812341555953026
2026/05/07 09:22:32,67,0.029837695881724358
2026/05/07 09:22:33,67,0.02948782965540886
2026/05/07 09:22:34,67,0.02949030138552189
2026/05/07 09:22:35,67,0.030086243525147438
2026/05/07 09:22:36,66,0.029414091259241104
2026/05/07 09:22:37,67,0.029116852208971977
2026/05/07 09:22:38,67,0.028853468596935272
2026/05/07 09:22:39,68,0.029724735766649246
2026/05/07 09:22:40,68,0.029542280361056328
2026/05/07 09:22:41,67,0.029956504702568054
2026/05/07 09:22:42,67,0.03476734831929207
2026/05/07 09:22:43,67,0.038252755999565125
2026/05/07 09:22:44,66,0.03734000027179718
2026/05/07 09:22:45,67,0.03826836496591568
2026/05/07 09:22:46,67,0.03718499466776848
2026/05/07 09:22:47,67,0.03778955712914467
2026/05/07 09:22:48,68,0.037355899810791016
2026/05/07 09:22:49,67,0.04031253978610039
2026/05/07 09:22:50,67,0.047617655247449875
2026/05/07 09:22:51,66,0.036543261259794235
2026/05/07 09:22:52,66,0.03524598851799965
2026/05/07 09:22:53,66,0.035282157361507416
2026/05/07 09:22:54,66,0.037349071353673935
2026/05/07 09:22:55,66,0.036209214478731155
2026/05/07 09:22:56,66,0.037237197160720825
2026/05/07 09:22:57,66,0.03733184188604355
2026/05/07 09:22:58,67,0.036727968603372574
2026/05/07 09:22:59,68,0.035998959094285965
2026/05/07 09:23:00,68,0.037041377276182175
2026/05/07 09:23:01,70,0.038219958543777466
2026/05/07 09:23:02,71,0.04298282414674759
2026/05/07 09:23:03,72,0.036840952932834625
2026/05/07 09:23:04,72,0.04153667017817497
2026/05/07 09:23:05,72,0.03938606008887291
2026/05/07 09:23:06,71,0.043435920029878616
2026/05/07 09:23:07,70,0.0425458624958992
2026/05/07 09:23:08,69,0.04244203865528107
2026/05/07 09:23:09,67,0.04173170030117035
2026/05/07 09:23:10,66,0.04178988188505173
2026/05/07 09:23:11,66,0.04191913828253746
2026/05/07 09:23:12,65,0.04132616147398949
2026/05/07 09:23:13,65,0.04228441044688225
2026/05/07 09:23:14,65,0.04215056076645851
2026/05/07 09:23:15,65,0.042206279933452606
2026/05/07 09:23:16,65,0.04217635840177536
2026/05/07 09:23:17,65,0.0418703556060791
2026/05/07 09:23:18,65,0.04224637895822525
2026/05/07 09:23:19,65,0.04229294881224632
2026/05/07 09:23:20,64,0.04244647175073624
2026/05/07 09:23:21,64,0.04127521812915802
2026/05/07 09:23:22,64,0.04392148554325104
2026/05/07 09:23:23,65,0.0432731918990612
2026/05/07 09:23:24,65,0.04225781932473183
2026/05/07 09:23:25,66,0.041609153151512146
2026/05/07 09:23:26,66,0.041118815541267395
2026/05/07 09:23:27,66,0.04133046418428421
2026/05/07 09:23:28,66,0.04235253483057022
2026/05/07 09:23:29,66,0.04336921498179436
2026/05/07 09:23:30,67,0.04616553708910942
2026/05/07 09:23:31,68,0.0634395107626915
2026/05/07 09:23:32,69,0.04107768088579178
2026/05/07 09:23:33,70,0.03962693735957146
2026/05/07 09:23:34,71,0.04306306317448616
2026/05/07 09:23:35,73,0.03827826678752899
2026/05/07 09:23:36,74,0.040803223848342896
2026/05/07 09:23:37,75,0.03994475677609444
2026/05/07 09:23:38,76,0.0404229499399662
2026/05/07 09:23:39,76,0.04027402028441429
2026/05/07 09:23:40,77,0.04136965423822403
2026/05/07 09:23:41,78,0.04147106781601906
2026/05/07 09:23:42,78,0.040087513625621796
2026/05/07 09:23:43,78,0.041648391634225845
2026/05/07 09:23:44,78,0.03997432813048363
2026/05/07 09:23:45,78,0.041245926171541214
2026/05/07 09:23:46,78,0.04207495227456093
2026/05/07 09:23:47,77,0.04210062325000763
2026/05/07 09:23:48,77,0.037571437656879425
2026/05/07 09:23:49,75,0.03785575553774834
2026/05/07 09:23:50,74,0.037303902208805084
2026/05/07 09:23:51,74,0.03828457370400429
2026/05/07 09:23:52,73,0.038341231644153595
2026/05/07 09:23:53,74,0.03871116414666176
2026/05/07 09:23:54,74,0.04088108241558075
2026/05/07 09:23:55,75,0.03909396380186081
2026/05/07 09:23:56,76,0.03814123198390007
2026/05/07 09:23:57,77,0.04094867780804634
2026/05/07 09:23:58,78,0.04039808362722397
2026/05/07 09:23:59,79,0.04021259397268295
2026/05/07 09:24:00,79,0.039138250052928925
2026/05/07 09:24:01,79,0.04046955704689026
2026/05/07 09:24:02,78,0.04000628739595413
2026/05/07 09:24:03,78,0.040445391088724136
2026/05/07 09:24:04,78,0.03881266713142395
2026/05/07 09:24:05,78,0.04366934671998024
2026/05/07 09:24:06,79,0.043639615178108215
2026/05/07 09:24:07,79,0.04082068055868149
2026/05/07 09:24:08,78,0.04155625030398369
2026/05/07 09:24:09,78,0.04169172793626785
2026/05/07 09:24:10,78,0.04188912361860275
2026/05/07 09:24:11,77,0.0418032705783844
2026/05/07 09:24:12,77,0.041687075048685074
2026/05/07 09:24:13,77,0.041020091623067856
2026/05/07 09:24:14,77,0.04111919924616814
2026/05/07 09:24:15,77,0.041223134845495224
2026/05/07 09:24:16,77,0.04145676642656326
2026/05/07 09:24:17,77,0.040933020412921906
2026/05/07 09:24:18,77,0.042164396494627
2026/05/07 09:24:19,76,0.04128347709774971
2026/05/07 09:24:20,75,0.04143138974905014
2026/05/07 09:24:21,74,0.04126175865530968
2026/05/07 09:24:22,73,0.04114886745810509
2026/05/07 09:24:23,71,0.041039757430553436
2026/05/07 09:24:24,70,0.04119265824556351
2026/05/07 09:24:25,68,0.041540518403053284
2026/05/07 09:24:26,68,0.04215308651328087
2026/05/07 09:24:27,68,0.04148230701684952
2026/05/07 09:24:28,68,0.04138290882110596
2026/05/07 09:24:29,68,0.041701652109622955
2026/05/07 09:24:30,69,0.041892994195222855
2026/05/07 09:24:31,69,0.041351281106472015
2026/05/07 09:24:32,69,0.041692811995744705
2026/05/07 09:24:33,68,0.04123042896389961
2026/05/07 09:24:34,68,0.04172739386558533
2026/05/07 09:24:35,68,0.04121216759085655
2026/05/07 09:24:36,68,0.04082946479320526
2026/05/07 09:24:37,68,0.04179203510284424
2026/05/07 09:24:38,68,0.04133987054228783
2026/05/07 09:24:39,68,0.042218416929244995
2026/05/07 09:24:40,69,0.04096093401312828
2026/05/07 09:24:41,69,0.04067711904644966
2026/05/07 09:24:42,70,0.04129146784543991
2026/05/07 09:24:43,70,0.04130595177412033
2026/05/07 09:24:44,71,0.041064467281103134
2026/05/07 09:24:45,71,0.04057769477367401
2026/05/07 09:24:46,72,0.04151538759469986
2026/05/07 09:24:47,73,0.04084344953298569
2026/05/07 09:24:48,74,0.040641043335199356
2026/05/07 09:24:49,75,0.04051681235432625
2026/05/07 09:24:50,75,0.04089108482003212
2026/05/07 09:24:51,76,0.04125985875725746
2026/05/07 09:24:52,76,0.04155028983950615
2026/05/07 09:24:53,76,0.04143127426505089
2026/05/07 09:24:54,76,0.04106415808200836
2026/05/07 09:24:55,76,0.0407455675303936
2026/05/07 09:24:56,76,0.04091217741370201
2026/05/07 09:24:57,76,0.040912821888923645
2026/05/07 09:24:58,76,0.041061874479055405
2026/05/07 09:24:59,76,0.0415162667632103
2026/05/07 09:25:00,76,0.04101776331663132
2026/05/07 09:25:01,76,0.0411449559032917
2026/05/07 09:25:02,76,0.040923163294792175
2026/05/07 09:25:03,76,0.04117630422115326
2026/05/07 09:25:04,76,0.04009002074599266
2026/05/07 09:25:05,76,0.04096505045890808
2026/05/07 09:25:06,75,0.04098493605852127
2026/05/07 09:25:07,75,0.04141567274928093
2026/05/07 09:25:08,75,0.03665268421173096
2026/05/07 09:25:09,75,0.04688013345003128
2026/05/07 09:25:10,75,0.03309718891978264
2026/05/07 09:25:11,74,0.033601149916648865
2026/05/07 09:25:12,73,0.03639302775263786
2026/05/07 09:25:13,72,0.04820867255330086
2026/05/07 09:25:14,71,0.0393390990793705
2026/05/07 09:25:15,71,0.06561834365129471
2026/05/07 09:25:16,71,0.03923600912094116
2026/05/07 09:25:17,72,0.06855957955121994
2026/05/07 09:25:18,73,0.02945786342024803
2026/05/07 09:25:19,74,0.03425094485282898
2026/05/07 09:25:20,76,0.03636309131979942
2026/05/07 09:25:21,77,0.11783987283706665
2026/05/07 09:25:22,78,0.08685054630041122
2026/05/07 09:25:23,78,0.03212330490350723
2026/05/07 09:25:24,79,0.03483625873923302
2026/05/07 09:25:25,79,0.02365458756685257
2026/05/07 09:25:26,80,0.03295137733221054
2026/05/07 09:25:27,80,0.028803614899516106
2026/05/07 09:25:28,80,0.029723748564720154
2026/05/07 09:25:29,80,0.04456629231572151
2026/05/07 09:25:30,80,0.02916778065264225
2026/05/07 09:25:31,79,0.024567635729908943
2026/05/07 09:25:32,78,0.023600710555911064
2026/05/07 09:25:33,77,0.024214131757616997
2026/05/07 09:25:34,77,0.024098552763462067
2026/05/07 09:25:35,76,0.022758303210139275
2026/05/07 09:25:36,75,0.02558050863444805
2026/05/07 09:25:37,74,0.03693094477057457
2026/05/07 09:25:38,73,0.04596734791994095
2026/05/07 09:25:39,73,0.054130058735609055
2026/05/07 09:25:40,72,0.042220521718263626
2026/05/07 09:25:41,72,0.027565492317080498
2026/05/07 09:25:42,72,0.026053551584482193
2026/05/07 09:25:43,73,0.027219343930482864
2026/05/07 09:25:44,73,0.026269393041729927
2026/05/07 09:25:45,73,0.026581265032291412
2026/05/07 09:25:46,74,0.025942206382751465
2026/05/07 09:25:47,74,0.026844561100006104
2026/05/07 09:25:48,74,0.02641705982387066
2026/05/07 09:25:49,75,0.027496784925460815
2026/05/07 09:25:50,75,0.02713305503129959
2026/05/07 09:25:51,75,0.027237020432949066
2026/05/07 09:25:52,76,0.026820087805390358
2026/05/07 09:25:53,75,0.029347103089094162
2026/05/07 09:25:54,75,0.02892635203897953
2026/05/07 09:25:55,75,0.0491277351975441
2026/05/07 09:25:56,74,0.02533564157783985
2026/05/07 09:25:57,74,0.026416664943099022
2026/05/07 09:25:58,73,0.07188273221254349
2026/05/07 09:25:59,73,0.024676645174622536
2026/05/07 09:26:00,73,0.10885407030582428
2026/05/07 09:26:01,72,0.036684587597846985
2026/05/07 09:26:02,72,0.028479665517807007
2026/05/07 09:26:03,73,0.028985878452658653
2026/05/07 09:26:04,73,0.029808374121785164
2026/05/07 09:26:05,73,0.028545541688799858
2026/05/07 09:26:06,74,0.028808576986193657
2026/05/07 09:26:07,74,0.029297010973095894
2026/05/07 09:26:08,74,0.029899245128035545
2026/05/07 09:26:09,75,0.029408544301986694
2026/05/07 09:26:10,76,0.02971179224550724
2026/05/07 09:26:11,76,0.02968369983136654
2026/05/07 09:26:12,76,0.029084233567118645
2026/05/07 09:26:13,77,0.030017048120498657
2026/05/07 09:26:14,77,0.029657959938049316
2026/05/07 09:26:15,76,0.029708221554756165
2026/05/07 09:26:16,76,0.029266592115163803
2026/05/07 09:26:17,76,0.030146250501275063
2026/05/07 09:26:18,76,0.030010689049959183
2026/05/07 09:26:19,75,0.029543444514274597
2026/05/07 09:26:20,75,0.02952735684812069
2026/05/07 09:26:21,75,0.029594415798783302
2026/05/07 09:26:22,74,0.03015720844268799
2026/05/07 09:26:23,74,0.029983339831233025
2026/05/07 09:26:24,74,0.029362546280026436
2026/05/07 09:26:25,73,0.030436895787715912
2026/05/07 09:26:26,73,0.029712751507759094
2026/05/07 09:26:27,72,0.029141083359718323
2026/05/07 09:26:28,72,0.029892735183238983
2026/05/07 09:26:29,72,0.03532583266496658
2026/05/07 09:26:30,72,0.02956610545516014
2026/05/07 09:26:31,72,0.030008642002940178
2026/05/07 09:26:32,73,0.03043261170387268
2026/05/07 09:26:33,73,0.02986241690814495
2026/05/07 09:26:34,73,0.029653774574398994
2026/05/07 09:26:35,73,0.02981569804251194
2026/05/07 09:26:36,73,0.030040856450796127
2026/05/07 09:26:37,73,0.03028455562889576
2026/05/07 09:26:38,72,0.029813915491104126
2026/05/07 09:26:39,73,0.030040083453059196
2026/05/07 09:26:40,73,0.03257355839014053
2026/05/07 09:26:41,74,0.036611080169677734
2026/05/07 09:26:42,74,0.030186230316758156
2026/05/07 09:26:43,74,0.033599864691495895
2026/05/07 09:26:44,74,0.029891572892665863
2026/05/07 09:26:45,73,0.05389879643917084
2026/05/07 09:26:46,72,0.04149464890360832
2026/05/07 09:26:47,71,0.06622844934463501
2026/05/07 09:26:48,70,0.07469677180051804
2026/05/07 09:26:49,70,0.04778657853603363
2026/05/07 09:26:50,70,0.25570324063301086
2026/05/07 09:26:51,71,0.1127128154039383
2026/05/07 09:26:52,71,0.0888625755906105
2026/05/07 09:26:53,72,0.08348386734724045
2026/05/07 09:26:54,73,0.12912628054618835
2026/05/07 09:26:55,74,0.02886229380965233
2026/05/07 09:26:56,74,0.016960028558969498
2026/05/07 09:26:57,75,0.01608435995876789
2026/05/07 09:26:58,76,0.019061006605625153
2026/05/07 09:26:59,76,0.017731817439198494
2026/05/07 09:27:00,76,0.023018259555101395
2026/05/07 09:27:01,77,0.017805222421884537
2026/05/07 09:27:02,77,0.02299891784787178
2026/05/07 09:27:03,77,0.017044395208358765
2026/05/07 09:27:04,77,0.016742847859859467
2026/05/07 09:27:05,77,0.017185036092996597
2026/05/07 09:27:06,77,0.016871964558959007
2026/05/07 09:27:07,76,0.017239509150385857
2026/05/07 09:27:08,76,0.01833840273320675
2026/05/07 09:27:09,75,0.019210919737815857
2026/05/07 09:27:10,75,0.027113398537039757
2026/05/07 09:27:11,74,0.01899402216076851
2026/05/07 09:27:12,73,0.01719439961016178
2026/05/07 09:27:13,73,0.017442725598812103
2026/05/07 09:27:14,72,0.017977891489863396
2026/05/07 09:27:15,71,0.01751668192446232
2026/05/07 09:27:16,71,0.01727427914738655
2026/05/07 09:27:17,70,0.017298299819231033
2026/05/07 09:27:18,69,0.017650874331593513
2026/05/07 09:27:19,68,0.017251823097467422
2026/05/07 09:27:20,67,0.01690707355737686
2026/05/07 09:27:21,67,0.01779489405453205
2026/05/07 09:27:22,67,0.0250166654586792
2026/05/07 09:27:23,67,0.023476112633943558
2026/05/07 09:27:24,67,0.013755865395069122
2026/05/07 09:27:25,67,0.014679091051220894
2026/05/07 09:27:26,67,0.01440539862960577
2026/05/07 09:27:27,66,0.013650801964104176
2026/05/07 09:27:28,66,0.012987261638045311
2026/05/07 09:27:29,65,0.013649380765855312
2026/05/07 09:27:30,65,0.01330986525863409
2026/05/07 09:27:31,65,0.012563582509756088
2026/05/07 09:27:32,64,0.013393663801252842
2026/05/07 09:27:33,64,0.013296501711010933
2026/05/07 09:27:34,64,0.013142084702849388
2026/05/07 09:27:35,63,0.012489086017012596
2026/05/07 09:27:36,63,0.012667639181017876
2026/05/07 09:27:37,63,0.013239062391221523
2026/05/07 09:27:38,62,0.01300995983183384
2026/05/07 09:27:39,62,0.012096959166228771
2026/05/07 09:27:40,62,0.011775036342442036
2026/05/07 09:27:41,62,0.012581848539412022
2026/05/07 09:27:42,62,0.013080120086669922
2026/05/07 09:27:43,62,0.012134016491472721
2026/05/07 09:27:44,62,0.01227531861513853
2026/05/07 09:27:45,62,0.0128274941816926
2026/05/07 09:27:46,62,0.01255918201059103
2026/05/07 09:27:47,62,0.012492679990828037
2026/05/07 09:27:48,62,0.012043464928865433
2026/05/07 09:27:49,63,0.012332404032349586
2026/05/07 09:27:50,63,0.012323462404310703
2026/05/07 09:27:51,64,0.011824006214737892
2026/05/07 09:27:52,64,0.011744395829737186
2026/05/07 09:27:53,64,0.011778379790484905
2026/05/07 09:27:54,63,0.011146052740514278
2026/05/07 09:27:55,63,0.01139636430889368
2026/05/07 09:27:56,63,0.01248710136860609
2026/05/07 09:27:57,62,0.010888366959989071
2026/05/07 09:27:58,62,0.010945073328912258
2026/05/07 09:27:59,63,0.011311826296150684
2026/05/07 09:28:00,63,0.007910738699138165
2026/05/07 09:28:01,63,0.03516517952084541
2026/05/07 09:28:02,63,0.03274725005030632
2026/05/07 09:28:03,63,0.04794225096702576
2026/05/07 09:28:04,63,0.07052593678236008
2026/05/07 09:28:05,64,0.09876161813735962
2026/05/07 09:28:06,64,0.059190668165683746
2026/05/07 09:28:07,65,0.06598964333534241
2026/05/07 09:28:08,65,0.02873876690864563
2026/05/07 09:28:09,66,0.030216583982110023
2026/05/07 09:28:10,66,0.02622736059129238
2026/05/07 09:28:11,67,0.026927178725600243
2026/05/07 09:28:12,67,0.0271396953612566
2026/05/07 09:28:13,69,0.026845257729291916
2026/05/07 09:28:14,70,0.026616590097546577
2026/05/07 09:28:15,71,0.027563435956835747
2026/05/07 09:28:16,72,0.027305742725729942
2026/05/07 09:28:17,73,0.026455005630850792
2026/05/07 09:28:18,74,0.02819461189210415
2026/05/07 09:28:19,74,0.08962810784578323
2026/05/07 09:28:20,75,0.17380821704864502
2026/05/07 09:28:21,75,0.059624359011650085
2026/05/07 09:28:22,76,0.2938857078552246
2026/05/07 09:28:23,75,0.14578066766262054
2026/05/07 09:28:24,75,0.079310841858387
2026/05/07 09:28:25,75,0.07490141689777374
2026/05/07 09:28:26,74,0.08396299183368683
2026/05/07 09:28:27,74,0.07813587784767151
2026/05/07 09:28:28,74,0.07231705635786057
2026/05/07 09:28:29,74,0.05248532444238663
2026/05/07 09:28:30,73,0.047156933695077896
2026/05/07 09:28:31,74,0.04447754845023155
2026/05/07 09:28:32,74,0.05278543010354042
2026/05/07 09:28:33,75,0.05763506516814232
2026/05/07 09:28:34,76,0.11785751581192017
2026/05/07 09:28:35,76,0.04455013573169708
2026/05/07 09:28:36,77,0.04366176202893257
2026/05/07 09:28:37,77,0.04366810619831085
2026/05/07 09:28:38,77,0.04421292990446091
2026/05/07 09:28:39,77,0.0690397396683693
2026/05/07 09:28:40,77,0.04366229474544525
2026/05/07 09:28:41,76,0.04365566000342369
2026/05/07 09:28:42,76,0.04282500967383385
2026/05/07 09:28:43,75,0.04415345564484596
2026/05/07 09:28:44,75,0.043882064521312714
2026/05/07 09:28:45,74,0.04290536046028137
2026/05/07 09:28:46,74,0.04325580969452858
2026/05/07 09:28:47,73,0.043033089488744736
2026/05/07 09:28:48,73,0.043773721903562546
2026/05/07 09:28:49,73,0.04324737563729286
2026/05/07 09:28:50,73,0.04458614066243172
2026/05/07 09:28:51,73,0.044163044542074203
2026/05/07 09:28:52,72,0.04150685295462608
2026/05/07 09:28:53,72,0.04316267743706703
2026/05/07 09:28:54,72,0.04356393590569496
2026/05/07 09:28:55,71,0.043055009096860886
2026/05/07 09:28:56,71,0.042688362300395966
2026/05/07 09:28:57,70,0.04190787672996521
2026/05/07 09:28:58,69,0.04383791610598564
2026/05/07 09:28:59,69,0.04338211566209793
2026/05/07 09:29:00,68,0.042780328541994095
2026/05/07 09:29:01,67,0.04314378648996353
2026/05/07 09:29:02,67,0.043559059500694275
2026/05/07 09:29:03,66,0.04398868978023529
2026/05/07 09:29:04,66,0.04324880987405777
2026/05/07 09:29:05,65,0.0432412326335907
2026/05/07 09:29:06,65,0.04358770698308945
2026/05/07 09:29:07,64,0.04270998388528824
2026/05/07 09:29:08,64,0.04200712591409683
2026/05/07 09:29:09,63,0.043197907507419586
2026/05/07 09:29:10,63,0.042108505964279175
2026/05/07 09:29:11,63,0.042829714715480804
2026/05/07 09:29:12,62,0.04313448444008827
2026/05/07 09:29:13,63,0.04230211302638054
2026/05/07 09:29:14,63,0.045403044670820236
2026/05/07 09:29:15,63,0.04258275404572487
2026/05/07 09:29:16,63,0.04270276799798012
2026/05/07 09:29:17,63,0.04245443642139435
2026/05/07 09:29:18,64,0.04323217645287514
2026/05/07 09:29:19,63,0.04289032891392708
2026/05/07 09:29:20,63,0.04266287758946419
2026/05/07 09:29:21,62,0.04388655722141266
2026/05/07 09:29:22,62,0.04330393299460411
2026/05/07 09:29:23,61,0.04292289540171623
2026/05/07 09:29:24,61,0.04225485771894455
2026/05/07 09:29:25,60,0.0432031974196434
2026/05/07 09:29:26,60,0.042734622955322266
2026/05/07 09:29:27,59,0.04279905930161476
2026/05/07 09:29:28,59,0.04336940869688988
2026/05/07 09:29:29,58,0.04271399602293968
2026/05/07 09:29:30,57,0.042900435626506805
2026/05/07 09:29:31,57,0.042903169989585876
2026/05/07 09:29:32,56,0.04252427816390991
2026/05/07 09:29:33,56,0.042502790689468384
2026/05/07 09:29:34,56,0.04296984523534775
2026/05/07 09:29:35,56,0.043419573456048965
2026/05/07 09:29:36,55,0.04237503185868263
2026/05/07 09:29:37,55,0.04285294935107231
2026/05/07 09:29:38,55,0.04273904860019684
2026/05/07 09:29:39,55,0.047546010464429855
2026/05/07 09:29:40,55,0.04401186853647232
2026/05/07 09:29:41,56,0.04349006712436676
2026/05/07 09:29:42,56,0.04269207641482353
2026/05/07 09:29:43,57,0.04455970600247383
2026/05/07 09:29:44,57,0.06841933727264404
2026/05/07 09:29:45,59,0.06494326889514923
2026/05/07 09:29:46,60,0.04249607399106026
2026/05/07 09:29:47,61,0.14117951691150665
2026/05/07 09:29:48,62,0.08726877719163895
2026/05/07 09:29:49,64,0.05271245539188385
2026/05/07 09:29:50,66,0.05930113047361374
2026/05/07 09:29:51,67,0.13131296634674072
2026/05/07 09:29:52,69,0.0383172482252121
2026/05/07 09:29:53,70,0.054258134216070175
2026/05/07 09:29:54,72,0.04262874275445938
2026/05/07 09:29:55,73,0.05454913154244423
2026/05/07 09:29:56,74,0.09996253997087479
2026/05/07 09:29:57,75,0.047002825886011124
2026/05/07 09:29:58,75,0.044452980160713196
2026/05/07 09:29:59,77,0.09391742944717407
2026/05/07 09:30:00,77,0.10559073835611343
2026/05/07 09:30:01,79,0.1067996472120285
2026/05/07 09:30:02,80,0.08999167382717133
2026/05/07 09:30:03,81,0.044306546449661255
2026/05/07 09:30:04,83,0.029971893876791
2026/05/07 09:30:05,84,0.029939936473965645
2026/05/07 09:30:06,85,0.025821547955274582
2026/05/07 09:30:07,86,0.025350863113999367
2026/05/07 09:30:08,87,0.0260934941470623
2026/05/07 09:30:09,88,0.027070660144090652
2026/05/07 09:30:10,89,0.026797622442245483
2026/05/07 09:30:11,90,0.05676667019724846
2026/05/07 09:30:12,91,0.0350712351500988
2026/05/07 09:30:13,91,0.034937821328639984
2026/05/07 09:30:14,91,0.07257375866174698
2026/05/07 09:30:15,91,0.03846642002463341
2026/05/07 09:30:16,91,0.038694947957992554
2026/05/07 09:30:17,91,0.032395921647548676
2026/05/07 09:30:18,91,0.02737971395254135
2026/05/07 09:30:19,90,0.04138937219977379
2026/05/07 09:30:20,89,0.034928929060697556
2026/05/07 09:30:21,88,0.0425267219543457
2026/05/07 09:30:22,86,0.03947294503450394
2026/05/07 09:30:23,85,0.036917854100465775
2026/05/07 09:30:24,84,0.03431030362844467
2026/05/07 09:30:25,83,0.03116464614868164
2026/05/07 09:30:26,82,0.029989473521709442
2026/05/07 09:30:27,81,0.029896220192313194
2026/05/07 09:30:28,80,0.0300647784024477
2026/05/07 09:30:29,79,0.033322252333164215
2026/05/07 09:30:30,78,0.19355301558971405
2026/05/07 09:30:31,77,0.19410154223442078
2026/05/07 09:30:32,77,0.17127275466918945
2026/05/07 09:30:33,76,0.062470413744449615
2026/05/07 09:30:34,76,0.08263590186834335
2026/05/07 09:30:35,76,0.1493513286113739
2026/05/07 09:30:36,77,0.17251215875148773
2026/05/07 09:30:37,77,0.14588844776153564
2026/05/07 09:30:38,77,0.08285485208034515
2026/05/07 09:30:39,76,0.03264381363987923
2026/05/07 09:30:40,75,0.03057386912405491
2026/05/07 09:30:41,74,0.03198181837797165
2026/05/07 09:30:42,74,0.04428327456116676
2026/05/07 09:30:43,73,0.04641808941960335
2026/05/07 09:30:44,73,0.05266715958714485
2026/05/07 09:30:45,73,0.0959203913807869
2026/05/07 09:30:46,73,0.0764649510383606
2026/05/07 09:30:47,74,0.0294722281396389
2026/05/07 09:30:48,75,0.0342133566737175
2026/05/07 09:30:49,76,0.034855637699365616
2026/05/07 09:30:50,77,0.0377318449318409
2026/05/07 09:30:51,78,0.03526294603943825
2026/05/07 09:30:52,79,0.03595934808254242
2026/05/07 09:30:53,80,0.04049661010503769
2026/05/07 09:30:54,81,0.033544670790433884
2026/05/07 09:30:55,81,0.03323731943964958
2026/05/07 09:30:56,82,0.03251899033784866
2026/05/07 09:30:57,81,0.03350574150681496
2026/05/07 09:30:58,81,0.03303036093711853
2026/05/07 09:30:59,80,0.032962776720523834
2026/05/07 09:31:00,79,0.03877786546945572
2026/05/07 09:31:01,78,0.030052153393626213
2026/05/07 09:31:02,77,0.032921768724918365
2026/05/07 09:31:03,76,0.03375875949859619
2026/05/07 09:31:04,75,0.03378582000732422
2026/05/07 09:31:05,75,0.03391590341925621
2026/05/07 09:31:06,74,0.033060766756534576
2026/05/07 09:31:07,74,0.033418696373701096
2026/05/07 09:31:08,74,0.03342350944876671
2026/05/07 09:31:09,74,0.03404207527637482
2026/05/07 09:31:10,74,0.0331248939037323
2026/05/07 09:31:11,74,0.03459610417485237
2026/05/07 09:31:12,75,0.035217877477407455
2026/05/07 09:31:13,76,0.03468221426010132
2026/05/07 09:31:14,77,0.03436195105314255
2026/05/07 09:31:15,77,0.033408042043447495
2026/05/07 09:31:16,78,0.03313564509153366
2026/05/07 09:31:17,77,0.03405197709798813
2026/05/07 09:31:18,77,0.039893973618745804
2026/05/07 09:31:19,76,0.0354328453540802
2026/05/07 09:31:20,76,0.035049255937337875
2026/05/07 09:31:21,75,0.035051025450229645
2026/05/07 09:31:22,75,0.035454120486974716
2026/05/07 09:31:23,75,0.035531140863895416
2026/05/07 09:31:24,76,0.03558564931154251
2026/05/07 09:31:25,76,0.035081442445516586
2026/05/07 09:31:26,76,0.035770341753959656
2026/05/07 09:31:27,76,0.03542506322264671
2026/05/07 09:31:28,76,0.035213958472013474
2026/05/07 09:31:29,76,0.036259882152080536
2026/05/07 09:31:30,76,0.03640858083963394
2026/05/07 09:31:31,76,0.03633475676178932
2026/05/07 09:31:32,76,0.036353420466184616
2026/05/07 09:31:33,75,0.03672495856881142
2026/05/07 09:31:34,75,0.03663426637649536
2026/05/07 09:31:35,74,0.03685113787651062
2026/05/07 09:31:36,74,0.03591899201273918
2026/05/07 09:31:37,73,0.03726119548082352
2026/05/07 09:31:38,73,0.03789282962679863
2026/05/07 09:31:39,72,0.03800613433122635
2026/05/07 09:31:40,72,0.034816842526197433
2026/05/07 09:31:41,72,0.03689008578658104
2026/05/07 09:31:42,71,0.03801581636071205
2026/05/07 09:31:43,71,0.0393810048699379
2026/05/07 09:31:44,71,0.039365701377391815
2026/05/07 09:31:45,72,0.04015900939702988
2026/05/07 09:31:46,72,0.04036609083414078
2026/05/07 09:31:47,72,0.03905148804187775
2026/05/07 09:31:48,72,0.03977728635072708
2026/05/07 09:31:49,72,0.03922616317868233
2026/05/07 09:31:50,73,0.03987600654363632
2026/05/07 09:31:51,73,0.04007313400506973
2026/05/07 09:31:52,74,0.03940698504447937
2026/05/07 09:31:53,75,0.03974384814500809
2026/05/07 09:31:54,75,0.04052217677235603
2026/05/07 09:31:55,76,0.039807822555303574
2026/05/07 09:31:56,77,0.039713840931653976
2026/05/07 09:31:57,78,0.039901748299598694
2026/05/07 09:31:58,78,0.03963557258248329
2026/05/07 09:31:59,79,0.03889971226453781
2026/05/07 09:32:00,79,0.04545486345887184
2026/05/07 09:32:01,79,0.03823310136795044
2026/05/07 09:32:02,78,0.03918375074863434
2026/05/07 09:32:03,77,0.043112996965646744
2026/05/07 09:32:04,77,0.035391826182603836
2026/05/07 09:32:05,76,0.03533779829740524
2026/05/07 09:32:06,75,0.03102845512330532
2026/05/07 09:32:07,74,0.03311096876859665
2026/05/07 09:32:08,74,0.03344323858618736
2026/05/07 09:32:09,74,0.03389713168144226
2026/05/07 09:32:10,74,0.03361508995294571
2026/05/07 09:32:11,75,0.033581506460905075
2026/05/07 09:32:12,76,0.03322160616517067
2026/05/07 09:32:13,77,0.03368058055639267
2026/05/07 09:32:14,78,0.036253441125154495
2026/05/07 09:32:15,79,0.035523541271686554
2026/05/07 09:32:16,80,0.03439855948090553
2026/05/07 09:32:17,80,0.035439714789390564
2026/05/07 09:32:18,79,0.03244221583008766
2026/05/07 09:32:19,78,0.03330237418413162
2026/05/07 09:32:20,76,0.03304827958345413
2026/05/07 09:32:21,75,0.033049412071704865
2026/05/07 09:32:22,74,0.032838985323905945
2026/05/07 09:32:23,73,0.03351461514830589
2026/05/07 09:32:24,72,0.0330226756632328
2026/05/07 09:32:25,72,0.03347483649849892
2026/05/07 09:32:26,71,0.03329602628946304
2026/05/07 09:32:27,72,0.029205702245235443
2026/05/07 09:32:28,72,0.038335513323545456
2026/05/07 09:32:29,72,0.029865827411413193
2026/05/07 09:32:30,71,0.03070518746972084
2026/05/07 09:32:31,71,0.06673990190029144
2026/05/07 09:32:32,70,0.15129756927490234
2026/05/07 09:32:33,70,0.0772339329123497
2026/05/07 09:32:34,70,0.03510589152574539
2026/05/07 09:32:35,71,0.09281730651855469
2026/05/07 09:32:36,72,0.0420462004840374
2026/05/07 09:32:37,73,0.04939576983451843
2026/05/07 09:32:38,73,0.08538565784692764
2026/05/07 09:32:39,75,0.043895211070775986
2026/05/07 09:32:40,75,0.04532449319958687
2026/05/07 09:32:41,77,0.042186811566352844
2026/05/07 09:32:42,78,0.03513311594724655
2026/05/07 09:32:43,79,0.035864539444446564
2026/05/07 09:32:44,80,0.03912701830267906
2026/05/07 09:32:45,79,0.28845879435539246
2026/05/07 09:32:46,77,0.03641054034233093
2026/05/07 09:32:47,77,0.08962325006723404
2026/05/07 09:32:48,76,0.027893904596567154
2026/05/07 09:32:49,75,0.029980316758155823
2026/05/07 09:32:50,75,0.02985187992453575
2026/05/07 09:32:51,75,0.030332010239362717
2026/05/07 09:32:52,75,0.033999696373939514
2026/05/07 09:32:53,74,0.03121206723153591
2026/05/07 09:32:54,74,0.03106093406677246
2026/05/07 09:32:55,74,0.03496231511235237
2026/05/07 09:32:56,74,0.14051924645900726
2026/05/07 09:32:57,74,0.15111207962036133
2026/05/07 09:32:58,74,0.21154561638832092
2026/05/07 09:32:59,75,0.2962283790111542
2026/05/07 09:33:00,75,0.29245302081108093
2026/05/07 09:33:01,75,0.18647173047065735
2026/05/07 09:33:02,75,0.3585107624530792
2026/05/07 09:33:03,75,0.4111999273300171
2026/05/07 09:33:04,75,0.39054998755455017
2026/05/07 09:33:05,75,0.08673719316720963
2026/05/07 09:33:06,75,0.18190163373947144
2026/05/07 09:33:07,75,0.1490636020898819
2026/05/07 09:33:08,75,0.106869176030159
2026/05/07 09:33:09,76,0.1885088086128235
2026/05/07 09:33:10,76,0.21796084940433502
2026/05/07 09:33:11,76,0.5183575749397278
2026/05/07 09:33:12,76,0.2290489673614502
2026/05/07 09:33:13,77,0.40698930621147156
2026/05/07 09:33:14,77,0.13412503898143768
2026/05/07 09:33:15,78,0.15433523058891296
2026/05/07 09:33:16,78,0.05616677179932594
2026/05/07 09:33:17,80,0.18285223841667175
2026/05/07 09:33:18,81,0.14250534772872925
2026/05/07 09:33:19,82,0.083724245429039
2026/05/07 09:33:20,83,0.07154939323663712
2026/05/07 09:33:21,85,0.07942700386047363
2026/05/07 09:33:22,86,0.05515945330262184
2026/05/07 09:33:23,87,0.15959133207798004
2026/05/07 09:33:24,88,0.07549738883972168
2026/05/07 09:33:25,88,0.04358188062906265
2026/05/07 09:33:26,89,0.04973016306757927
2026/05/07 09:33:27,89,0.05528227239847183
2026/05/07 09:33:28,89,0.07941489666700363
2026/05/07 09:33:29,89,0.05337841808795929
2026/05/07 09:33:30,88,0.052088625729084015
2026/05/07 09:33:31,87,0.03932693228125572
2026/05/07 09:33:32,87,0.04442469775676727
2026/05/07 09:33:33,85,0.02195419929921627
2026/05/07 09:33:34,84,0.03422001004219055
2026/05/07 09:33:35,82,0.025284534320235252
2026/05/07 09:33:36,81,0.03087104670703411
2026/05/07 09:33:37,79,0.02082158625125885
2026/05/07 09:33:38,77,0.026714839041233063
2026/05/07 09:33:39,77,0.03829016163945198
2026/05/07 09:33:40,76,0.02539341151714325
2026/05/07 09:33:41,76,0.031672049313783646
2026/05/07 09:33:42,76,0.02951929345726967
2026/05/07 09:33:43,76,0.04779938980937004
2026/05/07 09:33:44,76,0.05042436718940735
2026/05/07 09:33:45,76,0.05365390330553055
2026/05/07 09:33:46,77,0.05559579282999039
2026/05/07 09:33:47,77,0.05413968861103058
2026/05/07 09:33:48,78,0.05438116565346718
2026/05/07 09:33:49,78,0.0536445789039135
2026/05/07 09:33:50,78,0.05065501108765602
2026/05/07 09:33:51,79,0.053020354360342026
2026/05/07 09:33:52,79,0.05636097863316536
2026/05/07 09:33:53,80,0.048695407807826996
2026/05/07 09:33:54,81,0.04971124604344368
2026/05/07 09:33:55,82,0.053126558661460876
2026/05/07 09:33:56,83,0.0504055954515934
2026/05/07 09:33:57,83,0.04633430391550064
2026/05/07 09:33:58,84,0.024395577609539032
2026/05/07 09:33:59,84,0.029579799622297287
2026/05/07 09:34:00,84,0.015147010795772076
2026/05/07 09:34:01,84,0.019590770825743675
2026/05/07 09:34:02,83,0.016206445172429085
2026/05/07 09:34:03,83,0.01565445587038994
2026/05/07 09:34:04,82,0.015965526923537254
2026/05/07 09:34:05,82,0.01947459578514099
2026/05/07 09:34:06,83,0.019767921417951584
2026/05/07 09:34:07,83,0.028547639027237892
2026/05/07 09:34:08,84,0.05081822723150253
2026/05/07 09:34:09,84,0.2865840196609497
2026/05/07 09:34:10,85,0.07789482176303864
2026/05/07 09:34:11,85,0.05266958102583885
2026/05/07 09:34:12,85,0.07003308087587357
2026/05/07 09:34:13,86,0.054041579365730286
2026/05/07 09:34:14,86,0.08416054397821426
2026/05/07 09:34:15,87,0.13798195123672485
2026/05/07 09:34:16,87,0.23971062898635864
2026/05/07 09:34:17,87,0.11277709156274796
2026/05/07 09:34:18,87,0.03081156685948372
2026/05/07 09:34:19,87,0.030533017590641975
2026/05/07 09:34:20,87,0.0375351756811142
2026/05/07 09:34:21,87,0.028159022331237793
2026/05/07 09:34:22,88,0.026152975857257843
2026/05/07 09:34:23,88,0.023737354204058647
2026/05/07 09:34:24,89,0.02535652555525303
2026/05/07 09:34:25,89,0.024859409779310226
2026/05/07 09:34:26,90,0.019013261422514915
2026/05/07 09:34:27,90,0.01731889881193638
2026/05/07 09:34:28,90,0.02967098169028759
2026/05/07 09:34:29,90,0.01339687779545784
2026/05/07 09:34:30,90,0.009385490790009499
2026/05/07 09:34:31,90,0.0095532750710845
2026/05/07 09:34:32,89,0.009774385951459408
2026/05/07 09:34:33,88,0.00892177689820528
2026/05/07 09:34:34,88,0.009543707594275475
2026/05/07 09:34:35,86,0.021009374409914017
2026/05/07 09:34:36,85,0.011541164480149746
2026/05/07 09:34:37,85,0.013339485041797161
2026/05/07 09:34:38,84,0.0993952751159668
2026/05/07 09:34:39,84,0.05050232633948326
2026/05/07 09:34:40,83,0.021019019186496735
2026/05/07 09:34:41,83,0.02353801392018795
2026/05/07 09:34:42,83,0.05004929378628731
2026/05/07 09:34:43,83,0.025112733244895935
2026/05/07 09:34:44,83,0.025003448128700256
2026/05/07 09:34:45,84,0.05436200648546219
2026/05/07 09:34:46,84,0.0692719966173172
2026/05/07 09:34:47,85,0.022933799773454666
2026/05/07 09:34:48,85,0.017635541036725044
2026/05/07 09:34:49,86,0.04022523760795593
2026/05/07 09:34:50,87,0.0355728380382061
2026/05/07 09:34:51,88,0.03539920970797539
2026/05/07 09:34:52,89,0.0206084456294775
2026/05/07 09:34:53,89,0.019313804805278778
2026/05/07 09:34:54,89,0.02064724639058113
2026/05/07 09:34:55,88,0.019326770678162575
2026/05/07 09:34:56,88,0.016666140407323837
2026/05/07 09:34:57,87,0.015544873662292957
2026/05/07 09:34:58,86,0.021395204588770866
2026/05/07 09:34:59,84,0.02073470875620842
2026/05/07 09:35:00,83,0.019854843616485596
2026/05/07 09:35:01,81,0.022430287674069405
2026/05/07 09:35:02,80,0.014695491641759872
2026/05/07 09:35:03,79,0.018821531906723976
2026/05/07 09:35:04,78,0.022783614695072174
2026/05/07 09:35:05,76,0.021820707246661186
2026/05/07 09:35:06,75,0.0333944596350193
2026/05/07 09:35:07,74,0.029013659805059433
2026/05/07 09:35:08,73,0.03324709087610245
2026/05/07 09:35:09,73,0.02191719226539135
2026/05/07 09:35:10,72,0.024610139429569244
2026/05/07 09:35:11,73,0.030022911727428436
2026/05/07 09:35:12,74,0.017384588718414307
2026/05/07 09:35:13,75,0.02701500803232193
2026/05/07 09:35:14,75,0.010593267157673836
2026/05/07 09:35:15,76,0.0141355125233531
2026/05/07 09:35:16,77,0.02517623081803322
2026/05/07 09:35:17,78,0.017401836812496185
2026/05/07 09:35:18,79,0.015609217807650566
2026/05/07 09:35:19,80,0.016325369477272034
2026/05/07 09:35:20,80,0.031074974685907364
2026/05/07 09:35:21,81,0.018214024603366852
2026/05/07 09:35:22,82,0.024739857763051987
2026/05/07 09:35:23,83,0.05213193595409393
2026/05/07 09:35:24,84,0.02762572094798088
2026/05/07 09:35:25,84,0.021854626014828682
2026/05/07 09:35:26,85,0.045148734003305435
2026/05/07 09:35:27,85,0.0985923558473587
2026/05/07 09:35:28,85,0.030042342841625214
2026/05/07 09:35:29,85,0.04936021938920021
2026/05/07 09:35:30,85,0.026468226686120033
2026/05/07 09:35:31,85,0.023769428953528404
2026/05/07 09:35:32,85,0.021004144102334976
2026/05/07 09:35:33,85,0.0388295017182827
2026/05/07 09:35:34,85,0.08541148900985718
2026/05/07 09:35:35,86,0.042326297610998154
2026/05/07 09:35:36,87,0.05894630774855614
2026/05/07 09:35:37,88,0.03330269083380699
2026/05/07 09:35:38,89,0.028238464146852493
2026/05/07 09:35:39,91,0.028934378176927567
2026/05/07 09:35:40,92,0.028849726542830467
2026/05/07 09:35:41,93,0.029169125482439995
2026/05/07 09:35:42,94,0.027927597984671593
2026/05/07 09:35:43,94,0.02987425960600376
2026/05/07 09:35:44,95,0.030281223356723785
2026/05/07 09:35:45,95,0.06184839829802513
2026/05/07 09:35:46,95,0.08536390215158463
2026/05/07 09:35:47,96,0.04517729580402374
2026/05/07 09:35:48,96,0.15295764803886414
2026/05/07 09:35:49,96,0.11002282798290253
2026/05/07 09:35:50,95,0.09209445863962173
2026/05/07 09:35:51,95,0.049290042370557785
2026/05/07 09:35:52,94,0.03765987604856491
2026/05/07 09:35:53,94,0.03809633478522301
2026/05/07 09:35:54,93,0.03932643309235573
2026/05/07 09:35:55,92,0.048225171864032745
2026/05/07 09:35:56,92,0.10678748786449432
2026/05/07 09:35:57,91,0.08249881118535995
2026/05/07 09:35:58,90,0.037095628678798676
2026/05/07 09:35:59,89,0.042688287794589996
2026/05/07 09:36:00,89,0.04028433933854103
2026/05/07 09:36:01,88,0.03914274647831917
2026/05/07 09:36:02,88,0.0390172004699707
2026/05/07 09:36:03,87,0.041619736701250076
2026/05/07 09:36:04,87,0.03932822868227959
2026/05/07 09:36:05,86,0.0994538962841034
2026/05/07 09:36:06,85,0.08969833701848984
2026/05/07 09:36:07,84,0.031430453062057495
2026/05/07 09:36:08,83,0.02409912459552288
2026/05/07 09:36:09,82,0.03558918461203575
2026/05/07 09:36:10,82,0.03377417474985123
2026/05/07 09:36:11,81,0.03007892146706581
2026/05/07 09:36:12,80,0.02266565151512623
2026/05/07 09:36:13,79,0.03262750059366226
2026/05/07 09:36:14,78,0.028761474415659904
2026/05/07 09:36:15,77,0.02639300562441349
2026/05/07 09:36:16,75,0.03441276401281357
2026/05/07 09:36:17,74,0.0457526333630085
2026/05/07 09:36:18,73,0.02529987134039402
2026/05/07 09:36:19,72,0.026352055370807648
2026/05/07 09:36:20,71,0.02253912203013897
2026/05/07 09:36:21,71,0.04118598997592926
2026/05/07 09:36:22,70,0.023518845438957214
2026/05/07 09:36:23,70,0.02451511099934578
2026/05/07 09:36:24,70,0.022505974397063255
2026/05/07 09:36:25,70,0.02124062180519104
2026/05/07 09:36:26,70,0.02491467259824276
2026/05/07 09:36:27,71,0.02281237207353115
2026/05/07 09:36:28,71,0.02805362455546856
2026/05/07 09:36:29,71,0.03853844851255417
2026/05/07 09:36:30,72,0.03110392577946186
2026/05/07 09:36:31,73,0.04581700265407562
2026/05/07 09:36:32,74,0.02647518366575241
2026/05/07 09:36:33,75,0.02377251163125038
2026/05/07 09:36:34,75,0.026208065450191498
2026/05/07 09:36:35,76,0.02535669319331646
2026/05/07 09:36:36,77,0.05499893054366112
2026/05/07 09:36:37,77,0.06909625977277756
2026/05/07 09:36:38,78,0.015554525889456272
2026/05/07 09:36:39,79,0.01883108727633953
2026/05/07 09:36:40,79,0.015803519636392593
2026/05/07 09:36:41,80,0.016928046941757202
2026/05/07 09:36:42,81,0.029311325401067734
2026/05/07 09:36:43,82,0.023808779194951057
2026/05/07 09:36:44,83,0.02188185043632984
2026/05/07 09:36:45,84,0.03220348805189133
2026/05/07 09:36:46,85,0.030490148812532425
2026/05/07 09:36:47,85,0.13701103627681732
2026/05/07 09:36:48,86,0.06829795986413956
2026/05/07 09:36:49,87,0.04523551091551781
2026/05/07 09:36:50,88,0.03582877293229103
2026/05/07 09:36:51,88,0.05695463716983795
2026/05/07 09:36:52,88,0.10947014391422272
2026/05/07 09:36:53,90,0.13618724048137665
2026/05/07 09:36:54,91,0.028051098808646202
2026/05/07 09:36:55,92,0.03429373726248741
2026/05/07 09:36:56,93,0.029728295281529427
2026/05/07 09:36:57,94,0.04406437277793884
2026/05/07 09:36:58,95,0.03656318783760071
2026/05/07 09:36:59,96,0.045725926756858826
2026/05/07 09:37:00,97,0.04510269686579704
2026/05/07 09:37:01,97,0.043442703783512115
2026/05/07 09:37:02,98,0.0458555594086647
2026/05/07 09:37:03,97,0.047736093401908875
2026/05/07 09:37:04,97,0.04326474666595459
2026/05/07 09:37:05,97,0.0442078560590744
2026/05/07 09:37:06,97,0.044670168310403824
2026/05/07 09:37:07,96,0.037367455661296844
2026/05/07 09:37:08,95,0.04469316825270653
2026/05/07 09:37:09,95,0.04330673813819885
2026/05/07 09:37:10,94,0.045076802372932434
2026/05/07 09:37:11,94,0.06965509802103043
2026/05/07 09:37:12,94,0.11566536873579025
2026/05/07 09:37:13,94,0.11772071570158005
2026/05/07 09:37:14,94,0.03911954537034035
2026/05/07 09:37:15,94,0.07534057646989822
2026/05/07 09:37:16,94,0.07175103574991226
2026/05/07 09:37:17,94,0.048853859305381775
2026/05/07 09:37:18,93,0.07689420133829117
2026/05/07 09:37:19,93,0.034013282507658005
2026/05/07 09:37:20,92,0.22489772737026215
2026/05/07 09:37:21,92,0.08108006417751312
2026/05/07 09:37:22,91,0.12573646008968353
2026/05/07 09:37:23,91,0.041096169501543045
2026/05/07 09:37:24,90,0.03239011764526367
2026/05/07 09:37:25,90,0.032582346349954605
2026/05/07 09:37:26,90,0.03861851990222931
2026/05/07 09:37:27,90,0.03291437029838562
2026/05/07 09:37:28,91,0.028722653165459633
2026/05/07 09:37:29,91,0.029631756246089935
2026/05/07 09:37:30,92,0.02954198233783245
2026/05/07 09:37:31,93,0.02858315408229828
2026/05/07 09:37:32,94,0.027797110378742218
2026/05/07 09:37:33,94,0.03333654999732971
2026/05/07 09:37:34,94,0.054109666496515274
2026/05/07 09:37:35,94,0.15964330732822418
2026/05/07 09:37:36,95,0.04456538334488869
2026/05/07 09:37:37,94,0.03077170066535473
2026/05/07 09:37:38,94,0.08839690685272217
2026/05/07 09:37:39,93,0.047997262328863144
2026/05/07 09:37:40,92,0.03369072079658508
2026/05/07 09:37:41,91,0.03146176040172577
2026/05/07 09:37:42,90,0.03172459080815315
2026/05/07 09:37:43,88,0.031593408435583115
2026/05/07 09:37:44,87,0.03286919742822647
2026/05/07 09:37:45,86,0.033443354070186615
2026/05/07 09:37:46,85,0.03157884255051613
2026/05/07 09:37:47,85,0.03852397948503494
2026/05/07 09:37:48,85,0.0328502282500267
2026/05/07 09:37:49,85,0.03113815002143383
2026/05/07 09:37:50,85,0.032326459884643555
2026/05/07 09:37:51,85,0.03348774090409279
2026/05/07 09:37:52,85,0.03194696456193924
2026/05/07 09:37:53,85,0.03211579844355583
2026/05/07 09:37:54,84,0.031208129599690437
2026/05/07 09:37:55,84,0.0362880639731884
2026/05/07 09:37:56,84,0.03212672099471092
2026/05/07 09:37:57,84,0.03285025805234909
2026/05/07 09:37:58,84,0.03223465010523796
2026/05/07 09:37:59,84,0.03325634077191353
2026/05/07 09:38:00,84,0.03158435598015785
2026/05/07 09:38:01,83,0.03391522914171219
2026/05/07 09:38:02,82,0.03202204033732414
2026/05/07 09:38:03,81,0.04658946394920349
2026/05/07 09:38:04,81,0.053685467690229416
2026/05/07 09:38:05,80,0.0354466587305069
2026/05/07 09:38:06,80,0.05149899795651436
2026/05/07 09:38:07,80,0.061908069998025894
2026/05/07 09:38:08,81,0.05582408607006073
2026/05/07 09:38:09,81,0.03877068683505058
2026/05/07 09:38:10,82,0.04155271500349045
2026/05/07 09:38:11,82,0.03754018247127533
2026/05/07 09:38:12,82,0.04883744195103645
2026/05/07 09:38:13,82,0.035757340490818024
2026/05/07 09:38:14,82,0.03288513049483299
2026/05/07 09:38:15,82,0.03190257027745247
2026/05/07 09:38:16,82,0.036402780562639236
2026/05/07 09:38:17,83,0.07106031477451324
2026/05/07 09:38:18,83,0.05076701566576958
2026/05/07 09:38:19,84,0.03611684963107109
2026/05/07 09:38:20,85,0.04049479216337204
2026/05/07 09:38:21,86,0.03324602544307709
2026/05/07 09:38:22,87,0.041426900774240494
2026/05/07 09:38:23,87,0.03984468802809715
2026/05/07 09:38:24,86,0.08259547501802444
2026/05/07 09:38:25,86,0.08853991329669952
2026/05/07 09:38:26,85,0.12129098922014236
2026/05/07 09:38:27,85,0.040549442172050476
2026/05/07 09:38:28,84,0.04443614184856415
2026/05/07 09:38:29,84,0.035955462604761124
2026/05/07 09:38:30,84,0.045949842780828476
2026/05/07 09:38:31,84,0.03445911034941673
2026/05/07 09:38:32,85,0.038804713636636734
2026/05/07 09:38:33,85,0.0404171459376812
2026/05/07 09:38:34,85,0.03234051540493965
2026/05/07 09:38:35,86,0.21264983713626862
2026/05/07 09:38:36,86,0.22978337109088898
2026/05/07 09:38:37,87,0.1138669103384018
2026/05/07 09:38:38,87,0.13391874730587006
2026/05/07 09:38:39,88,0.16064773499965668
2026/05/07 09:38:40,88,0.09592347592115402
2026/05/07 09:38:41,89,0.10449347645044327
2026/05/07 09:38:42,90,0.09212571382522583
2026/05/07 09:38:43,90,0.10329965502023697
2026/05/07 09:38:44,90,0.05350053310394287
2026/05/07 09:38:45,90,0.02796737104654312
2026/05/07 09:38:46,90,0.029906131327152252
2026/05/07 09:38:47,90,0.035925574600696564
2026/05/07 09:38:48,90,0.05120061710476875
2026/05/07 09:38:49,90,0.18619376420974731
2026/05/07 09:38:50,91,0.1615472435951233
2026/05/07 09:38:51,91,0.07276254147291183
2026/05/07 09:38:52,91,0.051496975123882294
2026/05/07 09:38:53,92,0.047421202063560486
2026/05/07 09:38:54,92,0.02704530395567417
2026/05/07 09:38:55,93,0.0414709709584713
2026/05/07 09:38:56,93,0.07593194395303726
2026/05/07 09:38:57,94,0.017048301175236702
2026/05/07 09:38:58,95,0.030391566455364227
2026/05/07 09:38:59,95,0.028427893295884132
2026/05/07 09:39:00,96,0.012564364820718765
2026/05/07 09:39:01,96,0.018686003983020782
2026/05/07 09:39:02,97,0.02204788103699684
2026/05/07 09:39:03,97,0.01952788233757019
2026/05/07 09:39:04,97,0.01508929394185543
2026/05/07 09:39:05,96,0.02061692252755165
2026/05/07 09:39:06,96,0.019388582557439804
2026/05/07 09:39:07,94,0.027192849665880203
2026/05/07 09:39:08,93,0.01674218475818634
2026/05/07 09:39:09,92,0.018239185214042664
2026/05/07 09:39:10,91,0.01685292273759842
2026/05/07 09:39:11,90,0.01867000013589859
2026/05/07 09:39:12,90,0.015825185924768448
2026/05/07 09:39:13,89,0.023933863267302513
2026/05/07 09:39:14,89,0.054848358035087585
2026/05/07 09:39:15,88,0.03475115820765495
2026/05/07 09:39:16,87,0.027635987848043442
2026/05/07 09:39:17,87,0.02396903745830059
2026/05/07 09:39:18,86,0.026786666363477707
2026/05/07 09:39:19,86,0.02432314120233059
2026/05/07 09:39:20,86,0.017739353701472282
2026/05/07 09:39:21,86,0.01757320575416088
2026/05/07 09:39:22,86,0.030723359435796738
2026/05/07 09:39:23,86,0.02265373431146145
2026/05/07 09:39:24,87,0.1976594775915146
2026/05/07 09:39:25,87,0.16948454082012177
2026/05/07 09:39:26,87,0.06258945912122726
2026/05/07 09:39:27,88,0.08969775587320328
2026/05/07 09:39:28,89,0.19940011203289032
2026/05/07 09:39:29,90,0.1297919899225235
2026/05/07 09:39:30,91,0.07834293693304062
2026/05/07 09:39:31,91,0.04956302419304848
2026/05/07 09:39:32,92,0.07415619492530823
2026/05/07 09:39:33,92,0.090776726603508
2026/05/07 09:39:34,92,0.048214852809906006
2026/05/07 09:39:35,92,0.027658190578222275
2026/05/07 09:39:36,91,0.04756578803062439
2026/05/07 09:39:37,91,0.024874508380889893
2026/05/07 09:39:38,91,0.02213573455810547
2026/05/07 09:39:39,91,0.015578285790979862
2026/05/07 09:39:40,92,0.013006103225052357
2026/05/07 09:39:41,92,0.012906624004244804
2026/05/07 09:39:42,92,0.01495851669460535
2026/05/07 09:39:43,93,0.043189868330955505
2026/05/07 09:39:44,93,0.030142594128847122
2026/05/07 09:39:45,93,0.020091410726308823
2026/05/07 09:39:46,93,0.017438814043998718
2026/05/07 09:39:47,93,0.03842528164386749
2026/05/07 09:39:48,92,0.027225622907280922
2026/05/07 09:39:49,92,0.02316681668162346
2026/05/07 09:39:50,91,0.019579429179430008
2026/05/07 09:39:51,90,0.020760435611009598
2026/05/07 09:39:52,89,0.02162257768213749
2026/05/07 09:39:53,88,0.02140328474342823
2026/05/07 09:39:54,86,0.018817631527781487
2026/05/07 09:39:55,85,0.018454449251294136
2026/05/07 09:39:56,84,0.019743764773011208
2026/05/07 09:39:57,82,0.01968475617468357
2026/05/07 09:39:58,82,0.01720542460680008
2026/05/07 09:39:59,82,0.019973771646618843
2026/05/07 09:40:00,82,0.01802000030875206
2026/05/07 09:40:01,82,0.017745347693562508
2026/05/07 09:40:02,82,0.027447165921330452
2026/05/07 09:40:03,83,0.07101904600858688
2026/05/07 09:40:04,83,0.04260046035051346
2026/05/07 09:40:05,82,0.04097289592027664
2026/05/07 09:40:06,81,0.03372355177998543
2026/05/07 09:40:07,80,0.02794710360467434
2026/05/07 09:40:08,80,0.023463081568479538
2026/05/07 09:40:09,79,0.021613813936710358
2026/05/07 09:40:10,79,0.020472418516874313
2026/05/07 09:40:11,78,0.2062273472547531
2026/05/07 09:40:12,78,0.3194219768047333
2026/05/07 09:40:13,78,0.0821087434887886
2026/05/07 09:40:14,78,0.05471835285425186
2026/05/07 09:40:15,78,0.050365399569272995
2026/05/07 09:40:16,78,0.11420907825231552
2026/05/07 09:40:17,79,0.12019850313663483
2026/05/07 09:40:18,80,0.037803228944540024
2026/05/07 09:40:19,80,0.06781397014856339
2026/05/07 09:40:20,81,0.18069347739219666
2026/05/07 09:40:21,83,0.12528756260871887
2026/05/07 09:40:22,84,0.04827352240681648
2026/05/07 09:40:23,85,0.16437728703022003
2026/05/07 09:40:24,86,0.12237568944692612
2026/05/07 09:40:25,87,0.04597582295536995
2026/05/07 09:40:26,87,0.06547458469867706
2026/05/07 09:40:27,88,0.04557724669575691
2026/05/07 09:40:28,89,0.05908600986003876
2026/05/07 09:40:29,90,0.039324644953012466
2026/05/07 09:40:30,91,0.03333476558327675
2026/05/07 09:40:31,92,0.027475865557789803
2026/05/07 09:40:32,92,0.03190825879573822
2026/05/07 09:40:33,92,0.07889065146446228
2026/05/07 09:40:34,92,0.03152282536029816
2026/05/07 09:40:35,92,0.08138704299926758
2026/05/07 09:40:36,92,0.037109341472387314
2026/05/07 09:40:37,92,0.056194406002759933
2026/05/07 09:40:38,91,0.041134174913167953
2026/05/07 09:40:39,91,0.06021272763609886
2026/05/07 09:40:40,90,0.056446850299835205
2026/05/07 09:40:41,90,0.03932681679725647
2026/05/07 09:40:42,90,0.04664186015725136
2026/05/07 09:40:43,89,0.034559041261672974
2026/05/07 09:40:44,88,0.033547479659318924
2026/05/07 09:40:45,87,0.0370224192738533
2026/05/07 09:40:46,86,0.027854127809405327
2026/05/07 09:40:47,84,0.13356542587280273
2026/05/07 09:40:48,83,0.060788143426179886
2026/05/07 09:40:49,81,0.0644824430346489
2026/05/07 09:40:50,80,0.04180772975087166
2026/05/07 09:40:51,81,0.04825848340988159
2026/05/07 09:40:52,81,0.043813370168209076
2026/05/07 09:40:53,82,0.049694761633872986
2026/05/07 09:40:54,82,0.042254045605659485
2026/05/07 09:40:55,83,0.06969814002513885
2026/05/07 09:40:56,83,0.047942545264959335
2026/05/07 09:40:57,83,0.04243731126189232
2026/05/07 09:40:58,83,0.042308781296014786
2026/05/07 09:40:59,82,0.049056440591812134
2026/05/07 09:41:00,82,0.10794597864151001
2026/05/07 09:41:01,81,0.2501310408115387
2026/05/07 09:41:02,80,0.06599682569503784
2026/05/07 09:41:03,80,0.09633366763591766
2026/05/07 09:41:04,79,0.1289101243019104
2026/05/07 09:41:05,79,0.05189227685332298
2026/05/07 09:41:06,79,0.13014359772205353
2026/05/07 09:41:07,79,0.05722091719508171
2026/05/07 09:41:08,79,0.056704193353652954
2026/05/07 09:41:09,78,0.08006763458251953
2026/05/07 09:41:10,78,0.08277963846921921
2026/05/07 09:41:11,77,0.029952818527817726
2026/05/07 09:41:12,77,0.024611998349428177
2026/05/07 09:41:13,78,0.02011704072356224
2026/05/07 09:41:14,78,0.01799951307475567
2026/05/07 09:41:15,78,0.014857672154903412
2026/05/07 09:41:16,78,0.014580060727894306
2026/05/07 09:41:17,77,0.012814214453101158
2026/05/07 09:41:18,77,0.01265969779342413
2026/05/07 09:41:19,78,0.01586304046213627
2026/05/07 09:41:20,78,0.03502141311764717
2026/05/07 09:41:21,78,0.04597052186727524
2026/05/07 09:41:22,78,0.04453141987323761
2026/05/07 09:41:23,78,0.03899722546339035
2026/05/07 09:41:24,78,0.04129651561379433
2026/05/07 09:41:25,78,0.04973987489938736
2026/05/07 09:41:26,78,0.03736687824130058
2026/05/07 09:41:27,79,0.025459177792072296
2026/05/07 09:41:28,79,0.13241973519325256
2026/05/07 09:41:29,79,0.1440277099609375
2026/05/07 09:41:30,80,0.04632217437028885
2026/05/07 09:41:31,80,0.035013217478990555
2026/05/07 09:41:32,81,0.0333540216088295
2026/05/07 09:41:33,82,0.034755125641822815
2026/05/07 09:41:34,83,0.03418590873479843
2026/05/07 09:41:35,84,0.03496300056576729
2026/05/07 09:41:36,85,0.03508032113313675
2026/05/07 09:41:37,86,0.03292107954621315
2026/05/07 09:41:38,86,0.03444431349635124
2026/05/07 09:41:39,87,0.03363179787993431
2026/05/07 09:41:40,88,0.03388649597764015
2026/05/07 09:41:41,89,0.03424162045121193
2026/05/07 09:41:42,90,0.03304658457636833
2026/05/07 09:41:43,91,0.0342923067510128
2026/05/07 09:41:44,91,0.033568404614925385
2026/05/07 09:41:45,92,0.03369837626814842
2026/05/07 09:41:46,93,0.034757889807224274
2026/05/07 09:41:47,93,0.033151041716337204
2026/05/07 09:41:48,93,0.03397325426340103
2026/05/07 09:41:49,93,0.0345042422413826
2026/05/07 09:41:50,92,0.03184160217642784
2026/05/07 09:41:51,91,0.07631396502256393
2026/05/07 09:41:52,90,0.06647597253322601
2026/05/07 09:41:53,89,0.03188697248697281
2026/05/07 09:41:54,88,0.12430113554000854
2026/05/07 09:41:55,88,0.42805609107017517
2026/05/07 09:41:56,87,0.05898962542414665
2026/05/07 09:41:57,87,0.023214582353830338
2026/05/07 09:41:58,87,0.021970611065626144
2026/05/07 09:41:59,88,0.023411836475133896
2026/05/07 09:42:00,88,0.02334647998213768
2026/05/07 09:42:01,90,0.025260446593165398
2026/05/07 09:42:02,90,0.024903660640120506
2026/05/07 09:42:03,91,0.021810824051499367
2026/05/07 09:42:04,92,0.023313235491514206
2026/05/07 09:42:05,92,0.027906768023967743
2026/05/07 09:42:06,92,0.23520618677139282
2026/05/07 09:42:07,93,0.02057170867919922
2026/05/07 09:42:08,93,0.016594134271144867
2026/05/07 09:42:09,93,0.08386745303869247
2026/05/07 09:42:10,92,0.02419617772102356
2026/05/07 09:42:11,91,0.015184507705271244
2026/05/07 09:42:12,91,0.014129349030554295
2026/05/07 09:42:13,90,0.030111154541373253
2026/05/07 09:42:14,89,0.012828109785914421
2026/05/07 09:42:15,88,0.01534946821630001
2026/05/07 09:42:16,86,0.02316383831202984
2026/05/07 09:42:17,82,0.01710490509867668
2026/05/07 09:42:18,79,0.0153130404651165
2026/05/07 09:42:19,75,0.014576147310435772
2026/05/07 09:42:20,73,0.014454066753387451
2026/05/07 09:42:21,74,0.022459153085947037
2026/05/07 09:42:22,74,0.03189551830291748
2026/05/07 09:42:23,75,0.03573112189769745
2026/05/07 09:42:24,75,0.022986391559243202
2026/05/07 09:42:25,76,0.018451808020472527
2026/05/07 09:42:26,76,0.022778302431106567
2026/05/07 09:42:27,76,0.022184770554304123
2026/05/07 09:42:28,76,0.019268853589892387
2026/05/07 09:42:29,75,0.0323789119720459
2026/05/07 09:42:30,74,0.12059495598077774
2026/05/07 09:42:31,73,0.09368854761123657
2026/05/07 09:42:32,72,0.08203282207250595
2026/05/07 09:42:33,71,0.03931373357772827
2026/05/07 09:42:34,71,0.12122179567813873
2026/05/07 09:42:35,70,0.10760537534952164
2026/05/07 09:42:36,69,0.051613327115774155
2026/05/07 09:42:37,69,0.030505569651722908
2026/05/07 09:42:38,69,0.04576326534152031
2026/05/07 09:42:39,68,0.03546375408768654
2026/05/07 09:42:40,68,0.06316474825143814
2026/05/07 09:42:41,68,0.03139825165271759
2026/05/07 09:42:42,67,0.026388613507151604
2026/05/07 09:42:43,68,0.02948886901140213
2026/05/07 09:42:44,68,0.023745562881231308
2026/05/07 09:42:45,68,0.1411159783601761
2026/05/07 09:42:46,69,0.05113581568002701
2026/05/07 09:42:47,70,0.2885170876979828
2026/05/07 09:42:48,71,0.09483879059553146
2026/05/07 09:42:49,71,0.07646487653255463
2026/05/07 09:42:50,72,0.032977115362882614
2026/05/07 09:42:51,72,0.03122863918542862
2026/05/07 09:42:52,72,0.046672530472278595
2026/05/07 09:42:53,72,0.19892758131027222
2026/05/07 09:42:54,72,0.44299542903900146
2026/05/07 09:42:55,73,0.31435301899909973
2026/05/07 09:42:56,73,0.06402574479579926
2026/05/07 09:42:57,74,0.10311838984489441
2026/05/07 09:42:58,75,0.21387237310409546
2026/05/07 09:42:59,75,0.1304546743631363
2026/05/07 09:43:00,76,0.08909733593463898
2026/05/07 09:43:01,77,0.10660902410745621
2026/05/07 09:43:02,78,0.11820780485868454
2026/05/07 09:43:03,79,0.08470776677131653
2026/05/07 09:43:04,80,0.16525377333164215
2026/05/07 09:43:05,81,0.10480263829231262
2026/05/07 09:43:06,82,0.3245876133441925
2026/05/07 09:43:07,83,0.10196485370397568
2026/05/07 09:43:08,84,0.07826007902622223
2026/05/07 09:43:09,84,0.08901724964380264
2026/05/07 09:43:10,84,0.05285362899303436
2026/05/07 09:43:11,84,0.07742718607187271
2026/05/07 09:43:12,84,0.14123836159706116
2026/05/07 09:43:13,84,0.16352196037769318
2026/05/07 09:43:14,84,0.31849783658981323
2026/05/07 09:43:15,83,0.1985369473695755
2026/05/07 09:43:16,82,0.1671486496925354
2026/05/07 09:43:17,82,0.2829649746417999
2026/05/07 09:43:18,81,0.05851607769727707
2026/05/07 09:43:19,80,0.04366467520594597
2026/05/07 09:43:20,79,0.037853680551052094
2026/05/07 09:43:21,78,0.05014466866850853
2026/05/07 09:43:22,78,0.008889857679605484
2026/05/07 09:43:23,78,0.031262338161468506
2026/05/07 09:43:24,79,0.10497439652681351
2026/05/07 09:43:25,79,0.05343937128782272
2026/05/07 09:43:26,80,0.0851147472858429
2026/05/07 09:43:27,81,0.21992872655391693
2026/05/07 09:43:28,81,0.3790793716907501
2026/05/07 09:43:29,82,0.312664657831192
2026/05/07 09:43:30,83,0.3555743396282196
2026/05/07 09:43:31,83,0.30702438950538635
2026/05/07 09:43:32,84,0.2944948971271515
2026/05/07 09:43:33,85,0.3736450970172882
2026/05/07 09:43:34,85,0.3836422562599182
2026/05/07 09:43:35,86,0.32099947333335876
2026/05/07 09:43:36,87,0.32209065556526184
2026/05/07 09:43:37,88,0.3021409511566162
2026/05/07 09:43:38,89,0.3257717490196228
2026/05/07 09:43:39,89,0.3414710462093353
2026/05/07 09:43:40,89,0.28135544061660767
2026/05/07 09:43:41,90,0.26933321356773376
2026/05/07 09:43:42,90,0.13645890355110168
2026/05/07 09:43:43,90,0.214400053024292
2026/05/07 09:43:44,91,0.15541118383407593
2026/05/07 09:43:45,91,0.16124753654003143
2026/05/07 09:43:46,92,0.12538672983646393
2026/05/07 09:43:47,91,0.1482996940612793
2026/05/07 09:43:48,91,0.10344637185335159
2026/05/07 09:43:49,92,0.16915252804756165
2026/05/07 09:43:50,92,0.114833302795887
2026/05/07 09:43:51,93,0.18454626202583313
2026/05/07 09:43:52,93,0.16930872201919556
2026/05/07 09:43:53,94,0.18391349911689758
2026/05/07 09:43:54,94,0.10505510121583939
2026/05/07 09:43:55,94,0.18181778490543365
2026/05/07 09:43:56,95,0.20590919256210327
2026/05/07 09:43:57,95,0.5463036298751831
2026/05/07 09:43:58,95,0.5071947574615479
2026/05/07 09:43:59,94,0.4495072066783905
2026/05/07 09:44:00,94,0.42819222807884216
2026/05/07 09:44:01,94,0.48634329438209534
2026/05/07 09:44:02,93,0.4530239701271057
2026/05/07 09:44:03,92,0.42154696583747864
2026/05/07 09:44:04,92,0.3697749972343445
2026/05/07 09:44:05,92,0.33996790647506714
2026/05/07 09:44:06,92,0.35903680324554443
2026/05/07 09:44:07,92,0.3121214509010315
2026/05/07 09:44:08,92,0.3147840201854706
2026/05/07 09:44:09,93,0.2955629229545593
2026/05/07 09:44:10,93,0.32530373334884644
2026/05/07 09:44:11,93,0.21693609654903412
2026/05/07 09:44:12,93,0.33108609914779663
2026/05/07 09:44:13,94,0.3207263648509979
2026/05/07 09:44:14,94,0.28928491473197937
2026/05/07 09:44:15,94,0.41108468174934387
2026/05/07 09:44:16,94,0.36750528216362
2026/05/07 09:44:17,94,0.4356882870197296
2026/05/07 09:44:18,94,0.37394580245018005
2026/05/07 09:44:19,94,0.38688284158706665
2026/05/07 09:44:20,94,0.33894458413124084
2026/05/07 09:44:21,94,0.37356388568878174
2026/05/07 09:44:22,94,0.32708483934402466
2026/05/07 09:44:23,94,0.2860221862792969
2026/05/07 09:44:24,95,0.35273227095603943
2026/05/07 09:44:25,95,0.2719332277774811
2026/05/07 09:44:26,96,0.1515604704618454
2026/05/07 09:44:27,96,0.19845105707645416
2026/05/07 09:44:28,97,0.20486921072006226
2026/05/07 09:44:29,97,0.2784520089626312
2026/05/07 09:44:30,98,0.15394911170005798
2026/05/07 09:44:31,98,0.20899207890033722
2026/05/07 09:44:32,99,0.18896469473838806
2026/05/07 09:44:33,99,0.23311756551265717
2026/05/07 09:44:34,100,0.21134789288043976
2026/05/07 09:44:35,100,0.2105865627527237
2026/05/07 09:44:36,100,0.21944084763526917
2026/05/07 09:44:37,100,0.15915721654891968
2026/05/07 09:44:38,100,0.250363290309906
2026/05/07 09:44:39,101,0.17270982265472412
2026/05/07 09:44:40,101,0.2217373251914978
2026/05/07 09:44:41,101,0.26252588629722595
2026/05/07 09:44:42,102,0.28169408440589905
2026/05/07 09:44:43,102,0.24875885248184204
2026/05/07 09:44:44,102,0.2639414966106415
2026/05/07 09:44:45,102,0.26454272866249084
2026/05/07 09:44:46,102,0.2520168125629425
2026/05/07 09:44:47,102,0.28946375846862793
2026/05/07 09:44:48,103,0.2407711148262024
2026/05/07 09:44:49,103,0.3202875852584839
2026/05/07 09:44:50,103,0.27032700181007385
2026/05/07 09:44:51,102,0.36048808693885803
2026/05/07 09:44:52,101,0.3020001947879791
2026/05/07 09:44:53,102,0.3504011332988739
2026/05/07 09:44:54,103,0.24138590693473816
2026/05/07 09:44:55,105,0.30295947194099426
2026/05/07 09:44:56,105,0.2490871101617813
2026/05/07 09:44:57,106,0.21748687326908112
2026/05/07 09:44:58,106,0.23180335760116577
2026/05/07 09:44:59,106,0.18498268723487854
2026/05/07 09:45:00,106,0.1617726981639862
2026/05/07 09:45:01,106,0.13096775114536285
2026/05/07 09:45:02,106,0.13280163705348969
2026/05/07 09:45:03,106,0.1437341868877411
2026/05/07 09:45:04,106,0.11855268478393555
2026/05/07 09:45:05,105,0.16947627067565918
2026/05/07 09:45:06,105,0.1314033418893814
2026/05/07 09:45:07,105,0.15894243121147156
2026/05/07 09:45:08,104,0.16487936675548553
2026/05/07 09:45:09,104,0.1780935823917389
2026/05/07 09:45:10,103,0.36855098605155945
2026/05/07 09:45:11,103,0.2962464392185211
2026/05/07 09:45:12,103,0.28815269470214844
2026/05/07 09:45:13,103,0.23936571180820465
2026/05/07 09:45:14,102,0.23158468306064606
2026/05/07 09:45:15,102,0.236459419131279
2026/05/07 09:45:16,102,0.18726812303066254
2026/05/07 09:45:17,102,0.19913524389266968
2026/05/07 09:45:18,102,0.15246613323688507
2026/05/07 09:45:19,103,0.16359414160251617
2026/05/07 09:45:20,103,0.22821317613124847
2026/05/07 09:45:21,104,0.1729496866464615
2026/05/07 09:45:22,104,0.17055708169937134
2026/05/07 09:45:23,104,0.16650807857513428
2026/05/07 09:45:24,103,0.1833193302154541
2026/05/07 09:45:25,103,0.39616289734840393
2026/05/07 09:45:26,103,0.5193848013877869
2026/05/07 09:45:27,103,0.521292507648468
2026/05/07 09:45:28,103,0.512630820274353
2026/05/07 09:45:29,103,0.5930796265602112
2026/05/07 09:45:30,103,0.5753178000450134
2026/05/07 09:45:31,103,0.4874981641769409
2026/05/07 09:45:32,103,0.5433193445205688
2026/05/07 09:45:33,102,0.5352405309677124
2026/05/07 09:45:34,102,0.535089910030365
2026/05/07 09:45:35,102,0.43720322847366333
2026/05/07 09:45:36,102,0.46578407287597656
2026/05/07 09:45:37,102,0.44817206263542175
2026/05/07 09:45:38,103,0.48460450768470764
2026/05/07 09:45:39,103,0.40421193838119507
2026/05/07 09:45:40,104,0.3322853744029999
2026/05/07 09:45:41,105,0.35942718386650085
2026/05/07 09:45:42,105,0.19957107305526733
2026/05/07 09:45:43,105,0.22991850972175598
2026/05/07 09:45:44,105,0.32129552960395813
2026/05/07 09:45:45,105,0.2571093738079071
2026/05/07 09:45:46,105,0.2326536327600479
2026/05/07 09:45:47,104,0.49468183517456055
2026/05/07 09:45:48,104,0.5666120648384094
2026/05/07 09:45:49,103,0.4788229465484619
2026/05/07 09:45:50,103,0.4432966411113739
2026/05/07 09:45:51,103,0.407722532749176
2026/05/07 09:45:52,102,0.35634946823120117
2026/05/07 09:45:53,102,0.24779440462589264
2026/05/07 09:45:54,103,0.12321440875530243
2026/05/07 09:45:55,102,0.26245415210723877
2026/05/07 09:45:56,102,0.2512045204639435
2026/05/07 09:45:57,101,0.25969138741493225
2026/05/07 09:45:58,101,0.22024184465408325
2026/05/07 09:45:59,101,0.21952660381793976
2026/05/07 09:46:00,101,0.1546219289302826
2026/05/07 09:46:01,100,0.19768120348453522
2026/05/07 09:46:02,100,0.38046571612358093
2026/05/07 09:46:03,100,0.5042203068733215
2026/05/07 09:46:04,100,0.5311492681503296
2026/05/07 09:46:05,99,0.49045330286026
2026/05/07 09:46:06,99,0.3588545322418213
2026/05/07 09:46:07,99,0.3643127381801605
2026/05/07 09:46:08,98,0.4785483181476593
2026/05/07 09:46:09,97,0.38085153698921204
2026/05/07 09:46:10,97,0.3574203848838806
2026/05/07 09:46:11,96,0.2673884928226471
2026/05/07 09:46:12,96,0.2704860270023346
2026/05/07 09:46:13,96,0.28131553530693054
2026/05/07 09:46:14,96,0.35683196783065796
2026/05/07 09:46:15,97,0.377808541059494
2026/05/07 09:46:16,97,0.21183675527572632
2026/05/07 09:46:17,97,0.21867996454238892
2026/05/07 09:46:18,98,0.27420878410339355
2026/05/07 09:46:19,98,0.192057803273201
2026/05/07 09:46:20,98,0.2347668558359146
2026/05/07 09:46:21,99,0.20118701457977295
2026/05/07 09:46:22,99,0.2366379052400589
2026/05/07 09:46:23,99,0.20427313446998596
2026/05/07 09:46:24,99,0.2500143051147461
2026/05/07 09:46:25,99,0.23205968737602234
2026/05/07 09:46:26,99,0.24438469111919403
2026/05/07 09:46:27,99,0.28897637128829956
2026/05/07 09:46:28,99,0.25243157148361206
2026/05/07 09:46:29,100,0.21413365006446838
2026/05/07 09:46:30,100,0.2221824675798416
2026/05/07 09:46:31,100,0.34708845615386963
2026/05/07 09:46:32,100,0.5957644581794739
2026/05/07 09:46:33,99,0.5740708112716675
2026/05/07 09:46:34,99,0.487525999546051
2026/05/07 09:46:35,98,0.48341500759124756
2026/05/07 09:46:36,97,0.45312216877937317
2026/05/07 09:46:37,96,0.4600367844104767
2026/05/07 09:46:38,96,0.37703558802604675
2026/05/07 09:46:39,96,0.4190111458301544
2026/05/07 09:46:40,96,0.28171753883361816
2026/05/07 09:46:41,96,0.2805491089820862
2026/05/07 09:46:42,96,0.27489808201789856
2026/05/07 09:46:43,96,0.2704903483390808
2026/05/07 09:46:44,97,0.34842655062675476
2026/05/07 09:46:45,97,0.32486361265182495
2026/05/07 09:46:46,98,0.1840430498123169
2026/05/07 09:46:47,98,0.2605195641517639
2026/05/07 09:46:48,99,0.22254467010498047
2026/05/07 09:46:49,99,0.25181302428245544
2026/05/07 09:46:50,100,0.19924184679985046
2026/05/07 09:46:51,100,0.3450182378292084
2026/05/07 09:46:52,101,0.29328790307044983
2026/05/07 09:46:53,101,0.24049341678619385
2026/05/07 09:46:54,101,0.313223272562027
2026/05/07 09:46:55,101,0.3169422149658203
2026/05/07 09:46:56,101,0.2781553864479065
2026/05/07 09:46:57,101,0.21602004766464233
2026/05/07 09:46:58,101,0.26164475083351135
2026/05/07 09:46:59,101,0.1426534503698349
2026/05/07 09:47:00,102,0.16940613090991974
2026/05/07 09:47:01,102,0.5514785647392273
2026/05/07 09:47:02,102,0.6615076065063477
2026/05/07 09:47:03,102,0.5537998676300049
2026/05/07 09:47:04,102,0.5059245228767395
2026/05/07 09:47:05,103,0.4785233438014984
2026/05/07 09:47:06,103,0.511690616607666
2026/05/07 09:47:07,103,0.441315233707428
2026/05/07 09:47:08,103,0.406802237033844
2026/05/07 09:47:09,103,0.4133818447589874
2026/05/07 09:47:10,103,0.316069632768631
2026/05/07 09:47:11,103,0.291410356760025
2026/05/07 09:47:12,103,0.27316224575042725
2026/05/07 09:47:13,103,0.3424752950668335
2026/05/07 09:47:14,103,0.3522547781467438
2026/05/07 09:47:15,104,0.23708026111125946
2026/05/07 09:47:16,104,0.28164854645729065
2026/05/07 09:47:17,105,0.3207182288169861
2026/05/07 09:47:18,105,0.21985583007335663
2026/05/07 09:47:19,106,0.22719942033290863
2026/05/07 09:47:20,106,0.20166632533073425
2026/05/07 09:47:21,106,0.2961193025112152
2026/05/07 09:47:22,107,0.23633559048175812
2026/05/07 09:47:23,107,0.2185012400150299
2026/05/07 09:47:24,107,0.3952040374279022
2026/05/07 09:47:25,107,0.17660237848758698
2026/05/07 09:47:26,107,0.2832302153110504
2026/05/07 09:47:27,106,0.19365307688713074
2026/05/07 09:47:28,106,0.26827168464660645
2026/05/07 09:47:29,106,0.2409612536430359
2026/05/07 09:47:30,107,0.24231958389282227
2026/05/07 09:47:31,107,0.3944527208805084
2026/05/07 09:47:32,107,0.42472344636917114
2026/05/07 09:47:33,107,0.38706228137016296
2026/05/07 09:47:34,106,0.39455747604370117
2026/05/07 09:47:35,105,0.38577526807785034
2026/05/07 09:47:36,104,0.42837145924568176
2026/05/07 09:47:37,103,0.3018776476383209
2026/05/07 09:47:38,102,0.34326741099357605
2026/05/07 09:47:39,101,0.4772675335407257
2026/05/07 09:47:40,101,0.3844286799430847
2026/05/07 09:47:41,100,0.19662663340568542
2026/05/07 09:47:42,100,0.258958637714386
2026/05/07 09:47:43,100,0.2822919189929962
2026/05/07 09:47:44,100,0.25637325644493103
2026/05/07 09:47:45,100,0.3898535370826721
2026/05/07 09:47:46,100,0.39310142397880554
2026/05/07 09:47:47,100,0.23730705678462982
2026/05/07 09:47:48,101,0.19685658812522888
2026/05/07 09:47:49,101,0.49991828203201294
2026/05/07 09:47:50,101,0.5280184745788574
2026/05/07 09:47:51,101,0.44875189661979675
2026/05/07 09:47:52,101,0.49578025937080383
2026/05/07 09:47:53,101,0.37320059537887573
2026/05/07 09:47:54,101,0.27089130878448486
2026/05/07 09:47:55,102,0.23303715884685516
2026/05/07 09:47:56,102,0.23095481097698212
2026/05/07 09:47:57,102,0.2938259541988373
2026/05/07 09:47:58,103,0.16683661937713623
2026/05/07 09:47:59,103,0.2647626996040344
2026/05/07 09:48:00,103,0.21479570865631104
2026/05/07 09:48:01,103,0.30254343152046204
2026/05/07 09:48:02,102,0.15030460059642792
2026/05/07 09:48:03,102,0.2200590819120407
2026/05/07 09:48:04,102,0.34052446484565735
2026/05/07 09:48:05,102,0.4256855547428131
2026/05/07 09:48:06,102,0.322172611951828
2026/05/07 09:48:07,102,0.13053902983665466
2026/05/07 09:48:08,102,0.15661738812923431
2026/05/07 09:48:09,102,0.10465335845947266
2026/05/07 09:48:10,102,0.08171684294939041
2026/05/07 09:48:11,102,0.08563140034675598
2026/05/07 09:48:12,102,0.07442747056484222
2026/05/07 09:48:13,102,0.06011655926704407
2026/05/07 09:48:14,102,0.06768758594989777
2026/05/07 09:48:15,102,0.08347154408693314
2026/05/07 09:48:16,103,0.09319400042295456
2026/05/07 09:48:17,104,0.06351535022258759
2026/05/07 09:48:18,104,0.0940391942858696
2026/05/07 09:48:19,105,0.0714520514011383
2026/05/07 09:48:20,106,0.08412791788578033
2026/05/07 09:48:21,107,0.08503850549459457
2026/05/07 09:48:22,107,0.09383732080459595
2026/05/07 09:48:23,108,0.07296192646026611
2026/05/07 09:48:24,108,0.0725635513663292
2026/05/07 09:48:25,108,0.07106800377368927
2026/05/07 09:48:26,108,0.06880177557468414
2026/05/07 09:48:27,108,0.07114434987306595
2026/05/07 09:48:28,108,0.08552273362874985
2026/05/07 09:48:29,107,0.07083696871995926
2026/05/07 09:48:30,106,0.0636969804763794
2026/05/07 09:48:31,106,0.0520341731607914
2026/05/07 09:48:32,105,0.07020033150911331
2026/05/07 09:48:33,105,0.1327115297317505
2026/05/07 09:48:34,104,0.10148866474628448
2026/05/07 09:48:35,104,0.11975949257612228
2026/05/07 09:48:36,103,0.4563814699649811
2026/05/07 09:48:37,103,0.07190637290477753
2026/05/07 09:48:38,103,0.028230318799614906
2026/05/07 09:48:39,103,0.020868834108114243
2026/05/07 09:48:40,103,0.0216299407184124
2026/05/07 09:48:41,103,0.0220026895403862
2026/05/07 09:48:42,103,0.02443554811179638
2026/05/07 09:48:43,103,0.019438762217760086
2026/05/07 09:48:44,104,0.027323050424456596
2026/05/07 09:48:45,104,0.06280066817998886
2026/05/07 09:48:46,104,0.07443293184041977
2026/05/07 09:48:47,104,0.019112536683678627
2026/05/07 09:48:48,104,0.021697040647268295
2026/05/07 09:48:49,104,0.020128091797232628
2026/05/07 09:48:50,103,0.02392742969095707
2026/05/07 09:48:51,103,0.11467234045267105
2026/05/07 09:48:52,102,0.1499713957309723
2026/05/07 09:48:53,102,0.12803594768047333
2026/05/07 09:48:54,101,0.1277405470609665
2026/05/07 09:48:55,100,0.4220588207244873
2026/05/07 09:48:56,99,0.11288229376077652
2026/05/07 09:48:57,97,0.11356271803379059
2026/05/07 09:48:58,96,0.17423075437545776
2026/05/07 09:48:59,90,0.20921555161476135
2026/05/07 09:49:00,86,0.16334281861782074
2026/05/07 09:49:01,83,0.04732033982872963
2026/05/07 09:49:02,81,0.029568636789917946
2026/05/07 09:49:03,80,0.02337106503546238
2026/05/07 09:49:04,80,0.050358016043901443
2026/05/07 09:49:05,80,0.03129083290696144
2026/05/07 09:49:06,81,0.027188740670681
2026/05/07 09:49:07,82,0.024374665692448616
2026/05/07 09:49:08,83,0.02443479560315609
2026/05/07 09:49:09,85,0.044762022793293
2026/05/07 09:49:10,86,0.08405940234661102
2026/05/07 09:49:11,87,0.032134026288986206
2026/05/07 09:49:12,88,0.022092288359999657
2026/05/07 09:49:13,89,0.0715794563293457
2026/05/07 09:49:14,90,0.12922778725624084
2026/05/07 09:49:15,91,0.1687420904636383
2026/05/07 09:49:16,92,0.12353917956352234
2026/05/07 09:49:17,94,0.050082892179489136
2026/05/07 09:49:18,95,0.08472684025764465
2026/05/07 09:49:19,96,0.18907475471496582
2026/05/07 09:49:20,97,0.17119701206684113
2026/05/07 09:49:21,97,0.06335727125406265
2026/05/07 09:49:22,98,0.029904788359999657
2026/05/07 09:49:23,99,0.05161231756210327
2026/05/07 09:49:24,100,0.05333968251943588
2026/05/07 09:49:25,99,0.05107005685567856
2026/05/07 09:49:26,98,0.04635840654373169
2026/05/07 09:49:27,97,0.14469808340072632
2026/05/07 09:49:28,96,0.15871365368366241
2026/05/07 09:49:29,96,0.16267305612564087
2026/05/07 09:49:30,95,0.1426728218793869
2026/05/07 09:49:31,94,0.10889264941215515
2026/05/07 09:49:32,93,0.06608896702528
2026/05/07 09:49:33,93,0.09531327337026596
2026/05/07 09:49:34,92,0.09334264695644379
2026/05/07 09:49:35,93,0.2865469753742218
2026/05/07 09:49:36,93,0.24570013582706451
2026/05/07 09:49:37,93,0.2428528368473053
2026/05/07 09:49:38,93,0.20949427783489227
2026/05/07 09:49:39,94,0.21139219403266907
2026/05/07 09:49:40,94,0.2153978794813156
2026/05/07 09:49:41,94,0.2111121416091919
2026/05/07 09:49:42,94,0.26543837785720825
2026/05/07 09:49:43,94,0.221958726644516
2026/05/07 09:49:44,93,0.20078717172145844
2026/05/07 09:49:45,93,0.27494049072265625
2026/05/07 09:49:46,92,0.3298073410987854
2026/05/07 09:49:47,92,0.16480174660682678
2026/05/07 09:49:48,91,0.21981102228164673
2026/05/07 09:49:49,90,0.241552472114563
2026/05/07 09:49:50,90,0.19507381319999695
2026/05/07 09:49:51,89,0.14172542095184326
2026/05/07 09:49:52,89,0.12532415986061096
2026/05/07 09:49:53,89,0.1273990273475647
2026/05/07 09:49:54,89,0.12189925462007523
2026/05/07 09:49:55,90,0.12792761623859406
2026/05/07 09:49:56,90,0.1606786996126175
2026/05/07 09:49:57,90,0.1885424256324768
2026/05/07 09:49:58,90,0.1398840993642807
2026/05/07 09:49:59,90,0.15503832697868347
2026/05/07 09:50:00,90,0.2169174998998642
2026/05/07 09:50:01,90,0.17078837752342224
2026/05/07 09:50:02,90,0.16643577814102173
2026/05/07 09:50:03,90,0.12855853140354156
2026/05/07 09:50:04,90,0.18963082134723663
2026/05/07 09:50:05,90,0.4259551167488098
2026/05/07 09:50:06,90,0.5395416021347046
2026/05/07 09:50:07,90,0.49372971057891846
2026/05/07 09:50:08,90,0.3730478882789612
2026/05/07 09:50:09,90,0.3961320221424103
2026/05/07 09:50:10,90,0.3689136207103729
2026/05/07 09:50:11,91,0.41184958815574646
2026/05/07 09:50:12,91,0.5099778175354004
2026/05/07 09:50:13,91,0.47913649678230286
2026/05/07 09:50:14,90,0.36511629819869995
2026/05/07 09:50:15,91,0.33962711691856384
2026/05/07 09:50:16,92,0.5230538845062256
2026/05/07 09:50:17,93,0.3858540952205658
2026/05/07 09:50:18,93,0.4630272090435028
2026/05/07 09:50:19,94,0.2868836224079132
2026/05/07 09:50:20,95,0.2593550384044647
2026/05/07 09:50:21,96,0.22935257852077484
2026/05/07 09:50:22,97,0.20542368292808533
2026/05/07 09:50:23,98,0.222914919257164
2026/05/07 09:50:24,98,0.22261415421962738
2026/05/07 09:50:25,100,0.2648788094520569
2026/05/07 09:50:26,101,0.4429229199886322
2026/05/07 09:50:27,101,0.3942970633506775
2026/05/07 09:50:28,101,0.5651052594184875
2026/05/07 09:50:29,101,0.46432560682296753
2026/05/07 09:50:30,101,0.40701350569725037
2026/05/07 09:50:31,102,0.5033277869224548
2026/05/07 09:50:32,103,0.374002069234848
2026/05/07 09:50:33,103,0.3119296431541443
2026/05/07 09:50:34,102,0.4452129602432251
2026/05/07 09:50:35,102,0.5299634337425232
2026/05/07 09:50:36,102,0.46741124987602234
2026/05/07 09:50:37,101,0.3504430651664734
2026/05/07 09:50:38,101,0.30345839262008667
2026/05/07 09:50:39,101,0.32605162262916565
2026/05/07 09:50:40,101,0.3428553342819214
2026/05/07 09:50:41,101,0.38553640246391296
2026/05/07 09:50:42,102,0.3948567509651184
2026/05/07 09:50:43,102,0.26728707551956177
2026/05/07 09:50:44,102,0.21251791715621948
2026/05/07 09:50:45,103,0.22381149232387543
2026/05/07 09:50:46,103,0.22990261018276215
2026/05/07 09:50:47,104,0.25655698776245117
2026/05/07 09:50:48,104,0.1373022347688675
2026/05/07 09:50:49,105,0.2742956876754761
2026/05/07 09:50:50,106,0.23080721497535706
2026/05/07 09:50:51,106,0.21505562961101532
2026/05/07 09:50:52,107,0.32180970907211304
2026/05/07 09:50:53,108,0.21792201697826385
2026/05/07 09:50:54,108,0.2339373081922531
2026/05/07 09:50:55,108,0.23975975811481476
2026/05/07 09:50:56,109,0.36475542187690735
2026/05/07 09:50:57,109,0.5501114130020142
2026/05/07 09:50:58,109,0.5145385265350342
2026/05/07 09:50:59,109,0.633090078830719
2026/05/07 09:51:00,109,0.5234209299087524
2026/05/07 09:51:01,108,0.5681480765342712
2026/05/07 09:51:02,108,0.459227591753006
2026/05/07 09:51:03,107,0.15907056629657745
2026/05/07 09:51:04,106,0.30488473176956177
2026/05/07 09:51:05,106,0.31242433190345764
2026/05/07 09:51:06,106,0.24132691323757172
2026/05/07 09:51:07,105,0.2655802369117737
2026/05/07 09:51:08,104,0.21856307983398438
2026/05/07 09:51:09,103,0.22271104156970978
2026/05/07 09:51:10,103,0.215214341878891
2026/05/07 09:51:11,103,0.5883266925811768
2026/05/07 09:51:12,104,0.5416451692581177
2026/05/07 09:51:13,105,0.4400845170021057
2026/05/07 09:51:14,106,0.299085408449173
2026/05/07 09:51:15,107,0.47061049938201904
2026/05/07 09:51:16,107,0.380423367023468
2026/05/07 09:51:17,108,0.3592868447303772
2026/05/07 09:51:18,108,0.2782958447933197
2026/05/07 09:51:19,108,0.44127196073532104
2026/05/07 09:51:20,108,0.5341238379478455
2026/05/07 09:51:21,108,0.39472517371177673
2026/05/07 09:51:22,108,0.3446888029575348
2026/05/07 09:51:23,108,0.2932293117046356
2026/05/07 09:51:24,108,0.3386819064617157
2026/05/07 09:51:25,108,0.3461051285266876
2026/05/07 09:51:26,108,0.2981104552745819
2026/05/07 09:51:27,108,0.2601911127567291
2026/05/07 09:51:28,107,0.2992558181285858
2026/05/07 09:51:29,107,0.3079226016998291
2026/05/07 09:51:30,107,0.3609757125377655
2026/05/07 09:51:31,107,0.2598412334918976
2026/05/07 09:51:32,107,0.2374519407749176
2026/05/07 09:51:33,107,0.25279802083969116
2026/05/07 09:51:34,108,0.18932470679283142
2026/05/07 09:51:35,108,0.20362690091133118
2026/05/07 09:51:36,108,0.2752489745616913
2026/05/07 09:51:37,108,0.30585262179374695
2026/05/07 09:51:38,108,0.204036682844162
2026/05/07 09:51:39,108,0.30066755414009094
2026/05/07 09:51:40,108,0.2383469194173813
2026/05/07 09:51:41,108,0.308244526386261
2026/05/07 09:51:42,108,0.26673370599746704
2026/05/07 09:51:43,109,0.2519999146461487
2026/05/07 09:51:44,109,0.2853391170501709
2026/05/07 09:51:45,109,0.23980902135372162
2026/05/07 09:51:46,109,0.2917419672012329
2026/05/07 09:51:47,110,0.29191094636917114
2026/05/07 09:51:48,110,0.25317972898483276
2026/05/07 09:51:49,110,0.23206713795661926
2026/05/07 09:51:50,110,0.24939677119255066
2026/05/07 09:51:51,109,0.2721951901912689
2026/05/07 09:51:52,109,0.22366608679294586
2026/05/07 09:51:53,109,0.2814992666244507
2026/05/07 09:51:54,108,0.2668437063694
2026/05/07 09:51:55,107,0.558417022228241
2026/05/07 09:51:56,107,0.6150537729263306
2026/05/07 09:51:57,106,0.46463775634765625
2026/05/07 09:51:58,106,0.5423898696899414
2026/05/07 09:51:59,106,0.5100790858268738
2026/05/07 09:52:00,107,0.6373376250267029
2026/05/07 09:52:01,107,0.47451847791671753
2026/05/07 09:52:02,107,0.447018027305603
2026/05/07 09:52:03,106,0.19048073887825012
2026/05/07 09:52:04,105,0.21817122399806976
2026/05/07 09:52:05,105,0.2006368488073349
2026/05/07 09:52:06,104,0.26783835887908936
2026/05/07 09:52:07,104,0.2677434980869293
2026/05/07 09:52:08,104,0.2007514238357544
2026/05/07 09:52:09,104,0.18081213533878326
2026/05/07 09:52:10,104,0.1889103204011917
2026/05/07 09:52:11,104,0.2516659200191498
2026/05/07 09:52:12,104,0.3748948872089386
2026/05/07 09:52:13,105,0.2190847545862198
2026/05/07 09:52:14,105,0.27227625250816345
2026/05/07 09:52:15,106,0.20315593481063843
2026/05/07 09:52:16,106,0.1911884993314743
2026/05/07 09:52:17,106,0.17386756837368011
2026/05/07 09:52:18,107,0.26296675205230713
2026/05/07 09:52:19,107,0.19381402432918549
2026/05/07 09:52:20,107,0.20430059731006622
2026/05/07 09:52:21,107,0.26174217462539673
2026/05/07 09:52:22,106,0.27424857020378113
2026/05/07 09:52:23,106,0.17952591180801392
2026/05/07 09:52:24,106,0.24418175220489502
2026/05/07 09:52:25,106,0.47753193974494934
2026/05/07 09:52:26,106,0.5441469550132751
2026/05/07 09:52:27,107,0.5056418776512146
2026/05/07 09:52:28,107,0.5309284925460815
2026/05/07 09:52:29,107,0.4741840958595276
2026/05/07 09:52:30,107,0.5194613933563232
2026/05/07 09:52:31,107,0.4605574905872345
2026/05/07 09:52:32,107,0.3586810529232025
2026/05/07 09:52:33,106,0.254072904586792
2026/05/07 09:52:34,106,0.1871284395456314
2026/05/07 09:52:35,106,0.2310979664325714
2026/05/07 09:52:36,105,0.15974567830562592
2026/05/07 09:52:37,105,0.2196422964334488
2026/05/07 09:52:38,105,0.1862146556377411
2026/05/07 09:52:39,105,0.15254820883274078
2026/05/07 09:52:40,105,0.263992041349411
2026/05/07 09:52:41,105,0.23630325496196747
2026/05/07 09:52:42,105,0.22223973274230957
2026/05/07 09:52:43,105,0.2402983158826828
2026/05/07 09:52:44,104,0.2282756119966507
2026/05/07 09:52:45,104,0.2072254717350006
2026/05/07 09:52:46,104,0.2351732701063156
2026/05/07 09:52:47,104,0.510600209236145
2026/05/07 09:52:48,104,0.652934193611145
2026/05/07 09:52:49,104,0.5628700256347656
2026/05/07 09:52:50,104,0.5528084635734558
2026/05/07 09:52:51,104,0.580105721950531
2026/05/07 09:52:52,104,0.4417179226875305
2026/05/07 09:52:53,104,0.21291179955005646
2026/05/07 09:52:54,104,0.24627678096294403
2026/05/07 09:52:55,105,0.1616574376821518
2026/05/07 09:52:56,105,0.12655209004878998
2026/05/07 09:52:57,106,0.12984880805015564
2026/05/07 09:52:58,106,0.1122211441397667
2026/05/07 09:52:59,107,0.13939781486988068
2026/05/07 09:53:00,107,0.08922741562128067
2026/05/07 09:53:01,108,0.10994572192430496
2026/05/07 09:53:02,108,0.10165985673666
2026/05/07 09:53:03,108,0.09843194484710693
2026/05/07 09:53:04,109,0.09033255279064178
2026/05/07 09:53:05,109,0.09814334660768509
2026/05/07 09:53:06,109,0.08901917189359665
2026/05/07 09:53:07,109,0.07709313929080963
2026/05/07 09:53:08,109,0.0808781236410141
2026/05/07 09:53:09,108,0.07655008137226105
2026/05/07 09:53:10,108,0.057327620685100555
2026/05/07 09:53:11,107,0.06761365383863449
2026/05/07 09:53:12,107,0.13677242398262024
2026/05/07 09:53:13,107,0.12850354611873627
2026/05/07 09:53:14,106,0.12543268501758575
2026/05/07 09:53:15,106,0.26035138964653015
2026/05/07 09:53:16,106,0.057518016546964645
2026/05/07 09:53:17,105,0.02789086475968361
2026/05/07 09:53:18,104,0.06132398545742035
2026/05/07 09:53:19,105,0.02330601215362549
2026/05/07 09:53:20,106,0.04209287092089653
2026/05/07 09:53:21,106,0.02666822448372841
2026/05/07 09:53:22,107,0.028115931898355484
2026/05/07 09:53:23,107,0.0207002442330122
2026/05/07 09:53:24,107,0.023614780977368355
2026/05/07 09:53:25,107,0.021854480728507042
2026/05/07 09:53:26,108,0.03728838264942169
2026/05/07 09:53:27,108,0.24506638944149017
2026/05/07 09:53:28,108,0.1524895578622818
2026/05/07 09:53:29,109,0.03704128414392471
2026/05/07 09:53:30,109,0.01396419107913971
2026/05/07 09:53:31,109,0.013452275656163692
2026/05/07 09:53:32,108,0.013792034238576889
2026/05/07 09:53:33,107,0.012874986045062542
2026/05/07 09:53:34,107,0.013175628148019314
2026/05/07 09:53:35,106,0.013768533244729042
2026/05/07 09:53:36,105,0.012496525421738625
2026/05/07 09:53:37,104,0.013658564537763596
2026/05/07 09:53:38,103,0.014068681746721268
2026/05/07 09:53:39,102,0.01266538817435503
2026/05/07 09:53:40,102,0.011842731386423111
2026/05/07 09:53:41,101,0.01269796583801508
2026/05/07 09:53:42,101,0.013521067798137665
2026/05/07 09:53:43,100,0.01711462065577507
2026/05/07 09:53:44,100,0.1778654009103775
2026/05/07 09:53:45,99,0.2782621383666992
2026/05/07 09:53:46,98,0.1364106982946396
2026/05/07 09:53:47,95,0.11198848485946655
2026/05/07 09:53:48,93,0.32351160049438477
2026/05/07 09:53:49,91,0.6166570782661438
2026/05/07 09:53:50,90,0.6542266011238098
2026/05/07 09:53:51,88,0.5178773403167725
2026/05/07 09:53:52,86,0.4758143126964569
2026/05/07 09:53:53,85,0.40647128224372864
2026/05/07 09:53:54,84,0.2581358253955841
2026/05/07 09:53:55,83,0.32918164134025574
2026/05/07 09:53:56,83,0.4087831676006317
2026/05/07 09:53:57,83,0.23771491646766663
2026/05/07 09:53:58,84,0.24966362118721008
2026/05/07 09:53:59,85,0.24745574593544006
2026/05/07 09:54:00,85,0.2839067280292511
2026/05/07 09:54:01,87,0.4150567948818207
2026/05/07 09:54:02,88,0.3683132827281952
2026/05/07 09:54:03,90,0.22823485732078552
2026/05/07 09:54:04,91,0.41898322105407715
2026/05/07 09:54:05,93,0.3255825936794281
2026/05/07 09:54:06,94,0.464407742023468
2026/05/07 09:54:07,94,0.28150510787963867
2026/05/07 09:54:08,95,0.3496665358543396
2026/05/07 09:54:09,95,0.3752650320529938
2026/05/07 09:54:10,95,0.3017229437828064
2026/05/07 09:54:11,94,0.20833300054073334
2026/05/07 09:54:12,94,0.36125341057777405
2026/05/07 09:54:13,94,0.4222768247127533
2026/05/07 09:54:14,94,0.325230211019516
2026/05/07 09:54:15,94,0.29885372519493103
2026/05/07 09:54:16,94,0.28519290685653687
2026/05/07 09:54:17,94,0.2734208405017853
2026/05/07 09:54:18,94,0.2498006522655487
2026/05/07 09:54:19,94,0.4988226890563965
2026/05/07 09:54:20,94,0.3578406572341919
2026/05/07 09:54:21,94,0.4849068820476532
2026/05/07 09:54:22,94,0.2420898675918579
2026/05/07 09:54:23,94,0.3371722102165222
2026/05/07 09:54:24,94,0.31215858459472656
2026/05/07 09:54:25,94,0.31051385402679443
2026/05/07 09:54:26,94,0.24948501586914062
2026/05/07 09:54:27,95,0.3736288547515869
2026/05/07 09:54:28,95,0.4515637457370758
2026/05/07 09:54:29,95,0.4451037347316742
2026/05/07 09:54:30,95,0.3244352340698242
2026/05/07 09:54:31,95,0.18857774138450623
2026/05/07 09:54:32,95,0.24619556963443756
2026/05/07 09:54:33,96,0.3206236958503723
2026/05/07 09:54:34,96,0.16506628692150116
2026/05/07 09:54:35,96,0.1920379400253296
2026/05/07 09:54:36,96,0.22618085145950317
2026/05/07 09:54:37,97,0.19663485884666443
2026/05/07 09:54:38,98,0.18327146768569946
2026/05/07 09:54:39,99,0.13293711841106415
2026/05/07 09:54:40,99,0.4120647609233856
2026/05/07 09:54:41,100,0.3624022305011749
2026/05/07 09:54:42,100,0.338844358921051
2026/05/07 09:54:43,100,0.35238373279571533
2026/05/07 09:54:44,100,0.2563062608242035
2026/05/07 09:54:45,100,0.3620719313621521
2026/05/07 09:54:46,101,0.2788304388523102
2026/05/07 09:54:47,101,0.37442225217819214
2026/05/07 09:54:48,102,0.18461932241916656
2026/05/07 09:54:49,102,0.3060278594493866
2026/05/07 09:54:50,102,0.2868662178516388
2026/05/07 09:54:51,103,0.512353777885437
2026/05/07 09:54:52,103,0.2836081385612488
2026/05/07 09:54:53,104,0.28876546025276184
2026/05/07 09:54:54,104,0.31700584292411804
2026/05/07 09:54:55,104,0.22636649012565613
2026/05/07 09:54:56,104,0.2305900752544403
2026/05/07 09:54:57,103,0.21758806705474854
2026/05/07 09:54:58,103,0.2736051678657532
2026/05/07 09:54:59,102,0.13834163546562195
2026/05/07 09:55:00,101,0.18849322199821472
2026/05/07 09:55:01,101,0.17074154317378998
2026/05/07 09:55:02,101,0.2385568916797638
2026/05/07 09:55:03,102,0.1894773542881012
2026/05/07 09:55:04,102,0.22705012559890747
2026/05/07 09:55:05,101,0.25690847635269165
2026/05/07 09:55:06,101,0.2753351628780365
2026/05/07 09:55:07,101,0.29088106751441956
2026/05/07 09:55:08,101,0.28946489095687866
2026/05/07 09:55:09,101,0.29198718070983887
2026/05/07 09:55:10,101,0.19185100495815277
2026/05/07 09:55:11,102,0.22467654943466187
2026/05/07 09:55:12,102,0.18937374651432037
2026/05/07 09:55:13,102,0.21286046504974365
2026/05/07 09:55:14,102,0.21961168944835663
2026/05/07 09:55:15,102,0.17187795042991638
2026/05/07 09:55:16,102,0.20072679221630096
2026/05/07 09:55:17,103,0.15813596546649933
2026/05/07 09:55:18,103,0.19894008338451385
2026/05/07 09:55:19,103,0.24356138706207275
2026/05/07 09:55:20,104,0.5587106347084045
2026/05/07 09:55:21,104,0.47793298959732056
2026/05/07 09:55:22,104,0.30044880509376526
2026/05/07 09:55:23,105,0.2950601577758789
2026/05/07 09:55:24,105,0.38674196600914
2026/05/07 09:55:25,105,0.36134302616119385
2026/05/07 09:55:26,105,0.33543065190315247
2026/05/07 09:55:27,105,0.3463984727859497
2026/05/07 09:55:28,105,0.23633095622062683
2026/05/07 09:55:29,105,0.3731544017791748
2026/05/07 09:55:30,106,0.3180953562259674
2026/05/07 09:55:31,106,0.24748146533966064
2026/05/07 09:55:32,106,0.34495365619659424
2026/05/07 09:55:33,107,0.23543626070022583
2026/05/07 09:55:34,107,0.27554404735565186
2026/05/07 09:55:35,108,0.2941708266735077
2026/05/07 09:55:36,109,0.385760635137558
2026/05/07 09:55:37,109,0.2753884196281433
2026/05/07 09:55:38,110,0.25227436423301697
2026/05/07 09:55:39,110,0.3514578938484192
2026/05/07 09:55:40,111,0.22355489432811737
2026/05/07 09:55:41,111,0.24889469146728516
2026/05/07 09:55:42,112,0.3438743054866791
2026/05/07 09:55:43,112,0.5716658234596252
2026/05/07 09:55:44,112,0.434872567653656
2026/05/07 09:55:45,112,0.4512394368648529
2026/05/07 09:55:46,112,0.24820640683174133
2026/05/07 09:55:47,111,0.27677127718925476
2026/05/07 09:55:48,111,0.3032940924167633
2026/05/07 09:55:49,110,0.2941264808177948
2026/05/07 09:55:50,110,0.3178485631942749
2026/05/07 09:55:51,109,0.2266046702861786
2026/05/07 09:55:52,107,0.3421141505241394
2026/05/07 09:55:53,106,0.24033328890800476
2026/05/07 09:55:54,105,0.2378322333097458
2026/05/07 09:55:55,105,0.2224031388759613
2026/05/07 09:55:56,104,0.3566608428955078
2026/05/07 09:55:57,104,0.22040975093841553
2026/05/07 09:55:58,103,0.21363727748394012
2026/05/07 09:55:59,103,0.2116159349679947
2026/05/07 09:56:00,103,0.39785563945770264
2026/05/07 09:56:01,103,0.5598649978637695
2026/05/07 09:56:02,103,0.5511324405670166
2026/05/07 09:56:03,103,0.35117751359939575
2026/05/07 09:56:04,103,0.33805322647094727
2026/05/07 09:56:05,103,0.2168828845024109
2026/05/07 09:56:06,103,0.42489445209503174
2026/05/07 09:56:07,103,0.30159837007522583
2026/05/07 09:56:08,103,0.2020861804485321
2026/05/07 09:56:09,103,0.3475021421909332
2026/05/07 09:56:10,103,0.1707000732421875
2026/05/07 09:56:11,102,0.2359456568956375
2026/05/07 09:56:12,102,0.19366291165351868
2026/05/07 09:56:13,102,0.21417070925235748
2026/05/07 09:56:14,101,0.2585461437702179
2026/05/07 09:56:15,101,0.2981894016265869
2026/05/07 09:56:16,101,0.2911139726638794
2026/05/07 09:56:17,100,0.2916204035282135
2026/05/07 09:56:18,100,0.3299756348133087
2026/05/07 09:56:19,99,0.3584321141242981
2026/05/07 09:56:20,99,0.6452723741531372
2026/05/07 09:56:21,99,0.31913095712661743
2026/05/07 09:56:22,100,0.42362096905708313
2026/05/07 09:56:23,101,0.427754282951355
2026/05/07 09:56:24,101,0.293707013130188
2026/05/07 09:56:25,101,0.4447952210903168
2026/05/07 09:56:26,101,0.43252021074295044
2026/05/07 09:56:27,101,0.48771244287490845
2026/05/07 09:56:28,101,0.2430998980998993
2026/05/07 09:56:29,101,0.17744727432727814
2026/05/07 09:56:30,101,0.41621145606040955
2026/05/07 09:56:31,101,0.24161100387573242
2026/05/07 09:56:32,101,0.3488842248916626
2026/05/07 09:56:33,101,0.33221304416656494
2026/05/07 09:56:34,101,0.36749857664108276
2026/05/07 09:56:35,101,0.33440548181533813
2026/05/07 09:56:36,101,0.33350256085395813
2026/05/07 09:56:37,102,0.329522043466568
2026/05/07 09:56:38,102,0.30997300148010254
2026/05/07 09:56:39,102,0.19657324254512787
2026/05/07 09:56:40,103,0.2885374128818512
2026/05/07 09:56:41,103,0.2532746195793152
2026/05/07 09:56:42,104,0.2600131630897522
2026/05/07 09:56:43,104,0.16290606558322906
2026/05/07 09:56:44,104,0.1945549100637436
2026/05/07 09:56:45,105,0.35620173811912537
2026/05/07 09:56:46,105,0.32354116439819336
2026/05/07 09:56:47,105,0.33039385080337524
2026/05/07 09:56:48,106,0.26328983902931213
2026/05/07 09:56:49,106,0.2828441858291626
2026/05/07 09:56:50,106,0.3222399950027466
2026/05/07 09:56:51,106,0.35192838311195374
2026/05/07 09:56:52,106,0.3217441141605377
2026/05/07 09:56:53,107,0.5246284008026123
2026/05/07 09:56:54,107,0.382619708776474
2026/05/07 09:56:55,107,0.6976495385169983
2026/05/07 09:56:56,107,0.34250408411026
2026/05/07 09:56:57,107,0.5984787344932556
2026/05/07 09:56:58,108,0.3894875645637512
2026/05/07 09:56:59,108,0.5921120643615723
2026/05/07 09:57:00,108,0.30303582549095154
2026/05/07 09:57:01,108,0.2968016266822815
2026/05/07 09:57:02,107,0.16593731939792633
2026/05/07 09:57:03,107,0.1081581711769104
2026/05/07 09:57:04,107,0.10152196139097214
2026/05/07 09:57:05,107,0.07953531295061111
2026/05/07 09:57:06,107,0.05030802637338638
2026/05/07 09:57:07,107,0.03929886966943741
2026/05/07 09:57:08,107,0.053455568850040436
2026/05/07 09:57:09,107,0.05195550248026848
2026/05/07 09:57:10,107,0.046538256108760834
2026/05/07 09:57:11,108,0.0488218329846859
2026/05/07 09:57:12,108,0.0385846272110939
2026/05/07 09:57:13,109,0.04389207065105438
2026/05/07 09:57:14,109,0.03757781535387039
2026/05/07 09:57:15,109,0.038160983473062515
2026/05/07 09:57:16,110,0.029798166826367378
2026/05/07 09:57:17,110,0.0384507030248642
2026/05/07 09:57:18,110,0.032717514783144
2026/05/07 09:57:19,108,0.033734649419784546
2026/05/07 09:57:20,107,0.03348560258746147
2026/05/07 09:57:21,108,0.03351549059152603
2026/05/07 09:57:22,109,0.034179531037807465
2026/05/07 09:57:23,109,0.03395206108689308
2026/05/07 09:57:24,109,0.0336805135011673
2026/05/07 09:57:25,109,0.032908421009778976
2026/05/07 09:57:26,110,0.034032851457595825
2026/05/07 09:57:27,110,0.030864398926496506
2026/05/07 09:57:28,110,0.0581025555729866
2026/05/07 09:57:29,109,0.12927834689617157
2026/05/07 09:57:30,108,0.28109288215637207
2026/05/07 09:57:31,107,0.20740504562854767
2026/05/07 09:57:32,106,0.01912631280720234
2026/05/07 09:57:33,105,0.018719788640737534
2026/05/07 09:57:34,103,0.018181893974542618
2026/05/07 09:57:35,102,0.0858675166964531
2026/05/07 09:57:36,101,0.11494727432727814
2026/05/07 09:57:37,100,0.025500796735286713
2026/05/07 09:57:38,99,0.031107690185308456
2026/05/07 09:57:39,99,0.02796158567070961
2026/05/07 09:57:40,98,0.027938487008213997
2026/05/07 09:57:41,98,0.027926383540034294
2026/05/07 09:57:42,98,0.029329480603337288
2026/05/07 09:57:43,98,0.05020131170749664
2026/05/07 09:57:44,97,0.05025877058506012
2026/05/07 09:57:45,96,0.033179957419633865
2026/05/07 09:57:46,95,0.03212045133113861
2026/05/07 09:57:47,94,0.030031666159629822
2026/05/07 09:57:48,93,0.02956688031554222
2026/05/07 09:57:49,91,0.029321905225515366
2026/05/07 09:57:50,90,0.02943246066570282
2026/05/07 09:57:51,88,0.036745596677064896
2026/05/07 09:57:52,86,0.025832781568169594
2026/05/07 09:57:53,85,0.027843380346894264
2026/05/07 09:57:54,84,0.029379943385720253
2026/05/07 09:57:55,84,0.027851779013872147
2026/05/07 09:57:56,83,0.02790776826441288
2026/05/07 09:57:57,83,0.02831067517399788
2026/05/07 09:57:58,82,0.027231823652982712
2026/05/07 09:57:59,82,0.028383012861013412
2026/05/07 09:58:00,83,0.027194375172257423
2026/05/07 09:58:01,81,0.027899136766791344
2026/05/07 09:58:02,80,0.02729521319270134
2026/05/07 09:58:03,79,0.02755323052406311
2026/05/07 09:58:04,78,0.027856873348355293
2026/05/07 09:58:05,76,0.02860283851623535
2026/05/07 09:58:06,75,0.02774207293987274
2026/05/07 09:58:07,74,0.026764115318655968
2026/05/07 09:58:08,73,0.027025051414966583
2026/05/07 09:58:09,72,0.025831453502178192
2026/05/07 09:58:10,72,0.025151439011096954
2026/05/07 09:58:11,72,0.025555932894349098
2026/05/07 09:58:12,71,0.025928528979420662
2026/05/07 09:58:13,71,0.025897447019815445
2026/05/07 09:58:14,71,0.025982951745390892
2026/05/07 09:58:15,70,0.025542408227920532
2026/05/07 09:58:16,69,0.025840261951088905
2026/05/07 09:58:17,69,0.025678550824522972
2026/05/07 09:58:18,68,0.02879279851913452
2026/05/07 09:58:19,68,0.026271456852555275
2026/05/07 09:58:20,67,0.02560626156628132
2026/05/07 09:58:21,67,0.025842010974884033
2026/05/07 09:58:22,66,0.027289992198348045
2026/05/07 09:58:23,66,0.027545517310500145
2026/05/07 09:58:24,66,0.025898026302456856
2026/05/07 09:58:25,66,0.026889855042099953
2026/05/07 09:58:26,65,0.0271165668964386
2026/05/07 09:58:27,66,0.03025730699300766
2026/05/07 09:58:28,66,0.04792788252234459
2026/05/07 09:58:29,67,0.07911273837089539
2026/05/07 09:58:30,67,0.1279052048921585
2026/05/07 09:58:31,68,0.07240806519985199
2026/05/07 09:58:32,69,0.06629068404436111
2026/05/07 09:58:33,70,0.04382180795073509
2026/05/07 09:58:34,71,0.013715258799493313
2026/05/07 09:58:35,72,0.013321544975042343
2026/05/07 09:58:36,72,0.01255819946527481
2026/05/07 09:58:37,73,0.013817709870636463
2026/05/07 09:58:38,73,0.014216544106602669
2026/05/07 09:58:39,74,0.014117060229182243
2026/05/07 09:58:40,74,0.013909830711781979
2026/05/07 09:58:41,75,0.014305935241281986
2026/05/07 09:58:42,75,0.013768837787210941
2026/05/07 09:58:43,77,0.013915029354393482
2026/05/07 09:58:44,78,0.013431954197585583
2026/05/07 09:58:45,79,0.014089228585362434
2026/05/07 09:58:46,80,0.015397217124700546
2026/05/07 09:58:47,81,0.01867547258734703
2026/05/07 09:58:48,83,0.014137926511466503
2026/05/07 09:58:49,83,0.014813333749771118
2026/05/07 09:58:50,84,0.013905481435358524
2026/05/07 09:58:51,84,0.013957537710666656
2026/05/07 09:58:52,84,0.014683467335999012
2026/05/07 09:58:53,84,0.014136501587927341
2026/05/07 09:58:54,84,0.014085119590163231
2026/05/07 09:58:55,83,0.013463175855576992
2026/05/07 09:58:56,83,0.01415232103317976
2026/05/07 09:58:57,82,0.0150140430778265
2026/05/07 09:58:58,82,0.013615281321108341
2026/05/07 09:58:59,81,0.013791012577712536
2026/05/07 09:59:00,81,0.032247621566057205
2026/05/07 09:59:01,80,0.034849196672439575
2026/05/07 09:59:02,79,0.032376978546381
2026/05/07 09:59:03,78,0.03602488338947296
2026/05/07 09:59:04,77,0.03754418343305588
2026/05/07 09:59:05,76,0.03790653496980667
2026/05/07 09:59:06,75,0.03742320090532303
2026/05/07 09:59:07,74,0.035425152629613876
2026/05/07 09:59:08,73,0.03694915026426315
2026/05/07 09:59:09,72,0.03619236871600151
2026/05/07 09:59:10,71,0.03427283465862274
2026/05/07 09:59:11,71,0.03407713398337364
2026/05/07 09:59:12,71,0.03395909070968628
2026/05/07 09:59:13,71,0.03546248376369476
2026/05/07 09:59:14,71,0.03477679193019867
2026/05/07 09:59:15,71,0.034419529139995575
2026/05/07 09:59:16,70,0.034649040549993515
2026/05/07 09:59:17,70,0.03445321321487427
2026/05/07 09:59:18,69,0.034333307296037674
2026/05/07 09:59:19,69,0.035843633115291595
2026/05/07 09:59:20,69,0.03288056328892708
2026/05/07 09:59:21,69,0.03389096260070801
2026/05/07 09:59:22,69,0.03506191819906235
2026/05/07 09:59:23,68,0.03552870452404022
2026/05/07 09:59:24,68,0.03510447219014168
2026/05/07 09:59:25,67,0.04312252253293991
2026/05/07 09:59:26,67,0.056828416883945465
2026/05/07 09:59:27,67,0.06891162693500519
2026/05/07 09:59:28,67,0.03475285321474075
2026/05/07 09:59:29,68,0.05516437068581581
2026/05/07 09:59:30,68,0.05513540655374527
2026/05/07 09:59:31,69,0.09275973588228226
2026/05/07 09:59:32,69,0.1998312622308731
2026/05/07 09:59:33,69,0.16029083728790283
2026/05/07 09:59:34,69,0.14499236643314362
2026/05/07 09:59:35,70,0.05714040994644165
2026/05/07 09:59:36,70,0.047209370881319046
2026/05/07 09:59:37,72,0.028182342648506165
2026/05/07 09:59:38,73,0.08134348690509796
2026/05/07 09:59:39,75,0.028534868732094765
2026/05/07 09:59:40,76,0.031815268099308014
2026/05/07 09:59:41,77,0.018690213561058044
2026/05/07 09:59:42,78,0.01749761775135994
2026/05/07 09:59:43,80,0.017015451565384865
2026/05/07 09:59:44,81,0.01827200874686241
2026/05/07 09:59:45,82,0.018329882994294167
2026/05/07 09:59:46,83,0.018087226897478104
2026/05/07 09:59:47,83,0.018378736451268196
2026/05/07 09:59:48,83,0.01875632256269455
2026/05/07 09:59:49,83,0.020052919164299965
2026/05/07 09:59:50,83,0.03054000623524189
2026/05/07 09:59:51,82,0.05679767578840256
2026/05/07 09:59:52,81,0.05807572230696678
2026/05/07 09:59:53,80,0.1770370751619339
2026/05/07 09:59:54,79,0.08949801325798035
2026/05/07 09:59:55,78,0.07245815545320511
2026/05/07 09:59:56,77,0.040264785289764404
2026/05/07 09:59:57,76,0.06233697757124901
2026/05/07 09:59:58,76,0.024762241169810295
2026/05/07 09:59:59,76,0.02477894350886345
2026/05/07 10:00:00,77,0.02372247539460659
2026/05/07 10:00:01,76,0.023226652294397354
2026/05/07 10:00:02,76,0.024415161460638046
2026/05/07 10:00:03,75,0.02391960844397545
2026/05/07 10:00:04,75,0.02523164637386799
2026/05/07 10:00:05,74,0.024632375687360764
2026/05/07 10:00:06,73,0.024562640115618706
2026/05/07 10:00:07,74,0.025589432567358017
2026/05/07 10:00:08,74,0.025356344878673553
2026/05/07 10:00:09,74,0.024909542873501778
2026/05/07 10:00:10,74,0.024933872744441032
2026/05/07 10:00:11,74,0.025172090157866478
2026/05/07 10:00:12,74,0.026211535558104515
2026/05/07 10:00:13,74,0.025458913296461105
2026/05/07 10:00:14,74,0.02519317902624607
2026/05/07 10:00:15,74,0.025869794189929962
2026/05/07 10:00:16,74,0.032375678420066833
2026/05/07 10:00:17,73,0.06765886396169662
2026/05/07 10:00:18,73,0.014276276342570782
2026/05/07 10:00:19,73,0.029708068817853928
2026/05/07 10:00:20,73,0.034675873816013336
2026/05/07 10:00:21,73,0.03228174149990082
2026/05/07 10:00:22,73,0.059047020971775055
2026/05/07 10:00:23,73,0.03412892669439316
2026/05/07 10:00:24,73,0.026500916108489037
2026/05/07 10:00:25,72,0.030207863077521324
2026/05/07 10:00:26,72,0.1364525407552719
2026/05/07 10:00:27,71,0.03728441894054413
2026/05/07 10:00:28,70,0.01767304167151451
2026/05/07 10:00:29,70,0.023344315588474274
2026/05/07 10:00:30,70,0.019940335303544998
2026/05/07 10:00:31,70,0.021037137135863304
2026/05/07 10:00:32,71,0.01942295767366886
2026/05/07 10:00:33,71,0.019869502633810043
2026/05/07 10:00:34,71,0.019715478643774986
2026/05/07 10:00:35,72,0.019840890541672707
2026/05/07 10:00:36,72,0.019853729754686356
2026/05/07 10:00:37,72,0.019848152995109558
2026/05/07 10:00:38,72,0.0198336374014616
2026/05/07 10:00:39,72,0.019795767962932587
2026/05/07 10:00:40,73,0.019282180815935135
2026/05/07 10:00:41,73,0.01936708763241768
2026/05/07 10:00:42,73,0.020322460681200027
2026/05/07 10:00:43,74,0.020323045551776886
2026/05/07 10:00:44,74,0.019932184368371964
2026/05/07 10:00:45,74,0.019405506551265717
2026/05/07 10:00:46,74,0.01985953375697136
2026/05/07 10:00:47,75,0.020361239090561867
2026/05/07 10:00:48,75,0.019898973405361176
2026/05/07 10:00:49,76,0.021378856152296066
2026/05/07 10:00:50,76,0.05762837827205658
2026/05/07 10:00:51,76,0.03374892845749855
2026/05/07 10:00:52,75,0.0296821016818285
2026/05/07 10:00:53,75,0.052548665553331375
2026/05/07 10:00:54,74,0.03667968511581421
2026/05/07 10:00:55,73,0.03128984943032265
2026/05/07 10:00:56,72,0.05037832260131836
2026/05/07 10:00:57,72,0.05810056999325752
2026/05/07 10:00:58,71,0.04499208554625511
2026/05/07 10:00:59,71,0.09792599827051163
2026/05/07 10:01:00,71,0.11504451185464859
2026/05/07 10:01:01,70,0.17138665914535522
2026/05/07 10:01:02,70,0.1703231781721115
2026/05/07 10:01:03,70,0.05650937184691429
2026/05/07 10:01:04,70,0.23710915446281433
2026/05/07 10:01:05,70,0.1484249234199524
2026/05/07 10:01:06,69,0.24671068787574768
2026/05/07 10:01:07,69,0.13854120671749115
2026/05/07 10:01:08,69,0.18320892751216888
2026/05/07 10:01:09,70,0.1480138897895813
2026/05/07 10:01:10,70,0.11364180594682693
2026/05/07 10:01:11,70,0.08819659799337387
2026/05/07 10:01:12,69,0.13769155740737915
2026/05/07 10:01:13,70,0.14342531561851501
2026/05/07 10:01:14,70,0.0636921226978302
2026/05/07 10:01:15,71,0.07432065159082413
2026/05/07 10:01:16,72,0.0618147999048233
2026/05/07 10:01:17,74,0.07478485256433487
2026/05/07 10:01:18,75,0.17399048805236816
2026/05/07 10:01:19,76,0.13496331870555878
2026/05/07 10:01:20,77,0.018801942467689514
2026/05/07 10:01:21,77,0.018808193504810333
2026/05/07 10:01:22,77,0.020139425992965698
2026/05/07 10:01:23,76,0.020226964727044106
2026/05/07 10:01:24,76,0.018844319507479668
2026/05/07 10:01:25,76,0.019085902720689774
2026/05/07 10:01:26,76,0.01951673813164234
2026/05/07 10:01:27,76,0.019370129331946373
2026/05/07 10:01:28,76,0.019142696633934975
2026/05/07 10:01:29,76,0.019669542089104652
2026/05/07 10:01:30,76,0.01983489654958248
2026/05/07 10:01:31,76,0.018766872584819794
2026/05/07 10:01:32,76,0.019425520673394203
2026/05/07 10:01:33,76,0.01884939707815647
2026/05/07 10:01:34,77,0.019071239978075027
2026/05/07 10:01:35,77,0.01898607425391674
2026/05/07 10:01:36,77,0.018311437219381332
2026/05/07 10:01:37,77,0.018792949616909027
2026/05/07 10:01:38,78,0.018521709367632866
2026/05/07 10:01:39,78,0.019265150651335716
2026/05/07 10:01:40,78,0.0188735518604517
2026/05/07 10:01:41,78,0.018770936876535416
2026/05/07 10:01:42,78,0.01842585764825344
2026/05/07 10:01:43,78,0.019175807014107704
2026/05/07 10:01:44,77,0.01828617788851261
2026/05/07 10:01:45,76,0.018838750198483467
2026/05/07 10:01:46,76,0.019190508872270584
2026/05/07 10:01:47,76,0.018992792814970016
2026/05/07 10:01:48,75,0.01880103535950184
2026/05/07 10:01:49,75,0.018153807148337364
2026/05/07 10:01:50,74,0.018355155363678932
2026/05/07 10:01:51,75,0.01915143057703972
2026/05/07 10:01:52,75,0.018581753596663475
2026/05/07 10:01:53,76,0.018611712381243706
2026/05/07 10:01:54,76,0.01846819929778576
2026/05/07 10:01:55,76,0.01896672323346138
2026/05/07 10:01:56,77,0.018149852752685547
2026/05/07 10:01:57,78,0.01829090714454651
2026/05/07 10:01:58,78,0.018592042848467827
2026/05/07 10:01:59,82,0.01845446228981018
2026/05/07 10:02:00,84,0.01823987066745758
2026/05/07 10:02:01,87,0.0185640137642622
2026/05/07 10:02:02,90,0.018569570034742355
2026/05/07 10:02:03,90,0.01873515360057354
2026/05/07 10:02:04,91,0.01885550655424595
2026/05/07 10:02:05,90,0.018267687410116196
2026/05/07 10:02:06,90,0.12420462816953659
2026/05/07 10:02:07,90,0.3765185475349426
2026/05/07 10:02:08,89,0.37618303298950195
2026/05/07 10:02:09,88,0.04737228527665138
2026/05/07 10:02:10,88,0.11689845472574234
2026/05/07 10:02:11,87,0.09435874223709106
2026/05/07 10:02:12,87,0.36101484298706055
2026/05/07 10:02:13,87,0.14633914828300476
2026/05/07 10:02:14,87,0.14185120165348053
2026/05/07 10:02:15,86,0.16027092933654785
2026/05/07 10:02:16,86,0.13887281715869904
2026/05/07 10:02:17,86,0.29698872566223145
2026/05/07 10:02:18,86,0.10984540730714798
2026/05/07 10:02:19,85,0.12045810371637344
2026/05/07 10:02:20,85,0.10951672494411469
2026/05/07 10:02:21,84,0.24226491153240204
2026/05/07 10:02:22,83,0.0756409540772438
2026/05/07 10:02:23,84,0.1443975865840912
2026/05/07 10:02:24,86,0.12965461611747742
2026/05/07 10:02:25,87,0.16279658675193787
2026/05/07 10:02:26,88,0.07260940968990326
2026/05/07 10:02:27,90,0.17160044610500336
2026/05/07 10:02:28,91,0.17195509374141693
2026/05/07 10:02:29,92,0.08263929933309555
2026/05/07 10:02:30,92,0.11047205328941345
2026/05/07 10:02:31,93,0.1861354112625122
2026/05/07 10:02:32,94,0.09500159323215485
2026/05/07 10:02:33,94,0.07416209578514099
2026/05/07 10:02:34,94,0.17137157917022705
2026/05/07 10:02:35,95,0.09068197757005692
2026/05/07 10:02:36,95,0.13443465530872345
2026/05/07 10:02:37,96,0.09820497035980225
2026/05/07 10:02:38,96,0.18240521848201752
2026/05/07 10:02:39,97,0.21168529987335205
2026/05/07 10:02:40,97,0.0654461458325386
2026/05/07 10:02:41,98,0.013025939464569092
2026/05/07 10:02:42,98,0.010004761628806591
2026/05/07 10:02:43,100,0.010488827712833881
2026/05/07 10:02:44,102,0.012230965308845043
2026/05/07 10:02:45,103,0.009617714211344719
2026/05/07 10:02:46,104,0.00952217634767294
2026/05/07 10:02:47,104,0.04911386966705322
2026/05/07 10:02:48,104,0.09563314914703369
2026/05/07 10:02:49,104,0.25653958320617676
2026/05/07 10:02:50,104,0.18311640620231628
2026/05/07 10:02:51,103,0.0744948461651802
2026/05/07 10:02:52,103,0.030488647520542145
2026/05/07 10:02:53,103,0.03112201765179634
2026/05/07 10:02:54,102,0.04047376662492752
2026/05/07 10:02:55,102,0.10607808083295822
2026/05/07 10:02:56,102,0.08295150846242905
2026/05/07 10:02:57,102,0.056204654276371
2026/05/07 10:02:58,102,0.09681694209575653
2026/05/07 10:02:59,102,0.09928685426712036
2026/05/07 10:03:00,102,0.11814503371715546
2026/05/07 10:03:01,102,0.08990920335054398
2026/05/07 10:03:02,102,0.09283532947301865
2026/05/07 10:03:03,103,0.12960773706436157
2026/05/07 10:03:04,103,0.14359194040298462
2026/05/07 10:03:05,103,0.21462371945381165
2026/05/07 10:03:06,103,0.2309468537569046
2026/05/07 10:03:07,103,0.36124277114868164
2026/05/07 10:03:08,103,0.2624634802341461
2026/05/07 10:03:09,103,0.1796797662973404
2026/05/07 10:03:10,103,0.12250480055809021
2026/05/07 10:03:11,103,0.20558249950408936
2026/05/07 10:03:12,103,0.1642128974199295
2026/05/07 10:03:13,103,0.13760550320148468
2026/05/07 10:03:14,103,0.32622119784355164
2026/05/07 10:03:15,103,0.15091544389724731
2026/05/07 10:03:16,102,0.10485312342643738
2026/05/07 10:03:17,102,0.1345006376504898
2026/05/07 10:03:18,101,0.34538301825523376
2026/05/07 10:03:19,102,0.18701359629631042
2026/05/07 10:03:20,102,0.017678111791610718
2026/05/07 10:03:21,103,0.01484955195337534
2026/05/07 10:03:22,103,0.016293693333864212
2026/05/07 10:03:23,104,0.018246427178382874
2026/05/07 10:03:24,104,0.01959703490138054
2026/05/07 10:03:25,105,0.020050572231411934
2026/05/07 10:03:26,105,0.01720210537314415
2026/05/07 10:03:27,107,0.01795167103409767
2026/05/07 10:03:28,108,0.03318934515118599
2026/05/07 10:03:29,109,0.017998086288571358
2026/05/07 10:03:30,109,0.017540084198117256
2026/05/07 10:03:31,108,0.016378479078412056
2026/05/07 10:03:32,108,0.01684993878006935
2026/05/07 10:03:33,108,0.016181645914912224
2026/05/07 10:03:34,107,0.020226987078785896
2026/05/07 10:03:35,107,0.01663290522992611
2026/05/07 10:03:36,107,0.017977626994252205
2026/05/07 10:03:37,107,0.0229947566986084
2026/05/07 10:03:38,107,0.01493066269904375
2026/05/07 10:03:39,106,0.016801344230771065
2026/05/07 10:03:40,105,0.015533254481852055
2026/05/07 10:03:41,104,0.015462568029761314
2026/05/07 10:03:42,104,0.01688745617866516
2026/05/07 10:03:43,104,0.015656892210245132
2026/05/07 10:03:44,104,0.01595260761678219
2026/05/07 10:03:45,103,0.014319409616291523
2026/05/07 10:03:46,103,0.015303006395697594
2026/05/07 10:03:47,103,0.017267504706978798
2026/05/07 10:03:48,102,0.015806397423148155
2026/05/07 10:03:49,102,0.03101540170609951
2026/05/07 10:03:50,102,0.014598174951970577
2026/05/07 10:03:51,102,0.01864651031792164
2026/05/07 10:03:52,101,0.02725541777908802
2026/05/07 10:03:53,101,0.024218905717134476
2026/05/07 10:03:54,100,0.016499100252985954
2026/05/07 10:03:55,100,0.017570624127984047
2026/05/07 10:03:56,99,0.0186111219227314
2026/05/07 10:03:57,99,0.0321195125579834
2026/05/07 10:03:58,98,0.015728764235973358
2026/05/07 10:03:59,98,0.0164461899548769
2026/05/07 10:04:00,97,0.01599075272679329
2026/05/07 10:04:01,97,0.021608231589198112
2026/05/07 10:04:02,96,0.024755531921982765
2026/05/07 10:04:03,96,0.01864941604435444
2026/05/07 10:04:04,95,0.01619616709649563
2026/05/07 10:04:05,94,0.01446805614978075
2026/05/07 10:04:06,93,0.016956990584731102
2026/05/07 10:04:07,93,0.028812676668167114
2026/05/07 10:04:08,92,0.01544674951583147
2026/05/07 10:04:09,92,0.015443529933691025
2026/05/07 10:04:10,92,0.02529321052134037
2026/05/07 10:04:11,92,0.04028746485710144
2026/05/07 10:04:12,92,0.021994784474372864
2026/05/07 10:04:13,92,0.01628285087645054
2026/05/07 10:04:14,92,0.016181571409106255
2026/05/07 10:04:15,92,0.02026212029159069
2026/05/07 10:04:16,92,0.01877722702920437
2026/05/07 10:04:17,92,0.017739398404955864
2026/05/07 10:04:18,92,0.025857364758849144
2026/05/07 10:04:19,91,0.016064437106251717
2026/05/07 10:04:20,91,0.03801288828253746
2026/05/07 10:04:21,91,0.03992341086268425
2026/05/07 10:04:22,91,0.01996399089694023
2026/05/07 10:04:23,91,0.02127428725361824
2026/05/07 10:04:24,90,0.014702309854328632
2026/05/07 10:04:25,90,0.02294081263244152
2026/05/07 10:04:26,90,0.02017083764076233
2026/05/07 10:04:27,90,0.01667291484773159
2026/05/07 10:04:28,90,0.01566397026181221
2026/05/07 10:04:29,90,0.016376152634620667
2026/05/07 10:04:30,90,0.01487354189157486
2026/05/07 10:04:31,90,0.01719893328845501
2026/05/07 10:04:32,90,0.016520794481039047
2026/05/07 10:04:33,90,0.018407024443149567
2026/05/07 10:04:34,90,0.02007136680185795
2026/05/07 10:04:35,90,0.015155925415456295
2026/05/07 10:04:36,90,0.018478674814105034
2026/05/07 10:04:37,90,0.02025117352604866
2026/05/07 10:04:38,90,0.018014490604400635
2026/05/07 10:04:39,90,0.0153526421636343
2026/05/07 10:04:40,90,0.015931114554405212
2026/05/07 10:04:41,90,0.01895189844071865
2026/05/07 10:04:42,90,0.016913849860429764
2026/05/07 10:04:43,90,0.01677810586988926
2026/05/07 10:04:44,90,0.025522936135530472
2026/05/07 10:04:45,90,0.018878087401390076
2026/05/07 10:04:46,90,0.020197657868266106
2026/05/07 10:04:47,90,0.01701931469142437
2026/05/07 10:04:48,89,0.019567392766475677
2026/05/07 10:04:49,89,0.01570587046444416
2026/05/07 10:04:50,89,0.015095029957592487
2026/05/07 10:04:51,88,0.015821728855371475
2026/05/07 10:04:52,88,0.04282238706946373
2026/05/07 10:04:53,87,0.021073564887046814
2026/05/07 10:04:54,87,0.04442841559648514
2026/05/07 10:04:55,87,0.038471560925245285
2026/05/07 10:04:56,86,0.03049457259476185
2026/05/07 10:04:57,86,0.01649066060781479
2026/05/07 10:04:58,86,0.01738462783396244
2026/05/07 10:04:59,85,0.015011250041425228
2026/05/07 10:05:00,85,0.016527576372027397
2026/05/07 10:05:01,85,0.016870977357029915
2026/05/07 10:05:02,84,0.017229558899998665
2026/05/07 10:05:03,84,0.01801767572760582
2026/05/07 10:05:04,85,0.01591387204825878
2026/05/07 10:05:05,85,0.02398049645125866
2026/05/07 10:05:06,85,0.015931405127048492
2026/05/07 10:05:07,85,0.018687890842556953
2026/05/07 10:05:08,85,0.015210673213005066
2026/05/07 10:05:09,85,0.018298279494047165
2026/05/07 10:05:10,85,0.01646457053720951
2026/05/07 10:05:11,85,0.015395115129649639
2026/05/07 10:05:12,85,0.014702334068715572
2026/05/07 10:05:13,85,0.017871806398034096
2026/05/07 10:05:14,86,0.021015753969550133
2026/05/07 10:05:15,86,0.016063548624515533
2026/05/07 10:05:16,86,0.015989847481250763
2026/05/07 10:05:17,86,0.016368061304092407
2026/05/07 10:05:18,86,0.014441045001149178
2026/05/07 10:05:19,87,0.015314520336687565
2026/05/07 10:05:20,87,
2026/05/07 10:05:21,86,
2026/05/07 10:05:22,86,
2026/05/07 10:34:13,0,0.013222996145486832
2026/05/07 10:34:14,0,0.012570950202643871
2026/05/07 10:34:15,0,0.012072805315256119
2026/05/07 10:34:16,0,0.011995730921626091
2026/05/07 10:34:17,0,0.012562761083245277
2026/05/07 10:34:18,0,0.014219584874808788
2026/05/07 10:34:19,0,0.011607727967202663
2026/05/07 10:34:20,0,0.012058381922543049
2026/05/07 10:34:21,0,0.01141715981066227
2026/05/07 10:34:22,0,0.012641044333577156
2026/05/07 10:34:23,0,0.01141447201371193
2026/05/07 10:34:24,0,0.012675047852098942
2026/05/07 10:34:25,0,0.023306142538785934
2026/05/07 10:34:26,0,0.013604037463665009
2026/05/07 10:34:27,0,0.012645100243389606
2026/05/07 10:34:28,0,0.018635528162121773
2026/05/07 10:34:29,0,0.01953287236392498
2026/05/07 10:34:30,0,0.011847284622490406
2026/05/07 10:34:31,0,0.010931148193776608
2026/05/07 10:34:32,0,0.011397096328437328
2026/05/07 10:34:33,0,0.011963464319705963
2026/05/07 10:34:34,0,0.011498874984681606
2026/05/07 10:34:35,0,0.011866312474012375
2026/05/07 10:34:36,0,0.011499764397740364
2026/05/07 10:34:37,0,0.011807819828391075
2026/05/07 10:34:38,0,0.016332009807229042
2026/05/07 10:34:39,0,0.012275113724172115
2026/05/07 10:34:40,0,0.011782932095229626
2026/05/07 10:34:41,0,0.011694700457155704
2026/05/07 10:34:42,0,0.011833392083644867
2026/05/07 10:34:43,0,0.013284839689731598
2026/05/07 10:34:44,0,0.016677744686603546
2026/05/07 10:34:45,0,0.011521639302372932
2026/05/07 10:34:46,0,0.011701234616339207
2026/05/07 10:34:47,0,0.014956176280975342
2026/05/07 10:34:48,0,0.010996128432452679
2026/05/07 10:34:49,0,0.012807223945856094
2026/05/07 10:34:50,0,0.01210861187428236
2026/05/07 10:34:51,0,0.016582246869802475
2026/05/07 10:34:52,0,0.0118678854778409
2026/05/07 10:34:53,0,0.01149141788482666
2026/05/07 10:34:54,0,0.012191803194582462
2026/05/07 10:34:55,0,0.05867429077625275
2026/05/07 10:34:56,0,0.01585901901125908
2026/05/07 10:34:57,0,0.012735002674162388
2026/05/07 10:34:58,0,0.010953482240438461
2026/05/07 10:34:59,0,0.011086749844253063
2026/05/07 10:35:00,0,0.025406967848539352
2026/05/07 10:35:01,0,0.013528291136026382
2026/05/07 10:35:02,0,0.011942650191485882
2026/05/07 10:35:03,0,0.03778194263577461
2026/05/07 10:35:04,0,0.014044389128684998
2026/05/07 10:35:05,0,0.015885386615991592
2026/05/07 10:35:06,0,0.016618791967630386
2026/05/07 10:35:07,0,0.010948050767183304
2026/05/07 10:35:08,0,0.0165437962859869
2026/05/07 10:35:09,0,0.010650764219462872
2026/05/07 10:35:10,0,0.018797459080815315
2026/05/07 10:35:11,0,0.013608465902507305
2026/05/07 10:35:12,0,0.011343341320753098
2026/05/07 10:35:13,0,0.012515573762357235
2026/05/07 10:35:14,0,0.01333883497864008
2026/05/07 10:35:15,0,0.011830778792500496
2026/05/07 10:35:16,0,0.012165477499365807
2026/05/07 10:35:17,0,0.011555666103959084
2026/05/07 10:35:18,0,0.011373593471944332
2026/05/07 10:35:19,0,0.011165518313646317
2026/05/07 10:35:20,0,0.011648817919194698
2026/05/07 10:35:21,0,0.011765064671635628
2026/05/07 10:35:22,0,0.011028501205146313
2026/05/07 10:35:23,0,0.011291010305285454
2026/05/07 10:35:24,0,0.0116749731823802
2026/05/07 10:35:25,0,0.01089690811932087
2026/05/07 10:35:26,0,0.012324780225753784
2026/05/07 10:35:27,0,0.011289811693131924
2026/05/07 10:35:28,0,0.01152047049254179
2026/05/07 10:35:29,0,0.012076091021299362
2026/05/07 10:35:30,0,0.011975692585110664
2026/05/07 10:35:31,0,0.014605247415602207
2026/05/07 10:35:32,0,0.013321115635335445
2026/05/07 10:35:33,0,0.013142907060682774
2026/05/07 10:35:34,0,0.011445817537605762
2026/05/07 10:35:35,0,0.011217807419598103
2026/05/07 10:35:36,0,0.011941393837332726
2026/05/07 10:35:37,0,0.012329448945820332
2026/05/07 10:35:38,0,0.012355364859104156
2026/05/07 10:35:39,0,0.011924508959054947
2026/05/07 10:35:40,0,0.011661012656986713
2026/05/07 10:35:41,0,0.01205393299460411
2026/05/07 10:35:42,0,0.01109927985817194
2026/05/07 10:35:43,0,0.011763496324419975
2026/05/07 10:35:44,0,0.011159080080688
2026/05/07 10:35:45,0,0.011724833399057388
2026/05/07 10:35:46,0,0.011659195646643639
2026/05/07 10:35:47,0,0.01145270373672247
2026/05/07 10:35:48,0,0.011196238920092583
2026/05/07 10:35:49,0,0.011065096594393253
2026/05/07 10:35:50,0,0.01119307242333889
2026/05/07 10:35:51,0,0.014715020544826984
2026/05/07 10:35:52,0,0.01264698151499033
2026/05/07 10:35:53,0,0.015673507004976273
2026/05/07 10:35:54,0,0.010738056153059006
2026/05/07 10:35:55,0,0.012785129249095917
2026/05/07 10:35:56,0,0.010781747289001942
2026/05/07 10:35:57,0,0.011596789583563805
2026/05/07 10:35:58,0,0.01125046145170927
2026/05/07 10:35:59,0,0.010665339417755604
2026/05/07 10:36:00,0,0.011265418492257595
2026/05/07 10:36:01,0,0.011185415089130402
2026/05/07 10:36:02,0,0.012023656629025936
2026/05/07 10:36:03,0,0.011273381300270557
2026/05/07 10:36:04,0,0.011609787121415138
2026/05/07 10:36:05,0,0.01172858290374279
2026/05/07 10:36:06,0,0.013331996276974678
2026/05/07 10:36:07,0,0.011558935977518559
2026/05/07 10:36:08,0,0.011694800108671188
2026/05/07 10:36:09,0,0.011756928637623787
2026/05/07 10:36:10,0,0.011242148466408253
2026/05/07 10:36:11,0,0.010876882821321487
2026/05/07 10:36:12,0,0.011614535935223103
2026/05/07 10:36:13,0,0.011780736036598682
2026/05/07 10:36:14,0,0.011864932253956795
2026/05/07 10:36:15,0,0.012056129053235054
2026/05/07 10:36:16,0,0.012220951728522778
2026/05/07 10:36:17,0,0.011986244469881058
2026/05/07 10:36:18,0,0.012141285464167595
2026/05/07 10:36:19,0,0.01167864166200161
2026/05/07 10:36:20,0,0.011772246100008488
2026/05/07 10:36:21,0,0.01157558523118496
2026/05/07 10:36:22,0,0.011827831156551838
2026/05/07 10:36:23,0,0.011432048864662647
2026/05/07 10:36:24,0,0.011795936152338982
2026/05/07 10:36:25,0,0.013811806216835976
2026/05/07 10:36:26,0,0.0113045210018754
2026/05/07 10:36:27,0,0.011392609216272831
2026/05/07 10:36:28,0,0.011249277740716934
2026/05/07 10:36:29,0,0.01175007689744234
2026/05/07 10:36:30,0,0.011883877217769623
2026/05/07 10:36:31,0,0.011989596299827099
2026/05/07 10:36:32,0,0.010963909327983856
2026/05/07 10:36:33,0,0.011481452733278275
2026/05/07 10:36:34,0,0.011730199679732323
2026/05/07 10:36:35,0,0.011325235478579998
2026/05/07 10:36:36,0,0.011534297838807106
2026/05/07 10:36:37,0,0.011118283495306969
2026/05/07 10:36:38,0,0.01156108733266592
2026/05/07 10:36:39,0,0.012303258292376995
2026/05/07 10:36:40,0,0.011881247162818909
2026/05/07 10:36:41,0,0.010873888619244099
2026/05/07 10:36:42,0,0.011633316054940224
2026/05/07 10:36:43,0,0.011079704388976097
2026/05/07 10:36:44,0,0.011583233252167702
2026/05/07 10:36:45,0,0.010260822251439095
2026/05/07 10:36:46,0,0.010366913862526417
2026/05/07 10:36:47,0,0.021841416135430336
2026/05/07 10:36:48,0,0.084872767329216
2026/05/07 10:36:49,0,0.23126120865345
2026/05/07 10:36:50,0,0.27001073956489563
2026/05/07 10:36:51,0,0.047662921249866486
2026/05/07 10:36:52,0,0.16772322356700897
2026/05/07 10:36:53,0,0.14935782551765442
2026/05/07 10:36:54,0,0.1733507364988327
2026/05/07 10:36:55,0,0.11753487586975098
2026/05/07 10:36:56,0,0.16889376938343048
2026/05/07 10:36:57,0,0.21631300449371338
2026/05/07 10:36:58,0,0.301903635263443
2026/05/07 10:36:59,0,0.24859482049942017
2026/05/07 10:37:00,0,0.16392990946769714
2026/05/07 10:37:01,0,0.26524651050567627
2026/05/07 10:37:02,0,0.11408673226833344
2026/05/07 10:37:03,0,0.2769782543182373
2026/05/07 10:37:04,0,0.07246389985084534
2026/05/07 10:37:05,0,0.22032180428504944
2026/05/07 10:37:06,0,0.18817393481731415
2026/05/07 10:37:07,0,0.141402468085289
2026/05/07 10:37:08,0,0.1545128971338272
2026/05/07 10:37:09,0,0.1887996941804886
2026/05/07 10:37:10,0,0.40215063095092773
2026/05/07 10:37:11,0,0.2767671048641205
2026/05/07 10:37:12,0,0.5210245847702026
2026/05/07 10:37:13,0,0.3113101124763489
2026/05/07 10:37:14,0,0.1236189752817154
2026/05/07 10:37:15,0,0.06975774466991425
2026/05/07 10:37:16,0,0.6262069344520569
2026/05/07 10:37:17,0,0.4565734565258026
2026/05/07 10:37:18,0,0.24544407427310944
2026/05/07 10:37:19,0,0.45268985629081726
2026/05/07 10:37:20,0,0.43263640999794006
2026/05/07 10:37:21,0,0.3547341525554657
2026/05/07 10:37:22,0,0.18864741921424866
2026/05/07 10:37:23,0,0.10626860707998276
2026/05/07 10:37:24,0,0.2526557147502899
2026/05/07 10:37:25,0,0.11681408435106277
2026/05/07 10:37:26,0,0.6372135281562805
2026/05/07 10:37:27,0,0.40098652243614197
2026/05/07 10:37:28,0,0.11759249120950699
2026/05/07 10:37:29,0,0.2323288917541504
2026/05/07 10:37:30,0,0.09078334271907806
2026/05/07 10:37:31,0,0.08955693989992142
2026/05/07 10:37:32,0,0.08268826454877853
2026/05/07 10:37:33,100,0.0762333795428276
2026/05/07 10:37:34,100,0.15188074111938477
2026/05/07 10:37:35,100,0.09594745188951492
2026/05/07 10:37:36,100,0.11598638445138931
2026/05/07 10:37:37,100,0.14947238564491272
2026/05/07 10:37:38,100,0.11311428993940353
2026/05/07 10:37:39,100,0.13220073282718658
2026/05/07 10:37:40,100,0.24401962757110596
2026/05/07 10:37:41,101,0.2058953195810318
2026/05/07 10:37:42,101,0.09957742691040039
2026/05/07 10:37:43,100,0.10548657178878784
2026/05/07 10:37:44,100,0.07988809794187546
2026/05/07 10:37:45,100,0.07786433398723602
2026/05/07 10:37:46,100,0.08764687180519104
2026/05/07 10:37:47,100,0.04302516579627991
2026/05/07 10:37:48,101,0.07148198038339615
2026/05/07 10:37:49,101,0.06470081210136414
2026/05/07 10:37:50,102,0.08062827587127686
2026/05/07 10:37:51,102,0.04487207159399986
2026/05/07 10:37:52,102,0.0636933371424675
2026/05/07 10:37:53,103,0.16032947599887848
2026/05/07 10:37:54,103,0.06198368966579437
2026/05/07 10:37:55,104,0.193344384431839
2026/05/07 10:37:56,105,0.08918449282646179
2026/05/07 10:37:57,107,0.027801506221294403
2026/05/07 10:37:58,112,0.019158264622092247
2026/05/07 10:37:59,115,0.032734207808971405
2026/05/07 10:38:00,115,0.06736317276954651
2026/05/07 10:38:01,118,0.08646981418132782
2026/05/07 10:38:02,123,0.02170405164361
2026/05/07 10:38:03,125,0.01823144219815731
2026/05/07 10:38:04,125,0.009383099153637886
2026/05/07 10:38:05,126,0.007063515484333038
2026/05/07 10:38:06,127,0.007748547941446304
2026/05/07 10:38:07,127,0.027002763003110886
2026/05/07 10:38:08,127,0.05643100291490555
2026/05/07 10:38:09,128,0.0687454491853714
2026/05/07 10:38:10,130,0.04482312500476837
2026/05/07 10:38:11,131,0.1170511469244957
2026/05/07 10:38:12,131,0.05083966255187988
2026/05/07 10:38:13,131,0.05836232006549835
2026/05/07 10:38:14,131,0.05064082145690918
2026/05/07 10:38:15,131,0.05845407396554947
2026/05/07 10:38:16,131,0.03753203898668289
2026/05/07 10:38:17,131,0.05412499979138374
2026/05/07 10:38:18,131,0.06519092619419098
2026/05/07 10:38:19,131,0.0667015090584755
2026/05/07 10:38:20,131,0.09917931258678436
2026/05/07 10:38:21,130,0.06648700684309006
2026/05/07 10:38:22,130,0.07191190123558044
2026/05/07 10:38:23,130,0.043544795364141464
2026/05/07 10:38:24,129,0.04730679839849472
2026/05/07 10:38:25,130,0.04875573888421059
2026/05/07 10:38:26,130,0.048463620245456696
2026/05/07 10:38:27,129,0.04602709040045738
2026/05/07 10:38:28,129,0.06209918484091759
2026/05/07 10:38:29,129,0.05168123170733452
2026/05/07 10:38:30,128,0.05115800350904465
2026/05/07 10:38:31,128,0.05041443556547165
2026/05/07 10:38:32,127,0.05244504287838936
2026/05/07 10:38:33,127,0.1205008327960968
2026/05/07 10:38:34,127,0.1287139356136322
2026/05/07 10:38:35,127,0.04404044151306152
2026/05/07 10:38:36,127,0.04997431859374046
2026/05/07 10:38:37,127,0.04904615879058838
2026/05/07 10:38:38,127,0.09135279059410095
2026/05/07 10:38:39,127,0.09657056629657745
2026/05/07 10:38:40,127,0.09984645992517471
2026/05/07 10:38:41,127,0.06473222374916077
2026/05/07 10:38:42,127,0.14926791191101074
2026/05/07 10:38:43,127,0.09839894622564316
2026/05/07 10:38:44,127,0.05808797851204872
2026/05/07 10:38:45,127,0.018901057541370392
2026/05/07 10:38:46,127,0.05737340822815895
2026/05/07 10:38:47,127,0.06459956616163254
2026/05/07 10:38:48,127,0.04369387775659561
2026/05/07 10:38:49,127,0.011882591992616653
2026/05/07 10:38:50,127,0.010865570977330208
2026/05/07 10:38:51,127,0.013209526427090168
2026/05/07 10:38:52,127,0.0320686474442482
2026/05/07 10:38:53,126,0.0449829138815403
2026/05/07 10:38:54,126,0.02350526861846447
2026/05/07 10:38:55,125,0.06528060138225555
2026/05/07 10:38:56,125,0.03733842447400093
2026/05/07 10:38:57,124,0.04329953342676163
2026/05/07 10:38:58,124,0.04105563834309578
2026/05/07 10:38:59,124,0.027540965005755424
2026/05/07 10:39:00,124,0.025359289720654488
2026/05/07 10:39:01,124,0.016201356425881386
2026/05/07 10:39:02,124,0.03243338316679001
2026/05/07 10:39:03,124,0.0384068600833416
2026/05/07 10:39:04,124,0.08749011158943176
2026/05/07 10:39:05,124,0.06970738619565964
2026/05/07 10:39:06,124,0.038219764828681946
2026/05/07 10:39:07,124,0.053158558905124664
2026/05/07 10:39:08,124,0.01324720773845911
2026/05/07 10:39:09,123,0.015221398323774338
2026/05/07 10:39:10,123,0.012519897893071175
2026/05/07 10:39:11,122,0.023209694772958755
2026/05/07 10:39:12,121,0.05453471466898918
2026/05/07 10:39:13,120,0.07233472168445587
2026/05/07 10:39:14,119,0.07956776767969131
2026/05/07 10:39:15,119,0.027227528393268585
2026/05/07 10:39:16,119,0.033803217113018036
2026/05/07 10:39:17,118,0.0235087089240551
2026/05/07 10:39:18,118,0.040302492678165436
2026/05/07 10:39:19,117,0.07633085548877716
2026/05/07 10:39:20,117,0.0726945698261261
2026/05/07 10:39:21,117,0.0805773064494133
2026/05/07 10:39:22,116,0.052005648612976074
2026/05/07 10:39:23,116,0.046411480754613876
2026/05/07 10:39:24,116,0.049984369426965714
2026/05/07 10:39:25,117,0.05506052449345589
2026/05/07 10:39:26,117,0.08051518350839615
2026/05/07 10:39:27,118,0.13972632586956024
2026/05/07 10:39:28,118,0.07182315737009048
2026/05/07 10:39:29,119,0.07749847322702408
2026/05/07 10:39:30,120,0.06205546110868454
2026/05/07 10:39:31,121,0.025396525859832764
2026/05/07 10:39:32,121,0.030401136726140976
2026/05/07 10:39:33,122,0.0255720317363739
2026/05/07 10:39:34,122,0.021120361983776093
2026/05/07 10:39:35,123,0.04138636216521263
2026/05/07 10:39:36,123,0.020938390865921974
2026/05/07 10:39:37,123,0.02963915467262268
2026/05/07 10:39:38,123,0.043809015303850174
2026/05/07 10:39:39,124,0.03548891469836235
2026/05/07 10:39:40,124,0.07686245441436768
2026/05/07 10:39:41,124,0.06795627623796463
2026/05/07 10:39:42,124,0.03621638938784599
2026/05/07 10:39:43,123,0.029863549396395683
2026/05/07 10:39:44,123,0.025138935074210167
2026/05/07 10:39:45,123,0.040314771234989166
2026/05/07 10:39:46,122,0.026707801967859268
2026/05/07 10:39:47,121,0.053240105509757996
2026/05/07 10:39:48,120,0.05061568692326546
2026/05/07 10:39:49,120,0.17475947737693787
2026/05/07 10:39:50,120,0.20963209867477417
2026/05/07 10:39:51,120,0.09414207935333252
2026/05/07 10:39:52,120,0.24185945093631744
2026/05/07 10:39:53,119,0.13238538801670074
2026/05/07 10:39:54,119,0.18047264218330383
2026/05/07 10:39:55,119,0.16139237582683563
2026/05/07 10:39:56,119,0.1341707855463028
2026/05/07 10:39:57,119,0.09365236014127731
2026/05/07 10:39:58,118,0.06668872386217117
2026/05/07 10:39:59,119,0.05480945110321045
2026/05/07 10:40:00,120,0.0353609099984169
2026/05/07 10:40:01,121,0.05479965731501579
2026/05/07 10:40:02,122,0.05114797502756119
2026/05/07 10:40:03,122,0.0982927680015564
2026/05/07 10:40:04,122,0.12341022491455078
2026/05/07 10:40:05,123,0.15026657283306122
2026/05/07 10:40:06,123,0.07830644398927689
2026/05/07 10:40:07,123,0.16961956024169922
2026/05/07 10:40:08,124,0.1038052961230278
2026/05/07 10:40:09,123,0.02751096710562706
2026/05/07 10:40:10,123,0.20729610323905945
2026/05/07 10:40:11,122,0.22829397022724152
2026/05/07 10:40:12,122,0.09032320231199265
2026/05/07 10:40:13,122,0.15464770793914795
2026/05/07 10:40:14,123,0.2077278047800064
2026/05/07 10:40:15,123,0.25308114290237427
2026/05/07 10:40:16,124,0.18812713027000427
2026/05/07 10:40:17,124,0.22810772061347961
2026/05/07 10:40:18,124,0.08454737812280655
2026/05/07 10:40:19,124,0.12026344984769821
2026/05/07 10:40:20,124,0.11773394793272018
2026/05/07 10:40:21,124,0.15813609957695007
2026/05/07 10:40:22,124,0.2049831748008728
2026/05/07 10:40:23,124,0.11070553213357925
2026/05/07 10:40:24,125,0.34113171696662903
2026/05/07 10:40:25,125,0.13092012703418732
2026/05/07 10:40:26,125,0.15246589481830597
2026/05/07 10:40:27,126,0.1773688942193985
2026/05/07 10:40:28,127,0.14085902273654938
2026/05/07 10:40:29,128,0.2295476794242859
2026/05/07 10:40:30,129,0.2370535135269165
2026/05/07 10:40:31,130,0.16266609728336334
2026/05/07 10:40:32,131,0.11196845769882202
2026/05/07 10:40:33,132,0.25376951694488525
2026/05/07 10:40:34,132,0.17444750666618347
2026/05/07 10:40:35,133,0.09619735181331635
2026/05/07 10:40:36,134,0.26660820841789246
2026/05/07 10:40:37,134,0.15584127604961395
2026/05/07 10:40:38,134,0.23284658789634705
2026/05/07 10:40:39,134,0.23748162388801575
2026/05/07 10:40:40,134,0.20072829723358154
2026/05/07 10:40:41,135,0.07375971227884293
2026/05/07 10:40:42,135,0.14948680996894836
2026/05/07 10:40:43,135,0.1164584681391716
2026/05/07 10:40:44,136,0.0939837172627449
2026/05/07 10:40:45,136,0.10762378573417664
2026/05/07 10:40:46,136,0.14515817165374756
2026/05/07 10:40:47,136,0.19613143801689148
2026/05/07 10:40:48,136,0.0847407877445221
2026/05/07 10:40:49,136,0.20226426422595978
2026/05/07 10:40:50,136,0.2738141715526581
2026/05/07 10:40:51,136,0.06758756935596466
2026/05/07 10:40:52,136,0.07429434359073639
2026/05/07 10:40:53,137,0.25168174505233765
2026/05/07 10:40:54,137,0.2917567491531372
2026/05/07 10:40:55,137,0.03932898864150047
2026/05/07 10:40:56,138,0.1891907900571823
2026/05/07 10:40:57,138,0.16969235241413116
2026/05/07 10:40:58,138,0.27142176032066345
2026/05/07 10:40:59,138,0.15530937910079956
2026/05/07 10:41:00,138,0.14858382940292358
2026/05/07 10:41:01,137,0.08742769807577133
2026/05/07 10:41:02,137,0.11531446874141693
2026/05/07 10:41:03,137,0.060228992253541946
2026/05/07 10:41:04,137,0.03808584809303284
2026/05/07 10:41:05,137,0.09997505694627762
2026/05/07 10:41:06,136,0.15678846836090088
2026/05/07 10:41:07,136,0.08439809828996658
2026/05/07 10:41:08,136,0.37669000029563904
2026/05/07 10:41:09,136,0.44778624176979065
2026/05/07 10:41:10,136,0.13901396095752716
2026/05/07 10:41:11,136,0.0559910349547863
2026/05/07 10:41:12,136,0.0861283466219902
2026/05/07 10:41:13,135,0.08535891026258469
2026/05/07 10:41:14,135,0.04987896606326103
2026/05/07 10:41:15,135,0.03430890291929245
2026/05/07 10:41:16,135,0.03417651355266571
2026/05/07 10:41:17,135,0.10099493712186813
2026/05/07 10:41:18,135,0.10018934309482574
2026/05/07 10:41:19,134,0.05277569591999054
2026/05/07 10:41:20,133,0.04563966393470764
2026/05/07 10:41:21,133,0.04972829669713974
2026/05/07 10:41:22,132,0.13924650847911835
2026/05/07 10:41:23,131,0.1113070398569107
2026/05/07 10:41:24,131,0.05164042487740517
2026/05/07 10:41:25,130,0.1299218386411667
2026/05/07 10:41:26,130,0.10189526528120041
2026/05/07 10:41:27,129,0.03661249205470085
2026/05/07 10:41:28,128,0.06639370322227478
2026/05/07 10:41:29,128,0.07829564064741135
2026/05/07 10:41:30,128,0.049768444150686264
2026/05/07 10:41:31,128,0.24158047139644623
2026/05/07 10:41:32,128,0.11588519811630249
2026/05/07 10:41:33,128,0.03634856641292572
2026/05/07 10:41:34,128,0.17049141228199005
2026/05/07 10:41:35,128,0.21473075449466705
2026/05/07 10:41:36,128,0.05036129802465439
2026/05/07 10:41:37,127,0.06219951808452606
2026/05/07 10:41:38,127,0.1184617429971695
2026/05/07 10:41:39,127,0.09904385358095169
2026/05/07 10:41:40,127,0.0637669563293457
2026/05/07 10:41:41,128,0.05162857845425606
2026/05/07 10:41:42,128,0.03711917623877525
2026/05/07 10:41:43,128,0.062457334250211716
2026/05/07 10:41:44,128,0.29061660170555115
2026/05/07 10:41:45,128,0.12386540323495865
2026/05/07 10:41:46,127,0.06052839383482933
2026/05/07 10:41:47,127,0.025347713381052017
2026/05/07 10:41:48,127,0.05699414759874344
2026/05/07 10:41:49,127,0.05665618181228638
2026/05/07 10:41:50,126,0.03686589375138283
2026/05/07 10:41:51,125,0.030973967164754868
2026/05/07 10:41:52,123,0.04878300428390503
2026/05/07 10:41:53,122,0.03339550271630287
2026/05/07 10:41:54,121,0.14708441495895386
2026/05/07 10:41:55,121,0.09311928600072861
2026/05/07 10:41:56,121,0.08251556754112244
2026/05/07 10:41:57,121,0.1635163426399231
2026/05/07 10:41:58,122,0.048528607934713364
2026/05/07 10:41:59,122,0.17354930937290192
2026/05/07 10:42:00,122,0.06667967140674591
2026/05/07 10:42:01,122,0.17032985389232635
2026/05/07 10:42:02,122,0.18697498738765717
2026/05/07 10:42:03,122,0.10933539271354675
2026/05/07 10:42:04,122,0.09490666538476944
2026/05/07 10:42:05,123,0.25040245056152344
2026/05/07 10:42:06,123,0.14034327864646912
2026/05/07 10:42:07,122,0.07985500991344452
2026/05/07 10:42:08,122,0.11504678428173065
2026/05/07 10:42:09,122,0.09703834354877472
2026/05/07 10:42:10,121,0.12042589485645294
2026/05/07 10:42:11,121,0.045054417103528976
2026/05/07 10:42:12,121,0.04782930761575699
2026/05/07 10:42:13,121,0.16261689364910126
2026/05/07 10:42:14,121,0.14599069952964783
2026/05/07 10:42:15,122,0.14882682263851166
2026/05/07 10:42:16,122,0.10194487869739532
2026/05/07 10:42:17,122,0.058206625282764435
2026/05/07 10:42:18,123,0.05366189032793045
2026/05/07 10:42:19,124,0.08568581938743591
2026/05/07 10:42:20,125,0.08111515641212463
2026/05/07 10:42:21,126,0.12222766876220703
2026/05/07 10:42:22,127,0.10954748839139938
2026/05/07 10:42:23,128,0.15089891850948334
2026/05/07 10:42:24,129,0.11575290560722351
2026/05/07 10:42:25,129,0.1890655755996704
2026/05/07 10:42:26,129,0.1761823147535324
2026/05/07 10:42:27,129,0.19998246431350708
2026/05/07 10:42:28,129,0.16015245020389557
2026/05/07 10:42:29,128,0.07496035099029541
2026/05/07 10:42:30,128,0.12611865997314453
2026/05/07 10:42:31,127,0.046297840774059296
2026/05/07 10:42:32,127,0.058965474367141724
2026/05/07 10:42:33,126,0.06231334060430527
2026/05/07 10:42:34,126,0.07603934407234192
2026/05/07 10:42:35,125,0.02570669911801815
2026/05/07 10:42:36,125,0.05421949923038483
2026/05/07 10:42:37,125,0.03091483749449253
2026/05/07 10:42:38,124,0.061634648591279984
2026/05/07 10:42:39,124,0.0492059588432312
2026/05/07 10:42:40,124,0.04770141467452049
2026/05/07 10:42:41,124,0.05016733705997467
2026/05/07 10:42:42,124,0.050845202058553696
2026/05/07 10:42:43,124,0.05339420959353447
2026/05/07 10:42:44,124,0.07248595356941223
2026/05/07 10:42:45,124,0.05058297887444496
2026/05/07 10:42:46,125,0.04978054016828537
2026/05/07 10:42:47,125,0.048782505095005035
2026/05/07 10:42:48,125,0.049717362970113754
2026/05/07 10:42:49,125,0.04598355293273926
2026/05/07 10:42:50,125,0.05271013453602791
2026/05/07 10:42:51,126,0.048150014132261276
2026/05/07 10:42:52,126,0.056359149515628815
2026/05/07 10:42:53,126,0.035986319184303284
2026/05/07 10:42:54,126,0.0524914525449276
2026/05/07 10:42:55,127,0.04610057920217514
2026/05/07 10:42:56,127,0.04923226684331894
2026/05/07 10:42:57,127,0.046726275235414505
2026/05/07 10:42:58,127,0.06212617829442024
2026/05/07 10:42:59,127,0.0485680028796196
2026/05/07 10:43:00,126,0.05267907306551933
2026/05/07 10:43:01,126,0.050386540591716766
2026/05/07 10:43:02,125,0.05294698849320412
2026/05/07 10:43:03,124,0.03973008319735527
2026/05/07 10:43:04,124,0.05261177197098732
2026/05/07 10:43:05,123,0.04532112181186676
2026/05/07 10:43:06,123,0.047495339065790176
2026/05/07 10:43:07,123,0.05614230036735535
2026/05/07 10:43:08,123,0.07094249129295349
2026/05/07 10:43:09,124,0.080879807472229
2026/05/07 10:43:10,124,0.13925310969352722
2026/05/07 10:43:11,124,0.2820727229118347
2026/05/07 10:43:12,124,0.13691118359565735
2026/05/07 10:43:13,124,0.019267726689577103
2026/05/07 10:43:14,124,0.01224998664110899
2026/05/07 10:43:15,124,0.013874990865588188
2026/05/07 10:43:16,124,0.014156423509120941
2026/05/07 10:43:17,124,0.014064941555261612
2026/05/07 10:43:18,125,0.014956135302782059
2026/05/07 10:43:19,125,0.024944374337792397
2026/05/07 10:43:20,126,0.01732056774199009
2026/05/07 10:43:21,127,0.01011951919645071
2026/05/07 10:43:22,127,0.0165590588003397
2026/05/07 10:43:23,127,0.052361976355314255
2026/05/07 10:43:24,128,0.026155192404985428
2026/05/07 10:43:25,128,0.03300860896706581
2026/05/07 10:43:26,128,0.007966242730617523
2026/05/07 10:43:27,127,0.010668906383216381
2026/05/07 10:43:28,127,0.00790650025010109
2026/05/07 10:43:29,127,0.08878041803836823
2026/05/07 10:43:30,128,0.039478201419115067
2026/05/07 10:43:31,128,0.02240021526813507
2026/05/07 10:43:32,128,0.012103825807571411
2026/05/07 10:43:33,128,0.05930927395820618
2026/05/07 10:43:34,128,0.20765158534049988
2026/05/07 10:43:35,128,0.16263657808303833
2026/05/07 10:43:36,128,0.209827721118927
2026/05/07 10:43:37,128,0.22210349142551422
2026/05/07 10:43:38,128,0.2400139421224594
2026/05/07 10:43:39,127,0.23610666394233704
2026/05/07 10:43:40,127,0.2608104348182678
2026/05/07 10:43:41,126,0.22813613712787628
2026/05/07 10:43:42,125,0.24262449145317078
2026/05/07 10:43:43,124,0.2723182141780853
2026/05/07 10:43:44,124,0.2683994770050049
2026/05/07 10:43:45,123,0.2588908076286316
2026/05/07 10:43:46,122,0.27476248145103455
2026/05/07 10:43:47,120,0.2883809506893158
2026/05/07 10:43:48,119,0.3131093680858612
2026/05/07 10:43:49,118,0.2941317558288574
2026/05/07 10:43:50,118,0.2928682863712311
2026/05/07 10:43:51,118,0.2627570331096649
2026/05/07 10:43:52,118,0.23460006713867188
2026/05/07 10:43:53,117,0.27126938104629517
2026/05/07 10:43:54,117,0.2044147253036499
2026/05/07 10:43:55,118,0.2033393830060959
2026/05/07 10:43:56,119,0.168263241648674
2026/05/07 10:43:57,120,0.09888315200805664
2026/05/07 10:43:58,121,0.04427549988031387
2026/05/07 10:43:59,123,0.04799853265285492
2026/05/07 10:44:00,124,0.06706145405769348
2026/05/07 10:44:01,125,0.04597122594714165
2026/05/07 10:44:02,126,0.05216531455516815
2026/05/07 10:44:03,127,0.06977486610412598
2026/05/07 10:44:04,128,0.10708707571029663
2026/05/07 10:44:05,129,0.12225079536437988
2026/05/07 10:44:06,130,0.05107545107603073
2026/05/07 10:44:07,131,0.13607747852802277
2026/05/07 10:44:08,131,0.05874105170369148
2026/05/07 10:44:09,132,0.018008306622505188
2026/05/07 10:44:10,132,0.08065036684274673
2026/05/07 10:44:11,133,0.10706634074449539
2026/05/07 10:44:12,134,0.04826514050364494
2026/05/07 10:44:13,135,0.18948067724704742
2026/05/07 10:44:14,136,0.6589049696922302
2026/05/07 10:44:15,136,1.0149109363555908
2026/05/07 10:44:16,137,0.901607871055603
2026/05/07 10:44:17,137,0.5748854875564575
2026/05/07 10:44:18,136,0.19300267100334167
2026/05/07 10:44:19,136,0.20000210404396057
2026/05/07 10:44:20,137,0.19289782643318176
2026/05/07 10:44:21,137,0.16707013547420502
2026/05/07 10:44:22,137,0.16201308369636536
2026/05/07 10:44:23,137,0.1551596075296402
2026/05/07 10:44:24,137,0.17993946373462677
2026/05/07 10:44:25,137,0.20068907737731934
2026/05/07 10:44:26,138,0.15866221487522125
2026/05/07 10:44:27,137,0.1801014393568039
2026/05/07 10:44:28,137,0.27516546845436096
2026/05/07 10:44:29,137,0.2717127501964569
2026/05/07 10:44:30,136,0.29876387119293213
2026/05/07 10:44:31,136,0.18573738634586334
2026/05/07 10:44:32,135,0.18977628648281097
2026/05/07 10:44:33,134,0.1637754738330841
2026/05/07 10:44:34,133,0.14195622503757477
2026/05/07 10:44:35,132,0.13011638820171356
2026/05/07 10:44:36,132,0.12816756963729858
2026/05/07 10:44:37,132,0.18443787097930908
2026/05/07 10:44:38,132,0.14276646077632904
2026/05/07 10:44:39,131,0.11113637685775757
2026/05/07 10:44:40,131,0.14448970556259155
2026/05/07 10:44:41,132,0.08149583637714386
2026/05/07 10:44:42,132,0.08824510872364044
2026/05/07 10:44:43,133,0.1002352312207222
2026/05/07 10:44:44,133,0.058266784995794296
2026/05/07 10:44:45,134,0.06122853606939316
2026/05/07 10:44:46,135,0.03444451838731766
2026/05/07 10:44:47,136,0.047668538987636566
2026/05/07 10:44:48,137,0.06851819902658463
2026/05/07 10:44:49,138,0.225081205368042
2026/05/07 10:44:50,139,0.19279301166534424
2026/05/07 10:44:51,140,0.13463911414146423
2026/05/07 10:44:52,140,0.14081382751464844
2026/05/07 10:44:53,140,0.09439295530319214
2026/05/07 10:44:54,140,0.08733457326889038
2026/05/07 10:44:55,140,0.07912042737007141
2026/05/07 10:44:56,140,0.11264986544847488
2026/05/07 10:44:57,140,0.1620134860277176
2026/05/07 10:44:58,140,0.14201490581035614
2026/05/07 10:44:59,141,0.10519396513700485
2026/05/07 10:45:00,141,0.047510843724012375
2026/05/07 10:45:01,141,0.07424784451723099
2026/05/07 10:45:02,141,0.046259403228759766
2026/05/07 10:45:03,140,0.05085241422057152
2026/05/07 10:45:04,140,0.07488406449556351
2026/05/07 10:45:05,139,0.07190728932619095
2026/05/07 10:45:06,139,0.14477446675300598
2026/05/07 10:45:07,138,0.14212509989738464
2026/05/07 10:45:08,138,0.051106538623571396
2026/05/07 10:45:09,137,0.03150826692581177
2026/05/07 10:45:10,136,0.04696664214134216
2026/05/07 10:45:11,135,0.026780491694808006
2026/05/07 10:45:12,134,0.06642889976501465
2026/05/07 10:45:13,133,0.05347035825252533
2026/05/07 10:45:14,131,0.08891046047210693
2026/05/07 10:45:15,131,0.10390205681324005
2026/05/07 10:45:16,131,0.18643809854984283
2026/05/07 10:45:17,131,0.13254490494728088
2026/05/07 10:45:18,132,0.14566588401794434
2026/05/07 10:45:19,132,0.17249952256679535
2026/05/07 10:45:20,132,0.16041992604732513
2026/05/07 10:45:21,132,0.12000349909067154
2026/05/07 10:45:22,132,0.1870439499616623
2026/05/07 10:45:23,131,0.18280699849128723
2026/05/07 10:45:24,130,0.19169029593467712
2026/05/07 10:45:25,129,0.14990615844726562
2026/05/07 10:45:26,128,0.10757943987846375
2026/05/07 10:45:27,127,0.0711996778845787
2026/05/07 10:45:28,127,0.07728995382785797
2026/05/07 10:45:29,126,0.05130085349082947
2026/05/07 10:45:30,126,0.035327743738889694
2026/05/07 10:45:31,125,0.05183692276477814
2026/05/07 10:45:32,125,0.05378339812159538
2026/05/07 10:45:33,125,0.09709864854812622
2026/05/07 10:45:34,125,0.05119675025343895
2026/05/07 10:45:35,125,0.11402017623186111
2026/05/07 10:45:36,125,0.10151035338640213
2026/05/07 10:45:37,125,0.09876672178506851
2026/05/07 10:45:38,125,0.0984664186835289
2026/05/07 10:45:39,124,0.11314453929662704
2026/05/07 10:45:40,124,0.07783177495002747
2026/05/07 10:45:41,125,0.07384927570819855
2026/05/07 10:45:42,125,0.03304137662053108
2026/05/07 10:45:43,125,0.09876692295074463
2026/05/07 10:45:44,125,0.0539531335234642
2026/05/07 10:45:45,125,0.048701975494623184
2026/05/07 10:45:46,125,0.058298639953136444
2026/05/07 10:45:47,125,0.052843786776065826
2026/05/07 10:45:48,125,0.10431695729494095
2026/05/07 10:45:49,126,0.06978298723697662
2026/05/07 10:45:50,126,0.09048840403556824
2026/05/07 10:45:51,127,0.09746743738651276
2026/05/07 10:45:52,128,0.08542957156896591
2026/05/07 10:45:53,128,0.09416928142309189
2026/05/07 10:45:54,129,0.0860365703701973
2026/05/07 10:45:55,129,0.17313094437122345
2026/05/07 10:45:56,129,0.14811013638973236
2026/05/07 10:45:57,130,0.05039144679903984
2026/05/07 10:45:58,130,0.025788428261876106
2026/05/07 10:45:59,130,0.042837828397750854
2026/05/07 10:46:00,131,0.04672703891992569
2026/05/07 10:46:01,131,0.04823958873748779
2026/05/07 10:46:02,131,0.026728492230176926
2026/05/07 10:46:03,131,0.05133582279086113
2026/05/07 10:46:04,131,0.04620567336678505
2026/05/07 10:46:05,131,0.044009096920490265
2026/05/07 10:46:06,131,0.05122649669647217
2026/05/07 10:46:07,131,0.051796019077301025
2026/05/07 10:46:08,131,0.045011527836322784
2026/05/07 10:46:09,132,0.04303630068898201
2026/05/07 10:46:10,132,0.05928792431950569
2026/05/07 10:46:11,132,0.02939402312040329
2026/05/07 10:46:12,132,0.038779012858867645
2026/05/07 10:46:13,132,0.03082386590540409
2026/05/07 10:46:14,131,0.028418952599167824
2026/05/07 10:46:15,132,0.04719279706478119
2026/05/07 10:46:16,132,0.04924481362104416
2026/05/07 10:46:17,132,0.034591883420944214
2026/05/07 10:46:18,132,0.0496155321598053
2026/05/07 10:46:19,132,0.04843869432806969
2026/05/07 10:46:20,132,0.034628696739673615
2026/05/07 10:46:21,132,0.03591320663690567
2026/05/07 10:46:22,132,0.0437534861266613
2026/05/07 10:46:23,131,0.038322318345308304
2026/05/07 10:46:24,131,0.03261013329029083
2026/05/07 10:46:25,131,0.017719626426696777
2026/05/07 10:46:26,130,0.028181256726384163
2026/05/07 10:46:27,130,0.039514947682619095
2026/05/07 10:46:28,130,0.0360918864607811
2026/05/07 10:46:29,130,0.016234414651989937
2026/05/07 10:46:30,130,0.029738396406173706
2026/05/07 10:46:31,131,0.030485568568110466
2026/05/07 10:46:32,131,0.031349360942840576
2026/05/07 10:46:33,130,0.052444927394390106
2026/05/07 10:46:34,130,0.058224260807037354
2026/05/07 10:46:35,130,0.03533666953444481
2026/05/07 10:46:36,130,0.0442793108522892
2026/05/07 10:46:37,129,0.07408860325813293
2026/05/07 10:46:38,129,0.06910698115825653
2026/05/07 10:46:39,129,0.08857366442680359
2026/05/07 10:46:40,128,0.1485997885465622
2026/05/07 10:46:41,129,0.048071831464767456
2026/05/07 10:46:42,130,0.18134401738643646
2026/05/07 10:46:43,129,0.35064414143562317
2026/05/07 10:46:44,129,0.14279694855213165
2026/05/07 10:46:45,129,0.24434055387973785
2026/05/07 10:46:46,129,0.0830991119146347
2026/05/07 10:46:47,130,0.04872182756662369
2026/05/07 10:46:48,130,0.06716794520616531
2026/05/07 10:46:49,130,0.08208899199962616
2026/05/07 10:46:50,130,0.07803797721862793
2026/05/07 10:46:51,129,0.04976414144039154
2026/05/07 10:46:52,129,0.07287319004535675
2026/05/07 10:46:53,128,0.21320971846580505
2026/05/07 10:46:54,128,0.2855154871940613
2026/05/07 10:46:55,128,0.19749751687049866
2026/05/07 10:46:56,128,0.1170157715678215
2026/05/07 10:46:57,129,0.03158258646726608
2026/05/07 10:46:58,129,0.22128836810588837
2026/05/07 10:46:59,130,0.36939382553100586
2026/05/07 10:47:00,130,0.17939609289169312
2026/05/07 10:47:01,131,0.10639604926109314
2026/05/07 10:47:02,132,0.059107016772031784
2026/05/07 10:47:03,132,0.34708428382873535
2026/05/07 10:47:04,133,0.43881043791770935
2026/05/07 10:47:05,133,0.13445177674293518
2026/05/07 10:47:06,132,0.15059638023376465
2026/05/07 10:47:07,132,0.09468232840299606
2026/05/07 10:47:08,131,0.13684174418449402
2026/05/07 10:47:09,131,0.18044941127300262
2026/05/07 10:47:10,130,0.31625115871429443
2026/05/07 10:47:11,130,0.15303833782672882
2026/05/07 10:47:12,129,0.2084406316280365
2026/05/07 10:47:13,129,0.5202317833900452
2026/05/07 10:47:14,129,0.13012190163135529
2026/05/07 10:47:15,129,0.11106772720813751
2026/05/07 10:47:16,129,0.07278424501419067
2026/05/07 10:47:17,130,0.11332613974809647
2026/05/07 10:47:18,130,0.12839704751968384
2026/05/07 10:47:19,131,0.13647830486297607
2026/05/07 10:47:20,132,0.18030168116092682
2026/05/07 10:47:21,133,0.1660023033618927
2026/05/07 10:47:22,133,0.15287142992019653
2026/05/07 10:47:23,133,0.19355320930480957
2026/05/07 10:47:24,133,0.3115605413913727
2026/05/07 10:47:25,133,0.2534843981266022
2026/05/07 10:47:26,133,0.18802034854888916
2026/05/07 10:47:27,133,0.17038306593894958
2026/05/07 10:47:28,134,0.267116904258728
2026/05/07 10:47:29,134,0.20438726246356964
2026/05/07 10:47:30,134,0.10659696906805038
2026/05/07 10:47:31,135,0.12237802147865295
2026/05/07 10:47:32,136,0.10700888931751251
2026/05/07 10:47:33,137,0.08869581669569016
2026/05/07 10:47:34,137,0.07550712674856186
2026/05/07 10:47:35,137,0.04498035088181496
2026/05/07 10:47:36,137,0.05886390805244446
2026/05/07 10:47:37,136,0.08038149029016495
2026/05/07 10:47:38,135,0.018450280651450157
2026/05/07 10:47:39,135,0.02947062999010086
2026/05/07 10:47:40,135,0.05048701539635658
2026/05/07 10:47:41,135,0.08136444538831711
2026/05/07 10:47:42,135,0.08140195161104202
2026/05/07 10:47:43,135,0.022018155083060265
2026/05/07 10:47:44,135,0.035016726702451706
2026/05/07 10:47:45,136,0.12960383296012878
2026/05/07 10:47:46,137,0.11729715764522552
2026/05/07 10:47:47,138,0.11719854921102524
2026/05/07 10:47:48,139,0.1622491180896759
2026/05/07 10:47:49,141,0.10798025131225586
2026/05/07 10:47:50,142,0.17041586339473724
2026/05/07 10:47:51,143,0.0674164816737175
2026/05/07 10:47:52,144,0.062167249619960785
2026/05/07 10:47:53,145,0.04150800406932831
2026/05/07 10:47:54,146,0.03020852990448475
2026/05/07 10:47:55,147,0.010890278965234756
2026/05/07 10:47:56,148,0.014182830229401588
2026/05/07 10:47:57,148,0.008326220326125622
2026/05/07 10:47:58,148,0.009352166205644608
2026/05/07 10:47:59,147,0.08978532999753952
2026/05/07 10:48:00,147,0.09758548438549042
2026/05/07 10:48:01,147,0.523930549621582
2026/05/07 10:48:02,146,0.5035573244094849
2026/05/07 10:48:03,146,0.11245982348918915
2026/05/07 10:48:04,145,0.03747294098138809
2026/05/07 10:48:05,145,0.018004950135946274
2026/05/07 10:48:06,146,0.050712525844573975
2026/05/07 10:48:07,146,0.03420083224773407
2026/05/07 10:48:08,145,0.05296149477362633
2026/05/07 10:48:09,145,0.03471425175666809
2026/05/07 10:48:10,145,0.06397367268800735
2026/05/07 10:48:11,145,0.0491996668279171
2026/05/07 10:48:12,145,0.04866168275475502
2026/05/07 10:48:13,145,0.01199297420680523
2026/05/07 10:48:14,144,0.004769452847540379
2026/05/07 10:48:15,144,0.004343044478446245
2026/05/07 10:48:16,144,0.006322265602648258
2026/05/07 10:48:17,144,0.022879598662257195
2026/05/07 10:48:18,144,0.04716021567583084
2026/05/07 10:48:19,144,0.06913290917873383
2026/05/07 10:48:20,144,0.03151335194706917
2026/05/07 10:48:21,143,0.05208720266819
2026/05/07 10:48:22,142,0.019928257912397385
2026/05/07 10:48:23,141,0.03154284134507179
2026/05/07 10:48:24,141,0.08501048386096954
2026/05/07 10:48:25,140,0.4450923502445221
2026/05/07 10:48:26,140,0.8975483775138855
2026/05/07 10:48:27,139,0.9300560355186462
2026/05/07 10:48:28,138,0.7857534289360046
2026/05/07 10:48:29,138,0.9468270540237427
2026/05/07 10:48:30,138,0.901760458946228
2026/05/07 10:48:31,137,0.7512730360031128
2026/05/07 10:48:32,137,0.8227792978286743
2026/05/07 10:48:33,137,0.8141994476318359
2026/05/07 10:48:34,137,0.9111486673355103
2026/05/07 10:48:35,137,0.7632311582565308
2026/05/07 10:48:36,137,0.3705238699913025
2026/05/07 10:48:37,137,0.24138768017292023
2026/05/07 10:48:38,137,0.18314017355442047
2026/05/07 10:48:39,138,0.2451746165752411
2026/05/07 10:48:40,138,0.7857679128646851
2026/05/07 10:48:41,138,0.8558241128921509
2026/05/07 10:48:42,138,0.9012653827667236
2026/05/07 10:48:43,138,0.26438573002815247
2026/05/07 10:48:44,138,0.07243612408638
2026/05/07 10:48:45,139,0.06135034188628197
2026/05/07 10:48:46,140,0.05400049686431885
2026/05/07 10:48:47,141,0.062342070043087006
2026/05/07 10:48:48,142,0.04413451626896858
2026/05/07 10:48:49,143,0.06750848889350891
2026/05/07 10:48:50,144,0.06954474747180939
2026/05/07 10:48:51,144,0.0385410450398922
2026/05/07 10:48:52,145,0.035048313438892365
2026/05/07 10:48:53,145,0.025452209636569023
2026/05/07 10:48:54,146,0.013511992990970612
2026/05/07 10:48:55,146,0.1076672151684761
2026/05/07 10:48:56,146,0.03469265252351761
2026/05/07 10:48:57,147,0.043735213577747345
2026/05/07 10:48:58,147,0.0657762810587883
2026/05/07 10:48:59,147,0.045754753053188324
2026/05/07 10:49:00,147,0.11463595926761627
2026/05/07 10:49:01,147,0.03920125961303711
2026/05/07 10:49:02,147,0.026473267003893852
2026/05/07 10:49:03,146,0.022239210084080696
2026/05/07 10:49:04,145,0.05172592028975487
2026/05/07 10:49:05,144,0.016906583681702614
2026/05/07 10:49:06,143,0.037247080355882645
2026/05/07 10:49:07,142,0.056233055889606476
2026/05/07 10:49:08,142,0.043767865747213364
2026/05/07 10:49:09,141,0.04301188141107559
2026/05/07 10:49:10,140,0.09118080884218216
2026/05/07 10:49:11,140,0.0371999554336071
2026/05/07 10:49:12,140,0.2496163547039032
2026/05/07 10:49:13,140,0.7696954011917114
2026/05/07 10:49:14,140,0.8863863348960876
2026/05/07 10:49:15,139,0.7589163780212402
2026/05/07 10:49:16,139,1.0001437664031982
2026/05/07 10:49:17,139,0.9592533111572266
2026/05/07 10:49:18,140,0.8769325613975525
2026/05/07 10:49:19,140,0.8188364505767822
2026/05/07 10:49:20,140,0.8815820217132568
2026/05/07 10:49:21,141,0.9014776349067688
2026/05/07 10:49:22,141,0.9943504929542542
2026/05/07 10:49:23,142,0.8510482907295227
2026/05/07 10:49:24,143,0.7925848364830017
2026/05/07 10:49:25,144,0.625981867313385
2026/05/07 10:49:26,145,0.12676739692687988
2026/05/07 10:49:27,146,0.10161151736974716
2026/05/07 10:49:28,146,0.1637900024652481
2026/05/07 10:49:29,147,0.1388244330883026
2026/05/07 10:49:30,148,0.10048066824674606
2026/05/07 10:49:31,149,0.09377533197402954
2026/05/07 10:49:32,150,0.08610351383686066
2026/05/07 10:49:33,150,0.10844365507364273
2026/05/07 10:49:34,150,0.0891924723982811
2026/05/07 10:49:35,151,0.04965118318796158
2026/05/07 10:49:36,151,0.08974481374025345
2026/05/07 10:49:37,151,0.12691976130008698
2026/05/07 10:49:38,151,0.08943276107311249
2026/05/07 10:49:39,151,0.10066615045070648
2026/05/07 10:49:40,151,0.0869314894080162
2026/05/07 10:49:41,151,0.09990876168012619
2026/05/07 10:49:42,151,0.07371857762336731
2026/05/07 10:49:43,151,0.0642624944448471
2026/05/07 10:49:44,150,0.07834402471780777
2026/05/07 10:49:45,150,0.04434564337134361
2026/05/07 10:49:46,150,0.01967993564903736
2026/05/07 10:49:47,150,0.0845157653093338
2026/05/07 10:49:48,150,0.0774335265159607
2026/05/07 10:49:49,150,0.030698638409376144
2026/05/07 10:49:50,150,0.0357482023537159
2026/05/07 10:49:51,149,0.029412802308797836
2026/05/07 10:49:52,148,0.025389347225427628
2026/05/07 10:49:53,147,0.024229375645518303
2026/05/07 10:49:54,147,0.31639689207077026
2026/05/07 10:49:55,147,0.8460624814033508
2026/05/07 10:49:56,148,0.7951969504356384
2026/05/07 10:49:57,148,0.8513097167015076
2026/05/07 10:49:58,148,0.9074423909187317
2026/05/07 10:49:59,148,0.8163257837295532
2026/05/07 10:50:00,148,0.44773784279823303
2026/05/07 10:50:01,148,0.7891532778739929
2026/05/07 10:50:02,148,0.8108912706375122
2026/05/07 10:50:03,148,0.9947522878646851
2026/05/07 10:50:04,148,0.9027838110923767
2026/05/07 10:50:05,148,0.8622817397117615
2026/05/07 10:50:06,148,0.5008277297019958
2026/05/07 10:50:07,149,0.27624279260635376
2026/05/07 10:50:08,149,0.14067630469799042
2026/05/07 10:50:09,150,0.1607019454240799
2026/05/07 10:50:10,151,0.13173501193523407
2026/05/07 10:50:11,152,0.18464915454387665
2026/05/07 10:50:12,153,0.14013920724391937
2026/05/07 10:50:13,154,0.06434940546751022
2026/05/07 10:50:14,154,0.06450145691633224
2026/05/07 10:50:15,154,0.1141953393816948
2026/05/07 10:50:16,154,0.10774365067481995
2026/05/07 10:50:17,155,0.1295797973871231
2026/05/07 10:50:18,155,0.0898328348994255
2026/05/07 10:50:19,155,0.12113586068153381
2026/05/07 10:50:20,155,0.08370805531740189
2026/05/07 10:50:21,155,0.05547843128442764
2026/05/07 10:50:22,155,0.03173747658729553
2026/05/07 10:50:23,155,0.06283408403396606
2026/05/07 10:50:24,156,0.08455537259578705
2026/05/07 10:50:25,155,0.08477253466844559
2026/05/07 10:50:26,155,0.06081722304224968
2026/05/07 10:50:27,155,0.04820704087615013
2026/05/07 10:50:28,155,0.06005971506237984
2026/05/07 10:50:29,154,0.07119876146316528
2026/05/07 10:50:30,154,0.050823014229536057
2026/05/07 10:50:31,153,0.06685642153024673
2026/05/07 10:50:32,152,0.0432894304394722
2026/05/07 10:50:33,151,0.3790886700153351
2026/05/07 10:50:34,150,0.6373717188835144
2026/05/07 10:50:35,150,0.8180234432220459
2026/05/07 10:50:36,150,0.7327874898910522
2026/05/07 10:50:37,150,0.630726158618927
2026/05/07 10:50:38,150,0.7647735476493835
2026/05/07 10:50:39,151,0.5614675283432007
2026/05/07 10:50:40,151,0.38509660959243774
2026/05/07 10:50:41,151,0.6966474652290344
2026/05/07 10:50:42,151,0.4695458710193634
2026/05/07 10:50:43,152,0.6573497653007507
2026/05/07 10:50:44,152,0.7455012798309326
2026/05/07 10:50:45,153,0.6903247237205505
2026/05/07 10:50:46,154,0.5457748174667358
2026/05/07 10:50:47,155,0.8726304173469543
2026/05/07 10:50:48,157,0.5979583859443665
2026/05/07 10:50:49,158,0.5256197452545166
2026/05/07 10:50:50,159,0.1316891312599182
2026/05/07 10:50:51,160,0.04160634055733681
2026/05/07 10:50:52,160,0.042571328580379486
2026/05/07 10:50:53,161,0.10110780596733093
2026/05/07 10:50:54,161,0.16792723536491394
2026/05/07 10:50:55,161,0.10406190156936646
2026/05/07 10:50:56,162,0.0989951342344284
2026/05/07 10:50:57,162,0.07525594532489777
2026/05/07 10:50:58,162,0.0986565500497818
2026/05/07 10:50:59,162,0.12769265472888947
2026/05/07 10:51:00,162,0.05995408445596695
2026/05/07 10:51:01,163,0.14361849427223206
2026/05/07 10:51:02,163,0.13770237565040588
2026/05/07 10:51:03,164,0.448524534702301
2026/05/07 10:51:04,164,0.39520156383514404
2026/05/07 10:51:05,164,0.06836114823818207
2026/05/07 10:51:06,164,0.07987722754478455
2026/05/07 10:51:07,164,0.11010303348302841
2026/05/07 10:51:08,164,0.0767936110496521
2026/05/07 10:51:09,164,0.09115444123744965
2026/05/07 10:51:10,164,0.10135286301374435
2026/05/07 10:51:11,164,0.13329216837882996
2026/05/07 10:51:12,164,0.8191133141517639
2026/05/07 10:51:13,165,1.0302250385284424
2026/05/07 10:51:14,165,1.0450454950332642
2026/05/07 10:51:15,165,0.9183846712112427
2026/05/07 10:51:16,166,0.9445956945419312
2026/05/07 10:51:17,165,0.9505602717399597
2026/05/07 10:51:18,165,0.8262073397636414
2026/05/07 10:51:19,165,0.7038776278495789
2026/05/07 10:51:20,164,0.417036771774292
2026/05/07 10:51:21,164,0.7323392629623413
2026/05/07 10:51:22,164,0.5273482799530029
2026/05/07 10:51:23,164,0.7935406565666199
2026/05/07 10:51:24,164,1.0147836208343506
2026/05/07 10:51:25,165,0.8072456121444702
2026/05/07 10:51:26,165,0.6989056468009949
2026/05/07 10:51:27,166,0.5206418633460999
2026/05/07 10:51:28,167,0.09134190529584885
2026/05/07 10:51:29,167,0.13689768314361572
2026/05/07 10:51:30,168,0.24504326283931732
2026/05/07 10:51:31,168,0.14807985723018646
2026/05/07 10:51:32,169,0.13632051646709442
2026/05/07 10:51:33,170,0.14546363055706024
2026/05/07 10:51:34,171,0.11917835474014282
2026/05/07 10:51:35,171,0.0664900615811348
2026/05/07 10:51:36,171,0.087485671043396
2026/05/07 10:51:37,171,0.07053521275520325
2026/05/07 10:51:38,172,0.1868342161178589
2026/05/07 10:51:39,172,0.2582082152366638
2026/05/07 10:51:40,172,0.10947313904762268
2026/05/07 10:51:41,172,0.13403886556625366
2026/05/07 10:51:42,173,0.08550407737493515
2026/05/07 10:51:43,173,0.020436609163880348
2026/05/07 10:51:44,172,0.02205435000360012
2026/05/07 10:51:45,173,0.032109007239341736
2026/05/07 10:51:46,173,0.011605430394411087
2026/05/07 10:51:47,173,0.008109183982014656
2026/05/07 10:51:48,172,0.013339974917471409
2026/05/07 10:51:49,173,0.031926266849040985
2026/05/07 10:51:50,173,0.03462474048137665
2026/05/07 10:51:51,172,0.05204246565699577
2026/05/07 10:51:52,172,0.08721361309289932
2026/05/07 10:51:53,172,0.055631913244724274
2026/05/07 10:51:54,171,0.026370571926236153
2026/05/07 10:51:55,172,0.040271446108818054
2026/05/07 10:51:56,172,0.036358289420604706
2026/05/07 10:51:57,171,0.017812056466937065
2026/05/07 10:51:58,170,0.01673787087202072
2026/05/07 10:51:59,170,0.01731041818857193
2026/05/07 10:52:00,170,0.019163019955158234
2026/05/07 10:52:01,169,0.015457811765372753
2026/05/07 10:52:02,169,0.012887789867818356
2026/05/07 10:52:03,168,0.015749748796224594
2026/05/07 10:52:04,167,0.06682281941175461
2026/05/07 10:52:05,167,0.06464647501707077
2026/05/07 10:52:06,168,0.050773557275533676
2026/05/07 10:52:07,167,0.12979981303215027
2026/05/07 10:52:08,167,0.08012232929468155
2026/05/07 10:52:09,167,0.07935499399900436
2026/05/07 10:52:10,166,0.09259802848100662
2026/05/07 10:52:11,166,0.14602665603160858
2026/05/07 10:52:12,166,0.43287530541419983
2026/05/07 10:52:13,165,0.19505520164966583
2026/05/07 10:52:14,164,0.14232367277145386
2026/05/07 10:52:15,164,0.14577741920948029
2026/05/07 10:52:16,164,0.15559116005897522
2026/05/07 10:52:17,163,0.1575573980808258
2026/05/07 10:52:18,162,0.1324065625667572
2026/05/07 10:52:19,161,0.17510733008384705
2026/05/07 10:52:20,160,0.07312490046024323
2026/05/07 10:52:21,159,0.02159084938466549
2026/05/07 10:52:22,159,0.04444766789674759
2026/05/07 10:52:23,159,0.12684132158756256
2026/05/07 10:52:24,158,0.17118525505065918
2026/05/07 10:52:25,157,0.14660614728927612
2026/05/07 10:52:26,156,0.11220545321702957
2026/05/07 10:52:27,155,0.029487313702702522
2026/05/07 10:52:28,154,0.011398369446396828
2026/05/07 10:52:29,153,0.03875399008393288
2026/05/07 10:52:30,152,0.01654711179435253
2026/05/07 10:52:31,151,0.012238558381795883
2026/05/07 10:52:32,151,0.01074758917093277
2026/05/07 10:52:33,150,0.009262826293706894
2026/05/07 10:52:34,150,0.004929764661937952
2026/05/07 10:52:35,149,0.010301444679498672
2026/05/07 10:52:36,148,0.04736008867621422
2026/05/07 10:52:37,148,0.116883285343647
2026/05/07 10:52:38,147,0.14176444709300995
2026/05/07 10:52:39,147,0.05221279710531235
2026/05/07 10:52:40,147,0.011786815710365772
2026/05/07 10:52:41,147,0.010276072658598423
2026/05/07 10:52:42,147,0.017262589186429977
2026/05/07 10:52:43,147,0.029138611629605293
2026/05/07 10:52:44,147,0.023355837911367416
2026/05/07 10:52:45,148,0.030272934585809708
2026/05/07 10:52:46,148,0.1955409198999405
2026/05/07 10:52:47,148,0.06782867759466171
2026/05/07 10:52:48,147,0.028129752725362778
2026/05/07 10:52:49,148,0.010383181273937225
2026/05/07 10:52:50,148,0.08639469742774963
2026/05/07 10:52:51,149,0.03216235712170601
2026/05/07 10:52:52,149,0.02772621251642704
2026/05/07 10:52:53,150,0.025591671466827393
2026/05/07 10:52:54,150,0.03794296458363533
2026/05/07 10:52:55,150,0.08387255668640137
2026/05/07 10:52:56,150,0.02307097241282463
2026/05/07 10:52:57,150,0.037388112396001816
2026/05/07 10:52:58,151,0.02426970563828945
2026/05/07 10:52:59,151,0.012185318395495415
2026/05/07 10:53:00,151,0.010548054240643978
2026/05/07 10:53:01,152,0.07846469432115555
2026/05/07 10:53:02,152,0.029979800805449486
2026/05/07 10:53:03,152,0.012421279214322567
2026/05/07 10:53:04,152,0.03506102412939072
2026/05/07 10:53:05,152,0.013536431826651096
2026/05/07 10:53:06,152,0.01555636152625084
2026/05/07 10:53:07,151,0.014879852533340454
2026/05/07 10:53:08,151,0.04500921815633774
2026/05/07 10:53:09,150,0.01557757705450058
2026/05/07 10:53:10,150,0.010922006331384182
2026/05/07 10:53:11,150,0.04701056331396103
2026/05/07 10:53:12,149,0.02192450873553753
2026/05/07 10:53:13,149,0.015573711134493351
2026/05/07 10:53:14,149,0.026098035275936127
2026/05/07 10:53:15,148,0.027900800108909607
2026/05/07 10:53:16,148,0.012377751991152763
2026/05/07 10:53:17,147,0.009722696617245674
2026/05/07 10:53:18,146,0.07162901759147644
2026/05/07 10:53:19,146,0.022958872839808464
2026/05/07 10:53:20,145,0.013600313104689121
2026/05/07 10:53:21,145,0.033285677433013916
2026/05/07 10:53:22,145,0.02390313521027565
2026/05/07 10:53:23,145,0.012713023461401463
2026/05/07 10:53:24,145,0.05369197577238083
2026/05/07 10:53:25,145,0.19349442422389984
2026/05/07 10:53:26,145,0.3053227961063385
2026/05/07 10:53:27,145,0.13510382175445557
2026/05/07 10:53:28,144,0.08745341747999191
2026/05/07 10:53:29,144,0.20367930829524994
2026/05/07 10:53:30,144,0.036130961030721664
2026/05/07 10:53:31,144,0.03393411636352539
2026/05/07 10:53:32,144,0.020272865891456604
2026/05/07 10:53:33,143,0.025961946696043015
2026/05/07 10:53:34,143,0.025080731138586998
2026/05/07 10:53:35,143,0.23614171147346497
2026/05/07 10:53:36,143,0.15304219722747803
2026/05/07 10:53:37,143,0.07873772084712982
2026/05/07 10:53:38,143,0.017041394487023354
2026/05/07 10:53:39,144,0.03527607396245003
2026/05/07 10:53:40,144,0.015994248911738396
2026/05/07 10:53:41,144,0.038369014859199524
2026/05/07 10:53:42,145,0.017211390659213066
2026/05/07 10:53:43,144,0.03177887201309204
2026/05/07 10:53:44,144,0.19855837523937225
2026/05/07 10:53:45,144,0.4634106159210205
2026/05/07 10:53:46,144,0.22105824947357178
2026/05/07 10:53:47,143,0.10713926702737808
2026/05/07 10:53:48,143,0.1992659717798233
2026/05/07 10:53:49,142,0.1657421588897705
2026/05/07 10:53:50,142,0.02496650069952011
2026/05/07 10:53:51,141,0.036889124661684036
2026/05/07 10:53:52,141,0.010903540067374706
2026/05/07 10:53:53,140,0.061283037066459656
2026/05/07 10:53:54,140,0.03130260854959488
2026/05/07 10:53:55,141,0.05328744277358055
2026/05/07 10:53:56,141,0.055925942957401276
2026/05/07 10:53:57,141,0.26712098717689514
2026/05/07 10:53:58,142,0.17055824398994446
2026/05/07 10:53:59,142,0.04853621497750282
2026/05/07 10:54:00,142,0.06379500031471252
2026/05/07 10:54:01,142,0.03329596295952797
2026/05/07 10:54:02,142,0.07007051259279251
2026/05/07 10:54:03,141,0.06722437590360641
2026/05/07 10:54:04,141,0.2947338819503784
2026/05/07 10:54:05,140,0.11654471606016159
2026/05/07 10:54:06,139,0.08762764185667038
2026/05/07 10:54:07,139,0.03539181500673294
2026/05/07 10:54:08,139,0.09631772339344025
2026/05/07 10:54:09,139,0.10701078176498413
2026/05/07 10:54:10,138,0.04912639409303665
2026/05/07 10:54:11,138,0.13217008113861084
2026/05/07 10:54:12,138,0.09269694238901138
2026/05/07 10:54:13,139,0.14084523916244507
2026/05/07 10:54:14,140,0.09655020385980606
2026/05/07 10:54:15,141,0.027805212885141373
2026/05/07 10:54:16,142,0.03329189121723175
2026/05/07 10:54:17,143,0.022648435086011887
2026/05/07 10:54:18,144,0.026668954640626907
2026/05/07 10:54:19,144,0.08736514300107956
2026/05/07 10:54:20,145,0.047586217522621155
2026/05/07 10:54:21,144,0.012368571944534779
2026/05/07 10:54:22,144,0.03224283456802368
2026/05/07 10:54:23,144,0.055688027292490005
2026/05/07 10:54:24,144,0.021820204332470894
2026/05/07 10:54:25,144,0.007429567165672779
2026/05/07 10:54:26,144,0.11051736772060394
2026/05/07 10:54:27,144,0.049801431596279144
2026/05/07 10:54:28,144,0.07267318665981293
2026/05/07 10:54:29,145,0.039226554334163666
2026/05/07 10:54:30,145,0.06706109642982483
2026/05/07 10:54:31,145,0.02533968910574913
2026/05/07 10:54:32,145,0.017614375799894333
2026/05/07 10:54:33,145,0.07989127933979034
2026/05/07 10:54:34,146,0.08160239458084106
2026/05/07 10:54:35,146,0.01484636403620243
2026/05/07 10:54:36,145,0.07085202634334564
2026/05/07 10:54:37,145,0.06661530584096909
2026/05/07 10:54:38,145,0.026064207777380943
2026/05/07 10:54:39,144,0.05960618704557419
2026/05/07 10:54:40,144,0.08696351945400238
2026/05/07 10:54:41,144,0.03237124904990196
2026/05/07 10:54:42,144,0.011587918736040592
2026/05/07 10:54:43,143,0.07598405331373215
2026/05/07 10:54:44,143,0.0702950581908226
2026/05/07 10:54:45,143,0.03023527003824711
2026/05/07 10:54:46,143,0.08782497048377991
2026/05/07 10:54:47,143,0.2899671494960785
2026/05/07 10:54:48,143,0.04398517310619354
2026/05/07 10:54:49,142,0.02942073531448841
2026/05/07 10:54:50,141,0.09414298832416534
2026/05/07 10:54:51,140,0.03975013270974159
2026/05/07 10:54:52,140,0.02051323838531971
2026/05/07 10:54:53,139,0.033352188766002655
2026/05/07 10:54:54,139,0.0737934559583664
2026/05/07 10:54:55,139,0.04027716815471649
2026/05/07 10:54:56,139,0.008793408051133156
2026/05/07 10:54:57,139,0.03993404284119606
2026/05/07 10:54:58,139,0.05171088129281998
2026/05/07 10:54:59,139,0.04997226968407631
2026/05/07 10:55:00,139,0.019850974902510643
2026/05/07 10:55:01,139,0.06040511652827263
2026/05/07 10:55:02,139,0.027179917320609093
2026/05/07 10:55:03,139,0.01772579550743103
2026/05/07 10:55:04,139,0.03001433238387108
2026/05/07 10:55:05,139,0.025480153039097786
2026/05/07 10:55:06,139,0.015827905386686325
2026/05/07 10:55:07,139,0.02321668714284897
2026/05/07 10:55:08,139,0.07007244229316711
2026/05/07 10:55:09,138,0.030824236571788788
2026/05/07 10:55:10,138,0.011272835545241833
2026/05/07 10:55:11,138,0.04607284441590309
2026/05/07 10:55:12,139,0.07080700248479843
2026/05/07 10:55:13,138,0.08352737873792648
2026/05/07 10:55:14,137,0.2231319397687912
2026/05/07 10:55:15,137,0.07577501237392426
2026/05/07 10:55:16,136,0.054442234337329865
2026/05/07 10:55:17,136,0.01950465515255928
2026/05/07 10:55:18,136,0.01902003027498722
2026/05/07 10:55:19,136,0.05458342656493187
2026/05/07 10:55:20,136,0.026774058118462563
2026/05/07 10:55:21,136,0.014368675649166107
2026/05/07 10:55:22,136,0.1514299362897873
2026/05/07 10:55:23,136,0.05600499361753464
2026/05/07 10:55:24,136,0.0371970571577549
2026/05/07 10:55:25,137,0.034041211009025574
2026/05/07 10:55:26,137,0.053844694048166275
2026/05/07 10:55:27,137,0.03782772272825241
2026/05/07 10:55:28,138,0.012621269561350346
2026/05/07 10:55:29,138,0.02206861972808838
2026/05/07 10:55:30,138,0.2623692750930786
2026/05/07 10:55:31,138,0.5901873111724854
2026/05/07 10:55:32,139,0.6791363954544067
2026/05/07 10:55:33,139,0.23284734785556793
2026/05/07 10:55:34,139,1.0245072841644287
2026/05/07 10:55:35,138,0.5910243391990662
2026/05/07 10:55:36,138,0.2553054392337799
2026/05/07 10:55:37,137,0.16992449760437012
2026/05/07 10:55:38,137,0.06200180947780609
2026/05/07 10:55:39,136,0.036015160381793976
2026/05/07 10:55:40,136,0.08140206336975098
2026/05/07 10:55:41,136,0.10052034258842468
2026/05/07 10:55:42,136,0.10410913079977036
2026/05/07 10:55:43,138,0.12867040932178497
2026/05/07 10:55:44,139,0.10519666969776154
2026/05/07 10:55:45,140,0.288495808839798
2026/05/07 10:55:46,140,0.08994811773300171
2026/05/07 10:55:47,141,0.3456323444843292
2026/05/07 10:55:48,142,0.09562526643276215
2026/05/07 10:55:49,143,0.0688156709074974
2026/05/07 10:55:50,143,0.05126044154167175
2026/05/07 10:55:51,144,0.0676775723695755
2026/05/07 10:55:52,144,0.5057017207145691
2026/05/07 10:55:53,145,0.24424712359905243
2026/05/07 10:55:54,145,0.13654200732707977
2026/05/07 10:55:55,146,0.11151577532291412
2026/05/07 10:55:56,146,0.17422525584697723
2026/05/07 10:55:57,146,0.056866392493247986
2026/05/07 10:55:58,146,0.0463891476392746
2026/05/07 10:55:59,146,0.2525773346424103
2026/05/07 10:56:00,146,0.12880034744739532
2026/05/07 10:56:01,146,0.04721729829907417
2026/05/07 10:56:02,146,0.06171753257513046
2026/05/07 10:56:03,146,0.05548156425356865
2026/05/07 10:56:04,145,0.0326494537293911
2026/05/07 10:56:05,145,0.04672366380691528
2026/05/07 10:56:06,145,0.04350956156849861
2026/05/07 10:56:07,145,0.4119510054588318
2026/05/07 10:56:08,145,0.0730850100517273
2026/05/07 10:56:09,145,0.1988631635904312
2026/05/07 10:56:10,145,0.22246210277080536
2026/05/07 10:56:11,145,0.18559807538986206
2026/05/07 10:56:12,144,0.18489769101142883
2026/05/07 10:56:13,144,0.20198799669742584
2026/05/07 10:56:14,144,0.1973673701286316
2026/05/07 10:56:15,144,0.08257683366537094
2026/05/07 10:56:16,144,0.07292616367340088
2026/05/07 10:56:17,144,0.15755559504032135
2026/05/07 10:56:18,145,0.18688033521175385
2026/05/07 10:56:19,145,0.13639616966247559
2026/05/07 10:56:20,145,0.05102382227778435
2026/05/07 10:56:21,145,0.05384671688079834
2026/05/07 10:56:22,145,0.05873998999595642
2026/05/07 10:56:23,145,0.03504462167620659
2026/05/07 10:56:24,145,0.3671896457672119
2026/05/07 10:56:25,145,0.4864998161792755
2026/05/07 10:56:26,145,0.3078247904777527
2026/05/07 10:56:27,145,0.4500865638256073
2026/05/07 10:56:28,145,0.4036899507045746
2026/05/07 10:56:29,145,0.11608289927244186
2026/05/07 10:56:30,144,0.1970503181219101
2026/05/07 10:56:31,144,0.26189982891082764
2026/05/07 10:56:32,144,0.3468497395515442
2026/05/07 10:56:33,144,0.19844365119934082
2026/05/07 10:56:34,143,0.058271028101444244
2026/05/07 10:56:35,143,0.21811959147453308
2026/05/07 10:56:36,143,0.3235999643802643
2026/05/07 10:56:37,143,0.18315164744853973
2026/05/07 10:56:38,143,0.11917740106582642
2026/05/07 10:56:39,143,0.045183055102825165
2026/05/07 10:56:40,143,0.1003001257777214
2026/05/07 10:56:41,143,0.12255533784627914
2026/05/07 10:56:42,144,0.04076121374964714
2026/05/07 10:56:43,144,0.27538660168647766
2026/05/07 10:56:44,145,0.6155439019203186
2026/05/07 10:56:45,146,0.3345804214477539
2026/05/07 10:56:46,146,0.7081617116928101
2026/05/07 10:56:47,148,0.4816133379936218
2026/05/07 10:56:48,148,0.11717704683542252
2026/05/07 10:56:49,150,0.19546805322170258
2026/05/07 10:56:50,150,0.0576140433549881
2026/05/07 10:56:51,151,0.3399616777896881
2026/05/07 10:56:52,152,0.13987599313259125
2026/05/07 10:56:53,153,0.08539188653230667
2026/05/07 10:56:54,153,0.24189822375774384
2026/05/07 10:56:55,154,0.020526789128780365
2026/05/07 10:56:56,154,0.17783352732658386
2026/05/07 10:56:57,155,0.056822460144758224
2026/05/07 10:56:58,155,0.2728969156742096
2026/05/07 10:56:59,156,0.4823097586631775
2026/05/07 10:57:00,156,0.12591400742530823
2026/05/07 10:57:01,157,0.43188875913619995
2026/05/07 10:57:02,157,0.08579746633768082
2026/05/07 10:57:03,157,0.319181352853775
2026/05/07 10:57:04,158,0.20605385303497314
2026/05/07 10:57:05,158,0.1416122168302536
2026/05/07 10:57:06,158,0.11042576283216476
2026/05/07 10:57:07,158,0.06542759388685226
2026/05/07 10:57:08,158,0.07599316537380219
2026/05/07 10:57:09,158,0.1114824116230011
2026/05/07 10:57:10,158,0.15849527716636658
2026/05/07 10:57:11,158,0.13103695213794708
2026/05/07 10:57:12,158,0.11966592818498611
2026/05/07 10:57:13,158,0.07402364164590836
2026/05/07 10:57:14,158,0.25751492381095886
2026/05/07 10:57:15,158,0.5077806115150452
2026/05/07 10:57:16,157,0.7441122531890869
2026/05/07 10:57:17,157,0.5917573571205139
2026/05/07 10:57:18,156,0.8016809225082397
2026/05/07 10:57:19,156,0.29870763421058655
2026/05/07 10:57:20,156,0.1455901712179184
2026/05/07 10:57:21,157,0.19636867940425873
2026/05/07 10:57:22,158,0.1818418949842453
2026/05/07 10:57:23,159,0.17819255590438843
2026/05/07 10:57:24,159,0.13297125697135925
2026/05/07 10:57:25,160,0.04711867496371269
2026/05/07 10:57:26,161,0.048836834728717804
2026/05/07 10:57:27,161,0.3150804340839386
2026/05/07 10:57:28,162,0.07189895212650299
2026/05/07 10:57:29,162,0.11885277926921844
2026/05/07 10:57:30,162,0.11179937422275543
2026/05/07 10:57:31,162,0.09802613407373428
2026/05/07 10:57:32,162,0.09316068142652512
2026/05/07 10:57:33,162,0.13195693492889404
2026/05/07 10:57:34,162,0.11154751479625702
2026/05/07 10:57:35,162,0.13840845227241516
2026/05/07 10:57:36,162,0.1003422662615776
2026/05/07 10:57:37,163,0.0472945012152195
2026/05/07 10:57:38,163,0.12946970760822296
2026/05/07 10:57:39,163,0.07493956387042999
2026/05/07 10:57:40,163,0.18227088451385498
2026/05/07 10:57:41,162,0.037757862359285355
2026/05/07 10:57:42,162,0.0432148240506649
2026/05/07 10:57:43,162,0.0714975893497467
2026/05/07 10:57:44,162,0.05642497166991234
2026/05/07 10:57:45,162,0.2517086863517761
2026/05/07 10:57:46,162,0.06368394196033478
2026/05/07 10:57:47,162,0.03897799924015999
2026/05/07 10:57:48,162,0.06526639312505722
2026/05/07 10:57:49,163,0.13827578723430634
2026/05/07 10:57:50,163,0.13774944841861725
2026/05/07 10:57:51,163,0.15202613174915314
2026/05/07 10:57:52,164,0.03642669692635536
2026/05/07 10:57:53,164,0.22026576101779938
2026/05/07 10:57:54,164,0.23269148170948029
2026/05/07 10:57:55,164,0.5147998929023743
2026/05/07 10:57:56,165,0.5066487789154053
2026/05/07 10:57:57,165,0.3165213167667389
2026/05/07 10:57:58,165,0.22406382858753204
2026/05/07 10:57:59,166,0.21203182637691498
2026/05/07 10:58:00,166,0.23152630031108856
2026/05/07 10:58:01,167,0.18440425395965576
2026/05/07 10:58:02,168,0.28651294112205505
2026/05/07 10:58:03,168,0.162288635969162
2026/05/07 10:58:04,169,0.14698390662670135
2026/05/07 10:58:05,169,0.1819470375776291
2026/05/07 10:58:06,170,0.2133965939283371
2026/05/07 10:58:07,170,0.2174605280160904
2026/05/07 10:58:08,169,0.2925533652305603
2026/05/07 10:58:09,169,0.2276957929134369
2026/05/07 10:58:10,169,0.2513151466846466
2026/05/07 10:58:11,169,0.18066753447055817
2026/05/07 10:58:12,169,0.18631090223789215
2026/05/07 10:58:13,169,0.14340586960315704
2026/05/07 10:58:14,169,0.22849152982234955
2026/05/07 10:58:15,168,0.1927281767129898
2026/05/07 10:58:16,167,0.35336896777153015
2026/05/07 10:58:17,166,0.1870996206998825
2026/05/07 10:58:18,165,0.10302592068910599
2026/05/07 10:58:19,164,0.09681480377912521
2026/05/07 10:58:20,163,0.15012383460998535
2026/05/07 10:58:21,162,0.17047737538814545
2026/05/07 10:58:22,161,0.07444403320550919
2026/05/07 10:58:23,161,0.07032778859138489
2026/05/07 10:58:24,160,0.07560107856988907
2026/05/07 10:58:25,159,0.18485307693481445
2026/05/07 10:58:26,159,0.10889717936515808
2026/05/07 10:58:27,158,0.2268606722354889
2026/05/07 10:58:28,158,0.0918523520231247
2026/05/07 10:58:29,157,0.06401265412569046
2026/05/07 10:58:30,157,0.026552077382802963
2026/05/07 10:58:31,156,0.014971667900681496
2026/05/07 10:58:32,156,0.027824217453598976
2026/05/07 10:58:33,155,0.06877366453409195
2026/05/07 10:58:34,155,0.05863482877612114
2026/05/07 10:58:35,155,0.06792809814214706
2026/05/07 10:58:36,155,0.09947589039802551
2026/05/07 10:58:37,155,0.05443672463297844
2026/05/07 10:58:38,155,0.03569184988737106
2026/05/07 10:58:39,155,0.045326318591833115
2026/05/07 10:58:40,155,0.03905917704105377
2026/05/07 10:58:41,155,0.00912538357079029
2026/05/07 10:58:42,155,0.022284409031271935
2026/05/07 10:58:43,154,0.06832289695739746
2026/05/07 10:58:44,153,0.031339872628450394
2026/05/07 10:58:45,153,0.08290134370326996
2026/05/07 10:58:46,153,0.09857215732336044
2026/05/07 10:58:47,153,0.07804706692695618
2026/05/07 10:58:48,152,0.21996130049228668
2026/05/07 10:58:49,152,0.20364134013652802
2026/05/07 10:58:50,152,0.21365882456302643
2026/05/07 10:58:51,152,0.1707494705915451
2026/05/07 10:58:52,152,0.109232597053051
2026/05/07 10:58:53,152,0.12936024367809296
2026/05/07 10:58:54,152,0.09954050183296204
2026/05/07 10:58:55,151,0.08009035140275955
2026/05/07 10:58:56,150,0.11636997759342194
2026/05/07 10:58:57,150,0.03817378729581833
2026/05/07 10:58:58,150,0.10727143287658691
2026/05/07 10:58:59,149,0.16695968806743622
2026/05/07 10:59:00,148,0.11909105628728867
2026/05/07 10:59:01,148,0.055123988538980484
2026/05/07 10:59:02,147,0.06540511548519135
2026/05/07 10:59:03,146,0.06616411358118057
2026/05/07 10:59:04,145,0.027748657390475273
2026/05/07 10:59:05,144,0.008052803575992584
2026/05/07 10:59:06,144,0.014355146326124668
2026/05/07 10:59:07,143,0.029550420120358467
2026/05/07 10:59:08,143,0.0818125307559967
2026/05/07 10:59:09,143,0.09736984968185425
2026/05/07 10:59:10,144,0.035338327288627625
2026/05/07 10:59:11,144,0.014309338293969631
2026/05/07 10:59:12,144,0.011608593165874481
2026/05/07 10:59:13,144,0.043689124286174774
2026/05/07 10:59:14,144,0.09480799734592438
2026/05/07 10:59:15,143,0.025501379743218422
2026/05/07 10:59:16,143,0.011084701865911484
2026/05/07 10:59:17,143,0.007469187956303358
2026/05/07 10:59:18,143,0.00944091659039259
2026/05/07 10:59:19,142,0.00612248620018363
2026/05/07 10:59:20,142,0.006518383976072073
2026/05/07 10:59:21,142,0.01306972000747919
2026/05/07 10:59:22,142,0.010035816580057144
2026/05/07 10:59:23,141,0.008227775804698467
2026/05/07 10:59:24,141,0.017592355608940125
2026/05/07 10:59:25,140,0.06654361635446548
2026/05/07 10:59:26,140,0.02820606529712677
2026/05/07 10:59:27,140,0.053369294852018356
2026/05/07 10:59:28,140,0.05519186332821846
2026/05/07 10:59:29,140,0.0164497010409832
2026/05/07 10:59:30,140,0.013208727352321148
2026/05/07 10:59:31,141,0.010236406698822975
2026/05/07 10:59:32,141,0.011630476452410221
2026/05/07 10:59:33,141,0.012581168673932552
2026/05/07 10:59:34,141,0.0383964367210865
2026/05/07 10:59:35,141,0.05368703231215477
2026/05/07 10:59:36,141,0.08747507631778717
2026/05/07 10:59:37,140,0.13059912621974945
2026/05/07 10:59:38,140,0.15217983722686768
2026/05/07 10:59:39,140,0.12433120608329773
2026/05/07 10:59:40,139,0.17830291390419006
2026/05/07 10:59:41,138,0.08750325441360474
2026/05/07 10:59:42,138,0.20283135771751404
2026/05/07 10:59:43,137,0.07311148196458817
2026/05/07 10:59:44,136,0.0579073391854763
2026/05/07 10:59:45,136,0.023110222071409225
2026/05/07 10:59:46,136,0.01839357055723667
2026/05/07 10:59:47,137,0.018700050190091133
2026/05/07 10:59:48,137,0.06863650679588318
2026/05/07 10:59:49,137,0.05299442261457443
2026/05/07 10:59:50,137,0.049388106912374496
2026/05/07 10:59:51,136,0.0408780500292778
2026/05/07 10:59:52,136,0.03714562579989433
2026/05/07 10:59:53,135,0.07488427311182022
2026/05/07 10:59:54,134,0.08320769667625427
2026/05/07 10:59:55,134,0.0419989675283432
2026/05/07 10:59:56,133,0.059564873576164246
2026/05/07 10:59:57,133,0.048291370272636414
2026/05/07 10:59:58,133,0.06218427047133446
2026/05/07 10:59:59,133,0.03267467021942139
2026/05/07 11:00:00,132,0.0323512926697731
2026/05/07 11:00:01,132,0.017795804888010025
2026/05/07 11:00:02,132,0.01701865717768669
2026/05/07 11:00:03,132,0.0160074383020401
2026/05/07 11:00:04,132,0.011280650272965431
2026/05/07 11:00:05,131,0.011445867829024792
2026/05/07 11:00:06,131,0.017217332497239113
2026/05/07 11:00:07,132,0.03070039488375187
2026/05/07 11:00:08,133,0.031989794224500656
2026/05/07 11:00:09,134,0.022751064971089363
2026/05/07 11:00:10,134,0.05529403313994408
2026/05/07 11:00:11,134,0.022679094225168228
2026/05/07 11:00:12,135,0.017474232241511345
2026/05/07 11:00:13,135,0.010370389558374882
2026/05/07 11:00:14,135,0.018416455015540123
2026/05/07 11:00:15,135,0.03945698216557503
2026/05/07 11:00:16,135,0.05229324474930763
2026/05/07 11:00:17,135,0.0859198197722435
2026/05/07 11:00:18,135,0.05512859672307968
2026/05/07 11:00:19,135,0.021261919289827347
2026/05/07 11:00:20,135,0.045508384704589844
2026/05/07 11:00:21,135,0.09297733008861542
2026/05/07 11:00:22,135,0.10176484286785126
2026/05/07 11:00:23,135,0.24628667533397675
2026/05/07 11:00:24,135,0.07914716005325317
2026/05/07 11:00:25,135,0.0448293536901474
2026/05/07 11:00:26,135,0.04406323283910751
2026/05/07 11:00:27,135,0.044710978865623474
2026/05/07 11:00:28,135,0.04335710033774376
2026/05/07 11:00:29,135,0.05684705451130867
2026/05/07 11:00:30,135,0.10841591656208038
2026/05/07 11:00:31,135,0.14016450941562653
2026/05/07 11:00:32,135,0.14931806921958923
2026/05/07 11:00:33,135,0.17245259881019592
2026/05/07 11:00:34,135,0.20122651755809784
2026/05/07 11:00:35,135,0.15559928119182587
2026/05/07 11:00:36,135,0.18066059052944183
2026/05/07 11:00:37,135,0.1652374565601349
2026/05/07 11:00:38,134,0.1641891598701477
2026/05/07 11:00:39,134,0.21593151986598969
2026/05/07 11:00:40,133,0.18301722407341003
2026/05/07 11:00:41,133,0.15860703587532043
2026/05/07 11:00:42,133,0.1970246583223343
2026/05/07 11:00:43,133,0.13976335525512695
2026/05/07 11:00:44,133,0.13523800671100616
2026/05/07 11:00:45,133,0.08860325068235397
2026/05/07 11:00:46,132,0.09842457622289658
2026/05/07 11:00:47,133,0.12330358475446701
2026/05/07 11:00:48,133,0.19579826295375824
2026/05/07 11:00:49,132,0.1806984692811966
2026/05/07 11:00:50,132,0.14024338126182556
2026/05/07 11:00:51,131,0.1511705219745636
2026/05/07 11:00:52,130,0.13898155093193054
2026/05/07 11:00:53,130,0.17939487099647522
2026/05/07 11:00:54,129,0.2118212729692459
2026/05/07 11:00:55,129,0.13628846406936646
2026/05/07 11:00:56,129,0.183685302734375
2026/05/07 11:00:57,130,0.1579120010137558
2026/05/07 11:00:58,130,0.15951032936573029
2026/05/07 11:00:59,131,0.1459011286497116
2026/05/07 11:01:00,132,0.1818867325782776
2026/05/07 11:01:01,133,0.13081839680671692
2026/05/07 11:01:02,134,0.1311759352684021
2026/05/07 11:01:03,134,0.07343311607837677
2026/05/07 11:01:04,135,0.11112722009420395
2026/05/07 11:01:05,135,0.16671574115753174
2026/05/07 11:01:06,135,0.12625721096992493
2026/05/07 11:01:07,136,0.10396750271320343
2026/05/07 11:01:08,136,0.145907461643219
2026/05/07 11:01:09,136,0.1407085806131363
2026/05/07 11:01:10,136,0.194742813706398
2026/05/07 11:01:11,136,0.11619456857442856
2026/05/07 11:01:12,136,0.22346340119838715
2026/05/07 11:01:13,137,0.14135640859603882
2026/05/07 11:01:14,137,0.12143375724554062
2026/05/07 11:01:15,137,0.13422566652297974
2026/05/07 11:01:16,137,0.05160484090447426
2026/05/07 11:01:17,136,0.0776032954454422
2026/05/07 11:01:18,136,0.11913220584392548
2026/05/07 11:01:19,136,0.08679623901844025
2026/05/07 11:01:20,136,0.03548010066151619
2026/05/07 11:01:21,136,0.05989816412329674
2026/05/07 11:01:22,136,0.033417295664548874
2026/05/07 11:01:23,136,0.04849573224782944
2026/05/07 11:01:24,136,0.06764532625675201
2026/05/07 11:01:25,136,0.06736215204000473
2026/05/07 11:01:26,137,0.04487030208110809
2026/05/07 11:01:27,137,0.14140184223651886
2026/05/07 11:01:28,137,0.07791715860366821
2026/05/07 11:01:29,137,0.06358309835195541
2026/05/07 11:01:30,138,0.047732893377542496
2026/05/07 11:01:31,139,0.042321596294641495
2026/05/07 11:01:32,140,0.03175961971282959
2026/05/07 11:01:33,141,0.02641572430729866
2026/05/07 11:01:34,142,0.02346418797969818
2026/05/07 11:01:35,143,0.022075269371271133
2026/05/07 11:01:36,144,0.02294640801846981
2026/05/07 11:01:37,144,0.041733257472515106
2026/05/07 11:01:38,145,0.07921323925256729
2026/05/07 11:01:39,145,0.06483164429664612
2026/05/07 11:01:40,145,0.052987802773714066
2026/05/07 11:01:41,145,0.043465226888656616
2026/05/07 11:01:42,145,0.028136152774095535
2026/05/07 11:01:43,144,0.018369054421782494
2026/05/07 11:01:44,144,0.006996568292379379
2026/05/07 11:01:45,144,0.00352264940738678
2026/05/07 11:01:46,143,0.004352736286818981
2026/05/07 11:01:47,142,0.0047837416641414165
2026/05/07 11:01:48,142,0.004004301968961954
2026/05/07 11:01:49,142,0.011521438136696815
2026/05/07 11:01:50,140,0.005538512486964464
2026/05/07 11:01:51,139,0.004776393994688988
2026/05/07 11:01:52,139,0.003643119242042303
2026/05/07 11:01:53,139,0.003783773398026824
2026/05/07 11:01:54,139,0.003243431681767106
2026/05/07 11:01:55,138,0.003362612333148718
2026/05/07 11:01:56,138,0.013387033715844154
2026/05/07 11:01:57,137,0.07906919717788696
2026/05/07 11:01:58,137,0.02373579703271389
2026/05/07 11:01:59,136,0.014812287874519825
2026/05/07 11:02:00,136,0.010466206818819046
2026/05/07 11:02:01,136,0.007351812906563282
2026/05/07 11:02:02,135,0.007264517713338137
2026/05/07 11:02:03,134,0.007806289475411177
2026/05/07 11:02:04,134,0.007039658725261688
2026/05/07 11:02:05,133,0.0069922031834721565
2026/05/07 11:02:06,132,0.007284320890903473
2026/05/07 11:02:07,131,0.016101639717817307
2026/05/07 11:02:08,131,0.009323113597929478
2026/05/07 11:02:09,131,0.007452873047441244
2026/05/07 11:02:10,131,0.006777618080377579
2026/05/07 11:02:11,131,0.006717843469232321
2026/05/07 11:02:12,131,0.008210551925003529
2026/05/07 11:02:13,131,0.006581795867532492
2026/05/07 11:02:14,130,0.007676831446588039
2026/05/07 11:02:15,130,0.013805787079036236
2026/05/07 11:02:16,130,0.01499728113412857
2026/05/07 11:02:17,129,0.015146524645388126
2026/05/07 11:02:18,128,0.028118832036852837
2026/05/07 11:02:19,128,0.03355149179697037
2026/05/07 11:02:20,128,0.011058534495532513
2026/05/07 11:02:21,127,0.006684890948235989
2026/05/07 11:02:22,127,0.009462461806833744
2026/05/07 11:02:23,127,0.008100152015686035
2026/05/07 11:02:24,127,0.00946314912289381
2026/05/07 11:02:25,127,0.012292392551898956
2026/05/07 11:02:26,126,0.04404506832361221
2026/05/07 11:02:27,126,0.012800678610801697
2026/05/07 11:02:28,126,0.07366470992565155
2026/05/07 11:02:29,127,0.09438105672597885
2026/05/07 11:02:30,127,0.06427294760942459
2026/05/07 11:02:31,128,0.12107176333665848
2026/05/07 11:02:32,128,0.08292687684297562
2026/05/07 11:02:33,127,0.17624276876449585
2026/05/07 11:02:34,127,0.1395721733570099
2026/05/07 11:02:35,127,0.2318894863128662
2026/05/07 11:02:36,126,0.0856715738773346
2026/05/07 11:02:37,126,0.013932483270764351
2026/05/07 11:02:38,126,0.2733694612979889
2026/05/07 11:02:39,125,0.2341625690460205
2026/05/07 11:02:40,125,0.05089026317000389
2026/05/07 11:02:41,125,0.07540709525346756
2026/05/07 11:02:42,125,0.0771644115447998
2026/05/07 11:02:43,126,0.07743489742279053
2026/05/07 11:02:44,126,0.07622219622135162
2026/05/07 11:02:45,127,0.047561969608068466
2026/05/07 11:02:46,127,0.04132061451673508
2026/05/07 11:02:47,128,0.09199824184179306
2026/05/07 11:02:48,129,0.03211165592074394
2026/05/07 11:02:49,130,0.009207133203744888
2026/05/07 11:02:50,131,0.010646851733326912
2026/05/07 11:02:51,131,0.013302922248840332
2026/05/07 11:02:52,131,0.0054427580907940865
2026/05/07 11:02:53,132,0.005697958171367645
2026/05/07 11:02:54,132,0.017419591546058655
2026/05/07 11:02:55,132,0.023093435913324356
2026/05/07 11:02:56,133,0.045888133347034454
2026/05/07 11:02:57,133,0.05186906456947327
2026/05/07 11:02:58,133,0.025201210752129555
2026/05/07 11:02:59,134,0.024749986827373505
2026/05/07 11:03:00,134,0.025104928761720657
2026/05/07 11:03:01,134,0.018011843785643578
2026/05/07 11:03:02,134,0.023189770057797432
2026/05/07 11:03:03,133,0.04893185943365097
2026/05/07 11:03:04,132,0.08555793017148972
2026/05/07 11:03:05,131,0.046732984483242035
2026/05/07 11:03:06,130,0.04767102748155594
2026/05/07 11:03:07,129,0.041463013738393784
2026/05/07 11:03:08,128,0.011629292741417885
2026/05/07 11:03:09,127,0.007094366010278463
2026/05/07 11:03:10,127,0.009937035851180553
2026/05/07 11:03:11,126,0.02213776856660843
2026/05/07 11:03:12,126,0.054938871413469315
2026/05/07 11:03:13,126,0.027602124959230423
2026/05/07 11:03:14,126,0.03702845051884651
2026/05/07 11:03:15,126,0.021720916032791138
2026/05/07 11:03:16,125,0.03133917972445488
2026/05/07 11:03:17,126,0.024492789059877396
2026/05/07 11:03:18,126,0.02809486724436283
2026/05/07 11:03:19,127,0.15204186737537384
2026/05/07 11:03:20,127,0.029559537768363953
2026/05/07 11:03:21,127,0.10194116085767746
2026/05/07 11:03:22,127,0.009606883861124516
2026/05/07 11:03:23,127,0.008719349279999733
2026/05/07 11:03:24,127,0.013926615007221699
2026/05/07 11:03:25,127,0.018135223537683487
2026/05/07 11:03:26,127,0.06363193690776825
2026/05/07 11:03:27,128,0.06511978060007095
2026/05/07 11:03:28,129,0.04537509009242058
2026/05/07 11:03:29,129,0.04339473322033882
2026/05/07 11:03:30,130,0.14947062730789185
2026/05/07 11:03:31,130,0.03812756761908531
2026/05/07 11:03:32,131,0.012051760219037533
2026/05/07 11:03:33,131,0.007569539360702038
2026/05/07 11:03:34,132,0.0062675257213413715
2026/05/07 11:03:35,132,0.008562386967241764
2026/05/07 11:03:36,133,0.005025417543947697
2026/05/07 11:03:37,134,0.004343837033957243
2026/05/07 11:03:38,134,0.005772231612354517
2026/05/07 11:03:39,135,0.025022076442837715
2026/05/07 11:03:40,136,0.07805521041154861
2026/05/07 11:03:41,137,0.05760115757584572
2026/05/07 11:03:42,137,0.06677030771970749
2026/05/07 11:03:43,137,0.01633763685822487
2026/05/07 11:03:44,137,0.05697061866521835
2026/05/07 11:03:45,137,0.1646839678287506
2026/05/07 11:03:46,137,0.0922136902809143
2026/05/07 11:03:47,137,0.04750456288456917
2026/05/07 11:03:48,137,0.04997105896472931
2026/05/07 11:03:49,137,0.04694441333413124
2026/05/07 11:03:50,137,0.047700829803943634
2026/05/07 11:03:51,137,0.04823637753725052
2026/05/07 11:03:52,137,0.048478443175554276
2026/05/07 11:03:53,137,0.04772131145000458
2026/05/07 11:03:54,137,0.0466935820877552
2026/05/07 11:03:55,138,0.09361711144447327
2026/05/07 11:03:56,138,0.05149129405617714
2026/05/07 11:03:57,139,0.1281592845916748
2026/05/07 11:03:58,139,0.20408274233341217
2026/05/07 11:03:59,139,0.17744088172912598
2026/05/07 11:04:00,139,0.019631672650575638
2026/05/07 11:04:01,139,0.14747586846351624
2026/05/07 11:04:02,139,0.0259838979691267
2026/05/07 11:04:03,139,0.007795216515660286
2026/05/07 11:04:04,139,0.005051762331277132
2026/05/07 11:04:05,139,0.007355004083365202
2026/05/07 11:04:06,139,0.011862902902066708
2026/05/07 11:04:07,139,0.10585232079029083
2026/05/07 11:04:08,139,0.08339260518550873
2026/05/07 11:04:09,139,0.19211731851100922
2026/05/07 11:04:10,139,0.17918847501277924
2026/05/07 11:04:11,139,0.10201727598905563
2026/05/07 11:04:12,139,0.1427082121372223
2026/05/07 11:04:13,139,0.023842575028538704
2026/05/07 11:04:14,138,0.021475130692124367
2026/05/07 11:04:15,138,0.020095091313123703
2026/05/07 11:04:16,138,0.011415433138608932
2026/05/07 11:04:17,137,0.04676106944680214
2026/05/07 11:04:18,137,0.08656186610460281
2026/05/07 11:04:19,137,0.03728112950921059
2026/05/07 11:04:20,137,0.051010746508836746
2026/05/07 11:04:21,136,0.0384097583591938
2026/05/07 11:04:22,136,0.03764338791370392
2026/05/07 11:04:23,135,0.09722669422626495
2026/05/07 11:04:24,134,0.04325539618730545
2026/05/07 11:04:25,134,0.04639924690127373
2026/05/07 11:04:26,134,0.0883452296257019
2026/05/07 11:04:27,134,0.2983258068561554
2026/05/07 11:04:28,134,0.20422294735908508
2026/05/07 11:04:29,133,0.10994508862495422
2026/05/07 11:04:30,133,0.015443479642271996
2026/05/07 11:04:31,134,0.020673416554927826
2026/05/07 11:04:32,134,0.022981785237789154
2026/05/07 11:04:33,135,0.021115973591804504
2026/05/07 11:04:34,135,0.09808889776468277
2026/05/07 11:04:35,137,0.03819429129362106
2026/05/07 11:04:36,138,0.062492769211530685
2026/05/07 11:04:37,139,0.0457928329706192
2026/05/07 11:04:38,140,0.043563362210989
2026/05/07 11:04:39,141,0.029891129583120346
2026/05/07 11:04:40,141,0.04113366827368736
2026/05/07 11:04:41,141,0.12360813468694687
2026/05/07 11:04:42,141,0.07645640522241592
2026/05/07 11:04:43,142,0.06712266802787781
2026/05/07 11:04:44,143,0.14877544343471527
2026/05/07 11:04:45,144,0.052728332579135895
2026/05/07 11:04:46,144,0.07865507900714874
2026/05/07 11:04:47,144,0.05492038652300835
2026/05/07 11:04:48,144,0.06172182410955429
2026/05/07 11:04:49,144,0.047823112457990646
2026/05/07 11:04:50,143,0.011952818371355534
2026/05/07 11:04:51,143,0.008787648752331734
2026/05/07 11:04:52,141,0.006295807659626007
2026/05/07 11:04:53,141,0.00920675415545702
2026/05/07 11:04:54,141,0.0466117337346077
2026/05/07 11:04:55,140,0.1003463938832283
2026/05/07 11:04:56,139,0.11673352122306824
2026/05/07 11:04:57,138,0.12387032806873322
2026/05/07 11:04:58,138,0.1671842485666275
2026/05/07 11:04:59,138,0.12588493525981903
2026/05/07 11:05:00,137,0.15719397366046906
2026/05/07 11:05:01,137,0.15920619666576385
2026/05/07 11:05:02,137,0.16270892322063446
2026/05/07 11:05:03,137,0.058896951377391815
2026/05/07 11:05:04,136,0.014061884954571724
2026/05/07 11:05:05,136,0.06170821562409401
2026/05/07 11:05:06,136,0.05091885104775429
2026/05/07 11:05:07,136,0.07933038473129272
2026/05/07 11:05:08,136,0.10193370282649994
2026/05/07 11:05:09,136,0.08955615013837814
2026/05/07 11:05:10,136,0.08693579584360123
2026/05/07 11:05:11,135,0.031509578227996826
2026/05/07 11:05:12,135,0.253913938999176
2026/05/07 11:05:13,135,0.08242356032133102
2026/05/07 11:05:14,135,0.20651580393314362
2026/05/07 11:05:15,135,0.1407298892736435
2026/05/07 11:05:16,135,0.1340392827987671
2026/05/07 11:05:17,135,0.14011922478675842
2026/05/07 11:05:18,135,0.1577303111553192
2026/05/07 11:05:19,136,0.2316456437110901
2026/05/07 11:05:20,137,0.22134098410606384
2026/05/07 11:05:21,137,0.22811871767044067
2026/05/07 11:05:22,138,0.16667234897613525
2026/05/07 11:05:23,137,0.14500896632671356
2026/05/07 11:05:24,137,0.1669631153345108
2026/05/07 11:05:25,137,0.17729440331459045
2026/05/07 11:05:26,137,0.21325235068798065
2026/05/07 11:05:27,136,0.24624496698379517
2026/05/07 11:05:28,136,0.19902460277080536
2026/05/07 11:05:29,135,0.2336641401052475
2026/05/07 11:05:30,135,0.21973967552185059
2026/05/07 11:05:31,135,0.15883482992649078
2026/05/07 11:05:32,135,0.23617935180664062
2026/05/07 11:05:33,135,0.2674320936203003
2026/05/07 11:05:34,135,0.3245641887187958
2026/05/07 11:05:35,135,0.08571324497461319
2026/05/07 11:05:36,135,0.0790761187672615
2026/05/07 11:05:37,135,0.058603450655937195
2026/05/07 11:05:38,134,0.06891404837369919
2026/05/07 11:05:39,135,0.03404311090707779
2026/05/07 11:05:40,135,0.03872453421354294
2026/05/07 11:05:41,136,0.11821206659078598
2026/05/07 11:05:42,136,0.1123160645365715
2026/05/07 11:05:43,137,0.07783330976963043
2026/05/07 11:05:44,137,0.07610879838466644
2026/05/07 11:05:45,137,0.06536287069320679
2026/05/07 11:05:46,138,0.06397901475429535
2026/05/07 11:05:47,138,0.045176513493061066
2026/05/07 11:05:48,138,0.09855830669403076
2026/05/07 11:05:49,139,0.12854132056236267
2026/05/07 11:05:50,139,0.03613556921482086
2026/05/07 11:05:51,139,0.025425968691706657
2026/05/07 11:05:52,138,0.013317646458745003
2026/05/07 11:05:53,139,0.02730591595172882
2026/05/07 11:05:54,140,0.0417829304933548
2026/05/07 11:05:55,140,0.08108334988355637
2026/05/07 11:05:56,141,0.06951400637626648
2026/05/07 11:05:57,141,0.05366997420787811
2026/05/07 11:05:58,141,0.03203233331441879
2026/05/07 11:05:59,141,0.04654432833194733
2026/05/07 11:06:00,141,0.0754510834813118
2026/05/07 11:06:01,140,0.046376824378967285
2026/05/07 11:06:02,140,0.03017125092446804
2026/05/07 11:06:03,140,0.051224347203969955
2026/05/07 11:06:04,139,0.19838465750217438
2026/05/07 11:06:05,139,0.038993533700704575
2026/05/07 11:06:06,139,0.08191671222448349
2026/05/07 11:06:07,139,0.1305740922689438
2026/05/07 11:06:08,139,0.23639746010303497
2026/05/07 11:06:09,139,0.11809573322534561
2026/05/07 11:06:10,140,0.10857608914375305
2026/05/07 11:06:11,140,0.15335498750209808
2026/05/07 11:06:12,140,0.16404935717582703
2026/05/07 11:06:13,141,0.10883244127035141
2026/05/07 11:06:14,141,0.07390733808279037
2026/05/07 11:06:15,142,0.1341283619403839
2026/05/07 11:06:16,142,0.07108549773693085
2026/05/07 11:06:17,143,0.06541749089956284
2026/05/07 11:06:18,143,0.09702086448669434
2026/05/07 11:06:19,144,0.0704721063375473
2026/05/07 11:06:20,144,0.07356173545122147
2026/05/07 11:06:21,144,0.0758713111281395
2026/05/07 11:06:22,144,0.09229148924350739
2026/05/07 11:06:23,144,0.08208025991916656
2026/05/07 11:06:24,144,0.06809145957231522
2026/05/07 11:06:25,143,0.08129139244556427
2026/05/07 11:06:26,143,0.0741596445441246
2026/05/07 11:06:27,143,0.03318207710981369
2026/05/07 11:06:28,143,0.041920457035303116
2026/05/07 11:06:29,143,0.12010782957077026
2026/05/07 11:06:30,143,0.09171027690172195
2026/05/07 11:06:31,142,0.05603564903140068
2026/05/07 11:06:32,142,0.05762447044253349
2026/05/07 11:06:33,142,0.10068213939666748
2026/05/07 11:06:34,142,0.08774255216121674
2026/05/07 11:06:35,142,0.06321503221988678
2026/05/07 11:06:36,142,0.09098875522613525
2026/05/07 11:06:37,141,0.07642485201358795
2026/05/07 11:06:38,141,0.1582510769367218
2026/05/07 11:06:39,141,0.08469671756029129
2026/05/07 11:06:40,140,0.07850692421197891
2026/05/07 11:06:41,140,0.04993288964033127
2026/05/07 11:06:42,139,0.14026008546352386
2026/05/07 11:06:43,139,0.21867696940898895
2026/05/07 11:06:44,139,0.07695699483156204
2026/05/07 11:06:45,138,0.05933195352554321
2026/05/07 11:06:46,137,0.12468156963586807
2026/05/07 11:06:47,137,0.17232489585876465
2026/05/07 11:06:48,136,0.08502036333084106
2026/05/07 11:06:49,136,0.06350798904895782
2026/05/07 11:06:50,136,0.050054505467414856
2026/05/07 11:06:51,136,0.07679253071546555
2026/05/07 11:06:52,136,0.055682223290205
2026/05/07 11:06:53,136,0.07687105983495712
2026/05/07 11:06:54,136,0.2695879340171814
2026/05/07 11:06:55,136,0.5753213167190552
2026/05/07 11:06:56,136,0.2369070053100586
2026/05/07 11:06:57,136,0.23017103970050812
2026/05/07 11:06:58,136,0.10248149186372757
2026/05/07 11:06:59,136,0.056106552481651306
2026/05/07 11:07:00,136,0.05576275289058685
2026/05/07 11:07:01,135,0.16143515706062317
2026/05/07 11:07:02,135,0.12171292304992676
2026/05/07 11:07:03,135,0.04934348165988922
2026/05/07 11:07:04,135,0.048013556748628616
2026/05/07 11:07:05,135,0.0982537642121315
2026/05/07 11:07:06,135,0.07080557942390442
2026/05/07 11:07:07,135,0.03167782723903656
2026/05/07 11:07:08,135,0.06487599015235901
2026/05/07 11:07:09,135,0.05375630035996437
2026/05/07 11:07:10,135,0.1219552680850029
2026/05/07 11:07:11,136,0.08294999599456787
2026/05/07 11:07:12,137,0.0854579284787178
2026/05/07 11:07:13,138,0.09918170422315598
2026/05/07 11:07:14,138,0.14206427335739136
2026/05/07 11:07:15,139,0.264173686504364
2026/05/07 11:07:16,139,0.21569858491420746
2026/05/07 11:07:17,139,0.6386470198631287
2026/05/07 11:07:18,140,0.6960208415985107
2026/05/07 11:07:19,139,0.1124197468161583
2026/05/07 11:07:20,139,0.09547819197177887
2026/05/07 11:07:21,138,0.21530352532863617
2026/05/07 11:07:22,138,0.280790776014328
2026/05/07 11:07:23,138,0.5122732520103455
2026/05/07 11:07:24,138,0.0891258493065834
2026/05/07 11:07:25,138,0.09971612691879272
2026/05/07 11:07:26,138,0.05092240869998932
2026/05/07 11:07:27,137,0.6303050518035889
2026/05/07 11:07:28,137,0.763450562953949
2026/05/07 11:07:29,137,0.6318792700767517
2026/05/07 11:07:30,137,0.059407997876405716
2026/05/07 11:07:31,137,0.0532572939991951
2026/05/07 11:07:32,136,0.05826316773891449
2026/05/07 11:07:33,136,0.12665525078773499
2026/05/07 11:07:34,136,0.29557961225509644
2026/05/07 11:07:35,136,0.18160699307918549
2026/05/07 11:07:36,136,0.19618935883045197
2026/05/07 11:07:37,136,0.1706501841545105
2026/05/07 11:07:38,136,0.101742684841156
2026/05/07 11:07:39,136,0.08545801043510437
2026/05/07 11:07:40,136,0.09053654968738556
2026/05/07 11:07:41,136,0.05916175618767738
2026/05/07 11:07:42,136,0.19639483094215393
2026/05/07 11:07:43,137,0.33845120668411255
2026/05/07 11:07:44,137,0.07410397380590439
2026/05/07 11:07:45,138,0.07959669083356857
2026/05/07 11:07:46,138,0.18455363810062408
2026/05/07 11:07:47,138,0.1327936053276062
2026/05/07 11:07:48,138,0.13301080465316772
2026/05/07 11:07:49,139,0.05103973671793938
2026/05/07 11:07:50,139,0.04928964003920555
2026/05/07 11:07:51,139,0.08940944075584412
2026/05/07 11:07:52,138,0.08879103511571884
2026/05/07 11:07:53,139,0.12299782037734985
2026/05/07 11:07:54,139,0.13953708112239838
2026/05/07 11:07:55,139,0.10143782943487167
2026/05/07 11:07:56,139,0.13227523863315582
2026/05/07 11:07:57,139,0.10439314693212509
2026/05/07 11:07:58,139,0.03470708057284355
2026/05/07 11:07:59,139,0.017717963084578514
2026/05/07 11:08:00,139,0.031227292492985725
2026/05/07 11:08:01,139,0.048404511064291
2026/05/07 11:08:02,139,0.08476103097200394
2026/05/07 11:08:03,139,0.1361975222826004
2026/05/07 11:08:04,138,0.16263680160045624
2026/05/07 11:08:05,139,0.11197789758443832
2026/05/07 11:08:06,139,0.07135824114084244
2026/05/07 11:08:07,139,0.05773704871535301
2026/05/07 11:08:08,140,0.09877356141805649
2026/05/07 11:08:09,140,0.10486006736755371
2026/05/07 11:08:10,140,0.11792983114719391
2026/05/07 11:08:11,141,0.10621503740549088
2026/05/07 11:08:12,141,0.09411296248435974
2026/05/07 11:08:13,141,0.0603945255279541
2026/05/07 11:08:14,141,0.052235569804906845
2026/05/07 11:08:15,141,0.08991556614637375
2026/05/07 11:08:16,142,0.18638163805007935
2026/05/07 11:08:17,142,0.12652380764484406
2026/05/07 11:08:18,142,0.0990244597196579
2026/05/07 11:08:19,142,0.12671278417110443
2026/05/07 11:08:20,142,0.10348182916641235
2026/05/07 11:08:21,141,0.11266783624887466
2026/05/07 11:08:22,140,0.08584102243185043
2026/05/07 11:08:23,140,0.07138684391975403
2026/05/07 11:08:24,139,0.04672234505414963
2026/05/07 11:08:25,139,0.11494667828083038
2026/05/07 11:08:26,139,0.05912783369421959
2026/05/07 11:08:27,139,0.030145883560180664
2026/05/07 11:08:28,139,0.06794428080320358
2026/05/07 11:08:29,139,0.0937555730342865
2026/05/07 11:08:30,139,0.029764575883746147
2026/05/07 11:08:31,139,0.06318435817956924
2026/05/07 11:08:32,138,0.1346786469221115
2026/05/07 11:08:33,138,0.08438417315483093
2026/05/07 11:08:34,137,0.06633195281028748
2026/05/07 11:08:35,136,0.08818542957305908
2026/05/07 11:08:36,136,0.03562629222869873
2026/05/07 11:08:37,135,0.06183946877717972
2026/05/07 11:08:38,135,0.0833011046051979
2026/05/07 11:08:39,134,0.17148809134960175
2026/05/07 11:08:40,134,0.08106498420238495
2026/05/07 11:08:41,133,0.0734206885099411
2026/05/07 11:08:42,133,0.10459811985492706
2026/05/07 11:08:43,133,0.14561727643013
2026/05/07 11:08:44,132,0.12710295617580414
2026/05/07 11:08:45,132,0.07130809873342514
2026/05/07 11:08:46,131,0.09396065026521683
2026/05/07 11:08:47,131,0.12670749425888062
2026/05/07 11:08:48,131,0.13139379024505615
2026/05/07 11:08:49,131,0.04760370030999184
2026/05/07 11:08:50,131,0.07874538004398346
2026/05/07 11:08:51,131,0.06583226472139359
2026/05/07 11:08:52,131,0.04078207165002823
2026/05/07 11:08:53,131,0.07622803747653961
2026/05/07 11:08:54,131,0.05800257995724678
2026/05/07 11:08:55,131,0.07826633751392365
2026/05/07 11:08:56,131,0.08094587177038193
2026/05/07 11:08:57,131,0.1154513955116272
2026/05/07 11:08:58,131,0.06552186608314514
2026/05/07 11:08:59,131,0.0771259143948555
2026/05/07 11:09:00,131,0.08688764274120331
2026/05/07 11:09:01,131,0.07411985099315643
2026/05/07 11:09:02,131,0.10308169573545456
2026/05/07 11:09:03,131,0.07436160743236542
2026/05/07 11:09:04,131,0.1645907759666443
2026/05/07 11:09:05,131,0.15122070908546448
2026/05/07 11:09:06,131,0.06867863982915878
2026/05/07 11:09:07,131,0.10958709567785263
2026/05/07 11:09:08,131,0.07491527497768402
2026/05/07 11:09:09,131,0.13058659434318542
2026/05/07 11:09:10,130,0.08450496196746826
2026/05/07 11:09:11,130,0.060480959713459015
2026/05/07 11:09:12,130,0.2180301398038864
2026/05/07 11:09:13,130,0.29681089520454407
2026/05/07 11:09:14,130,0.15088187158107758
2026/05/07 11:09:15,131,0.06708423048257828
2026/05/07 11:09:16,131,0.28255951404571533
2026/05/07 11:09:17,131,0.07826443016529083
2026/05/07 11:09:18,131,0.13646194338798523
2026/05/07 11:09:19,131,0.12896960973739624
2026/05/07 11:09:20,131,0.058446623384952545
2026/05/07 11:09:21,132,0.04712175205349922
2026/05/07 11:09:22,132,0.11086259037256241
2026/05/07 11:09:23,132,0.09048492461442947
2026/05/07 11:09:24,133,0.11331404000520706
2026/05/07 11:09:25,133,0.14874516427516937
2026/05/07 11:09:26,134,0.08200680464506149
2026/05/07 11:09:27,134,0.14138391613960266
2026/05/07 11:09:28,135,0.11693508177995682
2026/05/07 11:09:29,135,0.09952109307050705
2026/05/07 11:09:30,135,0.080066978931427
2026/05/07 11:09:31,135,0.08354458212852478
2026/05/07 11:09:32,135,0.10911285132169724
2026/05/07 11:09:33,136,0.10558754950761795
2026/05/07 11:09:34,137,0.07595477998256683
2026/05/07 11:09:35,137,0.0608031265437603
2026/05/07 11:09:36,138,0.1968061923980713
2026/05/07 11:09:37,137,0.27607667446136475
2026/05/07 11:09:38,137,0.09919890761375427
2026/05/07 11:09:39,137,0.17938737571239471
2026/05/07 11:09:40,137,0.07258344441652298
2026/05/07 11:09:41,136,0.05188089609146118
2026/05/07 11:09:42,136,0.07404150068759918
2026/05/07 11:09:43,136,0.07979646325111389
2026/05/07 11:09:44,136,0.13622832298278809
2026/05/07 11:09:45,136,0.045868873596191406
2026/05/07 11:09:46,136,0.08854985982179642
2026/05/07 11:09:47,136,0.10415805131196976
2026/05/07 11:09:48,136,0.0658271461725235
2026/05/07 11:09:49,136,0.06952320039272308
2026/05/07 11:09:50,136,0.05989525467157364
2026/05/07 11:09:51,136,0.08875539153814316
2026/05/07 11:09:52,136,0.05514531582593918
2026/05/07 11:09:53,136,0.015966232866048813
2026/05/07 11:09:54,135,0.018769104033708572
2026/05/07 11:09:55,135,0.01559685729444027
2026/05/07 11:09:56,135,0.014976626262068748
2026/05/07 11:09:57,135,0.04642460495233536
2026/05/07 11:09:58,135,0.08828926086425781
2026/05/07 11:09:59,135,0.16284969449043274
2026/05/07 11:10:00,135,0.0916023999452591
2026/05/07 11:10:01,136,0.05616612359881401
2026/05/07 11:10:02,137,0.11669256538152695
2026/05/07 11:10:03,138,0.029502982273697853
2026/05/07 11:10:04,139,0.05299215391278267
2026/05/07 11:10:05,140,0.08822833746671677
2026/05/07 11:10:06,140,0.0956297293305397
2026/05/07 11:10:07,141,0.04583704471588135
2026/05/07 11:10:08,141,0.07503803074359894
2026/05/07 11:10:09,141,0.04094398766756058
2026/05/07 11:10:10,141,0.051016665995121
2026/05/07 11:10:11,141,0.05905141308903694
2026/05/07 11:10:12,140,0.04333396628499031
2026/05/07 11:10:13,140,0.04623006656765938
2026/05/07 11:10:14,140,0.03374340757727623
2026/05/07 11:10:15,140,0.017512019723653793
2026/05/07 11:10:16,140,0.05020877718925476
2026/05/07 11:10:17,141,0.05110626667737961
2026/05/07 11:10:18,141,0.034359849989414215
2026/05/07 11:10:19,141,0.11051367968320847
2026/05/07 11:10:20,142,0.05849780887365341
2026/05/07 11:10:21,142,0.09351664781570435
2026/05/07 11:10:22,142,0.02964683435857296
2026/05/07 11:10:23,142,0.014587389305233955
2026/05/07 11:10:24,143,0.14437220990657806
2026/05/07 11:10:25,142,0.07884504646062851
2026/05/07 11:10:26,142,0.0723465085029602
2026/05/07 11:10:27,142,0.0548592247068882
2026/05/07 11:10:28,142,0.028764871880412102
2026/05/07 11:10:29,142,0.026468550786376
2026/05/07 11:10:30,142,0.1133125051856041
2026/05/07 11:10:31,141,0.092056043446064
2026/05/07 11:10:32,141,0.07411494106054306
2026/05/07 11:10:33,141,0.11643601953983307
2026/05/07 11:10:34,141,0.300104022026062
2026/05/07 11:10:35,141,0.4555872976779938
2026/05/07 11:10:36,142,0.3554207980632782
2026/05/07 11:10:37,142,0.20938564836978912
2026/05/07 11:10:38,142,0.16283227503299713
2026/05/07 11:10:39,141,0.09506850689649582
2026/05/07 11:10:40,140,0.0627037063241005
2026/05/07 11:10:41,139,0.30192407965660095
2026/05/07 11:10:42,138,0.14882831275463104
2026/05/07 11:10:43,137,0.08608663082122803
2026/05/07 11:10:44,136,0.09445378929376602
2026/05/07 11:10:45,136,0.05789615586400032
2026/05/07 11:10:46,135,0.42718419432640076
2026/05/07 11:10:47,135,0.10890544950962067
2026/05/07 11:10:48,136,0.15152499079704285
2026/05/07 11:10:49,136,0.035113800317049026
2026/05/07 11:10:50,137,0.020065512508153915
2026/05/07 11:10:51,138,0.010227162390947342
2026/05/07 11:10:52,139,0.010214326903223991
2026/05/07 11:10:53,139,0.006717398762702942
2026/05/07 11:10:54,140,0.014572856947779655
2026/05/07 11:10:55,141,0.07231636345386505
2026/05/07 11:10:56,142,0.04356590285897255
2026/05/07 11:10:57,143,0.05436941608786583
2026/05/07 11:10:58,144,0.48526567220687866
2026/05/07 11:10:59,144,0.3864995241165161
2026/05/07 11:11:00,145,0.34314557909965515
2026/05/07 11:11:01,145,0.08379566669464111
2026/05/07 11:11:02,145,0.15508228540420532
2026/05/07 11:11:03,145,0.14226660132408142
2026/05/07 11:11:04,145,0.13043904304504395
2026/05/07 11:11:05,144,0.112313412129879
2026/05/07 11:11:06,144,0.08920162916183472
2026/05/07 11:11:07,144,0.05973183736205101
2026/05/07 11:11:08,144,0.08391747623682022
2026/05/07 11:11:09,144,0.0952078327536583
2026/05/07 11:11:10,143,0.07189729064702988
2026/05/07 11:11:11,143,0.13086766004562378
2026/05/07 11:11:12,143,0.17931126058101654
2026/05/07 11:11:13,142,0.7593157887458801
2026/05/07 11:11:14,142,0.26958996057510376
2026/05/07 11:11:15,141,0.19240766763687134
2026/05/07 11:11:16,141,0.11352065950632095
2026/05/07 11:11:17,141,0.0959295704960823
2026/05/07 11:11:18,140,0.1347753256559372
2026/05/07 11:11:19,140,0.09103784710168839
2026/05/07 11:11:20,141,0.15299232304096222
2026/05/07 11:11:21,141,0.26871457695961
2026/05/07 11:11:22,141,0.2209901660680771
2026/05/07 11:11:23,142,0.1315024346113205
2026/05/07 11:11:24,142,0.12241186946630478
2026/05/07 11:11:25,142,0.27128422260284424
2026/05/07 11:11:26,142,0.23666390776634216
2026/05/07 11:11:27,142,0.11291412264108658
2026/05/07 11:11:28,142,0.1521989107131958
2026/05/07 11:11:29,142,0.20509682595729828
2026/05/07 11:11:30,142,0.35701844096183777
2026/05/07 11:11:31,141,0.13287889957427979
2026/05/07 11:11:32,140,0.12693335115909576
2026/05/07 11:11:33,142,0.07860486209392548
2026/05/07 11:11:34,142,0.09540057927370071
2026/05/07 11:11:35,143,0.20007438957691193
2026/05/07 11:11:36,144,0.2202531397342682
2026/05/07 11:11:37,145,0.12041430175304413
2026/05/07 11:11:38,145,0.07791866362094879
2026/05/07 11:11:39,145,0.13770692050457
2026/05/07 11:11:40,145,0.13334961235523224
2026/05/07 11:11:41,145,0.13840754330158234
2026/05/07 11:11:42,145,0.09416309744119644
2026/05/07 11:11:43,145,0.0901142880320549
2026/05/07 11:11:44,145,0.15563173592090607
2026/05/07 11:11:45,145,0.083818219602108
2026/05/07 11:11:46,145,0.083587646484375
2026/05/07 11:11:47,145,0.0645143985748291
2026/05/07 11:11:48,145,0.10396736860275269
2026/05/07 11:11:49,145,0.18486270308494568
2026/05/07 11:11:50,145,0.13221296668052673
2026/05/07 11:11:51,144,0.10407926142215729
2026/05/07 11:11:52,144,0.06820719689130783
2026/05/07 11:11:53,143,0.21252144873142242
2026/05/07 11:11:54,143,0.13830801844596863
2026/05/07 11:11:55,142,0.0904892161488533
2026/05/07 11:11:56,142,0.11925198882818222
2026/05/07 11:11:57,142,0.12993758916854858
2026/05/07 11:11:58,141,0.16517573595046997
2026/05/07 11:11:59,141,0.07484947890043259
2026/05/07 11:12:00,140,0.08414044231176376
2026/05/07 11:12:01,139,0.12852340936660767
2026/05/07 11:12:02,139,0.25823846459388733
2026/05/07 11:12:03,139,0.11126572638750076
2026/05/07 11:12:04,139,0.11161336302757263
2026/05/07 11:12:05,139,0.17252197861671448
2026/05/07 11:12:06,139,0.20048943161964417
2026/05/07 11:12:07,140,0.1924012452363968
2026/05/07 11:12:08,140,0.13168154656887054
2026/05/07 11:12:09,141,0.10633238404989243
2026/05/07 11:12:10,141,0.10730426758527756
2026/05/07 11:12:11,141,0.12059387564659119
2026/05/07 11:12:12,141,0.30745404958724976
2026/05/07 11:12:13,141,0.13744156062602997
2026/05/07 11:12:14,141,0.592200517654419
2026/05/07 11:12:15,141,0.4643951952457428
2026/05/07 11:12:16,141,0.19548864662647247
2026/05/07 11:12:17,142,0.21380166709423065
2026/05/07 11:12:18,142,0.1280466467142105
2026/05/07 11:12:19,142,0.21884529292583466
2026/05/07 11:12:20,142,0.1011335626244545
2026/05/07 11:12:21,141,0.4716367721557617
2026/05/07 11:12:22,141,0.4906124770641327
2026/05/07 11:12:23,141,0.0903177484869957
2026/05/07 11:12:24,140,0.0384901687502861
2026/05/07 11:12:25,141,0.0627521350979805
2026/05/07 11:12:26,141,0.12630897760391235
2026/05/07 11:12:27,141,0.2639593482017517
2026/05/07 11:12:28,141,0.10819988697767258
2026/05/07 11:12:29,141,0.12429456412792206
2026/05/07 11:12:30,141,0.09756606817245483
2026/05/07 11:12:31,141,0.11700011044740677
2026/05/07 11:12:32,141,0.047071222215890884
2026/05/07 11:12:33,142,0.18857690691947937
2026/05/07 11:12:34,142,0.0821150466799736
2026/05/07 11:12:35,143,0.09797149151563644
2026/05/07 11:12:36,144,0.1215013787150383
2026/05/07 11:12:37,145,0.09239764511585236
2026/05/07 11:12:38,145,0.19517894089221954
2026/05/07 11:12:39,145,0.0926850214600563
2026/05/07 11:12:40,146,0.10294941812753677
2026/05/07 11:12:41,146,0.11840511858463287
2026/05/07 11:12:42,146,0.10625720769166946
2026/05/07 11:12:43,146,0.17044855654239655
2026/05/07 11:12:44,146,0.16737167537212372
2026/05/07 11:12:45,146,0.2991079092025757
2026/05/07 11:12:46,146,0.09263191372156143
2026/05/07 11:12:47,146,0.06836170703172684
2026/05/07 11:12:48,145,0.2548474371433258
2026/05/07 11:12:49,145,0.07923287898302078
2026/05/07 11:12:50,145,0.09176594763994217
2026/05/07 11:12:51,145,0.10933265089988708
2026/05/07 11:12:52,145,0.10565927624702454
2026/05/07 11:12:53,146,0.07259894162416458
2026/05/07 11:12:54,146,0.07395201176404953
2026/05/07 11:12:55,146,0.07214962691068649
2026/05/07 11:12:56,146,0.07698037475347519
2026/05/07 11:12:57,146,0.0676821693778038
2026/05/07 11:12:58,146,0.12918305397033691
2026/05/07 11:12:59,145,0.10626669973134995
2026/05/07 11:13:00,145,0.08842453360557556
2026/05/07 11:13:01,145,0.1183239221572876
2026/05/07 11:13:02,145,0.14477801322937012
2026/05/07 11:13:03,144,0.22838850319385529
2026/05/07 11:13:04,143,0.13288798928260803
2026/05/07 11:13:05,144,0.07666006684303284
2026/05/07 11:13:06,145,0.17470107972621918
2026/05/07 11:13:07,145,0.10121574997901917
2026/05/07 11:13:08,146,0.11372435092926025
2026/05/07 11:13:09,146,0.2113596349954605
2026/05/07 11:13:10,146,0.1954893171787262
2026/05/07 11:13:11,146,0.13381250202655792
2026/05/07 11:13:12,146,0.09356284886598587
2026/05/07 11:13:13,147,0.10137443989515305
2026/05/07 11:13:14,147,0.09182459115982056
2026/05/07 11:13:15,147,0.12187474220991135
2026/05/07 11:13:16,147,0.08435582369565964
2026/05/07 11:13:17,147,0.1031169593334198
2026/05/07 11:13:18,147,0.07128340005874634
2026/05/07 11:13:19,147,0.06822499632835388
2026/05/07 11:13:20,147,0.04551847279071808
2026/05/07 11:13:21,146,0.0734807699918747
2026/05/07 11:13:22,146,0.05669306591153145
2026/05/07 11:13:23,146,0.0334755964577198
2026/05/07 11:13:24,146,0.03760800510644913
2026/05/07 11:13:25,145,0.010022145695984364
2026/05/07 11:13:26,145,0.012618862092494965
2026/05/07 11:13:27,145,0.01700344868004322
2026/05/07 11:13:28,146,0.043294649571180344
2026/05/07 11:13:29,145,0.08615731447935104
2026/05/07 11:13:30,145,0.06899514049291611
2026/05/07 11:13:31,145,0.03394291177392006
2026/05/07 11:13:32,145,0.03312193602323532
2026/05/07 11:13:33,145,0.12021378427743912
2026/05/07 11:13:34,145,0.13245165348052979
2026/05/07 11:13:35,145,0.07280591130256653
2026/05/07 11:13:36,145,0.07815079391002655
2026/05/07 11:13:37,145,0.0757773146033287
2026/05/07 11:13:38,145,0.12945328652858734
2026/05/07 11:13:39,146,0.06416427344083786
2026/05/07 11:13:40,146,0.1617823988199234
2026/05/07 11:13:41,147,0.1345740258693695
2026/05/07 11:13:42,148,0.12695683538913727
2026/05/07 11:13:43,148,0.07479061931371689
2026/05/07 11:13:44,149,0.0420982651412487
2026/05/07 11:13:45,149,0.0680324137210846
2026/05/07 11:13:46,150,0.054592620581388474
2026/05/07 11:13:47,150,0.08625887334346771
2026/05/07 11:13:48,150,0.09767615050077438
2026/05/07 11:13:49,150,0.02617555297911167
2026/05/07 11:13:50,150,0.013119220733642578
2026/05/07 11:13:51,149,0.09978721290826797
2026/05/07 11:13:52,148,0.16418597102165222
2026/05/07 11:13:53,147,0.1611340492963791
2026/05/07 11:13:54,146,0.12514238059520721
2026/05/07 11:13:55,146,0.09880578517913818
2026/05/07 11:13:56,145,0.11240407824516296
2026/05/07 11:13:57,144,0.0738842785358429
2026/05/07 11:13:58,143,0.10037101805210114
2026/05/07 11:13:59,142,0.12788932025432587
2026/05/07 11:14:00,141,0.07372821867465973
2026/05/07 11:14:01,140,0.14518828690052032
2026/05/07 11:14:02,139,0.15071846544742584
2026/05/07 11:14:03,138,0.07952456176280975
2026/05/07 11:14:04,137,0.07478897273540497
2026/05/07 11:14:05,136,0.09226173162460327
2026/05/07 11:14:06,136,0.12553896009922028
2026/05/07 11:14:07,136,0.0671529471874237
2026/05/07 11:14:08,136,0.0698729008436203
2026/05/07 11:14:09,135,0.09066735208034515
2026/05/07 11:14:10,134,0.052351098507642746
2026/05/07 11:14:11,133,0.09175550192594528
2026/05/07 11:14:12,132,0.1311744898557663
2026/05/07 11:14:13,132,0.08301669359207153
2026/05/07 11:14:14,131,0.06638044863939285
2026/05/07 11:14:15,131,0.08973123878240585
2026/05/07 11:14:16,131,0.11506353318691254
2026/05/07 11:14:17,130,0.12638404965400696
2026/05/07 11:14:18,130,0.06822113692760468
2026/05/07 11:14:19,130,0.07623808085918427
2026/05/07 11:14:20,131,0.07590807229280472
2026/05/07 11:14:21,131,0.16001476347446442
2026/05/07 11:14:22,131,0.12475450336933136
2026/05/07 11:14:23,132,0.06448645144701004
2026/05/07 11:14:24,132,0.07103345543146133
2026/05/07 11:14:25,132,0.057171959429979324
2026/05/07 11:14:26,133,0.13799802958965302
2026/05/07 11:14:27,133,0.11536712199449539
2026/05/07 11:14:28,134,0.11716961860656738
2026/05/07 11:14:29,135,0.08252428472042084
2026/05/07 11:14:30,136,0.06868636608123779
2026/05/07 11:14:31,137,0.08103961497545242
2026/05/07 11:14:32,138,0.09237997233867645
2026/05/07 11:14:33,139,0.08055557310581207
2026/05/07 11:14:34,139,0.05315055698156357
2026/05/07 11:14:35,140,0.04283911734819412
2026/05/07 11:14:36,140,0.06317948549985886
2026/05/07 11:14:37,140,0.08387259393930435
2026/05/07 11:14:38,140,0.05879856273531914
2026/05/07 11:14:39,140,0.07031231373548508
2026/05/07 11:14:40,140,0.07052653282880783
2026/05/07 11:14:41,140,0.03387194499373436
2026/05/07 11:14:42,140,0.14563804864883423
2026/05/07 11:14:43,140,0.07126303017139435
2026/05/07 11:14:44,140,0.052391666918992996
2026/05/07 11:14:45,140,0.041072774678468704
2026/05/07 11:14:46,140,0.0628780946135521
2026/05/07 11:14:47,140,0.17707936465740204
2026/05/07 11:14:48,140,0.0772843062877655
2026/05/07 11:14:49,140,0.0944966971874237
2026/05/07 11:14:50,140,0.08096573501825333
2026/05/07 11:14:51,140,0.14152079820632935
2026/05/07 11:14:52,140,0.1348530352115631
2026/05/07 11:14:53,140,0.10935277491807938
2026/05/07 11:14:54,139,0.0706154927611351
2026/05/07 11:14:55,139,0.11910324543714523
2026/05/07 11:14:56,139,0.4069025218486786
2026/05/07 11:14:57,139,0.1309804618358612
2026/05/07 11:14:58,138,0.15050719678401947
2026/05/07 11:14:59,138,0.10927827656269073
2026/05/07 11:15:00,138,0.11774194985628128
2026/05/07 11:15:01,137,0.3016069829463959
2026/05/07 11:15:02,137,0.17053748667240143
2026/05/07 11:15:03,137,0.08968028426170349
2026/05/07 11:15:04,137,0.0576368048787117
2026/05/07 11:15:05,137,0.07189648598432541
2026/05/07 11:15:06,138,0.3216935396194458
2026/05/07 11:15:07,138,0.08642590790987015
2026/05/07 11:15:08,138,0.07926890254020691
2026/05/07 11:15:09,138,0.10384831577539444
2026/05/07 11:15:10,138,0.5084068775177002
2026/05/07 11:15:11,138,0.2558412551879883
2026/05/07 11:15:12,138,0.13756044209003448
2026/05/07 11:15:13,138,0.09144343435764313
2026/05/07 11:15:14,139,0.06880399584770203
2026/05/07 11:15:15,138,0.3801047205924988
2026/05/07 11:15:16,138,0.35818570852279663
2026/05/07 11:15:17,139,0.21617697179317474
2026/05/07 11:15:18,139,0.13271695375442505
2026/05/07 11:15:19,140,0.0883382186293602
2026/05/07 11:15:20,140,0.25410231947898865
2026/05/07 11:15:21,140,0.6928061842918396
2026/05/07 11:15:22,141,0.3679306209087372
2026/05/07 11:15:23,141,0.6412120461463928
2026/05/07 11:15:24,142,0.10413442552089691
2026/05/07 11:15:25,142,0.11919490247964859
2026/05/07 11:15:26,142,0.09284207224845886
2026/05/07 11:15:27,143,0.444709450006485
2026/05/07 11:15:28,143,0.07070308923721313
2026/05/07 11:15:29,144,0.07051371783018112
2026/05/07 11:15:30,144,0.0629742369055748
2026/05/07 11:15:31,145,0.33279645442962646
2026/05/07 11:15:32,145,0.5620633363723755
2026/05/07 11:15:33,145,0.5390591621398926
2026/05/07 11:15:34,146,0.5050200819969177
2026/05/07 11:15:35,146,0.268088698387146
2026/05/07 11:15:36,146,0.1819223314523697
2026/05/07 11:15:37,147,0.07501298189163208
2026/05/07 11:15:38,147,0.06371325254440308
2026/05/07 11:15:39,148,0.11179215461015701
2026/05/07 11:15:40,148,0.5270283818244934
2026/05/07 11:15:41,149,0.3388584852218628
2026/05/07 11:15:42,150,0.5245258808135986
2026/05/07 11:15:43,150,0.6490477323532104
2026/05/07 11:15:44,150,0.13651978969573975
2026/05/07 11:15:45,150,0.07050997018814087
2026/05/07 11:15:46,150,0.06437305361032486
2026/05/07 11:15:47,150,0.1471739113330841
2026/05/07 11:15:48,150,0.07947872579097748
2026/05/07 11:15:49,150,0.10736009478569031
2026/05/07 11:15:50,150,0.0862962082028389
2026/05/07 11:15:51,150,0.1309175342321396
2026/05/07 11:15:52,150,0.5436495542526245
2026/05/07 11:15:53,150,0.7040408849716187
2026/05/07 11:15:54,150,1.5800127983093262
2026/05/07 11:15:55,151,1.2759534120559692
2026/05/07 11:15:56,151,0.7225456833839417
2026/05/07 11:15:57,151,0.4077277183532715
2026/05/07 11:15:58,151,0.930263340473175
2026/05/07 11:15:59,152,0.764319121837616
2026/05/07 11:16:00,152,1.055535912513733
2026/05/07 11:16:01,152,0.9316045045852661
2026/05/07 11:16:02,153,0.6951060891151428
2026/05/07 11:16:03,153,0.14040973782539368
2026/05/07 11:16:04,153,0.1474999487400055
2026/05/07 11:16:05,154,0.1323172152042389
2026/05/07 11:16:06,155,0.11573585867881775
2026/05/07 11:16:07,155,0.3015577495098114
2026/05/07 11:16:08,155,0.13995973765850067
2026/05/07 11:16:09,156,0.1694178283214569
2026/05/07 11:16:10,156,0.15064887702465057
2026/05/07 11:16:11,157,0.08485812693834305
2026/05/07 11:16:12,157,0.12949827313423157
2026/05/07 11:16:13,157,0.10424239933490753
2026/05/07 11:16:14,158,0.08413536846637726
2026/05/07 11:16:15,159,0.09613954275846481
2026/05/07 11:16:16,159,0.0698658749461174
2026/05/07 11:16:17,158,0.09353191405534744
2026/05/07 11:16:18,159,0.10185450315475464
2026/05/07 11:16:19,160,0.1007540225982666
2026/05/07 11:16:20,160,0.09192337095737457
2026/05/07 11:16:21,161,0.06642910838127136
2026/05/07 11:16:22,162,0.3578644096851349
2026/05/07 11:16:23,163,0.17204409837722778
2026/05/07 11:16:24,164,0.15172871947288513
2026/05/07 11:16:25,165,0.0761980339884758
2026/05/07 11:16:26,166,0.06308791786432266
2026/05/07 11:16:27,167,0.132257342338562
2026/05/07 11:16:28,167,0.21317046880722046
2026/05/07 11:16:29,169,0.12128639966249466
2026/05/07 11:16:30,169,0.05461110174655914
2026/05/07 11:16:31,171,0.07540468126535416
2026/05/07 11:16:32,172,0.5404269695281982
2026/05/07 11:16:33,172,0.11689252406358719
2026/05/07 11:16:34,173,0.1363021284341812
2026/05/07 11:16:35,173,0.10427189618349075
2026/05/07 11:16:36,173,0.12349347770214081
2026/05/07 11:16:37,174,0.11135551333427429
2026/05/07 11:16:38,174,0.09274131059646606
2026/05/07 11:16:39,174,0.092958964407444
2026/05/07 11:16:40,174,0.17764882743358612
2026/05/07 11:16:41,174,0.08308859914541245
2026/05/07 11:16:42,174,0.14943073689937592
2026/05/07 11:16:43,174,0.16155698895454407
2026/05/07 11:16:44,173,0.19857868552207947
2026/05/07 11:16:45,173,0.10211118310689926
2026/05/07 11:16:46,173,0.06767654418945312
2026/05/07 11:16:47,172,0.026722600683569908
2026/05/07 11:16:48,172,0.01690863072872162
2026/05/07 11:16:49,171,0.016241779550909996
2026/05/07 11:16:50,171,0.03226272016763687
2026/05/07 11:16:51,170,0.043481677770614624
2026/05/07 11:16:52,169,0.04325541853904724
2026/05/07 11:16:53,169,0.10502497106790543
2026/05/07 11:16:54,168,0.12388374656438828
2026/05/07 11:16:55,167,0.09936399012804031
2026/05/07 11:16:56,166,0.11391659826040268
2026/05/07 11:16:57,165,0.09836962074041367
2026/05/07 11:16:58,164,0.16315382719039917
2026/05/07 11:16:59,163,0.07318215817213058
2026/05/07 11:17:00,162,0.0742337703704834
2026/05/07 11:17:01,162,0.09683903306722641
2026/05/07 11:17:02,161,0.10612447559833527
2026/05/07 11:17:03,160,0.0760316550731659
2026/05/07 11:17:04,159,0.12096043676137924
2026/05/07 11:17:05,158,0.12130697071552277
2026/05/07 11:17:06,157,0.1252506524324417
2026/05/07 11:17:07,156,0.07200861722230911
2026/05/07 11:17:08,155,0.10008317977190018
2026/05/07 11:17:09,155,0.0831395760178566
2026/05/07 11:17:10,155,0.07042479515075684
2026/05/07 11:17:11,155,0.11141116172075272
2026/05/07 11:17:12,155,0.1078658476471901
2026/05/07 11:17:13,155,0.09053710103034973
2026/05/07 11:17:14,155,0.1470976024866104
2026/05/07 11:17:15,155,0.24345968663692474
2026/05/07 11:17:16,155,0.07530403137207031
2026/05/07 11:17:17,154,0.10789304971694946
2026/05/07 11:17:18,154,0.09157691150903702
2026/05/07 11:17:19,154,0.12603645026683807
2026/05/07 11:17:20,153,0.13166289031505585
2026/05/07 11:17:21,153,0.12369365245103836
2026/05/07 11:17:22,152,0.1082053929567337
2026/05/07 11:17:23,152,0.10498076677322388
2026/05/07 11:17:24,151,0.08093290030956268
2026/05/07 11:17:25,151,0.05306163430213928
2026/05/07 11:17:26,150,0.06178087368607521
2026/05/07 11:17:27,149,0.10183975100517273
2026/05/07 11:17:28,149,0.1051337718963623
2026/05/07 11:17:29,148,0.11074887961149216
2026/05/07 11:17:30,148,0.09301138669252396
2026/05/07 11:17:31,148,0.07529417425394058
2026/05/07 11:17:32,147,0.13964144885540009
2026/05/07 11:17:33,147,0.12384675443172455
2026/05/07 11:17:34,147,0.5422338247299194
2026/05/07 11:17:35,146,0.10904774069786072
2026/05/07 11:17:36,146,0.0932123214006424
2026/05/07 11:17:37,145,0.1186804473400116
2026/05/07 11:17:38,145,0.24835093319416046
2026/05/07 11:17:39,144,0.1973610520362854
2026/05/07 11:17:40,144,0.05429137125611305
2026/05/07 11:17:41,143,0.03988712280988693
2026/05/07 11:17:42,142,0.08360643684864044
2026/05/07 11:17:43,142,0.04870384559035301
2026/05/07 11:17:44,142,0.04803342744708061
2026/05/07 11:17:45,142,0.028219809755682945
2026/05/07 11:17:46,143,0.03080528788268566
2026/05/07 11:17:47,143,0.020145358517766
2026/05/07 11:17:48,144,0.009566680528223515
2026/05/07 11:17:49,145,0.006378836464136839
2026/05/07 11:17:50,145,0.012132367119193077
2026/05/07 11:17:51,145,0.01976303942501545
2026/05/07 11:17:52,145,0.03424226492643356
2026/05/07 11:17:53,144,0.025463121011853218
2026/05/07 11:17:54,144,0.02950628660619259
2026/05/07 11:17:55,144,0.03470255807042122
2026/05/07 11:17:56,145,0.03388512134552002
2026/05/07 11:17:57,145,0.026103224605321884
2026/05/07 11:17:58,146,0.03882954269647598
2026/05/07 11:17:59,147,0.0585874505341053
2026/05/07 11:18:00,148,0.09027493000030518
2026/05/07 11:18:01,149,0.04234986752271652
2026/05/07 11:18:02,150,0.017306508496403694
2026/05/07 11:18:03,150,0.010703327134251595
2026/05/07 11:18:04,151,0.009030546993017197
2026/05/07 11:18:05,151,0.02019062452018261
2026/05/07 11:18:06,151,0.05761205777525902
2026/05/07 11:18:07,150,0.05919388309121132
2026/05/07 11:18:08,149,0.07690995931625366
2026/05/07 11:18:09,148,0.1202578991651535
2026/05/07 11:18:10,147,0.12167414277791977
2026/05/07 11:18:11,146,0.07195699214935303
2026/05/07 11:18:12,145,0.09211793541908264
2026/05/07 11:18:13,145,0.04142721742391586
2026/05/07 11:18:14,145,0.0648588314652443
2026/05/07 11:18:15,144,0.06252317875623703
2026/05/07 11:18:16,144,0.2502017021179199
2026/05/07 11:18:17,144,0.3535713255405426
2026/05/07 11:18:18,144,0.19585147500038147
2026/05/07 11:18:19,143,0.29120954871177673
2026/05/07 11:18:20,142,0.08606036752462387
2026/05/07 11:18:21,142,0.08221573382616043
2026/05/07 11:18:22,142,0.495501309633255
2026/05/07 11:18:23,141,0.3043486773967743
2026/05/07 11:18:24,141,0.09353255480527878
2026/05/07 11:18:25,141,0.06508117914199829
2026/05/07 11:18:26,141,0.23037664592266083
2026/05/07 11:18:27,141,0.22907112538814545
2026/05/07 11:18:28,141,0.08888333290815353
2026/05/07 11:18:29,141,0.08492493629455566
2026/05/07 11:18:30,141,0.07364808022975922
2026/05/07 11:18:31,141,0.3750121593475342
2026/05/07 11:18:32,142,0.40266966819763184
2026/05/07 11:18:33,142,0.08983797580003738
2026/05/07 11:18:34,142,0.07396477460861206
2026/05/07 11:18:35,142,0.18689022958278656
2026/05/07 11:18:36,143,0.38581758737564087
2026/05/07 11:18:37,143,0.13127735257148743
2026/05/07 11:18:38,144,0.13883113861083984
2026/05/07 11:18:39,144,0.08182062208652496
2026/05/07 11:18:40,145,0.14472292363643646
2026/05/07 11:18:41,145,0.12824080884456635
2026/05/07 11:18:42,145,0.4801155924797058
2026/05/07 11:18:43,145,0.6519253849983215
2026/05/07 11:18:44,145,0.34370312094688416
2026/05/07 11:18:45,146,0.4221126437187195
2026/05/07 11:18:46,147,0.045167725533246994
2026/05/07 11:18:47,148,0.05299142748117447
2026/05/07 11:18:48,149,0.06534222513437271
2026/05/07 11:18:49,150,0.4110574722290039
2026/05/07 11:18:50,151,0.10929663479328156
2026/05/07 11:18:51,151,0.157362699508667
2026/05/07 11:18:52,150,0.20826852321624756
2026/05/07 11:18:53,149,0.15753330290317535
2026/05/07 11:18:54,149,0.23700915277004242
2026/05/07 11:18:55,149,0.16785424947738647
2026/05/07 11:18:56,149,0.173672616481781
2026/05/07 11:18:57,150,0.26060542464256287
2026/05/07 11:18:58,150,0.11396194249391556
2026/05/07 11:18:59,151,0.1955173909664154
2026/05/07 11:19:00,152,0.26790907979011536
2026/05/07 11:19:01,152,0.1979985237121582
2026/05/07 11:19:02,152,0.19556915760040283
2026/05/07 11:19:03,152,0.18599271774291992
2026/05/07 11:19:04,152,0.18195442855358124
2026/05/07 11:19:05,152,0.15868955850601196
2026/05/07 11:19:06,152,0.17889273166656494
2026/05/07 11:19:07,152,0.18245422840118408
2026/05/07 11:19:08,152,0.17264461517333984
2026/05/07 11:19:09,152,0.19665299355983734
2026/05/07 11:19:10,152,0.2379208207130432
2026/05/07 11:19:11,151,0.21986092627048492
2026/05/07 11:19:12,150,0.21577352285385132
2026/05/07 11:19:13,150,0.17334257066249847
2026/05/07 11:19:14,150,0.16910509765148163
2026/05/07 11:19:15,149,0.18998882174491882
2026/05/07 11:19:16,147,0.207612082362175
2026/05/07 11:19:17,146,0.21037639677524567
2026/05/07 11:19:18,146,0.1533210277557373
2026/05/07 11:19:19,145,0.17258116602897644
2026/05/07 11:19:20,144,0.06709617376327515
2026/05/07 11:19:21,144,0.11407756805419922
2026/05/07 11:19:22,144,0.15618249773979187
2026/05/07 11:19:23,144,0.06452293694019318
2026/05/07 11:19:24,144,0.1249939426779747
2026/05/07 11:19:25,144,0.04384801909327507
2026/05/07 11:19:26,144,0.04880080372095108
2026/05/07 11:19:27,144,0.06840681284666061
2026/05/07 11:19:28,144,0.1151188388466835
2026/05/07 11:19:29,145,0.06895136088132858
2026/05/07 11:19:30,145,0.08830469101667404
2026/05/07 11:19:31,145,0.08622337877750397
2026/05/07 11:19:32,145,0.057477209717035294
2026/05/07 11:19:33,146,0.032085686922073364
2026/05/07 11:19:34,146,0.0415274053812027
2026/05/07 11:19:35,147,0.02105211466550827
2026/05/07 11:19:36,147,0.028819607570767403
2026/05/07 11:19:37,147,0.09994012862443924
2026/05/07 11:19:38,148,0.08838031440973282
2026/05/07 11:19:39,147,0.1376514732837677
2026/05/07 11:19:40,147,0.13112668693065643
2026/05/07 11:19:41,147,0.12263154983520508
2026/05/07 11:19:42,146,0.18101783096790314
2026/05/07 11:19:43,145,0.1973249465227127
2026/05/07 11:19:44,144,0.10205092281103134
2026/05/07 11:19:45,142,0.10137421637773514
2026/05/07 11:19:46,141,0.1652705818414688
2026/05/07 11:19:47,140,0.12930163741111755
2026/05/07 11:19:48,140,0.1267099231481552
2026/05/07 11:19:49,139,0.149300679564476
2026/05/07 11:19:50,139,0.10657108575105667
2026/05/07 11:19:51,139,0.14258748292922974
2026/05/07 11:19:52,138,0.1668151468038559
2026/05/07 11:19:53,138,0.14551958441734314
2026/05/07 11:19:54,137,0.12758544087409973
2026/05/07 11:19:55,137,0.17205074429512024
2026/05/07 11:19:56,136,0.1262044608592987
2026/05/07 11:19:57,136,0.17059557139873505
2026/05/07 11:19:58,135,0.15452422201633453
2026/05/07 11:19:59,134,0.19993992149829865
2026/05/07 11:20:00,134,0.12977109849452972
2026/05/07 11:20:01,134,0.14128424227237701
2026/05/07 11:20:02,134,0.15751855075359344
2026/05/07 11:20:03,133,0.07627636194229126
2026/05/07 11:20:04,133,0.057394083589315414
2026/05/07 11:20:05,133,0.09567625820636749
2026/05/07 11:20:06,133,0.048574406653642654
2026/05/07 11:20:07,133,0.01617494784295559
2026/05/07 11:20:08,133,0.0145794078707695
2026/05/07 11:20:09,133,0.041104793548583984
2026/05/07 11:20:10,133,0.0606541782617569
2026/05/07 11:20:11,134,0.02777727134525776
2026/05/07 11:20:12,134,0.014397279359400272
2026/05/07 11:20:13,134,0.01456658635288477
2026/05/07 11:20:14,135,0.006129012443125248
2026/05/07 11:20:15,135,0.011543994769454002
2026/05/07 11:20:16,136,0.04053276404738426
2026/05/07 11:20:17,136,0.03195950388908386
2026/05/07 11:20:18,136,0.05998234450817108
2026/05/07 11:20:19,135,0.08119893819093704
2026/05/07 11:20:20,135,0.10921486467123032
2026/05/07 11:20:21,135,0.22875919938087463
2026/05/07 11:20:22,135,0.08674374967813492
2026/05/07 11:20:23,134,0.09873834252357483
2026/05/07 11:20:24,134,0.051641762256622314
2026/05/07 11:20:25,134,0.04927371069788933
2026/05/07 11:20:26,134,0.120021291077137
2026/05/07 11:20:27,134,0.1499575972557068
2026/05/07 11:20:28,134,0.14348089694976807
2026/05/07 11:20:29,134,0.25168272852897644
2026/05/07 11:20:30,134,0.4891408085823059
2026/05/07 11:20:31,134,0.36452627182006836
2026/05/07 11:20:32,133,0.20030105113983154
2026/05/07 11:20:33,133,0.17202825844287872
2026/05/07 11:20:34,134,0.15430721640586853
2026/05/07 11:20:35,134,0.21399956941604614
2026/05/07 11:20:36,134,0.16802604496479034
2026/05/07 11:20:37,134,0.1398138403892517
2026/05/07 11:20:38,134,0.18768921494483948
2026/05/07 11:20:39,133,0.2010299116373062
2026/05/07 11:20:40,133,0.15602852404117584
2026/05/07 11:20:41,132,0.17470934987068176
2026/05/07 11:20:42,132,0.1772046834230423
2026/05/07 11:20:43,131,0.16324974596500397
2026/05/07 11:20:44,131,0.17957428097724915
2026/05/07 11:20:45,131,0.15770003199577332
2026/05/07 11:20:46,131,0.1713622808456421
2026/05/07 11:20:47,131,0.263247013092041
2026/05/07 11:20:48,132,0.14667083323001862
2026/05/07 11:20:49,132,0.17819362878799438
2026/05/07 11:20:50,132,0.2313704937696457
2026/05/07 11:20:51,132,0.06941177695989609
2026/05/07 11:20:52,132,0.04943212866783142
2026/05/07 11:20:53,132,0.07561302185058594
2026/05/07 11:20:54,132,0.38614705204963684
2026/05/07 11:20:55,132,0.20605042576789856
2026/05/07 11:20:56,132,0.16647467017173767
2026/05/07 11:20:57,132,0.152464359998703
2026/05/07 11:20:58,132,0.05172533541917801
2026/05/07 11:20:59,132,0.013215998187661171
2026/05/07 11:21:00,131,0.008820350281894207
2026/05/07 11:21:01,131,0.01761818677186966
2026/05/07 11:21:02,131,0.011460892856121063
2026/05/07 11:21:03,132,0.03425474464893341
2026/05/07 11:21:04,132,0.038580600172281265
2026/05/07 11:21:05,133,0.041692059487104416
2026/05/07 11:21:06,134,0.1170041412115097
2026/05/07 11:21:07,135,0.08051012456417084
2026/05/07 11:21:08,135,0.07643313705921173
2026/05/07 11:21:09,135,0.17139370739459991
2026/05/07 11:21:10,135,0.09135385602712631
2026/05/07 11:21:11,135,0.055475153028964996
2026/05/07 11:21:12,134,0.017169037833809853
2026/05/07 11:21:13,134,0.013554082252085209
2026/05/07 11:21:14,134,0.015029546804726124
2026/05/07 11:21:15,134,0.013814101926982403
2026/05/07 11:21:16,134,0.018803192302584648
2026/05/07 11:21:17,135,0.01511628832668066
2026/05/07 11:21:18,135,0.012227325700223446
2026/05/07 11:21:19,135,0.011456046253442764
2026/05/07 11:21:20,135,0.009036725386977196
2026/05/07 11:21:21,135,0.007856481708586216
2026/05/07 11:21:22,135,0.007521321997046471
2026/05/07 11:21:23,135,0.007328891195356846
2026/05/07 11:21:24,135,0.006947403308004141
2026/05/07 11:21:25,135,0.006529978476464748
2026/05/07 11:21:26,135,0.008428487926721573
2026/05/07 11:21:27,134,0.006745908409357071
2026/05/07 11:21:28,134,0.007079814560711384
2026/05/07 11:21:29,133,0.007357619237154722
2026/05/07 11:21:30,132,0.006394627969712019
2026/05/07 11:21:31,131,0.0839325562119484
2026/05/07 11:21:32,130,0.03336316719651222
2026/05/07 11:21:33,130,0.012192131951451302
2026/05/07 11:21:34,129,0.009226255118846893
2026/05/07 11:21:35,129,0.010019320994615555
2026/05/07 11:21:36,128,0.008273686282336712
2026/05/07 11:21:37,128,0.011149845086038113
2026/05/07 11:21:38,128,0.009273670613765717
2026/05/07 11:21:39,129,0.009011907503008842
2026/05/07 11:21:40,129,0.008661175146698952
2026/05/07 11:21:41,129,0.009823175147175789
2026/05/07 11:21:42,130,0.009337589144706726
2026/05/07 11:21:43,130,0.009404666721820831
2026/05/07 11:21:44,131,0.010006023570895195
2026/05/07 11:21:45,131,0.009713375940918922
2026/05/07 11:21:46,132,0.009559075348079205
2026/05/07 11:21:47,132,0.008846694603562355
2026/05/07 11:21:48,132,0.011087344028055668
2026/05/07 11:21:49,133,0.008723064325749874
2026/05/07 11:21:50,133,0.009208820760250092
2026/05/07 11:21:51,133,0.008759609423577785
2026/05/07 11:21:52,133,0.014884266071021557
2026/05/07 11:21:53,133,0.060871612280607224
2026/05/07 11:21:54,132,0.13591112196445465
2026/05/07 11:21:55,132,0.0446864515542984
2026/05/07 11:21:56,132,0.006820695474743843
2026/05/07 11:21:57,132,0.006843954790383577
2026/05/07 11:21:58,131,0.043636076152324677
2026/05/07 11:21:59,131,0.11146547645330429
2026/05/07 11:22:00,131,0.11911691725254059
2026/05/07 11:22:01,131,0.1640615463256836
2026/05/07 11:22:02,130,0.12341178953647614
2026/05/07 11:22:03,130,0.058181095868349075
2026/05/07 11:22:04,130,0.06241177022457123
2026/05/07 11:22:05,130,0.05702449381351471
2026/05/07 11:22:06,129,0.04485328122973442
2026/05/07 11:22:07,129,0.030419956892728806
2026/05/07 11:22:08,129,0.09253383427858353
2026/05/07 11:22:09,128,0.08123213052749634
2026/05/07 11:22:10,127,0.038243379443883896
2026/05/07 11:22:11,127,0.04451987147331238
2026/05/07 11:22:12,127,0.042446330189704895
2026/05/07 11:22:13,127,0.04494179040193558
2026/05/07 11:22:14,127,0.05144745856523514
2026/05/07 11:22:15,128,0.11045638471841812
2026/05/07 11:22:16,128,0.030821435153484344
2026/05/07 11:22:17,128,0.04074416682124138
2026/05/07 11:22:18,129,0.031615108251571655
2026/05/07 11:22:19,129,0.07700256258249283
2026/05/07 11:22:20,129,0.06138090416789055
2026/05/07 11:22:21,129,0.10799060016870499
2026/05/07 11:22:22,129,0.09585803002119064
2026/05/07 11:22:23,129,0.2045905739068985
2026/05/07 11:22:24,129,0.5312761664390564
2026/05/07 11:22:25,129,0.11104167997837067
2026/05/07 11:22:26,129,0.14476045966148376
2026/05/07 11:22:27,128,0.1790590137243271
2026/05/07 11:22:28,127,0.19404728710651398
2026/05/07 11:22:29,126,0.0762021467089653
2026/05/07 11:22:30,126,0.4094797968864441
2026/05/07 11:22:31,125,0.20888137817382812
2026/05/07 11:22:32,124,0.1461847722530365
2026/05/07 11:22:33,125,0.081987664103508
2026/05/07 11:22:34,126,0.21505290269851685
2026/05/07 11:22:35,126,0.13713864982128143
2026/05/07 11:22:36,127,0.1881410926580429
2026/05/07 11:22:37,128,1.0089455842971802
2026/05/07 11:22:38,129,0.47037473320961
2026/05/07 11:22:39,130,0.3803108334541321
2026/05/07 11:22:40,131,0.3854995667934418
2026/05/07 11:22:41,132,0.69743812084198
2026/05/07 11:22:42,133,0.22496558725833893
2026/05/07 11:22:43,134,0.122794508934021
2026/05/07 11:22:44,135,0.3567134737968445
2026/05/07 11:22:45,136,0.1485084444284439
2026/05/07 11:22:46,136,0.10593690723180771
2026/05/07 11:22:47,137,0.16742189228534698
2026/05/07 11:22:48,138,0.15864363312721252
2026/05/07 11:22:49,140,0.10707906633615494
2026/05/07 11:22:50,141,0.08173739910125732
2026/05/07 11:22:51,142,0.07067987322807312
2026/05/07 11:22:52,142,0.07620977610349655
2026/05/07 11:22:53,143,0.07460800558328629
2026/05/07 11:22:54,144,0.11772558838129044
2026/05/07 11:22:55,144,0.14656217396259308
2026/05/07 11:22:56,145,0.12560509145259857
2026/05/07 11:22:57,146,0.15254713594913483
2026/05/07 11:22:58,147,0.0860687866806984
2026/05/07 11:22:59,148,0.14148005843162537
2026/05/07 11:23:00,149,0.07450462877750397
2026/05/07 11:23:01,151,0.29914695024490356
2026/05/07 11:23:02,151,0.19439281523227692
2026/05/07 11:23:03,152,0.13387233018875122
2026/05/07 11:23:04,153,0.22146855294704437
2026/05/07 11:23:05,153,0.13471010327339172
2026/05/07 11:23:06,153,0.1459852159023285
2026/05/07 11:23:07,154,0.18906231224536896
2026/05/07 11:23:08,154,0.30371159315109253
2026/05/07 11:23:09,154,0.14964915812015533
2026/05/07 11:23:10,154,0.11043782532215118
2026/05/07 11:23:11,155,0.1064462661743164
2026/05/07 11:23:12,155,0.053996287286281586
2026/05/07 11:23:13,155,0.2021937519311905
2026/05/07 11:23:14,155,0.061501432210206985
2026/05/07 11:23:15,155,0.1372469961643219
2026/05/07 11:23:16,155,0.21114632487297058
2026/05/07 11:23:17,155,0.17271529138088226
2026/05/07 11:23:18,155,0.07003840804100037
2026/05/07 11:23:19,155,0.1870020627975464
2026/05/07 11:23:20,155,0.11508066952228546
2026/05/07 11:23:21,154,0.13692156970500946
2026/05/07 11:23:22,153,0.10433463752269745
2026/05/07 11:23:23,153,0.045303698629140854
2026/05/07 11:23:24,153,0.30898237228393555
2026/05/07 11:23:25,152,0.49862080812454224
2026/05/07 11:23:26,152,0.09747162461280823
2026/05/07 11:23:27,152,0.15403179824352264
2026/05/07 11:23:28,152,0.14521878957748413
2026/05/07 11:23:29,152,0.08743727207183838
2026/05/07 11:23:30,152,0.12511298060417175
2026/05/07 11:23:31,151,0.16381429135799408
2026/05/07 11:23:32,151,0.08414887636899948
2026/05/07 11:23:33,151,0.1076817661523819
2026/05/07 11:23:34,151,0.10670027881860733
2026/05/07 11:23:35,151,0.6236312985420227
2026/05/07 11:23:36,151,0.5560724139213562
2026/05/07 11:23:37,151,0.3612042963504791
2026/05/07 11:23:38,151,0.46807172894477844
2026/05/07 11:23:39,151,0.6946272850036621
2026/05/07 11:23:40,151,0.135804682970047
2026/05/07 11:23:41,152,0.21159769594669342
2026/05/07 11:23:42,152,0.17412953078746796
2026/05/07 11:23:43,153,0.10026919841766357
2026/05/07 11:23:44,153,0.12022484838962555
2026/05/07 11:23:45,153,0.2848164141178131
2026/05/07 11:23:46,154,0.2745598256587982
2026/05/07 11:23:47,153,0.13269217312335968
2026/05/07 11:23:48,153,0.16678766906261444
2026/05/07 11:23:49,153,0.3878069221973419
2026/05/07 11:23:50,153,0.42604246735572815
2026/05/07 11:23:51,152,0.43028315901756287
2026/05/07 11:23:52,152,0.4716145694255829
2026/05/07 11:23:53,152,0.30825018882751465
2026/05/07 11:23:54,151,0.19242504239082336
2026/05/07 11:23:55,152,0.14463141560554504
2026/05/07 11:23:56,152,0.05578154698014259
2026/05/07 11:23:57,153,0.23222775757312775
2026/05/07 11:23:58,153,0.26593196392059326
2026/05/07 11:23:59,153,0.09144261479377747
2026/05/07 11:24:00,152,0.1563616693019867
2026/05/07 11:24:01,153,0.16542355716228485
2026/05/07 11:24:02,154,0.09124359488487244
2026/05/07 11:24:03,154,0.12385163456201553
2026/05/07 11:24:04,155,0.3715548515319824
2026/05/07 11:24:05,155,0.23452115058898926
2026/05/07 11:24:06,156,0.14540746808052063
2026/05/07 11:24:07,157,0.3579656183719635
2026/05/07 11:24:08,157,0.6947112083435059
2026/05/07 11:24:09,158,0.171442449092865
2026/05/07 11:24:10,158,0.11363736540079117
2026/05/07 11:24:11,158,0.26557374000549316
2026/05/07 11:24:12,159,0.9206188321113586
2026/05/07 11:24:13,159,0.8081891536712646
2026/05/07 11:24:14,159,0.2928803563117981
2026/05/07 11:24:15,159,0.7320083379745483
2026/05/07 11:24:16,159,0.4233214259147644
2026/05/07 11:24:17,159,0.19660942256450653
2026/05/07 11:24:18,159,0.2902854084968567
2026/05/07 11:24:19,160,0.32110366225242615
2026/05/07 11:24:20,160,0.10483609139919281
2026/05/07 11:24:21,160,0.07865477353334427
2026/05/07 11:24:22,161,0.14284420013427734
2026/05/07 11:24:23,161,0.07435856759548187
2026/05/07 11:24:24,161,0.12712208926677704
2026/05/07 11:24:25,161,0.42973315715789795
2026/05/07 11:24:26,161,0.44418370723724365
2026/05/07 11:24:27,162,0.0957513302564621
2026/05/07 11:24:28,162,0.1884503960609436
2026/05/07 11:24:29,162,0.19852183759212494
2026/05/07 11:24:30,162,0.16824311017990112
2026/05/07 11:24:31,163,0.1065981537103653
2026/05/07 11:24:32,163,0.12891553342342377
2026/05/07 11:24:33,164,0.12083982676267624
2026/05/07 11:24:34,165,0.09857386350631714
2026/05/07 11:24:35,166,0.19039827585220337
2026/05/07 11:24:36,166,0.8677776455879211
2026/05/07 11:24:37,167,0.19903363287448883
2026/05/07 11:24:38,168,0.11750610917806625
2026/05/07 11:24:39,168,0.12572398781776428
2026/05/07 11:24:40,169,0.3141286075115204
2026/05/07 11:24:41,169,0.13086560368537903
2026/05/07 11:24:42,169,0.11463388800621033
2026/05/07 11:24:43,169,0.1650657206773758
2026/05/07 11:24:44,170,0.45744964480400085
2026/05/07 11:24:45,169,0.2623191177845001
2026/05/07 11:24:46,169,0.15826980769634247
2026/05/07 11:24:47,169,0.12657584249973297
2026/05/07 11:24:48,169,0.2608194053173065
2026/05/07 11:24:49,168,0.08630583435297012
2026/05/07 11:24:50,167,0.07354088127613068
2026/05/07 11:24:51,167,0.07549840211868286
2026/05/07 11:24:52,166,0.13811874389648438
2026/05/07 11:24:53,165,0.14555124938488007
2026/05/07 11:24:54,165,0.4911063015460968
2026/05/07 11:24:55,165,0.1928374320268631
2026/05/07 11:24:56,164,0.3502523601055145
2026/05/07 11:24:57,164,0.13392072916030884
2026/05/07 11:24:58,164,0.3426585793495178
2026/05/07 11:24:59,164,0.12236373871564865
2026/05/07 11:25:00,164,0.17048218846321106
2026/05/07 11:25:01,164,0.10152773559093475
2026/05/07 11:25:02,163,0.09968441724777222
2026/05/07 11:25:03,164,0.08948659896850586
2026/05/07 11:25:04,164,0.06362536549568176
2026/05/07 11:25:05,165,0.1570335328578949
2026/05/07 11:25:06,165,0.061134688556194305
2026/05/07 11:25:07,165,0.11435618996620178
2026/05/07 11:25:08,166,0.31860488653182983
2026/05/07 11:25:09,166,0.37709277868270874
2026/05/07 11:25:10,166,0.0782804936170578
2026/05/07 11:25:11,166,0.16519497334957123
2026/05/07 11:25:12,166,0.12933455407619476
2026/05/07 11:25:13,166,0.35109156370162964
2026/05/07 11:25:14,166,0.12945325672626495
2026/05/07 11:25:15,166,0.07364527881145477
2026/05/07 11:25:16,166,0.6527875661849976
2026/05/07 11:25:17,166,0.4681440591812134
2026/05/07 11:25:18,165,0.21329964697360992
2026/05/07 11:25:19,165,0.26667049527168274
2026/05/07 11:25:20,165,0.20579445362091064
2026/05/07 11:25:21,165,0.15575291216373444
2026/05/07 11:25:22,165,0.1357080638408661
2026/05/07 11:25:23,164,0.16266489028930664
2026/05/07 11:25:24,164,0.28529226779937744
2026/05/07 11:25:25,164,0.4802127778530121
2026/05/07 11:25:26,164,0.23907369375228882
2026/05/07 11:25:27,164,0.23597382009029388
2026/05/07 11:25:28,164,0.17025430500507355
2026/05/07 11:25:29,164,0.19588617980480194
2026/05/07 11:25:30,163,0.09714171290397644
2026/05/07 11:25:31,163,0.15925969183444977
2026/05/07 11:25:32,163,0.10628335177898407
2026/05/07 11:25:33,163,0.057801902294158936
2026/05/07 11:25:34,163,0.12300718575716019
2026/05/07 11:25:35,163,0.26796650886535645
2026/05/07 11:25:36,163,0.18402060866355896
2026/05/07 11:25:37,163,0.1358306109905243
2026/05/07 11:25:38,163,0.18539083003997803
2026/05/07 11:25:39,163,0.12390569597482681
2026/05/07 11:25:40,163,0.18348810076713562
2026/05/07 11:25:41,163,0.1378861963748932
2026/05/07 11:25:42,162,0.5370119214057922
2026/05/07 11:25:43,162,0.39560312032699585
2026/05/07 11:25:44,162,0.12358694523572922
2026/05/07 11:25:45,162,0.5143293142318726
2026/05/07 11:25:46,162,0.30619189143180847
2026/05/07 11:25:47,162,0.14513437449932098
2026/05/07 11:25:48,162,0.14494624733924866
2026/05/07 11:25:49,161,0.7499371767044067
2026/05/07 11:25:50,161,0.31821805238723755
2026/05/07 11:25:51,161,0.20325922966003418
2026/05/07 11:25:52,161,0.5119239091873169
2026/05/07 11:25:53,161,0.1633368581533432
2026/05/07 11:25:54,161,0.2709212601184845
2026/05/07 11:25:55,161,0.16465826332569122
2026/05/07 11:25:56,161,0.37299636006355286
2026/05/07 11:25:57,161,0.13538232445716858
2026/05/07 11:25:58,161,0.09224620461463928
2026/05/07 11:25:59,161,0.3096511960029602
2026/05/07 11:26:00,161,0.20548124611377716
2026/05/07 11:26:01,161,0.12566044926643372
2026/05/07 11:26:02,162,0.09151337295770645
2026/05/07 11:26:03,162,0.11316913366317749
2026/05/07 11:26:04,162,0.2472684234380722
2026/05/07 11:26:05,162,0.23339368402957916
2026/05/07 11:26:06,162,0.1247934028506279
2026/05/07 11:26:07,162,0.4250856637954712
2026/05/07 11:26:08,162,0.17705290019512177
2026/05/07 11:26:09,162,0.07548562437295914
2026/05/07 11:26:10,162,0.16083522140979767
2026/05/07 11:26:11,161,0.24501796066761017
2026/05/07 11:26:12,161,0.1525464951992035
2026/05/07 11:26:13,161,0.19283552467823029
2026/05/07 11:26:14,161,0.10977103561162949
2026/05/07 11:26:15,161,0.1459437906742096
2026/05/07 11:26:16,161,0.12749649584293365
2026/05/07 11:26:17,161,0.11239786446094513
2026/05/07 11:26:18,161,0.12057013064622879
2026/05/07 11:26:19,161,0.13362270593643188
2026/05/07 11:26:20,161,0.10171200335025787
2026/05/07 11:26:21,161,0.37918633222579956
2026/05/07 11:26:22,161,0.1329369693994522
2026/05/07 11:26:23,161,0.36224883794784546
2026/05/07 11:26:24,161,0.30072134733200073
2026/05/07 11:26:25,161,0.0643581673502922
2026/05/07 11:26:26,160,0.14143049716949463
2026/05/07 11:26:27,160,0.11533644795417786
2026/05/07 11:26:28,160,0.08615915477275848
2026/05/07 11:26:29,160,0.07316003739833832
2026/05/07 11:26:30,159,0.06685344129800797
2026/05/07 11:26:31,159,0.11645597219467163
2026/05/07 11:26:32,159,0.09317824989557266
2026/05/07 11:26:33,158,0.0681077390909195
2026/05/07 11:26:34,158,0.13499192893505096
2026/05/07 11:26:35,158,0.12389955669641495
2026/05/07 11:26:36,158,0.07766788452863693
2026/05/07 11:26:37,158,0.08641652762889862
2026/05/07 11:26:38,158,0.07365328818559647
2026/05/07 11:26:39,157,0.08883862942457199
2026/05/07 11:26:40,157,0.0757952407002449
2026/05/07 11:26:41,157,0.15626181662082672
2026/05/07 11:26:42,157,0.15829609334468842
2026/05/07 11:26:43,157,0.06603732705116272
2026/05/07 11:26:44,157,0.11629750579595566
2026/05/07 11:26:45,156,0.18466244637966156
2026/05/07 11:26:46,156,0.11990629136562347
2026/05/07 11:26:47,156,0.08602122962474823
2026/05/07 11:26:48,156,0.09106296300888062
2026/05/07 11:26:49,156,0.07217229157686234
2026/05/07 11:26:50,156,0.10076349973678589
2026/05/07 11:26:51,156,0.05802695453166962
2026/05/07 11:26:52,156,0.09624626487493515
2026/05/07 11:26:53,157,0.06921961158514023
2026/05/07 11:26:54,157,0.08679568767547607
2026/05/07 11:26:55,158,0.09227951616048813
2026/05/07 11:26:56,158,0.136607825756073
2026/05/07 11:26:57,158,0.16413678228855133
2026/05/07 11:26:58,158,0.10739333182573318
2026/05/07 11:26:59,158,0.2728884220123291
2026/05/07 11:27:00,158,0.22295691072940826
2026/05/07 11:27:01,158,0.15908652544021606
2026/05/07 11:27:02,158,0.22510753571987152
2026/05/07 11:27:03,158,0.14625269174575806
2026/05/07 11:27:04,158,0.1429700404405594
2026/05/07 11:27:05,158,0.10405349731445312
2026/05/07 11:27:06,158,0.11853799968957901
2026/05/07 11:27:07,157,0.13410557806491852
2026/05/07 11:27:08,157,0.08025190234184265
2026/05/07 11:27:09,157,0.14810721576213837
2026/05/07 11:27:10,156,0.11868204921483994
2026/05/07 11:27:11,155,0.11866078525781631
2026/05/07 11:27:12,155,0.3987836241722107
2026/05/07 11:27:13,155,0.24366630613803864
2026/05/07 11:27:14,154,0.1533558964729309
2026/05/07 11:27:15,154,0.0690477043390274
2026/05/07 11:27:16,154,0.0858740359544754
2026/05/07 11:27:17,154,0.15137261152267456
2026/05/07 11:27:18,154,0.2509339153766632
2026/05/07 11:27:19,154,0.0998416393995285
2026/05/07 11:27:20,154,0.6326348185539246
2026/05/07 11:27:21,154,0.11017974466085434
2026/05/07 11:27:22,154,0.14095042645931244
2026/05/07 11:27:23,154,0.15718013048171997
2026/05/07 11:27:24,154,0.10038881003856659
2026/05/07 11:27:25,154,0.09536921977996826
2026/05/07 11:27:26,154,0.08366444706916809
2026/05/07 11:27:27,154,0.14528873562812805
2026/05/07 11:27:28,153,0.061809103935956955
2026/05/07 11:27:29,153,0.13065984845161438
2026/05/07 11:27:30,152,0.16446766257286072
2026/05/07 11:27:31,152,0.10873176157474518
2026/05/07 11:27:32,152,0.11095601320266724
2026/05/07 11:27:33,151,0.08382687717676163
2026/05/07 11:27:34,151,0.1880427747964859
2026/05/07 11:27:35,151,0.10242156684398651
2026/05/07 11:27:36,151,0.1436499059200287
2026/05/07 11:27:37,151,0.12457393854856491
2026/05/07 11:27:38,150,0.07599498331546783
2026/05/07 11:27:39,150,0.13442745804786682
2026/05/07 11:27:40,150,0.10181248188018799
2026/05/07 11:27:41,150,0.07166862487792969
2026/05/07 11:27:42,150,0.08218319714069366
2026/05/07 11:27:43,150,0.07877177000045776
2026/05/07 11:27:44,150,0.1920701265335083
2026/05/07 11:27:45,149,0.11999649554491043
2026/05/07 11:27:46,149,0.1382835954427719
2026/05/07 11:27:47,149,0.19054894149303436
2026/05/07 11:27:48,149,0.14721156656742096
2026/05/07 11:27:49,149,0.07897841930389404
2026/05/07 11:27:50,149,0.5056982040405273
2026/05/07 11:27:51,150,0.3051433861255646
2026/05/07 11:27:52,150,0.15546438097953796
2026/05/07 11:27:53,151,0.1330474466085434
2026/05/07 11:27:54,151,0.33633261919021606
2026/05/07 11:27:55,151,0.2657482326030731
2026/05/07 11:27:56,151,0.10032393038272858
2026/05/07 11:27:57,151,0.05153954401612282
2026/05/07 11:27:58,151,0.13416562974452972
2026/05/07 11:27:59,151,0.08461205661296844
2026/05/07 11:28:00,151,0.13711796700954437
2026/05/07 11:28:01,151,0.11119579523801804
2026/05/07 11:28:02,151,0.06298079341650009
2026/05/07 11:28:03,151,0.11810114979743958
2026/05/07 11:28:04,152,0.10812931507825851
2026/05/07 11:28:05,152,0.09772123396396637
2026/05/07 11:28:06,152,0.15683557093143463
2026/05/07 11:28:07,152,0.12484970688819885
2026/05/07 11:28:08,153,0.08115772157907486
2026/05/07 11:28:09,153,0.2348281741142273
2026/05/07 11:28:10,152,0.13492445647716522
2026/05/07 11:28:11,153,0.1063469797372818
2026/05/07 11:28:12,153,0.07954844832420349
2026/05/07 11:28:13,153,0.1591119021177292
2026/05/07 11:28:14,153,0.1753181517124176
2026/05/07 11:28:15,153,0.1353318691253662
2026/05/07 11:28:16,153,0.13915231823921204
2026/05/07 11:28:17,153,0.1185726597905159
2026/05/07 11:28:18,152,0.07426393032073975
2026/05/07 11:28:19,152,0.08561646193265915
2026/05/07 11:28:20,152,0.09627437591552734
2026/05/07 11:28:21,151,0.15115845203399658
2026/05/07 11:28:22,151,0.07594559341669083
2026/05/07 11:28:23,151,0.05723453313112259
2026/05/07 11:28:24,151,0.11985862255096436
2026/05/07 11:28:25,151,0.19012388586997986
2026/05/07 11:28:26,151,0.26439368724823
2026/05/07 11:28:27,151,0.06314320117235184
2026/05/07 11:28:28,151,0.13997291028499603
2026/05/07 11:28:29,151,0.2808389365673065
2026/05/07 11:28:30,152,0.13484108448028564
2026/05/07 11:28:31,152,0.09826060384511948
2026/05/07 11:28:32,152,0.19090940058231354
2026/05/07 11:28:33,153,0.06113775074481964
2026/05/07 11:28:34,153,0.045812394469976425
2026/05/07 11:28:35,153,0.06863567978143692
2026/05/07 11:28:36,153,0.07269684225320816
2026/05/07 11:28:37,153,0.09809564054012299
2026/05/07 11:28:38,153,0.052283789962530136
2026/05/07 11:28:39,153,0.040966011583805084
2026/05/07 11:28:40,153,0.033879444003105164
2026/05/07 11:28:41,154,0.06140917167067528
2026/05/07 11:28:42,155,0.04425843060016632
2026/05/07 11:28:43,155,0.11223864555358887
2026/05/07 11:28:44,156,0.14660654962062836
2026/05/07 11:28:45,157,0.04206571355462074
2026/05/07 11:28:46,158,0.04859191179275513
2026/05/07 11:28:47,159,0.06766939163208008
2026/05/07 11:28:48,159,0.06045558676123619
2026/05/07 11:28:49,160,0.06872252374887466
2026/05/07 11:28:50,160,0.054919611662626266
2026/05/07 11:28:51,160,0.08825070410966873
2026/05/07 11:28:52,160,0.12708185613155365
2026/05/07 11:28:53,159,0.07195814698934555
2026/05/07 11:28:54,159,0.034124232828617096
2026/05/07 11:28:55,159,0.11218614876270294
2026/05/07 11:28:56,158,0.052054695785045624
2026/05/07 11:28:57,158,0.06412439048290253
2026/05/07 11:28:58,158,0.01578507199883461
2026/05/07 11:28:59,158,0.006515762768685818
2026/05/07 11:29:00,158,0.015123303979635239
2026/05/07 11:29:01,157,0.025362057611346245
2026/05/07 11:29:02,157,0.050463929772377014
2026/05/07 11:29:03,156,0.046812888234853745
2026/05/07 11:29:04,155,0.08881516754627228
2026/05/07 11:29:05,155,0.05442040413618088
2026/05/07 11:29:06,154,0.05056409910321236
2026/05/07 11:29:07,153,0.10775994509458542
2026/05/07 11:29:08,153,0.08527218550443649
2026/05/07 11:29:09,152,0.04036235809326172
2026/05/07 11:29:10,152,0.06992409378290176
2026/05/07 11:29:11,151,0.19394201040267944
2026/05/07 11:29:12,151,0.057603150606155396
2026/05/07 11:29:13,151,0.014020165428519249
2026/05/07 11:29:14,151,0.015907125547528267
2026/05/07 11:29:15,151,0.014549464918673038
2026/05/07 11:29:16,151,0.0156988725066185
2026/05/07 11:29:17,151,0.015796838328242302
2026/05/07 11:29:18,151,0.014520138502120972
2026/05/07 11:29:19,151,0.014369046315550804
2026/05/07 11:29:20,150,0.023648103699088097
2026/05/07 11:29:21,150,0.06874330341815948
2026/05/07 11:29:22,150,0.13068221509456635
2026/05/07 11:29:23,149,0.15455888211727142
2026/05/07 11:29:24,149,0.129611998796463
2026/05/07 11:29:25,148,0.0951494425535202
2026/05/07 11:29:26,148,0.09093929082155228
2026/05/07 11:29:27,148,0.10275177657604218
2026/05/07 11:29:28,147,0.14362627267837524
2026/05/07 11:29:29,147,0.0680333822965622
2026/05/07 11:29:30,147,0.06241636723279953
2026/05/07 11:29:31,147,0.36501985788345337
2026/05/07 11:29:32,147,0.6179438829421997
2026/05/07 11:29:33,146,0.21607717871665955
2026/05/07 11:29:34,146,0.3787950575351715
2026/05/07 11:29:35,145,0.18552425503730774
2026/05/07 11:29:36,144,0.41038385033607483
2026/05/07 11:29:37,143,0.2787567377090454
2026/05/07 11:29:38,142,0.12494740635156631
2026/05/07 11:29:39,142,0.18666838109493256
2026/05/07 11:29:40,142,0.11523880809545517
2026/05/07 11:29:41,141,0.13264881074428558
2026/05/07 11:29:42,141,0.06279221177101135
2026/05/07 11:29:43,142,0.7635273933410645
2026/05/07 11:29:44,142,0.27453863620758057
2026/05/07 11:29:45,143,0.20754407346248627
2026/05/07 11:29:46,143,0.46199509501457214
2026/05/07 11:29:47,144,0.554685652256012
2026/05/07 11:29:48,144,0.2363937497138977
2026/05/07 11:29:49,145,0.130771204829216
2026/05/07 11:29:50,146,0.46826985478401184
2026/05/07 11:29:51,146,0.19294317066669464
2026/05/07 11:29:52,146,0.3668285310268402
2026/05/07 11:29:53,147,0.522499680519104
2026/05/07 11:29:54,147,0.4271860718727112
2026/05/07 11:29:55,147,0.24140238761901855
2026/05/07 11:29:56,147,0.21279701590538025
2026/05/07 11:29:57,148,0.6930654644966125
2026/05/07 11:29:58,148,0.34956860542297363
2026/05/07 11:29:59,148,0.1879098266363144
2026/05/07 11:30:00,148,0.10904747992753983
2026/05/07 11:30:01,148,0.08131837099790573
2026/05/07 11:30:02,148,0.09697923064231873
2026/05/07 11:30:03,148,0.07472769916057587
2026/05/07 11:30:04,148,0.06757834553718567
2026/05/07 11:30:05,149,0.0556827113032341
2026/05/07 11:30:06,149,0.10025884211063385
2026/05/07 11:30:07,150,0.11426836997270584
2026/05/07 11:30:08,150,0.10341566801071167
2026/05/07 11:30:09,151,0.13113118708133698
2026/05/07 11:30:10,151,0.1300644725561142
2026/05/07 11:30:11,151,0.110663041472435
2026/05/07 11:30:12,151,0.08079177886247635
2026/05/07 11:30:13,150,0.3615756630897522
2026/05/07 11:30:14,150,0.1047046035528183
2026/05/07 11:30:15,149,0.19910471141338348
2026/05/07 11:30:16,149,0.5359795689582825
2026/05/07 11:30:17,148,0.1881711483001709
2026/05/07 11:30:18,147,0.14089220762252808
2026/05/07 11:30:19,147,0.14744052290916443
2026/05/07 11:30:20,146,0.11637676507234573
2026/05/07 11:30:21,146,0.46502041816711426
2026/05/07 11:30:22,145,0.7884019613265991
2026/05/07 11:30:23,145,1.1108455657958984
2026/05/07 11:30:24,145,0.7097637057304382
2026/05/07 11:30:25,145,0.27966558933258057
2026/05/07 11:30:26,144,0.21267300844192505
2026/05/07 11:30:27,145,0.23466014862060547
2026/05/07 11:30:28,145,0.29309338331222534
2026/05/07 11:30:29,146,0.2772226333618164
2026/05/07 11:30:30,146,0.2693120241165161
2026/05/07 11:30:31,147,0.2765747308731079
2026/05/07 11:30:32,147,0.24745909869670868
2026/05/07 11:30:33,148,0.2110438346862793
2026/05/07 11:30:34,148,0.3826546370983124
2026/05/07 11:30:35,149,0.19027577340602875
2026/05/07 11:30:36,149,0.1836755871772766
2026/05/07 11:30:37,149,0.19482575356960297
2026/05/07 11:30:38,150,0.1864275187253952
2026/05/07 11:30:39,150,0.19719462096691132
2026/05/07 11:30:40,150,0.1747293621301651
2026/05/07 11:30:41,150,0.1619948297739029
2026/05/07 11:30:42,150,0.15437056124210358
2026/05/07 11:30:43,150,0.14149634540081024
2026/05/07 11:30:44,150,0.1496371626853943
2026/05/07 11:30:45,150,0.14530347287654877
2026/05/07 11:30:46,150,0.1317284107208252
2026/05/07 11:30:47,150,0.14909082651138306
2026/05/07 11:30:48,149,0.13160735368728638
2026/05/07 11:30:49,149,0.20379285514354706
2026/05/07 11:30:50,149,0.13834427297115326
2026/05/07 11:30:51,150,0.19999054074287415
2026/05/07 11:30:52,150,0.1396014541387558
2026/05/07 11:30:53,150,0.11706956475973129
2026/05/07 11:30:54,150,0.1494484692811966
2026/05/07 11:30:55,150,0.11499971151351929
2026/05/07 11:30:56,150,0.15344291925430298
2026/05/07 11:30:57,150,0.1414945423603058
2026/05/07 11:30:58,150,0.12379205226898193
2026/05/07 11:30:59,150,0.15261973440647125
2026/05/07 11:31:00,149,0.1427951455116272
2026/05/07 11:31:01,149,0.0899670198559761
2026/05/07 11:31:02,149,0.09638995677232742
2026/05/07 11:31:03,149,0.07190687954425812
2026/05/07 11:31:04,149,0.0803123265504837
2026/05/07 11:31:05,148,0.07824276387691498
2026/05/07 11:31:06,148,0.05706530809402466
2026/05/07 11:31:07,148,0.0748632475733757
2026/05/07 11:31:08,148,0.061112888157367706
2026/05/07 11:31:09,147,0.050750598311424255
2026/05/07 11:31:10,147,0.09719083458185196
2026/05/07 11:31:11,148,0.06399963796138763
2026/05/07 11:31:12,148,0.11753662675619125
2026/05/07 11:31:13,149,0.16253307461738586
2026/05/07 11:31:14,149,0.08682291954755783
2026/05/07 11:31:15,149,0.05138495936989784
2026/05/07 11:31:16,150,0.08039814233779907
2026/05/07 11:31:17,151,0.04317609965801239
2026/05/07 11:31:18,152,0.10047435760498047
2026/05/07 11:31:19,151,0.11479225754737854
2026/05/07 11:31:20,151,0.1299154907464981
2026/05/07 11:31:21,151,0.18057987093925476
2026/05/07 11:31:22,151,0.16486775875091553
2026/05/07 11:31:23,151,0.21053850650787354
2026/05/07 11:31:24,151,0.07073163986206055
2026/05/07 11:31:25,151,0.09439253807067871
2026/05/07 11:31:26,150,0.0564703568816185
2026/05/07 11:31:27,150,0.04917006939649582
2026/05/07 11:31:28,150,0.12232474982738495
2026/05/07 11:31:29,149,0.05070163309574127
2026/05/07 11:31:30,148,0.05031793192028999
2026/05/07 11:31:31,148,0.04058520495891571
2026/05/07 11:31:32,147,0.0961790457367897
2026/05/07 11:31:33,147,0.07762450724840164
2026/05/07 11:31:34,147,0.07514557242393494
2026/05/07 11:31:35,147,0.019144881516695023
2026/05/07 11:31:36,146,0.01743439957499504
2026/05/07 11:31:37,146,0.011889355257153511
2026/05/07 11:31:38,146,0.03301386162638664
2026/05/07 11:31:39,146,0.049348875880241394
2026/05/07 11:31:40,146,0.07970879226922989
2026/05/07 11:31:41,146,0.1053227111697197
2026/05/07 11:31:42,146,0.0217405054718256
2026/05/07 11:31:43,146,0.030126752331852913
2026/05/07 11:31:44,146,0.07811868190765381
2026/05/07 11:31:45,146,0.01705370843410492
2026/05/07 11:31:46,146,0.005037778522819281
2026/05/07 11:31:47,146,0.014654649421572685
2026/05/07 11:31:48,146,0.011334608308970928
2026/05/07 11:31:49,145,0.010494992136955261
2026/05/07 11:31:50,145,0.008655696175992489
2026/05/07 11:31:51,144,0.020065095275640488
2026/05/07 11:31:52,144,0.08837997168302536
2026/05/07 11:31:53,144,0.09616919606924057
2026/05/07 11:31:54,143,0.052483271807432175
2026/05/07 11:31:55,143,0.017887508496642113
2026/05/07 11:31:56,143,0.06745462864637375
2026/05/07 11:31:57,142,0.0680592879652977
2026/05/07 11:31:58,142,0.13553151488304138
2026/05/07 11:31:59,142,0.20368215441703796
2026/05/07 11:32:00,141,0.14520682394504547
2026/05/07 11:32:01,141,0.1674191802740097
2026/05/07 11:32:02,141,0.20321901142597198
2026/05/07 11:32:03,142,0.18887531757354736
2026/05/07 11:32:04,142,0.1408224105834961
2026/05/07 11:32:05,142,0.1514398157596588
2026/05/07 11:32:06,142,0.14891491830348969
2026/05/07 11:32:07,142,0.1781945824623108
2026/05/07 11:32:08,141,0.11164338141679764
2026/05/07 11:32:09,141,0.03817182779312134
2026/05/07 11:32:10,140,0.039337653666734695
2026/05/07 11:32:11,140,0.05523877963423729
2026/05/07 11:32:12,139,0.08013448864221573
2026/05/07 11:32:13,138,0.07958444207906723
2026/05/07 11:32:14,138,0.055720191448926926
2026/05/07 11:32:15,136,0.04901992902159691
2026/05/07 11:32:16,135,0.08576017618179321
2026/05/07 11:32:17,135,0.08610652387142181
2026/05/07 11:32:18,134,0.04601212590932846
2026/05/07 11:32:19,134,0.4223623275756836
2026/05/07 11:32:20,133,0.2020782083272934
2026/05/07 11:32:21,134,0.22483369708061218
2026/05/07 11:32:22,134,0.22265250980854034
2026/05/07 11:32:23,135,0.33622705936431885
2026/05/07 11:32:24,135,0.18724516034126282
2026/05/07 11:32:25,136,0.421835720539093
2026/05/07 11:32:26,136,0.9018557667732239
2026/05/07 11:32:27,137,0.7687200903892517
2026/05/07 11:32:28,137,0.977836012840271
2026/05/07 11:32:29,137,1.0362626314163208
2026/05/07 11:32:30,137,0.26211532950401306
2026/05/07 11:32:31,138,0.24231122434139252
2026/05/07 11:32:32,138,0.1807394176721573
2026/05/07 11:32:33,137,0.12707550823688507
2026/05/07 11:32:34,135,0.11532992124557495
2026/05/07 11:32:35,134,0.24097849428653717
2026/05/07 11:32:36,132,0.21325388550758362
2026/05/07 11:32:37,132,0.12689632177352905
2026/05/07 11:32:38,131,0.07319743186235428
2026/05/07 11:32:39,132,0.050508126616477966
2026/05/07 11:32:40,133,0.062282878905534744
2026/05/07 11:32:41,134,0.08383561670780182
2026/05/07 11:32:42,135,0.03610990568995476
2026/05/07 11:32:43,137,0.04592057690024376
2026/05/07 11:32:44,137,0.042434655129909515
2026/05/07 11:32:45,138,0.07438520342111588
2026/05/07 11:32:46,139,0.223154678940773
2026/05/07 11:32:47,139,0.17079226672649384
2026/05/07 11:32:48,139,0.10994523763656616
2026/05/07 11:32:49,140,0.1296805739402771
2026/05/07 11:32:50,141,0.37115806341171265
2026/05/07 11:32:51,142,0.13579979538917542
2026/05/07 11:32:52,142,0.10008905082941055
2026/05/07 11:32:53,144,0.46854498982429504
2026/05/07 11:32:54,145,0.21502453088760376
2026/05/07 11:32:55,146,0.14209604263305664
2026/05/07 11:32:56,147,0.08537410199642181
2026/05/07 11:32:57,149,0.4263397455215454
2026/05/07 11:32:58,150,0.14474093914031982
2026/05/07 11:32:59,152,0.15041615068912506
2026/05/07 11:33:00,153,0.20067305862903595
2026/05/07 11:33:01,156,0.15713971853256226
2026/05/07 11:33:02,157,0.2162243127822876
2026/05/07 11:33:03,158,0.18254269659519196
2026/05/07 11:33:04,159,0.07731539011001587
2026/05/07 11:33:05,160,0.24906891584396362
2026/05/07 11:33:06,161,0.2117670625448227
2026/05/07 11:33:07,162,0.1363217681646347
2026/05/07 11:33:08,163,0.051563143730163574
2026/05/07 11:33:09,163,0.6316582560539246
2026/05/07 11:33:10,164,0.20847409963607788
2026/05/07 11:33:11,164,0.13187919557094574
2026/05/07 11:33:12,165,0.2645142376422882
2026/05/07 11:33:13,166,0.6752067804336548
2026/05/07 11:33:14,166,0.35314181447029114
2026/05/07 11:33:15,167,0.20887599885463715
2026/05/07 11:33:16,168,0.19997954368591309
2026/05/07 11:33:17,168,0.18968871235847473
2026/05/07 11:33:18,168,0.10761221498250961
2026/05/07 11:33:19,169,0.23037943243980408
2026/05/07 11:33:20,170,0.3127124011516571
2026/05/07 11:33:21,171,0.1021101102232933
2026/05/07 11:33:22,171,0.09172800183296204
2026/05/07 11:33:23,172,0.06642003357410431
2026/05/07 11:33:24,172,0.11454089730978012
2026/05/07 11:33:25,173,0.14223231375217438
2026/05/07 11:33:26,173,0.05879700183868408
2026/05/07 11:33:27,174,0.06611242145299911
2026/05/07 11:33:28,174,0.01766197755932808
2026/05/07 11:33:29,175,0.07083582133054733
2026/05/07 11:33:30,175,0.0791756883263588
2026/05/07 11:33:31,174,0.058802634477615356
2026/05/07 11:33:32,174,0.06808681786060333
2026/05/07 11:33:33,175,0.05893337354063988
2026/05/07 11:33:34,176,0.01942640356719494
2026/05/07 11:33:35,176,0.04232649877667427
2026/05/07 11:33:36,176,0.07030035555362701
2026/05/07 11:33:37,176,0.06960992515087128
2026/05/07 11:33:38,175,0.04361819475889206
2026/05/07 11:33:39,174,0.031632423400878906
2026/05/07 11:33:40,173,0.020009446889162064
2026/05/07 11:33:41,172,0.016805771738290787
2026/05/07 11:33:42,171,0.015508177690207958
2026/05/07 11:33:43,170,0.014125684276223183
2026/05/07 11:33:44,169,0.01319473423063755
2026/05/07 11:33:45,168,0.014429818838834763
2026/05/07 11:33:46,167,0.014416467398405075
2026/05/07 11:33:47,165,0.06068408861756325
2026/05/07 11:33:48,164,0.0421234592795372
2026/05/07 11:33:49,162,0.09780719876289368
2026/05/07 11:33:50,161,0.06798920035362244
2026/05/07 11:33:51,160,0.048341844230890274
2026/05/07 11:33:52,159,0.01860095001757145
2026/05/07 11:33:53,159,0.013142677955329418
2026/05/07 11:33:54,159,0.00964320171624422
2026/05/07 11:33:55,159,0.02272145450115204
2026/05/07 11:33:56,158,0.04881656914949417
2026/05/07 11:33:57,158,0.04320242255926132
2026/05/07 11:33:58,158,0.08443937450647354
2026/05/07 11:33:59,158,0.1154237613081932
2026/05/07 11:34:00,158,0.04774530977010727
2026/05/07 11:34:01,158,0.08220208436250687
2026/05/07 11:34:02,158,0.1314782202243805
2026/05/07 11:34:03,158,0.1071438193321228
2026/05/07 11:34:04,158,0.1842096596956253
2026/05/07 11:34:05,158,0.16591930389404297
2026/05/07 11:34:06,157,0.09692784398794174
2026/05/07 11:34:07,157,0.24136106669902802
2026/05/07 11:34:08,157,0.31112053990364075
2026/05/07 11:34:09,158,0.21414817869663239
2026/05/07 11:34:10,158,0.22096112370491028
2026/05/07 11:34:11,158,0.22900381684303284
2026/05/07 11:34:12,159,0.17838773131370544
2026/05/07 11:34:13,158,0.18827950954437256
2026/05/07 11:34:14,157,0.3041529655456543
2026/05/07 11:34:15,156,0.1768261343240738
2026/05/07 11:34:16,156,0.27913594245910645
2026/05/07 11:34:17,154,0.17878542840480804
2026/05/07 11:34:18,153,0.1836642026901245
2026/05/07 11:34:19,152,0.18740558624267578
2026/05/07 11:34:20,151,0.1768166422843933
2026/05/07 11:34:21,149,0.141215980052948
2026/05/07 11:34:22,147,0.18297697603702545
2026/05/07 11:34:23,146,0.11680251359939575
2026/05/07 11:34:24,145,0.06252177059650421
2026/05/07 11:34:25,145,0.08662381768226624
2026/05/07 11:34:26,144,0.03868045285344124
2026/05/07 11:34:27,144,0.07602778822183609
2026/05/07 11:34:28,144,0.1667475402355194
2026/05/07 11:34:29,145,0.2642272710800171
2026/05/07 11:34:30,145,0.12542907893657684
2026/05/07 11:34:31,145,0.14263111352920532
2026/05/07 11:34:32,145,0.1701502650976181
2026/05/07 11:34:33,145,0.12458908557891846
2026/05/07 11:34:34,146,0.18199637532234192
2026/05/07 11:34:35,145,0.17683687806129456
2026/05/07 11:34:36,145,0.15496297180652618
2026/05/07 11:34:37,145,0.7944074273109436
2026/05/07 11:34:38,144,0.8454296588897705
2026/05/07 11:34:39,143,0.27899566292762756
2026/05/07 11:34:40,143,0.10615773499011993
2026/05/07 11:34:41,143,0.2910292446613312
2026/05/07 11:34:42,143,0.09644632041454315
2026/05/07 11:34:43,144,0.18927155435085297
2026/05/07 11:34:44,144,0.10581475496292114
2026/05/07 11:34:45,144,0.14231924712657928
2026/05/07 11:34:46,144,0.3203650712966919
2026/05/07 11:34:47,144,0.19287775456905365
2026/05/07 11:34:48,144,0.13740283250808716
2026/05/07 11:34:49,145,0.19363048672676086
2026/05/07 11:34:50,145,0.1774737387895584
2026/05/07 11:34:51,145,0.22382892668247223
2026/05/07 11:34:52,145,0.10129710286855698
2026/05/07 11:34:53,145,0.18727567791938782
2026/05/07 11:34:54,144,0.06764741986989975
2026/05/07 11:34:55,144,0.08417082577943802
2026/05/07 11:34:56,144,0.13362333178520203
2026/05/07 11:34:57,144,0.1855122298002243
2026/05/07 11:34:58,144,0.15903779864311218
2026/05/07 11:34:59,144,0.11726515740156174
2026/05/07 11:35:00,145,0.10592912882566452
2026/05/07 11:35:01,145,0.05206594988703728
2026/05/07 11:35:02,146,0.11429644376039505
2026/05/07 11:35:03,146,0.07659760862588882
2026/05/07 11:35:04,146,0.03350232541561127
2026/05/07 11:35:05,147,0.019833091646432877
2026/05/07 11:35:06,147,0.0520213320851326
2026/05/07 11:35:07,148,0.048406921327114105
2026/05/07 11:35:08,148,0.09419822692871094
2026/05/07 11:35:09,150,0.1521756798028946
2026/05/07 11:35:10,151,0.1910267323255539
2026/05/07 11:35:11,152,0.0915178507566452
2026/05/07 11:35:12,153,0.07888858765363693
2026/05/07 11:35:13,154,0.017706068232655525
2026/05/07 11:35:14,156,0.012719479389488697
2026/05/07 11:35:15,156,0.06149676814675331
2026/05/07 11:35:16,157,0.0976436585187912
2026/05/07 11:35:17,157,0.04582681506872177
2026/05/07 11:35:18,158,0.1523817777633667
2026/05/07 11:35:19,157,0.09614011645317078
2026/05/07 11:35:20,157,0.037357307970523834
2026/05/07 11:35:21,156,0.045425523072481155
2026/05/07 11:35:22,156,0.10473629087209702
2026/05/07 11:35:23,155,0.13572745025157928
2026/05/07 11:35:24,155,0.06664076447486877
2026/05/07 11:35:25,154,0.288808137178421
2026/05/07 11:35:26,153,0.4340584874153137
2026/05/07 11:35:27,152,0.755871593952179
2026/05/07 11:35:28,152,0.8785868287086487
2026/05/07 11:35:29,151,0.293058305978775
2026/05/07 11:35:30,151,0.07496894150972366
2026/05/07 11:35:31,151,0.3636608421802521
2026/05/07 11:35:32,150,0.41034823656082153
2026/05/07 11:35:33,150,0.21548320353031158
2026/05/07 11:35:34,149,0.5458402633666992
2026/05/07 11:35:35,148,0.15289932489395142
2026/05/07 11:35:36,148,0.15587328374385834
2026/05/07 11:35:37,148,0.08186175674200058
2026/05/07 11:35:38,148,0.5311858654022217
2026/05/07 11:35:39,147,0.6477037072181702
2026/05/07 11:35:40,147,0.30605047941207886
2026/05/07 11:35:41,147,0.26942190527915955
2026/05/07 11:35:42,147,0.5208404660224915
2026/05/07 11:35:43,148,0.12937764823436737
2026/05/07 11:35:44,149,0.1110839918255806
2026/05/07 11:35:45,150,0.10824854671955109
2026/05/07 11:35:46,151,0.08766281604766846
2026/05/07 11:35:47,152,0.07934612780809402
2026/05/07 11:35:48,153,0.062028735876083374
2026/05/07 11:35:49,154,0.07916933298110962
2026/05/07 11:35:50,155,0.1451212614774704
2026/05/07 11:35:51,156,0.40637922286987305
2026/05/07 11:35:52,157,0.11290436238050461
2026/05/07 11:35:53,158,0.07642680406570435
2026/05/07 11:35:54,158,0.8993681073188782
2026/05/07 11:35:55,159,0.8939046859741211
2026/05/07 11:35:56,159,0.6649844646453857
2026/05/07 11:35:57,160,0.6258330941200256
2026/05/07 11:35:58,160,0.5874481201171875
2026/05/07 11:35:59,160,0.3297458291053772
2026/05/07 11:36:00,160,0.1351068913936615
2026/05/07 11:36:01,161,0.05599537119269371
2026/05/07 11:36:02,162,0.6546599268913269
2026/05/07 11:36:03,162,0.2678285539150238
2026/05/07 11:36:04,162,0.13508160412311554
2026/05/07 11:36:05,161,0.2570786774158478
2026/05/07 11:36:06,160,0.49084827303886414
2026/05/07 11:36:07,160,0.24962839484214783
2026/05/07 11:36:08,160,0.17238938808441162
2026/05/07 11:36:09,160,0.22691068053245544
2026/05/07 11:36:10,160,0.16780026257038116
2026/05/07 11:36:11,159,0.15329042077064514
2026/05/07 11:36:12,159,0.30771952867507935
2026/05/07 11:36:13,159,0.1660556048154831
2026/05/07 11:36:14,160,0.1711961328983307
2026/05/07 11:36:15,160,0.25857818126678467
2026/05/07 11:36:16,160,0.4212895333766937
2026/05/07 11:36:17,160,0.16827376186847687
2026/05/07 11:36:18,160,0.15767309069633484
2026/05/07 11:36:19,160,0.08212069422006607
2026/05/07 11:36:20,159,0.07142764329910278
2026/05/07 11:36:21,159,0.09278738498687744
2026/05/07 11:36:22,157,0.08066169172525406
2026/05/07 11:36:23,157,0.05494168400764465
2026/05/07 11:36:24,157,0.05218368023633957
2026/05/07 11:36:25,156,0.04727359116077423
2026/05/07 11:36:26,155,0.04645957425236702
2026/05/07 11:36:27,154,0.05037345737218857
2026/05/07 11:36:28,154,0.04849309101700783
2026/05/07 11:36:29,154,0.05158853530883789
2026/05/07 11:36:30,155,0.06008411943912506
2026/05/07 11:36:31,156,0.09018614888191223
2026/05/07 11:36:32,156,0.025363881140947342
2026/05/07 11:36:33,156,0.02014198713004589
2026/05/07 11:36:34,157,0.007271023001521826
2026/05/07 11:36:35,158,0.0103731919080019
2026/05/07 11:36:36,158,0.010027479380369186
2026/05/07 11:36:37,158,0.008935660123825073
2026/05/07 11:36:38,159,0.007034201640635729
2026/05/07 11:36:39,159,0.013086941093206406
2026/05/07 11:36:40,159,0.04257956147193909
2026/05/07 11:36:41,160,0.04239332675933838
2026/05/07 11:36:42,162,0.03922535106539726
2026/05/07 11:36:43,163,0.22095927596092224
2026/05/07 11:36:44,163,0.2898496091365814
2026/05/07 11:36:45,163,0.5551814436912537
2026/05/07 11:36:46,163,0.3915483355522156
2026/05/07 11:36:47,163,0.1837899088859558
2026/05/07 11:36:48,163,0.22666765749454498
2026/05/07 11:36:49,163,0.1620485633611679
2026/05/07 11:36:50,163,0.30638018250465393
2026/05/07 11:36:51,163,0.3087867200374603
2026/05/07 11:36:52,163,0.3096008598804474
2026/05/07 11:36:53,163,0.15716081857681274
2026/05/07 11:36:54,162,0.10428304970264435
2026/05/07 11:36:55,161,0.36666810512542725
2026/05/07 11:36:56,161,0.448225200176239
2026/05/07 11:36:57,160,0.1854960024356842
2026/05/07 11:36:58,159,0.38604849576950073
2026/05/07 11:36:59,158,0.2962700426578522
2026/05/07 11:37:00,158,0.3438282608985901
2026/05/07 11:37:01,157,0.3024238049983978
2026/05/07 11:37:02,157,0.2787795066833496
2026/05/07 11:37:03,157,0.1800687462091446
2026/05/07 11:37:04,157,0.12153525650501251
2026/05/07 11:37:05,157,0.07624900341033936
2026/05/07 11:37:06,158,0.735605776309967
2026/05/07 11:37:07,158,0.7524443864822388
2026/05/07 11:37:08,158,0.6026058197021484
2026/05/07 11:37:09,159,0.2907311022281647
2026/05/07 11:37:10,159,0.22474227845668793
2026/05/07 11:37:11,160,0.1510867476463318
2026/05/07 11:37:12,161,0.12885135412216187
2026/05/07 11:37:13,160,0.111687570810318
2026/05/07 11:37:14,160,0.46377888321876526
2026/05/07 11:37:15,160,0.27777785062789917
2026/05/07 11:37:16,159,0.1712237447500229
2026/05/07 11:37:17,159,0.3857068419456482
2026/05/07 11:37:18,158,0.5451765656471252
2026/05/07 11:37:19,158,0.26380228996276855
2026/05/07 11:37:20,157,0.24517086148262024
2026/05/07 11:37:21,156,0.4878166615962982
2026/05/07 11:37:22,156,0.4670625627040863
2026/05/07 11:37:23,154,0.12030500918626785
2026/05/07 11:37:24,152,0.38895073533058167
2026/05/07 11:37:25,152,0.7396758794784546
2026/05/07 11:37:26,152,0.30267399549484253
2026/05/07 11:37:27,152,0.2508508861064911
2026/05/07 11:37:28,152,0.4346465766429901
2026/05/07 11:37:29,153,0.3095061182975769
2026/05/07 11:37:30,153,0.2738989293575287
2026/05/07 11:37:31,153,0.2327706515789032
2026/05/07 11:37:32,153,0.23714770376682281
2026/05/07 11:37:33,153,0.16578224301338196
2026/05/07 11:37:34,154,0.12923195958137512
2026/05/07 11:37:35,154,0.13777080178260803
2026/05/07 11:37:36,154,0.09848665446043015
2026/05/07 11:37:37,155,0.21023006737232208
2026/05/07 11:37:38,156,0.3291153013706207
2026/05/07 11:37:39,157,0.17331908643245697
2026/05/07 11:37:40,158,0.14851462841033936
2026/05/07 11:37:41,160,0.0972587987780571
2026/05/07 11:37:42,161,0.08940780907869339
2026/05/07 11:37:43,161,0.050738587975502014
2026/05/07 11:37:44,161,0.03061750717461109
2026/05/07 11:37:45,161,0.06741869449615479
2026/05/07 11:37:46,161,0.06904058903455734
2026/05/07 11:37:47,160,0.06073422729969025
2026/05/07 11:37:48,160,0.011838945560157299
2026/05/07 11:37:49,159,0.021276989951729774
2026/05/07 11:37:50,159,0.07462690770626068
2026/05/07 11:37:51,159,0.0944126546382904
2026/05/07 11:37:52,159,0.15515418350696564
2026/05/07 11:37:53,159,0.0819602832198143
2026/05/07 11:37:54,160,0.11183230578899384
2026/05/07 11:37:55,160,0.08273359388113022
2026/05/07 11:37:56,160,0.0550515353679657
2026/05/07 11:37:57,161,0.0668356865644455
2026/05/07 11:37:58,161,0.0506642684340477
2026/05/07 11:37:59,162,0.07750628888607025
2026/05/07 11:38:00,162,0.05445275455713272
2026/05/07 11:38:01,163,0.07200691848993301
2026/05/07 11:38:02,164,0.0374080054461956
2026/05/07 11:38:03,164,0.07082920521497726
2026/05/07 11:38:04,164,0.07263192534446716
2026/05/07 11:38:05,165,0.06770117580890656
2026/05/07 11:38:06,165,0.07441062480211258
2026/05/07 11:38:07,165,0.058953266590833664
2026/05/07 11:38:08,164,0.18752655386924744
2026/05/07 11:38:09,164,0.10779155045747757
2026/05/07 11:38:10,164,0.024333033710718155
2026/05/07 11:38:11,164,0.02274162508547306
2026/05/07 11:38:12,163,0.038296476006507874
2026/05/07 11:38:13,163,0.09149248898029327
2026/05/07 11:38:14,162,0.1159771978855133
2026/05/07 11:38:15,162,0.04528912156820297
2026/05/07 11:38:16,161,0.04668131843209267
2026/05/07 11:38:17,160,0.0460377037525177
2026/05/07 11:38:18,160,0.047480229288339615
2026/05/07 11:38:19,159,0.06527448445558548
2026/05/07 11:38:20,158,0.1723005473613739
2026/05/07 11:38:21,157,0.08566536754369736
2026/05/07 11:38:22,156,0.04332153499126434
2026/05/07 11:38:23,156,0.032987937331199646
2026/05/07 11:38:24,155,0.05016341805458069
2026/05/07 11:38:25,154,0.0235340166836977
2026/05/07 11:38:26,154,0.011807638220489025
2026/05/07 11:38:27,154,0.012126756832003593
2026/05/07 11:38:28,153,0.018073197454214096
2026/05/07 11:38:29,154,0.019254302605986595
2026/05/07 11:38:30,154,0.07104533910751343
2026/05/07 11:38:31,154,0.03119637817144394
2026/05/07 11:38:32,154,0.024656707420945168
2026/05/07 11:38:33,154,0.017625482752919197
2026/05/07 11:38:34,154,0.014011663384735584
2026/05/07 11:38:35,153,0.012354091741144657
2026/05/07 11:38:36,153,0.017696280032396317
2026/05/07 11:38:37,152,0.012597997672855854
2026/05/07 11:38:38,151,0.032391857355833054
2026/05/07 11:38:39,150,0.028888678178191185
2026/05/07 11:38:40,150,0.024848956614732742
2026/05/07 11:38:41,150,0.03322733938694
2026/05/07 11:38:42,150,0.013383341953158379
2026/05/07 11:38:43,150,0.009304853156208992
2026/05/07 11:38:44,150,0.01922338642179966
2026/05/07 11:38:45,150,0.09405641257762909
2026/05/07 11:38:46,150,0.18056650459766388
2026/05/07 11:38:47,150,0.19317282736301422
2026/05/07 11:38:48,150,0.22157470881938934
2026/05/07 11:38:49,150,0.1632806956768036
2026/05/07 11:38:50,150,0.11408495157957077
2026/05/07 11:38:51,150,0.10061570256948471
2026/05/07 11:38:52,150,0.10195782780647278
2026/05/07 11:38:53,150,0.11582276225090027
2026/05/07 11:38:54,150,0.09425932168960571
2026/05/07 11:38:55,149,0.13197557628154755
2026/05/07 11:38:56,149,0.17353622615337372
2026/05/07 11:38:57,149,0.09994786977767944
2026/05/07 11:38:58,148,0.16352389752864838
2026/05/07 11:38:59,149,0.2381700575351715
2026/05/07 11:39:00,149,0.1135312020778656
2026/05/07 11:39:01,148,0.11943934112787247
2026/05/07 11:39:02,148,0.44619837403297424
2026/05/07 11:39:03,147,0.41840484738349915
2026/05/07 11:39:04,145,0.08076141029596329
2026/05/07 11:39:05,145,0.09054120630025864
2026/05/07 11:39:06,145,0.16139057278633118
2026/05/07 11:39:07,144,0.5116521120071411
2026/05/07 11:39:08,143,0.5220036506652832
2026/05/07 11:39:09,143,0.22522254288196564
2026/05/07 11:39:10,143,0.26960137486457825
2026/05/07 11:39:11,144,0.17608754336833954
2026/05/07 11:39:12,144,0.11308375000953674
2026/05/07 11:39:13,145,0.0933823212981224
2026/05/07 11:39:14,145,0.07669707387685776
2026/05/07 11:39:15,146,0.1628180295228958
2026/05/07 11:39:16,146,0.18805795907974243
2026/05/07 11:39:17,146,0.10057986527681351
2026/05/07 11:39:18,146,0.12243368476629257
2026/05/07 11:39:19,145,0.10123429447412491
2026/05/07 11:39:20,144,0.07844474166631699
2026/05/07 11:39:21,143,0.16461299359798431
2026/05/07 11:39:22,143,0.6753949522972107
2026/05/07 11:39:23,143,0.24714721739292145
2026/05/07 11:39:24,145,0.20906303822994232
2026/05/07 11:39:25,145,0.10276440531015396
2026/05/07 11:39:26,145,0.12942388653755188
2026/05/07 11:39:27,145,0.08340232819318771
2026/05/07 11:39:28,146,0.27240219712257385
2026/05/07 11:39:29,146,0.2736380696296692
2026/05/07 11:39:30,146,0.14179562032222748
2026/05/07 11:39:31,147,0.1701669842004776
2026/05/07 11:39:32,148,0.4379882216453552
2026/05/07 11:39:33,148,0.12686759233474731
2026/05/07 11:39:34,148,0.11000704020261765
2026/05/07 11:39:35,148,0.38604551553726196
2026/05/07 11:39:36,148,0.2896163761615753
2026/05/07 11:39:37,148,0.9219765067100525
2026/05/07 11:39:38,148,0.5542762279510498
2026/05/07 11:39:39,148,0.17928321659564972
2026/05/07 11:39:40,148,0.18389944732189178
2026/05/07 11:39:41,149,0.2621456980705261
2026/05/07 11:39:42,149,0.20718413591384888
2026/05/07 11:39:43,149,0.1922031193971634
2026/05/07 11:39:44,150,0.21862874925136566
2026/05/07 11:39:45,150,0.2488703578710556
2026/05/07 11:39:46,150,0.25854963064193726
2026/05/07 11:39:47,151,0.2337028533220291
2026/05/07 11:39:48,152,0.23766395449638367
2026/05/07 11:39:49,153,0.20122970640659332
2026/05/07 11:39:50,153,0.20799520611763
2026/05/07 11:39:51,153,0.21360667049884796
2026/05/07 11:39:52,153,0.18206404149532318
2026/05/07 11:39:53,152,0.14100098609924316
2026/05/07 11:39:54,152,0.11658614873886108
2026/05/07 11:39:55,151,0.0950789749622345
2026/05/07 11:39:56,151,0.16433873772621155
2026/05/07 11:39:57,151,0.19140960276126862
2026/05/07 11:39:58,151,0.1261318176984787
2026/05/07 11:39:59,151,0.017059266567230225
2026/05/07 11:40:00,150,0.01795920729637146
2026/05/07 11:40:01,150,0.06572509557008743
2026/05/07 11:40:02,150,0.07917433977127075
2026/05/07 11:40:03,150,0.15293890237808228
2026/05/07 11:40:04,150,0.06797873973846436
2026/05/07 11:40:05,150,0.06751848012208939
2026/05/07 11:40:06,150,0.044712264090776443
2026/05/07 11:40:07,150,0.021340761333703995
2026/05/07 11:40:08,150,0.059977926313877106
2026/05/07 11:40:09,151,0.1612384170293808
2026/05/07 11:40:10,151,0.26602497696876526
2026/05/07 11:40:11,152,0.3900708258152008
2026/05/07 11:40:12,152,0.638727068901062
2026/05/07 11:40:13,153,0.4746096432209015
2026/05/07 11:40:14,153,0.3019649088382721
2026/05/07 11:40:15,153,0.23790760338306427
2026/05/07 11:40:16,154,0.15109699964523315
2026/05/07 11:40:17,153,0.11042305827140808
2026/05/07 11:40:18,153,0.11621352285146713
2026/05/07 11:40:19,153,0.2256179004907608
2026/05/07 11:40:20,153,0.13385847210884094
2026/05/07 11:40:21,153,0.06933306902647018
2026/05/07 11:40:22,153,0.5593205094337463
2026/05/07 11:40:23,152,0.632215142250061
2026/05/07 11:40:24,152,0.24744457006454468
2026/05/07 11:40:25,152,0.15496030449867249
2026/05/07 11:40:26,151,0.49354615807533264
2026/05/07 11:40:27,151,0.19675329327583313
2026/05/07 11:40:28,151,0.1160440668463707
2026/05/07 11:40:29,151,0.11539030820131302
2026/05/07 11:40:30,151,0.15249960124492645
2026/05/07 11:40:31,152,0.10931862145662308
2026/05/07 11:40:32,152,0.11487438529729843
2026/05/07 11:40:33,153,0.14507386088371277
2026/05/07 11:40:34,154,0.17575567960739136
2026/05/07 11:40:35,155,0.17460086941719055
2026/05/07 11:40:36,156,0.06880009919404984
2026/05/07 11:40:37,157,0.41868454217910767
2026/05/07 11:40:38,157,0.21754129230976105
2026/05/07 11:40:39,158,0.16997818648815155
2026/05/07 11:40:40,158,0.36677080392837524
2026/05/07 11:40:41,158,0.5231338739395142
2026/05/07 11:40:42,158,0.12595254182815552
2026/05/07 11:40:43,158,0.14073863625526428
2026/05/07 11:40:44,158,0.2700508236885071
2026/05/07 11:40:45,159,0.156097412109375
2026/05/07 11:40:46,159,0.08435996621847153
2026/05/07 11:40:47,159,0.33716896176338196
2026/05/07 11:40:48,159,0.6662066578865051
2026/05/07 11:40:49,160,0.22876356542110443
2026/05/07 11:40:50,160,0.2720184326171875
2026/05/07 11:40:51,160,0.14865419268608093
2026/05/07 11:40:52,160,0.584170937538147
2026/05/07 11:40:53,160,0.23660331964492798
2026/05/07 11:40:54,160,0.21369430422782898
2026/05/07 11:40:55,160,0.2056010365486145
2026/05/07 11:40:56,160,0.2757909595966339
2026/05/07 11:40:57,160,0.08871603012084961
2026/05/07 11:40:58,160,0.19921709597110748
2026/05/07 11:40:59,160,0.30060461163520813
2026/05/07 11:41:00,160,0.09487003833055496
2026/05/07 11:41:01,160,0.18369010090827942
2026/05/07 11:41:02,160,0.1487228274345398
2026/05/07 11:41:03,160,0.17532800137996674
2026/05/07 11:41:04,160,0.1083936020731926
2026/05/07 11:41:05,160,0.19884000718593597
2026/05/07 11:41:06,160,0.3813605010509491
2026/05/07 11:41:07,160,0.19005320966243744
2026/05/07 11:41:08,160,0.1948098987340927
2026/05/07 11:41:09,160,0.19267845153808594
2026/05/07 11:41:10,160,0.25761041045188904
2026/05/07 11:41:11,160,0.1478135734796524
2026/05/07 11:41:12,160,0.22643400728702545
2026/05/07 11:41:13,159,0.6937829256057739
2026/05/07 11:41:14,159,0.4039532542228699
2026/05/07 11:41:15,159,0.2276269793510437
2026/05/07 11:41:16,159,0.2477976530790329
2026/05/07 11:41:17,159,0.32607701420783997
2026/05/07 11:41:18,158,0.18339188396930695
2026/05/07 11:41:19,158,0.1337948441505432
2026/05/07 11:41:20,158,0.12120691686868668
2026/05/07 11:41:21,158,0.44437646865844727
2026/05/07 11:41:22,158,0.14631108939647675
2026/05/07 11:41:23,158,0.10047776252031326
2026/05/07 11:41:24,158,0.18680281937122345
2026/05/07 11:41:25,158,0.18675510585308075
2026/05/07 11:41:26,158,0.18987898528575897
2026/05/07 11:41:27,158,0.21563971042633057
2026/05/07 11:41:28,159,0.14720073342323303
2026/05/07 11:41:29,159,0.23771430552005768
2026/05/07 11:41:30,159,0.17190995812416077
2026/05/07 11:41:31,159,0.19824759662151337
2026/05/07 11:41:32,159,0.3627503216266632
2026/05/07 11:41:33,159,0.21696962416172028
2026/05/07 11:41:34,159,0.17074261605739594
2026/05/07 11:41:35,159,0.1689721941947937
2026/05/07 11:41:36,159,0.17584164440631866
2026/05/07 11:41:37,160,0.20774507522583008
2026/05/07 11:41:38,160,0.2583862841129303
2026/05/07 11:41:39,159,0.1950901746749878
2026/05/07 11:41:40,159,0.3574618101119995
2026/05/07 11:41:41,158,0.1398150473833084
2026/05/07 11:41:42,157,0.13817304372787476
2026/05/07 11:41:43,156,0.21000626683235168
2026/05/07 11:41:44,156,0.1513984352350235
2026/05/07 11:41:45,155,0.2659606635570526
2026/05/07 11:41:46,154,0.14833934605121613
2026/05/07 11:41:47,153,0.36185574531555176
2026/05/07 11:41:48,153,0.18133430182933807
2026/05/07 11:41:49,152,0.13130992650985718
2026/05/07 11:41:50,151,0.18800818920135498
2026/05/07 11:41:51,150,0.13855864107608795
2026/05/07 11:41:52,149,0.15735729038715363
2026/05/07 11:41:53,149,0.18336763978004456
2026/05/07 11:41:54,149,0.04117347300052643
2026/05/07 11:41:55,148,0.05623150244355202
2026/05/07 11:41:56,148,0.021272748708724976
2026/05/07 11:41:57,148,0.016807079315185547
2026/05/07 11:41:58,148,0.011641992256045341
2026/05/07 11:41:59,148,0.051041387021541595
2026/05/07 11:42:00,148,0.2259920984506607
2026/05/07 11:42:01,148,0.06107737123966217
2026/05/07 11:42:02,149,0.03511713445186615
2026/05/07 11:42:03,149,0.5212976336479187
2026/05/07 11:42:04,149,1.0880295038223267
2026/05/07 11:42:05,149,0.5680997967720032
2026/05/07 11:42:06,149,0.5427019000053406
2026/05/07 11:42:07,149,0.1595071703195572
2026/05/07 11:42:08,148,0.11491312086582184
2026/05/07 11:42:09,147,0.21542403101921082
2026/05/07 11:42:10,144,0.1127411425113678
2026/05/07 11:42:11,143,0.08952495455741882
2026/05/07 11:42:12,143,0.12271890044212341
2026/05/07 11:42:13,142,0.266521692276001
2026/05/07 11:42:14,141,0.1916070431470871
2026/05/07 11:42:15,141,0.258437842130661
2026/05/07 11:42:16,141,0.09210706502199173
2026/05/07 11:42:17,141,0.043475259095430374
2026/05/07 11:42:18,142,0.21634845435619354
2026/05/07 11:42:19,143,0.36082693934440613
2026/05/07 11:42:20,143,0.11788391321897507
2026/05/07 11:42:21,144,0.1377699375152588
2026/05/07 11:42:22,146,0.3411030173301697
2026/05/07 11:42:23,147,0.09569204598665237
2026/05/07 11:42:24,147,0.07571166008710861
2026/05/07 11:42:25,148,0.17275391519069672
2026/05/07 11:42:26,152,0.1341322660446167
2026/05/07 11:42:27,153,0.11285781860351562
2026/05/07 11:42:28,153,0.13911190629005432
2026/05/07 11:42:29,155,0.07014641165733337
2026/05/07 11:42:30,158,0.0815657302737236
2026/05/07 11:42:31,159,0.47516950964927673
2026/05/07 11:42:32,159,0.28914353251457214
2026/05/07 11:42:33,159,0.23183242976665497
2026/05/07 11:42:34,160,0.23956502974033356
2026/05/07 11:42:35,160,0.41824525594711304
2026/05/07 11:42:36,160,0.1340138018131256
2026/05/07 11:42:37,160,0.08205142617225647
2026/05/07 11:42:38,159,0.08568058907985687
2026/05/07 11:42:39,159,0.09667965024709702
2026/05/07 11:42:40,159,0.5425110459327698
2026/05/07 11:42:41,158,0.4403444230556488
2026/05/07 11:42:42,157,0.1443181335926056
2026/05/07 11:42:43,157,0.12346518039703369
2026/05/07 11:42:44,157,0.6855894327163696
2026/05/07 11:42:45,157,0.6204560399055481
2026/05/07 11:42:46,157,0.17647525668144226
2026/05/07 11:42:47,157,0.2699410319328308
2026/05/07 11:42:48,157,0.1500559002161026
2026/05/07 11:42:49,156,0.10407955944538116
2026/05/07 11:42:50,156,0.13273929059505463
2026/05/07 11:42:51,156,0.3415251076221466
2026/05/07 11:42:52,157,0.08225101232528687
2026/05/07 11:42:53,157,0.097276471555233
2026/05/07 11:42:54,157,0.05042653530836105
2026/05/07 11:42:55,157,0.04473675787448883
2026/05/07 11:42:56,157,0.05497514083981514
2026/05/07 11:42:57,158,0.14742611348628998
2026/05/07 11:42:58,158,0.23738794028759003
2026/05/07 11:42:59,158,0.09416601806879044
2026/05/07 11:43:00,158,0.30473583936691284
2026/05/07 11:43:01,158,0.1669360250234604
2026/05/07 11:43:02,158,0.08044882863759995
2026/05/07 11:43:03,158,0.09131057560443878
2026/05/07 11:43:04,158,0.178256094455719
2026/05/07 11:43:05,158,0.22084711492061615
2026/05/07 11:43:06,158,0.09793531894683838
2026/05/07 11:43:07,159,0.1746481955051422
2026/05/07 11:43:08,159,0.16170422732830048
2026/05/07 11:43:09,159,0.17792069911956787
2026/05/07 11:43:10,160,0.16251258552074432
2026/05/07 11:43:11,160,0.18586063385009766
2026/05/07 11:43:12,160,0.29995256662368774
2026/05/07 11:43:13,160,0.3092370331287384
2026/05/07 11:43:14,160,0.23391231894493103
2026/05/07 11:43:15,160,0.1009855717420578
2026/05/07 11:43:16,160,0.09038388729095459
2026/05/07 11:43:17,159,0.05828021466732025
2026/05/07 11:43:18,159,0.04431059584021568
2026/05/07 11:43:19,158,0.04438278079032898
2026/05/07 11:43:20,158,0.0391947478055954
2026/05/07 11:43:21,157,0.06024189665913582
2026/05/07 11:43:22,157,0.06485627591609955
2026/05/07 11:43:23,155,0.07588425278663635
2026/05/07 11:43:24,154,0.12430251389741898
2026/05/07 11:43:25,153,0.022360460832715034
2026/05/07 11:43:26,153,0.023770935833454132
2026/05/07 11:43:27,153,0.0782385915517807
2026/05/07 11:43:28,153,0.05400816351175308
2026/05/07 11:43:29,153,0.10206273198127747
2026/05/07 11:43:30,153,0.08080532401800156
2026/05/07 11:43:31,154,0.1366216093301773
2026/05/07 11:43:32,155,0.14671815931797028
2026/05/07 11:43:33,156,0.11293504387140274
2026/05/07 11:43:34,157,0.06706137955188751
2026/05/07 11:43:35,158,0.0488554909825325
2026/05/07 11:43:36,158,0.06991657614707947
2026/05/07 11:43:37,159,0.07775222510099411
2026/05/07 11:43:38,160,0.05481885373592377
2026/05/07 11:43:39,160,0.0634402334690094
2026/05/07 11:43:40,161,0.1371537744998932
2026/05/07 11:43:41,161,0.16988356411457062
2026/05/07 11:43:42,161,0.07960043847560883
2026/05/07 11:43:43,160,0.10212554037570953
2026/05/07 11:43:44,159,0.15591886639595032
2026/05/07 11:43:45,158,0.1733693778514862
2026/05/07 11:43:46,158,0.14666061103343964
2026/05/07 11:43:47,158,0.1380532681941986
2026/05/07 11:43:48,157,0.14320805668830872
2026/05/07 11:43:49,157,0.10060601681470871
2026/05/07 11:43:50,157,0.17489942908287048
2026/05/07 11:43:51,156,0.4748302400112152
2026/05/07 11:43:52,156,0.15995806455612183
2026/05/07 11:43:53,156,0.11443044245243073
2026/05/07 11:43:54,156,0.2989144027233124
2026/05/07 11:43:55,155,0.15188507735729218
2026/05/07 11:43:56,154,0.09682396799325943
2026/05/07 11:43:57,153,0.10344959050416946
2026/05/07 11:43:58,153,0.5913088917732239
2026/05/07 11:43:59,152,0.34799912571907043
2026/05/07 11:44:00,152,0.15809236466884613
2026/05/07 11:44:01,151,0.14575454592704773
2026/05/07 11:44:02,150,0.12088917940855026
2026/05/07 11:44:03,150,0.17520414292812347
2026/05/07 11:44:04,149,0.406730592250824
2026/05/07 11:44:05,149,0.4028863310813904
2026/05/07 11:44:06,149,0.18280728161334991
2026/05/07 11:44:07,149,0.2878433167934418
2026/05/07 11:44:08,149,0.2300117313861847
2026/05/07 11:44:09,149,0.1369508057832718
2026/05/07 11:44:10,149,0.10190072655677795
2026/05/07 11:44:11,148,0.5186805725097656
2026/05/07 11:44:12,148,0.16735506057739258
2026/05/07 11:44:13,148,0.1608772724866867
2026/05/07 11:44:14,147,0.48556652665138245
2026/05/07 11:44:15,147,0.16221308708190918
2026/05/07 11:44:16,147,0.0843348354101181
2026/05/07 11:44:17,147,0.685879647731781
2026/05/07 11:44:18,147,0.16689181327819824
2026/05/07 11:44:19,147,0.13463178277015686
2026/05/07 11:44:20,147,0.09711837768554688
2026/05/07 11:44:21,148,0.08963600546121597
2026/05/07 11:44:22,148,0.12296421080827713
2026/05/07 11:44:23,149,0.0857115164399147
2026/05/07 11:44:24,149,0.07086403667926788
2026/05/07 11:44:25,150,0.18894827365875244
2026/05/07 11:44:26,150,0.09063386172056198
2026/05/07 11:44:27,151,0.08222230523824692
2026/05/07 11:44:28,151,0.16750504076480865
2026/05/07 11:44:29,151,0.21416474878787994
2026/05/07 11:44:30,151,0.08827229589223862
2026/05/07 11:44:31,151,0.20643994212150574
2026/05/07 11:44:32,152,0.16894064843654633
2026/05/07 11:44:33,152,0.10683412849903107
2026/05/07 11:44:34,152,0.066409632563591
2026/05/07 11:44:35,152,0.369996577501297
2026/05/07 11:44:36,152,0.22869735956192017
2026/05/07 11:44:37,152,0.08605261892080307
2026/05/07 11:44:38,152,0.13764077425003052
2026/05/07 11:44:39,152,0.15518048405647278
2026/05/07 11:44:40,152,0.21042776107788086
2026/05/07 11:44:41,152,0.30254101753234863
2026/05/07 11:44:42,152,0.19155821204185486
2026/05/07 11:44:43,152,0.20285460352897644
2026/05/07 11:44:44,152,0.14680106937885284
2026/05/07 11:44:45,152,0.1386672556400299
2026/05/07 11:44:46,153,0.11430350691080093
2026/05/07 11:44:47,154,0.19844673573970795
2026/05/07 11:44:48,155,0.22022192180156708
2026/05/07 11:44:49,155,0.10933171212673187
2026/05/07 11:44:50,156,0.05814473703503609
2026/05/07 11:44:51,156,0.07141996920108795
2026/05/07 11:44:52,156,0.051202189177274704
2026/05/07 11:44:53,156,0.022229569032788277
2026/05/07 11:44:54,156,0.018419397994875908
2026/05/07 11:44:55,156,0.01486890483647585
2026/05/07 11:44:56,155,0.019234487786889076
2026/05/07 11:44:57,155,0.0924387127161026
2026/05/07 11:44:58,154,0.03993860259652138
2026/05/07 11:44:59,154,0.03739805519580841
2026/05/07 11:45:00,153,0.02840591035783291
2026/05/07 11:45:01,153,0.014864600263535976
2026/05/07 11:45:02,153,0.0204987283796072
2026/05/07 11:45:03,152,0.011940473690629005
2026/05/07 11:45:04,152,0.01414302084594965
2026/05/07 11:45:05,152,0.015834931284189224
2026/05/07 11:45:06,152,0.01603551022708416
2026/05/07 11:45:07,152,0.01878873072564602
2026/05/07 11:45:08,152,0.0197589248418808
2026/05/07 11:45:09,152,0.03024478815495968
2026/05/07 11:45:10,152,0.04892692714929581
2026/05/07 11:45:11,153,0.01224359218031168
2026/05/07 11:45:12,153,0.028204813599586487
2026/05/07 11:45:13,153,0.05581924691796303
2026/05/07 11:45:14,153,0.019299102947115898
2026/05/07 11:45:15,154,0.017543887719511986
2026/05/07 11:45:16,154,0.016535546630620956
2026/05/07 11:45:17,154,0.029107237234711647
2026/05/07 11:45:18,154,0.016971176490187645
2026/05/07 11:45:19,154,0.04015721380710602
2026/05/07 11:45:20,154,0.032300934195518494
2026/05/07 11:45:21,154,0.011651021428406239
2026/05/07 11:45:22,154,0.012351595796644688
2026/05/07 11:45:23,154,0.017650963738560677
2026/05/07 11:45:24,153,0.017264466732740402
2026/05/07 11:45:25,153,0.01300208643078804
2026/05/07 11:45:26,153,0.011724111624062061
2026/05/07 11:45:27,153,0.009377043694257736
2026/05/07 11:45:28,152,0.01922835409641266
2026/05/07 11:45:29,152,0.026903638616204262
2026/05/07 11:45:30,152,0.06280821561813354
2026/05/07 11:45:31,151,0.026077091693878174
2026/05/07 11:45:32,149,0.01650678925216198
2026/05/07 11:45:33,149,0.011433719657361507
2026/05/07 11:45:34,149,0.015387255698442459
2026/05/07 11:45:35,148,0.019655151292681694
2026/05/07 11:45:36,147,0.016244245693087578
2026/05/07 11:45:37,147,0.016528096050024033
2026/05/07 11:45:38,147,0.015323332510888577
2026/05/07 11:45:39,147,0.017342381179332733
2026/05/07 11:45:40,148,0.01894228346645832
2026/05/07 11:45:41,148,0.031039617955684662
2026/05/07 11:45:42,148,0.028334245085716248
2026/05/07 11:45:43,148,0.2383269965648651
2026/05/07 11:45:44,148,0.22261486947536469
2026/05/07 11:45:45,148,0.02977912873029709
2026/05/07 11:45:46,148,0.02060128189623356
2026/05/07 11:45:47,147,0.012480312958359718
2026/05/07 11:45:48,147,0.06906881183385849
2026/05/07 11:45:49,146,0.07357566803693771
2026/05/07 11:45:50,145,0.06609699130058289
2026/05/07 11:45:51,144,0.027750199660658836
2026/05/07 11:45:52,144,0.016817472875118256
2026/05/07 11:45:53,144,0.024035567417740822
2026/05/07 11:45:54,143,0.038322873413562775
2026/05/07 11:45:55,143,0.014569305814802647
2026/05/07 11:45:56,143,0.045389894396066666
2026/05/07 11:45:57,143,0.02294730208814144
2026/05/07 11:45:58,143,0.020737547427415848
2026/05/07 11:45:59,143,0.0264582596719265
2026/05/07 11:46:00,143,0.0786522701382637
2026/05/07 11:46:01,142,0.7102338671684265
2026/05/07 11:46:02,142,0.8497889637947083
2026/05/07 11:46:03,142,0.7117851376533508
2026/05/07 11:46:04,142,0.28383779525756836
2026/05/07 11:46:05,142,0.06623060256242752
2026/05/07 11:46:06,141,0.18016520142555237
2026/05/07 11:46:07,140,0.10598329454660416
2026/05/07 11:46:08,139,0.13732431828975677
2026/05/07 11:46:09,138,0.1995997428894043
2026/05/07 11:46:10,137,0.12752939760684967
2026/05/07 11:46:11,137,0.12962067127227783
2026/05/07 11:46:12,136,0.29774707555770874
2026/05/07 11:46:13,136,0.10128720104694366
2026/05/07 11:46:14,136,0.15713739395141602
2026/05/07 11:46:15,135,0.29888612031936646
2026/05/07 11:46:16,134,0.20279429852962494
2026/05/07 11:46:17,133,0.0811668187379837
2026/05/07 11:46:18,132,0.45263585448265076
2026/05/07 11:46:19,132,0.27697235345840454
2026/05/07 11:46:20,132,0.15353499352931976
2026/05/07 11:46:21,132,0.14810410141944885
2026/05/07 11:46:22,133,0.4819949269294739
2026/05/07 11:46:23,133,0.6102887392044067
2026/05/07 11:46:24,134,0.19487130641937256
2026/05/07 11:46:25,134,0.24010542035102844
2026/05/07 11:46:26,135,0.5213516354560852
2026/05/07 11:46:27,136,0.21671108901500702
2026/05/07 11:46:28,137,0.13575059175491333
2026/05/07 11:46:29,138,0.5995277166366577
2026/05/07 11:46:30,138,0.5193027853965759
2026/05/07 11:46:31,139,0.21461333334445953
2026/05/07 11:46:32,139,0.17692546546459198
2026/05/07 11:46:33,139,0.2626499533653259
2026/05/07 11:46:34,139,0.09160115569829941
2026/05/07 11:46:35,140,0.057249609380960464
2026/05/07 11:46:36,141,0.06510703265666962
2026/05/07 11:46:37,142,0.1947052925825119
2026/05/07 11:46:38,143,0.06938084214925766
2026/05/07 11:46:39,144,0.08678100258111954
2026/05/07 11:46:40,145,0.24692396819591522
2026/05/07 11:46:41,146,0.34138908982276917
2026/05/07 11:46:42,147,0.21488463878631592
2026/05/07 11:46:43,148,0.0723564550280571
2026/05/07 11:46:44,149,0.2607170641422272
2026/05/07 11:46:45,150,0.4528413414955139
2026/05/07 11:46:46,150,0.2537543773651123
2026/05/07 11:46:47,151,0.17341871559619904
2026/05/07 11:46:48,151,0.7401512861251831
2026/05/07 11:46:49,152,0.23509465157985687
2026/05/07 11:46:50,152,0.07021477818489075
2026/05/07 11:46:51,153,0.32434093952178955
2026/05/07 11:46:52,153,0.6638493537902832
2026/05/07 11:46:53,153,0.16167300939559937
2026/05/07 11:46:54,153,0.12282554060220718
2026/05/07 11:46:55,153,0.45887571573257446
2026/05/07 11:46:56,153,0.44238361716270447
2026/05/07 11:46:57,153,0.060500748455524445
2026/05/07 11:46:58,153,0.43141263723373413
2026/05/07 11:46:59,153,0.8736855983734131
2026/05/07 11:47:00,154,0.7161893844604492
2026/05/07 11:47:01,154,0.3956596553325653
2026/05/07 11:47:02,153,0.6476638317108154
2026/05/07 11:47:03,154,0.8642151951789856
2026/05/07 11:47:04,154,0.42711299657821655
2026/05/07 11:47:05,154,0.23883391916751862
2026/05/07 11:47:06,155,0.686151921749115
2026/05/07 11:47:07,156,0.5916091203689575
2026/05/07 11:47:08,157,0.2780955135822296
2026/05/07 11:47:09,158,0.5416367053985596
2026/05/07 11:47:10,158,0.3580973446369171
2026/05/07 11:47:11,159,0.30783316493034363
2026/05/07 11:47:12,160,0.19382886588573456
2026/05/07 11:47:13,161,0.5032411813735962
2026/05/07 11:47:14,161,0.22758811712265015
2026/05/07 11:47:15,161,0.13308025896549225
2026/05/07 11:47:16,161,0.11257962882518768
2026/05/07 11:47:17,162,0.09759227931499481
2026/05/07 11:47:18,163,0.08901148289442062
2026/05/07 11:47:19,164,0.13493338227272034
2026/05/07 11:47:20,164,0.06227552890777588
2026/05/07 11:47:21,165,0.06123892590403557
2026/05/07 11:47:22,166,0.08399476855993271
2026/05/07 11:47:23,167,0.10348893702030182
2026/05/07 11:47:24,168,0.1178746223449707
2026/05/07 11:47:25,169,0.19475944340229034
2026/05/07 11:47:26,170,0.18306437134742737
2026/05/07 11:47:27,171,0.20591101050376892
2026/05/07 11:47:28,171,0.4964994192123413
2026/05/07 11:47:29,172,0.16964159905910492
2026/05/07 11:47:30,172,0.128522589802742
2026/05/07 11:47:31,172,0.1495928019285202
2026/05/07 11:47:32,172,0.15754562616348267
2026/05/07 11:47:33,172,0.17399466037750244
2026/05/07 11:47:34,172,0.07141593843698502
2026/05/07 11:47:35,172,0.021111691370606422
2026/05/07 11:47:36,172,0.031184380874037743
2026/05/07 11:47:37,171,0.07291431725025177
2026/05/07 11:47:38,171,0.1590578705072403
2026/05/07 11:47:39,170,0.11491864174604416
2026/05/07 11:47:40,170,0.07779582589864731
2026/05/07 11:47:41,169,0.07842767238616943
2026/05/07 11:47:42,168,0.04489356651902199
2026/05/07 11:47:43,167,0.04558343440294266
2026/05/07 11:47:44,166,0.04889514297246933
2026/05/07 11:47:45,165,0.033432625234127045
2026/05/07 11:47:46,165,0.1360897719860077
2026/05/07 11:47:47,164,0.06142387166619301
2026/05/07 11:47:48,164,0.12007809430360794
2026/05/07 11:47:49,164,0.08264833688735962
2026/05/07 11:47:50,164,0.10316319763660431
2026/05/07 11:47:51,165,0.1632394641637802
2026/05/07 11:47:52,165,0.18656904995441437
2026/05/07 11:47:53,165,0.2692529559135437
2026/05/07 11:47:54,165,0.2518971860408783
2026/05/07 11:47:55,165,0.1609237641096115
2026/05/07 11:47:56,165,0.14553509652614594
2026/05/07 11:47:57,165,0.07201327383518219
2026/05/07 11:47:58,165,0.09109710901975632
2026/05/07 11:47:59,165,0.04352883622050285
2026/05/07 11:48:00,165,0.032334841787815094
2026/05/07 11:48:01,165,0.021449260413646698
2026/05/07 11:48:02,164,0.06058966740965843
2026/05/07 11:48:03,164,0.018742697313427925
2026/05/07 11:48:04,164,0.15981073677539825
2026/05/07 11:48:05,163,0.15882672369480133
2026/05/07 11:48:06,163,0.09365781396627426
2026/05/07 11:48:07,162,0.0956844761967659
2026/05/07 11:48:08,161,0.04509813338518143
2026/05/07 11:48:09,161,0.02442040666937828
2026/05/07 11:48:10,160,0.038864992558956146
2026/05/07 11:48:11,159,0.0670861229300499
2026/05/07 11:48:12,159,0.4684908986091614
2026/05/07 11:48:13,159,0.3126128315925598
2026/05/07 11:48:14,159,0.3042922019958496
2026/05/07 11:48:15,159,0.18174771964550018
2026/05/07 11:48:16,159,0.17035752534866333
2026/05/07 11:48:17,159,0.22345197200775146
2026/05/07 11:48:18,158,0.583600640296936
2026/05/07 11:48:19,157,0.39559242129325867
2026/05/07 11:48:20,157,0.3842552602291107
2026/05/07 11:48:21,156,0.195929154753685
2026/05/07 11:48:22,156,0.17471599578857422
2026/05/07 11:48:23,155,0.08776954561471939
2026/05/07 11:48:24,155,0.06825398653745651
2026/05/07 11:48:25,156,0.30607572197914124
2026/05/07 11:48:26,157,0.33414170145988464
2026/05/07 11:48:27,157,0.4300462603569031
2026/05/07 11:48:28,157,0.1286199390888214
2026/05/07 11:48:29,157,0.1931414157152176
2026/05/07 11:48:30,155,0.37843942642211914
2026/05/07 11:48:31,154,0.31536439061164856
2026/05/07 11:48:32,154,0.30359670519828796
2026/05/07 11:48:33,153,0.1635538935661316
2026/05/07 11:48:34,151,0.1780460625886917
2026/05/07 11:48:35,151,0.16882900893688202
2026/05/07 11:48:36,151,0.18636764585971832
2026/05/07 11:48:37,150,0.168733149766922
2026/05/07 11:48:38,151,0.15909752249717712
2026/05/07 11:48:39,151,0.21309366822242737
2026/05/07 11:48:40,151,0.18550162017345428
2026/05/07 11:48:41,151,0.15105193853378296
2026/05/07 11:48:42,151,0.13389034569263458
2026/05/07 11:48:43,151,0.07900728285312653
2026/05/07 11:48:44,151,0.13040746748447418
2026/05/07 11:48:45,150,0.15096817910671234
2026/05/07 11:48:46,150,0.10243329405784607
2026/05/07 11:48:47,150,0.09212329238653183
2026/05/07 11:48:48,149,0.08444778621196747
2026/05/07 11:48:49,149,0.11494992673397064
2026/05/07 11:48:50,149,0.06380365788936615
2026/05/07 11:48:51,149,0.07411085814237595
2026/05/07 11:48:52,149,0.06010185554623604
2026/05/07 11:48:53,148,0.046691179275512695
2026/05/07 11:48:54,148,0.04538582265377045
2026/05/07 11:48:55,148,0.04525597766041756
2026/05/07 11:48:56,148,0.0442291721701622
2026/05/07 11:48:57,148,0.037064552307128906
2026/05/07 11:48:58,149,0.08960343897342682
2026/05/07 11:48:59,149,0.03544297814369202
2026/05/07 11:49:00,149,0.050868961960077286
2026/05/07 11:49:01,150,0.03658993914723396
2026/05/07 11:49:02,150,0.03403870761394501
2026/05/07 11:49:03,150,0.1296738088130951
2026/05/07 11:49:04,150,0.15829895436763763
2026/05/07 11:49:05,150,0.11472772806882858
2026/05/07 11:49:06,150,0.06984899938106537
2026/05/07 11:49:07,151,0.13533976674079895
2026/05/07 11:49:08,151,0.14481765031814575
2026/05/07 11:49:09,152,0.16271249949932098
2026/05/07 11:49:10,152,0.17941810190677643
2026/05/07 11:49:11,152,0.20096713304519653
2026/05/07 11:49:12,152,0.1974983513355255
2026/05/07 11:49:13,152,0.15947343409061432
2026/05/07 11:49:14,152,0.1750287413597107
2026/05/07 11:49:15,151,0.14002640545368195
2026/05/07 11:49:16,151,0.17377308011054993
2026/05/07 11:49:17,151,0.13254719972610474
2026/05/07 11:49:18,151,0.10294762998819351
2026/05/07 11:49:19,150,0.12466426193714142
2026/05/07 11:49:20,150,0.2546979486942291
2026/05/07 11:49:21,150,0.3798617720603943
2026/05/07 11:49:22,150,0.3809835910797119
2026/05/07 11:49:23,149,0.14896273612976074
2026/05/07 11:49:24,148,0.16615718603134155
2026/05/07 11:49:25,147,0.23189343512058258
2026/05/07 11:49:26,147,0.42096593976020813
2026/05/07 11:49:27,146,0.1588914394378662
2026/05/07 11:49:28,145,0.2060026377439499
2026/05/07 11:49:29,144,0.20251597464084625
2026/05/07 11:49:30,144,0.11414893716573715
2026/05/07 11:49:31,143,0.201238214969635
2026/05/07 11:49:32,142,0.17387886345386505
2026/05/07 11:49:33,142,0.1905490756034851
2026/05/07 11:49:34,142,0.11157377064228058
2026/05/07 11:49:35,141,0.18256686627864838
2026/05/07 11:49:36,141,0.1701749712228775
2026/05/07 11:49:37,142,0.08785813301801682
2026/05/07 11:49:38,143,0.15513385832309723
2026/05/07 11:49:39,144,0.17041073739528656
2026/05/07 11:49:40,145,0.2008642852306366
2026/05/07 11:49:41,146,0.22429877519607544
2026/05/07 11:49:42,147,0.26919689774513245
2026/05/07 11:49:43,147,0.19584915041923523
2026/05/07 11:49:44,147,0.2188229262828827
2026/05/07 11:49:45,147,0.21240419149398804
2026/05/07 11:49:46,147,0.20818422734737396
2026/05/07 11:49:47,147,0.14985041320323944
2026/05/07 11:49:48,147,0.1188017949461937
2026/05/07 11:49:49,147,0.14723365008831024
2026/05/07 11:49:50,146,0.15905123949050903
2026/05/07 11:49:51,146,0.1075081154704094
2026/05/07 11:49:52,146,0.12892493605613708
2026/05/07 11:49:53,146,0.13403815031051636
2026/05/07 11:49:54,145,0.12702901661396027
2026/05/07 11:49:55,145,0.14272043108940125
2026/05/07 11:49:56,145,0.2559385895729065
2026/05/07 11:49:57,145,0.15724562108516693
2026/05/07 11:49:58,145,0.15652072429656982
2026/05/07 11:49:59,144,0.1705753058195114
2026/05/07 11:50:00,144,0.1849072128534317
