Timestamp,Heart Rate,ExLoad
2026/05/07 08:39:05,66,
2026/05/07 08:39:06,65,
2026/05/07 08:39:07,64,
2026/05/07 08:39:08,63,
2026/05/07 08:39:09,62,
2026/05/07 08:39:10,61,
2026/05/07 08:39:11,60,
2026/05/07 08:39:12,60,
2026/05/07 08:39:13,60,
2026/05/07 08:39:14,60,
2026/05/07 08:39:15,60,
2026/05/07 08:39:16,59,0.021154526621103287
2026/05/07 08:39:17,58,0.021908948197960854
2026/05/07 08:39:18,58,0.023284994065761566
2026/05/07 08:39:19,57,0.022029902786016464
2026/05/07 08:39:20,57,0.022654695436358452
2026/05/07 08:39:21,56,0.02144039236009121
2026/05/07 08:39:22,56,0.021872946992516518
2026/05/07 08:39:23,55,0.02204015478491783
2026/05/07 08:39:24,55,0.02125316672027111
2026/05/07 08:39:25,56,0.020371805876493454
2026/05/07 08:39:26,56,0.02101091481745243
2026/05/07 08:39:27,57,0.021549101918935776
2026/05/07 08:39:28,57,0.020627396181225777
2026/05/07 08:39:29,57,0.020285461097955704
2026/05/07 08:39:30,57,0.021046536043286324
2026/05/07 08:39:31,57,0.02113504521548748
2026/05/07 08:39:32,57,0.02058888040482998
2026/05/07 08:39:33,57,0.02112477831542492
2026/05/07 08:39:34,57,0.02062702365219593
2026/05/07 08:39:35,57,0.020721975713968277
2026/05/07 08:39:36,56,0.020735567435622215
2026/05/07 08:39:37,56,0.021100638434290886
2026/05/07 08:39:38,56,0.021125202998518944
2026/05/07 08:39:39,57,0.020765459164977074
2026/05/07 08:39:40,57,0.021379470825195312
2026/05/07 08:39:41,58,0.02068200893700123
2026/05/07 08:39:42,58,0.02138994261622429
2026/05/07 08:39:43,59,0.0208026934415102
2026/05/07 08:39:44,60,0.020787445828318596
2026/05/07 08:39:45,61,0.020956099033355713
2026/05/07 08:39:46,62,0.020483117550611496
2026/05/07 08:39:47,63,0.0210768710821867
2026/05/07 08:39:48,65,0.020639833062887192
2026/05/07 08:39:49,66,0.021013159304857254
2026/05/07 08:39:50,66,0.020884044468402863
2026/05/07 08:39:51,65,0.021505676209926605
2026/05/07 08:39:52,66,0.04665149003267288
2026/05/07 08:39:53,66,0.05172199755907059
2026/05/07 08:39:54,66,0.023910148069262505
2026/05/07 08:39:55,66,0.028439784422516823
2026/05/07 08:39:56,66,0.030184587463736534
2026/05/07 08:39:57,66,0.03296070918440819
2026/05/07 08:39:58,66,0.035889144986867905
2026/05/07 08:39:59,66,0.026137810200452805
2026/05/07 08:40:00,66,0.01927850767970085
2026/05/07 08:40:01,66,0.03786814585328102
2026/05/07 08:40:02,67,0.0896197184920311
2026/05/07 08:40:03,68,0.052919380366802216
2026/05/07 08:40:04,68,0.03268929198384285
2026/05/07 08:40:05,68,0.042295366525650024
2026/05/07 08:40:06,68,0.1013774573802948
2026/05/07 08:40:07,67,0.12409402430057526
2026/05/07 08:40:08,67,0.05174807459115982
2026/05/07 08:40:09,66,0.045177146792411804
2026/05/07 08:40:10,65,0.05177883058786392
2026/05/07 08:40:11,64,0.03945932537317276
2026/05/07 08:40:12,64,0.042884331196546555
2026/05/07 08:40:13,63,0.09801847487688065
2026/05/07 08:40:14,63,0.06326140463352203
2026/05/07 08:40:15,62,0.02281384915113449
2026/05/07 08:40:16,63,0.02063913643360138
2026/05/07 08:40:17,64,0.02147519588470459
2026/05/07 08:40:18,64,0.021104371175169945
2026/05/07 08:40:19,65,0.020690368488430977
2026/05/07 08:40:20,65,0.062168899923563004
2026/05/07 08:40:21,66,0.05391716957092285
2026/05/07 08:40:22,66,0.02272355742752552
2026/05/07 08:40:23,66,0.08510775119066238
2026/05/07 08:40:24,67,0.0658433586359024
2026/05/07 08:40:25,67,0.06701015681028366
2026/05/07 08:40:26,67,0.08701931685209274
2026/05/07 08:40:27,67,0.045996103435754776
2026/05/07 08:40:28,67,0.031865861266851425
2026/05/07 08:40:29,67,0.029702922329306602
2026/05/07 08:40:30,67,0.13694985210895538
2026/05/07 08:40:31,66,0.04085667431354523
2026/05/07 08:40:32,66,0.02108095958828926
2026/05/07 08:40:33,65,0.021564746275544167
2026/05/07 08:40:34,65,0.021188639104366302
2026/05/07 08:40:35,65,0.021126138046383858
2026/05/07 08:40:36,65,0.0213150791823864
2026/05/07 08:40:37,66,0.021232519298791885
2026/05/07 08:40:38,66,0.02062048576772213
2026/05/07 08:40:39,66,0.020746497437357903
2026/05/07 08:40:40,66,0.020982809364795685
2026/05/07 08:40:41,66,0.021095046773552895
2026/05/07 08:40:42,66,0.05417601764202118
2026/05/07 08:40:43,66,0.05263730138540268
2026/05/07 08:40:44,66,0.03707757964730263
2026/05/07 08:40:45,65,0.020163021981716156
2026/05/07 08:40:46,66,0.025344768539071083
2026/05/07 08:40:47,66,0.04214781895279884
2026/05/07 08:40:48,66,0.10637717694044113
2026/05/07 08:40:49,66,0.06343435496091843
2026/05/07 08:40:50,66,0.054879095405340195
2026/05/07 08:40:51,66,0.03352002054452896
2026/05/07 08:40:52,66,0.021498670801520348
2026/05/07 08:40:53,66,0.02092648670077324
2026/05/07 08:40:54,66,0.021071908995509148
2026/05/07 08:40:55,66,0.02089274488389492
2026/05/07 08:40:56,66,0.021501721814274788
2026/05/07 08:40:57,66,0.021647922694683075
2026/05/07 08:40:58,66,0.02094939723610878
2026/05/07 08:40:59,65,0.02067217044532299
2026/05/07 08:41:00,66,0.021385157480835915
2026/05/07 08:41:01,66,0.020859118551015854
2026/05/07 08:41:02,66,0.020501019433140755
2026/05/07 08:41:03,66,0.021032286807894707
2026/05/07 08:41:04,66,0.020960967987775803
2026/05/07 08:41:05,66,0.021107736974954605
2026/05/07 08:41:06,67,0.02036740630865097
2026/05/07 08:41:07,67,0.021088913083076477
2026/05/07 08:41:08,67,0.020836416631937027
2026/05/07 08:41:09,67,0.02064433880150318
2026/05/07 08:41:10,66,0.020981328561902046
2026/05/07 08:41:11,66,0.020578136667609215
2026/05/07 08:41:12,67,0.020913928747177124
2026/05/07 08:41:13,68,0.03154937922954559
2026/05/07 08:41:14,68,0.025516662746667862
2026/05/07 08:41:15,69,0.028232391923666
2026/05/07 08:41:16,70,0.0775107592344284
2026/05/07 08:41:17,70,0.07740086317062378
2026/05/07 08:41:18,70,0.0859484076499939
2026/05/07 08:41:19,71,0.03603030741214752
2026/05/07 08:41:20,71,0.020567545667290688
2026/05/07 08:41:21,71,0.019582053646445274
2026/05/07 08:41:22,71,0.0208491999655962
2026/05/07 08:41:23,71,0.021008098497986794
2026/05/07 08:41:24,71,0.02096923440694809
2026/05/07 08:41:25,71,0.02135731838643551
2026/05/07 08:41:26,71,0.020182089880108833
2026/05/07 08:41:27,70,0.020280929282307625
2026/05/07 08:41:28,70,0.02119586616754532
2026/05/07 08:41:29,70,0.020464424043893814
2026/05/07 08:41:30,70,0.019831852987408638
2026/05/07 08:41:31,69,0.02189936302602291
2026/05/07 08:41:32,68,0.02105456404387951
2026/05/07 08:41:33,68,0.02138443849980831
2026/05/07 08:41:34,67,0.03013063594698906
2026/05/07 08:41:35,66,0.024505961686372757
2026/05/07 08:41:36,67,0.020973490551114082
2026/05/07 08:41:37,68,0.02044956013560295
2026/05/07 08:41:38,67,0.03757311403751373
2026/05/07 08:41:39,67,0.021005742251873016
2026/05/07 08:41:40,67,0.02065289579331875
2026/05/07 08:41:41,66,0.021427515894174576
2026/05/07 08:41:42,66,0.020523447543382645
2026/05/07 08:41:43,65,0.021097106859087944
2026/05/07 08:41:44,64,0.020671909675002098
2026/05/07 08:41:45,63,0.0296231210231781
2026/05/07 08:41:46,62,0.03850845992565155
2026/05/07 08:41:47,61,0.04166131466627121
2026/05/07 08:41:48,61,0.029963545501232147
2026/05/07 08:41:49,60,0.02150721289217472
2026/05/07 08:41:50,59,0.021043121814727783
2026/05/07 08:41:51,58,0.04234351962804794
2026/05/07 08:41:52,58,0.021103711798787117
2026/05/07 08:41:53,58,0.020418299362063408
2026/05/07 08:41:54,58,0.021196017041802406
2026/05/07 08:41:55,58,0.019998323172330856
2026/05/07 08:41:56,58,0.020942648872733116
2026/05/07 08:41:57,58,0.021038955077528954
2026/05/07 08:41:58,58,0.02046428807079792
2026/05/07 08:41:59,58,0.0208087507635355
2026/05/07 08:42:00,58,0.021564099937677383
2026/05/07 08:42:01,58,0.021861925721168518
2026/05/07 08:42:02,58,0.02051510661840439
2026/05/07 08:42:03,57,0.021353138610720634
2026/05/07 08:42:04,58,0.02119874581694603
2026/05/07 08:42:05,58,0.02101893164217472
2026/05/07 08:42:06,58,0.024162624031305313
2026/05/07 08:42:07,58,0.02894684486091137
2026/05/07 08:42:08,58,0.021468408405780792
2026/05/07 08:42:09,57,0.052620332688093185
2026/05/07 08:42:10,58,0.0209042988717556
2026/05/07 08:42:11,58,0.02091793157160282
2026/05/07 08:42:12,58,0.020775916054844856
2026/05/07 08:42:13,58,0.02125466987490654
2026/05/07 08:42:14,59,0.021144021302461624
2026/05/07 08:42:15,59,0.020944321528077126
2026/05/07 08:42:16,59,0.021057793870568275
2026/05/07 08:42:17,58,0.02118230238556862
2026/05/07 08:42:18,59,0.02034449204802513
2026/05/07 08:42:19,59,0.021029386669397354
2026/05/07 08:42:20,60,0.021125148981809616
2026/05/07 08:42:21,60,0.02110207825899124
2026/05/07 08:42:22,61,0.021394720301032066
2026/05/07 08:42:23,61,0.02101587876677513
2026/05/07 08:42:24,61,0.02085411548614502
2026/05/07 08:42:25,60,0.021087611094117165
2026/05/07 08:42:26,59,0.020632749423384666
2026/05/07 08:42:27,58,0.020935513079166412
2026/05/07 08:42:28,57,0.02088068425655365
2026/05/07 08:42:29,57,0.02126983180642128
2026/05/07 08:42:30,56,0.07135597616434097
2026/05/07 08:42:31,56,0.03456924110651016
2026/05/07 08:42:32,56,0.020257703959941864
2026/05/07 08:42:33,56,0.02072099782526493
2026/05/07 08:42:34,56,0.020779695361852646
2026/05/07 08:42:35,56,0.02084651030600071
2026/05/07 08:42:36,56,0.020503541454672813
2026/05/07 08:42:37,56,0.021018095314502716
2026/05/07 08:42:38,56,0.02094789408147335
2026/05/07 08:42:39,56,0.02087448537349701
2026/05/07 08:42:40,56,0.02060692198574543
2026/05/07 08:42:41,56,0.020619427785277367
2026/05/07 08:42:42,56,0.020692793652415276
2026/05/07 08:42:43,56,0.020607739686965942
2026/05/07 08:42:44,56,0.02072378247976303
2026/05/07 08:42:45,56,0.021154269576072693
2026/05/07 08:42:46,56,0.020716365426778793
2026/05/07 08:42:47,56,0.020987633615732193
2026/05/07 08:42:48,56,0.020971806719899178
2026/05/07 08:42:49,56,0.021045533940196037
2026/05/07 08:42:50,57,0.020806126296520233
2026/05/07 08:42:51,57,0.020989013835787773
2026/05/07 08:42:52,57,0.020251471549272537
2026/05/07 08:42:53,58,0.023716993629932404
2026/05/07 08:42:54,58,0.07876650243997574
2026/05/07 08:42:55,57,0.030277831479907036
2026/05/07 08:42:56,57,0.021111905574798584
2026/05/07 08:42:57,57,0.02144666574895382
2026/05/07 08:42:58,57,0.04117979109287262
2026/05/07 08:42:59,57,0.03771273046731949
2026/05/07 08:43:00,58,0.021555734798312187
2026/05/07 08:43:01,58,0.02088863030076027
2026/05/07 08:43:02,58,0.020917709916830063
2026/05/07 08:43:03,59,0.020390581339597702
2026/05/07 08:43:04,59,0.021841909736394882
2026/05/07 08:43:05,59,0.019415203481912613
2026/05/07 08:43:06,59,0.0667339637875557
2026/05/07 08:43:07,60,0.023647863417863846
2026/05/07 08:43:08,60,0.020397067070007324
2026/05/07 08:43:09,61,0.021287329494953156
2026/05/07 08:43:10,62,0.019611025229096413
2026/05/07 08:43:11,62,0.020689107477664948
2026/05/07 08:43:12,63,0.021265126764774323
2026/05/07 08:43:13,63,0.02005091682076454
2026/05/07 08:43:14,63,0.020737681537866592
2026/05/07 08:43:15,63,0.020469268783926964
2026/05/07 08:43:16,64,0.020798219367861748
2026/05/07 08:43:17,64,0.02074737846851349
2026/05/07 08:43:18,65,0.020635303109884262
2026/05/07 08:43:19,66,0.021177280694246292
2026/05/07 08:43:20,67,0.02081693522632122
2026/05/07 08:43:21,68,0.021188054233789444
2026/05/07 08:43:22,68,0.0209950003772974
2026/05/07 08:43:23,69,0.020947085693478584
2026/05/07 08:43:24,72,0.021613039076328278
2026/05/07 08:43:25,74,0.021235084161162376
2026/05/07 08:43:26,75,0.027884257957339287
2026/05/07 08:43:27,76,0.05453811585903168
2026/05/07 08:43:28,76,0.02075129933655262
2026/05/07 08:43:29,76,0.020679263398051262
2026/05/07 08:43:30,76,0.021389994770288467
2026/05/07 08:43:31,75,0.02116796001791954
2026/05/07 08:43:32,75,0.02114885300397873
2026/05/07 08:43:33,74,0.048187050968408585
2026/05/07 08:43:34,74,0.02121128886938095
2026/05/07 08:43:35,74,0.020934445783495903
2026/05/07 08:43:36,74,0.021347908303141594
2026/05/07 08:43:37,74,0.020905813202261925
2026/05/07 08:43:38,75,0.021108290180563927
2026/05/07 08:43:39,75,0.021082257851958275
2026/05/07 08:43:40,75,0.0205284021794796
2026/05/07 08:43:41,74,0.020951582118868828
2026/05/07 08:43:42,74,0.0208138357847929
2026/05/07 08:43:43,74,0.02099350467324257
2026/05/07 08:43:44,73,0.021350232884287834
2026/05/07 08:43:45,73,0.02049567550420761
2026/05/07 08:43:46,73,0.020260974764823914
2026/05/07 08:43:47,73,0.021151626482605934
2026/05/07 08:43:48,72,0.02033093571662903
2026/05/07 08:43:49,72,0.02078203856945038
2026/05/07 08:43:50,72,0.02022443152964115
2026/05/07 08:43:51,72,0.021136850118637085
2026/05/07 08:43:52,72,0.021254388615489006
2026/05/07 08:43:53,72,0.021777726709842682
2026/05/07 08:43:54,72,0.020937493070960045
2026/05/07 08:43:55,71,0.02063993364572525
2026/05/07 08:43:56,72,0.02088223397731781
2026/05/07 08:43:57,72,0.021479060873389244
2026/05/07 08:43:58,72,0.021672597154974937
2026/05/07 08:43:59,72,0.02223162166774273
2026/05/07 08:44:00,72,0.020450377836823463
2026/05/07 08:44:01,72,0.020583845674991608
2026/05/07 08:44:02,72,0.019832031801342964
2026/05/07 08:44:03,71,0.020957311615347862
2026/05/07 08:44:04,71,0.02149699628353119
2026/05/07 08:44:05,71,0.020069273188710213
2026/05/07 08:44:06,72,0.020056920126080513
2026/05/07 08:44:07,72,0.020351598039269447
2026/05/07 08:44:08,72,0.02061324380338192
2026/05/07 08:44:09,72,0.02141290344297886
2026/05/07 08:44:10,72,0.020740292966365814
2026/05/07 08:44:11,72,0.020337052643299103
2026/05/07 08:44:12,71,0.021116692572832108
2026/05/07 08:44:13,71,0.02080829069018364
2026/05/07 08:44:14,70,0.02029508166015148
2026/05/07 08:44:15,70,0.01993226259946823
2026/05/07 08:44:16,69,0.020141884684562683
2026/05/07 08:44:17,69,0.02130744978785515
2026/05/07 08:44:18,68,0.022248314693570137
2026/05/07 08:44:19,68,0.02085006609559059
2026/05/07 08:44:20,68,0.02031465247273445
2026/05/07 08:44:21,67,0.021291041746735573
2026/05/07 08:44:22,68,0.020936815068125725
2026/05/07 08:44:23,68,0.020129093900322914
2026/05/07 08:44:24,68,0.020718885585665703
2026/05/07 08:44:25,69,0.02089914120733738
2026/05/07 08:44:26,69,0.02060960792005062
2026/05/07 08:44:27,70,0.02112158015370369
2026/05/07 08:44:28,71,0.02077960968017578
2026/05/07 08:44:29,72,0.020440086722373962
2026/05/07 08:44:30,72,0.020813418552279472
2026/05/07 08:44:31,73,0.021265562623739243
2026/05/07 08:44:32,72,0.044664572924375534
2026/05/07 08:44:33,72,0.08371095359325409
2026/05/07 08:44:34,72,0.020957989618182182
2026/05/07 08:44:35,73,0.0199413001537323
2026/05/07 08:44:36,73,0.020762912929058075
2026/05/07 08:44:37,73,0.020470697432756424
2026/05/07 08:44:38,72,0.019861942157149315
2026/05/07 08:44:39,72,0.023396575823426247
2026/05/07 08:44:40,72,0.020604552701115608
2026/05/07 08:44:41,72,0.03617177531123161
2026/05/07 08:44:42,72,0.0584307424724102
2026/05/07 08:44:43,73,0.02739521861076355
2026/05/07 08:44:44,73,0.01956326887011528
2026/05/07 08:44:45,73,0.020781023427844048
2026/05/07 08:44:46,74,0.020544972270727158
2026/05/07 08:44:47,74,0.024159157648682594
2026/05/07 08:44:48,75,0.022228877991437912
2026/05/07 08:44:49,76,0.02112206630408764
2026/05/07 08:44:50,76,0.020276740193367004
2026/05/07 08:44:51,76,0.022672560065984726
2026/05/07 08:44:52,76,0.02038060687482357
2026/05/07 08:44:53,75,0.10502136498689651
2026/05/07 08:44:54,75,0.02096673846244812
2026/05/07 08:44:55,74,0.09210202842950821
2026/05/07 08:44:56,73,0.1519353836774826
2026/05/07 08:44:57,72,0.06750118732452393
2026/05/07 08:44:58,72,0.04076339676976204
2026/05/07 08:44:59,71,0.036054011434316635
2026/05/07 08:45:00,71,0.037552088499069214
2026/05/07 08:45:01,71,0.02142135612666607
2026/05/07 08:45:02,71,0.15145094692707062
2026/05/07 08:45:03,71,0.023311477154493332
2026/05/07 08:45:04,72,0.021920081228017807
2026/05/07 08:45:05,72,0.02074691653251648
2026/05/07 08:45:06,72,0.020537618547677994
2026/05/07 08:45:07,72,0.02219795435667038
2026/05/07 08:45:08,72,0.02037922665476799
2026/05/07 08:45:09,72,0.01965499296784401
2026/05/07 08:45:10,72,0.021113762632012367
2026/05/07 08:45:11,72,0.020412541925907135
2026/05/07 08:45:12,72,0.021580420434474945
2026/05/07 08:45:13,72,0.020764529705047607
2026/05/07 08:45:14,72,0.021535512059926987
2026/05/07 08:45:15,71,0.020578371360898018
2026/05/07 08:45:16,71,0.02085763029754162
2026/05/07 08:45:17,71,0.02040884643793106
2026/05/07 08:45:18,71,0.02136148326098919
2026/05/07 08:45:19,71,0.02075684256851673
2026/05/07 08:45:20,71,0.020731406286358833
2026/05/07 08:45:21,72,0.02020149677991867
2026/05/07 08:45:22,73,0.020694054663181305
2026/05/07 08:45:23,73,0.02084140107035637
2026/05/07 08:45:24,74,0.0235891155898571
2026/05/07 08:45:25,75,0.020251089707016945
2026/05/07 08:45:26,76,0.021201107650995255
2026/05/07 08:45:27,76,0.02103680558502674
2026/05/07 08:45:28,76,0.021109405905008316
2026/05/07 08:45:29,76,0.020836226642131805
2026/05/07 08:45:30,76,0.021065054461359978
2026/05/07 08:45:31,76,0.02172589674592018
2026/05/07 08:45:32,76,0.021383794024586678
2026/05/07 08:45:33,77,0.02068658359348774
2026/05/07 08:45:34,77,0.019583649933338165
2026/05/07 08:45:35,77,0.021554484963417053
2026/05/07 08:45:36,77,0.020479716360569
2026/05/07 08:45:37,77,0.020352954044938087
2026/05/07 08:45:38,77,0.021075937896966934
2026/05/07 08:45:39,76,0.01991511508822441
2026/05/07 08:45:40,76,0.02096080593764782
2026/05/07 08:45:41,75,0.021658195182681084
2026/05/07 08:45:42,76,0.019228830933570862
2026/05/07 08:45:43,76,0.020782139152288437
2026/05/07 08:45:44,77,0.02136172726750374
2026/05/07 08:45:45,78,0.020274953916668892
2026/05/07 08:45:46,79,0.02007591351866722
2026/05/07 08:45:47,80,0.019098782911896706
2026/05/07 08:45:48,81,0.02137233130633831
2026/05/07 08:45:49,82,0.021168962121009827
2026/05/07 08:45:50,84,0.021187029778957367
2026/05/07 08:45:51,85,0.020101163536310196
2026/05/07 08:45:52,86,0.020439211279153824
2026/05/07 08:45:53,86,0.02003183402121067
2026/05/07 08:45:54,85,0.01928047090768814
2026/05/07 08:45:55,85,0.02047918550670147
2026/05/07 08:45:56,84,0.019448628649115562
2026/05/07 08:45:57,83,0.020493147894740105
2026/05/07 08:45:58,82,0.020921600982546806
2026/05/07 08:45:59,81,0.022600345313549042
2026/05/07 08:46:00,80,0.02118396759033203
2026/05/07 08:46:01,79,0.020373985171318054
2026/05/07 08:46:02,79,0.020627686753869057
2026/05/07 08:46:03,78,0.021158071234822273
2026/05/07 08:46:04,78,0.02084716409444809
2026/05/07 08:46:05,78,0.020889390259981155
2026/05/07 08:46:06,77,0.020705506205558777
2026/05/07 08:46:07,77,0.01991959847509861
2026/05/07 08:46:08,76,0.02022656239569187
2026/05/07 08:46:09,76,0.02140924148261547
2026/05/07 08:46:10,76,0.020728377625346184
2026/05/07 08:46:11,76,0.020797526463866234
2026/05/07 08:46:12,76,0.020890330895781517
2026/05/07 08:46:13,76,0.020941846072673798
2026/05/07 08:46:14,76,0.020284168422222137
2026/05/07 08:46:15,76,0.020289400592446327
2026/05/07 08:46:16,76,0.021761195734143257
2026/05/07 08:46:17,76,0.02124902233481407
2026/05/07 08:46:18,76,0.021611230447888374
2026/05/07 08:46:19,76,0.019379373639822006
2026/05/07 08:46:20,75,0.02033034712076187
2026/05/07 08:46:21,75,0.02209307625889778
2026/05/07 08:46:22,75,0.021892370656132698
2026/05/07 08:46:23,76,0.02250358834862709
2026/05/07 08:46:24,75,0.051800623536109924
2026/05/07 08:46:25,75,0.04543977230787277
2026/05/07 08:46:26,74,0.020865999162197113
2026/05/07 08:46:27,74,0.02034447342157364
2026/05/07 08:46:28,72,0.019756875932216644
2026/05/07 08:46:29,71,0.021180983632802963
2026/05/07 08:46:30,72,0.0323246493935585
2026/05/07 08:46:31,73,0.022472510114312172
2026/05/07 08:46:32,73,0.0191032737493515
2026/05/07 08:46:33,73,0.020138543099164963
2026/05/07 08:46:34,72,0.020659830421209335
2026/05/07 08:46:35,71,0.02637699991464615
2026/05/07 08:46:36,71,0.022109758108854294
2026/05/07 08:46:37,70,0.052402932196855545
2026/05/07 08:46:38,70,0.05227210372686386
2026/05/07 08:46:39,69,0.02775740809738636
2026/05/07 08:46:40,69,0.048186205327510834
2026/05/07 08:46:41,69,0.06959300488233566
2026/05/07 08:46:42,69,0.2098168432712555
2026/05/07 08:46:43,69,0.021093085408210754
2026/05/07 08:46:44,68,0.023127596825361252
2026/05/07 08:46:45,68,0.02138388343155384
2026/05/07 08:46:46,67,0.06826287508010864
2026/05/07 08:46:47,67,0.08902991563081741
2026/05/07 08:46:48,67,0.02562906965613365
2026/05/07 08:46:49,69,0.021675432100892067
2026/05/07 08:46:50,68,0.021296720951795578
2026/05/07 08:46:51,68,0.021862540394067764
2026/05/07 08:46:52,68,0.021322624757885933
2026/05/07 08:46:53,69,0.020426781848073006
2026/05/07 08:46:54,69,0.02134374901652336
2026/05/07 08:46:55,70,0.021850116550922394
2026/05/07 08:46:56,70,0.02018030174076557
2026/05/07 08:46:57,70,0.021856073290109634
2026/05/07 08:46:58,70,0.0199954342097044
2026/05/07 08:46:59,70,0.021275894716382027
2026/05/07 08:47:00,70,0.030465321615338326
2026/05/07 08:47:01,70,0.05215687304735184
2026/05/07 08:47:02,70,0.06622840464115143
2026/05/07 08:47:03,70,0.03973691910505295
2026/05/07 08:47:04,71,0.021746201440691948
2026/05/07 08:47:05,72,0.020418157801032066
2026/05/07 08:47:06,73,0.022492611780762672
2026/05/07 08:47:07,73,0.02150578983128071
2026/05/07 08:47:08,73,0.0228290818631649
2026/05/07 08:47:09,73,0.01977299340069294
2026/05/07 08:47:10,73,0.020644625648856163
2026/05/07 08:47:11,73,0.022564778104424477
2026/05/07 08:47:12,73,0.025195065885782242
2026/05/07 08:47:13,74,0.022006193175911903
2026/05/07 08:47:14,75,0.023221615701913834
2026/05/07 08:47:15,75,0.02191450446844101
2026/05/07 08:47:16,76,0.01883525401353836
2026/05/07 08:47:17,77,0.021054521203041077
2026/05/07 08:47:18,78,0.024149436503648758
2026/05/07 08:47:19,78,0.022668488323688507
2026/05/07 08:47:20,78,0.021149808540940285
2026/05/07 08:47:21,78,0.021256403997540474
2026/05/07 08:47:22,79,0.022388458251953125
2026/05/07 08:47:23,79,0.02090867981314659
2026/05/07 08:47:24,79,0.02235938049852848
2026/05/07 08:47:25,80,0.02594694495201111
2026/05/07 08:47:26,81,0.02119622752070427
2026/05/07 08:47:27,82,0.020318517461419106
2026/05/07 08:47:28,82,0.023347653448581696
2026/05/07 08:47:29,83,0.04744303971529007
2026/05/07 08:47:30,82,0.05952582135796547
2026/05/07 08:47:31,82,0.050228748470544815
2026/05/07 08:47:32,82,0.02143752947449684
2026/05/07 08:47:33,81,0.02130899764597416
2026/05/07 08:47:34,82,0.022028718143701553
2026/05/07 08:47:35,82,0.021311210468411446
2026/05/07 08:47:36,82,0.021820347756147385
2026/05/07 08:47:37,82,0.022676855325698853
2026/05/07 08:47:38,82,0.020515020936727524
2026/05/07 08:47:39,82,0.021107980981469154
2026/05/07 08:47:40,82,0.019864827394485474
2026/05/07 08:47:41,82,0.02180066891014576
2026/05/07 08:47:42,82,0.0223248191177845
2026/05/07 08:47:43,82,0.02080943062901497
2026/05/07 08:47:44,81,0.020102210342884064
2026/05/07 08:47:45,81,0.01942208968102932
2026/05/07 08:47:46,81,0.020577184855937958
2026/05/07 08:47:47,81,0.020464729517698288
2026/05/07 08:47:48,81,0.02174806222319603
2026/05/07 08:47:49,81,0.021477797999978065
2026/05/07 08:47:50,80,0.02130230888724327
2026/05/07 08:47:51,80,0.021124791353940964
2026/05/07 08:47:52,80,0.02110307291150093
2026/05/07 08:47:53,80,0.022214828059077263
2026/05/07 08:47:54,80,0.020658167079091072
2026/05/07 08:47:55,80,0.020799554884433746
2026/05/07 08:47:56,80,0.020785650238394737
2026/05/07 08:47:57,80,0.020772583782672882
2026/05/07 08:47:58,80,0.021567564457654953
2026/05/07 08:47:59,80,0.020292723551392555
2026/05/07 08:48:00,80,0.15408889949321747
2026/05/07 08:48:01,80,0.03747430816292763
2026/05/07 08:48:02,80,0.022030021995306015
2026/05/07 08:48:03,80,0.06026771292090416
2026/05/07 08:48:04,80,0.04360158368945122
2026/05/07 08:48:05,80,0.021111661568284035
2026/05/07 08:48:06,80,0.023463048040866852
2026/05/07 08:48:07,80,0.02136034332215786
2026/05/07 08:48:08,80,0.02730623260140419
2026/05/07 08:48:09,80,0.020407503470778465
2026/05/07 08:48:10,80,0.02250395528972149
2026/05/07 08:48:11,80,0.0332159586250782
2026/05/07 08:48:12,80,0.021284734830260277
2026/05/07 08:48:13,79,0.021341757848858833
2026/05/07 08:48:14,79,0.020658718422055244
2026/05/07 08:48:15,78,0.021424101665616035
2026/05/07 08:48:16,77,0.02225172333419323
2026/05/07 08:48:17,77,0.030256109312176704
2026/05/07 08:48:18,76,0.02127605862915516
2026/05/07 08:48:19,75,0.02104763500392437
2026/05/07 08:48:20,74,0.022107664495706558
2026/05/07 08:48:21,74,0.036112211644649506
2026/05/07 08:48:22,74,0.025717373937368393
2026/05/07 08:48:23,74,0.0207147765904665
2026/05/07 08:48:24,74,0.022580133751034737
2026/05/07 08:48:25,74,0.02087658829987049
2026/05/07 08:48:26,74,0.049733370542526245
2026/05/07 08:48:27,74,0.029277939349412918
2026/05/07 08:48:28,73,0.020556198433041573
2026/05/07 08:48:29,73,0.08292295783758163
2026/05/07 08:48:30,73,0.045773252844810486
2026/05/07 08:48:31,73,0.02050507627427578
2026/05/07 08:48:32,73,0.03276500478386879
2026/05/07 08:48:33,73,0.025191521272063255
2026/05/07 08:48:34,73,0.02114250510931015
2026/05/07 08:48:35,73,0.019912993535399437
2026/05/07 08:48:36,73,0.03672740235924721
2026/05/07 08:48:37,73,0.02006658725440502
2026/05/07 08:48:38,73,0.02196119911968708
2026/05/07 08:48:39,73,0.02057749778032303
2026/05/07 08:48:40,73,0.05958617851138115
2026/05/07 08:48:41,73,0.023479819297790527
2026/05/07 08:48:42,74,0.025506548583507538
2026/05/07 08:48:43,74,0.042482711374759674
2026/05/07 08:48:44,73,0.022684119641780853
2026/05/07 08:48:45,73,0.0231727734208107
2026/05/07 08:48:46,74,0.02152998559176922
2026/05/07 08:48:47,75,0.05329250544309616
2026/05/07 08:48:48,75,0.022723618894815445
2026/05/07 08:48:49,75,0.02093140035867691
2026/05/07 08:48:50,76,0.15125034749507904
2026/05/07 08:48:51,76,0.29470205307006836
2026/05/07 08:48:52,76,0.2542240619659424
2026/05/07 08:48:53,76,0.3326292037963867
2026/05/07 08:48:54,76,0.3278777599334717
2026/05/07 08:48:55,76,0.021820100024342537
2026/05/07 08:48:56,77,0.03344045579433441
2026/05/07 08:48:57,77,0.047190893441438675
2026/05/07 08:48:58,78,0.022896790876984596
2026/05/07 08:48:59,78,0.021923108026385307
2026/05/07 08:49:00,79,0.02433931827545166
2026/05/07 08:49:01,79,0.02297615446150303
2026/05/07 08:49:02,79,0.02887682244181633
2026/05/07 08:49:03,79,0.022325143218040466
2026/05/07 08:49:04,79,0.022042473778128624
2026/05/07 08:49:05,79,0.024711843580007553
2026/05/07 08:49:06,79,0.01905217580497265
2026/05/07 08:49:07,79,0.020449204370379448
2026/05/07 08:49:08,78,0.025372426956892014
2026/05/07 08:49:09,78,0.02682313695549965
2026/05/07 08:49:10,77,0.02121073752641678
2026/05/07 08:49:11,76,0.02291547879576683
2026/05/07 08:49:12,76,0.0367775596678257
2026/05/07 08:49:13,75,0.06413494795560837
2026/05/07 08:49:14,75,0.022713514044880867
2026/05/07 08:49:15,76,0.02301670052111149
2026/05/07 08:49:16,76,0.022457869723439217
2026/05/07 08:49:17,76,0.0593995600938797
2026/05/07 08:49:18,76,0.022090813145041466
2026/05/07 08:49:19,76,0.022062992677092552
2026/05/07 08:49:20,76,0.02475154958665371
2026/05/07 08:49:21,76,0.07124783098697662
2026/05/07 08:49:22,76,0.020270826295018196
2026/05/07 08:49:23,77,0.019560595974326134
2026/05/07 08:49:24,77,0.020377952605485916
2026/05/07 08:49:25,77,0.020847082138061523
2026/05/07 08:49:26,79,0.06250206381082535
2026/05/07 08:49:27,80,0.021576493978500366
2026/05/07 08:49:28,80,0.02100951224565506
2026/05/07 08:49:29,80,0.03942667320370674
2026/05/07 08:49:30,81,0.027123188599944115
2026/05/07 08:49:31,81,0.02245200239121914
2026/05/07 08:49:32,82,0.02079196088016033
2026/05/07 08:49:33,83,0.020091334357857704
2026/05/07 08:49:34,83,0.020850416272878647
2026/05/07 08:49:35,82,0.040342845022678375
2026/05/07 08:49:36,82,0.019964730367064476
2026/05/07 08:49:37,81,0.02096157893538475
2026/05/07 08:49:38,81,0.03920556977391243
2026/05/07 08:49:39,81,0.021102847531437874
2026/05/07 08:49:40,81,0.020452959463000298
2026/05/07 08:49:41,81,0.022306928411126137
2026/05/07 08:49:42,81,0.020489053800702095
2026/05/07 08:49:43,80,0.06831124424934387
2026/05/07 08:49:44,80,0.019893845543265343
2026/05/07 08:49:45,80,0.020431330427527428
2026/05/07 08:49:46,80,0.0487288236618042
2026/05/07 08:49:47,80,0.027286820113658905
2026/05/07 08:49:48,79,0.020447958260774612
2026/05/07 08:49:49,79,0.02075624093413353
2026/05/07 08:49:50,80,0.020909219980239868
2026/05/07 08:49:51,80,0.020844655111432076
2026/05/07 08:49:52,80,0.026774348691105843
2026/05/07 08:49:53,80,0.021823253482580185
2026/05/07 08:49:54,81,0.020812805742025375
2026/05/07 08:49:55,81,0.03404323011636734
2026/05/07 08:49:56,82,0.020547084510326385
2026/05/07 08:49:57,83,0.02066352404654026
2026/05/07 08:49:58,84,0.0762609988451004
2026/05/07 08:49:59,85,0.03285741060972214
2026/05/07 08:50:00,85,0.023428916931152344
2026/05/07 08:50:01,85,0.0521099790930748
2026/05/07 08:50:02,85,0.05665436014533043
2026/05/07 08:50:03,85,0.0199366956949234
2026/05/07 08:50:04,85,0.03348773717880249
2026/05/07 08:50:05,85,0.027326887473464012
2026/05/07 08:50:06,85,0.025821246206760406
2026/05/07 08:50:07,85,0.02036489173769951
2026/05/07 08:50:08,85,0.021649466827511787
2026/05/07 08:50:09,85,0.02270466275513172
2026/05/07 08:50:10,85,0.02104814164340496
2026/05/07 08:50:11,85,0.02360503003001213
2026/05/07 08:50:12,85,0.021052034571766853
2026/05/07 08:50:13,85,0.020732054486870766
2026/05/07 08:50:14,85,0.023458171635866165
2026/05/07 08:50:15,85,0.022652190178632736
2026/05/07 08:50:16,85,0.028096938505768776
2026/05/07 08:50:17,85,0.02438349276781082
2026/05/07 08:50:18,85,0.020894929766654968
2026/05/07 08:50:19,85,0.02081170305609703
2026/05/07 08:50:20,85,0.020372651517391205
2026/05/07 08:50:21,85,0.019670162349939346
2026/05/07 08:50:22,85,0.020118607208132744
2026/05/07 08:50:23,85,0.02069767937064171
2026/05/07 08:50:24,85,0.020248303189873695
2026/05/07 08:50:25,85,0.01974339969456196
2026/05/07 08:50:26,84,0.019704516977071762
2026/05/07 08:50:27,84,0.020058564841747284
2026/05/07 08:50:28,83,0.025572381913661957
2026/05/07 08:50:29,83,0.021359261125326157
2026/05/07 08:50:30,83,0.020522907376289368
2026/05/07 08:50:31,83,0.022380102425813675
2026/05/07 08:50:32,83,0.019961083307862282
2026/05/07 08:50:33,83,0.020428083837032318
2026/05/07 08:50:34,83,0.020032519474625587
2026/05/07 08:50:35,82,0.020216435194015503
2026/05/07 08:50:36,82,0.020720213651657104
2026/05/07 08:50:37,81,0.01973453350365162
2026/05/07 08:50:38,81,0.02133161760866642
2026/05/07 08:50:39,81,0.019768962636590004
2026/05/07 08:50:40,81,0.019944382831454277
2026/05/07 08:50:41,81,0.01997612789273262
2026/05/07 08:50:42,81,0.057956792414188385
2026/05/07 08:50:43,80,0.02601435035467148
2026/05/07 08:50:44,80,0.019463587552309036
2026/05/07 08:50:45,80,0.0220761988312006
2026/05/07 08:50:46,80,0.027786072343587875
2026/05/07 08:50:47,79,0.020831922069191933
2026/05/07 08:50:48,80,0.020265139639377594
2026/05/07 08:50:49,80,0.02047737129032612
2026/05/07 08:50:50,80,0.020666060969233513
2026/05/07 08:50:51,80,0.019980095326900482
2026/05/07 08:50:52,80,0.020109044387936592
2026/05/07 08:50:53,80,0.0201901625841856
2026/05/07 08:50:54,80,0.02059822715818882
2026/05/07 08:50:55,81,0.02024473436176777
2026/05/07 08:50:56,81,0.04029276967048645
2026/05/07 08:50:57,82,0.17431697249412537
2026/05/07 08:50:58,82,0.02051595412194729
2026/05/07 08:50:59,83,0.02081700786948204
2026/05/07 08:51:00,83,0.020520823076367378
2026/05/07 08:51:01,82,0.02049194648861885
2026/05/07 08:51:02,81,0.019806107506155968
2026/05/07 08:51:03,81,0.020484723150730133
2026/05/07 08:51:04,81,0.02058640494942665
2026/05/07 08:51:05,82,0.020441442728042603
2026/05/07 08:51:06,82,0.020166894420981407
2026/05/07 08:51:07,82,0.020290398970246315
2026/05/07 08:51:08,82,0.021320078521966934
2026/05/07 08:51:09,82,0.019779004156589508
2026/05/07 08:51:10,81,0.019162604585289955
2026/05/07 08:51:11,81,0.021218890324234962
2026/05/07 08:51:12,80,0.020613549277186394
2026/05/07 08:51:13,80,0.02064870484173298
2026/05/07 08:51:14,80,0.02217177115380764
2026/05/07 08:51:15,80,0.033495400100946426
2026/05/07 08:51:16,80,0.020715098828077316
2026/05/07 08:51:17,81,0.04047596454620361
2026/05/07 08:51:18,81,0.04501644894480705
2026/05/07 08:51:19,82,0.019977940246462822
2026/05/07 08:51:20,83,0.01985793560743332
2026/05/07 08:51:21,84,0.020481768995523453
2026/05/07 08:51:22,84,0.021351927891373634
2026/05/07 08:51:23,84,0.020699968561530113
2026/05/07 08:51:24,84,0.02239309996366501
2026/05/07 08:51:25,84,0.020280038937926292
2026/05/07 08:51:26,83,0.02035919949412346
2026/05/07 08:51:27,83,0.020055899396538734
2026/05/07 08:51:28,82,0.019845467060804367
2026/05/07 08:51:29,82,0.020385224372148514
2026/05/07 08:51:30,82,0.020599855110049248
2026/05/07 08:51:31,83,0.02033494971692562
2026/05/07 08:51:32,83,0.020188694819808006
2026/05/07 08:51:33,83,0.020404919981956482
2026/05/07 08:51:34,84,0.020631438121199608
2026/05/07 08:51:35,85,0.02052409015595913
2026/05/07 08:51:36,85,0.020034460350871086
2026/05/07 08:51:37,86,0.02024235390126705
2026/05/07 08:51:38,88,0.02047799341380596
2026/05/07 08:51:39,90,0.020252970978617668
2026/05/07 08:51:40,90,0.020736342296004295
2026/05/07 08:51:41,90,0.020425379276275635
2026/05/07 08:51:42,89,0.01964261196553707
2026/05/07 08:51:43,88,0.018943311646580696
2026/05/07 08:51:44,88,0.019737333059310913
2026/05/07 08:51:45,87,0.02051762118935585
2026/05/07 08:51:46,87,0.020496515557169914
2026/05/07 08:51:47,87,0.020435497164726257
2026/05/07 08:51:48,86,0.020985601469874382
2026/05/07 08:51:49,86,0.020460309460759163
2026/05/07 08:51:50,86,0.021198974922299385
2026/05/07 08:51:51,86,0.02068566158413887
2026/05/07 08:51:52,86,0.020337281748652458
2026/05/07 08:51:53,86,0.020494705066084862
2026/05/07 08:51:54,86,0.020633134990930557
2026/05/07 08:51:55,85,0.020961234346032143
2026/05/07 08:51:56,85,0.02103247307240963
2026/05/07 08:51:57,85,0.019810430705547333
2026/05/07 08:51:58,85,0.02120918408036232
2026/05/07 08:51:59,85,0.020220234990119934
2026/05/07 08:52:00,85,0.020398108288645744
2026/05/07 08:52:01,86,0.021343233063817024
2026/05/07 08:52:02,86,0.019914111122488976
2026/05/07 08:52:03,86,0.02068590745329857
2026/05/07 08:52:04,86,0.01975158043205738
2026/05/07 08:52:05,86,0.020719673484563828
2026/05/07 08:52:06,87,0.020067084580659866
2026/05/07 08:52:07,87,0.01960720121860504
2026/05/07 08:52:08,87,0.020348280668258667
2026/05/07 08:52:09,86,0.020509986206889153
2026/05/07 08:52:10,86,0.020512141287326813
2026/05/07 08:52:11,86,0.020557211712002754
2026/05/07 08:52:12,86,0.020948300138115883
2026/05/07 08:52:13,86,0.020558496937155724
2026/05/07 08:52:14,86,0.020702214911580086
2026/05/07 08:52:15,86,0.02046273835003376
2026/05/07 08:52:16,86,0.02096964605152607
2026/05/07 08:52:17,86,0.02080482617020607
2026/05/07 08:52:18,85,0.020820781588554382
2026/05/07 08:52:19,85,0.020383674651384354
2026/05/07 08:52:20,85,0.020595330744981766
2026/05/07 08:52:21,84,0.019999554380774498
2026/05/07 08:52:22,84,0.020452095195651054
2026/05/07 08:52:23,85,0.020552746951580048
2026/05/07 08:52:24,85,0.02022276632487774
2026/05/07 08:52:25,85,0.019924748688936234
2026/05/07 08:52:26,85,0.020255185663700104
2026/05/07 08:52:27,85,0.019901907071471214
2026/05/07 08:52:28,86,0.019490709528326988
2026/05/07 08:52:29,86,0.02022455260157585
2026/05/07 08:52:30,87,0.020964082330465317
2026/05/07 08:52:31,87,0.020258821547031403
2026/05/07 08:52:32,88,0.01812056452035904
2026/05/07 08:52:33,88,0.01989804394543171
2026/05/07 08:52:34,88,0.019938822835683823
2026/05/07 08:52:35,89,0.01989043317735195
2026/05/07 08:52:36,88,0.020315496250987053
2026/05/07 08:52:37,88,0.020066650584340096
2026/05/07 08:52:38,88,0.020332926884293556
2026/05/07 08:52:39,88,0.020366493612527847
2026/05/07 08:52:40,88,0.02007044479250908
2026/05/07 08:52:41,88,0.0204026959836483
2026/05/07 08:52:42,87,0.020106883719563484
2026/05/07 08:52:43,87,0.02007931098341942
2026/05/07 08:52:44,87,0.020681556314229965
2026/05/07 08:52:45,87,0.02009366825222969
2026/05/07 08:52:46,87,0.020559148862957954
2026/05/07 08:52:47,87,0.019865062087774277
2026/05/07 08:52:48,86,0.0203023049980402
2026/05/07 08:52:49,86,0.02080533839762211
2026/05/07 08:52:50,85,0.019777949899435043
2026/05/07 08:52:51,85,0.020007304847240448
2026/05/07 08:52:52,84,0.02065912075340748
2026/05/07 08:52:53,84,0.02056845650076866
2026/05/07 08:52:54,84,0.021004686132073402
2026/05/07 08:52:55,84,0.020655527710914612
2026/05/07 08:52:56,85,0.020597711205482483
2026/05/07 08:52:57,85,0.020228128880262375
2026/05/07 08:52:58,85,0.020594093948602676
2026/05/07 08:52:59,86,0.020145593211054802
2026/05/07 08:53:00,86,0.02096608467400074
2026/05/07 08:53:01,87,0.01986785978078842
2026/05/07 08:53:02,87,0.020428331568837166
2026/05/07 08:53:03,86,0.020222747698426247
2026/05/07 08:53:04,86,0.02049599029123783
2026/05/07 08:53:05,86,0.020916612818837166
2026/05/07 08:53:06,86,0.019908104091882706
2026/05/07 08:53:07,86,0.02055457793176174
2026/05/07 08:53:08,86,0.02107158862054348
2026/05/07 08:53:09,86,0.02039751596748829
2026/05/07 08:53:10,86,0.020601654425263405
2026/05/07 08:53:11,86,0.02012317255139351
2026/05/07 08:53:12,86,0.020085617899894714
2026/05/07 08:53:13,86,0.020496036857366562
2026/05/07 08:53:14,87,0.02028719335794449
2026/05/07 08:53:15,87,0.02041255310177803
2026/05/07 08:53:16,88,0.019945697858929634
2026/05/07 08:53:17,88,0.019783027470111847
2026/05/07 08:53:18,89,0.020780859515070915
2026/05/07 08:53:19,90,0.019801415503025055
2026/05/07 08:53:20,93,0.020204192027449608
2026/05/07 08:53:21,95,0.020307140424847603
2026/05/07 08:53:22,97,0.02032560482621193
2026/05/07 08:53:23,98,0.020471720024943352
2026/05/07 08:53:24,98,0.02068241313099861
2026/05/07 08:53:25,97,0.020249398425221443
2026/05/07 08:53:26,98,0.021111728623509407
2026/05/07 08:53:27,98,0.02073501981794834
2026/05/07 08:53:28,98,0.01967582479119301
2026/05/07 08:53:29,98,0.01965666003525257
2026/05/07 08:53:30,98,0.02094418741762638
2026/05/07 08:53:31,97,0.019863078370690346
2026/05/07 08:53:32,97,0.020605653524398804
2026/05/07 08:53:33,97,0.020409036427736282
2026/05/07 08:53:34,97,0.021133191883563995
2026/05/07 08:53:35,97,0.02096053957939148
2026/05/07 08:53:36,98,0.01955684833228588
2026/05/07 08:53:37,98,0.01983778551220894
2026/05/07 08:53:38,100,0.02034079283475876
2026/05/07 08:53:39,101,0.020534735172986984
2026/05/07 08:53:40,102,0.020533336326479912
2026/05/07 08:53:41,103,0.01978590153157711
2026/05/07 08:53:42,103,0.02042669802904129
2026/05/07 08:53:43,104,0.019988616928458214
2026/05/07 08:53:44,104,0.0206588264554739
2026/05/07 08:53:45,103,0.020358853042125702
2026/05/07 08:53:46,103,0.02051977999508381
2026/05/07 08:53:47,104,0.019974390044808388
2026/05/07 08:53:48,104,0.020614702254533768
2026/05/07 08:53:49,105,0.020475754514336586
2026/05/07 08:53:50,105,0.020514177158474922
2026/05/07 08:53:51,104,0.021040810272097588
2026/05/07 08:53:52,104,0.020756492391228676
2026/05/07 08:53:53,104,0.02030477672815323
2026/05/07 08:53:54,104,0.02065291441977024
2026/05/07 08:53:55,104,0.019651181995868683
2026/05/07 08:53:56,104,0.020526135340332985
2026/05/07 08:53:57,103,0.020264698192477226
2026/05/07 08:53:58,103,0.020706698298454285
2026/05/07 08:53:59,103,0.020563887432217598
2026/05/07 08:54:00,103,0.020538348704576492
2026/05/07 08:54:01,103,0.020248107612133026
2026/05/07 08:54:02,103,0.020824776962399483
2026/05/07 08:54:03,103,0.02031313255429268
2026/05/07 08:54:04,103,0.020418977364897728
2026/05/07 08:54:05,103,0.02033284492790699
2026/05/07 08:54:06,102,0.020368194207549095
2026/05/07 08:54:07,102,0.020431850105524063
2026/05/07 08:54:08,102,0.020539268851280212
2026/05/07 08:54:09,103,0.02033114992082119
2026/05/07 08:54:10,103,0.02044186368584633
2026/05/07 08:54:11,103,0.019793443381786346
2026/05/07 08:54:12,103,0.019897352904081345
2026/05/07 08:54:13,103,0.020494356751441956
2026/05/07 08:54:14,103,0.021227026358246803
2026/05/07 08:54:15,103,0.020140284672379494
2026/05/07 08:54:16,103,0.021444598212838173
2026/05/07 08:54:17,103,0.02054704912006855
2026/05/07 08:54:18,103,0.02029366046190262
2026/05/07 08:54:19,103,0.021147223189473152
2026/05/07 08:54:20,102,0.019565628841519356
2026/05/07 08:54:21,102,0.019800538197159767
2026/05/07 08:54:22,102,0.020328296348452568
2026/05/07 08:54:23,102,0.02041134051978588
2026/05/07 08:54:24,102,0.01986588165163994
2026/05/07 08:54:25,102,0.02046506293118
2026/05/07 08:54:26,101,0.020439889281988144
2026/05/07 08:54:27,101,0.0199517160654068
2026/05/07 08:54:28,101,0.020784035325050354
2026/05/07 08:54:29,101,0.020200712606310844
2026/05/07 08:54:30,101,0.020155150443315506
2026/05/07 08:54:31,101,0.02006213180720806
2026/05/07 08:54:32,100,0.020026275888085365
2026/05/07 08:54:33,100,0.019769761711359024
2026/05/07 08:54:34,100,0.020259656012058258
2026/05/07 08:54:35,99,0.03716277331113815
2026/05/07 08:54:36,99,0.02833913266658783
2026/05/07 08:54:37,99,0.02085578255355358
2026/05/07 08:54:38,99,0.020335238426923752
2026/05/07 08:54:39,99,0.020237356424331665
2026/05/07 08:54:40,99,0.0204495657235384
2026/05/07 08:54:41,99,0.019766906276345253
2026/05/07 08:54:42,99,0.020996738225221634
2026/05/07 08:54:43,99,0.01966210827231407
2026/05/07 08:54:44,98,0.02074713073670864
2026/05/07 08:54:45,98,0.02106187865138054
2026/05/07 08:54:46,98,0.020571183413267136
2026/05/07 08:54:47,98,0.019983265548944473
2026/05/07 08:54:48,97,0.020213128998875618
2026/05/07 08:54:49,97,0.019987547770142555
2026/05/07 08:54:50,97,0.0202950369566679
2026/05/07 08:54:51,97,0.020861051976680756
2026/05/07 08:54:52,97,0.020279886201024055
2026/05/07 08:54:53,97,0.02001628652215004
2026/05/07 08:54:54,97,0.02009374462068081
2026/05/07 08:54:55,97,0.02038329653441906
2026/05/07 08:54:56,97,0.02020256035029888
2026/05/07 08:54:57,97,0.020484669134020805
2026/05/07 08:54:58,96,0.019693873822689056
2026/05/07 08:54:59,96,0.020675702020525932
2026/05/07 08:55:00,96,0.022441627457737923
2026/05/07 08:55:01,95,0.019969386979937553
2026/05/07 08:55:02,95,0.019474098458886147
2026/05/07 08:55:03,94,0.02018258161842823
2026/05/07 08:55:04,94,0.021293897181749344
2026/05/07 08:55:05,94,0.022689426317811012
2026/05/07 08:55:06,94,0.02079535461962223
2026/05/07 08:55:07,94,0.02163180708885193
2026/05/07 08:55:08,94,0.020197896286845207
2026/05/07 08:55:09,94,0.02016584202647209
2026/05/07 08:55:10,94,0.020274806767702103
2026/05/07 08:55:11,94,0.020385200157761574
2026/05/07 08:55:12,95,0.020565960556268692
2026/05/07 08:55:13,95,0.021873436868190765
2026/05/07 08:55:14,95,0.019615771248936653
2026/05/07 08:55:15,95,0.020228061825037003
2026/05/07 08:55:16,94,0.02101963572204113
2026/05/07 08:55:17,94,0.020180007442831993
2026/05/07 08:55:18,94,0.01977396383881569
2026/05/07 08:55:19,94,0.021043945103883743
2026/05/07 08:55:20,95,0.019753823056817055
2026/05/07 08:55:21,95,0.020550720393657684
2026/05/07 08:55:22,96,0.020383426919579506
2026/05/07 08:55:23,97,0.02106143720448017
2026/05/07 08:55:24,98,0.021118612959980965
2026/05/07 08:55:25,99,0.0202611293643713
2026/05/07 08:55:26,102,0.021071700379252434
2026/05/07 08:55:27,104,0.020639363676309586
2026/05/07 08:55:28,104,0.019305728375911713
2026/05/07 08:55:29,105,0.020777998492121696
2026/05/07 08:55:30,106,0.02015284262597561
2026/05/07 08:55:31,106,0.020614266395568848
2026/05/07 08:55:32,106,0.021172914654016495
2026/05/07 08:55:33,106,0.022505948320031166
2026/05/07 08:55:34,106,0.019123269245028496
2026/05/07 08:55:35,106,0.02122274786233902
2026/05/07 08:55:36,105,0.020489923655986786
2026/05/07 08:55:37,105,0.02183481864631176
2026/05/07 08:55:38,105,0.020346811041235924
2026/05/07 08:55:39,105,0.02064971998333931
2026/05/07 08:55:40,105,0.0204848051071167
2026/05/07 08:55:41,105,0.020816892385482788
2026/05/07 08:55:42,105,0.020606817677617073
2026/05/07 08:55:43,105,0.1683831363916397
2026/05/07 08:55:44,105,0.25774088501930237
2026/05/07 08:55:45,104,0.21946020424365997
2026/05/07 08:55:46,105,0.18003502488136292
2026/05/07 08:55:47,106,0.15254326164722443
2026/05/07 08:55:48,107,0.27173224091529846
2026/05/07 08:55:49,108,0.14420033991336823
2026/05/07 08:55:50,109,0.49525803327560425
2026/05/07 08:55:51,109,0.3280140459537506
2026/05/07 08:55:52,109,0.34939998388290405
2026/05/07 08:55:53,109,0.5773276090621948
2026/05/07 08:55:54,110,0.34719404578208923
2026/05/07 08:55:55,112,0.07812530547380447
2026/05/07 08:55:56,112,0.10714023560285568
2026/05/07 08:55:57,112,0.06917019188404083
2026/05/07 08:55:58,112,0.12292075902223587
2026/05/07 08:55:59,112,0.16411897540092468
2026/05/07 08:56:00,112,0.16919538378715515
2026/05/07 08:56:01,112,0.2047584503889084
2026/05/07 08:56:02,112,0.13540112972259521
2026/05/07 08:56:03,112,0.23096519708633423
2026/05/07 08:56:04,113,0.0608283095061779
2026/05/07 08:56:05,113,0.04641653224825859
2026/05/07 08:56:06,113,0.07020607590675354
2026/05/07 08:56:07,114,0.06468580663204193
2026/05/07 08:56:08,115,0.030235551297664642
2026/05/07 08:56:09,115,0.030309878289699554
2026/05/07 08:56:10,116,0.036552052944898605
2026/05/07 08:56:11,117,0.03401215001940727
2026/05/07 08:56:12,118,0.030506404116749763
2026/05/07 08:56:13,118,0.04115729033946991
2026/05/07 08:56:14,119,0.035107240080833435
2026/05/07 08:56:15,120,0.045473337173461914
2026/05/07 08:56:16,121,0.050746820867061615
2026/05/07 08:56:17,122,0.07656145095825195
2026/05/07 08:56:18,123,0.16085000336170197
2026/05/07 08:56:19,124,0.08381202816963196
2026/05/07 08:56:20,124,0.09120635688304901
2026/05/07 08:56:21,125,0.02769889123737812
2026/05/07 08:56:22,125,0.03561561182141304
2026/05/07 08:56:23,125,0.051905084401369095
2026/05/07 08:56:24,125,0.06292450428009033
2026/05/07 08:56:25,124,0.1057872623205185
2026/05/07 08:56:26,124,0.08839187771081924
2026/05/07 08:56:27,124,0.1096281036734581
2026/05/07 08:56:28,123,0.02325199544429779
2026/05/07 08:56:29,123,0.020688079297542572
2026/05/07 08:56:30,122,0.019679125398397446
2026/05/07 08:56:31,122,0.020230701193213463
2026/05/07 08:56:32,121,0.019794415682554245
2026/05/07 08:56:33,120,0.02035076916217804
2026/05/07 08:56:34,118,0.019547658041119576
2026/05/07 08:56:35,117,0.019711628556251526
2026/05/07 08:56:36,115,0.020369363948702812
2026/05/07 08:56:37,113,0.020093262195587158
2026/05/07 08:56:38,111,0.019694874063134193
2026/05/07 08:56:39,110,0.020561808720231056
2026/05/07 08:56:40,109,0.019817356020212173
2026/05/07 08:56:41,109,0.03259404003620148
2026/05/07 08:56:42,108,0.022720400243997574
2026/05/07 08:56:43,107,0.022357355803251266
2026/05/07 08:56:44,107,0.02247599884867668
2026/05/07 08:56:45,106,0.020419573411345482
2026/05/07 08:56:46,106,0.022545067593455315
2026/05/07 08:56:47,105,0.029119782149791718
2026/05/07 08:56:48,104,0.01837674155831337
2026/05/07 08:56:49,104,0.019045403227210045
2026/05/07 08:56:50,103,0.01856970600783825
2026/05/07 08:56:51,102,0.018393728882074356
2026/05/07 08:56:52,101,0.018652373924851418
2026/05/07 08:56:53,100,0.019099969416856766
2026/05/07 08:56:54,99,0.018579142168164253
2026/05/07 08:56:55,98,0.01811731792986393
2026/05/07 08:56:56,98,0.018841827288269997
2026/05/07 08:56:57,98,0.01819370500743389
2026/05/07 08:56:58,98,0.018279561772942543
2026/05/07 08:56:59,98,0.01869487203657627
2026/05/07 08:57:00,99,0.019116871058940887
2026/05/07 08:57:01,99,0.01909892074763775
2026/05/07 08:57:02,100,0.017765797674655914
2026/05/07 08:57:03,101,0.08347392082214355
2026/05/07 08:57:04,102,0.05197557434439659
2026/05/07 08:57:05,103,0.053090404719114304
2026/05/07 08:57:06,104,0.07241050153970718
2026/05/07 08:57:07,104,0.07706799358129501
2026/05/07 08:57:08,105,0.15853238105773926
2026/05/07 08:57:09,105,0.06364105641841888
2026/05/07 08:57:10,105,0.0892542228102684
2026/05/07 08:57:11,106,0.16719672083854675
2026/05/07 08:57:12,106,0.044538889080286026
2026/05/07 08:57:13,106,0.06996499001979828
2026/05/07 08:57:14,105,0.019357426092028618
2026/05/07 08:57:15,105,0.017753923311829567
2026/05/07 08:57:16,104,0.017997510731220245
2026/05/07 08:57:17,104,0.016740862280130386
2026/05/07 08:57:18,104,0.016794998198747635
2026/05/07 08:57:19,104,0.01705135591328144
2026/05/07 08:57:20,104,0.01699729450047016
2026/05/07 08:57:21,104,0.01734147220849991
2026/05/07 08:57:22,104,0.017549527809023857
2026/05/07 08:57:23,104,0.016521772369742393
2026/05/07 08:57:24,104,0.01688670925796032
2026/05/07 08:57:25,103,0.01723361387848854
2026/05/07 08:57:26,102,0.018041139468550682
2026/05/07 08:57:27,102,0.01522851549088955
2026/05/07 08:57:28,101,0.017912916839122772
2026/05/07 08:57:29,100,0.016750240698456764
2026/05/07 08:57:30,100,0.01699363999068737
2026/05/07 08:57:31,99,0.017106061801314354
2026/05/07 08:57:32,99,0.01660846918821335
2026/05/07 08:57:33,98,0.016883619129657745
2026/05/07 08:57:34,97,0.016925662755966187
2026/05/07 08:57:35,97,0.016238069161772728
2026/05/07 08:57:36,97,0.015977513045072556
2026/05/07 08:57:37,97,0.01605345867574215
2026/05/07 08:57:38,96,0.01690809428691864
2026/05/07 08:57:39,95,0.016205549240112305
2026/05/07 08:57:40,94,0.016300145536661148
2026/05/07 08:57:41,93,0.015819912776350975
2026/05/07 08:57:42,92,0.01649797521531582
2026/05/07 08:57:43,91,0.01614827662706375
2026/05/07 08:57:44,90,0.016243327409029007
2026/05/07 08:57:45,90,0.016544124111533165
2026/05/07 08:57:46,90,0.017185553908348083
2026/05/07 08:57:47,90,0.016785861924290657
2026/05/07 08:57:48,90,0.015946870669722557
2026/05/07 08:57:49,91,0.017011959105730057
2026/05/07 08:57:50,91,0.016146790236234665
2026/05/07 08:57:51,91,0.01645667292177677
2026/05/07 08:57:52,91,0.020982306450605392
2026/05/07 08:57:53,91,0.020166153088212013
2026/05/07 08:57:54,91,0.016514459624886513
2026/05/07 08:57:55,91,0.017482515424489975
2026/05/07 08:57:56,92,0.016758181154727936
2026/05/07 08:57:57,92,0.016197778284549713
2026/05/07 08:57:58,93,0.015569501556456089
2026/05/07 08:57:59,93,0.016221364960074425
2026/05/07 08:58:00,94,0.01576501503586769
2026/05/07 08:58:01,94,0.016277575865387917
2026/05/07 08:58:02,94,0.015074229799211025
2026/05/07 08:58:03,93,0.015386187471449375
2026/05/07 08:58:04,93,0.016196830198168755
2026/05/07 08:58:05,92,0.016513744369149208
2026/05/07 08:58:06,91,0.017135173082351685
2026/05/07 08:58:07,91,0.016627952456474304
2026/05/07 08:58:08,91,0.016441434621810913
2026/05/07 08:58:09,90,0.016733959317207336
2026/05/07 08:58:10,90,0.01624131388962269
2026/05/07 08:58:11,91,0.01710256189107895
2026/05/07 08:58:12,91,0.0168075580149889
2026/05/07 08:58:13,91,0.01674041524529457
2026/05/07 08:58:14,91,0.017143791541457176
2026/05/07 08:58:15,91,0.01723279058933258
2026/05/07 08:58:16,91,0.01706644706428051
2026/05/07 08:58:17,91,0.016941284760832787
2026/05/07 08:58:18,91,0.01709219627082348
2026/05/07 08:58:19,91,0.017391951754689217
2026/05/07 08:58:20,91,0.016984067857265472
2026/05/07 08:58:21,91,0.01698559895157814
2026/05/07 08:58:22,92,0.018141474574804306
2026/05/07 08:58:23,92,0.0184691920876503
2026/05/07 08:58:24,92,0.015597358345985413
2026/05/07 08:58:25,92,0.019846318289637566
2026/05/07 08:58:26,92,0.026149393990635872
2026/05/07 08:58:27,92,0.018715621903538704
2026/05/07 08:58:28,91,0.01645991951227188
2026/05/07 08:58:29,90,0.015495488420128822
2026/05/07 08:58:30,90,0.018154410645365715
2026/05/07 08:58:31,90,0.01718663051724434
2026/05/07 08:58:32,91,0.020213967189192772
2026/05/07 08:58:33,91,0.029717402532696724
2026/05/07 08:58:34,91,0.017155049368739128
2026/05/07 08:58:35,91,0.018043164163827896
2026/05/07 08:58:36,91,0.018094539642333984
2026/05/07 08:58:37,90,0.017980225384235382
2026/05/07 08:58:38,89,0.016390308737754822
2026/05/07 08:58:39,87,0.016908619552850723
2026/05/07 08:58:40,86,0.017188463360071182
2026/05/07 08:58:41,85,0.016551310196518898
2026/05/07 08:58:42,86,0.016104726120829582
2026/05/07 08:58:43,87,0.017171060666441917
2026/05/07 08:58:44,87,0.017106324434280396
2026/05/07 08:58:45,86,0.018382949754595757
2026/05/07 08:58:46,85,0.01615130715072155
2026/05/07 08:58:47,84,0.01833541877567768
2026/05/07 08:58:48,85,0.017720147967338562
2026/05/07 08:58:49,86,0.018053947016596794
2026/05/07 08:58:50,88,0.017424078658223152
2026/05/07 08:58:51,89,0.01758618839085102
2026/05/07 08:58:52,89,0.017308346927165985
2026/05/07 08:58:53,89,0.01781594753265381
2026/05/07 08:58:54,89,0.01748032681643963
2026/05/07 08:58:55,89,0.07233839482069016
2026/05/07 08:58:56,89,0.04659299924969673
2026/05/07 08:58:57,89,0.1280396580696106
2026/05/07 08:58:58,90,0.06267309188842773
2026/05/07 08:58:59,90,0.05816686525940895
2026/05/07 08:59:00,90,0.034370969980955124
2026/05/07 08:59:01,90,0.07743113487958908
2026/05/07 08:59:02,91,0.09690415859222412
2026/05/07 08:59:03,92,0.018534479662775993
2026/05/07 08:59:04,91,0.01866123080253601
2026/05/07 08:59:05,90,0.017038317397236824
2026/05/07 08:59:06,89,0.017327308654785156
2026/05/07 08:59:07,89,0.017532864585518837
2026/05/07 08:59:08,88,0.017677482217550278
2026/05/07 08:59:09,87,0.016958605498075485
2026/05/07 08:59:10,85,0.017795292660593987
2026/05/07 08:59:11,84,0.017599282786250114
2026/05/07 08:59:12,84,0.017580779269337654
2026/05/07 08:59:13,84,0.017377058044075966
2026/05/07 08:59:14,82,0.017521198838949203
2026/05/07 08:59:15,81,0.018053444102406502
2026/05/07 08:59:16,81,0.017478082329034805
2026/05/07 08:59:17,80,0.017594551667571068
2026/05/07 08:59:18,80,0.017795009538531303
2026/05/07 08:59:19,80,0.017877642065286636
2026/05/07 08:59:20,80,0.017911938950419426
2026/05/07 08:59:21,80,0.017749864608049393
2026/05/07 08:59:22,81,0.01719888485968113
2026/05/07 08:59:23,82,0.018184175714850426
2026/05/07 08:59:24,82,0.01788707822561264
2026/05/07 08:59:25,82,0.01791628822684288
2026/05/07 08:59:26,84,0.017661601305007935
2026/05/07 08:59:27,84,0.017661063000559807
2026/05/07 08:59:28,86,0.017701761797070503
2026/05/07 08:59:29,87,0.01837952435016632
2026/05/07 08:59:30,88,0.03189282491803169
2026/05/07 08:59:31,89,0.03938471898436546
2026/05/07 08:59:32,89,0.02246991917490959
2026/05/07 08:59:33,89,0.02824401669204235
2026/05/07 08:59:34,90,0.060308605432510376
2026/05/07 08:59:35,91,0.03944523632526398
2026/05/07 08:59:36,92,0.036568783223629
2026/05/07 08:59:37,93,0.03701533004641533
2026/05/07 08:59:38,92,0.03168300539255142
2026/05/07 08:59:39,91,0.019423512741923332
2026/05/07 08:59:40,90,0.017052061855793
2026/05/07 08:59:41,89,0.016864564269781113
2026/05/07 08:59:42,88,0.01707044616341591
2026/05/07 08:59:43,88,0.016994047909975052
2026/05/07 08:59:44,88,0.016941584646701813
2026/05/07 08:59:45,88,0.01699540764093399
2026/05/07 08:59:46,88,0.016330508515238762
2026/05/07 08:59:47,88,0.01718931458890438
2026/05/07 08:59:48,88,0.016727888956665993
2026/05/07 08:59:49,88,0.01715046912431717
2026/05/07 08:59:50,88,0.01694662868976593
2026/05/07 08:59:51,88,0.01683186925947666
2026/05/07 08:59:52,87,0.017458224669098854
2026/05/07 08:59:53,87,0.017776528373360634
2026/05/07 08:59:54,86,0.017414402216672897
2026/05/07 08:59:55,86,0.017062827944755554
2026/05/07 08:59:56,86,0.01742371916770935
2026/05/07 08:59:57,85,0.016956748440861702
2026/05/07 08:59:58,85,0.01754843257367611
2026/05/07 08:59:59,84,0.01752006635069847
2026/05/07 09:00:00,84,0.017353437840938568
2026/05/07 09:00:01,84,0.01749226823449135
2026/05/07 09:00:02,84,0.017505401745438576
2026/05/07 09:00:03,85,0.01727052964270115
2026/05/07 09:00:04,85,0.016994118690490723
2026/05/07 09:00:05,85,0.017055777832865715
2026/05/07 09:00:06,86,0.017400434240698814
2026/05/07 09:00:07,86,0.016961531713604927
2026/05/07 09:00:08,85,0.017223594710230827
2026/05/07 09:00:09,84,0.016756663098931313
2026/05/07 09:00:10,83,0.017880665138363838
2026/05/07 09:00:11,82,0.016570206731557846
2026/05/07 09:00:12,83,0.01764802634716034
2026/05/07 09:00:13,84,0.017514729872345924
2026/05/07 09:00:14,85,0.0178520530462265
2026/05/07 09:00:15,86,0.017114931717514992
2026/05/07 09:00:16,86,0.017333421856164932
2026/05/07 09:00:17,85,0.017058836296200752
2026/05/07 09:00:18,85,0.02345055341720581
2026/05/07 09:00:19,85,0.04131919890642166
2026/05/07 09:00:20,85,0.028461750596761703
2026/05/07 09:00:21,85,0.019262591376900673
2026/05/07 09:00:22,85,0.022912196815013885
2026/05/07 09:00:23,85,0.02077660895884037
2026/05/07 09:00:24,84,0.02047300525009632
2026/05/07 09:00:25,83,0.02080175280570984
2026/05/07 09:00:26,82,0.02014237269759178
2026/05/07 09:00:27,81,0.01930440403521061
2026/05/07 09:00:28,79,0.02020225115120411
2026/05/07 09:00:29,78,0.019920824095606804
2026/05/07 09:00:30,76,0.020675858482718468
2026/05/07 09:00:31,75,0.01939987950026989
2026/05/07 09:00:32,75,0.02010880410671234
2026/05/07 09:00:33,75,0.02051020972430706
2026/05/07 09:00:34,75,0.019961243495345116
2026/05/07 09:00:35,75,0.020526139065623283
2026/05/07 09:00:36,75,0.020695332437753677
2026/05/07 09:00:37,75,0.020438460633158684
2026/05/07 09:00:38,76,0.020427294075489044
2026/05/07 09:00:39,76,0.020554689690470695
2026/05/07 09:00:40,78,0.02058749832212925
2026/05/07 09:00:41,79,0.020502887666225433
2026/05/07 09:00:42,80,0.019426729530096054
2026/05/07 09:00:43,81,0.020850272849202156
2026/05/07 09:00:44,82,0.019929958507418633
2026/05/07 09:00:45,83,0.02073925919830799
2026/05/07 09:00:46,82,0.019746387377381325
2026/05/07 09:00:47,82,0.020387616008520126
2026/05/07 09:00:48,81,0.0201470497995615
2026/05/07 09:00:49,80,0.02024259977042675
2026/05/07 09:00:50,79,0.01993647590279579
2026/05/07 09:00:51,78,0.020260363817214966
2026/05/07 09:00:52,78,0.020630812272429466
2026/05/07 09:00:53,79,0.020128367468714714
2026/05/07 09:00:54,79,0.020365457981824875
2026/05/07 09:00:55,80,0.02075764536857605
2026/05/07 09:00:56,80,0.01969314180314541
2026/05/07 09:00:57,80,0.020397216081619263
2026/05/07 09:00:58,80,0.020040905103087425
2026/05/07 09:00:59,80,0.020289050415158272
2026/05/07 09:01:00,81,0.020870693027973175
2026/05/07 09:01:01,81,0.020702790468931198
2026/05/07 09:01:02,82,0.0196424201130867
2026/05/07 09:01:03,83,0.02063923515379429
2026/05/07 09:01:04,84,0.02022685296833515
2026/05/07 09:01:05,84,0.020474471151828766
2026/05/07 09:01:06,83,0.020070800557732582
2026/05/07 09:01:07,82,0.020406145602464676
2026/05/07 09:01:08,81,0.018813541159033775
2026/05/07 09:01:09,81,0.0220478642731905
2026/05/07 09:01:10,80,0.020093299448490143
2026/05/07 09:01:11,80,0.020254509523510933
2026/05/07 09:01:12,78,0.01983555220067501
2026/05/07 09:01:13,77,0.01973063312470913
2026/05/07 09:01:14,77,0.020345743745565414
2026/05/07 09:01:15,77,0.020115194842219353
2026/05/07 09:01:16,77,0.020224744454026222
2026/05/07 09:01:17,78,0.02024865709245205
2026/05/07 09:01:18,78,0.020554274320602417
2026/05/07 09:01:19,79,0.019934238865971565
2026/05/07 09:01:20,80,0.01985369250178337
2026/05/07 09:01:21,81,0.020747486501932144
2026/05/07 09:01:22,82,0.01988488994538784
2026/05/07 09:01:23,82,0.0208129845559597
2026/05/07 09:01:24,83,0.02398182824254036
2026/05/07 09:01:25,83,0.02266007661819458
2026/05/07 09:01:26,83,0.020983129739761353
2026/05/07 09:01:27,83,0.019818970933556557
2026/05/07 09:01:28,84,0.020861461758613586
2026/05/07 09:01:29,84,0.020571989938616753
2026/05/07 09:01:30,84,0.019480744376778603
2026/05/07 09:01:31,84,0.020167583599686623
2026/05/07 09:01:32,84,0.020293254405260086
2026/05/07 09:01:33,84,0.01989203691482544
2026/05/07 09:01:34,84,0.020458221435546875
2026/05/07 09:01:35,83,0.01980561390519142
2026/05/07 09:01:36,84,0.019702408462762833
2026/05/07 09:01:37,84,0.020153183490037918
2026/05/07 09:01:38,84,0.020138820633292198
2026/05/07 09:01:39,85,0.020544858649373055
2026/05/07 09:01:40,85,0.019895236939191818
2026/05/07 09:01:41,86,0.01968996971845627
2026/05/07 09:01:42,86,0.02012530155479908
2026/05/07 09:01:43,87,0.019996462389826775
2026/05/07 09:01:44,87,0.019646618515253067
2026/05/07 09:01:45,87,0.01974336802959442
2026/05/07 09:01:46,85,0.020253153517842293
2026/05/07 09:01:47,85,0.01998104155063629
2026/05/07 09:01:48,84,0.019893746823072433
2026/05/07 09:01:49,84,0.01947902888059616
2026/05/07 09:01:50,84,0.020071329548954964
2026/05/07 09:01:51,85,0.01989593170583248
2026/05/07 09:01:52,85,0.019676338881254196
2026/05/07 09:01:53,85,0.019659971818327904
2026/05/07 09:01:54,85,0.019933108240365982
2026/05/07 09:01:55,85,0.018517248332500458
2026/05/07 09:01:56,84,0.019959058612585068
2026/05/07 09:01:57,84,0.019841637462377548
2026/05/07 09:01:58,84,0.0196999479085207
2026/05/07 09:01:59,84,0.020243901759386063
2026/05/07 09:02:00,84,0.019140640273690224
2026/05/07 09:02:01,85,0.01923953928053379
2026/05/07 09:02:02,85,0.01954910345375538
2026/05/07 09:02:03,86,0.017171042039990425
2026/05/07 09:02:04,86,0.03668981045484543
2026/05/07 09:02:05,85,0.030471721664071083
2026/05/07 09:02:06,85,0.02667224034667015
2026/05/07 09:02:07,85,0.03003845177590847
2026/05/07 09:02:08,85,0.0822855606675148
2026/05/07 09:02:09,85,0.046543221920728683
2026/05/07 09:02:10,84,0.06767432391643524
2026/05/07 09:02:11,84,0.031825292855501175
2026/05/07 09:02:12,83,0.026117777451872826
2026/05/07 09:02:13,83,0.020648233592510223
2026/05/07 09:02:14,83,0.01830643229186535
2026/05/07 09:02:15,82,0.018140599131584167
2026/05/07 09:02:16,82,0.01859588921070099
2026/05/07 09:02:17,82,0.018688682466745377
2026/05/07 09:02:18,82,0.018945666030049324
2026/05/07 09:02:19,82,0.02040618099272251
2026/05/07 09:02:20,81,0.018580475822091103
2026/05/07 09:02:21,81,0.019305991008877754
2026/05/07 09:02:22,82,0.018562015146017075
2026/05/07 09:02:23,83,0.01946834847331047
2026/05/07 09:02:24,84,0.01841452158987522
2026/05/07 09:02:25,85,0.018738994374871254
2026/05/07 09:02:26,86,0.01833529584109783
2026/05/07 09:02:27,86,0.018652159720659256
2026/05/07 09:02:28,85,0.019904518499970436
2026/05/07 09:02:29,85,0.019374307245016098
2026/05/07 09:02:30,84,0.01803160458803177
2026/05/07 09:02:31,84,0.018634475767612457
2026/05/07 09:02:32,83,0.01892928220331669
2026/05/07 09:02:33,83,0.019255956634879112
2026/05/07 09:02:34,83,0.018225304782390594
2026/05/07 09:02:35,83,0.01827475056052208
2026/05/07 09:02:36,84,0.01845218986272812
2026/05/07 09:02:37,85,0.01780976913869381
2026/05/07 09:02:38,86,0.018246039748191833
2026/05/07 09:02:39,88,0.018991393968462944
2026/05/07 09:02:40,89,0.018379485234618187
2026/05/07 09:02:41,91,0.020620979368686676
2026/05/07 09:02:42,92,0.021344901993870735
2026/05/07 09:02:43,93,0.030636681243777275
2026/05/07 09:02:44,92,0.022257676348090172
2026/05/07 09:02:45,91,0.022323841229081154
2026/05/07 09:02:46,91,0.018998434767127037
2026/05/07 09:02:47,90,0.02038605511188507
2026/05/07 09:02:48,90,0.02228056639432907
2026/05/07 09:02:49,90,0.017008895054459572
2026/05/07 09:02:50,90,0.020158566534519196
2026/05/07 09:02:51,89,0.019816197454929352
2026/05/07 09:02:52,88,0.02017270214855671
2026/05/07 09:02:53,87,0.019542746245861053
2026/05/07 09:02:54,86,0.019480135291814804
2026/05/07 09:02:55,86,0.019655654206871986
2026/05/07 09:02:56,86,0.020458346232771873
2026/05/07 09:02:57,87,0.028038419783115387
2026/05/07 09:02:58,87,0.021388037130236626
2026/05/07 09:02:59,86,0.020386507734656334
2026/05/07 09:03:00,85,0.02190413512289524
2026/05/07 09:03:01,85,0.020650159567594528
2026/05/07 09:03:02,85,0.020973429083824158
2026/05/07 09:03:03,85,0.021061861887574196
2026/05/07 09:03:04,84,0.020966269075870514
2026/05/07 09:03:05,84,0.02337484061717987
2026/05/07 09:03:06,83,0.020779086276888847
2026/05/07 09:03:07,83,0.02151630073785782
2026/05/07 09:03:08,84,0.02060072124004364
2026/05/07 09:03:09,85,0.02168508805334568
2026/05/07 09:03:10,86,0.020959151908755302
2026/05/07 09:03:11,87,0.02165413461625576
2026/05/07 09:03:12,87,0.056202683597803116
2026/05/07 09:03:13,88,0.03508560732007027
2026/05/07 09:03:14,88,0.027639294043183327
2026/05/07 09:03:15,88,0.03228788450360298
2026/05/07 09:03:16,89,0.022361911833286285
2026/05/07 09:03:17,89,0.016978496685624123
2026/05/07 09:03:18,90,0.019972769543528557
2026/05/07 09:03:19,91,0.01579248160123825
2026/05/07 09:03:20,93,0.018093647435307503
2026/05/07 09:03:21,93,0.01780073344707489
2026/05/07 09:03:22,93,0.023686692118644714
2026/05/07 09:03:23,92,0.018466129899024963
2026/05/07 09:03:24,91,0.01759009249508381
2026/05/07 09:03:25,90,0.016241542994976044
2026/05/07 09:03:26,90,0.017789576202630997
2026/05/07 09:03:27,90,0.01697395183146
2026/05/07 09:03:28,91,0.017217734828591347
2026/05/07 09:03:29,91,0.024575229734182358
2026/05/07 09:03:30,91,0.025696175172924995
2026/05/07 09:03:31,90,0.018040770664811134
2026/05/07 09:03:32,89,0.018740946426987648
2026/05/07 09:03:33,89,0.017829107120633125
2026/05/07 09:03:34,88,0.018097812309861183
2026/05/07 09:03:35,88,0.01946113258600235
2026/05/07 09:03:36,89,0.017129817977547646
2026/05/07 09:03:37,90,0.01813625730574131
2026/05/07 09:03:38,90,0.01906462572515011
2026/05/07 09:03:39,90,0.019170386716723442
2026/05/07 09:03:40,89,0.017824193462729454
2026/05/07 09:03:41,89,0.041473034769296646
2026/05/07 09:03:42,89,0.023285793140530586
2026/05/07 09:03:43,89,0.03913901746273041
2026/05/07 09:03:44,89,0.03031247667968273
2026/05/07 09:03:45,89,0.035737477242946625
2026/05/07 09:03:46,89,0.023025207221508026
2026/05/07 09:03:47,90,0.03220232576131821
2026/05/07 09:03:48,90,0.023900218307971954
2026/05/07 09:03:49,90,0.021751174703240395
2026/05/07 09:03:50,90,0.027945755049586296
2026/05/07 09:03:51,89,0.02717982418835163
2026/05/07 09:03:52,89,0.02468864805996418
2026/05/07 09:03:53,89,0.03152531012892723
2026/05/07 09:03:54,90,0.02299092896282673
2026/05/07 09:03:55,90,0.022152945399284363
2026/05/07 09:03:56,89,0.041510988026857376
2026/05/07 09:03:57,89,0.024757144972682
2026/05/07 09:03:58,89,0.019847260788083076
2026/05/07 09:03:59,89,0.021073391661047935
2026/05/07 09:04:00,89,0.02265765704214573
2026/05/07 09:04:01,88,0.030116325244307518
2026/05/07 09:04:02,88,0.02360207960009575
2026/05/07 09:04:03,88,0.02256269007921219
2026/05/07 09:04:04,89,0.02242058329284191
2026/05/07 09:04:05,90,0.06086951494216919
2026/05/07 09:04:06,91,0.056532781571149826
2026/05/07 09:04:07,92,0.026221277192234993
2026/05/07 09:04:08,91,0.06170143559575081
2026/05/07 09:04:09,91,0.039589639753103256
2026/05/07 09:04:10,90,0.029026692733168602
2026/05/07 09:04:11,89,0.042506370693445206
2026/05/07 09:04:12,88,0.06173160672187805
2026/05/07 09:04:13,88,0.024624275043606758
2026/05/07 09:04:14,89,0.030847935006022453
2026/05/07 09:04:15,91,0.028432603925466537
2026/05/07 09:04:16,91,0.02945602871477604
2026/05/07 09:04:17,92,0.028762472793459892
2026/05/07 09:04:18,91,0.023584870621562004
2026/05/07 09:04:19,90,0.038400545716285706
2026/05/07 09:04:20,89,0.04125556722283363
2026/05/07 09:04:21,89,0.02938673086464405
2026/05/07 09:04:22,88,0.028391852974891663
2026/05/07 09:04:23,87,0.02769947610795498
2026/05/07 09:04:24,87,0.029268203303217888
2026/05/07 09:04:25,87,0.034523431211709976
2026/05/07 09:04:26,88,0.04465518146753311
2026/05/07 09:04:27,88,0.032153330743312836
2026/05/07 09:04:28,87,0.0298455823212862
2026/05/07 09:04:29,87,0.02478562481701374
2026/05/07 09:04:30,85,0.02420683018863201
2026/05/07 09:04:31,85,0.024910781532526016
2026/05/07 09:04:32,84,0.0247635655105114
2026/05/07 09:04:33,84,0.025278085842728615
2026/05/07 09:04:34,83,0.024913016706705093
2026/05/07 09:04:35,83,0.02460012398660183
2026/05/07 09:04:36,82,0.024670403450727463
2026/05/07 09:04:37,81,0.025267530232667923
2026/05/07 09:04:38,82,0.02481558732688427
2026/05/07 09:04:39,83,0.024748848751187325
2026/05/07 09:04:40,83,0.02481934241950512
2026/05/07 09:04:41,84,0.024547500535845757
2026/05/07 09:04:42,85,0.02536078356206417
2026/05/07 09:04:43,85,0.02463456243276596
2026/05/07 09:04:44,85,0.025166386738419533
2026/05/07 09:04:45,85,0.02463318221271038
2026/05/07 09:04:46,84,0.025394495576620102
2026/05/07 09:04:47,83,0.024927424266934395
2026/05/07 09:04:48,83,0.024535533040761948
2026/05/07 09:04:49,83,0.02438303828239441
2026/05/07 09:04:50,84,0.025366932153701782
2026/05/07 09:04:51,84,0.025257358327507973
2026/05/07 09:04:52,84,0.02473330870270729
2026/05/07 09:04:53,84,0.024746662005782127
2026/05/07 09:04:54,85,0.024877188727259636
2026/05/07 09:04:55,86,0.024877972900867462
2026/05/07 09:04:56,87,0.025202693417668343
2026/05/07 09:04:57,89,0.028724191710352898
2026/05/07 09:04:58,89,0.03170858323574066
2026/05/07 09:04:59,88,0.026815280318260193
2026/05/07 09:05:00,87,0.02824363298714161
2026/05/07 09:05:01,87,0.025551090016961098
2026/05/07 09:05:02,85,0.024747351184487343
2026/05/07 09:05:03,84,0.024436533451080322
2026/05/07 09:05:04,84,0.024035288020968437
2026/05/07 09:05:05,83,0.025254901498556137
2026/05/07 09:05:06,85,0.024735286831855774
2026/05/07 09:05:07,86,0.02484891563653946
2026/05/07 09:05:08,88,0.02503097429871559
2026/05/07 09:05:09,89,0.03346477448940277
2026/05/07 09:05:10,89,0.02996610850095749
2026/05/07 09:05:11,90,0.04587598517537117
2026/05/07 09:05:12,89,0.044981449842453
2026/05/07 09:05:13,88,0.06934456527233124
2026/05/07 09:05:14,87,0.06304752081632614
2026/05/07 09:05:15,86,0.026824770495295525
2026/05/07 09:05:16,86,0.03224613517522812
2026/05/07 09:05:17,85,0.027112627401947975
2026/05/07 09:05:18,85,0.03039115108549595
2026/05/07 09:05:19,85,0.02508564665913582
2026/05/07 09:05:20,84,0.0221208855509758
2026/05/07 09:05:21,83,0.022287674248218536
2026/05/07 09:05:22,82,0.023219836875796318
2026/05/07 09:05:23,82,0.023187773302197456
2026/05/07 09:05:24,82,0.022193653509020805
2026/05/07 09:05:25,82,0.021825967356562614
2026/05/07 09:05:26,83,0.021927759051322937
2026/05/07 09:05:27,83,0.03591577336192131
2026/05/07 09:05:28,84,0.06054726988077164
2026/05/07 09:05:29,84,0.05081179365515709
2026/05/07 09:05:30,85,0.029325800016522408
2026/05/07 09:05:31,86,0.032635562121868134
2026/05/07 09:05:32,87,0.062133800238370895
2026/05/07 09:05:33,87,0.05420318990945816
2026/05/07 09:05:34,87,0.03990715742111206
2026/05/07 09:05:35,86,0.06688249111175537
2026/05/07 09:05:36,87,0.05340627580881119
2026/05/07 09:05:37,88,0.09573192894458771
2026/05/07 09:05:38,88,0.05037642642855644
2026/05/07 09:05:39,89,0.07431332767009735
2026/05/07 09:05:40,89,0.06945142149925232
2026/05/07 09:05:41,90,0.17606250941753387
2026/05/07 09:05:42,90,0.032064780592918396
2026/05/07 09:05:43,90,0.03033355250954628
2026/05/07 09:05:44,89,0.024992886930704117
2026/05/07 09:05:45,88,0.02043551206588745
2026/05/07 09:05:46,88,0.020884107798337936
2026/05/07 09:05:47,87,0.020886745303869247
2026/05/07 09:05:48,87,0.020408393815159798
2026/05/07 09:05:49,86,0.021359631791710854
2026/05/07 09:05:50,86,0.021194826811552048
2026/05/07 09:05:51,86,0.02018256112933159
2026/05/07 09:05:52,86,0.024323714897036552
2026/05/07 09:05:53,86,0.019863322377204895
2026/05/07 09:05:54,86,0.020723991096019745
2026/05/07 09:05:55,86,0.021305980160832405
2026/05/07 09:05:56,85,0.021194463595747948
2026/05/07 09:05:57,85,0.021001845598220825
2026/05/07 09:05:58,86,0.02076888456940651
2026/05/07 09:05:59,86,0.020688647404313087
2026/05/07 09:06:00,86,0.020828302949666977
2026/05/07 09:06:01,87,0.021428624168038368
2026/05/07 09:06:02,87,0.021174315363168716
2026/05/07 09:06:03,87,0.021021626889705658
2026/05/07 09:06:04,87,0.020466145128011703
2026/05/07 09:06:05,87,0.020216235890984535
2026/05/07 09:06:06,86,0.021688135340809822
2026/05/07 09:06:07,85,0.020962821319699287
2026/05/07 09:06:08,85,0.020494025200605392
2026/05/07 09:06:09,84,0.020162463188171387
2026/05/07 09:06:10,84,0.020818985998630524
2026/05/07 09:06:11,84,0.020049024373292923
2026/05/07 09:06:12,84,0.019947968423366547
2026/05/07 09:06:13,85,0.024066321551799774
2026/05/07 09:06:14,84,0.029592014849185944
2026/05/07 09:06:15,83,0.02669350989162922
2026/05/07 09:06:16,82,0.030054258182644844
2026/05/07 09:06:17,81,0.01915907673537731
2026/05/07 09:06:18,80,0.018724903464317322
2026/05/07 09:06:19,79,0.018367791548371315
2026/05/07 09:06:20,79,0.020711427554488182
2026/05/07 09:06:21,79,0.018342480063438416
2026/05/07 09:06:22,80,0.018828807398676872
2026/05/07 09:06:23,81,0.019275518134236336
2026/05/07 09:06:24,82,0.02014053240418434
2026/05/07 09:06:25,83,0.025639792904257774
2026/05/07 09:06:26,83,0.03112652152776718
2026/05/07 09:06:27,84,0.018464447930455208
2026/05/07 09:06:28,84,0.019712883979082108
2026/05/07 09:06:29,84,0.019502384588122368
2026/05/07 09:06:30,84,0.01986430399119854
2026/05/07 09:06:31,85,0.01952393911778927
2026/05/07 09:06:32,85,0.01994236372411251
2026/05/07 09:06:33,85,0.02006847970187664
2026/05/07 09:06:34,86,0.020157935097813606
2026/05/07 09:06:35,86,0.019338112324476242
2026/05/07 09:06:36,87,0.02944815158843994
2026/05/07 09:06:37,87,0.03850356861948967
2026/05/07 09:06:38,87,0.035818807780742645
2026/05/07 09:06:39,87,0.02367367036640644
2026/05/07 09:06:40,86,0.036740776151418686
2026/05/07 09:06:41,86,0.01372024416923523
2026/05/07 09:06:42,85,0.013996396213769913
2026/05/07 09:06:43,85,0.014935651794075966
2026/05/07 09:06:44,84,0.014773721806704998
2026/05/07 09:06:45,83,0.014616213738918304
2026/05/07 09:06:46,83,0.015474176034331322
2026/05/07 09:06:47,83,0.027212973684072495
2026/05/07 09:06:48,84,0.10262660682201385
2026/05/07 09:06:49,84,0.07352403551340103
2026/05/07 09:06:50,84,0.11636535078287125
2026/05/07 09:06:51,84,0.028982840478420258
2026/05/07 09:06:52,84,0.01930859498679638
2026/05/07 09:06:53,84,0.01980667933821678
2026/05/07 09:06:54,84,0.016833564266562462
2026/05/07 09:06:55,84,0.017301589250564575
2026/05/07 09:06:56,84,0.016026508063077927
2026/05/07 09:06:57,84,0.01713196001946926
2026/05/07 09:06:58,83,0.016606859862804413
2026/05/07 09:06:59,83,0.016558166593313217
2026/05/07 09:07:00,82,0.018444251269102097
2026/05/07 09:07:01,82,0.018107032403349876
2026/05/07 09:07:02,81,0.01695338264107704
2026/05/07 09:07:03,80,0.016369657590985298
2026/05/07 09:07:04,80,0.01671282760798931
2026/05/07 09:07:05,80,0.016589613631367683
2026/05/07 09:07:06,80,0.016297597438097
2026/05/07 09:07:07,80,0.017008332535624504
2026/05/07 09:07:08,81,0.01869249902665615
2026/05/07 09:07:09,81,0.019913630560040474
2026/05/07 09:07:10,82,0.017672553658485413
2026/05/07 09:07:11,82,0.01686958596110344
2026/05/07 09:07:12,82,0.01633891835808754
2026/05/07 09:07:13,82,0.016763152554631233
2026/05/07 09:07:14,81,0.017647821456193924
2026/05/07 09:07:15,80,0.01633402705192566
2026/05/07 09:07:16,80,0.017133833840489388
2026/05/07 09:07:17,79,0.01701471582055092
2026/05/07 09:07:18,79,0.0169839970767498
2026/05/07 09:07:19,78,0.017867200076580048
2026/05/07 09:07:20,78,0.017013855278491974
2026/05/07 09:07:21,78,0.016893725842237473
2026/05/07 09:07:22,79,0.017467115074396133
2026/05/07 09:07:23,80,0.017138229683041573
2026/05/07 09:07:24,81,0.017540501430630684
2026/05/07 09:07:25,82,0.016763269901275635
2026/05/07 09:07:26,84,0.01820012927055359
2026/05/07 09:07:27,85,0.01770850457251072
2026/05/07 09:07:28,85,0.0163625068962574
2026/05/07 09:07:29,85,0.015769006684422493
2026/05/07 09:07:30,86,0.01672331616282463
2026/05/07 09:07:31,86,0.01670747995376587
2026/05/07 09:07:32,86,0.016358111053705215
2026/05/07 09:07:33,86,0.01653481274843216
2026/05/07 09:07:34,86,0.016714880242943764
2026/05/07 09:07:35,86,0.017361238598823547
2026/05/07 09:07:36,86,0.016839858144521713
2026/05/07 09:07:37,85,0.017120234668254852
2026/05/07 09:07:38,84,0.016590362414717674
2026/05/07 09:07:39,84,0.016713058575987816
2026/05/07 09:07:40,84,0.01799049973487854
2026/05/07 09:07:41,84,0.017822785302996635
2026/05/07 09:07:42,84,0.016559988260269165
2026/05/07 09:07:43,84,0.016393309459090233
2026/05/07 09:07:44,85,0.01717733033001423
2026/05/07 09:07:45,85,0.03364536538720131
2026/05/07 09:07:46,86,0.05423862114548683
2026/05/07 09:07:47,86,0.030317842960357666
2026/05/07 09:07:48,86,0.037842150777578354
2026/05/07 09:07:49,87,0.0191411841660738
2026/05/07 09:07:50,87,0.019202204421162605
2026/05/07 09:07:51,88,0.01836646907031536
2026/05/07 09:07:52,87,0.02410886622965336
2026/05/07 09:07:53,86,0.024244651198387146
2026/05/07 09:07:54,84,0.01701519638299942
2026/05/07 09:07:55,83,0.016886306926608086
2026/05/07 09:07:56,81,0.018419593572616577
2026/05/07 09:07:57,80,0.018314769491553307
2026/05/07 09:07:58,80,0.017967022955417633
2026/05/07 09:07:59,80,0.017953095957636833
2026/05/07 09:08:00,79,0.017874008044600487
2026/05/07 09:08:01,79,0.017054889351129532
2026/05/07 09:08:02,79,0.01803779974579811
2026/05/07 09:08:03,79,0.018214186653494835
2026/05/07 09:08:04,80,0.01830192469060421
2026/05/07 09:08:05,81,0.01750945672392845
2026/05/07 09:08:06,82,0.02013297937810421
2026/05/07 09:08:07,83,0.021549556404352188
2026/05/07 09:08:08,83,0.01893441192805767
2026/05/07 09:08:09,83,0.024010421708226204
2026/05/07 09:08:10,82,0.020919276401400566
2026/05/07 09:08:11,82,0.021061591804027557
2026/05/07 09:08:12,81,0.02026740089058876
2026/05/07 09:08:13,80,0.02076517418026924
2026/05/07 09:08:14,80,0.020999876782298088
2026/05/07 09:08:15,80,0.020361732691526413
2026/05/07 09:08:16,80,0.021266479045152664
2026/05/07 09:08:17,80,0.021563339978456497
2026/05/07 09:08:18,81,0.020803436636924744
2026/05/07 09:08:19,82,0.021127954125404358
2026/05/07 09:08:20,83,0.020656215026974678
2026/05/07 09:08:21,84,0.021769776940345764
2026/05/07 09:08:22,84,0.020801179111003876
2026/05/07 09:08:23,84,0.020722195506095886
2026/05/07 09:08:24,84,0.021379269659519196
2026/05/07 09:08:25,85,0.021287498995661736
2026/05/07 09:08:26,84,0.0214327871799469
2026/05/07 09:08:27,84,0.022446133196353912
2026/05/07 09:08:28,83,0.021533047780394554
2026/05/07 09:08:29,82,0.021773118525743484
2026/05/07 09:08:30,82,0.021366966888308525
2026/05/07 09:08:31,81,0.02166418731212616
2026/05/07 09:08:32,81,0.0216511320322752
2026/05/07 09:08:33,81,0.020573826506733894
2026/05/07 09:08:34,81,0.021208908408880234
2026/05/07 09:08:35,81,0.021328797563910484
2026/05/07 09:08:36,80,0.02090400829911232
2026/05/07 09:08:37,79,0.020041637122631073
2026/05/07 09:08:38,79,0.021219782531261444
2026/05/07 09:08:39,78,0.020845945924520493
2026/05/07 09:08:40,79,0.02202972024679184
2026/05/07 09:08:41,79,0.02042645402252674
2026/05/07 09:08:42,79,0.021122174337506294
2026/05/07 09:08:43,80,0.020686566829681396
2026/05/07 09:08:44,81,0.02017076127231121
2026/05/07 09:08:45,81,0.021857263520359993
2026/05/07 09:08:46,81,0.02128547802567482
2026/05/07 09:08:47,81,0.020850354805588722
2026/05/07 09:08:48,81,0.021107295528054237
2026/05/07 09:08:49,80,0.020318016409873962
2026/05/07 09:08:50,80,0.021235883235931396
2026/05/07 09:08:51,80,0.020733576267957687
2026/05/07 09:08:52,81,0.021186932921409607
2026/05/07 09:08:53,81,0.020806100219488144
2026/05/07 09:08:54,81,0.020950952544808388
2026/05/07 09:08:55,82,0.02052902616560459
2026/05/07 09:08:56,81,0.02114064246416092
2026/05/07 09:08:57,81,0.02082071639597416
2026/05/07 09:08:58,81,0.020006446167826653
2026/05/07 09:08:59,81,0.02091875858604908
2026/05/07 09:09:00,81,0.021440211683511734
2026/05/07 09:09:01,81,0.020811421796679497
2026/05/07 09:09:02,80,0.02017846331000328
2026/05/07 09:09:03,80,0.02139045111835003
2026/05/07 09:09:04,79,0.021851927042007446
2026/05/07 09:09:05,79,0.022715121507644653
2026/05/07 09:09:06,80,0.021461376920342445
2026/05/07 09:09:07,81,0.023959916085004807
2026/05/07 09:09:08,82,0.02121906727552414
2026/05/07 09:09:09,83,0.021062718704342842
2026/05/07 09:09:10,83,0.020814694464206696
2026/05/07 09:09:11,83,0.02091977559030056
2026/05/07 09:09:12,82,0.023029852658510208
2026/05/07 09:09:13,81,0.021603083238005638
2026/05/07 09:09:14,80,0.02085777372121811
2026/05/07 09:09:15,79,0.02154935523867607
2026/05/07 09:09:16,78,0.020770922303199768
2026/05/07 09:09:17,77,0.02185412496328354
2026/05/07 09:09:18,78,0.02802123874425888
2026/05/07 09:09:19,78,0.04020093008875847
2026/05/07 09:09:20,79,0.0330590195953846
2026/05/07 09:09:21,79,0.03214799985289574
2026/05/07 09:09:22,79,0.03956630453467369
2026/05/07 09:09:23,79,0.054505605250597
2026/05/07 09:09:24,79,0.0243478175252676
2026/05/07 09:09:25,79,0.02153663896024227
2026/05/07 09:09:26,80,0.019172798842191696
2026/05/07 09:09:27,80,0.02618318609893322
2026/05/07 09:09:28,81,0.028414353728294373
2026/05/07 09:09:29,81,0.022282013669610023
2026/05/07 09:09:30,82,0.0207955501973629
2026/05/07 09:09:31,83,0.020043333992362022
2026/05/07 09:09:32,85,0.020515847951173782
2026/05/07 09:09:33,86,0.021627401933073997
2026/05/07 09:09:34,86,0.020973097532987595
2026/05/07 09:09:35,86,0.025319362059235573
2026/05/07 09:09:36,85,0.02048674412071705
2026/05/07 09:09:37,85,0.020928531885147095
2026/05/07 09:09:38,85,0.02058934047818184
2026/05/07 09:09:39,85,0.021456800401210785
2026/05/07 09:09:40,86,0.021000605076551437
2026/05/07 09:09:41,87,0.020980818197131157
2026/05/07 09:09:42,87,0.02039213478565216
2026/05/07 09:09:43,87,0.021474620327353477
2026/05/07 09:09:44,86,0.02115713804960251
2026/05/07 09:09:45,85,0.0209614597260952
2026/05/07 09:09:46,86,0.02096855640411377
2026/05/07 09:09:47,87,0.021304287016391754
2026/05/07 09:09:48,87,0.028309719637036324
2026/05/07 09:09:49,87,0.06734204292297363
2026/05/07 09:09:50,86,0.047307662665843964
2026/05/07 09:09:51,85,0.04957869276404381
2026/05/07 09:09:52,83,0.035258181393146515
2026/05/07 09:09:53,82,0.027506669983267784
2026/05/07 09:09:54,81,0.027274537831544876
2026/05/07 09:09:55,81,0.018589746206998825
2026/05/07 09:09:56,80,0.017594538629055023
2026/05/07 09:09:57,80,0.017488399520516396
2026/05/07 09:09:58,80,0.017665160819888115
2026/05/07 09:09:59,80,0.016777774319052696
2026/05/07 09:10:00,79,0.016773799434304237
2026/05/07 09:10:01,79,0.01747356913983822
2026/05/07 09:10:02,78,0.02131008729338646
2026/05/07 09:10:03,77,0.017172707244753838
2026/05/07 09:10:04,77,0.017809635028243065
2026/05/07 09:10:05,76,0.017872143536806107
2026/05/07 09:10:06,76,0.01648157835006714
2026/05/07 09:10:07,75,0.017893077805638313
2026/05/07 09:10:08,75,0.020380429923534393
2026/05/07 09:10:09,75,0.023037029430270195
2026/05/07 09:10:10,75,0.01750405691564083
2026/05/07 09:10:11,76,0.017244242131710052
2026/05/07 09:10:12,77,0.018116947263479233
2026/05/07 09:10:13,77,0.01815331168472767
2026/05/07 09:10:14,77,0.01882520131766796
2026/05/07 09:10:15,76,0.041257455945014954
2026/05/07 09:10:16,75,0.021735867485404015
2026/05/07 09:10:17,74,0.018102629110217094
2026/05/07 09:10:18,73,0.018956055864691734
2026/05/07 09:10:19,72,0.021133380010724068
2026/05/07 09:10:20,73,0.021888816729187965
2026/05/07 09:10:21,74,0.03235415369272232
2026/05/07 09:10:22,75,0.08019179850816727
2026/05/07 09:10:23,75,0.11366292089223862
2026/05/07 09:10:24,77,0.07414282113313675
2026/05/07 09:10:25,78,0.019573155790567398
2026/05/07 09:10:26,80,0.01646953634917736
2026/05/07 09:10:27,81,0.01832665130496025
2026/05/07 09:10:28,85,0.01841377653181553
2026/05/07 09:10:29,87,0.018075237050652504
2026/05/07 09:10:30,87,0.018063372001051903
2026/05/07 09:10:31,88,0.01785425841808319
2026/05/07 09:10:32,88,0.01822200044989586
2026/05/07 09:10:33,88,0.01804490014910698
2026/05/07 09:10:34,88,0.017858151346445084
2026/05/07 09:10:35,88,0.018064334988594055
2026/05/07 09:10:36,88,0.017429852858185768
2026/05/07 09:10:37,88,0.029876146465539932
2026/05/07 09:10:38,89,0.13841627538204193
2026/05/07 09:10:39,89,0.13374771177768707
2026/05/07 09:10:40,89,0.17487886548042297
2026/05/07 09:10:41,90,0.14022742211818695
2026/05/07 09:10:42,90,0.1308370977640152
2026/05/07 09:10:43,90,0.04712739586830139
2026/05/07 09:10:44,89,0.020978430286049843
2026/05/07 09:10:45,89,0.01905842125415802
2026/05/07 09:10:46,88,0.019389308989048004
2026/05/07 09:10:47,88,0.019861064851284027
2026/05/07 09:10:48,87,0.019426537677645683
2026/05/07 09:10:49,86,0.01867935061454773
2026/05/07 09:10:50,84,0.02026810497045517
2026/05/07 09:10:51,83,0.020175810903310776
2026/05/07 09:10:52,82,0.01953796111047268
2026/05/07 09:10:53,82,0.02010473422706127
2026/05/07 09:10:54,81,0.01990087330341339
2026/05/07 09:10:55,80,0.024283703416585922
2026/05/07 09:10:56,81,0.024138011038303375
2026/05/07 09:10:57,81,0.019335836172103882
2026/05/07 09:10:58,81,0.023102590814232826
2026/05/07 09:10:59,82,0.02420191653072834
2026/05/07 09:11:00,82,0.019757641479372978
2026/05/07 09:11:01,83,0.020572667941451073
2026/05/07 09:11:02,84,0.023802002891898155
2026/05/07 09:11:03,85,0.02152811549603939
2026/05/07 09:11:04,86,0.020625364035367966
2026/05/07 09:11:05,87,0.021370241418480873
2026/05/07 09:11:06,88,0.0255203265696764
2026/05/07 09:11:07,88,0.030117345973849297
2026/05/07 09:11:08,89,0.028171546757221222
2026/05/07 09:11:09,89,0.026983309537172318
2026/05/07 09:11:10,90,0.0194363072514534
2026/05/07 09:11:11,91,0.02019442617893219
2026/05/07 09:11:12,91,0.020873840898275375
2026/05/07 09:11:13,92,0.01998392678797245
2026/05/07 09:11:14,92,0.019065188243985176
2026/05/07 09:11:15,93,0.020662274211645126
2026/05/07 09:11:16,92,0.019976947456598282
2026/05/07 09:11:17,92,0.020449960604310036
2026/05/07 09:11:18,92,0.020022401586174965
2026/05/07 09:11:19,92,0.020770350471138954
2026/05/07 09:11:20,92,0.019833499565720558
2026/05/07 09:11:21,92,0.02455824241042137
2026/05/07 09:11:22,93,0.022995810955762863
2026/05/07 09:11:23,93,0.023508666083216667
2026/05/07 09:11:24,93,0.02154647931456566
2026/05/07 09:11:25,94,0.022520678117871284
2026/05/07 09:11:26,94,0.022521883249282837
2026/05/07 09:11:27,94,0.023258185014128685
2026/05/07 09:11:28,94,0.022165296599268913
2026/05/07 09:11:29,93,0.022114748135209084
2026/05/07 09:11:30,92,0.021772164851427078
2026/05/07 09:11:31,90,0.022495994344353676
2026/05/07 09:11:32,90,0.02261313423514366
2026/05/07 09:11:33,89,0.022781608626246452
2026/05/07 09:11:34,89,0.022560158744454384
2026/05/07 09:11:35,89,0.021711325272917747
2026/05/07 09:11:36,89,0.022212140262126923
2026/05/07 09:11:37,89,0.03182230517268181
2026/05/07 09:11:38,89,0.040656983852386475
2026/05/07 09:11:39,88,0.07228521257638931
2026/05/07 09:11:40,87,0.03266528993844986
2026/05/07 09:11:41,86,0.025670785456895828
2026/05/07 09:11:42,86,0.07785624265670776
2026/05/07 09:11:43,86,0.053258784115314484
2026/05/07 09:11:44,86,0.03066704235970974
2026/05/07 09:11:45,86,0.038334280252456665
2026/05/07 09:11:46,85,0.0914359763264656
2026/05/07 09:11:47,85,0.018957551568746567
2026/05/07 09:11:48,84,0.01996379904448986
2026/05/07 09:11:49,83,0.01962209865450859
2026/05/07 09:11:50,82,0.018252378329634666
2026/05/07 09:11:51,80,0.019370954483747482
2026/05/07 09:11:52,79,0.018652476370334625
2026/05/07 09:11:53,78,0.018495460972189903
2026/05/07 09:11:54,77,0.018818911164999008
2026/05/07 09:11:55,77,0.018680930137634277
2026/05/07 09:11:56,76,0.019433286041021347
2026/05/07 09:11:57,76,0.018690502271056175
2026/05/07 09:11:58,76,0.01930857077240944
2026/05/07 09:11:59,76,0.018826300278306007
2026/05/07 09:12:00,77,0.019314222037792206
2026/05/07 09:12:01,77,0.018623070791363716
2026/05/07 09:12:02,79,0.018123643472790718
2026/05/07 09:12:03,80,0.018710128962993622
2026/05/07 09:12:04,80,0.020167212933301926
2026/05/07 09:12:05,79,0.0317215733230114
2026/05/07 09:12:06,79,0.02281544730067253
2026/05/07 09:12:07,78,0.02128519117832184
2026/05/07 09:12:08,79,0.020843008533120155
2026/05/07 09:12:09,79,0.02108428068459034
2026/05/07 09:12:10,80,0.03730003535747528
2026/05/07 09:12:11,80,0.03218657150864601
2026/05/07 09:12:12,80,0.05112636089324951
2026/05/07 09:12:13,79,0.02855132333934307
2026/05/07 09:12:14,79,0.02159433625638485
2026/05/07 09:12:15,78,0.021764768287539482
2026/05/07 09:12:16,77,0.02024734951555729
2026/05/07 09:12:17,76,0.021103093400597572
2026/05/07 09:12:18,76,0.020654385909438133
2026/05/07 09:12:19,76,0.018849462270736694
2026/05/07 09:12:20,77,0.01933414489030838
2026/05/07 09:12:21,77,0.019435113295912743
2026/05/07 09:12:22,78,0.019177906215190887
2026/05/07 09:12:23,78,0.02008066326379776
2026/05/07 09:12:24,78,0.019219454377889633
2026/05/07 09:12:25,78,0.01927591860294342
2026/05/07 09:12:26,78,0.01865524798631668
2026/05/07 09:12:27,77,0.019775068387389183
2026/05/07 09:12:28,77,0.0188125167042017
2026/05/07 09:12:29,77,0.018927838653326035
2026/05/07 09:12:30,77,0.018946407362818718
2026/05/07 09:12:31,77,0.01863982155919075
2026/05/07 09:12:32,78,0.01835181936621666
2026/05/07 09:12:33,78,0.018595142289996147
2026/05/07 09:12:34,79,0.018618082627654076
2026/05/07 09:12:35,79,0.01894499734044075
2026/05/07 09:12:36,81,0.018719563260674477
2026/05/07 09:12:37,82,0.017955223098397255
2026/05/07 09:12:38,81,0.018628085032105446
2026/05/07 09:12:39,81,0.06712338328361511
2026/05/07 09:12:40,82,0.06592564284801483
2026/05/07 09:12:41,82,0.1274527758359909
2026/05/07 09:12:42,82,0.05879267677664757
2026/05/07 09:12:43,82,0.019211018458008766
2026/05/07 09:12:44,82,0.020617112517356873
2026/05/07 09:12:45,82,0.01802733726799488
2026/05/07 09:12:46,82,0.024001212790608406
2026/05/07 09:12:47,82,0.018013976514339447
2026/05/07 09:12:48,82,0.01799696683883667
2026/05/07 09:12:49,82,0.018118932843208313
2026/05/07 09:12:50,82,0.017971722409129143
2026/05/07 09:12:51,81,0.018184110522270203
2026/05/07 09:12:52,80,0.03130112215876579
2026/05/07 09:12:53,80,0.09300360083580017
2026/05/07 09:12:54,79,0.0848822370171547
2026/05/07 09:12:55,78,0.0666472390294075
2026/05/07 09:12:56,78,0.018976368010044098
2026/05/07 09:12:57,78,0.05266890674829483
2026/05/07 09:12:58,79,0.028385573998093605
2026/05/07 09:12:59,80,0.08665437251329422
2026/05/07 09:13:00,80,0.0901162251830101
2026/05/07 09:13:01,81,0.051514994353055954
2026/05/07 09:13:02,81,0.03196486458182335
2026/05/07 09:13:03,82,0.019333267584443092
2026/05/07 09:13:04,82,0.017749782651662827
2026/05/07 09:13:05,82,0.0180087648332119
2026/05/07 09:13:06,82,0.01819140650331974
2026/05/07 09:13:07,82,0.018063291907310486
2026/05/07 09:13:08,81,0.018763625994324684
2026/05/07 09:13:09,81,0.01942828856408596
2026/05/07 09:13:10,81,0.018424222245812416
2026/05/07 09:13:11,81,0.019535256549715996
2026/05/07 09:13:12,81,0.018829846754670143
2026/05/07 09:13:13,81,0.01841418817639351
2026/05/07 09:13:14,81,0.018586307764053345
2026/05/07 09:13:15,81,0.01860964484512806
2026/05/07 09:13:16,81,0.01879747211933136
2026/05/07 09:13:17,81,0.019511548802256584
2026/05/07 09:13:18,81,0.0195078793913126
2026/05/07 09:13:19,80,0.01862565241754055
2026/05/07 09:13:20,80,0.018749916926026344
2026/05/07 09:13:21,80,0.020669644698500633
2026/05/07 09:13:22,79,0.01796211488544941
2026/05/07 09:13:23,79,0.01865515112876892
2026/05/07 09:13:24,79,0.018611425533890724
2026/05/07 09:13:25,79,0.019447261467576027
2026/05/07 09:13:26,80,0.01878141239285469
2026/05/07 09:13:27,81,0.019034026190638542
2026/05/07 09:13:28,82,0.019818242639303207
2026/05/07 09:13:29,83,0.027448352426290512
2026/05/07 09:13:30,83,0.034855782985687256
2026/05/07 09:13:31,83,0.02277972176671028
2026/05/07 09:13:32,83,0.018689045682549477
2026/05/07 09:13:33,83,0.018868017941713333
2026/05/07 09:13:34,83,0.017914198338985443
2026/05/07 09:13:35,84,0.01776324026286602
2026/05/07 09:13:36,85,0.020301714539527893
2026/05/07 09:13:37,86,0.020227652043104172
2026/05/07 09:13:38,87,0.020339863374829292
2026/05/07 09:13:39,88,0.01998422108590603
2026/05/07 09:13:40,88,0.024819331243634224
2026/05/07 09:13:41,88,0.02275524102151394
2026/05/07 09:13:42,89,0.022111626341938972
2026/05/07 09:13:43,90,0.0272356029599905
2026/05/07 09:13:44,92,0.015146820805966854
2026/05/07 09:13:45,93,0.02039855159819126
2026/05/07 09:13:46,93,0.02324347011744976
2026/05/07 09:13:47,94,0.028653131797909737
2026/05/07 09:13:48,93,0.03955954313278198
2026/05/07 09:13:49,92,0.019858667626976967
2026/05/07 09:13:50,91,0.01683773659169674
2026/05/07 09:13:51,90,0.019405698403716087
2026/05/07 09:13:52,89,0.02239849604666233
2026/05/07 09:13:53,89,0.030439671128988266
2026/05/07 09:13:54,87,0.022027606144547462
2026/05/07 09:13:55,86,0.023050669580698013
2026/05/07 09:13:56,85,0.02047038823366165
2026/05/07 09:13:57,85,0.020420895889401436
2026/05/07 09:13:58,83,0.021836159750819206
2026/05/07 09:13:59,82,0.020349225029349327
2026/05/07 09:14:00,81,0.017466403543949127
2026/05/07 09:14:01,79,0.01923239417374134
2026/05/07 09:14:02,78,0.019528279080986977
2026/05/07 09:14:03,77,0.01981768198311329
2026/05/07 09:14:04,77,0.018062468618154526
2026/05/07 09:14:05,77,0.01848747394979
2026/05/07 09:14:06,78,0.02213098108768463
2026/05/07 09:14:07,78,0.016798608005046844
2026/05/07 09:14:08,78,0.014474784955382347
2026/05/07 09:14:09,78,0.013738825917243958
2026/05/07 09:14:10,77,0.012480881065130234
2026/05/07 09:14:11,77,0.011857366189360619
2026/05/07 09:14:12,77,0.010671702213585377
2026/05/07 09:14:13,77,0.012280222959816456
2026/05/07 09:14:14,77,0.011511076241731644
2026/05/07 09:14:15,77,0.011778120882809162
2026/05/07 09:14:16,78,0.012319311499595642
2026/05/07 09:14:17,79,0.011231649667024612
2026/05/07 09:14:18,80,0.015079478733241558
2026/05/07 09:14:19,80,0.019692420959472656
2026/05/07 09:14:20,79,0.024571094661951065
2026/05/07 09:14:21,78,0.020778780803084373
2026/05/07 09:14:22,78,0.018882310017943382
2026/05/07 09:14:23,79,0.020189881324768066
2026/05/07 09:14:24,79,0.020618051290512085
2026/05/07 09:14:25,79,0.01964431442320347
2026/05/07 09:14:26,79,0.023017214611172676
2026/05/07 09:14:27,78,0.024191906675696373
2026/05/07 09:14:28,78,0.012817036360502243
2026/05/07 09:14:29,78,0.01446953509002924
2026/05/07 09:14:30,79,0.016231851652264595
2026/05/07 09:14:31,80,0.018047800287604332
2026/05/07 09:14:32,80,0.0227012038230896
2026/05/07 09:14:33,81,0.018263930454850197
2026/05/07 09:14:34,81,0.03026065044105053
2026/05/07 09:14:35,81,0.07100700587034225
2026/05/07 09:14:36,81,0.03400462865829468
2026/05/07 09:14:37,81,0.024257821962237358
2026/05/07 09:14:38,79,0.023898670449852943
2026/05/07 09:14:39,79,0.024906814098358154
2026/05/07 09:14:40,78,0.02437300607562065
2026/05/07 09:14:41,77,0.02466689981520176
2026/05/07 09:14:42,78,0.024696366861462593
2026/05/07 09:14:43,79,0.025500787422060966
2026/05/07 09:14:44,81,0.028845269232988358
2026/05/07 09:14:45,82,0.021896708756685257
2026/05/07 09:14:46,84,0.026077168062329292
2026/05/07 09:14:47,86,0.02538492903113365
2026/05/07 09:14:48,84,0.025398680940270424
2026/05/07 09:14:49,82,0.027485165745019913
2026/05/07 09:14:50,80,0.022387342527508736
2026/05/07 09:14:51,79,0.024926986545324326
2026/05/07 09:14:52,78,0.026417074725031853
2026/05/07 09:14:53,77,0.025253521278500557
2026/05/07 09:14:54,75,0.025196895003318787
2026/05/07 09:14:55,74,0.025370899587869644
2026/05/07 09:14:56,74,0.025393249467015266
2026/05/07 09:14:57,74,0.024900659918785095
2026/05/07 09:14:58,74,0.025547374039888382
2026/05/07 09:14:59,75,0.02476610615849495
2026/05/07 09:15:00,76,0.025226321071386337
2026/05/07 09:15:01,77,0.02766009233891964
2026/05/07 09:15:02,79,0.060372933745384216
2026/05/07 09:15:03,80,0.08414522558450699
2026/05/07 09:15:04,81,0.05735989287495613
2026/05/07 09:15:05,81,0.07654330134391785
2026/05/07 09:15:06,81,0.019710782915353775
2026/05/07 09:15:07,80,0.018698854371905327
2026/05/07 09:15:08,81,0.01745428703725338
2026/05/07 09:15:09,81,0.017707092687487602
2026/05/07 09:15:10,82,0.018227746710181236
2026/05/07 09:15:11,82,0.019015483558177948
2026/05/07 09:15:12,83,0.018917808309197426
2026/05/07 09:15:13,83,0.028918329626321793
2026/05/07 09:15:14,83,0.03924199566245079
2026/05/07 09:15:15,84,0.03322027623653412
2026/05/07 09:15:16,83,0.02280322089791298
2026/05/07 09:15:17,83,0.019520973786711693
2026/05/07 09:15:18,82,0.019226379692554474
2026/05/07 09:15:19,81,0.01888430118560791
2026/05/07 09:15:20,80,0.023122848942875862
2026/05/07 09:15:21,79,0.029045797884464264
2026/05/07 09:15:22,78,0.0219419002532959
2026/05/07 09:15:23,77,0.02359195612370968
2026/05/07 09:15:24,77,0.025031661614775658
2026/05/07 09:15:25,76,0.025205478072166443
2026/05/07 09:15:26,75,0.024352677166461945
2026/05/07 09:15:27,74,0.023760203272104263
2026/05/07 09:15:28,74,0.029309600591659546
2026/05/07 09:15:29,74,0.029927236959338188
2026/05/07 09:15:30,74,0.02718825452029705
2026/05/07 09:15:31,74,0.0427243709564209
2026/05/07 09:15:32,75,0.0843295156955719
2026/05/07 09:15:33,76,0.06545643508434296
2026/05/07 09:15:34,77,0.06302723288536072
2026/05/07 09:15:35,78,0.037184957414865494
2026/05/07 09:15:36,79,0.07548552006483078
2026/05/07 09:15:37,80,0.07666917145252228
2026/05/07 09:15:38,81,0.020628390833735466
2026/05/07 09:15:39,82,0.020262373611330986
2026/05/07 09:15:40,84,0.02095297910273075
2026/05/07 09:15:41,85,0.022411463782191277
2026/05/07 09:15:42,84,0.01784644089639187
2026/05/07 09:15:43,83,0.018409261479973793
2026/05/07 09:15:44,82,0.018569767475128174
2026/05/07 09:15:45,81,0.01876205764710903
2026/05/07 09:15:46,80,0.018523428589105606
2026/05/07 09:15:47,79,0.018572140485048294
2026/05/07 09:15:48,78,0.01883392594754696
2026/05/07 09:15:49,77,0.01866508461534977
2026/05/07 09:15:50,78,0.018846629187464714
2026/05/07 09:15:51,78,0.02089247852563858
2026/05/07 09:15:52,79,0.01870514079928398
2026/05/07 09:15:53,79,0.01902458444237709
2026/05/07 09:15:54,79,0.020413601770997047
2026/05/07 09:15:55,78,0.018803473562002182
2026/05/07 09:15:56,78,0.017865169793367386
2026/05/07 09:15:57,78,0.018795911222696304
2026/05/07 09:15:58,78,0.01843082532286644
2026/05/07 09:15:59,79,0.018909230828285217
2026/05/07 09:16:00,79,0.018558844923973083
2026/05/07 09:16:01,79,0.01790735311806202
2026/05/07 09:16:02,79,0.019021347165107727
2026/05/07 09:16:03,80,0.018551336601376534
2026/05/07 09:16:04,80,0.018427977338433266
2026/05/07 09:16:05,80,0.01764538884162903
2026/05/07 09:16:06,79,0.018619289621710777
2026/05/07 09:16:07,78,0.0181291364133358
2026/05/07 09:16:08,78,0.019215106964111328
2026/05/07 09:16:09,78,0.017949184402823448
2026/05/07 09:16:10,78,0.01818077638745308
2026/05/07 09:16:11,78,0.017904819920659065
2026/05/07 09:16:12,78,0.018553046509623528
2026/05/07 09:16:13,79,0.018144818022847176
2026/05/07 09:16:14,79,0.018379507586359978
2026/05/07 09:16:15,80,0.018575401976704597
2026/05/07 09:16:16,79,0.019070817157626152
2026/05/07 09:16:17,79,0.018037229776382446
2026/05/07 09:16:18,80,0.018524030223488808
2026/05/07 09:16:19,81,0.018719810992479324
2026/05/07 09:16:20,82,0.017677176743745804
2026/05/07 09:16:21,83,0.019437147304415703
2026/05/07 09:16:22,83,0.017796259373426437
2026/05/07 09:16:23,82,0.017632314935326576
2026/05/07 09:16:24,81,0.018726155161857605
2026/05/07 09:16:25,81,0.017977245151996613
2026/05/07 09:16:26,81,0.018062708899378777
2026/05/07 09:16:27,82,0.016483955085277557
2026/05/07 09:16:28,82,0.025657853111624718
2026/05/07 09:16:29,82,0.02444274164736271
2026/05/07 09:16:30,82,0.019458236172795296
2026/05/07 09:16:31,81,0.019076021388173103
2026/05/07 09:16:32,81,0.01984161138534546
2026/05/07 09:16:33,80,0.024076007306575775
2026/05/07 09:16:34,79,0.018736954778432846
2026/05/07 09:16:35,78,0.01976657100021839
2026/05/07 09:16:36,79,0.019300075247883797
2026/05/07 09:16:37,79,0.018729690462350845
2026/05/07 09:16:38,81,0.019603298977017403
2026/05/07 09:16:39,82,0.019245827570557594
2026/05/07 09:16:40,83,0.02053832821547985
2026/05/07 09:16:41,84,0.037947993725538254
2026/05/07 09:16:42,85,0.02792358212172985
2026/05/07 09:16:43,85,0.027069391682744026
2026/05/07 09:16:44,85,0.01943211629986763
2026/05/07 09:16:45,84,0.019341228529810905
2026/05/07 09:16:46,83,0.018906768411397934
2026/05/07 09:16:47,82,0.019221648573875427
2026/05/07 09:16:48,82,0.01882956735789776
2026/05/07 09:16:49,83,0.01894417405128479
2026/05/07 09:16:50,83,0.018970204517245293
2026/05/07 09:16:51,83,0.01892426796257496
2026/05/07 09:16:52,81,0.022017888724803925
2026/05/07 09:16:53,80,0.018901631236076355
2026/05/07 09:16:54,79,0.019356103613972664
2026/05/07 09:16:55,78,0.019211839884519577
2026/05/07 09:16:56,79,0.019385511055588722
2026/05/07 09:16:57,81,0.01863965578377247
2026/05/07 09:16:58,82,0.019345544278621674
2026/05/07 09:16:59,84,0.019322406500577927
2026/05/07 09:17:00,85,0.0193870160728693
2026/05/07 09:17:01,86,0.019409440457820892
2026/05/07 09:17:02,87,0.019896838814020157
2026/05/07 09:17:03,88,0.01912246271967888
2026/05/07 09:17:04,89,0.02335633896291256
2026/05/07 09:17:05,90,0.10892196744680405
2026/05/07 09:17:06,91,0.07147179543972015
2026/05/07 09:17:07,91,0.03171694278717041
2026/05/07 09:17:08,91,0.08276406675577164
2026/05/07 09:17:09,91,0.02552483230829239
2026/05/07 09:17:10,90,0.024001318961381912
2026/05/07 09:17:11,89,0.022443028166890144
2026/05/07 09:17:12,88,0.022557297721505165
2026/05/07 09:17:13,88,0.02296551689505577
2026/05/07 09:17:14,88,0.022589923813939095
2026/05/07 09:17:15,88,0.022270184010267258
2026/05/07 09:17:16,88,0.030980374664068222
2026/05/07 09:17:17,88,0.017053091898560524
2026/05/07 09:17:18,89,0.06122494488954544
2026/05/07 09:17:19,90,0.05407067760825157
2026/05/07 09:17:20,91,0.014954130165278912
2026/05/07 09:17:21,92,0.06583443284034729
2026/05/07 09:17:22,92,0.07274165004491806
2026/05/07 09:17:23,92,0.02178475446999073
2026/05/07 09:17:24,92,0.019686488434672356
2026/05/07 09:17:25,91,0.0213406290858984
2026/05/07 09:17:26,90,0.02206212468445301
2026/05/07 09:17:27,90,0.018487876281142235
2026/05/07 09:17:28,89,0.019209912046790123
2026/05/07 09:17:29,89,0.019043659791350365
2026/05/07 09:17:30,89,0.019135858863592148
2026/05/07 09:17:31,89,0.02443631738424301
2026/05/07 09:17:32,90,0.03602160885930061
2026/05/07 09:17:33,91,0.029632216319441795
2026/05/07 09:17:34,92,0.01932380720973015
2026/05/07 09:17:35,93,0.02186412736773491
2026/05/07 09:17:36,94,0.019870948046445847
2026/05/07 09:17:37,95,0.01807470992207527
2026/05/07 09:17:38,94,0.017834676429629326
2026/05/07 09:17:39,94,0.06582500785589218
2026/05/07 09:17:40,94,0.0503174252808094
2026/05/07 09:17:41,94,0.10522867739200592
2026/05/07 09:17:42,95,0.10532193630933762
2026/05/07 09:17:43,95,0.06270673871040344
2026/05/07 09:17:44,95,0.0767684206366539
2026/05/07 09:17:45,95,0.10184084624052048
2026/05/07 09:17:46,95,0.06369238346815109
2026/05/07 09:17:47,95,0.15385781228542328
2026/05/07 09:17:48,96,0.09677265584468842
2026/05/07 09:17:49,96,0.053230833262205124
2026/05/07 09:17:50,96,0.020651690661907196
2026/05/07 09:17:51,96,0.02318982221186161
2026/05/07 09:17:52,96,0.023695942014455795
2026/05/07 09:17:53,95,0.03264463692903519
2026/05/07 09:17:54,95,0.03775996342301369
2026/05/07 09:17:55,95,0.03335695341229439
2026/05/07 09:17:56,95,0.02014862187206745
2026/05/07 09:17:57,95,0.02074696496129036
2026/05/07 09:17:58,94,0.03151291236281395
2026/05/07 09:17:59,94,0.02136889472603798
2026/05/07 09:18:00,94,0.19226910173892975
2026/05/07 09:18:01,94,0.08992287516593933
2026/05/07 09:18:02,93,0.01095130480825901
2026/05/07 09:18:03,92,0.01076405867934227
2026/05/07 09:18:04,91,0.011882307939231396
2026/05/07 09:18:05,90,0.02072349563241005
2026/05/07 09:18:06,90,0.019252605736255646
2026/05/07 09:18:07,90,0.04324854910373688
2026/05/07 09:18:08,89,0.019116709008812904
2026/05/07 09:18:09,89,0.022687723860144615
2026/05/07 09:18:10,90,0.18099293112754822
2026/05/07 09:18:11,91,0.10063344240188599
2026/05/07 09:18:12,92,0.14772877097129822
2026/05/07 09:18:13,92,0.17567181587219238
2026/05/07 09:18:14,93,0.11228948831558228
2026/05/07 09:18:15,93,0.10434944927692413
2026/05/07 09:18:16,93,0.10743073374032974
2026/05/07 09:18:17,93,0.1401158720254898
2026/05/07 09:18:18,94,0.07517323642969131
2026/05/07 09:18:19,94,0.1133146807551384
2026/05/07 09:18:20,94,0.09743496030569077
2026/05/07 09:18:21,94,0.1115657389163971
2026/05/07 09:18:22,94,0.06804019957780838
2026/05/07 09:18:23,94,0.05514395609498024
2026/05/07 09:18:24,94,0.1068955808877945
2026/05/07 09:18:25,94,0.06384589523077011
2026/05/07 09:18:26,94,0.08647338300943375
2026/05/07 09:18:27,94,0.06598517298698425
2026/05/07 09:18:28,94,0.06953833252191544
2026/05/07 09:18:29,94,0.24893637001514435
2026/05/07 09:18:30,94,0.08836589008569717
2026/05/07 09:18:31,94,0.06012284755706787
2026/05/07 09:18:32,94,0.06171587109565735
2026/05/07 09:18:33,93,0.024828467518091202
2026/05/07 09:18:34,93,0.017816022038459778
2026/05/07 09:18:35,92,0.04334520176053047
2026/05/07 09:18:36,91,0.022182179614901543
2026/05/07 09:18:37,91,0.07280849665403366
2026/05/07 09:18:38,91,0.04585815966129303
2026/05/07 09:18:39,91,0.04788168892264366
2026/05/07 09:18:40,91,0.14801190793514252
2026/05/07 09:18:41,91,0.16227050125598907
2026/05/07 09:18:42,91,0.13844603300094604
2026/05/07 09:18:43,92,0.25777003169059753
2026/05/07 09:18:44,92,0.10526558756828308
2026/05/07 09:18:45,93,0.16511604189872742
2026/05/07 09:18:46,93,0.1002880111336708
2026/05/07 09:18:47,93,0.02670348808169365
2026/05/07 09:18:48,93,0.024351155385375023
2026/05/07 09:18:49,92,0.02311341091990471
2026/05/07 09:18:50,91,0.02252599596977234
2026/05/07 09:18:51,91,0.02492150291800499
2026/05/07 09:18:52,90,0.022199977189302444
2026/05/07 09:18:53,89,0.024006109684705734
2026/05/07 09:18:54,89,0.023342344909906387
2026/05/07 09:18:55,88,0.02362249232828617
2026/05/07 09:18:56,88,0.029719747602939606
2026/05/07 09:18:57,88,0.041823308914899826
2026/05/07 09:18:58,88,0.025761514902114868
2026/05/07 09:18:59,87,0.03276894614100456
2026/05/07 09:19:00,87,0.04136626049876213
2026/05/07 09:19:01,86,0.055859364569187164
2026/05/07 09:19:02,86,0.02429324947297573
2026/05/07 09:19:03,87,0.02607738971710205
2026/05/07 09:19:04,87,0.02529706060886383
2026/05/07 09:19:05,87,0.017799172550439835
2026/05/07 09:19:06,87,0.025932883843779564
2026/05/07 09:19:07,87,0.027707984670996666
2026/05/07 09:19:08,87,0.019647235050797462
2026/05/07 09:19:09,86,0.025609955191612244
2026/05/07 09:19:10,86,0.02455265261232853
2026/05/07 09:19:11,85,0.023603098466992378
2026/05/07 09:19:12,85,0.024564841762185097
2026/05/07 09:19:13,85,0.024178434163331985
2026/05/07 09:19:14,85,0.024368662387132645
2026/05/07 09:19:15,84,0.02467494271695614
2026/05/07 09:19:16,84,0.02375585027039051
2026/05/07 09:19:17,83,0.024075238034129143
2026/05/07 09:19:18,82,0.02447928860783577
2026/05/07 09:19:19,82,0.023673970252275467
2026/05/07 09:19:20,81,0.024036142975091934
2026/05/07 09:19:21,80,0.03738550841808319
2026/05/07 09:19:22,79,0.09097211807966232
2026/05/07 09:19:23,78,0.03214274346828461
2026/05/07 09:19:24,77,0.049136627465486526
2026/05/07 09:19:25,77,0.06283845007419586
2026/05/07 09:19:26,77,0.03268519043922424
2026/05/07 09:19:27,76,0.05196916684508324
2026/05/07 09:19:28,76,0.030854349955916405
2026/05/07 09:19:29,77,0.03207698091864586
2026/05/07 09:19:30,77,0.032354798167943954
2026/05/07 09:19:31,77,0.03227022662758827
2026/05/07 09:19:32,77,0.0343586690723896
2026/05/07 09:19:33,77,0.03125990554690361
2026/05/07 09:19:34,77,0.03192618116736412
2026/05/07 09:19:35,77,0.03401985019445419
2026/05/07 09:19:36,77,0.03152620047330856
2026/05/07 09:19:37,78,0.031533267349004745
2026/05/07 09:19:38,78,0.03237373009324074
2026/05/07 09:19:39,79,0.0312565341591835
2026/05/07 09:19:40,79,0.03190381079912186
2026/05/07 09:19:41,79,0.03201732784509659
2026/05/07 09:19:42,79,0.03187517076730728
2026/05/07 09:19:43,79,0.031921010464429855
2026/05/07 09:19:44,78,0.15248319506645203
2026/05/07 09:19:45,78,0.06118599325418472
2026/05/07 09:19:46,78,0.04769454896450043
2026/05/07 09:19:47,78,0.04485888406634331
2026/05/07 09:19:48,79,0.0401526540517807
2026/05/07 09:19:49,80,0.03238116204738617
2026/05/07 09:19:50,81,0.030838031321763992
2026/05/07 09:19:51,82,0.032047852873802185
2026/05/07 09:19:52,83,0.0319603830575943
2026/05/07 09:19:53,83,0.03179202973842621
2026/05/07 09:19:54,84,0.03412531688809395
2026/05/07 09:19:55,84,0.09036258608102798
2026/05/07 09:19:56,84,0.045394692569971085
2026/05/07 09:19:57,84,0.05090110003948212
2026/05/07 09:19:58,84,0.028272349387407303
2026/05/07 09:19:59,85,0.027871698141098022
2026/05/07 09:20:00,84,0.029500124976038933
2026/05/07 09:20:01,84,0.023644162341952324
2026/05/07 09:20:02,83,0.024606915190815926
2026/05/07 09:20:03,82,0.023830348625779152
2026/05/07 09:20:04,81,0.025092706084251404
2026/05/07 09:20:05,80,0.024308964610099792
2026/05/07 09:20:06,81,0.024827171117067337
2026/05/07 09:20:07,82,0.02512344717979431
2026/05/07 09:20:08,83,0.02479401044547558
2026/05/07 09:20:09,84,0.02645650878548622
2026/05/07 09:20:10,84,0.03174067288637161
2026/05/07 09:20:11,85,0.03106432966887951
2026/05/07 09:20:12,86,0.02317817695438862
2026/05/07 09:20:13,86,0.028628023341298103
2026/05/07 09:20:14,86,0.040940459817647934
2026/05/07 09:20:15,86,0.062021173536777496
2026/05/07 09:20:16,86,0.029854649677872658
2026/05/07 09:20:17,85,0.026300489902496338
2026/05/07 09:20:18,84,0.021631600335240364
2026/05/07 09:20:19,83,0.022204019129276276
2026/05/07 09:20:20,82,0.02228955738246441
2026/05/07 09:20:21,82,0.021732468158006668
2026/05/07 09:20:22,82,0.122642382979393
2026/05/07 09:20:23,81,0.0534001961350441
2026/05/07 09:20:24,81,0.037859249860048294
2026/05/07 09:20:25,81,0.034598566591739655
2026/05/07 09:20:26,81,0.03275737166404724
2026/05/07 09:20:27,81,0.031729888170957565
2026/05/07 09:20:28,81,0.031460054218769073
2026/05/07 09:20:29,81,0.03263121843338013
2026/05/07 09:20:30,81,0.03166166692972183
2026/05/07 09:20:31,82,0.04943770170211792
2026/05/07 09:20:32,82,0.0438714437186718
2026/05/07 09:20:33,82,0.03753575682640076
2026/05/07 09:20:34,82,0.022397423163056374
2026/05/07 09:20:35,82,0.0424158088862896
2026/05/07 09:20:36,82,0.044276900589466095
2026/05/07 09:20:37,81,0.03158355876803398
2026/05/07 09:20:38,81,0.03376239538192749
2026/05/07 09:20:39,80,0.03211835026741028
2026/05/07 09:20:40,79,0.030440611764788628
2026/05/07 09:20:41,78,0.02925960347056389
2026/05/07 09:20:42,78,0.029019085690379143
2026/05/07 09:20:43,78,0.029277870431542397
2026/05/07 09:20:44,77,0.03017786704003811
2026/05/07 09:20:45,77,0.03406991809606552
2026/05/07 09:20:46,77,0.040678735822439194
2026/05/07 09:20:47,77,0.050138603895902634
2026/05/07 09:20:48,77,0.03494544327259064
2026/05/07 09:20:49,78,0.029238300397992134
2026/05/07 09:20:50,78,0.029931994155049324
2026/05/07 09:20:51,78,0.02955966629087925
2026/05/07 09:20:52,78,0.030113961547613144
2026/05/07 09:20:53,79,0.030553817749023438
2026/05/07 09:20:54,80,0.027615472674369812
2026/05/07 09:20:55,80,0.046456228941679
2026/05/07 09:20:56,81,0.052520595490932465
2026/05/07 09:20:57,82,0.08623213320970535
2026/05/07 09:20:58,83,0.09991583973169327
2026/05/07 09:20:59,84,0.10286135226488113
2026/05/07 09:21:00,84,0.04171418026089668
2026/05/07 09:21:01,84,0.023676179349422455
2026/05/07 09:21:02,84,0.024494029581546783
2026/05/07 09:21:03,84,0.023759756237268448
2026/05/07 09:21:04,84,0.04158075526356697
2026/05/07 09:21:05,84,0.025028929114341736
2026/05/07 09:21:06,85,0.06820419430732727
2026/05/07 09:21:07,85,0.03263090178370476
2026/05/07 09:21:08,86,0.07345932722091675
2026/05/07 09:21:09,86,0.10822343081235886
2026/05/07 09:21:10,86,0.03109814040362835
2026/05/07 09:21:11,86,0.0313098318874836
2026/05/07 09:21:12,86,0.014390702359378338
2026/05/07 09:21:13,85,0.009349933825433254
2026/05/07 09:21:14,84,0.012278328649699688
2026/05/07 09:21:15,84,0.012909485958516598
2026/05/07 09:21:16,84,0.011798720806837082
2026/05/07 09:21:17,84,0.02018037810921669
2026/05/07 09:21:18,84,0.009202917106449604
2026/05/07 09:21:19,83,0.007818277925252914
2026/05/07 09:21:20,84,0.012280301190912724
2026/05/07 09:21:21,85,0.0247145127505064
2026/05/07 09:21:22,86,0.10345853865146637
2026/05/07 09:21:23,87,0.03938809409737587
2026/05/07 09:21:24,88,0.05559259653091431
2026/05/07 09:21:25,88,0.01338822953402996
2026/05/07 09:21:26,89,0.014477432705461979
2026/05/07 09:21:27,90,0.014589241705834866
2026/05/07 09:21:28,91,0.012221728451550007
2026/05/07 09:21:29,92,0.008784565143287182
2026/05/07 09:21:30,92,0.008917472325265408
2026/05/07 09:21:31,92,0.008626372553408146
2026/05/07 09:21:32,92,0.009881328791379929
2026/05/07 09:21:33,91,0.014755964279174805
2026/05/07 09:21:34,92,0.015195360407233238
2026/05/07 09:21:35,92,0.007043882273137569
2026/05/07 09:21:36,92,0.0832400918006897
2026/05/07 09:21:37,93,0.17270059883594513
2026/05/07 09:21:38,93,0.08860838413238525
2026/05/07 09:21:39,93,0.013574555516242981
2026/05/07 09:21:40,92,0.01326831430196762
2026/05/07 09:21:41,92,0.013304019346833229
2026/05/07 09:21:42,91,0.01359499990940094
2026/05/07 09:21:43,91,0.012929403223097324
2026/05/07 09:21:44,90,0.013367136009037495
2026/05/07 09:21:45,90,0.013205758295953274
2026/05/07 09:21:46,89,0.012796600349247456
2026/05/07 09:21:47,89,0.012773190625011921
2026/05/07 09:21:48,89,0.013128465972840786
2026/05/07 09:21:49,89,0.012654520571231842
2026/05/07 09:21:50,89,0.013774617575109005
2026/05/07 09:21:51,90,0.013678515329957008
2026/05/07 09:21:52,90,0.04209320619702339
2026/05/07 09:21:53,91,0.013923770748078823
2026/05/07 09:21:54,91,0.018811488524079323
2026/05/07 09:21:55,91,0.014758007600903511
2026/05/07 09:21:56,91,0.017625585198402405
2026/05/07 09:21:57,91,0.01565863937139511
2026/05/07 09:21:58,91,0.01449893694370985
2026/05/07 09:21:59,90,0.016300121322274208
2026/05/07 09:22:00,90,0.016607169061899185
2026/05/07 09:22:01,89,0.014731211587786674
2026/05/07 09:22:02,88,0.015547269023954868
2026/05/07 09:22:03,87,0.016065048053860664
2026/05/07 09:22:04,87,0.015184987336397171
2026/05/07 09:22:05,88,0.01623324118554592
2026/05/07 09:22:06,88,0.02178654447197914
2026/05/07 09:22:07,89,0.015395988710224628
2026/05/07 09:22:08,89,0.012666174210608006
2026/05/07 09:22:09,89,0.010959567502140999
2026/05/07 09:22:10,89,0.012092670425772667
2026/05/07 09:22:11,89,0.010666584596037865
2026/05/07 09:22:12,88,0.011447849683463573
2026/05/07 09:22:13,88,0.012882795184850693
2026/05/07 09:22:14,87,0.01308415550738573
2026/05/07 09:22:15,86,0.015619674697518349
2026/05/07 09:22:16,85,0.016027452424168587
2026/05/07 09:22:17,84,0.014939204789698124
2026/05/07 09:22:18,84,0.017081789672374725
2026/05/07 09:22:19,84,0.018604187294840813
2026/05/07 09:22:20,84,0.019904354587197304
2026/05/07 09:22:21,85,0.018324537202715874
2026/05/07 09:22:22,86,0.017344800755381584
2026/05/07 09:22:23,86,0.01866190694272518
2026/05/07 09:22:24,86,0.12139412760734558
2026/05/07 09:22:25,86,0.15039865672588348
2026/05/07 09:22:26,87,0.06594949215650558
2026/05/07 09:22:27,87,0.026614025235176086
2026/05/07 09:22:28,88,0.033267367631196976
2026/05/07 09:22:29,88,0.061691075563430786
2026/05/07 09:22:30,89,0.04919269308447838
2026/05/07 09:22:31,89,0.044796571135520935
2026/05/07 09:22:32,89,0.03355489671230316
2026/05/07 09:22:33,89,0.025331508368253708
2026/05/07 09:22:34,90,0.05276770517230034
2026/05/07 09:22:35,91,0.05839807540178299
2026/05/07 09:22:36,92,0.06711465120315552
2026/05/07 09:22:37,93,0.02569768950343132
2026/05/07 09:22:38,94,0.16897016763687134
2026/05/07 09:22:39,95,0.10858409106731415
2026/05/07 09:22:40,95,0.02315586805343628
2026/05/07 09:22:41,94,0.02340492233633995
2026/05/07 09:22:42,93,0.0230913944542408
2026/05/07 09:22:43,93,0.02290377765893936
2026/05/07 09:22:44,92,0.023862216621637344
2026/05/07 09:22:45,92,0.02391720563173294
2026/05/07 09:22:46,92,0.023515567183494568
2026/05/07 09:22:47,91,0.02439526841044426
2026/05/07 09:22:48,91,0.023773347958922386
2026/05/07 09:22:49,91,0.023782387375831604
2026/05/07 09:22:50,91,0.02356220968067646
2026/05/07 09:22:51,91,0.02419893443584442
2026/05/07 09:22:52,91,0.024408739060163498
2026/05/07 09:22:53,91,0.024300966411828995
2026/05/07 09:22:54,90,0.02447335235774517
2026/05/07 09:22:55,90,0.0244795773178339
2026/05/07 09:22:56,89,0.024122340604662895
2026/05/07 09:22:57,89,0.024889418855309486
2026/05/07 09:22:58,88,0.024298235774040222
2026/05/07 09:22:59,87,0.026978135108947754
2026/05/07 09:23:00,85,0.06523551791906357
2026/05/07 09:23:01,83,0.03559965267777443
2026/05/07 09:23:02,81,0.02910804934799671
2026/05/07 09:23:03,80,0.028171498328447342
2026/05/07 09:23:04,79,0.028018053621053696
2026/05/07 09:23:05,78,0.02958238497376442
2026/05/07 09:23:06,77,0.028836311772465706
2026/05/07 09:23:07,76,0.02865506149828434
2026/05/07 09:23:08,76,0.028239421546459198
2026/05/07 09:23:09,76,0.030260762199759483
2026/05/07 09:23:10,76,0.02554548718035221
2026/05/07 09:23:11,76,0.029550135135650635
2026/05/07 09:23:12,76,0.028363892808556557
2026/05/07 09:23:13,76,0.02864893153309822
2026/05/07 09:23:14,77,0.028196115046739578
2026/05/07 09:23:15,77,0.0288520660251379
2026/05/07 09:23:16,78,0.028418555855751038
2026/05/07 09:23:17,78,0.0279551912099123
2026/05/07 09:23:18,79,0.028322584927082062
2026/05/07 09:23:19,80,0.028358187526464462
2026/05/07 09:23:20,79,0.028318263590335846
2026/05/07 09:23:21,78,0.027753077447414398
2026/05/07 09:23:22,77,0.028374146670103073
2026/05/07 09:23:23,77,0.028347911313176155
2026/05/07 09:23:24,78,0.028894523158669472
2026/05/07 09:23:25,79,0.02835790440440178
2026/05/07 09:23:26,80,0.02815927192568779
2026/05/07 09:23:27,80,0.02860102988779545
2026/05/07 09:23:28,81,0.028203429654240608
2026/05/07 09:23:29,81,0.02942899987101555
2026/05/07 09:23:30,82,0.028586333617568016
2026/05/07 09:23:31,82,0.02853551134467125
2026/05/07 09:23:32,84,0.03077571466565132
2026/05/07 09:23:33,85,0.034194983541965485
2026/05/07 09:23:34,85,0.02514754608273506
2026/05/07 09:23:35,86,0.032355017960071564
2026/05/07 09:23:36,85,0.029040604829788208
2026/05/07 09:23:37,84,0.02900267392396927
2026/05/07 09:23:38,83,0.028772663325071335
2026/05/07 09:23:39,83,0.02905735932290554
2026/05/07 09:23:40,84,0.028991736471652985
2026/05/07 09:23:41,84,0.02870454639196396
2026/05/07 09:23:42,84,0.02901236154139042
2026/05/07 09:23:43,84,0.02783743292093277
2026/05/07 09:23:44,83,0.02824607491493225
2026/05/07 09:23:45,83,0.028612744063138962
2026/05/07 09:23:46,83,0.027859656140208244
2026/05/07 09:23:47,83,0.029453665018081665
2026/05/07 09:23:48,81,0.029797736555337906
2026/05/07 09:23:49,80,0.028828073292970657
2026/05/07 09:23:50,79,0.02871754579246044
2026/05/07 09:23:51,77,0.028773527592420578
2026/05/07 09:23:52,78,0.028686320409178734
2026/05/07 09:23:53,78,0.028386494144797325
2026/05/07 09:23:54,78,0.028144212439656258
2026/05/07 09:23:55,78,0.02921672724187374
2026/05/07 09:23:56,77,0.029361797496676445
2026/05/07 09:23:57,76,0.02833300083875656
2026/05/07 09:23:58,75,0.028174804523587227
2026/05/07 09:23:59,75,0.02853596769273281
2026/05/07 09:24:00,75,0.02943514660000801
2026/05/07 09:24:01,76,0.028719983994960785
2026/05/07 09:24:02,76,0.028680898249149323
2026/05/07 09:24:03,76,0.029316622763872147
2026/05/07 09:24:04,77,0.02897792123258114
2026/05/07 09:24:05,78,0.029006008058786392
2026/05/07 09:24:06,78,0.02910708449780941
2026/05/07 09:24:07,79,0.029649529606103897
2026/05/07 09:24:08,78,0.029722707346081734
2026/05/07 09:24:09,77,0.028528541326522827
2026/05/07 09:24:10,76,0.02837885171175003
2026/05/07 09:24:11,75,0.02881109155714512
2026/05/07 09:24:12,76,0.02846839465200901
2026/05/07 09:24:13,76,0.028629455715417862
2026/05/07 09:24:14,77,0.028471646830439568
2026/05/07 09:24:15,78,0.02797919325530529
2026/05/07 09:24:16,80,0.028886565938591957
2026/05/07 09:24:17,82,0.029981525614857674
2026/05/07 09:24:18,83,0.027975982055068016
2026/05/07 09:24:19,85,0.029368551447987556
2026/05/07 09:24:20,84,0.029152972623705864
2026/05/07 09:24:21,82,0.028680462390184402
2026/05/07 09:24:22,81,0.028904875740408897
2026/05/07 09:24:23,80,0.028445729985833168
2026/05/07 09:24:24,79,0.0285929087549448
2026/05/07 09:24:25,79,0.02861786261200905
2026/05/07 09:24:26,78,0.029173821210861206
2026/05/07 09:24:27,78,0.0286235474050045
2026/05/07 09:24:28,77,0.029197251424193382
2026/05/07 09:24:29,77,0.02874172106385231
2026/05/07 09:24:30,75,0.02866731956601143
2026/05/07 09:24:31,74,0.028934605419635773
2026/05/07 09:24:32,73,0.02884156070649624
2026/05/07 09:24:33,72,0.028858603909611702
2026/05/07 09:24:34,74,0.028582902625203133
2026/05/07 09:24:35,75,0.02889901027083397
2026/05/07 09:24:36,75,0.029175013303756714
2026/05/07 09:24:37,75,0.028726311400532722
2026/05/07 09:24:38,74,0.029306579381227493
2026/05/07 09:24:39,73,0.028957491740584373
2026/05/07 09:24:40,74,0.029236670583486557
2026/05/07 09:24:41,74,0.02904021181166172
2026/05/07 09:24:42,74,0.02862466312944889
2026/05/07 09:24:43,73,0.028440793976187706
2026/05/07 09:24:44,74,0.028264299035072327
2026/05/07 09:24:45,75,0.029047802090644836
2026/05/07 09:24:46,76,0.028760138899087906
2026/05/07 09:24:47,76,0.0288394708186388
2026/05/07 09:24:48,76,0.029364589601755142
2026/05/07 09:24:49,75,0.02897043153643608
2026/05/07 09:24:50,75,0.029004495590925217
2026/05/07 09:24:51,75,0.029299259185791016
2026/05/07 09:24:52,76,0.02903798781335354
2026/05/07 09:24:53,76,0.02879287488758564
2026/05/07 09:24:54,77,0.028787698596715927
2026/05/07 09:24:55,77,0.028631869703531265
2026/05/07 09:24:56,77,0.028762636706233025
2026/05/07 09:24:57,77,0.029040494933724403
2026/05/07 09:24:58,77,0.028488803654909134
2026/05/07 09:24:59,76,0.028868669643998146
2026/05/07 09:25:00,76,0.028940163552761078
2026/05/07 09:25:01,76,0.029308252036571503
2026/05/07 09:25:02,76,0.02859017252922058
2026/05/07 09:25:03,76,0.02868006005883217
2026/05/07 09:25:04,76,0.029080616310238838
2026/05/07 09:25:05,76,0.028473922982811928
2026/05/07 09:25:06,76,0.028921933844685555
2026/05/07 09:25:07,77,0.02891542762517929
2026/05/07 09:25:08,77,0.028329523280262947
2026/05/07 09:25:09,77,0.0294338408857584
2026/05/07 09:25:10,77,0.029114404693245888
2026/05/07 09:25:11,77,0.029123665764927864
2026/05/07 09:25:12,77,0.029366185888648033
2026/05/07 09:25:13,78,0.029558449983596802
2026/05/07 09:25:14,78,0.028856754302978516
2026/05/07 09:25:15,78,0.02885587513446808
2026/05/07 09:25:16,78,0.02881895750761032
2026/05/07 09:25:17,78,0.028827549889683723
2026/05/07 09:25:18,78,0.02932422235608101
2026/05/07 09:25:19,78,0.028667621314525604
2026/05/07 09:25:20,79,0.029187612235546112
2026/05/07 09:25:21,79,0.029315777122974396
2026/05/07 09:25:22,78,0.02912914752960205
2026/05/07 09:25:23,78,0.028405027464032173
2026/05/07 09:25:24,78,0.029037978500127792
2026/05/07 09:25:25,79,0.027558626607060432
2026/05/07 09:25:26,80,0.0388977974653244
2026/05/07 09:25:27,81,0.03438680246472359
2026/05/07 09:25:28,82,0.0552305169403553
2026/05/07 09:25:29,83,0.0142015740275383
2026/05/07 09:25:30,85,0.01314858254045248
2026/05/07 09:25:31,85,0.01405143178999424
2026/05/07 09:25:32,87,0.013783035799860954
2026/05/07 09:25:33,87,0.013305985368788242
2026/05/07 09:25:34,89,0.01710931956768036
2026/05/07 09:25:35,90,0.01734253764152527
2026/05/07 09:25:36,92,0.04740768298506737
2026/05/07 09:25:37,93,0.06888940930366516
2026/05/07 09:25:38,93,0.037925682961940765
2026/05/07 09:25:39,94,0.05942016839981079
2026/05/07 09:25:40,93,0.0662928968667984
2026/05/07 09:25:41,93,0.01630571112036705
2026/05/07 09:25:42,91,0.013170428574085236
2026/05/07 09:25:43,90,0.012708930298686028
2026/05/07 09:25:44,89,0.01328691653907299
2026/05/07 09:25:45,89,0.012383898720145226
2026/05/07 09:25:46,88,0.012418468482792377
2026/05/07 09:25:47,88,0.017542123794555664
2026/05/07 09:25:48,88,0.01348070427775383
2026/05/07 09:25:49,88,0.012783578597009182
2026/05/07 09:25:50,89,0.013990596868097782
2026/05/07 09:25:51,89,0.01787610538303852
2026/05/07 09:25:52,90,0.01593126729130745
2026/05/07 09:25:53,92,0.015070141293108463
2026/05/07 09:25:54,92,0.015481160022318363
2026/05/07 09:25:55,92,0.02401171438395977
2026/05/07 09:25:56,92,0.023846087977290154
2026/05/07 09:25:57,92,0.06036503612995148
2026/05/07 09:25:58,91,0.04672488570213318
2026/05/07 09:25:59,91,0.013560920022428036
2026/05/07 09:26:00,90,0.012488425709307194
2026/05/07 09:26:01,89,0.01779300905764103
2026/05/07 09:26:02,89,0.028220459818840027
2026/05/07 09:26:03,90,0.03744515776634216
2026/05/07 09:26:04,91,0.029039273038506508
2026/05/07 09:26:05,92,0.07279098778963089
2026/05/07 09:26:06,93,0.10455650091171265
2026/05/07 09:26:07,94,0.019453411921858788
2026/05/07 09:26:08,94,0.10681623220443726
2026/05/07 09:26:09,95,0.01589144393801689
2026/05/07 09:26:10,94,0.014055226929485798
2026/05/07 09:26:11,94,0.016110552474856377
2026/05/07 09:26:12,94,0.01757175475358963
2026/05/07 09:26:13,95,0.01921560801565647
2026/05/07 09:26:14,94,0.04067971929907799
2026/05/07 09:26:15,94,0.0558624230325222
2026/05/07 09:26:16,93,0.03698808327317238
2026/05/07 09:26:17,93,0.0220230370759964
2026/05/07 09:26:18,92,0.02163952961564064
2026/05/07 09:26:19,91,0.022702975198626518
2026/05/07 09:26:20,91,0.022542962804436684
2026/05/07 09:26:21,90,0.022120829671621323
2026/05/07 09:26:22,89,0.023288065567612648
2026/05/07 09:26:23,89,0.06844727694988251
2026/05/07 09:26:24,88,0.11374250799417496
2026/05/07 09:26:25,88,0.02382323332130909
2026/05/07 09:26:26,87,0.028204500675201416
2026/05/07 09:26:27,87,0.02548210509121418
2026/05/07 09:26:28,87,0.029124461114406586
2026/05/07 09:26:29,86,0.02485312521457672
2026/05/07 09:26:30,85,0.02674376219511032
2026/05/07 09:26:31,85,0.026763053610920906
2026/05/07 09:26:32,84,0.02518553100526333
2026/05/07 09:26:33,83,0.02731018140912056
2026/05/07 09:26:34,83,0.03997916728258133
2026/05/07 09:26:35,82,0.06590545922517776
2026/05/07 09:26:36,83,0.06862343102693558
2026/05/07 09:26:37,83,0.034485846757888794
2026/05/07 09:26:38,84,0.14100106060504913
2026/05/07 09:26:39,84,0.13134226202964783
2026/05/07 09:26:40,84,0.03344272822141647
2026/05/07 09:26:41,84,0.02375568076968193
2026/05/07 09:26:42,84,0.043321914970874786
2026/05/07 09:26:43,84,0.035419780761003494
2026/05/07 09:26:44,84,0.02587486431002617
2026/05/07 09:26:45,84,0.15092630684375763
2026/05/07 09:26:46,85,0.22144342958927155
2026/05/07 09:26:47,85,0.05170711874961853
2026/05/07 09:26:48,86,0.059524182230234146
2026/05/07 09:26:49,87,0.018860291689634323
2026/05/07 09:26:50,88,0.01871304214000702
2026/05/07 09:26:51,89,0.023611368611454964
2026/05/07 09:26:52,90,0.06196339800953865
2026/05/07 09:26:53,91,0.03497146815061569
2026/05/07 09:26:54,93,0.030268223956227303
2026/05/07 09:26:55,94,0.02498059906065464
2026/05/07 09:26:56,95,0.0256069153547287
2026/05/07 09:26:57,95,0.021197305992245674
2026/05/07 09:26:58,95,0.023253807798027992
2026/05/07 09:26:59,95,0.022720851004123688
2026/05/07 09:27:00,94,0.02860170416533947
2026/05/07 09:27:01,94,0.03157653287053108
2026/05/07 09:27:02,93,0.02755572646856308
2026/05/07 09:27:03,93,0.027846556156873703
2026/05/07 09:27:04,93,0.03938554227352142
2026/05/07 09:27:05,93,0.07135751843452454
2026/05/07 09:27:06,93,0.04379374161362648
2026/05/07 09:27:07,94,0.07336374372243881
2026/05/07 09:27:08,94,0.047481320798397064
2026/05/07 09:27:09,93,0.14180493354797363
2026/05/07 09:27:10,93,0.045715805143117905
2026/05/07 09:27:11,93,0.07715871930122375
2026/05/07 09:27:12,93,0.16571222245693207
2026/05/07 09:27:13,93,0.17302680015563965
2026/05/07 09:27:14,93,0.07513972371816635
2026/05/07 09:27:15,93,0.04397046938538551
2026/05/07 09:27:16,93,0.0342283770442009
2026/05/07 09:27:17,93,0.07278390228748322
2026/05/07 09:27:18,93,0.06823790818452835
2026/05/07 09:27:19,93,0.06986863911151886
2026/05/07 09:27:20,92,0.036115024238824844
2026/05/07 09:27:21,92,0.022698981687426567
2026/05/07 09:27:22,91,0.02172189950942993
2026/05/07 09:27:23,90,0.021770335733890533
2026/05/07 09:27:24,89,0.021327873691916466
2026/05/07 09:27:25,87,0.022965166717767715
2026/05/07 09:27:26,86,0.023324811831116676
2026/05/07 09:27:27,85,0.022191224619746208
2026/05/07 09:27:28,83,0.02409580536186695
2026/05/07 09:27:29,81,0.023745179176330566
2026/05/07 09:27:30,79,0.02264569327235222
2026/05/07 09:27:31,78,0.022849947214126587
2026/05/07 09:27:32,76,0.023201242089271545
2026/05/07 09:27:33,75,0.022773295640945435
2026/05/07 09:27:34,74,0.023108748719096184
2026/05/07 09:27:35,73,0.02302020974457264
2026/05/07 09:27:36,73,0.022906767204403877
2026/05/07 09:27:37,73,0.02310507744550705
2026/05/07 09:27:38,74,0.02250717207789421
2026/05/07 09:27:39,74,0.02321300096809864
2026/05/07 09:27:40,74,0.022881755605340004
2026/05/07 09:27:41,74,0.02303650975227356
2026/05/07 09:27:42,74,0.02296970598399639
2026/05/07 09:27:43,74,0.022636089473962784
2026/05/07 09:27:44,74,0.02303013950586319
2026/05/07 09:27:45,74,0.02337087318301201
2026/05/07 09:27:46,73,0.02275913394987583
2026/05/07 09:27:47,73,0.023433957248926163
2026/05/07 09:27:48,73,0.023007646203041077
2026/05/07 09:27:49,73,0.022965088486671448
2026/05/07 09:27:50,72,0.02369723469018936
2026/05/07 09:27:51,72,0.02296990528702736
2026/05/07 09:27:52,72,0.022457953542470932
2026/05/07 09:27:53,72,0.02342633157968521
2026/05/07 09:27:54,72,0.023011239245533943
2026/05/07 09:27:55,73,0.023367619141936302
2026/05/07 09:27:56,72,0.022823011502623558
2026/05/07 09:27:57,72,0.02305959165096283
2026/05/07 09:27:58,71,0.02297508902847767
2026/05/07 09:27:59,71,0.022508518770337105
2026/05/07 09:28:00,70,0.023303048685193062
2026/05/07 09:28:01,69,0.022931836545467377
2026/05/07 09:28:02,69,0.023150980472564697
2026/05/07 09:28:03,69,0.02326120436191559
2026/05/07 09:28:04,69,0.022572441026568413
2026/05/07 09:28:05,69,0.022599540650844574
2026/05/07 09:28:06,69,0.023098750039935112
2026/05/07 09:28:07,69,0.023373490199446678
2026/05/07 09:28:08,69,0.022902347147464752
2026/05/07 09:28:09,70,0.02302309311926365
2026/05/07 09:28:10,70,0.0224719550460577
2026/05/07 09:28:11,70,0.02327093482017517
2026/05/07 09:28:12,71,0.023299602791666985
2026/05/07 09:28:13,72,0.02333013340830803
2026/05/07 09:28:14,72,0.022734547033905983
2026/05/07 09:28:15,72,0.02322952263057232
2026/05/07 09:28:16,73,0.02327120304107666
2026/05/07 09:28:17,74,0.06902392208576202
2026/05/07 09:28:18,75,0.08103764057159424
2026/05/07 09:28:19,76,0.04323941469192505
2026/05/07 09:28:20,77,0.03910782188177109
2026/05/07 09:28:21,77,0.0764138251543045
2026/05/07 09:28:22,78,0.025976046919822693
2026/05/07 09:28:23,79,0.06362541019916534
2026/05/07 09:28:24,80,0.02577882446348667
2026/05/07 09:28:25,81,0.11341055482625961
2026/05/07 09:28:26,81,0.05163626745343208
2026/05/07 09:28:27,82,0.14614559710025787
2026/05/07 09:28:28,83,0.06539720296859741
2026/05/07 09:28:29,84,0.0801500454545021
2026/05/07 09:28:30,84,0.201257586479187
2026/05/07 09:28:31,85,0.08747775107622147
2026/05/07 09:28:32,85,0.12420359253883362
2026/05/07 09:28:33,86,0.18258415162563324
2026/05/07 09:28:34,86,0.18263006210327148
2026/05/07 09:28:35,86,0.22531600296497345
2026/05/07 09:28:36,87,0.03488585725426674
2026/05/07 09:28:37,87,0.06646326184272766
2026/05/07 09:28:38,87,0.11307993531227112
2026/05/07 09:28:39,87,0.13388529419898987
2026/05/07 09:28:40,88,0.022923162207007408
2026/05/07 09:28:41,89,0.017934666946530342
2026/05/07 09:28:42,91,0.0199496541172266
2026/05/07 09:28:43,92,0.019496014341711998
2026/05/07 09:28:44,93,0.022445116192102432
2026/05/07 09:28:45,93,0.040115341544151306
2026/05/07 09:28:46,92,0.022313393652439117
2026/05/07 09:28:47,92,0.022319570183753967
2026/05/07 09:28:48,91,0.021964453160762787
2026/05/07 09:28:49,91,0.022793812677264214
2026/05/07 09:28:50,91,0.02516067959368229
2026/05/07 09:28:51,91,0.016538063064217567
2026/05/07 09:28:52,91,0.01680176332592964
2026/05/07 09:28:53,92,0.0684383437037468
2026/05/07 09:28:54,93,0.0750226378440857
2026/05/07 09:28:55,93,0.07846568524837494
2026/05/07 09:28:56,94,0.10537581890821457
2026/05/07 09:28:57,95,0.03140952065587044
2026/05/07 09:28:58,95,0.02346939779818058
2026/05/07 09:28:59,95,0.02273036539554596
2026/05/07 09:29:00,94,0.0234103761613369
2026/05/07 09:29:01,94,0.02293410710990429
2026/05/07 09:29:02,93,0.023225322365760803
2026/05/07 09:29:03,92,0.02276943437755108
2026/05/07 09:29:04,92,0.02298801578581333
2026/05/07 09:29:05,91,0.02242138795554638
2026/05/07 09:29:06,90,0.0228896364569664
2026/05/07 09:29:07,89,0.022576551884412766
2026/05/07 09:29:08,88,0.02318187803030014
2026/05/07 09:29:09,87,0.02284134551882744
2026/05/07 09:29:10,86,0.02250315435230732
2026/05/07 09:29:11,86,0.022463703528046608
2026/05/07 09:29:12,86,0.02276230975985527
2026/05/07 09:29:13,85,0.023253537714481354
2026/05/07 09:29:14,84,0.022459043189883232
2026/05/07 09:29:15,84,0.022938072681427002
2026/05/07 09:29:16,83,0.023380842059850693
2026/05/07 09:29:17,82,0.022173449397087097
2026/05/07 09:29:18,80,0.02288193628191948
2026/05/07 09:29:19,79,0.023147867992520332
2026/05/07 09:29:20,78,0.022965991869568825
2026/05/07 09:29:21,78,0.022661220282316208
2026/05/07 09:29:22,77,0.02339313179254532
2026/05/07 09:29:23,77,0.023212196305394173
2026/05/07 09:29:24,77,0.022983254864811897
2026/05/07 09:29:25,76,0.023315485566854477
2026/05/07 09:29:26,76,0.022744057700037956
2026/05/07 09:29:27,76,0.02308821864426136
2026/05/07 09:29:28,75,0.022710364311933517
2026/05/07 09:29:29,75,0.02338818460702896
2026/05/07 09:29:30,74,0.023251689970493317
2026/05/07 09:29:31,74,0.022809496149420738
2026/05/07 09:29:32,73,0.02275850623846054
2026/05/07 09:29:33,73,0.023199211806058884
2026/05/07 09:29:34,73,0.02338354103267193
2026/05/07 09:29:35,72,0.022583993151783943
2026/05/07 09:29:36,73,0.022843997925519943
2026/05/07 09:29:37,73,0.022748731076717377
2026/05/07 09:29:38,73,0.023008491843938828
2026/05/07 09:29:39,74,0.02274279296398163
2026/05/07 09:29:40,74,0.022499069571495056
2026/05/07 09:29:41,75,0.02297161892056465
2026/05/07 09:29:42,75,0.02266751229763031
2026/05/07 09:29:43,75,0.023914430290460587
2026/05/07 09:29:44,75,0.02302839234471321
2026/05/07 09:29:45,75,0.022839272394776344
2026/05/07 09:29:46,74,0.022957060486078262
2026/05/07 09:29:47,74,0.02278686687350273
2026/05/07 09:29:48,74,0.023740489035844803
2026/05/07 09:29:49,74,0.022782165557146072
2026/05/07 09:29:50,74,0.022713717073202133
2026/05/07 09:29:51,75,0.023145563900470734
2026/05/07 09:29:52,75,0.023513255640864372
2026/05/07 09:29:53,75,0.02225228026509285
2026/05/07 09:29:54,75,0.022848764434456825
2026/05/07 09:29:55,75,0.023569688200950623
2026/05/07 09:29:56,76,0.023033833131194115
2026/05/07 09:29:57,76,0.02254435420036316
2026/05/07 09:29:58,76,0.023233776912093163
2026/05/07 09:29:59,76,0.02259640023112297
2026/05/07 09:30:00,75,0.023252874612808228
2026/05/07 09:30:01,74,0.023357752710580826
2026/05/07 09:30:02,75,0.0241001658141613
2026/05/07 09:30:03,76,0.06056560203433037
2026/05/07 09:30:04,76,0.06992723047733307
2026/05/07 09:30:05,77,0.10168389230966568
2026/05/07 09:30:06,77,0.10186741501092911
2026/05/07 09:30:07,78,0.1835203617811203
2026/05/07 09:30:08,79,0.08517882227897644
2026/05/07 09:30:09,80,0.09494201093912125
2026/05/07 09:30:10,81,0.11796951293945312
2026/05/07 09:30:11,81,0.38972756266593933
2026/05/07 09:30:12,82,0.08977264165878296
2026/05/07 09:30:13,83,0.02901252917945385
2026/05/07 09:30:14,84,0.03170148283243179
2026/05/07 09:30:15,84,0.01945536583662033
2026/05/07 09:30:16,84,0.02149597369134426
2026/05/07 09:30:17,84,0.013340305536985397
2026/05/07 09:30:18,84,0.010670676827430725
2026/05/07 09:30:19,84,0.008679144084453583
2026/05/07 09:30:20,84,0.008255813270807266
2026/05/07 09:30:21,84,0.007246499415487051
2026/05/07 09:30:22,85,0.005477394443005323
2026/05/07 09:30:23,85,0.025960274040699005
2026/05/07 09:30:24,84,0.060416560620069504
2026/05/07 09:30:25,84,0.02730724588036537
2026/05/07 09:30:26,83,0.009340356104075909
2026/05/07 09:30:27,83,0.007861076854169369
2026/05/07 09:30:28,82,0.014795270748436451
2026/05/07 09:30:29,81,0.011331775225698948
2026/05/07 09:30:30,80,0.014016985893249512
2026/05/07 09:30:31,80,0.006595336366444826
2026/05/07 09:30:32,79,0.005933762062340975
2026/05/07 09:30:33,78,0.004892234690487385
2026/05/07 09:30:34,78,0.00558210164308548
2026/05/07 09:30:35,78,0.004263489041477442
2026/05/07 09:30:36,78,0.005761822685599327
2026/05/07 09:30:37,78,0.005517497193068266
2026/05/07 09:30:38,77,0.005417707841843367
2026/05/07 09:30:39,77,0.004739057272672653
2026/05/07 09:30:40,77,0.0048320358619093895
2026/05/07 09:30:41,77,0.004455734509974718
2026/05/07 09:30:42,77,0.004418463446199894
2026/05/07 09:30:43,76,0.005354765802621841
2026/05/07 09:30:44,76,0.0050204782746732235
2026/05/07 09:30:45,76,0.004548532888293266
2026/05/07 09:30:46,77,0.021538738161325455
2026/05/07 09:30:47,77,0.03555481508374214
2026/05/07 09:30:48,77,0.09806090593338013
2026/05/07 09:30:49,77,0.15956324338912964
2026/05/07 09:30:50,78,0.09864283353090286
2026/05/07 09:30:51,78,0.10209593176841736
2026/05/07 09:30:52,78,0.1819828301668167
2026/05/07 09:30:53,79,0.03909918665885925
2026/05/07 09:30:54,79,0.0469416044652462
2026/05/07 09:30:55,79,0.03597162291407585
2026/05/07 09:30:56,80,0.04062442108988762
2026/05/07 09:30:57,81,0.016595687717199326
2026/05/07 09:30:58,82,0.023703541606664658
2026/05/07 09:30:59,84,0.039838336408138275
2026/05/07 09:31:00,84,0.05831767991185188
2026/05/07 09:31:01,84,0.06494717299938202
2026/05/07 09:31:02,84,0.050320111215114594
2026/05/07 09:31:03,83,0.029555702582001686
2026/05/07 09:31:04,83,0.04758848249912262
2026/05/07 09:31:05,83,0.032828498631715775
2026/05/07 09:31:06,83,0.031027548015117645
2026/05/07 09:31:07,83,0.05748366937041283
2026/05/07 09:31:08,84,0.035569269210100174
2026/05/07 09:31:09,84,0.031541984528303146
2026/05/07 09:31:10,83,0.028250277042388916
2026/05/07 09:31:11,83,0.02510017342865467
2026/05/07 09:31:12,83,0.0376223623752594
2026/05/07 09:31:13,83,0.02779548428952694
2026/05/07 09:31:14,83,0.02647908590734005
2026/05/07 09:31:15,83,0.028340023010969162
2026/05/07 09:31:16,83,0.030945993959903717
2026/05/07 09:31:17,83,0.02910376898944378
2026/05/07 09:31:18,83,0.036202386021614075
2026/05/07 09:31:19,84,0.030586106702685356
2026/05/07 09:31:20,83,0.025337593629956245
2026/05/07 09:31:21,83,0.027597909793257713
2026/05/07 09:31:22,83,0.026750171557068825
2026/05/07 09:31:23,82,0.026803649961948395
2026/05/07 09:31:24,81,0.0274135023355484
2026/05/07 09:31:25,81,0.027518784627318382
2026/05/07 09:31:26,81,0.026769034564495087
2026/05/07 09:31:27,80,0.026585526764392853
2026/05/07 09:31:28,80,0.02777685411274433
2026/05/07 09:31:29,81,0.026670169085264206
2026/05/07 09:31:30,81,0.02721356600522995
2026/05/07 09:31:31,81,0.026793120428919792
2026/05/07 09:31:32,82,0.027031030505895615
2026/05/07 09:31:33,82,0.026690823957324028
2026/05/07 09:31:34,82,0.026793045923113823
2026/05/07 09:31:35,83,0.02720741741359234
2026/05/07 09:31:36,83,0.026481734588742256
2026/05/07 09:31:37,84,0.025645608082413673
2026/05/07 09:31:38,84,0.027389205992221832
2026/05/07 09:31:39,85,0.025827042758464813
2026/05/07 09:31:40,85,0.02834405191242695
2026/05/07 09:31:41,86,0.02652549184858799
2026/05/07 09:31:42,86,0.02754201553761959
2026/05/07 09:31:43,87,0.032148055732250214
2026/05/07 09:31:44,88,0.02473508007824421
2026/05/07 09:31:45,89,0.032596156001091
2026/05/07 09:31:46,89,0.051282741129398346
2026/05/07 09:31:47,90,0.0355520099401474
2026/05/07 09:31:48,90,0.08385587483644485
2026/05/07 09:31:49,90,0.028633302077651024
2026/05/07 09:31:50,90,0.03103693760931492
2026/05/07 09:31:51,90,0.02840588055551052
2026/05/07 09:31:52,90,0.028284450992941856
2026/05/07 09:31:53,90,0.028482826426625252
2026/05/07 09:31:54,90,0.027859114110469818
2026/05/07 09:31:55,90,0.028083529323339462
2026/05/07 09:31:56,90,0.027027323842048645
2026/05/07 09:31:57,89,0.0272961538285017
2026/05/07 09:31:58,88,0.028307335451245308
2026/05/07 09:31:59,88,0.02770189195871353
2026/05/07 09:32:00,88,0.02745201624929905
2026/05/07 09:32:01,88,0.02737514302134514
2026/05/07 09:32:02,89,0.029949288815259933
2026/05/07 09:32:03,89,0.026811709627509117
2026/05/07 09:32:04,89,0.026703132316470146
2026/05/07 09:32:05,89,0.027429906651377678
2026/05/07 09:32:06,88,0.02597651258111
2026/05/07 09:32:07,88,0.027223853394389153
2026/05/07 09:32:08,87,0.026616932824254036
2026/05/07 09:32:09,87,0.02620740234851837
2026/05/07 09:32:10,87,0.02737272158265114
2026/05/07 09:32:11,87,0.053016215562820435
2026/05/07 09:32:12,86,0.03446023166179657
2026/05/07 09:32:13,86,0.029513128101825714
2026/05/07 09:32:14,86,0.029881197959184647
2026/05/07 09:32:15,86,0.030451178550720215
2026/05/07 09:32:16,87,0.029677927494049072
2026/05/07 09:32:17,87,0.03203461319208145
2026/05/07 09:32:18,87,0.028488580137491226
2026/05/07 09:32:19,88,0.032446905970573425
2026/05/07 09:32:20,87,0.047453753650188446
2026/05/07 09:32:21,87,0.031127870082855225
2026/05/07 09:32:22,86,0.029962947592139244
2026/05/07 09:32:23,86,0.030568238347768784
2026/05/07 09:32:24,86,0.030525552108883858
2026/05/07 09:32:25,87,0.029810968786478043
2026/05/07 09:32:26,88,0.030622126534581184
2026/05/07 09:32:27,88,0.030414797365665436
2026/05/07 09:32:28,88,0.030235351994633675
2026/05/07 09:32:29,88,0.03098425641655922
2026/05/07 09:32:30,86,0.02997768297791481
2026/05/07 09:32:31,85,0.029470499604940414
2026/05/07 09:32:32,84,0.029983632266521454
2026/05/07 09:32:33,83,0.02893662266433239
2026/05/07 09:32:34,83,0.0299481600522995
2026/05/07 09:32:35,83,0.03019644133746624
2026/05/07 09:32:36,83,0.029770124703645706
2026/05/07 09:32:37,84,0.02968893013894558
2026/05/07 09:32:38,85,0.03077116422355175
2026/05/07 09:32:39,85,0.029760196805000305
2026/05/07 09:32:40,86,0.029084863141179085
2026/05/07 09:32:41,87,0.030077185481786728
2026/05/07 09:32:42,88,0.031020596623420715
2026/05/07 09:32:43,89,0.029094718396663666
2026/05/07 09:32:44,89,0.038861799985170364
2026/05/07 09:32:45,89,0.061743803322315216
2026/05/07 09:32:46,90,0.12166094779968262
2026/05/07 09:32:47,90,0.17561420798301697
2026/05/07 09:32:48,91,0.06332124769687653
2026/05/07 09:32:49,92,0.04436678811907768
2026/05/07 09:32:50,92,0.030435597524046898
2026/05/07 09:32:51,92,0.02338627353310585
2026/05/07 09:32:52,92,0.020866040140390396
2026/05/07 09:32:53,92,0.0737694501876831
2026/05/07 09:32:54,92,0.1390990912914276
2026/05/07 09:32:55,92,0.042858801782131195
2026/05/07 09:32:56,91,0.012959376908838749
2026/05/07 09:32:57,91,0.0210736021399498
2026/05/07 09:32:58,91,0.02805204689502716
2026/05/07 09:32:59,91,0.03236238285899162
2026/05/07 09:33:00,90,0.024700472131371498
2026/05/07 09:33:01,90,0.08090922981500626
2026/05/07 09:33:02,89,0.07372741401195526
2026/05/07 09:33:03,88,0.04726522043347359
2026/05/07 09:33:04,87,0.013225004076957703
2026/05/07 09:33:05,86,0.016124028712511063
2026/05/07 09:33:06,85,0.014026282355189323
2026/05/07 09:33:07,84,0.015230423770844936
2026/05/07 09:33:08,84,0.01446474064141512
2026/05/07 09:33:09,84,0.038306400179862976
2026/05/07 09:33:10,85,0.034323688596487045
2026/05/07 09:33:11,85,0.016092704609036446
2026/05/07 09:33:12,86,0.013500764034688473
2026/05/07 09:33:13,87,0.15878893435001373
2026/05/07 09:33:14,87,0.14714603126049042
2026/05/07 09:33:15,88,0.023579007014632225
2026/05/07 09:33:16,88,0.02166522666811943
2026/05/07 09:33:17,89,0.02262689732015133
2026/05/07 09:33:18,89,0.10251180827617645
2026/05/07 09:33:19,90,0.10341226309537888
2026/05/07 09:33:20,91,0.10374762117862701
2026/05/07 09:33:21,92,0.14801952242851257
2026/05/07 09:33:22,93,0.19245567917823792
2026/05/07 09:33:23,94,0.24393732845783234
2026/05/07 09:33:24,96,0.10746422410011292
2026/05/07 09:33:25,98,0.08113929629325867
2026/05/07 09:33:26,100,0.045435283333063126
2026/05/07 09:33:27,101,0.11921670287847519
2026/05/07 09:33:28,101,0.030493060126900673
2026/05/07 09:33:29,101,0.04821401461958885
2026/05/07 09:33:30,102,0.15932556986808777
2026/05/07 09:33:31,102,0.05062097683548927
2026/05/07 09:33:32,103,0.015252765268087387
2026/05/07 09:33:33,104,0.010713640600442886
2026/05/07 09:33:34,106,0.017714904621243477
2026/05/07 09:33:35,107,0.011693825013935566
2026/05/07 09:33:36,108,0.008632559329271317
2026/05/07 09:33:37,109,0.015229223296046257
2026/05/07 09:33:38,110,0.012067960575222969
2026/05/07 09:33:39,111,0.010630013421177864
2026/05/07 09:33:40,111,0.019399872049689293
2026/05/07 09:33:41,110,0.016266951337456703
2026/05/07 09:33:42,110,0.02236798405647278
2026/05/07 09:33:43,109,0.011778553947806358
2026/05/07 09:33:44,109,0.011021392419934273
2026/05/07 09:33:45,108,0.00810600258409977
2026/05/07 09:33:46,108,0.025674324482679367
2026/05/07 09:33:47,107,0.020140741020441055
2026/05/07 09:33:48,107,0.03261870518326759
2026/05/07 09:33:49,106,0.046175774186849594
2026/05/07 09:33:50,105,0.02309330366551876
2026/05/07 09:33:51,105,0.026463575661182404
2026/05/07 09:33:52,104,0.022215327247977257
2026/05/07 09:33:53,104,0.028323858976364136
2026/05/07 09:33:54,103,0.05735781788825989
2026/05/07 09:33:55,103,0.023611586540937424
2026/05/07 09:33:56,104,0.0159941166639328
2026/05/07 09:33:57,104,0.024321675300598145
2026/05/07 09:33:58,105,0.020268619060516357
2026/05/07 09:33:59,106,0.011011339724063873
2026/05/07 09:34:00,106,0.01605534926056862
2026/05/07 09:34:01,106,0.034655988216400146
2026/05/07 09:34:02,106,0.02687830664217472
2026/05/07 09:34:03,106,0.015530365519225597
2026/05/07 09:34:04,106,0.019846908748149872
2026/05/07 09:34:05,106,0.03253395855426788
2026/05/07 09:34:06,105,0.11374002695083618
2026/05/07 09:34:07,104,0.02787068672478199
2026/05/07 09:34:08,104,0.021133972331881523
2026/05/07 09:34:09,103,0.023274874314665794
2026/05/07 09:34:10,102,0.022607965394854546
2026/05/07 09:34:11,101,0.020780937746167183
2026/05/07 09:34:12,100,0.026506859809160233
2026/05/07 09:34:13,100,0.026425883173942566
2026/05/07 09:34:14,100,0.02384575828909874
2026/05/07 09:34:15,99,0.035975031554698944
2026/05/07 09:34:16,99,0.036613211035728455
2026/05/07 09:34:17,99,0.03662903234362602
2026/05/07 09:34:18,99,0.039160773158073425
2026/05/07 09:34:19,98,0.04589693620800972
2026/05/07 09:34:20,98,0.04890113323926926
2026/05/07 09:34:21,98,0.04729316383600235
2026/05/07 09:34:22,99,0.05230644717812538
2026/05/07 09:34:23,99,0.027472781017422676
2026/05/07 09:34:24,99,0.04030952975153923
2026/05/07 09:34:25,99,0.22797153890132904
2026/05/07 09:34:26,99,0.08671282231807709
2026/05/07 09:34:27,100,0.05025909096002579
2026/05/07 09:34:28,100,0.032126396894454956
2026/05/07 09:34:29,100,0.018357280641794205
2026/05/07 09:34:30,100,0.019344966858625412
2026/05/07 09:34:31,100,0.029276985675096512
2026/05/07 09:34:32,99,0.019090799614787102
2026/05/07 09:34:33,99,0.01560184359550476
2026/05/07 09:34:34,99,0.014065121300518513
2026/05/07 09:34:35,99,0.014218108728528023
2026/05/07 09:34:36,99,0.011122087016701698
2026/05/07 09:34:37,98,0.012386959046125412
2026/05/07 09:34:38,99,0.012998661957681179
2026/05/07 09:34:39,99,0.015562688931822777
2026/05/07 09:34:40,100,0.026034889742732048
2026/05/07 09:34:41,101,0.04325003921985626
2026/05/07 09:34:42,102,0.013144406490027905
2026/05/07 09:34:43,104,0.021360652521252632
2026/05/07 09:34:44,106,0.0265435129404068
2026/05/07 09:34:45,107,0.012260070070624352
2026/05/07 09:34:46,111,0.008121008984744549
2026/05/07 09:34:47,113,0.01670437678694725
2026/05/07 09:34:48,115,0.012581986375153065
2026/05/07 09:34:49,116,0.014409967698156834
2026/05/07 09:34:50,117,0.011186609975993633
2026/05/07 09:34:51,119,0.021315399557352066
2026/05/07 09:34:52,119,0.011948788538575172
2026/05/07 09:34:53,120,0.02062339335680008
2026/05/07 09:34:54,120,0.08464816212654114
2026/05/07 09:34:55,119,0.06372645497322083
2026/05/07 09:34:56,119,0.037169016897678375
2026/05/07 09:34:57,119,0.04287084937095642
2026/05/07 09:34:58,118,0.022741567343473434
2026/05/07 09:34:59,118,0.022572120651602745
2026/05/07 09:35:00,117,0.022344548255205154
2026/05/07 09:35:01,117,0.02259533852338791
2026/05/07 09:35:02,115,0.021622825413942337
2026/05/07 09:35:03,113,0.02327652834355831
2026/05/07 09:35:04,109,0.05989377945661545
2026/05/07 09:35:05,106,0.04515675827860832
2026/05/07 09:35:06,101,0.07179026305675507
2026/05/07 09:35:07,97,0.023710167035460472
2026/05/07 09:35:08,95,0.028199588879942894
2026/05/07 09:35:09,92,0.04440993070602417
2026/05/07 09:35:10,91,0.031796425580978394
2026/05/07 09:35:11,90,0.03537643328309059
2026/05/07 09:35:12,91,0.03191708028316498
2026/05/07 09:35:13,91,0.02575131319463253
2026/05/07 09:35:14,92,0.033482424914836884
2026/05/07 09:35:15,93,0.03137373551726341
2026/05/07 09:35:16,94,0.023627620190382004
2026/05/07 09:35:17,94,0.02821796014904976
2026/05/07 09:35:18,95,0.024982718750834465
2026/05/07 09:35:19,95,0.026580974459648132
2026/05/07 09:35:20,95,0.030996330082416534
2026/05/07 09:35:21,96,0.023130306974053383
2026/05/07 09:35:22,96,0.02599066123366356
2026/05/07 09:35:23,97,0.023958910256624222
2026/05/07 09:35:24,97,0.045940548181533813
2026/05/07 09:35:25,98,0.040571123361587524
2026/05/07 09:35:26,99,0.03471722826361656
2026/05/07 09:35:27,99,0.02921479381620884
2026/05/07 09:35:28,99,0.039587248116731644
2026/05/07 09:35:29,100,0.02490391582250595
2026/05/07 09:35:30,101,0.027660630643367767
2026/05/07 09:35:31,101,0.05139301344752312
2026/05/07 09:35:32,102,0.08346609771251678
2026/05/07 09:35:33,102,0.04393220320343971
2026/05/07 09:35:34,102,0.10746239870786667
2026/05/07 09:35:35,101,0.03529294207692146
2026/05/07 09:35:36,101,0.035484250634908676
2026/05/07 09:35:37,101,0.024504737928509712
2026/05/07 09:35:38,101,0.02840661257505417
2026/05/07 09:35:39,100,0.02383885718882084
2026/05/07 09:35:40,100,0.04015282914042473
2026/05/07 09:35:41,100,0.034697242081165314
2026/05/07 09:35:42,101,0.04075152426958084
2026/05/07 09:35:43,101,0.01904645934700966
2026/05/07 09:35:44,102,0.02418484166264534
2026/05/07 09:35:45,103,0.022492464631795883
2026/05/07 09:35:46,104,0.02759404107928276
2026/05/07 09:35:47,104,0.027945056557655334
2026/05/07 09:35:48,104,0.040163859724998474
2026/05/07 09:35:49,105,0.05603970214724541
2026/05/07 09:35:50,105,0.07226768136024475
2026/05/07 09:35:51,104,0.02882038615643978
2026/05/07 09:35:52,104,0.036233194172382355
2026/05/07 09:35:53,104,0.03816352039575577
2026/05/07 09:35:54,104,0.02980368584394455
2026/05/07 09:35:55,104,0.029332127422094345
2026/05/07 09:35:56,104,0.028993450105190277
2026/05/07 09:35:57,103,0.02290721982717514
2026/05/07 09:35:58,103,0.04096577689051628
2026/05/07 09:35:59,103,0.0674159824848175
2026/05/07 09:36:00,103,0.09465020895004272
2026/05/07 09:36:01,103,0.12792499363422394
2026/05/07 09:36:02,103,0.241028293967247
2026/05/07 09:36:03,103,0.10488858073949814
2026/05/07 09:36:04,104,0.09316203743219376
2026/05/07 09:36:05,104,0.08484718948602676
2026/05/07 09:36:06,105,0.07317602634429932
2026/05/07 09:36:07,105,0.02944779582321644
2026/05/07 09:36:08,105,0.016853120177984238
2026/05/07 09:36:09,105,0.049662068486213684
2026/05/07 09:36:10,105,0.027591204270720482
2026/05/07 09:36:11,104,0.03495440632104874
2026/05/07 09:36:12,104,0.020426005125045776
2026/05/07 09:36:13,103,0.025114554911851883
2026/05/07 09:36:14,102,0.0192136038094759
2026/05/07 09:36:15,101,0.019284367561340332
2026/05/07 09:36:16,100,0.01843290589749813
2026/05/07 09:36:17,99,0.03622039034962654
2026/05/07 09:36:18,98,0.03039916232228279
2026/05/07 09:36:19,97,0.020273027941584587
2026/05/07 09:36:20,96,0.01924739219248295
2026/05/07 09:36:21,95,0.021459732204675674
2026/05/07 09:36:22,94,0.020759833976626396
2026/05/07 09:36:23,93,0.020148828625679016
2026/05/07 09:36:24,92,0.019198236986994743
2026/05/07 09:36:25,91,0.021418515592813492
2026/05/07 09:36:26,91,0.019908975809812546
2026/05/07 09:36:27,90,0.01968403160572052
2026/05/07 09:36:28,90,0.018669787794351578
2026/05/07 09:36:29,90,0.019429726526141167
2026/05/07 09:36:30,89,0.031172875314950943
2026/05/07 09:36:31,89,0.01860060915350914
2026/05/07 09:36:32,88,0.034089941531419754
2026/05/07 09:36:33,88,0.03919859975576401
2026/05/07 09:36:34,87,0.03051246516406536
2026/05/07 09:36:35,87,0.015905648469924927
2026/05/07 09:36:36,87,0.024495555087924004
2026/05/07 09:36:37,86,0.05886472761631012
2026/05/07 09:36:38,87,0.03725099191069603
2026/05/07 09:36:39,87,0.03105170838534832
2026/05/07 09:36:40,87,0.02828008122742176
2026/05/07 09:36:41,87,0.04000711068511009
2026/05/07 09:36:42,88,0.03253466635942459
2026/05/07 09:36:43,88,0.023053446784615517
2026/05/07 09:36:44,88,0.0420411117374897
2026/05/07 09:36:45,87,0.039112623780965805
2026/05/07 09:36:46,88,0.034685421735048294
2026/05/07 09:36:47,88,0.05684791877865791
2026/05/07 09:36:48,89,0.060570742934942245
2026/05/07 09:36:49,89,0.06107362359762192
2026/05/07 09:36:50,90,0.03478725999593735
2026/05/07 09:36:51,90,0.042890764772892
2026/05/07 09:36:52,91,0.030193189159035683
2026/05/07 09:36:53,91,0.018813375383615494
2026/05/07 09:36:54,92,0.04798058047890663
2026/05/07 09:36:55,93,0.07672389596700668
2026/05/07 09:36:56,94,0.03991523012518883
2026/05/07 09:36:57,94,0.040609847754240036
2026/05/07 09:36:58,95,0.058629486709833145
2026/05/07 09:36:59,95,0.04863860830664635
2026/05/07 09:37:00,96,0.1229550912976265
2026/05/07 09:37:01,97,0.09104137122631073
2026/05/07 09:37:02,98,0.0751023069024086
2026/05/07 09:37:03,98,0.06384293735027313
2026/05/07 09:37:04,99,0.08699675649404526
2026/05/07 09:37:05,100,0.046714432537555695
2026/05/07 09:37:06,100,0.03750193491578102
2026/05/07 09:37:07,100,0.049281295388936996
2026/05/07 09:37:08,100,0.07520461082458496
2026/05/07 09:37:09,100,0.08375678956508636
2026/05/07 09:37:10,101,0.12152969092130661
2026/05/07 09:37:11,102,0.11070135235786438
2026/05/07 09:37:12,103,0.09524320811033249
2026/05/07 09:37:13,103,0.10635239630937576
2026/05/07 09:37:14,104,0.1741700917482376
2026/05/07 09:37:15,104,0.11910399049520493
2026/05/07 09:37:16,103,0.04426259547472
2026/05/07 09:37:17,102,0.030068473890423775
2026/05/07 09:37:18,102,0.0419517457485199
2026/05/07 09:37:19,101,0.043913986533880234
2026/05/07 09:37:20,101,0.041655201464891434
2026/05/07 09:37:21,101,0.03954122215509415
2026/05/07 09:37:22,101,0.030067525804042816
2026/05/07 09:37:23,101,0.03994763270020485
2026/05/07 09:37:24,102,0.036013517528772354
2026/05/07 09:37:25,103,0.04928766191005707
2026/05/07 09:37:26,104,0.0373232364654541
2026/05/07 09:37:27,104,0.10781107097864151
2026/05/07 09:37:28,104,0.15812119841575623
2026/05/07 09:37:29,103,0.255008339881897
2026/05/07 09:37:30,104,0.2195645123720169
2026/05/07 09:37:31,104,0.13646554946899414
2026/05/07 09:37:32,105,0.15163856744766235
2026/05/07 09:37:33,105,0.02956235222518444
2026/05/07 09:37:34,106,0.06676118820905685
2026/05/07 09:37:35,107,0.14485010504722595
2026/05/07 09:37:36,108,0.11434587836265564
2026/05/07 09:37:37,109,0.05360584333539009
2026/05/07 09:37:38,109,0.03586445748806
2026/05/07 09:37:39,110,0.0767640620470047
2026/05/07 09:37:40,111,0.05680393427610397
2026/05/07 09:37:41,111,0.06689809262752533
2026/05/07 09:37:42,112,0.037587281316518784
2026/05/07 09:37:43,112,0.055680710822343826
2026/05/07 09:37:44,112,0.06952255964279175
2026/05/07 09:37:45,112,0.04012427106499672
2026/05/07 09:37:46,111,0.029093189164996147
2026/05/07 09:37:47,111,0.04058483988046646
2026/05/07 09:37:48,110,0.02785254456102848
2026/05/07 09:37:49,110,0.046114783734083176
2026/05/07 09:37:50,110,0.044541746377944946
2026/05/07 09:37:51,110,0.05281449854373932
2026/05/07 09:37:52,110,0.05040555074810982
2026/05/07 09:37:53,110,0.031584955751895905
2026/05/07 09:37:54,110,0.027574390172958374
2026/05/07 09:37:55,109,0.022000664845108986
2026/05/07 09:37:56,109,0.03303994610905647
2026/05/07 09:37:57,108,0.03469783440232277
2026/05/07 09:37:58,107,0.04317038133740425
2026/05/07 09:37:59,107,0.05121069774031639
2026/05/07 09:38:00,106,0.02749752067029476
2026/05/07 09:38:01,105,0.026738427579402924
2026/05/07 09:38:02,105,0.03394928574562073
2026/05/07 09:38:03,105,0.02839924395084381
2026/05/07 09:38:04,105,0.11403937637805939
2026/05/07 09:38:05,105,0.11531278491020203
2026/05/07 09:38:06,106,0.03796906769275665
2026/05/07 09:38:07,106,0.025843923911452293
2026/05/07 09:38:08,106,0.02578933723270893
2026/05/07 09:38:09,106,0.04722885414958
2026/05/07 09:38:10,105,0.03597124665975571
2026/05/07 09:38:11,104,0.05671156570315361
2026/05/07 09:38:12,103,0.032699909061193466
2026/05/07 09:38:13,102,0.047596026211977005
2026/05/07 09:38:14,102,0.03439273685216904
2026/05/07 09:38:15,102,0.031913965940475464
2026/05/07 09:38:16,101,0.02252116985619068
2026/05/07 09:38:17,101,0.037278611212968826
2026/05/07 09:38:18,102,0.04076247289776802
2026/05/07 09:38:19,102,0.027621792629361153
2026/05/07 09:38:20,103,0.04608861729502678
2026/05/07 09:38:21,104,0.043237973004579544
2026/05/07 09:38:22,105,0.0398767925798893
2026/05/07 09:38:23,106,0.023034118115901947
2026/05/07 09:38:24,107,0.02623639814555645
2026/05/07 09:38:25,108,0.050827693194150925
2026/05/07 09:38:26,108,0.03666330501437187
2026/05/07 09:38:27,109,0.04062620922923088
2026/05/07 09:38:28,109,0.028151851147413254
2026/05/07 09:38:29,110,0.02336486056447029
2026/05/07 09:38:30,110,0.02927895076572895
2026/05/07 09:38:31,111,0.029079662635922432
2026/05/07 09:38:32,112,0.08201068639755249
2026/05/07 09:38:33,113,0.030429108068346977
2026/05/07 09:38:34,114,0.05034853145480156
2026/05/07 09:38:35,115,0.07973155379295349
2026/05/07 09:38:36,115,0.09831944853067398
2026/05/07 09:38:37,116,0.04039263352751732
2026/05/07 09:38:38,115,0.03835197538137436
2026/05/07 09:38:39,115,0.08982601016759872
2026/05/07 09:38:40,115,0.17441901564598083
2026/05/07 09:38:41,114,0.10403864830732346
2026/05/07 09:38:42,113,0.03878416121006012
2026/05/07 09:38:43,113,0.031053660437464714
2026/05/07 09:38:44,112,0.06863707304000854
2026/05/07 09:38:45,112,0.034380391240119934
2026/05/07 09:38:46,112,0.03111252561211586
2026/05/07 09:38:47,113,0.03643323853611946
2026/05/07 09:38:48,113,0.15705177187919617
2026/05/07 09:38:49,113,0.12190797179937363
2026/05/07 09:38:50,114,0.08010794222354889
2026/05/07 09:38:51,114,0.2666829824447632
2026/05/07 09:38:52,115,0.3648526966571808
2026/05/07 09:38:53,116,0.11590274423360825
2026/05/07 09:38:54,116,0.09455689042806625
2026/05/07 09:38:55,116,0.09961932897567749
2026/05/07 09:38:56,115,0.058988384902477264
2026/05/07 09:38:57,115,0.033504802733659744
2026/05/07 09:38:58,115,0.017623327672481537
2026/05/07 09:38:59,115,0.020717205479741096
2026/05/07 09:39:00,115,0.023677172139286995
2026/05/07 09:39:01,115,0.03156353533267975
2026/05/07 09:39:02,116,0.031705357134342194
2026/05/07 09:39:03,117,0.02380378358066082
2026/05/07 09:39:04,119,0.029796039685606956
2026/05/07 09:39:05,120,0.02699197828769684
2026/05/07 09:39:06,121,0.01706577092409134
2026/05/07 09:39:07,122,0.06712400168180466
2026/05/07 09:39:08,123,0.05114773288369179
2026/05/07 09:39:09,123,0.05606069788336754
2026/05/07 09:39:10,123,0.11763384938240051
2026/05/07 09:39:11,123,0.023971419781446457
2026/05/07 09:39:12,122,0.08944037556648254
2026/05/07 09:39:13,121,0.053880348801612854
2026/05/07 09:39:14,119,0.011315054260194302
2026/05/07 09:39:15,118,0.009041828103363514
2026/05/07 09:39:16,117,0.01709219627082348
2026/05/07 09:39:17,115,0.04667752981185913
2026/05/07 09:39:18,115,0.02552403323352337
2026/05/07 09:39:19,115,0.022923268377780914
2026/05/07 09:39:20,113,0.12214379012584686
2026/05/07 09:39:21,112,0.04384434223175049
2026/05/07 09:39:22,111,0.02749442681670189
2026/05/07 09:39:23,110,0.05210331827402115
2026/05/07 09:39:24,110,0.029844803735613823
2026/05/07 09:39:25,109,0.02326994016766548
2026/05/07 09:39:26,108,0.023217229172587395
2026/05/07 09:39:27,107,0.02041066624224186
2026/05/07 09:39:28,106,0.13557219505310059
2026/05/07 09:39:29,106,0.5211458802223206
2026/05/07 09:39:30,105,0.11519286036491394
2026/05/07 09:39:31,105,0.05768972262740135
2026/05/07 09:39:32,105,0.030870633199810982
2026/05/07 09:39:33,105,0.021351775154471397
2026/05/07 09:39:34,105,0.027233600616455078
2026/05/07 09:39:35,105,0.02318999543786049
2026/05/07 09:39:36,105,0.027708521112799644
2026/05/07 09:39:37,105,0.026491954922676086
2026/05/07 09:39:38,105,0.02415916882455349
2026/05/07 09:39:39,105,0.02688923105597496
2026/05/07 09:39:40,106,0.10862675309181213
2026/05/07 09:39:41,106,0.19575823843479156
2026/05/07 09:39:42,107,0.1265764683485031
2026/05/07 09:39:43,108,0.13861753046512604
2026/05/07 09:39:44,108,0.20336654782295227
2026/05/07 09:39:45,109,0.20515240728855133
2026/05/07 09:39:46,109,0.08143384009599686
2026/05/07 09:39:47,109,0.18758314847946167
2026/05/07 09:39:48,110,0.06343726813793182
2026/05/07 09:39:49,110,0.019872674718499184
2026/05/07 09:39:50,110,0.019602468237280846
2026/05/07 09:39:51,110,0.066941037774086
2026/05/07 09:39:52,110,0.06140616163611412
2026/05/07 09:39:53,109,0.05268101021647453
2026/05/07 09:39:54,109,0.0377788282930851
2026/05/07 09:39:55,108,0.052036333829164505
2026/05/07 09:39:56,107,0.03708571568131447
2026/05/07 09:39:57,106,0.01877264492213726
2026/05/07 09:39:58,104,0.02342079021036625
2026/05/07 09:39:59,103,0.026161493733525276
2026/05/07 09:40:00,102,0.03242341801524162
2026/05/07 09:40:01,102,0.022038837894797325
2026/05/07 09:40:02,101,0.023047983646392822
2026/05/07 09:40:03,100,0.02563822828233242
2026/05/07 09:40:04,99,0.09144067764282227
2026/05/07 09:40:05,98,0.049713294953107834
2026/05/07 09:40:06,97,0.028910493478178978
2026/05/07 09:40:07,96,0.021563122048974037
2026/05/07 09:40:08,95,0.02025400474667549
2026/05/07 09:40:09,95,0.02167719043791294
2026/05/07 09:40:10,94,0.049445878714323044
2026/05/07 09:40:11,94,0.040916018187999725
2026/05/07 09:40:12,94,0.04778682440519333
2026/05/07 09:40:13,94,0.027781056240200996
2026/05/07 09:40:14,94,0.02534596063196659
2026/05/07 09:40:15,95,0.02150498330593109
2026/05/07 09:40:16,95,0.02154451049864292
2026/05/07 09:40:17,95,0.047783758491277695
2026/05/07 09:40:18,95,0.09434589743614197
2026/05/07 09:40:19,95,0.05307215824723244
2026/05/07 09:40:20,95,0.0340258814394474
2026/05/07 09:40:21,95,0.02575621008872986
2026/05/07 09:40:22,96,0.03088078647851944
2026/05/07 09:40:23,96,0.041177164763212204
2026/05/07 09:40:24,96,0.028239771723747253
2026/05/07 09:40:25,95,0.036673106253147125
2026/05/07 09:40:26,95,0.022325268015265465
2026/05/07 09:40:27,95,0.06602632999420166
2026/05/07 09:40:28,95,0.05423833057284355
2026/05/07 09:40:29,94,0.08435648679733276
2026/05/07 09:40:30,94,0.06215820461511612
2026/05/07 09:40:31,94,0.08479415625333786
2026/05/07 09:40:32,94,0.16259153187274933
2026/05/07 09:40:33,95,0.057662781327962875
2026/05/07 09:40:34,95,0.05399470776319504
2026/05/07 09:40:35,95,0.020931944251060486
2026/05/07 09:40:36,95,0.021565468981862068
2026/05/07 09:40:37,96,0.022700771689414978
2026/05/07 09:40:38,96,0.03186700865626335
2026/05/07 09:40:39,96,0.05571149289608002
2026/05/07 09:40:40,96,0.08273164927959442
2026/05/07 09:40:41,96,0.10774330049753189
2026/05/07 09:40:42,97,0.08523214608430862
2026/05/07 09:40:43,97,0.039936941117048264
2026/05/07 09:40:44,97,0.32407471537590027
2026/05/07 09:40:45,97,0.09344284236431122
2026/05/07 09:40:46,97,0.017969679087400436
2026/05/07 09:40:47,98,0.017968378961086273
2026/05/07 09:40:48,97,0.017924726009368896
2026/05/07 09:40:49,97,0.09876005351543427
2026/05/07 09:40:50,96,0.18953482806682587
2026/05/07 09:40:51,95,0.04422863572835922
2026/05/07 09:40:52,94,0.0170575100928545
2026/05/07 09:40:53,94,0.10346222668886185
2026/05/07 09:40:54,93,0.019493702799081802
2026/05/07 09:40:55,92,0.017357822507619858
2026/05/07 09:40:56,92,0.015205582603812218
2026/05/07 09:40:57,91,0.015612556599080563
2026/05/07 09:40:58,91,0.02131388895213604
2026/05/07 09:40:59,91,0.05967041105031967
2026/05/07 09:41:00,91,0.03670601546764374
2026/05/07 09:41:01,91,0.046561721712350845
2026/05/07 09:41:02,91,0.12900392711162567
2026/05/07 09:41:03,92,0.2061176896095276
2026/05/07 09:41:04,92,0.08532492071390152
2026/05/07 09:41:05,92,0.037154436111450195
2026/05/07 09:41:06,92,0.041887130588293076
2026/05/07 09:41:07,93,0.07399208098649979
2026/05/07 09:41:08,93,0.02830336056649685
2026/05/07 09:41:09,94,0.03366522490978241
2026/05/07 09:41:10,96,0.027583513408899307
2026/05/07 09:41:11,97,0.02623012661933899
2026/05/07 09:41:12,98,0.02730715274810791
2026/05/07 09:41:13,99,0.025139648467302322
2026/05/07 09:41:14,100,0.027962137013673782
2026/05/07 09:41:15,100,0.02440761961042881
2026/05/07 09:41:16,101,0.08148123323917389
2026/05/07 09:41:17,102,0.098538339138031
2026/05/07 09:41:18,103,0.10663435608148575
2026/05/07 09:41:19,104,0.24813270568847656
2026/05/07 09:41:20,105,0.41576531529426575
2026/05/07 09:41:21,105,0.07112909108400345
2026/05/07 09:41:22,106,0.017022864893078804
2026/05/07 09:41:23,106,0.016604192554950714
2026/05/07 09:41:24,107,0.02934405766427517
2026/05/07 09:41:25,107,0.12057824432849884
2026/05/07 09:41:26,108,0.06051654741168022
2026/05/07 09:41:27,109,0.037325043231248856
2026/05/07 09:41:28,110,0.03585338592529297
2026/05/07 09:41:29,110,0.03262287378311157
2026/05/07 09:41:30,111,0.03087117336690426
2026/05/07 09:41:31,112,0.02337615005671978
2026/05/07 09:41:32,112,0.01722658798098564
2026/05/07 09:41:33,112,0.016412287950515747
2026/05/07 09:41:34,112,0.019960802048444748
2026/05/07 09:41:35,112,0.024350540712475777
2026/05/07 09:41:36,111,0.027580631896853447
2026/05/07 09:41:37,110,0.030297068879008293
2026/05/07 09:41:38,110,0.024278834462165833
2026/05/07 09:41:39,109,0.015932276844978333
2026/05/07 09:41:40,108,0.018269900232553482
2026/05/07 09:41:41,107,0.03469216078519821
2026/05/07 09:41:42,108,0.06839942932128906
2026/05/07 09:41:43,109,0.1395072489976883
2026/05/07 09:41:44,109,0.15959882736206055
2026/05/07 09:41:45,110,0.03696560114622116
2026/05/07 09:41:46,112,0.027201328426599503
2026/05/07 09:41:47,113,0.02278134971857071
2026/05/07 09:41:48,114,0.021291732788085938
2026/05/07 09:41:49,115,0.021495850756764412
2026/05/07 09:41:50,115,0.02005086839199066
2026/05/07 09:41:51,115,0.022694900631904602
2026/05/07 09:41:52,115,0.022143851965665817
2026/05/07 09:41:53,114,0.0243858490139246
2026/05/07 09:41:54,114,0.02355051040649414
2026/05/07 09:41:55,113,0.0216168612241745
2026/05/07 09:41:56,112,0.021542727947235107
2026/05/07 09:41:57,112,0.022132104262709618
2026/05/07 09:41:58,111,0.02276410348713398
2026/05/07 09:41:59,110,0.02187785878777504
2026/05/07 09:42:00,108,0.022305408492684364
2026/05/07 09:42:01,106,0.022124001756310463
2026/05/07 09:42:02,105,0.021974604576826096
2026/05/07 09:42:03,104,0.022025834769010544
2026/05/07 09:42:04,102,0.022577699273824692
2026/05/07 09:42:05,102,0.020792342722415924
2026/05/07 09:42:06,101,0.031149188056588173
2026/05/07 09:42:07,101,0.027771208435297012
2026/05/07 09:42:08,101,0.028145065531134605
2026/05/07 09:42:09,102,0.15033747255802155
2026/05/07 09:42:10,101,0.2720225155353546
2026/05/07 09:42:11,100,0.03997234255075455
2026/05/07 09:42:12,100,0.023776331916451454
2026/05/07 09:42:13,99,0.04544449970126152
2026/05/07 09:42:14,99,0.030834220349788666
2026/05/07 09:42:15,98,0.014879749156534672
2026/05/07 09:42:16,97,0.013867964968085289
2026/05/07 09:42:17,96,0.040090322494506836
2026/05/07 09:42:18,94,0.0239169429987669
2026/05/07 09:42:19,92,0.036282770335674286
2026/05/07 09:42:20,90,0.02071203850209713
2026/05/07 09:42:21,88,0.020711533725261688
2026/05/07 09:42:22,84,0.023558340966701508
2026/05/07 09:42:23,81,0.03848569467663765
2026/05/07 09:42:24,82,0.014281433075666428
2026/05/07 09:42:25,83,0.026179511100053787
2026/05/07 09:42:26,83,0.060849085450172424
2026/05/07 09:42:27,83,0.10961978882551193
2026/05/07 09:42:28,83,0.02586144208908081
2026/05/07 09:42:29,83,0.0430249348282814
2026/05/07 09:42:30,83,0.016759462654590607
2026/05/07 09:42:31,82,0.012407760135829449
2026/05/07 09:42:32,82,0.01200047880411148
2026/05/07 09:42:33,81,0.012606391683220863
2026/05/07 09:42:34,80,0.012125149369239807
2026/05/07 09:42:35,79,0.012115733698010445
2026/05/07 09:42:36,78,0.014967283234000206
2026/05/07 09:42:37,78,0.012102567590773106
2026/05/07 09:42:38,79,0.0135142020881176
2026/05/07 09:42:39,79,0.012320099398493767
2026/05/07 09:42:40,80,0.01276787556707859
2026/05/07 09:42:41,80,0.011835520155727863
2026/05/07 09:42:42,82,0.02114906720817089
2026/05/07 09:42:43,82,0.032766517251729965
2026/05/07 09:42:44,83,0.023977462202310562
2026/05/07 09:42:45,84,0.015845276415348053
2026/05/07 09:42:46,84,0.016082163900136948
2026/05/07 09:42:47,85,0.015173998661339283
2026/05/07 09:42:48,85,0.01403280533850193
2026/05/07 09:42:49,85,0.015169895254075527
2026/05/07 09:42:50,84,0.014885875396430492
2026/05/07 09:42:51,83,0.014701751992106438
2026/05/07 09:42:52,83,0.021325966343283653
2026/05/07 09:42:53,82,0.017274411395192146
2026/05/07 09:42:54,82,0.022885220125317574
2026/05/07 09:42:55,81,0.016570640727877617
2026/05/07 09:42:56,82,0.015582154504954815
2026/05/07 09:42:57,82,0.02336905337870121
2026/05/07 09:42:58,83,0.012377142906188965
2026/05/07 09:42:59,83,0.012537868693470955
2026/05/07 09:43:00,84,0.0710599347949028
2026/05/07 09:43:01,84,0.1513396054506302
2026/05/07 09:43:02,84,0.1884295493364334
2026/05/07 09:43:03,84,0.22216269373893738
2026/05/07 09:43:04,84,0.08870674669742584
2026/05/07 09:43:05,84,0.0778365358710289
2026/05/07 09:43:06,85,0.042975809425115585
2026/05/07 09:43:07,86,0.06098558008670807
2026/05/07 09:43:08,87,0.0601080097258091
2026/05/07 09:43:09,88,0.05346940457820892
2026/05/07 09:43:10,89,0.1354021579027176
2026/05/07 09:43:11,89,0.326729416847229
2026/05/07 09:43:12,91,0.09010130912065506
2026/05/07 09:43:13,92,0.3398781716823578
2026/05/07 09:43:14,95,0.22075673937797546
2026/05/07 09:43:15,98,0.09504899382591248
2026/05/07 09:43:16,98,0.11641038954257965
2026/05/07 09:43:17,99,0.12998534739017487
2026/05/07 09:43:18,99,0.10970187932252884
2026/05/07 09:43:19,99,0.08950033783912659
2026/05/07 09:43:20,99,0.09792426228523254
2026/05/07 09:43:21,100,0.14758409559726715
2026/05/07 09:43:22,100,0.1024392768740654
2026/05/07 09:43:23,100,0.08315405994653702
2026/05/07 09:43:24,101,0.10056973248720169
2026/05/07 09:43:25,101,0.0429292656481266
2026/05/07 09:43:26,102,0.0600176565349102
2026/05/07 09:43:27,103,0.05539698526263237
2026/05/07 09:43:28,104,0.015219486318528652
2026/05/07 09:43:29,104,0.017835913226008415
2026/05/07 09:43:30,105,0.016625050455331802
2026/05/07 09:43:31,105,0.027367353439331055
2026/05/07 09:43:32,104,0.06536611914634705
2026/05/07 09:43:33,104,0.06851589679718018
2026/05/07 09:43:34,104,0.15623123943805695
2026/05/07 09:43:35,103,0.10167814791202545
2026/05/07 09:43:36,102,0.10432535409927368
2026/05/07 09:43:37,102,0.08587925881147385
2026/05/07 09:43:38,101,0.10048728436231613
2026/05/07 09:43:39,101,0.05970858037471771
2026/05/07 09:43:40,99,0.04819764196872711
2026/05/07 09:43:41,99,0.027631301432847977
2026/05/07 09:43:42,99,0.020774947479367256
2026/05/07 09:43:43,99,0.19464510679244995
2026/05/07 09:43:44,100,0.2956254184246063
2026/05/07 09:43:45,100,0.2724350690841675
2026/05/07 09:43:46,101,0.28993284702301025
2026/05/07 09:43:47,101,0.34386539459228516
2026/05/07 09:43:48,102,0.37039947509765625
2026/05/07 09:43:49,102,0.3203984498977661
2026/05/07 09:43:50,102,0.36808133125305176
2026/05/07 09:43:51,102,0.34035587310791016
2026/05/07 09:43:52,102,0.40052250027656555
2026/05/07 09:43:53,102,0.49448421597480774
2026/05/07 09:43:54,102,0.4695523977279663
2026/05/07 09:43:55,102,0.4123969078063965
2026/05/07 09:43:56,103,0.38045668601989746
2026/05/07 09:43:57,103,0.1780645102262497
2026/05/07 09:43:58,103,0.11945122480392456
2026/05/07 09:43:59,104,0.17595772445201874
2026/05/07 09:44:00,104,0.14405396580696106
2026/05/07 09:44:01,105,0.16545960307121277
2026/05/07 09:44:02,105,0.13024170696735382
2026/05/07 09:44:03,105,0.14764128625392914
2026/05/07 09:44:04,106,0.22427819669246674
2026/05/07 09:44:05,106,0.18146935105323792
2026/05/07 09:44:06,106,0.22404250502586365
2026/05/07 09:44:07,106,0.1274608075618744
2026/05/07 09:44:08,106,0.20422880351543427
2026/05/07 09:44:09,106,0.08897822350263596
2026/05/07 09:44:10,105,0.18355582654476166
2026/05/07 09:44:11,104,0.09846027940511703
2026/05/07 09:44:12,103,0.4314846992492676
2026/05/07 09:44:13,103,0.46154558658599854
2026/05/07 09:44:14,104,0.4131687581539154
2026/05/07 09:44:15,104,0.38742420077323914
2026/05/07 09:44:16,105,0.47532033920288086
2026/05/07 09:44:17,106,0.4163743853569031
2026/05/07 09:44:18,108,0.4337904155254364
2026/05/07 09:44:19,109,0.46240195631980896
2026/05/07 09:44:20,110,0.4414282441139221
2026/05/07 09:44:21,111,0.4054809808731079
2026/05/07 09:44:22,112,0.5082404613494873
2026/05/07 09:44:23,113,0.5159139037132263
2026/05/07 09:44:24,113,0.6651791930198669
2026/05/07 09:44:25,113,0.5211514234542847
2026/05/07 09:44:26,114,0.3105071187019348
2026/05/07 09:44:27,114,0.46242809295654297
2026/05/07 09:44:28,114,0.4261491894721985
2026/05/07 09:44:29,114,0.47334975004196167
2026/05/07 09:44:30,114,0.5093200206756592
2026/05/07 09:44:31,114,0.4405251145362854
2026/05/07 09:44:32,114,0.40895313024520874
2026/05/07 09:44:33,114,0.3852260708808899
2026/05/07 09:44:34,114,0.4287404417991638
2026/05/07 09:44:35,115,0.42553311586380005
2026/05/07 09:44:36,115,0.5045602321624756
2026/05/07 09:44:37,115,0.4507845342159271
2026/05/07 09:44:38,115,0.4018971920013428
2026/05/07 09:44:39,116,0.4713677763938904
2026/05/07 09:44:40,116,0.3529411554336548
2026/05/07 09:44:41,117,0.38905027508735657
2026/05/07 09:44:42,117,0.4143439531326294
2026/05/07 09:44:43,118,0.38618141412734985
2026/05/07 09:44:44,118,0.3016418516635895
2026/05/07 09:44:45,119,0.38201725482940674
2026/05/07 09:44:46,119,0.29471004009246826
2026/05/07 09:44:47,119,0.333079069852829
2026/05/07 09:44:48,119,0.3006899654865265
2026/05/07 09:44:49,119,0.4162430167198181
2026/05/07 09:44:50,119,0.30712828040122986
2026/05/07 09:44:51,119,0.31511977314949036
2026/05/07 09:44:52,120,0.2589743733406067
2026/05/07 09:44:53,120,0.33812227845191956
2026/05/07 09:44:54,120,0.3603913486003876
2026/05/07 09:44:55,121,0.341184139251709
2026/05/07 09:44:56,122,0.35880208015441895
2026/05/07 09:44:57,123,0.41041839122772217
2026/05/07 09:44:58,127,0.5519953370094299
2026/05/07 09:44:59,129,0.44424572587013245
2026/05/07 09:45:00,131,0.7138829827308655
2026/05/07 09:45:01,132,0.48642241954803467
2026/05/07 09:45:02,134,0.4606907367706299
2026/05/07 09:45:03,135,0.43552926182746887
2026/05/07 09:45:04,136,0.4105273187160492
2026/05/07 09:45:05,136,0.4249953031539917
2026/05/07 09:45:06,137,0.4742962121963501
2026/05/07 09:45:07,137,0.5012524127960205
2026/05/07 09:45:08,138,0.4696999788284302
2026/05/07 09:45:09,138,0.4342280626296997
2026/05/07 09:45:10,138,0.33810874819755554
2026/05/07 09:45:11,137,0.2672305703163147
2026/05/07 09:45:12,138,0.231000617146492
2026/05/07 09:45:13,138,0.1967594176530838
2026/05/07 09:45:14,139,0.1495175063610077
2026/05/07 09:45:15,140,0.1549965739250183
2026/05/07 09:45:16,141,0.2080855369567871
2026/05/07 09:45:17,143,0.22796779870986938
2026/05/07 09:45:18,144,0.28581365942955017
2026/05/07 09:45:19,144,0.19937291741371155
2026/05/07 09:45:20,144,0.15511009097099304
2026/05/07 09:45:21,144,0.1382170170545578
2026/05/07 09:45:22,144,0.22113822400569916
2026/05/07 09:45:23,143,0.14143986999988556
2026/05/07 09:45:24,143,0.14103640615940094
2026/05/07 09:45:25,144,0.22041775286197662
2026/05/07 09:45:26,143,0.300585001707077
2026/05/07 09:45:27,143,0.3057583272457123
2026/05/07 09:45:28,143,0.2123318612575531
2026/05/07 09:45:29,143,0.2798924744129181
2026/05/07 09:45:30,143,0.2602362334728241
2026/05/07 09:45:31,143,0.21225500106811523
2026/05/07 09:45:32,143,0.20888034999370575
2026/05/07 09:45:33,143,0.22572052478790283
2026/05/07 09:45:34,143,0.33072617650032043
2026/05/07 09:45:35,143,0.23298653960227966
2026/05/07 09:45:36,142,0.2827996015548706
2026/05/07 09:45:37,142,0.24516704678535461
2026/05/07 09:45:38,142,0.25132331252098083
2026/05/07 09:45:39,142,0.290815532207489
2026/05/07 09:45:40,142,0.32022324204444885
2026/05/07 09:45:41,142,0.14439499378204346
2026/05/07 09:45:42,142,0.20696888864040375
2026/05/07 09:45:43,142,0.08531924337148666
2026/05/07 09:45:44,142,0.1298692375421524
2026/05/07 09:45:45,141,0.3563655614852905
2026/05/07 09:45:46,141,0.3036385178565979
2026/05/07 09:45:47,140,0.3878423869609833
2026/05/07 09:45:48,139,0.2522457242012024
2026/05/07 09:45:49,139,0.2307482212781906
2026/05/07 09:45:50,138,0.3272738456726074
2026/05/07 09:45:51,138,0.21068035066127777
2026/05/07 09:45:52,138,0.2790253460407257
2026/05/07 09:45:53,138,0.29220083355903625
2026/05/07 09:45:54,137,0.22547931969165802
2026/05/07 09:45:55,137,0.2812291085720062
2026/05/07 09:45:56,137,0.36019259691238403
2026/05/07 09:45:57,138,0.3079339861869812
2026/05/07 09:45:58,138,0.29103997349739075
2026/05/07 09:45:59,138,0.25418993830680847
2026/05/07 09:46:00,138,0.34816423058509827
2026/05/07 09:46:01,138,0.3713265359401703
2026/05/07 09:46:02,138,0.4452386200428009
2026/05/07 09:46:03,138,0.3764818012714386
2026/05/07 09:46:04,138,0.54377281665802
2026/05/07 09:46:05,138,0.3905524015426636
2026/05/07 09:46:06,137,0.45539212226867676
2026/05/07 09:46:07,137,0.43092235922813416
2026/05/07 09:46:08,137,0.39376720786094666
2026/05/07 09:46:09,137,0.3089670240879059
2026/05/07 09:46:10,136,0.2817912995815277
2026/05/07 09:46:11,136,0.5004716515541077
2026/05/07 09:46:12,137,0.3347117602825165
2026/05/07 09:46:13,137,0.4078584611415863
2026/05/07 09:46:14,137,0.27838417887687683
2026/05/07 09:46:15,136,0.2977948784828186
2026/05/07 09:46:16,136,0.24824656546115875
2026/05/07 09:46:17,136,0.39444518089294434
2026/05/07 09:46:18,136,0.3342577815055847
2026/05/07 09:46:19,136,0.31250178813934326
2026/05/07 09:46:20,137,0.22321468591690063
2026/05/07 09:46:21,137,0.28615638613700867
2026/05/07 09:46:22,137,0.2514986991882324
2026/05/07 09:46:23,137,0.24033521115779877
2026/05/07 09:46:24,137,0.1520947813987732
2026/05/07 09:46:25,137,0.23865866661071777
2026/05/07 09:46:26,137,0.5406177639961243
2026/05/07 09:46:27,137,0.5610052347183228
2026/05/07 09:46:28,138,0.5642852783203125
2026/05/07 09:46:29,138,0.5283504128456116
2026/05/07 09:46:30,138,0.5279040336608887
2026/05/07 09:46:31,137,0.48784294724464417
2026/05/07 09:46:32,137,0.3993357717990875
2026/05/07 09:46:33,137,0.36026495695114136
2026/05/07 09:46:34,136,0.3895939290523529
2026/05/07 09:46:35,136,0.3661680817604065
2026/05/07 09:46:36,135,0.43520471453666687
2026/05/07 09:46:37,135,0.36782655119895935
2026/05/07 09:46:38,135,0.35761821269989014
2026/05/07 09:46:39,134,0.24484413862228394
2026/05/07 09:46:40,135,0.2286359816789627
2026/05/07 09:46:41,135,0.34062740206718445
2026/05/07 09:46:42,135,0.46274417638778687
2026/05/07 09:46:43,135,0.3173864781856537
2026/05/07 09:46:44,135,0.3659873604774475
2026/05/07 09:46:45,135,0.37753844261169434
2026/05/07 09:46:46,135,0.3353472054004669
2026/05/07 09:46:47,135,0.5323788523674011
2026/05/07 09:46:48,136,0.39080268144607544
2026/05/07 09:46:49,136,0.4011181890964508
2026/05/07 09:46:50,137,0.29096564650535583
2026/05/07 09:46:51,138,0.30333632230758667
2026/05/07 09:46:52,139,0.2767264246940613
2026/05/07 09:46:53,140,0.21685698628425598
2026/05/07 09:46:54,141,0.19933561980724335
2026/05/07 09:46:55,141,0.4268195629119873
2026/05/07 09:46:56,142,0.5379734635353088
2026/05/07 09:46:57,142,0.5332139134407043
2026/05/07 09:46:58,142,0.5123011469841003
2026/05/07 09:46:59,142,0.6103262901306152
2026/05/07 09:47:00,142,0.5306157469749451
2026/05/07 09:47:01,142,0.41805243492126465
2026/05/07 09:47:02,142,0.4712245464324951
2026/05/07 09:47:03,141,0.3683120906352997
2026/05/07 09:47:04,141,0.3079054653644562
2026/05/07 09:47:05,141,0.271741658449173
2026/05/07 09:47:06,141,0.297324001789093
2026/05/07 09:47:07,140,0.292672723531723
2026/05/07 09:47:08,140,0.3311658501625061
2026/05/07 09:47:09,140,0.3157258927822113
2026/05/07 09:47:10,140,0.42936810851097107
2026/05/07 09:47:11,140,0.40293803811073303
2026/05/07 09:47:12,140,0.341374933719635
2026/05/07 09:47:13,140,0.29585424065589905
2026/05/07 09:47:14,140,0.37626075744628906
2026/05/07 09:47:15,140,0.27887675166130066
2026/05/07 09:47:16,139,0.24809110164642334
2026/05/07 09:47:17,139,0.5536243319511414
2026/05/07 09:47:18,139,0.6615741848945618
2026/05/07 09:47:19,139,0.6691195964813232
2026/05/07 09:47:20,140,0.653583824634552
2026/05/07 09:47:21,140,0.5383642315864563
2026/05/07 09:47:22,141,0.5165835618972778
2026/05/07 09:47:23,142,0.3931996822357178
2026/05/07 09:47:24,143,0.43414777517318726
2026/05/07 09:47:25,143,0.6540118455886841
2026/05/07 09:47:26,144,0.5212181806564331
2026/05/07 09:47:27,144,0.5374901294708252
2026/05/07 09:47:28,145,0.49056166410446167
2026/05/07 09:47:29,145,0.5321549773216248
2026/05/07 09:47:30,145,0.5005918145179749
2026/05/07 09:47:31,145,0.3676109313964844
2026/05/07 09:47:32,145,0.31250709295272827
2026/05/07 09:47:33,144,0.32906559109687805
2026/05/07 09:47:34,144,0.3584769070148468
2026/05/07 09:47:35,144,0.3782206177711487
2026/05/07 09:47:36,144,0.2567630112171173
2026/05/07 09:47:37,144,0.2584816813468933
2026/05/07 09:47:38,144,0.16250579059123993
2026/05/07 09:47:39,144,0.32335907220840454
2026/05/07 09:47:40,143,0.3164669871330261
2026/05/07 09:47:41,143,0.3656209111213684
2026/05/07 09:47:42,143,0.3743598163127899
2026/05/07 09:47:43,143,0.30924949049949646
2026/05/07 09:47:44,143,0.24467967450618744
2026/05/07 09:47:45,143,0.22292941808700562
2026/05/07 09:47:46,143,0.19850535690784454
2026/05/07 09:47:47,143,0.3761754333972931
2026/05/07 09:47:48,143,0.5965163707733154
2026/05/07 09:47:49,143,0.43526846170425415
2026/05/07 09:47:50,143,0.45787590742111206
2026/05/07 09:47:51,143,0.4793044626712799
2026/05/07 09:47:52,143,0.5224006772041321
2026/05/07 09:47:53,143,0.25944849848747253
2026/05/07 09:47:54,144,0.5788066387176514
2026/05/07 09:47:55,144,0.582507848739624
2026/05/07 09:47:56,144,0.6046687364578247
2026/05/07 09:47:57,145,0.4226193130016327
2026/05/07 09:47:58,145,0.3641532361507416
2026/05/07 09:47:59,145,0.32814204692840576
2026/05/07 09:48:00,145,0.21574093401432037
2026/05/07 09:48:01,145,0.29057344794273376
2026/05/07 09:48:02,145,0.2611110210418701
2026/05/07 09:48:03,145,0.23970486223697662
2026/05/07 09:48:04,145,0.33100593090057373
2026/05/07 09:48:05,146,0.6460812091827393
2026/05/07 09:48:06,146,0.512157142162323
2026/05/07 09:48:07,147,0.45043373107910156
2026/05/07 09:48:08,147,0.48346781730651855
2026/05/07 09:48:09,147,0.5541730523109436
2026/05/07 09:48:10,148,0.588861882686615
2026/05/07 09:48:11,148,0.592985987663269
2026/05/07 09:48:12,149,0.4462885856628418
2026/05/07 09:48:13,149,0.36324232816696167
2026/05/07 09:48:14,149,0.29701489210128784
2026/05/07 09:48:15,149,0.4552157521247864
2026/05/07 09:48:16,149,0.3726465404033661
2026/05/07 09:48:17,148,0.4558301568031311
2026/05/07 09:48:18,148,0.3109971880912781
2026/05/07 09:48:19,148,0.5622978806495667
2026/05/07 09:48:20,147,0.5643380880355835
2026/05/07 09:48:21,147,0.7387269735336304
2026/05/07 09:48:22,147,0.41855889558792114
2026/05/07 09:48:23,147,0.12927265465259552
2026/05/07 09:48:24,146,0.13038542866706848
2026/05/07 09:48:25,145,0.12260911613702774
2026/05/07 09:48:26,144,0.08272717893123627
2026/05/07 09:48:27,143,0.08237824589014053
2026/05/07 09:48:28,141,0.12951122224330902
2026/05/07 09:48:29,140,0.04284944012761116
2026/05/07 09:48:30,139,0.13217268884181976
2026/05/07 09:48:31,139,0.09482952207326889
2026/05/07 09:48:32,138,0.056171055883169174
2026/05/07 09:48:33,138,0.07047963887453079
2026/05/07 09:48:34,137,0.059006333351135254
2026/05/07 09:48:35,136,0.05328017845749855
2026/05/07 09:48:36,136,0.055758897215127945
2026/05/07 09:48:37,135,0.06229763105511665
2026/05/07 09:48:38,135,0.06485752016305923
2026/05/07 09:48:39,135,0.05639996752142906
2026/05/07 09:48:40,134,0.0500435009598732
2026/05/07 09:48:41,132,0.061696261167526245
2026/05/07 09:48:42,131,0.05494844540953636
2026/05/07 09:48:43,131,0.07655257731676102
2026/05/07 09:48:44,130,0.06574486196041107
2026/05/07 09:48:45,130,0.0728958323597908
2026/05/07 09:48:46,129,0.07158320397138596
2026/05/07 09:48:47,129,0.053794458508491516
2026/05/07 09:48:48,129,0.04573072865605354
2026/05/07 09:48:49,128,0.1467391848564148
2026/05/07 09:48:50,128,0.07279227674007416
2026/05/07 09:48:51,128,0.07556228339672089
2026/05/07 09:48:52,128,0.039252765476703644
2026/05/07 09:48:53,127,0.08283743262290955
2026/05/07 09:48:54,126,0.05618790537118912
2026/05/07 09:48:55,126,0.030172543600201607
2026/05/07 09:48:56,127,0.024730177596211433
2026/05/07 09:48:57,128,0.023672819137573242
2026/05/07 09:48:58,127,0.02487815171480179
2026/05/07 09:48:59,127,0.03729229047894478
2026/05/07 09:49:00,127,0.04217381402850151
2026/05/07 09:49:01,128,0.08380348235368729
2026/05/07 09:49:02,128,0.27208536863327026
2026/05/07 09:49:03,129,0.06086459010839462
2026/05/07 09:49:04,128,0.033232029527425766
2026/05/07 09:49:05,127,0.029521150514483452
2026/05/07 09:49:06,126,0.024174753576517105
2026/05/07 09:49:07,125,0.02351280488073826
2026/05/07 09:49:08,124,0.021329043433070183
2026/05/07 09:49:09,123,0.02532821148633957
2026/05/07 09:49:10,121,0.027571972459554672
2026/05/07 09:49:11,119,0.04763449355959892
2026/05/07 09:49:12,114,0.02602873556315899
2026/05/07 09:49:13,110,0.1572490632534027
2026/05/07 09:49:14,110,0.15304645895957947
2026/05/07 09:49:15,110,0.1944447159767151
2026/05/07 09:49:16,111,0.38390612602233887
2026/05/07 09:49:17,111,0.1628250777721405
2026/05/07 09:49:18,112,0.09765268862247467
2026/05/07 09:49:19,112,0.2511048913002014
2026/05/07 09:49:20,113,0.11628219485282898
2026/05/07 09:49:21,114,0.060401175171136856
2026/05/07 09:49:22,115,0.2769046425819397
2026/05/07 09:49:23,115,0.2846730053424835
2026/05/07 09:49:24,116,0.21650531888008118
2026/05/07 09:49:25,116,0.16889134049415588
2026/05/07 09:49:26,117,0.13637235760688782
2026/05/07 09:49:27,117,0.1183275654911995
2026/05/07 09:49:28,118,0.06062426418066025
2026/05/07 09:49:29,119,0.1583666354417801
2026/05/07 09:49:30,120,0.12874366343021393
2026/05/07 09:49:31,121,0.28167665004730225
2026/05/07 09:49:32,122,0.07301780581474304
2026/05/07 09:49:33,123,0.06621955335140228
2026/05/07 09:49:34,124,0.07652522623538971
2026/05/07 09:49:35,125,0.06788283586502075
2026/05/07 09:49:36,126,0.10098343342542648
2026/05/07 09:49:37,126,0.17138393223285675
2026/05/07 09:49:38,126,0.1685425490140915
2026/05/07 09:49:39,126,0.16266116499900818
2026/05/07 09:49:40,125,0.1169247180223465
2026/05/07 09:49:41,125,0.04509107768535614
2026/05/07 09:49:42,124,0.04480331018567085
2026/05/07 09:49:43,123,0.051777228713035583
2026/05/07 09:49:44,122,0.034158214926719666
2026/05/07 09:49:45,121,0.11742126941680908
2026/05/07 09:49:46,121,0.18351997435092926
2026/05/07 09:49:47,120,0.13471002876758575
2026/05/07 09:49:48,120,0.18407084047794342
2026/05/07 09:49:49,120,0.18977729976177216
2026/05/07 09:49:50,120,0.16293376684188843
2026/05/07 09:49:51,121,0.1780863255262375
2026/05/07 09:49:52,121,0.2173115760087967
2026/05/07 09:49:53,121,0.5966461300849915
2026/05/07 09:49:54,121,0.2494013011455536
2026/05/07 09:49:55,121,0.2847861647605896
2026/05/07 09:49:56,121,0.21768665313720703
2026/05/07 09:49:57,122,0.21375536918640137
2026/05/07 09:49:58,122,0.21109415590763092
2026/05/07 09:49:59,122,0.13434629142284393
2026/05/07 09:50:00,122,0.20395152270793915
2026/05/07 09:50:01,122,0.25223445892333984
2026/05/07 09:50:02,122,0.18658758699893951
2026/05/07 09:50:03,122,0.23428569734096527
2026/05/07 09:50:04,122,0.1651584357023239
2026/05/07 09:50:05,122,0.24817095696926117
2026/05/07 09:50:06,122,0.13311508297920227
2026/05/07 09:50:07,123,0.1645451784133911
2026/05/07 09:50:08,123,0.12863387167453766
2026/05/07 09:50:09,123,0.098752960562706
2026/05/07 09:50:10,123,0.22402842342853546
2026/05/07 09:50:11,123,0.23077188432216644
2026/05/07 09:50:12,122,0.1722942590713501
2026/05/07 09:50:13,122,0.22743433713912964
2026/05/07 09:50:14,122,0.2793108820915222
2026/05/07 09:50:15,122,0.19080328941345215
2026/05/07 09:50:16,121,0.19875285029411316
2026/05/07 09:50:17,121,0.14774882793426514
2026/05/07 09:50:18,121,0.2054421752691269
2026/05/07 09:50:19,122,0.1684560477733612
2026/05/07 09:50:20,122,0.22838565707206726
2026/05/07 09:50:21,122,0.4143288731575012
2026/05/07 09:50:22,122,0.4572082459926605
2026/05/07 09:50:23,122,0.521583080291748
2026/05/07 09:50:24,122,0.6191104650497437
2026/05/07 09:50:25,121,0.5766468048095703
2026/05/07 09:50:26,122,0.5272283554077148
2026/05/07 09:50:27,123,0.43369758129119873
2026/05/07 09:50:28,123,0.4209243357181549
2026/05/07 09:50:29,124,0.34734585881233215
2026/05/07 09:50:30,124,0.4404451251029968
2026/05/07 09:50:31,124,0.43980422616004944
2026/05/07 09:50:32,124,0.44290852546691895
2026/05/07 09:50:33,125,0.5091442465782166
2026/05/07 09:50:34,125,0.39014482498168945
2026/05/07 09:50:35,125,0.27431660890579224
2026/05/07 09:50:36,126,0.2050643116235733
2026/05/07 09:50:37,127,0.2812662124633789
2026/05/07 09:50:38,128,0.3188818395137787
2026/05/07 09:50:39,128,0.1993131786584854
2026/05/07 09:50:40,130,0.33190658688545227
2026/05/07 09:50:41,131,0.2603161036968231
2026/05/07 09:50:42,132,0.6443411111831665
2026/05/07 09:50:43,133,0.6817514896392822
2026/05/07 09:50:44,133,0.6073709726333618
2026/05/07 09:50:45,134,0.7191311717033386
2026/05/07 09:50:46,134,0.6309593915939331
2026/05/07 09:50:47,134,0.7726339101791382
2026/05/07 09:50:48,135,0.7738384008407593
2026/05/07 09:50:49,135,0.4768534302711487
2026/05/07 09:50:50,135,0.20939792692661285
2026/05/07 09:50:51,135,0.23189738392829895
2026/05/07 09:50:52,135,0.213748961687088
2026/05/07 09:50:53,134,0.2440488040447235
2026/05/07 09:50:54,135,0.35518524050712585
2026/05/07 09:50:55,136,0.22930271923542023
2026/05/07 09:50:56,137,0.17423783242702484
2026/05/07 09:50:57,138,0.21459674835205078
2026/05/07 09:50:58,139,0.20023399591445923
2026/05/07 09:50:59,139,0.17248395085334778
2026/05/07 09:51:00,139,0.1687469184398651
2026/05/07 09:51:01,140,0.2043113112449646
2026/05/07 09:51:02,140,0.1453409045934677
2026/05/07 09:51:03,140,0.11735580861568451
2026/05/07 09:51:04,140,0.13771508634090424
2026/05/07 09:51:05,140,0.24455147981643677
2026/05/07 09:51:06,140,0.21361230313777924
2026/05/07 09:51:07,140,0.3575993478298187
2026/05/07 09:51:08,140,0.2714313268661499
2026/05/07 09:51:09,140,0.3141036331653595
2026/05/07 09:51:10,140,0.2217044085264206
2026/05/07 09:51:11,140,0.275141179561615
2026/05/07 09:51:12,140,0.4586045742034912
2026/05/07 09:51:13,140,0.649030327796936
2026/05/07 09:51:14,140,0.4329794943332672
2026/05/07 09:51:15,140,0.4309418201446533
2026/05/07 09:51:16,141,0.5459319949150085
2026/05/07 09:51:17,141,0.39535167813301086
2026/05/07 09:51:18,141,0.3514562249183655
2026/05/07 09:51:19,141,0.29164546728134155
2026/05/07 09:51:20,140,0.31694185733795166
2026/05/07 09:51:21,140,0.2128712683916092
2026/05/07 09:51:22,140,0.22222934663295746
2026/05/07 09:51:23,140,0.18240055441856384
2026/05/07 09:51:24,140,0.17103320360183716
2026/05/07 09:51:25,140,0.1543990522623062
2026/05/07 09:51:26,140,0.5826294422149658
2026/05/07 09:51:27,140,0.538391649723053
2026/05/07 09:51:28,140,0.32959839701652527
2026/05/07 09:51:29,140,0.26646775007247925
2026/05/07 09:51:30,140,0.26298007369041443
2026/05/07 09:51:31,140,0.1738467514514923
2026/05/07 09:51:32,140,0.2017012983560562
2026/05/07 09:51:33,141,0.27725088596343994
2026/05/07 09:51:34,141,0.2583610713481903
2026/05/07 09:51:35,142,0.40264537930488586
2026/05/07 09:51:36,143,0.5488688945770264
2026/05/07 09:51:37,144,0.3763912320137024
2026/05/07 09:51:38,145,0.5123130083084106
2026/05/07 09:51:39,145,0.41453853249549866
2026/05/07 09:51:40,146,0.3048250079154968
2026/05/07 09:51:41,146,0.307623952627182
2026/05/07 09:51:42,146,0.2577536404132843
2026/05/07 09:51:43,147,0.30732229351997375
2026/05/07 09:51:44,147,0.36756545305252075
2026/05/07 09:51:45,147,0.43642458319664
2026/05/07 09:51:46,147,0.3163234293460846
2026/05/07 09:51:47,147,0.3707854747772217
2026/05/07 09:51:48,147,0.16006886959075928
2026/05/07 09:51:49,147,0.23046933114528656
2026/05/07 09:51:50,148,0.18933530151844025
2026/05/07 09:51:51,148,0.33171871304512024
2026/05/07 09:51:52,147,0.23260565102100372
2026/05/07 09:51:53,147,0.2846929430961609
2026/05/07 09:51:54,147,0.2552706003189087
2026/05/07 09:51:55,147,0.2232627421617508
2026/05/07 09:51:56,147,0.182575523853302
2026/05/07 09:51:57,147,0.22411105036735535
2026/05/07 09:51:58,147,0.19947674870491028
2026/05/07 09:51:59,147,0.22797799110412598
2026/05/07 09:52:00,146,0.307128369808197
2026/05/07 09:52:01,146,0.22822491824626923
2026/05/07 09:52:02,146,0.2844422459602356
2026/05/07 09:52:03,146,0.18410202860832214
2026/05/07 09:52:04,146,0.29541322588920593
2026/05/07 09:52:05,146,0.26915279030799866
2026/05/07 09:52:06,147,0.375866174697876
2026/05/07 09:52:07,147,0.27632784843444824
2026/05/07 09:52:08,147,0.24617457389831543
2026/05/07 09:52:09,148,0.24406708776950836
2026/05/07 09:52:10,148,0.368723601102829
2026/05/07 09:52:11,149,0.7288699150085449
2026/05/07 09:52:12,149,0.6815803647041321
2026/05/07 09:52:13,149,0.5788180828094482
2026/05/07 09:52:14,149,0.5095378756523132
2026/05/07 09:52:15,150,0.5939992070198059
2026/05/07 09:52:16,150,0.4866173565387726
2026/05/07 09:52:17,150,0.41782528162002563
2026/05/07 09:52:18,149,0.2909521162509918
2026/05/07 09:52:19,149,0.272104412317276
2026/05/07 09:52:20,149,0.19319652020931244
2026/05/07 09:52:21,149,0.2335093915462494
2026/05/07 09:52:22,149,0.1539912074804306
2026/05/07 09:52:23,149,0.18329444527626038
2026/05/07 09:52:24,149,0.1919448971748352
2026/05/07 09:52:25,149,0.18511076271533966
2026/05/07 09:52:26,150,0.2408977448940277
2026/05/07 09:52:27,150,0.26432445645332336
2026/05/07 09:52:28,151,0.2271086573600769
2026/05/07 09:52:29,151,0.3235311806201935
2026/05/07 09:52:30,151,0.27518993616104126
2026/05/07 09:52:31,151,0.26098304986953735
2026/05/07 09:52:32,152,0.19877031445503235
2026/05/07 09:52:33,152,0.2568778693675995
2026/05/07 09:52:34,152,0.23815692961215973
2026/05/07 09:52:35,152,0.2871403992176056
2026/05/07 09:52:36,152,0.33221322298049927
2026/05/07 09:52:37,152,0.31502607464790344
2026/05/07 09:52:38,152,0.21000178158283234
2026/05/07 09:52:39,152,0.23474198579788208
2026/05/07 09:52:40,152,0.3230878412723541
2026/05/07 09:52:41,152,0.7059584259986877
2026/05/07 09:52:42,152,0.4712104797363281
2026/05/07 09:52:43,152,0.552575945854187
2026/05/07 09:52:44,152,0.5600929856300354
2026/05/07 09:52:45,152,0.5736321806907654
2026/05/07 09:52:46,152,0.40159881114959717
2026/05/07 09:52:47,152,0.39068299531936646
2026/05/07 09:52:48,152,0.1976858675479889
2026/05/07 09:52:49,152,0.1838606297969818
2026/05/07 09:52:50,152,0.21138249337673187
2026/05/07 09:52:51,152,0.16111132502555847
2026/05/07 09:52:52,152,0.19010059535503387
2026/05/07 09:52:53,153,0.18481947481632233
2026/05/07 09:52:54,153,0.1511741578578949
2026/05/07 09:52:55,153,0.1722869575023651
2026/05/07 09:52:56,154,0.22570745646953583
2026/05/07 09:52:57,154,0.22906745970249176
2026/05/07 09:52:58,154,0.2062912881374359
2026/05/07 09:52:59,154,0.3034484386444092
2026/05/07 09:53:00,153,0.19209802150726318
2026/05/07 09:53:01,153,0.23769830167293549
2026/05/07 09:53:02,153,0.25317519903182983
2026/05/07 09:53:03,153,0.5311964750289917
2026/05/07 09:53:04,152,0.40687528252601624
2026/05/07 09:53:05,152,0.21799638867378235
2026/05/07 09:53:06,151,0.13793696463108063
2026/05/07 09:53:07,150,0.05902501568198204
2026/05/07 09:53:08,150,0.0795629471540451
2026/05/07 09:53:09,149,0.08457152545452118
2026/05/07 09:53:10,148,0.10548565536737442
2026/05/07 09:53:11,147,0.14118632674217224
2026/05/07 09:53:12,145,0.06089681014418602
2026/05/07 09:53:13,145,0.07918021082878113
2026/05/07 09:53:14,143,0.0598260760307312
2026/05/07 09:53:15,143,0.051330842077732086
2026/05/07 09:53:16,142,0.05878998339176178
2026/05/07 09:53:17,141,0.0512290857732296
2026/05/07 09:53:18,141,0.04254382103681564
2026/05/07 09:53:19,141,0.05451928451657295
2026/05/07 09:53:20,141,0.03910788148641586
2026/05/07 09:53:21,141,0.05105625465512276
2026/05/07 09:53:22,141,0.08720220625400543
2026/05/07 09:53:23,141,0.05169007182121277
2026/05/07 09:53:24,140,0.04416577145457268
2026/05/07 09:53:25,140,0.048232872039079666
2026/05/07 09:53:26,139,0.05089469254016876
2026/05/07 09:53:27,138,0.043918561190366745
2026/05/07 09:53:28,137,0.027556393295526505
2026/05/07 09:53:29,136,0.02920154668390751
2026/05/07 09:53:30,135,0.028320400044322014
2026/05/07 09:53:31,134,0.027714204043149948
2026/05/07 09:53:32,134,0.027575170621275902
2026/05/07 09:53:33,133,0.02684640698134899
2026/05/07 09:53:34,133,0.028228171169757843
2026/05/07 09:53:35,133,0.02879553660750389
2026/05/07 09:53:36,133,0.026112716645002365
2026/05/07 09:53:37,133,0.04556955397129059
2026/05/07 09:53:38,133,0.09197019040584564
2026/05/07 09:53:39,133,0.16192254424095154
2026/05/07 09:53:40,133,0.28529661893844604
2026/05/07 09:53:41,133,0.055070821195840836
2026/05/07 09:53:42,132,0.02422790601849556
2026/05/07 09:53:43,131,0.021200571209192276
2026/05/07 09:53:44,131,0.02114921808242798
2026/05/07 09:53:45,130,0.02412499487400055
2026/05/07 09:53:46,129,0.038066137582063675
2026/05/07 09:53:47,128,0.0217856727540493
2026/05/07 09:53:48,126,0.05453244596719742
2026/05/07 09:53:49,125,0.17926736176013947
2026/05/07 09:53:50,125,0.19203948974609375
2026/05/07 09:53:51,126,0.340869665145874
2026/05/07 09:53:52,126,0.2530972957611084
2026/05/07 09:53:53,126,0.12848909199237823
2026/05/07 09:53:54,127,0.024955537170171738
2026/05/07 09:53:55,128,0.03930147364735603
2026/05/07 09:53:56,128,0.023676350712776184
2026/05/07 09:53:57,129,0.023614590987563133
2026/05/07 09:53:58,130,0.019532203674316406
2026/05/07 09:53:59,130,0.06978403031826019
2026/05/07 09:54:00,131,0.09112784266471863
2026/05/07 09:54:01,131,0.12676751613616943
2026/05/07 09:54:02,132,0.1958608478307724
2026/05/07 09:54:03,132,0.21910761296749115
2026/05/07 09:54:04,134,0.17310386896133423
2026/05/07 09:54:05,135,0.13824117183685303
2026/05/07 09:54:06,136,0.12573522329330444
2026/05/07 09:54:07,136,0.15095952153205872
2026/05/07 09:54:08,137,0.12021611630916595
2026/05/07 09:54:09,138,0.19090920686721802
2026/05/07 09:54:10,138,0.22679241001605988
2026/05/07 09:54:11,138,0.1484287977218628
2026/05/07 09:54:12,138,0.13087399303913116
2026/05/07 09:54:13,138,0.12465840578079224
2026/05/07 09:54:14,138,0.11658250540494919
2026/05/07 09:54:15,138,0.22263294458389282
2026/05/07 09:54:16,138,0.16163289546966553
2026/05/07 09:54:17,137,0.21989786624908447
2026/05/07 09:54:18,137,0.2146967202425003
2026/05/07 09:54:19,137,0.22832940518856049
2026/05/07 09:54:20,137,0.20257681608200073
2026/05/07 09:54:21,137,0.1826556921005249
2026/05/07 09:54:22,137,0.17963768541812897
2026/05/07 09:54:23,137,0.20646977424621582
2026/05/07 09:54:24,137,0.29110777378082275
2026/05/07 09:54:25,137,0.17743460834026337
2026/05/07 09:54:26,136,0.23214516043663025
2026/05/07 09:54:27,136,0.1802232414484024
2026/05/07 09:54:28,136,0.24880369007587433
2026/05/07 09:54:29,136,0.19064199924468994
2026/05/07 09:54:30,136,0.20593786239624023
2026/05/07 09:54:31,136,0.18009892106056213
2026/05/07 09:54:32,136,0.23850400745868683
2026/05/07 09:54:33,136,0.19266802072525024
2026/05/07 09:54:34,137,0.08610322326421738
2026/05/07 09:54:35,137,0.19135169684886932
2026/05/07 09:54:36,137,0.1374487429857254
2026/05/07 09:54:37,137,0.24059784412384033
2026/05/07 09:54:38,137,0.19078832864761353
2026/05/07 09:54:39,137,0.19131067395210266
2026/05/07 09:54:40,137,0.10018884390592575
2026/05/07 09:54:41,137,0.23120445013046265
2026/05/07 09:54:42,137,0.17215143144130707
2026/05/07 09:54:43,137,0.21094463765621185
2026/05/07 09:54:44,137,0.13870151340961456
2026/05/07 09:54:45,137,0.34405139088630676
2026/05/07 09:54:46,137,0.19600044190883636
2026/05/07 09:54:47,138,0.2814968228340149
2026/05/07 09:54:48,138,0.2865360975265503
2026/05/07 09:54:49,139,0.22683164477348328
2026/05/07 09:54:50,139,0.2885087728500366
2026/05/07 09:54:51,140,0.2300015687942505
2026/05/07 09:54:52,140,0.27112647891044617
2026/05/07 09:54:53,140,0.20663942396640778
2026/05/07 09:54:54,140,0.22294388711452484
2026/05/07 09:54:55,140,0.1509542465209961
2026/05/07 09:54:56,140,0.2344912737607956
2026/05/07 09:54:57,140,0.4399414360523224
2026/05/07 09:54:58,140,0.2504414916038513
2026/05/07 09:54:59,140,0.2679852247238159
2026/05/07 09:55:00,140,0.2255905121564865
2026/05/07 09:55:01,140,0.27237752079963684
2026/05/07 09:55:02,140,0.3252114951610565
2026/05/07 09:55:03,140,0.2684653699398041
2026/05/07 09:55:04,140,0.19522413611412048
2026/05/07 09:55:05,140,0.21182040870189667
2026/05/07 09:55:06,140,0.15181058645248413
2026/05/07 09:55:07,140,0.14505888521671295
2026/05/07 09:55:08,141,0.1532783955335617
2026/05/07 09:55:09,141,0.1815444827079773
2026/05/07 09:55:10,141,0.23124130070209503
2026/05/07 09:55:11,141,0.1923864334821701
2026/05/07 09:55:12,141,0.20303823053836823
2026/05/07 09:55:13,142,0.19629861414432526
2026/05/07 09:55:14,141,0.1509515792131424
2026/05/07 09:55:15,141,0.18360008299350739
2026/05/07 09:55:16,141,0.2815990447998047
2026/05/07 09:55:17,141,0.12383260577917099
2026/05/07 09:55:18,141,0.17726002633571625
2026/05/07 09:55:19,141,0.1536734402179718
2026/05/07 09:55:20,142,0.2133752703666687
2026/05/07 09:55:21,142,0.3835385739803314
2026/05/07 09:55:22,143,0.30834344029426575
2026/05/07 09:55:23,143,0.32297787070274353
2026/05/07 09:55:24,144,0.3025328814983368
2026/05/07 09:55:25,144,0.28334084153175354
2026/05/07 09:55:26,145,0.30438345670700073
2026/05/07 09:55:27,145,0.2750597298145294
2026/05/07 09:55:28,145,0.2006293684244156
2026/05/07 09:55:29,145,0.3686889410018921
2026/05/07 09:55:30,145,0.2477099597454071
2026/05/07 09:55:31,145,0.2729405164718628
2026/05/07 09:55:32,145,0.2678906321525574
2026/05/07 09:55:33,145,0.22946229577064514
2026/05/07 09:55:34,145,0.26409170031547546
2026/05/07 09:55:35,145,0.13022151589393616
2026/05/07 09:55:36,145,0.3089422881603241
2026/05/07 09:55:37,145,0.26268917322158813
2026/05/07 09:55:38,145,0.16763931512832642
2026/05/07 09:55:39,145,0.11643112450838089
2026/05/07 09:55:40,145,0.14620116353034973
2026/05/07 09:55:41,145,0.190138041973114
2026/05/07 09:55:42,145,0.2662562429904938
2026/05/07 09:55:43,145,0.2442336529493332
2026/05/07 09:55:44,146,0.23656029999256134
2026/05/07 09:55:45,146,0.263278067111969
2026/05/07 09:55:46,147,0.21880513429641724
2026/05/07 09:55:47,147,0.36732354760169983
2026/05/07 09:55:48,148,0.3946257531642914
2026/05/07 09:55:49,148,0.32440102100372314
2026/05/07 09:55:50,149,0.4178621470928192
2026/05/07 09:55:51,149,0.35121750831604004
2026/05/07 09:55:52,150,0.3261895477771759
2026/05/07 09:55:53,151,0.2195364534854889
2026/05/07 09:55:54,151,0.2303237020969391
2026/05/07 09:55:55,151,0.4054432213306427
2026/05/07 09:55:56,151,0.4715849757194519
2026/05/07 09:55:57,151,0.4859844446182251
2026/05/07 09:55:58,151,0.4845472276210785
2026/05/07 09:55:59,151,0.4040409326553345
2026/05/07 09:56:00,152,0.564816415309906
2026/05/07 09:56:01,152,0.6637532711029053
2026/05/07 09:56:02,153,0.4277905523777008
2026/05/07 09:56:03,153,0.34763795137405396
2026/05/07 09:56:04,154,0.3185688257217407
2026/05/07 09:56:05,154,0.28180357813835144
2026/05/07 09:56:06,155,0.23922134935855865
2026/05/07 09:56:07,155,0.25352081656455994
2026/05/07 09:56:08,155,0.28815704584121704
2026/05/07 09:56:09,155,0.25859183073043823
2026/05/07 09:56:10,155,0.22417579591274261
2026/05/07 09:56:11,154,0.2393762320280075
2026/05/07 09:56:12,153,0.1600370705127716
2026/05/07 09:56:13,153,0.19200100004673004
2026/05/07 09:56:14,152,0.29888924956321716
2026/05/07 09:56:15,151,0.3069935441017151
2026/05/07 09:56:16,150,0.2927629351615906
2026/05/07 09:56:17,149,0.2780192792415619
2026/05/07 09:56:18,149,0.20759721100330353
2026/05/07 09:56:19,148,0.10923665016889572
2026/05/07 09:56:20,148,0.2861524224281311
2026/05/07 09:56:21,148,0.16309711337089539
2026/05/07 09:56:22,148,0.19787715375423431
2026/05/07 09:56:23,147,0.20737124979496002
2026/05/07 09:56:24,147,0.18552502989768982
2026/05/07 09:56:25,147,0.230361208319664
2026/05/07 09:56:26,147,0.23960748314857483
2026/05/07 09:56:27,147,0.28238651156425476
2026/05/07 09:56:28,147,0.2225930541753769
2026/05/07 09:56:29,147,0.210954949259758
2026/05/07 09:56:30,148,0.1375740021467209
2026/05/07 09:56:31,148,0.3172272741794586
2026/05/07 09:56:32,148,0.47883132100105286
2026/05/07 09:56:33,149,0.31503355503082275
2026/05/07 09:56:34,149,0.1639021784067154
2026/05/07 09:56:35,150,0.3116789162158966
2026/05/07 09:56:36,150,0.2905641198158264
2026/05/07 09:56:37,151,0.26474690437316895
2026/05/07 09:56:38,151,0.23916932940483093
2026/05/07 09:56:39,152,0.7764046788215637
2026/05/07 09:56:40,152,0.5115793943405151
2026/05/07 09:56:41,152,0.7935560941696167
2026/05/07 09:56:42,152,0.41267070174217224
2026/05/07 09:56:43,152,0.5751907229423523
2026/05/07 09:56:44,152,0.23396041989326477
2026/05/07 09:56:45,152,0.19930386543273926
2026/05/07 09:56:46,152,0.2063465565443039
2026/05/07 09:56:47,152,0.16464650630950928
2026/05/07 09:56:48,152,0.2155122011899948
2026/05/07 09:56:49,152,0.24407878518104553
2026/05/07 09:56:50,151,0.26832613348960876
2026/05/07 09:56:51,151,0.20069767534732819
2026/05/07 09:56:52,151,0.20173591375350952
2026/05/07 09:56:53,151,0.19514840841293335
2026/05/07 09:56:54,151,0.28377845883369446
2026/05/07 09:56:55,151,0.26792383193969727
2026/05/07 09:56:56,152,0.373060017824173
2026/05/07 09:56:57,152,0.35784751176834106
2026/05/07 09:56:58,152,0.28995898365974426
2026/05/07 09:56:59,152,0.21189098060131073
2026/05/07 09:57:00,153,0.15594154596328735
2026/05/07 09:57:01,153,0.18932890892028809
2026/05/07 09:57:02,153,0.25914421677589417
2026/05/07 09:57:03,153,0.5869553685188293
2026/05/07 09:57:04,153,0.20566025376319885
2026/05/07 09:57:05,153,0.35883229970932007
2026/05/07 09:57:06,153,0.3434571921825409
2026/05/07 09:57:07,153,0.560245931148529
2026/05/07 09:57:08,153,0.4128602147102356
2026/05/07 09:57:09,154,0.4151480197906494
2026/05/07 09:57:10,154,0.5548082590103149
2026/05/07 09:57:11,155,0.48807212710380554
2026/05/07 09:57:12,155,0.551433265209198
2026/05/07 09:57:13,156,0.39476534724235535
2026/05/07 09:57:14,156,0.7277411818504333
2026/05/07 09:57:15,156,0.3817157447338104
2026/05/07 09:57:16,156,0.25294366478919983
2026/05/07 09:57:17,156,0.11398174613714218
2026/05/07 09:57:18,156,0.05230659618973732
2026/05/07 09:57:19,156,0.055089473724365234
2026/05/07 09:57:20,155,0.030083738267421722
2026/05/07 09:57:21,154,0.029973147436976433
2026/05/07 09:57:22,152,0.028620731085538864
2026/05/07 09:57:23,151,0.031110338866710663
2026/05/07 09:57:24,150,0.02980252169072628
2026/05/07 09:57:25,149,0.028993289917707443
2026/05/07 09:57:26,148,0.05089309811592102
2026/05/07 09:57:27,148,0.055315051227808
2026/05/07 09:57:28,147,0.05103697255253792
2026/05/07 09:57:29,147,0.028017863631248474
2026/05/07 09:57:30,146,0.02957139164209366
2026/05/07 09:57:31,146,0.030068248510360718
2026/05/07 09:57:32,145,0.05872233584523201
2026/05/07 09:57:33,145,0.04606962203979492
2026/05/07 09:57:34,144,0.03997654467821121
2026/05/07 09:57:35,144,0.027831170707941055
2026/05/07 09:57:36,143,0.03019660711288452
2026/05/07 09:57:37,143,0.02822064235806465
2026/05/07 09:57:38,142,0.02849503792822361
2026/05/07 09:57:39,141,0.02868128940463066
2026/05/07 09:57:40,141,0.028187954798340797
2026/05/07 09:57:41,141,0.027868695557117462
2026/05/07 09:57:42,140,0.028745699673891068
2026/05/07 09:57:43,140,0.02859162725508213
2026/05/07 09:57:44,141,0.10587502270936966
2026/05/07 09:57:45,141,0.1638420820236206
2026/05/07 09:57:46,141,0.1873871088027954
2026/05/07 09:57:47,140,0.1938730925321579
2026/05/07 09:57:48,140,0.03638609126210213
2026/05/07 09:57:49,140,0.0244015883654356
2026/05/07 09:57:50,139,0.02536577358841896
2026/05/07 09:57:51,138,0.033854711800813675
2026/05/07 09:57:52,138,0.0430651530623436
2026/05/07 09:57:53,137,0.06627484411001205
2026/05/07 09:57:54,136,0.11996475607156754
2026/05/07 09:57:55,136,0.1878066062927246
2026/05/07 09:57:56,135,0.1181301549077034
2026/05/07 09:57:57,135,0.23244620859622955
2026/05/07 09:57:58,133,0.1364952176809311
2026/05/07 09:57:59,132,0.13087549805641174
2026/05/07 09:58:00,131,0.2513323724269867
2026/05/07 09:58:01,130,0.10852903872728348
2026/05/07 09:58:02,130,0.03716704994440079
2026/05/07 09:58:03,129,0.2077822983264923
2026/05/07 09:58:04,129,0.03700670599937439
2026/05/07 09:58:05,129,0.049298595637083054
2026/05/07 09:58:06,128,0.05876556411385536
2026/05/07 09:58:07,128,0.055185314267873764
2026/05/07 09:58:08,128,0.0340031273663044
2026/05/07 09:58:09,128,0.040463197976350784
2026/05/07 09:58:10,128,0.03306723013520241
2026/05/07 09:58:11,128,0.056822650134563446
2026/05/07 09:58:12,127,0.05787244811654091
2026/05/07 09:58:13,127,0.05553969740867615
2026/05/07 09:58:14,126,0.05928308889269829
2026/05/07 09:58:15,126,0.09651785343885422
2026/05/07 09:58:16,125,0.04497180134057999
2026/05/07 09:58:17,125,0.10042823106050491
2026/05/07 09:58:18,124,0.4547325372695923
2026/05/07 09:58:19,124,0.1767129898071289
2026/05/07 09:58:20,123,0.021123435348272324
2026/05/07 09:58:21,123,0.015203667804598808
2026/05/07 09:58:22,123,0.012579836882650852
2026/05/07 09:58:23,122,0.014033172279596329
2026/05/07 09:58:24,122,0.01586993783712387
2026/05/07 09:58:25,121,0.016367333009839058
2026/05/07 09:58:26,121,0.013661790639162064
2026/05/07 09:58:27,120,0.01344162318855524
2026/05/07 09:58:28,119,0.014085840433835983
2026/05/07 09:58:29,118,0.01995955780148506
2026/05/07 09:58:30,116,0.015729060396552086
2026/05/07 09:58:31,115,0.015042781829833984
2026/05/07 09:58:32,113,0.014743547886610031
2026/05/07 09:58:33,111,0.01507841981947422
2026/05/07 09:58:34,109,0.014121640473604202
2026/05/07 09:58:35,109,0.014539115130901337
2026/05/07 09:58:36,108,0.014618534594774246
2026/05/07 09:58:37,108,0.014483852311968803
2026/05/07 09:58:38,107,0.01768617145717144
2026/05/07 09:58:39,107,0.01598951406776905
2026/05/07 09:58:40,107,0.014685503207147121
2026/05/07 09:58:41,107,0.014794533140957355
2026/05/07 09:58:42,107,0.015599156729876995
2026/05/07 09:58:43,106,0.015035015530884266
2026/05/07 09:58:44,106,0.015686843544244766
2026/05/07 09:58:45,105,0.01575063355267048
2026/05/07 09:58:46,104,0.014496752060949802
2026/05/07 09:58:47,102,0.014809517189860344
2026/05/07 09:58:48,100,0.016752254217863083
2026/05/07 09:58:49,99,0.023748639971017838
2026/05/07 09:58:50,97,0.015186751261353493
2026/05/07 09:58:51,95,0.013228049501776695
2026/05/07 09:58:52,92,0.013513005338609219
2026/05/07 09:58:53,90,0.013994080945849419
2026/05/07 09:58:54,88,0.014036515727639198
2026/05/07 09:58:55,87,0.013504397124052048
2026/05/07 09:58:56,86,0.014340555295348167
2026/05/07 09:58:57,86,0.013774603605270386
2026/05/07 09:58:58,85,0.013627766631543636
2026/05/07 09:58:59,84,0.014147765934467316
2026/05/07 09:59:00,84,0.013060861267149448
2026/05/07 09:59:01,84,0.01400800608098507
2026/05/07 09:59:02,83,0.013246034272015095
2026/05/07 09:59:03,83,0.012947628274559975
2026/05/07 09:59:04,83,0.01430725958198309
2026/05/07 09:59:05,83,0.01343078725039959
2026/05/07 09:59:06,83,0.013135995715856552
2026/05/07 09:59:07,83,0.013132298365235329
2026/05/07 09:59:08,84,0.012711039744317532
2026/05/07 09:59:09,85,0.013526755385100842
2026/05/07 09:59:10,86,0.013390718027949333
2026/05/07 09:59:11,86,0.013190243393182755
2026/05/07 09:59:12,88,0.021000511944293976
2026/05/07 09:59:13,89,0.06923684477806091
2026/05/07 09:59:14,90,0.038012221455574036
2026/05/07 09:59:15,91,0.05654190853238106
2026/05/07 09:59:16,93,0.1611265242099762
2026/05/07 09:59:17,95,0.027117228135466576
2026/05/07 09:59:18,96,0.024897556751966476
2026/05/07 09:59:19,97,0.02411523647606373
2026/05/07 09:59:20,97,0.024289606139063835
2026/05/07 09:59:21,97,0.02551434002816677
2026/05/07 09:59:22,97,0.026321690529584885
2026/05/07 09:59:23,97,0.02911410480737686
2026/05/07 09:59:24,98,0.022781480103731155
2026/05/07 09:59:25,98,0.022212447598576546
2026/05/07 09:59:26,99,0.02453039400279522
2026/05/07 09:59:27,100,0.022503364831209183
2026/05/07 09:59:28,100,0.032003454864025116
2026/05/07 09:59:29,101,0.02800971269607544
2026/05/07 09:59:30,101,0.02553785778582096
2026/05/07 09:59:31,100,0.0235794298350811
2026/05/07 09:59:32,99,0.024307146668434143
2026/05/07 09:59:33,99,0.024045368656516075
2026/05/07 09:59:34,97,0.023823825642466545
2026/05/07 09:59:35,97,0.025236893445253372
2026/05/07 09:59:36,95,0.02253340557217598
2026/05/07 09:59:37,94,0.02244684286415577
2026/05/07 09:59:38,93,0.02158236876130104
2026/05/07 09:59:39,92,0.021850287914276123
2026/05/07 09:59:40,92,0.021839091554284096
2026/05/07 09:59:41,91,0.023878075182437897
2026/05/07 09:59:42,90,0.023498157039284706
2026/05/07 09:59:43,90,0.02342703938484192
2026/05/07 09:59:44,90,0.023950057104229927
2026/05/07 09:59:45,90,0.023541374132037163
2026/05/07 09:59:46,90,0.023113952949643135
2026/05/07 09:59:47,90,0.023462653160095215
2026/05/07 09:59:48,89,0.023727459833025932
2026/05/07 09:59:49,89,0.022772833704948425
2026/05/07 09:59:50,89,0.02370259538292885
2026/05/07 09:59:51,89,0.023352142423391342
2026/05/07 09:59:52,87,0.024231117218732834
2026/05/07 09:59:53,87,0.02336869016289711
2026/05/07 09:59:54,86,0.02309643290936947
2026/05/07 09:59:55,85,0.023220596835017204
2026/05/07 09:59:56,86,0.02234524115920067
2026/05/07 09:59:57,86,0.02289678156375885
2026/05/07 09:59:58,87,0.02247808687388897
2026/05/07 09:59:59,87,0.022597219794988632
2026/05/07 10:00:00,87,0.023166345432400703
2026/05/07 10:00:01,87,0.02349403128027916
2026/05/07 10:00:02,87,0.023037387058138847
2026/05/07 10:00:03,87,0.02349819615483284
2026/05/07 10:00:04,86,0.023203132674098015
2026/05/07 10:00:05,85,0.023103507235646248
2026/05/07 10:00:06,85,0.02296948805451393
2026/05/07 10:00:07,84,0.02427992969751358
2026/05/07 10:00:08,85,0.022497115656733513
2026/05/07 10:00:09,86,0.02181147038936615
2026/05/07 10:00:10,87,0.022695692256093025
2026/05/07 10:00:11,88,0.0218361783772707
2026/05/07 10:00:12,89,0.022664304822683334
2026/05/07 10:00:13,90,0.022328199818730354
2026/05/07 10:00:14,91,0.022583317011594772
2026/05/07 10:00:15,91,0.043891169130802155
2026/05/07 10:00:16,92,0.12784187495708466
2026/05/07 10:00:17,93,0.1946004033088684
2026/05/07 10:00:18,93,0.150995135307312
2026/05/07 10:00:19,93,0.24030759930610657
2026/05/07 10:00:20,94,0.10431203991174698
2026/05/07 10:00:21,95,0.09694386273622513
2026/05/07 10:00:22,95,0.148524671792984
2026/05/07 10:00:23,95,0.044029973447322845
2026/05/07 10:00:24,96,0.04189969226717949
2026/05/07 10:00:25,97,0.034422531723976135
2026/05/07 10:00:26,97,0.2092674970626831
2026/05/07 10:00:27,98,0.20331406593322754
2026/05/07 10:00:28,99,0.21244734525680542
2026/05/07 10:00:29,100,0.2347000241279602
2026/05/07 10:00:30,101,0.1392432302236557
2026/05/07 10:00:31,101,0.030208181589841843
2026/05/07 10:00:32,101,0.018954869359731674
2026/05/07 10:00:33,101,0.02151264250278473
2026/05/07 10:00:34,100,0.020684408023953438
2026/05/07 10:00:35,100,0.021577276289463043
2026/05/07 10:00:36,100,0.0206744484603405
2026/05/07 10:00:37,99,0.020137593150138855
2026/05/07 10:00:38,99,0.021767474710941315
2026/05/07 10:00:39,99,0.01815689727663994
2026/05/07 10:00:40,98,0.01922076940536499
2026/05/07 10:00:41,97,0.01994161307811737
2026/05/07 10:00:42,96,0.019892144948244095
2026/05/07 10:00:43,95,0.01902504451572895
2026/05/07 10:00:44,95,0.01933371275663376
2026/05/07 10:00:45,95,0.019340254366397858
2026/05/07 10:00:46,94,0.02091274783015251
2026/05/07 10:00:47,94,0.024665627628564835
2026/05/07 10:00:48,93,0.019313352182507515
2026/05/07 10:00:49,93,0.024158557876944542
2026/05/07 10:00:50,92,0.02002204768359661
2026/05/07 10:00:51,92,0.02002747543156147
2026/05/07 10:00:52,91,0.022450996562838554
2026/05/07 10:00:53,91,0.023293130099773407
2026/05/07 10:00:54,90,0.0280999094247818
2026/05/07 10:00:55,90,0.028700917959213257
2026/05/07 10:00:56,90,0.1301415115594864
2026/05/07 10:00:57,89,0.1195836216211319
2026/05/07 10:00:58,89,0.09534965455532074
2026/05/07 10:00:59,89,0.17705421149730682
2026/05/07 10:01:00,90,0.18715859949588776
2026/05/07 10:01:01,90,0.3536848723888397
2026/05/07 10:01:02,91,0.26348066329956055
2026/05/07 10:01:03,93,0.18569540977478027
2026/05/07 10:01:04,94,0.2736811339855194
2026/05/07 10:01:05,95,0.16392771899700165
2026/05/07 10:01:06,96,0.10179708153009415
2026/05/07 10:01:07,97,0.0416228212416172
2026/05/07 10:01:08,98,0.029103973880410194
2026/05/07 10:01:09,98,0.024287356063723564
2026/05/07 10:01:10,99,0.03584733232855797
2026/05/07 10:01:11,99,0.029995758086442947
2026/05/07 10:01:12,99,0.0296217892318964
2026/05/07 10:01:13,99,0.02911974862217903
2026/05/07 10:01:14,100,0.02826658822596073
2026/05/07 10:01:15,100,0.0724221020936966
2026/05/07 10:01:16,100,0.05967750400304794
2026/05/07 10:01:17,100,0.05174480378627777
2026/05/07 10:01:18,101,0.09098795801401138
2026/05/07 10:01:19,102,0.17702722549438477
2026/05/07 10:01:20,103,0.13309724628925323
2026/05/07 10:01:21,104,0.20905880630016327
2026/05/07 10:01:22,105,0.22876697778701782
2026/05/07 10:01:23,106,0.2334105521440506
2026/05/07 10:01:24,107,0.4679104685783386
2026/05/07 10:01:25,108,0.1809242069721222
2026/05/07 10:01:26,109,0.5171911716461182
2026/05/07 10:01:27,110,0.7255713939666748
2026/05/07 10:01:28,111,0.08198489993810654
2026/05/07 10:01:29,112,0.23014827072620392
2026/05/07 10:01:30,112,0.08797018229961395
2026/05/07 10:01:31,112,0.14110930263996124
2026/05/07 10:01:32,112,0.147901251912117
2026/05/07 10:01:33,112,0.19088022410869598
2026/05/07 10:01:34,112,0.16438031196594238
2026/05/07 10:01:35,112,0.08625780791044235
2026/05/07 10:01:36,112,0.22662591934204102
2026/05/07 10:01:37,112,0.08614490181207657
2026/05/07 10:01:38,112,0.15807050466537476
2026/05/07 10:01:39,112,0.057500872761011124
2026/05/07 10:01:40,112,0.06728757172822952
2026/05/07 10:01:41,113,0.183815598487854
2026/05/07 10:01:42,113,0.027886806055903435
2026/05/07 10:01:43,113,0.08873727172613144
2026/05/07 10:01:44,114,0.27910545468330383
2026/05/07 10:01:45,115,0.02593502774834633
2026/05/07 10:01:46,115,0.027841119095683098
2026/05/07 10:01:47,116,0.01964609883725643
2026/05/07 10:01:48,116,0.014380225911736488
2026/05/07 10:01:49,117,0.016315223649144173
2026/05/07 10:01:50,117,0.01596309430897236
2026/05/07 10:01:51,117,0.015528266318142414
2026/05/07 10:01:52,117,0.015845132991671562
2026/05/07 10:01:53,117,0.01349902804940939
2026/05/07 10:01:54,118,0.13433057069778442
2026/05/07 10:01:55,118,0.3284653127193451
2026/05/07 10:01:56,118,0.16431201994419098
2026/05/07 10:01:57,118,0.012418882921338081
2026/05/07 10:01:58,118,0.011152385734021664
2026/05/07 10:01:59,118,0.012016138061881065
2026/05/07 10:02:00,118,0.01177093107253313
2026/05/07 10:02:01,118,0.011510987766087055
2026/05/07 10:02:02,118,0.013454594649374485
2026/05/07 10:02:03,118,0.013279750943183899
2026/05/07 10:02:04,118,0.013498179614543915
2026/05/07 10:02:05,118,0.07477634400129318
2026/05/07 10:02:06,118,0.252549409866333
2026/05/07 10:02:07,118,0.17779317498207092
2026/05/07 10:02:08,117,0.2190006971359253
2026/05/07 10:02:09,117,0.25212007761001587
2026/05/07 10:02:10,118,0.1086229756474495
2026/05/07 10:02:11,118,0.011730917729437351
2026/05/07 10:02:12,118,0.02090330794453621
2026/05/07 10:02:13,118,0.06297565996646881
2026/05/07 10:02:14,119,0.07084978371858597
2026/05/07 10:02:15,119,0.108537457883358
2026/05/07 10:02:16,119,0.16585782170295715
2026/05/07 10:02:17,118,0.1422472596168518
2026/05/07 10:02:18,118,0.3492070138454437
2026/05/07 10:02:19,118,0.3377072811126709
2026/05/07 10:02:20,118,0.24945200979709625
2026/05/07 10:02:21,118,0.1392221301794052
2026/05/07 10:02:22,118,0.008022538386285305
2026/05/07 10:02:23,117,0.007857759483158588
2026/05/07 10:02:24,117,0.006931773386895657
2026/05/07 10:02:25,116,0.00781313143670559
2026/05/07 10:02:26,115,0.007765145972371101
2026/05/07 10:02:27,115,0.006989658810198307
2026/05/07 10:02:28,114,0.007571920286864042
2026/05/07 10:02:29,114,0.007071616593748331
2026/05/07 10:02:30,113,0.006975220516324043
2026/05/07 10:02:31,113,0.007219376508146524
2026/05/07 10:02:32,113,0.007705730386078358
2026/05/07 10:02:33,113,0.007213554345071316
2026/05/07 10:02:34,113,0.0071123745292425156
2026/05/07 10:02:35,113,0.007659489288926125
2026/05/07 10:02:36,113,0.007469294127076864
2026/05/07 10:02:37,113,0.011662258766591549
2026/05/07 10:02:38,113,0.06623618304729462
2026/05/07 10:02:39,113,0.2405584752559662
2026/05/07 10:02:40,113,0.06110602617263794
2026/05/07 10:02:41,113,0.2644346356391907
2026/05/07 10:02:42,113,0.13887983560562134
2026/05/07 10:02:43,113,0.21072609722614288
2026/05/07 10:02:44,113,0.019534004852175713
2026/05/07 10:02:45,113,0.002150515792891383
2026/05/07 10:02:46,113,0.001993962097913027
2026/05/07 10:02:47,113,0.002107911976054311
2026/05/07 10:02:48,113,0.0022444981150329113
2026/05/07 10:02:49,113,0.0024339985102415085
2026/05/07 10:02:50,114,0.0020794745068997145
2026/05/07 10:02:51,114,0.00211152876727283
2026/05/07 10:02:52,114,0.002107122680172324
2026/05/07 10:02:53,114,0.0019429154926910996
2026/05/07 10:02:54,115,0.002327980939298868
2026/05/07 10:02:55,115,0.002070580841973424
2026/05/07 10:02:56,116,0.002005837159231305
2026/05/07 10:02:57,116,0.0025296364910900593
2026/05/07 10:02:58,116,0.002028335817158222
2026/05/07 10:02:59,115,0.0022186636924743652
2026/05/07 10:03:00,115,0.0021869561169296503
2026/05/07 10:03:01,115,0.0024768419098109007
2026/05/07 10:03:02,115,0.00238843634724617
2026/05/07 10:03:03,115,0.0024620413314551115
2026/05/07 10:03:04,115,0.002774725900962949
2026/05/07 10:03:05,116,0.36786413192749023
2026/05/07 10:03:06,115,0.4036315679550171
2026/05/07 10:03:07,115,0.9382765293121338
2026/05/07 10:03:08,114,0.9888160824775696
2026/05/07 10:03:09,113,0.31533247232437134
2026/05/07 10:03:10,114,0.3173891007900238
2026/05/07 10:03:11,115,0.2818615734577179
2026/05/07 10:03:12,116,0.23608562350273132
2026/05/07 10:03:13,117,0.3375476896762848
2026/05/07 10:03:14,117,0.07823794335126877
2026/05/07 10:03:15,118,0.06622739136219025
2026/05/07 10:03:16,117,0.1208752989768982
2026/05/07 10:03:17,117,0.5478478670120239
2026/05/07 10:03:18,116,0.14969485998153687
2026/05/07 10:03:19,116,0.1748945415019989
2026/05/07 10:03:20,116,0.22090767323970795
2026/05/07 10:03:21,115,0.13805466890335083
2026/05/07 10:03:22,115,0.2602365016937256
2026/05/07 10:03:23,115,0.036120425909757614
2026/05/07 10:03:24,115,0.022351421415805817
2026/05/07 10:03:25,115,0.023659968748688698
2026/05/07 10:03:26,115,0.04785460606217384
2026/05/07 10:03:27,115,0.022059442475438118
2026/05/07 10:03:28,114,0.020541928708553314
2026/05/07 10:03:29,113,0.018232015892863274
2026/05/07 10:03:30,112,0.04003528505563736
2026/05/07 10:03:31,111,0.018680235370993614
2026/05/07 10:03:32,110,0.019596824422478676
2026/05/07 10:03:33,109,0.02334987185895443
2026/05/07 10:03:34,108,0.04182160645723343
2026/05/07 10:03:35,108,0.019693922251462936
2026/05/07 10:03:36,107,0.018859291449189186
2026/05/07 10:03:37,107,0.020306691527366638
2026/05/07 10:03:38,107,0.03073497675359249
2026/05/07 10:03:39,107,0.027145961299538612
2026/05/07 10:03:40,106,0.028460506349802017
2026/05/07 10:03:41,106,0.02203350141644478
2026/05/07 10:03:42,105,0.024924572557210922
2026/05/07 10:03:43,104,0.060060203075408936
2026/05/07 10:03:44,105,0.04757785052061081
2026/05/07 10:03:45,105,0.019754713401198387
2026/05/07 10:03:46,105,0.020846573635935783
2026/05/07 10:03:47,105,0.02025730162858963
2026/05/07 10:03:48,105,0.027501607313752174
2026/05/07 10:03:49,105,0.025786634534597397
2026/05/07 10:03:50,105,0.019964197650551796
2026/05/07 10:03:51,104,0.021617813035845757
2026/05/07 10:03:52,104,0.0375637486577034
2026/05/07 10:03:53,104,0.02112850546836853
2026/05/07 10:03:54,104,0.020089222118258476
2026/05/07 10:03:55,103,0.019277727231383324
2026/05/07 10:03:56,103,0.021568333730101585
2026/05/07 10:03:57,103,0.020441468805074692
2026/05/07 10:03:58,101,0.02198410965502262
2026/05/07 10:03:59,100,0.020630856975913048
2026/05/07 10:04:00,99,0.02044759877026081
2026/05/07 10:04:01,97,0.020643888041377068
2026/05/07 10:04:02,97,0.020001301541924477
2026/05/07 10:04:03,96,0.021857095882296562
2026/05/07 10:04:04,94,0.03539900481700897
2026/05/07 10:04:05,93,0.05977008491754532
2026/05/07 10:04:06,91,0.019710678607225418
2026/05/07 10:04:07,89,0.03486012667417526
2026/05/07 10:04:08,89,0.048022158443927765
2026/05/07 10:04:09,90,0.029138479381799698
2026/05/07 10:04:10,90,0.060379624366760254
2026/05/07 10:04:11,90,0.021587461233139038
2026/05/07 10:04:12,90,0.03270941972732544
2026/05/07 10:04:13,89,0.03961271792650223
2026/05/07 10:04:14,88,0.021173842251300812
2026/05/07 10:04:15,88,0.02060517854988575
2026/05/07 10:04:16,86,0.019423816353082657
2026/05/07 10:04:17,85,0.08727969229221344
2026/05/07 10:04:18,83,0.04965813085436821
2026/05/07 10:04:19,82,0.020525969564914703
2026/05/07 10:04:20,81,0.020452318713068962
2026/05/07 10:04:21,81,0.018286101520061493
2026/05/07 10:04:22,80,0.062937431037426
2026/05/07 10:04:23,80,0.02958896942436695
2026/05/07 10:04:24,80,0.02088901400566101
2026/05/07 10:04:25,81,0.021964428946375847
2026/05/07 10:04:26,81,0.03550463542342186
2026/05/07 10:04:27,81,0.03692769259214401
2026/05/07 10:04:28,81,0.020173873752355576
2026/05/07 10:04:29,81,0.01818733848631382
2026/05/07 10:04:30,81,0.026472557336091995
2026/05/07 10:04:31,81,0.019581355154514313
2026/05/07 10:04:32,82,0.02401314303278923
2026/05/07 10:04:33,82,0.0291669312864542
2026/05/07 10:04:34,82,0.020070428028702736
2026/05/07 10:04:35,82,0.020641297101974487
2026/05/07 10:04:36,82,0.12073551118373871
2026/05/07 10:04:37,82,0.02625180035829544
2026/05/07 10:04:38,82,0.021351667121052742
2026/05/07 10:04:39,82,0.024191830307245255
2026/05/07 10:04:40,82,0.019872097298502922
2026/05/07 10:04:41,83,0.03208955377340317
2026/05/07 10:04:42,83,0.02125420607626438
2026/05/07 10:04:43,83,0.020458761602640152
2026/05/07 10:04:44,83,0.017830470576882362
2026/05/07 10:04:45,83,0.02190227620303631
2026/05/07 10:04:46,83,0.020950835198163986
2026/05/07 10:04:47,83,0.023260334506630898
2026/05/07 10:33:36,0,
2026/05/07 10:33:37,0,
2026/05/07 10:33:38,0,
2026/05/07 10:33:39,0,
2026/05/07 10:33:40,0,
2026/05/07 10:33:41,0,
2026/05/07 10:33:42,0,
2026/05/07 10:33:43,0,
2026/05/07 10:33:44,0,
2026/05/07 10:33:45,0,
2026/05/07 10:33:46,0,
2026/05/07 10:33:47,0,0.11168761551380157
2026/05/07 10:33:48,0,0.09818440675735474
2026/05/07 10:33:49,0,0.36281099915504456
2026/05/07 10:33:50,0,0.07498674094676971
2026/05/07 10:33:51,0,0.11286262422800064
2026/05/07 10:33:52,0,0.11835861206054688
2026/05/07 10:33:53,0,0.08721895515918732
2026/05/07 10:33:54,0,0.3024013042449951
2026/05/07 10:33:55,0,0.3288297951221466
2026/05/07 10:33:56,0,0.10429214686155319
2026/05/07 10:33:57,0,0.06628982722759247
2026/05/07 10:33:58,0,0.07679801434278488
2026/05/07 10:33:59,0,0.11557810753583908
2026/05/07 10:34:00,0,0.27677077054977417
2026/05/07 10:34:01,0,0.1976097822189331
2026/05/07 10:34:02,0,0.11892269551753998
2026/05/07 10:34:03,0,0.1311238557100296
2026/05/07 10:34:04,0,0.15088148415088654
2026/05/07 10:34:05,0,0.24233515560626984
2026/05/07 10:34:06,0,0.28231585025787354
2026/05/07 10:34:07,0,0.15689024329185486
2026/05/07 10:34:08,0,0.3431481719017029
2026/05/07 10:34:09,0,0.3238380253314972
2026/05/07 10:34:10,0,0.33967697620391846
2026/05/07 10:34:11,0,0.8426646590232849
2026/05/07 10:34:12,0,0.2269771546125412
2026/05/07 10:34:13,0,0.28178077936172485
2026/05/07 10:34:14,0,0.11727477610111237
2026/05/07 10:34:15,0,0.6193559765815735
2026/05/07 10:34:16,96,0.2517283856868744
2026/05/07 10:34:17,96,0.14247791469097137
2026/05/07 10:34:18,96,0.10764031857252121
2026/05/07 10:34:19,96,0.11345762014389038
2026/05/07 10:34:20,97,0.1135534793138504
2026/05/07 10:34:21,96,0.19204778969287872
2026/05/07 10:34:22,96,0.10290262848138809
2026/05/07 10:34:23,97,0.09193048626184464
2026/05/07 10:34:24,99,0.14109990000724792
2026/05/07 10:34:25,99,0.06228238344192505
2026/05/07 10:34:26,100,0.09749951213598251
2026/05/07 10:34:27,101,0.08925667405128479
2026/05/07 10:34:28,102,0.07154232263565063
2026/05/07 10:34:29,103,0.05799670144915581
2026/05/07 10:34:30,107,0.08382697403430939
2026/05/07 10:34:31,109,0.08552362024784088
2026/05/07 10:34:32,109,0.11607195436954498
2026/05/07 10:34:33,110,0.0878109261393547
2026/05/07 10:34:34,110,0.06621359288692474
2026/05/07 10:34:35,110,0.0651189312338829
2026/05/07 10:34:36,110,0.11743833869695663
2026/05/07 10:34:37,110,0.14781740307807922
2026/05/07 10:34:38,110,0.11728332191705704
2026/05/07 10:34:39,110,0.1343001127243042
2026/05/07 10:34:40,110,0.10279736667871475
2026/05/07 10:34:41,110,0.15988145768642426
2026/05/07 10:34:42,110,0.08919884264469147
2026/05/07 10:34:43,110,0.1145390123128891
2026/05/07 10:34:44,110,0.04049018397927284
2026/05/07 10:34:45,109,0.08700381964445114
2026/05/07 10:34:46,109,0.06407925486564636
2026/05/07 10:34:47,109,0.04842447489500046
2026/05/07 10:34:48,109,0.06873045116662979
2026/05/07 10:34:49,110,0.04295443743467331
2026/05/07 10:34:50,110,0.018660524860024452
2026/05/07 10:34:51,110,0.020703738555312157
2026/05/07 10:34:52,110,0.0539492592215538
2026/05/07 10:34:53,110,0.04198110103607178
2026/05/07 10:34:54,110,0.03763711079955101
2026/05/07 10:34:55,109,0.02587800659239292
2026/05/07 10:34:56,108,0.020065849646925926
2026/05/07 10:34:57,108,0.031156759709119797
2026/05/07 10:34:58,107,0.015432106330990791
2026/05/07 10:34:59,107,0.017436014488339424
2026/05/07 10:35:00,107,0.019824925810098648
2026/05/07 10:35:01,107,0.035177361220121384
2026/05/07 10:35:02,106,0.017280492931604385
2026/05/07 10:35:03,106,0.018340736627578735
2026/05/07 10:35:04,105,0.035787343978881836
2026/05/07 10:35:05,105,0.03150109201669693
2026/05/07 10:35:06,104,0.016027769073843956
2026/05/07 10:35:07,103,0.021201711148023605
2026/05/07 10:35:08,103,0.024566618725657463
2026/05/07 10:35:09,102,0.020733293145895004
2026/05/07 10:35:10,102,0.018418867141008377
2026/05/07 10:35:11,103,0.017590763047337532
2026/05/07 10:35:12,104,0.02040865086019039
2026/05/07 10:35:13,104,0.02385927550494671
2026/05/07 10:35:14,103,0.02624172903597355
2026/05/07 10:35:15,103,0.028470294550061226
2026/05/07 10:35:16,102,0.03285732865333557
2026/05/07 10:35:17,102,0.03624111786484718
2026/05/07 10:35:18,101,0.026318922638893127
2026/05/07 10:35:19,100,0.031990062445402145
2026/05/07 10:35:20,100,0.04890508949756622
2026/05/07 10:35:21,100,0.019704265519976616
2026/05/07 10:35:22,100,0.028421668335795403
2026/05/07 10:35:23,100,0.023244503885507584
2026/05/07 10:35:24,100,0.01687232218682766
2026/05/07 10:35:25,100,0.01958375796675682
2026/05/07 10:35:26,100,0.08684439957141876
2026/05/07 10:35:27,101,0.08078775554895401
2026/05/07 10:35:28,101,0.07010716199874878
2026/05/07 10:35:29,101,0.06887202709913254
2026/05/07 10:35:30,101,0.058225180953741074
2026/05/07 10:35:31,101,0.05305469408631325
2026/05/07 10:35:32,102,0.0320826880633831
2026/05/07 10:35:33,102,0.010109702125191689
2026/05/07 10:35:34,103,0.016357196494936943
2026/05/07 10:35:35,104,0.01031161192804575
2026/05/07 10:35:36,105,0.01804802007973194
2026/05/07 10:35:37,105,0.026436110958456993
2026/05/07 10:35:38,107,0.028021782636642456
2026/05/07 10:35:39,108,0.04413938149809837
2026/05/07 10:35:40,109,0.04337000846862793
2026/05/07 10:35:41,109,0.02917032316327095
2026/05/07 10:35:42,110,0.02578827738761902
2026/05/07 10:35:43,111,0.06588847190141678
2026/05/07 10:35:44,111,0.02572690136730671
2026/05/07 10:35:45,112,0.0731702446937561
2026/05/07 10:35:46,112,0.08018792420625687
2026/05/07 10:35:47,113,0.0477447435259819
2026/05/07 10:35:48,113,0.029845893383026123
2026/05/07 10:35:49,113,0.02459876798093319
2026/05/07 10:35:50,113,0.055808331817388535
2026/05/07 10:35:51,113,0.0284727793186903
2026/05/07 10:35:52,112,0.031889159232378006
2026/05/07 10:35:53,112,0.02979169972240925
2026/05/07 10:35:54,111,0.014406606554985046
2026/05/07 10:35:55,111,0.029204990714788437
2026/05/07 10:35:56,110,0.02113300748169422
2026/05/07 10:35:57,110,0.012373236007988453
2026/05/07 10:35:58,109,0.011985945515334606
2026/05/07 10:35:59,108,0.011987055651843548
2026/05/07 10:36:00,108,0.011597217060625553
2026/05/07 10:36:01,108,0.013057352975010872
2026/05/07 10:36:02,106,0.02004358358681202
2026/05/07 10:36:03,105,0.01761644333600998
2026/05/07 10:36:04,105,0.012652313336730003
2026/05/07 10:36:05,104,0.012052726000547409
2026/05/07 10:36:06,103,0.012473016045987606
2026/05/07 10:36:07,103,0.01173423696309328
2026/05/07 10:36:08,103,0.014097709208726883
2026/05/07 10:36:09,103,0.013321098871529102
2026/05/07 10:36:10,103,0.011834077537059784
2026/05/07 10:36:11,103,0.013279421254992485
2026/05/07 10:36:12,102,0.020875100046396255
2026/05/07 10:36:13,101,0.02335093356668949
2026/05/07 10:36:14,100,0.07241228967905045
2026/05/07 10:36:15,100,0.022933900356292725
2026/05/07 10:36:16,100,0.10435600578784943
2026/05/07 10:36:17,99,0.026424270123243332
2026/05/07 10:36:18,99,0.013438761234283447
2026/05/07 10:36:19,99,0.021589891985058784
2026/05/07 10:36:20,101,0.0362570658326149
2026/05/07 10:36:21,102,0.025925641879439354
2026/05/07 10:36:22,101,0.01607768051326275
2026/05/07 10:36:23,100,0.02453766018152237
2026/05/07 10:36:24,100,0.016720343381166458
2026/05/07 10:36:25,101,0.019266387447714806
2026/05/07 10:36:26,102,0.022218948230147362
2026/05/07 10:36:27,102,0.02346082776784897
2026/05/07 10:36:28,103,0.05018104612827301
2026/05/07 10:36:29,104,0.03359666466712952
2026/05/07 10:36:30,104,0.06618097424507141
2026/05/07 10:36:31,105,0.03830556944012642
2026/05/07 10:36:32,106,0.10161536186933517
2026/05/07 10:36:33,106,0.03750013932585716
2026/05/07 10:36:34,106,0.05634809285402298
2026/05/07 10:36:35,106,0.04072405397891998
2026/05/07 10:36:36,107,0.05594203993678093
2026/05/07 10:36:37,107,0.027215855196118355
2026/05/07 10:36:38,107,0.041752975434064865
2026/05/07 10:36:39,107,0.022144639864563942
2026/05/07 10:36:40,107,0.021357303485274315
2026/05/07 10:36:41,107,0.055713314563035965
2026/05/07 10:36:42,107,0.012591886334121227
2026/05/07 10:36:43,107,0.01163230836391449
2026/05/07 10:36:44,107,0.01666182279586792
2026/05/07 10:36:45,107,0.05609389394521713
2026/05/07 10:36:46,108,0.02838142216205597
2026/05/07 10:36:47,108,0.03987077623605728
2026/05/07 10:36:48,109,0.031212355941534042
2026/05/07 10:36:49,109,0.03768845647573471
2026/05/07 10:36:50,109,0.028080232441425323
2026/05/07 10:36:51,110,0.017623936757445335
2026/05/07 10:36:52,111,0.04349306970834732
2026/05/07 10:36:53,111,0.024378225207328796
2026/05/07 10:36:54,111,0.07072833180427551
2026/05/07 10:36:55,112,0.027118833735585213
2026/05/07 10:36:56,112,0.08039908111095428
2026/05/07 10:36:57,112,0.1369990110397339
2026/05/07 10:36:58,112,0.03697784245014191
2026/05/07 10:36:59,112,0.022101961076259613
2026/05/07 10:37:00,112,0.04672958329319954
2026/05/07 10:37:01,111,0.07173043489456177
2026/05/07 10:37:02,111,0.016095884144306183
2026/05/07 10:37:03,111,0.017419103533029556
2026/05/07 10:37:04,110,0.02683303691446781
2026/05/07 10:37:05,110,0.017593802884221077
2026/05/07 10:37:06,109,0.02820524387061596
2026/05/07 10:37:07,109,0.026374660432338715
2026/05/07 10:37:08,109,0.022874191403388977
2026/05/07 10:37:09,108,0.034864392131567
2026/05/07 10:37:10,108,0.024330299347639084
2026/05/07 10:37:11,108,0.03904113918542862
2026/05/07 10:37:12,109,0.01995103619992733
2026/05/07 10:37:13,109,0.02754228189587593
2026/05/07 10:37:14,110,0.014219056814908981
2026/05/07 10:37:15,111,0.029955316334962845
2026/05/07 10:37:16,111,0.01525117177516222
2026/05/07 10:37:17,112,0.023734886199235916
2026/05/07 10:37:18,112,0.024335235357284546
2026/05/07 10:37:19,112,0.028747079893946648
2026/05/07 10:37:20,112,0.01248377189040184
2026/05/07 10:37:21,112,0.011475324630737305
2026/05/07 10:37:22,111,0.013332637958228588
2026/05/07 10:37:23,110,0.011591303162276745
2026/05/07 10:37:24,110,0.010784252546727657
2026/05/07 10:37:25,109,0.033380623906850815
2026/05/07 10:37:26,108,0.03718513250350952
2026/05/07 10:37:27,108,0.03173159062862396
2026/05/07 10:37:28,107,0.04735204949975014
2026/05/07 10:37:29,107,0.017354685813188553
2026/05/07 10:37:30,108,0.015044325031340122
2026/05/07 10:37:31,108,0.07005428522825241
2026/05/07 10:37:32,108,0.02886648289859295
2026/05/07 10:37:33,108,0.024457968771457672
2026/05/07 10:37:34,108,0.029498159885406494
2026/05/07 10:37:35,108,0.019648684188723564
2026/05/07 10:37:36,109,0.014487134292721748
2026/05/07 10:37:37,109,0.024076076224446297
2026/05/07 10:37:38,110,0.028446221724152565
2026/05/07 10:37:39,111,0.05787358433008194
2026/05/07 10:37:40,111,0.06517637521028519
2026/05/07 10:37:41,111,0.04309884086251259
2026/05/07 10:37:42,111,0.056143030524253845
2026/05/07 10:37:43,111,0.2816509008407593
2026/05/07 10:37:44,111,0.20937910676002502
2026/05/07 10:37:45,112,0.29761648178100586
2026/05/07 10:37:46,114,0.2031862735748291
2026/05/07 10:37:47,115,0.05590382218360901
2026/05/07 10:37:48,116,0.06792204082012177
2026/05/07 10:37:49,116,0.06726944446563721
2026/05/07 10:37:50,116,0.0413733571767807
2026/05/07 10:37:51,116,0.04450014606118202
2026/05/07 10:37:52,116,0.04439973086118698
2026/05/07 10:37:53,115,0.03803607076406479
2026/05/07 10:37:54,115,0.032290175557136536
2026/05/07 10:37:55,114,0.03901861980557442
2026/05/07 10:37:56,114,0.030127426609396935
2026/05/07 10:37:57,114,0.03589824214577675
2026/05/07 10:37:58,114,0.04101444408297539
2026/05/07 10:37:59,113,0.04746457561850548
2026/05/07 10:38:00,112,0.03180938959121704
2026/05/07 10:38:01,111,0.029079807922244072
2026/05/07 10:38:02,111,0.03325323015451431
2026/05/07 10:38:03,110,0.028586069121956825
2026/05/07 10:38:04,110,0.0467161126434803
2026/05/07 10:38:05,109,0.03981916606426239
2026/05/07 10:38:06,108,0.024470670148730278
2026/05/07 10:38:07,107,0.02058590203523636
2026/05/07 10:38:08,106,0.03874396160244942
2026/05/07 10:38:09,105,0.025174099951982498
2026/05/07 10:38:10,105,0.01324693113565445
2026/05/07 10:38:11,105,0.014777236618101597
2026/05/07 10:38:12,104,0.0191770251840353
2026/05/07 10:38:13,105,0.03794421628117561
2026/05/07 10:38:14,105,0.025974953547120094
2026/05/07 10:38:15,105,0.013407744467258453
2026/05/07 10:38:16,105,0.019017457962036133
2026/05/07 10:38:17,105,0.011549686081707478
2026/05/07 10:38:18,105,0.01200291607528925
2026/05/07 10:38:19,105,0.02622539922595024
2026/05/07 10:38:20,104,0.03262288495898247
2026/05/07 10:38:21,104,0.013777941465377808
2026/05/07 10:38:22,103,0.01879892311990261
2026/05/07 10:38:23,102,0.015710461884737015
2026/05/07 10:38:24,101,0.013390189036726952
2026/05/07 10:38:25,100,0.011219429783523083
2026/05/07 10:38:26,100,0.012813080102205276
2026/05/07 10:38:27,99,0.013127758167684078
2026/05/07 10:38:28,100,0.014285320416092873
2026/05/07 10:38:29,100,0.02064705081284046
2026/05/07 10:38:30,101,0.04924849420785904
2026/05/07 10:38:31,102,0.02441033162176609
2026/05/07 10:38:32,102,0.014673857018351555
2026/05/07 10:38:33,103,0.019051965326070786
2026/05/07 10:38:34,103,0.028613967821002007
2026/05/07 10:38:35,104,0.028032148256897926
2026/05/07 10:38:36,105,0.0301542766392231
2026/05/07 10:38:37,105,0.042088583111763
2026/05/07 10:38:38,106,0.06453526765108109
2026/05/07 10:38:39,106,0.04432583227753639
2026/05/07 10:38:40,106,0.0453915148973465
2026/05/07 10:38:41,106,0.028179002925753593
2026/05/07 10:38:42,105,0.013313042931258678
2026/05/07 10:38:43,105,0.012471175752580166
2026/05/07 10:38:44,105,0.011069056577980518
2026/05/07 10:38:45,106,0.015522497706115246
2026/05/07 10:38:46,106,0.023367056623101234
2026/05/07 10:38:47,107,0.023199915885925293
2026/05/07 10:38:48,107,0.03519384190440178
2026/05/07 10:38:49,108,0.06409439444541931
2026/05/07 10:38:50,109,0.02377687767148018
2026/05/07 10:38:51,110,0.0515672005712986
2026/05/07 10:38:52,111,0.0155391376465559
2026/05/07 10:38:53,111,0.022784430533647537
2026/05/07 10:38:54,112,0.02246762253344059
2026/05/07 10:38:55,112,0.019558493047952652
2026/05/07 10:38:56,112,0.022344963625073433
2026/05/07 10:38:57,112,0.024823397397994995
2026/05/07 10:38:58,112,0.01846354827284813
2026/05/07 10:38:59,112,0.018787112087011337
2026/05/07 10:39:00,112,0.03306872025132179
2026/05/07 10:39:01,111,0.019523505121469498
2026/05/07 10:39:02,110,0.021421322599053383
2026/05/07 10:39:03,110,0.01585737243294716
2026/05/07 10:39:04,110,0.015305019915103912
2026/05/07 10:39:05,109,0.012005232274532318
2026/05/07 10:39:06,109,0.017352601513266563
2026/05/07 10:39:07,109,0.01206299476325512
2026/05/07 10:39:08,109,0.060578398406505585
2026/05/07 10:39:09,110,0.016564786434173584
2026/05/07 10:39:10,111,0.023829348385334015
2026/05/07 10:39:11,112,0.023420315235853195
2026/05/07 10:39:12,113,0.03091656230390072
2026/05/07 10:39:13,113,0.01704469695687294
2026/05/07 10:39:14,113,0.013703601434826851
2026/05/07 10:39:15,113,0.014466838911175728
2026/05/07 10:39:16,111,0.019815649837255478
2026/05/07 10:39:17,111,0.015204180963337421
2026/05/07 10:39:18,110,0.01727733388543129
2026/05/07 10:39:19,109,0.015873530879616737
2026/05/07 10:39:20,108,0.01544533483684063
2026/05/07 10:39:21,107,0.05201178044080734
2026/05/07 10:39:22,107,0.06097351759672165
2026/05/07 10:39:23,107,0.07584841549396515
2026/05/07 10:39:24,106,0.10687080025672913
2026/05/07 10:39:25,106,0.032275062054395676
2026/05/07 10:39:26,106,0.06812110543251038
2026/05/07 10:39:27,106,0.04008913040161133
2026/05/07 10:39:28,106,0.03446435183286667
2026/05/07 10:39:29,106,0.05603839457035065
2026/05/07 10:39:30,106,0.057850904762744904
2026/05/07 10:39:31,106,0.04308653250336647
2026/05/07 10:39:32,106,0.07534565031528473
2026/05/07 10:39:33,106,0.04467058926820755
2026/05/07 10:39:34,105,0.09273587167263031
2026/05/07 10:39:35,104,0.07421424984931946
2026/05/07 10:39:36,104,0.06746940314769745
2026/05/07 10:39:37,103,0.03288114815950394
2026/05/07 10:39:38,103,0.06732264906167984
2026/05/07 10:39:39,103,0.00704085873439908
2026/05/07 10:39:40,104,0.010252678766846657
2026/05/07 10:39:41,104,0.02282854914665222
2026/05/07 10:39:42,105,0.029278550297021866
2026/05/07 10:39:43,106,0.02103649638593197
2026/05/07 10:39:44,106,0.01920711062848568
2026/05/07 10:39:45,107,0.00947258435189724
2026/05/07 10:39:46,106,0.008451541885733604
2026/05/07 10:39:47,106,0.009328506886959076
2026/05/07 10:39:48,105,0.008159332908689976
2026/05/07 10:39:49,104,0.007826566696166992
2026/05/07 10:39:50,103,0.007943928241729736
2026/05/07 10:39:51,103,0.00779019296169281
2026/05/07 10:39:52,102,0.008364848792552948
2026/05/07 10:39:53,101,0.0080471346154809
2026/05/07 10:39:54,101,0.00833981391042471
2026/05/07 10:39:55,101,0.014493484981358051
2026/05/07 10:39:56,101,0.020197607576847076
2026/05/07 10:39:57,102,0.07196639478206635
2026/05/07 10:39:58,102,0.0444430410861969
2026/05/07 10:39:59,102,0.20388676226139069
2026/05/07 10:40:00,102,0.1513690948486328
2026/05/07 10:40:01,102,0.1614506095647812
2026/05/07 10:40:02,102,0.12103072553873062
2026/05/07 10:40:03,102,0.13049492239952087
2026/05/07 10:40:04,102,0.16417691111564636
2026/05/07 10:40:05,102,0.0512603223323822
2026/05/07 10:40:06,103,0.0180742759257555
2026/05/07 10:40:07,103,0.063725046813488
2026/05/07 10:40:08,104,0.05377157777547836
2026/05/07 10:40:09,105,0.046776678413152695
2026/05/07 10:40:10,105,0.03632839769124985
2026/05/07 10:40:11,106,0.15776222944259644
2026/05/07 10:40:12,107,0.1488640159368515
2026/05/07 10:40:13,107,0.06764208525419235
2026/05/07 10:40:14,108,0.05780914053320885
2026/05/07 10:40:15,109,0.09621147066354752
2026/05/07 10:40:16,109,0.16776669025421143
2026/05/07 10:40:17,109,0.1450565606355667
2026/05/07 10:40:18,109,0.08817723393440247
2026/05/07 10:40:19,110,0.17735593020915985
2026/05/07 10:40:20,110,0.11244010180234909
2026/05/07 10:40:21,110,0.03889966756105423
2026/05/07 10:40:22,111,0.02093633823096752
2026/05/07 10:40:23,111,0.019275277853012085
2026/05/07 10:40:24,112,0.03711118921637535
2026/05/07 10:40:25,113,0.06389451771974564
2026/05/07 10:40:26,113,0.07681000977754593
2026/05/07 10:40:27,113,0.036926839500665665
2026/05/07 10:40:28,113,0.03085695579648018
2026/05/07 10:40:29,113,0.022286338731646538
2026/05/07 10:40:30,112,0.03826387599110603
2026/05/07 10:40:31,112,0.051271915435791016
2026/05/07 10:40:32,113,0.04387516900897026
2026/05/07 10:40:33,113,0.03053165040910244
2026/05/07 10:40:34,114,0.02674311213195324
2026/05/07 10:40:35,114,0.1127590611577034
2026/05/07 10:40:36,115,0.09368400275707245
2026/05/07 10:40:37,116,0.011281764134764671
2026/05/07 10:40:38,117,0.011617974378168583
2026/05/07 10:40:39,118,0.009350703097879887
2026/05/07 10:40:40,119,0.017630530521273613
2026/05/07 10:40:41,119,0.019853699952363968
2026/05/07 10:40:42,120,0.04740914702415466
2026/05/07 10:40:43,120,0.1187666729092598
2026/05/07 10:40:44,120,0.09337549656629562
2026/05/07 10:40:45,120,0.05444379150867462
2026/05/07 10:40:46,121,0.030889857560396194
2026/05/07 10:40:47,122,0.03772122412919998
2026/05/07 10:40:48,123,0.1055668294429779
2026/05/07 10:40:49,124,0.028572063893079758
2026/05/07 10:40:50,124,0.09306738525629044
2026/05/07 10:40:51,124,0.05999356880784035
2026/05/07 10:40:52,124,0.16468371450901031
2026/05/07 10:40:53,124,0.03146626427769661
2026/05/07 10:40:54,124,0.04213545843958855
2026/05/07 10:40:55,124,0.0306253619492054
2026/05/07 10:40:56,123,0.01665041223168373
2026/05/07 10:40:57,123,0.04120811074972153
2026/05/07 10:40:58,122,0.024691065773367882
2026/05/07 10:40:59,121,0.022036217153072357
2026/05/07 10:41:00,120,0.041838131844997406
2026/05/07 10:41:01,119,0.04981714114546776
2026/05/07 10:41:02,119,0.13125018775463104
2026/05/07 10:41:03,118,0.054724615067243576
2026/05/07 10:41:04,114,0.057341236621141434
2026/05/07 10:41:05,113,0.03712328150868416
2026/05/07 10:41:06,111,0.027787238359451294
2026/05/07 10:41:07,110,0.04148067906498909
2026/05/07 10:41:08,109,0.20088538527488708
2026/05/07 10:41:09,108,0.05121665447950363
2026/05/07 10:41:10,107,0.03399309515953064
2026/05/07 10:41:11,106,0.030634209513664246
2026/05/07 10:41:12,105,0.0219307579100132
2026/05/07 10:41:13,104,0.2829357981681824
2026/05/07 10:41:14,106,0.6397559642791748
2026/05/07 10:41:15,108,0.4968355596065521
2026/05/07 10:41:16,109,0.47371792793273926
2026/05/07 10:41:17,111,0.6564180254936218
2026/05/07 10:41:18,111,0.4346584677696228
2026/05/07 10:41:19,112,0.533964991569519
2026/05/07 10:41:20,114,0.3982277512550354
2026/05/07 10:41:21,115,0.3568757176399231
2026/05/07 10:41:22,116,0.06818398833274841
2026/05/07 10:41:23,117,0.20946797728538513
2026/05/07 10:41:24,117,0.13449688255786896
2026/05/07 10:41:25,118,0.03702065721154213
2026/05/07 10:41:26,119,0.0628863275051117
2026/05/07 10:41:27,120,0.04896228760480881
2026/05/07 10:41:28,120,0.14231239259243011
2026/05/07 10:41:29,121,0.05672263726592064
2026/05/07 10:41:30,121,0.044259700924158096
2026/05/07 10:41:31,121,0.036010559648275375
2026/05/07 10:41:32,121,0.016192058101296425
2026/05/07 10:41:33,120,0.03733363747596741
2026/05/07 10:41:34,120,0.021961985155940056
2026/05/07 10:41:35,119,0.011523651890456676
2026/05/07 10:41:36,117,0.014021171256899834
2026/05/07 10:41:37,115,0.01398373395204544
2026/05/07 10:41:38,114,0.04244912043213844
2026/05/07 10:41:39,113,0.034518446773290634
2026/05/07 10:41:40,113,0.018094083294272423
2026/05/07 10:41:41,113,0.01662437990307808
2026/05/07 10:41:42,112,0.046994030475616455
2026/05/07 10:41:43,112,0.03646319359540939
2026/05/07 10:41:44,111,0.012986530549824238
2026/05/07 10:41:45,111,0.01650076173245907
2026/05/07 10:41:46,109,0.009450901299715042
2026/05/07 10:41:47,108,0.008772308006882668
2026/05/07 10:41:48,107,0.017633946612477303
2026/05/07 10:41:49,107,0.011168454773724079
2026/05/07 10:41:50,106,0.020428624004125595
2026/05/07 10:41:51,106,0.011903692036867142
2026/05/07 10:41:52,106,0.019118301570415497
2026/05/07 10:41:53,105,0.012566658668220043
2026/05/07 10:41:54,104,0.012575792148709297
2026/05/07 10:41:55,104,0.013708041049540043
2026/05/07 10:41:56,103,0.009567894972860813
2026/05/07 10:41:57,103,0.014256371185183525
2026/05/07 10:41:58,103,0.011675330810248852
2026/05/07 10:41:59,102,0.011932403780519962
2026/05/07 10:42:00,101,0.008381491526961327
2026/05/07 10:42:01,101,0.008022487163543701
2026/05/07 10:42:02,101,0.012890059500932693
2026/05/07 10:42:03,101,0.009823864325881004
2026/05/07 10:42:04,101,0.00843782164156437
2026/05/07 10:42:05,101,0.010577353648841381
2026/05/07 10:42:06,101,0.009076308459043503
2026/05/07 10:42:07,101,0.023631077259778976
2026/05/07 10:42:08,101,0.024717766791582108
2026/05/07 10:42:09,102,0.020641084760427475
2026/05/07 10:42:10,102,0.01241497602313757
2026/05/07 10:42:11,103,0.0157404076308012
2026/05/07 10:42:12,104,0.015319296158850193
2026/05/07 10:42:13,105,0.010562754236161709
2026/05/07 10:42:14,107,0.01693357154726982
2026/05/07 10:42:15,108,0.016497902572155
2026/05/07 10:42:16,110,0.013074968941509724
2026/05/07 10:42:17,111,0.010031419806182384
2026/05/07 10:42:18,112,0.007964075542986393
2026/05/07 10:42:19,113,0.005750290118157864
2026/05/07 10:42:20,114,0.006380480248481035
2026/05/07 10:42:21,115,0.05347885563969612
2026/05/07 10:42:22,116,0.0664890706539154
2026/05/07 10:42:23,116,0.019644467160105705
2026/05/07 10:42:24,116,0.013266226276755333
2026/05/07 10:42:25,116,0.007077860180288553
2026/05/07 10:42:26,116,0.009763154201209545
2026/05/07 10:42:27,115,0.011749540455639362
2026/05/07 10:42:28,115,0.00880916602909565
2026/05/07 10:42:29,114,0.00834263302385807
2026/05/07 10:42:30,114,0.010669687762856483
2026/05/07 10:42:31,113,0.02331286109983921
2026/05/07 10:42:32,113,0.04355897754430771
2026/05/07 10:42:33,112,0.02202717959880829
2026/05/07 10:42:34,112,0.022088799625635147
2026/05/07 10:42:35,111,0.015375837683677673
2026/05/07 10:42:36,111,0.01458804216235876
2026/05/07 10:42:37,110,0.05593889206647873
2026/05/07 10:42:38,108,0.07305404543876648
2026/05/07 10:42:39,107,0.12588757276535034
2026/05/07 10:42:40,106,0.1140441745519638
2026/05/07 10:42:41,106,0.05289321392774582
2026/05/07 10:42:42,106,0.04551992937922478
2026/05/07 10:42:43,106,0.01677897572517395
2026/05/07 10:42:44,106,0.009954992681741714
2026/05/07 10:42:45,106,0.007931889966130257
2026/05/07 10:42:46,107,0.00871321838349104
2026/05/07 10:42:47,107,0.008653799071907997
2026/05/07 10:42:48,107,0.008388377726078033
2026/05/07 10:42:49,107,0.008337359875440598
2026/05/07 10:42:50,107,0.008537904359400272
2026/05/07 10:42:51,106,0.008643883280456066
2026/05/07 10:42:52,105,0.008489320054650307
2026/05/07 10:42:53,105,0.008475622162222862
2026/05/07 10:42:54,104,0.008973156102001667
2026/05/07 10:42:55,104,0.009688293561339378
2026/05/07 10:42:56,105,0.007945659570395947
2026/05/07 10:42:57,105,0.008760356344282627
2026/05/07 10:42:58,105,0.008535800501704216
2026/05/07 10:42:59,105,0.008643046021461487
2026/05/07 10:43:00,106,0.007985791191458702
2026/05/07 10:43:01,107,0.009273172356188297
2026/05/07 10:43:02,107,0.007853797636926174
2026/05/07 10:43:03,107,0.009545519016683102
2026/05/07 10:43:04,107,0.007035351358354092
2026/05/07 10:43:05,107,0.009382043965160847
2026/05/07 10:43:06,107,0.008323497138917446
2026/05/07 10:43:07,106,0.00797466840595007
2026/05/07 10:43:08,106,0.008008662611246109
2026/05/07 10:43:09,105,0.007811587769538164
2026/05/07 10:43:10,105,0.008509507402777672
2026/05/07 10:43:11,105,0.008060837164521217
2026/05/07 10:43:12,106,0.008472316898405552
2026/05/07 10:43:13,106,0.007384955883026123
2026/05/07 10:43:14,107,0.008169487118721008
2026/05/07 10:43:15,108,0.008128965273499489
2026/05/07 10:43:16,108,0.009007194079458714
2026/05/07 10:43:17,108,0.007624136283993721
2026/05/07 10:43:18,108,0.008386867120862007
2026/05/07 10:43:19,108,0.008512924425303936
2026/05/07 10:43:20,108,0.008599892258644104
2026/05/07 10:43:21,108,0.008139913901686668
2026/05/07 10:43:22,108,0.008364442735910416
2026/05/07 10:43:23,108,0.00861265417188406
2026/05/07 10:43:24,109,0.008661306463181973
2026/05/07 10:43:25,109,0.008706267923116684
2026/05/07 10:43:26,109,0.007758933585137129
2026/05/07 10:43:27,109,0.008329748176038265
2026/05/07 10:43:28,109,0.0078911567106843
2026/05/07 10:43:29,109,0.008801228366792202
2026/05/07 10:43:30,109,0.007506240624934435
2026/05/07 10:43:31,109,0.00816372036933899
2026/05/07 10:43:32,109,0.007953153923153877
2026/05/07 10:43:33,110,0.00801265612244606
2026/05/07 10:43:34,110,0.008540905080735683
2026/05/07 10:43:35,110,0.008154496550559998
2026/05/07 10:43:36,111,0.007697707507759333
2026/05/07 10:43:37,111,0.055743761360645294
2026/05/07 10:43:38,112,0.07797771692276001
2026/05/07 10:43:39,112,0.016651274636387825
2026/05/07 10:43:40,113,0.01501135528087616
2026/05/07 10:43:41,114,0.09483470022678375
2026/05/07 10:43:42,116,0.037636805325746536
2026/05/07 10:43:43,116,0.013391539454460144
2026/05/07 10:43:44,117,0.00872848927974701
2026/05/07 10:43:45,117,0.010336623527109623
2026/05/07 10:43:46,116,0.005140732042491436
2026/05/07 10:43:47,116,0.014218908734619617
2026/05/07 10:43:48,116,0.010583581402897835
2026/05/07 10:43:49,115,0.021726230159401894
2026/05/07 10:43:50,115,0.028499819338321686
2026/05/07 10:43:51,114,0.04463369399309158
2026/05/07 10:43:52,114,0.083574078977108
2026/05/07 10:43:53,113,0.09219212830066681
2026/05/07 10:43:54,113,0.08413596451282501
2026/05/07 10:43:55,112,0.07202249020338058
2026/05/07 10:43:56,111,0.08829014003276825
2026/05/07 10:43:57,111,0.06169590353965759
2026/05/07 10:43:58,111,0.06292982399463654
2026/05/07 10:43:59,111,0.07870683073997498
2026/05/07 10:44:00,111,0.0501510389149189
2026/05/07 10:44:01,111,0.04306973144412041
2026/05/07 10:44:02,112,0.0801282599568367
2026/05/07 10:44:03,112,0.02984827756881714
2026/05/07 10:44:04,112,0.049325134605169296
2026/05/07 10:44:05,112,0.11702407896518707
2026/05/07 10:44:06,112,0.15053685009479523
2026/05/07 10:44:07,113,0.1077040508389473
2026/05/07 10:44:08,113,0.06432098895311356
2026/05/07 10:44:09,113,0.077951580286026
2026/05/07 10:44:10,113,0.06943060457706451
2026/05/07 10:44:11,112,0.07321985065937042
2026/05/07 10:44:12,112,0.04809332638978958
2026/05/07 10:44:13,112,0.05068415030837059
2026/05/07 10:44:14,112,0.04086078330874443
2026/05/07 10:44:15,112,0.07511042058467865
2026/05/07 10:44:16,112,0.10437746345996857
2026/05/07 10:44:17,112,0.10493709146976471
2026/05/07 10:44:18,112,0.09368514269590378
2026/05/07 10:44:19,112,0.08050668239593506
2026/05/07 10:44:20,112,0.0866384357213974
2026/05/07 10:44:21,112,0.0692232996225357
2026/05/07 10:44:22,112,0.06405269354581833
2026/05/07 10:44:23,112,0.07286004722118378
2026/05/07 10:44:24,112,0.03998243808746338
2026/05/07 10:44:25,113,0.044172193855047226
2026/05/07 10:44:26,113,0.05856172367930412
2026/05/07 10:44:27,114,0.07043550163507462
2026/05/07 10:44:28,115,0.03459344059228897
2026/05/07 10:44:29,115,0.04121870920062065
2026/05/07 10:44:30,116,0.04703253507614136
2026/05/07 10:44:31,117,0.05354851856827736
2026/05/07 10:44:32,118,0.026321565732359886
2026/05/07 10:44:33,119,0.02621470019221306
2026/05/07 10:44:34,118,0.055266913026571274
2026/05/07 10:44:35,118,0.12436812371015549
2026/05/07 10:44:36,117,0.06044446676969528
2026/05/07 10:44:37,117,0.05701304227113724
2026/05/07 10:44:38,117,0.053799692541360855
2026/05/07 10:44:39,116,0.0820121020078659
2026/05/07 10:44:40,116,0.05559326708316803
2026/05/07 10:44:41,116,0.1968102902173996
2026/05/07 10:44:42,116,0.07694873958826065
2026/05/07 10:44:43,116,0.04064076766371727
2026/05/07 10:44:44,115,0.02896086685359478
2026/05/07 10:44:45,115,0.021544722840189934
2026/05/07 10:44:46,115,0.014534794725477695
2026/05/07 10:44:47,115,0.022580958902835846
2026/05/07 10:44:48,114,0.02601640298962593
2026/05/07 10:44:49,113,0.03576522693037987
2026/05/07 10:44:50,112,0.0873386412858963
2026/05/07 10:44:51,111,0.033039018511772156
2026/05/07 10:44:52,111,0.02346159890294075
2026/05/07 10:44:53,111,0.025782639160752296
2026/05/07 10:44:54,111,0.01714954897761345
2026/05/07 10:44:55,111,0.01952402852475643
2026/05/07 10:44:56,111,0.015107567422091961
2026/05/07 10:44:57,111,0.03322503715753555
2026/05/07 10:44:58,112,0.06894295662641525
2026/05/07 10:44:59,112,0.03157230094075203
2026/05/07 10:45:00,113,0.033527083694934845
2026/05/07 10:45:01,114,0.042481664568185806
2026/05/07 10:45:02,114,0.029029496014118195
2026/05/07 10:45:03,115,0.04769396781921387
2026/05/07 10:45:04,116,0.048330530524253845
2026/05/07 10:45:05,116,0.08732758462429047
2026/05/07 10:45:06,115,0.0897170826792717
2026/05/07 10:45:07,115,0.07619435340166092
2026/05/07 10:45:08,114,0.11720491945743561
2026/05/07 10:45:09,114,0.10577423870563507
2026/05/07 10:45:10,113,0.1280485987663269
2026/05/07 10:45:11,113,0.09302058815956116
2026/05/07 10:45:12,113,0.13589146733283997
2026/05/07 10:45:13,112,0.04332920163869858
2026/05/07 10:45:14,112,0.05796404182910919
2026/05/07 10:45:15,111,0.09342686831951141
2026/05/07 10:45:16,111,0.0805901512503624
2026/05/07 10:45:17,111,0.08272715657949448
2026/05/07 10:45:18,112,0.10517473518848419
2026/05/07 10:45:19,112,0.1344955861568451
2026/05/07 10:45:20,112,0.11621789634227753
2026/05/07 10:45:21,112,0.08482267707586288
2026/05/07 10:45:22,112,0.04432079195976257
2026/05/07 10:45:23,112,0.033849481493234634
2026/05/07 10:45:24,113,0.03150276094675064
2026/05/07 10:45:25,114,0.034136369824409485
2026/05/07 10:45:26,115,0.08042185753583908
2026/05/07 10:45:27,116,0.07657179981470108
2026/05/07 10:45:28,116,0.03902118280529976
2026/05/07 10:45:29,117,0.03017774596810341
2026/05/07 10:45:30,119,0.05151234567165375
2026/05/07 10:45:31,120,0.02580159343779087
2026/05/07 10:45:32,120,0.04922708496451378
2026/05/07 10:45:33,120,0.05849214270710945
2026/05/07 10:45:34,119,0.03538323938846588
2026/05/07 10:45:35,119,0.04485286399722099
2026/05/07 10:45:36,118,0.024451976642012596
2026/05/07 10:45:37,117,0.09406620264053345
2026/05/07 10:45:38,117,0.03175846487283707
2026/05/07 10:45:39,117,0.07468602061271667
2026/05/07 10:45:40,116,0.02673342637717724
2026/05/07 10:45:41,116,0.02885466255247593
2026/05/07 10:45:42,115,0.03567177429795265
2026/05/07 10:45:43,115,0.02338077686727047
2026/05/07 10:45:44,113,0.031418927013874054
2026/05/07 10:45:45,112,0.014028995297849178
2026/05/07 10:45:46,112,0.01216079294681549
2026/05/07 10:45:47,111,0.011270815506577492
2026/05/07 10:45:48,110,0.017910774797201157
2026/05/07 10:45:49,110,0.02155972458422184
2026/05/07 10:45:50,110,0.01889345422387123
2026/05/07 10:45:51,111,0.01956711709499359
2026/05/07 10:45:52,111,0.018193822354078293
2026/05/07 10:45:53,112,0.056040164083242416
2026/05/07 10:45:54,112,0.024827145040035248
2026/05/07 10:45:55,112,0.03215491399168968
2026/05/07 10:45:56,111,0.04197154566645622
2026/05/07 10:45:57,111,0.021432312205433846
2026/05/07 10:45:58,111,0.023847036063671112
2026/05/07 10:45:59,111,0.025652971118688583
2026/05/07 10:46:00,111,0.029422864317893982
2026/05/07 10:46:01,111,0.03362918645143509
2026/05/07 10:46:02,111,0.06447620689868927
2026/05/07 10:46:03,111,0.06562301516532898
2026/05/07 10:46:04,111,0.0999610647559166
2026/05/07 10:46:05,111,0.05598166584968567
2026/05/07 10:46:06,111,0.051692914217710495
2026/05/07 10:46:07,111,0.025953665375709534
2026/05/07 10:46:08,111,0.03484318405389786
2026/05/07 10:46:09,111,0.026018856093287468
2026/05/07 10:46:10,111,0.04052286222577095
2026/05/07 10:46:11,111,0.04520900920033455
2026/05/07 10:46:12,111,0.05239827558398247
2026/05/07 10:46:13,112,0.26250460743904114
2026/05/07 10:46:14,112,0.0746249109506607
2026/05/07 10:46:15,113,0.09971465170383453
2026/05/07 10:46:16,114,0.07141128182411194
2026/05/07 10:46:17,116,0.05216103419661522
2026/05/07 10:46:18,117,0.029559466987848282
2026/05/07 10:46:19,118,0.025795023888349533
2026/05/07 10:46:20,119,0.025258982554078102
2026/05/07 10:46:21,120,0.03592958673834801
2026/05/07 10:46:22,120,0.03793356567621231
2026/05/07 10:46:23,120,0.037089090794324875
2026/05/07 10:46:24,120,0.022770658135414124
2026/05/07 10:46:25,120,0.037589188665151596
2026/05/07 10:46:26,119,0.030858244746923447
2026/05/07 10:46:27,119,0.030546413734555244
2026/05/07 10:46:28,118,0.02803116664290428
2026/05/07 10:46:29,118,0.027521442621946335
2026/05/07 10:46:30,118,0.046295441687107086
2026/05/07 10:46:31,117,0.03023812733590603
2026/05/07 10:46:32,117,0.09295427799224854
2026/05/07 10:46:33,117,0.08835212886333466
2026/05/07 10:46:34,117,0.14602914452552795
2026/05/07 10:46:35,117,0.08077649772167206
2026/05/07 10:46:36,117,0.030474387109279633
2026/05/07 10:46:37,117,0.03442609682679176
2026/05/07 10:46:38,117,0.03458072245121002
2026/05/07 10:46:39,117,0.03247293457388878
2026/05/07 10:46:40,118,0.03500601649284363
2026/05/07 10:46:41,118,0.029413612559437752
2026/05/07 10:46:42,118,0.028900623321533203
2026/05/07 10:46:43,118,0.04387684166431427
2026/05/07 10:46:44,118,0.03903547674417496
2026/05/07 10:46:45,118,0.018493253737688065
2026/05/07 10:46:46,117,0.022332383319735527
2026/05/07 10:46:47,117,0.020408067852258682
2026/05/07 10:46:48,117,0.029150335118174553
2026/05/07 10:46:49,117,0.12782247364521027
2026/05/07 10:46:50,117,0.086394302546978
2026/05/07 10:46:51,118,0.030516546219587326
2026/05/07 10:46:52,118,0.016656292602419853
2026/05/07 10:46:53,118,0.024409305304288864
2026/05/07 10:46:54,117,0.027101660147309303
2026/05/07 10:46:55,117,0.1617300808429718
2026/05/07 10:46:56,117,0.05597321689128876
2026/05/07 10:46:57,116,0.055400971323251724
2026/05/07 10:46:58,116,0.043498001992702484
2026/05/07 10:46:59,116,0.1400032490491867
2026/05/07 10:47:00,117,0.16392479836940765
2026/05/07 10:47:01,117,0.057107578963041306
2026/05/07 10:47:02,118,0.051339566707611084
2026/05/07 10:47:03,118,0.035547368228435516
2026/05/07 10:47:04,117,0.052773185074329376
2026/05/07 10:47:05,116,0.2110673040151596
2026/05/07 10:47:06,116,0.05047792196273804
2026/05/07 10:47:07,115,0.09452327340841293
2026/05/07 10:47:08,115,0.04914390295743942
2026/05/07 10:47:09,114,0.038129743188619614
2026/05/07 10:47:10,114,0.012854757718741894
2026/05/07 10:47:11,114,0.019042421132326126
2026/05/07 10:47:12,114,0.1010204628109932
2026/05/07 10:47:13,113,0.0792047381401062
2026/05/07 10:47:14,112,0.05671403184533119
2026/05/07 10:47:15,111,0.16965161263942719
2026/05/07 10:47:16,110,0.06602200865745544
2026/05/07 10:47:17,110,0.24260342121124268
2026/05/07 10:47:18,110,0.2957421839237213
2026/05/07 10:47:19,110,0.11055103689432144
2026/05/07 10:47:20,110,0.09959635138511658
2026/05/07 10:47:21,110,0.08831650763750076
2026/05/07 10:47:22,111,0.11452404409646988
2026/05/07 10:47:23,111,0.04961084574460983
2026/05/07 10:47:24,112,0.1516617089509964
2026/05/07 10:47:25,112,0.059206221252679825
2026/05/07 10:47:26,112,0.060622673481702805
2026/05/07 10:47:27,113,0.013112574815750122
2026/05/07 10:47:28,114,0.01997261494398117
2026/05/07 10:47:29,114,0.02239673025906086
2026/05/07 10:47:30,113,0.030369138345122337
2026/05/07 10:47:31,113,0.026651673018932343
2026/05/07 10:47:32,112,0.028407348319888115
2026/05/07 10:47:33,111,0.02977072447538376
2026/05/07 10:47:34,111,0.037849508225917816
2026/05/07 10:47:35,110,0.022147975862026215
2026/05/07 10:47:36,111,0.025965547189116478
2026/05/07 10:47:37,111,0.04309290647506714
2026/05/07 10:47:38,112,0.017631828784942627
2026/05/07 10:47:39,112,0.013339422643184662
2026/05/07 10:47:40,112,0.017166338860988617
2026/05/07 10:47:41,112,0.014346722513437271
2026/05/07 10:47:42,113,0.13962991535663605
2026/05/07 10:47:43,112,0.056960657238960266
2026/05/07 10:47:44,110,0.0803787112236023
2026/05/07 10:47:45,110,0.07681199163198471
2026/05/07 10:47:46,110,0.03912850841879845
2026/05/07 10:47:47,109,0.020034989342093468
2026/05/07 10:47:48,110,0.013698079623281956
2026/05/07 10:47:49,110,0.01283193938434124
2026/05/07 10:47:50,111,0.012708136811852455
2026/05/07 10:47:51,111,0.02757825329899788
2026/05/07 10:47:52,112,0.022127149626612663
2026/05/07 10:47:53,112,0.011739278212189674
2026/05/07 10:47:54,112,0.012505549937486649
2026/05/07 10:47:55,112,0.011521704494953156
2026/05/07 10:47:56,113,0.011311771348118782
2026/05/07 10:47:57,113,0.04697023332118988
2026/05/07 10:47:58,113,0.07444047182798386
2026/05/07 10:47:59,113,0.10799553990364075
2026/05/07 10:48:00,113,0.13373328745365143
2026/05/07 10:48:01,113,0.10063241422176361
2026/05/07 10:48:02,112,0.1005353182554245
2026/05/07 10:48:03,112,0.11882424354553223
2026/05/07 10:48:04,112,0.06783013045787811
2026/05/07 10:48:05,111,0.030217450112104416
2026/05/07 10:48:06,111,0.02507639490067959
2026/05/07 10:48:07,111,0.036388419568538666
2026/05/07 10:48:08,111,0.029147695749998093
2026/05/07 10:48:09,111,0.04924609512090683
2026/05/07 10:48:10,111,0.03393923118710518
2026/05/07 10:48:11,111,0.04494495689868927
2026/05/07 10:48:12,112,0.14479689300060272
2026/05/07 10:48:13,112,0.031197451055049896
2026/05/07 10:48:14,112,0.010568824596703053
2026/05/07 10:48:15,112,0.056990254670381546
2026/05/07 10:48:16,112,0.0625140517950058
2026/05/07 10:48:17,113,0.12350977957248688
2026/05/07 10:48:18,114,0.10134416818618774
2026/05/07 10:48:19,115,0.022888556122779846
2026/05/07 10:48:20,115,0.014904468320310116
2026/05/07 10:48:21,116,0.011181995272636414
2026/05/07 10:48:22,115,0.010468622669577599
2026/05/07 10:48:23,115,0.012407118454575539
2026/05/07 10:48:24,114,0.019750196486711502
2026/05/07 10:48:25,113,0.07859423011541367
2026/05/07 10:48:26,112,0.06226830556988716
2026/05/07 10:48:27,111,0.012191727757453918
2026/05/07 10:48:28,110,0.011661006137728691
2026/05/07 10:48:29,110,0.011142004281282425
2026/05/07 10:48:30,109,0.013261981308460236
2026/05/07 10:48:31,109,0.02281462587416172
2026/05/07 10:48:32,109,0.01363922469317913
2026/05/07 10:48:33,108,0.00893059466034174
2026/05/07 10:48:34,108,0.01598847471177578
2026/05/07 10:48:35,108,0.01571950502693653
2026/05/07 10:48:36,109,0.0273466557264328
2026/05/07 10:48:37,111,0.09233595430850983
2026/05/07 10:48:38,112,0.5049160122871399
2026/05/07 10:48:39,114,0.629418134689331
2026/05/07 10:48:40,116,0.3700236678123474
2026/05/07 10:48:41,118,0.21532663702964783
2026/05/07 10:48:42,120,0.6843003034591675
2026/05/07 10:48:43,122,0.540493369102478
2026/05/07 10:48:44,126,0.4796420931816101
2026/05/07 10:48:45,129,0.510383129119873
2026/05/07 10:48:46,132,0.6677389144897461
2026/05/07 10:48:47,135,0.7092234492301941
2026/05/07 10:48:48,137,0.7252858877182007
2026/05/07 10:48:49,138,0.6030040383338928
2026/05/07 10:48:50,138,0.3029928207397461
2026/05/07 10:48:51,140,0.7169502973556519
2026/05/07 10:48:52,141,0.7342670559883118
2026/05/07 10:48:53,141,0.44365420937538147
2026/05/07 10:48:54,141,0.1251276284456253
2026/05/07 10:48:55,141,0.2769123911857605
2026/05/07 10:48:56,140,0.2866424322128296
2026/05/07 10:48:57,139,0.1482694447040558
2026/05/07 10:48:58,139,0.09936629235744476
2026/05/07 10:48:59,138,0.07834676653146744
2026/05/07 10:49:00,138,0.15769824385643005
2026/05/07 10:49:01,138,0.144947350025177
2026/05/07 10:49:02,138,0.09454970061779022
2026/05/07 10:49:03,138,0.12879988551139832
2026/05/07 10:49:04,138,0.17448794841766357
2026/05/07 10:49:05,137,0.31371116638183594
2026/05/07 10:49:06,137,0.07163016498088837
2026/05/07 10:49:07,137,0.04227982833981514
2026/05/07 10:49:08,135,0.04792189598083496
2026/05/07 10:49:09,134,0.06392404437065125
2026/05/07 10:49:10,133,0.041250258684158325
2026/05/07 10:49:11,132,0.03588845208287239
2026/05/07 10:49:12,131,0.0911681205034256
2026/05/07 10:49:13,131,0.04437710717320442
2026/05/07 10:49:14,130,0.09876539558172226
2026/05/07 10:49:15,130,0.041026726365089417
2026/05/07 10:49:16,130,0.04308643937110901
2026/05/07 10:49:17,130,0.03947029635310173
2026/05/07 10:49:18,130,0.0847693681716919
2026/05/07 10:49:19,130,0.03852510824799538
2026/05/07 10:49:20,130,0.029395323246717453
2026/05/07 10:49:21,130,0.05056438595056534
2026/05/07 10:49:22,130,0.03694852069020271
2026/05/07 10:49:23,131,0.04184097424149513
2026/05/07 10:49:24,133,0.042777176946401596
2026/05/07 10:49:25,134,0.11248325556516647
2026/05/07 10:49:26,135,0.6474804878234863
2026/05/07 10:49:27,136,0.8451336026191711
2026/05/07 10:49:28,138,1.0112675428390503
2026/05/07 10:49:29,139,0.6317412257194519
2026/05/07 10:49:30,140,0.43710222840309143
2026/05/07 10:49:31,142,0.716113269329071
2026/05/07 10:49:32,145,0.7107313871383667
2026/05/07 10:49:33,147,0.2786767780780792
2026/05/07 10:49:34,147,0.6553508639335632
2026/05/07 10:49:35,149,0.7448998689651489
2026/05/07 10:49:36,150,0.7599630355834961
2026/05/07 10:49:37,150,0.18984286487102509
2026/05/07 10:49:38,150,0.05042627826333046
2026/05/07 10:49:39,150,0.06017100065946579
2026/05/07 10:49:40,149,0.10854631662368774
2026/05/07 10:49:41,149,0.0968363806605339
2026/05/07 10:49:42,147,0.056728295981884
2026/05/07 10:49:43,145,0.03691375255584717
2026/05/07 10:49:44,144,0.0308560598641634
2026/05/07 10:49:45,143,0.029973670840263367
2026/05/07 10:49:46,141,0.03682439401745796
2026/05/07 10:49:47,141,0.05171224847435951
2026/05/07 10:49:48,140,0.06423132121562958
2026/05/07 10:49:49,139,0.08141737431287766
2026/05/07 10:49:50,138,0.03185079246759415
2026/05/07 10:49:51,137,0.029969820752739906
2026/05/07 10:49:52,138,0.05588917061686516
2026/05/07 10:49:53,138,0.048413850367069244
2026/05/07 10:49:54,137,0.025239581242203712
2026/05/07 10:49:55,136,0.0744442492723465
2026/05/07 10:49:56,136,0.21905529499053955
2026/05/07 10:49:57,137,0.09549681842327118
2026/05/07 10:49:58,138,0.02074352093040943
2026/05/07 10:49:59,138,0.028246693313121796
2026/05/07 10:50:00,138,0.08892993628978729
2026/05/07 10:50:01,138,0.04963904619216919
2026/05/07 10:50:02,139,0.03484291955828667
2026/05/07 10:50:03,139,0.04102045297622681
2026/05/07 10:50:04,139,0.02040860801935196
2026/05/07 10:50:05,139,0.023701898753643036
2026/05/07 10:50:06,138,0.01128712110221386
2026/05/07 10:50:07,138,0.016865484416484833
2026/05/07 10:50:08,139,0.07651425898075104
2026/05/07 10:50:09,139,0.5136615037918091
2026/05/07 10:50:10,140,0.5827198028564453
2026/05/07 10:50:11,140,0.6693020462989807
2026/05/07 10:50:12,141,0.7740300893783569
2026/05/07 10:50:13,142,0.45682018995285034
2026/05/07 10:50:14,144,0.34335222840309143
2026/05/07 10:50:15,145,0.6956698298454285
2026/05/07 10:50:16,147,0.6936696171760559
2026/05/07 10:50:17,148,0.7834282517433167
2026/05/07 10:50:18,150,0.8481512069702148
2026/05/07 10:50:19,150,0.8285484910011292
2026/05/07 10:50:20,151,0.36731940507888794
2026/05/07 10:50:21,151,0.24749711155891418
2026/05/07 10:50:22,150,0.1026342436671257
2026/05/07 10:50:23,150,0.04217979684472084
2026/05/07 10:50:24,149,0.048147983849048615
2026/05/07 10:50:25,149,0.05932249501347542
2026/05/07 10:50:26,147,0.03835347294807434
2026/05/07 10:50:27,146,0.080604687333107
2026/05/07 10:50:28,146,0.07347117364406586
2026/05/07 10:50:29,145,0.022592632099986076
2026/05/07 10:50:30,143,0.020350784063339233
2026/05/07 10:50:31,142,0.02557036466896534
2026/05/07 10:50:32,142,0.05853201448917389
2026/05/07 10:50:33,142,0.03843844681978226
2026/05/07 10:50:34,142,0.029357895255088806
2026/05/07 10:50:35,142,0.023851290345191956
2026/05/07 10:50:36,143,0.02717791683971882
2026/05/07 10:50:37,143,0.01552729494869709
2026/05/07 10:50:38,144,0.027486979961395264
2026/05/07 10:50:39,144,0.025808393955230713
2026/05/07 10:50:40,144,0.03396836668252945
2026/05/07 10:50:41,145,0.1249053031206131
2026/05/07 10:50:42,146,0.04744268208742142
2026/05/07 10:50:43,146,0.08727611601352692
2026/05/07 10:50:44,147,0.09212662279605865
2026/05/07 10:50:45,148,0.040331270545721054
2026/05/07 10:50:46,148,0.1951264590024948
2026/05/07 10:50:47,149,0.5847267508506775
2026/05/07 10:50:48,149,0.5231337547302246
2026/05/07 10:50:49,148,0.6924798488616943
2026/05/07 10:50:50,147,0.542673647403717
2026/05/07 10:50:51,145,0.8152582049369812
2026/05/07 10:50:52,143,0.35302799940109253
2026/05/07 10:50:53,141,0.48459285497665405
2026/05/07 10:50:54,140,0.49783238768577576
2026/05/07 10:50:55,139,0.6260648965835571
2026/05/07 10:50:56,138,0.4689423739910126
2026/05/07 10:50:57,138,0.5910479426383972
2026/05/07 10:50:58,138,0.4879348576068878
2026/05/07 10:50:59,138,0.5083750486373901
2026/05/07 10:51:00,138,0.3055773079395294
2026/05/07 10:51:01,138,0.1716325730085373
2026/05/07 10:51:02,139,0.2096197009086609
2026/05/07 10:51:03,139,0.09545663744211197
2026/05/07 10:51:04,140,0.1908193975687027
2026/05/07 10:51:05,140,0.13132557272911072
2026/05/07 10:51:06,141,0.13680912554264069
2026/05/07 10:51:07,141,0.0798112154006958
2026/05/07 10:51:08,142,0.13254310190677643
2026/05/07 10:51:09,142,0.04426725581288338
2026/05/07 10:51:10,143,0.021960875019431114
2026/05/07 10:51:11,143,0.03720245137810707
2026/05/07 10:51:12,145,0.0570201501250267
2026/05/07 10:51:13,146,0.08323200047016144
2026/05/07 10:51:14,147,0.07788415253162384
2026/05/07 10:51:15,149,0.10898135602474213
2026/05/07 10:51:16,149,0.03995191678404808
2026/05/07 10:51:17,150,0.03350456431508064
2026/05/07 10:51:18,152,0.03367437422275543
2026/05/07 10:51:19,153,0.040549568831920624
2026/05/07 10:51:20,153,0.030856341123580933
2026/05/07 10:51:21,154,0.030089449137449265
2026/05/07 10:51:22,156,0.04110667109489441
2026/05/07 10:51:23,157,0.021532906219363213
2026/05/07 10:51:24,157,0.0350278802216053
2026/05/07 10:51:25,157,0.3479938805103302
2026/05/07 10:51:26,156,0.841601550579071
2026/05/07 10:51:27,155,0.9077221751213074
2026/05/07 10:51:28,156,0.8137566447257996
2026/05/07 10:51:29,157,0.7280266284942627
2026/05/07 10:51:30,158,0.6785223484039307
2026/05/07 10:51:31,158,0.5377541780471802
2026/05/07 10:51:32,159,0.6095661520957947
2026/05/07 10:51:33,160,0.654274046421051
2026/05/07 10:51:34,160,0.5289420485496521
2026/05/07 10:51:35,160,0.632335901260376
2026/05/07 10:51:36,160,0.5992922186851501
2026/05/07 10:51:37,160,0.723578929901123
2026/05/07 10:51:38,161,0.4471663534641266
2026/05/07 10:51:39,161,0.24905885756015778
2026/05/07 10:51:40,161,0.10714984685182571
2026/05/07 10:51:41,161,0.0542670339345932
2026/05/07 10:51:42,161,0.08149414509534836
2026/05/07 10:51:43,161,0.06790206581354141
2026/05/07 10:51:44,161,0.043029822409152985
2026/05/07 10:51:45,160,0.04271690919995308
2026/05/07 10:51:46,161,0.04059431701898575
2026/05/07 10:51:47,161,0.09860242903232574
2026/05/07 10:51:48,160,0.05389838293194771
2026/05/07 10:51:49,160,0.028575126081705093
2026/05/07 10:51:50,159,0.011471795849502087
2026/05/07 10:51:51,159,0.020291611552238464
2026/05/07 10:51:52,159,0.019874563440680504
2026/05/07 10:51:53,158,0.04926753416657448
2026/05/07 10:51:54,157,0.029989954084157944
2026/05/07 10:51:55,157,0.02519301511347294
2026/05/07 10:51:56,156,0.023564357310533524
2026/05/07 10:51:57,155,0.012698027305305004
2026/05/07 10:51:58,155,0.00968212727457285
2026/05/07 10:51:59,154,0.011124496348202229
2026/05/07 10:52:00,154,0.030845001339912415
2026/05/07 10:52:01,153,0.013372703455388546
2026/05/07 10:52:02,153,0.008661977015435696
2026/05/07 10:52:03,152,0.01412675529718399
2026/05/07 10:52:04,152,0.015572775155305862
2026/05/07 10:52:05,151,0.034517720341682434
2026/05/07 10:52:06,151,0.04771432280540466
2026/05/07 10:52:07,150,0.04818528890609741
2026/05/07 10:52:08,150,0.049346599727869034
2026/05/07 10:52:09,149,0.04862069711089134
2026/05/07 10:52:10,149,0.024824077263474464
2026/05/07 10:52:11,148,0.026307979598641396
2026/05/07 10:52:12,146,0.027997937053442
2026/05/07 10:52:13,145,0.031474851071834564
2026/05/07 10:52:14,145,0.04091465473175049
2026/05/07 10:52:15,145,0.07326143234968185
2026/05/07 10:52:16,144,0.06703760474920273
2026/05/07 10:52:17,143,0.08704079687595367
2026/05/07 10:52:18,142,0.04289548471570015
2026/05/07 10:52:19,141,0.017309553921222687
2026/05/07 10:52:20,140,0.019543157890439034
2026/05/07 10:52:21,139,0.013379220850765705
2026/05/07 10:52:22,138,0.013431962579488754
2026/05/07 10:52:23,137,0.01500206720083952
2026/05/07 10:52:24,136,0.05590219795703888
2026/05/07 10:52:25,135,0.08163411915302277
2026/05/07 10:52:26,135,0.12000353634357452
2026/05/07 10:52:27,135,0.09390085935592651
2026/05/07 10:52:28,135,0.04236624389886856
2026/05/07 10:52:29,135,0.020765354856848717
2026/05/07 10:52:30,134,0.05875570327043533
2026/05/07 10:52:31,134,0.11274296045303345
2026/05/07 10:52:32,133,0.09268590807914734
2026/05/07 10:52:33,133,0.05086689069867134
2026/05/07 10:52:34,132,0.04126841947436333
2026/05/07 10:52:35,132,0.026740970090031624
2026/05/07 10:52:36,132,0.027719872072339058
2026/05/07 10:52:37,132,0.021818118169903755
2026/05/07 10:52:38,132,0.08461395651102066
2026/05/07 10:52:39,132,0.047347571700811386
2026/05/07 10:52:40,132,0.04207872599363327
2026/05/07 10:52:41,132,0.018952488899230957
2026/05/07 10:52:42,132,0.014256337657570839
2026/05/07 10:52:43,132,0.011989710852503777
2026/05/07 10:52:44,133,0.010342671535909176
2026/05/07 10:52:45,133,0.0157065000385046
2026/05/07 10:52:46,133,0.010055954568088055
2026/05/07 10:52:47,134,0.011245109140872955
2026/05/07 10:52:48,134,0.009991662576794624
2026/05/07 10:52:49,134,0.012812653556466103
2026/05/07 10:52:50,134,0.025991907343268394
2026/05/07 10:52:51,134,0.041353750973939896
2026/05/07 10:52:52,134,0.015634581446647644
2026/05/07 10:52:53,134,0.03058997541666031
2026/05/07 10:52:54,134,0.026301799342036247
2026/05/07 10:52:55,134,0.032818567007780075
2026/05/07 10:52:56,134,0.027558518573641777
2026/05/07 10:52:57,134,0.03080824576318264
2026/05/07 10:52:58,135,0.028982795774936676
2026/05/07 10:52:59,135,0.02106415294110775
2026/05/07 10:53:00,135,0.022882714867591858
2026/05/07 10:53:01,134,0.02877269685268402
2026/05/07 10:53:02,134,0.022532708942890167
2026/05/07 10:53:03,133,0.01281166635453701
2026/05/07 10:53:04,132,0.019242096692323685
2026/05/07 10:53:05,132,0.02507825195789337
2026/05/07 10:53:06,131,0.016681231558322906
2026/05/07 10:53:07,131,0.012119641527533531
2026/05/07 10:53:08,130,0.021579109132289886
2026/05/07 10:53:09,129,0.02872421406209469
2026/05/07 10:53:10,128,0.016296470537781715
2026/05/07 10:53:11,127,0.029101407155394554
2026/05/07 10:53:12,126,0.02554686926305294
2026/05/07 10:53:13,125,0.01649642176926136
2026/05/07 10:53:14,125,0.014709291979670525
2026/05/07 10:53:15,125,0.029467977583408356
2026/05/07 10:53:16,125,0.031949661672115326
2026/05/07 10:53:17,126,0.023022515699267387
2026/05/07 10:53:18,128,0.047344814985990524
2026/05/07 10:53:19,128,0.023930417373776436
2026/05/07 10:53:20,129,0.03129700571298599
2026/05/07 10:53:21,129,0.0394320972263813
2026/05/07 10:53:22,128,0.03734765946865082
2026/05/07 10:53:23,128,0.024572845548391342
2026/05/07 10:53:24,128,0.01750599406659603
2026/05/07 10:53:25,127,0.016289861872792244
2026/05/07 10:53:26,127,0.0251753032207489
2026/05/07 10:53:27,127,0.016400232911109924
2026/05/07 10:53:28,126,0.030152577906847
2026/05/07 10:53:29,126,0.04661992937326431
2026/05/07 10:53:30,126,0.0281052328646183
2026/05/07 10:53:31,125,0.014909906312823296
2026/05/07 10:53:32,125,0.020276885479688644
2026/05/07 10:53:33,125,0.016391195356845856
2026/05/07 10:53:34,124,0.02633834257721901
2026/05/07 10:53:35,124,0.014263536781072617
2026/05/07 10:53:36,123,0.04197148606181145
2026/05/07 10:53:37,123,0.019482998177409172
2026/05/07 10:53:38,122,0.02618606574833393
2026/05/07 10:53:39,122,0.014074241742491722
2026/05/07 10:53:40,122,0.04237307980656624
2026/05/07 10:53:41,121,0.022545207291841507
2026/05/07 10:53:42,121,0.019935840740799904
2026/05/07 10:53:43,121,0.02183273620903492
2026/05/07 10:53:44,121,0.020333949476480484
2026/05/07 10:53:45,120,0.025386331602931023
2026/05/07 10:53:46,120,0.019962716847658157
2026/05/07 10:53:47,120,0.011485244147479534
2026/05/07 10:53:48,120,0.03932170942425728
2026/05/07 10:53:49,120,0.021783044561743736
2026/05/07 10:53:50,120,0.02062649093568325
2026/05/07 10:53:51,120,0.02382090874016285
2026/05/07 10:53:52,120,0.03150263801217079
2026/05/07 10:53:53,121,0.015208384022116661
2026/05/07 10:53:54,121,0.022307617589831352
2026/05/07 10:53:55,121,0.08237508684396744
2026/05/07 10:53:56,122,0.03117319382727146
2026/05/07 10:53:57,122,0.018102310597896576
2026/05/07 10:53:58,122,0.028037860989570618
2026/05/07 10:53:59,123,0.04320389777421951
2026/05/07 10:54:00,123,0.030378809198737144
2026/05/07 10:54:01,123,0.025287190452218056
2026/05/07 10:54:02,124,0.026976479217410088
2026/05/07 10:54:03,124,0.03157693147659302
2026/05/07 10:54:04,124,0.019070390611886978
2026/05/07 10:54:05,125,0.02487490139901638
2026/05/07 10:54:06,125,0.037718869745731354
2026/05/07 10:54:07,125,0.021032245829701424
2026/05/07 10:54:08,125,0.0315094031393528
2026/05/07 10:54:09,125,0.02389965020120144
2026/05/07 10:54:10,125,0.03593897074460983
2026/05/07 10:54:11,125,0.020129449665546417
2026/05/07 10:54:12,125,0.024732204154133797
2026/05/07 10:54:13,124,0.09851422160863876
2026/05/07 10:54:14,124,0.21451114118099213
2026/05/07 10:54:15,124,0.028579870238900185
2026/05/07 10:54:16,124,0.05583704635500908
2026/05/07 10:54:17,125,0.05707063153386116
2026/05/07 10:54:18,125,0.029536277055740356
2026/05/07 10:54:19,126,0.027333850041031837
2026/05/07 10:54:20,126,0.01845441199839115
2026/05/07 10:54:21,127,0.010735571384429932
2026/05/07 10:54:22,127,0.014422653242945671
2026/05/07 10:54:23,127,0.01559078972786665
2026/05/07 10:54:24,128,0.01483964454382658
2026/05/07 10:54:25,128,0.022578319534659386
2026/05/07 10:54:26,129,0.04549669474363327
2026/05/07 10:54:27,129,0.11231701821088791
2026/05/07 10:54:28,130,0.07434647530317307
2026/05/07 10:54:29,130,0.07269743084907532
2026/05/07 10:54:30,130,0.07050726562738419
2026/05/07 10:54:31,131,0.1039712056517601
2026/05/07 10:54:32,131,0.032271966338157654
2026/05/07 10:54:33,132,0.04581733047962189
2026/05/07 10:54:34,132,0.04942695051431656
2026/05/07 10:54:35,132,0.06068187952041626
2026/05/07 10:54:36,132,0.020699286833405495
2026/05/07 10:54:37,132,0.03870110213756561
2026/05/07 10:54:38,131,0.15229250490665436
2026/05/07 10:54:39,130,0.12339906394481659
2026/05/07 10:54:40,130,0.041605498641729355
2026/05/07 10:54:41,130,0.031740907579660416
2026/05/07 10:54:42,130,0.08869190514087677
2026/05/07 10:54:43,130,0.05468252673745155
2026/05/07 10:54:44,130,0.06906814128160477
2026/05/07 10:54:45,130,0.05628826469182968
2026/05/07 10:54:46,130,0.05581323057413101
2026/05/07 10:54:47,130,0.027531078085303307
2026/05/07 10:54:48,130,0.021832698956131935
2026/05/07 10:54:49,129,0.026446953415870667
2026/05/07 10:54:50,128,0.031173350289463997
2026/05/07 10:54:51,128,0.03408649191260338
2026/05/07 10:54:52,128,0.026716072112321854
2026/05/07 10:54:53,127,0.0661843791604042
2026/05/07 10:54:54,126,0.019986674189567566
2026/05/07 10:54:55,126,0.07001075148582458
2026/05/07 10:54:56,126,0.06853742897510529
2026/05/07 10:54:57,126,0.12562525272369385
2026/05/07 10:54:58,127,0.042889684438705444
2026/05/07 10:54:59,127,0.02375810034573078
2026/05/07 10:55:00,127,0.03330768272280693
2026/05/07 10:55:01,127,0.06016004458069801
2026/05/07 10:55:02,127,0.028910867869853973
2026/05/07 10:55:03,127,0.02468157932162285
2026/05/07 10:55:04,127,0.026301389560103416
2026/05/07 10:55:05,128,0.039256464689970016
2026/05/07 10:55:06,128,0.02710285410284996
2026/05/07 10:55:07,128,0.01399499736726284
2026/05/07 10:55:08,129,0.05628013238310814
2026/05/07 10:55:09,130,0.41325312852859497
2026/05/07 10:55:10,130,0.14573512971401215
2026/05/07 10:55:11,131,0.08849330246448517
2026/05/07 10:55:12,132,0.053899943828582764
2026/05/07 10:55:13,132,0.09871780872344971
2026/05/07 10:55:14,133,0.08312486857175827
2026/05/07 10:55:15,134,0.09176788479089737
2026/05/07 10:55:16,133,0.07670919597148895
2026/05/07 10:55:17,133,0.07910331338644028
2026/05/07 10:55:18,132,0.0356907844543457
2026/05/07 10:55:19,131,0.06560636311769485
2026/05/07 10:55:20,131,0.05470672994852066
2026/05/07 10:55:21,130,0.2620364725589752
2026/05/07 10:55:22,129,0.030703766271471977
2026/05/07 10:55:23,128,0.024104582145810127
2026/05/07 10:55:24,128,0.042453132569789886
2026/05/07 10:55:25,127,0.016557762399315834
2026/05/07 10:55:26,127,0.02817346341907978
2026/05/07 10:55:27,127,0.3494010865688324
2026/05/07 10:55:28,127,0.37311220169067383
2026/05/07 10:55:29,127,0.07191058993339539
2026/05/07 10:55:30,127,0.031791139394044876
2026/05/07 10:55:31,127,0.02673215977847576
2026/05/07 10:55:32,127,0.02808861993253231
2026/05/07 10:55:33,127,0.03861300274729729
2026/05/07 10:55:34,127,0.17531563341617584
2026/05/07 10:55:35,127,0.22116880118846893
2026/05/07 10:55:36,128,0.12105605006217957
2026/05/07 10:55:37,128,0.09308861941099167
2026/05/07 10:55:38,128,0.18689565360546112
2026/05/07 10:55:39,129,0.04356153681874275
2026/05/07 10:55:40,129,0.03259085491299629
2026/05/07 10:55:41,130,0.027964916080236435
2026/05/07 10:55:42,130,0.03157585859298706
2026/05/07 10:55:43,130,0.08727126568555832
2026/05/07 10:55:44,130,0.061421800404787064
2026/05/07 10:55:45,129,0.03315075486898422
2026/05/07 10:55:46,129,0.053412940353155136
2026/05/07 10:55:47,129,0.11761117726564407
2026/05/07 10:55:48,128,0.03309524059295654
2026/05/07 10:55:49,128,0.03826716169714928
2026/05/07 10:55:50,128,0.047455448657274246
2026/05/07 10:55:51,128,0.07832741737365723
2026/05/07 10:55:52,128,0.06128918007016182
2026/05/07 10:55:53,127,0.020710278302431107
2026/05/07 10:55:54,127,0.016092972829937935
2026/05/07 10:55:55,127,0.03758712857961655
2026/05/07 10:55:56,126,0.05096885561943054
2026/05/07 10:55:57,126,0.1061171218752861
2026/05/07 10:55:58,126,0.07781174778938293
2026/05/07 10:55:59,126,0.03038959577679634
2026/05/07 10:56:00,125,0.037819113582372665
2026/05/07 10:56:01,125,0.02498915232717991
2026/05/07 10:56:02,125,0.029928909614682198
2026/05/07 10:56:03,125,0.04502657800912857
2026/05/07 10:56:04,125,0.014660131186246872
2026/05/07 10:56:05,125,0.021401938050985336
2026/05/07 10:56:06,126,0.045871395617723465
2026/05/07 10:56:07,126,0.02347373589873314
2026/05/07 10:56:08,126,0.04417169466614723
2026/05/07 10:56:09,126,0.08895224332809448
2026/05/07 10:56:10,127,0.06714368611574173
2026/05/07 10:56:11,127,0.09269972145557404
2026/05/07 10:56:12,127,0.055896833539009094
2026/05/07 10:56:13,127,0.0818454697728157
2026/05/07 10:56:14,126,0.03911319375038147
2026/05/07 10:56:15,126,0.019542504101991653
2026/05/07 10:56:16,125,0.0457574725151062
2026/05/07 10:56:17,124,0.0658654272556305
2026/05/07 10:56:18,124,0.04328290373086929
2026/05/07 10:56:19,124,0.05686560645699501
2026/05/07 10:56:20,124,0.0439542792737484
2026/05/07 10:56:21,123,0.02650606632232666
2026/05/07 10:56:22,122,0.03717157617211342
2026/05/07 10:56:23,121,0.07497471570968628
2026/05/07 10:56:24,121,0.1587497889995575
2026/05/07 10:56:25,120,0.13652403652668
2026/05/07 10:56:26,119,0.1544600874185562
2026/05/07 10:56:27,119,0.06894012540578842
2026/05/07 10:56:28,119,0.04675700142979622
2026/05/07 10:56:29,120,0.04026626795530319
2026/05/07 10:56:30,120,0.05621795728802681
2026/05/07 10:56:31,120,0.05164361745119095
2026/05/07 10:56:32,120,0.02300766110420227
2026/05/07 10:56:33,121,0.017474664375185966
2026/05/07 10:56:34,121,0.02866133488714695
2026/05/07 10:56:35,121,0.03479650244116783
2026/05/07 10:56:36,122,0.03384014964103699
2026/05/07 10:56:37,122,0.06745384633541107
2026/05/07 10:56:38,123,0.023645125329494476
2026/05/07 10:56:39,123,0.026600077748298645
2026/05/07 10:56:40,123,0.03915726765990257
2026/05/07 10:56:41,123,0.026805898174643517
2026/05/07 10:56:42,122,0.035267896950244904
2026/05/07 10:56:43,122,0.017941562458872795
2026/05/07 10:56:44,121,0.019489813596010208
2026/05/07 10:56:45,120,0.024124184623360634
2026/05/07 10:56:46,119,0.021300917491316795
2026/05/07 10:56:47,119,0.02531556785106659
2026/05/07 10:56:48,118,0.01873709447681904
2026/05/07 10:56:49,118,0.01924283243715763
2026/05/07 10:56:50,119,0.022531259804964066
2026/05/07 10:56:51,119,0.023339534178376198
2026/05/07 10:56:52,119,0.010150566697120667
2026/05/07 10:56:53,120,0.0184120275080204
2026/05/07 10:56:54,120,0.021015014499425888
2026/05/07 10:56:55,120,0.015594339929521084
2026/05/07 10:56:56,120,0.0923890545964241
2026/05/07 10:56:57,119,0.5069075226783752
2026/05/07 10:56:58,119,0.22368037700653076
2026/05/07 10:56:59,119,0.077031210064888
2026/05/07 10:57:00,119,0.03896942362189293
2026/05/07 10:57:01,119,0.028993191197514534
2026/05/07 10:57:02,118,0.02446652017533779
2026/05/07 10:57:03,118,0.030317459255456924
2026/05/07 10:57:04,118,0.03937740623950958
2026/05/07 10:57:05,118,0.026278173550963402
2026/05/07 10:57:06,117,0.02703895792365074
2026/05/07 10:57:07,117,0.03662384673953056
2026/05/07 10:57:08,115,0.06874557584524155
2026/05/07 10:57:09,115,0.11299782246351242
2026/05/07 10:57:10,115,0.1805342733860016
2026/05/07 10:57:11,114,0.034577593207359314
2026/05/07 10:57:12,113,0.03432854264974594
2026/05/07 10:57:13,113,0.021105272695422173
2026/05/07 10:57:14,114,0.01731623150408268
2026/05/07 10:57:15,115,0.06357797235250473
2026/05/07 10:57:16,116,0.03555774688720703
2026/05/07 10:57:17,117,0.0431831032037735
2026/05/07 10:57:18,119,0.12486790120601654
2026/05/07 10:57:19,119,0.19997328519821167
2026/05/07 10:57:20,120,0.05170007795095444
2026/05/07 10:57:21,121,0.03993697091937065
2026/05/07 10:57:22,121,0.0374617837369442
2026/05/07 10:57:23,121,0.03006061725318432
2026/05/07 10:57:24,121,0.046089738607406616
2026/05/07 10:57:25,121,0.03690985590219498
2026/05/07 10:57:26,121,0.030285440385341644
2026/05/07 10:57:27,121,0.0311474297195673
2026/05/07 10:57:28,120,0.04146448150277138
2026/05/07 10:57:29,120,0.035262688994407654
2026/05/07 10:57:30,120,0.06352061033248901
2026/05/07 10:57:31,120,0.022817790508270264
2026/05/07 10:57:32,120,0.04328416287899017
2026/05/07 10:57:33,120,0.021457655355334282
2026/05/07 10:57:34,120,0.028945578262209892
2026/05/07 10:57:35,120,0.058937396854162216
2026/05/07 10:57:36,120,0.03311824053525925
2026/05/07 10:57:37,120,0.050608087331056595
2026/05/07 10:57:38,119,0.048616159707307816
2026/05/07 10:57:39,119,0.021155787631869316
2026/05/07 10:57:40,119,0.033123549073934555
2026/05/07 10:57:41,118,0.03155016154050827
2026/05/07 10:57:42,119,0.03947800397872925
2026/05/07 10:57:43,119,0.11140631884336472
2026/05/07 10:57:44,119,0.3996381163597107
2026/05/07 10:57:45,120,0.4386615455150604
2026/05/07 10:57:46,121,0.16770774126052856
2026/05/07 10:57:47,122,0.03388124331831932
2026/05/07 10:57:48,123,0.06119551137089729
2026/05/07 10:57:49,123,0.05577665939927101
2026/05/07 10:57:50,124,0.055165983736515045
2026/05/07 10:57:51,125,0.08292516320943832
2026/05/07 10:57:52,125,0.029920777305960655
2026/05/07 10:57:53,125,0.04308426007628441
2026/05/07 10:57:54,124,0.0568556934595108
2026/05/07 10:57:55,124,0.017760226503014565
2026/05/07 10:57:56,124,0.020580334588885307
2026/05/07 10:57:57,124,0.023654425516724586
2026/05/07 10:57:58,124,0.02461051009595394
2026/05/07 10:57:59,125,0.04500752314925194
2026/05/07 10:58:00,125,0.08206777274608612
2026/05/07 10:58:01,125,0.02196795865893364
2026/05/07 10:58:02,126,0.03147301822900772
2026/05/07 10:58:03,127,0.016420938074588776
2026/05/07 10:58:04,127,0.022505782544612885
2026/05/07 10:58:05,126,0.030319221317768097
2026/05/07 10:58:06,125,0.020703259855508804
2026/05/07 10:58:07,125,0.017725814133882523
2026/05/07 10:58:08,125,0.03335784375667572
2026/05/07 10:58:09,125,0.09023533016443253
2026/05/07 10:58:10,124,0.09351853281259537
2026/05/07 10:58:11,124,0.13089057803153992
2026/05/07 10:58:12,124,0.08610904961824417
2026/05/07 10:58:13,124,0.0458359494805336
2026/05/07 10:58:14,124,0.060257889330387115
2026/05/07 10:58:15,125,0.15180504322052002
2026/05/07 10:58:16,125,0.2064715474843979
2026/05/07 10:58:17,125,0.1394304633140564
2026/05/07 10:58:18,125,0.2049732655286789
2026/05/07 10:58:19,125,0.2904459536075592
2026/05/07 10:58:20,125,0.213420569896698
2026/05/07 10:58:21,125,0.2844121754169464
2026/05/07 10:58:22,125,0.18817082047462463
2026/05/07 10:58:23,125,0.1646910160779953
2026/05/07 10:58:24,125,0.15855161845684052
2026/05/07 10:58:25,126,0.21415601670742035
2026/05/07 10:58:26,126,0.20735512673854828
2026/05/07 10:58:27,126,0.15994061529636383
2026/05/07 10:58:28,127,0.1767871379852295
2026/05/07 10:58:29,128,0.1532522290945053
2026/05/07 10:58:30,129,0.16213789582252502
2026/05/07 10:58:31,129,0.16426528990268707
2026/05/07 10:58:32,130,0.17664986848831177
2026/05/07 10:58:33,130,0.10114192217588425
2026/05/07 10:58:34,130,0.11135129630565643
2026/05/07 10:58:35,130,0.2209189087152481
2026/05/07 10:58:36,129,0.2144179493188858
2026/05/07 10:58:37,129,0.1729244440793991
2026/05/07 10:58:38,128,0.15869882702827454
2026/05/07 10:58:39,128,0.12407742440700531
2026/05/07 10:58:40,128,0.20951825380325317
2026/05/07 10:58:41,128,0.1711094230413437
2026/05/07 10:58:42,128,0.18786752223968506
2026/05/07 10:58:43,128,0.18580925464630127
2026/05/07 10:58:44,128,0.16972751915454865
2026/05/07 10:58:45,128,0.18323276937007904
2026/05/07 10:58:46,128,0.1854620724916458
2026/05/07 10:58:47,128,0.12069417536258698
2026/05/07 10:58:48,128,0.08297816663980484
2026/05/07 10:58:49,129,0.057086434215307236
2026/05/07 10:58:50,129,0.040276944637298584
2026/05/07 10:58:51,129,0.03320755064487457
2026/05/07 10:58:52,129,0.02091224677860737
2026/05/07 10:58:53,128,0.012175682000815868
2026/05/07 10:58:54,128,0.008005405776202679
2026/05/07 10:58:55,128,0.005995531566441059
2026/05/07 10:58:56,128,0.02408440224826336
2026/05/07 10:58:57,128,0.027760908007621765
2026/05/07 10:58:58,128,0.03195533901453018
2026/05/07 10:58:59,128,0.014414926059544086
2026/05/07 10:59:00,128,0.025230353698134422
2026/05/07 10:59:01,128,0.029058367013931274
2026/05/07 10:59:02,127,0.024679284542798996
2026/05/07 10:59:03,126,0.045906875282526016
2026/05/07 10:59:04,125,0.07780474424362183
2026/05/07 10:59:05,124,0.09994259476661682
2026/05/07 10:59:06,123,0.13475704193115234
2026/05/07 10:59:07,122,0.1305619329214096
2026/05/07 10:59:08,120,0.14042291045188904
2026/05/07 10:59:09,119,0.07107850164175034
2026/05/07 10:59:10,118,0.0458345040678978
2026/05/07 10:59:11,117,0.04551548883318901
2026/05/07 10:59:12,116,0.051676783710718155
2026/05/07 10:59:13,115,0.04403936490416527
2026/05/07 10:59:14,116,0.07679541409015656
2026/05/07 10:59:15,116,0.08705390244722366
2026/05/07 10:59:16,116,0.09882686287164688
2026/05/07 10:59:17,116,0.06259401887655258
2026/05/07 10:59:18,116,0.09282216429710388
2026/05/07 10:59:19,117,0.02517104707658291
2026/05/07 10:59:20,116,0.02156369574368
2026/05/07 10:59:21,116,0.014850527979433537
2026/05/07 10:59:22,116,0.0871439278125763
2026/05/07 10:59:23,116,0.030088452622294426
2026/05/07 10:59:24,116,0.023249134421348572
2026/05/07 10:59:25,117,0.12891067564487457
2026/05/07 10:59:26,117,0.06937455385923386
2026/05/07 10:59:27,117,0.06270761787891388
2026/05/07 10:59:28,117,0.10717049986124039
2026/05/07 10:59:29,117,0.10934444516897202
2026/05/07 10:59:30,117,0.11941762268543243
2026/05/07 10:59:31,116,0.0960695892572403
2026/05/07 10:59:32,115,0.06369560956954956
2026/05/07 10:59:33,115,0.061436381191015244
2026/05/07 10:59:34,115,0.06375686079263687
2026/05/07 10:59:35,115,0.028545120730996132
2026/05/07 10:59:36,115,0.03839074820280075
2026/05/07 10:59:37,116,0.03216642141342163
2026/05/07 10:59:38,116,0.09472180902957916
2026/05/07 10:59:39,117,0.02430036850273609
2026/05/07 10:59:40,117,0.03802844509482384
2026/05/07 10:59:41,117,0.03422467038035393
2026/05/07 10:59:42,117,0.03447265550494194
2026/05/07 10:59:43,117,0.032774683088064194
2026/05/07 10:59:44,117,0.036684658378362656
2026/05/07 10:59:45,116,0.01905316673219204
2026/05/07 10:59:46,117,0.02749241702258587
2026/05/07 10:59:47,117,0.0225055031478405
2026/05/07 10:59:48,118,0.03851023688912392
2026/05/07 10:59:49,118,0.027824601158499718
2026/05/07 10:59:50,119,0.038139913231134415
2026/05/07 10:59:51,119,0.015645336359739304
2026/05/07 10:59:52,118,0.03131304308772087
2026/05/07 10:59:53,117,0.06797713041305542
2026/05/07 10:59:54,116,0.0487959161400795
2026/05/07 10:59:55,115,0.059170305728912354
2026/05/07 10:59:56,114,0.0730794295668602
2026/05/07 10:59:57,113,0.054758936166763306
2026/05/07 10:59:58,112,0.03242975473403931
2026/05/07 10:59:59,112,0.020368434488773346
2026/05/07 11:00:00,112,0.025451887398958206
2026/05/07 11:00:01,113,0.021061623468995094
2026/05/07 11:00:02,113,0.029051529243588448
2026/05/07 11:00:03,114,0.06227066367864609
2026/05/07 11:00:04,115,0.018498428165912628
2026/05/07 11:00:05,115,0.0185211393982172
2026/05/07 11:00:06,116,0.012888167053461075
2026/05/07 11:00:07,117,0.009047569707036018
2026/05/07 11:00:08,118,0.0468960776925087
2026/05/07 11:00:09,118,0.07815197855234146
2026/05/07 11:00:10,118,0.08303913474082947
2026/05/07 11:00:11,118,0.06048921123147011
2026/05/07 11:00:12,119,0.09494064003229141
2026/05/07 11:00:13,119,0.10893988609313965
2026/05/07 11:00:14,119,0.07388200610876083
2026/05/07 11:00:15,119,0.055774036794900894
2026/05/07 11:00:16,120,0.07672196626663208
2026/05/07 11:00:17,120,0.12174423784017563
2026/05/07 11:00:18,120,0.061351340264081955
2026/05/07 11:00:19,120,0.25789517164230347
2026/05/07 11:00:20,120,0.15567368268966675
2026/05/07 11:00:21,119,0.0699249655008316
2026/05/07 11:00:22,119,0.07400209456682205
2026/05/07 11:00:23,118,0.009384175762534142
2026/05/07 11:00:24,117,0.044708672910928726
2026/05/07 11:00:25,117,0.05031449720263481
2026/05/07 11:00:26,116,0.046213217079639435
2026/05/07 11:00:27,115,0.0242348313331604
2026/05/07 11:00:28,113,0.011376987211406231
2026/05/07 11:00:29,112,0.015172463841736317
2026/05/07 11:00:30,111,0.01000843197107315
2026/05/07 11:00:31,110,0.012582930736243725
2026/05/07 11:00:32,110,0.010356414131820202
2026/05/07 11:00:33,109,0.009687816724181175
2026/05/07 11:00:34,110,0.010446715168654919
2026/05/07 11:00:35,111,0.010603311471641064
2026/05/07 11:00:36,112,0.011439654044806957
2026/05/07 11:00:37,113,0.010144505649805069
2026/05/07 11:00:38,113,0.035608649253845215
2026/05/07 11:00:39,114,0.023219984024763107
2026/05/07 11:00:40,114,0.019211897626519203
2026/05/07 11:00:41,114,0.011958169750869274
2026/05/07 11:00:42,114,0.03560538589954376
2026/05/07 11:00:43,114,0.09353524446487427
2026/05/07 11:00:44,114,0.1304320991039276
2026/05/07 11:00:45,113,0.14045670628547668
2026/05/07 11:00:46,113,0.10394027829170227
2026/05/07 11:00:47,113,0.10752421617507935
2026/05/07 11:00:48,112,0.08807337284088135
2026/05/07 11:00:49,112,0.13264289498329163
2026/05/07 11:00:50,112,0.11354998499155045
2026/05/07 11:00:51,112,0.10603462904691696
2026/05/07 11:00:52,112,0.11251240223646164
2026/05/07 11:00:53,113,0.09979812055826187
2026/05/07 11:00:54,113,0.09248242527246475
2026/05/07 11:00:55,113,0.11265228688716888
2026/05/07 11:00:56,113,0.09034270793199539
2026/05/07 11:00:57,114,0.08056720346212387
2026/05/07 11:00:58,114,0.1144779846072197
2026/05/07 11:00:59,114,0.1132119819521904
2026/05/07 11:01:00,116,0.10133585333824158
2026/05/07 11:01:01,117,0.1352393478155136
2026/05/07 11:01:02,119,0.10834670066833496
2026/05/07 11:01:03,120,0.08785771578550339
2026/05/07 11:01:04,120,0.09042815119028091
2026/05/07 11:01:05,120,0.11629693955183029
2026/05/07 11:01:06,121,0.10092882812023163
2026/05/07 11:01:07,121,0.14819054305553436
2026/05/07 11:01:08,121,0.11495845764875412
2026/05/07 11:01:09,121,0.13723984360694885
2026/05/07 11:01:10,121,0.16655126214027405
2026/05/07 11:01:11,121,0.06959550082683563
2026/05/07 11:01:12,120,0.13274112343788147
2026/05/07 11:01:13,120,0.12416475266218185
2026/05/07 11:01:14,120,0.1307094842195511
2026/05/07 11:01:15,120,0.11167510598897934
2026/05/07 11:01:16,120,0.13698053359985352
2026/05/07 11:01:17,120,0.0898275375366211
2026/05/07 11:01:18,120,0.11497750133275986
2026/05/07 11:01:19,120,0.04420538246631622
2026/05/07 11:01:20,121,0.04089102894067764
2026/05/07 11:01:21,122,0.0831102505326271
2026/05/07 11:01:22,122,0.016282370314002037
2026/05/07 11:01:23,123,0.009703709743916988
2026/05/07 11:01:24,124,0.012843037024140358
2026/05/07 11:01:25,124,0.018408719450235367
2026/05/07 11:01:26,124,0.033621758222579956
2026/05/07 11:01:27,124,0.03185700625181198
2026/05/07 11:01:28,124,0.011914880946278572
2026/05/07 11:01:29,124,0.009230428375303745
2026/05/07 11:01:30,123,0.011685766279697418
2026/05/07 11:01:31,122,0.010402320884168148
2026/05/07 11:01:32,122,0.01048051007091999
2026/05/07 11:01:33,121,0.0968485102057457
2026/05/07 11:01:34,121,0.053496286273002625
2026/05/07 11:01:35,121,0.07986849546432495
2026/05/07 11:01:36,121,0.04419349133968353
2026/05/07 11:01:37,121,0.024710355326533318
2026/05/07 11:01:38,122,0.02695469744503498
2026/05/07 11:01:39,123,0.020999494940042496
2026/05/07 11:01:40,122,0.01441782433539629
2026/05/07 11:01:41,121,0.010341222397983074
2026/05/07 11:01:42,120,0.009929086081683636
2026/05/07 11:01:43,119,0.011072016321122646
2026/05/07 11:01:44,118,0.009387572295963764
2026/05/07 11:01:45,118,0.01871771365404129
2026/05/07 11:01:46,117,0.014664171263575554
2026/05/07 11:01:47,117,0.008507869206368923
2026/05/07 11:01:48,117,0.009850908070802689
2026/05/07 11:01:49,116,0.009891893714666367
2026/05/07 11:01:50,116,0.009749705903232098
2026/05/07 11:01:51,117,0.010326038114726543
2026/05/07 11:01:52,116,0.009810782968997955
2026/05/07 11:01:53,115,0.0105036161839962
2026/05/07 11:01:54,115,0.01085677184164524
2026/05/07 11:01:55,114,0.00897175818681717
2026/05/07 11:01:56,113,0.009586142376065254
2026/05/07 11:01:57,113,0.00923191849142313
2026/05/07 11:01:58,112,0.01188670750707388
2026/05/07 11:01:59,112,0.009776937775313854
2026/05/07 11:02:00,112,0.010568991303443909
2026/05/07 11:02:01,112,0.010017248801887035
2026/05/07 11:02:02,112,0.010621893219649792
2026/05/07 11:02:03,111,0.00969745684415102
2026/05/07 11:02:04,110,0.009967544116079807
2026/05/07 11:02:05,109,0.013362215831875801
2026/05/07 11:02:06,108,0.009799196384847164
2026/05/07 11:02:07,107,0.009085715748369694
2026/05/07 11:02:08,107,0.009522616863250732
2026/05/07 11:02:09,107,0.010740765370428562
2026/05/07 11:02:10,107,0.009226713329553604
2026/05/07 11:02:11,108,0.010194643400609493
2026/05/07 11:02:12,109,0.01102434191852808
2026/05/07 11:02:13,110,0.015315468423068523
2026/05/07 11:02:14,110,0.010349362157285213
2026/05/07 11:02:15,111,0.009285814128816128
2026/05/07 11:02:16,112,0.009405535645782948
2026/05/07 11:02:17,112,0.018244005739688873
2026/05/07 11:02:18,113,0.013789053075015545
2026/05/07 11:02:19,114,0.016678091138601303
2026/05/07 11:02:20,114,0.06802601367235184
2026/05/07 11:02:21,114,0.03828345984220505
2026/05/07 11:02:22,115,0.028057264164090157
2026/05/07 11:02:23,115,0.035217542201280594
2026/05/07 11:02:24,114,0.008756806142628193
2026/05/07 11:02:25,114,0.010057746432721615
2026/05/07 11:02:26,114,0.009179539047181606
2026/05/07 11:02:27,114,0.010973531752824783
2026/05/07 11:02:28,114,0.01950727216899395
2026/05/07 11:02:29,114,0.01571963168680668
2026/05/07 11:02:30,114,0.010139266960322857
2026/05/07 11:02:31,114,0.010293547995388508
2026/05/07 11:02:32,115,0.012553852051496506
2026/05/07 11:02:33,115,0.010764406993985176
2026/05/07 11:02:34,114,0.010544219985604286
2026/05/07 11:02:35,113,0.009792950004339218
2026/05/07 11:02:36,112,0.010174550116062164
2026/05/07 11:02:37,111,0.009845335967838764
2026/05/07 11:02:38,111,0.010188213549554348
2026/05/07 11:02:39,111,0.009606181643903255
2026/05/07 11:02:40,112,0.011018075980246067
2026/05/07 11:02:41,112,0.013388657942414284
2026/05/07 11:02:42,112,0.009168381802737713
2026/05/07 11:02:43,112,0.011630942113697529
2026/05/07 11:02:44,113,0.009621749632060528
2026/05/07 11:02:45,113,0.011005960404872894
2026/05/07 11:02:46,113,0.009155352599918842
2026/05/07 11:02:47,113,0.014726783148944378
2026/05/07 11:02:48,114,0.013651625253260136
2026/05/07 11:02:49,114,0.009971849620342255
2026/05/07 11:02:50,114,0.009418643079698086
2026/05/07 11:02:51,114,0.009744183160364628
2026/05/07 11:02:52,113,0.010745578445494175
2026/05/07 11:02:53,113,0.00945480726659298
2026/05/07 11:02:54,113,0.01001443900167942
2026/05/07 11:02:55,113,0.010547705926001072
2026/05/07 11:02:56,113,0.010880609042942524
2026/05/07 11:02:57,113,0.009672561660408974
2026/05/07 11:02:58,113,0.010543393902480602
2026/05/07 11:02:59,114,0.008963902480900288
2026/05/07 11:03:00,114,0.009912949055433273
2026/05/07 11:03:01,113,0.008856985718011856
2026/05/07 11:03:02,113,0.013720649294555187
2026/05/07 11:03:03,113,0.014184358529746532
2026/05/07 11:03:04,114,0.006526063662022352
2026/05/07 11:03:05,114,0.006130638066679239
2026/05/07 11:03:06,115,0.007313882932066917
2026/05/07 11:03:07,115,0.007941304706037045
2026/05/07 11:03:08,116,0.011255853809416294
2026/05/07 11:03:09,117,0.010325484909117222
2026/05/07 11:03:10,116,0.011651713401079178
2026/05/07 11:03:11,115,0.010975895449519157
2026/05/07 11:03:12,114,0.010384616442024708
2026/05/07 11:03:13,112,0.009907211177051067
2026/05/07 11:03:14,112,0.01056119054555893
2026/05/07 11:03:15,111,0.010291666723787785
2026/05/07 11:03:16,111,0.010157880373299122
2026/05/07 11:03:17,112,0.011148943565785885
2026/05/07 11:03:18,113,0.011260843835771084
2026/05/07 11:03:19,113,0.010080368258059025
2026/05/07 11:03:20,114,0.009669099934399128
2026/05/07 11:03:21,114,0.010763278231024742
2026/05/07 11:03:22,115,0.009637117385864258
2026/05/07 11:03:23,115,0.011309458874166012
2026/05/07 11:03:24,115,0.009368669241666794
2026/05/07 11:03:25,114,0.011180570349097252
2026/05/07 11:03:26,113,0.009702453389763832
2026/05/07 11:03:27,113,0.010476149618625641
2026/05/07 11:03:28,112,0.009242123924195766
2026/05/07 11:03:29,112,0.00987042672932148
2026/05/07 11:03:30,113,0.009884088300168514
2026/05/07 11:03:31,113,0.010145114734768867
2026/05/07 11:03:32,114,0.010512560606002808
2026/05/07 11:03:33,114,0.010896223597228527
2026/05/07 11:03:34,114,0.015258478000760078
2026/05/07 11:03:35,114,0.036525238305330276
2026/05/07 11:03:36,114,0.02029050700366497
2026/05/07 11:03:37,115,0.009492083452641964
2026/05/07 11:03:38,115,0.017534181475639343
2026/05/07 11:03:39,116,0.06070655584335327
2026/05/07 11:03:40,117,0.024158265441656113
2026/05/07 11:03:41,117,0.012292366474866867
2026/05/07 11:03:42,117,0.010347036644816399
2026/05/07 11:03:43,117,0.010827718302607536
2026/05/07 11:03:44,117,0.01068560965359211
2026/05/07 11:03:45,117,0.010108204558491707
2026/05/07 11:03:46,116,0.00961701013147831
2026/05/07 11:03:47,116,0.010764519684016705
2026/05/07 11:03:48,116,0.0103810615837574
2026/05/07 11:03:49,116,0.009671585634350777
2026/05/07 11:03:50,116,0.010778362862765789
2026/05/07 11:03:51,116,0.008717432618141174
2026/05/07 11:03:52,116,0.01109972782433033
2026/05/07 11:03:53,115,0.011060637421905994
2026/05/07 11:03:54,114,0.009442285634577274
2026/05/07 11:03:55,113,0.01131038460880518
2026/05/07 11:03:56,113,0.00882098451256752
2026/05/07 11:03:57,113,0.009861884638667107
2026/05/07 11:03:58,114,0.010775400325655937
2026/05/07 11:03:59,114,0.009751883335411549
2026/05/07 11:04:00,114,0.009004715830087662
2026/05/07 11:04:01,114,0.009463399648666382
2026/05/07 11:04:02,115,0.009838021360337734
2026/05/07 11:04:03,115,0.00901445560157299
2026/05/07 11:04:04,115,0.009801873005926609
2026/05/07 11:04:05,115,0.010052388533949852
2026/05/07 11:04:06,114,0.009606163017451763
2026/05/07 11:04:07,113,0.019393105059862137
2026/05/07 11:04:08,113,0.019927239045500755
2026/05/07 11:04:09,112,0.00944472011178732
2026/05/07 11:04:10,113,0.012238198891282082
2026/05/07 11:04:11,115,0.011078247800469398
2026/05/07 11:04:12,116,0.010030731558799744
2026/05/07 11:04:13,117,0.013357230462133884
2026/05/07 11:04:14,117,0.024445516988635063
2026/05/07 11:04:15,116,0.024850033223628998
2026/05/07 11:04:16,115,0.02086689881980419
2026/05/07 11:04:17,114,0.01598905399441719
2026/05/07 11:04:18,113,0.010562543757259846
2026/05/07 11:04:19,112,0.012251019477844238
2026/05/07 11:04:20,113,0.010337812826037407
2026/05/07 11:04:21,114,0.008287467062473297
2026/05/07 11:04:22,114,0.011439057067036629
2026/05/07 11:04:23,113,0.014039581641554832
2026/05/07 11:04:24,113,0.032990895211696625
2026/05/07 11:04:25,112,0.025143761187791824
2026/05/07 11:04:26,112,0.011165347881615162
2026/05/07 11:04:27,112,0.011189834214746952
2026/05/07 11:04:28,112,0.010606024414300919
2026/05/07 11:04:29,112,0.009821616113185883
2026/05/07 11:04:30,112,0.010632996447384357
2026/05/07 11:04:31,112,0.010565705597400665
2026/05/07 11:04:32,112,0.010809673927724361
2026/05/07 11:04:33,112,0.01107367780059576
2026/05/07 11:04:34,112,0.009893706068396568
2026/05/07 11:04:35,112,0.009875916875898838
2026/05/07 11:04:36,112,0.010820075869560242
2026/05/07 11:04:37,112,0.010366025380790234
2026/05/07 11:04:38,112,0.0108565678820014
2026/05/07 11:04:39,112,0.01022354420274496
2026/05/07 11:04:40,112,0.010179834440350533
2026/05/07 11:04:41,112,0.011127396486699581
2026/05/07 11:04:42,111,0.010678090155124664
2026/05/07 11:04:43,111,0.009797614067792892
2026/05/07 11:04:44,112,0.010687627829611301
2026/05/07 11:04:45,112,0.009712298400700092
2026/05/07 11:04:46,113,0.009224860928952694
2026/05/07 11:04:47,114,0.015890583395957947
2026/05/07 11:04:48,114,0.015477201901376247
2026/05/07 11:04:49,115,0.008668938651680946
2026/05/07 11:04:50,115,0.011178120039403439
2026/05/07 11:04:51,115,0.009566761553287506
2026/05/07 11:04:52,115,0.010278056375682354
2026/05/07 11:04:53,115,0.010248379781842232
2026/05/07 11:04:54,115,0.010055684484541416
2026/05/07 11:04:55,114,0.010787255130708218
2026/05/07 11:04:56,115,0.019179567694664
2026/05/07 11:04:57,115,0.01468330156058073
2026/05/07 11:04:58,115,0.012337030842900276
2026/05/07 11:04:59,115,0.01150271762162447
2026/05/07 11:05:00,115,0.011526762507855892
2026/05/07 11:05:01,115,0.011287625879049301
2026/05/07 11:05:02,116,0.010711031965911388
2026/05/07 11:05:03,116,0.011352483183145523
2026/05/07 11:05:04,117,0.014018502086400986
2026/05/07 11:05:05,119,0.013837429694831371
2026/05/07 11:05:06,120,0.010527870617806911
2026/05/07 11:05:07,120,0.012690389528870583
2026/05/07 11:05:08,120,0.012241863645613194
2026/05/07 11:05:09,119,0.01457922626286745
2026/05/07 11:05:10,118,0.0759616494178772
2026/05/07 11:05:11,117,0.10584714263677597
2026/05/07 11:05:12,116,0.16831982135772705
2026/05/07 11:05:13,116,0.09408765286207199
2026/05/07 11:05:14,116,0.06917625665664673
2026/05/07 11:05:15,116,0.04566014185547829
2026/05/07 11:05:16,116,0.0218382366001606
2026/05/07 11:05:17,116,0.057374369353055954
2026/05/07 11:05:18,116,0.055777035653591156
2026/05/07 11:05:19,116,0.04998204484581947
2026/05/07 11:05:20,116,0.04271424561738968
2026/05/07 11:05:21,117,0.03690541163086891
2026/05/07 11:05:22,116,0.02948368899524212
2026/05/07 11:05:23,116,0.035296957939863205
2026/05/07 11:05:24,115,0.04478340595960617
2026/05/07 11:05:25,115,0.027439702302217484
2026/05/07 11:05:26,115,0.09115485846996307
2026/05/07 11:05:27,115,0.08447696268558502
2026/05/07 11:05:28,116,0.09839233756065369
2026/05/07 11:05:29,117,0.13004657626152039
2026/05/07 11:05:30,118,0.07103569060564041
2026/05/07 11:05:31,118,0.13018369674682617
2026/05/07 11:05:32,118,0.06446755677461624
2026/05/07 11:05:33,119,0.16069376468658447
2026/05/07 11:05:34,119,0.11457216739654541
2026/05/07 11:05:35,119,0.1337815672159195
2026/05/07 11:05:36,119,0.1406402289867401
2026/05/07 11:05:37,119,0.1325116753578186
2026/05/07 11:05:38,119,0.16243185102939606
2026/05/07 11:05:39,119,0.10706843435764313
2026/05/07 11:05:40,118,0.061840638518333435
2026/05/07 11:05:41,117,0.1005394384264946
2026/05/07 11:05:42,117,0.06645262986421585
2026/05/07 11:05:43,116,0.09870044142007828
2026/05/07 11:05:44,116,0.13777686655521393
2026/05/07 11:05:45,116,0.08539608865976334
2026/05/07 11:05:46,116,0.04554227739572525
2026/05/07 11:05:47,116,0.020298579707741737
2026/05/07 11:05:48,116,0.05436571314930916
2026/05/07 11:05:49,117,0.05972377210855484
2026/05/07 11:05:50,117,0.03714286535978317
2026/05/07 11:05:51,118,0.021656794473528862
2026/05/07 11:05:52,118,0.11847846955060959
2026/05/07 11:05:53,118,0.12079712003469467
2026/05/07 11:05:54,118,0.08475877344608307
2026/05/07 11:05:55,119,0.08967506885528564
2026/05/07 11:05:56,119,0.1425202339887619
2026/05/07 11:05:57,120,0.059025414288043976
2026/05/07 11:05:58,122,0.04786769673228264
2026/05/07 11:05:59,122,0.062223855406045914
2026/05/07 11:06:00,126,0.05955216661095619
2026/05/07 11:06:01,127,0.074641652405262
2026/05/07 11:06:02,128,0.13020041584968567
2026/05/07 11:06:03,128,0.06641001999378204
2026/05/07 11:06:04,128,0.07781124860048294
2026/05/07 11:06:05,128,0.17234240472316742
2026/05/07 11:06:06,128,0.10035375505685806
2026/05/07 11:06:07,127,0.037833474576473236
2026/05/07 11:06:08,126,0.07695511728525162
2026/05/07 11:06:09,126,0.08255818486213684
2026/05/07 11:06:10,125,0.10748866200447083
2026/05/07 11:06:11,125,0.05424517020583153
2026/05/07 11:06:12,125,0.01710459589958191
2026/05/07 11:06:13,124,0.015030968002974987
2026/05/07 11:06:14,124,0.011314774863421917
2026/05/07 11:06:15,124,0.00826255977153778
2026/05/07 11:06:16,124,0.012602322734892368
2026/05/07 11:06:17,125,0.0201740600168705
2026/05/07 11:06:18,124,0.024547182023525238
2026/05/07 11:06:19,123,0.047773342579603195
2026/05/07 11:06:20,122,0.04145512729883194
2026/05/07 11:06:21,122,0.02961851842701435
2026/05/07 11:06:22,121,0.05462700128555298
2026/05/07 11:06:23,120,0.057350363582372665
2026/05/07 11:06:24,121,0.04103057458996773
2026/05/07 11:06:25,121,0.03978227823972702
2026/05/07 11:06:26,122,0.025608699768781662
2026/05/07 11:06:27,123,0.1600792407989502
2026/05/07 11:06:28,124,0.10274116694927216
2026/05/07 11:06:29,124,0.04126811772584915
2026/05/07 11:06:30,125,0.08624541759490967
2026/05/07 11:06:31,125,0.03823091834783554
2026/05/07 11:06:32,126,0.049243442714214325
2026/05/07 11:06:33,126,0.0759960487484932
2026/05/07 11:06:34,126,0.038738660514354706
2026/05/07 11:06:35,126,0.08595024049282074
2026/05/07 11:06:36,125,0.07322005182504654
2026/05/07 11:06:37,124,0.04381866380572319
2026/05/07 11:06:38,123,0.10833531618118286
2026/05/07 11:06:39,122,0.07671170681715012
2026/05/07 11:06:40,122,0.06079733744263649
2026/05/07 11:06:41,121,0.050833165645599365
2026/05/07 11:06:42,120,0.10521981865167618
2026/05/07 11:06:43,120,0.11355983465909958
2026/05/07 11:06:44,120,0.0932321548461914
2026/05/07 11:06:45,119,0.12120164930820465
2026/05/07 11:06:46,119,0.08156741410493851
2026/05/07 11:06:47,119,0.04372762143611908
2026/05/07 11:06:48,119,0.08148081600666046
2026/05/07 11:06:49,120,0.12203683704137802
2026/05/07 11:06:50,120,0.06648314744234085
2026/05/07 11:06:51,120,0.05569205433130264
2026/05/07 11:06:52,121,0.1181081086397171
2026/05/07 11:06:53,121,0.17587608098983765
2026/05/07 11:06:54,121,0.1810414046049118
2026/05/07 11:06:55,121,0.07746965438127518
2026/05/07 11:06:56,120,0.036097485572099686
2026/05/07 11:06:57,120,0.134074404835701
2026/05/07 11:06:58,119,0.06977967917919159
2026/05/07 11:06:59,119,0.07211656123399734
2026/05/07 11:07:00,120,0.1397169530391693
2026/05/07 11:07:01,120,0.06917671859264374
2026/05/07 11:07:02,121,0.08721846342086792
2026/05/07 11:07:03,121,0.07826922833919525
2026/05/07 11:07:04,122,0.12240958958864212
2026/05/07 11:07:05,122,0.07357323169708252
2026/05/07 11:07:06,123,0.06987927109003067
2026/05/07 11:07:07,123,0.11578067392110825
2026/05/07 11:07:08,123,0.15277060866355896
2026/05/07 11:07:09,123,0.18524138629436493
2026/05/07 11:07:10,123,0.14707262814044952
2026/05/07 11:07:11,123,0.11394791305065155
2026/05/07 11:07:12,123,0.3803599774837494
2026/05/07 11:07:13,123,0.3670608103275299
2026/05/07 11:07:14,124,0.23583413660526276
2026/05/07 11:07:15,124,0.2041076421737671
2026/05/07 11:07:16,124,0.11386738717556
2026/05/07 11:07:17,124,0.021043213084340096
2026/05/07 11:07:18,124,0.08543948084115982
2026/05/07 11:07:19,124,0.12399998307228088
2026/05/07 11:07:20,123,0.06419511884450912
2026/05/07 11:07:21,122,0.03904886171221733
2026/05/07 11:07:22,122,0.03981808200478554
2026/05/07 11:07:23,123,0.16468080878257751
2026/05/07 11:07:24,124,0.4176765978336334
2026/05/07 11:07:25,125,0.8221575617790222
2026/05/07 11:07:26,126,0.9619415402412415
2026/05/07 11:07:27,127,0.9438452124595642
2026/05/07 11:07:28,128,0.52395099401474
2026/05/07 11:07:29,129,0.541441023349762
2026/05/07 11:07:30,130,0.8224937319755554
2026/05/07 11:07:31,131,0.7449873089790344
2026/05/07 11:07:32,132,0.7178448438644409
2026/05/07 11:07:33,133,0.5049268007278442
2026/05/07 11:07:34,134,0.26769861578941345
2026/05/07 11:07:35,135,0.13147401809692383
2026/05/07 11:07:36,136,0.1156805008649826
2026/05/07 11:07:37,137,0.06682814657688141
2026/05/07 11:07:38,137,0.2786840796470642
2026/05/07 11:07:39,137,0.4516947865486145
2026/05/07 11:07:40,136,0.5641563534736633
2026/05/07 11:07:41,135,0.18128563463687897
2026/05/07 11:07:42,134,0.10037651658058167
2026/05/07 11:07:43,134,0.06139938905835152
2026/05/07 11:07:44,134,0.07967356592416763
2026/05/07 11:07:45,133,0.036021456122398376
2026/05/07 11:07:46,132,0.02771756239235401
2026/05/07 11:07:47,132,0.020276876166462898
2026/05/07 11:07:48,131,0.028328241780400276
2026/05/07 11:07:49,131,0.07145480066537857
2026/05/07 11:07:50,131,0.030875511467456818
2026/05/07 11:07:51,131,0.023097895085811615
2026/05/07 11:07:52,132,0.012591114267706871
2026/05/07 11:07:53,133,0.046251390129327774
2026/05/07 11:07:54,134,0.05412041395902634
2026/05/07 11:07:55,134,0.03161276504397392
2026/05/07 11:07:56,135,0.026223432272672653
2026/05/07 11:07:57,135,0.04840556159615517
2026/05/07 11:07:58,135,0.023712601512670517
2026/05/07 11:07:59,136,0.05438091978430748
2026/05/07 11:08:00,136,0.028924748301506042
2026/05/07 11:08:01,136,0.04304244741797447
2026/05/07 11:08:02,136,0.037629418075084686
2026/05/07 11:08:03,137,0.052712421864271164
2026/05/07 11:08:04,137,0.016176337376236916
2026/05/07 11:08:05,138,0.026706861332058907
2026/05/07 11:08:06,139,0.2516452372074127
2026/05/07 11:08:07,139,0.15240150690078735
2026/05/07 11:08:08,139,0.6814485192298889
2026/05/07 11:08:09,139,0.7565428018569946
2026/05/07 11:08:10,138,0.8381014466285706
2026/05/07 11:08:11,138,0.4870079755783081
2026/05/07 11:08:12,136,0.2782473564147949
2026/05/07 11:08:13,135,0.16986799240112305
2026/05/07 11:08:14,135,0.22713643312454224
2026/05/07 11:08:15,134,0.2110634744167328
2026/05/07 11:08:16,134,0.36141082644462585
2026/05/07 11:08:17,133,0.2623079717159271
2026/05/07 11:08:18,133,0.2662448287010193
2026/05/07 11:08:19,133,0.24327881634235382
2026/05/07 11:08:20,132,0.19535401463508606
2026/05/07 11:08:21,132,0.19150596857070923
2026/05/07 11:08:22,132,0.0698753371834755
2026/05/07 11:08:23,132,0.11256437748670578
2026/05/07 11:08:24,132,0.2991120219230652
2026/05/07 11:08:25,132,0.1706382781267166
2026/05/07 11:08:26,132,0.047885872423648834
2026/05/07 11:08:27,132,0.025370368734002113
2026/05/07 11:08:28,133,0.09563425928354263
2026/05/07 11:08:29,133,0.1364835500717163
2026/05/07 11:08:30,133,0.04716223105788231
2026/05/07 11:08:31,134,0.014486672356724739
2026/05/07 11:08:32,134,0.018088562414050102
2026/05/07 11:08:33,134,0.1028899997472763
2026/05/07 11:08:34,134,0.12384503334760666
2026/05/07 11:08:35,135,0.05327141284942627
2026/05/07 11:08:36,135,0.050254207104444504
2026/05/07 11:08:37,134,0.10705531388521194
2026/05/07 11:08:38,134,0.07757255434989929
2026/05/07 11:08:39,133,0.09288278222084045
2026/05/07 11:08:40,133,0.09930748492479324
2026/05/07 11:08:41,133,0.03380202502012253
2026/05/07 11:08:42,133,0.1921474039554596
2026/05/07 11:08:43,133,0.059882018715143204
2026/05/07 11:08:44,133,0.03530976176261902
2026/05/07 11:08:45,133,0.060338400304317474
2026/05/07 11:08:46,133,0.024567851796746254
2026/05/07 11:08:47,133,0.04362986609339714
2026/05/07 11:08:48,133,0.051114972680807114
2026/05/07 11:08:49,133,0.12816071510314941
2026/05/07 11:08:50,133,0.42339012026786804
2026/05/07 11:08:51,133,0.2489713877439499
2026/05/07 11:08:52,133,0.09283539652824402
2026/05/07 11:08:53,133,0.07365826517343521
2026/05/07 11:08:54,132,0.08599892258644104
2026/05/07 11:08:55,132,0.0949430987238884
2026/05/07 11:08:56,131,0.14662662148475647
2026/05/07 11:08:57,131,0.1560102105140686
2026/05/07 11:08:58,131,0.09827396273612976
2026/05/07 11:08:59,132,0.029199793934822083
2026/05/07 11:09:00,132,0.02435906045138836
2026/05/07 11:09:01,132,0.055452603846788406
2026/05/07 11:09:02,132,0.1400613635778427
2026/05/07 11:09:03,132,0.05644598975777626
2026/05/07 11:09:04,131,0.1174042597413063
2026/05/07 11:09:05,130,0.07289068400859833
2026/05/07 11:09:06,129,0.060849547386169434
2026/05/07 11:09:07,129,0.06039887294173241
2026/05/07 11:09:08,127,0.04818551242351532
2026/05/07 11:09:09,126,0.02720266953110695
2026/05/07 11:09:10,125,0.06817176938056946
2026/05/07 11:09:11,124,0.042918890714645386
2026/05/07 11:09:12,123,0.05604428052902222
2026/05/07 11:09:13,123,0.06492792814970016
2026/05/07 11:09:14,122,0.05476025119423866
2026/05/07 11:09:15,121,0.044727880507707596
2026/05/07 11:09:16,121,0.02465619146823883
2026/05/07 11:09:17,121,0.1330559104681015
2026/05/07 11:09:18,121,0.022881057113409042
2026/05/07 11:09:19,120,0.03095148876309395
2026/05/07 11:09:20,119,0.08824589848518372
2026/05/07 11:09:21,118,0.034918829798698425
2026/05/07 11:09:22,118,0.0757419541478157
2026/05/07 11:09:23,118,0.05956903472542763
2026/05/07 11:09:24,118,0.04479214549064636
2026/05/07 11:09:25,118,0.09074331074953079
2026/05/07 11:09:26,119,0.047430478036403656
2026/05/07 11:09:27,119,0.12503056228160858
2026/05/07 11:09:28,119,0.047668278217315674
2026/05/07 11:09:29,120,0.04859865456819534
2026/05/07 11:09:30,120,0.04845963791012764
2026/05/07 11:09:31,120,0.05208282172679901
2026/05/07 11:09:32,120,0.051453299820423126
2026/05/07 11:09:33,120,0.1003122478723526
2026/05/07 11:09:34,120,0.04945846647024155
2026/05/07 11:09:35,121,0.037698037922382355
2026/05/07 11:09:36,120,0.046977441757917404
2026/05/07 11:09:37,119,0.03960917145013809
2026/05/07 11:09:38,119,0.14815519750118256
2026/05/07 11:09:39,119,0.22556525468826294
2026/05/07 11:09:40,119,0.1543162316083908
2026/05/07 11:09:41,118,0.11118081212043762
2026/05/07 11:09:42,118,0.04305332154035568
2026/05/07 11:09:43,118,0.08802054077386856
2026/05/07 11:09:44,118,0.09449531137943268
2026/05/07 11:09:45,119,0.07979749143123627
2026/05/07 11:09:46,119,0.04662343114614487
2026/05/07 11:09:47,120,0.04038018360733986
2026/05/07 11:09:48,120,0.1869751662015915
2026/05/07 11:09:49,120,0.21564213931560516
2026/05/07 11:09:50,120,0.05268752947449684
2026/05/07 11:09:51,120,0.07328067719936371
2026/05/07 11:09:52,121,0.05535015091300011
2026/05/07 11:09:53,121,0.04914166405797005
2026/05/07 11:09:54,121,0.043162353336811066
2026/05/07 11:09:55,122,0.024791888892650604
2026/05/07 11:09:56,122,0.011359277181327343
2026/05/07 11:09:57,122,0.008951635099947453
2026/05/07 11:09:58,123,0.01674557477235794
2026/05/07 11:09:59,124,0.009716523811221123
2026/05/07 11:10:00,124,0.010364656336605549
2026/05/07 11:10:01,124,0.01551722176373005
2026/05/07 11:10:02,124,0.012011712417006493
2026/05/07 11:10:03,124,0.014163123443722725
2026/05/07 11:10:04,124,0.012753259390592575
2026/05/07 11:10:05,123,0.013003119267523289
2026/05/07 11:10:06,123,0.010470949113368988
2026/05/07 11:10:07,122,0.012416765093803406
2026/05/07 11:10:08,122,0.018374353647232056
2026/05/07 11:10:09,122,0.013175482861697674
2026/05/07 11:10:10,122,0.009294469840824604
2026/05/07 11:10:11,122,0.013116511516273022
2026/05/07 11:10:12,122,0.009728603065013885
2026/05/07 11:10:13,121,0.009287760592997074
2026/05/07 11:10:14,121,0.008817499503493309
2026/05/07 11:10:15,120,0.009956404566764832
2026/05/07 11:10:16,119,0.012697434052824974
2026/05/07 11:10:17,118,0.011217260733246803
2026/05/07 11:10:18,118,0.009331338107585907
2026/05/07 11:10:19,117,0.011643823236227036
2026/05/07 11:10:20,117,0.010083809494972229
2026/05/07 11:10:21,116,0.009404589422047138
2026/05/07 11:10:22,116,0.008849089033901691
2026/05/07 11:10:23,115,0.01523151807487011
2026/05/07 11:10:24,115,0.011131399311125278
2026/05/07 11:10:25,115,0.010537865571677685
2026/05/07 11:10:26,115,0.008829494938254356
2026/05/07 11:10:27,115,0.01033964566886425
2026/05/07 11:10:28,115,0.010200104676187038
2026/05/07 11:10:29,116,0.010254994966089725
2026/05/07 11:10:30,116,0.00956224836409092
2026/05/07 11:10:31,117,0.010055644437670708
2026/05/07 11:10:32,117,0.01060623861849308
2026/05/07 11:10:33,117,0.01167323812842369
2026/05/07 11:10:34,117,0.009697540663182735
2026/05/07 11:10:35,117,0.009880868718028069
2026/05/07 11:10:36,118,0.011709504760801792
2026/05/07 11:10:37,118,0.015072086825966835
2026/05/07 11:10:38,119,0.0726374164223671
2026/05/07 11:10:39,119,0.05851203575730324
2026/05/07 11:10:40,120,0.10069698095321655
2026/05/07 11:10:41,120,0.06452306360006332
2026/05/07 11:10:42,120,0.1265762597322464
2026/05/07 11:10:43,120,0.12237485498189926
2026/05/07 11:10:44,120,0.07164102047681808
2026/05/07 11:10:45,120,0.058123424649238586
2026/05/07 11:10:46,120,0.047129880636930466
2026/05/07 11:10:47,120,0.05945517495274544
2026/05/07 11:10:48,120,0.06843426823616028
2026/05/07 11:10:49,120,0.2093125432729721
2026/05/07 11:10:50,119,0.3591935932636261
2026/05/07 11:10:51,118,0.07248201966285706
2026/05/07 11:10:52,118,0.028157206252217293
2026/05/07 11:10:53,118,0.05491092801094055
2026/05/07 11:10:54,118,0.17822642624378204
2026/05/07 11:10:55,118,0.08222512900829315
2026/05/07 11:10:56,119,0.18445205688476562
2026/05/07 11:10:57,119,0.08763100951910019
2026/05/07 11:10:58,118,0.0441134050488472
2026/05/07 11:10:59,117,0.051939040422439575
2026/05/07 11:11:00,116,0.11786103993654251
2026/05/07 11:11:01,116,0.09970121830701828
2026/05/07 11:11:02,116,0.17662188410758972
2026/05/07 11:11:03,116,0.24113643169403076
2026/05/07 11:11:04,116,0.5356550216674805
2026/05/07 11:11:05,116,0.6829255819320679
2026/05/07 11:11:06,116,0.36947691440582275
2026/05/07 11:11:07,117,0.2869369685649872
2026/05/07 11:11:08,118,0.27716487646102905
2026/05/07 11:11:09,118,0.2683038115501404
2026/05/07 11:11:10,120,0.19195982813835144
2026/05/07 11:11:11,120,0.1860424280166626
2026/05/07 11:11:12,121,0.25626662373542786
2026/05/07 11:11:13,122,0.13969725370407104
2026/05/07 11:11:14,123,0.1636548489332199
2026/05/07 11:11:15,124,0.12101640552282333
2026/05/07 11:11:16,125,0.10088414698839188
2026/05/07 11:11:17,126,0.18359698355197906
2026/05/07 11:11:18,127,0.1411699503660202
2026/05/07 11:11:19,128,0.16036561131477356
2026/05/07 11:11:20,127,0.10748227685689926
2026/05/07 11:11:21,127,0.17273056507110596
2026/05/07 11:11:22,127,0.14508123695850372
2026/05/07 11:11:23,126,0.25779107213020325
2026/05/07 11:11:24,126,0.18110030889511108
2026/05/07 11:11:25,127,0.20957325398921967
2026/05/07 11:11:26,128,0.1928880363702774
2026/05/07 11:11:27,128,0.10710588842630386
2026/05/07 11:11:28,129,0.11488645523786545
2026/05/07 11:11:29,129,0.08780848234891891
2026/05/07 11:11:30,129,0.03792550787329674
2026/05/07 11:11:31,128,0.12760967016220093
2026/05/07 11:11:32,127,0.14247167110443115
2026/05/07 11:11:33,126,0.096993587911129
2026/05/07 11:11:34,125,0.05332087725400925
2026/05/07 11:11:35,125,0.14110273122787476
2026/05/07 11:11:36,124,0.10906858742237091
2026/05/07 11:11:37,123,0.05530017241835594
2026/05/07 11:11:38,121,0.041029997169971466
2026/05/07 11:11:39,121,0.06410133093595505
2026/05/07 11:11:40,121,0.0455564484000206
2026/05/07 11:11:41,121,0.03515446186065674
2026/05/07 11:11:42,122,0.16163752973079681
2026/05/07 11:11:43,123,0.07742007821798325
2026/05/07 11:11:44,123,0.04744252935051918
2026/05/07 11:11:45,124,0.04524236544966698
2026/05/07 11:11:46,124,0.11643150448799133
2026/05/07 11:11:47,124,0.04865211993455887
2026/05/07 11:11:48,124,0.04001486301422119
2026/05/07 11:11:49,124,0.026039782911539078
2026/05/07 11:11:50,124,0.023840177804231644
2026/05/07 11:11:51,124,0.019420193508267403
2026/05/07 11:11:52,124,0.026673952117562294
2026/05/07 11:11:53,124,0.037295904010534286
2026/05/07 11:11:54,124,0.007183259353041649
2026/05/07 11:11:55,123,0.11550739407539368
2026/05/07 11:11:56,122,0.09979552775621414
2026/05/07 11:11:57,122,0.1802699714899063
2026/05/07 11:11:58,121,0.061573516577482224
2026/05/07 11:11:59,121,0.023669127374887466
2026/05/07 11:12:00,121,0.018785234540700912
2026/05/07 11:12:01,121,0.030794421210885048
2026/05/07 11:12:02,122,0.0323961079120636
2026/05/07 11:12:03,122,0.03214014694094658
2026/05/07 11:12:04,122,0.06948743760585785
2026/05/07 11:12:05,122,0.05002681910991669
2026/05/07 11:12:06,122,0.03957704082131386
2026/05/07 11:12:07,121,0.040332403033971786
2026/05/07 11:12:08,121,0.026981215924024582
2026/05/07 11:12:09,120,0.020906470715999603
2026/05/07 11:12:10,120,0.034412629902362823
2026/05/07 11:12:11,119,0.17414437234401703
2026/05/07 11:12:12,116,0.06082811951637268
2026/05/07 11:12:13,116,0.06915173679590225
2026/05/07 11:12:14,115,0.0240884218364954
2026/05/07 11:12:15,114,0.02190268225967884
2026/05/07 11:12:16,115,0.05997355654835701
2026/05/07 11:12:17,115,0.0437425822019577
2026/05/07 11:12:18,115,0.02335263043642044
2026/05/07 11:12:19,115,0.028635932132601738
2026/05/07 11:12:20,115,0.09877271205186844
2026/05/07 11:12:21,115,0.05366206541657448
2026/05/07 11:12:22,115,0.04899192601442337
2026/05/07 11:12:23,115,0.008621511049568653
2026/05/07 11:12:24,115,0.016183611005544662
2026/05/07 11:12:25,115,0.014616899192333221
2026/05/07 11:12:26,116,0.06446190923452377
2026/05/07 11:12:27,116,0.029508838430047035
2026/05/07 11:12:28,115,0.01994321122765541
2026/05/07 11:12:29,114,0.2794315218925476
2026/05/07 11:12:30,114,0.42387574911117554
2026/05/07 11:12:31,113,0.06862372905015945
2026/05/07 11:12:32,113,0.05829324573278427
2026/05/07 11:12:33,113,0.015135087072849274
2026/05/07 11:12:34,114,0.08702745288610458
2026/05/07 11:12:35,114,0.0732724741101265
2026/05/07 11:12:36,115,0.16894806921482086
2026/05/07 11:12:37,116,0.0756087377667427
2026/05/07 11:12:38,117,0.061508022248744965
2026/05/07 11:12:39,118,0.119069404900074
2026/05/07 11:12:40,119,0.11590557545423508
2026/05/07 11:12:41,120,0.18481872975826263
2026/05/07 11:12:42,122,0.1522161215543747
2026/05/07 11:12:43,123,0.10877714306116104
2026/05/07 11:12:44,124,0.05297438055276871
2026/05/07 11:12:45,125,0.06001986563205719
2026/05/07 11:12:46,125,0.10289579629898071
2026/05/07 11:12:47,125,0.12582631409168243
2026/05/07 11:12:48,125,0.0942860022187233
2026/05/07 11:12:49,125,0.04734727740287781
2026/05/07 11:12:50,124,0.06498043984174728
2026/05/07 11:12:51,124,0.05431735888123512
2026/05/07 11:12:52,124,0.13044236600399017
2026/05/07 11:12:53,123,0.2050102949142456
2026/05/07 11:12:54,123,0.15789949893951416
2026/05/07 11:12:55,123,0.03866584226489067
2026/05/07 11:12:56,123,0.024743035435676575
2026/05/07 11:12:57,123,0.08932467550039291
2026/05/07 11:12:58,124,0.18176713585853577
2026/05/07 11:12:59,125,0.13105468451976776
2026/05/07 11:13:00,126,0.05867050215601921
2026/05/07 11:13:01,127,0.031149575486779213
2026/05/07 11:13:02,126,0.03790956735610962
2026/05/07 11:13:03,126,0.2772772014141083
2026/05/07 11:13:04,125,0.3194744288921356
2026/05/07 11:13:05,124,0.09913504868745804
2026/05/07 11:13:06,123,0.07661519199609756
2026/05/07 11:13:07,122,0.0676698088645935
2026/05/07 11:13:08,121,0.13870270550251007
2026/05/07 11:13:09,121,0.17685186862945557
2026/05/07 11:13:10,120,0.1087835282087326
2026/05/07 11:13:11,120,0.04239179939031601
2026/05/07 11:13:12,119,0.050516050308942795
2026/05/07 11:13:13,118,0.13413487374782562
2026/05/07 11:13:14,118,0.03898873180150986
2026/05/07 11:13:15,119,0.126783549785614
2026/05/07 11:13:16,118,0.09819730371236801
2026/05/07 11:13:17,117,0.04463953152298927
2026/05/07 11:13:18,117,0.15565866231918335
2026/05/07 11:13:19,116,0.30248168110847473
2026/05/07 11:13:20,116,0.16704238951206207
2026/05/07 11:13:21,116,0.04902125149965286
2026/05/07 11:13:22,116,0.06763451546430588
2026/05/07 11:13:23,116,0.22410626709461212
2026/05/07 11:13:24,116,0.32886260747909546
2026/05/07 11:13:25,117,0.08583392947912216
2026/05/07 11:13:26,117,0.034861862659454346
2026/05/07 11:13:27,118,0.05872845649719238
2026/05/07 11:13:28,118,0.1229153499007225
2026/05/07 11:13:29,118,0.0200479868799448
2026/05/07 11:13:30,119,0.26573842763900757
2026/05/07 11:13:31,120,0.19263209402561188
2026/05/07 11:13:32,121,0.06136099994182587
2026/05/07 11:13:33,121,0.13875672221183777
2026/05/07 11:13:34,121,0.02672206424176693
2026/05/07 11:13:35,122,0.03346136212348938
2026/05/07 11:13:36,124,0.015377078205347061
2026/05/07 11:13:37,124,0.009192213416099548
2026/05/07 11:13:38,125,0.010381916537880898
2026/05/07 11:13:39,125,0.00911741517484188
2026/05/07 11:13:40,125,0.011183025315403938
2026/05/07 11:13:41,125,0.008828949183225632
2026/05/07 11:13:42,125,0.01102256029844284
2026/05/07 11:13:43,125,0.009826461784541607
2026/05/07 11:13:44,125,0.010761982761323452
2026/05/07 11:13:45,125,0.010871642269194126
2026/05/07 11:13:46,125,0.013829752802848816
2026/05/07 11:13:47,125,0.013168778270483017
2026/05/07 11:13:48,124,0.011260658502578735
2026/05/07 11:13:49,124,0.025331322103738785
2026/05/07 11:13:50,124,0.055163443088531494
2026/05/07 11:13:51,124,0.10925202071666718
2026/05/07 11:13:52,124,0.15998053550720215
2026/05/07 11:13:53,124,0.13542672991752625
2026/05/07 11:13:54,124,0.14554212987422943
2026/05/07 11:13:55,124,0.12295936048030853
2026/05/07 11:13:56,124,0.04360922425985336
2026/05/07 11:13:57,125,0.052015069872140884
2026/05/07 11:13:58,125,0.11695373803377151
2026/05/07 11:13:59,125,0.0683499276638031
2026/05/07 11:14:00,125,0.15480762720108032
2026/05/07 11:14:01,125,0.0974508672952652
2026/05/07 11:14:02,125,0.04653876647353172
2026/05/07 11:14:03,125,0.16264452040195465
2026/05/07 11:14:04,125,0.0704936757683754
2026/05/07 11:14:05,124,0.05272848904132843
2026/05/07 11:14:06,124,0.03763064742088318
2026/05/07 11:14:07,123,0.04592723771929741
2026/05/07 11:14:08,124,0.0988001897931099
2026/05/07 11:14:09,124,0.05927619710564613
2026/05/07 11:14:10,124,0.08427861332893372
2026/05/07 11:14:11,124,0.08567134290933609
2026/05/07 11:14:12,124,0.06932064145803452
2026/05/07 11:14:13,124,0.056345511227846146
2026/05/07 11:14:14,123,0.03639157488942146
2026/05/07 11:14:15,122,0.04312800616025925
2026/05/07 11:14:16,121,0.08485638350248337
2026/05/07 11:14:17,121,0.13827036321163177
2026/05/07 11:14:18,120,0.10473592579364777
2026/05/07 11:14:19,120,0.07272817939519882
2026/05/07 11:14:20,119,0.11564590781927109
2026/05/07 11:14:21,119,0.07230237871408463
2026/05/07 11:14:22,118,0.09913003444671631
2026/05/07 11:14:23,118,0.06366542726755142
2026/05/07 11:14:24,118,0.21615159511566162
2026/05/07 11:14:25,117,0.1498384177684784
2026/05/07 11:14:26,117,0.09952118992805481
2026/05/07 11:14:27,117,0.04143936187028885
2026/05/07 11:14:28,116,0.036093052476644516
2026/05/07 11:14:29,116,0.10581424832344055
2026/05/07 11:14:30,115,0.2249722182750702
2026/05/07 11:14:31,115,0.11484373360872269
2026/05/07 11:14:32,115,0.043360836803913116
2026/05/07 11:14:33,115,0.029942117631435394
2026/05/07 11:14:34,114,0.04571976140141487
2026/05/07 11:14:35,114,0.09155220538377762
2026/05/07 11:14:36,113,0.1142558604478836
2026/05/07 11:14:37,113,0.020441802218556404
2026/05/07 11:14:38,113,0.06236189603805542
2026/05/07 11:14:39,114,0.22684630751609802
2026/05/07 11:14:40,114,0.1320568472146988
2026/05/07 11:14:41,114,0.034660644829273224
2026/05/07 11:14:42,114,0.05850087106227875
2026/05/07 11:14:43,114,0.09151444584131241
2026/05/07 11:14:44,113,0.12737829983234406
2026/05/07 11:14:45,113,0.09717542678117752
2026/05/07 11:14:46,112,0.03679385408759117
2026/05/07 11:14:47,112,0.035511698573827744
2026/05/07 11:14:48,112,0.01412892248481512
2026/05/07 11:14:49,112,0.054999664425849915
2026/05/07 11:14:50,112,0.13694214820861816
2026/05/07 11:14:51,113,0.1530781090259552
2026/05/07 11:14:52,113,0.0677490383386612
2026/05/07 11:14:53,114,0.044950950890779495
2026/05/07 11:14:54,114,0.042142242193222046
2026/05/07 11:14:55,114,0.015980307012796402
2026/05/07 11:14:56,114,0.028278207406401634
2026/05/07 11:14:57,113,0.1397518515586853
2026/05/07 11:14:58,113,0.15622453391551971
2026/05/07 11:14:59,113,0.11132319271564484
2026/05/07 11:15:00,113,0.03507310897111893
2026/05/07 11:15:01,112,0.028527792543172836
2026/05/07 11:15:02,113,0.03788059577345848
2026/05/07 11:15:03,113,0.12321196496486664
2026/05/07 11:15:04,113,0.10481947660446167
2026/05/07 11:15:05,113,0.07154811173677444
2026/05/07 11:15:06,114,0.04695555567741394
2026/05/07 11:15:07,114,0.02208339236676693
2026/05/07 11:15:08,114,0.08648086339235306
2026/05/07 11:15:09,114,0.2879515290260315
2026/05/07 11:15:10,114,0.2319837063550949
2026/05/07 11:15:11,114,0.04309752583503723
2026/05/07 11:15:12,114,0.022973764687776566
2026/05/07 11:15:13,114,0.05877312272787094
2026/05/07 11:15:14,114,0.16450203955173492
2026/05/07 11:15:15,114,0.17213095724582672
2026/05/07 11:15:16,115,0.05419272556900978
2026/05/07 11:15:17,115,0.030363118276000023
2026/05/07 11:15:18,116,0.032133180648088455
2026/05/07 11:15:19,117,0.042194876819849014
2026/05/07 11:15:20,118,0.12261144071817398
2026/05/07 11:15:21,119,0.17164137959480286
2026/05/07 11:15:22,120,0.10584043711423874
2026/05/07 11:15:23,121,0.06875839084386826
2026/05/07 11:15:24,121,0.18320490419864655
2026/05/07 11:15:25,121,0.11260373890399933
2026/05/07 11:15:26,121,0.05089613050222397
2026/05/07 11:15:27,121,0.09479695558547974
2026/05/07 11:15:28,121,0.13966399431228638
2026/05/07 11:15:29,122,0.23168040812015533
2026/05/07 11:15:30,122,0.09919199347496033
2026/05/07 11:15:31,122,0.17417165637016296
2026/05/07 11:15:32,122,0.0927954912185669
2026/05/07 11:15:33,122,0.14000417292118073
2026/05/07 11:15:34,122,0.5207477807998657
2026/05/07 11:15:35,123,0.5201007723808289
2026/05/07 11:15:36,123,0.23000594973564148
2026/05/07 11:15:37,123,0.07829668372869492
2026/05/07 11:15:38,123,0.2787741720676422
2026/05/07 11:15:39,122,0.8080326318740845
2026/05/07 11:15:40,122,0.29934483766555786
2026/05/07 11:15:41,121,0.06113407015800476
2026/05/07 11:15:42,121,0.25798460841178894
2026/05/07 11:15:43,121,0.4847787022590637
2026/05/07 11:15:44,120,0.12522290647029877
2026/05/07 11:15:45,120,0.23671750724315643
2026/05/07 11:15:46,120,0.25809016823768616
2026/05/07 11:15:47,120,0.10563942044973373
2026/05/07 11:15:48,120,0.1636173576116562
2026/05/07 11:15:49,120,0.4065038859844208
2026/05/07 11:15:50,120,0.20196333527565002
2026/05/07 11:15:51,120,0.1301613599061966
2026/05/07 11:15:52,120,0.3300681412220001
2026/05/07 11:15:53,119,0.2563946545124054
2026/05/07 11:15:54,118,0.2737928628921509
2026/05/07 11:15:55,118,0.2648881673812866
2026/05/07 11:15:56,117,0.07639270275831223
2026/05/07 11:15:57,117,0.051584478467702866
2026/05/07 11:15:58,117,0.02669348567724228
2026/05/07 11:15:59,117,0.0396958664059639
2026/05/07 11:16:00,117,0.2757386565208435
2026/05/07 11:16:01,118,0.11035095900297165
2026/05/07 11:16:02,118,0.06988436728715897
2026/05/07 11:16:03,119,0.08319965749979019
2026/05/07 11:16:04,119,0.050714388489723206
2026/05/07 11:16:05,119,0.1781378835439682
2026/05/07 11:16:06,119,0.08288277685642242
2026/05/07 11:16:07,119,0.17141731083393097
2026/05/07 11:16:08,119,0.15964683890342712
2026/05/07 11:16:09,119,0.12592555582523346
2026/05/07 11:16:10,119,0.12826217710971832
2026/05/07 11:16:11,119,0.22030146420001984
2026/05/07 11:16:12,119,0.15273995697498322
2026/05/07 11:16:13,120,0.1256888210773468
2026/05/07 11:16:14,119,0.065092071890831
2026/05/07 11:16:15,119,0.16192811727523804
2026/05/07 11:16:16,119,0.6038265824317932
2026/05/07 11:16:17,119,0.14721113443374634
2026/05/07 11:16:18,119,0.11691264808177948
2026/05/07 11:16:19,119,0.056219473481178284
2026/05/07 11:16:20,119,0.02396545745432377
2026/05/07 11:16:21,119,0.04572119191288948
2026/05/07 11:16:22,120,0.027078591287136078
2026/05/07 11:16:23,120,0.030495239421725273
2026/05/07 11:16:24,121,0.014668844640254974
2026/05/07 11:16:25,121,0.050634924322366714
2026/05/07 11:16:26,121,0.39753657579421997
2026/05/07 11:16:27,121,0.06574282795190811
2026/05/07 11:16:28,121,0.05334954708814621
2026/05/07 11:16:29,121,0.021143637597560883
2026/05/07 11:16:30,121,0.025027092546224594
2026/05/07 11:16:31,122,0.20128285884857178
2026/05/07 11:16:32,122,0.03146406635642052
2026/05/07 11:16:33,122,0.04165353626012802
2026/05/07 11:16:34,122,0.021935002878308296
2026/05/07 11:16:35,123,0.019206468015909195
2026/05/07 11:16:36,122,0.14489184319972992
2026/05/07 11:16:37,122,0.0486881285905838
2026/05/07 11:16:38,121,0.07556166499853134
2026/05/07 11:16:39,121,0.04004262387752533
2026/05/07 11:16:40,120,0.03425072506070137
2026/05/07 11:16:41,120,0.0649614930152893
2026/05/07 11:16:42,120,0.08365652710199356
2026/05/07 11:16:43,119,0.04118341952562332
2026/05/07 11:16:44,120,0.07519808411598206
2026/05/07 11:16:45,121,0.020959559828042984
2026/05/07 11:16:46,121,0.034319233149290085
2026/05/07 11:16:47,122,0.22268803417682648
2026/05/07 11:16:48,121,0.28039801120758057
2026/05/07 11:16:49,121,0.07738197594881058
2026/05/07 11:16:50,120,0.06924373656511307
2026/05/07 11:16:51,120,0.04797489941120148
2026/05/07 11:16:52,119,0.0700334757566452
2026/05/07 11:16:53,119,0.3380766808986664
2026/05/07 11:16:54,118,0.3283275365829468
2026/05/07 11:16:55,118,0.21421965956687927
2026/05/07 11:16:56,117,0.4736105501651764
2026/05/07 11:16:57,117,0.2178552746772766
2026/05/07 11:16:58,115,0.12378361076116562
2026/05/07 11:16:59,113,0.14731891453266144
2026/05/07 11:17:00,113,0.2517530918121338
2026/05/07 11:17:01,112,0.20450232923030853
2026/05/07 11:17:02,113,0.3251640796661377
2026/05/07 11:17:03,113,0.30230966210365295
2026/05/07 11:17:04,113,0.47404319047927856
2026/05/07 11:17:05,114,0.2063416987657547
2026/05/07 11:17:06,114,0.20168663561344147
2026/05/07 11:17:07,115,0.2586844563484192
2026/05/07 11:17:08,115,0.2108803540468216
2026/05/07 11:17:09,115,0.285072922706604
2026/05/07 11:17:10,115,0.11498210579156876
2026/05/07 11:17:11,116,0.1997734159231186
2026/05/07 11:17:12,116,0.2784336805343628
2026/05/07 11:17:13,116,0.1948058307170868
2026/05/07 11:17:14,117,0.13262516260147095
2026/05/07 11:17:15,117,0.13966698944568634
2026/05/07 11:17:16,119,0.14614145457744598
2026/05/07 11:17:17,120,0.05341922491788864
2026/05/07 11:17:18,122,0.04261823743581772
2026/05/07 11:17:19,123,0.21436375379562378
2026/05/07 11:17:20,126,0.6056095957756042
2026/05/07 11:17:21,128,0.1943158656358719
2026/05/07 11:17:22,130,0.2577124238014221
2026/05/07 11:17:23,130,0.5415710210800171
2026/05/07 11:17:24,131,0.37882766127586365
2026/05/07 11:17:25,132,0.21610446274280548
2026/05/07 11:17:26,132,0.7926641702651978
2026/05/07 11:17:27,133,0.4483167231082916
2026/05/07 11:17:28,133,0.1778361052274704
2026/05/07 11:17:29,133,0.2829984426498413
2026/05/07 11:17:30,134,0.08258689939975739
2026/05/07 11:17:31,134,0.061100900173187256
2026/05/07 11:17:32,134,0.14473611116409302
2026/05/07 11:17:33,134,0.1119718924164772
2026/05/07 11:17:34,134,0.4620763659477234
2026/05/07 11:17:35,134,0.40799272060394287
2026/05/07 11:17:36,134,0.2302808314561844
2026/05/07 11:17:37,134,0.32081109285354614
2026/05/07 11:17:38,134,0.7365073561668396
2026/05/07 11:17:39,134,0.3685227036476135
2026/05/07 11:17:40,134,0.05310353264212608
2026/05/07 11:17:41,133,0.1532498151063919
2026/05/07 11:17:42,133,0.17573992908000946
2026/05/07 11:17:43,133,0.1655334085226059
2026/05/07 11:17:44,132,0.025357164442539215
2026/05/07 11:17:45,132,0.027936309576034546
2026/05/07 11:17:46,132,0.06265981495380402
2026/05/07 11:17:47,132,0.04652576893568039
2026/05/07 11:17:48,131,0.222503200173378
2026/05/07 11:17:49,131,0.22397908568382263
2026/05/07 11:17:50,130,0.06662621349096298
2026/05/07 11:17:51,129,0.1838037073612213
2026/05/07 11:17:52,128,0.10015907883644104
2026/05/07 11:17:53,127,0.05819030851125717
2026/05/07 11:17:54,127,0.028018871322274208
2026/05/07 11:17:55,126,0.044446855783462524
2026/05/07 11:17:56,126,0.03689727187156677
2026/05/07 11:17:57,127,0.06989990919828415
2026/05/07 11:17:58,127,0.06517210602760315
2026/05/07 11:17:59,127,0.057709161192178726
2026/05/07 11:18:00,127,0.06021139770746231
2026/05/07 11:18:01,127,0.039820533245801926
2026/05/07 11:18:02,127,0.03667886182665825
2026/05/07 11:18:03,127,0.05764413997530937
2026/05/07 11:18:04,126,0.02462497167289257
2026/05/07 11:18:05,125,0.00920011568814516
2026/05/07 11:18:06,125,0.009213997982442379
2026/05/07 11:18:07,124,0.008726355619728565
2026/05/07 11:18:08,123,0.0166263859719038
2026/05/07 11:18:09,123,0.011842092499136925
2026/05/07 11:18:10,122,0.009629528969526291
2026/05/07 11:18:11,121,0.012835972011089325
2026/05/07 11:18:12,120,0.012333884835243225
2026/05/07 11:18:13,119,0.01046818122267723
2026/05/07 11:18:14,119,0.012466618791222572
2026/05/07 11:18:15,119,0.010851362720131874
2026/05/07 11:18:16,119,0.014031091704964638
2026/05/07 11:18:17,119,0.01450648158788681
2026/05/07 11:18:18,119,0.012640420347452164
2026/05/07 11:18:19,119,0.011387092992663383
2026/05/07 11:18:20,120,0.010700060985982418
2026/05/07 11:18:21,120,0.01198838371783495
2026/05/07 11:18:22,120,0.014821311458945274
2026/05/07 11:18:23,120,0.023211248219013214
2026/05/07 11:18:24,121,0.016289064660668373
2026/05/07 11:18:25,121,0.04814392700791359
2026/05/07 11:18:26,121,0.11571221053600311
2026/05/07 11:18:27,121,0.08745787292718887
2026/05/07 11:18:28,121,0.043306782841682434
2026/05/07 11:18:29,122,0.056166477501392365
2026/05/07 11:18:30,122,0.1497235745191574
2026/05/07 11:18:31,123,0.14014150202274323
2026/05/07 11:18:32,124,0.09131066501140594
2026/05/07 11:18:33,125,0.11358403414487839
2026/05/07 11:18:34,125,0.014689062722027302
2026/05/07 11:18:35,126,0.08864814788103104
2026/05/07 11:18:36,128,0.1387593001127243
2026/05/07 11:18:37,128,0.021992411464452744
2026/05/07 11:18:38,129,0.1400468945503235
2026/05/07 11:18:39,129,0.11306118965148926
2026/05/07 11:18:40,130,0.12260671705007553
2026/05/07 11:18:41,130,0.06636151671409607
2026/05/07 11:18:42,131,0.3253321647644043
2026/05/07 11:18:43,131,0.1905173659324646
2026/05/07 11:18:44,131,0.11714854091405869
2026/05/07 11:18:45,131,0.07803761959075928
2026/05/07 11:18:46,132,0.17336083948612213
2026/05/07 11:18:47,133,0.11985624581575394
2026/05/07 11:18:48,134,0.22772927582263947
2026/05/07 11:18:49,134,0.1614270955324173
2026/05/07 11:18:50,136,0.17040692269802094
2026/05/07 11:18:51,137,0.08916883170604706
2026/05/07 11:18:52,138,0.07152359187602997
2026/05/07 11:18:53,139,0.3496030271053314
2026/05/07 11:18:54,139,0.1836761236190796
2026/05/07 11:18:55,140,0.08174484968185425
2026/05/07 11:18:56,140,0.06466937065124512
2026/05/07 11:18:57,140,0.16038885712623596
2026/05/07 11:18:58,139,0.37035515904426575
2026/05/07 11:18:59,139,0.12467853724956512
2026/05/07 11:19:00,139,0.12412148714065552
2026/05/07 11:19:01,139,0.05492084100842476
2026/05/07 11:19:02,138,0.025771131739020348
2026/05/07 11:19:03,137,0.0729040578007698
2026/05/07 11:19:04,136,0.08825599402189255
2026/05/07 11:19:05,135,0.12212637066841125
2026/05/07 11:19:06,133,0.11001469939947128
2026/05/07 11:19:07,132,0.11160025000572205
2026/05/07 11:19:08,132,0.06408822536468506
2026/05/07 11:19:09,131,0.03842676430940628
2026/05/07 11:19:10,130,0.13890214264392853
2026/05/07 11:19:11,130,0.07678470760583878
2026/05/07 11:19:12,130,0.14578483998775482
2026/05/07 11:19:13,130,0.13155506551265717
2026/05/07 11:19:14,130,0.1509871929883957
2026/05/07 11:19:15,130,0.15622806549072266
2026/05/07 11:19:16,130,0.18186013400554657
2026/05/07 11:19:17,130,0.22625596821308136
2026/05/07 11:19:18,130,0.23369520902633667
2026/05/07 11:19:19,130,0.21292537450790405
2026/05/07 11:19:20,130,0.1888197958469391
2026/05/07 11:19:21,129,0.2065296769142151
2026/05/07 11:19:22,129,0.1634611040353775
2026/05/07 11:19:23,129,0.1695396602153778
2026/05/07 11:19:24,128,0.2245665192604065
2026/05/07 11:19:25,128,0.22930710017681122
2026/05/07 11:19:26,128,0.19739975035190582
2026/05/07 11:19:27,128,0.2626263499259949
2026/05/07 11:19:28,128,0.19011422991752625
2026/05/07 11:19:29,128,0.17659986019134521
2026/05/07 11:19:30,128,0.2041662335395813
2026/05/07 11:19:31,128,0.15774211287498474
2026/05/07 11:19:32,129,0.1557653844356537
2026/05/07 11:19:33,129,0.1876787543296814
2026/05/07 11:19:34,129,0.14108027517795563
2026/05/07 11:19:35,129,0.18308906257152557
2026/05/07 11:19:36,129,0.2001427561044693
2026/05/07 11:19:37,129,0.12043388187885284
2026/05/07 11:19:38,129,0.04637822508811951
2026/05/07 11:19:39,130,0.055594053119421005
2026/05/07 11:19:40,130,0.0329517126083374
2026/05/07 11:19:41,131,0.03382313624024391
2026/05/07 11:19:42,132,0.021219193935394287
2026/05/07 11:19:43,132,0.012363551184535027
2026/05/07 11:19:44,134,0.011286318302154541
2026/05/07 11:19:45,134,0.010951735079288483
2026/05/07 11:19:46,136,0.010737000964581966
2026/05/07 11:19:47,137,0.013929516077041626
2026/05/07 11:19:48,138,0.030044110491871834
2026/05/07 11:19:49,139,0.03677024692296982
2026/05/07 11:19:50,139,0.07064071297645569
2026/05/07 11:19:51,139,0.05004722997546196
2026/05/07 11:19:52,138,0.050978291779756546
2026/05/07 11:19:53,138,0.0923575609922409
2026/05/07 11:19:54,138,0.06041516363620758
2026/05/07 11:19:55,138,0.08793585002422333
2026/05/07 11:19:56,137,0.05758608505129814
2026/05/07 11:19:57,136,0.051549285650253296
2026/05/07 11:19:58,136,0.08260133117437363
2026/05/07 11:19:59,135,0.06076250597834587
2026/05/07 11:20:00,133,0.04674655571579933
2026/05/07 11:20:01,132,0.06053585186600685
2026/05/07 11:20:02,130,0.055526115000247955
2026/05/07 11:20:03,129,0.04741734638810158
2026/05/07 11:20:04,128,0.05189068615436554
2026/05/07 11:20:05,128,0.062666155397892
2026/05/07 11:20:06,127,0.07015205919742584
2026/05/07 11:20:07,127,0.06491486728191376
2026/05/07 11:20:08,126,0.0732191801071167
2026/05/07 11:20:09,125,0.03407270088791847
2026/05/07 11:20:10,123,0.13754552602767944
2026/05/07 11:20:11,121,0.11126726120710373
2026/05/07 11:20:12,120,0.07519885152578354
2026/05/07 11:20:13,120,0.07520674169063568
2026/05/07 11:20:14,119,0.10863010585308075
2026/05/07 11:20:15,119,0.12212150543928146
2026/05/07 11:20:16,118,0.13045939803123474
2026/05/07 11:20:17,118,0.11616359651088715
2026/05/07 11:20:18,118,0.13176177442073822
2026/05/07 11:20:19,118,0.17519094049930573
2026/05/07 11:20:20,118,0.1733933389186859
2026/05/07 11:20:21,117,0.20763790607452393
2026/05/07 11:20:22,117,0.16761261224746704
2026/05/07 11:20:23,117,0.19017155468463898
2026/05/07 11:20:24,117,0.2107710987329483
2026/05/07 11:20:25,116,0.13743068277835846
2026/05/07 11:20:26,116,0.18204379081726074
2026/05/07 11:20:27,116,0.1823255866765976
2026/05/07 11:20:28,117,0.14507970213890076
2026/05/07 11:20:29,117,0.1422586292028427
2026/05/07 11:20:30,117,0.1391560435295105
2026/05/07 11:20:31,117,0.14193086326122284
2026/05/07 11:20:32,118,0.10219907760620117
2026/05/07 11:20:33,119,0.24179956316947937
2026/05/07 11:20:34,119,0.2561526596546173
2026/05/07 11:20:35,119,0.5220335721969604
2026/05/07 11:20:36,119,0.14417679607868195
2026/05/07 11:20:37,119,0.2135627567768097
2026/05/07 11:20:38,119,0.15468832850456238
2026/05/07 11:20:39,120,0.16870394349098206
2026/05/07 11:20:40,120,0.17861486971378326
2026/05/07 11:20:41,120,0.2681548595428467
2026/05/07 11:20:42,121,0.10454852879047394
2026/05/07 11:20:43,121,0.11449773609638214
2026/05/07 11:20:44,122,0.12389857321977615
2026/05/07 11:20:45,123,0.0835716649889946
2026/05/07 11:20:46,124,0.10669862478971481
2026/05/07 11:20:47,124,0.06490795314311981
2026/05/07 11:20:48,124,0.09914198517799377
2026/05/07 11:20:49,124,0.11021260917186737
2026/05/07 11:20:50,124,0.08956626802682877
2026/05/07 11:20:51,124,0.13206979632377625
2026/05/07 11:20:52,124,0.0744505524635315
2026/05/07 11:20:53,124,0.043487414717674255
2026/05/07 11:20:54,124,0.10451675206422806
2026/05/07 11:20:55,125,0.058230649679899216
2026/05/07 11:20:56,125,0.07198826968669891
2026/05/07 11:20:57,124,0.17394408583641052
2026/05/07 11:20:58,125,0.17733527719974518
2026/05/07 11:20:59,125,0.14999547600746155
2026/05/07 11:21:00,124,0.12494165450334549
2026/05/07 11:21:01,124,0.15509982407093048
2026/05/07 11:21:02,124,0.16022703051567078
2026/05/07 11:21:03,123,0.20098459720611572
2026/05/07 11:21:04,123,0.15783856809139252
2026/05/07 11:21:05,123,0.18784382939338684
2026/05/07 11:21:06,122,0.21790045499801636
2026/05/07 11:21:07,121,0.1695915013551712
2026/05/07 11:21:08,121,0.20095810294151306
2026/05/07 11:21:09,121,0.20070941746234894
2026/05/07 11:21:10,122,0.5637879967689514
2026/05/07 11:21:11,122,0.7681220173835754
2026/05/07 11:21:12,123,0.36549800634384155
2026/05/07 11:21:13,123,0.06765971332788467
2026/05/07 11:21:14,124,0.10383886098861694
2026/05/07 11:21:15,124,0.014181148260831833
2026/05/07 11:21:16,125,0.010603157803416252
2026/05/07 11:21:17,125,0.013190004974603653
2026/05/07 11:21:18,127,0.03565869852900505
2026/05/07 11:21:19,128,0.08742474019527435
2026/05/07 11:21:20,127,0.10053496062755585
2026/05/07 11:21:21,127,0.08477075397968292
2026/05/07 11:21:22,126,0.0837848037481308
2026/05/07 11:21:23,126,0.083716481924057
2026/05/07 11:21:24,125,0.039352238178253174
2026/05/07 11:21:25,125,0.03797325864434242
2026/05/07 11:21:26,125,0.05357693135738373
2026/05/07 11:21:27,125,0.018893007189035416
2026/05/07 11:21:28,125,0.020007595419883728
2026/05/07 11:21:29,126,0.03587513789534569
2026/05/07 11:21:30,125,0.03966929763555527
2026/05/07 11:21:31,125,0.048613764345645905
2026/05/07 11:21:32,124,0.018278155475854874
2026/05/07 11:21:33,123,0.012271520681679249
2026/05/07 11:21:34,123,0.019684715196490288
2026/05/07 11:21:35,122,0.025189248844981194
2026/05/07 11:21:36,122,0.023167923092842102
2026/05/07 11:21:37,122,0.011727162636816502
2026/05/07 11:21:38,122,0.01074286550283432
2026/05/07 11:21:39,122,0.00817928183823824
2026/05/07 11:21:40,122,0.011561493389308453
2026/05/07 11:21:41,121,0.018757082521915436
2026/05/07 11:21:42,120,0.023009691387414932
2026/05/07 11:21:43,120,0.016588717699050903
2026/05/07 11:21:44,120,0.019610323011875153
2026/05/07 11:21:45,119,0.020643191412091255
2026/05/07 11:21:46,120,0.010263844393193722
2026/05/07 11:21:47,120,0.0077137695625424385
2026/05/07 11:21:48,121,0.012957765720784664
2026/05/07 11:21:49,121,0.014689622446894646
2026/05/07 11:21:50,122,0.014684031717479229
2026/05/07 11:21:51,122,0.014138108119368553
2026/05/07 11:21:52,122,0.031741153448820114
2026/05/07 11:21:53,122,0.025204291567206383
2026/05/07 11:21:54,122,0.01052041444927454
2026/05/07 11:21:55,121,0.009374021552503109
2026/05/07 11:21:56,121,0.010525793768465519
2026/05/07 11:21:57,121,0.00893384125083685
2026/05/07 11:21:58,120,0.010599215514957905
2026/05/07 11:21:59,120,0.009954459965229034
2026/05/07 11:22:00,119,0.009846880100667477
2026/05/07 11:22:01,118,0.009934069588780403
2026/05/07 11:22:02,117,0.010569805279374123
2026/05/07 11:22:03,116,0.009800545871257782
2026/05/07 11:22:04,116,0.009604359976947308
2026/05/07 11:22:05,116,0.009891688823699951
2026/05/07 11:22:06,117,0.010383365675807
2026/05/07 11:22:07,117,0.010711279697716236
2026/05/07 11:22:08,118,0.017203640192747116
2026/05/07 11:22:09,119,0.058694638311862946
2026/05/07 11:22:10,119,0.03352656587958336
2026/05/07 11:22:11,119,0.05401548370718956
2026/05/07 11:22:12,120,0.026178117841482162
2026/05/07 11:22:13,120,0.15110772848129272
2026/05/07 11:22:14,119,0.10125865042209625
2026/05/07 11:22:15,119,0.0933348536491394
2026/05/07 11:22:16,119,0.13363438844680786
2026/05/07 11:22:17,118,0.06298384815454483
2026/05/07 11:22:18,117,0.05781426280736923
2026/05/07 11:22:19,117,0.04624120146036148
2026/05/07 11:22:20,118,0.06286969780921936
2026/05/07 11:22:21,118,0.05047253519296646
2026/05/07 11:22:22,118,0.0793798640370369
2026/05/07 11:22:23,119,0.03812367841601372
2026/05/07 11:22:24,119,0.2596464157104492
2026/05/07 11:22:25,119,0.18940846621990204
2026/05/07 11:22:26,119,0.05867486819624901
2026/05/07 11:22:27,118,0.23391766846179962
2026/05/07 11:22:28,118,0.1070510521531105
2026/05/07 11:22:29,118,0.10513922572135925
2026/05/07 11:22:30,117,0.04449327662587166
2026/05/07 11:22:31,117,0.09726927429437637
2026/05/07 11:22:32,117,0.06666053086519241
2026/05/07 11:22:33,117,0.11746130138635635
2026/05/07 11:22:34,117,0.13807518780231476
2026/05/07 11:22:35,118,0.1226157695055008
2026/05/07 11:22:36,119,0.26220184564590454
2026/05/07 11:22:37,119,0.2656344175338745
2026/05/07 11:22:38,120,0.07881241291761398
2026/05/07 11:22:39,120,0.46455079317092896
2026/05/07 11:22:40,120,0.30156752467155457
2026/05/07 11:22:41,120,0.07710248976945877
2026/05/07 11:22:42,120,0.10301275551319122
2026/05/07 11:22:43,120,0.05741210654377937
2026/05/07 11:22:44,120,0.06779874861240387
2026/05/07 11:22:45,120,0.0627526342868805
2026/05/07 11:22:46,120,0.07178904861211777
2026/05/07 11:22:47,120,0.040498532354831696
2026/05/07 11:22:48,121,0.02845451608300209
2026/05/07 11:22:49,121,0.18129882216453552
2026/05/07 11:22:50,120,0.5259153246879578
2026/05/07 11:22:51,120,0.34632959961891174
2026/05/07 11:22:52,120,0.15103276073932648
2026/05/07 11:22:53,121,0.12098570913076401
2026/05/07 11:22:54,120,0.14367975294589996
2026/05/07 11:22:55,120,0.08099907636642456
2026/05/07 11:22:56,120,0.31491819024086
2026/05/07 11:22:57,120,0.23151078820228577
2026/05/07 11:22:58,121,0.1334248036146164
2026/05/07 11:22:59,121,0.062436383217573166
2026/05/07 11:23:00,122,0.18975646793842316
2026/05/07 11:23:01,122,0.1002202108502388
2026/05/07 11:23:02,123,0.10762320458889008
2026/05/07 11:23:03,123,0.4339538812637329
2026/05/07 11:23:04,124,0.6269510388374329
2026/05/07 11:23:05,124,0.5716330409049988
2026/05/07 11:23:06,125,0.1848144233226776
2026/05/07 11:23:07,125,0.22055651247501373
2026/05/07 11:23:08,126,0.16721105575561523
2026/05/07 11:23:09,126,0.20140504837036133
2026/05/07 11:23:10,126,0.10225134342908859
2026/05/07 11:23:11,127,0.15275821089744568
2026/05/07 11:23:12,127,0.10380413383245468
2026/05/07 11:23:13,127,0.03190920874476433
2026/05/07 11:23:14,127,0.035688236355781555
2026/05/07 11:23:15,127,0.09084434062242508
2026/05/07 11:23:16,126,0.4177274703979492
2026/05/07 11:23:17,125,0.22212794423103333
2026/05/07 11:23:18,126,0.14518779516220093
2026/05/07 11:23:19,126,0.11126253008842468
2026/05/07 11:23:20,126,0.18605321645736694
2026/05/07 11:23:21,127,0.24778838455677032
2026/05/07 11:23:22,127,0.13688869774341583
2026/05/07 11:23:23,127,0.3569232225418091
2026/05/07 11:23:24,128,0.7192970514297485
2026/05/07 11:23:25,128,1.0523788928985596
2026/05/07 11:23:26,128,0.6074032187461853
2026/05/07 11:23:27,128,0.36042243242263794
2026/05/07 11:23:28,128,0.21906068921089172
2026/05/07 11:23:29,128,0.344939261674881
2026/05/07 11:23:30,128,0.4104149341583252
2026/05/07 11:23:31,128,0.27964141964912415
2026/05/07 11:23:32,128,0.22122907638549805
2026/05/07 11:23:33,128,0.32869094610214233
2026/05/07 11:23:34,129,0.19409891963005066
2026/05/07 11:23:35,129,0.27478495240211487
2026/05/07 11:23:36,130,0.079439677298069
2026/05/07 11:23:37,130,0.142738938331604
2026/05/07 11:23:38,131,0.23900562524795532
2026/05/07 11:23:39,131,0.06198734790086746
2026/05/07 11:23:40,131,0.054213251918554306
2026/05/07 11:23:41,130,0.09499252587556839
2026/05/07 11:23:42,131,0.24784576892852783
2026/05/07 11:23:43,131,0.10072813183069229
2026/05/07 11:23:44,131,0.0589619018137455
2026/05/07 11:23:45,132,0.1619548499584198
2026/05/07 11:23:46,132,0.06369874626398087
2026/05/07 11:23:47,133,0.03132777661085129
2026/05/07 11:23:48,133,0.06110749766230583
2026/05/07 11:23:49,134,0.23721855878829956
2026/05/07 11:23:50,134,0.26247647404670715
2026/05/07 11:23:51,134,0.13981638848781586
2026/05/07 11:23:52,135,0.041546303778886795
2026/05/07 11:23:53,135,0.0977465882897377
2026/05/07 11:23:54,135,0.042603764683008194
2026/05/07 11:23:55,135,0.055018629878759384
2026/05/07 11:23:56,135,0.0674426406621933
2026/05/07 11:23:57,136,0.0699150413274765
2026/05/07 11:23:58,136,0.15398424863815308
2026/05/07 11:23:59,136,0.30022722482681274
2026/05/07 11:24:00,136,0.3492565155029297
2026/05/07 11:24:01,136,0.27973517775535583
2026/05/07 11:24:02,136,0.24276715517044067
2026/05/07 11:24:03,137,0.06452149152755737
2026/05/07 11:24:04,136,0.04274619743227959
2026/05/07 11:24:05,136,0.09979595243930817
2026/05/07 11:24:06,136,0.056529536843299866
2026/05/07 11:24:07,136,0.32796281576156616
2026/05/07 11:24:08,135,0.478766530752182
2026/05/07 11:24:09,135,0.37466469407081604
2026/05/07 11:24:10,135,0.28828078508377075
2026/05/07 11:24:11,135,0.11789951473474503
2026/05/07 11:24:12,135,0.15353500843048096
2026/05/07 11:24:13,135,0.093131884932518
2026/05/07 11:24:14,134,0.15384384989738464
2026/05/07 11:24:15,134,0.1458522081375122
2026/05/07 11:24:16,134,0.0914534255862236
2026/05/07 11:24:17,134,0.24405576288700104
2026/05/07 11:24:18,133,0.1921423077583313
2026/05/07 11:24:19,132,0.14099495112895966
2026/05/07 11:24:20,131,0.11597467958927155
2026/05/07 11:24:21,131,0.13441665470600128
2026/05/07 11:24:22,130,0.2880440950393677
2026/05/07 11:24:23,130,0.29910969734191895
2026/05/07 11:24:24,129,0.16909430921077728
2026/05/07 11:24:25,129,0.21051053702831268
2026/05/07 11:24:26,129,0.13286243379116058
2026/05/07 11:24:27,129,0.18133321404457092
2026/05/07 11:24:28,130,0.18552705645561218
2026/05/07 11:24:29,130,0.1051897257566452
2026/05/07 11:24:30,131,0.13208535313606262
2026/05/07 11:24:31,131,0.3738851547241211
2026/05/07 11:24:32,132,0.16519929468631744
2026/05/07 11:24:33,132,0.07475312799215317
2026/05/07 11:24:34,133,0.20999597012996674
2026/05/07 11:24:35,133,0.21080701053142548
2026/05/07 11:24:36,134,0.061289265751838684
2026/05/07 11:24:37,135,0.44378790259361267
2026/05/07 11:24:38,136,0.5020990967750549
2026/05/07 11:24:39,137,0.3216143846511841
2026/05/07 11:24:40,138,0.22317858040332794
2026/05/07 11:24:41,139,0.2358202487230301
2026/05/07 11:24:42,139,0.11196337640285492
2026/05/07 11:24:43,140,0.27544376254081726
2026/05/07 11:24:44,140,0.517214298248291
2026/05/07 11:24:45,140,0.3998093008995056
2026/05/07 11:24:46,140,0.19922100007534027
2026/05/07 11:24:47,140,0.34720155596733093
2026/05/07 11:24:48,140,0.3132224977016449
2026/05/07 11:24:49,141,0.1849079728126526
2026/05/07 11:24:50,141,0.358150452375412
2026/05/07 11:24:51,142,0.1584262251853943
2026/05/07 11:24:52,142,0.09990189224481583
2026/05/07 11:24:53,142,0.14931994676589966
2026/05/07 11:24:54,142,0.07385573536157608
2026/05/07 11:24:55,141,0.15640516579151154
2026/05/07 11:24:56,140,0.15100060403347015
2026/05/07 11:24:57,139,0.09881521761417389
2026/05/07 11:24:58,139,0.19864962995052338
2026/05/07 11:24:59,138,0.10592453181743622
2026/05/07 11:25:00,135,0.09367635101079941
2026/05/07 11:25:01,133,0.059077631682157516
2026/05/07 11:25:02,132,0.10637051612138748
2026/05/07 11:25:03,131,0.07290320843458176
2026/05/07 11:25:04,130,0.08700434863567352
2026/05/07 11:25:05,130,0.24894247949123383
2026/05/07 11:25:06,130,0.3864692449569702
2026/05/07 11:25:07,130,0.21566241979599
2026/05/07 11:25:08,129,0.12560926377773285
2026/05/07 11:25:09,128,0.25362756848335266
2026/05/07 11:25:10,128,0.06955687701702118
2026/05/07 11:25:11,128,0.07306092232465744
2026/05/07 11:25:12,128,0.12693290412425995
2026/05/07 11:25:13,128,0.31498339772224426
2026/05/07 11:25:14,128,0.6077044010162354
2026/05/07 11:25:15,128,0.35827407240867615
2026/05/07 11:25:16,128,0.2333320528268814
2026/05/07 11:25:17,128,0.20313891768455505
2026/05/07 11:25:18,128,0.1162482276558876
2026/05/07 11:25:19,128,0.11417613178491592
2026/05/07 11:25:20,129,0.08333834260702133
2026/05/07 11:25:21,130,0.08247583359479904
2026/05/07 11:25:22,131,0.0681915283203125
2026/05/07 11:25:23,131,0.05751490592956543
2026/05/07 11:25:24,132,0.15473294258117676
2026/05/07 11:25:25,132,0.12180615216493607
2026/05/07 11:25:26,133,0.23251064121723175
2026/05/07 11:25:27,133,0.5438864827156067
2026/05/07 11:25:28,133,0.2799067795276642
2026/05/07 11:25:29,134,0.10502453148365021
2026/05/07 11:25:30,134,0.68430095911026
2026/05/07 11:25:31,135,0.3443867564201355
2026/05/07 11:25:32,135,0.654969334602356
2026/05/07 11:25:33,136,0.9512274265289307
2026/05/07 11:25:34,137,0.5875193476676941
2026/05/07 11:25:35,137,0.42785191535949707
2026/05/07 11:25:36,138,0.31434011459350586
2026/05/07 11:25:37,139,0.18997891247272491
2026/05/07 11:25:38,139,0.44939130544662476
2026/05/07 11:25:39,140,0.7061136364936829
2026/05/07 11:25:40,140,1.0444644689559937
2026/05/07 11:25:41,141,0.9551769495010376
2026/05/07 11:25:42,140,0.8421663641929626
2026/05/07 11:25:43,140,1.0718295574188232
2026/05/07 11:25:44,140,0.5094438195228577
2026/05/07 11:25:45,141,0.1392434537410736
2026/05/07 11:25:46,141,0.26726874709129333
2026/05/07 11:25:47,141,0.1729288250207901
2026/05/07 11:25:48,142,0.1313667595386505
2026/05/07 11:25:49,142,0.496268093585968
2026/05/07 11:25:50,143,0.904365062713623
2026/05/07 11:25:51,144,0.8024542331695557
2026/05/07 11:25:52,145,0.8718158602714539
2026/05/07 11:25:53,146,0.9713414311408997
2026/05/07 11:25:54,146,0.7626853585243225
2026/05/07 11:25:55,147,0.9016388654708862
2026/05/07 11:25:56,146,0.959125816822052
2026/05/07 11:25:57,146,0.8123437166213989
2026/05/07 11:25:58,145,0.9517388343811035
2026/05/07 11:25:59,145,0.9383538961410522
2026/05/07 11:26:00,146,0.8344534039497375
2026/05/07 11:26:01,146,0.8563794493675232
2026/05/07 11:26:02,146,0.2968495190143585
2026/05/07 11:26:03,147,0.07508574426174164
2026/05/07 11:26:04,148,0.13472183048725128
2026/05/07 11:26:05,149,0.3370378911495209
2026/05/07 11:26:06,150,0.13370415568351746
2026/05/07 11:26:07,151,0.36352765560150146
2026/05/07 11:26:08,152,0.35812607407569885
2026/05/07 11:26:09,153,0.1970498412847519
2026/05/07 11:26:10,154,0.07871320843696594
2026/05/07 11:26:11,155,0.27117156982421875
2026/05/07 11:26:12,155,0.10150699317455292
2026/05/07 11:26:13,156,0.06349096447229385
2026/05/07 11:26:14,156,0.07312195003032684
2026/05/07 11:26:15,155,0.06891240924596786
2026/05/07 11:26:16,155,0.29043740034103394
2026/05/07 11:26:17,155,0.2010968029499054
2026/05/07 11:26:18,155,0.1918085217475891
2026/05/07 11:26:19,155,0.09608136117458344
2026/05/07 11:26:20,156,0.23539018630981445
2026/05/07 11:26:21,156,0.20553581416606903
2026/05/07 11:26:22,156,0.0970066636800766
2026/05/07 11:26:23,156,0.40462028980255127
2026/05/07 11:26:24,156,0.20561440289020538
2026/05/07 11:26:25,157,0.06544926017522812
2026/05/07 11:26:26,157,0.27650028467178345
2026/05/07 11:26:27,157,0.34529992938041687
2026/05/07 11:26:28,157,0.13693802058696747
2026/05/07 11:26:29,157,0.11790258437395096
2026/05/07 11:26:30,156,0.08252939581871033
2026/05/07 11:26:31,156,0.14730048179626465
2026/05/07 11:26:32,156,0.12831036746501923
2026/05/07 11:26:33,156,0.3561267554759979
2026/05/07 11:26:34,155,0.354125440120697
2026/05/07 11:26:35,155,0.2723468840122223
2026/05/07 11:26:36,154,0.2396397441625595
2026/05/07 11:26:37,154,0.29982781410217285
2026/05/07 11:26:38,154,0.09681455045938492
2026/05/07 11:26:39,153,0.08762722462415695
2026/05/07 11:26:40,153,0.28172817826271057
2026/05/07 11:26:41,153,0.5705453753471375
2026/05/07 11:26:42,153,0.2553877830505371
2026/05/07 11:26:43,152,0.528510570526123
2026/05/07 11:26:44,152,0.1651569902896881
2026/05/07 11:26:45,152,0.09276235103607178
2026/05/07 11:26:46,151,0.0700942650437355
2026/05/07 11:26:47,151,0.40947702527046204
2026/05/07 11:26:48,151,0.366515576839447
2026/05/07 11:26:49,150,0.1026218980550766
2026/05/07 11:26:50,150,0.19007401168346405
2026/05/07 11:26:51,150,0.03791630640625954
2026/05/07 11:26:52,149,0.12455926090478897
2026/05/07 11:26:53,149,0.5318123698234558
2026/05/07 11:26:54,148,0.4356471002101898
2026/05/07 11:26:55,148,0.5153406858444214
2026/05/07 11:26:56,148,0.42494237422943115
2026/05/07 11:26:57,148,0.11305724084377289
2026/05/07 11:26:58,148,0.18951357901096344
2026/05/07 11:26:59,148,0.09027522802352905
2026/05/07 11:27:00,149,0.07135708630084991
2026/05/07 11:27:01,149,0.295563280582428
2026/05/07 11:27:02,150,0.14135350286960602
2026/05/07 11:27:03,150,0.3747536540031433
2026/05/07 11:27:04,150,0.2563073933124542
2026/05/07 11:27:05,150,0.15759851038455963
2026/05/07 11:27:06,151,0.07002116739749908
2026/05/07 11:27:07,151,0.3367982804775238
2026/05/07 11:27:08,151,0.6647418737411499
2026/05/07 11:27:09,151,0.3073378801345825
2026/05/07 11:27:10,151,0.18044479191303253
2026/05/07 11:27:11,151,0.12630099058151245
2026/05/07 11:27:12,151,0.25573840737342834
2026/05/07 11:27:13,151,0.14012408256530762
2026/05/07 11:27:14,151,0.19271010160446167
2026/05/07 11:27:15,151,0.1747523695230484
2026/05/07 11:27:16,151,0.052325859665870667
2026/05/07 11:27:17,151,0.3121418356895447
2026/05/07 11:27:18,151,0.31679415702819824
2026/05/07 11:27:19,151,0.2285662591457367
2026/05/07 11:27:20,151,0.30244240164756775
2026/05/07 11:27:21,151,0.40409085154533386
2026/05/07 11:27:22,151,0.21583783626556396
2026/05/07 11:27:23,151,0.10332631319761276
2026/05/07 11:27:24,151,0.4086431860923767
2026/05/07 11:27:25,151,0.06499230116605759
2026/05/07 11:27:26,150,0.08373551070690155
2026/05/07 11:27:27,150,0.31301331520080566
2026/05/07 11:27:28,150,0.3105386793613434
2026/05/07 11:27:29,149,0.23212406039237976
2026/05/07 11:27:30,149,0.16594280302524567
2026/05/07 11:27:31,148,0.03706945851445198
2026/05/07 11:27:32,148,0.045930441468954086
2026/05/07 11:27:33,147,0.08757277578115463
2026/05/07 11:27:34,147,0.12488959729671478
2026/05/07 11:27:35,147,0.2670692801475525
2026/05/07 11:27:36,146,0.2845577001571655
2026/05/07 11:27:37,146,0.07350262254476547
2026/05/07 11:27:38,145,0.23561768233776093
2026/05/07 11:27:39,145,0.06629622727632523
2026/05/07 11:27:40,145,0.24508075416088104
2026/05/07 11:27:41,146,0.3623315691947937
2026/05/07 11:27:42,145,0.37215712666511536
2026/05/07 11:27:43,145,0.2227381318807602
2026/05/07 11:27:44,145,0.17508089542388916
2026/05/07 11:27:45,145,0.29045891761779785
2026/05/07 11:27:46,144,0.42904630303382874
2026/05/07 11:27:47,144,0.13515566289424896
2026/05/07 11:27:48,143,0.20818060636520386
2026/05/07 11:27:49,142,0.16583864390850067
2026/05/07 11:27:50,142,0.13012278079986572
2026/05/07 11:27:51,142,0.0860917940735817
2026/05/07 11:27:52,143,0.09337389469146729
2026/05/07 11:27:53,143,0.2245069146156311
2026/05/07 11:27:54,143,0.06968372315168381
2026/05/07 11:27:55,143,0.13942240178585052
2026/05/07 11:27:56,143,0.2824002802371979
2026/05/07 11:27:57,143,0.19565239548683167
2026/05/07 11:27:58,143,0.05913536995649338
2026/05/07 11:27:59,143,0.07461854815483093
2026/05/07 11:28:00,143,0.561653733253479
2026/05/07 11:28:01,143,0.4073711037635803
2026/05/07 11:28:02,143,0.09363730251789093
2026/05/07 11:28:03,143,0.22773441672325134
2026/05/07 11:28:04,144,0.05471542850136757
2026/05/07 11:28:05,144,0.06937000155448914
2026/05/07 11:28:06,144,0.15178191661834717
2026/05/07 11:28:07,144,0.06135761737823486
2026/05/07 11:28:08,144,0.04056563973426819
2026/05/07 11:28:09,144,0.4590209424495697
2026/05/07 11:28:10,143,0.4066873788833618
2026/05/07 11:28:11,143,0.06966330111026764
2026/05/07 11:28:12,143,0.4031496047973633
2026/05/07 11:28:13,143,0.3869558274745941
2026/05/07 11:28:14,143,0.10683835297822952
2026/05/07 11:28:15,143,0.05083103105425835
2026/05/07 11:28:16,143,0.09901370853185654
2026/05/07 11:28:17,143,0.31462281942367554
2026/05/07 11:28:18,143,0.25969815254211426
2026/05/07 11:28:19,143,0.3560786545276642
2026/05/07 11:28:20,142,0.1020670235157013
2026/05/07 11:28:21,141,0.10770062357187271
2026/05/07 11:28:22,141,0.2804512083530426
2026/05/07 11:28:23,140,0.2841416001319885
2026/05/07 11:28:24,140,0.22691214084625244
2026/05/07 11:28:25,140,0.1627989113330841
2026/05/07 11:28:26,140,0.09953586757183075
2026/05/07 11:28:27,140,0.06966099888086319
2026/05/07 11:28:28,139,0.08649016171693802
2026/05/07 11:28:29,138,0.03327254205942154
2026/05/07 11:28:30,139,0.15459179878234863
2026/05/07 11:28:31,139,0.12302470952272415
2026/05/07 11:28:32,139,0.08955876529216766
2026/05/07 11:28:33,140,0.07494547218084335
2026/05/07 11:28:34,140,0.12938335537910461
2026/05/07 11:28:35,140,0.1659010797739029
2026/05/07 11:28:36,140,0.1246122419834137
2026/05/07 11:28:37,140,0.09086810797452927
2026/05/07 11:28:38,141,0.28880971670150757
2026/05/07 11:28:39,141,0.12341177463531494
2026/05/07 11:28:40,142,0.170414000749588
2026/05/07 11:28:41,142,0.13368645310401917
2026/05/07 11:28:42,143,0.0695858970284462
2026/05/07 11:28:43,143,0.09819852560758591
2026/05/07 11:28:44,143,0.03128574416041374
2026/05/07 11:28:45,144,0.12315943092107773
2026/05/07 11:28:46,144,0.05024592578411102
2026/05/07 11:28:47,144,0.07373576611280441
2026/05/07 11:28:48,143,0.05882067605853081
2026/05/07 11:28:49,143,0.03401351347565651
2026/05/07 11:28:50,142,0.019776273518800735
2026/05/07 11:28:51,142,0.009171448647975922
2026/05/07 11:28:52,142,0.010133790783584118
2026/05/07 11:28:53,141,0.010203040204942226
2026/05/07 11:28:54,138,0.010947950184345245
2026/05/07 11:28:55,137,0.010884027928113937
2026/05/07 11:28:56,136,0.011648028157651424
2026/05/07 11:28:57,135,0.03114984557032585
2026/05/07 11:28:58,135,0.04704216867685318
2026/05/07 11:28:59,135,0.0938534066081047
2026/05/07 11:29:00,134,0.02071155048906803
2026/05/07 11:29:01,134,0.014944520778954029
2026/05/07 11:29:02,133,0.01121821254491806
2026/05/07 11:29:03,132,0.011118363589048386
2026/05/07 11:29:04,131,0.00814059842377901
2026/05/07 11:29:05,129,0.011864842846989632
2026/05/07 11:29:06,128,0.008694021962583065
2026/05/07 11:29:07,127,0.010255251079797745
2026/05/07 11:29:08,127,0.009695405140519142
2026/05/07 11:29:09,126,0.010707199573516846
2026/05/07 11:29:10,126,0.00839298591017723
2026/05/07 11:29:11,127,0.009649618528783321
2026/05/07 11:29:12,127,0.010401315987110138
2026/05/07 11:29:13,128,0.009201395325362682
2026/05/07 11:29:14,129,0.010697443038225174
2026/05/07 11:29:15,129,0.008945142850279808
2026/05/07 11:29:16,130,0.01001911424100399
2026/05/07 11:29:17,130,0.010090249590575695
2026/05/07 11:29:18,130,0.012301956303417683
2026/05/07 11:29:19,129,0.010925299488008022
2026/05/07 11:29:20,129,0.012446158565580845
2026/05/07 11:29:21,129,0.009896686300635338
2026/05/07 11:29:22,128,0.010449637658894062
2026/05/07 11:29:23,128,0.011091368272900581
2026/05/07 11:29:24,127,0.008351058699190617
2026/05/07 11:29:25,127,0.010528020560741425
2026/05/07 11:29:26,126,0.010410293005406857
2026/05/07 11:29:27,126,0.009601776488125324
2026/05/07 11:29:28,125,0.007678653113543987
2026/05/07 11:29:29,124,0.011845206841826439
2026/05/07 11:29:30,124,0.009579724632203579
2026/05/07 11:29:31,123,0.009838372468948364
2026/05/07 11:29:32,123,0.008942578919231892
2026/05/07 11:29:33,122,0.010866484604775906
2026/05/07 11:29:34,122,0.010342143476009369
2026/05/07 11:29:35,122,0.010431746020913124
2026/05/07 11:29:36,122,0.009380963630974293
2026/05/07 11:29:37,122,0.012506315484642982
2026/05/07 11:29:38,122,0.022098317742347717
2026/05/07 11:29:39,123,0.0650738850235939
2026/05/07 11:29:40,123,0.2276323288679123
2026/05/07 11:29:41,124,0.4520721733570099
2026/05/07 11:29:42,125,0.22286471724510193
2026/05/07 11:29:43,126,0.11276158690452576
2026/05/07 11:29:44,127,0.188755065202713
2026/05/07 11:29:45,128,0.3548392951488495
2026/05/07 11:29:46,129,0.16016873717308044
2026/05/07 11:29:47,130,0.4075743854045868
2026/05/07 11:29:48,131,0.45286521315574646
2026/05/07 11:29:49,132,0.17727181315422058
2026/05/07 11:29:50,133,0.27111542224884033
2026/05/07 11:29:51,135,0.26108065247535706
2026/05/07 11:29:52,134,0.09425332397222519
2026/05/07 11:29:53,134,0.10451072454452515
2026/05/07 11:29:54,134,0.14400583505630493
2026/05/07 11:29:55,134,0.19033972918987274
2026/05/07 11:29:56,134,0.30872079730033875
2026/05/07 11:29:57,135,0.21761368215084076
2026/05/07 11:29:58,135,0.19403694570064545
2026/05/07 11:29:59,136,0.4173400104045868
2026/05/07 11:30:00,137,0.252790242433548
2026/05/07 11:30:01,137,0.14205260574817657
2026/05/07 11:30:02,138,0.17152035236358643
2026/05/07 11:30:03,140,0.3019981384277344
2026/05/07 11:30:04,141,0.45145902037620544
2026/05/07 11:30:05,143,0.1033521443605423
2026/05/07 11:30:06,142,0.49191728234291077
2026/05/07 11:30:07,141,0.5055070519447327
2026/05/07 11:30:08,142,0.15319451689720154
2026/05/07 11:30:09,144,0.4347858726978302
2026/05/07 11:30:10,145,0.4146154224872589
2026/05/07 11:30:11,146,0.19539408385753632
2026/05/07 11:30:12,147,0.703203558921814
2026/05/07 11:30:13,148,0.6046689748764038
2026/05/07 11:30:14,149,0.7142547369003296
2026/05/07 11:30:15,149,0.38056570291519165
2026/05/07 11:30:16,149,0.4119262993335724
2026/05/07 11:30:17,150,0.16938777267932892
2026/05/07 11:30:18,152,0.10572981089353561
2026/05/07 11:30:19,152,0.07655785977840424
2026/05/07 11:30:20,152,0.30691787600517273
2026/05/07 11:30:21,153,0.16025719046592712
2026/05/07 11:30:22,152,0.1561504751443863
2026/05/07 11:30:23,152,0.07630056142807007
2026/05/07 11:30:24,152,0.2939375340938568
2026/05/07 11:30:25,151,0.6300190687179565
2026/05/07 11:30:26,151,0.4302770495414734
2026/05/07 11:30:27,151,0.3088703453540802
2026/05/07 11:30:28,151,0.12859120965003967
2026/05/07 11:30:29,151,0.1078350767493248
2026/05/07 11:30:30,151,0.33143481612205505
2026/05/07 11:30:31,152,0.18441300094127655
2026/05/07 11:30:32,152,0.41855889558792114
2026/05/07 11:30:33,152,0.5571455955505371
2026/05/07 11:30:34,152,0.5294103622436523
2026/05/07 11:30:35,152,0.20447225868701935
2026/05/07 11:30:36,152,0.2173379808664322
2026/05/07 11:30:37,153,0.16883604228496552
2026/05/07 11:30:38,153,0.12612111866474152
2026/05/07 11:30:39,153,0.06616576015949249
2026/05/07 11:30:40,154,0.07947812229394913
2026/05/07 11:30:41,155,0.13194356858730316
2026/05/07 11:30:42,155,0.06404557079076767
2026/05/07 11:30:43,155,0.13365547358989716
2026/05/07 11:30:44,155,0.15390630066394806
2026/05/07 11:30:45,156,0.12504816055297852
2026/05/07 11:30:46,156,0.12477120757102966
2026/05/07 11:30:47,156,0.1229109838604927
2026/05/07 11:30:48,156,0.10969255864620209
2026/05/07 11:30:49,157,0.11640308052301407
2026/05/07 11:30:50,157,0.10412026196718216
2026/05/07 11:30:51,157,0.12042664736509323
2026/05/07 11:30:52,156,0.11139693856239319
2026/05/07 11:30:53,156,0.14996890723705292
2026/05/07 11:30:54,155,0.09242406487464905
2026/05/07 11:30:55,154,0.04491705447435379
2026/05/07 11:30:56,153,0.09644725173711777
2026/05/07 11:30:57,153,0.12852123379707336
2026/05/07 11:30:58,153,0.10347369313240051
2026/05/07 11:30:59,152,0.045673955231904984
2026/05/07 11:31:00,152,0.03667808696627617
2026/05/07 11:31:01,151,0.025749245658516884
2026/05/07 11:31:02,150,0.030713940039277077
2026/05/07 11:31:03,150,0.011026161722838879
2026/05/07 11:31:04,149,0.009413070976734161
2026/05/07 11:31:05,149,0.00652646878734231
2026/05/07 11:31:06,149,0.024252863600850105
2026/05/07 11:31:07,148,0.03140664100646973
2026/05/07 11:31:08,149,0.029627971351146698
2026/05/07 11:31:09,149,0.04747511073946953
2026/05/07 11:31:10,149,0.0727662593126297
2026/05/07 11:31:11,150,0.07259862124919891
2026/05/07 11:31:12,150,0.03943667933344841
2026/05/07 11:31:13,151,0.10028500109910965
2026/05/07 11:31:14,150,0.07475107163190842
2026/05/07 11:31:15,149,0.043364062905311584
2026/05/07 11:31:16,148,0.10115815699100494
2026/05/07 11:31:17,147,0.11347883194684982
2026/05/07 11:31:18,145,0.051506612449884415
2026/05/07 11:31:19,144,0.06160447373986244
2026/05/07 11:31:20,143,0.06573338806629181
2026/05/07 11:31:21,142,0.06607722491025925
2026/05/07 11:31:22,141,0.06068921834230423
2026/05/07 11:31:23,140,0.04143728315830231
2026/05/07 11:31:24,141,0.053106535226106644
2026/05/07 11:31:25,141,0.06419306248426437
2026/05/07 11:31:26,141,0.06223156303167343
2026/05/07 11:31:27,141,0.04420013725757599
2026/05/07 11:31:28,141,0.07811763137578964
2026/05/07 11:31:29,141,0.07816997915506363
2026/05/07 11:31:30,141,0.0422670878469944
2026/05/07 11:31:31,141,0.03673768788576126
2026/05/07 11:31:32,140,0.0560898594558239
2026/05/07 11:31:33,139,0.045233920216560364
2026/05/07 11:31:34,139,0.03768565505743027
2026/05/07 11:31:35,138,0.05352679267525673
2026/05/07 11:31:36,137,0.04538331180810928
2026/05/07 11:31:37,135,0.03615769371390343
2026/05/07 11:31:38,134,0.03686392679810524
2026/05/07 11:31:39,133,0.05431579053401947
2026/05/07 11:31:40,131,0.04533109441399574
2026/05/07 11:31:41,131,0.06462009251117706
2026/05/07 11:31:42,130,0.10723303258419037
2026/05/07 11:31:43,130,0.1211261972784996
2026/05/07 11:31:44,130,0.15684646368026733
2026/05/07 11:31:45,130,0.05130290612578392
2026/05/07 11:31:46,130,0.0982321947813034
2026/05/07 11:31:47,130,0.09272313863039017
2026/05/07 11:31:48,130,0.06850498914718628
2026/05/07 11:31:49,130,0.10633213073015213
2026/05/07 11:31:50,131,0.08503799885511398
2026/05/07 11:31:51,131,0.040120042860507965
2026/05/07 11:31:52,132,0.19320452213287354
2026/05/07 11:31:53,132,0.19457784295082092
2026/05/07 11:31:54,132,0.07717582583427429
2026/05/07 11:31:55,131,0.05699682980775833
2026/05/07 11:31:56,131,0.11122607439756393
2026/05/07 11:31:57,130,0.1368594616651535
2026/05/07 11:31:58,129,0.11743692308664322
2026/05/07 11:31:59,129,0.11753431707620621
2026/05/07 11:32:00,128,0.1368689388036728
2026/05/07 11:32:01,128,0.14402882754802704
2026/05/07 11:32:02,127,0.1394909769296646
2026/05/07 11:32:03,126,0.14061465859413147
2026/05/07 11:32:04,126,0.07942597568035126
2026/05/07 11:32:05,126,0.17799340188503265
2026/05/07 11:32:06,126,0.09931305795907974
2026/05/07 11:32:07,127,0.2442570924758911
2026/05/07 11:32:08,126,0.17634643614292145
2026/05/07 11:32:09,126,0.08942537754774094
2026/05/07 11:32:10,126,0.08672896027565002
2026/05/07 11:32:11,126,0.09924110770225525
2026/05/07 11:32:12,126,0.103583425283432
2026/05/07 11:32:13,126,0.13268554210662842
2026/05/07 11:32:14,126,0.14244140684604645
2026/05/07 11:32:15,126,0.09692743420600891
2026/05/07 11:32:16,126,0.1148272380232811
2026/05/07 11:32:17,126,0.11060501635074615
2026/05/07 11:32:18,127,0.07639849931001663
2026/05/07 11:32:19,128,0.06169717758893967
2026/05/07 11:32:20,129,0.06571914255619049
2026/05/07 11:32:21,129,0.016921257600188255
2026/05/07 11:32:22,130,0.01004878431558609
2026/05/07 11:32:23,130,0.01023899856954813
2026/05/07 11:32:24,130,0.019131459295749664
2026/05/07 11:32:25,130,0.042565200477838516
2026/05/07 11:32:26,130,0.07842706888914108
2026/05/07 11:32:27,130,0.041739072650671005
2026/05/07 11:32:28,129,0.06386072188615799
2026/05/07 11:32:29,129,0.06409929692745209
2026/05/07 11:32:30,128,0.023887328803539276
2026/05/07 11:32:31,127,0.04416568949818611
2026/05/07 11:32:32,127,0.013884181156754494
2026/05/07 11:32:33,127,0.02280990406870842
2026/05/07 11:32:34,126,0.04744787886738777
2026/05/07 11:32:35,126,0.02567923069000244
2026/05/07 11:32:36,125,0.03454681858420372
2026/05/07 11:32:37,125,0.011328262276947498
2026/05/07 11:32:38,125,0.011147450655698776
2026/05/07 11:32:39,124,0.011030321940779686
2026/05/07 11:32:40,125,0.011972620151937008
2026/05/07 11:32:41,125,0.011188161559402943
2026/05/07 11:32:42,125,0.010521975345909595
2026/05/07 11:32:43,125,0.011959463357925415
2026/05/07 11:32:44,125,0.011318424716591835
2026/05/07 11:32:45,125,0.011153276078402996
2026/05/07 11:32:46,125,0.011273517273366451
2026/05/07 11:32:47,125,0.011979972943663597
2026/05/07 11:32:48,126,0.014317146502435207
2026/05/07 11:32:49,126,0.02458307147026062
2026/05/07 11:32:50,126,0.018329894170165062
2026/05/07 11:32:51,126,0.017782989889383316
2026/05/07 11:32:52,127,0.010260311886668205
2026/05/07 11:32:53,127,0.012708866968750954
2026/05/07 11:32:54,128,0.011712834239006042
2026/05/07 11:32:55,128,0.011345255188643932
2026/05/07 11:32:56,128,0.010889529250562191
2026/05/07 11:32:57,128,0.010312018916010857
2026/05/07 11:32:58,127,0.012092268094420433
2026/05/07 11:32:59,127,0.011052425019443035
2026/05/07 11:33:00,127,0.011018327437341213
2026/05/07 11:33:01,127,0.011195417493581772
2026/05/07 11:33:02,126,0.010831983759999275
2026/05/07 11:33:03,126,0.011214176192879677
2026/05/07 11:33:04,126,0.010805624537169933
2026/05/07 11:33:05,126,0.01116259302943945
2026/05/07 11:33:06,126,0.010606045834720135
2026/05/07 11:33:07,126,0.011176900006830692
2026/05/07 11:33:08,126,0.011198284104466438
2026/05/07 11:33:09,125,0.010919331572949886
2026/05/07 11:33:10,125,0.01192562561482191
2026/05/07 11:33:11,125,0.010439100675284863
2026/05/07 11:33:12,125,0.010825620032846928
2026/05/07 11:33:13,125,0.01132742315530777
2026/05/07 11:33:14,125,0.010600036010146141
2026/05/07 11:33:15,125,0.01163471583276987
2026/05/07 11:33:16,125,0.010732784867286682
2026/05/07 11:33:17,124,0.011500346474349499
2026/05/07 11:33:18,123,0.011599613353610039
2026/05/07 11:33:19,122,0.011153986677527428
2026/05/07 11:33:20,121,0.010821739211678505
2026/05/07 11:33:21,121,0.01129055954515934
2026/05/07 11:33:22,120,0.011567997746169567
2026/05/07 11:33:23,120,0.011149360798299313
2026/05/07 11:33:24,121,0.01139050256460905
2026/05/07 11:33:25,121,0.011202395893633366
2026/05/07 11:33:26,121,0.01209975779056549
2026/05/07 11:33:27,121,0.011384261772036552
2026/05/07 11:33:28,121,0.01127343438565731
2026/05/07 11:33:29,121,0.011875955387949944
2026/05/07 11:33:30,121,0.011147976852953434
2026/05/07 11:33:31,120,0.01185193657875061
2026/05/07 11:33:32,120,0.011480802670121193
2026/05/07 11:33:33,120,0.01096559502184391
2026/05/07 11:33:34,121,0.010903362184762955
2026/05/07 11:33:35,121,0.012080256827175617
2026/05/07 11:33:36,122,0.01111084409058094
2026/05/07 11:33:37,122,0.010971750132739544
2026/05/07 11:33:38,121,0.011981213465332985
2026/05/07 11:33:39,120,0.011411264538764954
2026/05/07 11:33:40,120,0.011536814272403717
2026/05/07 11:33:41,119,0.01122300699353218
2026/05/07 11:33:42,119,0.011416090652346611
2026/05/07 11:33:43,119,0.010912210680544376
2026/05/07 11:33:44,120,0.017430797219276428
2026/05/07 11:33:45,121,0.02898586541414261
2026/05/07 11:33:46,122,0.015020057559013367
2026/05/07 11:33:47,122,0.01585017517209053
2026/05/07 11:33:48,122,0.010002206079661846
2026/05/07 11:33:49,122,0.0120070930570364
2026/05/07 11:33:50,122,0.013761810027062893
2026/05/07 11:33:51,121,0.02150917798280716
2026/05/07 11:33:52,122,0.011544210836291313
2026/05/07 11:33:53,122,0.010521363466978073
2026/05/07 11:33:54,123,0.012168687768280506
2026/05/07 11:33:55,124,0.0271051824092865
2026/05/07 11:33:56,125,0.025052012875676155
2026/05/07 11:33:57,125,0.010789638385176659
2026/05/07 11:33:58,125,0.040265846997499466
2026/05/07 11:33:59,125,0.014544900506734848
2026/05/07 11:34:00,124,0.01394728571176529
2026/05/07 11:34:01,124,0.020060472190380096
2026/05/07 11:34:02,122,0.013749423436820507
2026/05/07 11:34:03,121,0.015319819562137127
2026/05/07 11:34:04,121,0.011457391083240509
2026/05/07 11:34:05,120,0.012862935662269592
2026/05/07 11:34:06,120,0.011027014814317226
2026/05/07 11:34:07,120,0.0117898965254426
2026/05/07 11:34:08,121,0.012320729903876781
2026/05/07 11:34:09,121,0.008008577860891819
2026/05/07 11:34:10,121,0.011314268223941326
2026/05/07 11:34:11,120,0.01298842765390873
2026/05/07 11:34:12,120,0.010446536354720592
2026/05/07 11:34:13,120,0.011937761679291725
2026/05/07 11:34:14,120,0.010953663848340511
2026/05/07 11:34:15,120,0.012964840978384018
2026/05/07 11:34:16,121,0.048685044050216675
2026/05/07 11:34:17,121,0.06892860680818558
2026/05/07 11:34:18,122,0.09412708133459091
2026/05/07 11:34:19,123,0.12935426831245422
2026/05/07 11:34:20,123,0.11694508790969849
2026/05/07 11:34:21,123,0.13137701153755188
2026/05/07 11:34:22,124,0.12541253864765167
2026/05/07 11:34:23,124,0.1037299856543541
2026/05/07 11:34:24,124,0.1149652972817421
2026/05/07 11:34:25,124,0.12830203771591187
2026/05/07 11:34:26,124,0.1271774172782898
2026/05/07 11:34:27,125,0.10686314851045609
2026/05/07 11:34:28,125,0.10384049266576767
2026/05/07 11:34:29,126,0.12491989135742188
2026/05/07 11:34:30,127,0.1573164463043213
2026/05/07 11:34:31,128,0.11745929718017578
2026/05/07 11:34:32,128,0.15191203355789185
2026/05/07 11:34:33,129,0.14748206734657288
2026/05/07 11:34:34,129,0.07603299617767334
2026/05/07 11:34:35,129,0.07918760925531387
2026/05/07 11:34:36,129,0.05077594891190529
2026/05/07 11:34:37,128,0.10538490116596222
2026/05/07 11:34:38,128,0.0789988711476326
2026/05/07 11:34:39,128,0.045873723924160004
2026/05/07 11:34:40,128,0.0475153811275959
2026/05/07 11:34:41,128,0.057404953986406326
2026/05/07 11:34:42,128,0.032509706914424896
2026/05/07 11:34:43,128,0.038041383028030396
2026/05/07 11:34:44,128,0.03428573161363602
2026/05/07 11:34:45,128,0.03407248109579086
2026/05/07 11:34:46,128,0.07677815109491348
2026/05/07 11:34:47,129,0.026553301140666008
2026/05/07 11:34:48,129,0.027170388028025627
2026/05/07 11:34:49,129,0.03163957968354225
2026/05/07 11:34:50,129,0.04038045555353165
2026/05/07 11:34:51,129,0.054400503635406494
2026/05/07 11:34:52,128,0.05475441738963127
2026/05/07 11:34:53,128,0.12062302231788635
2026/05/07 11:34:54,127,0.08213352411985397
2026/05/07 11:34:55,127,0.0355307012796402
2026/05/07 11:34:56,126,0.07259857654571533
2026/05/07 11:34:57,126,0.03574911877512932
2026/05/07 11:34:58,125,0.028297478333115578
2026/05/07 11:34:59,125,0.017052525654435158
2026/05/07 11:35:00,125,0.02853098139166832
2026/05/07 11:35:01,126,0.03572453558444977
2026/05/07 11:35:02,126,0.030108440667390823
2026/05/07 11:35:03,126,0.03628793731331825
2026/05/07 11:35:04,128,0.08168911188840866
2026/05/07 11:35:05,129,0.05203096196055412
2026/05/07 11:35:06,130,0.0230039581656456
2026/05/07 11:35:07,131,0.042033810168504715
2026/05/07 11:35:08,132,0.15259329974651337
2026/05/07 11:35:09,133,0.2732362151145935
2026/05/07 11:35:10,133,0.21607808768749237
2026/05/07 11:35:11,133,0.18042075634002686
2026/05/07 11:35:12,134,0.3824923634529114
2026/05/07 11:35:13,134,0.19139204919338226
2026/05/07 11:35:14,136,0.24817505478858948
2026/05/07 11:35:15,136,0.21158882975578308
2026/05/07 11:35:16,138,0.48024141788482666
2026/05/07 11:35:17,139,0.270946741104126
2026/05/07 11:35:18,140,0.07973244786262512
2026/05/07 11:35:19,141,0.1703733503818512
2026/05/07 11:35:20,141,0.19154083728790283
2026/05/07 11:35:21,142,0.07538330554962158
2026/05/07 11:35:22,142,0.10927584022283554
2026/05/07 11:35:23,142,0.11622949689626694
2026/05/07 11:35:24,142,0.11005751043558121
2026/05/07 11:35:25,142,0.10630964487791061
2026/05/07 11:35:26,142,0.09328264743089676
2026/05/07 11:35:27,142,0.12369176000356674
2026/05/07 11:35:28,143,0.24394334852695465
2026/05/07 11:35:29,143,0.30024707317352295
2026/05/07 11:35:30,143,0.18011042475700378
2026/05/07 11:35:31,143,0.3060967028141022
2026/05/07 11:35:32,142,0.13838137686252594
2026/05/07 11:35:33,142,0.1533261090517044
2026/05/07 11:35:34,142,0.08127769827842712
2026/05/07 11:35:35,142,0.2655540108680725
2026/05/07 11:35:36,141,0.2229178100824356
2026/05/07 11:35:37,141,0.34115180373191833
2026/05/07 11:35:38,141,0.4418962001800537
2026/05/07 11:35:39,141,0.4501030445098877
2026/05/07 11:35:40,141,0.21290282905101776
2026/05/07 11:35:41,141,0.23069728910923004
2026/05/07 11:35:42,142,0.3211556375026703
2026/05/07 11:35:43,142,0.3880068361759186
2026/05/07 11:35:44,142,0.12407799810171127
2026/05/07 11:35:45,143,0.22762145102024078
2026/05/07 11:35:46,143,0.2900991141796112
2026/05/07 11:35:47,143,0.18138499557971954
2026/05/07 11:35:48,143,0.2332955300807953
2026/05/07 11:35:49,143,0.2645989954471588
2026/05/07 11:35:50,143,0.1413576900959015
2026/05/07 11:35:51,143,0.06765413284301758
2026/05/07 11:35:52,142,0.23191864788532257
2026/05/07 11:35:53,142,0.17003047466278076
2026/05/07 11:35:54,143,0.22839753329753876
2026/05/07 11:35:55,144,0.4226286709308624
2026/05/07 11:35:56,145,0.22938190400600433
2026/05/07 11:35:57,146,0.051011618226766586
2026/05/07 11:35:58,146,0.2253219187259674
2026/05/07 11:35:59,147,0.46607863903045654
2026/05/07 11:36:00,147,0.32021772861480713
2026/05/07 11:36:01,148,0.29138991236686707
2026/05/07 11:36:02,148,0.517818033695221
2026/05/07 11:36:03,148,0.33868134021759033
2026/05/07 11:36:04,148,0.1980116218328476
2026/05/07 11:36:05,148,0.6902050971984863
2026/05/07 11:36:06,148,0.4144335091114044
2026/05/07 11:36:07,147,0.3060336112976074
2026/05/07 11:36:08,147,0.6266655325889587
2026/05/07 11:36:09,147,0.49462178349494934
2026/05/07 11:36:10,147,0.28129133582115173
2026/05/07 11:36:11,146,0.15401871502399445
2026/05/07 11:36:12,146,0.17833663523197174
2026/05/07 11:36:13,146,0.20825110375881195
2026/05/07 11:36:14,145,0.1878003031015396
2026/05/07 11:36:15,145,0.2409474104642868
2026/05/07 11:36:16,145,0.1255653202533722
2026/05/07 11:36:17,145,0.23773027956485748
2026/05/07 11:36:18,144,0.1565447747707367
2026/05/07 11:36:19,144,0.13535933196544647
2026/05/07 11:36:20,144,0.2896314263343811
2026/05/07 11:36:21,143,0.3081890046596527
2026/05/07 11:36:22,143,0.18905991315841675
2026/05/07 11:36:23,143,0.11051099747419357
2026/05/07 11:36:24,141,0.3271551728248596
2026/05/07 11:36:25,141,0.14114420115947723
2026/05/07 11:36:26,141,0.12812210619449615
2026/05/07 11:36:27,141,0.2243175208568573
2026/05/07 11:36:28,140,0.12344393879175186
2026/05/07 11:36:29,139,0.1318436563014984
2026/05/07 11:36:30,138,0.11189626157283783
2026/05/07 11:36:31,137,0.09770894795656204
2026/05/07 11:36:32,137,0.05847049504518509
2026/05/07 11:36:33,136,0.08026057481765747
2026/05/07 11:36:34,137,0.08718982338905334
2026/05/07 11:36:35,137,0.0600581020116806
2026/05/07 11:36:36,137,0.0763639435172081
2026/05/07 11:36:37,138,0.09459801763296127
2026/05/07 11:36:38,138,0.0840843990445137
2026/05/07 11:36:39,139,0.11470995098352432
2026/05/07 11:36:40,139,0.07390160113573074
2026/05/07 11:36:41,139,0.10248550772666931
2026/05/07 11:36:42,139,0.08808433264493942
2026/05/07 11:36:43,139,0.08413103967905045
2026/05/07 11:36:44,138,0.05391252785921097
2026/05/07 11:36:45,138,0.04521756246685982
2026/05/07 11:36:46,137,0.05449802055954933
2026/05/07 11:36:47,136,0.06903918087482452
2026/05/07 11:36:48,135,0.07961481809616089
2026/05/07 11:36:49,134,0.03410309553146362
2026/05/07 11:36:50,133,0.04350154474377632
2026/05/07 11:36:51,133,0.053600456565618515
2026/05/07 11:36:52,132,0.0674634799361229
2026/05/07 11:36:53,132,0.0448128841817379
2026/05/07 11:36:54,132,0.05972720682621002
2026/05/07 11:36:55,132,0.10055209696292877
2026/05/07 11:36:56,131,0.054933853447437286
2026/05/07 11:36:57,131,0.12356170266866684
2026/05/07 11:36:58,132,0.22310146689414978
2026/05/07 11:36:59,132,0.062092170119285583
2026/05/07 11:37:00,132,0.04232758656144142
2026/05/07 11:37:01,132,0.048364996910095215
2026/05/07 11:37:02,133,0.08226332068443298
2026/05/07 11:37:03,133,0.16159388422966003
2026/05/07 11:37:04,134,0.1469036191701889
2026/05/07 11:37:05,135,0.13290104269981384
2026/05/07 11:37:06,137,0.20478974282741547
2026/05/07 11:37:07,138,0.44321608543395996
2026/05/07 11:37:08,139,0.5152798295021057
2026/05/07 11:37:09,140,0.42011940479278564
2026/05/07 11:37:10,141,0.45927438139915466
2026/05/07 11:37:11,141,0.22242973744869232
2026/05/07 11:37:12,141,0.16267292201519012
2026/05/07 11:37:13,141,0.13012152910232544
2026/05/07 11:37:14,140,0.22458615899085999
2026/05/07 11:37:15,140,0.1564740240573883
2026/05/07 11:37:16,140,0.06573670357465744
2026/05/07 11:37:17,139,0.18902446329593658
2026/05/07 11:37:18,139,0.11399205029010773
2026/05/07 11:37:19,138,0.2632414996623993
2026/05/07 11:37:20,137,0.5234662890434265
2026/05/07 11:37:21,136,0.6051537990570068
2026/05/07 11:37:22,135,0.116038016974926
2026/05/07 11:37:23,135,0.18528467416763306
2026/05/07 11:37:24,135,0.31325551867485046
2026/05/07 11:37:25,135,0.41654127836227417
2026/05/07 11:37:26,135,0.1502947360277176
2026/05/07 11:37:27,135,0.045109137892723083
2026/05/07 11:37:28,135,0.17133407294750214
2026/05/07 11:37:29,135,0.35226330161094666
2026/05/07 11:37:30,134,0.2528286576271057
2026/05/07 11:37:31,134,0.060571953654289246
2026/05/07 11:37:32,133,0.07780229300260544
2026/05/07 11:37:33,133,0.3375462591648102
2026/05/07 11:37:34,132,0.4804192781448364
2026/05/07 11:37:35,132,0.3351387083530426
2026/05/07 11:37:36,131,0.2131870836019516
2026/05/07 11:37:37,130,0.08498049527406693
2026/05/07 11:37:38,131,0.10428142547607422
2026/05/07 11:37:39,131,0.12454178184270859
2026/05/07 11:37:40,132,0.17783379554748535
2026/05/07 11:37:41,133,0.08053909242153168
2026/05/07 11:37:42,134,0.06507544219493866
2026/05/07 11:37:43,134,0.1089307963848114
2026/05/07 11:37:44,134,0.1101200208067894
2026/05/07 11:37:45,134,0.13728009164333344
2026/05/07 11:37:46,135,0.0683533325791359
2026/05/07 11:37:47,135,0.04501920938491821
2026/05/07 11:37:48,135,0.06783890724182129
2026/05/07 11:37:49,135,0.021545330062508583
2026/05/07 11:37:50,136,0.02894037775695324
2026/05/07 11:37:51,136,0.04029356688261032
2026/05/07 11:37:52,137,0.021245015785098076
2026/05/07 11:37:53,137,0.0264377910643816
2026/05/07 11:37:54,137,0.04001382738351822
2026/05/07 11:37:55,137,0.06564728915691376
2026/05/07 11:37:56,137,0.12576165795326233
2026/05/07 11:37:57,137,0.15692715346813202
2026/05/07 11:37:58,137,0.05130167677998543
2026/05/07 11:37:59,136,0.03737933933734894
2026/05/07 11:38:00,135,0.06343020498752594
2026/05/07 11:38:01,135,0.07220865786075592
2026/05/07 11:38:02,135,0.04872339591383934
2026/05/07 11:38:03,134,0.1107039526104927
2026/05/07 11:38:04,134,0.11425989121198654
2026/05/07 11:38:05,134,0.0941794365644455
2026/05/07 11:38:06,133,0.05475504323840141
2026/05/07 11:38:07,133,0.03929436206817627
2026/05/07 11:38:08,133,0.05489035323262215
2026/05/07 11:38:09,132,0.03174339234828949
2026/05/07 11:38:10,132,0.02011815458536148
2026/05/07 11:38:11,131,0.025327110663056374
2026/05/07 11:38:12,131,0.0506109893321991
2026/05/07 11:38:13,131,0.013547107577323914
2026/05/07 11:38:14,131,0.015255273319780827
2026/05/07 11:38:15,131,0.03953605145215988
2026/05/07 11:38:16,130,0.09134871512651443
2026/05/07 11:38:17,130,0.07996686547994614
2026/05/07 11:38:18,130,0.2079642415046692
2026/05/07 11:38:19,130,0.13372507691383362
2026/05/07 11:38:20,130,0.09083414822816849
2026/05/07 11:38:21,131,0.13083398342132568
2026/05/07 11:38:22,131,0.17138633131980896
2026/05/07 11:38:23,132,0.15826518833637238
2026/05/07 11:38:24,133,0.09172860532999039
2026/05/07 11:38:25,133,0.33628785610198975
2026/05/07 11:38:26,134,0.1920102834701538
2026/05/07 11:38:27,135,0.15313312411308289
2026/05/07 11:38:28,136,0.07872460782527924
2026/05/07 11:38:29,137,0.24642521142959595
2026/05/07 11:38:30,138,0.2566279172897339
2026/05/07 11:38:31,138,0.21306933462619781
2026/05/07 11:38:32,139,0.09002099186182022
2026/05/07 11:38:33,139,0.35073375701904297
2026/05/07 11:38:34,139,0.3835528790950775
2026/05/07 11:38:35,138,0.1929406076669693
2026/05/07 11:38:36,138,0.1403501331806183
2026/05/07 11:38:37,137,0.033613305538892746
2026/05/07 11:38:38,137,0.09960052371025085
2026/05/07 11:38:39,137,0.030779404565691948
2026/05/07 11:38:40,137,0.1382935494184494
2026/05/07 11:38:41,137,0.12361890077590942
2026/05/07 11:38:42,138,0.09115089476108551
2026/05/07 11:38:43,139,0.432047039270401
2026/05/07 11:38:44,139,0.42256876826286316
2026/05/07 11:38:45,140,0.45261600613594055
2026/05/07 11:38:46,141,0.300581157207489
2026/05/07 11:38:47,141,0.2857196033000946
2026/05/07 11:38:48,142,0.430696040391922
2026/05/07 11:38:49,143,0.24808919429779053
2026/05/07 11:38:50,144,0.08065236359834671
2026/05/07 11:38:51,144,0.34900176525115967
2026/05/07 11:38:52,144,0.30043745040893555
2026/05/07 11:38:53,145,0.10317203402519226
2026/05/07 11:38:54,145,0.17965218424797058
2026/05/07 11:38:55,144,0.32489463686943054
2026/05/07 11:38:56,144,0.32066744565963745
2026/05/07 11:38:57,144,0.13551375269889832
2026/05/07 11:38:58,144,0.13018834590911865
2026/05/07 11:38:59,144,0.11172165721654892
2026/05/07 11:39:00,144,0.10402392596006393
2026/05/07 11:39:01,144,0.131562739610672
2026/05/07 11:39:02,143,0.48787397146224976
2026/05/07 11:39:03,142,0.3009661138057709
2026/05/07 11:39:04,141,0.04683006554841995
2026/05/07 11:39:05,140,0.16300548613071442
2026/05/07 11:39:06,140,0.19117186963558197
2026/05/07 11:39:07,139,0.16610309481620789
2026/05/07 11:39:08,139,0.10903717577457428
2026/05/07 11:39:09,139,0.19637712836265564
2026/05/07 11:39:10,139,0.29287922382354736
2026/05/07 11:39:11,139,0.14910420775413513
2026/05/07 11:39:12,140,0.3958764672279358
2026/05/07 11:39:13,140,0.2664010226726532
2026/05/07 11:39:14,141,0.15733762085437775
2026/05/07 11:39:15,142,0.09902831166982651
2026/05/07 11:39:16,142,0.22797605395317078
2026/05/07 11:39:17,143,0.1351858228445053
2026/05/07 11:39:18,143,0.08683064579963684
2026/05/07 11:39:19,143,0.4542643129825592
2026/05/07 11:39:20,142,0.3183717429637909
2026/05/07 11:39:21,142,0.49599823355674744
2026/05/07 11:39:22,142,0.17944170534610748
2026/05/07 11:39:23,141,0.11640112847089767
2026/05/07 11:39:24,140,0.062072932720184326
2026/05/07 11:39:25,140,0.150517538189888
2026/05/07 11:39:26,139,0.12341942638158798
2026/05/07 11:39:27,138,0.09130280464887619
2026/05/07 11:39:28,137,0.11771583557128906
2026/05/07 11:39:29,137,0.14523978531360626
2026/05/07 11:39:30,137,0.07851499319076538
2026/05/07 11:39:31,136,0.05145932361483574
2026/05/07 11:39:32,136,0.06358550488948822
2026/05/07 11:39:33,136,0.06168568879365921
2026/05/07 11:39:34,135,0.03756444528698921
2026/05/07 11:39:35,135,0.04051846265792847
2026/05/07 11:39:36,134,0.0470099002122879
2026/05/07 11:39:37,133,0.03175751492381096
2026/05/07 11:39:38,132,0.10375288128852844
2026/05/07 11:39:39,132,0.2701532244682312
2026/05/07 11:39:40,132,0.11891964823007584
2026/05/07 11:39:41,132,0.04736756160855293
2026/05/07 11:39:42,132,0.08518926799297333
2026/05/07 11:39:43,132,0.0987832099199295
2026/05/07 11:39:44,131,0.04309975355863571
2026/05/07 11:39:45,131,0.15024489164352417
2026/05/07 11:39:46,131,0.28507477045059204
2026/05/07 11:39:47,131,0.2084956020116806
2026/05/07 11:39:48,130,0.09316577762365341
2026/05/07 11:39:49,130,0.10552232712507248
2026/05/07 11:39:50,130,0.0917334035038948
2026/05/07 11:39:51,129,0.03977535292506218
2026/05/07 11:39:52,129,0.057027511298656464
2026/05/07 11:39:53,128,0.03889923170208931
2026/05/07 11:39:54,129,0.04177039861679077
2026/05/07 11:39:55,130,0.05287666991353035
2026/05/07 11:39:56,129,0.03846871852874756
2026/05/07 11:39:57,129,0.03847407177090645
2026/05/07 11:39:58,128,0.048172611743211746
2026/05/07 11:39:59,128,0.03272209316492081
2026/05/07 11:40:00,128,0.04898664355278015
2026/05/07 11:40:01,128,0.06012330204248428
2026/05/07 11:40:02,128,0.06888295710086823
2026/05/07 11:40:03,128,0.10571964085102081
2026/05/07 11:40:04,129,0.20628665387630463
2026/05/07 11:40:05,129,0.2827179431915283
2026/05/07 11:40:06,129,0.2448941171169281
2026/05/07 11:40:07,130,0.19616088271141052
2026/05/07 11:40:08,130,0.21729037165641785
2026/05/07 11:40:09,130,0.2292187213897705
2026/05/07 11:40:10,129,0.148891419172287
2026/05/07 11:40:11,128,0.11555790901184082
2026/05/07 11:40:12,128,0.12171798199415207
2026/05/07 11:40:13,127,0.18112395703792572
2026/05/07 11:40:14,127,0.04607278108596802
2026/05/07 11:40:15,126,0.08866144716739655
2026/05/07 11:40:16,126,0.05825449898838997
2026/05/07 11:40:17,125,0.08261731266975403
2026/05/07 11:40:18,126,0.05862506851553917
2026/05/07 11:40:19,126,0.050823573023080826
2026/05/07 11:40:20,127,0.12065920233726501
2026/05/07 11:40:21,128,0.11027801036834717
2026/05/07 11:40:22,128,0.11787138134241104
2026/05/07 11:40:23,128,0.07921571284532547
2026/05/07 11:40:24,128,0.06125085428357124
2026/05/07 11:40:25,128,0.060189247131347656
2026/05/07 11:40:26,128,0.04362322390079498
2026/05/07 11:40:27,127,0.03823500871658325
2026/05/07 11:40:28,127,0.023132115602493286
2026/05/07 11:40:29,128,0.04065076634287834
2026/05/07 11:40:30,128,0.03754317760467529
2026/05/07 11:40:31,129,0.11228850483894348
2026/05/07 11:40:32,130,0.48992908000946045
2026/05/07 11:40:33,131,0.200222447514534
2026/05/07 11:40:34,131,0.15559062361717224
2026/05/07 11:40:35,132,0.3033581078052521
2026/05/07 11:40:36,134,0.31183403730392456
2026/05/07 11:40:37,135,0.18778318166732788
2026/05/07 11:40:38,136,0.2728792726993561
2026/05/07 11:40:39,136,0.4657306969165802
2026/05/07 11:40:40,137,0.45051056146621704
2026/05/07 11:40:41,138,0.14815764129161835
2026/05/07 11:40:42,139,0.46242815256118774
2026/05/07 11:40:43,140,0.4374508857727051
2026/05/07 11:40:44,141,0.3531091809272766
2026/05/07 11:40:45,142,0.1951114386320114
2026/05/07 11:40:46,143,0.1898522675037384
2026/05/07 11:40:47,144,0.361646831035614
2026/05/07 11:40:48,144,0.21870049834251404
2026/05/07 11:40:49,145,0.059970319271087646
2026/05/07 11:40:50,145,0.2448115050792694
2026/05/07 11:40:51,145,0.16801483929157257
2026/05/07 11:40:52,145,0.06475315988063812
2026/05/07 11:40:53,145,0.14328449964523315
2026/05/07 11:40:54,144,0.3943668305873871
2026/05/07 11:40:55,144,0.24196116626262665
2026/05/07 11:40:56,144,0.07832849025726318
2026/05/07 11:40:57,144,0.1666119545698166
2026/05/07 11:40:58,143,0.0849229246377945
2026/05/07 11:40:59,143,0.07935711741447449
2026/05/07 11:41:00,143,0.07495542615652084
2026/05/07 11:41:01,143,0.38833001255989075
2026/05/07 11:41:02,143,0.07147654891014099
2026/05/07 11:41:03,143,0.18474538624286652
2026/05/07 11:41:04,143,0.4571659564971924
2026/05/07 11:41:05,143,0.3547927141189575
2026/05/07 11:41:06,143,0.2856394946575165
2026/05/07 11:41:07,143,0.1453915387392044
2026/05/07 11:41:08,143,0.2674749493598938
2026/05/07 11:41:09,143,0.3290942311286926
2026/05/07 11:41:10,144,0.1467350721359253
2026/05/07 11:41:11,144,0.21636439859867096
2026/05/07 11:41:12,143,0.12540191411972046
2026/05/07 11:41:13,143,0.1644454300403595
2026/05/07 11:41:14,143,0.06702959537506104
2026/05/07 11:41:15,143,0.21261818706989288
2026/05/07 11:41:16,143,0.38467851281166077
2026/05/07 11:41:17,143,0.232763409614563
2026/05/07 11:41:18,144,0.14176549017429352
2026/05/07 11:41:19,144,0.4751487970352173
2026/05/07 11:41:20,144,0.44022902846336365
2026/05/07 11:41:21,145,0.17194725573062897
2026/05/07 11:41:22,145,0.3707723021507263
2026/05/07 11:41:23,144,0.3600333333015442
2026/05/07 11:41:24,144,0.24921612441539764
2026/05/07 11:41:25,144,0.0851527750492096
2026/05/07 11:41:26,144,0.4149966239929199
2026/05/07 11:41:27,144,0.39501145482063293
2026/05/07 11:41:28,144,0.1162271574139595
2026/05/07 11:41:29,144,0.09710374474525452
2026/05/07 11:41:30,145,0.4706457853317261
2026/05/07 11:41:31,145,0.6589716076850891
2026/05/07 11:41:32,145,0.1544317901134491
2026/05/07 11:41:33,146,0.22470374405384064
2026/05/07 11:41:34,146,0.44269809126853943
2026/05/07 11:41:35,146,0.21854567527770996
2026/05/07 11:41:36,146,0.1290130615234375
2026/05/07 11:41:37,146,0.08166737109422684
2026/05/07 11:41:38,145,0.09127658605575562
2026/05/07 11:41:39,144,0.16232247650623322
2026/05/07 11:41:40,143,0.15085098147392273
2026/05/07 11:41:41,142,0.1272861510515213
2026/05/07 11:41:42,141,0.19013650715351105
2026/05/07 11:41:43,140,0.17288212478160858
2026/05/07 11:41:44,139,0.16564488410949707
2026/05/07 11:41:45,138,0.12433978170156479
2026/05/07 11:41:46,138,0.14424803853034973
2026/05/07 11:41:47,138,0.15534158051013947
2026/05/07 11:41:48,137,0.06813222914934158
2026/05/07 11:41:49,137,0.09340591728687286
2026/05/07 11:41:50,137,0.13069453835487366
2026/05/07 11:41:51,137,0.06713593751192093
2026/05/07 11:41:52,137,0.09795545041561127
2026/05/07 11:41:53,136,0.05325184762477875
2026/05/07 11:41:54,136,0.05452282354235649
2026/05/07 11:41:55,136,0.10553835332393646
2026/05/07 11:41:56,136,0.05098285526037216
2026/05/07 11:41:57,136,0.0452473945915699
2026/05/07 11:41:58,137,0.07133450359106064
2026/05/07 11:41:59,137,0.06548550724983215
2026/05/07 11:42:00,137,0.11805063486099243
2026/05/07 11:42:01,137,0.1408182829618454
2026/05/07 11:42:02,137,0.08346482366323471
2026/05/07 11:42:03,137,0.3441340923309326
2026/05/07 11:42:04,136,0.12239670753479004
2026/05/07 11:42:05,136,0.18984031677246094
2026/05/07 11:42:06,136,0.07806693762540817
2026/05/07 11:42:07,136,0.08325492590665817
2026/05/07 11:42:08,136,0.07244954258203506
2026/05/07 11:42:09,136,0.06542745977640152
2026/05/07 11:42:10,137,0.037899814546108246
2026/05/07 11:42:11,137,0.043901730328798294
2026/05/07 11:42:12,136,0.06431480497121811
2026/05/07 11:42:13,135,0.05113404989242554
2026/05/07 11:42:14,135,0.031155360862612724
2026/05/07 11:42:15,134,0.03180580586194992
2026/05/07 11:42:16,134,0.04255485162138939
2026/05/07 11:42:17,133,0.06808748096227646
2026/05/07 11:42:18,132,0.05982310324907303
2026/05/07 11:42:19,131,0.07509838044643402
2026/05/07 11:42:20,130,0.06166739761829376
2026/05/07 11:42:21,129,0.048472799360752106
2026/05/07 11:42:22,128,0.036093734204769135
2026/05/07 11:42:23,128,0.049422845244407654
2026/05/07 11:42:24,128,0.015626229345798492
2026/05/07 11:42:25,127,0.030637186020612717
2026/05/07 11:42:26,128,0.04675719514489174
2026/05/07 11:42:27,128,0.036693498492240906
2026/05/07 11:42:28,128,0.02880886383354664
2026/05/07 11:42:29,129,0.03448327258229256
2026/05/07 11:42:30,129,0.02592429332435131
2026/05/07 11:42:31,129,0.04472997412085533
2026/05/07 11:42:32,129,0.014945505186915398
2026/05/07 11:42:33,129,0.014027160592377186
2026/05/07 11:42:34,129,0.02386198565363884
2026/05/07 11:42:35,129,0.06652990728616714
2026/05/07 11:42:36,129,0.020496387034654617
2026/05/07 11:42:37,129,0.023470459505915642
2026/05/07 11:42:38,129,0.01991509459912777
2026/05/07 11:42:39,129,0.015306285582482815
2026/05/07 11:42:40,129,0.017627891153097153
2026/05/07 11:42:41,130,0.03438277170062065
2026/05/07 11:42:42,130,0.07600107789039612
2026/05/07 11:42:43,130,0.15672485530376434
2026/05/07 11:42:44,131,0.16911198198795319
2026/05/07 11:42:45,132,0.2330356389284134
2026/05/07 11:42:46,133,0.3086426258087158
2026/05/07 11:42:47,134,0.5945113897323608
2026/05/07 11:42:48,134,0.8912394046783447
2026/05/07 11:42:49,135,0.6097365617752075
2026/05/07 11:42:50,136,0.1646801382303238
2026/05/07 11:42:51,136,0.14715731143951416
2026/05/07 11:42:52,138,0.3017307221889496
2026/05/07 11:42:53,139,0.2794029414653778
2026/05/07 11:42:54,140,0.2618226706981659
2026/05/07 11:42:55,141,0.17468205094337463
2026/05/07 11:42:56,142,0.23315249383449554
2026/05/07 11:42:57,143,0.10391968488693237
2026/05/07 11:42:58,144,0.12463447451591492
2026/05/07 11:42:59,145,0.33641600608825684
2026/05/07 11:43:00,146,0.1435626596212387
2026/05/07 11:43:01,147,0.0891154333949089
2026/05/07 11:43:02,148,0.16545771062374115
2026/05/07 11:43:03,148,0.15877559781074524
2026/05/07 11:43:04,149,0.11912094056606293
2026/05/07 11:43:05,149,0.08247920125722885
2026/05/07 11:43:06,149,0.4870111644268036
2026/05/07 11:43:07,150,0.34663787484169006
2026/05/07 11:43:08,150,0.14325706660747528
2026/05/07 11:43:09,150,0.5170979499816895
2026/05/07 11:43:10,150,0.28048470616340637
2026/05/07 11:43:11,150,0.10563933104276657
2026/05/07 11:43:12,150,0.1453421711921692
2026/05/07 11:43:13,150,0.203715518116951
2026/05/07 11:43:14,149,0.1368536651134491
2026/05/07 11:43:15,149,0.09532561153173447
2026/05/07 11:43:16,149,0.11692886799573898
2026/05/07 11:43:17,149,0.23163940012454987
2026/05/07 11:43:18,149,0.4434513747692108
2026/05/07 11:43:19,149,0.23896531760692596
2026/05/07 11:43:20,149,0.10406949371099472
2026/05/07 11:43:21,149,0.35683444142341614
2026/05/07 11:43:22,149,0.37507015466690063
2026/05/07 11:43:23,149,0.13082781434059143
2026/05/07 11:43:24,149,0.1370633989572525
2026/05/07 11:43:25,149,0.10748229920864105
2026/05/07 11:43:26,149,0.09804925322532654
2026/05/07 11:43:27,149,0.36360520124435425
2026/05/07 11:43:28,150,0.44980838894844055
2026/05/07 11:43:29,150,0.16771259903907776
2026/05/07 11:43:30,150,0.12234681099653244
2026/05/07 11:43:31,150,0.3551795482635498
2026/05/07 11:43:32,150,0.36507436633110046
2026/05/07 11:43:33,150,0.10605649650096893
2026/05/07 11:43:34,150,0.24832680821418762
2026/05/07 11:43:35,150,0.3137631118297577
2026/05/07 11:43:36,150,0.17502208054065704
2026/05/07 11:43:37,150,0.12406855821609497
2026/05/07 11:43:38,149,0.08566878736019135
2026/05/07 11:43:39,149,0.05121380463242531
2026/05/07 11:43:40,149,0.23009935021400452
2026/05/07 11:43:41,148,0.5287371277809143
2026/05/07 11:43:42,148,0.3609767556190491
2026/05/07 11:43:43,148,0.08737778663635254
2026/05/07 11:43:44,147,0.39741337299346924
2026/05/07 11:43:45,147,0.37717923521995544
2026/05/07 11:43:46,147,0.1064661294221878
2026/05/07 11:43:47,147,0.3487863838672638
2026/05/07 11:43:48,147,0.5293245315551758
2026/05/07 11:43:49,147,0.47525089979171753
2026/05/07 11:43:50,146,0.32409241795539856
2026/05/07 11:43:51,146,0.7951507568359375
2026/05/07 11:43:52,145,0.3946833312511444
2026/05/07 11:43:53,145,0.14746473729610443
2026/05/07 11:43:54,144,0.15626578032970428
2026/05/07 11:43:55,144,0.1559111773967743
2026/05/07 11:43:56,143,0.22044670581817627
2026/05/07 11:43:57,142,0.16500972211360931
2026/05/07 11:43:58,141,0.13147522509098053
2026/05/07 11:43:59,141,0.14872103929519653
2026/05/07 11:44:00,140,0.13267262279987335
2026/05/07 11:44:01,139,0.10082180052995682
2026/05/07 11:44:02,139,0.12629927694797516
2026/05/07 11:44:03,139,0.06094321981072426
2026/05/07 11:44:04,138,0.08115853369235992
2026/05/07 11:44:05,138,0.058613844215869904
2026/05/07 11:44:06,138,0.060873523354530334
2026/05/07 11:44:07,138,0.05482170358300209
2026/05/07 11:44:08,138,0.10104671120643616
2026/05/07 11:44:09,138,0.10444974899291992
2026/05/07 11:44:10,138,0.06331360340118408
2026/05/07 11:44:11,138,0.07984751462936401
2026/05/07 11:44:12,138,0.03522619977593422
2026/05/07 11:44:13,138,0.04616942256689072
2026/05/07 11:44:14,137,0.030130451545119286
2026/05/07 11:44:15,137,0.03492090106010437
2026/05/07 11:44:16,137,0.02322760596871376
2026/05/07 11:44:17,137,0.01798921823501587
2026/05/07 11:44:18,137,0.022596152499318123
2026/05/07 11:44:19,137,0.02267252840101719
2026/05/07 11:44:20,137,0.01827814057469368
2026/05/07 11:44:21,137,0.02857799455523491
2026/05/07 11:44:22,135,0.08472748845815659
2026/05/07 11:44:23,134,0.08167687803506851
2026/05/07 11:44:24,133,0.05104723572731018
2026/05/07 11:44:25,133,0.04946251958608627
2026/05/07 11:44:26,132,0.05522472783923149
2026/05/07 11:44:27,132,0.05240580439567566
2026/05/07 11:44:28,131,0.05737095698714256
2026/05/07 11:44:29,131,0.023115377873182297
2026/05/07 11:44:30,131,0.014149647206068039
2026/05/07 11:44:31,131,0.011054286733269691
2026/05/07 11:44:32,130,0.010550012812018394
2026/05/07 11:44:33,130,0.010522155091166496
2026/05/07 11:44:34,130,0.011596566997468472
2026/05/07 11:44:35,129,0.011281573213636875
2026/05/07 11:44:36,129,0.009751656092703342
2026/05/07 11:44:37,129,0.010299190878868103
2026/05/07 11:44:38,129,0.012622903101146221
2026/05/07 11:44:39,129,0.016603007912635803
2026/05/07 11:44:40,129,0.04394713416695595
2026/05/07 11:44:41,129,0.011787000112235546
2026/05/07 11:44:42,130,0.009953239001333714
2026/05/07 11:44:43,130,0.00984742771834135
2026/05/07 11:44:44,130,0.0104200579226017
2026/05/07 11:44:45,130,0.009869909845292568
2026/05/07 11:44:46,130,0.009180543012917042
2026/05/07 11:44:47,130,0.010005705058574677
2026/05/07 11:44:48,130,0.009124868549406528
2026/05/07 11:44:49,130,0.009515454061329365
2026/05/07 11:44:50,129,0.010898801498115063
2026/05/07 11:44:51,129,0.010882049798965454
2026/05/07 11:44:52,129,0.011947364546358585
2026/05/07 11:44:53,128,0.03569570928812027
2026/05/07 11:44:54,128,0.04579487815499306
2026/05/07 11:44:55,128,0.019478002563118935
2026/05/07 11:44:56,128,0.024871813133358955
2026/05/07 11:44:57,127,0.030624311417341232
2026/05/07 11:44:58,128,0.024609556421637535
2026/05/07 11:44:59,129,0.03506438434123993
2026/05/07 11:45:00,130,0.05407131835818291
2026/05/07 11:45:01,131,0.10100246220827103
2026/05/07 11:45:02,132,0.15620563924312592
2026/05/07 11:45:03,132,0.17617084085941315
2026/05/07 11:45:04,132,0.18565233051776886
2026/05/07 11:45:05,132,0.08964347839355469
2026/05/07 11:45:06,132,0.07365946471691132
2026/05/07 11:45:07,132,0.5823649168014526
2026/05/07 11:45:08,131,0.6038209199905396
2026/05/07 11:45:09,131,0.6951237916946411
2026/05/07 11:45:10,131,0.7991234064102173
2026/05/07 11:45:11,131,0.6931750774383545
2026/05/07 11:45:12,132,0.7838338613510132
2026/05/07 11:45:13,132,0.6384274363517761
2026/05/07 11:45:14,133,0.12158777564764023
2026/05/07 11:45:15,134,0.2516380250453949
2026/05/07 11:45:16,135,0.3552562892436981
2026/05/07 11:45:17,135,0.16726212203502655
2026/05/07 11:45:18,136,0.11578895151615143
2026/05/07 11:45:19,136,0.06409036368131638
2026/05/07 11:45:20,136,0.07931860536336899
2026/05/07 11:45:21,136,0.038488421589136124
2026/05/07 11:45:22,136,0.16341949999332428
2026/05/07 11:45:23,136,0.07551898807287216
2026/05/07 11:45:24,136,0.10784867405891418
2026/05/07 11:45:25,136,0.3386988639831543
2026/05/07 11:45:26,136,0.38698720932006836
2026/05/07 11:45:27,136,0.3249833285808563
2026/05/07 11:45:28,136,0.05511608347296715
2026/05/07 11:45:29,137,0.2512395679950714
2026/05/07 11:45:30,137,0.14731383323669434
2026/05/07 11:45:31,137,0.36980074644088745
2026/05/07 11:45:32,137,0.21127013862133026
2026/05/07 11:45:33,137,0.0906793624162674
2026/05/07 11:45:34,138,0.14340798556804657
2026/05/07 11:45:35,138,0.1631552278995514
2026/05/07 11:45:36,139,0.20556746423244476
2026/05/07 11:45:37,139,0.14585034549236298
2026/05/07 11:45:38,140,0.34847623109817505
2026/05/07 11:45:39,141,0.4076157212257385
2026/05/07 11:45:40,142,0.3767654001712799
2026/05/07 11:45:41,142,0.2752549648284912
2026/05/07 11:45:42,142,0.47186046838760376
2026/05/07 11:45:43,143,0.6632797122001648
2026/05/07 11:45:44,143,0.6871513724327087
2026/05/07 11:45:45,143,0.3933820128440857
2026/05/07 11:45:46,144,0.277637779712677
2026/05/07 11:45:47,144,0.5854519009590149
2026/05/07 11:45:48,145,0.527567446231842
2026/05/07 11:45:49,146,0.28759998083114624
2026/05/07 11:45:50,146,0.1581733375787735
2026/05/07 11:45:51,146,0.1481206715106964
2026/05/07 11:45:52,146,0.057337336242198944
2026/05/07 11:45:53,146,0.1587289273738861
2026/05/07 11:45:54,146,0.05645524710416794
2026/05/07 11:45:55,145,0.04838058724999428
2026/05/07 11:45:56,145,0.058611880987882614
2026/05/07 11:45:57,145,0.07909251004457474
2026/05/07 11:45:58,144,0.21496464312076569
2026/05/07 11:45:59,144,0.25683480501174927
2026/05/07 11:46:00,143,0.0562724694609642
2026/05/07 11:46:01,143,0.225769504904747
2026/05/07 11:46:02,142,0.12025371193885803
2026/05/07 11:46:03,141,0.14563682675361633
2026/05/07 11:46:04,141,0.21443721652030945
2026/05/07 11:46:05,140,0.12104900926351547
2026/05/07 11:46:06,140,0.0934317484498024
2026/05/07 11:46:07,139,0.13086865842342377
2026/05/07 11:46:08,139,0.16125406324863434
2026/05/07 11:46:09,139,0.1524372547864914
2026/05/07 11:46:10,139,0.1768508404493332
2026/05/07 11:46:11,139,0.10920345038175583
2026/05/07 11:46:12,139,0.14467665553092957
2026/05/07 11:46:13,139,0.13969197869300842
2026/05/07 11:46:14,139,0.13131409883499146
2026/05/07 11:46:15,139,0.06420645862817764
2026/05/07 11:46:16,139,0.05678296834230423
2026/05/07 11:46:17,139,0.03849293291568756
2026/05/07 11:46:18,139,0.04643139988183975
2026/05/07 11:46:19,140,0.020109666511416435
2026/05/07 11:46:20,140,0.03271275386214256
2026/05/07 11:46:21,140,0.03865598142147064
2026/05/07 11:46:22,140,0.05049849674105644
2026/05/07 11:46:23,140,0.033332813531160355
2026/05/07 11:46:24,140,0.043647460639476776
2026/05/07 11:46:25,140,0.04295353218913078
2026/05/07 11:46:26,140,0.018394414335489273
2026/05/07 11:46:27,140,0.03237515315413475
2026/05/07 11:46:28,141,0.07505888491868973
2026/05/07 11:46:29,141,0.03152032196521759
2026/05/07 11:46:30,141,0.03292367607355118
2026/05/07 11:46:31,140,0.02328077331185341
2026/05/07 11:46:32,139,0.03814217448234558
2026/05/07 11:46:33,138,0.022918062284588814
2026/05/07 11:46:34,137,0.04931911453604698
2026/05/07 11:46:35,136,0.06274604052305222
2026/05/07 11:46:36,135,0.10386373847723007
2026/05/07 11:46:37,134,0.09020216017961502
2026/05/07 11:46:38,134,0.11568602919578552
2026/05/07 11:46:39,133,0.06978588551282883
2026/05/07 11:46:40,133,0.07042815536260605
2026/05/07 11:46:41,133,0.1270054131746292
2026/05/07 11:46:42,133,0.027377622202038765
2026/05/07 11:46:43,133,0.04762765020132065
2026/05/07 11:46:44,132,0.04102294147014618
2026/05/07 11:46:45,131,0.021107470616698265
2026/05/07 11:46:46,130,0.02289409376680851
2026/05/07 11:46:47,129,0.010764765553176403
2026/05/07 11:46:48,128,0.021795136854052544
2026/05/07 11:46:49,128,0.040792066603899
2026/05/07 11:46:50,127,0.021900974214076996
2026/05/07 11:46:51,126,0.014413701370358467
2026/05/07 11:46:52,126,0.019527744501829147
2026/05/07 11:46:53,125,0.04384179040789604
2026/05/07 11:46:54,125,0.03998928517103195
2026/05/07 11:46:55,125,0.045745156705379486
2026/05/07 11:46:56,125,0.03557497262954712
2026/05/07 11:46:57,125,0.04487312585115433
2026/05/07 11:46:58,125,0.04326441138982773
2026/05/07 11:46:59,126,0.02452053129673004
2026/05/07 11:47:00,126,0.01743430458009243
2026/05/07 11:47:01,126,0.04136817529797554
2026/05/07 11:47:02,126,0.01703808270394802
2026/05/07 11:47:03,126,0.021551793441176414
2026/05/07 11:47:04,126,0.03154205530881882
2026/05/07 11:47:05,126,0.032063260674476624
2026/05/07 11:47:06,125,0.0275089293718338
2026/05/07 11:47:07,125,0.02866031974554062
2026/05/07 11:47:08,126,0.0299941748380661
2026/05/07 11:47:09,126,0.04100044444203377
2026/05/07 11:47:10,127,0.050940174609422684
2026/05/07 11:47:11,127,0.0304741058498621
2026/05/07 11:47:12,127,0.02021697163581848
2026/05/07 11:47:13,126,0.02286059595644474
2026/05/07 11:47:14,126,0.03856892138719559
2026/05/07 11:47:15,125,0.047838177531957626
2026/05/07 11:47:16,125,0.017478229478001595
2026/05/07 11:47:17,124,0.05216185748577118
2026/05/07 11:47:18,123,0.02020256035029888
2026/05/07 11:47:19,123,0.03317728266119957
2026/05/07 11:47:20,122,0.04490791633725166
2026/05/07 11:47:21,121,0.018430838361382484
2026/05/07 11:47:22,120,0.03411545976996422
2026/05/07 11:47:23,119,0.013827205635607243
2026/05/07 11:47:24,119,0.014486306346952915
2026/05/07 11:47:25,119,0.011195523664355278
2026/05/07 11:47:26,119,0.012786926701664925
2026/05/07 11:47:27,120,0.009224217385053635
2026/05/07 11:47:28,121,0.0340154655277729
2026/05/07 11:47:29,121,0.03350690007209778
2026/05/07 11:47:30,122,0.03778660297393799
2026/05/07 11:47:31,123,0.05581996962428093
2026/05/07 11:47:32,124,0.05650104209780693
2026/05/07 11:47:33,124,0.07610046863555908
2026/05/07 11:47:34,125,0.05246717855334282
2026/05/07 11:47:35,125,0.03195827081799507
2026/05/07 11:47:36,125,0.10280724614858627
2026/05/07 11:47:37,125,0.07345157861709595
2026/05/07 11:47:38,125,0.13541767001152039
2026/05/07 11:47:39,124,0.16319018602371216
2026/05/07 11:47:40,123,0.23297108709812164
2026/05/07 11:47:41,123,0.14947053790092468
2026/05/07 11:47:42,122,0.07094856351613998
2026/05/07 11:47:43,122,0.034079715609550476
2026/05/07 11:47:44,121,0.03751293942332268
2026/05/07 11:47:45,121,0.02541917748749256
2026/05/07 11:47:46,121,0.031720567494630814
2026/05/07 11:47:47,122,0.03208617866039276
2026/05/07 11:47:48,121,0.038761839270591736
2026/05/07 11:47:49,121,0.040382467210292816
2026/05/07 11:47:50,120,0.1022242084145546
2026/05/07 11:47:51,120,0.11155004799365997
2026/05/07 11:47:52,119,0.05861643701791763
2026/05/07 11:47:53,119,0.07929155230522156
2026/05/07 11:47:54,119,0.06108378991484642
2026/05/07 11:47:55,118,0.1201353594660759
2026/05/07 11:47:56,119,0.1509471833705902
2026/05/07 11:47:57,120,0.14478570222854614
2026/05/07 11:47:58,121,0.2213265746831894
2026/05/07 11:47:59,122,0.153497114777565
2026/05/07 11:48:00,122,0.1566370576620102
2026/05/07 11:48:01,123,0.18497125804424286
2026/05/07 11:48:02,124,0.23053202033042908
2026/05/07 11:48:03,124,0.15560182929039001
2026/05/07 11:48:04,124,0.13775132596492767
2026/05/07 11:48:05,123,0.18761219084262848
2026/05/07 11:48:06,123,0.30040112137794495
2026/05/07 11:48:07,123,0.31813105940818787
2026/05/07 11:48:08,124,0.0770629420876503
2026/05/07 11:48:09,124,0.3634308874607086
2026/05/07 11:48:10,125,0.25512808561325073
2026/05/07 11:48:11,126,0.29566076397895813
2026/05/07 11:48:12,126,0.613643229007721
2026/05/07 11:48:13,127,0.23979552090168
2026/05/07 11:48:14,128,0.25524067878723145
2026/05/07 11:48:15,128,0.22728289663791656
2026/05/07 11:48:16,130,0.14596350491046906
2026/05/07 11:48:17,131,0.1780167669057846
2026/05/07 11:48:18,132,0.13865898549556732
2026/05/07 11:48:19,133,0.19922327995300293
2026/05/07 11:48:20,134,0.5008416175842285
2026/05/07 11:48:21,134,0.5095703601837158
2026/05/07 11:48:22,134,0.10608493536710739
2026/05/07 11:48:23,134,0.2797117531299591
2026/05/07 11:48:24,134,0.4829864799976349
2026/05/07 11:48:25,133,0.17694145441055298
2026/05/07 11:48:26,133,0.11922451108694077
2026/05/07 11:48:27,133,0.2051597535610199
2026/05/07 11:48:28,134,0.3109036386013031
2026/05/07 11:48:29,135,0.26137059926986694
2026/05/07 11:48:30,135,0.1096838116645813
2026/05/07 11:48:31,136,0.09402746707201004
2026/05/07 11:48:32,136,0.10332537442445755
2026/05/07 11:48:33,136,0.7028486728668213
2026/05/07 11:48:34,136,0.7070397138595581
2026/05/07 11:48:35,136,0.2643536329269409
2026/05/07 11:48:36,136,0.20612703263759613
2026/05/07 11:48:37,136,0.2952159345149994
2026/05/07 11:48:38,137,0.2113165557384491
2026/05/07 11:48:39,137,0.2171907275915146
2026/05/07 11:48:40,139,0.48883765935897827
2026/05/07 11:48:41,140,0.5409926772117615
2026/05/07 11:48:42,141,0.3195335865020752
2026/05/07 11:48:43,142,0.06126224994659424
2026/05/07 11:48:44,143,0.08756282180547714
2026/05/07 11:48:45,144,0.08052470535039902
2026/05/07 11:48:46,145,0.09843046963214874
2026/05/07 11:48:47,145,0.11143684387207031
2026/05/07 11:48:48,146,0.5577811598777771
2026/05/07 11:48:49,146,0.22970527410507202
2026/05/07 11:48:50,147,0.19210277497768402
2026/05/07 11:48:51,147,0.19170738756656647
2026/05/07 11:48:52,148,0.30080586671829224
2026/05/07 11:48:53,148,0.5102921724319458
2026/05/07 11:48:54,148,0.30137017369270325
2026/05/07 11:48:55,148,0.19693271815776825
2026/05/07 11:48:56,148,0.1828838735818863
2026/05/07 11:48:57,147,0.1343550831079483
2026/05/07 11:48:58,147,0.12980179488658905
2026/05/07 11:48:59,146,0.1194298043847084
2026/05/07 11:49:00,146,0.07633630931377411
2026/05/07 11:49:01,145,0.09511497616767883
2026/05/07 11:49:02,145,0.10011732578277588
2026/05/07 11:49:03,145,0.09384963661432266
2026/05/07 11:49:04,145,0.1283554881811142
2026/05/07 11:49:05,144,0.21226415038108826
2026/05/07 11:49:06,145,0.15909914672374725
2026/05/07 11:49:07,145,0.06648606806993484
2026/05/07 11:49:08,144,0.058278828859329224
2026/05/07 11:49:09,144,0.046943213790655136
2026/05/07 11:49:10,144,0.0518106110394001
2026/05/07 11:49:11,144,0.04045945033431053
2026/05/07 11:49:12,143,0.039161566644907
2026/05/07 11:49:13,142,0.04343535751104355
2026/05/07 11:49:14,142,0.03986354544758797
2026/05/07 11:49:15,141,0.024203116074204445
2026/05/07 11:49:16,140,0.037634193897247314
2026/05/07 11:49:17,139,0.050665244460105896
2026/05/07 11:49:18,139,0.05742189288139343
2026/05/07 11:49:19,139,0.06978902965784073
2026/05/07 11:49:20,138,0.15240108966827393
2026/05/07 11:49:21,137,0.18512947857379913
2026/05/07 11:49:22,137,0.21467384696006775
2026/05/07 11:49:23,136,0.2388288825750351
2026/05/07 11:49:24,136,0.284032940864563
2026/05/07 11:49:25,135,0.2907782793045044
2026/05/07 11:49:26,134,0.3224196135997772
2026/05/07 11:49:27,134,0.34175676107406616
2026/05/07 11:49:28,133,0.32722899317741394
2026/05/07 11:49:29,132,0.1215243935585022
2026/05/07 11:49:30,131,0.1552002727985382
2026/05/07 11:49:31,131,0.1003364697098732
2026/05/07 11:49:32,131,0.11613792926073074
2026/05/07 11:49:33,131,0.19146129488945007
2026/05/07 11:49:34,131,0.17427857220172882
2026/05/07 11:49:35,131,0.19704468548297882
2026/05/07 11:49:36,131,0.20137210190296173
2026/05/07 11:49:37,131,0.21728238463401794
2026/05/07 11:49:38,131,0.1813528686761856
2026/05/07 11:49:39,130,0.1512223482131958
2026/05/07 11:49:40,130,0.1742682158946991
2026/05/07 11:49:41,130,0.14156995713710785
2026/05/07 11:49:42,130,0.17220625281333923
2026/05/07 11:49:43,130,0.15884988009929657
2026/05/07 11:49:44,130,0.14244896173477173
2026/05/07 11:49:45,130,0.1488652527332306
2026/05/07 11:49:46,130,0.11827128380537033
2026/05/07 11:49:47,130,0.16782113909721375
2026/05/07 11:49:48,129,0.09276556223630905
2026/05/07 11:49:49,129,0.17622606456279755
2026/05/07 11:49:50,128,0.1807822436094284
2026/05/07 11:49:51,128,0.12298236787319183
2026/05/07 11:49:52,128,0.14206404983997345
2026/05/07 11:49:53,128,0.07410029321908951
2026/05/07 11:49:54,128,0.11164521425962448
2026/05/07 11:49:55,128,0.17328839004039764
2026/05/07 11:49:56,128,0.2046390026807785
2026/05/07 11:49:57,127,0.1644110232591629
2026/05/07 11:49:58,127,0.17839184403419495
2026/05/07 11:49:59,127,0.17811761796474457
2026/05/07 11:50:00,127,0.14984624087810516
