Date,Timestamp,SensorID,HeartRate,AccNorm
2026-05-28,2026-05-28 10:40:00,V012,106.0,1.038744779722867
2026-05-28,2026-05-28 10:40:01,V012,106.0,1.09181826318718
2026-05-28,2026-05-28 10:40:02,V012,106.0,1.108304481771683
2026-05-28,2026-05-28 10:40:03,V012,105.0,1.0259679298090254
2026-05-28,2026-05-28 10:40:04,V012,105.0,1.0576113330511763
2026-05-28,2026-05-28 10:40:05,V012,105.0,1.0754387873374485
2026-05-28,2026-05-28 10:40:06,V012,104.0,1.0204535703250746
2026-05-28,2026-05-28 10:40:07,V012,104.0,1.0691645112667623
2026-05-28,2026-05-28 10:40:08,V012,105.0,1.0143659831522338
2026-05-28,2026-05-28 10:40:09,V012,106.0,1.0295075833979965
2026-05-28,2026-05-28 10:40:10,V012,106.0,1.0326739794595674
2026-05-28,2026-05-28 10:40:11,V012,106.0,1.0313460904478773
2026-05-28,2026-05-28 10:40:12,V012,106.0,1.0712343661712498
2026-05-28,2026-05-28 10:40:13,V012,106.0,1.0982545071299663
2026-05-28,2026-05-28 10:40:14,V012,107.0,1.412154369898137
2026-05-28,2026-05-28 10:40:15,V012,107.0,1.0219441193686103
2026-05-28,2026-05-28 10:40:16,V012,107.0,1.0253440409021053
2026-05-28,2026-05-28 10:40:17,V012,107.0,1.2846742690113937
2026-05-28,2026-05-28 10:40:18,V012,108.0,1.1493131050095278
2026-05-28,2026-05-28 10:40:19,V012,108.0,1.2385235602280467
2026-05-28,2026-05-28 10:40:20,V012,108.0,1.061845345216921
2026-05-28,2026-05-28 10:40:21,V012,108.0,1.0316887796281682
2026-05-28,2026-05-28 10:40:22,V012,108.0,1.0448692847802734
2026-05-28,2026-05-28 10:40:23,V012,108.0,1.0396178002250855
2026-05-28,2026-05-28 10:40:24,V012,109.0,1.0899514123518836
2026-05-28,2026-05-28 10:40:25,V012,109.0,0.9908491734249489
2026-05-28,2026-05-28 10:40:26,V012,110.0,1.0292723780415316
2026-05-28,2026-05-28 10:40:27,V012,110.0,1.030267025116092
2026-05-28,2026-05-28 10:40:28,V012,109.0,1.0449105755259547
2026-05-28,2026-05-28 10:40:29,V012,109.0,1.1321598873690322
2026-05-28,2026-05-28 10:40:30,V012,109.0,1.1000212852863072
2026-05-28,2026-05-28 10:40:31,V012,107.0,1.077890504578242
2026-05-28,2026-05-28 10:40:32,V012,106.0,1.0406570394421417
2026-05-28,2026-05-28 10:40:33,V012,105.0,1.0760459232452002
2026-05-28,2026-05-28 10:40:34,V012,104.0,1.1430812728156192
2026-05-28,2026-05-28 10:40:35,V012,104.0,1.2085074925301862
2026-05-28,2026-05-28 10:40:36,V012,103.0,1.321352163361967
2026-05-28,2026-05-28 10:40:37,V012,103.0,1.0468756543698283
2026-05-28,2026-05-28 10:40:38,V012,102.0,1.0496524773801192
2026-05-28,2026-05-28 10:40:39,V012,102.0,1.0734462409727443
2026-05-28,2026-05-28 10:40:40,V012,102.0,1.3282791601025263
2026-05-28,2026-05-28 10:40:41,V012,103.0,1.21346887233556
2026-05-28,2026-05-28 10:40:42,V012,103.0,1.3201082056874964
2026-05-28,2026-05-28 10:40:43,V012,104.0,1.2835957778423268
2026-05-28,2026-05-28 10:40:44,V012,105.0,1.1358653124552511
2026-05-28,2026-05-28 10:40:45,V012,106.0,1.3084611583749335
2026-05-28,2026-05-28 10:40:46,V012,106.0,1.0772562878072516
2026-05-28,2026-05-28 10:40:47,V012,107.0,1.1029123225547197
2026-05-28,2026-05-28 10:40:48,V012,107.0,1.064261644994204
2026-05-28,2026-05-28 10:40:49,V012,108.0,1.0723989533787759
2026-05-28,2026-05-28 10:40:50,V012,108.0,1.029568841857098
2026-05-28,2026-05-28 10:40:51,V012,108.0,1.028870634108621
2026-05-28,2026-05-28 10:40:52,V012,109.0,1.0355794431427716
2026-05-28,2026-05-28 10:40:53,V012,109.0,1.0637626036699066
2026-05-28,2026-05-28 10:40:54,V012,109.0,1.0239419993609107
2026-05-28,2026-05-28 10:40:55,V012,109.0,1.1003746228302476
2026-05-28,2026-05-28 10:40:56,V012,109.0,1.1315354328446552
2026-05-28,2026-05-28 10:40:57,V012,109.0,1.5190205564770929
2026-05-28,2026-05-28 10:40:58,V012,108.0,1.5049651915568847
2026-05-28,2026-05-28 10:40:59,V012,108.0,1.1337077085635963
2026-05-28,2026-05-28 10:41:00,V012,108.0,1.1934525046196767
2026-05-28,2026-05-28 10:41:01,V012,108.0,1.1439682497569044
2026-05-28,2026-05-28 10:41:02,V012,108.0,1.2423715679208633
2026-05-28,2026-05-28 10:41:03,V012,109.0,1.1786859618140662
2026-05-28,2026-05-28 10:41:04,V012,109.0,1.3825344387641119
2026-05-28,2026-05-28 10:41:05,V012,109.0,1.3763062254116358
2026-05-28,2026-05-28 10:41:06,V012,110.0,1.0715282722002184
2026-05-28,2026-05-28 10:41:07,V012,110.0,1.1153475623775448
2026-05-28,2026-05-28 10:41:08,V012,110.0,1.075583894169474
2026-05-28,2026-05-28 10:41:09,V012,110.0,1.0720432897941372
2026-05-28,2026-05-28 10:41:10,V012,111.0,1.1764083636266116
2026-05-28,2026-05-28 10:41:11,V012,112.0,1.0383519210278152
2026-05-28,2026-05-28 10:41:12,V012,112.0,1.0976013537529734
2026-05-28,2026-05-28 10:41:13,V012,112.0,1.0834059060640708
2026-05-28,2026-05-28 10:41:14,V012,112.0,1.1253046200649965
2026-05-28,2026-05-28 10:41:15,V012,111.0,1.0868681806893392
2026-05-28,2026-05-28 10:41:16,V012,111.0,1.1080336119419527
2026-05-28,2026-05-28 10:41:17,V012,110.0,1.0491548874299443
2026-05-28,2026-05-28 10:41:18,V012,109.0,1.0655502285648943
2026-05-28,2026-05-28 10:41:19,V012,108.0,1.3324493651396694
2026-05-28,2026-05-28 10:41:20,V012,108.0,1.4098621308917911
2026-05-28,2026-05-28 10:41:21,V012,108.0,1.4602953611580642
2026-05-28,2026-05-28 10:41:22,V012,107.0,1.3523295916896072
2026-05-28,2026-05-28 10:41:23,V012,107.0,1.1124234371504333
2026-05-28,2026-05-28 10:41:24,V012,107.0,1.3660207527793884
2026-05-28,2026-05-28 10:41:25,V012,108.0,1.4285579442852259
2026-05-28,2026-05-28 10:41:26,V012,108.0,1.6810363408645792
2026-05-28,2026-05-28 10:41:27,V012,109.0,1.5360908626278105
2026-05-28,2026-05-28 10:41:28,V012,110.0,1.178642995961988
2026-05-28,2026-05-28 10:41:29,V012,112.0,1.0533325093803336
2026-05-28,2026-05-28 10:41:30,V012,113.0,1.0350388158878279
2026-05-28,2026-05-28 10:41:31,V012,114.0,1.0727622730389126
2026-05-28,2026-05-28 10:41:32,V012,115.0,1.019926421304217
2026-05-28,2026-05-28 10:41:33,V012,117.0,1.0457327106751493
2026-05-28,2026-05-28 10:41:34,V012,118.0,1.0284194698986595
2026-05-28,2026-05-28 10:41:35,V012,119.0,1.0627653656030178
2026-05-28,2026-05-28 10:41:36,V012,121.0,1.0076268266413375
2026-05-28,2026-05-28 10:41:37,V012,122.0,1.0193176222265885
2026-05-28,2026-05-28 10:41:38,V012,122.0,1.0347358015040737
2026-05-28,2026-05-28 10:41:39,V012,123.0,1.1555423931028814
2026-05-28,2026-05-28 10:41:40,V012,123.0,1.24203072496698
2026-05-28,2026-05-28 10:41:41,V012,124.0,1.2948760681676053
2026-05-28,2026-05-28 10:41:42,V012,124.0,1.2623030507007063
2026-05-28,2026-05-28 10:41:43,V012,125.0,1.4756309201529654
2026-05-28,2026-05-28 10:41:44,V012,125.0,1.0954020576837926
2026-05-28,2026-05-28 10:41:45,V012,126.0,1.2150910309667815
2026-05-28,2026-05-28 10:41:46,V012,127.0,1.2879476577589601
2026-05-28,2026-05-28 10:41:47,V012,127.0,1.3106714638700956
2026-05-28,2026-05-28 10:41:48,V012,128.0,1.3230812873991944
2026-05-28,2026-05-28 10:41:49,V012,128.0,1.154815721928626
2026-05-28,2026-05-28 10:41:50,V012,129.0,1.3779680370030847
2026-05-28,2026-05-28 10:41:51,V012,130.0,0.9550765799936641
2026-05-28,2026-05-28 10:41:52,V012,130.0,1.1384013439352023
2026-05-28,2026-05-28 10:41:53,V012,130.0,1.1359192469231398
2026-05-28,2026-05-28 10:41:54,V012,131.0,1.0537638310895185
2026-05-28,2026-05-28 10:41:55,V012,131.0,1.0822131192888145
2026-05-28,2026-05-28 10:41:56,V012,130.0,1.036319706071004
2026-05-28,2026-05-28 10:41:57,V012,130.0,1.1092003056035162
2026-05-28,2026-05-28 10:41:58,V012,130.0,1.091876074659235
2026-05-28,2026-05-28 10:41:59,V012,130.0,1.2453255603939202
2026-05-28,2026-05-28 10:42:00,V012,129.0,1.3359263361151925
2026-05-28,2026-05-28 10:42:01,V012,129.0,1.4250955068971105
2026-05-28,2026-05-28 10:42:02,V012,129.0,1.3223219302362104
2026-05-28,2026-05-28 10:42:03,V012,129.0,1.214023713446616
2026-05-28,2026-05-28 10:42:04,V012,129.0,1.2149918276031635
2026-05-28,2026-05-28 10:42:05,V012,129.0,1.1720540118374498
2026-05-28,2026-05-28 10:42:06,V012,129.0,1.1992841751902297
2026-05-28,2026-05-28 10:42:07,V012,129.0,1.3349602016343107
2026-05-28,2026-05-28 10:42:08,V012,129.0,1.236752189851392
2026-05-28,2026-05-28 10:42:09,V012,130.0,1.2582135542748727
2026-05-28,2026-05-28 10:42:10,V012,130.0,1.240823443565953
2026-05-28,2026-05-28 10:42:11,V012,131.0,1.2226193845759483
2026-05-28,2026-05-28 10:42:12,V012,131.0,1.0447826475104525
2026-05-28,2026-05-28 10:42:13,V012,132.0,1.0904237253420783
2026-05-28,2026-05-28 10:42:14,V012,132.0,1.045082771278494
2026-05-28,2026-05-28 10:42:15,V012,133.0,1.1057096509916098
2026-05-28,2026-05-28 10:42:16,V012,133.0,1.1031263190891878
2026-05-28,2026-05-28 10:42:17,V012,133.0,1.0567820266398045
2026-05-28,2026-05-28 10:42:18,V012,134.0,1.082921279823619
2026-05-28,2026-05-28 10:42:19,V012,133.0,1.058581945759075
2026-05-28,2026-05-28 10:42:20,V012,132.0,1.1012675796888365
2026-05-28,2026-05-28 10:42:21,V012,132.0,1.201015546596667
2026-05-28,2026-05-28 10:42:22,V012,132.0,1.1946278988847099
2026-05-28,2026-05-28 10:42:23,V012,132.0,1.442791575553777
2026-05-28,2026-05-28 10:42:24,V012,131.0,1.0797958169110065
2026-05-28,2026-05-28 10:42:25,V012,131.0,1.4191562116640637
2026-05-28,2026-05-28 10:42:26,V012,131.0,1.3192318114433106
2026-05-28,2026-05-28 10:42:27,V012,132.0,1.1226715281031439
2026-05-28,2026-05-28 10:42:28,V012,132.0,1.1242399229082902
2026-05-28,2026-05-28 10:42:29,V012,132.0,1.3064236314770064
2026-05-28,2026-05-28 10:42:30,V012,132.0,1.3412346486063773
2026-05-28,2026-05-28 10:42:31,V012,133.0,1.2087783475484617
2026-05-28,2026-05-28 10:42:32,V012,133.0,1.0299556527002722
2026-05-28,2026-05-28 10:42:33,V012,133.0,1.055115619425197
2026-05-28,2026-05-28 10:42:34,V012,133.0,1.214793813892704
2026-05-28,2026-05-28 10:42:35,V012,133.0,1.1272066041477982
2026-05-28,2026-05-28 10:42:36,V012,133.0,1.0319548985179479
2026-05-28,2026-05-28 10:42:37,V012,133.0,1.0771618971283894
2026-05-28,2026-05-28 10:42:38,V012,132.0,1.0612204048818739
2026-05-28,2026-05-28 10:42:39,V012,131.0,1.0471895271242233
2026-05-28,2026-05-28 10:42:40,V012,130.0,1.0476837318444907
2026-05-28,2026-05-28 10:42:41,V012,128.0,1.0352174911016943
2026-05-28,2026-05-28 10:42:42,V012,127.0,1.0420958751659122
2026-05-28,2026-05-28 10:42:43,V012,127.0,1.0336033293892697
2026-05-28,2026-05-28 10:42:44,V012,126.0,1.0896981699476653
2026-05-28,2026-05-28 10:42:45,V012,126.0,1.0128057610760641
2026-05-28,2026-05-28 10:42:46,V012,126.0,1.0612146851251905
2026-05-28,2026-05-28 10:42:47,V012,126.0,1.0276092996179016
2026-05-28,2026-05-28 10:42:48,V012,126.0,1.113772118401768
2026-05-28,2026-05-28 10:42:49,V012,126.0,1.0689864944497849
2026-05-28,2026-05-28 10:42:50,V012,127.0,1.0666132640231982
2026-05-28,2026-05-28 10:42:51,V012,128.0,1.0275644096468814
2026-05-28,2026-05-28 10:42:52,V012,129.0,1.0683756351818867
2026-05-28,2026-05-28 10:42:53,V012,130.0,1.0315304343461158
2026-05-28,2026-05-28 10:42:54,V012,131.0,1.059959668579801
2026-05-28,2026-05-28 10:42:55,V012,132.0,1.0595233236142936
2026-05-28,2026-05-28 10:42:56,V012,133.0,1.0315166654748809
2026-05-28,2026-05-28 10:42:57,V012,134.0,1.0429132889722241
2026-05-28,2026-05-28 10:42:58,V012,135.0,1.0450864599126075
2026-05-28,2026-05-28 10:42:59,V012,135.0,1.0527872947920764
2026-05-28,2026-05-28 10:43:00,V012,135.0,1.1032060378221074
2026-05-28,2026-05-28 10:43:01,V012,135.0,1.0747088354787355
2026-05-28,2026-05-28 10:43:02,V012,135.0,1.0599049441464685
2026-05-28,2026-05-28 10:43:03,V012,135.0,1.0467863457249116
2026-05-28,2026-05-28 10:43:04,V012,134.0,1.0829213903091248
2026-05-28,2026-05-28 10:43:05,V012,133.0,1.1548798998661791
2026-05-28,2026-05-28 10:43:06,V012,133.0,1.0943271362765805
2026-05-28,2026-05-28 10:43:07,V012,132.0,1.4735388025297638
2026-05-28,2026-05-28 10:43:08,V012,131.0,1.0432282303681013
2026-05-28,2026-05-28 10:43:09,V012,130.0,1.101036009208225
2026-05-28,2026-05-28 10:43:10,V012,129.0,1.0244706941352404
2026-05-28,2026-05-28 10:43:11,V012,127.0,1.0638923710555765
2026-05-28,2026-05-28 10:43:12,V012,126.0,1.0442337099398302
2026-05-28,2026-05-28 10:43:13,V012,125.0,1.0760791072739897
2026-05-28,2026-05-28 10:43:14,V012,124.0,1.083104224564347
2026-05-28,2026-05-28 10:43:15,V012,122.0,1.0381651742630316
2026-05-28,2026-05-28 10:43:16,V012,122.0,1.14489678640644
2026-05-28,2026-05-28 10:43:17,V012,121.0,1.032230038262248
2026-05-28,2026-05-28 10:43:18,V012,120.0,1.026323633472173
2026-05-28,2026-05-28 10:43:19,V012,119.0,1.1527040054002864
2026-05-28,2026-05-28 10:43:20,V012,118.0,1.0902634998427971
2026-05-28,2026-05-28 10:43:21,V012,117.0,1.0809242458601518
2026-05-28,2026-05-28 10:43:22,V012,116.0,1.0470349941186192
2026-05-28,2026-05-28 10:43:23,V012,116.0,1.0195573409666545
2026-05-28,2026-05-28 10:43:24,V012,115.0,1.3036920536965815
2026-05-28,2026-05-28 10:43:25,V012,115.0,1.1511346955807231
2026-05-28,2026-05-28 10:43:26,V012,115.0,1.0392563339307617
2026-05-28,2026-05-28 10:43:27,V012,114.0,1.0541122903653712
2026-05-28,2026-05-28 10:43:28,V012,113.0,1.4735489128902095
2026-05-28,2026-05-28 10:43:29,V012,113.0,1.1030466808834123
2026-05-28,2026-05-28 10:43:30,V012,113.0,1.0638960217754212
2026-05-28,2026-05-28 10:43:31,V012,113.0,1.0483487541040173
2026-05-28,2026-05-28 10:43:32,V012,112.0,1.1722725163744305
2026-05-28,2026-05-28 10:43:33,V012,112.0,1.0735458496777375
2026-05-28,2026-05-28 10:43:34,V012,112.0,1.0379402236329325
2026-05-28,2026-05-28 10:43:35,V012,112.0,1.1021981494037996
2026-05-28,2026-05-28 10:43:36,V012,112.0,1.099668573607999
2026-05-28,2026-05-28 10:43:37,V012,113.0,1.0722442725658115
2026-05-28,2026-05-28 10:43:38,V012,113.0,1.1321856247110431
2026-05-28,2026-05-28 10:43:39,V012,114.0,1.578292534028547
2026-05-28,2026-05-28 10:43:40,V012,114.0,1.360303702418704
2026-05-28,2026-05-28 10:43:41,V012,115.0,1.1727915312184936
2026-05-28,2026-05-28 10:43:42,V012,115.0,1.0684653942186266
2026-05-28,2026-05-28 10:43:43,V012,116.0,1.0633694947464465
2026-05-28,2026-05-28 10:43:44,V012,116.0,1.3944280644444744
2026-05-28,2026-05-28 10:43:45,V012,116.0,1.1883857205005997
2026-05-28,2026-05-28 10:43:46,V012,116.0,1.0928969041588747
2026-05-28,2026-05-28 10:43:47,V012,116.0,1.075231860025179
2026-05-28,2026-05-28 10:43:48,V012,117.0,1.0346852563569262
2026-05-28,2026-05-28 10:43:49,V012,117.0,1.0815135265132196
2026-05-28,2026-05-28 10:43:50,V012,118.0,1.1087869474832848
2026-05-28,2026-05-28 10:43:51,V012,119.0,1.085214687159476
2026-05-28,2026-05-28 10:43:52,V012,120.0,1.093512089697065
2026-05-28,2026-05-28 10:43:53,V012,121.0,1.045523901298081
2026-05-28,2026-05-28 10:43:54,V012,122.0,1.040797233284242
2026-05-28,2026-05-28 10:43:55,V012,123.0,1.1364976943805651
2026-05-28,2026-05-28 10:43:56,V012,123.0,1.2550559894955073
2026-05-28,2026-05-28 10:43:57,V012,124.0,1.0831491159243416
2026-05-28,2026-05-28 10:43:58,V012,125.0,1.056535531167738
2026-05-28,2026-05-28 10:43:59,V012,125.0,1.079681137772328
2026-05-28,2026-05-28 10:44:00,V012,126.0,1.0250120887263399
2026-05-28,2026-05-28 10:44:01,V012,126.0,1.5856323031244717
2026-05-28,2026-05-28 10:44:02,V012,127.0,1.2445671679971624
2026-05-28,2026-05-28 10:44:03,V012,127.0,1.2194206182381002
2026-05-28,2026-05-28 10:44:04,V012,128.0,1.1130078045609917
2026-05-28,2026-05-28 10:44:05,V012,128.0,0.9927302264996236
2026-05-28,2026-05-28 10:44:06,V012,128.0,1.0753416559313094
2026-05-28,2026-05-28 10:44:07,V012,129.0,1.085503015293469
2026-05-28,2026-05-28 10:44:08,V012,129.0,1.0335136192054837
2026-05-28,2026-05-28 10:44:09,V012,129.0,1.0733857736795913
2026-05-28,2026-05-28 10:44:10,V012,129.0,1.0225596473733838
2026-05-28,2026-05-28 10:44:11,V012,128.0,1.0401359950842732
2026-05-28,2026-05-28 10:44:12,V012,128.0,1.1328245937594434
2026-05-28,2026-05-28 10:44:13,V012,128.0,1.128237062943157
2026-05-28,2026-05-28 10:44:14,V012,128.0,1.0700524292678344
2026-05-28,2026-05-28 10:44:15,V012,128.0,1.1266583302990483
2026-05-28,2026-05-28 10:44:16,V012,128.0,1.0402591333730973
2026-05-28,2026-05-28 10:44:17,V012,128.0,1.0573947979261027
2026-05-28,2026-05-28 10:44:18,V012,128.0,1.45576549753444
2026-05-28,2026-05-28 10:44:19,V012,128.0,1.1553613538288832
2026-05-28,2026-05-28 10:44:20,V012,128.0,1.0017042087926296
2026-05-28,2026-05-28 10:44:21,V012,128.0,1.0922352724797413
2026-05-28,2026-05-28 10:44:22,V012,129.0,1.2445160846331682
2026-05-28,2026-05-28 10:44:23,V012,130.0,1.178688207929415
2026-05-28,2026-05-28 10:44:24,V012,130.0,1.0049457936287574
2026-05-28,2026-05-28 10:44:25,V012,132.0,1.0313523481465021
2026-05-28,2026-05-28 10:44:26,V012,132.0,1.0404066372272298
2026-05-28,2026-05-28 10:44:27,V012,134.0,1.513966851829756
2026-05-28,2026-05-28 10:44:28,V012,134.0,1.0210095308726006
2026-05-28,2026-05-28 10:44:29,V012,135.0,1.102727024419696
2026-05-28,2026-05-28 10:44:30,V012,136.0,1.051602444620966
2026-05-28,2026-05-28 10:44:31,V012,136.0,1.4699779706147627
2026-05-28,2026-05-28 10:44:32,V012,136.0,1.5134157030348583
2026-05-28,2026-05-28 10:44:33,V012,136.0,1.4387959840314075
2026-05-28,2026-05-28 10:44:34,V012,136.0,1.6443825950598296
2026-05-28,2026-05-28 10:44:35,V012,135.0,1.1212137345523934
2026-05-28,2026-05-28 10:44:36,V012,135.0,1.0740231611179016
2026-05-28,2026-05-28 10:44:37,V012,135.0,1.0907061754566043
2026-05-28,2026-05-28 10:44:38,V012,135.0,1.0995570654564137
2026-05-28,2026-05-28 10:44:39,V012,135.0,1.0779707065715889
2026-05-28,2026-05-28 10:44:40,V012,135.0,1.11297807926858
2026-05-28,2026-05-28 10:44:41,V012,136.0,1.0951420115923842
2026-05-28,2026-05-28 10:44:42,V012,136.0,1.0381002662024068
2026-05-28,2026-05-28 10:44:43,V012,136.0,1.0628199033198018
2026-05-28,2026-05-28 10:44:44,V012,136.0,1.0578226280153458
2026-05-28,2026-05-28 10:44:45,V012,135.0,1.0557472656068163
2026-05-28,2026-05-28 10:44:46,V012,135.0,1.1348781116338584
2026-05-28,2026-05-28 10:44:47,V012,134.0,1.0503408422181746
2026-05-28,2026-05-28 10:44:48,V012,134.0,1.0940330279061823
2026-05-28,2026-05-28 10:44:49,V012,133.0,1.1987533469100424
2026-05-28,2026-05-28 10:44:50,V012,133.0,1.5112256536756288
2026-05-28,2026-05-28 10:44:51,V012,133.0,1.1516010344123742
2026-05-28,2026-05-28 10:44:52,V012,133.0,1.1387710078493036
2026-05-28,2026-05-28 10:44:53,V012,133.0,1.5884825613485427
2026-05-28,2026-05-28 10:44:54,V012,133.0,2.1173469777755294
2026-05-28,2026-05-28 10:44:55,V012,133.0,1.3575058197257974
2026-05-28,2026-05-28 10:44:56,V012,133.0,1.2751743413489378
2026-05-28,2026-05-28 10:44:57,V012,133.0,1.0918951579935368
2026-05-28,2026-05-28 10:44:58,V012,133.0,1.104313884836823
2026-05-28,2026-05-28 10:44:59,V012,133.0,1.113727460578817
2026-05-28,2026-05-28 10:45:00,V012,134.0,0.9946874301917045
2026-05-28,2026-05-28 10:45:01,V012,134.0,1.1230887749744662
2026-05-28,2026-05-28 10:45:02,V012,134.0,1.0712111328390224
2026-05-28,2026-05-28 10:45:03,V012,134.0,1.117149681427934
2026-05-28,2026-05-28 10:45:04,V012,135.0,1.1006486207378605
2026-05-28,2026-05-28 10:45:05,V012,135.0,1.0837684239047087
2026-05-28,2026-05-28 10:45:06,V012,136.0,1.1020124893060625
2026-05-28,2026-05-28 10:45:07,V012,136.0,1.165461979000663
2026-05-28,2026-05-28 10:45:08,V012,136.0,1.2523720024032452
2026-05-28,2026-05-28 10:45:09,V012,137.0,1.0289235863552142
2026-05-28,2026-05-28 10:45:10,V012,137.0,1.0790955910895408
2026-05-28,2026-05-28 10:45:11,V012,137.0,1.1243435010415361
2026-05-28,2026-05-28 10:45:12,V012,136.0,1.0989101395855798
2026-05-28,2026-05-28 10:45:13,V012,136.0,1.0668690972416213
2026-05-28,2026-05-28 10:45:14,V012,136.0,1.3444319040975317
2026-05-28,2026-05-28 10:45:15,V012,136.0,1.0131212135524343
2026-05-28,2026-05-28 10:45:16,V012,136.0,1.0524752681742833
2026-05-28,2026-05-28 10:45:17,V012,137.0,1.9088992501100657
2026-05-28,2026-05-28 10:45:18,V012,137.0,1.6013318948182698
2026-05-28,2026-05-28 10:45:19,V012,138.0,1.100019037813116
2026-05-28,2026-05-28 10:45:20,V012,138.0,1.0181564802700975
2026-05-28,2026-05-28 10:45:21,V012,139.0,1.2572164953490281
2026-05-28,2026-05-28 10:45:22,V012,140.0,1.3233563681914877
2026-05-28,2026-05-28 10:45:23,V012,140.0,1.2433184011107699
2026-05-28,2026-05-28 10:45:24,V012,140.0,1.0789155966565538
2026-05-28,2026-05-28 10:45:25,V012,141.0,1.7098316461587348
2026-05-28,2026-05-28 10:45:26,V012,141.0,1.1454964786338973
2026-05-28,2026-05-28 10:45:27,V012,141.0,1.1072239832950126
2026-05-28,2026-05-28 10:45:28,V012,142.0,1.9218335241030613
2026-05-28,2026-05-28 10:45:29,V012,142.0,1.7078978903386923
2026-05-28,2026-05-28 10:45:30,V012,142.0,1.5373770869319925
2026-05-28,2026-05-28 10:45:31,V012,141.0,1.3351788100239002
2026-05-28,2026-05-28 10:45:32,V012,141.0,1.108709424842837
2026-05-28,2026-05-28 10:45:33,V012,141.0,0.9656682787574871
2026-05-28,2026-05-28 10:45:34,V012,140.0,1.264271920470088
2026-05-28,2026-05-28 10:45:35,V012,140.0,1.0308833466095955
2026-05-28,2026-05-28 10:45:36,V012,140.0,1.0799785686657721
2026-05-28,2026-05-28 10:45:37,V012,141.0,1.0716140687253277
2026-05-28,2026-05-28 10:45:38,V012,141.0,1.1155191381445024
2026-05-28,2026-05-28 10:45:39,V012,141.0,1.086522453137504
2026-05-28,2026-05-28 10:45:40,V012,141.0,1.0888423901952993
2026-05-28,2026-05-28 10:45:41,V012,142.0,0.9914765942935222
2026-05-28,2026-05-28 10:45:42,V012,142.0,1.053035896980677
2026-05-28,2026-05-28 10:45:43,V012,142.0,1.0607014288232182
2026-05-28,2026-05-28 10:45:44,V012,142.0,1.027764442182329
2026-05-28,2026-05-28 10:45:45,V012,143.0,1.0783220290026867
2026-05-28,2026-05-28 10:45:46,V012,144.0,1.0204735589279383
2026-05-28,2026-05-28 10:45:47,V012,145.0,1.122397069313197
2026-05-28,2026-05-28 10:45:48,V012,146.0,1.0508462714467206
2026-05-28,2026-05-28 10:45:49,V012,147.0,1.078997397289566
2026-05-28,2026-05-28 10:45:50,V012,148.0,1.3025041466578313
2026-05-28,2026-05-28 10:45:51,V012,149.0,1.4573859860201555
2026-05-28,2026-05-28 10:45:52,V012,150.0,1.0869217810409217
2026-05-28,2026-05-28 10:45:53,V012,151.0,1.0825304721303923
2026-05-28,2026-05-28 10:45:54,V012,151.0,1.064939845477012
2026-05-28,2026-05-28 10:45:55,V012,152.0,1.1448088831898053
2026-05-28,2026-05-28 10:45:56,V012,152.0,1.270254521348603
2026-05-28,2026-05-28 10:45:57,V012,152.0,1.2563317214722969
2026-05-28,2026-05-28 10:45:58,V012,152.0,1.0965718920816165
2026-05-28,2026-05-28 10:45:59,V012,152.0,1.0724468725393632
2026-05-28,2026-05-28 10:46:00,V012,152.0,1.056421137294724
2026-05-28,2026-05-28 10:46:01,V012,152.0,1.385418886366267
2026-05-28,2026-05-28 10:46:02,V012,152.0,1.2078375994758803
2026-05-28,2026-05-28 10:46:03,V012,151.0,1.0324755156235415
2026-05-28,2026-05-28 10:46:04,V012,151.0,1.4777837201905692
2026-05-28,2026-05-28 10:46:05,V012,150.0,1.3699391656302407
2026-05-28,2026-05-28 10:46:06,V012,150.0,1.2814713056076448
2026-05-28,2026-05-28 10:46:07,V012,149.0,1.120150402319263
2026-05-28,2026-05-28 10:46:08,V012,149.0,1.1465371370011423
2026-05-28,2026-05-28 10:46:09,V012,148.0,0.9986667328086337
2026-05-28,2026-05-28 10:46:10,V012,148.0,1.053358249140988
2026-05-28,2026-05-28 10:46:11,V012,148.0,1.0309104847090784
2026-05-28,2026-05-28 10:46:12,V012,148.0,1.0803852584186215
2026-05-28,2026-05-28 10:46:13,V012,149.0,1.0712802915695843
2026-05-28,2026-05-28 10:46:14,V012,149.0,1.038903861255271
2026-05-28,2026-05-28 10:46:15,V012,149.0,1.0474623199291415
2026-05-28,2026-05-28 10:46:16,V012,149.0,1.043871765392107
2026-05-28,2026-05-28 10:46:17,V012,150.0,1.0692398869066417
2026-05-28,2026-05-28 10:46:18,V012,150.0,1.1432017766507137
2026-05-28,2026-05-28 10:46:19,V012,150.0,1.1173345965629733
2026-05-28,2026-05-28 10:46:20,V012,150.0,1.0602240749699439
2026-05-28,2026-05-28 10:46:21,V012,150.0,1.0664918851470626
2026-05-28,2026-05-28 10:46:22,V012,150.0,1.1090069875186774
2026-05-28,2026-05-28 10:46:23,V012,150.0,1.0472628461344446
2026-05-28,2026-05-28 10:46:24,V012,150.0,1.2539762578006501
2026-05-28,2026-05-28 10:46:25,V012,150.0,1.1877049487591314
2026-05-28,2026-05-28 10:46:26,V012,150.0,1.0344311415620757
2026-05-28,2026-05-28 10:46:27,V012,150.0,1.0626214870274164
2026-05-28,2026-05-28 10:46:28,V012,150.0,1.3737116774535933
2026-05-28,2026-05-28 10:46:29,V012,150.0,1.15707802468577
2026-05-28,2026-05-28 10:46:30,V012,151.0,1.422025781726623
2026-05-28,2026-05-28 10:46:31,V012,151.0,1.0515848686300187
2026-05-28,2026-05-28 10:46:32,V012,152.0,1.839116080745295
2026-05-28,2026-05-28 10:46:33,V012,152.0,1.1955417165293498
2026-05-28,2026-05-28 10:46:34,V012,152.0,1.6597068209857424
2026-05-28,2026-05-28 10:46:35,V012,152.0,1.4585510533111579
2026-05-28,2026-05-28 10:46:36,V012,152.0,1.4155302877319518
2026-05-28,2026-05-28 10:46:37,V012,152.0,1.0317262911910103
2026-05-28,2026-05-28 10:46:38,V012,152.0,1.0331463810292045
2026-05-28,2026-05-28 10:46:39,V012,152.0,1.125844370796297
2026-05-28,2026-05-28 10:46:40,V012,151.0,1.0833157063438807
2026-05-28,2026-05-28 10:46:41,V012,150.0,1.0608920146971625
2026-05-28,2026-05-28 10:46:42,V012,150.0,1.0541072572038563
2026-05-28,2026-05-28 10:46:43,V012,149.0,1.0589325744308231
2026-05-28,2026-05-28 10:46:44,V012,148.0,1.084927041447381
2026-05-28,2026-05-28 10:46:45,V012,148.0,1.0823728721786798
2026-05-28,2026-05-28 10:46:46,V012,148.0,1.0398956685016483
2026-05-28,2026-05-28 10:46:47,V012,147.0,1.1612956470318234
2026-05-28,2026-05-28 10:46:48,V012,147.0,1.1184905720479936
2026-05-28,2026-05-28 10:46:49,V012,147.0,1.0668341714752334
2026-05-28,2026-05-28 10:46:50,V012,147.0,1.3678283421410475
2026-05-28,2026-05-28 10:46:51,V012,148.0,1.554935189486205
2026-05-28,2026-05-28 10:46:52,V012,148.0,1.21409705874501
2026-05-28,2026-05-28 10:46:53,V012,148.0,1.111162923443424
2026-05-28,2026-05-28 10:46:54,V012,149.0,1.1549724308415514
2026-05-28,2026-05-28 10:46:55,V012,150.0,1.149841956317622
2026-05-28,2026-05-28 10:46:56,V012,150.0,1.0725558634586219
2026-05-28,2026-05-28 10:46:57,V012,151.0,1.1343962464352988
2026-05-28,2026-05-28 10:46:58,V012,151.0,1.2062403855150243
2026-05-28,2026-05-28 10:46:59,V012,152.0,1.1881067452733491
2026-05-28,2026-05-28 10:47:00,V012,152.0,1.042919618910127
2026-05-28,2026-05-28 10:47:01,V012,152.0,1.003926777533728
2026-05-28,2026-05-28 10:47:02,V012,152.0,1.0904059488665037
2026-05-28,2026-05-28 10:47:03,V012,152.0,1.0738490870113961
2026-05-28,2026-05-28 10:47:04,V012,151.0,1.0884398529263786
2026-05-28,2026-05-28 10:47:05,V012,151.0,1.1623411612494543
2026-05-28,2026-05-28 10:47:06,V012,151.0,1.2836561615276558
2026-05-28,2026-05-28 10:47:07,V012,151.0,1.157582258806868
2026-05-28,2026-05-28 10:47:08,V012,150.0,1.4199402064454494
2026-05-28,2026-05-28 10:47:09,V012,150.0,1.04437044815597
2026-05-28,2026-05-28 10:47:10,V012,150.0,1.1373392031134804
2026-05-28,2026-05-28 10:47:11,V012,149.0,1.0459783295351477
2026-05-28,2026-05-28 10:47:12,V012,149.0,1.0079637347273283
2026-05-28,2026-05-28 10:47:13,V012,148.0,1.0943034850584326
2026-05-28,2026-05-28 10:47:14,V012,148.0,1.0552234807908651
2026-05-28,2026-05-28 10:47:15,V012,147.0,1.4471683268497357
2026-05-28,2026-05-28 10:47:16,V012,147.0,1.0237907279946663
2026-05-28,2026-05-28 10:47:17,V012,147.0,1.0700622247657707
2026-05-28,2026-05-28 10:47:18,V012,147.0,1.0883029097990795
2026-05-28,2026-05-28 10:47:19,V012,147.0,1.1429568745075354
2026-05-28,2026-05-28 10:47:20,V012,146.0,1.156373659146129
2026-05-28,2026-05-28 10:47:21,V012,146.0,1.1423223739183563
2026-05-28,2026-05-28 10:47:22,V012,146.0,1.0494330624491206
2026-05-28,2026-05-28 10:47:23,V012,145.0,1.161474677594389
2026-05-28,2026-05-28 10:47:24,V012,145.0,1.0879451836959284
2026-05-28,2026-05-28 10:47:25,V012,144.0,1.0528384222235263
2026-05-28,2026-05-28 10:47:26,V012,144.0,1.060254811594384
2026-05-28,2026-05-28 10:47:27,V012,144.0,1.0494805007287273
2026-05-28,2026-05-28 10:47:28,V012,143.0,1.070702907518734
2026-05-28,2026-05-28 10:47:29,V012,143.0,1.0690766443090438
2026-05-28,2026-05-28 10:47:30,V012,143.0,1.1090919637689296
2026-05-28,2026-05-28 10:47:31,V012,142.0,1.0825943960007702
2026-05-28,2026-05-28 10:47:32,V012,142.0,1.0392876465992813
2026-05-28,2026-05-28 10:47:33,V012,142.0,1.0001062778000764
2026-05-28,2026-05-28 10:47:34,V012,142.0,1.0766218200675304
2026-05-28,2026-05-28 10:47:35,V012,142.0,1.0320885998190585
2026-05-28,2026-05-28 10:47:36,V012,141.0,1.074040536350758
2026-05-28,2026-05-28 10:47:37,V012,141.0,0.9954478484337793
2026-05-28,2026-05-28 10:47:38,V012,141.0,1.0443697905976077
2026-05-28,2026-05-28 10:47:39,V012,141.0,1.02564267816095
2026-05-28,2026-05-28 10:47:40,V012,140.0,1.0283128379269895
2026-05-28,2026-05-28 10:47:41,V012,140.0,1.0317544483152972
2026-05-28,2026-05-28 10:47:42,V012,140.0,1.0090733564643717
2026-05-28,2026-05-28 10:47:43,V012,139.0,1.0447054997003686
2026-05-28,2026-05-28 10:47:44,V012,139.0,0.9761018273066264
2026-05-28,2026-05-28 10:47:45,V012,139.0,1.0952656937055274
2026-05-28,2026-05-28 10:47:46,V012,139.0,1.0359534801604386
2026-05-28,2026-05-28 10:47:47,V012,139.0,1.0342432894022286
2026-05-28,2026-05-28 10:47:48,V012,139.0,1.0254500683304946
2026-05-28,2026-05-28 10:47:49,V012,139.0,1.0220921651725206
2026-05-28,2026-05-28 10:47:50,V012,139.0,1.0279795308116504
2026-05-28,2026-05-28 10:47:51,V012,139.0,1.074680635648127
2026-05-28,2026-05-28 10:47:52,V012,139.0,1.0235660753216655
2026-05-28,2026-05-28 10:47:53,V012,138.0,1.0320389277855906
2026-05-28,2026-05-28 10:47:54,V012,138.0,0.9986812377447102
2026-05-28,2026-05-28 10:47:55,V012,138.0,1.0108282223575284
2026-05-28,2026-05-28 10:47:56,V012,137.0,0.9934476314155747
2026-05-28,2026-05-28 10:47:57,V012,137.0,1.05298793198715
2026-05-28,2026-05-28 10:47:58,V012,136.0,1.047640743423845
2026-05-28,2026-05-28 10:47:59,V012,135.0,1.0421641010942955
2026-05-28,2026-05-28 10:48:00,V012,135.0,1.0597250138595562
2026-05-28,2026-05-28 10:48:01,V012,134.0,1.0045773635122917
2026-05-28,2026-05-28 10:48:02,V012,133.0,1.0527482157937784
2026-05-28,2026-05-28 10:48:03,V012,132.0,1.0392450360309555
2026-05-28,2026-05-28 10:48:04,V012,131.0,1.2239953280503462
2026-05-28,2026-05-28 10:48:05,V012,131.0,1.1114113707494635
2026-05-28,2026-05-28 10:48:06,V012,130.0,1.158954454075813
2026-05-28,2026-05-28 10:48:07,V012,130.0,1.0603955302640686
2026-05-28,2026-05-28 10:48:08,V012,131.0,1.1098097105730969
2026-05-28,2026-05-28 10:48:09,V012,131.0,1.0685771974190867
2026-05-28,2026-05-28 10:48:10,V012,131.0,1.1197133458763961
2026-05-28,2026-05-28 10:48:11,V012,131.0,1.1130654100396289
2026-05-28,2026-05-28 10:48:12,V012,131.0,1.0768763278764302
2026-05-28,2026-05-28 10:48:13,V012,132.0,1.1294400477254807
2026-05-28,2026-05-28 10:48:14,V012,132.0,1.1346008968685093
2026-05-28,2026-05-28 10:48:15,V012,132.0,1.0896479471202074
2026-05-28,2026-05-28 10:48:16,V012,132.0,1.0757578030756718
2026-05-28,2026-05-28 10:48:17,V012,132.0,1.2878409623983136
2026-05-28,2026-05-28 10:48:18,V012,133.0,1.1394461495075705
2026-05-28,2026-05-28 10:48:19,V012,133.0,1.0727552758436836
2026-05-28,2026-05-28 10:48:20,V012,133.0,1.07221867343699
2026-05-28,2026-05-28 10:48:21,V012,132.0,1.0270413466005046
2026-05-28,2026-05-28 10:48:22,V012,132.0,1.069205478797743
2026-05-28,2026-05-28 10:48:23,V012,131.0,1.064942379613964
2026-05-28,2026-05-28 10:48:24,V012,131.0,1.0397954586178775
2026-05-28,2026-05-28 10:48:25,V012,130.0,1.0451436071624685
2026-05-28,2026-05-28 10:48:26,V012,129.0,1.094590606146296
2026-05-28,2026-05-28 10:48:27,V012,128.0,1.066062223961071
2026-05-28,2026-05-28 10:48:28,V012,127.0,1.0562830776081584
2026-05-28,2026-05-28 10:48:29,V012,126.0,1.0766727718195062
2026-05-28,2026-05-28 10:48:30,V012,126.0,1.0670066136875753
2026-05-28,2026-05-28 10:48:31,V012,125.0,1.035062197482705
2026-05-28,2026-05-28 10:48:32,V012,125.0,1.055308654290171
2026-05-28,2026-05-28 10:48:33,V012,125.0,1.0955558519807997
2026-05-28,2026-05-28 10:48:34,V012,125.0,1.004576583400248
2026-05-28,2026-05-28 10:48:35,V012,125.0,1.104662512166036
2026-05-28,2026-05-28 10:48:36,V012,125.0,1.0605753113041627
2026-05-28,2026-05-28 10:48:37,V012,125.0,1.0906823102290613
2026-05-28,2026-05-28 10:48:38,V012,125.0,0.9952634733193283
2026-05-28,2026-05-28 10:48:39,V012,125.0,1.0442555101844146
2026-05-28,2026-05-28 10:48:40,V012,125.0,1.0280921793815971
2026-05-28,2026-05-28 10:48:41,V012,125.0,1.0325949586473202
2026-05-28,2026-05-28 10:48:42,V012,125.0,1.0326644934414362
2026-05-28,2026-05-28 10:48:43,V012,125.0,1.0377643337127307
2026-05-28,2026-05-28 10:48:44,V012,124.0,1.0749145604654229
2026-05-28,2026-05-28 10:48:45,V012,124.0,1.0343069445593969
2026-05-28,2026-05-28 10:48:46,V012,124.0,1.028784779106637
2026-05-28,2026-05-28 10:48:47,V012,125.0,1.04118898693985
2026-05-28,2026-05-28 10:48:48,V012,125.0,1.0473568341514037
2026-05-28,2026-05-28 10:48:49,V012,125.0,1.035151292459279
2026-05-28,2026-05-28 10:48:50,V012,125.0,1.039204739810979
2026-05-28,2026-05-28 10:48:51,V012,126.0,1.0287146877911295
2026-05-28,2026-05-28 10:48:52,V012,126.0,1.032886485558964
2026-05-28,2026-05-28 10:48:53,V012,126.0,1.026643755194349
2026-05-28,2026-05-28 10:48:54,V012,126.0,1.0360842272623985
2026-05-28,2026-05-28 10:48:55,V012,126.0,1.0283678382180863
2026-05-28,2026-05-28 10:48:56,V012,126.0,1.040547813041735
2026-05-28,2026-05-28 10:48:57,V012,126.0,1.0574538561718665
2026-05-28,2026-05-28 10:48:58,V012,126.0,1.0494635214451318
2026-05-28,2026-05-28 10:48:59,V012,126.0,1.0822465875499128
2026-05-28,2026-05-28 10:49:00,V012,126.0,1.0495623524840725
2026-05-28,2026-05-28 10:49:01,V012,125.0,1.0578970128570437
2026-05-28,2026-05-28 10:49:02,V012,125.0,1.0291521374313952
2026-05-28,2026-05-28 10:49:03,V012,124.0,1.0355363136907865
2026-05-28,2026-05-28 10:49:04,V012,124.0,1.0377561110922933
2026-05-28,2026-05-28 10:49:05,V012,123.0,1.0399624293939853
2026-05-28,2026-05-28 10:49:06,V012,122.0,1.0371697670924163
2026-05-28,2026-05-28 10:49:07,V012,120.0,1.025163908117723
2026-05-28,2026-05-28 10:49:08,V012,119.0,1.0452809504788447
2026-05-28,2026-05-28 10:49:09,V012,119.0,1.0687069759503915
2026-05-28,2026-05-28 10:49:10,V012,118.0,1.0452724437624161
2026-05-28,2026-05-28 10:49:11,V012,117.0,1.0712447069447224
2026-05-28,2026-05-28 10:49:12,V012,117.0,1.083177844436326
2026-05-28,2026-05-28 10:49:13,V012,117.0,1.0439368455681053
2026-05-28,2026-05-28 10:49:14,V012,116.0,1.044483595476095
2026-05-28,2026-05-28 10:49:15,V012,116.0,1.0309400667491122
2026-05-28,2026-05-28 10:49:16,V012,116.0,1.0318973013731023
2026-05-28,2026-05-28 10:49:17,V012,115.0,1.0307679303951287
2026-05-28,2026-05-28 10:49:18,V012,114.0,1.0292119498052437
2026-05-28,2026-05-28 10:49:19,V012,113.0,1.029789155724445
2026-05-28,2026-05-28 10:49:20,V012,113.0,1.0313346704771431
2026-05-28,2026-05-28 10:49:21,V012,112.0,1.026076802034447
2026-05-28,2026-05-28 10:49:22,V012,111.0,1.0403101970851105
2026-05-28,2026-05-28 10:49:23,V012,110.0,1.0700336364734726
2026-05-28,2026-05-28 10:49:24,V012,110.0,1.075582591500799
2026-05-28,2026-05-28 10:49:25,V012,111.0,1.7085893755268802
2026-05-28,2026-05-28 10:49:26,V012,111.0,1.0461716145160744
2026-05-28,2026-05-28 10:49:27,V012,111.0,1.154414148392415
2026-05-28,2026-05-28 10:49:28,V012,111.0,1.7871505157465268
2026-05-28,2026-05-28 10:49:29,V012,111.0,1.047346479974205
2026-05-28,2026-05-28 10:49:30,V012,111.0,1.0184025310336775
2026-05-28,2026-05-28 10:49:31,V012,111.0,1.3806791061789891
2026-05-28,2026-05-28 10:49:32,V012,111.0,1.0696255700416826
2026-05-28,2026-05-28 10:49:33,V012,111.0,1.0844533441163688
2026-05-28,2026-05-28 10:49:34,V012,112.0,1.2657281307441322
2026-05-28,2026-05-28 10:49:35,V012,113.0,1.0503885587562798
2026-05-28,2026-05-28 10:49:36,V012,114.0,1.0408354874677306
2026-05-28,2026-05-28 10:49:37,V012,115.0,1.0773930737786879
2026-05-28,2026-05-28 10:49:38,V012,115.0,1.340221900390521
2026-05-28,2026-05-28 10:49:39,V012,115.0,1.131399869874461
2026-05-28,2026-05-28 10:49:40,V012,114.0,1.259400932578346
2026-05-28,2026-05-28 10:49:41,V012,114.0,1.1471691960592127
2026-05-28,2026-05-28 10:49:42,V012,113.0,1.1299561567665553
2026-05-28,2026-05-28 10:49:43,V012,113.0,1.5336891158943655
2026-05-28,2026-05-28 10:49:44,V012,113.0,1.1349352417543395
2026-05-28,2026-05-28 10:49:45,V012,113.0,1.1812241837016162
2026-05-28,2026-05-28 10:49:46,V012,113.0,1.4266058396584473
2026-05-28,2026-05-28 10:49:47,V012,113.0,1.1621598449356754
2026-05-28,2026-05-28 10:49:48,V012,114.0,1.0704965693954795
2026-05-28,2026-05-28 10:49:49,V012,114.0,1.4036413203139835
2026-05-28,2026-05-28 10:49:50,V012,114.0,1.0448382881805567
2026-05-28,2026-05-28 10:49:51,V012,115.0,1.0351328596580536
2026-05-28,2026-05-28 10:49:52,V012,115.0,1.0378507108860038
2026-05-28,2026-05-28 10:49:53,V012,116.0,1.0712187391754464
2026-05-28,2026-05-28 10:49:54,V012,117.0,1.0824726520781773
2026-05-28,2026-05-28 10:49:55,V012,117.0,1.0341514656097293
2026-05-28,2026-05-28 10:49:56,V012,117.0,1.0856224375314847
2026-05-28,2026-05-28 10:49:57,V012,117.0,1.3197575151260568
2026-05-28,2026-05-28 10:49:58,V012,117.0,1.4038400856664974
2026-05-28,2026-05-28 10:49:59,V012,117.0,1.5951026313321088
2026-05-28,2026-05-28 10:50:00,V012,116.0,1.236317561296908
2026-05-28,2026-05-28 10:50:01,V012,116.0,1.654708355828052
2026-05-28,2026-05-28 10:50:02,V012,117.0,1.0360175214498135
2026-05-28,2026-05-28 10:50:03,V012,117.0,1.0770114603530665
2026-05-28,2026-05-28 10:50:04,V012,117.0,1.403952049677976
2026-05-28,2026-05-28 10:50:05,V012,118.0,1.1599455567510017
2026-05-28,2026-05-28 10:50:06,V012,119.0,1.6064787900370812
2026-05-28,2026-05-28 10:50:07,V012,120.0,1.615872190256369
2026-05-28,2026-05-28 10:50:08,V012,120.0,1.1835297149689703
2026-05-28,2026-05-28 10:50:09,V012,121.0,1.5008969878722696
2026-05-28,2026-05-28 10:50:10,V012,122.0,1.009755431340725
2026-05-28,2026-05-28 10:50:11,V012,122.0,1.171550180926509
2026-05-28,2026-05-28 10:50:12,V012,122.0,1.1824531439343124
2026-05-28,2026-05-28 10:50:13,V012,122.0,1.0270108138757934
2026-05-28,2026-05-28 10:50:14,V012,121.0,1.2209609266504073
2026-05-28,2026-05-28 10:50:15,V012,121.0,1.0822874278699346
2026-05-28,2026-05-28 10:50:16,V012,120.0,1.130437209588897
2026-05-28,2026-05-28 10:50:17,V012,120.0,1.3941249092623542
2026-05-28,2026-05-28 10:50:18,V012,121.0,1.0891792905537245
2026-05-28,2026-05-28 10:50:19,V012,121.0,1.403347542854299
2026-05-28,2026-05-28 10:50:20,V012,121.0,1.1349116507078016
2026-05-28,2026-05-28 10:50:21,V012,122.0,1.058975456702095
2026-05-28,2026-05-28 10:50:22,V012,122.0,1.365411707548911
2026-05-28,2026-05-28 10:50:23,V012,123.0,1.1465632522638676
2026-05-28,2026-05-28 10:50:24,V012,123.0,1.0342496273178328
2026-05-28,2026-05-28 10:50:25,V012,124.0,1.8493500621663703
2026-05-28,2026-05-28 10:50:26,V012,125.0,1.0749465390330197
2026-05-28,2026-05-28 10:50:27,V012,125.0,1.0321590467126127
2026-05-28,2026-05-28 10:50:28,V012,125.0,1.0403497178276087
2026-05-28,2026-05-28 10:50:29,V012,125.0,1.0018776073659423
2026-05-28,2026-05-28 10:50:30,V012,125.0,1.0898377937041706
2026-05-28,2026-05-28 10:50:31,V012,126.0,1.2634021399102804
2026-05-28,2026-05-28 10:50:32,V012,127.0,1.0585242901430172
2026-05-28,2026-05-28 10:50:33,V012,128.0,1.0664724800714622
2026-05-28,2026-05-28 10:50:34,V012,129.0,1.0373187116197806
2026-05-28,2026-05-28 10:50:35,V012,130.0,1.0693921376449782
2026-05-28,2026-05-28 10:50:36,V012,131.0,1.0214802742382263
2026-05-28,2026-05-28 10:50:37,V012,131.0,1.0196438979254014
2026-05-28,2026-05-28 10:50:38,V012,132.0,1.045735257155772
2026-05-28,2026-05-28 10:50:39,V012,132.0,1.0553469418956298
2026-05-28,2026-05-28 10:50:40,V012,132.0,1.0266436194087079
2026-05-28,2026-05-28 10:50:41,V012,132.0,1.0497931560428628
2026-05-28,2026-05-28 10:50:42,V012,131.0,1.0403914150651297
2026-05-28,2026-05-28 10:50:43,V012,131.0,1.0172224700041375
2026-05-28,2026-05-28 10:50:44,V012,131.0,1.019837447108355
2026-05-28,2026-05-28 10:50:45,V012,130.0,1.0167277673504231
2026-05-28,2026-05-28 10:50:46,V012,129.0,1.0212783284391285
2026-05-28,2026-05-28 10:50:47,V012,128.0,1.0214675716704846
2026-05-28,2026-05-28 10:50:48,V012,128.0,1.026130449273565
2026-05-28,2026-05-28 10:50:49,V012,128.0,1.0124811836397418
2026-05-28,2026-05-28 10:50:50,V012,128.0,1.0234495025741828
2026-05-28,2026-05-28 10:50:51,V012,128.0,1.0223405916000423
2026-05-28,2026-05-28 10:50:52,V012,128.0,1.0225479924480771
2026-05-28,2026-05-28 10:50:53,V012,128.0,1.0194618295068352
2026-05-28,2026-05-28 10:50:54,V012,128.0,1.0220707006112255
2026-05-28,2026-05-28 10:50:55,V012,127.0,1.0228352645876344
2026-05-28,2026-05-28 10:50:56,V012,127.0,1.0192654485772288
2026-05-28,2026-05-28 10:50:57,V012,126.0,1.0227835354231603
2026-05-28,2026-05-28 10:50:58,V012,125.0,1.0258698944173028
2026-05-28,2026-05-28 10:50:59,V012,124.0,1.01951559845243
2026-05-28,2026-05-28 10:51:00,V012,123.0,1.0192491266955497
2026-05-28,2026-05-28 10:51:01,V012,122.0,1.0211524995065189
2026-05-28,2026-05-28 10:51:02,V012,122.0,1.0191310900618094
2026-05-28,2026-05-28 10:51:03,V012,121.0,1.0202778477418455
2026-05-28,2026-05-28 10:51:04,V012,121.0,1.0192534209222657
2026-05-28,2026-05-28 10:51:05,V012,121.0,1.0201885947585452
2026-05-28,2026-05-28 10:51:06,V012,121.0,1.0211848173275282
2026-05-28,2026-05-28 10:51:07,V012,121.0,1.0219241821078866
2026-05-28,2026-05-28 10:51:08,V012,121.0,1.018869468631478
2026-05-28,2026-05-28 10:51:09,V012,121.0,1.021637541440651
2026-05-28,2026-05-28 10:51:10,V012,122.0,1.0210959861340434
2026-05-28,2026-05-28 10:51:11,V012,122.0,1.0200565341517984
2026-05-28,2026-05-28 10:51:12,V012,122.0,1.0231203571661898
2026-05-28,2026-05-28 10:51:13,V012,121.0,1.0195242886699165
2026-05-28,2026-05-28 10:51:14,V012,121.0,1.0571184059808691
2026-05-28,2026-05-28 10:51:15,V012,120.0,1.0211223145958856
2026-05-28,2026-05-28 10:51:16,V012,120.0,1.032719922086441
2026-05-28,2026-05-28 10:51:17,V012,119.0,1.050769676081441
2026-05-28,2026-05-28 10:51:18,V012,118.0,1.0317830925236944
2026-05-28,2026-05-28 10:51:19,V012,117.0,1.0297342719991962
2026-05-28,2026-05-28 10:51:20,V012,116.0,1.0407758366978626
2026-05-28,2026-05-28 10:51:21,V012,115.0,1.0230128091368462
2026-05-28,2026-05-28 10:51:22,V012,114.0,1.063543105999081
2026-05-28,2026-05-28 10:51:23,V012,113.0,1.0445609688668598
2026-05-28,2026-05-28 10:51:24,V012,112.0,1.064053404304084
2026-05-28,2026-05-28 10:51:25,V012,111.0,1.0773094130278602
2026-05-28,2026-05-28 10:51:26,V012,110.0,1.0791722131568708
2026-05-28,2026-05-28 10:51:27,V012,109.0,1.0545750154831577
2026-05-28,2026-05-28 10:51:28,V012,108.0,1.0370632850612944
2026-05-28,2026-05-28 10:51:29,V012,108.0,1.075732679539246
2026-05-28,2026-05-28 10:51:30,V012,107.0,1.0690028655975385
2026-05-28,2026-05-28 10:51:31,V012,106.0,1.0871428724470904
2026-05-28,2026-05-28 10:51:32,V012,106.0,1.0647440430622819
2026-05-28,2026-05-28 10:51:33,V012,106.0,1.0334236577076454
2026-05-28,2026-05-28 10:51:34,V012,104.0,1.0311477579108999
2026-05-28,2026-05-28 10:51:35,V012,104.0,1.0314276074625421
2026-05-28,2026-05-28 10:51:36,V012,104.0,1.030589670815856
2026-05-28,2026-05-28 10:51:37,V012,104.0,1.0315841477110108
2026-05-28,2026-05-28 10:51:38,V012,104.0,1.030810790729774
2026-05-28,2026-05-28 10:51:39,V012,104.0,1.0307677473291694
2026-05-28,2026-05-28 10:51:40,V012,104.0,1.0318169994099071
2026-05-28,2026-05-28 10:51:41,V012,104.0,1.031089866149415
2026-05-28,2026-05-28 10:51:42,V012,104.0,1.0310596303188597
2026-05-28,2026-05-28 10:51:43,V012,104.0,1.030330496186159
2026-05-28,2026-05-28 10:51:44,V012,104.0,1.0322650588878222
2026-05-28,2026-05-28 10:51:45,V012,103.0,1.0309487519585758
2026-05-28,2026-05-28 10:51:46,V012,103.0,1.0315330399025535
2026-05-28,2026-05-28 10:51:47,V012,103.0,1.0304371875344436
2026-05-28,2026-05-28 10:51:48,V012,104.0,1.0320464923280293
2026-05-28,2026-05-28 10:51:49,V012,104.0,1.0315042284623308
2026-05-28,2026-05-28 10:51:50,V012,105.0,1.0304042868878653
2026-05-28,2026-05-28 10:51:51,V012,106.0,1.0309004107447775
2026-05-28,2026-05-28 10:51:52,V012,106.0,1.0293435442973016
2026-05-28,2026-05-28 10:51:53,V012,106.0,1.032054750171859
2026-05-28,2026-05-28 10:51:54,V012,107.0,1.0303251811265877
2026-05-28,2026-05-28 10:51:55,V012,106.0,1.0319629654091023
2026-05-28,2026-05-28 10:51:56,V012,106.0,1.0313577173051784
2026-05-28,2026-05-28 10:51:57,V012,106.0,1.0315945791198797
2026-05-28,2026-05-28 10:51:58,V012,106.0,1.0378930718418213
2026-05-28,2026-05-28 10:51:59,V012,106.0,1.0832866524521159
2026-05-28,2026-05-28 10:52:00,V012,106.0,1.086394839324302
2026-05-28,2026-05-28 10:52:01,V012,106.0,1.559971609628866
2026-05-28,2026-05-28 10:52:02,V012,106.0,1.216352368426362
2026-05-28,2026-05-28 10:52:03,V012,106.0,0.9803040812432124
2026-05-28,2026-05-28 10:52:04,V012,106.0,1.0655189090527346
2026-05-28,2026-05-28 10:52:05,V012,106.0,1.0769273947067148
2026-05-28,2026-05-28 10:52:06,V012,106.0,1.0597732685282355
2026-05-28,2026-05-28 10:52:07,V012,106.0,1.0275908926540132
2026-05-28,2026-05-28 10:52:08,V012,106.0,1.0462290215742613
2026-05-28,2026-05-28 10:52:09,V012,106.0,1.0731047770676945
2026-05-28,2026-05-28 10:52:10,V012,107.0,1.1021237708526255
2026-05-28,2026-05-28 10:52:11,V012,107.0,1.073007674489763
2026-05-28,2026-05-28 10:52:12,V012,107.0,1.2594126503283338
2026-05-28,2026-05-28 10:52:13,V012,108.0,1.0630419928214687
2026-05-28,2026-05-28 10:52:14,V012,108.0,1.053694825318581
2026-05-28,2026-05-28 10:52:15,V012,107.0,1.1097994508419
2026-05-28,2026-05-28 10:52:16,V012,107.0,1.0924376257764608
2026-05-28,2026-05-28 10:52:17,V012,107.0,1.138266215755851
2026-05-28,2026-05-28 10:52:18,V012,106.0,1.0359176434191242
2026-05-28,2026-05-28 10:52:19,V012,108.0,1.056645183840533
2026-05-28,2026-05-28 10:52:20,V012,109.0,1.1318180779711136
2026-05-28,2026-05-28 10:52:21,V012,109.0,1.1567070616609239
2026-05-28,2026-05-28 10:52:22,V012,110.0,1.0945357210115547
2026-05-28,2026-05-28 10:52:23,V012,110.0,1.0331068622521862
2026-05-28,2026-05-28 10:52:24,V012,111.0,1.1914668893205673
2026-05-28,2026-05-28 10:52:25,V012,111.0,1.0145299614096708
2026-05-28,2026-05-28 10:52:26,V012,111.0,1.1036165989927795
2026-05-28,2026-05-28 10:52:27,V012,111.0,1.117778442384312
2026-05-28,2026-05-28 10:52:28,V012,111.0,1.0778090549982227
2026-05-28,2026-05-28 10:52:29,V012,111.0,1.0428260386196544
2026-05-28,2026-05-28 10:52:30,V012,111.0,1.0311077549399748
2026-05-28,2026-05-28 10:52:31,V012,111.0,1.0265966652328227
2026-05-28,2026-05-28 10:52:32,V012,111.0,1.0437026071966804
2026-05-28,2026-05-28 10:52:33,V012,110.0,1.0346588428789147
2026-05-28,2026-05-28 10:52:34,V012,110.0,1.219128637006694
2026-05-28,2026-05-28 10:52:35,V012,110.0,1.192329359378804
2026-05-28,2026-05-28 10:52:36,V012,110.0,1.0957139094518404
2026-05-28,2026-05-28 10:52:37,V012,110.0,1.1549500250271552
2026-05-28,2026-05-28 10:52:38,V012,110.0,1.1202396657899814
2026-05-28,2026-05-28 10:52:39,V012,110.0,1.0122646455497304
2026-05-28,2026-05-28 10:52:40,V012,109.0,1.2367693670468052
2026-05-28,2026-05-28 10:52:41,V012,109.0,1.0313653303033474
2026-05-28,2026-05-28 10:52:42,V012,109.0,1.1181161002806304
2026-05-28,2026-05-28 10:52:43,V012,110.0,0.9968094138361516
2026-05-28,2026-05-28 10:52:44,V012,110.0,1.0523145639860885
2026-05-28,2026-05-28 10:52:45,V012,111.0,1.0609397058449164
2026-05-28,2026-05-28 10:52:46,V012,111.0,0.9883378244943805
2026-05-28,2026-05-28 10:52:47,V012,111.0,1.0259574020161837
2026-05-28,2026-05-28 10:52:48,V012,112.0,1.0379343945178316
2026-05-28,2026-05-28 10:52:49,V012,112.0,1.0454110359628934
2026-05-28,2026-05-28 10:52:50,V012,112.0,1.3697311577231694
2026-05-28,2026-05-28 10:52:51,V012,112.0,1.0104167554848447
2026-05-28,2026-05-28 10:52:52,V012,112.0,1.1149868180954743
2026-05-28,2026-05-28 10:52:53,V012,111.0,1.2570683120300248
2026-05-28,2026-05-28 10:52:54,V012,111.0,1.5037239420934474
2026-05-28,2026-05-28 10:52:55,V012,109.0,1.4707582396884449
2026-05-28,2026-05-28 10:52:56,V012,108.0,1.1776006328736255
2026-05-28,2026-05-28 10:52:57,V012,106.0,1.0588685486916676
2026-05-28,2026-05-28 10:52:58,V012,105.0,1.031723922333926
2026-05-28,2026-05-28 10:52:59,V012,104.0,1.78992020682393
2026-05-28,2026-05-28 10:53:00,V012,102.0,1.0441458835680948
2026-05-28,2026-05-28 10:53:01,V012,101.0,1.0926056413756335
2026-05-28,2026-05-28 10:53:02,V012,100.0,1.5751358193145257
2026-05-28,2026-05-28 10:53:03,V012,101.0,1.2102662497932495
2026-05-28,2026-05-28 10:53:04,V012,101.0,1.0559950968737977
2026-05-28,2026-05-28 10:53:05,V012,101.0,1.3409101798589518
2026-05-28,2026-05-28 10:53:06,V012,102.0,1.5654298775143225
2026-05-28,2026-05-28 10:53:07,V012,103.0,1.6708865727400306
2026-05-28,2026-05-28 10:53:08,V012,103.0,1.0401352208769945
2026-05-28,2026-05-28 10:53:09,V012,105.0,1.354800851385106
2026-05-28,2026-05-28 10:53:10,V012,106.0,1.2615937486239919
2026-05-28,2026-05-28 10:53:11,V012,107.0,1.8696657470341693
2026-05-28,2026-05-28 10:53:12,V012,109.0,0.9828213623438787
2026-05-28,2026-05-28 10:53:13,V012,111.0,1.1006820265937387
2026-05-28,2026-05-28 10:53:14,V012,113.0,1.433940285708313
2026-05-28,2026-05-28 10:53:15,V012,114.0,1.2541090731582174
2026-05-28,2026-05-28 10:53:16,V012,115.0,1.0018122854712823
2026-05-28,2026-05-28 10:53:17,V012,116.0,1.234158050594626
2026-05-28,2026-05-28 10:53:18,V012,117.0,1.6149596494814735
2026-05-28,2026-05-28 10:53:19,V012,118.0,1.0874401177141946
2026-05-28,2026-05-28 10:53:20,V012,119.0,1.2314910345957049
2026-05-28,2026-05-28 10:53:21,V012,119.0,1.5220257415161296
2026-05-28,2026-05-28 10:53:22,V012,120.0,1.061021063097061
2026-05-28,2026-05-28 10:53:23,V012,119.0,1.0691114158700081
2026-05-28,2026-05-28 10:53:24,V012,119.0,1.4914665829853988
2026-05-28,2026-05-28 10:53:25,V012,119.0,1.1423828485909047
2026-05-28,2026-05-28 10:53:26,V012,119.0,1.1182194655384543
2026-05-28,2026-05-28 10:53:27,V012,119.0,1.562862606789996
2026-05-28,2026-05-28 10:53:28,V012,119.0,1.153069919126484
2026-05-28,2026-05-28 10:53:29,V012,120.0,1.2181274912024718
2026-05-28,2026-05-28 10:53:30,V012,120.0,1.0603213417491377
2026-05-28,2026-05-28 10:53:31,V012,120.0,1.0463656063249813
2026-05-28,2026-05-28 10:53:32,V012,120.0,1.1591572553792264
2026-05-28,2026-05-28 10:53:33,V012,120.0,1.1842686706754548
2026-05-28,2026-05-28 10:53:34,V012,120.0,1.1247994112983741
2026-05-28,2026-05-28 10:53:35,V012,121.0,1.0349430641871717
2026-05-28,2026-05-28 10:53:36,V012,121.0,1.1329458013086704
2026-05-28,2026-05-28 10:53:37,V012,122.0,1.345426233353469
2026-05-28,2026-05-28 10:53:38,V012,122.0,1.0484282293338174
2026-05-28,2026-05-28 10:53:39,V012,122.0,1.0444058788019857
2026-05-28,2026-05-28 10:53:40,V012,121.0,1.2375319360103814
2026-05-28,2026-05-28 10:53:41,V012,121.0,1.163984058891872
2026-05-28,2026-05-28 10:53:42,V012,122.0,1.0542097206555932
2026-05-28,2026-05-28 10:53:43,V012,122.0,1.1458185021907925
2026-05-28,2026-05-28 10:53:44,V012,122.0,1.1881936496628691
2026-05-28,2026-05-28 10:53:45,V012,122.0,1.1686892300370495
2026-05-28,2026-05-28 10:53:46,V012,122.0,1.0389363079476277
2026-05-28,2026-05-28 10:53:47,V012,123.0,1.031333872415386
2026-05-28,2026-05-28 10:53:48,V012,123.0,1.0548649589174375
2026-05-28,2026-05-28 10:53:49,V012,124.0,1.178450649572296
2026-05-28,2026-05-28 10:53:50,V012,125.0,1.2084334290787735
2026-05-28,2026-05-28 10:53:51,V012,125.0,1.1401820545245762
2026-05-28,2026-05-28 10:53:52,V012,125.0,1.0723616076598805
2026-05-28,2026-05-28 10:53:53,V012,125.0,1.1673119093297053
2026-05-28,2026-05-28 10:53:54,V012,125.0,1.1645464567479402
2026-05-28,2026-05-28 10:53:55,V012,125.0,1.0765396027275884
2026-05-28,2026-05-28 10:53:56,V012,125.0,1.1763271346344917
2026-05-28,2026-05-28 10:53:57,V012,125.0,1.2518921073448888
2026-05-28,2026-05-28 10:53:58,V012,125.0,1.044899453686049
2026-05-28,2026-05-28 10:53:59,V012,125.0,1.0470494027095565
2026-05-28,2026-05-28 10:54:00,V012,125.0,1.0939420751496043
2026-05-28,2026-05-28 10:54:01,V012,125.0,1.061477592604656
2026-05-28,2026-05-28 10:54:02,V012,125.0,1.182272384261305
2026-05-28,2026-05-28 10:54:03,V012,125.0,1.105586464219443
2026-05-28,2026-05-28 10:54:04,V012,125.0,1.0922139236104922
2026-05-28,2026-05-28 10:54:05,V012,124.0,1.1644443156604887
2026-05-28,2026-05-28 10:54:06,V012,124.0,1.1096089876081061
2026-05-28,2026-05-28 10:54:07,V012,123.0,1.21374792361637
2026-05-28,2026-05-28 10:54:08,V012,123.0,1.4215222825439553
2026-05-28,2026-05-28 10:54:09,V012,122.0,1.0424437662541848
2026-05-28,2026-05-28 10:54:10,V012,122.0,1.1412828444240088
2026-05-28,2026-05-28 10:54:11,V012,122.0,1.2523079381370097
2026-05-28,2026-05-28 10:54:12,V012,121.0,1.2285123859663742
2026-05-28,2026-05-28 10:54:13,V012,121.0,1.042926220662837
2026-05-28,2026-05-28 10:54:14,V012,120.0,1.091947819298001
2026-05-28,2026-05-28 10:54:15,V012,120.0,1.0974593755331334
2026-05-28,2026-05-28 10:54:16,V012,119.0,1.1489986373894874
2026-05-28,2026-05-28 10:54:17,V012,118.0,1.0543409300668771
2026-05-28,2026-05-28 10:54:18,V012,118.0,1.1557999492175093
2026-05-28,2026-05-28 10:54:19,V012,118.0,0.9185975053160925
2026-05-28,2026-05-28 10:54:20,V012,117.0,0.9892225082216592
2026-05-28,2026-05-28 10:54:21,V012,118.0,0.9802459147317094
2026-05-28,2026-05-28 10:54:22,V012,118.0,1.1434960702963342
2026-05-28,2026-05-28 10:54:23,V012,119.0,1.1887293111759472
2026-05-28,2026-05-28 10:54:24,V012,120.0,1.4606150400438203
2026-05-28,2026-05-28 10:54:25,V012,122.0,0.9769975497030595
2026-05-28,2026-05-28 10:54:26,V012,123.0,1.0937055318983655
2026-05-28,2026-05-28 10:54:27,V012,124.0,1.408666959834196
2026-05-28,2026-05-28 10:54:28,V012,125.0,1.4441277346727444
2026-05-28,2026-05-28 10:54:29,V012,125.0,1.3717103956398962
2026-05-28,2026-05-28 10:54:30,V012,126.0,1.4328700307954005
2026-05-28,2026-05-28 10:54:31,V012,126.0,1.2643143316460426
2026-05-28,2026-05-28 10:54:32,V012,125.0,1.6133191950506782
2026-05-28,2026-05-28 10:54:33,V012,125.0,1.0707880813594022
2026-05-28,2026-05-28 10:54:34,V012,124.0,1.2267542790596258
2026-05-28,2026-05-28 10:54:35,V012,124.0,1.2191614301432616
2026-05-28,2026-05-28 10:54:36,V012,123.0,1.232221689378834
2026-05-28,2026-05-28 10:54:37,V012,123.0,1.5069532934203194
2026-05-28,2026-05-28 10:54:38,V012,122.0,1.0551707095532288
2026-05-28,2026-05-28 10:54:39,V012,122.0,1.1077139339976896
2026-05-28,2026-05-28 10:54:40,V012,121.0,1.3929558977181475
2026-05-28,2026-05-28 10:54:41,V012,120.0,1.096208811466325
2026-05-28,2026-05-28 10:54:42,V012,119.0,1.044193743432941
2026-05-28,2026-05-28 10:54:43,V012,119.0,1.1202749470991296
2026-05-28,2026-05-28 10:54:44,V012,118.0,1.0751769248700282
2026-05-28,2026-05-28 10:54:45,V012,118.0,1.1746617042705456
2026-05-28,2026-05-28 10:54:46,V012,118.0,1.4628535632606112
2026-05-28,2026-05-28 10:54:47,V012,118.0,1.0245956899205517
2026-05-28,2026-05-28 10:54:48,V012,118.0,1.3836778220030737
2026-05-28,2026-05-28 10:54:49,V012,118.0,1.341468292913367
2026-05-28,2026-05-28 10:54:50,V012,118.0,1.430527678833041
2026-05-28,2026-05-28 10:54:51,V012,119.0,1.0600160943527779
2026-05-28,2026-05-28 10:54:52,V012,119.0,1.082474262114211
2026-05-28,2026-05-28 10:54:53,V012,119.0,1.0778030713744096
2026-05-28,2026-05-28 10:54:54,V012,119.0,1.48241149274086
2026-05-28,2026-05-28 10:54:55,V012,120.0,1.0521543321884113
2026-05-28,2026-05-28 10:54:56,V012,121.0,1.1626104762544054
2026-05-28,2026-05-28 10:54:57,V012,122.0,1.3498192729559142
2026-05-28,2026-05-28 10:54:58,V012,123.0,1.328310537167892
2026-05-28,2026-05-28 10:54:59,V012,125.0,1.0612348087603658
2026-05-28,2026-05-28 10:55:00,V012,126.0,1.0417816259039667
2026-05-28,2026-05-28 10:55:01,V012,127.0,1.1935794327335543
2026-05-28,2026-05-28 10:55:02,V012,127.0,1.5045591804901335
2026-05-28,2026-05-28 10:55:03,V012,128.0,1.0321290662739735
2026-05-28,2026-05-28 10:55:04,V012,128.0,1.204012333637957
2026-05-28,2026-05-28 10:55:05,V012,129.0,1.1095606968024867
2026-05-28,2026-05-28 10:55:06,V012,129.0,1.2819902181521994
2026-05-28,2026-05-28 10:55:07,V012,129.0,1.528138292511685
2026-05-28,2026-05-28 10:55:08,V012,130.0,1.0490808432586238
2026-05-28,2026-05-28 10:55:09,V012,130.0,1.0490382357331156
2026-05-28,2026-05-28 10:55:10,V012,130.0,1.1178823369191986
2026-05-28,2026-05-28 10:55:11,V012,130.0,0.9976445028509814
2026-05-28,2026-05-28 10:55:12,V012,130.0,1.0446382062564272
2026-05-28,2026-05-28 10:55:13,V012,130.0,1.0625967415819364
2026-05-28,2026-05-28 10:55:14,V012,130.0,1.0424658535842934
2026-05-28,2026-05-28 10:55:15,V012,130.0,1.274942388240504
2026-05-28,2026-05-28 10:55:16,V012,130.0,1.1631816347829693
2026-05-28,2026-05-28 10:55:17,V012,130.0,1.0441731202292288
2026-05-28,2026-05-28 10:55:18,V012,130.0,1.1235924212999986
2026-05-28,2026-05-28 10:55:19,V012,129.0,1.0503472610661595
2026-05-28,2026-05-28 10:55:20,V012,128.0,1.1245541458620578
2026-05-28,2026-05-28 10:55:21,V012,128.0,1.105179425945396
2026-05-28,2026-05-28 10:55:22,V012,128.0,1.1605086225265469
2026-05-28,2026-05-28 10:55:23,V012,128.0,1.1023415851952982
2026-05-28,2026-05-28 10:55:24,V012,128.0,1.1397769182865571
2026-05-28,2026-05-28 10:55:25,V012,129.0,1.2657861747443808
2026-05-28,2026-05-28 10:55:26,V012,129.0,1.0511976060563153
2026-05-28,2026-05-28 10:55:27,V012,130.0,0.9657294165789004
2026-05-28,2026-05-28 10:55:28,V012,131.0,1.2507369842239602
2026-05-28,2026-05-28 10:55:29,V012,131.0,1.1751422600569703
2026-05-28,2026-05-28 10:55:30,V012,131.0,1.0434649226343795
2026-05-28,2026-05-28 10:55:31,V012,131.0,1.0554341309763835
2026-05-28,2026-05-28 10:55:32,V012,131.0,1.347695423610704
2026-05-28,2026-05-28 10:55:33,V012,130.0,1.0403121951284349
2026-05-28,2026-05-28 10:55:34,V012,129.0,1.1520403286164418
2026-05-28,2026-05-28 10:55:35,V012,127.0,1.0766720679112334
2026-05-28,2026-05-28 10:55:36,V012,126.0,1.1497236981970809
2026-05-28,2026-05-28 10:55:37,V012,124.0,1.0842128763052672
2026-05-28,2026-05-28 10:55:38,V012,123.0,1.1899826384464338
2026-05-28,2026-05-28 10:55:39,V012,122.0,1.1252986655308443
2026-05-28,2026-05-28 10:55:40,V012,121.0,1.0744501529694495
2026-05-28,2026-05-28 10:55:41,V012,120.0,1.0312587471452594
2026-05-28,2026-05-28 10:55:42,V012,119.0,1.0385897762227516
2026-05-28,2026-05-28 10:55:43,V012,118.0,1.028880155101042
2026-05-28,2026-05-28 10:55:44,V012,118.0,1.0602302141556499
2026-05-28,2026-05-28 10:55:45,V012,117.0,1.074080343647777
2026-05-28,2026-05-28 10:55:46,V012,117.0,1.071794294306264
2026-05-28,2026-05-28 10:55:47,V012,117.0,1.1095769054684654
2026-05-28,2026-05-28 10:55:48,V012,117.0,1.0417086947426708
2026-05-28,2026-05-28 10:55:49,V012,117.0,1.0515579864197417
2026-05-28,2026-05-28 10:55:50,V012,117.0,1.1405545724287438
2026-05-28,2026-05-28 10:55:51,V012,118.0,1.0552130748746429
2026-05-28,2026-05-28 10:55:52,V012,118.0,1.0389774172994413
2026-05-28,2026-05-28 10:55:53,V012,119.0,1.2136324153362594
2026-05-28,2026-05-28 10:55:54,V012,119.0,1.050117873591537
2026-05-28,2026-05-28 10:55:55,V012,119.0,1.0405321608367208
2026-05-28,2026-05-28 10:55:56,V012,119.0,1.141928057498078
2026-05-28,2026-05-28 10:55:57,V012,119.0,1.1484427183341799
2026-05-28,2026-05-28 10:55:58,V012,119.0,1.0769537649880647
2026-05-28,2026-05-28 10:55:59,V012,119.0,1.0509380823305094
2026-05-28,2026-05-28 10:56:00,V012,119.0,1.02474261540129
2026-05-28,2026-05-28 10:56:01,V012,119.0,1.1698663446147495
2026-05-28,2026-05-28 10:56:02,V012,119.0,1.6035222560451758
2026-05-28,2026-05-28 10:56:03,V012,120.0,0.9979638336305139
2026-05-28,2026-05-28 10:56:04,V012,120.0,1.529541199094945
2026-05-28,2026-05-28 10:56:05,V012,120.0,1.7473739300378945
2026-05-28,2026-05-28 10:56:06,V012,120.0,1.2027129057348054
2026-05-28,2026-05-28 10:56:07,V012,120.0,1.0442011358884122
2026-05-28,2026-05-28 10:56:08,V012,120.0,1.245439295064091
2026-05-28,2026-05-28 10:56:09,V012,121.0,1.4901067476596654
2026-05-28,2026-05-28 10:56:10,V012,121.0,1.022982126766073
2026-05-28,2026-05-28 10:56:11,V012,121.0,1.346792062213421
2026-05-28,2026-05-28 10:56:12,V012,121.0,1.1465599423112287
2026-05-28,2026-05-28 10:56:13,V012,121.0,1.0854251069099394
2026-05-28,2026-05-28 10:56:14,V012,121.0,1.4781585490772229
2026-05-28,2026-05-28 10:56:15,V012,121.0,1.0645875195634922
2026-05-28,2026-05-28 10:56:16,V012,121.0,0.9962988647752112
2026-05-28,2026-05-28 10:56:17,V012,121.0,1.185100116448072
2026-05-28,2026-05-28 10:56:18,V012,121.0,1.0461454988449201
2026-05-28,2026-05-28 10:56:19,V012,120.0,1.1603313867482867
2026-05-28,2026-05-28 10:56:20,V012,120.0,1.1418821622337028
2026-05-28,2026-05-28 10:56:21,V012,119.0,1.6634586017937922
2026-05-28,2026-05-28 10:56:22,V012,119.0,1.058281998121315
2026-05-28,2026-05-28 10:56:23,V012,119.0,1.1458469556415396
2026-05-28,2026-05-28 10:56:24,V012,119.0,1.1922393323880647
2026-05-28,2026-05-28 10:56:25,V012,118.0,1.0910058104341331
2026-05-28,2026-05-28 10:56:26,V012,118.0,1.5845656791933993
2026-05-28,2026-05-28 10:56:27,V012,118.0,1.0609409676508381
2026-05-28,2026-05-28 10:56:28,V012,118.0,1.1274910331783148
2026-05-28,2026-05-28 10:56:29,V012,118.0,1.8271286559694326
2026-05-28,2026-05-28 10:56:30,V012,118.0,1.1165945205132128
2026-05-28,2026-05-28 10:56:31,V012,119.0,1.0445205611924004
2026-05-28,2026-05-28 10:56:32,V012,120.0,1.228358479155418
2026-05-28,2026-05-28 10:56:33,V012,121.0,1.650450078293911
2026-05-28,2026-05-28 10:56:34,V012,122.0,1.4009014858285522
2026-05-28,2026-05-28 10:56:35,V012,123.0,1.101875006481678
2026-05-28,2026-05-28 10:56:36,V012,123.0,1.3455523114222627
2026-05-28,2026-05-28 10:56:37,V012,124.0,1.5258136567960943
2026-05-28,2026-05-28 10:56:38,V012,124.0,1.042114860082118
2026-05-28,2026-05-28 10:56:39,V012,125.0,1.2088596300851835
2026-05-28,2026-05-28 10:56:40,V012,126.0,1.4114436137558506
2026-05-28,2026-05-28 10:56:41,V012,126.0,1.2692913559209398
2026-05-28,2026-05-28 10:56:42,V012,126.0,1.0106369045415988
2026-05-28,2026-05-28 10:56:43,V012,126.0,1.4044662123430112
2026-05-28,2026-05-28 10:56:44,V012,126.0,1.0692477549547603
2026-05-28,2026-05-28 10:56:45,V012,125.0,1.0701727523736067
2026-05-28,2026-05-28 10:56:46,V012,125.0,1.102231815192319
2026-05-28,2026-05-28 10:56:47,V012,125.0,1.3389312753979035
2026-05-28,2026-05-28 10:56:48,V012,124.0,1.1985067133654612
2026-05-28,2026-05-28 10:56:49,V012,124.0,1.153552580117442
2026-05-28,2026-05-28 10:56:50,V012,123.0,1.0327768303369036
2026-05-28,2026-05-28 10:56:51,V012,123.0,1.1076521705577924
2026-05-28,2026-05-28 10:56:52,V012,123.0,1.1056493810988801
2026-05-28,2026-05-28 10:56:53,V012,122.0,0.9614718748402233
2026-05-28,2026-05-28 10:56:54,V012,122.0,1.1835864432021719
2026-05-28,2026-05-28 10:56:55,V012,122.0,1.213485628003084
2026-05-28,2026-05-28 10:56:56,V012,122.0,1.1319693996972373
2026-05-28,2026-05-28 10:56:57,V012,123.0,1.0272780765680956
2026-05-28,2026-05-28 10:56:58,V012,123.0,1.3092689130046382
2026-05-28,2026-05-28 10:56:59,V012,123.0,1.1288610327134159
2026-05-28,2026-05-28 10:57:00,V012,123.0,1.0742856217288739
2026-05-28,2026-05-28 10:57:01,V012,123.0,1.1065563705586714
2026-05-28,2026-05-28 10:57:02,V012,124.0,1.180625179812551
2026-05-28,2026-05-28 10:57:03,V012,124.0,1.0673622338247533
2026-05-28,2026-05-28 10:57:04,V012,123.0,1.0800680932004443
2026-05-28,2026-05-28 10:57:05,V012,123.0,1.0242054073022582
2026-05-28,2026-05-28 10:57:06,V012,123.0,1.2398373982797275
2026-05-28,2026-05-28 10:57:07,V012,123.0,1.0246563321788924
2026-05-28,2026-05-28 10:57:08,V012,123.0,1.0396182932978797
2026-05-28,2026-05-28 10:57:09,V012,122.0,1.0236148856070268
2026-05-28,2026-05-28 10:57:10,V012,122.0,1.2282737108720607
2026-05-28,2026-05-28 10:57:11,V012,122.0,1.0896930162590215
2026-05-28,2026-05-28 10:57:12,V012,122.0,1.0271717866976848
2026-05-28,2026-05-28 10:57:13,V012,122.0,1.2210052779498684
2026-05-28,2026-05-28 10:57:14,V012,122.0,1.1979782037040942
2026-05-28,2026-05-28 10:57:15,V012,123.0,1.1019426712627707
2026-05-28,2026-05-28 10:57:16,V012,124.0,1.2347761801124684
2026-05-28,2026-05-28 10:57:17,V012,124.0,1.2270078835536558
2026-05-28,2026-05-28 10:57:18,V012,125.0,1.0546305310299802
2026-05-28,2026-05-28 10:57:19,V012,125.0,1.055199177600241
2026-05-28,2026-05-28 10:57:20,V012,125.0,1.0499502612565703
2026-05-28,2026-05-28 10:57:21,V012,125.0,1.1065488604261575
2026-05-28,2026-05-28 10:57:22,V012,125.0,1.1963693495371002
2026-05-28,2026-05-28 10:57:23,V012,125.0,1.0444478699333266
2026-05-28,2026-05-28 10:57:24,V012,126.0,1.1721584954394297
2026-05-28,2026-05-28 10:57:25,V012,126.0,1.1821804566836454
2026-05-28,2026-05-28 10:57:26,V012,126.0,1.1665202932338383
2026-05-28,2026-05-28 10:57:27,V012,127.0,1.1705363011065906
2026-05-28,2026-05-28 10:57:28,V012,129.0,1.0806444117317535
2026-05-28,2026-05-28 10:57:29,V012,129.0,1.1358952470259138
2026-05-28,2026-05-28 10:57:30,V012,129.0,1.055546696079231
2026-05-28,2026-05-28 10:57:31,V012,129.0,1.0542733319627444
2026-05-28,2026-05-28 10:57:32,V012,130.0,1.4413709544256839
2026-05-28,2026-05-28 10:57:33,V012,130.0,1.1189594786976065
2026-05-28,2026-05-28 10:57:34,V012,130.0,1.0431825685495602
2026-05-28,2026-05-28 10:57:35,V012,130.0,1.0296596071036572
2026-05-28,2026-05-28 10:57:36,V012,130.0,1.0480721621542723
2026-05-28,2026-05-28 10:57:37,V012,130.0,1.0882205927850044
2026-05-28,2026-05-28 10:57:38,V012,130.0,1.0467418018494032
2026-05-28,2026-05-28 10:57:39,V012,130.0,1.0530491996246345
2026-05-28,2026-05-28 10:57:40,V012,130.0,1.0821976481036502
2026-05-28,2026-05-28 10:57:41,V012,130.0,1.0469429473226268
2026-05-28,2026-05-28 10:57:42,V012,130.0,1.0368404859595959
2026-05-28,2026-05-28 10:57:43,V012,129.0,1.0260401329866757
2026-05-28,2026-05-28 10:57:44,V012,129.0,1.2039468527828363
2026-05-28,2026-05-28 10:57:45,V012,129.0,1.0265441341966401
2026-05-28,2026-05-28 10:57:46,V012,129.0,1.0591228983217897
2026-05-28,2026-05-28 10:57:47,V012,129.0,1.0522193115508345
2026-05-28,2026-05-28 10:57:48,V012,129.0,1.0520517241255838
2026-05-28,2026-05-28 10:57:49,V012,130.0,1.04677996138837
2026-05-28,2026-05-28 10:57:50,V012,130.0,1.0664592317053097
2026-05-28,2026-05-28 10:57:51,V012,131.0,1.0893523316607483
2026-05-28,2026-05-28 10:57:52,V012,131.0,1.1698527613215828
2026-05-28,2026-05-28 10:57:53,V012,132.0,0.9926507608698981
2026-05-28,2026-05-28 10:57:54,V012,133.0,1.0283980702466282
2026-05-28,2026-05-28 10:57:55,V012,134.0,1.153665066579535
2026-05-28,2026-05-28 10:57:56,V012,134.0,1.2194366094221356
2026-05-28,2026-05-28 10:57:57,V012,134.0,1.0317411235992673
2026-05-28,2026-05-28 10:57:58,V012,134.0,1.1685707382134412
2026-05-28,2026-05-28 10:57:59,V012,134.0,1.2225286505784545
2026-05-28,2026-05-28 10:58:00,V012,133.0,1.0558009811031712
2026-05-28,2026-05-28 10:58:01,V012,132.0,1.197471812594668
2026-05-28,2026-05-28 10:58:02,V012,132.0,1.0490919137964592
2026-05-28,2026-05-28 10:58:03,V012,130.0,1.050865671770416
2026-05-28,2026-05-28 10:58:04,V012,129.0,1.063010499112813
2026-05-28,2026-05-28 10:58:05,V012,128.0,1.055079790044934
2026-05-28,2026-05-28 10:58:06,V012,127.0,1.0605944447081626
2026-05-28,2026-05-28 10:58:07,V012,126.0,1.059178179951051
2026-05-28,2026-05-28 10:58:08,V012,125.0,1.0521978318597704
2026-05-28,2026-05-28 10:58:09,V012,125.0,1.03924551100751
2026-05-28,2026-05-28 10:58:10,V012,125.0,1.048193851316613
2026-05-28,2026-05-28 10:58:11,V012,124.0,1.0782774907093264
2026-05-28,2026-05-28 10:58:12,V012,124.0,1.1521743698418785
2026-05-28,2026-05-28 10:58:13,V012,124.0,1.0860659385504123
2026-05-28,2026-05-28 10:58:14,V012,124.0,1.0465803520202943
2026-05-28,2026-05-28 10:58:15,V012,123.0,1.0531566086228115
2026-05-28,2026-05-28 10:58:16,V012,123.0,1.0400109197848002
2026-05-28,2026-05-28 10:58:17,V012,122.0,1.1441942399409932
2026-05-28,2026-05-28 10:58:18,V012,122.0,1.1127562794686667
2026-05-28,2026-05-28 10:58:19,V012,121.0,1.063404680678174
2026-05-28,2026-05-28 10:58:20,V012,121.0,1.0607965481136732
2026-05-28,2026-05-28 10:58:21,V012,121.0,1.0461897279539603
2026-05-28,2026-05-28 10:58:22,V012,120.0,1.0598426256803593
2026-05-28,2026-05-28 10:58:23,V012,120.0,1.076275602981863
2026-05-28,2026-05-28 10:58:24,V012,119.0,1.0838836940999081
2026-05-28,2026-05-28 10:58:25,V012,119.0,1.0980445437412636
2026-05-28,2026-05-28 10:58:26,V012,118.0,1.0595393221350615
2026-05-28,2026-05-28 10:58:27,V012,117.0,1.0781385658977236
2026-05-28,2026-05-28 10:58:28,V012,117.0,1.169454140259141
2026-05-28,2026-05-28 10:58:29,V012,117.0,1.1251715653232595
2026-05-28,2026-05-28 10:58:30,V012,117.0,1.0319906345723493
2026-05-28,2026-05-28 10:58:31,V012,116.0,1.0715614508499633
2026-05-28,2026-05-28 10:58:32,V012,116.0,1.090789341024644
2026-05-28,2026-05-28 10:58:33,V012,116.0,1.069185486021725
2026-05-28,2026-05-28 10:58:34,V012,116.0,1.1621020554874513
2026-05-28,2026-05-28 10:58:35,V012,115.0,1.0494121853013592
2026-05-28,2026-05-28 10:58:36,V012,115.0,1.0603530182693401
2026-05-28,2026-05-28 10:58:37,V012,114.0,1.1967677645804429
2026-05-28,2026-05-28 10:58:38,V012,114.0,1.0134435842943714
2026-05-28,2026-05-28 10:58:39,V012,113.0,1.1365377443096885
2026-05-28,2026-05-28 10:58:40,V012,113.0,1.0831383900220128
2026-05-28,2026-05-28 10:58:41,V012,112.0,1.0216834306728553
2026-05-28,2026-05-28 10:58:42,V012,112.0,1.12344747365147
2026-05-28,2026-05-28 10:58:43,V012,112.0,1.0492136028055232
2026-05-28,2026-05-28 10:58:44,V012,112.0,1.0319593366121946
2026-05-28,2026-05-28 10:58:45,V012,112.0,1.0792564328936105
2026-05-28,2026-05-28 10:58:46,V012,112.0,1.086362216627414
2026-05-28,2026-05-28 10:58:47,V012,112.0,1.1098914064277414
2026-05-28,2026-05-28 10:58:48,V012,112.0,1.0984930485823468
2026-05-28,2026-05-28 10:58:49,V012,112.0,1.0323526333820436
2026-05-28,2026-05-28 10:58:50,V012,112.0,1.0257996648192225
2026-05-28,2026-05-28 10:58:51,V012,112.0,1.0624554013816585
2026-05-28,2026-05-28 10:58:52,V012,112.0,1.0212709116469696
2026-05-28,2026-05-28 10:58:53,V012,112.0,1.0374303067716324
2026-05-28,2026-05-28 10:58:54,V012,112.0,1.0339845828034546
2026-05-28,2026-05-28 10:58:55,V012,113.0,1.033677355155864
2026-05-28,2026-05-28 10:58:56,V012,113.0,1.053099297361215
2026-05-28,2026-05-28 10:58:57,V012,113.0,1.0276777649359001
2026-05-28,2026-05-28 10:58:58,V012,113.0,1.039407398695551
2026-05-28,2026-05-28 10:58:59,V012,112.0,1.100980721392914
2026-05-28,2026-05-28 10:59:00,V012,112.0,1.2856149098281053
2026-05-28,2026-05-28 10:59:01,V012,112.0,1.09840228638465
2026-05-28,2026-05-28 10:59:02,V012,111.0,1.035626996897855
2026-05-28,2026-05-28 10:59:03,V012,111.0,1.0991827733200907
2026-05-28,2026-05-28 10:59:04,V012,111.0,1.1275158411334922
2026-05-28,2026-05-28 10:59:05,V012,111.0,1.0612729750068837
2026-05-28,2026-05-28 10:59:06,V012,111.0,1.0939170959933735
2026-05-28,2026-05-28 10:59:07,V012,111.0,1.0815582580392693
2026-05-28,2026-05-28 10:59:08,V012,111.0,1.0763636155707144
2026-05-28,2026-05-28 10:59:09,V012,112.0,1.0309711822090846
2026-05-28,2026-05-28 10:59:10,V012,112.0,1.0609025435495554
2026-05-28,2026-05-28 10:59:11,V012,112.0,1.1458156679587592
2026-05-28,2026-05-28 10:59:12,V012,113.0,1.035241925976189
2026-05-28,2026-05-28 10:59:13,V012,113.0,1.214957675836953
2026-05-28,2026-05-28 10:59:14,V012,113.0,1.0848524194308196
2026-05-28,2026-05-28 10:59:15,V012,112.0,1.0189049716808878
2026-05-28,2026-05-28 10:59:16,V012,112.0,1.2365070998293226
2026-05-28,2026-05-28 10:59:17,V012,112.0,1.0360983753587778
2026-05-28,2026-05-28 10:59:18,V012,112.0,1.0409794708066284
2026-05-28,2026-05-28 10:59:19,V012,111.0,1.1983801408013486
2026-05-28,2026-05-28 10:59:20,V012,111.0,1.092105473128626
2026-05-28,2026-05-28 10:59:21,V012,110.0,1.0298102542054008
2026-05-28,2026-05-28 10:59:22,V012,109.0,1.3014904701186807
2026-05-28,2026-05-28 10:59:23,V012,109.0,0.9852186426869424
2026-05-28,2026-05-28 10:59:24,V012,108.0,1.0223739732176713
2026-05-28,2026-05-28 10:59:25,V012,108.0,1.046069932322915
2026-05-28,2026-05-28 10:59:26,V012,108.0,1.0343341651335385
2026-05-28,2026-05-28 10:59:27,V012,108.0,1.040640946522795
2026-05-28,2026-05-28 10:59:28,V012,108.0,1.032915969467173
2026-05-28,2026-05-28 10:59:29,V012,108.0,1.0346164452925921
2026-05-28,2026-05-28 10:59:30,V012,108.0,1.0343276404190829
2026-05-28,2026-05-28 10:59:31,V012,108.0,1.0404528306511092
2026-05-28,2026-05-28 10:59:32,V012,109.0,1.044767265072809
2026-05-28,2026-05-28 10:59:33,V012,109.0,1.0624362441346138
2026-05-28,2026-05-28 10:59:34,V012,109.0,1.0387932402156415
2026-05-28,2026-05-28 10:59:35,V012,110.0,1.0460653662984989
2026-05-28,2026-05-28 10:59:36,V012,111.0,1.1405130568587718
2026-05-28,2026-05-28 10:59:37,V012,111.0,1.1285037015218757
2026-05-28,2026-05-28 10:59:38,V012,111.0,1.0367504830387961
2026-05-28,2026-05-28 10:59:39,V012,111.0,1.0300724130253125
2026-05-28,2026-05-28 10:59:40,V012,111.0,1.0982952575731906
2026-05-28,2026-05-28 10:59:41,V012,111.0,1.1172666050484685
2026-05-28,2026-05-28 10:59:42,V012,111.0,1.1740548485790094
2026-05-28,2026-05-28 10:59:43,V012,110.0,1.0478999434388205
2026-05-28,2026-05-28 10:59:44,V012,110.0,1.0362933637227232
2026-05-28,2026-05-28 10:59:45,V012,111.0,1.0495685774704187
2026-05-28,2026-05-28 10:59:46,V012,111.0,1.0450758182272935
2026-05-28,2026-05-28 10:59:47,V012,111.0,1.0649064632328231
2026-05-28,2026-05-28 10:59:48,V012,112.0,1.0425289608773107
2026-05-28,2026-05-28 10:59:49,V012,112.0,1.2170849135044015
2026-05-28,2026-05-28 10:59:50,V012,112.0,1.1118313446683232
2026-05-28,2026-05-28 10:59:51,V012,113.0,1.0399283281619018
2026-05-28,2026-05-28 10:59:52,V012,113.0,1.0469156003277014
2026-05-28,2026-05-28 10:59:53,V012,113.0,1.050668482728566
2026-05-28,2026-05-28 10:59:54,V012,113.0,1.1033410015091851
2026-05-28,2026-05-28 10:59:55,V012,113.0,1.0751194308254015
2026-05-28,2026-05-28 10:59:56,V012,113.0,1.0698007301013992
2026-05-28,2026-05-28 10:59:57,V012,113.0,1.0279782251719218
2026-05-28,2026-05-28 10:59:58,V012,113.0,1.2514144297748537
2026-05-28,2026-05-28 10:59:59,V012,112.0,1.1294292258180503
2026-05-28,2026-05-28 11:00:00,V012,111.0,1.0623957611690529
2026-05-28,2026-05-28 11:00:01,V012,111.0,1.0380425702251983
2026-05-28,2026-05-28 11:00:02,V012,111.0,1.043646908548965
2026-05-28,2026-05-28 11:00:03,V012,110.0,1.0514303777219793
2026-05-28,2026-05-28 11:00:04,V012,110.0,1.129637586806221
2026-05-28,2026-05-28 11:00:05,V012,110.0,1.053257467361615
2026-05-28,2026-05-28 11:00:06,V012,110.0,1.0820847637066322
2026-05-28,2026-05-28 11:00:07,V012,110.0,1.038242016148171
2026-05-28,2026-05-28 11:00:08,V012,110.0,1.2068632378296535
2026-05-28,2026-05-28 11:00:09,V012,109.0,1.0318158086141809
2026-05-28,2026-05-28 11:00:10,V012,109.0,1.0760910373972132
2026-05-28,2026-05-28 11:00:11,V012,109.0,1.1370246793557135
2026-05-28,2026-05-28 11:00:12,V012,110.0,1.0962096340853202
2026-05-28,2026-05-28 11:00:13,V012,110.0,1.1265475460408776
2026-05-28,2026-05-28 11:00:14,V012,111.0,1.1780241503383124
2026-05-28,2026-05-28 11:00:15,V012,111.0,1.0334662229916989
2026-05-28,2026-05-28 11:00:16,V012,112.0,1.26658616434387
2026-05-28,2026-05-28 11:00:17,V012,113.0,1.2500132994043693
2026-05-28,2026-05-28 11:00:18,V012,114.0,1.0830671404784435
2026-05-28,2026-05-28 11:00:19,V012,114.0,0.9919335651850997
2026-05-28,2026-05-28 11:00:20,V012,115.0,1.257483113397774
2026-05-28,2026-05-28 11:00:21,V012,115.0,1.5563370219733794
2026-05-28,2026-05-28 11:00:22,V012,115.0,1.1186895152013254
2026-05-28,2026-05-28 11:00:23,V012,116.0,1.0119855625564635
2026-05-28,2026-05-28 11:00:24,V012,116.0,1.099660471000553
2026-05-28,2026-05-28 11:00:25,V012,116.0,1.1230126207122166
2026-05-28,2026-05-28 11:00:26,V012,117.0,1.1875682147589137
2026-05-28,2026-05-28 11:00:27,V012,117.0,1.0902150287484098
2026-05-28,2026-05-28 11:00:28,V012,117.0,1.113327856753753
2026-05-28,2026-05-28 11:00:29,V012,117.0,1.0754792999820104
2026-05-28,2026-05-28 11:00:30,V012,117.0,1.1125218559483472
2026-05-28,2026-05-28 11:00:31,V012,118.0,1.192196354359406
2026-05-28,2026-05-28 11:00:32,V012,118.0,1.0524735152363676
2026-05-28,2026-05-28 11:00:33,V012,118.0,1.1114790565775898
2026-05-28,2026-05-28 11:00:34,V012,117.0,1.0936584298923628
2026-05-28,2026-05-28 11:00:35,V012,117.0,1.1391771932059442
2026-05-28,2026-05-28 11:00:36,V012,117.0,1.2305739919606207
2026-05-28,2026-05-28 11:00:37,V012,117.0,1.1146735086875363
2026-05-28,2026-05-28 11:00:38,V012,116.0,1.1130839070236478
2026-05-28,2026-05-28 11:00:39,V012,116.0,1.0400078051073458
2026-05-28,2026-05-28 11:00:40,V012,116.0,1.1355758987887927
2026-05-28,2026-05-28 11:00:41,V012,117.0,1.1668691241866767
2026-05-28,2026-05-28 11:00:42,V012,118.0,1.1518777618860776
2026-05-28,2026-05-28 11:00:43,V012,119.0,1.0608693125961304
2026-05-28,2026-05-28 11:00:44,V012,120.0,1.0892593634819319
2026-05-28,2026-05-28 11:00:45,V012,121.0,1.134036053938509
2026-05-28,2026-05-28 11:00:46,V012,121.0,1.0372230527915434
2026-05-28,2026-05-28 11:00:47,V012,122.0,1.0517825331319581
2026-05-28,2026-05-28 11:00:48,V012,123.0,1.0829043755192005
2026-05-28,2026-05-28 11:00:49,V012,123.0,1.1960641427526582
2026-05-28,2026-05-28 11:00:50,V012,123.0,1.068600743529416
2026-05-28,2026-05-28 11:00:51,V012,122.0,1.2204643978197662
2026-05-28,2026-05-28 11:00:52,V012,122.0,1.200282336037827
2026-05-28,2026-05-28 11:00:53,V012,121.0,1.0526322797097902
2026-05-28,2026-05-28 11:00:54,V012,121.0,1.0887683685798617
2026-05-28,2026-05-28 11:00:55,V012,121.0,1.070166555874289
2026-05-28,2026-05-28 11:00:56,V012,120.0,1.0313683826479465
2026-05-28,2026-05-28 11:00:57,V012,121.0,1.1398789966686438
2026-05-28,2026-05-28 11:00:58,V012,121.0,1.0476246046992366
2026-05-28,2026-05-28 11:00:59,V012,121.0,1.1725066411905942
2026-05-28,2026-05-28 11:01:00,V012,122.0,1.1386201401388372
2026-05-28,2026-05-28 11:01:01,V012,122.0,1.0740623196942862
2026-05-28,2026-05-28 11:01:02,V012,123.0,1.1336296685549732
2026-05-28,2026-05-28 11:01:03,V012,123.0,1.0360580973195792
2026-05-28,2026-05-28 11:01:04,V012,122.0,1.1876651713557709
2026-05-28,2026-05-28 11:01:05,V012,122.0,1.0603524881332433
2026-05-28,2026-05-28 11:01:06,V012,121.0,1.1863342013606355
2026-05-28,2026-05-28 11:01:07,V012,120.0,1.2201451450034837
2026-05-28,2026-05-28 11:01:08,V012,120.0,1.0528800890281438
2026-05-28,2026-05-28 11:01:09,V012,120.0,1.1154554610825316
2026-05-28,2026-05-28 11:01:10,V012,120.0,1.0426129405269122
2026-05-28,2026-05-28 11:01:11,V012,121.0,1.0529413865305202
2026-05-28,2026-05-28 11:01:12,V012,121.0,1.0874284547280741
2026-05-28,2026-05-28 11:01:13,V012,122.0,1.0991741705149414
2026-05-28,2026-05-28 11:01:14,V012,123.0,1.032605079757133
2026-05-28,2026-05-28 11:01:15,V012,124.0,1.0723696114160102
2026-05-28,2026-05-28 11:01:16,V012,125.0,1.0301987034774076
2026-05-28,2026-05-28 11:01:17,V012,126.0,1.0659365327017802
2026-05-28,2026-05-28 11:01:18,V012,126.0,1.0651268321947827
2026-05-28,2026-05-28 11:01:19,V012,127.0,1.03503784830154
2026-05-28,2026-05-28 11:01:20,V012,127.0,1.1055715999081341
2026-05-28,2026-05-28 11:01:21,V012,127.0,1.024134117590063
2026-05-28,2026-05-28 11:01:22,V012,127.0,1.2055680935307385
2026-05-28,2026-05-28 11:01:23,V012,127.0,1.1391104736300797
2026-05-28,2026-05-28 11:01:24,V012,126.0,1.0808248199797321
2026-05-28,2026-05-28 11:01:25,V012,126.0,1.2004725211853844
2026-05-28,2026-05-28 11:01:26,V012,125.0,1.0332920038179587
2026-05-28,2026-05-28 11:01:27,V012,125.0,1.3179515276853686
2026-05-28,2026-05-28 11:01:28,V012,124.0,1.1242314028744074
2026-05-28,2026-05-28 11:01:29,V012,124.0,1.096659903599836
2026-05-28,2026-05-28 11:01:30,V012,123.0,1.0961248110104225
2026-05-28,2026-05-28 11:01:31,V012,123.0,1.1618742693717352
2026-05-28,2026-05-28 11:01:32,V012,122.0,1.0906267168110275
2026-05-28,2026-05-28 11:01:33,V012,122.0,1.1486383908074775
2026-05-28,2026-05-28 11:01:34,V012,122.0,1.1741487470339398
2026-05-28,2026-05-28 11:01:35,V012,122.0,1.0702863439495447
2026-05-28,2026-05-28 11:01:36,V012,123.0,1.1509649908420538
2026-05-28,2026-05-28 11:01:37,V012,123.0,1.0073581803244733
2026-05-28,2026-05-28 11:01:38,V012,123.0,1.0943661260782354
2026-05-28,2026-05-28 11:01:39,V012,123.0,1.0259983459519604
2026-05-28,2026-05-28 11:01:40,V012,123.0,1.058245013762584
2026-05-28,2026-05-28 11:01:41,V012,124.0,1.2043355639040667
2026-05-28,2026-05-28 11:01:42,V012,124.0,1.0737207986733701
2026-05-28,2026-05-28 11:01:43,V012,124.0,1.0542582514402337
2026-05-28,2026-05-28 11:01:44,V012,123.0,1.0212553732363194
2026-05-28,2026-05-28 11:01:45,V012,123.0,1.0473456539634411
2026-05-28,2026-05-28 11:01:46,V012,123.0,1.0660891905513057
2026-05-28,2026-05-28 11:01:47,V012,123.0,1.0424111275220556
2026-05-28,2026-05-28 11:01:48,V012,122.0,1.032891482386363
2026-05-28,2026-05-28 11:01:49,V012,122.0,1.0813797269460337
2026-05-28,2026-05-28 11:01:50,V012,122.0,1.0367084024255988
2026-05-28,2026-05-28 11:01:51,V012,122.0,1.1065159501000155
2026-05-28,2026-05-28 11:01:52,V012,122.0,1.1277186434071158
2026-05-28,2026-05-28 11:01:53,V012,122.0,1.2031494405418386
2026-05-28,2026-05-28 11:01:54,V012,123.0,1.0747087912952384
2026-05-28,2026-05-28 11:01:55,V012,123.0,1.0569581830659154
2026-05-28,2026-05-28 11:01:56,V012,123.0,1.0963733366693593
2026-05-28,2026-05-28 11:01:57,V012,123.0,1.0513198369701982
2026-05-28,2026-05-28 11:01:58,V012,124.0,1.0247193798417387
2026-05-28,2026-05-28 11:01:59,V012,124.0,1.085735435887112
2026-05-28,2026-05-28 11:02:00,V012,124.0,1.1342017439747873
2026-05-28,2026-05-28 11:02:01,V012,124.0,1.1073999513070394
2026-05-28,2026-05-28 11:02:02,V012,124.0,1.0094501675287753
2026-05-28,2026-05-28 11:02:03,V012,124.0,1.2382776546530507
2026-05-28,2026-05-28 11:02:04,V012,124.0,1.0690237691882392
2026-05-28,2026-05-28 11:02:05,V012,125.0,1.0429881677433641
2026-05-28,2026-05-28 11:02:06,V012,125.0,1.1136730370739043
2026-05-28,2026-05-28 11:02:07,V012,125.0,1.3187633603695366
2026-05-28,2026-05-28 11:02:08,V012,125.0,1.071885234643849
2026-05-28,2026-05-28 11:02:09,V012,125.0,1.1260708927121617
2026-05-28,2026-05-28 11:02:10,V012,125.0,1.020560325942507
2026-05-28,2026-05-28 11:02:11,V012,125.0,1.0836946632816604
2026-05-28,2026-05-28 11:02:12,V012,125.0,1.1087898726974836
2026-05-28,2026-05-28 11:02:13,V012,124.0,1.023650845607826
2026-05-28,2026-05-28 11:02:14,V012,124.0,1.0453818485953414
2026-05-28,2026-05-28 11:02:15,V012,123.0,1.1762304666232433
2026-05-28,2026-05-28 11:02:16,V012,123.0,1.0524573783377593
2026-05-28,2026-05-28 11:02:17,V012,122.0,1.1194684965446344
2026-05-28,2026-05-28 11:02:18,V012,121.0,1.094677591025841
2026-05-28,2026-05-28 11:02:19,V012,120.0,1.2562732388318651
2026-05-28,2026-05-28 11:02:20,V012,119.0,0.9883361553662269
2026-05-28,2026-05-28 11:02:21,V012,118.0,1.097778361592982
2026-05-28,2026-05-28 11:02:22,V012,117.0,1.177925062689834
2026-05-28,2026-05-28 11:02:23,V012,116.0,1.1234848430570694
2026-05-28,2026-05-28 11:02:24,V012,115.0,1.0284630399844392
2026-05-28,2026-05-28 11:02:25,V012,116.0,1.2428174900767868
2026-05-28,2026-05-28 11:02:26,V012,116.0,1.0140663643512537
2026-05-28,2026-05-28 11:02:27,V012,116.0,1.0647757757457241
2026-05-28,2026-05-28 11:02:28,V012,116.0,1.1021037326722767
2026-05-28,2026-05-28 11:02:29,V012,116.0,1.1061377691293435
2026-05-28,2026-05-28 11:02:30,V012,116.0,1.0533526003531377
2026-05-28,2026-05-28 11:02:31,V012,115.0,1.2848085656383605
2026-05-28,2026-05-28 11:02:32,V012,115.0,1.2504243555867587
2026-05-28,2026-05-28 11:02:33,V012,115.0,1.0373493974729286
2026-05-28,2026-05-28 11:02:34,V012,114.0,1.0242435582559721
2026-05-28,2026-05-28 11:02:35,V012,114.0,1.0653269360896447
2026-05-28,2026-05-28 11:02:36,V012,115.0,1.0489946233742706
2026-05-28,2026-05-28 11:02:37,V012,115.0,1.039833722863611
2026-05-28,2026-05-28 11:02:38,V012,115.0,1.0784770583192902
2026-05-28,2026-05-28 11:02:39,V012,115.0,1.051337675224624
2026-05-28,2026-05-28 11:02:40,V012,115.0,1.0292151211204832
2026-05-28,2026-05-28 11:02:41,V012,114.0,1.1413160447380875
2026-05-28,2026-05-28 11:02:42,V012,114.0,1.0916950393269702
2026-05-28,2026-05-28 11:02:43,V012,114.0,1.0955044332377681
2026-05-28,2026-05-28 11:02:44,V012,114.0,1.0608373525787442
2026-05-28,2026-05-28 11:02:45,V012,114.0,1.1077408351069586
2026-05-28,2026-05-28 11:02:46,V012,114.0,1.18700975638467
2026-05-28,2026-05-28 11:02:47,V012,114.0,1.0536851996036172
2026-05-28,2026-05-28 11:02:48,V012,114.0,1.0765035619021222
2026-05-28,2026-05-28 11:02:49,V012,115.0,1.0870567739180352
2026-05-28,2026-05-28 11:02:50,V012,115.0,1.1318951029866153
2026-05-28,2026-05-28 11:02:51,V012,116.0,1.0665353329942373
2026-05-28,2026-05-28 11:02:52,V012,117.0,1.0348448290815089
2026-05-28,2026-05-28 11:02:53,V012,118.0,1.2159105373429409
2026-05-28,2026-05-28 11:02:54,V012,119.0,1.0890758431860144
2026-05-28,2026-05-28 11:02:55,V012,119.0,1.0562199883408347
2026-05-28,2026-05-28 11:02:56,V012,120.0,1.2123822221333982
2026-05-28,2026-05-28 11:02:57,V012,121.0,1.1193253944966626
2026-05-28,2026-05-28 11:02:58,V012,121.0,1.0547977675860603
2026-05-28,2026-05-28 11:02:59,V012,122.0,1.098695299008979
2026-05-28,2026-05-28 11:03:00,V012,122.0,1.14937590106768
2026-05-28,2026-05-28 11:03:01,V012,122.0,1.134012277919054
2026-05-28,2026-05-28 11:03:02,V012,122.0,1.2351875320881078
2026-05-28,2026-05-28 11:03:03,V012,122.0,1.0921808153945451
2026-05-28,2026-05-28 11:03:04,V012,122.0,1.0647737563461204
2026-05-28,2026-05-28 11:03:05,V012,123.0,1.071764010462834
2026-05-28,2026-05-28 11:03:06,V012,123.0,1.0506324899220514
2026-05-28,2026-05-28 11:03:07,V012,123.0,1.0169561785640733
2026-05-28,2026-05-28 11:03:08,V012,124.0,1.0392652038308947
2026-05-28,2026-05-28 11:03:09,V012,125.0,1.043787857433001
2026-05-28,2026-05-28 11:03:10,V012,126.0,1.0582573371145678
2026-05-28,2026-05-28 11:03:11,V012,126.0,1.065304753156664
2026-05-28,2026-05-28 11:03:12,V012,126.0,1.1357176258894361
2026-05-28,2026-05-28 11:03:13,V012,127.0,1.1095733031317407
2026-05-28,2026-05-28 11:03:14,V012,127.0,1.221602347592801
2026-05-28,2026-05-28 11:03:15,V012,126.0,1.0499344007595428
2026-05-28,2026-05-28 11:03:16,V012,126.0,1.179830000421336
2026-05-28,2026-05-28 11:03:17,V012,125.0,1.341911361702632
2026-05-28,2026-05-28 11:03:18,V012,124.0,1.0762353668137712
2026-05-28,2026-05-28 11:03:19,V012,124.0,1.0228161279977714
2026-05-28,2026-05-28 11:03:20,V012,124.0,1.0431417885716812
2026-05-28,2026-05-28 11:03:21,V012,124.0,1.0369701405841802
2026-05-28,2026-05-28 11:03:22,V012,124.0,1.133621176653839
2026-05-28,2026-05-28 11:03:23,V012,124.0,1.2509641516736543
2026-05-28,2026-05-28 11:03:24,V012,123.0,0.9888195454807973
2026-05-28,2026-05-28 11:03:25,V012,123.0,1.1740373384731597
2026-05-28,2026-05-28 11:03:26,V012,123.0,1.065456329924315
2026-05-28,2026-05-28 11:03:27,V012,123.0,1.0301503628935706
2026-05-28,2026-05-28 11:03:28,V012,124.0,1.0649775382479962
2026-05-28,2026-05-28 11:03:29,V012,123.0,1.0172654791536089
2026-05-28,2026-05-28 11:03:30,V012,123.0,1.033406059246465
2026-05-28,2026-05-28 11:03:31,V012,123.0,1.1650840442205812
2026-05-28,2026-05-28 11:03:32,V012,122.0,1.1117454679475043
2026-05-28,2026-05-28 11:03:33,V012,122.0,1.02479025712718
2026-05-28,2026-05-28 11:03:34,V012,122.0,1.0189835679820718
2026-05-28,2026-05-28 11:03:35,V012,122.0,1.057581346408901
2026-05-28,2026-05-28 11:03:36,V012,123.0,1.0594173581253146
2026-05-28,2026-05-28 11:03:37,V012,124.0,1.0799865358330203
2026-05-28,2026-05-28 11:03:38,V012,124.0,1.0439958257716133
2026-05-28,2026-05-28 11:03:39,V012,124.0,1.0372984121040747
2026-05-28,2026-05-28 11:03:40,V012,124.0,1.0610115171921866
2026-05-28,2026-05-28 11:03:41,V012,123.0,1.059590415022188
2026-05-28,2026-05-28 11:03:42,V012,123.0,1.0631387193452837
2026-05-28,2026-05-28 11:03:43,V012,122.0,1.0393314928752786
2026-05-28,2026-05-28 11:03:44,V012,121.0,1.0770761351057652
2026-05-28,2026-05-28 11:03:45,V012,121.0,1.0763219002911917
2026-05-28,2026-05-28 11:03:46,V012,120.0,1.0563056390149093
2026-05-28,2026-05-28 11:03:47,V012,119.0,1.0805886095224724
2026-05-28,2026-05-28 11:03:48,V012,119.0,1.0526348057971675
2026-05-28,2026-05-28 11:03:49,V012,118.0,1.0950385183432694
2026-05-28,2026-05-28 11:03:50,V012,118.0,1.0734806769647323
2026-05-28,2026-05-28 11:03:51,V012,118.0,1.028379225247081
2026-05-28,2026-05-28 11:03:52,V012,118.0,1.0859104181605292
2026-05-28,2026-05-28 11:03:53,V012,118.0,1.1022905998741634
2026-05-28,2026-05-28 11:03:54,V012,118.0,0.9889469398538213
2026-05-28,2026-05-28 11:03:55,V012,118.0,1.0569525951727068
2026-05-28,2026-05-28 11:03:56,V012,119.0,1.0697159181080027
2026-05-28,2026-05-28 11:03:57,V012,120.0,1.0220595533606236
2026-05-28,2026-05-28 11:03:58,V012,120.0,1.0518174831690255
2026-05-28,2026-05-28 11:03:59,V012,121.0,1.029963172964282
2026-05-28,2026-05-28 11:04:00,V012,122.0,1.0835167957829217
2026-05-28,2026-05-28 11:04:01,V012,123.0,1.0393383708216153
2026-05-28,2026-05-28 11:04:02,V012,124.0,1.0361616090039472
2026-05-28,2026-05-28 11:04:03,V012,125.0,1.0324437570701097
2026-05-28,2026-05-28 11:04:04,V012,126.0,1.069444342420599
2026-05-28,2026-05-28 11:04:05,V012,126.0,1.0763288702830514
2026-05-28,2026-05-28 11:04:06,V012,127.0,1.1039916495313544
2026-05-28,2026-05-28 11:04:07,V012,126.0,1.0239616431962004
2026-05-28,2026-05-28 11:04:08,V012,126.0,1.030649378148626
2026-05-28,2026-05-28 11:04:09,V012,125.0,1.0425592967612247
2026-05-28,2026-05-28 11:04:10,V012,124.0,1.038124437871802
2026-05-28,2026-05-28 11:04:11,V012,123.0,1.059037610764947
2026-05-28,2026-05-28 11:04:12,V012,122.0,1.0204903174410498
2026-05-28,2026-05-28 11:04:13,V012,121.0,1.0602357218886904
2026-05-28,2026-05-28 11:04:14,V012,120.0,1.0326013211783718
2026-05-28,2026-05-28 11:04:15,V012,119.0,1.0428081358453043
2026-05-28,2026-05-28 11:04:16,V012,119.0,1.0319524732178929
2026-05-28,2026-05-28 11:04:17,V012,119.0,1.0596318900497124
2026-05-28,2026-05-28 11:04:18,V012,118.0,1.0149462398187725
2026-05-28,2026-05-28 11:04:19,V012,118.0,1.0360887339784886
2026-05-28,2026-05-28 11:04:20,V012,118.0,1.0455663535249282
2026-05-28,2026-05-28 11:04:21,V012,117.0,1.0356150744954138
2026-05-28,2026-05-28 11:04:22,V012,116.0,1.0778816745342743
2026-05-28,2026-05-28 11:04:23,V012,115.0,1.1571553850559935
2026-05-28,2026-05-28 11:04:24,V012,114.0,1.1237713307064787
2026-05-28,2026-05-28 11:04:25,V012,114.0,1.079718209806332
2026-05-28,2026-05-28 11:04:26,V012,114.0,1.0813931994704056
2026-05-28,2026-05-28 11:04:27,V012,114.0,1.102738625316342
2026-05-28,2026-05-28 11:04:28,V012,114.0,1.2204122517072369
2026-05-28,2026-05-28 11:04:29,V012,114.0,1.0825877179535774
2026-05-28,2026-05-28 11:04:30,V012,114.0,1.1199117403023904
2026-05-28,2026-05-28 11:04:31,V012,114.0,1.1178455802190004
2026-05-28,2026-05-28 11:04:32,V012,114.0,1.0302951181436193
2026-05-28,2026-05-28 11:04:33,V012,115.0,1.0760023835154293
2026-05-28,2026-05-28 11:04:34,V012,115.0,1.035631204884105
2026-05-28,2026-05-28 11:04:35,V012,116.0,1.0964307890799123
2026-05-28,2026-05-28 11:04:36,V012,116.0,1.0151801927337878
2026-05-28,2026-05-28 11:04:37,V012,116.0,1.056283366562635
2026-05-28,2026-05-28 11:04:38,V012,116.0,1.081905349319581
2026-05-28,2026-05-28 11:04:39,V012,116.0,1.0771421618436292
2026-05-28,2026-05-28 11:04:40,V012,116.0,1.062342867724787
2026-05-28,2026-05-28 11:04:41,V012,117.0,1.0692906683066834
2026-05-28,2026-05-28 11:04:42,V012,117.0,1.0401366241663148
2026-05-28,2026-05-28 11:04:43,V012,117.0,1.045752607493
2026-05-28,2026-05-28 11:04:44,V012,117.0,1.0382661291039474
2026-05-28,2026-05-28 11:04:45,V012,117.0,1.0441041991790725
2026-05-28,2026-05-28 11:04:46,V012,117.0,1.057546515760894
2026-05-28,2026-05-28 11:04:47,V012,117.0,1.0711709231125164
2026-05-28,2026-05-28 11:04:48,V012,117.0,1.0471296776275336
2026-05-28,2026-05-28 11:04:49,V012,117.0,1.130746341512557
2026-05-28,2026-05-28 11:04:50,V012,117.0,1.1369695427620345
2026-05-28,2026-05-28 11:04:51,V012,117.0,1.095093104520628
2026-05-28,2026-05-28 11:04:52,V012,117.0,1.1095800028477243
2026-05-28,2026-05-28 11:04:53,V012,116.0,1.0350931047133647
2026-05-28,2026-05-28 11:04:54,V012,116.0,1.0629888841455626
2026-05-28,2026-05-28 11:04:55,V012,116.0,1.045078881105694
2026-05-28,2026-05-28 11:04:56,V012,116.0,1.1311200656491944
2026-05-28,2026-05-28 11:04:57,V012,116.0,1.1415862143758873
2026-05-28,2026-05-28 11:04:58,V012,115.0,1.0768066477113236
2026-05-28,2026-05-28 11:04:59,V012,115.0,1.0833539515568646
2026-05-28,2026-05-28 11:05:00,V012,115.0,1.0513463771265417
2026-05-28,2026-05-28 11:05:01,V012,115.0,1.0666363957374099
2026-05-28,2026-05-28 11:05:02,V012,115.0,1.0780265060182075
2026-05-28,2026-05-28 11:05:03,V012,115.0,1.032057283247337
2026-05-28,2026-05-28 11:05:04,V012,114.0,1.102856405057733
2026-05-28,2026-05-28 11:05:05,V012,114.0,1.0991620480283526
2026-05-28,2026-05-28 11:05:06,V012,114.0,1.0703330879283506
2026-05-28,2026-05-28 11:05:07,V012,114.0,1.096171475006604
2026-05-28,2026-05-28 11:05:08,V012,114.0,1.0791736229830484
2026-05-28,2026-05-28 11:05:09,V012,114.0,1.0751936005011558
2026-05-28,2026-05-28 11:05:10,V012,114.0,1.1642586758097409
2026-05-28,2026-05-28 11:05:11,V012,114.0,1.1482706215140834
2026-05-28,2026-05-28 11:05:12,V012,114.0,1.041478266436879
2026-05-28,2026-05-28 11:05:13,V012,113.0,1.0511502365678045
2026-05-28,2026-05-28 11:05:14,V012,112.0,1.06978675427742
2026-05-28,2026-05-28 11:05:15,V012,111.0,1.0083269671051267
2026-05-28,2026-05-28 11:05:16,V012,110.0,1.0222991282169351
2026-05-28,2026-05-28 11:05:17,V012,110.0,1.0630274243361748
2026-05-28,2026-05-28 11:05:18,V012,109.0,1.1604806410703903
2026-05-28,2026-05-28 11:05:19,V012,109.0,1.0188819099150113
2026-05-28,2026-05-28 11:05:20,V012,109.0,1.078542165075331
2026-05-28,2026-05-28 11:05:21,V012,109.0,1.0645789249493345
2026-05-28,2026-05-28 11:05:22,V012,110.0,1.0425573438780908
2026-05-28,2026-05-28 11:05:23,V012,110.0,1.0797334365927105
2026-05-28,2026-05-28 11:05:24,V012,110.0,1.0403960832194101
2026-05-28,2026-05-28 11:05:25,V012,111.0,1.125464539289842
2026-05-28,2026-05-28 11:05:26,V012,111.0,1.1328952569357271
2026-05-28,2026-05-28 11:05:27,V012,112.0,1.0723851042180517
2026-05-28,2026-05-28 11:05:28,V012,112.0,1.0783997551496265
2026-05-28,2026-05-28 11:05:29,V012,112.0,1.058962291461784
2026-05-28,2026-05-28 11:05:30,V012,112.0,1.059344549223084
2026-05-28,2026-05-28 11:05:31,V012,112.0,1.0815722964763779
2026-05-28,2026-05-28 11:05:32,V012,112.0,1.059629141354409
2026-05-28,2026-05-28 11:05:33,V012,112.0,1.0470195047036552
2026-05-28,2026-05-28 11:05:34,V012,111.0,1.0592288779659418
2026-05-28,2026-05-28 11:05:35,V012,111.0,1.2144728165377061
2026-05-28,2026-05-28 11:05:36,V012,111.0,1.0315706125103903
2026-05-28,2026-05-28 11:05:37,V012,111.0,1.0167842839089154
2026-05-28,2026-05-28 11:05:38,V012,111.0,1.0828689566156957
2026-05-28,2026-05-28 11:05:39,V012,110.0,1.039728577411916
2026-05-28,2026-05-28 11:05:40,V012,110.0,1.0558182986846998
2026-05-28,2026-05-28 11:05:41,V012,109.0,1.1059012924029412
2026-05-28,2026-05-28 11:05:42,V012,109.0,1.0208539208367484
2026-05-28,2026-05-28 11:05:43,V012,109.0,1.0695756382221244
2026-05-28,2026-05-28 11:05:44,V012,108.0,1.0322744523932048
2026-05-28,2026-05-28 11:05:45,V012,108.0,1.083614549007258
2026-05-28,2026-05-28 11:05:46,V012,107.0,1.0258190371193032
2026-05-28,2026-05-28 11:05:47,V012,108.0,1.0614970748836419
2026-05-28,2026-05-28 11:05:48,V012,109.0,1.0339892875175394
2026-05-28,2026-05-28 11:05:49,V012,109.0,1.0333518537332886
2026-05-28,2026-05-28 11:05:50,V012,110.0,1.0231734219090909
2026-05-28,2026-05-28 11:05:51,V012,110.0,1.0666257343835897
2026-05-28,2026-05-28 11:05:52,V012,111.0,1.0324487249674419
2026-05-28,2026-05-28 11:05:53,V012,111.0,1.0344552635214537
2026-05-28,2026-05-28 11:05:54,V012,111.0,1.0296680770816913
2026-05-28,2026-05-28 11:05:55,V012,111.0,1.0321726684540096
2026-05-28,2026-05-28 11:05:56,V012,111.0,1.1175421766650624
2026-05-28,2026-05-28 11:05:57,V012,111.0,0.9230620912438801
2026-05-28,2026-05-28 11:05:58,V012,112.0,1.070176836816577
2026-05-28,2026-05-28 11:05:59,V012,112.0,1.080019653905791
2026-05-28,2026-05-28 11:06:00,V012,112.0,1.0309239844209663
2026-05-28,2026-05-28 11:06:01,V012,112.0,1.0325322363633793
2026-05-28,2026-05-28 11:06:02,V012,112.0,1.0331434069557313
2026-05-28,2026-05-28 11:06:03,V012,112.0,1.0392186790658147
2026-05-28,2026-05-28 11:06:04,V012,112.0,1.0305296769012413
2026-05-28,2026-05-28 11:06:05,V012,111.0,1.0617722132823206
2026-05-28,2026-05-28 11:06:06,V012,111.0,1.0792115832402793
2026-05-28,2026-05-28 11:06:07,V012,111.0,1.0916831424743083
2026-05-28,2026-05-28 11:06:08,V012,111.0,1.0934199288099586
2026-05-28,2026-05-28 11:06:09,V012,110.0,1.124594293181545
2026-05-28,2026-05-28 11:06:10,V012,110.0,1.065308671338484
2026-05-28,2026-05-28 11:06:11,V012,110.0,1.0473509127792042
2026-05-28,2026-05-28 11:06:12,V012,110.0,1.0604401776465302
2026-05-28,2026-05-28 11:06:13,V012,110.0,1.0459068079260292
2026-05-28,2026-05-28 11:06:14,V012,110.0,1.0400884632707876
2026-05-28,2026-05-28 11:06:15,V012,110.0,1.0791516934036316
2026-05-28,2026-05-28 11:06:16,V012,110.0,1.1618801466407778
2026-05-28,2026-05-28 11:06:17,V012,111.0,1.1108053687896227
2026-05-28,2026-05-28 11:06:18,V012,111.0,1.0239013708735651
2026-05-28,2026-05-28 11:06:19,V012,111.0,1.0565990147408166
2026-05-28,2026-05-28 11:06:20,V012,111.0,1.0655303198547885
2026-05-28,2026-05-28 11:06:21,V012,112.0,1.050800020394302
2026-05-28,2026-05-28 11:06:22,V012,112.0,1.0743869420288679
2026-05-28,2026-05-28 11:06:23,V012,112.0,1.061651612493171
2026-05-28,2026-05-28 11:06:24,V012,111.0,1.0874729814130308
2026-05-28,2026-05-28 11:06:25,V012,111.0,1.0716075759573327
2026-05-28,2026-05-28 11:06:26,V012,111.0,1.0940173584815105
2026-05-28,2026-05-28 11:06:27,V012,111.0,1.0427658310127066
2026-05-28,2026-05-28 11:06:28,V012,110.0,1.0193988907196048
2026-05-28,2026-05-28 11:06:29,V012,110.0,1.0652016145827323
2026-05-28,2026-05-28 11:06:30,V012,110.0,1.0342239493071599
2026-05-28,2026-05-28 11:06:31,V012,110.0,1.032464297907736
2026-05-28,2026-05-28 11:06:32,V012,110.0,1.0324955208925313
2026-05-28,2026-05-28 11:06:33,V012,111.0,1.0324412666976945
2026-05-28,2026-05-28 11:06:34,V012,111.0,1.0305423381305754
2026-05-28,2026-05-28 11:06:35,V012,112.0,1.0346190649554499
2026-05-28,2026-05-28 11:06:36,V012,113.0,1.0298203441704652
2026-05-28,2026-05-28 11:06:37,V012,113.0,1.0315468844542806
2026-05-28,2026-05-28 11:06:38,V012,113.0,1.0315680444997906
2026-05-28,2026-05-28 11:06:39,V012,112.0,1.0312467289094354
2026-05-28,2026-05-28 11:06:40,V012,112.0,1.0329344477564917
2026-05-28,2026-05-28 11:06:41,V012,111.0,1.031529907714546
2026-05-28,2026-05-28 11:06:42,V012,110.0,1.0323693584560474
2026-05-28,2026-05-28 11:06:43,V012,109.0,1.0328663872529174
2026-05-28,2026-05-28 11:06:44,V012,109.0,1.0324450083061476
2026-05-28,2026-05-28 11:06:45,V012,109.0,1.0373667001567333
2026-05-28,2026-05-28 11:06:46,V012,109.0,1.0327839829320813
2026-05-28,2026-05-28 11:06:47,V012,109.0,1.0340356783826055
2026-05-28,2026-05-28 11:06:48,V012,109.0,1.0315194081994559
2026-05-28,2026-05-28 11:06:49,V012,109.0,1.0314448557599323
2026-05-28,2026-05-28 11:06:50,V012,109.0,1.033246377076805
2026-05-28,2026-05-28 11:06:51,V012,109.0,1.0318224961267157
2026-05-28,2026-05-28 11:06:52,V012,109.0,1.0333775298977637
2026-05-28,2026-05-28 11:06:53,V012,108.0,1.0307993840638663
2026-05-28,2026-05-28 11:06:54,V012,107.0,1.0311407542516478
2026-05-28,2026-05-28 11:06:55,V012,106.0,1.0327475597739086
2026-05-28,2026-05-28 11:06:56,V012,106.0,1.0322766371105854
2026-05-28,2026-05-28 11:06:57,V012,105.0,1.031979618447334
2026-05-28,2026-05-28 11:06:58,V012,105.0,1.0328446628100085
2026-05-28,2026-05-28 11:06:59,V012,106.0,1.032217343639957
2026-05-28,2026-05-28 11:07:00,V012,106.0,1.0320777611184173
2026-05-28,2026-05-28 11:07:01,V012,107.0,1.0323419732730785
2026-05-28,2026-05-28 11:07:02,V012,108.0,1.0312364953292756
2026-05-28,2026-05-28 11:07:03,V012,109.0,1.0329388127341168
2026-05-28,2026-05-28 11:07:04,V012,109.0,1.0693432337403048
2026-05-28,2026-05-28 11:07:05,V012,109.0,1.0937952132886057
2026-05-28,2026-05-28 11:07:06,V012,109.0,1.0623920865136922
2026-05-28,2026-05-28 11:07:07,V012,108.0,1.144951949495017
2026-05-28,2026-05-28 11:07:08,V012,108.0,1.0636471755786618
2026-05-28,2026-05-28 11:07:09,V012,108.0,1.1456815334402894
2026-05-28,2026-05-28 11:07:10,V012,109.0,1.0951135346618943
2026-05-28,2026-05-28 11:07:11,V012,109.0,0.9954549836404566
2026-05-28,2026-05-28 11:07:12,V012,110.0,1.2936068271595056
2026-05-28,2026-05-28 11:07:13,V012,110.0,1.3336030241003303
2026-05-28,2026-05-28 11:07:14,V012,110.0,1.0570807923272596
2026-05-28,2026-05-28 11:07:15,V012,110.0,1.0915439820674184
2026-05-28,2026-05-28 11:07:16,V012,109.0,1.0426802872075032
2026-05-28,2026-05-28 11:07:17,V012,109.0,1.0446709326351447
2026-05-28,2026-05-28 11:07:18,V012,109.0,1.022544941831432
2026-05-28,2026-05-28 11:07:19,V012,109.0,1.1460175056761919
2026-05-28,2026-05-28 11:07:20,V012,110.0,1.182385161430473
2026-05-28,2026-05-28 11:07:21,V012,111.0,1.113670884608373
2026-05-28,2026-05-28 11:07:22,V012,113.0,1.143696445829635
2026-05-28,2026-05-28 11:07:23,V012,114.0,1.2433382217290907
2026-05-28,2026-05-28 11:07:24,V012,114.0,1.1852585434843397
2026-05-28,2026-05-28 11:07:25,V012,116.0,1.0965252821903868
2026-05-28,2026-05-28 11:07:26,V012,118.0,1.1462512792164856
2026-05-28,2026-05-28 11:07:27,V012,119.0,1.1070281949555127
2026-05-28,2026-05-28 11:07:28,V012,119.0,1.1187959180406646
2026-05-28,2026-05-28 11:07:29,V012,120.0,1.0886396119521886
2026-05-28,2026-05-28 11:07:30,V012,120.0,1.1519042551737297
2026-05-28,2026-05-28 11:07:31,V012,121.0,1.0813575622453548
2026-05-28,2026-05-28 11:07:32,V012,122.0,1.2552988735657014
2026-05-28,2026-05-28 11:07:33,V012,122.0,1.1027006687118464
2026-05-28,2026-05-28 11:07:34,V012,122.0,1.0940673367119844
2026-05-28,2026-05-28 11:07:35,V012,121.0,1.0806464099565223
2026-05-28,2026-05-28 11:07:36,V012,120.0,0.9890595684138791
2026-05-28,2026-05-28 11:07:37,V012,119.0,1.1054788641734221
2026-05-28,2026-05-28 11:07:38,V012,118.0,1.073038974124789
2026-05-28,2026-05-28 11:07:39,V012,118.0,1.0243148958860167
2026-05-28,2026-05-28 11:07:40,V012,117.0,1.064238925828995
2026-05-28,2026-05-28 11:07:41,V012,117.0,1.228833759389108
2026-05-28,2026-05-28 11:07:42,V012,116.0,1.0711340732618615
2026-05-28,2026-05-28 11:07:43,V012,116.0,1.1225463967748632
2026-05-28,2026-05-28 11:07:44,V012,115.0,1.1448228520111452
2026-05-28,2026-05-28 11:07:45,V012,115.0,1.6602231516400179
2026-05-28,2026-05-28 11:07:46,V012,114.0,1.2601633498162559
2026-05-28,2026-05-28 11:07:47,V012,114.0,1.1015253455220453
2026-05-28,2026-05-28 11:07:48,V012,114.0,1.1592441557700157
2026-05-28,2026-05-28 11:07:49,V012,114.0,1.0680669095355082
2026-05-28,2026-05-28 11:07:50,V012,114.0,1.0893367618612455
2026-05-28,2026-05-28 11:07:51,V012,115.0,1.0346883415163146
2026-05-28,2026-05-28 11:07:52,V012,115.0,1.1123930169706988
2026-05-28,2026-05-28 11:07:53,V012,116.0,1.1059992633966422
2026-05-28,2026-05-28 11:07:54,V012,117.0,1.135542414842709
2026-05-28,2026-05-28 11:07:55,V012,117.0,1.0538225615300671
2026-05-28,2026-05-28 11:07:56,V012,117.0,1.0764082352395956
2026-05-28,2026-05-28 11:07:57,V012,118.0,1.4517825624797736
2026-05-28,2026-05-28 11:07:58,V012,118.0,1.0996648668639928
2026-05-28,2026-05-28 11:07:59,V012,119.0,1.0695405320374098
2026-05-28,2026-05-28 11:08:00,V012,119.0,1.0492384483561557
2026-05-28,2026-05-28 11:08:01,V012,120.0,1.0683562670329119
2026-05-28,2026-05-28 11:08:02,V012,120.0,1.0463313771192155
2026-05-28,2026-05-28 11:08:03,V012,121.0,1.0799536696966732
2026-05-28,2026-05-28 11:08:04,V012,121.0,1.0595081027490136
2026-05-28,2026-05-28 11:08:05,V012,121.0,1.0745546583068717
2026-05-28,2026-05-28 11:08:06,V012,121.0,1.0854858251647028
2026-05-28,2026-05-28 11:08:07,V012,121.0,1.0654031411952143
2026-05-28,2026-05-28 11:08:08,V012,121.0,1.1146359963639436
2026-05-28,2026-05-28 11:08:09,V012,121.0,1.0618430854658059
2026-05-28,2026-05-28 11:08:10,V012,120.0,1.0452650114660416
2026-05-28,2026-05-28 11:08:11,V012,120.0,1.0935072874655034
2026-05-28,2026-05-28 11:08:12,V012,120.0,0.9988625841251239
2026-05-28,2026-05-28 11:08:13,V012,119.0,1.1381327027990835
2026-05-28,2026-05-28 11:08:14,V012,119.0,1.0786064605832861
2026-05-28,2026-05-28 11:08:15,V012,119.0,1.0739833483194452
2026-05-28,2026-05-28 11:08:16,V012,119.0,1.0941984035077128
2026-05-28,2026-05-28 11:08:17,V012,120.0,1.0630379566729766
2026-05-28,2026-05-28 11:08:18,V012,121.0,1.0634449139191582
2026-05-28,2026-05-28 11:08:19,V012,121.0,1.043663973676429
2026-05-28,2026-05-28 11:08:20,V012,122.0,1.0501886297600826
2026-05-28,2026-05-28 11:08:21,V012,123.0,1.0332328571966014
2026-05-28,2026-05-28 11:08:22,V012,123.0,1.1208668581902197
2026-05-28,2026-05-28 11:08:23,V012,123.0,1.1027616789997756
2026-05-28,2026-05-28 11:08:24,V012,123.0,1.1107729702568143
2026-05-28,2026-05-28 11:08:25,V012,123.0,1.0396921142908944
2026-05-28,2026-05-28 11:08:26,V012,122.0,1.0621459346145166
2026-05-28,2026-05-28 11:08:27,V012,122.0,1.0822457904511626
2026-05-28,2026-05-28 11:08:28,V012,121.0,1.1098886358142435
2026-05-28,2026-05-28 11:08:29,V012,121.0,1.0928527141033744
2026-05-28,2026-05-28 11:08:30,V012,120.0,1.0831910680233363
2026-05-28,2026-05-28 11:08:31,V012,120.0,1.1005435627895392
2026-05-28,2026-05-28 11:08:32,V012,120.0,1.0721953818466208
2026-05-28,2026-05-28 11:08:33,V012,120.0,1.057601475515819
2026-05-28,2026-05-28 11:08:34,V012,120.0,1.037144482609949
2026-05-28,2026-05-28 11:08:35,V012,119.0,1.0127733814696824
2026-05-28,2026-05-28 11:08:36,V012,119.0,1.2824756809228763
2026-05-28,2026-05-28 11:08:37,V012,119.0,1.301094658032036
2026-05-28,2026-05-28 11:08:38,V012,118.0,1.0302288353820968
2026-05-28,2026-05-28 11:08:39,V012,118.0,1.268566565165479
2026-05-28,2026-05-28 11:08:40,V012,118.0,1.238750911074759
2026-05-28,2026-05-28 11:08:41,V012,118.0,1.1125208797406718
2026-05-28,2026-05-28 11:08:42,V012,118.0,1.1133610533727478
2026-05-28,2026-05-28 11:08:43,V012,119.0,1.03831346256409
2026-05-28,2026-05-28 11:08:44,V012,119.0,1.1199991150585051
2026-05-28,2026-05-28 11:08:45,V012,120.0,1.2052432961989685
2026-05-28,2026-05-28 11:08:46,V012,121.0,1.1766243535116525
2026-05-28,2026-05-28 11:08:47,V012,121.0,1.0557480401480765
2026-05-28,2026-05-28 11:08:48,V012,122.0,1.4174291345149777
2026-05-28,2026-05-28 11:08:49,V012,123.0,1.1208847986008548
2026-05-28,2026-05-28 11:08:50,V012,123.0,1.146456455756469
2026-05-28,2026-05-28 11:08:51,V012,123.0,1.152010633014067
2026-05-28,2026-05-28 11:08:52,V012,123.0,1.2290044112546143
2026-05-28,2026-05-28 11:08:53,V012,124.0,1.2250179913696027
2026-05-28,2026-05-28 11:08:54,V012,124.0,1.0776635698776724
2026-05-28,2026-05-28 11:08:55,V012,125.0,1.05046963481239
2026-05-28,2026-05-28 11:08:56,V012,125.0,1.2389583700562747
2026-05-28,2026-05-28 11:08:57,V012,126.0,1.2689562386792803
2026-05-28,2026-05-28 11:08:58,V012,127.0,1.0903262217193959
2026-05-28,2026-05-28 11:08:59,V012,128.0,1.1855614675508959
2026-05-28,2026-05-28 11:09:00,V012,129.0,1.3708817880472508
2026-05-28,2026-05-28 11:09:01,V012,130.0,1.1163757137635355
2026-05-28,2026-05-28 11:09:02,V012,130.0,1.172047467262326
2026-05-28,2026-05-28 11:09:03,V012,131.0,1.3852422257096664
2026-05-28,2026-05-28 11:09:04,V012,131.0,1.1920961291832746
2026-05-28,2026-05-28 11:09:05,V012,131.0,1.2564462918747301
2026-05-28,2026-05-28 11:09:06,V012,131.0,1.5593516733459571
2026-05-28,2026-05-28 11:09:07,V012,132.0,1.0798597412331472
2026-05-28,2026-05-28 11:09:08,V012,132.0,1.137052933901565
2026-05-28,2026-05-28 11:09:09,V012,132.0,1.096362023099491
2026-05-28,2026-05-28 11:09:10,V012,133.0,1.0560359643018844
2026-05-28,2026-05-28 11:09:11,V012,133.0,1.0568414662166676
2026-05-28,2026-05-28 11:09:12,V012,134.0,1.2343073566460758
2026-05-28,2026-05-28 11:09:13,V012,135.0,1.1490929382583783
2026-05-28,2026-05-28 11:09:14,V012,136.0,1.0357248846812466
2026-05-28,2026-05-28 11:09:15,V012,137.0,1.4112411355622585
2026-05-28,2026-05-28 11:09:16,V012,137.0,1.1405576265949524
2026-05-28,2026-05-28 11:09:17,V012,138.0,1.0738189593508902
2026-05-28,2026-05-28 11:09:18,V012,138.0,1.3072793278629946
2026-05-28,2026-05-28 11:09:19,V012,139.0,1.222851124262288
2026-05-28,2026-05-28 11:09:20,V012,139.0,1.2311687006824412
2026-05-28,2026-05-28 11:09:21,V012,140.0,1.2513903164702314
2026-05-28,2026-05-28 11:09:22,V012,140.0,1.5200336171120148
2026-05-28,2026-05-28 11:09:23,V012,141.0,1.289981148066131
2026-05-28,2026-05-28 11:09:24,V012,142.0,1.1815759474220435
2026-05-28,2026-05-28 11:09:25,V012,142.0,1.1744963026938653
2026-05-28,2026-05-28 11:09:26,V012,143.0,1.0848678819241035
2026-05-28,2026-05-28 11:09:27,V012,143.0,1.0594187804481578
2026-05-28,2026-05-28 11:09:28,V012,143.0,1.1777523618580095
2026-05-28,2026-05-28 11:09:29,V012,143.0,1.1401148081759087
2026-05-28,2026-05-28 11:09:30,V012,143.0,1.1359524266572343
2026-05-28,2026-05-28 11:09:31,V012,142.0,1.1123035055256438
2026-05-28,2026-05-28 11:09:32,V012,142.0,1.1517753571984242
2026-05-28,2026-05-28 11:09:33,V012,142.0,1.3059017898142349
2026-05-28,2026-05-28 11:09:34,V012,141.0,1.0437117256791217
2026-05-28,2026-05-28 11:09:35,V012,141.0,1.1238764433778299
2026-05-28,2026-05-28 11:09:36,V012,141.0,1.1815583172362687
2026-05-28,2026-05-28 11:09:37,V012,142.0,1.0980935388024244
2026-05-28,2026-05-28 11:09:38,V012,142.0,1.0622168855296708
2026-05-28,2026-05-28 11:09:39,V012,141.0,1.0917655153909116
2026-05-28,2026-05-28 11:09:40,V012,141.0,1.0843901274377936
2026-05-28,2026-05-28 11:09:41,V012,141.0,1.0498013966960997
2026-05-28,2026-05-28 11:09:42,V012,141.0,1.0707021428463452
2026-05-28,2026-05-28 11:09:43,V012,140.0,1.0799749419051097
2026-05-28,2026-05-28 11:09:44,V012,140.0,1.9413374733838908
2026-05-28,2026-05-28 11:09:45,V012,140.0,1.12119747501004
2026-05-28,2026-05-28 11:09:46,V012,140.0,1.0337751443672278
2026-05-28,2026-05-28 11:09:47,V012,139.0,1.1463101617048819
2026-05-28,2026-05-28 11:09:48,V012,139.0,1.0332326618272174
2026-05-28,2026-05-28 11:09:49,V012,138.0,1.133006012333829
2026-05-28,2026-05-28 11:09:50,V012,137.0,1.0235588447426152
2026-05-28,2026-05-28 11:09:51,V012,137.0,1.1739997565686358
2026-05-28,2026-05-28 11:09:52,V012,136.0,0.9957298780264368
2026-05-28,2026-05-28 11:09:53,V012,136.0,1.0901101297692852
2026-05-28,2026-05-28 11:09:54,V012,136.0,1.076248855894742
2026-05-28,2026-05-28 11:09:55,V012,135.0,1.0760165094889005
2026-05-28,2026-05-28 11:09:56,V012,135.0,1.07361195623132
2026-05-28,2026-05-28 11:09:57,V012,134.0,1.083618988138167
2026-05-28,2026-05-28 11:09:58,V012,132.0,1.0553703818703541
2026-05-28,2026-05-28 11:09:59,V012,132.0,1.0616683300078957
2026-05-28,2026-05-28 11:10:00,V012,132.0,1.089420614271636
2026-05-28,2026-05-28 11:10:01,V012,131.0,1.0255774588017337
2026-05-28,2026-05-28 11:10:02,V012,130.0,1.088658927350363
2026-05-28,2026-05-28 11:10:03,V012,130.0,1.0562564978623163
2026-05-28,2026-05-28 11:10:04,V012,130.0,1.0740488926540461
2026-05-28,2026-05-28 11:10:05,V012,130.0,1.1157408394133055
2026-05-28,2026-05-28 11:10:06,V012,130.0,1.076799430607353
2026-05-28,2026-05-28 11:10:07,V012,130.0,1.0901619716227682
2026-05-28,2026-05-28 11:10:08,V012,130.0,1.0509791537365343
2026-05-28,2026-05-28 11:10:09,V012,130.0,1.8884560777704638
2026-05-28,2026-05-28 11:10:10,V012,130.0,1.1059251981421834
2026-05-28,2026-05-28 11:10:11,V012,130.0,1.682445039504991
2026-05-28,2026-05-28 11:10:12,V012,131.0,1.1145194049220921
2026-05-28,2026-05-28 11:10:13,V012,131.0,1.5868990715592775
2026-05-28,2026-05-28 11:10:14,V012,130.0,1.3002316921855468
2026-05-28,2026-05-28 11:10:15,V012,130.0,1.0738735814688156
2026-05-28,2026-05-28 11:10:16,V012,130.0,1.0727393928932332
2026-05-28,2026-05-28 11:10:17,V012,129.0,1.1369112362015585
2026-05-28,2026-05-28 11:10:18,V012,129.0,1.1354867984995969
2026-05-28,2026-05-28 11:10:19,V012,129.0,1.1017366376678888
2026-05-28,2026-05-28 11:10:20,V012,129.0,1.119830333727385
2026-05-28,2026-05-28 11:10:21,V012,129.0,1.0864474935031185
2026-05-28,2026-05-28 11:10:22,V012,128.0,1.0770208351978214
2026-05-28,2026-05-28 11:10:23,V012,128.0,1.07794476140014
2026-05-28,2026-05-28 11:10:24,V012,128.0,1.0557643343853433
2026-05-28,2026-05-28 11:10:25,V012,127.0,1.0548203589003187
2026-05-28,2026-05-28 11:10:26,V012,127.0,1.1028609604429442
2026-05-28,2026-05-28 11:10:27,V012,127.0,1.0930669658453205
2026-05-28,2026-05-28 11:10:28,V012,127.0,1.0579228130692369
2026-05-28,2026-05-28 11:10:29,V012,127.0,1.0365543961199057
2026-05-28,2026-05-28 11:10:30,V012,127.0,1.0788658643460713
2026-05-28,2026-05-28 11:10:31,V012,127.0,1.0655618842765997
2026-05-28,2026-05-28 11:10:32,V012,127.0,1.251779831688192
2026-05-28,2026-05-28 11:10:33,V012,127.0,1.0534008995959323
2026-05-28,2026-05-28 11:10:34,V012,127.0,1.7094069123876923
2026-05-28,2026-05-28 11:10:35,V012,126.0,1.0961686541156874
2026-05-28,2026-05-28 11:10:36,V012,126.0,1.0806638894714002
2026-05-28,2026-05-28 11:10:37,V012,126.0,1.0766878182531183
2026-05-28,2026-05-28 11:10:38,V012,125.0,1.0644330549942578
2026-05-28,2026-05-28 11:10:39,V012,125.0,1.0113015195109678
2026-05-28,2026-05-28 11:10:40,V012,125.0,1.244403955637437
2026-05-28,2026-05-28 11:10:41,V012,124.0,1.2521660235822367
2026-05-28,2026-05-28 11:10:42,V012,122.0,1.0754208922814514
2026-05-28,2026-05-28 11:10:43,V012,121.0,1.104020892989889
2026-05-28,2026-05-28 11:10:44,V012,121.0,1.1452854379497326
2026-05-28,2026-05-28 11:10:45,V012,120.0,1.1442477374258162
2026-05-28,2026-05-28 11:10:46,V012,118.0,1.0784560833688104
2026-05-28,2026-05-28 11:10:47,V012,118.0,1.0544207866471607
2026-05-28,2026-05-28 11:10:48,V012,118.0,1.0236890020806355
2026-05-28,2026-05-28 11:10:49,V012,118.0,1.019444468649403
2026-05-28,2026-05-28 11:10:50,V012,117.0,1.1511489492578761
2026-05-28,2026-05-28 11:10:51,V012,118.0,1.2758471562610436
2026-05-28,2026-05-28 11:10:52,V012,118.0,1.0483487396717561
2026-05-28,2026-05-28 11:10:53,V012,119.0,1.033002379637439
2026-05-28,2026-05-28 11:10:54,V012,119.0,1.0477326628410915
2026-05-28,2026-05-28 11:10:55,V012,120.0,1.047351956514049
2026-05-28,2026-05-28 11:10:56,V012,120.0,1.036123854351228
2026-05-28,2026-05-28 11:10:57,V012,120.0,1.039648772467829
2026-05-28,2026-05-28 11:10:58,V012,121.0,1.041540821332651
2026-05-28,2026-05-28 11:10:59,V012,121.0,1.0834500723567086
2026-05-28,2026-05-28 11:11:00,V012,121.0,1.003530455283174
2026-05-28,2026-05-28 11:11:01,V012,121.0,1.3024886905326643
2026-05-28,2026-05-28 11:11:02,V012,121.0,0.9625549880066219
2026-05-28,2026-05-28 11:11:03,V012,121.0,1.1263861426853288
2026-05-28,2026-05-28 11:11:04,V012,122.0,1.0790582440645482
2026-05-28,2026-05-28 11:11:05,V012,122.0,1.0906741854074131
2026-05-28,2026-05-28 11:11:06,V012,122.0,1.2916601122613096
2026-05-28,2026-05-28 11:11:07,V012,122.0,1.1829125811972832
2026-05-28,2026-05-28 11:11:08,V012,122.0,1.06506076332246
2026-05-28,2026-05-28 11:11:09,V012,122.0,1.081397314011296
2026-05-28,2026-05-28 11:11:10,V012,122.0,1.0799904779304335
2026-05-28,2026-05-28 11:11:11,V012,122.0,1.1214266961519515
2026-05-28,2026-05-28 11:11:12,V012,122.0,1.0963865883310202
2026-05-28,2026-05-28 11:11:13,V012,121.0,1.1125163399712776
2026-05-28,2026-05-28 11:11:14,V012,121.0,1.1242526536404003
2026-05-28,2026-05-28 11:11:15,V012,120.0,1.011252785788929
2026-05-28,2026-05-28 11:11:16,V012,119.0,1.1502663607771126
2026-05-28,2026-05-28 11:11:17,V012,119.0,1.03067566299499
2026-05-28,2026-05-28 11:11:18,V012,118.0,1.1205092685394729
2026-05-28,2026-05-28 11:11:19,V012,118.0,1.0607316022553506
2026-05-28,2026-05-28 11:11:20,V012,118.0,1.0690252738661947
2026-05-28,2026-05-28 11:11:21,V012,118.0,1.057319187358011
2026-05-28,2026-05-28 11:11:22,V012,118.0,1.0415792155959076
2026-05-28,2026-05-28 11:11:23,V012,118.0,1.0474987715107904
2026-05-28,2026-05-28 11:11:24,V012,118.0,1.0473364360330393
2026-05-28,2026-05-28 11:11:25,V012,119.0,1.0395810943870778
2026-05-28,2026-05-28 11:11:26,V012,119.0,1.0385095184948085
2026-05-28,2026-05-28 11:11:27,V012,119.0,1.0470526480563265
2026-05-28,2026-05-28 11:11:28,V012,119.0,1.054444083884711
2026-05-28,2026-05-28 11:11:29,V012,120.0,1.0960779580993694
2026-05-28,2026-05-28 11:11:30,V012,120.0,1.0264070765906985
2026-05-28,2026-05-28 11:11:31,V012,119.0,1.0702613398170753
2026-05-28,2026-05-28 11:11:32,V012,119.0,1.0609167369282932
2026-05-28,2026-05-28 11:11:33,V012,118.0,1.1802386582704119
2026-05-28,2026-05-28 11:11:34,V012,117.0,1.1787304884730243
2026-05-28,2026-05-28 11:11:35,V012,117.0,1.0219749512840828
2026-05-28,2026-05-28 11:11:36,V012,117.0,1.1670703354492495
2026-05-28,2026-05-28 11:11:37,V012,117.0,1.0149611716620126
2026-05-28,2026-05-28 11:11:38,V012,117.0,1.071984717302658
2026-05-28,2026-05-28 11:11:39,V012,117.0,1.0485012738073565
2026-05-28,2026-05-28 11:11:40,V012,116.0,1.0577051781777895
2026-05-28,2026-05-28 11:11:41,V012,116.0,1.0854313609482173
2026-05-28,2026-05-28 11:11:42,V012,116.0,1.0959698797256259
2026-05-28,2026-05-28 11:11:43,V012,116.0,1.1026819889977224
2026-05-28,2026-05-28 11:11:44,V012,117.0,1.111476901019685
2026-05-28,2026-05-28 11:11:45,V012,117.0,1.0313660078006144
2026-05-28,2026-05-28 11:11:46,V012,118.0,1.05011959986307
2026-05-28,2026-05-28 11:11:47,V012,118.0,1.0711654667836392
2026-05-28,2026-05-28 11:11:48,V012,118.0,1.0320535488135354
2026-05-28,2026-05-28 11:11:49,V012,119.0,1.0472511628515548
2026-05-28,2026-05-28 11:11:50,V012,119.0,1.0416904119822306
2026-05-28,2026-05-28 11:11:51,V012,119.0,1.038960713380579
2026-05-28,2026-05-28 11:11:52,V012,119.0,1.0336516855975324
2026-05-28,2026-05-28 11:11:53,V012,119.0,1.0362604219889164
2026-05-28,2026-05-28 11:11:54,V012,119.0,1.0873223456559422
2026-05-28,2026-05-28 11:11:55,V012,119.0,1.0841439929814427
2026-05-28,2026-05-28 11:11:56,V012,119.0,1.0892792653301764
2026-05-28,2026-05-28 11:11:57,V012,120.0,1.1358421760952708
2026-05-28,2026-05-28 11:11:58,V012,120.0,2.0637450822919265
2026-05-28,2026-05-28 11:11:59,V012,120.0,1.2064877560387974
2026-05-28,2026-05-28 11:12:00,V012,120.0,1.7824011356633875
2026-05-28,2026-05-28 11:12:01,V012,119.0,1.1534053224482264
2026-05-28,2026-05-28 11:12:02,V012,119.0,1.952723952570969
2026-05-28,2026-05-28 11:12:03,V012,119.0,1.1488756254557337
2026-05-28,2026-05-28 11:12:04,V012,119.0,1.4754870326727565
2026-05-28,2026-05-28 11:12:05,V012,118.0,1.1227506261621836
2026-05-28,2026-05-28 11:12:06,V012,118.0,1.8701756236275833
2026-05-28,2026-05-28 11:12:07,V012,118.0,1.4720138150191924
2026-05-28,2026-05-28 11:12:08,V012,118.0,1.2058375195092104
2026-05-28,2026-05-28 11:12:09,V012,118.0,2.252259670583534
2026-05-28,2026-05-28 11:12:10,V012,118.0,1.196855280425803
2026-05-28,2026-05-28 11:12:11,V012,118.0,2.2615082196316756
2026-05-28,2026-05-28 11:12:12,V012,118.0,1.1947451448156754
2026-05-28,2026-05-28 11:12:13,V012,117.0,1.7736817468523642
2026-05-28,2026-05-28 11:12:14,V012,117.0,1.1735182077575685
2026-05-28,2026-05-28 11:12:15,V012,117.0,1.9213161027607708
2026-05-28,2026-05-28 11:12:16,V012,117.0,1.3654081786600458
2026-05-28,2026-05-28 11:12:17,V012,117.0,1.246592012608522
2026-05-28,2026-05-28 11:12:18,V012,118.0,2.0974341292373553
2026-05-28,2026-05-28 11:12:19,V012,118.0,1.2642563939119968
2026-05-28,2026-05-28 11:12:20,V012,119.0,1.6716546673028343
2026-05-28,2026-05-28 11:12:21,V012,120.0,1.4263018284023814
2026-05-28,2026-05-28 11:12:22,V012,120.0,1.7926931938202961
2026-05-28,2026-05-28 11:12:23,V012,121.0,1.2180591064357131
2026-05-28,2026-05-28 11:12:24,V012,122.0,2.0918132337755053
2026-05-28,2026-05-28 11:12:25,V012,123.0,1.1318251245958486
2026-05-28,2026-05-28 11:12:26,V012,124.0,1.0629489420260037
2026-05-28,2026-05-28 11:12:27,V012,124.0,1.1269661868741607
2026-05-28,2026-05-28 11:12:28,V012,125.0,1.0457882692750264
2026-05-28,2026-05-28 11:12:29,V012,125.0,1.090595278717677
2026-05-28,2026-05-28 11:12:30,V012,125.0,1.0128928532108135
2026-05-28,2026-05-28 11:12:31,V012,126.0,1.0784709391006748
2026-05-28,2026-05-28 11:12:32,V012,126.0,1.0356268837078795
2026-05-28,2026-05-28 11:12:33,V012,126.0,1.043784290724059
2026-05-28,2026-05-28 11:12:34,V012,127.0,1.045880136241706
2026-05-28,2026-05-28 11:12:35,V012,127.0,0.9902776207225833
2026-05-28,2026-05-28 11:12:36,V012,127.0,1.099873924461522
2026-05-28,2026-05-28 11:12:37,V012,127.0,1.1166781456318198
2026-05-28,2026-05-28 11:12:38,V012,127.0,1.0989922383937738
2026-05-28,2026-05-28 11:12:39,V012,127.0,1.0621743085752051
2026-05-28,2026-05-28 11:12:40,V012,128.0,1.0849809046292176
2026-05-28,2026-05-28 11:12:41,V012,129.0,1.075449302376348
2026-05-28,2026-05-28 11:12:42,V012,130.0,1.027725149147172
2026-05-28,2026-05-28 11:12:43,V012,132.0,0.9567029786394868
2026-05-28,2026-05-28 11:12:44,V012,133.0,1.173423126255772
2026-05-28,2026-05-28 11:12:45,V012,134.0,1.0613870304906017
2026-05-28,2026-05-28 11:12:46,V012,135.0,1.3613182836735516
2026-05-28,2026-05-28 11:12:47,V012,136.0,1.202854974146238
2026-05-28,2026-05-28 11:12:48,V012,136.0,1.090576847953294
2026-05-28,2026-05-28 11:12:49,V012,136.0,1.0879373547989997
2026-05-28,2026-05-28 11:12:50,V012,136.0,1.3725704956810594
2026-05-28,2026-05-28 11:12:51,V012,135.0,1.0332462884170757
2026-05-28,2026-05-28 11:12:52,V012,134.0,1.1833715984293405
2026-05-28,2026-05-28 11:12:53,V012,133.0,1.1484579536782105
2026-05-28,2026-05-28 11:12:54,V012,132.0,1.0765868969598578
2026-05-28,2026-05-28 11:12:55,V012,132.0,1.1363895246892948
2026-05-28,2026-05-28 11:12:56,V012,131.0,1.2287716576450436
2026-05-28,2026-05-28 11:12:57,V012,131.0,1.4274798171713932
2026-05-28,2026-05-28 11:12:58,V012,130.0,1.1169735566600592
2026-05-28,2026-05-28 11:12:59,V012,130.0,1.1251895111068837
2026-05-28,2026-05-28 11:13:00,V012,130.0,1.0142142133376977
2026-05-28,2026-05-28 11:13:01,V012,131.0,1.0434090124789719
2026-05-28,2026-05-28 11:13:02,V012,131.0,1.015392656324591
2026-05-28,2026-05-28 11:13:03,V012,131.0,1.165395456758338
2026-05-28,2026-05-28 11:13:04,V012,131.0,1.4265947124077296
2026-05-28,2026-05-28 11:13:05,V012,131.0,1.1705176349518247
2026-05-28,2026-05-28 11:13:06,V012,131.0,1.0560504248451106
2026-05-28,2026-05-28 11:13:07,V012,131.0,1.2535053949263997
2026-05-28,2026-05-28 11:13:08,V012,131.0,1.2053321921936948
2026-05-28,2026-05-28 11:13:09,V012,131.0,1.025891948505022
2026-05-28,2026-05-28 11:13:10,V012,131.0,1.1466317214346904
2026-05-28,2026-05-28 11:13:11,V012,131.0,1.0117299433441742
2026-05-28,2026-05-28 11:13:12,V012,131.0,1.0648447749154468
2026-05-28,2026-05-28 11:13:13,V012,132.0,1.0343185414292335
2026-05-28,2026-05-28 11:13:14,V012,132.0,1.1209664106011155
2026-05-28,2026-05-28 11:13:15,V012,133.0,1.1495503188359277
2026-05-28,2026-05-28 11:13:16,V012,133.0,1.082681878629606
2026-05-28,2026-05-28 11:13:17,V012,134.0,1.057182550459161
2026-05-28,2026-05-28 11:13:18,V012,134.0,1.0458288830346296
2026-05-28,2026-05-28 11:13:19,V012,135.0,1.222061632605327
2026-05-28,2026-05-28 11:13:20,V012,135.0,1.1297244191550568
2026-05-28,2026-05-28 11:13:21,V012,135.0,1.1016460241498962
2026-05-28,2026-05-28 11:13:22,V012,135.0,1.1945247590156007
2026-05-28,2026-05-28 11:13:23,V012,134.0,1.4366770686638848
2026-05-28,2026-05-28 11:13:24,V012,134.0,1.1824235743425768
2026-05-28,2026-05-28 11:13:25,V012,134.0,1.132183283523788
2026-05-28,2026-05-28 11:13:26,V012,134.0,1.3707835611190986
2026-05-28,2026-05-28 11:13:27,V012,134.0,0.9706789121334292
2026-05-28,2026-05-28 11:13:28,V012,134.0,1.5339604901019135
2026-05-28,2026-05-28 11:13:29,V012,134.0,1.050516395486194
2026-05-28,2026-05-28 11:13:30,V012,134.0,1.0687537700279386
2026-05-28,2026-05-28 11:13:31,V012,134.0,1.175035860507906
2026-05-28,2026-05-28 11:13:32,V012,134.0,1.4922366397039317
2026-05-28,2026-05-28 11:13:33,V012,133.0,1.3200988051334825
2026-05-28,2026-05-28 11:13:34,V012,133.0,1.168468596941587
2026-05-28,2026-05-28 11:13:35,V012,132.0,1.052944077045413
2026-05-28,2026-05-28 11:13:36,V012,132.0,1.0769875287323067
2026-05-28,2026-05-28 11:13:37,V012,132.0,1.0361108057796256
2026-05-28,2026-05-28 11:13:38,V012,132.0,1.13853364314624
2026-05-28,2026-05-28 11:13:39,V012,132.0,1.1806181647779623
2026-05-28,2026-05-28 11:13:40,V012,132.0,1.1986229934602377
2026-05-28,2026-05-28 11:13:41,V012,132.0,1.0454755319282234
2026-05-28,2026-05-28 11:13:42,V012,132.0,1.0741764734673602
2026-05-28,2026-05-28 11:13:43,V012,132.0,1.117888946683489
2026-05-28,2026-05-28 11:13:44,V012,132.0,1.1304412490028866
2026-05-28,2026-05-28 11:13:45,V012,132.0,1.014115232695318
2026-05-28,2026-05-28 11:13:46,V012,131.0,1.0500807986468046
2026-05-28,2026-05-28 11:13:47,V012,131.0,1.095959577960756
2026-05-28,2026-05-28 11:13:48,V012,131.0,1.0498385251656372
2026-05-28,2026-05-28 11:13:49,V012,130.0,1.0710873059559376
2026-05-28,2026-05-28 11:13:50,V012,130.0,1.2528347771739106
2026-05-28,2026-05-28 11:13:51,V012,129.0,1.2646423340072774
2026-05-28,2026-05-28 11:13:52,V012,129.0,0.9928610725291005
2026-05-28,2026-05-28 11:13:53,V012,128.0,1.1642095611313255
2026-05-28,2026-05-28 11:13:54,V012,128.0,1.0507324608504642
2026-05-28,2026-05-28 11:13:55,V012,127.0,1.0267417553782692
2026-05-28,2026-05-28 11:13:56,V012,126.0,1.1538004617104267
2026-05-28,2026-05-28 11:13:57,V012,125.0,1.0620847619438811
2026-05-28,2026-05-28 11:13:58,V012,125.0,1.0892465461709273
2026-05-28,2026-05-28 11:13:59,V012,124.0,1.0686202527617603
2026-05-28,2026-05-28 11:14:00,V012,124.0,1.0349327223911073
2026-05-28,2026-05-28 11:14:01,V012,124.0,1.0870467661547332
2026-05-28,2026-05-28 11:14:02,V012,124.0,1.0451132852683207
2026-05-28,2026-05-28 11:14:03,V012,124.0,1.0705310338364424
2026-05-28,2026-05-28 11:14:04,V012,124.0,1.0800621295736006
2026-05-28,2026-05-28 11:14:05,V012,125.0,1.0618654480980174
2026-05-28,2026-05-28 11:14:06,V012,125.0,1.0515318701104803
2026-05-28,2026-05-28 11:14:07,V012,125.0,1.060440354392997
2026-05-28,2026-05-28 11:14:08,V012,126.0,1.0516018223532086
2026-05-28,2026-05-28 11:14:09,V012,126.0,1.0955137318532107
2026-05-28,2026-05-28 11:14:10,V012,127.0,1.1295774318450036
2026-05-28,2026-05-28 11:14:11,V012,128.0,1.4605310011277997
2026-05-28,2026-05-28 11:14:12,V012,129.0,1.1580486591626176
2026-05-28,2026-05-28 11:14:13,V012,131.0,1.193692067880149
2026-05-28,2026-05-28 11:14:14,V012,132.0,1.2278460756985736
2026-05-28,2026-05-28 11:14:15,V012,133.0,1.1645095680040687
2026-05-28,2026-05-28 11:14:16,V012,134.0,1.0201494533973456
2026-05-28,2026-05-28 11:14:17,V012,135.0,1.0457428047157835
2026-05-28,2026-05-28 11:14:18,V012,136.0,1.160647015156367
2026-05-28,2026-05-28 11:14:19,V012,137.0,1.5776626473180093
2026-05-28,2026-05-28 11:14:20,V012,138.0,1.307128684121788
2026-05-28,2026-05-28 11:14:21,V012,138.0,1.0312786016256266
2026-05-28,2026-05-28 11:14:22,V012,138.0,1.0852683585030378
2026-05-28,2026-05-28 11:14:23,V012,138.0,1.0478259321318186
2026-05-28,2026-05-28 11:14:24,V012,138.0,1.0456970579533362
2026-05-28,2026-05-28 11:14:25,V012,137.0,1.057954331276567
2026-05-28,2026-05-28 11:14:26,V012,137.0,1.0725512797195647
2026-05-28,2026-05-28 11:14:27,V012,136.0,1.0341279934028862
2026-05-28,2026-05-28 11:14:28,V012,136.0,1.0645779335765153
2026-05-28,2026-05-28 11:14:29,V012,135.0,1.084413196903516
2026-05-28,2026-05-28 11:14:30,V012,134.0,1.0481933876994631
2026-05-28,2026-05-28 11:14:31,V012,134.0,1.0403178500555494
2026-05-28,2026-05-28 11:14:32,V012,134.0,1.0364827377856323
2026-05-28,2026-05-28 11:14:33,V012,134.0,1.0677415932722543
2026-05-28,2026-05-28 11:14:34,V012,133.0,1.039686217430116
2026-05-28,2026-05-28 11:14:35,V012,133.0,1.0507834562752159
2026-05-28,2026-05-28 11:14:36,V012,133.0,1.0290030788588902
2026-05-28,2026-05-28 11:14:37,V012,132.0,1.080545541993736
2026-05-28,2026-05-28 11:14:38,V012,132.0,1.0481942638389918
2026-05-28,2026-05-28 11:14:39,V012,132.0,1.0584615253664955
2026-05-28,2026-05-28 11:14:40,V012,131.0,1.0662451790997838
2026-05-28,2026-05-28 11:14:41,V012,131.0,1.059232922800507
2026-05-28,2026-05-28 11:14:42,V012,131.0,1.064003645496081
2026-05-28,2026-05-28 11:14:43,V012,131.0,1.0930713465268458
2026-05-28,2026-05-28 11:14:44,V012,131.0,1.0606992441838554
2026-05-28,2026-05-28 11:14:45,V012,131.0,1.0750126625360152
2026-05-28,2026-05-28 11:14:46,V012,131.0,1.0405965496669376
2026-05-28,2026-05-28 11:14:47,V012,130.0,1.0243894219404166
2026-05-28,2026-05-28 11:14:48,V012,130.0,1.0735175392609941
2026-05-28,2026-05-28 11:14:49,V012,129.0,1.0777185296041614
2026-05-28,2026-05-28 11:14:50,V012,129.0,1.0723455260253933
2026-05-28,2026-05-28 11:14:51,V012,128.0,1.0832051340405089
2026-05-28,2026-05-28 11:14:52,V012,127.0,1.1106347677657396
2026-05-28,2026-05-28 11:14:53,V012,126.0,1.0364492393501787
2026-05-28,2026-05-28 11:14:54,V012,125.0,1.071215243582787
2026-05-28,2026-05-28 11:14:55,V012,125.0,1.046372646907468
2026-05-28,2026-05-28 11:14:56,V012,124.0,1.056159155572898
2026-05-28,2026-05-28 11:14:57,V012,124.0,1.225091831976555
2026-05-28,2026-05-28 11:14:58,V012,123.0,1.1371733406191116
2026-05-28,2026-05-28 11:14:59,V012,122.0,1.0366930046111715
2026-05-28,2026-05-28 11:15:00,V012,122.0,1.1155604367304588
2026-05-28,2026-05-28 11:15:01,V012,121.0,1.0823576404524227
2026-05-28,2026-05-28 11:15:02,V012,120.0,1.060612766447418
2026-05-28,2026-05-28 11:15:03,V012,120.0,1.1011984133315595
2026-05-28,2026-05-28 11:15:04,V012,119.0,1.2276605580904882
2026-05-28,2026-05-28 11:15:05,V012,119.0,1.102600148262683
2026-05-28,2026-05-28 11:15:06,V012,120.0,1.0744561474512153
2026-05-28,2026-05-28 11:15:07,V012,120.0,1.204242712650572
2026-05-28,2026-05-28 11:15:08,V012,121.0,1.2124321062135899
2026-05-28,2026-05-28 11:15:09,V012,122.0,1.1451602357939266
2026-05-28,2026-05-28 11:15:10,V012,123.0,1.1911977135828995
2026-05-28,2026-05-28 11:15:11,V012,123.0,1.4670463581836264
2026-05-28,2026-05-28 11:15:12,V012,123.0,1.0193825429146386
2026-05-28,2026-05-28 11:15:13,V012,123.0,1.2871689784988722
2026-05-28,2026-05-28 11:15:14,V012,123.0,1.640756995237031
2026-05-28,2026-05-28 11:15:15,V012,123.0,1.0718700488855692
2026-05-28,2026-05-28 11:15:16,V012,123.0,1.2087575787131062
2026-05-28,2026-05-28 11:15:17,V012,123.0,1.5012122656770857
2026-05-28,2026-05-28 11:15:18,V012,123.0,1.1356723133795876
2026-05-28,2026-05-28 11:15:19,V012,123.0,1.1411957284755023
2026-05-28,2026-05-28 11:15:20,V012,123.0,1.5143380652056166
2026-05-28,2026-05-28 11:15:21,V012,124.0,1.0474747316019386
2026-05-28,2026-05-28 11:15:22,V012,124.0,1.1515339437911858
2026-05-28,2026-05-28 11:15:23,V012,124.0,1.2357433502243913
2026-05-28,2026-05-28 11:15:24,V012,124.0,1.1979927856292534
2026-05-28,2026-05-28 11:15:25,V012,125.0,1.21091668173052
2026-05-28,2026-05-28 11:15:26,V012,125.0,1.1057275129821935
2026-05-28,2026-05-28 11:15:27,V012,126.0,1.1293485779176369
2026-05-28,2026-05-28 11:15:28,V012,127.0,1.2040623005152769
2026-05-28,2026-05-28 11:15:29,V012,128.0,1.2581986529473914
2026-05-28,2026-05-28 11:15:30,V012,128.0,1.0588946766644391
2026-05-28,2026-05-28 11:15:31,V012,129.0,1.1321452028384063
2026-05-28,2026-05-28 11:15:32,V012,129.0,1.130434613964973
2026-05-28,2026-05-28 11:15:33,V012,130.0,1.0632474224312713
2026-05-28,2026-05-28 11:15:34,V012,130.0,1.1025716053869603
2026-05-28,2026-05-28 11:15:35,V012,131.0,1.2752701782957012
2026-05-28,2026-05-28 11:15:36,V012,131.0,1.3053056378145171
2026-05-28,2026-05-28 11:15:37,V012,131.0,1.12845688282863
2026-05-28,2026-05-28 11:15:38,V012,131.0,1.192690736404364
2026-05-28,2026-05-28 11:15:39,V012,131.0,1.1063811053101316
2026-05-28,2026-05-28 11:15:40,V012,131.0,1.0459577035879237
2026-05-28,2026-05-28 11:15:41,V012,131.0,1.065800007877825
2026-05-28,2026-05-28 11:15:42,V012,131.0,1.2915461325297144
2026-05-28,2026-05-28 11:15:43,V012,130.0,1.2984928298749931
2026-05-28,2026-05-28 11:15:44,V012,130.0,1.2809199737500814
2026-05-28,2026-05-28 11:15:45,V012,129.0,1.1713643802971232
2026-05-28,2026-05-28 11:15:46,V012,129.0,1.1607178818329185
2026-05-28,2026-05-28 11:15:47,V012,128.0,1.2812953769358977
2026-05-28,2026-05-28 11:15:48,V012,127.0,1.0059365230347275
2026-05-28,2026-05-28 11:15:49,V012,127.0,1.071761419771147
2026-05-28,2026-05-28 11:15:50,V012,126.0,1.329713231785794
2026-05-28,2026-05-28 11:15:51,V012,126.0,1.2496897042060766
2026-05-28,2026-05-28 11:15:52,V012,126.0,1.0546149224835724
2026-05-28,2026-05-28 11:15:53,V012,127.0,1.1028344036891264
2026-05-28,2026-05-28 11:15:54,V012,127.0,1.36788710548242
2026-05-28,2026-05-28 11:15:55,V012,128.0,1.3298091042159836
2026-05-28,2026-05-28 11:15:56,V012,128.0,1.100001941446367
2026-05-28,2026-05-28 11:15:57,V012,129.0,1.1240623831286536
2026-05-28,2026-05-28 11:15:58,V012,130.0,1.3982740167221142
2026-05-28,2026-05-28 11:15:59,V012,131.0,1.0465096677532642
2026-05-28,2026-05-28 11:16:00,V012,131.0,1.138554698508662
2026-05-28,2026-05-28 11:16:01,V012,132.0,1.4770940639541221
2026-05-28,2026-05-28 11:16:02,V012,132.0,1.2055418628180476
2026-05-28,2026-05-28 11:16:03,V012,132.0,1.171371732560693
2026-05-28,2026-05-28 11:16:04,V012,133.0,1.4207535666083573
2026-05-28,2026-05-28 11:16:05,V012,133.0,1.2418279976904738
2026-05-28,2026-05-28 11:16:06,V012,132.0,1.1643156062390527
2026-05-28,2026-05-28 11:16:07,V012,132.0,1.4361008177670664
2026-05-28,2026-05-28 11:16:08,V012,132.0,1.3029308997385436
2026-05-28,2026-05-28 11:16:09,V012,132.0,1.1045628817953699
2026-05-28,2026-05-28 11:16:10,V012,132.0,1.4760919688854457
2026-05-28,2026-05-28 11:16:11,V012,132.0,1.3364724740735294
2026-05-28,2026-05-28 11:16:12,V012,132.0,1.1133210488784042
2026-05-28,2026-05-28 11:16:13,V012,132.0,1.3060806142846084
2026-05-28,2026-05-28 11:16:14,V012,133.0,1.4153474403734059
2026-05-28,2026-05-28 11:16:15,V012,133.0,1.0072907629502315
2026-05-28,2026-05-28 11:16:16,V012,133.0,1.7969930692571665
2026-05-28,2026-05-28 11:16:17,V012,133.0,1.579213216893927
2026-05-28,2026-05-28 11:16:18,V012,134.0,1.363182185536023
2026-05-28,2026-05-28 11:16:19,V012,134.0,1.3106976415575797
2026-05-28,2026-05-28 11:16:20,V012,134.0,1.247383608141767
2026-05-28,2026-05-28 11:16:21,V012,135.0,1.2512318859560745
2026-05-28,2026-05-28 11:16:22,V012,136.0,1.1001385599165925
2026-05-28,2026-05-28 11:16:23,V012,137.0,1.0363860061501222
2026-05-28,2026-05-28 11:16:24,V012,137.0,1.096795802497722
2026-05-28,2026-05-28 11:16:25,V012,138.0,1.0950127349427803
2026-05-28,2026-05-28 11:16:26,V012,139.0,1.0531565940917789
2026-05-28,2026-05-28 11:16:27,V012,140.0,1.0722894286124407
2026-05-28,2026-05-28 11:16:28,V012,141.0,1.0883162659169736
2026-05-28,2026-05-28 11:16:29,V012,141.0,1.124438767394843
2026-05-28,2026-05-28 11:16:30,V012,142.0,1.0355362501342933
2026-05-28,2026-05-28 11:16:31,V012,143.0,1.0745070834683097
2026-05-28,2026-05-28 11:16:32,V012,143.0,1.02657419927782
2026-05-28,2026-05-28 11:16:33,V012,143.0,1.1133068715960612
2026-05-28,2026-05-28 11:16:34,V012,143.0,1.0330696718425354
2026-05-28,2026-05-28 11:16:35,V012,143.0,1.0595215290754505
2026-05-28,2026-05-28 11:16:36,V012,143.0,1.0305693365170183
2026-05-28,2026-05-28 11:16:37,V012,143.0,1.0694782371463083
2026-05-28,2026-05-28 11:16:38,V012,143.0,1.0614610883810678
2026-05-28,2026-05-28 11:16:39,V012,142.0,1.1078737262974194
2026-05-28,2026-05-28 11:16:40,V012,142.0,1.14297426999414
2026-05-28,2026-05-28 11:16:41,V012,141.0,1.080097612390758
2026-05-28,2026-05-28 11:16:42,V012,141.0,1.1189417721773345
2026-05-28,2026-05-28 11:16:43,V012,140.0,1.1424111214977204
2026-05-28,2026-05-28 11:16:44,V012,140.0,1.1588890328146249
2026-05-28,2026-05-28 11:16:45,V012,140.0,1.0846509086730753
2026-05-28,2026-05-28 11:16:46,V012,140.0,1.1023694993925897
2026-05-28,2026-05-28 11:16:47,V012,141.0,1.0600418848118618
2026-05-28,2026-05-28 11:16:48,V012,141.0,1.077360983931409
2026-05-28,2026-05-28 11:16:49,V012,142.0,1.01959244626685
2026-05-28,2026-05-28 11:16:50,V012,142.0,1.1137340526927666
2026-05-28,2026-05-28 11:16:51,V012,142.0,1.053676122154211
2026-05-28,2026-05-28 11:16:52,V012,143.0,1.1910161032358282
2026-05-28,2026-05-28 11:16:53,V012,143.0,1.091026969006499
2026-05-28,2026-05-28 11:16:54,V012,143.0,1.0606078024919592
2026-05-28,2026-05-28 11:16:55,V012,143.0,1.0670183070322812
2026-05-28,2026-05-28 11:16:56,V012,143.0,1.0332294517245868
2026-05-28,2026-05-28 11:16:57,V012,142.0,1.0788295258840712
2026-05-28,2026-05-28 11:16:58,V012,142.0,1.0430235495248519
2026-05-28,2026-05-28 11:16:59,V012,142.0,1.0990940017255006
2026-05-28,2026-05-28 11:17:00,V012,142.0,1.140281354439853
2026-05-28,2026-05-28 11:17:01,V012,142.0,1.1068579792234738
2026-05-28,2026-05-28 11:17:02,V012,141.0,1.0604045378642697
2026-05-28,2026-05-28 11:17:03,V012,141.0,1.0938115667246036
2026-05-28,2026-05-28 11:17:04,V012,141.0,1.0689134525975257
2026-05-28,2026-05-28 11:17:05,V012,141.0,1.065793345889351
2026-05-28,2026-05-28 11:17:06,V012,141.0,1.0513085556162192
2026-05-28,2026-05-28 11:17:07,V012,141.0,1.043092547386625
2026-05-28,2026-05-28 11:17:08,V012,142.0,1.0723372053067364
2026-05-28,2026-05-28 11:17:09,V012,141.0,1.056628219530383
2026-05-28,2026-05-28 11:17:10,V012,141.0,1.0981779671922054
2026-05-28,2026-05-28 11:17:11,V012,141.0,0.9801182145802703
2026-05-28,2026-05-28 11:17:12,V012,141.0,1.190657447322149
2026-05-28,2026-05-28 11:17:13,V012,141.0,1.107493343789967
2026-05-28,2026-05-28 11:17:14,V012,140.0,1.0464384682708425
2026-05-28,2026-05-28 11:17:15,V012,140.0,1.0547972373716206
2026-05-28,2026-05-28 11:17:16,V012,140.0,1.0375668159479943
2026-05-28,2026-05-28 11:17:17,V012,139.0,1.0466655324876961
2026-05-28,2026-05-28 11:17:18,V012,139.0,1.0308707482356374
2026-05-28,2026-05-28 11:17:19,V012,138.0,1.0346337395327796
2026-05-28,2026-05-28 11:17:20,V012,136.0,1.0325508799198573
2026-05-28,2026-05-28 11:17:21,V012,135.0,1.034638609487116
2026-05-28,2026-05-28 11:17:22,V012,135.0,1.0318904483013893
2026-05-28,2026-05-28 11:17:23,V012,134.0,1.091362035520377
2026-05-28,2026-05-28 11:17:24,V012,133.0,1.0389662295551765
2026-05-28,2026-05-28 11:17:25,V012,132.0,1.071004125315989
2026-05-28,2026-05-28 11:17:26,V012,131.0,1.0905757552222022
2026-05-28,2026-05-28 11:17:27,V012,131.0,1.0998294616280024
2026-05-28,2026-05-28 11:17:28,V012,130.0,1.1105507907540928
2026-05-28,2026-05-28 11:17:29,V012,129.0,1.1566547787017312
2026-05-28,2026-05-28 11:17:30,V012,129.0,1.1378853279594654
2026-05-28,2026-05-28 11:17:31,V012,128.0,1.1986966834996688
2026-05-28,2026-05-28 11:17:32,V012,127.0,1.0755002593605187
2026-05-28,2026-05-28 11:17:33,V012,125.0,1.1007221151421873
2026-05-28,2026-05-28 11:17:34,V012,124.0,1.047583597314911
2026-05-28,2026-05-28 11:17:35,V012,124.0,1.0863113962170399
2026-05-28,2026-05-28 11:17:36,V012,123.0,1.0331308292899104
2026-05-28,2026-05-28 11:17:37,V012,123.0,1.041726337132641
2026-05-28,2026-05-28 11:17:38,V012,122.0,1.0571353252859488
2026-05-28,2026-05-28 11:17:39,V012,122.0,1.0776899385188798
2026-05-28,2026-05-28 11:17:40,V012,122.0,1.062341286668941
2026-05-28,2026-05-28 11:17:41,V012,122.0,0.9870372455030787
2026-05-28,2026-05-28 11:17:42,V012,121.0,1.3710427272572487
2026-05-28,2026-05-28 11:17:43,V012,121.0,1.2388152870778888
2026-05-28,2026-05-28 11:17:44,V012,121.0,1.1085346261240998
2026-05-28,2026-05-28 11:17:45,V012,120.0,1.0510585334055762
2026-05-28,2026-05-28 11:17:46,V012,120.0,1.2575729700779479
2026-05-28,2026-05-28 11:17:47,V012,120.0,1.0819924885726748
2026-05-28,2026-05-28 11:17:48,V012,119.0,1.1667117102999718
2026-05-28,2026-05-28 11:17:49,V012,119.0,1.0609822914184917
2026-05-28,2026-05-28 11:17:50,V012,118.0,1.2268657512480234
2026-05-28,2026-05-28 11:17:51,V012,118.0,1.1486115804950754
2026-05-28,2026-05-28 11:17:52,V012,118.0,1.0518715852335543
2026-05-28,2026-05-28 11:17:53,V012,119.0,1.1560463795362395
2026-05-28,2026-05-28 11:17:54,V012,119.0,1.1127228356452172
2026-05-28,2026-05-28 11:17:55,V012,119.0,1.2063548563361826
2026-05-28,2026-05-28 11:17:56,V012,119.0,0.9977497027710851
2026-05-28,2026-05-28 11:17:57,V012,120.0,1.1565772354413317
2026-05-28,2026-05-28 11:17:58,V012,121.0,1.0244080783528755
2026-05-28,2026-05-28 11:17:59,V012,122.0,1.1709479977716446
2026-05-28,2026-05-28 11:18:00,V012,123.0,1.1288748475393409
2026-05-28,2026-05-28 11:18:01,V012,123.0,1.0881000163054935
2026-05-28,2026-05-28 11:18:02,V012,123.0,1.0281014596199807
2026-05-28,2026-05-28 11:18:03,V012,124.0,1.1436014918715782
2026-05-28,2026-05-28 11:18:04,V012,125.0,1.105622667729846
2026-05-28,2026-05-28 11:18:05,V012,126.0,1.0866814640946345
2026-05-28,2026-05-28 11:18:06,V012,126.0,1.0687706323490185
2026-05-28,2026-05-28 11:18:07,V012,126.0,1.1077922618400209
2026-05-28,2026-05-28 11:18:08,V012,127.0,1.1783277448338396
2026-05-28,2026-05-28 11:18:09,V012,128.0,1.2114414570259728
2026-05-28,2026-05-28 11:18:10,V012,128.0,1.061032173996065
2026-05-28,2026-05-28 11:18:11,V012,128.0,1.1434019741569421
2026-05-28,2026-05-28 11:18:12,V012,128.0,1.1481125697480064
2026-05-28,2026-05-28 11:18:13,V012,127.0,1.1402486575039519
2026-05-28,2026-05-28 11:18:14,V012,127.0,1.1567875933330583
2026-05-28,2026-05-28 11:18:15,V012,127.0,1.064626742409395
2026-05-28,2026-05-28 11:18:16,V012,127.0,1.1573200755237558
2026-05-28,2026-05-28 11:18:17,V012,127.0,1.030548610852931
2026-05-28,2026-05-28 11:18:18,V012,127.0,1.1029422424090178
2026-05-28,2026-05-28 11:18:19,V012,127.0,1.0481276198343554
2026-05-28,2026-05-28 11:18:20,V012,127.0,1.1763755536749654
2026-05-28,2026-05-28 11:18:21,V012,127.0,1.246042368012591
2026-05-28,2026-05-28 11:18:22,V012,127.0,1.0810280979955045
2026-05-28,2026-05-28 11:18:23,V012,127.0,1.0727096235731677
2026-05-28,2026-05-28 11:18:24,V012,128.0,1.158908490339216
2026-05-28,2026-05-28 11:18:25,V012,127.0,1.0430948282269783
2026-05-28,2026-05-28 11:18:26,V012,127.0,1.0686390432916775
2026-05-28,2026-05-28 11:18:27,V012,127.0,1.092219800746123
2026-05-28,2026-05-28 11:18:28,V012,128.0,1.055463320999494
2026-05-28,2026-05-28 11:18:29,V012,129.0,1.069523760357722
2026-05-28,2026-05-28 11:18:30,V012,129.0,1.0771803460265374
2026-05-28,2026-05-28 11:18:31,V012,129.0,1.1170889916907165
2026-05-28,2026-05-28 11:18:32,V012,130.0,1.1037937689111117
2026-05-28,2026-05-28 11:18:33,V012,130.0,1.0013069558639334
2026-05-28,2026-05-28 11:18:34,V012,131.0,1.1948187325939603
2026-05-28,2026-05-28 11:18:35,V012,131.0,1.1020106124888522
2026-05-28,2026-05-28 11:18:36,V012,132.0,1.20793986360919
2026-05-28,2026-05-28 11:18:37,V012,132.0,1.0053042130099532
2026-05-28,2026-05-28 11:18:38,V012,132.0,1.1074760919062507
2026-05-28,2026-05-28 11:18:39,V012,132.0,1.1480656952987005
2026-05-28,2026-05-28 11:18:40,V012,132.0,1.1500282346280755
2026-05-28,2026-05-28 11:18:41,V012,132.0,1.1322911347432636
2026-05-28,2026-05-28 11:18:42,V012,132.0,1.0612572640701508
2026-05-28,2026-05-28 11:18:43,V012,132.0,1.1076516022235119
2026-05-28,2026-05-28 11:18:44,V012,131.0,1.1093918594794858
2026-05-28,2026-05-28 11:18:45,V012,131.0,1.1392383237943529
2026-05-28,2026-05-28 11:18:46,V012,132.0,0.9820309959486978
2026-05-28,2026-05-28 11:18:47,V012,132.0,1.168930568823695
2026-05-28,2026-05-28 11:18:48,V012,132.0,1.1259250626857957
2026-05-28,2026-05-28 11:18:49,V012,132.0,1.1147144616142723
2026-05-28,2026-05-28 11:18:50,V012,132.0,1.143267098949697
2026-05-28,2026-05-28 11:18:51,V012,132.0,1.0655012951352976
2026-05-28,2026-05-28 11:18:52,V012,132.0,1.0558252803130317
2026-05-28,2026-05-28 11:18:53,V012,132.0,1.1311850679167212
2026-05-28,2026-05-28 11:18:54,V012,132.0,1.085970560280215
2026-05-28,2026-05-28 11:18:55,V012,132.0,1.1456451271720294
2026-05-28,2026-05-28 11:18:56,V012,132.0,1.0625809338154613
2026-05-28,2026-05-28 11:18:57,V012,133.0,1.1316368051371184
2026-05-28,2026-05-28 11:18:58,V012,133.0,1.2879266809921575
2026-05-28,2026-05-28 11:18:59,V012,133.0,1.3300631133133045
2026-05-28,2026-05-28 11:19:00,V012,133.0,1.0350191453953317
2026-05-28,2026-05-28 11:19:01,V012,133.0,1.1037655021588484
2026-05-28,2026-05-28 11:19:02,V012,133.0,1.1497809058574977
2026-05-28,2026-05-28 11:19:03,V012,134.0,1.0954909424807486
2026-05-28,2026-05-28 11:19:04,V012,134.0,1.1993495398265
2026-05-28,2026-05-28 11:19:05,V012,134.0,1.1347841679226607
2026-05-28,2026-05-28 11:19:06,V012,134.0,1.139268405536481
2026-05-28,2026-05-28 11:19:07,V012,135.0,1.1404371627786174
2026-05-28,2026-05-28 11:19:08,V012,135.0,1.083311539458698
2026-05-28,2026-05-28 11:19:09,V012,135.0,1.1127268152513705
2026-05-28,2026-05-28 11:19:10,V012,136.0,1.1712607140137339
2026-05-28,2026-05-28 11:19:11,V012,136.0,1.2972555493303104
2026-05-28,2026-05-28 11:19:12,V012,136.0,1.0039149026021426
2026-05-28,2026-05-28 11:19:13,V012,136.0,1.1056615968731083
2026-05-28,2026-05-28 11:19:14,V012,136.0,1.144253754399959
2026-05-28,2026-05-28 11:19:15,V012,135.0,1.1577197046652585
2026-05-28,2026-05-28 11:19:16,V012,135.0,1.119329138347033
2026-05-28,2026-05-28 11:19:17,V012,135.0,1.10361825324553
2026-05-28,2026-05-28 11:19:18,V012,135.0,1.0609912107621648
2026-05-28,2026-05-28 11:19:19,V012,136.0,1.1044687962100774
2026-05-28,2026-05-28 11:19:20,V012,136.0,1.2535397699424382
2026-05-28,2026-05-28 11:19:21,V012,137.0,1.0214777361310836
2026-05-28,2026-05-28 11:19:22,V012,137.0,1.2474892053211668
2026-05-28,2026-05-28 11:19:23,V012,138.0,1.0867008931713982
2026-05-28,2026-05-28 11:19:24,V012,138.0,1.2734097043612047
2026-05-28,2026-05-28 11:19:25,V012,138.0,1.1646495484432178
2026-05-28,2026-05-28 11:19:26,V012,139.0,1.114250204950878
2026-05-28,2026-05-28 11:19:27,V012,139.0,1.2164319001745179
2026-05-28,2026-05-28 11:19:28,V012,139.0,1.1046372754696503
2026-05-28,2026-05-28 11:19:29,V012,139.0,1.0785536675138017
2026-05-28,2026-05-28 11:19:30,V012,139.0,1.1074754005283731
2026-05-28,2026-05-28 11:19:31,V012,139.0,1.0580235669662261
2026-05-28,2026-05-28 11:19:32,V012,138.0,1.2528540912028447
2026-05-28,2026-05-28 11:19:33,V012,138.0,1.1635885861573578
2026-05-28,2026-05-28 11:19:34,V012,138.0,1.0615384715018652
2026-05-28,2026-05-28 11:19:35,V012,138.0,1.1746551291516403
2026-05-28,2026-05-28 11:19:36,V012,138.0,1.1091933643324712
2026-05-28,2026-05-28 11:19:37,V012,139.0,1.1859755600445
2026-05-28,2026-05-28 11:19:38,V012,139.0,1.0775263528163974
2026-05-28,2026-05-28 11:19:39,V012,139.0,1.1110147501227385
2026-05-28,2026-05-28 11:19:40,V012,139.0,1.1512865404340318
2026-05-28,2026-05-28 11:19:41,V012,139.0,1.2593579041978724
2026-05-28,2026-05-28 11:19:42,V012,139.0,1.1446476244296686
2026-05-28,2026-05-28 11:19:43,V012,139.0,1.2894594933683425
2026-05-28,2026-05-28 11:19:44,V012,139.0,1.105242941266703
2026-05-28,2026-05-28 11:19:45,V012,139.0,1.092666298172741
2026-05-28,2026-05-28 11:19:46,V012,139.0,1.2090484668467545
2026-05-28,2026-05-28 11:19:47,V012,138.0,1.0553197106747132
2026-05-28,2026-05-28 11:19:48,V012,138.0,1.2786888491022057
2026-05-28,2026-05-28 11:19:49,V012,138.0,1.130894064172429
2026-05-28,2026-05-28 11:19:50,V012,138.0,1.0786857354871637
2026-05-28,2026-05-28 11:19:51,V012,138.0,1.3008797269675028
2026-05-28,2026-05-28 11:19:52,V012,139.0,1.1355874667260812
2026-05-28,2026-05-28 11:19:53,V012,139.0,1.1269412281316913
2026-05-28,2026-05-28 11:19:54,V012,139.0,1.1340955093276108
2026-05-28,2026-05-28 11:19:55,V012,139.0,1.0507211362687359
2026-05-28,2026-05-28 11:19:56,V012,139.0,1.298987223116602
2026-05-28,2026-05-28 11:19:57,V012,139.0,1.198913040005069
2026-05-28,2026-05-28 11:19:58,V012,139.0,1.1967999300158623
2026-05-28,2026-05-28 11:19:59,V012,139.0,1.097850802661509
2026-05-28,2026-05-28 11:20:00,V012,139.0,1.1945502633031904
2026-05-28,2026-05-28 11:20:01,V012,139.0,1.137426949936295
2026-05-28,2026-05-28 11:20:02,V012,139.0,1.2349487430263955
2026-05-28,2026-05-28 11:20:03,V012,139.0,1.1887964778969469
2026-05-28,2026-05-28 11:20:04,V012,139.0,1.1320317294572952
2026-05-28,2026-05-28 11:20:05,V012,140.0,1.3050939156764985
2026-05-28,2026-05-28 11:20:06,V012,140.0,1.1040252409639069
2026-05-28,2026-05-28 11:20:07,V012,140.0,1.107888664520376
2026-05-28,2026-05-28 11:20:08,V012,140.0,1.099946637551483
2026-05-28,2026-05-28 11:20:09,V012,141.0,1.275102096400654
2026-05-28,2026-05-28 11:20:10,V012,142.0,1.1917896398457586
2026-05-28,2026-05-28 11:20:11,V012,142.0,1.0577003965537328
2026-05-28,2026-05-28 11:20:12,V012,143.0,1.3805346628059678
2026-05-28,2026-05-28 11:20:13,V012,144.0,1.1787119443456437
2026-05-28,2026-05-28 11:20:14,V012,144.0,1.1501772075571306
2026-05-28,2026-05-28 11:20:15,V012,144.0,1.0550710099923242
2026-05-28,2026-05-28 11:20:16,V012,144.0,1.1982963255745513
2026-05-28,2026-05-28 11:20:17,V012,144.0,1.1096799407819429
2026-05-28,2026-05-28 11:20:18,V012,144.0,1.0626103535703955
2026-05-28,2026-05-28 11:20:19,V012,144.0,1.1461972568188508
2026-05-28,2026-05-28 11:20:20,V012,144.0,0.9964907004526773
2026-05-28,2026-05-28 11:20:21,V012,144.0,1.1177142072966177
2026-05-28,2026-05-28 11:20:22,V012,144.0,0.9722516417488382
2026-05-28,2026-05-28 11:20:23,V012,144.0,1.212645461746916
2026-05-28,2026-05-28 11:20:24,V012,144.0,1.2235574294123313
2026-05-28,2026-05-28 11:20:25,V012,144.0,1.1548261126247072
2026-05-28,2026-05-28 11:20:26,V012,144.0,1.176268825584072
2026-05-28,2026-05-28 11:20:27,V012,144.0,1.0533014265717835
2026-05-28,2026-05-28 11:20:28,V012,144.0,1.2492417273504104
2026-05-28,2026-05-28 11:20:29,V012,145.0,0.9663115511697009
2026-05-28,2026-05-28 11:20:30,V012,145.0,1.2009755839824374
2026-05-28,2026-05-28 11:20:31,V012,145.0,1.1229754016313516
2026-05-28,2026-05-28 11:20:32,V012,146.0,1.0404586257240358
2026-05-28,2026-05-28 11:20:33,V012,147.0,1.085170753309234
2026-05-28,2026-05-28 11:20:34,V012,147.0,1.1233364219511222
2026-05-28,2026-05-28 11:20:35,V012,148.0,1.1238978358775422
2026-05-28,2026-05-28 11:20:36,V012,148.0,1.0978273656832092
2026-05-28,2026-05-28 11:20:37,V012,149.0,1.0534901398883219
2026-05-28,2026-05-28 11:20:38,V012,149.0,1.0954796258785258
2026-05-28,2026-05-28 11:20:39,V012,149.0,1.0401758912351082
2026-05-28,2026-05-28 11:20:40,V012,149.0,1.0564194356816896
2026-05-28,2026-05-28 11:20:41,V012,149.0,1.0493695289663085
2026-05-28,2026-05-28 11:20:42,V012,149.0,1.0703097216567548
2026-05-28,2026-05-28 11:20:43,V012,148.0,1.1259421425708223
2026-05-28,2026-05-28 11:20:44,V012,148.0,1.1034932017731152
2026-05-28,2026-05-28 11:20:45,V012,148.0,1.1090322416142568
2026-05-28,2026-05-28 11:20:46,V012,148.0,1.0739230400289461
2026-05-28,2026-05-28 11:20:47,V012,147.0,1.0148263751207216
2026-05-28,2026-05-28 11:20:48,V012,147.0,1.2317493219057574
2026-05-28,2026-05-28 11:20:49,V012,147.0,1.0356596914308505
2026-05-28,2026-05-28 11:20:50,V012,147.0,1.2582637042016505
2026-05-28,2026-05-28 11:20:51,V012,147.0,1.1072556096021613
2026-05-28,2026-05-28 11:20:52,V012,147.0,1.1971094789748447
2026-05-28,2026-05-28 11:20:53,V012,147.0,1.1869307429057387
2026-05-28,2026-05-28 11:20:54,V012,147.0,1.0147629788493344
2026-05-28,2026-05-28 11:20:55,V012,147.0,1.0842993099717595
2026-05-28,2026-05-28 11:20:56,V012,148.0,1.0179404162316779
2026-05-28,2026-05-28 11:20:57,V012,148.0,1.0554752415429005
2026-05-28,2026-05-28 11:20:58,V012,148.0,1.0657726596001131
2026-05-28,2026-05-28 11:20:59,V012,148.0,1.0600513131950955
2026-05-28,2026-05-28 11:21:00,V012,147.0,1.0492877008931822
2026-05-28,2026-05-28 11:21:01,V012,147.0,1.0607802551558714
2026-05-28,2026-05-28 11:21:02,V012,147.0,1.0403647580211863
2026-05-28,2026-05-28 11:21:03,V012,146.0,1.0624530928653244
2026-05-28,2026-05-28 11:21:04,V012,146.0,1.0721779743230935
2026-05-28,2026-05-28 11:21:05,V012,146.0,1.040252912632608
2026-05-28,2026-05-28 11:21:06,V012,146.0,1.0359683261827655
2026-05-28,2026-05-28 11:21:07,V012,146.0,1.0373264850184323
2026-05-28,2026-05-28 11:21:08,V012,145.0,1.0984954073690067
2026-05-28,2026-05-28 11:21:09,V012,145.0,1.0323889693922799
2026-05-28,2026-05-28 11:21:10,V012,145.0,1.0367993750417588
2026-05-28,2026-05-28 11:21:11,V012,143.0,1.1027244593423893
2026-05-28,2026-05-28 11:21:12,V012,142.0,1.094006370680969
2026-05-28,2026-05-28 11:21:13,V012,141.0,1.0986044370128194
2026-05-28,2026-05-28 11:21:14,V012,141.0,1.0652178696402395
2026-05-28,2026-05-28 11:21:15,V012,140.0,1.0881773283756633
2026-05-28,2026-05-28 11:21:16,V012,139.0,1.1071924031436475
2026-05-28,2026-05-28 11:21:17,V012,138.0,1.0889541849260707
2026-05-28,2026-05-28 11:21:18,V012,136.0,1.4568445537961703
2026-05-28,2026-05-28 11:21:19,V012,135.0,1.6636131332424857
2026-05-28,2026-05-28 11:21:20,V012,135.0,1.0234707447689537
2026-05-28,2026-05-28 11:21:21,V012,134.0,1.155166317719228
2026-05-28,2026-05-28 11:21:22,V012,134.0,1.0704133067313004
2026-05-28,2026-05-28 11:21:23,V012,135.0,1.1363494895551
2026-05-28,2026-05-28 11:21:24,V012,136.0,1.1063649094071148
2026-05-28,2026-05-28 11:21:25,V012,136.0,1.1111928198715275
2026-05-28,2026-05-28 11:21:26,V012,136.0,1.062986737637793
2026-05-28,2026-05-28 11:21:27,V012,137.0,1.079655560123226
2026-05-28,2026-05-28 11:21:28,V012,137.0,1.1023977205321902
2026-05-28,2026-05-28 11:21:29,V012,138.0,1.091632783178009
2026-05-28,2026-05-28 11:21:30,V012,138.0,1.06846087194343
2026-05-28,2026-05-28 11:21:31,V012,139.0,1.0363127571736204
2026-05-28,2026-05-28 11:21:32,V012,139.0,1.056682024828742
2026-05-28,2026-05-28 11:21:33,V012,140.0,1.069018055767848
2026-05-28,2026-05-28 11:21:34,V012,141.0,1.0546203189316286
2026-05-28,2026-05-28 11:21:35,V012,141.0,1.0627451855786145
2026-05-28,2026-05-28 11:21:36,V012,141.0,1.0660701332348088
2026-05-28,2026-05-28 11:21:37,V012,141.0,1.0557870302501937
2026-05-28,2026-05-28 11:21:38,V012,141.0,1.03495793525033
2026-05-28,2026-05-28 11:21:39,V012,141.0,1.0575450601084617
2026-05-28,2026-05-28 11:21:40,V012,141.0,1.100920858433975
2026-05-28,2026-05-28 11:21:41,V012,141.0,1.0897339440809373
2026-05-28,2026-05-28 11:21:42,V012,140.0,1.0509702387234285
2026-05-28,2026-05-28 11:21:43,V012,140.0,1.0490666815952594
2026-05-28,2026-05-28 11:21:44,V012,139.0,1.061951807913335
2026-05-28,2026-05-28 11:21:45,V012,139.0,1.0404036873775593
2026-05-28,2026-05-28 11:21:46,V012,139.0,1.0580478424643756
2026-05-28,2026-05-28 11:21:47,V012,138.0,1.0518116351368585
2026-05-28,2026-05-28 11:21:48,V012,138.0,1.0356599556285995
2026-05-28,2026-05-28 11:21:49,V012,138.0,1.0502632968987493
2026-05-28,2026-05-28 11:21:50,V012,138.0,1.054460383789694
2026-05-28,2026-05-28 11:21:51,V012,138.0,1.2504134931920263
2026-05-28,2026-05-28 11:21:52,V012,138.0,1.0480846071458216
2026-05-28,2026-05-28 11:21:53,V012,138.0,1.069881085446436
2026-05-28,2026-05-28 11:21:54,V012,138.0,1.0704756309247403
2026-05-28,2026-05-28 11:21:55,V012,138.0,1.0234770251177927
2026-05-28,2026-05-28 11:21:56,V012,137.0,1.0656652156771027
2026-05-28,2026-05-28 11:21:57,V012,137.0,1.039012184672716
2026-05-28,2026-05-28 11:21:58,V012,136.0,1.0416677392333182
2026-05-28,2026-05-28 11:21:59,V012,136.0,1.052381947182137
2026-05-28,2026-05-28 11:22:00,V012,135.0,1.0451119377195888
2026-05-28,2026-05-28 11:22:01,V012,136.0,1.0450361862085982
2026-05-28,2026-05-28 11:22:02,V012,136.0,1.0995544450414776
2026-05-28,2026-05-28 11:22:03,V012,137.0,1.0416431749722521
2026-05-28,2026-05-28 11:22:04,V012,137.0,1.0596377167978404
2026-05-28,2026-05-28 11:22:05,V012,136.0,1.035260509974241
2026-05-28,2026-05-28 11:22:06,V012,136.0,1.0523656996228306
2026-05-28,2026-05-28 11:22:07,V012,135.0,1.0362576892203363
2026-05-28,2026-05-28 11:22:08,V012,133.0,1.0360911694835768
2026-05-28,2026-05-28 11:22:09,V012,132.0,1.0304551300376597
2026-05-28,2026-05-28 11:22:10,V012,132.0,1.0307244285300325
2026-05-28,2026-05-28 11:22:11,V012,131.0,1.0293541629703362
2026-05-28,2026-05-28 11:22:12,V012,130.0,1.0493859558053387
2026-05-28,2026-05-28 11:22:13,V012,129.0,1.0521998851969838
2026-05-28,2026-05-28 11:22:14,V012,128.0,1.0314003107983882
2026-05-28,2026-05-28 11:22:15,V012,127.0,1.1342134665014043
2026-05-28,2026-05-28 11:22:16,V012,126.0,1.1595730689738994
2026-05-28,2026-05-28 11:22:17,V012,125.0,1.200156799641597
2026-05-28,2026-05-28 11:22:18,V012,124.0,1.1421090459943004
2026-05-28,2026-05-28 11:22:19,V012,123.0,1.1303942082511023
2026-05-28,2026-05-28 11:22:20,V012,123.0,1.0476989361347482
2026-05-28,2026-05-28 11:22:21,V012,122.0,1.189796027967954
2026-05-28,2026-05-28 11:22:22,V012,121.0,1.1259426816949298
2026-05-28,2026-05-28 11:22:23,V012,121.0,1.0311826291645712
2026-05-28,2026-05-28 11:22:24,V012,121.0,1.2548662704441873
2026-05-28,2026-05-28 11:22:25,V012,121.0,1.2501201378225955
2026-05-28,2026-05-28 11:22:26,V012,120.0,1.1289983223046363
2026-05-28,2026-05-28 11:22:27,V012,121.0,1.1677972826555258
2026-05-28,2026-05-28 11:22:28,V012,122.0,1.1286746608257734
2026-05-28,2026-05-28 11:22:29,V012,123.0,1.1358009342050208
2026-05-28,2026-05-28 11:22:30,V012,124.0,1.2457694154511028
2026-05-28,2026-05-28 11:22:31,V012,125.0,1.160668327781714
2026-05-28,2026-05-28 11:22:32,V012,125.0,1.1584522539721724
2026-05-28,2026-05-28 11:22:33,V012,124.0,1.0975279033674767
2026-05-28,2026-05-28 11:22:34,V012,124.0,1.0826096420056839
2026-05-28,2026-05-28 11:22:35,V012,124.0,1.0882820618786044
2026-05-28,2026-05-28 11:22:36,V012,123.0,1.1181637466625105
2026-05-28,2026-05-28 11:22:37,V012,123.0,1.1566333654803327
2026-05-28,2026-05-28 11:22:38,V012,123.0,1.1961744697626913
2026-05-28,2026-05-28 11:22:39,V012,123.0,1.1154935099547623
2026-05-28,2026-05-28 11:22:40,V012,123.0,1.1107937231103162
2026-05-28,2026-05-28 11:22:41,V012,123.0,1.248047009968517
2026-05-28,2026-05-28 11:22:42,V012,122.0,1.0678976100566917
2026-05-28,2026-05-28 11:22:43,V012,122.0,1.1596632729645477
2026-05-28,2026-05-28 11:22:44,V012,122.0,1.1188942361927927
2026-05-28,2026-05-28 11:22:45,V012,123.0,1.155935508389408
2026-05-28,2026-05-28 11:22:46,V012,123.0,1.0663702999871052
2026-05-28,2026-05-28 11:22:47,V012,124.0,1.0902909241400436
2026-05-28,2026-05-28 11:22:48,V012,124.0,1.2482991538280257
2026-05-28,2026-05-28 11:22:49,V012,125.0,1.0195377553368912
2026-05-28,2026-05-28 11:22:50,V012,126.0,1.1031500126575688
2026-05-28,2026-05-28 11:22:51,V012,126.0,1.1199874695335592
2026-05-28,2026-05-28 11:22:52,V012,128.0,1.01357435759901
2026-05-28,2026-05-28 11:22:53,V012,128.0,1.1539538898554613
2026-05-28,2026-05-28 11:22:54,V012,128.0,1.1443690990532054
2026-05-28,2026-05-28 11:22:55,V012,129.0,1.137720111922152
2026-05-28,2026-05-28 11:22:56,V012,130.0,1.1504336228736443
2026-05-28,2026-05-28 11:22:57,V012,130.0,1.2537095035773498
2026-05-28,2026-05-28 11:22:58,V012,130.0,1.0819512057063285
2026-05-28,2026-05-28 11:22:59,V012,131.0,1.2147544144954727
2026-05-28,2026-05-28 11:23:00,V012,131.0,1.1765624641120123
2026-05-28,2026-05-28 11:23:01,V012,132.0,1.0645524764734744
2026-05-28,2026-05-28 11:23:02,V012,133.0,1.2940736785490377
2026-05-28,2026-05-28 11:23:03,V012,133.0,0.9944840633645623
2026-05-28,2026-05-28 11:23:04,V012,134.0,1.2834184951415377
2026-05-28,2026-05-28 11:23:05,V012,135.0,1.051068001309452
2026-05-28,2026-05-28 11:23:06,V012,136.0,1.0504465884353729
2026-05-28,2026-05-28 11:23:07,V012,136.0,1.0968351104937517
2026-05-28,2026-05-28 11:23:08,V012,136.0,1.19627645533921
2026-05-28,2026-05-28 11:23:09,V012,136.0,1.1981411042218202
2026-05-28,2026-05-28 11:23:10,V012,136.0,1.0597111785922564
2026-05-28,2026-05-28 11:23:11,V012,136.0,0.9989560586184375
2026-05-28,2026-05-28 11:23:12,V012,136.0,1.3659286455877424
2026-05-28,2026-05-28 11:23:13,V012,136.0,1.2682405408832942
2026-05-28,2026-05-28 11:23:14,V012,135.0,1.0624875060577241
2026-05-28,2026-05-28 11:23:15,V012,136.0,1.4169144163421477
2026-05-28,2026-05-28 11:23:16,V012,137.0,1.233868933284228
2026-05-28,2026-05-28 11:23:17,V012,137.0,1.0881016280472702
2026-05-28,2026-05-28 11:23:18,V012,137.0,1.157478897914467
2026-05-28,2026-05-28 11:23:19,V012,138.0,1.0902165471623348
2026-05-28,2026-05-28 11:23:20,V012,138.0,1.1641307099815046
2026-05-28,2026-05-28 11:23:21,V012,138.0,1.0794386694184848
2026-05-28,2026-05-28 11:23:22,V012,138.0,1.020726236964522
2026-05-28,2026-05-28 11:23:23,V012,139.0,1.142575452915898
2026-05-28,2026-05-28 11:23:24,V012,139.0,1.0499344762785519
2026-05-28,2026-05-28 11:23:25,V012,139.0,1.1442980316709122
2026-05-28,2026-05-28 11:23:26,V012,139.0,1.0983934577339702
2026-05-28,2026-05-28 11:23:27,V012,139.0,1.119325331015486
2026-05-28,2026-05-28 11:23:28,V012,139.0,1.1061341353194702
2026-05-28,2026-05-28 11:23:29,V012,139.0,1.1212987059999568
2026-05-28,2026-05-28 11:23:30,V012,139.0,1.1542279646150375
2026-05-28,2026-05-28 11:23:31,V012,139.0,1.0976144477023775
2026-05-28,2026-05-28 11:23:32,V012,139.0,1.2054200355169553
2026-05-28,2026-05-28 11:23:33,V012,139.0,1.014652407534845
2026-05-28,2026-05-28 11:23:34,V012,138.0,1.217634916539818
2026-05-28,2026-05-28 11:23:35,V012,138.0,1.604175526333886
2026-05-28,2026-05-28 11:23:36,V012,137.0,1.0711649560856402
2026-05-28,2026-05-28 11:23:37,V012,137.0,1.1371271860364984
2026-05-28,2026-05-28 11:23:38,V012,136.0,1.0616581639217109
2026-05-28,2026-05-28 11:23:39,V012,135.0,1.0125708503666295
2026-05-28,2026-05-28 11:23:40,V012,135.0,1.085962560840917
2026-05-28,2026-05-28 11:23:41,V012,134.0,1.0600583047309997
2026-05-28,2026-05-28 11:23:42,V012,133.0,1.1308302527949408
2026-05-28,2026-05-28 11:23:43,V012,133.0,1.064417215749998
2026-05-28,2026-05-28 11:23:44,V012,132.0,1.0408772725808555
2026-05-28,2026-05-28 11:23:45,V012,132.0,1.149029550709215
2026-05-28,2026-05-28 11:23:46,V012,132.0,1.1433098295200574
2026-05-28,2026-05-28 11:23:47,V012,132.0,1.0607468166399394
2026-05-28,2026-05-28 11:23:48,V012,132.0,1.0670914492387313
2026-05-28,2026-05-28 11:23:49,V012,132.0,1.0570064473577712
2026-05-28,2026-05-28 11:23:50,V012,132.0,1.0440053426807812
2026-05-28,2026-05-28 11:23:51,V012,132.0,1.0234576532141602
2026-05-28,2026-05-28 11:23:52,V012,133.0,1.05857929045894
2026-05-28,2026-05-28 11:23:53,V012,133.0,1.0545607958999081
2026-05-28,2026-05-28 11:23:54,V012,132.0,1.0650464950839382
2026-05-28,2026-05-28 11:23:55,V012,132.0,1.0543583770164293
2026-05-28,2026-05-28 11:23:56,V012,132.0,1.0664374890881643
2026-05-28,2026-05-28 11:23:57,V012,132.0,1.042463087425488
2026-05-28,2026-05-28 11:23:58,V012,131.0,1.065992999979624
2026-05-28,2026-05-28 11:23:59,V012,131.0,1.0524583747873135
2026-05-28,2026-05-28 11:24:00,V012,131.0,1.050378896225321
2026-05-28,2026-05-28 11:24:01,V012,130.0,1.0661021210842556
2026-05-28,2026-05-28 11:24:02,V012,130.0,1.0539898142418502
2026-05-28,2026-05-28 11:24:03,V012,129.0,1.0646956121016922
2026-05-28,2026-05-28 11:24:04,V012,129.0,1.055216867680532
2026-05-28,2026-05-28 11:24:05,V012,127.0,1.0635219165029182
2026-05-28,2026-05-28 11:24:06,V012,126.0,1.075822846100813
2026-05-28,2026-05-28 11:24:07,V012,126.0,1.0702414277243324
2026-05-28,2026-05-28 11:24:08,V012,126.0,1.0319569269019297
2026-05-28,2026-05-28 11:24:09,V012,126.0,1.1004711873612967
2026-05-28,2026-05-28 11:24:10,V012,125.0,1.0598237443623166
2026-05-28,2026-05-28 11:24:11,V012,125.0,1.0579160774459524
2026-05-28,2026-05-28 11:24:12,V012,125.0,1.0320934488039368
2026-05-28,2026-05-28 11:24:13,V012,124.0,1.111388107283878
2026-05-28,2026-05-28 11:24:14,V012,124.0,1.3222619472408406
2026-05-28,2026-05-28 11:24:15,V012,124.0,1.1084913145615192
2026-05-28,2026-05-28 11:24:16,V012,125.0,1.1473648062026356
2026-05-28,2026-05-28 11:24:17,V012,125.0,1.5345380980466092
2026-05-28,2026-05-28 11:24:18,V012,125.0,1.4041736938505949
2026-05-28,2026-05-28 11:24:19,V012,126.0,1.0429499144530312
2026-05-28,2026-05-28 11:24:20,V012,126.0,1.1261364430600125
2026-05-28,2026-05-28 11:24:21,V012,127.0,1.1123528598102377
2026-05-28,2026-05-28 11:24:22,V012,128.0,1.0695395444129394
2026-05-28,2026-05-28 11:24:23,V012,128.0,1.0448989908725699
2026-05-28,2026-05-28 11:24:24,V012,128.0,1.1047067420631174
2026-05-28,2026-05-28 11:24:25,V012,128.0,1.0455743943860847
2026-05-28,2026-05-28 11:24:26,V012,128.0,1.1800404322340734
2026-05-28,2026-05-28 11:24:27,V012,128.0,1.103094957678457
2026-05-28,2026-05-28 11:24:28,V012,127.0,1.164686196999109
2026-05-28,2026-05-28 11:24:29,V012,127.0,1.0362051211799443
2026-05-28,2026-05-28 11:24:30,V012,126.0,1.2119694357709725
2026-05-28,2026-05-28 11:24:31,V012,126.0,1.0875104156309456
2026-05-28,2026-05-28 11:24:32,V012,126.0,1.1426420448641106
2026-05-28,2026-05-28 11:24:33,V012,126.0,1.164005457448408
2026-05-28,2026-05-28 11:24:34,V012,126.0,1.125287272471604
2026-05-28,2026-05-28 11:24:35,V012,126.0,0.9946511518998438
2026-05-28,2026-05-28 11:24:36,V012,127.0,1.1682097814001315
2026-05-28,2026-05-28 11:24:37,V012,127.0,1.0595712761767595
2026-05-28,2026-05-28 11:24:38,V012,128.0,1.0693335399725699
2026-05-28,2026-05-28 11:24:39,V012,128.0,1.1226566179657522
2026-05-28,2026-05-28 11:24:40,V012,128.0,1.0725404272580068
2026-05-28,2026-05-28 11:24:41,V012,128.0,1.1958677159467632
2026-05-28,2026-05-28 11:24:42,V012,128.0,1.0292540746738954
2026-05-28,2026-05-28 11:24:43,V012,128.0,1.1044208845069612
2026-05-28,2026-05-28 11:24:44,V012,127.0,1.0415541449932908
2026-05-28,2026-05-28 11:24:45,V012,127.0,1.0251536556950938
2026-05-28,2026-05-28 11:24:46,V012,127.0,1.0928514898240547
2026-05-28,2026-05-28 11:24:47,V012,127.0,1.0493191650015214
2026-05-28,2026-05-28 11:24:48,V012,127.0,1.0415001480188912
2026-05-28,2026-05-28 11:24:49,V012,127.0,1.0553362632438483
2026-05-28,2026-05-28 11:24:50,V012,127.0,1.0798488845168377
2026-05-28,2026-05-28 11:24:51,V012,127.0,1.050254857099783
2026-05-28,2026-05-28 11:24:52,V012,127.0,1.007838306584018
2026-05-28,2026-05-28 11:24:53,V012,127.0,1.02069413130775
2026-05-28,2026-05-28 11:24:54,V012,128.0,1.044160888231184
2026-05-28,2026-05-28 11:24:55,V012,128.0,1.0532741653318132
2026-05-28,2026-05-28 11:24:56,V012,128.0,1.1077229653666394
2026-05-28,2026-05-28 11:24:57,V012,128.0,1.0608685465509295
2026-05-28,2026-05-28 11:24:58,V012,129.0,0.9666081856044154
2026-05-28,2026-05-28 11:24:59,V012,129.0,1.1018171640463257
2026-05-28,2026-05-28 11:25:00,V012,130.0,1.0739740496247197
2026-05-28,2026-05-28 11:25:01,V012,130.0,1.322356886411472
2026-05-28,2026-05-28 11:25:02,V012,131.0,0.9705937872648075
2026-05-28,2026-05-28 11:25:03,V012,131.0,1.0788133459705043
2026-05-28,2026-05-28 11:25:04,V012,132.0,1.0211437417323026
2026-05-28,2026-05-28 11:25:05,V012,132.0,1.0033957589475735
2026-05-28,2026-05-28 11:25:06,V012,132.0,1.054317648342028
2026-05-28,2026-05-28 11:25:07,V012,132.0,1.104457694678488
2026-05-28,2026-05-28 11:25:08,V012,132.0,1.1068016914251182
2026-05-28,2026-05-28 11:25:09,V012,132.0,1.1204219758206992
2026-05-28,2026-05-28 11:25:10,V012,132.0,1.1106458274229702
2026-05-28,2026-05-28 11:25:11,V012,132.0,1.1438087675286934
2026-05-28,2026-05-28 11:25:12,V012,132.0,1.0547457936781985
2026-05-28,2026-05-28 11:25:13,V012,132.0,1.0733218957272985
2026-05-28,2026-05-28 11:25:14,V012,132.0,1.07724608003883
2026-05-28,2026-05-28 11:25:15,V012,131.0,1.0828968306887168
2026-05-28,2026-05-28 11:25:16,V012,130.0,1.0298960443679945
2026-05-28,2026-05-28 11:25:17,V012,129.0,1.2156435780055608
2026-05-28,2026-05-28 11:25:18,V012,128.0,1.0972954325677293
2026-05-28,2026-05-28 11:25:19,V012,129.0,1.1160464736221023
2026-05-28,2026-05-28 11:25:20,V012,129.0,1.3088968823331006
2026-05-28,2026-05-28 11:25:21,V012,129.0,1.236910646996163
2026-05-28,2026-05-28 11:25:22,V012,129.0,1.0433659536100035
2026-05-28,2026-05-28 11:25:23,V012,129.0,1.0391951269352968
2026-05-28,2026-05-28 11:25:24,V012,130.0,1.0519553428205193
2026-05-28,2026-05-28 11:25:25,V012,130.0,1.0388591102940106
2026-05-28,2026-05-28 11:25:26,V012,130.0,1.0606879139011642
2026-05-28,2026-05-28 11:25:27,V012,130.0,1.0324328248227443
2026-05-28,2026-05-28 11:25:28,V012,130.0,1.0415844964421037
2026-05-28,2026-05-28 11:25:29,V012,130.0,1.0325774673443764
2026-05-28,2026-05-28 11:25:30,V012,130.0,1.0397438278426923
2026-05-28,2026-05-28 11:25:31,V012,131.0,1.0256070830425796
2026-05-28,2026-05-28 11:25:32,V012,131.0,1.1032962580007313
2026-05-28,2026-05-28 11:25:33,V012,131.0,0.9747590662498252
2026-05-28,2026-05-28 11:25:34,V012,132.0,1.018044336402818
2026-05-28,2026-05-28 11:25:35,V012,132.0,1.0614896680822041
2026-05-28,2026-05-28 11:25:36,V012,133.0,1.1638059363544802
2026-05-28,2026-05-28 11:25:37,V012,133.0,1.087109287560817
2026-05-28,2026-05-28 11:25:38,V012,133.0,1.0558678402507256
2026-05-28,2026-05-28 11:25:39,V012,133.0,1.0532650807728048
2026-05-28,2026-05-28 11:25:40,V012,133.0,1.0447321788775525
2026-05-28,2026-05-28 11:25:41,V012,133.0,1.0543054727022578
2026-05-28,2026-05-28 11:25:42,V012,132.0,1.0560136580460713
2026-05-28,2026-05-28 11:25:43,V012,132.0,1.0316203698413315
2026-05-28,2026-05-28 11:25:44,V012,131.0,1.0426601133888322
2026-05-28,2026-05-28 11:25:45,V012,131.0,1.0331022517458175
2026-05-28,2026-05-28 11:25:46,V012,131.0,1.0374574532675154
2026-05-28,2026-05-28 11:25:47,V012,130.0,1.080463162932305
2026-05-28,2026-05-28 11:25:48,V012,130.0,1.0569626425029401
2026-05-28,2026-05-28 11:25:49,V012,129.0,1.0824705346888124
2026-05-28,2026-05-28 11:25:50,V012,128.0,1.0149514863909788
2026-05-28,2026-05-28 11:25:51,V012,128.0,1.0352374280486887
2026-05-28,2026-05-28 11:25:52,V012,128.0,1.052251306774656
2026-05-28,2026-05-28 11:25:53,V012,128.0,1.110156472752308
2026-05-28,2026-05-28 11:25:54,V012,128.0,1.0640743628940845
2026-05-28,2026-05-28 11:25:55,V012,129.0,1.0780507129092833
2026-05-28,2026-05-28 11:25:56,V012,129.0,1.1039400780978568
2026-05-28,2026-05-28 11:25:57,V012,130.0,0.9352452840482027
2026-05-28,2026-05-28 11:25:58,V012,130.0,1.545011423737413
2026-05-28,2026-05-28 11:25:59,V012,130.0,1.5895108579345198
2026-05-28,2026-05-28 11:26:00,V012,130.0,1.2572492839275116
2026-05-28,2026-05-28 11:26:01,V012,130.0,1.121262260062706
2026-05-28,2026-05-28 11:26:02,V012,130.0,1.0523937657584483
2026-05-28,2026-05-28 11:26:03,V012,129.0,1.1883095286440533
2026-05-28,2026-05-28 11:26:04,V012,129.0,1.0101747782400825
2026-05-28,2026-05-28 11:26:05,V012,128.0,1.0548254877732055
2026-05-28,2026-05-28 11:26:06,V012,128.0,1.0511972481386802
2026-05-28,2026-05-28 11:26:07,V012,127.0,1.0974490680780427
2026-05-28,2026-05-28 11:26:08,V012,127.0,1.022986959228774
2026-05-28,2026-05-28 11:26:09,V012,126.0,1.1337559879448904
2026-05-28,2026-05-28 11:26:10,V012,126.0,1.0751529980126233
2026-05-28,2026-05-28 11:26:11,V012,126.0,1.0873446007822565
2026-05-28,2026-05-28 11:26:12,V012,126.0,1.0838958165493011
2026-05-28,2026-05-28 11:26:13,V012,126.0,1.1990606690361534
2026-05-28,2026-05-28 11:26:14,V012,127.0,0.9550034223011319
2026-05-28,2026-05-28 11:26:15,V012,127.0,1.5270978028858075
2026-05-28,2026-05-28 11:26:16,V012,128.0,1.290210848267617
2026-05-28,2026-05-28 11:26:17,V012,128.0,1.033339094534966
2026-05-28,2026-05-28 11:26:18,V012,129.0,1.2322448883458517
2026-05-28,2026-05-28 11:26:19,V012,130.0,1.0757533604674692
2026-05-28,2026-05-28 11:26:20,V012,131.0,1.0303915842992646
2026-05-28,2026-05-28 11:26:21,V012,132.0,1.1790631475486058
2026-05-28,2026-05-28 11:26:22,V012,133.0,0.9859173309770652
2026-05-28,2026-05-28 11:26:23,V012,134.0,1.1509760038980545
2026-05-28,2026-05-28 11:26:24,V012,135.0,1.2395076013836106
2026-05-28,2026-05-28 11:26:25,V012,135.0,1.0422861911592167
2026-05-28,2026-05-28 11:26:26,V012,135.0,0.9454676209688088
2026-05-28,2026-05-28 11:26:27,V012,135.0,1.3096161349282518
2026-05-28,2026-05-28 11:26:28,V012,135.0,1.1482898315635726
2026-05-28,2026-05-28 11:26:29,V012,135.0,1.132194086779021
2026-05-28,2026-05-28 11:26:30,V012,135.0,1.0876759199475814
2026-05-28,2026-05-28 11:26:31,V012,135.0,1.4834837075770912
2026-05-28,2026-05-28 11:26:32,V012,135.0,1.2437419586019107
2026-05-28,2026-05-28 11:26:33,V012,135.0,1.1155097537637093
2026-05-28,2026-05-28 11:26:34,V012,135.0,1.029584437726116
2026-05-28,2026-05-28 11:26:35,V012,136.0,1.153749290628983
2026-05-28,2026-05-28 11:26:36,V012,137.0,1.0131821971040622
2026-05-28,2026-05-28 11:26:37,V012,138.0,1.05873313258354
2026-05-28,2026-05-28 11:26:38,V012,139.0,1.181516215676941
2026-05-28,2026-05-28 11:26:39,V012,140.0,1.0470177467487385
2026-05-28,2026-05-28 11:26:40,V012,141.0,1.0378138310942624
2026-05-28,2026-05-28 11:26:41,V012,142.0,1.0900880539048707
2026-05-28,2026-05-28 11:26:42,V012,142.0,1.1994111618425405
2026-05-28,2026-05-28 11:26:43,V012,142.0,1.090811528852613
2026-05-28,2026-05-28 11:26:44,V012,142.0,1.1248292662935393
2026-05-28,2026-05-28 11:26:45,V012,142.0,1.0928369892700036
2026-05-28,2026-05-28 11:26:46,V012,142.0,1.5681986806612718
2026-05-28,2026-05-28 11:26:47,V012,141.0,1.7150613289753993
2026-05-28,2026-05-28 11:26:48,V012,141.0,1.0813427185318651
2026-05-28,2026-05-28 11:26:49,V012,140.0,1.0588755008146695
2026-05-28,2026-05-28 11:26:50,V012,140.0,1.0635025032979977
2026-05-28,2026-05-28 11:26:51,V012,141.0,1.0333239329836381
2026-05-28,2026-05-28 11:26:52,V012,141.0,1.040061498565636
2026-05-28,2026-05-28 11:26:53,V012,141.0,1.0259629754966704
2026-05-28,2026-05-28 11:26:54,V012,142.0,1.0528075467947706
2026-05-28,2026-05-28 11:26:55,V012,143.0,1.080765782275674
2026-05-28,2026-05-28 11:26:56,V012,143.0,1.0504811410130888
2026-05-28,2026-05-28 11:26:57,V012,144.0,1.0810846634342082
2026-05-28,2026-05-28 11:26:58,V012,145.0,1.097946314584319
2026-05-28,2026-05-28 11:26:59,V012,145.0,0.9825859153230795
2026-05-28,2026-05-28 11:27:00,V012,145.0,1.0327155027427948
2026-05-28,2026-05-28 11:27:01,V012,145.0,1.0415371452448243
2026-05-28,2026-05-28 11:27:02,V012,144.0,1.032651391254672
2026-05-28,2026-05-28 11:27:03,V012,144.0,1.1575297275761682
2026-05-28,2026-05-28 11:27:04,V012,144.0,1.0920995255479427
2026-05-28,2026-05-28 11:27:05,V012,143.0,1.0866722780049891
2026-05-28,2026-05-28 11:27:06,V012,143.0,1.0807072758560516
2026-05-28,2026-05-28 11:27:07,V012,142.0,1.1225158649946454
2026-05-28,2026-05-28 11:27:08,V012,141.0,1.0503533103252862
2026-05-28,2026-05-28 11:27:09,V012,141.0,1.0547643058162723
2026-05-28,2026-05-28 11:27:10,V012,140.0,1.06295279909839
2026-05-28,2026-05-28 11:27:11,V012,140.0,1.0344280694986159
2026-05-28,2026-05-28 11:27:12,V012,140.0,1.034749948253621
2026-05-28,2026-05-28 11:27:13,V012,141.0,1.0397891563725747
2026-05-28,2026-05-28 11:27:14,V012,141.0,1.070501195437654
2026-05-28,2026-05-28 11:27:15,V012,142.0,1.1206611115096627
2026-05-28,2026-05-28 11:27:16,V012,143.0,0.9987734131322522
2026-05-28,2026-05-28 11:27:17,V012,143.0,1.1457400542526652
2026-05-28,2026-05-28 11:27:18,V012,144.0,1.141280440945656
2026-05-28,2026-05-28 11:27:19,V012,144.0,1.1531530321431156
2026-05-28,2026-05-28 11:27:20,V012,144.0,1.0469593165452524
2026-05-28,2026-05-28 11:27:21,V012,145.0,1.0433047908441035
2026-05-28,2026-05-28 11:27:22,V012,145.0,1.0349103779840467
2026-05-28,2026-05-28 11:27:23,V012,145.0,1.0306016760184957
2026-05-28,2026-05-28 11:27:24,V012,145.0,1.0287993051495594
2026-05-28,2026-05-28 11:27:25,V012,145.0,1.049787923517131
2026-05-28,2026-05-28 11:27:26,V012,145.0,1.065505349650261
2026-05-28,2026-05-28 11:27:27,V012,145.0,1.0589286005990128
2026-05-28,2026-05-28 11:27:28,V012,145.0,1.0541573226930385
2026-05-28,2026-05-28 11:27:29,V012,145.0,1.0724409943288404
2026-05-28,2026-05-28 11:27:30,V012,145.0,1.0795481397704065
2026-05-28,2026-05-28 11:27:31,V012,145.0,1.0635033694577358
2026-05-28,2026-05-28 11:27:32,V012,145.0,1.112960760466003
2026-05-28,2026-05-28 11:27:33,V012,145.0,1.0744363772062686
2026-05-28,2026-05-28 11:27:34,V012,144.0,1.0788783248972647
2026-05-28,2026-05-28 11:27:35,V012,144.0,1.0637546191892104
2026-05-28,2026-05-28 11:27:36,V012,143.0,1.074973717952258
2026-05-28,2026-05-28 11:27:37,V012,142.0,1.027772158449094
2026-05-28,2026-05-28 11:27:38,V012,142.0,1.056517403001308
2026-05-28,2026-05-28 11:27:39,V012,141.0,1.0738663222008071
2026-05-28,2026-05-28 11:27:40,V012,141.0,1.0523758851399705
2026-05-28,2026-05-28 11:27:41,V012,141.0,1.0867538796470224
2026-05-28,2026-05-28 11:27:42,V012,141.0,1.106265621144277
2026-05-28,2026-05-28 11:27:43,V012,141.0,1.0951147179184872
2026-05-28,2026-05-28 11:27:44,V012,141.0,1.037344102309599
2026-05-28,2026-05-28 11:27:45,V012,140.0,1.0347718441846459
2026-05-28,2026-05-28 11:27:46,V012,140.0,1.0882926401501394
2026-05-28,2026-05-28 11:27:47,V012,139.0,1.0718449396618597
2026-05-28,2026-05-28 11:27:48,V012,139.0,1.000768994068431
2026-05-28,2026-05-28 11:27:49,V012,137.0,1.0438108829971762
2026-05-28,2026-05-28 11:27:50,V012,136.0,1.039688216118855
2026-05-28,2026-05-28 11:27:51,V012,135.0,1.0415952482816966
2026-05-28,2026-05-28 11:27:52,V012,134.0,1.0279288041452197
2026-05-28,2026-05-28 11:27:53,V012,133.0,1.0327181482273364
2026-05-28,2026-05-28 11:27:54,V012,132.0,1.0306507204009487
2026-05-28,2026-05-28 11:27:55,V012,131.0,1.030835430768405
2026-05-28,2026-05-28 11:27:56,V012,130.0,1.029664004423436
2026-05-28,2026-05-28 11:27:57,V012,130.0,1.0340644292518737
2026-05-28,2026-05-28 11:27:58,V012,129.0,1.0320414519142869
2026-05-28,2026-05-28 11:27:59,V012,128.0,1.032928607435245
2026-05-28,2026-05-28 11:28:00,V012,128.0,1.024675884312902
2026-05-28,2026-05-28 11:28:01,V012,128.0,1.0585763174527543
2026-05-28,2026-05-28 11:28:02,V012,127.0,1.0263845203281865
2026-05-28,2026-05-28 11:28:03,V012,127.0,1.0444638861874147
2026-05-28,2026-05-28 11:28:04,V012,127.0,1.0738453725495887
2026-05-28,2026-05-28 11:28:05,V012,128.0,1.0135975668354993
2026-05-28,2026-05-28 11:28:06,V012,128.0,1.1012180160521259
2026-05-28,2026-05-28 11:28:07,V012,130.0,1.056910266020475
2026-05-28,2026-05-28 11:28:08,V012,131.0,1.0574679841198227
2026-05-28,2026-05-28 11:28:09,V012,132.0,1.0811902140034142
2026-05-28,2026-05-28 11:28:10,V012,133.0,1.0267189472877003
2026-05-28,2026-05-28 11:28:11,V012,134.0,1.0673630087250148
2026-05-28,2026-05-28 11:28:12,V012,135.0,1.0075462009431977
2026-05-28,2026-05-28 11:28:13,V012,136.0,1.0495757313155802
2026-05-28,2026-05-28 11:28:14,V012,137.0,1.0710800271710934
2026-05-28,2026-05-28 11:28:15,V012,137.0,1.0826589545885743
2026-05-28,2026-05-28 11:28:16,V012,138.0,1.0564522976250958
2026-05-28,2026-05-28 11:28:17,V012,138.0,1.0941284746780893
2026-05-28,2026-05-28 11:28:18,V012,138.0,1.042902555124065
2026-05-28,2026-05-28 11:28:19,V012,137.0,1.071662995019013
2026-05-28,2026-05-28 11:28:20,V012,137.0,1.1042768668224403
2026-05-28,2026-05-28 11:28:21,V012,136.0,1.1315702007855912
2026-05-28,2026-05-28 11:28:22,V012,135.0,0.9930111207716923
2026-05-28,2026-05-28 11:28:23,V012,135.0,1.084545700849462
2026-05-28,2026-05-28 11:28:24,V012,135.0,1.1096125634016298
2026-05-28,2026-05-28 11:28:25,V012,135.0,1.0418905281685449
2026-05-28,2026-05-28 11:28:26,V012,134.0,1.0371931692991263
2026-05-28,2026-05-28 11:28:27,V012,133.0,1.0751647222556677
2026-05-28,2026-05-28 11:28:28,V012,133.0,1.30122131163476
2026-05-28,2026-05-28 11:28:29,V012,133.0,1.1676623696947166
2026-05-28,2026-05-28 11:28:30,V012,133.0,1.3335426371877293
2026-05-28,2026-05-28 11:28:31,V012,133.0,1.3453905879029513
2026-05-28,2026-05-28 11:28:32,V012,133.0,1.5733434328070772
2026-05-28,2026-05-28 11:28:33,V012,132.0,1.4200871045962455
2026-05-28,2026-05-28 11:28:34,V012,131.0,1.2113348683613772
2026-05-28,2026-05-28 11:28:35,V012,129.0,1.1341739260790564
2026-05-28,2026-05-28 11:28:36,V012,128.0,1.0499802125727689
2026-05-28,2026-05-28 11:28:37,V012,126.0,1.0177264218185196
2026-05-28,2026-05-28 11:28:38,V012,124.0,1.1680575830557376
2026-05-28,2026-05-28 11:28:39,V012,123.0,1.041874330293115
2026-05-28,2026-05-28 11:28:40,V012,123.0,1.1130907101118124
2026-05-28,2026-05-28 11:28:41,V012,123.0,1.057973820888889
2026-05-28,2026-05-28 11:28:42,V012,123.0,1.0577757752412544
2026-05-28,2026-05-28 11:28:43,V012,124.0,1.0233990834587994
2026-05-28,2026-05-28 11:28:44,V012,124.0,1.0559493418242958
2026-05-28,2026-05-28 11:28:45,V012,123.0,1.1539031526872054
2026-05-28,2026-05-28 11:28:46,V012,121.0,1.139165773225035
2026-05-28,2026-05-28 11:28:47,V012,121.0,1.1371686509150019
2026-05-28,2026-05-28 11:28:48,V012,121.0,1.059136809608077
2026-05-28,2026-05-28 11:28:49,V012,120.0,1.0600482658300283
2026-05-28,2026-05-28 11:28:50,V012,121.0,1.1841578346874606
2026-05-28,2026-05-28 11:28:51,V012,121.0,1.025542312995609
2026-05-28,2026-05-28 11:28:52,V012,121.0,1.0598064496116195
2026-05-28,2026-05-28 11:28:53,V012,122.0,1.2033595612866763
2026-05-28,2026-05-28 11:28:54,V012,123.0,0.9680093326247484
2026-05-28,2026-05-28 11:28:55,V012,124.0,1.131744368035683
2026-05-28,2026-05-28 11:28:56,V012,126.0,1.0193255485964727
2026-05-28,2026-05-28 11:28:57,V012,127.0,1.193213998999382
2026-05-28,2026-05-28 11:28:58,V012,127.0,1.0607112359689639
2026-05-28,2026-05-28 11:28:59,V012,128.0,0.9137012409804616
2026-05-28,2026-05-28 11:29:00,V012,129.0,1.353296599640979
2026-05-28,2026-05-28 11:29:01,V012,129.0,1.1415249930316196
2026-05-28,2026-05-28 11:29:02,V012,129.0,1.062165713014806
2026-05-28,2026-05-28 11:29:03,V012,129.0,1.0896405582735509
2026-05-28,2026-05-28 11:29:04,V012,129.0,1.031362848526055
2026-05-28,2026-05-28 11:29:05,V012,129.0,1.1783318223540824
2026-05-28,2026-05-28 11:29:06,V012,128.0,1.0994815652095604
2026-05-28,2026-05-28 11:29:07,V012,128.0,1.1522899146754353
2026-05-28,2026-05-28 11:29:08,V012,128.0,1.0453316719463375
2026-05-28,2026-05-28 11:29:09,V012,128.0,1.0343234213700483
2026-05-28,2026-05-28 11:29:10,V012,129.0,1.193199405720978
2026-05-28,2026-05-28 11:29:11,V012,129.0,1.0867909960885072
2026-05-28,2026-05-28 11:29:12,V012,129.0,1.189723477134907
2026-05-28,2026-05-28 11:29:13,V012,130.0,1.0671868638818027
2026-05-28,2026-05-28 11:29:14,V012,130.0,1.0250092049711785
2026-05-28,2026-05-28 11:29:15,V012,131.0,1.2549660263515323
2026-05-28,2026-05-28 11:29:16,V012,132.0,1.2120683207029905
2026-05-28,2026-05-28 11:29:17,V012,133.0,1.1369333512998432
2026-05-28,2026-05-28 11:29:18,V012,133.0,1.1390203695897192
2026-05-28,2026-05-28 11:29:19,V012,134.0,1.0819637874653711
2026-05-28,2026-05-28 11:29:20,V012,134.0,1.0104350409876717
2026-05-28,2026-05-28 11:29:21,V012,135.0,1.0417161351785413
2026-05-28,2026-05-28 11:29:22,V012,135.0,1.1389507769571503
2026-05-28,2026-05-28 11:29:23,V012,134.0,1.0792689189906215
2026-05-28,2026-05-28 11:29:24,V012,134.0,1.0421396308929793
2026-05-28,2026-05-28 11:29:25,V012,134.0,1.0620743003107234
2026-05-28,2026-05-28 11:29:26,V012,134.0,1.1789877244318618
2026-05-28,2026-05-28 11:29:27,V012,134.0,1.1543575705740496
2026-05-28,2026-05-28 11:29:28,V012,134.0,1.1113206629424028
2026-05-28,2026-05-28 11:29:29,V012,134.0,1.0590819240551754
2026-05-28,2026-05-28 11:29:30,V012,133.0,1.1781804659590736
2026-05-28,2026-05-28 11:29:31,V012,133.0,1.025348714181662
2026-05-28,2026-05-28 11:29:32,V012,133.0,1.105866636834033
2026-05-28,2026-05-28 11:29:33,V012,133.0,1.0796777723665991
2026-05-28,2026-05-28 11:29:34,V012,133.0,1.1745867498686648
2026-05-28,2026-05-28 11:29:35,V012,133.0,1.007053889248996
2026-05-28,2026-05-28 11:29:36,V012,133.0,1.0547919794251681
2026-05-28,2026-05-28 11:29:37,V012,132.0,1.1677914135960226
2026-05-28,2026-05-28 11:29:38,V012,132.0,1.1344555643425838
2026-05-28,2026-05-28 11:29:39,V012,132.0,1.1818135968074261
2026-05-28,2026-05-28 11:29:40,V012,132.0,1.0315715939273817
2026-05-28,2026-05-28 11:29:41,V012,132.0,1.1340456119572786
2026-05-28,2026-05-28 11:29:42,V012,132.0,1.0179966091100099
2026-05-28,2026-05-28 11:29:43,V012,131.0,1.0434398888975849
2026-05-28,2026-05-28 11:29:44,V012,131.0,1.0466187250234245
2026-05-28,2026-05-28 11:29:45,V012,131.0,1.067876063075869
2026-05-28,2026-05-28 11:29:46,V012,131.0,1.099991515000881
2026-05-28,2026-05-28 11:29:47,V012,132.0,1.1066949962426489
2026-05-28,2026-05-28 11:29:48,V012,132.0,1.0963222087654683
2026-05-28,2026-05-28 11:29:49,V012,132.0,1.0801467480335734
2026-05-28,2026-05-28 11:29:50,V012,132.0,1.076491960625965
2026-05-28,2026-05-28 11:29:51,V012,132.0,1.071864100840953
2026-05-28,2026-05-28 11:29:52,V012,132.0,1.024885867962552
2026-05-28,2026-05-28 11:29:53,V012,131.0,1.0396274253211104
2026-05-28,2026-05-28 11:29:54,V012,131.0,1.030527715912061
2026-05-28,2026-05-28 11:29:55,V012,130.0,1.0508515330055386
2026-05-28,2026-05-28 11:29:56,V012,130.0,1.0583093444134617
2026-05-28,2026-05-28 11:29:57,V012,130.0,1.044476246181166
2026-05-28,2026-05-28 11:29:58,V012,129.0,1.0408999019465595
2026-05-28,2026-05-28 11:29:59,V012,130.0,1.0330922479912317
2026-05-28,2026-05-28 11:30:00,V012,130.0,1.04226134100433
2026-05-28,2026-05-28 11:30:01,V012,130.0,1.0346405399530703
2026-05-28,2026-05-28 11:30:02,V012,130.0,1.0421322382492413
2026-05-28,2026-05-28 11:30:03,V012,131.0,1.0366758503306206
2026-05-28,2026-05-28 11:30:04,V012,131.0,1.0593748117849118
2026-05-28,2026-05-28 11:30:05,V012,131.0,1.0460546186847055
2026-05-28,2026-05-28 11:30:06,V012,131.0,1.0337209259584734
2026-05-28,2026-05-28 11:30:07,V012,132.0,1.0381367845768799
2026-05-28,2026-05-28 11:30:08,V012,132.0,1.0267136423648897
2026-05-28,2026-05-28 11:30:09,V012,132.0,1.0307727068944266
2026-05-28,2026-05-28 11:30:10,V012,131.0,1.0286893227841294
2026-05-28,2026-05-28 11:30:11,V012,131.0,1.0339241997594892
2026-05-28,2026-05-28 11:30:12,V012,131.0,1.0299395463732735
2026-05-28,2026-05-28 11:30:13,V012,130.0,1.0297543043410635
2026-05-28,2026-05-28 11:30:14,V012,130.0,1.0311214585149424
2026-05-28,2026-05-28 11:30:15,V012,130.0,1.0312411038040796
2026-05-28,2026-05-28 11:30:16,V012,130.0,1.03340418023267
2026-05-28,2026-05-28 11:30:17,V012,129.0,1.0387098985917973
2026-05-28,2026-05-28 11:30:18,V012,129.0,1.0480825987885454
2026-05-28,2026-05-28 11:30:19,V012,129.0,1.0455798617712837
2026-05-28,2026-05-28 11:30:20,V012,128.0,1.0336461044730116
2026-05-28,2026-05-28 11:30:21,V012,128.0,1.0309613030233522
2026-05-28,2026-05-28 11:30:22,V012,128.0,1.0321232974395038
2026-05-28,2026-05-28 11:30:23,V012,127.0,1.028507049127667
2026-05-28,2026-05-28 11:30:24,V012,126.0,1.0312573747603393
2026-05-28,2026-05-28 11:30:25,V012,125.0,1.0319590427763
2026-05-28,2026-05-28 11:30:26,V012,124.0,1.0413010443668351
2026-05-28,2026-05-28 11:30:27,V012,123.0,1.098497567541853
2026-05-28,2026-05-28 11:30:28,V012,123.0,1.1526543649775387
2026-05-28,2026-05-28 11:30:29,V012,123.0,1.4943944497499975
2026-05-28,2026-05-28 11:30:30,V012,123.0,1.3885254020109148
2026-05-28,2026-05-28 11:30:31,V012,123.0,1.1313913583364357
2026-05-28,2026-05-28 11:30:32,V012,123.0,1.0257427927516298
2026-05-28,2026-05-28 11:30:33,V012,122.0,1.1480307946801205
2026-05-28,2026-05-28 11:30:34,V012,121.0,1.0730084463664198
2026-05-28,2026-05-28 11:30:35,V012,121.0,1.1054762069445212
2026-05-28,2026-05-28 11:30:36,V012,121.0,1.1000619703236363
2026-05-28,2026-05-28 11:30:37,V012,120.0,1.1639239120225477
2026-05-28,2026-05-28 11:30:38,V012,120.0,1.039493179936242
2026-05-28,2026-05-28 11:30:39,V012,120.0,1.133039159311672
2026-05-28,2026-05-28 11:30:40,V012,120.0,1.218422664797386
2026-05-28,2026-05-28 11:30:41,V012,120.0,1.0439554083494775
2026-05-28,2026-05-28 11:30:42,V012,120.0,1.0820893447313173
2026-05-28,2026-05-28 11:30:43,V012,119.0,1.1218414804578436
2026-05-28,2026-05-28 11:30:44,V012,118.0,1.1067155021667479
2026-05-28,2026-05-28 11:30:45,V012,117.0,1.149588971671472
2026-05-28,2026-05-28 11:30:46,V012,116.0,1.1894725596959823
2026-05-28,2026-05-28 11:30:47,V012,116.0,1.0718606725720512
2026-05-28,2026-05-28 11:30:48,V012,116.0,1.24797961962205
2026-05-28,2026-05-28 11:30:49,V012,116.0,1.2002457514743734
2026-05-28,2026-05-28 11:30:50,V012,116.0,1.081929965929695
2026-05-28,2026-05-28 11:30:51,V012,117.0,1.1880429006516875
2026-05-28,2026-05-28 11:30:52,V012,117.0,1.0217971547331401
2026-05-28,2026-05-28 11:30:53,V012,117.0,1.2139054196769792
2026-05-28,2026-05-28 11:30:54,V012,118.0,1.2874461977287452
2026-05-28,2026-05-28 11:30:55,V012,118.0,1.2042952102939344
2026-05-28,2026-05-28 11:30:56,V012,119.0,1.1434846118662878
2026-05-28,2026-05-28 11:30:57,V012,120.0,0.9742035864639462
2026-05-28,2026-05-28 11:30:58,V012,121.0,1.2352305921673086
2026-05-28,2026-05-28 11:30:59,V012,121.0,1.094833279285393
2026-05-28,2026-05-28 11:31:00,V012,121.0,1.0704040232335494
2026-05-28,2026-05-28 11:31:01,V012,122.0,1.09950305797413
2026-05-28,2026-05-28 11:31:02,V012,123.0,1.1070122186160756
2026-05-28,2026-05-28 11:31:03,V012,123.0,1.1366461141987911
2026-05-28,2026-05-28 11:31:04,V012,123.0,1.1870083449755913
2026-05-28,2026-05-28 11:31:05,V012,124.0,1.072483833201066
2026-05-28,2026-05-28 11:31:06,V012,124.0,1.1496024111085064
2026-05-28,2026-05-28 11:31:07,V012,125.0,1.0403330265209871
2026-05-28,2026-05-28 11:31:08,V012,125.0,1.255923249825392
2026-05-28,2026-05-28 11:31:09,V012,126.0,1.2005945805666434
2026-05-28,2026-05-28 11:31:10,V012,127.0,1.0887223287033592
2026-05-28,2026-05-28 11:31:11,V012,128.0,1.0978456789647233
2026-05-28,2026-05-28 11:31:12,V012,129.0,1.1110764008501293
2026-05-28,2026-05-28 11:31:13,V012,130.0,1.1282745033713917
2026-05-28,2026-05-28 11:31:14,V012,130.0,1.1581991628422983
2026-05-28,2026-05-28 11:31:15,V012,131.0,1.105238078113335
2026-05-28,2026-05-28 11:31:16,V012,132.0,1.0655260233680783
2026-05-28,2026-05-28 11:31:17,V012,133.0,1.1066092263798062
2026-05-28,2026-05-28 11:31:18,V012,134.0,1.1725534699017817
2026-05-28,2026-05-28 11:31:19,V012,135.0,1.1058601444939626
2026-05-28,2026-05-28 11:31:20,V012,135.0,1.1184074465283813
2026-05-28,2026-05-28 11:31:21,V012,135.0,1.1276015619788635
2026-05-28,2026-05-28 11:31:22,V012,136.0,1.0642520780579559
2026-05-28,2026-05-28 11:31:23,V012,136.0,1.1340197285858646
2026-05-28,2026-05-28 11:31:24,V012,136.0,1.14198202305666
2026-05-28,2026-05-28 11:31:25,V012,137.0,1.329873414731501
2026-05-28,2026-05-28 11:31:26,V012,137.0,1.1383422480296053
2026-05-28,2026-05-28 11:31:27,V012,137.0,1.0776178088159245
2026-05-28,2026-05-28 11:31:28,V012,138.0,1.0443151020404968
2026-05-28,2026-05-28 11:31:29,V012,138.0,1.145817075489081
2026-05-28,2026-05-28 11:31:30,V012,138.0,1.0983779764320676
2026-05-28,2026-05-28 11:31:31,V012,138.0,1.1012157950315435
2026-05-28,2026-05-28 11:31:32,V012,138.0,1.1985630154985587
2026-05-28,2026-05-28 11:31:33,V012,138.0,1.1495958202094725
2026-05-28,2026-05-28 11:31:34,V012,137.0,1.0930175313973267
2026-05-28,2026-05-28 11:31:35,V012,137.0,1.1965228207123346
2026-05-28,2026-05-28 11:31:36,V012,137.0,1.1545907746661637
2026-05-28,2026-05-28 11:31:37,V012,137.0,1.0540846878246477
2026-05-28,2026-05-28 11:31:38,V012,137.0,1.1389194442369261
2026-05-28,2026-05-28 11:31:39,V012,137.0,1.1547231240868878
2026-05-28,2026-05-28 11:31:40,V012,137.0,1.158191299019333
2026-05-28,2026-05-28 11:31:41,V012,137.0,1.0254560776475574
2026-05-28,2026-05-28 11:31:42,V012,137.0,1.1812229587916498
2026-05-28,2026-05-28 11:31:43,V012,138.0,1.1436830663633775
2026-05-28,2026-05-28 11:31:44,V012,138.0,1.0095161932411327
2026-05-28,2026-05-28 11:31:45,V012,138.0,1.4139965996253596
2026-05-28,2026-05-28 11:31:46,V012,137.0,1.0531749759800602
2026-05-28,2026-05-28 11:31:47,V012,137.0,1.1253379553938947
2026-05-28,2026-05-28 11:31:48,V012,137.0,1.1740274510825526
2026-05-28,2026-05-28 11:31:49,V012,137.0,1.1389361725079206
2026-05-28,2026-05-28 11:31:50,V012,137.0,1.0414984265177911
2026-05-28,2026-05-28 11:31:51,V012,137.0,1.0507059349144343
2026-05-28,2026-05-28 11:31:52,V012,137.0,1.07649156840239
2026-05-28,2026-05-28 11:31:53,V012,137.0,1.1215813833509252
2026-05-28,2026-05-28 11:31:54,V012,137.0,1.0492379124098137
2026-05-28,2026-05-28 11:31:55,V012,137.0,1.0349498443354028
2026-05-28,2026-05-28 11:31:56,V012,138.0,1.133798711070944
2026-05-28,2026-05-28 11:31:57,V012,138.0,1.1385907431146303
2026-05-28,2026-05-28 11:31:58,V012,139.0,1.1162795497397284
2026-05-28,2026-05-28 11:31:59,V012,139.0,1.0533484149922026
2026-05-28,2026-05-28 11:32:00,V012,139.0,1.1016444165184376
2026-05-28,2026-05-28 11:32:01,V012,139.0,1.027511173212983
2026-05-28,2026-05-28 11:32:02,V012,139.0,1.1081143631379027
2026-05-28,2026-05-28 11:32:03,V012,139.0,1.0621841123872646
2026-05-28,2026-05-28 11:32:04,V012,139.0,1.1368122421680287
2026-05-28,2026-05-28 11:32:05,V012,138.0,1.2425224912609825
2026-05-28,2026-05-28 11:32:06,V012,138.0,1.4842147570455613
2026-05-28,2026-05-28 11:32:07,V012,138.0,1.1961090989368557
2026-05-28,2026-05-28 11:32:08,V012,138.0,1.3897223222643185
2026-05-28,2026-05-28 11:32:09,V012,138.0,1.4314699365892378
2026-05-28,2026-05-28 11:32:10,V012,137.0,1.1705195282516545
2026-05-28,2026-05-28 11:32:11,V012,138.0,1.3203654994308265
2026-05-28,2026-05-28 11:32:12,V012,138.0,1.4866493386834732
2026-05-28,2026-05-28 11:32:13,V012,138.0,1.1638658823589683
2026-05-28,2026-05-28 11:32:14,V012,138.0,1.3989381260580362
2026-05-28,2026-05-28 11:32:15,V012,138.0,1.372377931109628
2026-05-28,2026-05-28 11:32:16,V012,137.0,1.2193108464671945
2026-05-28,2026-05-28 11:32:17,V012,137.0,1.630347099590574
2026-05-28,2026-05-28 11:32:18,V012,136.0,1.1137590311938466
2026-05-28,2026-05-28 11:32:19,V012,135.0,1.0904182347952471
2026-05-28,2026-05-28 11:32:20,V012,135.0,1.0707375085349076
2026-05-28,2026-05-28 11:32:21,V012,134.0,1.0796107631824194
2026-05-28,2026-05-28 11:32:22,V012,133.0,1.0364458705013007
2026-05-28,2026-05-28 11:32:23,V012,133.0,1.111939631747078
2026-05-28,2026-05-28 11:32:24,V012,132.0,1.0632235594252675
2026-05-28,2026-05-28 11:32:25,V012,132.0,1.1162611556600535
2026-05-28,2026-05-28 11:32:26,V012,131.0,1.1213715743126311
2026-05-28,2026-05-28 11:32:27,V012,131.0,1.1048305576165407
2026-05-28,2026-05-28 11:32:28,V012,131.0,1.1126596498862515
2026-05-28,2026-05-28 11:32:29,V012,131.0,1.1534462219516532
2026-05-28,2026-05-28 11:32:30,V012,131.0,1.1487283562363226
2026-05-28,2026-05-28 11:32:31,V012,131.0,1.1069744761399827
2026-05-28,2026-05-28 11:32:32,V012,131.0,1.0580457498552929
2026-05-28,2026-05-28 11:32:33,V012,132.0,1.0698750027813009
2026-05-28,2026-05-28 11:32:34,V012,132.0,1.04971703191473
2026-05-28,2026-05-28 11:32:35,V012,132.0,1.039875664788844
2026-05-28,2026-05-28 11:32:36,V012,132.0,1.0580071357859526
2026-05-28,2026-05-28 11:32:37,V012,132.0,1.0627012533469138
2026-05-28,2026-05-28 11:32:38,V012,132.0,1.0819513953594768
2026-05-28,2026-05-28 11:32:39,V012,132.0,1.1428268985894476
2026-05-28,2026-05-28 11:32:40,V012,132.0,1.074021718647593
2026-05-28,2026-05-28 11:32:41,V012,131.0,1.0991638554500394
2026-05-28,2026-05-28 11:32:42,V012,130.0,1.033743921095402
2026-05-28,2026-05-28 11:32:43,V012,130.0,1.0311430075027483
2026-05-28,2026-05-28 11:32:44,V012,129.0,1.0297842836037754
2026-05-28,2026-05-28 11:32:45,V012,129.0,1.030292124255677
2026-05-28,2026-05-28 11:32:46,V012,128.0,1.0297651273989146
2026-05-28,2026-05-28 11:32:47,V012,128.0,1.0281422154404303
2026-05-28,2026-05-28 11:32:48,V012,128.0,1.0312464661060343
2026-05-28,2026-05-28 11:32:49,V012,127.0,1.0292631038921636
2026-05-28,2026-05-28 11:32:50,V012,126.0,1.030791494237174
2026-05-28,2026-05-28 11:32:51,V012,125.0,1.0308745038134697
2026-05-28,2026-05-28 11:32:52,V012,125.0,1.0293440108260914
2026-05-28,2026-05-28 11:32:53,V012,124.0,1.0306206851046138
2026-05-28,2026-05-28 11:32:54,V012,123.0,1.029401135900965
2026-05-28,2026-05-28 11:32:55,V012,122.0,1.0350297675904057
2026-05-28,2026-05-28 11:32:56,V012,121.0,1.0302852729773786
2026-05-28,2026-05-28 11:32:57,V012,121.0,1.0306328432663512
2026-05-28,2026-05-28 11:32:58,V012,121.0,1.0818904232485993
2026-05-28,2026-05-28 11:32:59,V012,121.0,0.9775595909333669
2026-05-28,2026-05-28 11:33:00,V012,120.0,1.0460084718993394
2026-05-28,2026-05-28 11:33:01,V012,120.0,1.1263549657348115
2026-05-28,2026-05-28 11:33:02,V012,120.0,1.226159604636663
2026-05-28,2026-05-28 11:33:03,V012,120.0,1.0529082376439545
2026-05-28,2026-05-28 11:33:04,V012,120.0,1.0740884884339872
2026-05-28,2026-05-28 11:33:05,V012,120.0,1.075914944866539
2026-05-28,2026-05-28 11:33:06,V012,120.0,1.383654573463135
2026-05-28,2026-05-28 11:33:07,V012,119.0,1.2169319398760385
2026-05-28,2026-05-28 11:33:08,V012,119.0,1.2158871876354111
2026-05-28,2026-05-28 11:33:09,V012,119.0,1.0813169017189619
2026-05-28,2026-05-28 11:33:10,V012,119.0,1.222628320604382
2026-05-28,2026-05-28 11:33:11,V012,120.0,1.1733034277815877
2026-05-28,2026-05-28 11:33:12,V012,120.0,0.9729137083120287
2026-05-28,2026-05-28 11:33:13,V012,120.0,1.3388912760768374
2026-05-28,2026-05-28 11:33:14,V012,121.0,1.170511616825183
2026-05-28,2026-05-28 11:33:15,V012,121.0,1.1509167489246166
2026-05-28,2026-05-28 11:33:16,V012,121.0,1.0829306022677507
2026-05-28,2026-05-28 11:33:17,V012,120.0,1.2319075251490375
2026-05-28,2026-05-28 11:33:18,V012,119.0,1.0362126510612888
2026-05-28,2026-05-28 11:33:19,V012,118.0,1.1208641236151258
2026-05-28,2026-05-28 11:33:20,V012,118.0,1.074707153191671
2026-05-28,2026-05-28 11:33:21,V012,117.0,1.079961537021638
2026-05-28,2026-05-28 11:33:22,V012,117.0,1.0930140055759203
2026-05-28,2026-05-28 11:33:23,V012,117.0,1.0167370466460386
2026-05-28,2026-05-28 11:33:24,V012,117.0,1.1135932382921034
2026-05-28,2026-05-28 11:33:25,V012,118.0,1.062356766519845
2026-05-28,2026-05-28 11:33:26,V012,119.0,1.0179368321106566
2026-05-28,2026-05-28 11:33:27,V012,120.0,1.2202225171460366
2026-05-28,2026-05-28 11:33:28,V012,121.0,1.081517555957668
2026-05-28,2026-05-28 11:33:29,V012,122.0,1.1334821274570674
2026-05-28,2026-05-28 11:33:30,V012,124.0,1.048960420117052
2026-05-28,2026-05-28 11:33:31,V012,124.0,1.0879096256157281
2026-05-28,2026-05-28 11:33:32,V012,124.0,1.0727643899082873
2026-05-28,2026-05-28 11:33:33,V012,125.0,1.0580286749408756
2026-05-28,2026-05-28 11:33:34,V012,126.0,1.04647338205732
2026-05-28,2026-05-28 11:33:35,V012,126.0,1.0404176981365152
2026-05-28,2026-05-28 11:33:36,V012,126.0,1.1927894235369358
2026-05-28,2026-05-28 11:33:37,V012,127.0,1.0203855462579048
2026-05-28,2026-05-28 11:33:38,V012,127.0,1.0486312704968324
2026-05-28,2026-05-28 11:33:39,V012,126.0,1.087243129425098
2026-05-28,2026-05-28 11:33:40,V012,126.0,1.0540693285664977
2026-05-28,2026-05-28 11:33:41,V012,126.0,1.049367591270005
2026-05-28,2026-05-28 11:33:42,V012,126.0,1.0767124219471935
2026-05-28,2026-05-28 11:33:43,V012,126.0,0.9523086650685719
2026-05-28,2026-05-28 11:33:44,V012,126.0,1.2483272286359715
2026-05-28,2026-05-28 11:33:45,V012,126.0,1.0479136477032394
2026-05-28,2026-05-28 11:33:46,V012,125.0,1.0587827372740595
2026-05-28,2026-05-28 11:33:47,V012,124.0,1.0603909458996168
2026-05-28,2026-05-28 11:33:48,V012,123.0,0.9465243098367779
2026-05-28,2026-05-28 11:33:49,V012,124.0,1.225623593188744
2026-05-28,2026-05-28 11:33:50,V012,125.0,1.0349008478711965
2026-05-28,2026-05-28 11:33:51,V012,125.0,1.2630425222831763
2026-05-28,2026-05-28 11:33:52,V012,126.0,1.149094228460981
2026-05-28,2026-05-28 11:33:53,V012,126.0,1.1986268076800688
2026-05-28,2026-05-28 11:33:54,V012,125.0,1.2454574676747256
2026-05-28,2026-05-28 11:33:55,V012,125.0,1.1716846569751302
2026-05-28,2026-05-28 11:33:56,V012,124.0,1.0633620855628154
2026-05-28,2026-05-28 11:33:57,V012,124.0,1.0051480405133162
2026-05-28,2026-05-28 11:33:58,V012,123.0,1.0254150226698813
2026-05-28,2026-05-28 11:33:59,V012,124.0,1.2812715369081216
2026-05-28,2026-05-28 11:34:00,V012,124.0,1.0119109755581424
2026-05-28,2026-05-28 11:34:01,V012,124.0,1.0376083532969005
2026-05-28,2026-05-28 11:34:02,V012,124.0,1.0188712881323583
2026-05-28,2026-05-28 11:34:03,V012,123.0,1.096141038658748
2026-05-28,2026-05-28 11:34:04,V012,123.0,1.0198114826931794
2026-05-28,2026-05-28 11:34:05,V012,123.0,1.0803834572202222
2026-05-28,2026-05-28 11:34:06,V012,122.0,1.0275027320636692
2026-05-28,2026-05-28 11:34:07,V012,122.0,1.0197364981088464
2026-05-28,2026-05-28 11:34:08,V012,122.0,1.1681263639447943
2026-05-28,2026-05-28 11:34:09,V012,121.0,1.086421795381608
2026-05-28,2026-05-28 11:34:10,V012,121.0,1.071810856945242
2026-05-28,2026-05-28 11:34:11,V012,121.0,1.0185402547061855
2026-05-28,2026-05-28 11:34:12,V012,120.0,1.030180765362476
2026-05-28,2026-05-28 11:34:13,V012,120.0,1.135620996033391
2026-05-28,2026-05-28 11:34:14,V012,120.0,1.1129628761107149
2026-05-28,2026-05-28 11:34:15,V012,120.0,1.0326903495719666
2026-05-28,2026-05-28 11:34:16,V012,121.0,1.1240325814063017
2026-05-28,2026-05-28 11:34:17,V012,122.0,1.015472441740819
2026-05-28,2026-05-28 11:34:18,V012,123.0,1.1534092936803424
2026-05-28,2026-05-28 11:34:19,V012,124.0,1.0648194830993316
2026-05-28,2026-05-28 11:34:20,V012,125.0,1.039339462803505
2026-05-28,2026-05-28 11:34:21,V012,126.0,1.0454399135180692
2026-05-28,2026-05-28 11:34:22,V012,127.0,1.0560245051162855
2026-05-28,2026-05-28 11:34:23,V012,128.0,1.0548956304211126
2026-05-28,2026-05-28 11:34:24,V012,129.0,1.0631817113388102
2026-05-28,2026-05-28 11:34:25,V012,130.0,1.0412977408144635
2026-05-28,2026-05-28 11:34:26,V012,130.0,1.1815365910053737
2026-05-28,2026-05-28 11:34:27,V012,131.0,1.1785084014082603
2026-05-28,2026-05-28 11:34:28,V012,131.0,1.0909279935068217
2026-05-28,2026-05-28 11:34:29,V012,132.0,1.0817685630047547
2026-05-28,2026-05-28 11:34:30,V012,133.0,1.043961457325118
2026-05-28,2026-05-28 11:34:31,V012,133.0,1.0126498281945744
2026-05-28,2026-05-28 11:34:32,V012,134.0,1.0291465934853417
2026-05-28,2026-05-28 11:34:33,V012,135.0,1.0666620412331336
2026-05-28,2026-05-28 11:34:34,V012,136.0,1.0843443270937798
2026-05-28,2026-05-28 11:34:35,V012,138.0,1.0837609797516266
2026-05-28,2026-05-28 11:34:36,V012,139.0,1.0381187781714245
2026-05-28,2026-05-28 11:34:37,V012,140.0,1.0161539604085328
2026-05-28,2026-05-28 11:34:38,V012,142.0,1.1024410568299599
2026-05-28,2026-05-28 11:34:39,V012,143.0,1.155781603375089
2026-05-28,2026-05-28 11:34:40,V012,144.0,1.0940226565573494
2026-05-28,2026-05-28 11:34:41,V012,145.0,1.0891276871383686
2026-05-28,2026-05-28 11:34:42,V012,146.0,1.080092394544465
2026-05-28,2026-05-28 11:34:43,V012,147.0,1.0517655825568881
2026-05-28,2026-05-28 11:34:44,V012,147.0,1.0508694138855643
2026-05-28,2026-05-28 11:34:45,V012,148.0,1.0554059056706975
2026-05-28,2026-05-28 11:34:46,V012,148.0,1.051086555623795
2026-05-28,2026-05-28 11:34:47,V012,148.0,1.0708485540658361
2026-05-28,2026-05-28 11:34:48,V012,149.0,1.0827231392411978
2026-05-28,2026-05-28 11:34:49,V012,150.0,1.0701012722316972
2026-05-28,2026-05-28 11:34:50,V012,150.0,1.0579709747233874
2026-05-28,2026-05-28 11:34:51,V012,151.0,1.0541677070619828
2026-05-28,2026-05-28 11:34:52,V012,152.0,1.0584894288607072
2026-05-28,2026-05-28 11:34:53,V012,152.0,1.0456789077040627
2026-05-28,2026-05-28 11:34:54,V012,152.0,1.0628478887493369
2026-05-28,2026-05-28 11:34:55,V012,152.0,1.0460798139629839
2026-05-28,2026-05-28 11:34:56,V012,152.0,1.0509516057662938
2026-05-28,2026-05-28 11:34:57,V012,153.0,1.095489390686342
2026-05-28,2026-05-28 11:34:58,V012,153.0,1.3654134765552424
2026-05-28,2026-05-28 11:34:59,V012,154.0,1.1408830375742693
2026-05-28,2026-05-28 11:35:00,V012,155.0,1.0505769070220934
2026-05-28,2026-05-28 11:35:01,V012,156.0,1.0232390644692422
2026-05-28,2026-05-28 11:35:02,V012,158.0,1.0713421043200546
2026-05-28,2026-05-28 11:35:03,V012,159.0,1.0662607542802047
2026-05-28,2026-05-28 11:35:04,V012,161.0,1.0560619001134934
2026-05-28,2026-05-28 11:35:05,V012,164.0,1.0419815320158947
2026-05-28,2026-05-28 11:35:06,V012,165.0,1.1308024082459265
2026-05-28,2026-05-28 11:35:07,V012,167.0,1.4051886775128857
2026-05-28,2026-05-28 11:35:08,V012,168.0,1.0489649768510347
2026-05-28,2026-05-28 11:35:09,V012,168.0,1.2386024323616014
2026-05-28,2026-05-28 11:35:10,V012,169.0,1.555452469336382
2026-05-28,2026-05-28 11:35:11,V012,169.0,1.2094909838937167
2026-05-28,2026-05-28 11:35:12,V012,169.0,1.2523816049400431
2026-05-28,2026-05-28 11:35:13,V012,170.0,1.1164536325032448
2026-05-28,2026-05-28 11:35:14,V012,171.0,1.086566696825852
2026-05-28,2026-05-28 11:35:15,V012,172.0,1.067976793390906
2026-05-28,2026-05-28 11:35:16,V012,172.0,1.0224769988157714
2026-05-28,2026-05-28 11:35:17,V012,173.0,1.05408317659234
2026-05-28,2026-05-28 11:35:18,V012,174.0,1.0217716379299844
2026-05-28,2026-05-28 11:35:19,V012,175.0,1.214617020559973
2026-05-28,2026-05-28 11:35:20,V012,176.0,1.222483933114801
2026-05-28,2026-05-28 11:35:21,V012,176.0,1.2008949476373454
2026-05-28,2026-05-28 11:35:22,V012,177.0,1.1382258219166719
2026-05-28,2026-05-28 11:35:23,V012,177.0,1.5273227730589278
2026-05-28,2026-05-28 11:35:24,V012,177.0,1.242194574068846
2026-05-28,2026-05-28 11:35:25,V012,177.0,1.1266472091075699
2026-05-28,2026-05-28 11:35:26,V012,178.0,1.2405656594420182
2026-05-28,2026-05-28 11:35:27,V012,178.0,1.1320175034328606
2026-05-28,2026-05-28 11:35:28,V012,178.0,1.1844098378092114
2026-05-28,2026-05-28 11:35:29,V012,177.0,1.1104230899610696
2026-05-28,2026-05-28 11:35:30,V012,177.0,1.0208683855280387
2026-05-28,2026-05-28 11:35:31,V012,177.0,1.2805784064394132
2026-05-28,2026-05-28 11:35:32,V012,176.0,1.055609766385138
2026-05-28,2026-05-28 11:35:33,V012,176.0,1.070482485455493
2026-05-28,2026-05-28 11:35:34,V012,176.0,1.0905512150742285
2026-05-28,2026-05-28 11:35:35,V012,175.0,0.9142714698996803
2026-05-28,2026-05-28 11:35:36,V012,175.0,1.3072338967849044
2026-05-28,2026-05-28 11:35:37,V012,175.0,1.0694273215158945
2026-05-28,2026-05-28 11:35:38,V012,175.0,1.1122588543440382
2026-05-28,2026-05-28 11:35:39,V012,175.0,1.0580233777117898
2026-05-28,2026-05-28 11:35:40,V012,174.0,1.0525344572666444
2026-05-28,2026-05-28 11:35:41,V012,174.0,1.072456906159222
2026-05-28,2026-05-28 11:35:42,V012,174.0,1.0307986660894488
2026-05-28,2026-05-28 11:35:43,V012,174.0,1.030084463748029
2026-05-28,2026-05-28 11:35:44,V012,174.0,1.0306471735594818
2026-05-28,2026-05-28 11:35:45,V012,174.0,1.0303371967939845
2026-05-28,2026-05-28 11:35:46,V012,173.0,1.0389025196248616
2026-05-28,2026-05-28 11:35:47,V012,173.0,1.030075403200041
2026-05-28,2026-05-28 11:35:48,V012,172.0,1.0321440424587478
2026-05-28,2026-05-28 11:35:49,V012,172.0,1.0317370008365876
2026-05-28,2026-05-28 11:35:50,V012,171.0,1.061015757262694
2026-05-28,2026-05-28 11:35:51,V012,170.0,1.073568353797671
2026-05-28,2026-05-28 11:35:52,V012,170.0,1.0936026857477597
2026-05-28,2026-05-28 11:35:53,V012,169.0,1.2779679381491824
2026-05-28,2026-05-28 11:35:54,V012,168.0,1.143268057185233
2026-05-28,2026-05-28 11:35:55,V012,167.0,1.0894763124678737
2026-05-28,2026-05-28 11:35:56,V012,166.0,1.1107372558469901
2026-05-28,2026-05-28 11:35:57,V012,165.0,1.0651044972716879
2026-05-28,2026-05-28 11:35:58,V012,164.0,1.0849460883338198
2026-05-28,2026-05-28 11:35:59,V012,162.0,1.0281242957040415
2026-05-28,2026-05-28 11:36:00,V012,162.0,1.0490208529733431
2026-05-28,2026-05-28 11:36:01,V012,161.0,1.0835760044595402
2026-05-28,2026-05-28 11:36:02,V012,160.0,1.098762769915477
2026-05-28,2026-05-28 11:36:03,V012,159.0,1.036755471762867
2026-05-28,2026-05-28 11:36:04,V012,159.0,1.116630895892607
2026-05-28,2026-05-28 11:36:05,V012,158.0,1.0397802483137213
2026-05-28,2026-05-28 11:36:06,V012,158.0,1.0361810964678277
2026-05-28,2026-05-28 11:36:07,V012,157.0,1.055829040332526
2026-05-28,2026-05-28 11:36:08,V012,157.0,1.0364951898797483
2026-05-28,2026-05-28 11:36:09,V012,157.0,1.0384641291205583
2026-05-28,2026-05-28 11:36:10,V012,156.0,1.1655687211646386
2026-05-28,2026-05-28 11:36:11,V012,156.0,1.0648981701363385
2026-05-28,2026-05-28 11:36:12,V012,155.0,1.062476946990767
2026-05-28,2026-05-28 11:36:13,V012,155.0,1.0374300684938185
2026-05-28,2026-05-28 11:36:14,V012,154.0,1.0504733354195235
2026-05-28,2026-05-28 11:36:15,V012,154.0,1.0421090099807362
2026-05-28,2026-05-28 11:36:16,V012,153.0,1.0285099258457102
2026-05-28,2026-05-28 11:36:17,V012,152.0,1.098483146566967
2026-05-28,2026-05-28 11:36:18,V012,151.0,1.022824067096311
2026-05-28,2026-05-28 11:36:19,V012,150.0,1.0364165454690721
2026-05-28,2026-05-28 11:36:20,V012,150.0,1.0163429739430778
2026-05-28,2026-05-28 11:36:21,V012,149.0,1.7375487245859005
2026-05-28,2026-05-28 11:36:22,V012,149.0,1.3628333735750762
2026-05-28,2026-05-28 11:36:23,V012,148.0,0.9964319092004408
2026-05-28,2026-05-28 11:36:24,V012,148.0,1.123449485335913
2026-05-28,2026-05-28 11:36:25,V012,147.0,1.1711580780346529
2026-05-28,2026-05-28 11:36:26,V012,147.0,1.1121169876040866
2026-05-28,2026-05-28 11:36:27,V012,147.0,0.9764054469515333
2026-05-28,2026-05-28 11:36:28,V012,147.0,1.1187004288557674
2026-05-28,2026-05-28 11:36:29,V012,146.0,1.033372797105726
2026-05-28,2026-05-28 11:36:30,V012,145.0,1.0760266388750859
2026-05-28,2026-05-28 11:36:31,V012,145.0,1.1111825980963388
2026-05-28,2026-05-28 11:36:32,V012,145.0,1.0094671549286243
2026-05-28,2026-05-28 11:36:33,V012,145.0,1.0456575269813482
2026-05-28,2026-05-28 11:36:34,V012,145.0,1.0585931203922947
2026-05-28,2026-05-28 11:36:35,V012,146.0,1.047516054149935
2026-05-28,2026-05-28 11:36:36,V012,146.0,1.0519323411909678
2026-05-28,2026-05-28 11:36:37,V012,147.0,1.1085887901740779
2026-05-28,2026-05-28 11:36:38,V012,147.0,1.067496422457501
2026-05-28,2026-05-28 11:36:39,V012,147.0,1.0323834264691139
2026-05-28,2026-05-28 11:36:40,V012,147.0,1.0336421002060423
2026-05-28,2026-05-28 11:36:41,V012,147.0,1.030809957492977
2026-05-28,2026-05-28 11:36:42,V012,147.0,1.1183123684013756
2026-05-28,2026-05-28 11:36:43,V012,146.0,1.2133669860588219
2026-05-28,2026-05-28 11:36:44,V012,146.0,1.1162671036148806
2026-05-28,2026-05-28 11:36:45,V012,146.0,1.0368268727072933
2026-05-28,2026-05-28 11:36:46,V012,145.0,1.0770741897942664
2026-05-28,2026-05-28 11:36:47,V012,145.0,1.0856125484663268
2026-05-28,2026-05-28 11:36:48,V012,145.0,1.0615218829822688
2026-05-28,2026-05-28 11:36:49,V012,144.0,1.0215788173224627
2026-05-28,2026-05-28 11:36:50,V012,144.0,1.0760102002440455
2026-05-28,2026-05-28 11:36:51,V012,144.0,1.3532179265693458
2026-05-28,2026-05-28 11:36:52,V012,143.0,1.1970937151188048
2026-05-28,2026-05-28 11:36:53,V012,143.0,1.2578522352957726
2026-05-28,2026-05-28 11:36:54,V012,143.0,0.9820787901052975
2026-05-28,2026-05-28 11:36:55,V012,143.0,1.058414657767272
2026-05-28,2026-05-28 11:36:56,V012,142.0,1.165168553813295
2026-05-28,2026-05-28 11:36:57,V012,141.0,1.0866316657819195
2026-05-28,2026-05-28 11:36:58,V012,141.0,1.0475167493933448
2026-05-28,2026-05-28 11:36:59,V012,141.0,1.0464570552072672
2026-05-28,2026-05-28 11:37:00,V012,140.0,1.0334478046530395
2026-05-28,2026-05-28 11:37:01,V012,140.0,1.0291519596234144
2026-05-28,2026-05-28 11:37:02,V012,141.0,1.0339577472160233
2026-05-28,2026-05-28 11:37:03,V012,141.0,1.028645691477744
2026-05-28,2026-05-28 11:37:04,V012,141.0,1.0301534426641787
2026-05-28,2026-05-28 11:37:05,V012,140.0,1.0344384345489976
2026-05-28,2026-05-28 11:37:06,V012,140.0,1.0290597323073876
2026-05-28,2026-05-28 11:37:07,V012,140.0,1.032076726309824
2026-05-28,2026-05-28 11:37:08,V012,140.0,1.03658355575526
2026-05-28,2026-05-28 11:37:09,V012,140.0,1.0362776681843033
2026-05-28,2026-05-28 11:37:10,V012,140.0,1.043987536250034
2026-05-28,2026-05-28 11:37:11,V012,139.0,1.0322533138076424
2026-05-28,2026-05-28 11:37:12,V012,139.0,1.0362192224246503
2026-05-28,2026-05-28 11:37:13,V012,139.0,1.1274558610214933
2026-05-28,2026-05-28 11:37:14,V012,138.0,1.0767864869936694
2026-05-28,2026-05-28 11:37:15,V012,137.0,1.109939291652461
2026-05-28,2026-05-28 11:37:16,V012,135.0,1.093560022690425
2026-05-28,2026-05-28 11:37:17,V012,134.0,1.029920272273651
2026-05-28,2026-05-28 11:37:18,V012,134.0,1.0621366650134156
2026-05-28,2026-05-28 11:37:19,V012,133.0,1.061896367611377
2026-05-28,2026-05-28 11:37:20,V012,132.0,1.071749682922768
2026-05-28,2026-05-28 11:37:21,V012,132.0,1.0696128532097566
2026-05-28,2026-05-28 11:37:22,V012,131.0,1.067061459022901
2026-05-28,2026-05-28 11:37:23,V012,131.0,1.0222268690456375
2026-05-28,2026-05-28 11:37:24,V012,131.0,1.0594836942872141
2026-05-28,2026-05-28 11:37:25,V012,131.0,1.0598872577715246
2026-05-28,2026-05-28 11:37:26,V012,131.0,1.0606799556627546
2026-05-28,2026-05-28 11:37:27,V012,130.0,1.0631188105232368
2026-05-28,2026-05-28 11:37:28,V012,129.0,1.077455692039439
2026-05-28,2026-05-28 11:37:29,V012,129.0,1.0732548926329866
2026-05-28,2026-05-28 11:37:30,V012,128.0,1.0943033570949339
2026-05-28,2026-05-28 11:37:31,V012,127.0,1.0685481370692709
2026-05-28,2026-05-28 11:37:32,V012,127.0,1.0271323556846474
2026-05-28,2026-05-28 11:37:33,V012,126.0,1.0591957877711795
2026-05-28,2026-05-28 11:37:34,V012,126.0,1.0680741880531026
2026-05-28,2026-05-28 11:37:35,V012,125.0,1.0734099018125913
2026-05-28,2026-05-28 11:37:36,V012,125.0,1.0250482688489055
2026-05-28,2026-05-28 11:37:37,V012,125.0,1.0102923040826761
2026-05-28,2026-05-28 11:37:38,V012,124.0,1.0849147956286043
2026-05-28,2026-05-28 11:37:39,V012,124.0,1.07338324211102
2026-05-28,2026-05-28 11:37:40,V012,124.0,1.064974749321428
2026-05-28,2026-05-28 11:37:41,V012,124.0,1.056588892414825
2026-05-28,2026-05-28 11:37:42,V012,124.0,1.049344281631833
2026-05-28,2026-05-28 11:37:43,V012,124.0,1.0342697736030158
2026-05-28,2026-05-28 11:37:44,V012,124.0,1.045883717388716
2026-05-28,2026-05-28 11:37:45,V012,124.0,1.038198360417273
2026-05-28,2026-05-28 11:37:46,V012,124.0,1.024524366023437
2026-05-28,2026-05-28 11:37:47,V012,124.0,1.0447767774919476
2026-05-28,2026-05-28 11:37:48,V012,124.0,1.021156661188614
2026-05-28,2026-05-28 11:37:49,V012,124.0,1.0460752730666898
2026-05-28,2026-05-28 11:37:50,V012,124.0,1.0657667358076737
2026-05-28,2026-05-28 11:37:51,V012,125.0,1.0087399619343298
2026-05-28,2026-05-28 11:37:52,V012,126.0,1.0323910735160855
2026-05-28,2026-05-28 11:37:53,V012,127.0,1.0725533481988099
2026-05-28,2026-05-28 11:37:54,V012,128.0,1.042571863634054
2026-05-28,2026-05-28 11:37:55,V012,128.0,1.0359936097787237
2026-05-28,2026-05-28 11:37:56,V012,129.0,1.0300479760258394
2026-05-28,2026-05-28 11:37:57,V012,129.0,1.0881476748754761
2026-05-28,2026-05-28 11:37:58,V012,129.0,1.0199638353869724
2026-05-28,2026-05-28 11:37:59,V012,128.0,1.1028473979358546
2026-05-28,2026-05-28 11:38:00,V012,127.0,1.010061522984538
2026-05-28,2026-05-28 11:38:01,V012,127.0,1.0519476480889487
2026-05-28,2026-05-28 11:38:02,V012,127.0,1.0425137677890692
2026-05-28,2026-05-28 11:38:03,V012,126.0,1.0823218913677868
2026-05-28,2026-05-28 11:38:04,V012,125.0,1.1906231094239288
2026-05-28,2026-05-28 11:38:05,V012,124.0,1.0455185748248517
2026-05-28,2026-05-28 11:38:06,V012,124.0,1.055801244678136
2026-05-28,2026-05-28 11:38:07,V012,123.0,1.0536559752062995
2026-05-28,2026-05-28 11:38:08,V012,123.0,1.098666924074645
2026-05-28,2026-05-28 11:38:09,V012,122.0,1.0593307877513929
2026-05-28,2026-05-28 11:38:10,V012,122.0,1.0457300777053975
2026-05-28,2026-05-28 11:38:11,V012,121.0,1.044374709430416
2026-05-28,2026-05-28 11:38:12,V012,120.0,1.0339432819568064
2026-05-28,2026-05-28 11:38:13,V012,119.0,1.0404768105172788
2026-05-28,2026-05-28 11:38:14,V012,119.0,1.0212266152447724
2026-05-28,2026-05-28 11:38:15,V012,119.0,1.0462713144200162
2026-05-28,2026-05-28 11:38:16,V012,119.0,1.096392344481988
2026-05-28,2026-05-28 11:38:17,V012,119.0,1.0511700896516545
2026-05-28,2026-05-28 11:38:18,V012,119.0,1.0391961488875228
2026-05-28,2026-05-28 11:38:19,V012,118.0,1.029818551226511
2026-05-28,2026-05-28 11:38:20,V012,117.0,1.0295541709259814
2026-05-28,2026-05-28 11:38:21,V012,117.0,1.033231338755435
2026-05-28,2026-05-28 11:38:22,V012,117.0,1.0311337751398693
2026-05-28,2026-05-28 11:38:23,V012,117.0,1.030459594508518
2026-05-28,2026-05-28 11:38:24,V012,117.0,1.0314617724955224
2026-05-28,2026-05-28 11:38:25,V012,117.0,1.0316978675888437
2026-05-28,2026-05-28 11:38:26,V012,118.0,1.0319345984272046
2026-05-28,2026-05-28 11:38:27,V012,118.0,1.0307340255961135
2026-05-28,2026-05-28 11:38:28,V012,118.0,1.0318822209814777
2026-05-28,2026-05-28 11:38:29,V012,118.0,1.0309851610875562
2026-05-28,2026-05-28 11:38:30,V012,118.0,1.0317189329053658
2026-05-28,2026-05-28 11:38:31,V012,118.0,1.0303241623962502
2026-05-28,2026-05-28 11:38:32,V012,118.0,1.0323982675758585
2026-05-28,2026-05-28 11:38:33,V012,118.0,1.0314992029426766
2026-05-28,2026-05-28 11:38:34,V012,119.0,1.0322373492085157
2026-05-28,2026-05-28 11:38:35,V012,119.0,1.0322187295808178
2026-05-28,2026-05-28 11:38:36,V012,119.0,1.0317644063822144
2026-05-28,2026-05-28 11:38:37,V012,119.0,1.0315563113401567
2026-05-28,2026-05-28 11:38:38,V012,119.0,1.0312370051127302
2026-05-28,2026-05-28 11:38:39,V012,119.0,1.033096107075949
2026-05-28,2026-05-28 11:38:40,V012,119.0,1.0316269603158585
2026-05-28,2026-05-28 11:38:41,V012,119.0,1.0323910464163155
2026-05-28,2026-05-28 11:38:42,V012,119.0,1.0325230046454994
2026-05-28,2026-05-28 11:38:43,V012,119.0,1.0889821742662107
2026-05-28,2026-05-28 11:38:44,V012,119.0,1.0131846143178311
2026-05-28,2026-05-28 11:38:45,V012,118.0,1.082446061203206
2026-05-28,2026-05-28 11:38:46,V012,118.0,1.0120797161911823
2026-05-28,2026-05-28 11:38:47,V012,118.0,1.0575538416099735
2026-05-28,2026-05-28 11:38:48,V012,118.0,1.0718073532648913
2026-05-28,2026-05-28 11:38:49,V012,118.0,1.038542321228088
2026-05-28,2026-05-28 11:38:50,V012,118.0,1.0392373785905924
2026-05-28,2026-05-28 11:38:51,V012,119.0,1.085092689280293
2026-05-28,2026-05-28 11:38:52,V012,119.0,1.0337265037512033
2026-05-28,2026-05-28 11:38:53,V012,119.0,1.0295004828308256
2026-05-28,2026-05-28 11:38:54,V012,120.0,1.0312319972841046
2026-05-28,2026-05-28 11:38:55,V012,120.0,1.0317948112939699
2026-05-28,2026-05-28 11:38:56,V012,120.0,1.0604490638466726
2026-05-28,2026-05-28 11:38:57,V012,121.0,1.0364736367528213
2026-05-28,2026-05-28 11:38:58,V012,121.0,1.0549531059652
2026-05-28,2026-05-28 11:38:59,V012,121.0,1.0473123030294351
2026-05-28,2026-05-28 11:39:00,V012,121.0,1.0156869193144957
2026-05-28,2026-05-28 11:39:01,V012,121.0,1.1164250442086927
2026-05-28,2026-05-28 11:39:02,V012,120.0,1.0328023554179102
2026-05-28,2026-05-28 11:39:03,V012,120.0,1.0314977331143773
2026-05-28,2026-05-28 11:39:04,V012,119.0,1.029924838536249
2026-05-28,2026-05-28 11:39:05,V012,119.0,1.031428408694667
2026-05-28,2026-05-28 11:39:06,V012,119.0,1.0326201986695684
2026-05-28,2026-05-28 11:39:07,V012,118.0,1.0313044223911827
2026-05-28,2026-05-28 11:39:08,V012,117.0,1.0280843879731698
2026-05-28,2026-05-28 11:39:09,V012,117.0,1.0345180835847454
2026-05-28,2026-05-28 11:39:10,V012,117.0,1.0407524717218073
2026-05-28,2026-05-28 11:39:11,V012,117.0,1.0279208181202422
2026-05-28,2026-05-28 11:39:12,V012,116.0,1.0100637945790367
2026-05-28,2026-05-28 11:39:13,V012,116.0,1.0308673270385078
2026-05-28,2026-05-28 11:39:14,V012,116.0,1.0326641993459553
2026-05-28,2026-05-28 11:39:15,V012,115.0,1.024635007867938
2026-05-28,2026-05-28 11:39:16,V012,115.0,1.0278384510446787
2026-05-28,2026-05-28 11:39:17,V012,114.0,1.027195704741811
2026-05-28,2026-05-28 11:39:18,V012,114.0,1.0259463818997518
2026-05-28,2026-05-28 11:39:19,V012,114.0,1.0273567961794214
2026-05-28,2026-05-28 11:39:20,V012,114.0,1.0267019133156934
2026-05-28,2026-05-28 11:39:21,V012,115.0,1.0273153786864295
2026-05-28,2026-05-28 11:39:22,V012,115.0,1.0263727624714996
2026-05-28,2026-05-28 11:39:23,V012,116.0,1.0279677137381582
2026-05-28,2026-05-28 11:39:24,V012,117.0,1.0270938513217462
2026-05-28,2026-05-28 11:39:25,V012,118.0,1.027716630745558
2026-05-28,2026-05-28 11:39:26,V012,118.0,1.0281865837412016
2026-05-28,2026-05-28 11:39:27,V012,118.0,1.0265924982813033
2026-05-28,2026-05-28 11:39:28,V012,117.0,1.0270908556114724
2026-05-28,2026-05-28 11:39:29,V012,116.0,1.0264910907538067
2026-05-28,2026-05-28 11:39:30,V012,116.0,1.0287838894495218
2026-05-28,2026-05-28 11:39:31,V012,116.0,1.0277408872516258
2026-05-28,2026-05-28 11:39:32,V012,116.0,1.0274916825457234
2026-05-28,2026-05-28 11:39:33,V012,116.0,1.0277475850952082
2026-05-28,2026-05-28 11:39:34,V012,116.0,1.0263168802394225
2026-05-28,2026-05-28 11:39:35,V012,116.0,1.0282845894841397
2026-05-28,2026-05-28 11:39:36,V012,116.0,1.0268555153191135
2026-05-28,2026-05-28 11:39:37,V012,115.0,1.0275478318791422
2026-05-28,2026-05-28 11:39:38,V012,115.0,1.0287346570469462
2026-05-28,2026-05-28 11:39:39,V012,114.0,1.032776044008794
2026-05-28,2026-05-28 11:39:40,V012,113.0,1.0307190447659804
2026-05-28,2026-05-28 11:39:41,V012,113.0,1.0411416336935082
2026-05-28,2026-05-28 11:39:42,V012,113.0,1.0277963290809329
2026-05-28,2026-05-28 11:39:43,V012,113.0,1.027706910930626
2026-05-28,2026-05-28 11:39:44,V012,113.0,1.0271791337542873
2026-05-28,2026-05-28 11:39:45,V012,113.0,1.0278567100002365
2026-05-28,2026-05-28 11:39:46,V012,114.0,1.0278753142320358
2026-05-28,2026-05-28 11:39:47,V012,114.0,1.0283107904539464
2026-05-28,2026-05-28 11:39:48,V012,114.0,1.0273973401961463
2026-05-28,2026-05-28 11:39:49,V012,114.0,1.0268129678880602
2026-05-28,2026-05-28 11:39:50,V012,114.0,1.0269933359223462
2026-05-28,2026-05-28 11:39:51,V012,114.0,1.0267368314673064
2026-05-28,2026-05-28 11:39:52,V012,115.0,1.027616640191839
2026-05-28,2026-05-28 11:39:53,V012,115.0,1.0279078790357317
2026-05-28,2026-05-28 11:39:54,V012,115.0,1.0266973569200488
2026-05-28,2026-05-28 11:39:55,V012,115.0,1.0275438274917637
2026-05-28,2026-05-28 11:39:56,V012,115.0,1.028441023271137
2026-05-28,2026-05-28 11:39:57,V012,115.0,1.0341146807573582
2026-05-28,2026-05-28 11:39:58,V012,115.0,1.0389354941247992
2026-05-28,2026-05-28 11:39:59,V012,114.0,1.0231882345601209
2026-05-28,2026-05-28 11:40:00,V012,113.0,1.0468901994480446
2026-05-28,2026-05-28 11:40:01,V012,112.0,1.0683175580256452
2026-05-28,2026-05-28 11:40:02,V012,111.0,1.059833139424177
2026-05-28,2026-05-28 11:40:03,V012,110.0,1.0568584142805098
2026-05-28,2026-05-28 11:40:04,V012,110.0,1.0496708352452262
2026-05-28,2026-05-28 11:40:05,V012,110.0,1.0675257662409965
2026-05-28,2026-05-28 11:40:06,V012,110.0,1.0601240288545757
2026-05-28,2026-05-28 11:40:07,V012,110.0,1.0326418776736088
2026-05-28,2026-05-28 11:40:08,V012,112.0,1.0362353225011094
2026-05-28,2026-05-28 11:40:09,V012,113.0,1.0415279483813613
2026-05-28,2026-05-28 11:40:10,V012,113.0,1.0359933483476786
2026-05-28,2026-05-28 11:40:11,V012,113.0,1.0311516799722467
2026-05-28,2026-05-28 11:40:12,V012,115.0,1.0319301365313494
2026-05-28,2026-05-28 11:40:13,V012,116.0,1.037661622787199
2026-05-28,2026-05-28 11:40:14,V012,116.0,1.0329628685095504
2026-05-28,2026-05-28 11:40:15,V012,116.0,1.0339193015964392
2026-05-28,2026-05-28 11:40:16,V012,117.0,1.1299440871336568
2026-05-28,2026-05-28 11:40:17,V012,117.0,1.069034245736082
2026-05-28,2026-05-28 11:40:18,V012,117.0,1.08019103338224
2026-05-28,2026-05-28 11:40:19,V012,118.0,0.9890423463934078
2026-05-28,2026-05-28 11:40:20,V012,119.0,1.4041775881645426
2026-05-28,2026-05-28 11:40:21,V012,120.0,1.0868476975783607
2026-05-28,2026-05-28 11:40:22,V012,121.0,1.1160492175465861
2026-05-28,2026-05-28 11:40:23,V012,122.0,1.0500780217608003
2026-05-28,2026-05-28 11:40:24,V012,123.0,1.0449172965100968
2026-05-28,2026-05-28 11:40:25,V012,124.0,1.053724760891066
2026-05-28,2026-05-28 11:40:26,V012,125.0,1.015388433515651
2026-05-28,2026-05-28 11:40:27,V012,126.0,1.191012402347536
2026-05-28,2026-05-28 11:40:28,V012,126.0,0.990653229705951
2026-05-28,2026-05-28 11:40:29,V012,126.0,1.093586561941178
2026-05-28,2026-05-28 11:40:30,V012,126.0,1.0244336478506073
2026-05-28,2026-05-28 11:40:31,V012,125.0,1.03091717675987
2026-05-28,2026-05-28 11:40:32,V012,124.0,1.0417373875012554
2026-05-28,2026-05-28 11:40:33,V012,123.0,1.027350222615037
2026-05-28,2026-05-28 11:40:34,V012,123.0,1.0493422812957653
2026-05-28,2026-05-28 11:40:35,V012,123.0,1.0208505675620847
2026-05-28,2026-05-28 11:40:36,V012,123.0,1.241339635556784
2026-05-28,2026-05-28 11:40:37,V012,123.0,1.055314177053718
2026-05-28,2026-05-28 11:40:38,V012,124.0,1.0776315814099036
2026-05-28,2026-05-28 11:40:39,V012,124.0,1.0510370297450633
2026-05-28,2026-05-28 11:40:40,V012,125.0,1.0361855253285852
2026-05-28,2026-05-28 11:40:41,V012,126.0,1.0327006026744485
2026-05-28,2026-05-28 11:40:42,V012,127.0,1.031086557848454
2026-05-28,2026-05-28 11:40:43,V012,127.0,1.0311821944782917
2026-05-28,2026-05-28 11:40:44,V012,128.0,1.020433845266843
2026-05-28,2026-05-28 11:40:45,V012,128.0,1.0562206198458224
2026-05-28,2026-05-28 11:40:46,V012,129.0,1.083132623750051
2026-05-28,2026-05-28 11:40:47,V012,129.0,1.024307440726171
2026-05-28,2026-05-28 11:40:48,V012,129.0,1.0804816270556543
2026-05-28,2026-05-28 11:40:49,V012,129.0,1.0811416972669055
2026-05-28,2026-05-28 11:40:50,V012,129.0,1.0348736935145249
2026-05-28,2026-05-28 11:40:51,V012,129.0,1.1005619518645056
2026-05-28,2026-05-28 11:40:52,V012,128.0,1.08510394847412
2026-05-28,2026-05-28 11:40:53,V012,127.0,1.168805635853437
2026-05-28,2026-05-28 11:40:54,V012,127.0,1.0322673985647028
2026-05-28,2026-05-28 11:40:55,V012,127.0,1.0910741668501192
2026-05-28,2026-05-28 11:40:56,V012,127.0,1.0698338791729105
2026-05-28,2026-05-28 11:40:57,V012,127.0,1.0410916460436506
2026-05-28,2026-05-28 11:40:58,V012,127.0,1.029465310444452
2026-05-28,2026-05-28 11:40:59,V012,128.0,1.0169326057522288
2026-05-28,2026-05-28 11:41:00,V012,128.0,1.0577233854115522
2026-05-28,2026-05-28 11:41:01,V012,128.0,1.073627697122161
2026-05-28,2026-05-28 11:41:02,V012,128.0,1.0727064119445944
2026-05-28,2026-05-28 11:41:03,V012,128.0,1.0708762881751843
2026-05-28,2026-05-28 11:41:04,V012,128.0,1.039481343385311
2026-05-28,2026-05-28 11:41:05,V012,127.0,1.0766116304398459
2026-05-28,2026-05-28 11:41:06,V012,127.0,1.0593749190095048
2026-05-28,2026-05-28 11:41:07,V012,127.0,1.025703408036021
2026-05-28,2026-05-28 11:41:08,V012,126.0,1.0567595030570676
2026-05-28,2026-05-28 11:41:09,V012,126.0,1.0714311242102705
2026-05-28,2026-05-28 11:41:10,V012,126.0,1.099057842866159
2026-05-28,2026-05-28 11:41:11,V012,127.0,1.0631729490818858
2026-05-28,2026-05-28 11:41:12,V012,127.0,1.0461214640380203
2026-05-28,2026-05-28 11:41:13,V012,127.0,1.0382372973956855
2026-05-28,2026-05-28 11:41:14,V012,127.0,1.045547710131131
2026-05-28,2026-05-28 11:41:15,V012,127.0,1.0587729573561078
2026-05-28,2026-05-28 11:41:16,V012,126.0,1.0734851464000015
2026-05-28,2026-05-28 11:41:17,V012,126.0,1.0896166860852046
2026-05-28,2026-05-28 11:41:18,V012,126.0,1.0575155392406441
2026-05-28,2026-05-28 11:41:19,V012,125.0,1.0636600119579336
2026-05-28,2026-05-28 11:41:20,V012,124.0,1.0166317386797303
2026-05-28,2026-05-28 11:41:21,V012,123.0,1.1088515102793837
2026-05-28,2026-05-28 11:41:22,V012,123.0,1.0451146215198015
2026-05-28,2026-05-28 11:41:23,V012,123.0,1.0406983753883325
2026-05-28,2026-05-28 11:41:24,V012,122.0,1.0251342434743969
2026-05-28,2026-05-28 11:41:25,V012,122.0,1.0304812558011716
2026-05-28,2026-05-28 11:41:26,V012,121.0,1.0370905443965013
2026-05-28,2026-05-28 11:41:27,V012,121.0,1.0357574336817457
2026-05-28,2026-05-28 11:41:28,V012,121.0,1.045344865368665
2026-05-28,2026-05-28 11:41:29,V012,121.0,1.0332391490032728
2026-05-28,2026-05-28 11:41:30,V012,121.0,1.0321675382273947
2026-05-28,2026-05-28 11:41:31,V012,121.0,1.0352931421984115
2026-05-28,2026-05-28 11:41:32,V012,120.0,1.0029681078868014
2026-05-28,2026-05-28 11:41:33,V012,120.0,1.0585101707888709
2026-05-28,2026-05-28 11:41:34,V012,120.0,1.0696990937036837
2026-05-28,2026-05-28 11:41:35,V012,120.0,1.0425912720726862
2026-05-28,2026-05-28 11:41:36,V012,121.0,1.0371818767906156
2026-05-28,2026-05-28 11:41:37,V012,121.0,1.0319243472230497
2026-05-28,2026-05-28 11:41:38,V012,121.0,1.0695248486866613
2026-05-28,2026-05-28 11:41:39,V012,122.0,1.0712805407764012
2026-05-28,2026-05-28 11:41:40,V012,123.0,1.081586052256254
2026-05-28,2026-05-28 11:41:41,V012,124.0,1.0801545560901027
2026-05-28,2026-05-28 11:41:42,V012,124.0,1.0972666398603612
2026-05-28,2026-05-28 11:41:43,V012,125.0,1.0723382630059262
2026-05-28,2026-05-28 11:41:44,V012,126.0,1.0122373934127422
2026-05-28,2026-05-28 11:41:45,V012,124.0,1.0555028767790815
2026-05-28,2026-05-28 11:41:46,V012,123.0,1.0760130689955345
2026-05-28,2026-05-28 11:41:47,V012,123.0,1.0769225662366573
2026-05-28,2026-05-28 11:41:48,V012,122.0,1.0514816803265772
2026-05-28,2026-05-28 11:41:49,V012,122.0,1.033588493422812
2026-05-28,2026-05-28 11:41:50,V012,121.0,1.0578735410532816
2026-05-28,2026-05-28 11:41:51,V012,121.0,1.0479577975497782
2026-05-28,2026-05-28 11:41:52,V012,122.0,0.982069255404455
2026-05-28,2026-05-28 11:41:53,V012,122.0,1.0904036866075517
2026-05-28,2026-05-28 11:41:54,V012,121.0,1.019845683456023
2026-05-28,2026-05-28 11:41:55,V012,121.0,1.06604055392605
2026-05-28,2026-05-28 11:41:56,V012,121.0,1.0168739217990592
2026-05-28,2026-05-28 11:41:57,V012,121.0,1.0178372845250316
2026-05-28,2026-05-28 11:41:58,V012,120.0,1.0220985349145166
2026-05-28,2026-05-28 11:41:59,V012,120.0,1.0179488338382279
2026-05-28,2026-05-28 11:42:00,V012,119.0,1.0214301964895176
2026-05-28,2026-05-28 11:42:01,V012,119.0,1.0204900759106543
2026-05-28,2026-05-28 11:42:02,V012,119.0,1.0199746091872577
2026-05-28,2026-05-28 11:42:03,V012,119.0,1.022439252356772
2026-05-28,2026-05-28 11:42:04,V012,119.0,1.0356969099651883
2026-05-28,2026-05-28 11:42:05,V012,119.0,0.9964407906498951
2026-05-28,2026-05-28 11:42:06,V012,119.0,1.0200081656850324
2026-05-28,2026-05-28 11:42:07,V012,119.0,1.0211499474337653
2026-05-28,2026-05-28 11:42:08,V012,119.0,1.0262551316858493
2026-05-28,2026-05-28 11:42:09,V012,120.0,1.016736534586544
2026-05-28,2026-05-28 11:42:10,V012,120.0,1.0190272894361891
2026-05-28,2026-05-28 11:42:11,V012,120.0,1.018566434736653
2026-05-28,2026-05-28 11:42:12,V012,120.0,1.022369207003314
2026-05-28,2026-05-28 11:42:13,V012,120.0,1.0145245234918039
2026-05-28,2026-05-28 11:42:14,V012,120.0,1.0288503925930665
2026-05-28,2026-05-28 11:42:15,V012,120.0,1.0143858592291364
2026-05-28,2026-05-28 11:42:16,V012,120.0,1.026001828753229
2026-05-28,2026-05-28 11:42:17,V012,120.0,1.0199243206571753
2026-05-28,2026-05-28 11:42:18,V012,120.0,1.022937807752037
2026-05-28,2026-05-28 11:42:19,V012,120.0,1.0159951809737862
2026-05-28,2026-05-28 11:42:20,V012,120.0,1.0250213780486608
2026-05-28,2026-05-28 11:42:21,V012,120.0,1.0258649371990674
2026-05-28,2026-05-28 11:42:22,V012,120.0,1.0214930814094259
2026-05-28,2026-05-28 11:42:23,V012,121.0,1.025605111270488
2026-05-28,2026-05-28 11:42:24,V012,120.0,1.0207407936898925
2026-05-28,2026-05-28 11:42:25,V012,120.0,1.018820921925401
2026-05-28,2026-05-28 11:42:26,V012,120.0,1.0235736266229587
2026-05-28,2026-05-28 11:42:27,V012,120.0,1.0106613101590405
2026-05-28,2026-05-28 11:42:28,V012,119.0,1.0373941479829765
2026-05-28,2026-05-28 11:42:29,V012,119.0,1.013939581675401
2026-05-28,2026-05-28 11:42:30,V012,119.0,1.0138021103494754
2026-05-28,2026-05-28 11:42:31,V012,119.0,1.0194196791118504
2026-05-28,2026-05-28 11:42:32,V012,118.0,1.0247999788451028
2026-05-28,2026-05-28 11:42:33,V012,118.0,1.0191470682887178
2026-05-28,2026-05-28 11:42:34,V012,118.0,1.020927130507939
2026-05-28,2026-05-28 11:42:35,V012,118.0,1.011049547591124
2026-05-28,2026-05-28 11:42:36,V012,119.0,1.1122570832908465
2026-05-28,2026-05-28 11:42:37,V012,119.0,1.0410856882004247
2026-05-28,2026-05-28 11:42:38,V012,119.0,1.011086072726119
2026-05-28,2026-05-28 11:42:39,V012,119.0,1.070314354576514
2026-05-28,2026-05-28 11:42:40,V012,119.0,1.0983393658072786
2026-05-28,2026-05-28 11:42:41,V012,119.0,1.0416908347874148
2026-05-28,2026-05-28 11:42:42,V012,119.0,1.080293632384332
2026-05-28,2026-05-28 11:42:43,V012,118.0,1.0354533405763002
2026-05-28,2026-05-28 11:42:44,V012,118.0,1.0299579692587792
2026-05-28,2026-05-28 11:42:45,V012,118.0,1.0319631256893567
2026-05-28,2026-05-28 11:42:46,V012,118.0,1.033194945961818
2026-05-28,2026-05-28 11:42:47,V012,118.0,1.0302260825543208
2026-05-28,2026-05-28 11:42:48,V012,118.0,1.0324188655175492
2026-05-28,2026-05-28 11:42:49,V012,118.0,1.032299277590907
2026-05-28,2026-05-28 11:42:50,V012,118.0,1.0303591884226087
2026-05-28,2026-05-28 11:42:51,V012,117.0,1.0320470502478778
2026-05-28,2026-05-28 11:42:52,V012,117.0,1.0310749145487408
2026-05-28,2026-05-28 11:42:53,V012,116.0,1.0317031916327613
2026-05-28,2026-05-28 11:42:54,V012,115.0,1.0307684660994212
2026-05-28,2026-05-28 11:42:55,V012,115.0,1.0330621705210394
2026-05-28,2026-05-28 11:42:56,V012,114.0,1.0312753529408725
2026-05-28,2026-05-28 11:42:57,V012,114.0,1.0321054247151218
2026-05-28,2026-05-28 11:42:58,V012,114.0,1.032052610870611
2026-05-28,2026-05-28 11:42:59,V012,113.0,1.0305746535415239
2026-05-28,2026-05-28 11:43:00,V012,113.0,1.0317774222802976
2026-05-28,2026-05-28 11:43:01,V012,113.0,1.0323260488433799
2026-05-28,2026-05-28 11:43:02,V012,113.0,1.0316508798464117
2026-05-28,2026-05-28 11:43:03,V012,113.0,1.0308491059542468
2026-05-28,2026-05-28 11:43:04,V012,112.0,1.0317492781031115
2026-05-28,2026-05-28 11:43:05,V012,112.0,1.0314584173424106
2026-05-28,2026-05-28 11:43:06,V012,112.0,1.032581226662333
2026-05-28,2026-05-28 11:43:07,V012,112.0,1.0310519762393924
2026-05-28,2026-05-28 11:43:08,V012,112.0,1.0312798346711465
2026-05-28,2026-05-28 11:43:09,V012,112.0,1.0321903367105223
2026-05-28,2026-05-28 11:43:10,V012,112.0,1.0319699023441038
2026-05-28,2026-05-28 11:43:11,V012,111.0,1.0311334706806967
2026-05-28,2026-05-28 11:43:12,V012,111.0,1.0323851551486745
2026-05-28,2026-05-28 11:43:13,V012,111.0,1.03092203058056
2026-05-28,2026-05-28 11:43:14,V012,111.0,1.0323692662361843
2026-05-28,2026-05-28 11:43:15,V012,111.0,1.0316192865445926
2026-05-28,2026-05-28 11:43:16,V012,110.0,1.0311203652429524
2026-05-28,2026-05-28 11:43:17,V012,111.0,1.031591461599817
2026-05-28,2026-05-28 11:43:18,V012,111.0,1.031795950023867
2026-05-28,2026-05-28 11:43:19,V012,111.0,1.0308687265159335
2026-05-28,2026-05-28 11:43:20,V012,112.0,1.0319043828166246
2026-05-28,2026-05-28 11:43:21,V012,112.0,1.031729091729329
2026-05-28,2026-05-28 11:43:22,V012,112.0,1.0310795077186854
2026-05-28,2026-05-28 11:43:23,V012,112.0,1.032414018157252
2026-05-28,2026-05-28 11:43:24,V012,112.0,1.0313763662112367
2026-05-28,2026-05-28 11:43:25,V012,111.0,1.0321172669474368
2026-05-28,2026-05-28 11:43:26,V012,111.0,1.0316033844904577
2026-05-28,2026-05-28 11:43:27,V012,111.0,1.0322794173272805
2026-05-28,2026-05-28 11:43:28,V012,112.0,1.030647595395854
2026-05-28,2026-05-28 11:43:29,V012,112.0,1.0315914640371016
2026-05-28,2026-05-28 11:43:30,V012,112.0,1.031174093058478
2026-05-28,2026-05-28 11:43:31,V012,113.0,1.0311331217296167
2026-05-28,2026-05-28 11:43:32,V012,114.0,1.0317386965698312
2026-05-28,2026-05-28 11:43:33,V012,114.0,1.0318258232405355
2026-05-28,2026-05-28 11:43:34,V012,114.0,1.0313990592196756
2026-05-28,2026-05-28 11:43:35,V012,113.0,1.0316269362088701
2026-05-28,2026-05-28 11:43:36,V012,113.0,1.0322009036513038
2026-05-28,2026-05-28 11:43:37,V012,112.0,1.032628486654771
2026-05-28,2026-05-28 11:43:38,V012,111.0,1.0318128748107187
2026-05-28,2026-05-28 11:43:39,V012,110.0,1.0320230686859464
2026-05-28,2026-05-28 11:43:40,V012,110.0,1.0320173233033423
2026-05-28,2026-05-28 11:43:41,V012,109.0,1.0326275705910966
2026-05-28,2026-05-28 11:43:42,V012,110.0,1.0307443542649803
2026-05-28,2026-05-28 11:43:43,V012,110.0,1.0325697568919936
2026-05-28,2026-05-28 11:43:44,V012,110.0,1.0310515314513047
2026-05-28,2026-05-28 11:43:45,V012,110.0,1.0307965084729107
2026-05-28,2026-05-28 11:43:46,V012,110.0,1.0325119069283388
2026-05-28,2026-05-28 11:43:47,V012,109.0,1.0315545234133685
2026-05-28,2026-05-28 11:43:48,V012,107.0,1.0315492077801662
2026-05-28,2026-05-28 11:43:49,V012,107.0,1.0313110359058848
2026-05-28,2026-05-28 11:43:50,V012,107.0,1.0316670844817182
2026-05-28,2026-05-28 11:43:51,V012,108.0,1.0313099761178963
2026-05-28,2026-05-28 11:43:52,V012,109.0,1.0313633532384088
2026-05-28,2026-05-28 11:43:53,V012,110.0,1.0318240910293919
2026-05-28,2026-05-28 11:43:54,V012,110.0,1.0321123141048347
2026-05-28,2026-05-28 11:43:55,V012,110.0,1.0313289050293935
2026-05-28,2026-05-28 11:43:56,V012,110.0,1.032574590106939
2026-05-28,2026-05-28 11:43:57,V012,109.0,1.0321196903452075
2026-05-28,2026-05-28 11:43:58,V012,108.0,1.031247511393768
2026-05-28,2026-05-28 11:43:59,V012,108.0,1.031916662057118
2026-05-28,2026-05-28 11:44:00,V012,107.0,1.0320537926884354
2026-05-28,2026-05-28 11:44:01,V012,108.0,1.0314361368310725
2026-05-28,2026-05-28 11:44:02,V012,108.0,1.0316998419815913
2026-05-28,2026-05-28 11:44:03,V012,109.0,1.0326307417641498
2026-05-28,2026-05-28 11:44:04,V012,110.0,1.0309786086121595
2026-05-28,2026-05-28 11:44:05,V012,110.0,1.0318441630456703
2026-05-28,2026-05-28 11:44:06,V012,110.0,1.0323090010657405
2026-05-28,2026-05-28 11:44:07,V012,109.0,1.0317147878116577
2026-05-28,2026-05-28 11:44:08,V012,108.0,1.0322193697822293
2026-05-28,2026-05-28 11:44:09,V012,107.0,1.0325089818375204
2026-05-28,2026-05-28 11:44:10,V012,107.0,1.032015070769501
2026-05-28,2026-05-28 11:44:11,V012,107.0,1.0325224735111054
2026-05-28,2026-05-28 11:44:12,V012,108.0,1.0319248571030304
2026-05-28,2026-05-28 11:44:13,V012,109.0,1.0315765528583618
2026-05-28,2026-05-28 11:44:14,V012,109.0,1.0319057261303988
2026-05-28,2026-05-28 11:44:15,V012,110.0,1.0329457989226583
2026-05-28,2026-05-28 11:44:16,V012,109.0,1.0320930781125632
2026-05-28,2026-05-28 11:44:17,V012,109.0,1.032640205832209
2026-05-28,2026-05-28 11:44:18,V012,109.0,1.032087023900641
2026-05-28,2026-05-28 11:44:19,V012,107.0,1.0326162868635893
2026-05-28,2026-05-28 11:44:20,V012,105.0,1.032299653423255
2026-05-28,2026-05-28 11:44:21,V012,104.0,1.03118414616221
2026-05-28,2026-05-28 11:44:22,V012,102.0,1.0321775383230367
2026-05-28,2026-05-28 11:44:23,V012,103.0,1.0810259076167232
2026-05-28,2026-05-28 11:44:24,V012,103.0,1.000801451384165
2026-05-28,2026-05-28 11:44:25,V012,105.0,1.0380674091111657
2026-05-28,2026-05-28 11:44:26,V012,106.0,1.0297724299903994
2026-05-28,2026-05-28 11:44:27,V012,107.0,1.0286510320821756
2026-05-28,2026-05-28 11:44:28,V012,108.0,1.0301976744124655
2026-05-28,2026-05-28 11:44:29,V012,109.0,1.0290848995169097
2026-05-28,2026-05-28 11:44:30,V012,110.0,1.0284999205170937
2026-05-28,2026-05-28 11:44:31,V012,111.0,1.0560484867991011
2026-05-28,2026-05-28 11:44:32,V012,111.0,1.039986438325524
2026-05-28,2026-05-28 11:44:33,V012,112.0,1.0523640108226016
2026-05-28,2026-05-28 11:44:34,V012,112.0,1.0625671577503688
2026-05-28,2026-05-28 11:44:35,V012,113.0,1.134990679418765
2026-05-28,2026-05-28 11:44:36,V012,113.0,1.0744993724120502
2026-05-28,2026-05-28 11:44:37,V012,113.0,1.0791073186842621
2026-05-28,2026-05-28 11:44:38,V012,114.0,1.0354427807932487
2026-05-28,2026-05-28 11:44:39,V012,114.0,1.0662197389260675
2026-05-28,2026-05-28 11:44:40,V012,114.0,1.0628888136502546
2026-05-28,2026-05-28 11:44:41,V012,115.0,1.0062601122095804
2026-05-28,2026-05-28 11:44:42,V012,115.0,1.0336106115993047
2026-05-28,2026-05-28 11:44:43,V012,115.0,1.0592294165038674
2026-05-28,2026-05-28 11:44:44,V012,116.0,1.1591795706475763
2026-05-28,2026-05-28 11:44:45,V012,117.0,1.0797205395918306
2026-05-28,2026-05-28 11:44:46,V012,118.0,1.015892787472966
2026-05-28,2026-05-28 11:44:47,V012,119.0,1.1064561295253017
2026-05-28,2026-05-28 11:44:48,V012,120.0,1.016280098308842
2026-05-28,2026-05-28 11:44:49,V012,120.0,1.082781212173438
2026-05-28,2026-05-28 11:44:50,V012,120.0,1.023916510489991
2026-05-28,2026-05-28 11:44:51,V012,121.0,1.1165970748869742
2026-05-28,2026-05-28 11:44:52,V012,122.0,1.1013667380877117
2026-05-28,2026-05-28 11:44:53,V012,121.0,1.0823494511016813
2026-05-28,2026-05-28 11:44:54,V012,121.0,1.0117799295454182
2026-05-28,2026-05-28 11:44:55,V012,121.0,1.0240606695187713
2026-05-28,2026-05-28 11:44:56,V012,121.0,1.0593004027234127
2026-05-28,2026-05-28 11:44:57,V012,122.0,1.0257979799166088
2026-05-28,2026-05-28 11:44:58,V012,123.0,1.0395401439684344
2026-05-28,2026-05-28 11:44:59,V012,124.0,1.0266987442234012
2026-05-28,2026-05-28 11:45:00,V012,125.0,1.030861914620183
2026-05-28,2026-05-28 11:45:01,V012,125.0,1.0296484651798
2026-05-28,2026-05-28 11:45:02,V012,125.0,1.049276308624896
2026-05-28,2026-05-28 11:45:03,V012,126.0,1.015458256215731
2026-05-28,2026-05-28 11:45:04,V012,126.0,1.0255042171747877
2026-05-28,2026-05-28 11:45:05,V012,126.0,1.0300682457185097
2026-05-28,2026-05-28 11:45:06,V012,126.0,1.0267467861492963
2026-05-28,2026-05-28 11:45:07,V012,125.0,1.0307043884317468
2026-05-28,2026-05-28 11:45:08,V012,125.0,1.0290827316002291
2026-05-28,2026-05-28 11:45:09,V012,125.0,1.0271137727888766
2026-05-28,2026-05-28 11:45:10,V012,125.0,1.02993516642482
2026-05-28,2026-05-28 11:45:11,V012,125.0,1.028391360803915
2026-05-28,2026-05-28 11:45:12,V012,125.0,1.0310827277324586
2026-05-28,2026-05-28 11:45:13,V012,124.0,1.0269857992028442
2026-05-28,2026-05-28 11:45:14,V012,124.0,1.0291216177729254
2026-05-28,2026-05-28 11:45:15,V012,124.0,1.0372638830725562
2026-05-28,2026-05-28 11:45:16,V012,124.0,0.9865982199063217
2026-05-28,2026-05-28 11:45:17,V012,123.0,1.5241659804451386
2026-05-28,2026-05-28 11:45:18,V012,122.0,1.1187898780013312
2026-05-28,2026-05-28 11:45:19,V012,121.0,1.091163339694427
2026-05-28,2026-05-28 11:45:20,V012,120.0,1.0166213798618449
2026-05-28,2026-05-28 11:45:21,V012,119.0,1.1240922692248103
2026-05-28,2026-05-28 11:45:22,V012,118.0,1.0011447570225578
2026-05-28,2026-05-28 11:45:23,V012,116.0,1.0194878459275265
2026-05-28,2026-05-28 11:45:24,V012,115.0,0.9716099908625867
2026-05-28,2026-05-28 11:45:25,V012,115.0,1.115087146510647
2026-05-28,2026-05-28 11:45:26,V012,115.0,1.025856120437975
2026-05-28,2026-05-28 11:45:27,V012,115.0,1.0496487136217592
2026-05-28,2026-05-28 11:45:28,V012,115.0,1.0854702863126182
2026-05-28,2026-05-28 11:45:29,V012,115.0,1.088858797769316
2026-05-28,2026-05-28 11:45:30,V012,115.0,1.1094168684148404
2026-05-28,2026-05-28 11:45:31,V012,114.0,1.0432045428688028
2026-05-28,2026-05-28 11:45:32,V012,114.0,1.3528695235043948
2026-05-28,2026-05-28 11:45:33,V012,114.0,1.3703454279565506
2026-05-28,2026-05-28 11:45:34,V012,114.0,1.2419266577863628
2026-05-28,2026-05-28 11:45:35,V012,114.0,1.1008558063267564
2026-05-28,2026-05-28 11:45:36,V012,114.0,1.1210068812544338
2026-05-28,2026-05-28 11:45:37,V012,115.0,1.1518913087919236
2026-05-28,2026-05-28 11:45:38,V012,115.0,1.067074787289511
2026-05-28,2026-05-28 11:45:39,V012,116.0,0.9850383499051238
2026-05-28,2026-05-28 11:45:40,V012,117.0,1.057221931154086
2026-05-28,2026-05-28 11:45:41,V012,118.0,1.0743866670192241
2026-05-28,2026-05-28 11:45:42,V012,118.0,1.0049838178880295
2026-05-28,2026-05-28 11:45:43,V012,117.0,1.1238190927291842
2026-05-28,2026-05-28 11:45:44,V012,117.0,1.0426311646452777
2026-05-28,2026-05-28 11:45:45,V012,116.0,1.0503697069010234
2026-05-28,2026-05-28 11:45:46,V012,115.0,1.0480258726111567
2026-05-28,2026-05-28 11:45:47,V012,115.0,1.0414492363850065
2026-05-28,2026-05-28 11:45:48,V012,114.0,1.0296161671855053
2026-05-28,2026-05-28 11:45:49,V012,114.0,1.0327301920961414
2026-05-28,2026-05-28 11:45:50,V012,114.0,1.028321612636007
2026-05-28,2026-05-28 11:45:51,V012,114.0,1.0236448491291676
2026-05-28,2026-05-28 11:45:52,V012,114.0,1.0420424407321176
2026-05-28,2026-05-28 11:45:53,V012,114.0,1.0307940805587545
2026-05-28,2026-05-28 11:45:54,V012,115.0,1.0280846464103706
2026-05-28,2026-05-28 11:45:55,V012,115.0,1.0288008576990526
2026-05-28,2026-05-28 11:45:56,V012,116.0,1.0305353741286212
2026-05-28,2026-05-28 11:45:57,V012,117.0,1.0335449651253992
2026-05-28,2026-05-28 11:45:58,V012,118.0,1.0266691658155216
2026-05-28,2026-05-28 11:45:59,V012,119.0,1.0336032730211475
2026-05-28,2026-05-28 11:46:00,V012,119.0,1.0302731445805382
2026-05-28,2026-05-28 11:46:01,V012,120.0,1.0239393695158827
2026-05-28,2026-05-28 11:46:02,V012,120.0,1.048287175093039
2026-05-28,2026-05-28 11:46:03,V012,120.0,1.0366311487262165
2026-05-28,2026-05-28 11:46:04,V012,120.0,1.0244753460392015
2026-05-28,2026-05-28 11:46:05,V012,120.0,1.0301077531172924
2026-05-28,2026-05-28 11:46:06,V012,119.0,1.0296036194773996
2026-05-28,2026-05-28 11:46:07,V012,119.0,1.0303277023330868
2026-05-28,2026-05-28 11:46:08,V012,119.0,1.0306042146344514
2026-05-28,2026-05-28 11:46:09,V012,118.0,1.0295021744552484
2026-05-28,2026-05-28 11:46:10,V012,118.0,1.0304227356035474
2026-05-28,2026-05-28 11:46:11,V012,118.0,1.0268071397740786
2026-05-28,2026-05-28 11:46:12,V012,117.0,1.0325715809395375
2026-05-28,2026-05-28 11:46:13,V012,117.0,1.0314377738184985
2026-05-28,2026-05-28 11:46:14,V012,116.0,1.030929155124229
2026-05-28,2026-05-28 11:46:15,V012,116.0,1.0322577164944737
2026-05-28,2026-05-28 11:46:16,V012,115.0,1.0303054256625348
2026-05-28,2026-05-28 11:46:17,V012,114.0,1.0248178540864208
2026-05-28,2026-05-28 11:46:18,V012,113.0,1.0370835887754553
2026-05-28,2026-05-28 11:46:19,V012,112.0,1.0267874822244207
2026-05-28,2026-05-28 11:46:20,V012,112.0,1.0235843629770824
2026-05-28,2026-05-28 11:46:21,V012,112.0,1.1002351871995488
2026-05-28,2026-05-28 11:46:22,V012,112.0,1.0408980820379534
2026-05-28,2026-05-28 11:46:23,V012,113.0,1.0998939459681
2026-05-28,2026-05-28 11:46:24,V012,113.0,1.0843957322575284
2026-05-28,2026-05-28 11:46:25,V012,114.0,1.0692630106520764
2026-05-28,2026-05-28 11:46:26,V012,114.0,1.0334260712244971
2026-05-28,2026-05-28 11:46:27,V012,114.0,1.0754643768262964
2026-05-28,2026-05-28 11:46:28,V012,114.0,1.0602042543461176
2026-05-28,2026-05-28 11:46:29,V012,114.0,1.039169622734453
2026-05-28,2026-05-28 11:46:30,V012,113.0,1.0718757046654146
2026-05-28,2026-05-28 11:46:31,V012,112.0,1.0816667927095696
2026-05-28,2026-05-28 11:46:32,V012,111.0,1.0638612332722004
2026-05-28,2026-05-28 11:46:33,V012,110.0,1.0566414754255617
2026-05-28,2026-05-28 11:46:34,V012,109.0,1.0466394717178298
2026-05-28,2026-05-28 11:46:35,V012,109.0,1.0720748200661867
2026-05-28,2026-05-28 11:46:36,V012,109.0,1.0929007780980935
2026-05-28,2026-05-28 11:46:37,V012,109.0,1.0762521607561888
2026-05-28,2026-05-28 11:46:38,V012,109.0,1.019162015776125
2026-05-28,2026-05-28 11:46:39,V012,109.0,1.0600044090165888
2026-05-28,2026-05-28 11:46:40,V012,109.0,1.0746034850749584
2026-05-28,2026-05-28 11:46:41,V012,109.0,1.08113864875173
2026-05-28,2026-05-28 11:46:42,V012,109.0,1.0636743191120719
2026-05-28,2026-05-28 11:46:43,V012,109.0,1.042762352974632
2026-05-28,2026-05-28 11:46:44,V012,109.0,0.9866679150822217
2026-05-28,2026-05-28 11:46:45,V012,110.0,1.2413822217930797
2026-05-28,2026-05-28 11:46:46,V012,111.0,1.0112641462475438
2026-05-28,2026-05-28 11:46:47,V012,111.0,1.0294408804843571
2026-05-28,2026-05-28 11:46:48,V012,112.0,1.0460895183040932
2026-05-28,2026-05-28 11:46:49,V012,111.0,1.0293479357087134
2026-05-28,2026-05-28 11:46:50,V012,111.0,1.0736339785000264
2026-05-28,2026-05-28 11:46:51,V012,110.0,1.0142848757731469
2026-05-28,2026-05-28 11:46:52,V012,110.0,1.0660338398035616
2026-05-28,2026-05-28 11:46:53,V012,110.0,1.0404879164999095
2026-05-28,2026-05-28 11:46:54,V012,111.0,1.0705320493886066
2026-05-28,2026-05-28 11:46:55,V012,111.0,1.0865075253520116
2026-05-28,2026-05-28 11:46:56,V012,112.0,1.0303035581364997
2026-05-28,2026-05-28 11:46:57,V012,112.0,1.0583732712900449
2026-05-28,2026-05-28 11:46:58,V012,113.0,1.0208396354515414
2026-05-28,2026-05-28 11:46:59,V012,113.0,1.094737494083675
2026-05-28,2026-05-28 11:47:00,V012,114.0,1.0268891020354307
2026-05-28,2026-05-28 11:47:01,V012,114.0,1.0871716461186876
2026-05-28,2026-05-28 11:47:02,V012,115.0,1.02248741285987
2026-05-28,2026-05-28 11:47:03,V012,115.0,1.0326424059155896
2026-05-28,2026-05-28 11:47:04,V012,115.0,1.110742564547142
2026-05-28,2026-05-28 11:47:05,V012,116.0,1.0110995168823627
2026-05-28,2026-05-28 11:47:06,V012,116.0,1.063449080992548
2026-05-28,2026-05-28 11:47:07,V012,116.0,1.0607043307620843
2026-05-28,2026-05-28 11:47:08,V012,117.0,1.0438956511337076
2026-05-28,2026-05-28 11:47:09,V012,117.0,1.0315967860448405
2026-05-28,2026-05-28 11:47:10,V012,118.0,1.0017512526183103
2026-05-28,2026-05-28 11:47:11,V012,117.0,1.061684792763806
2026-05-28,2026-05-28 11:47:12,V012,117.0,1.024821737349915
2026-05-28,2026-05-28 11:47:13,V012,118.0,1.1823168007129907
2026-05-28,2026-05-28 11:47:14,V012,119.0,1.047464096916531
2026-05-28,2026-05-28 11:47:15,V012,119.0,1.0493870090329023
2026-05-28,2026-05-28 11:47:16,V012,120.0,1.033811589303185
2026-05-28,2026-05-28 11:47:17,V012,120.0,1.2864846663935885
2026-05-28,2026-05-28 11:47:18,V012,120.0,1.0437266245466155
2026-05-28,2026-05-28 11:47:19,V012,120.0,1.0936682831505935
2026-05-28,2026-05-28 11:47:20,V012,119.0,1.5023789421777074
2026-05-28,2026-05-28 11:47:21,V012,119.0,1.3587516577772467
2026-05-28,2026-05-28 11:47:22,V012,118.0,1.5305804300961907
2026-05-28,2026-05-28 11:47:23,V012,117.0,1.888114307638511
2026-05-28,2026-05-28 11:47:24,V012,117.0,1.4239066638038815
2026-05-28,2026-05-28 11:47:25,V012,117.0,1.4077608721898631
2026-05-28,2026-05-28 11:47:26,V012,117.0,1.0269581562489491
2026-05-28,2026-05-28 11:47:27,V012,117.0,1.0522709375701012
2026-05-28,2026-05-28 11:47:28,V012,117.0,0.9928291008396554
2026-05-28,2026-05-28 11:47:29,V012,117.0,1.0408807742716137
2026-05-28,2026-05-28 11:47:30,V012,117.0,1.0230813835811057
2026-05-28,2026-05-28 11:47:31,V012,117.0,1.0368425048661727
2026-05-28,2026-05-28 11:47:32,V012,117.0,1.0489037126182268
2026-05-28,2026-05-28 11:47:33,V012,,1.0230814771647923
2026-05-28,2026-05-28 11:47:34,V012,,1.0454639634726308
2026-05-28,2026-05-28 11:47:35,V012,,1.0378642356947636
2026-05-28,2026-05-28 11:47:36,V012,,1.0479648224612013
2026-05-28,2026-05-28 11:47:37,V012,,1.443292212662992
2026-05-28,2026-05-28 11:47:38,V012,,1.009296176633206
2026-05-28,2026-05-28 11:47:39,V012,,1.0729365974609748
2026-05-28,2026-05-28 11:47:40,V012,,0.9822364802551588
2026-05-28,2026-05-28 11:47:41,V012,,1.0646717696134171
2026-05-28,2026-05-28 11:47:42,V012,,1.0203900415880844
2026-05-28,2026-05-28 11:47:43,V012,,1.2131038919982962
2026-05-28,2026-05-28 11:47:44,V012,,0.985514492559441
2026-05-28,2026-05-28 11:47:45,V012,,0.9838439116457134
2026-05-28,2026-05-28 11:47:46,V012,,0.9797813965588573
2026-05-28,2026-05-28 11:47:47,V012,,0.9831353691555336
2026-05-28,2026-05-28 11:47:48,V012,,1.0055197648811198
2026-05-28,2026-05-28 11:47:49,V012,,0.9480356536245441
2026-05-28,2026-05-28 11:47:50,V012,,0.9811185620658996
2026-05-28,2026-05-28 11:47:51,V012,,1.0316162223824843
2026-05-28,2026-05-28 11:47:52,V012,,0.9994071013656195
2026-05-28,2026-05-28 11:47:53,V012,,0.9848981192187648
2026-05-28,2026-05-28 11:47:54,V012,,0.9985332801204362
2026-05-28,2026-05-28 11:47:55,V012,,1.0134992704674732
2026-05-28,2026-05-28 11:47:56,V012,,0.9793364396098287
2026-05-28,2026-05-28 11:47:57,V012,,0.9973384816225926
2026-05-28,2026-05-28 11:47:58,V012,,0.9421793569442444
2026-05-28,2026-05-28 11:47:59,V012,,1.0062313933624834
2026-05-28,2026-05-28 11:48:00,V012,,0.9592085202950957
2026-05-28,2026-05-28 11:48:01,V012,,0.9953968940987057
2026-05-28,2026-05-28 11:48:02,V012,,0.9842371608752742
2026-05-28,2026-05-28 11:48:03,V012,,0.9953654203626643
2026-05-28,2026-05-28 11:48:04,V012,,0.9923639656425562
2026-05-28,2026-05-28 11:48:05,V012,,0.9726435202161906
2026-05-28,2026-05-28 11:48:06,V012,,0.9654667549465706
2026-05-28,2026-05-28 11:48:07,V012,,0.9859080766677889
2026-05-28,2026-05-28 11:48:08,V012,,0.9727787413133523
2026-05-28,2026-05-28 11:48:09,V012,,0.9841728129217542
2026-05-28,2026-05-28 11:48:10,V012,,0.9840038259740663
2026-05-28,2026-05-28 11:48:11,V012,,0.9591794861018866
2026-05-28,2026-05-28 11:48:12,V012,,0.9801936551351925
2026-05-28,2026-05-28 11:48:13,V012,,1.0422251425801679
2026-05-28,2026-05-28 11:48:14,V012,,0.9860377862607352
2026-05-28,2026-05-28 11:48:15,V012,,0.9842978140054934
2026-05-28,2026-05-28 11:48:16,V012,,0.9906071888605859
2026-05-28,2026-05-28 11:48:17,V012,,0.984990137780453
2026-05-28,2026-05-28 11:48:18,V012,,0.9849744007779244
2026-05-28,2026-05-28 11:48:19,V012,,0.9842660807726632
2026-05-28,2026-05-28 11:48:20,V012,,0.9846445412642623
2026-05-28,2026-05-28 11:48:21,V012,,0.9844023003761463
2026-05-28,2026-05-28 11:48:22,V012,,0.9857806563438267
2026-05-28,2026-05-28 11:48:23,V012,,0.9845301487119935
2026-05-28,2026-05-28 11:48:24,V012,,0.984937579040564
2026-05-28,2026-05-28 11:48:25,V012,,0.984880625521858
2026-05-28,2026-05-28 11:48:26,V012,,0.9848972582320867
2026-05-28,2026-05-28 11:48:27,V012,,0.984984571257529
2026-05-28,2026-05-28 11:48:28,V012,,0.9851948559451053
2026-05-28,2026-05-28 11:48:29,V012,,0.9853724014698825
2026-05-28,2026-05-28 11:48:30,V012,,0.985354100297146
2026-05-28,2026-05-28 11:48:31,V012,,0.9851322283227861
2026-05-28,2026-05-28 11:48:32,V012,,0.9855055502351149
2026-05-28,2026-05-28 11:48:33,V012,,0.9847142210592116
2026-05-28,2026-05-28 11:48:34,V012,,0.984605849278167
2026-05-28,2026-05-28 11:48:35,V012,,0.9849594064649917
2026-05-28,2026-05-28 11:48:36,V012,,0.9851839926042248
2026-05-28,2026-05-28 11:48:37,V012,,0.9851141017216496
2026-05-28,2026-05-28 11:48:38,V012,,0.9848368506262042
2026-05-28,2026-05-28 11:48:39,V012,,0.9853501076292789
2026-05-28,2026-05-28 11:48:40,V012,,0.985421591293816
2026-05-28,2026-05-28 11:48:41,V012,,0.9852485893232364
2026-05-28,2026-05-28 11:48:42,V012,,0.9855012606000205
2026-05-28,2026-05-28 11:48:43,V012,,0.985747768031445
2026-05-28,2026-05-28 11:48:44,V012,,0.9856081495998897
2026-05-28,2026-05-28 11:48:45,V012,,0.98531823938938
2026-05-28,2026-05-28 11:48:46,V012,,0.9852577354036467
2026-05-28,2026-05-28 11:48:47,V012,,0.9852797537320902
2026-05-28,2026-05-28 11:48:48,V012,,0.9852293967810399
2026-05-28,2026-05-28 11:48:49,V012,,0.9852990631737386
2026-05-28,2026-05-28 11:48:50,V012,,0.9851587736352195
2026-05-28,2026-05-28 11:48:51,V012,,0.9854107044943615
2026-05-28,2026-05-28 11:48:52,V012,,0.9854085296370539
2026-05-28,2026-05-28 11:48:53,V012,,0.9855142846067765
2026-05-28,2026-05-28 11:48:54,V012,,0.985572222200363
2026-05-28,2026-05-28 11:48:55,V012,,0.9854704869533348
2026-05-28,2026-05-28 11:48:56,V012,,0.9853768692936626
2026-05-28,2026-05-28 11:48:57,V012,,0.9854417164508095
2026-05-28,2026-05-28 11:48:58,V012,,0.9851916889775182
2026-05-28,2026-05-28 11:48:59,V012,,0.98512596166969
2026-05-28,2026-05-28 11:49:00,V012,,0.9855918726811693
2026-05-28,2026-05-28 11:49:01,V012,,0.9855377207221908
2026-05-28,2026-05-28 11:49:02,V012,,0.9850193691746085
2026-05-28,2026-05-28 11:49:03,V012,,0.9856061265208375
2026-05-28,2026-05-28 11:49:04,V012,,0.9855883954527065
2026-05-28,2026-05-28 11:49:05,V012,,0.9858984874889244
2026-05-28,2026-05-28 11:49:06,V012,,0.9856148552983146
2026-05-28,2026-05-28 11:49:07,V012,,0.9862439652521662
