Date,Timestamp,SensorID,HeartRate,AccNorm
2026-05-28,2026-05-28 10:40:00,V028,105.0,0.9667117801262892
2026-05-28,2026-05-28 10:40:01,V028,106.0,0.9777562638668383
2026-05-28,2026-05-28 10:40:02,V028,107.0,1.0047287413539214
2026-05-28,2026-05-28 10:40:03,V028,107.0,1.0230844241774715
2026-05-28,2026-05-28 10:40:04,V028,107.0,1.0012503114650828
2026-05-28,2026-05-28 10:40:05,V028,107.0,0.9870465437900683
2026-05-28,2026-05-28 10:40:06,V028,107.0,1.0177722184876667
2026-05-28,2026-05-28 10:40:07,V028,107.0,1.0148203836457448
2026-05-28,2026-05-28 10:40:08,V028,106.0,0.9962283683752192
2026-05-28,2026-05-28 10:40:09,V028,107.0,0.9808346129090842
2026-05-28,2026-05-28 10:40:10,V028,106.0,0.9853732069000903
2026-05-28,2026-05-28 10:40:11,V028,106.0,1.0318232701362333
2026-05-28,2026-05-28 10:40:12,V028,106.0,0.9788326104954365
2026-05-28,2026-05-28 10:40:13,V028,106.0,0.9689661411661277
2026-05-28,2026-05-28 10:40:14,V028,106.0,1.0018484579505131
2026-05-28,2026-05-28 10:40:15,V028,105.0,1.050016445889708
2026-05-28,2026-05-28 10:40:16,V028,105.0,1.0645569774551278
2026-05-28,2026-05-28 10:40:17,V028,105.0,1.1550845220683634
2026-05-28,2026-05-28 10:40:18,V028,105.0,0.8591268079654745
2026-05-28,2026-05-28 10:40:19,V028,105.0,0.9891155689001334
2026-05-28,2026-05-28 10:40:20,V028,105.0,0.9807177878696617
2026-05-28,2026-05-28 10:40:21,V028,105.0,0.9929489489461369
2026-05-28,2026-05-28 10:40:22,V028,104.0,0.9655955969089436
2026-05-28,2026-05-28 10:40:23,V028,104.0,0.9712414927471762
2026-05-28,2026-05-28 10:40:24,V028,104.0,0.9736320453393372
2026-05-28,2026-05-28 10:40:25,V028,103.0,0.974375732439738
2026-05-28,2026-05-28 10:40:26,V028,103.0,0.9931481654342732
2026-05-28,2026-05-28 10:40:27,V028,102.0,0.9670134967124914
2026-05-28,2026-05-28 10:40:28,V028,102.0,1.0144540151299053
2026-05-28,2026-05-28 10:40:29,V028,102.0,0.9745202514484513
2026-05-28,2026-05-28 10:40:30,V028,104.0,0.9728816176057415
2026-05-28,2026-05-28 10:40:31,V028,104.0,0.9759419425017206
2026-05-28,2026-05-28 10:40:32,V028,104.0,1.0769472558947046
2026-05-28,2026-05-28 10:40:33,V028,105.0,1.0526269081712964
2026-05-28,2026-05-28 10:40:34,V028,106.0,0.9406821721183516
2026-05-28,2026-05-28 10:40:35,V028,107.0,0.9929840595730217
2026-05-28,2026-05-28 10:40:36,V028,108.0,1.0901577315449704
2026-05-28,2026-05-28 10:40:37,V028,109.0,1.0250456683111584
2026-05-28,2026-05-28 10:40:38,V028,109.0,0.9694891636567786
2026-05-28,2026-05-28 10:40:39,V028,110.0,1.1065145966955081
2026-05-28,2026-05-28 10:40:40,V028,111.0,0.9865003737457222
2026-05-28,2026-05-28 10:40:41,V028,110.0,1.0067543773547558
2026-05-28,2026-05-28 10:40:42,V028,110.0,0.9908008678856186
2026-05-28,2026-05-28 10:40:43,V028,110.0,0.9912836930597014
2026-05-28,2026-05-28 10:40:44,V028,110.0,0.9838107047792581
2026-05-28,2026-05-28 10:40:45,V028,110.0,1.0028435569348715
2026-05-28,2026-05-28 10:40:46,V028,110.0,1.0058486776375648
2026-05-28,2026-05-28 10:40:47,V028,110.0,1.0116498503897604
2026-05-28,2026-05-28 10:40:48,V028,110.0,1.0046152397027113
2026-05-28,2026-05-28 10:40:49,V028,111.0,0.9828520740641804
2026-05-28,2026-05-28 10:40:50,V028,111.0,1.023516511944991
2026-05-28,2026-05-28 10:40:51,V028,112.0,1.012624906784084
2026-05-28,2026-05-28 10:40:52,V028,112.0,0.9863992621516144
2026-05-28,2026-05-28 10:40:53,V028,113.0,0.9548971316031448
2026-05-28,2026-05-28 10:40:54,V028,113.0,0.966941151578929
2026-05-28,2026-05-28 10:40:55,V028,113.0,0.9969341197041792
2026-05-28,2026-05-28 10:40:56,V028,114.0,1.2443282275397838
2026-05-28,2026-05-28 10:40:57,V028,115.0,1.1512382403857464
2026-05-28,2026-05-28 10:40:58,V028,115.0,1.2059336295686907
2026-05-28,2026-05-28 10:40:59,V028,115.0,1.1382958017341385
2026-05-28,2026-05-28 10:41:00,V028,115.0,1.0771988430655997
2026-05-28,2026-05-28 10:41:01,V028,115.0,1.0449733340964822
2026-05-28,2026-05-28 10:41:02,V028,115.0,1.0274486878128783
2026-05-28,2026-05-28 10:41:03,V028,115.0,1.221480479027052
2026-05-28,2026-05-28 10:41:04,V028,116.0,1.0518836294415483
2026-05-28,2026-05-28 10:41:05,V028,117.0,1.1209838551285796
2026-05-28,2026-05-28 10:41:06,V028,117.0,1.1395969116153277
2026-05-28,2026-05-28 10:41:07,V028,118.0,1.0349723520459246
2026-05-28,2026-05-28 10:41:08,V028,119.0,1.0337640386228242
2026-05-28,2026-05-28 10:41:09,V028,120.0,0.9682528514662105
2026-05-28,2026-05-28 10:41:10,V028,121.0,0.9920582483245515
2026-05-28,2026-05-28 10:41:11,V028,122.0,1.0283960905661056
2026-05-28,2026-05-28 10:41:12,V028,123.0,0.9894113957373324
2026-05-28,2026-05-28 10:41:13,V028,125.0,0.9609244617821951
2026-05-28,2026-05-28 10:41:14,V028,125.0,0.9746761236428989
2026-05-28,2026-05-28 10:41:15,V028,126.0,0.9549530453434486
2026-05-28,2026-05-28 10:41:16,V028,127.0,0.9639844390479051
2026-05-28,2026-05-28 10:41:17,V028,127.0,0.9597456470432426
2026-05-28,2026-05-28 10:41:18,V028,127.0,0.9849887668422259
2026-05-28,2026-05-28 10:41:19,V028,128.0,1.1655413132719974
2026-05-28,2026-05-28 10:41:20,V028,128.0,1.213435115780294
2026-05-28,2026-05-28 10:41:21,V028,127.0,1.3548116278442277
2026-05-28,2026-05-28 10:41:22,V028,127.0,1.2150157747070538
2026-05-28,2026-05-28 10:41:23,V028,127.0,1.0379242941704379
2026-05-28,2026-05-28 10:41:24,V028,127.0,1.011214099432341
2026-05-28,2026-05-28 10:41:25,V028,127.0,1.230975415586514
2026-05-28,2026-05-28 10:41:26,V028,127.0,1.1948224834453527
2026-05-28,2026-05-28 10:41:27,V028,127.0,1.0408105352964265
2026-05-28,2026-05-28 10:41:28,V028,127.0,1.1574813501299868
2026-05-28,2026-05-28 10:41:29,V028,128.0,1.1659254572849758
2026-05-28,2026-05-28 10:41:30,V028,129.0,1.0103610900159445
2026-05-28,2026-05-28 10:41:31,V028,130.0,1.0656352763257462
2026-05-28,2026-05-28 10:41:32,V028,130.0,0.9730175760672211
2026-05-28,2026-05-28 10:41:33,V028,130.0,1.1453298711517887
2026-05-28,2026-05-28 10:41:34,V028,131.0,0.9841905069931967
2026-05-28,2026-05-28 10:41:35,V028,132.0,0.9710353010448363
2026-05-28,2026-05-28 10:41:36,V028,132.0,0.9665400058649869
2026-05-28,2026-05-28 10:41:37,V028,132.0,1.0295895608062657
2026-05-28,2026-05-28 10:41:38,V028,132.0,0.961981747544282
2026-05-28,2026-05-28 10:41:39,V028,132.0,0.9933691392554369
2026-05-28,2026-05-28 10:41:40,V028,132.0,1.2000642993829633
2026-05-28,2026-05-28 10:41:41,V028,132.0,1.113124031112432
2026-05-28,2026-05-28 10:41:42,V028,131.0,1.139852499005549
2026-05-28,2026-05-28 10:41:43,V028,130.0,1.1305597283260975
2026-05-28,2026-05-28 10:41:44,V028,130.0,1.2647311834982977
2026-05-28,2026-05-28 10:41:45,V028,130.0,1.2588362733814595
2026-05-28,2026-05-28 10:41:46,V028,130.0,1.1445980515048508
2026-05-28,2026-05-28 10:41:47,V028,129.0,0.9734344879473481
2026-05-28,2026-05-28 10:41:48,V028,129.0,1.2078638679449663
2026-05-28,2026-05-28 10:41:49,V028,129.0,1.1652755245864428
2026-05-28,2026-05-28 10:41:50,V028,130.0,1.1280102116256312
2026-05-28,2026-05-28 10:41:51,V028,130.0,1.036719455205617
2026-05-28,2026-05-28 10:41:52,V028,131.0,1.2142441972199696
2026-05-28,2026-05-28 10:41:53,V028,132.0,1.0985810596796888
2026-05-28,2026-05-28 10:41:54,V028,132.0,0.9457512960784586
2026-05-28,2026-05-28 10:41:55,V028,133.0,1.0254652735689505
2026-05-28,2026-05-28 10:41:56,V028,135.0,1.001690799861699
2026-05-28,2026-05-28 10:41:57,V028,135.0,1.0055983491601592
2026-05-28,2026-05-28 10:41:58,V028,135.0,0.9684539544490237
2026-05-28,2026-05-28 10:41:59,V028,136.0,1.0002050393392832
2026-05-28,2026-05-28 10:42:00,V028,137.0,1.016930811744606
2026-05-28,2026-05-28 10:42:01,V028,137.0,1.3142310636234684
2026-05-28,2026-05-28 10:42:02,V028,138.0,1.0276386514977234
2026-05-28,2026-05-28 10:42:03,V028,138.0,1.1205095162577081
2026-05-28,2026-05-28 10:42:04,V028,139.0,1.1374268911527352
2026-05-28,2026-05-28 10:42:05,V028,139.0,1.0781262927785833
2026-05-28,2026-05-28 10:42:06,V028,139.0,1.1463753661803011
2026-05-28,2026-05-28 10:42:07,V028,140.0,0.9922790947964565
2026-05-28,2026-05-28 10:42:08,V028,141.0,1.191746758175396
2026-05-28,2026-05-28 10:42:09,V028,142.0,1.0654940103345623
2026-05-28,2026-05-28 10:42:10,V028,142.0,1.2718115831831536
2026-05-28,2026-05-28 10:42:11,V028,143.0,1.1515364185938606
2026-05-28,2026-05-28 10:42:12,V028,144.0,1.0554406945192623
2026-05-28,2026-05-28 10:42:13,V028,145.0,0.955731912086199
2026-05-28,2026-05-28 10:42:14,V028,145.0,0.9753880305132474
2026-05-28,2026-05-28 10:42:15,V028,145.0,0.9842299127514309
2026-05-28,2026-05-28 10:42:16,V028,146.0,0.978901443370107
2026-05-28,2026-05-28 10:42:17,V028,147.0,0.975399901296632
2026-05-28,2026-05-28 10:42:18,V028,147.0,0.9798765601636837
2026-05-28,2026-05-28 10:42:19,V028,147.0,0.9830754283378409
2026-05-28,2026-05-28 10:42:20,V028,147.0,0.9848217454720397
2026-05-28,2026-05-28 10:42:21,V028,147.0,0.9791077019818079
2026-05-28,2026-05-28 10:42:22,V028,147.0,1.1948078298446334
2026-05-28,2026-05-28 10:42:23,V028,146.0,1.3660251529176923
2026-05-28,2026-05-28 10:42:24,V028,146.0,1.0833405816979642
2026-05-28,2026-05-28 10:42:25,V028,146.0,1.1718474786825492
2026-05-28,2026-05-28 10:42:26,V028,145.0,0.9768956339789445
2026-05-28,2026-05-28 10:42:27,V028,145.0,1.0224932675046556
2026-05-28,2026-05-28 10:42:28,V028,144.0,1.1682217248654216
2026-05-28,2026-05-28 10:42:29,V028,144.0,0.9585743757498464
2026-05-28,2026-05-28 10:42:30,V028,144.0,1.07522646217997
2026-05-28,2026-05-28 10:42:31,V028,144.0,1.1153829415654373
2026-05-28,2026-05-28 10:42:32,V028,144.0,1.1938481514000374
2026-05-28,2026-05-28 10:42:33,V028,145.0,1.0738721902125414
2026-05-28,2026-05-28 10:42:34,V028,145.0,1.027752552217463
2026-05-28,2026-05-28 10:42:35,V028,145.0,1.027278304087282
2026-05-28,2026-05-28 10:42:36,V028,145.0,1.0910855265847976
2026-05-28,2026-05-28 10:42:37,V028,145.0,1.069335804189605
2026-05-28,2026-05-28 10:42:38,V028,145.0,0.9707516033153839
2026-05-28,2026-05-28 10:42:39,V028,145.0,1.0252189833483294
2026-05-28,2026-05-28 10:42:40,V028,144.0,0.9693182534720769
2026-05-28,2026-05-28 10:42:41,V028,144.0,0.9539949690937497
2026-05-28,2026-05-28 10:42:42,V028,144.0,0.912741517472561
2026-05-28,2026-05-28 10:42:43,V028,144.0,1.0167451597321908
2026-05-28,2026-05-28 10:42:44,V028,144.0,0.9709940089949106
2026-05-28,2026-05-28 10:42:45,V028,144.0,0.9689531609024451
2026-05-28,2026-05-28 10:42:46,V028,144.0,0.9758603158506333
2026-05-28,2026-05-28 10:42:47,V028,144.0,0.9686187682285045
2026-05-28,2026-05-28 10:42:48,V028,144.0,0.9738947211470363
2026-05-28,2026-05-28 10:42:49,V028,144.0,0.9729119580299113
2026-05-28,2026-05-28 10:42:50,V028,145.0,0.9693011139557022
2026-05-28,2026-05-28 10:42:51,V028,145.0,0.969473044809472
2026-05-28,2026-05-28 10:42:52,V028,145.0,0.9702891567826689
2026-05-28,2026-05-28 10:42:53,V028,146.0,0.9747623974692016
2026-05-28,2026-05-28 10:42:54,V028,146.0,0.9714970017392439
2026-05-28,2026-05-28 10:42:55,V028,147.0,0.971398603030692
2026-05-28,2026-05-28 10:42:56,V028,147.0,0.965429867966719
2026-05-28,2026-05-28 10:42:57,V028,147.0,0.9694389055155429
2026-05-28,2026-05-28 10:42:58,V028,147.0,0.9730900161619689
2026-05-28,2026-05-28 10:42:59,V028,147.0,0.9579799765380596
2026-05-28,2026-05-28 10:43:00,V028,147.0,0.9633629233676315
2026-05-28,2026-05-28 10:43:01,V028,147.0,0.9742202995956623
2026-05-28,2026-05-28 10:43:02,V028,146.0,0.9661149745694987
2026-05-28,2026-05-28 10:43:03,V028,146.0,0.9713869085447568
2026-05-28,2026-05-28 10:43:04,V028,145.0,0.9687326662670158
2026-05-28,2026-05-28 10:43:05,V028,144.0,0.9725020097230731
2026-05-28,2026-05-28 10:43:06,V028,144.0,0.9644453114709174
2026-05-28,2026-05-28 10:43:07,V028,144.0,0.9746294690873724
2026-05-28,2026-05-28 10:43:08,V028,143.0,1.0358121285748638
2026-05-28,2026-05-28 10:43:09,V028,142.0,0.9891706807575391
2026-05-28,2026-05-28 10:43:10,V028,142.0,1.0622600247513463
2026-05-28,2026-05-28 10:43:11,V028,141.0,1.0031694227051702
2026-05-28,2026-05-28 10:43:12,V028,141.0,0.9783185761613981
2026-05-28,2026-05-28 10:43:13,V028,140.0,0.973007328938848
2026-05-28,2026-05-28 10:43:14,V028,140.0,0.9733967858350602
2026-05-28,2026-05-28 10:43:15,V028,139.0,0.9776081324960054
2026-05-28,2026-05-28 10:43:16,V028,138.0,0.9754066897127448
2026-05-28,2026-05-28 10:43:17,V028,138.0,0.9722153174146055
2026-05-28,2026-05-28 10:43:18,V028,138.0,0.9627611029360693
2026-05-28,2026-05-28 10:43:19,V028,137.0,0.997920110441889
2026-05-28,2026-05-28 10:43:20,V028,137.0,0.9666537331589766
2026-05-28,2026-05-28 10:43:21,V028,136.0,0.9696882255825096
2026-05-28,2026-05-28 10:43:22,V028,136.0,1.0450251527639327
2026-05-28,2026-05-28 10:43:23,V028,135.0,0.9388019877714059
2026-05-28,2026-05-28 10:43:24,V028,132.0,0.9743783884527287
2026-05-28,2026-05-28 10:43:25,V028,131.0,0.9695359121236196
2026-05-28,2026-05-28 10:43:26,V028,131.0,0.9830662764540745
2026-05-28,2026-05-28 10:43:27,V028,131.0,0.9899686900619477
2026-05-28,2026-05-28 10:43:28,V028,130.0,0.9705508370701916
2026-05-28,2026-05-28 10:43:29,V028,129.0,0.9726851641328306
2026-05-28,2026-05-28 10:43:30,V028,128.0,0.9851990709117355
2026-05-28,2026-05-28 10:43:31,V028,127.0,0.9846127358851823
2026-05-28,2026-05-28 10:43:32,V028,127.0,0.9710840303371328
2026-05-28,2026-05-28 10:43:33,V028,126.0,1.1591450644771846
2026-05-28,2026-05-28 10:43:34,V028,125.0,0.9451586784902657
2026-05-28,2026-05-28 10:43:35,V028,124.0,0.997516734222485
2026-05-28,2026-05-28 10:43:36,V028,124.0,1.0034274630420192
2026-05-28,2026-05-28 10:43:37,V028,124.0,0.9430528352914566
2026-05-28,2026-05-28 10:43:38,V028,124.0,1.0382944222033799
2026-05-28,2026-05-28 10:43:39,V028,124.0,0.9586914249361357
2026-05-28,2026-05-28 10:43:40,V028,123.0,0.9688472285730934
2026-05-28,2026-05-28 10:43:41,V028,123.0,1.020456647963334
2026-05-28,2026-05-28 10:43:42,V028,123.0,1.0220966308308022
2026-05-28,2026-05-28 10:43:43,V028,123.0,0.9541274375103995
2026-05-28,2026-05-28 10:43:44,V028,123.0,1.1486628446342617
2026-05-28,2026-05-28 10:43:45,V028,123.0,0.9258534023892391
2026-05-28,2026-05-28 10:43:46,V028,124.0,0.9977279737525849
2026-05-28,2026-05-28 10:43:47,V028,124.0,1.0256007613247844
2026-05-28,2026-05-28 10:43:48,V028,125.0,0.9905226197909727
2026-05-28,2026-05-28 10:43:49,V028,125.0,0.97984985885555
2026-05-28,2026-05-28 10:43:50,V028,126.0,0.9671480662607571
2026-05-28,2026-05-28 10:43:51,V028,126.0,0.9728434208644716
2026-05-28,2026-05-28 10:43:52,V028,126.0,0.9666459985062624
2026-05-28,2026-05-28 10:43:53,V028,126.0,0.9663597595898545
2026-05-28,2026-05-28 10:43:54,V028,126.0,1.2007406591357137
2026-05-28,2026-05-28 10:43:55,V028,126.0,1.0121973306756684
2026-05-28,2026-05-28 10:43:56,V028,126.0,1.001021198479086
2026-05-28,2026-05-28 10:43:57,V028,126.0,0.9698151480917377
2026-05-28,2026-05-28 10:43:58,V028,125.0,0.9790587504316358
2026-05-28,2026-05-28 10:43:59,V028,124.0,0.9658007329686837
2026-05-28,2026-05-28 10:44:00,V028,124.0,0.9702214444054064
2026-05-28,2026-05-28 10:44:01,V028,123.0,0.9640263596474509
2026-05-28,2026-05-28 10:44:02,V028,122.0,0.9765605218460958
2026-05-28,2026-05-28 10:44:03,V028,122.0,1.0598108090700353
2026-05-28,2026-05-28 10:44:04,V028,123.0,1.2517341814861034
2026-05-28,2026-05-28 10:44:05,V028,123.0,1.0800906204060465
2026-05-28,2026-05-28 10:44:06,V028,123.0,1.1522123263061297
2026-05-28,2026-05-28 10:44:07,V028,123.0,0.9826441515875824
2026-05-28,2026-05-28 10:44:08,V028,123.0,0.9474914818436765
2026-05-28,2026-05-28 10:44:09,V028,122.0,0.9589846260772029
2026-05-28,2026-05-28 10:44:10,V028,122.0,0.9796209328375509
2026-05-28,2026-05-28 10:44:11,V028,122.0,1.1138549635794603
2026-05-28,2026-05-28 10:44:12,V028,122.0,0.8739721776362328
2026-05-28,2026-05-28 10:44:13,V028,122.0,0.9625273158517167
2026-05-28,2026-05-28 10:44:14,V028,123.0,0.9847013571156937
2026-05-28,2026-05-28 10:44:15,V028,122.0,0.9853425654961986
2026-05-28,2026-05-28 10:44:16,V028,122.0,0.9894728997959404
2026-05-28,2026-05-28 10:44:17,V028,122.0,0.9687729231412848
2026-05-28,2026-05-28 10:44:18,V028,122.0,0.9617931604783586
2026-05-28,2026-05-28 10:44:19,V028,121.0,0.963260423983176
2026-05-28,2026-05-28 10:44:20,V028,121.0,0.9832059506388519
2026-05-28,2026-05-28 10:44:21,V028,121.0,0.9878369327071125
2026-05-28,2026-05-28 10:44:22,V028,122.0,0.9642513958366451
2026-05-28,2026-05-28 10:44:23,V028,123.0,1.127316751483665
2026-05-28,2026-05-28 10:44:24,V028,124.0,1.1078769570993394
2026-05-28,2026-05-28 10:44:25,V028,125.0,0.9750110079324484
2026-05-28,2026-05-28 10:44:26,V028,125.0,0.9625499539801298
2026-05-28,2026-05-28 10:44:27,V028,126.0,1.0542516480327753
2026-05-28,2026-05-28 10:44:28,V028,128.0,1.0622691598839247
2026-05-28,2026-05-28 10:44:29,V028,128.0,0.9606905918207147
2026-05-28,2026-05-28 10:44:30,V028,128.0,0.9636564670030973
2026-05-28,2026-05-28 10:44:31,V028,129.0,0.9761352287175143
2026-05-28,2026-05-28 10:44:32,V028,130.0,0.9711629701794454
2026-05-28,2026-05-28 10:44:33,V028,131.0,0.9676333755145567
2026-05-28,2026-05-28 10:44:34,V028,131.0,0.9697585757329771
2026-05-28,2026-05-28 10:44:35,V028,132.0,0.9712489361486377
2026-05-28,2026-05-28 10:44:36,V028,133.0,0.9600737191132613
2026-05-28,2026-05-28 10:44:37,V028,133.0,0.9571833044023662
2026-05-28,2026-05-28 10:44:38,V028,133.0,1.0056433250004926
2026-05-28,2026-05-28 10:44:39,V028,132.0,0.9700201786599225
2026-05-28,2026-05-28 10:44:40,V028,132.0,1.0039451719384747
2026-05-28,2026-05-28 10:44:41,V028,131.0,1.0657829365248408
2026-05-28,2026-05-28 10:44:42,V028,129.0,0.9568749325267355
2026-05-28,2026-05-28 10:44:43,V028,128.0,0.9718021531887752
2026-05-28,2026-05-28 10:44:44,V028,128.0,0.9661482876312529
2026-05-28,2026-05-28 10:44:45,V028,128.0,0.9687230316468443
2026-05-28,2026-05-28 10:44:46,V028,127.0,0.9689984857538758
2026-05-28,2026-05-28 10:44:47,V028,126.0,0.9727229904819293
2026-05-28,2026-05-28 10:44:48,V028,126.0,0.9735215410686701
2026-05-28,2026-05-28 10:44:49,V028,127.0,0.9678722162134109
2026-05-28,2026-05-28 10:44:50,V028,128.0,0.9702402771145976
2026-05-28,2026-05-28 10:44:51,V028,128.0,0.9731695544328329
2026-05-28,2026-05-28 10:44:52,V028,128.0,1.0226353056131416
2026-05-28,2026-05-28 10:44:53,V028,129.0,0.9566425682897648
2026-05-28,2026-05-28 10:44:54,V028,130.0,0.9655797667728175
2026-05-28,2026-05-28 10:44:55,V028,130.0,1.0623251582283608
2026-05-28,2026-05-28 10:44:56,V028,130.0,1.0182322319271633
2026-05-28,2026-05-28 10:44:57,V028,130.0,1.0535466603227588
2026-05-28,2026-05-28 10:44:58,V028,130.0,1.0072606065330163
2026-05-28,2026-05-28 10:44:59,V028,131.0,1.0065655965511464
2026-05-28,2026-05-28 10:45:00,V028,131.0,1.0171241918863667
2026-05-28,2026-05-28 10:45:01,V028,130.0,0.9893893470250861
2026-05-28,2026-05-28 10:45:02,V028,130.0,0.9886501923948746
2026-05-28,2026-05-28 10:45:03,V028,129.0,0.9857057634522907
2026-05-28,2026-05-28 10:45:04,V028,129.0,0.9980110073446076
2026-05-28,2026-05-28 10:45:05,V028,129.0,1.181789972602003
2026-05-28,2026-05-28 10:45:06,V028,128.0,1.2794304638325655
2026-05-28,2026-05-28 10:45:07,V028,128.0,1.0309493040094122
2026-05-28,2026-05-28 10:45:08,V028,127.0,1.1876610017731053
2026-05-28,2026-05-28 10:45:09,V028,127.0,1.2299812583158238
2026-05-28,2026-05-28 10:45:10,V028,127.0,1.2492737794235307
2026-05-28,2026-05-28 10:45:11,V028,127.0,0.9087103164067059
2026-05-28,2026-05-28 10:45:12,V028,127.0,0.9449747808728693
2026-05-28,2026-05-28 10:45:13,V028,128.0,1.0223435986651392
2026-05-28,2026-05-28 10:45:14,V028,128.0,1.051671302599311
2026-05-28,2026-05-28 10:45:15,V028,130.0,0.9603934214177733
2026-05-28,2026-05-28 10:45:16,V028,131.0,0.9774155282923589
2026-05-28,2026-05-28 10:45:17,V028,132.0,1.0314271310231873
2026-05-28,2026-05-28 10:45:18,V028,132.0,0.9667353188374437
2026-05-28,2026-05-28 10:45:19,V028,133.0,1.1330176189870227
2026-05-28,2026-05-28 10:45:20,V028,133.0,0.9961114198969303
2026-05-28,2026-05-28 10:45:21,V028,132.0,0.9921879730326228
2026-05-28,2026-05-28 10:45:22,V028,132.0,1.1233300954384429
2026-05-28,2026-05-28 10:45:23,V028,131.0,1.051910891092892
2026-05-28,2026-05-28 10:45:24,V028,130.0,0.9676938163690054
2026-05-28,2026-05-28 10:45:25,V028,130.0,1.1984528484994226
2026-05-28,2026-05-28 10:45:26,V028,130.0,0.9007907075033066
2026-05-28,2026-05-28 10:45:27,V028,130.0,0.9605592883137611
2026-05-28,2026-05-28 10:45:28,V028,131.0,0.9667726129345888
2026-05-28,2026-05-28 10:45:29,V028,131.0,0.9786393625740075
2026-05-28,2026-05-28 10:45:30,V028,131.0,0.9789184224865222
2026-05-28,2026-05-28 10:45:31,V028,132.0,1.002304690580044
2026-05-28,2026-05-28 10:45:32,V028,132.0,0.9842153176569939
2026-05-28,2026-05-28 10:45:33,V028,133.0,0.9990907166009536
2026-05-28,2026-05-28 10:45:34,V028,133.0,0.9663720151084019
2026-05-28,2026-05-28 10:45:35,V028,134.0,1.0213378123207313
2026-05-28,2026-05-28 10:45:36,V028,135.0,0.9407464159599724
2026-05-28,2026-05-28 10:45:37,V028,136.0,0.9691756929839973
2026-05-28,2026-05-28 10:45:38,V028,136.0,0.9648651715058472
2026-05-28,2026-05-28 10:45:39,V028,136.0,0.9747344499184953
2026-05-28,2026-05-28 10:45:40,V028,137.0,0.9632326665443082
2026-05-28,2026-05-28 10:45:41,V028,138.0,0.9751235601399463
2026-05-28,2026-05-28 10:45:42,V028,138.0,0.9821981040184983
2026-05-28,2026-05-28 10:45:43,V028,138.0,0.9653101059872123
2026-05-28,2026-05-28 10:45:44,V028,138.0,1.0023606809545254
2026-05-28,2026-05-28 10:45:45,V028,138.0,0.967490634358303
2026-05-28,2026-05-28 10:45:46,V028,138.0,1.0784892465971776
2026-05-28,2026-05-28 10:45:47,V028,139.0,0.9622650571929542
2026-05-28,2026-05-28 10:45:48,V028,139.0,0.9755228155203342
2026-05-28,2026-05-28 10:45:49,V028,139.0,0.9794074415151182
2026-05-28,2026-05-28 10:45:50,V028,139.0,0.9784422599321854
2026-05-28,2026-05-28 10:45:51,V028,140.0,0.9828219725214707
2026-05-28,2026-05-28 10:45:52,V028,140.0,1.0008209427048262
2026-05-28,2026-05-28 10:45:53,V028,140.0,0.9456822219023586
2026-05-28,2026-05-28 10:45:54,V028,141.0,1.1902506574210205
2026-05-28,2026-05-28 10:45:55,V028,141.0,1.0468343285524269
2026-05-28,2026-05-28 10:45:56,V028,142.0,0.9921607139800485
2026-05-28,2026-05-28 10:45:57,V028,142.0,1.0226149226001222
2026-05-28,2026-05-28 10:45:58,V028,142.0,0.9890943934494558
2026-05-28,2026-05-28 10:45:59,V028,142.0,0.9985965841337066
2026-05-28,2026-05-28 10:46:00,V028,141.0,1.01107840872535
2026-05-28,2026-05-28 10:46:01,V028,141.0,0.9522980831900776
2026-05-28,2026-05-28 10:46:02,V028,140.0,1.0161763648919078
2026-05-28,2026-05-28 10:46:03,V028,139.0,1.0486947804301086
2026-05-28,2026-05-28 10:46:04,V028,139.0,0.9401570697540179
2026-05-28,2026-05-28 10:46:05,V028,139.0,0.9727253816291658
2026-05-28,2026-05-28 10:46:06,V028,139.0,0.97402064010786
2026-05-28,2026-05-28 10:46:07,V028,139.0,1.1636313721776523
2026-05-28,2026-05-28 10:46:08,V028,139.0,1.0684410397342945
2026-05-28,2026-05-28 10:46:09,V028,138.0,0.99966283296654
2026-05-28,2026-05-28 10:46:10,V028,137.0,0.9953240706573803
2026-05-28,2026-05-28 10:46:11,V028,136.0,1.0006386409169825
2026-05-28,2026-05-28 10:46:12,V028,136.0,1.090001882775859
2026-05-28,2026-05-28 10:46:13,V028,135.0,0.9543091562936707
2026-05-28,2026-05-28 10:46:14,V028,134.0,0.9985248764073597
2026-05-28,2026-05-28 10:46:15,V028,133.0,0.9662897895495148
2026-05-28,2026-05-28 10:46:16,V028,132.0,0.9759805814857765
2026-05-28,2026-05-28 10:46:17,V028,132.0,0.9928427809218714
2026-05-28,2026-05-28 10:46:18,V028,132.0,0.9586439652619397
2026-05-28,2026-05-28 10:46:19,V028,132.0,0.9650623163400397
2026-05-28,2026-05-28 10:46:20,V028,132.0,0.8886116587746828
2026-05-28,2026-05-28 10:46:21,V028,133.0,1.1116866396985647
2026-05-28,2026-05-28 10:46:22,V028,133.0,0.9841721299788768
2026-05-28,2026-05-28 10:46:23,V028,133.0,1.0133467441670896
2026-05-28,2026-05-28 10:46:24,V028,133.0,0.9866441099020531
2026-05-28,2026-05-28 10:46:25,V028,133.0,1.026741916208152
2026-05-28,2026-05-28 10:46:26,V028,133.0,1.0164692327962543
2026-05-28,2026-05-28 10:46:27,V028,132.0,1.0716673692185061
2026-05-28,2026-05-28 10:46:28,V028,132.0,0.9668155369368433
2026-05-28,2026-05-28 10:46:29,V028,132.0,0.9759321771636085
2026-05-28,2026-05-28 10:46:30,V028,132.0,0.9694552844113743
2026-05-28,2026-05-28 10:46:31,V028,133.0,0.9748197687236528
2026-05-28,2026-05-28 10:46:32,V028,133.0,0.9651581573714467
2026-05-28,2026-05-28 10:46:33,V028,134.0,0.9744426746981828
2026-05-28,2026-05-28 10:46:34,V028,134.0,0.959226534061058
2026-05-28,2026-05-28 10:46:35,V028,135.0,1.0030706041002178
2026-05-28,2026-05-28 10:46:36,V028,136.0,0.9958765626560575
2026-05-28,2026-05-28 10:46:37,V028,136.0,1.010367261734276
2026-05-28,2026-05-28 10:46:38,V028,136.0,1.1371954369201394
2026-05-28,2026-05-28 10:46:39,V028,136.0,0.9661266145772727
2026-05-28,2026-05-28 10:46:40,V028,136.0,1.0199550655907672
2026-05-28,2026-05-28 10:46:41,V028,136.0,1.0286024265664917
2026-05-28,2026-05-28 10:46:42,V028,136.0,1.0356618935374076
2026-05-28,2026-05-28 10:46:43,V028,136.0,1.4809071011934891
2026-05-28,2026-05-28 10:46:44,V028,135.0,1.3546141511951573
2026-05-28,2026-05-28 10:46:45,V028,134.0,1.332181145471181
2026-05-28,2026-05-28 10:46:46,V028,134.0,1.3782101159588303
2026-05-28,2026-05-28 10:46:47,V028,134.0,0.8870163560822413
2026-05-28,2026-05-28 10:46:48,V028,134.0,0.9796597985582068
2026-05-28,2026-05-28 10:46:49,V028,133.0,1.2148120802254898
2026-05-28,2026-05-28 10:46:50,V028,133.0,1.4823832820157592
2026-05-28,2026-05-28 10:46:51,V028,133.0,1.0513734181313878
2026-05-28,2026-05-28 10:46:52,V028,133.0,1.0358969197073793
2026-05-28,2026-05-28 10:46:53,V028,133.0,1.026720016703732
2026-05-28,2026-05-28 10:46:54,V028,134.0,0.9657252960607087
2026-05-28,2026-05-28 10:46:55,V028,135.0,0.9693940963204097
2026-05-28,2026-05-28 10:46:56,V028,136.0,0.9688719173997591
2026-05-28,2026-05-28 10:46:57,V028,136.0,0.9791707880726978
2026-05-28,2026-05-28 10:46:58,V028,136.0,1.0127608068891145
2026-05-28,2026-05-28 10:46:59,V028,135.0,0.9054421177330975
2026-05-28,2026-05-28 10:47:00,V028,135.0,1.0089482199276294
2026-05-28,2026-05-28 10:47:01,V028,134.0,1.0731572483589964
2026-05-28,2026-05-28 10:47:02,V028,133.0,1.0069666573877503
2026-05-28,2026-05-28 10:47:03,V028,133.0,0.9833246583312517
2026-05-28,2026-05-28 10:47:04,V028,133.0,1.0104556472311934
2026-05-28,2026-05-28 10:47:05,V028,133.0,0.982834570237686
2026-05-28,2026-05-28 10:47:06,V028,133.0,1.0165292630858818
2026-05-28,2026-05-28 10:47:07,V028,134.0,1.0148272897674286
2026-05-28,2026-05-28 10:47:08,V028,135.0,0.9701703343009536
2026-05-28,2026-05-28 10:47:09,V028,136.0,0.9933736978017835
2026-05-28,2026-05-28 10:47:10,V028,138.0,0.9925199986516736
2026-05-28,2026-05-28 10:47:11,V028,138.0,0.972219286491306
2026-05-28,2026-05-28 10:47:12,V028,138.0,0.9929347774660011
2026-05-28,2026-05-28 10:47:13,V028,139.0,0.9893407969658915
2026-05-28,2026-05-28 10:47:14,V028,140.0,1.0007072459107944
2026-05-28,2026-05-28 10:47:15,V028,141.0,1.0120698170973317
2026-05-28,2026-05-28 10:47:16,V028,142.0,0.9799127798859912
2026-05-28,2026-05-28 10:47:17,V028,142.0,0.9854538064785366
2026-05-28,2026-05-28 10:47:18,V028,142.0,0.9764543581043418
2026-05-28,2026-05-28 10:47:19,V028,141.0,0.9973850563904848
2026-05-28,2026-05-28 10:47:20,V028,141.0,0.9948846706671941
2026-05-28,2026-05-28 10:47:21,V028,140.0,0.9924828562237307
2026-05-28,2026-05-28 10:47:22,V028,140.0,0.9756960485975852
2026-05-28,2026-05-28 10:47:23,V028,139.0,0.9759480939205257
2026-05-28,2026-05-28 10:47:24,V028,137.0,0.9663520160922336
2026-05-28,2026-05-28 10:47:25,V028,136.0,0.9608169092211241
2026-05-28,2026-05-28 10:47:26,V028,136.0,0.9700313077598742
2026-05-28,2026-05-28 10:47:27,V028,134.0,0.9732710688000039
2026-05-28,2026-05-28 10:47:28,V028,131.0,0.9679836413100616
2026-05-28,2026-05-28 10:47:29,V028,130.0,0.9713930363281857
2026-05-28,2026-05-28 10:47:30,V028,130.0,0.9663548170604472
2026-05-28,2026-05-28 10:47:31,V028,129.0,0.9670101180288604
2026-05-28,2026-05-28 10:47:32,V028,128.0,0.9695429962905971
2026-05-28,2026-05-28 10:47:33,V028,127.0,0.9709183548943422
2026-05-28,2026-05-28 10:47:34,V028,127.0,0.9835705151452429
2026-05-28,2026-05-28 10:47:35,V028,128.0,1.0002152416590204
2026-05-28,2026-05-28 10:47:36,V028,128.0,1.005618954734262
2026-05-28,2026-05-28 10:47:37,V028,128.0,0.920193443367779
2026-05-28,2026-05-28 10:47:38,V028,128.0,0.9602878128370597
2026-05-28,2026-05-28 10:47:39,V028,128.0,0.936864913378661
2026-05-28,2026-05-28 10:47:40,V028,127.0,0.9340119899572249
2026-05-28,2026-05-28 10:47:41,V028,127.0,0.9766890426066487
2026-05-28,2026-05-28 10:47:42,V028,126.0,1.0028669679205777
2026-05-28,2026-05-28 10:47:43,V028,127.0,0.9586246803118758
2026-05-28,2026-05-28 10:47:44,V028,129.0,0.9918910483939717
2026-05-28,2026-05-28 10:47:45,V028,130.0,1.0118789435756081
2026-05-28,2026-05-28 10:47:46,V028,130.0,0.9814835975481765
2026-05-28,2026-05-28 10:47:47,V028,130.0,1.0016806191421213
2026-05-28,2026-05-28 10:47:48,V028,131.0,1.013632044683768
2026-05-28,2026-05-28 10:47:49,V028,131.0,0.9816342221562934
2026-05-28,2026-05-28 10:47:50,V028,131.0,1.084610381093137
2026-05-28,2026-05-28 10:47:51,V028,130.0,1.0430178631112188
2026-05-28,2026-05-28 10:47:52,V028,130.0,0.9608915154198312
2026-05-28,2026-05-28 10:47:53,V028,129.0,0.9637381757428375
2026-05-28,2026-05-28 10:47:54,V028,128.0,0.9650712685406501
2026-05-28,2026-05-28 10:47:55,V028,128.0,1.0062679117275148
2026-05-28,2026-05-28 10:47:56,V028,127.0,1.000207925366966
2026-05-28,2026-05-28 10:47:57,V028,126.0,0.9244214825218082
2026-05-28,2026-05-28 10:47:58,V028,126.0,1.02145407942557
2026-05-28,2026-05-28 10:47:59,V028,125.0,0.9641188895283437
2026-05-28,2026-05-28 10:48:00,V028,125.0,1.0303510064607129
2026-05-28,2026-05-28 10:48:01,V028,124.0,0.9843577950938533
2026-05-28,2026-05-28 10:48:02,V028,123.0,1.0140765874362767
2026-05-28,2026-05-28 10:48:03,V028,122.0,1.0456987339096055
2026-05-28,2026-05-28 10:48:04,V028,122.0,1.1475646006760662
2026-05-28,2026-05-28 10:48:05,V028,121.0,0.9568522231841478
2026-05-28,2026-05-28 10:48:06,V028,120.0,1.0446838529893587
2026-05-28,2026-05-28 10:48:07,V028,119.0,1.0193034396353715
2026-05-28,2026-05-28 10:48:08,V028,118.0,0.9957338336273273
2026-05-28,2026-05-28 10:48:09,V028,117.0,0.9799465460148904
2026-05-28,2026-05-28 10:48:10,V028,117.0,1.030281520758127
2026-05-28,2026-05-28 10:48:11,V028,116.0,0.9704118125845425
2026-05-28,2026-05-28 10:48:12,V028,116.0,0.9731384863051629
2026-05-28,2026-05-28 10:48:13,V028,116.0,0.970913576677853
2026-05-28,2026-05-28 10:48:14,V028,116.0,0.9719546245054307
2026-05-28,2026-05-28 10:48:15,V028,116.0,0.9616393492593368
2026-05-28,2026-05-28 10:48:16,V028,115.0,0.9632527282807664
2026-05-28,2026-05-28 10:48:17,V028,115.0,0.9572178810023768
2026-05-28,2026-05-28 10:48:18,V028,115.0,0.9728191059174623
2026-05-28,2026-05-28 10:48:19,V028,114.0,0.9807423423197852
2026-05-28,2026-05-28 10:48:20,V028,114.0,0.9485921843022902
2026-05-28,2026-05-28 10:48:21,V028,115.0,1.009353613231249
2026-05-28,2026-05-28 10:48:22,V028,115.0,1.0770409326656614
2026-05-28,2026-05-28 10:48:23,V028,116.0,1.082602397135128
2026-05-28,2026-05-28 10:48:24,V028,116.0,1.0146739154838498
2026-05-28,2026-05-28 10:48:25,V028,116.0,0.9762834539182393
2026-05-28,2026-05-28 10:48:26,V028,116.0,1.0083865492199844
2026-05-28,2026-05-28 10:48:27,V028,117.0,0.9550879649460263
2026-05-28,2026-05-28 10:48:28,V028,119.0,0.9801220433791434
2026-05-28,2026-05-28 10:48:29,V028,120.0,0.9516463979489915
2026-05-28,2026-05-28 10:48:30,V028,120.0,0.9784925657016443
2026-05-28,2026-05-28 10:48:31,V028,121.0,0.973345962103403
2026-05-28,2026-05-28 10:48:32,V028,122.0,0.9747172853113212
2026-05-28,2026-05-28 10:48:33,V028,123.0,0.9725329106564875
2026-05-28,2026-05-28 10:48:34,V028,124.0,0.9722168687963278
2026-05-28,2026-05-28 10:48:35,V028,124.0,0.9729898621885671
2026-05-28,2026-05-28 10:48:36,V028,124.0,0.9715070531207523
2026-05-28,2026-05-28 10:48:37,V028,123.0,0.9703023229829153
2026-05-28,2026-05-28 10:48:38,V028,123.0,0.9720948360921263
2026-05-28,2026-05-28 10:48:39,V028,123.0,0.9787401507095486
2026-05-28,2026-05-28 10:48:40,V028,123.0,0.9671530679689273
2026-05-28,2026-05-28 10:48:41,V028,123.0,0.9815853225151119
2026-05-28,2026-05-28 10:48:42,V028,122.0,0.9689163001098631
2026-05-28,2026-05-28 10:48:43,V028,122.0,0.9688386393386893
2026-05-28,2026-05-28 10:48:44,V028,122.0,0.9679077737453442
2026-05-28,2026-05-28 10:48:45,V028,122.0,0.9800017003720416
2026-05-28,2026-05-28 10:48:46,V028,122.0,0.9626512594873118
2026-05-28,2026-05-28 10:48:47,V028,123.0,0.9715902186273147
2026-05-28,2026-05-28 10:48:48,V028,126.0,0.9603719478960752
2026-05-28,2026-05-28 10:48:49,V028,127.0,0.9515666832309848
2026-05-28,2026-05-28 10:48:50,V028,127.0,0.9485385916628003
2026-05-28,2026-05-28 10:48:51,V028,128.0,0.9679855694775469
2026-05-28,2026-05-28 10:48:52,V028,129.0,0.9727015795400649
2026-05-28,2026-05-28 10:48:53,V028,128.0,0.968910831390347
2026-05-28,2026-05-28 10:48:54,V028,127.0,0.9697296449909045
2026-05-28,2026-05-28 10:48:55,V028,127.0,0.9641124105281421
2026-05-28,2026-05-28 10:48:56,V028,126.0,0.9728093948556759
2026-05-28,2026-05-28 10:48:57,V028,125.0,0.9703157982259465
2026-05-28,2026-05-28 10:48:58,V028,125.0,0.9787070770153419
2026-05-28,2026-05-28 10:48:59,V028,125.0,0.9639535919546128
2026-05-28,2026-05-28 10:49:00,V028,124.0,0.9670096900902339
2026-05-28,2026-05-28 10:49:01,V028,124.0,0.9677500639130412
2026-05-28,2026-05-28 10:49:02,V028,124.0,0.9668505154228083
2026-05-28,2026-05-28 10:49:03,V028,124.0,0.9733178563113746
2026-05-28,2026-05-28 10:49:04,V028,124.0,0.9627358652870261
2026-05-28,2026-05-28 10:49:05,V028,123.0,0.947907140821531
2026-05-28,2026-05-28 10:49:06,V028,123.0,0.9542988551777845
2026-05-28,2026-05-28 10:49:07,V028,124.0,0.9623312545200383
2026-05-28,2026-05-28 10:49:08,V028,125.0,0.9642382853804289
2026-05-28,2026-05-28 10:49:09,V028,125.0,0.963825811397793
2026-05-28,2026-05-28 10:49:10,V028,126.0,0.9623586308336607
2026-05-28,2026-05-28 10:49:11,V028,126.0,0.9691216997889073
2026-05-28,2026-05-28 10:49:12,V028,126.0,0.9942980378713026
2026-05-28,2026-05-28 10:49:13,V028,125.0,0.9782801814532756
2026-05-28,2026-05-28 10:49:14,V028,125.0,0.9299525197943552
2026-05-28,2026-05-28 10:49:15,V028,124.0,0.9972834746364905
2026-05-28,2026-05-28 10:49:16,V028,123.0,0.9613342272677367
2026-05-28,2026-05-28 10:49:17,V028,122.0,0.9402301732635571
2026-05-28,2026-05-28 10:49:18,V028,122.0,0.9486909627472078
2026-05-28,2026-05-28 10:49:19,V028,122.0,0.9474197117205867
2026-05-28,2026-05-28 10:49:20,V028,122.0,0.9582606088902043
2026-05-28,2026-05-28 10:49:21,V028,122.0,0.9172416197165324
2026-05-28,2026-05-28 10:49:22,V028,123.0,0.9469906505988144
2026-05-28,2026-05-28 10:49:23,V028,123.0,0.9290124623351865
2026-05-28,2026-05-28 10:49:24,V028,123.0,0.9330510472091629
2026-05-28,2026-05-28 10:49:25,V028,123.0,0.9345068608000628
2026-05-28,2026-05-28 10:49:26,V028,123.0,0.9519220208563668
2026-05-28,2026-05-28 10:49:27,V028,123.0,0.9447390935258421
2026-05-28,2026-05-28 10:49:28,V028,123.0,0.9485630361835267
2026-05-28,2026-05-28 10:49:29,V028,123.0,0.9488132771845826
2026-05-28,2026-05-28 10:49:30,V028,122.0,0.9576067860288145
2026-05-28,2026-05-28 10:49:31,V028,121.0,0.9499807797473793
2026-05-28,2026-05-28 10:49:32,V028,121.0,0.9541935551350581
2026-05-28,2026-05-28 10:49:33,V028,121.0,0.9589911582241181
2026-05-28,2026-05-28 10:49:34,V028,121.0,0.9612729487823384
2026-05-28,2026-05-28 10:49:35,V028,120.0,0.9663776262971422
2026-05-28,2026-05-28 10:49:36,V028,120.0,0.9681146169160186
2026-05-28,2026-05-28 10:49:37,V028,120.0,0.9509383623869123
2026-05-28,2026-05-28 10:49:38,V028,120.0,0.9508768508272993
2026-05-28,2026-05-28 10:49:39,V028,119.0,0.9487487570996437
2026-05-28,2026-05-28 10:49:40,V028,119.0,0.944945175833564
2026-05-28,2026-05-28 10:49:41,V028,118.0,0.9602618846988255
2026-05-28,2026-05-28 10:49:42,V028,118.0,0.9574042159136384
2026-05-28,2026-05-28 10:49:43,V028,117.0,0.952259424966436
2026-05-28,2026-05-28 10:49:44,V028,117.0,0.9582249419832187
2026-05-28,2026-05-28 10:49:45,V028,117.0,0.9564656496829923
2026-05-28,2026-05-28 10:49:46,V028,117.0,0.9586550525708253
2026-05-28,2026-05-28 10:49:47,V028,118.0,0.9679888687186221
2026-05-28,2026-05-28 10:49:48,V028,118.0,0.9563227802486304
2026-05-28,2026-05-28 10:49:49,V028,118.0,0.9548677965729306
2026-05-28,2026-05-28 10:49:50,V028,118.0,0.9553005775828163
2026-05-28,2026-05-28 10:49:51,V028,118.0,0.9527590528472857
2026-05-28,2026-05-28 10:49:52,V028,118.0,0.9533289661088177
2026-05-28,2026-05-28 10:49:53,V028,118.0,0.953170536781597
2026-05-28,2026-05-28 10:49:54,V028,118.0,0.9608460666126747
2026-05-28,2026-05-28 10:49:55,V028,117.0,0.9581949881807889
2026-05-28,2026-05-28 10:49:56,V028,116.0,0.9599993388822673
2026-05-28,2026-05-28 10:49:57,V028,115.0,0.9603028592026381
2026-05-28,2026-05-28 10:49:58,V028,115.0,0.9571365542442386
2026-05-28,2026-05-28 10:49:59,V028,115.0,0.9604842159489269
2026-05-28,2026-05-28 10:50:00,V028,114.0,0.9583803782821552
2026-05-28,2026-05-28 10:50:01,V028,114.0,0.9604576688921506
2026-05-28,2026-05-28 10:50:02,V028,114.0,0.961830542355982
2026-05-28,2026-05-28 10:50:03,V028,114.0,0.9649286127277443
2026-05-28,2026-05-28 10:50:04,V028,114.0,0.9720915633683952
2026-05-28,2026-05-28 10:50:05,V028,114.0,0.963756956643129
2026-05-28,2026-05-28 10:50:06,V028,114.0,0.9641365124339847
2026-05-28,2026-05-28 10:50:07,V028,113.0,0.966024671611768
2026-05-28,2026-05-28 10:50:08,V028,113.0,0.9607612038229905
2026-05-28,2026-05-28 10:50:09,V028,113.0,0.9680508710173262
2026-05-28,2026-05-28 10:50:10,V028,113.0,0.9622552876446927
2026-05-28,2026-05-28 10:50:11,V028,114.0,0.9629931974427187
2026-05-28,2026-05-28 10:50:12,V028,114.0,0.9627293362070526
2026-05-28,2026-05-28 10:50:13,V028,114.0,0.9629113691440615
2026-05-28,2026-05-28 10:50:14,V028,114.0,0.9668978526534007
2026-05-28,2026-05-28 10:50:15,V028,114.0,0.9629469190818517
2026-05-28,2026-05-28 10:50:16,V028,115.0,0.9900733978551428
2026-05-28,2026-05-28 10:50:17,V028,114.0,0.9792383842921997
2026-05-28,2026-05-28 10:50:18,V028,114.0,0.9992670064351832
2026-05-28,2026-05-28 10:50:19,V028,115.0,0.9743130128566956
2026-05-28,2026-05-28 10:50:20,V028,115.0,0.9690854323102429
2026-05-28,2026-05-28 10:50:21,V028,115.0,0.9716599357526151
2026-05-28,2026-05-28 10:50:22,V028,114.0,0.9709702522804617
2026-05-28,2026-05-28 10:50:23,V028,114.0,0.9628783119487503
2026-05-28,2026-05-28 10:50:24,V028,114.0,0.9707518700901462
2026-05-28,2026-05-28 10:50:25,V028,114.0,0.9631521610069469
2026-05-28,2026-05-28 10:50:26,V028,114.0,0.9683563264442077
2026-05-28,2026-05-28 10:50:27,V028,114.0,0.9724776812727264
2026-05-28,2026-05-28 10:50:28,V028,114.0,0.9693290989055933
2026-05-28,2026-05-28 10:50:29,V028,114.0,0.9752639099225655
2026-05-28,2026-05-28 10:50:30,V028,114.0,0.9724535065455948
2026-05-28,2026-05-28 10:50:31,V028,115.0,0.96378103621463
2026-05-28,2026-05-28 10:50:32,V028,115.0,0.9569501790172276
2026-05-28,2026-05-28 10:50:33,V028,116.0,0.9614189944724973
2026-05-28,2026-05-28 10:50:34,V028,117.0,0.969621726811045
2026-05-28,2026-05-28 10:50:35,V028,117.0,0.980083350567944
2026-05-28,2026-05-28 10:50:36,V028,118.0,0.9656591213501557
2026-05-28,2026-05-28 10:50:37,V028,118.0,0.9535978502941803
2026-05-28,2026-05-28 10:50:38,V028,118.0,0.9462507964509801
2026-05-28,2026-05-28 10:50:39,V028,118.0,0.9461438598901959
2026-05-28,2026-05-28 10:50:40,V028,118.0,0.9454732275779113
2026-05-28,2026-05-28 10:50:41,V028,118.0,0.9477836056612665
2026-05-28,2026-05-28 10:50:42,V028,119.0,0.9448893199506146
2026-05-28,2026-05-28 10:50:43,V028,119.0,0.945322234369455
2026-05-28,2026-05-28 10:50:44,V028,119.0,0.9434952826707118
2026-05-28,2026-05-28 10:50:45,V028,120.0,0.9412448312219602
2026-05-28,2026-05-28 10:50:46,V028,121.0,0.9444839512213081
2026-05-28,2026-05-28 10:50:47,V028,122.0,0.9499943549370186
2026-05-28,2026-05-28 10:50:48,V028,122.0,0.9517924936193864
2026-05-28,2026-05-28 10:50:49,V028,122.0,0.9455519928593286
2026-05-28,2026-05-28 10:50:50,V028,122.0,0.9440166296047053
2026-05-28,2026-05-28 10:50:51,V028,122.0,0.9438337372146947
2026-05-28,2026-05-28 10:50:52,V028,122.0,0.942281293897551
2026-05-28,2026-05-28 10:50:53,V028,122.0,0.9424768730623471
2026-05-28,2026-05-28 10:50:54,V028,122.0,0.944282075731227
2026-05-28,2026-05-28 10:50:55,V028,122.0,0.9479895929765063
2026-05-28,2026-05-28 10:50:56,V028,123.0,0.9542442989455872
2026-05-28,2026-05-28 10:50:57,V028,123.0,0.9707676403480746
2026-05-28,2026-05-28 10:50:58,V028,123.0,0.9675438470221823
2026-05-28,2026-05-28 10:50:59,V028,123.0,0.9683157460255877
2026-05-28,2026-05-28 10:51:00,V028,123.0,0.9683024924252701
2026-05-28,2026-05-28 10:51:01,V028,122.0,0.966879023474327
2026-05-28,2026-05-28 10:51:02,V028,122.0,0.9689008435741896
2026-05-28,2026-05-28 10:51:03,V028,121.0,0.9680031241208104
2026-05-28,2026-05-28 10:51:04,V028,119.0,0.9649166781849229
2026-05-28,2026-05-28 10:51:05,V028,118.0,0.9609915711603025
2026-05-28,2026-05-28 10:51:06,V028,118.0,0.9518296631482592
2026-05-28,2026-05-28 10:51:07,V028,117.0,0.9451183101185455
2026-05-28,2026-05-28 10:51:08,V028,117.0,0.9456995943635497
2026-05-28,2026-05-28 10:51:09,V028,117.0,0.947766578754944
2026-05-28,2026-05-28 10:51:10,V028,117.0,0.9600468387073878
2026-05-28,2026-05-28 10:51:11,V028,117.0,0.9635931976210476
2026-05-28,2026-05-28 10:51:12,V028,117.0,0.95250768725499
2026-05-28,2026-05-28 10:51:13,V028,117.0,0.95546931351114
2026-05-28,2026-05-28 10:51:14,V028,116.0,0.9545299708144936
2026-05-28,2026-05-28 10:51:15,V028,116.0,0.9708596646510844
2026-05-28,2026-05-28 10:51:16,V028,115.0,0.9837530886657062
2026-05-28,2026-05-28 10:51:17,V028,115.0,0.966691798245246
2026-05-28,2026-05-28 10:51:18,V028,115.0,0.9461926709275491
2026-05-28,2026-05-28 10:51:19,V028,115.0,0.9516381808938472
2026-05-28,2026-05-28 10:51:20,V028,115.0,0.953728721010521
2026-05-28,2026-05-28 10:51:21,V028,116.0,0.9501470735923223
2026-05-28,2026-05-28 10:51:22,V028,117.0,0.9453403959116373
2026-05-28,2026-05-28 10:51:23,V028,118.0,0.9455744381248329
2026-05-28,2026-05-28 10:51:24,V028,118.0,0.9455601917504239
2026-05-28,2026-05-28 10:51:25,V028,118.0,0.9446149507481025
2026-05-28,2026-05-28 10:51:26,V028,119.0,0.9445840989008467
2026-05-28,2026-05-28 10:51:27,V028,119.0,0.9500621372711611
2026-05-28,2026-05-28 10:51:28,V028,119.0,0.9705344620309077
2026-05-28,2026-05-28 10:51:29,V028,120.0,0.9803523132562876
2026-05-28,2026-05-28 10:51:30,V028,120.0,0.964316334630122
2026-05-28,2026-05-28 10:51:31,V028,120.0,0.9637074183533603
2026-05-28,2026-05-28 10:51:32,V028,120.0,0.9847466569671578
2026-05-28,2026-05-28 10:51:33,V028,119.0,0.9820924637680192
2026-05-28,2026-05-28 10:51:34,V028,119.0,0.9538620228143345
2026-05-28,2026-05-28 10:51:35,V028,118.0,0.9456143682435895
2026-05-28,2026-05-28 10:51:36,V028,118.0,0.9463777865139334
2026-05-28,2026-05-28 10:51:37,V028,118.0,0.9471090515211372
2026-05-28,2026-05-28 10:51:38,V028,117.0,0.947203834026402
2026-05-28,2026-05-28 10:51:39,V028,117.0,0.9455925918999081
2026-05-28,2026-05-28 10:51:40,V028,117.0,0.9467756025285964
2026-05-28,2026-05-28 10:51:41,V028,117.0,0.947005589042879
2026-05-28,2026-05-28 10:51:42,V028,117.0,0.9469604587239648
2026-05-28,2026-05-28 10:51:43,V028,117.0,0.9460189581689318
2026-05-28,2026-05-28 10:51:44,V028,117.0,0.9466574686727508
2026-05-28,2026-05-28 10:51:45,V028,117.0,0.9491140159390945
2026-05-28,2026-05-28 10:51:46,V028,117.0,0.9484872181802555
2026-05-28,2026-05-28 10:51:47,V028,117.0,0.9475162447309675
2026-05-28,2026-05-28 10:51:48,V028,117.0,0.9481803647707701
2026-05-28,2026-05-28 10:51:49,V028,117.0,0.9479226940439273
2026-05-28,2026-05-28 10:51:50,V028,117.0,0.9474573217755786
2026-05-28,2026-05-28 10:51:51,V028,117.0,0.9484420639839205
2026-05-28,2026-05-28 10:51:52,V028,117.0,0.9474765270164446
2026-05-28,2026-05-28 10:51:53,V028,118.0,0.9478210101217556
2026-05-28,2026-05-28 10:51:54,V028,118.0,0.9485151200477562
2026-05-28,2026-05-28 10:51:55,V028,118.0,0.9483972864090909
2026-05-28,2026-05-28 10:51:56,V028,119.0,0.9479923844452931
2026-05-28,2026-05-28 10:51:57,V028,119.0,0.9488265129057111
2026-05-28,2026-05-28 10:51:58,V028,119.0,0.9475801455485998
2026-05-28,2026-05-28 10:51:59,V028,119.0,0.9573753379612447
2026-05-28,2026-05-28 10:52:00,V028,119.0,0.9709173625314966
2026-05-28,2026-05-28 10:52:01,V028,118.0,0.9582340330333119
2026-05-28,2026-05-28 10:52:02,V028,118.0,0.9759146862233761
2026-05-28,2026-05-28 10:52:03,V028,118.0,0.9801196341927086
2026-05-28,2026-05-28 10:52:04,V028,117.0,0.9893316589112383
2026-05-28,2026-05-28 10:52:05,V028,117.0,0.9732456741079185
2026-05-28,2026-05-28 10:52:06,V028,117.0,0.9756705330481127
2026-05-28,2026-05-28 10:52:07,V028,118.0,0.9820824191719009
2026-05-28,2026-05-28 10:52:08,V028,119.0,0.9983576533193694
2026-05-28,2026-05-28 10:52:09,V028,119.0,0.9727436140603327
2026-05-28,2026-05-28 10:52:10,V028,119.0,0.9823835110782257
2026-05-28,2026-05-28 10:52:11,V028,120.0,1.0197208922469971
2026-05-28,2026-05-28 10:52:12,V028,120.0,0.957046775399853
2026-05-28,2026-05-28 10:52:13,V028,120.0,0.9723011544283205
2026-05-28,2026-05-28 10:52:14,V028,120.0,1.0300283869148292
2026-05-28,2026-05-28 10:52:15,V028,120.0,0.9639926963946026
2026-05-28,2026-05-28 10:52:16,V028,121.0,0.9649037635623439
2026-05-28,2026-05-28 10:52:17,V028,121.0,1.0083102413372844
2026-05-28,2026-05-28 10:52:18,V028,121.0,0.9977069511127094
2026-05-28,2026-05-28 10:52:19,V028,122.0,0.9670908976851885
2026-05-28,2026-05-28 10:52:20,V028,122.0,0.9975932203700122
2026-05-28,2026-05-28 10:52:21,V028,123.0,1.0016885151564419
2026-05-28,2026-05-28 10:52:22,V028,125.0,0.9641454638090188
2026-05-28,2026-05-28 10:52:23,V028,126.0,1.0033378905751935
2026-05-28,2026-05-28 10:52:24,V028,126.0,0.976865332593049
2026-05-28,2026-05-28 10:52:25,V028,127.0,0.9761511322895231
2026-05-28,2026-05-28 10:52:26,V028,127.0,0.9835919885090219
2026-05-28,2026-05-28 10:52:27,V028,128.0,0.9713740591458909
2026-05-28,2026-05-28 10:52:28,V028,128.0,0.9702964330480066
2026-05-28,2026-05-28 10:52:29,V028,129.0,0.9836352334034976
2026-05-28,2026-05-28 10:52:30,V028,130.0,0.9763036534934175
2026-05-28,2026-05-28 10:52:31,V028,130.0,0.9796728991779076
2026-05-28,2026-05-28 10:52:32,V028,130.0,1.0035839151636177
2026-05-28,2026-05-28 10:52:33,V028,130.0,0.9505620011577383
2026-05-28,2026-05-28 10:52:34,V028,130.0,1.0325338626979137
2026-05-28,2026-05-28 10:52:35,V028,130.0,1.024569190922839
2026-05-28,2026-05-28 10:52:36,V028,130.0,1.0069717849165205
2026-05-28,2026-05-28 10:52:37,V028,130.0,1.0068470498801376
2026-05-28,2026-05-28 10:52:38,V028,130.0,1.1031475607356689
2026-05-28,2026-05-28 10:52:39,V028,130.0,0.8934725508869901
2026-05-28,2026-05-28 10:52:40,V028,129.0,0.9989428805110837
2026-05-28,2026-05-28 10:52:41,V028,129.0,0.9687678202351183
2026-05-28,2026-05-28 10:52:42,V028,128.0,0.9971676228691062
2026-05-28,2026-05-28 10:52:43,V028,128.0,0.9827189973705104
2026-05-28,2026-05-28 10:52:44,V028,128.0,0.992190505823863
2026-05-28,2026-05-28 10:52:45,V028,128.0,1.0158835472861218
2026-05-28,2026-05-28 10:52:46,V028,128.0,0.9615146767651874
2026-05-28,2026-05-28 10:52:47,V028,127.0,0.9862146532043443
2026-05-28,2026-05-28 10:52:48,V028,126.0,1.0144055741640055
2026-05-28,2026-05-28 10:52:49,V028,125.0,0.9501872960869875
2026-05-28,2026-05-28 10:52:50,V028,123.0,1.0156511302754523
2026-05-28,2026-05-28 10:52:51,V028,123.0,1.0020744385272984
2026-05-28,2026-05-28 10:52:52,V028,123.0,0.9622630464193003
2026-05-28,2026-05-28 10:52:53,V028,122.0,0.9929631302608645
2026-05-28,2026-05-28 10:52:54,V028,121.0,1.0123433672658784
2026-05-28,2026-05-28 10:52:55,V028,120.0,0.967577593816618
2026-05-28,2026-05-28 10:52:56,V028,120.0,0.9911972186097014
2026-05-28,2026-05-28 10:52:57,V028,119.0,1.027495002001486
2026-05-28,2026-05-28 10:52:58,V028,119.0,0.9765281435602358
2026-05-28,2026-05-28 10:52:59,V028,119.0,1.0042758815800783
2026-05-28,2026-05-28 10:53:00,V028,120.0,1.0180429014722743
2026-05-28,2026-05-28 10:53:01,V028,120.0,0.9893762477588188
2026-05-28,2026-05-28 10:53:02,V028,120.0,0.9644682551108461
2026-05-28,2026-05-28 10:53:03,V028,120.0,0.995119770102866
2026-05-28,2026-05-28 10:53:04,V028,121.0,1.0043021649404222
2026-05-28,2026-05-28 10:53:05,V028,121.0,0.9938911369008351
2026-05-28,2026-05-28 10:53:06,V028,121.0,1.0512845182901265
2026-05-28,2026-05-28 10:53:07,V028,121.0,0.996515810066196
2026-05-28,2026-05-28 10:53:08,V028,122.0,0.9939049732681151
2026-05-28,2026-05-28 10:53:09,V028,122.0,0.9820689767593974
2026-05-28,2026-05-28 10:53:10,V028,122.0,0.9997399005862214
2026-05-28,2026-05-28 10:53:11,V028,122.0,1.0304835606774452
2026-05-28,2026-05-28 10:53:12,V028,122.0,1.025541505307127
2026-05-28,2026-05-28 10:53:13,V028,122.0,0.9676524889482244
2026-05-28,2026-05-28 10:53:14,V028,122.0,1.048380808224104
2026-05-28,2026-05-28 10:53:15,V028,122.0,1.0390463454937915
2026-05-28,2026-05-28 10:53:16,V028,123.0,1.0857898657008893
2026-05-28,2026-05-28 10:53:17,V028,123.0,0.9839544524174411
2026-05-28,2026-05-28 10:53:18,V028,123.0,1.2495237398343078
2026-05-28,2026-05-28 10:53:19,V028,122.0,1.1374785389373825
2026-05-28,2026-05-28 10:53:20,V028,121.0,1.1997807476299922
2026-05-28,2026-05-28 10:53:21,V028,121.0,1.0813634711842337
2026-05-28,2026-05-28 10:53:22,V028,120.0,1.0068603422038451
2026-05-28,2026-05-28 10:53:23,V028,120.0,0.9601344160064592
2026-05-28,2026-05-28 10:53:24,V028,120.0,0.9668190523584987
2026-05-28,2026-05-28 10:53:25,V028,120.0,0.9971985042163372
2026-05-28,2026-05-28 10:53:26,V028,120.0,0.9789657368111792
2026-05-28,2026-05-28 10:53:27,V028,121.0,0.9838950420099938
2026-05-28,2026-05-28 10:53:28,V028,122.0,1.0521768572711163
2026-05-28,2026-05-28 10:53:29,V028,123.0,1.0052703530643397
2026-05-28,2026-05-28 10:53:30,V028,123.0,0.9999013111990767
2026-05-28,2026-05-28 10:53:31,V028,124.0,1.0723564009956872
2026-05-28,2026-05-28 10:53:32,V028,124.0,1.0481940425093568
2026-05-28,2026-05-28 10:53:33,V028,124.0,0.9947071178826171
2026-05-28,2026-05-28 10:53:34,V028,124.0,1.015232579645472
2026-05-28,2026-05-28 10:53:35,V028,125.0,1.011629443907686
2026-05-28,2026-05-28 10:53:36,V028,126.0,1.0009645842575483
2026-05-28,2026-05-28 10:53:37,V028,127.0,0.9644323766137809
2026-05-28,2026-05-28 10:53:38,V028,128.0,1.0088523303809316
2026-05-28,2026-05-28 10:53:39,V028,129.0,0.9680353727649378
2026-05-28,2026-05-28 10:53:40,V028,130.0,0.9721546386019981
2026-05-28,2026-05-28 10:53:41,V028,131.0,0.9909731499845943
2026-05-28,2026-05-28 10:53:42,V028,132.0,1.186873268269615
2026-05-28,2026-05-28 10:53:43,V028,133.0,1.008829633495686
2026-05-28,2026-05-28 10:53:44,V028,133.0,0.9784601093663576
2026-05-28,2026-05-28 10:53:45,V028,133.0,1.0083733952713585
2026-05-28,2026-05-28 10:53:46,V028,133.0,1.1529710761579082
2026-05-28,2026-05-28 10:53:47,V028,132.0,1.1230501701054985
2026-05-28,2026-05-28 10:53:48,V028,132.0,1.0581380890454324
2026-05-28,2026-05-28 10:53:49,V028,132.0,0.986191694232039
2026-05-28,2026-05-28 10:53:50,V028,131.0,0.9384006316139584
2026-05-28,2026-05-28 10:53:51,V028,130.0,1.1031738860868734
2026-05-28,2026-05-28 10:53:52,V028,130.0,1.1965683786278487
2026-05-28,2026-05-28 10:53:53,V028,130.0,1.3112533136342066
2026-05-28,2026-05-28 10:53:54,V028,130.0,1.1463590804718604
2026-05-28,2026-05-28 10:53:55,V028,129.0,0.9214947712423509
2026-05-28,2026-05-28 10:53:56,V028,129.0,1.0749864560680433
2026-05-28,2026-05-28 10:53:57,V028,129.0,0.9718461568827957
2026-05-28,2026-05-28 10:53:58,V028,129.0,1.0455392885530144
2026-05-28,2026-05-28 10:53:59,V028,128.0,1.1231132471960408
2026-05-28,2026-05-28 10:54:00,V028,128.0,0.9827133522406528
2026-05-28,2026-05-28 10:54:01,V028,129.0,1.0107168997768052
2026-05-28,2026-05-28 10:54:02,V028,129.0,0.9781597854601473
2026-05-28,2026-05-28 10:54:03,V028,129.0,0.9699062143067311
2026-05-28,2026-05-28 10:54:04,V028,130.0,0.9705556748650486
2026-05-28,2026-05-28 10:54:05,V028,130.0,0.9665231296560575
2026-05-28,2026-05-28 10:54:06,V028,130.0,0.9695452072798941
2026-05-28,2026-05-28 10:54:07,V028,130.0,0.9710734689449891
2026-05-28,2026-05-28 10:54:08,V028,130.0,0.9853280071723307
2026-05-28,2026-05-28 10:54:09,V028,130.0,0.9603258118103495
2026-05-28,2026-05-28 10:54:10,V028,130.0,0.9597717165405546
2026-05-28,2026-05-28 10:54:11,V028,131.0,0.957109239103496
2026-05-28,2026-05-28 10:54:12,V028,131.0,0.9593711863107851
2026-05-28,2026-05-28 10:54:13,V028,131.0,0.9633878658583229
2026-05-28,2026-05-28 10:54:14,V028,131.0,0.9785577134981515
2026-05-28,2026-05-28 10:54:15,V028,131.0,0.9547252723166133
2026-05-28,2026-05-28 10:54:16,V028,130.0,1.0046744426030556
2026-05-28,2026-05-28 10:54:17,V028,130.0,0.9899282342539529
2026-05-28,2026-05-28 10:54:18,V028,130.0,0.9725695605024008
2026-05-28,2026-05-28 10:54:19,V028,130.0,0.9348961931300336
2026-05-28,2026-05-28 10:54:20,V028,129.0,1.1528540379348988
2026-05-28,2026-05-28 10:54:21,V028,128.0,0.960361366246059
2026-05-28,2026-05-28 10:54:22,V028,127.0,1.0088617033389036
2026-05-28,2026-05-28 10:54:23,V028,125.0,1.145324806495486
2026-05-28,2026-05-28 10:54:24,V028,123.0,0.9802210577875592
2026-05-28,2026-05-28 10:54:25,V028,122.0,0.9340593308228083
2026-05-28,2026-05-28 10:54:26,V028,122.0,1.138136690774753
2026-05-28,2026-05-28 10:54:27,V028,121.0,0.9940399789305118
2026-05-28,2026-05-28 10:54:28,V028,120.0,1.0607905674074782
2026-05-28,2026-05-28 10:54:29,V028,119.0,1.1007112660704632
2026-05-28,2026-05-28 10:54:30,V028,119.0,1.0234293562247774
2026-05-28,2026-05-28 10:54:31,V028,118.0,0.9799775100000907
2026-05-28,2026-05-28 10:54:32,V028,117.0,1.0328109221827226
2026-05-28,2026-05-28 10:54:33,V028,117.0,1.1893875883680354
2026-05-28,2026-05-28 10:54:34,V028,117.0,1.0011135767969706
2026-05-28,2026-05-28 10:54:35,V028,117.0,1.0120986650458164
2026-05-28,2026-05-28 10:54:36,V028,119.0,0.9627920456535142
2026-05-28,2026-05-28 10:54:37,V028,119.0,1.2029361481500513
2026-05-28,2026-05-28 10:54:38,V028,119.0,0.9494986217439587
2026-05-28,2026-05-28 10:54:39,V028,121.0,1.021618060835701
2026-05-28,2026-05-28 10:54:40,V028,122.0,0.9719746194925937
2026-05-28,2026-05-28 10:54:41,V028,123.0,0.9667864365300882
2026-05-28,2026-05-28 10:54:42,V028,124.0,0.9737146054794487
2026-05-28,2026-05-28 10:54:43,V028,125.0,0.9667166642246939
2026-05-28,2026-05-28 10:54:44,V028,125.0,0.9636968729935186
2026-05-28,2026-05-28 10:54:45,V028,126.0,0.9672321567626633
2026-05-28,2026-05-28 10:54:46,V028,126.0,0.971048130331752
2026-05-28,2026-05-28 10:54:47,V028,127.0,0.9990908176923088
2026-05-28,2026-05-28 10:54:48,V028,127.0,1.1391189936995951
2026-05-28,2026-05-28 10:54:49,V028,128.0,1.0704445024492326
2026-05-28,2026-05-28 10:54:50,V028,129.0,1.0143525348085956
2026-05-28,2026-05-28 10:54:51,V028,129.0,0.9889172926725265
2026-05-28,2026-05-28 10:54:52,V028,129.0,0.9705862884018532
2026-05-28,2026-05-28 10:54:53,V028,129.0,1.0887839137579678
2026-05-28,2026-05-28 10:54:54,V028,128.0,0.9515960021220652
2026-05-28,2026-05-28 10:54:55,V028,128.0,0.9461223641901365
2026-05-28,2026-05-28 10:54:56,V028,127.0,1.0588658827589694
2026-05-28,2026-05-28 10:54:57,V028,126.0,1.0911897292535315
2026-05-28,2026-05-28 10:54:58,V028,126.0,0.984961116303859
2026-05-28,2026-05-28 10:54:59,V028,125.0,0.9708827641341666
2026-05-28,2026-05-28 10:55:00,V028,124.0,0.9636571501710083
2026-05-28,2026-05-28 10:55:01,V028,124.0,0.9675998440474998
2026-05-28,2026-05-28 10:55:02,V028,124.0,0.9937666102919863
2026-05-28,2026-05-28 10:55:03,V028,124.0,0.9704569450897621
2026-05-28,2026-05-28 10:55:04,V028,124.0,0.993912911292458
2026-05-28,2026-05-28 10:55:05,V028,124.0,1.0045784290579292
2026-05-28,2026-05-28 10:55:06,V028,124.0,0.8804179804925159
2026-05-28,2026-05-28 10:55:07,V028,124.0,1.112989515456394
2026-05-28,2026-05-28 10:55:08,V028,124.0,0.9983617647690155
2026-05-28,2026-05-28 10:55:09,V028,125.0,0.9899932716328421
2026-05-28,2026-05-28 10:55:10,V028,125.0,0.9836790595177387
2026-05-28,2026-05-28 10:55:11,V028,125.0,1.066396951827127
2026-05-28,2026-05-28 10:55:12,V028,125.0,0.9954600215505924
2026-05-28,2026-05-28 10:55:13,V028,124.0,0.9758210630370548
2026-05-28,2026-05-28 10:55:14,V028,124.0,0.9654397805967778
2026-05-28,2026-05-28 10:55:15,V028,123.0,1.003633781121195
2026-05-28,2026-05-28 10:55:16,V028,121.0,1.1145326679414091
2026-05-28,2026-05-28 10:55:17,V028,121.0,0.9759627806978226
2026-05-28,2026-05-28 10:55:18,V028,121.0,0.9547701051725467
2026-05-28,2026-05-28 10:55:19,V028,120.0,0.9563838902627004
2026-05-28,2026-05-28 10:55:20,V028,120.0,1.0108020560272368
2026-05-28,2026-05-28 10:55:21,V028,119.0,0.9920829481130493
2026-05-28,2026-05-28 10:55:22,V028,119.0,0.9714310580589456
2026-05-28,2026-05-28 10:55:23,V028,119.0,0.9680670177970018
2026-05-28,2026-05-28 10:55:24,V028,120.0,0.9578283138067349
2026-05-28,2026-05-28 10:55:25,V028,120.0,1.0140581657962309
2026-05-28,2026-05-28 10:55:26,V028,120.0,0.9957670287917443
2026-05-28,2026-05-28 10:55:27,V028,122.0,0.9817170463516643
2026-05-28,2026-05-28 10:55:28,V028,124.0,0.9941741657627142
2026-05-28,2026-05-28 10:55:29,V028,125.0,0.9948034302520025
2026-05-28,2026-05-28 10:55:30,V028,125.0,0.9654384955800418
2026-05-28,2026-05-28 10:55:31,V028,126.0,1.0081269027421411
2026-05-28,2026-05-28 10:55:32,V028,126.0,1.0851850901630224
2026-05-28,2026-05-28 10:55:33,V028,126.0,0.9892990189418631
2026-05-28,2026-05-28 10:55:34,V028,127.0,0.9835879962051969
2026-05-28,2026-05-28 10:55:35,V028,127.0,0.9648170881338715
2026-05-28,2026-05-28 10:55:36,V028,126.0,0.9615694201242705
2026-05-28,2026-05-28 10:55:37,V028,126.0,0.9944775116700522
2026-05-28,2026-05-28 10:55:38,V028,126.0,0.9786956915107609
2026-05-28,2026-05-28 10:55:39,V028,126.0,0.9659622493515787
2026-05-28,2026-05-28 10:55:40,V028,126.0,1.0061826713834072
2026-05-28,2026-05-28 10:55:41,V028,125.0,1.1626746137393822
2026-05-28,2026-05-28 10:55:42,V028,124.0,0.9238747061264543
2026-05-28,2026-05-28 10:55:43,V028,123.0,0.991335403538414
2026-05-28,2026-05-28 10:55:44,V028,123.0,0.9708326327201826
2026-05-28,2026-05-28 10:55:45,V028,122.0,0.9660834531098259
2026-05-28,2026-05-28 10:55:46,V028,122.0,0.9776260065716763
2026-05-28,2026-05-28 10:55:47,V028,122.0,0.9970253030518839
2026-05-28,2026-05-28 10:55:48,V028,122.0,0.9959141412226894
2026-05-28,2026-05-28 10:55:49,V028,122.0,0.9971015201406793
2026-05-28,2026-05-28 10:55:50,V028,123.0,0.9906550564737753
2026-05-28,2026-05-28 10:55:51,V028,123.0,0.9856958715284736
2026-05-28,2026-05-28 10:55:52,V028,123.0,0.9655515239496157
2026-05-28,2026-05-28 10:55:53,V028,124.0,0.9733671917175656
2026-05-28,2026-05-28 10:55:54,V028,124.0,0.9794101673936125
2026-05-28,2026-05-28 10:55:55,V028,125.0,0.9681425146986969
2026-05-28,2026-05-28 10:55:56,V028,125.0,0.9514149946358289
2026-05-28,2026-05-28 10:55:57,V028,125.0,0.9599657327813993
2026-05-28,2026-05-28 10:55:58,V028,125.0,0.9582887972068433
2026-05-28,2026-05-28 10:55:59,V028,125.0,0.9956849329889015
2026-05-28,2026-05-28 10:56:00,V028,125.0,1.018596906221074
2026-05-28,2026-05-28 10:56:01,V028,124.0,1.0387237740813031
2026-05-28,2026-05-28 10:56:02,V028,124.0,0.9894225117557723
2026-05-28,2026-05-28 10:56:03,V028,124.0,0.9643853413153873
2026-05-28,2026-05-28 10:56:04,V028,124.0,1.0383718943308273
2026-05-28,2026-05-28 10:56:05,V028,123.0,1.0306490625660898
2026-05-28,2026-05-28 10:56:06,V028,123.0,0.9638710710553697
2026-05-28,2026-05-28 10:56:07,V028,123.0,0.9728652280596737
2026-05-28,2026-05-28 10:56:08,V028,122.0,0.9520538592967862
2026-05-28,2026-05-28 10:56:09,V028,122.0,1.0739458301266032
2026-05-28,2026-05-28 10:56:10,V028,121.0,1.0668842063396482
2026-05-28,2026-05-28 10:56:11,V028,121.0,1.0273235400035816
2026-05-28,2026-05-28 10:56:12,V028,121.0,1.0307278236218307
2026-05-28,2026-05-28 10:56:13,V028,120.0,0.9539890814265082
2026-05-28,2026-05-28 10:56:14,V028,120.0,1.050970234267103
2026-05-28,2026-05-28 10:56:15,V028,119.0,1.1075209668092243
2026-05-28,2026-05-28 10:56:16,V028,119.0,0.9725765265660248
2026-05-28,2026-05-28 10:56:17,V028,119.0,0.9911028223132814
2026-05-28,2026-05-28 10:56:18,V028,119.0,0.9854940143688171
2026-05-28,2026-05-28 10:56:19,V028,120.0,0.9702902097669622
2026-05-28,2026-05-28 10:56:20,V028,120.0,0.9386120085511863
2026-05-28,2026-05-28 10:56:21,V028,121.0,0.9687871728744349
2026-05-28,2026-05-28 10:56:22,V028,121.0,0.9723891814791135
2026-05-28,2026-05-28 10:56:23,V028,121.0,0.9445649662436948
2026-05-28,2026-05-28 10:56:24,V028,121.0,1.0373940657176122
2026-05-28,2026-05-28 10:56:25,V028,121.0,1.0140690315214886
2026-05-28,2026-05-28 10:56:26,V028,121.0,1.0078016594531138
2026-05-28,2026-05-28 10:56:27,V028,121.0,0.9850565468128899
2026-05-28,2026-05-28 10:56:28,V028,121.0,1.179267794798653
2026-05-28,2026-05-28 10:56:29,V028,121.0,0.9553964721452731
2026-05-28,2026-05-28 10:56:30,V028,121.0,1.0569704594751586
2026-05-28,2026-05-28 10:56:31,V028,121.0,0.9746601977308303
2026-05-28,2026-05-28 10:56:32,V028,121.0,0.949451422836975
2026-05-28,2026-05-28 10:56:33,V028,121.0,0.9938827441748321
2026-05-28,2026-05-28 10:56:34,V028,121.0,1.065492088401564
2026-05-28,2026-05-28 10:56:35,V028,120.0,1.0188586227068333
2026-05-28,2026-05-28 10:56:36,V028,118.0,1.023162606291578
2026-05-28,2026-05-28 10:56:37,V028,117.0,0.9462952614385771
2026-05-28,2026-05-28 10:56:38,V028,117.0,1.1680327898863283
2026-05-28,2026-05-28 10:56:39,V028,116.0,0.9062389224294347
2026-05-28,2026-05-28 10:56:40,V028,116.0,0.9531879591314608
2026-05-28,2026-05-28 10:56:41,V028,116.0,1.0108029740029942
2026-05-28,2026-05-28 10:56:42,V028,115.0,1.1755024059061574
2026-05-28,2026-05-28 10:56:43,V028,115.0,1.1034433952458025
2026-05-28,2026-05-28 10:56:44,V028,115.0,0.9566215828547758
2026-05-28,2026-05-28 10:56:45,V028,115.0,1.0482273164539526
2026-05-28,2026-05-28 10:56:46,V028,115.0,1.1548355622573852
2026-05-28,2026-05-28 10:56:47,V028,115.0,1.1373055398664382
2026-05-28,2026-05-28 10:56:48,V028,114.0,1.017318254938807
2026-05-28,2026-05-28 10:56:49,V028,114.0,1.0930104855530178
2026-05-28,2026-05-28 10:56:50,V028,114.0,1.0280293103979032
2026-05-28,2026-05-28 10:56:51,V028,113.0,1.0476429842941035
2026-05-28,2026-05-28 10:56:52,V028,113.0,1.0874618315408289
2026-05-28,2026-05-28 10:56:53,V028,113.0,0.9842578696008168
2026-05-28,2026-05-28 10:56:54,V028,113.0,1.0682780902439388
2026-05-28,2026-05-28 10:56:55,V028,114.0,1.1315559381384308
2026-05-28,2026-05-28 10:56:56,V028,115.0,0.9831837946915059
2026-05-28,2026-05-28 10:56:57,V028,116.0,0.9858481810651782
2026-05-28,2026-05-28 10:56:58,V028,117.0,1.0231279297237694
2026-05-28,2026-05-28 10:56:59,V028,118.0,0.9679115252160511
2026-05-28,2026-05-28 10:57:00,V028,119.0,1.0573339872026908
2026-05-28,2026-05-28 10:57:01,V028,120.0,1.1080610507417756
2026-05-28,2026-05-28 10:57:02,V028,122.0,0.9763842560121798
2026-05-28,2026-05-28 10:57:03,V028,123.0,1.051204165369965
2026-05-28,2026-05-28 10:57:04,V028,123.0,1.077975984853765
2026-05-28,2026-05-28 10:57:05,V028,124.0,0.9949859687433082
2026-05-28,2026-05-28 10:57:06,V028,125.0,1.0948292874032228
2026-05-28,2026-05-28 10:57:07,V028,125.0,1.0865584215667476
2026-05-28,2026-05-28 10:57:08,V028,125.0,1.0140327586464095
2026-05-28,2026-05-28 10:57:09,V028,125.0,0.9688258845621199
2026-05-28,2026-05-28 10:57:10,V028,125.0,1.2169430659441025
2026-05-28,2026-05-28 10:57:11,V028,125.0,1.0219619800219466
2026-05-28,2026-05-28 10:57:12,V028,125.0,1.0849454719355176
2026-05-28,2026-05-28 10:57:13,V028,125.0,1.1166924184496705
2026-05-28,2026-05-28 10:57:14,V028,125.0,0.984344321891928
2026-05-28,2026-05-28 10:57:15,V028,125.0,0.9968042036032486
2026-05-28,2026-05-28 10:57:16,V028,124.0,0.997641877250212
2026-05-28,2026-05-28 10:57:17,V028,125.0,1.033723231040039
2026-05-28,2026-05-28 10:57:18,V028,125.0,1.1825908228003517
2026-05-28,2026-05-28 10:57:19,V028,125.0,0.8986294001737701
2026-05-28,2026-05-28 10:57:20,V028,125.0,1.0161008150871291
2026-05-28,2026-05-28 10:57:21,V028,125.0,1.029557762682247
2026-05-28,2026-05-28 10:57:22,V028,125.0,1.0052000404995316
2026-05-28,2026-05-28 10:57:23,V028,125.0,1.046452487800589
2026-05-28,2026-05-28 10:57:24,V028,124.0,0.9896001919510293
2026-05-28,2026-05-28 10:57:25,V028,123.0,1.0485814397302953
2026-05-28,2026-05-28 10:57:26,V028,123.0,0.9775541368739993
2026-05-28,2026-05-28 10:57:27,V028,123.0,0.9679153364280083
2026-05-28,2026-05-28 10:57:28,V028,122.0,1.0434610645510722
2026-05-28,2026-05-28 10:57:29,V028,122.0,1.1294306685463331
2026-05-28,2026-05-28 10:57:30,V028,122.0,0.9413078451135967
2026-05-28,2026-05-28 10:57:31,V028,122.0,1.2893741839492396
2026-05-28,2026-05-28 10:57:32,V028,122.0,1.2163247886731274
2026-05-28,2026-05-28 10:57:33,V028,122.0,1.0083347267730136
2026-05-28,2026-05-28 10:57:34,V028,123.0,1.063704227262362
2026-05-28,2026-05-28 10:57:35,V028,123.0,1.18178202474482
2026-05-28,2026-05-28 10:57:36,V028,124.0,1.171819175953417
2026-05-28,2026-05-28 10:57:37,V028,124.0,1.4185801768041315
2026-05-28,2026-05-28 10:57:38,V028,124.0,0.974024238668272
2026-05-28,2026-05-28 10:57:39,V028,124.0,0.9999999029766156
2026-05-28,2026-05-28 10:57:40,V028,125.0,0.9862816331598279
2026-05-28,2026-05-28 10:57:41,V028,126.0,1.3073800734226821
2026-05-28,2026-05-28 10:57:42,V028,126.0,1.2449553093994157
2026-05-28,2026-05-28 10:57:43,V028,126.0,1.0239539700582714
2026-05-28,2026-05-28 10:57:44,V028,127.0,1.0072529168890656
2026-05-28,2026-05-28 10:57:45,V028,127.0,0.9499431530805067
2026-05-28,2026-05-28 10:57:46,V028,128.0,0.9796830680959169
2026-05-28,2026-05-28 10:57:47,V028,128.0,1.1096072283075287
2026-05-28,2026-05-28 10:57:48,V028,129.0,1.0325005365539426
2026-05-28,2026-05-28 10:57:49,V028,129.0,0.9712280553594397
2026-05-28,2026-05-28 10:57:50,V028,129.0,1.0194603425802047
2026-05-28,2026-05-28 10:57:51,V028,129.0,0.9629022547223145
2026-05-28,2026-05-28 10:57:52,V028,129.0,1.0049092827138077
2026-05-28,2026-05-28 10:57:53,V028,128.0,1.1393870044696224
2026-05-28,2026-05-28 10:57:54,V028,128.0,0.9946783433532395
2026-05-28,2026-05-28 10:57:55,V028,127.0,1.2479312207799844
2026-05-28,2026-05-28 10:57:56,V028,126.0,1.0188300488738387
2026-05-28,2026-05-28 10:57:57,V028,125.0,1.0140615856839523
2026-05-28,2026-05-28 10:57:58,V028,125.0,1.0192219382017045
2026-05-28,2026-05-28 10:57:59,V028,125.0,1.074643517129572
2026-05-28,2026-05-28 10:58:00,V028,125.0,1.0027395613427514
2026-05-28,2026-05-28 10:58:01,V028,126.0,0.9857566020540774
2026-05-28,2026-05-28 10:58:02,V028,127.0,1.017000701475472
2026-05-28,2026-05-28 10:58:03,V028,127.0,0.99315877788331
2026-05-28,2026-05-28 10:58:04,V028,127.0,0.9923497318018712
2026-05-28,2026-05-28 10:58:05,V028,128.0,1.1588416903152359
2026-05-28,2026-05-28 10:58:06,V028,129.0,0.8719801384048143
2026-05-28,2026-05-28 10:58:07,V028,130.0,1.0108830334247605
2026-05-28,2026-05-28 10:58:08,V028,130.0,1.001191287922414
2026-05-28,2026-05-28 10:58:09,V028,131.0,1.0091419769983305
2026-05-28,2026-05-28 10:58:10,V028,131.0,0.9779551014702884
2026-05-28,2026-05-28 10:58:11,V028,131.0,1.0523078851221581
2026-05-28,2026-05-28 10:58:12,V028,131.0,1.0180630071530004
2026-05-28,2026-05-28 10:58:13,V028,131.0,1.017623252085959
2026-05-28,2026-05-28 10:58:14,V028,131.0,0.9598454253545639
2026-05-28,2026-05-28 10:58:15,V028,129.0,0.9257178219812184
2026-05-28,2026-05-28 10:58:16,V028,129.0,1.203566071201076
2026-05-28,2026-05-28 10:58:17,V028,127.0,1.0257509744798168
2026-05-28,2026-05-28 10:58:18,V028,126.0,0.9908540070540437
2026-05-28,2026-05-28 10:58:19,V028,125.0,0.9760510894440555
2026-05-28,2026-05-28 10:58:20,V028,124.0,0.9559437701084802
2026-05-28,2026-05-28 10:58:21,V028,124.0,1.0711616982387555
2026-05-28,2026-05-28 10:58:22,V028,123.0,1.1401194630300584
2026-05-28,2026-05-28 10:58:23,V028,123.0,0.9755483427474599
2026-05-28,2026-05-28 10:58:24,V028,123.0,1.001616318936414
2026-05-28,2026-05-28 10:58:25,V028,124.0,1.0024031854245323
2026-05-28,2026-05-28 10:58:26,V028,125.0,1.0726034713986696
2026-05-28,2026-05-28 10:58:27,V028,126.0,1.0177154545219658
2026-05-28,2026-05-28 10:58:28,V028,127.0,0.9918243474302869
2026-05-28,2026-05-28 10:58:29,V028,128.0,0.9788625574993359
2026-05-28,2026-05-28 10:58:30,V028,128.0,0.9854965000058453
2026-05-28,2026-05-28 10:58:31,V028,129.0,0.9572671923618424
2026-05-28,2026-05-28 10:58:32,V028,129.0,1.0516219301663623
2026-05-28,2026-05-28 10:58:33,V028,130.0,0.9684343894554127
2026-05-28,2026-05-28 10:58:34,V028,130.0,0.9356357394032903
2026-05-28,2026-05-28 10:58:35,V028,131.0,1.0172471463458717
2026-05-28,2026-05-28 10:58:36,V028,131.0,1.1603505994503205
2026-05-28,2026-05-28 10:58:37,V028,131.0,0.9483128660089555
2026-05-28,2026-05-28 10:58:38,V028,131.0,0.9738332992623563
2026-05-28,2026-05-28 10:58:39,V028,131.0,0.95675434375203
2026-05-28,2026-05-28 10:58:40,V028,130.0,0.965658156835926
2026-05-28,2026-05-28 10:58:41,V028,130.0,1.0540027454911056
2026-05-28,2026-05-28 10:58:42,V028,129.0,1.1164391520390484
2026-05-28,2026-05-28 10:58:43,V028,129.0,0.9377669515570457
2026-05-28,2026-05-28 10:58:44,V028,128.0,0.9796503365319956
2026-05-28,2026-05-28 10:58:45,V028,128.0,0.9651051495651194
2026-05-28,2026-05-28 10:58:46,V028,127.0,0.9616028085370786
2026-05-28,2026-05-28 10:58:47,V028,126.0,0.9453754624368683
2026-05-28,2026-05-28 10:58:48,V028,125.0,1.2834932725059938
2026-05-28,2026-05-28 10:58:49,V028,125.0,0.954053906391779
2026-05-28,2026-05-28 10:58:50,V028,125.0,1.2101797351313701
2026-05-28,2026-05-28 10:58:51,V028,125.0,1.1069289560437943
2026-05-28,2026-05-28 10:58:52,V028,124.0,0.8392357312111874
2026-05-28,2026-05-28 10:58:53,V028,125.0,0.9829076483722579
2026-05-28,2026-05-28 10:58:54,V028,125.0,1.0401054403213574
2026-05-28,2026-05-28 10:58:55,V028,125.0,1.0316115520522116
2026-05-28,2026-05-28 10:58:56,V028,125.0,1.002732703365491
2026-05-28,2026-05-28 10:58:57,V028,125.0,0.9776621260918174
2026-05-28,2026-05-28 10:58:58,V028,125.0,0.9918664453868796
2026-05-28,2026-05-28 10:58:59,V028,126.0,0.9994524049153983
2026-05-28,2026-05-28 10:59:00,V028,126.0,0.9776972116424062
2026-05-28,2026-05-28 10:59:01,V028,126.0,0.9465103340978697
2026-05-28,2026-05-28 10:59:02,V028,126.0,1.0828493222589504
2026-05-28,2026-05-28 10:59:03,V028,125.0,1.1089618761393485
2026-05-28,2026-05-28 10:59:04,V028,124.0,0.9679534849788746
2026-05-28,2026-05-28 10:59:05,V028,124.0,0.9936032885969077
2026-05-28,2026-05-28 10:59:06,V028,124.0,0.9847456490093631
2026-05-28,2026-05-28 10:59:07,V028,124.0,1.1258925038904979
2026-05-28,2026-05-28 10:59:08,V028,125.0,1.000910725749554
2026-05-28,2026-05-28 10:59:09,V028,126.0,1.0209565367670208
2026-05-28,2026-05-28 10:59:10,V028,127.0,0.9718805035038258
2026-05-28,2026-05-28 10:59:11,V028,127.0,1.0987408232769758
2026-05-28,2026-05-28 10:59:12,V028,127.0,0.9315567808063282
2026-05-28,2026-05-28 10:59:13,V028,128.0,0.9861330515747625
2026-05-28,2026-05-28 10:59:14,V028,128.0,0.9617639682654328
2026-05-28,2026-05-28 10:59:15,V028,128.0,0.9608746573436325
2026-05-28,2026-05-28 10:59:16,V028,128.0,0.9648372946068532
2026-05-28,2026-05-28 10:59:17,V028,129.0,1.0015235812461927
2026-05-28,2026-05-28 10:59:18,V028,129.0,1.1222260293780035
2026-05-28,2026-05-28 10:59:19,V028,129.0,1.039189508853832
2026-05-28,2026-05-28 10:59:20,V028,129.0,1.003456555806413
2026-05-28,2026-05-28 10:59:21,V028,130.0,0.9713376893349365
2026-05-28,2026-05-28 10:59:22,V028,131.0,1.02501524252293
2026-05-28,2026-05-28 10:59:23,V028,131.0,1.1570865141640039
2026-05-28,2026-05-28 10:59:24,V028,131.0,0.9738584856273972
2026-05-28,2026-05-28 10:59:25,V028,131.0,0.9827235666768802
2026-05-28,2026-05-28 10:59:26,V028,131.0,1.0292155520545683
2026-05-28,2026-05-28 10:59:27,V028,131.0,0.9919816850168375
2026-05-28,2026-05-28 10:59:28,V028,131.0,0.9808730362080718
2026-05-28,2026-05-28 10:59:29,V028,131.0,0.9620497218742381
2026-05-28,2026-05-28 10:59:30,V028,130.0,0.9733398380810381
2026-05-28,2026-05-28 10:59:31,V028,129.0,1.0145557465867263
2026-05-28,2026-05-28 10:59:32,V028,129.0,1.043366768575895
2026-05-28,2026-05-28 10:59:33,V028,128.0,1.0014623957549034
2026-05-28,2026-05-28 10:59:34,V028,127.0,1.0248512752049046
2026-05-28,2026-05-28 10:59:35,V028,126.0,1.003220634952055
2026-05-28,2026-05-28 10:59:36,V028,124.0,0.9593718154705813
2026-05-28,2026-05-28 10:59:37,V028,124.0,1.0069389865764817
2026-05-28,2026-05-28 10:59:38,V028,124.0,0.9728173210940692
2026-05-28,2026-05-28 10:59:39,V028,123.0,1.0065090186135934
2026-05-28,2026-05-28 10:59:40,V028,123.0,1.059362061854737
2026-05-28,2026-05-28 10:59:41,V028,122.0,0.9773744548613422
2026-05-28,2026-05-28 10:59:42,V028,122.0,0.9805873654621917
2026-05-28,2026-05-28 10:59:43,V028,121.0,1.0155295897459555
2026-05-28,2026-05-28 10:59:44,V028,121.0,1.129467842294094
2026-05-28,2026-05-28 10:59:45,V028,121.0,0.9733961897008453
2026-05-28,2026-05-28 10:59:46,V028,121.0,1.190526921387246
2026-05-28,2026-05-28 10:59:47,V028,120.0,1.128082402024524
2026-05-28,2026-05-28 10:59:48,V028,120.0,1.1857759251587265
2026-05-28,2026-05-28 10:59:49,V028,120.0,0.934032874822274
2026-05-28,2026-05-28 10:59:50,V028,120.0,1.0155485899232168
2026-05-28,2026-05-28 10:59:51,V028,120.0,0.9904662857435913
2026-05-28,2026-05-28 10:59:52,V028,120.0,1.0791150520495538
2026-05-28,2026-05-28 10:59:53,V028,120.0,0.9750276329867281
2026-05-28,2026-05-28 10:59:54,V028,120.0,1.0857802924775992
2026-05-28,2026-05-28 10:59:55,V028,120.0,1.1477322397979866
2026-05-28,2026-05-28 10:59:56,V028,121.0,0.9852660572631291
2026-05-28,2026-05-28 10:59:57,V028,121.0,1.0048427838340845
2026-05-28,2026-05-28 10:59:58,V028,121.0,1.1674268507867926
2026-05-28,2026-05-28 10:59:59,V028,122.0,0.9691788000818155
2026-05-28,2026-05-28 11:00:00,V028,122.0,0.9647265763454523
2026-05-28,2026-05-28 11:00:01,V028,122.0,0.9586396026637781
2026-05-28,2026-05-28 11:00:02,V028,122.0,1.0520183362172708
2026-05-28,2026-05-28 11:00:03,V028,122.0,1.0121490911955446
2026-05-28,2026-05-28 11:00:04,V028,122.0,0.9714834565479433
2026-05-28,2026-05-28 11:00:05,V028,122.0,0.9800447887626166
2026-05-28,2026-05-28 11:00:06,V028,122.0,0.9777905697535741
2026-05-28,2026-05-28 11:00:07,V028,123.0,0.9793977140675298
2026-05-28,2026-05-28 11:00:08,V028,123.0,0.9733465086698451
2026-05-28,2026-05-28 11:00:09,V028,123.0,0.9737153737089164
2026-05-28,2026-05-28 11:00:10,V028,123.0,0.9877647877885938
2026-05-28,2026-05-28 11:00:11,V028,123.0,0.9876886762418255
2026-05-28,2026-05-28 11:00:12,V028,123.0,0.9584422943410813
2026-05-28,2026-05-28 11:00:13,V028,123.0,0.955426230679043
2026-05-28,2026-05-28 11:00:14,V028,123.0,0.9573871425481453
2026-05-28,2026-05-28 11:00:15,V028,122.0,0.9456748190885426
2026-05-28,2026-05-28 11:00:16,V028,122.0,0.9836515469574229
2026-05-28,2026-05-28 11:00:17,V028,121.0,0.9695192321744112
2026-05-28,2026-05-28 11:00:18,V028,121.0,0.9780610244465416
2026-05-28,2026-05-28 11:00:19,V028,122.0,0.9741749517239067
2026-05-28,2026-05-28 11:00:20,V028,122.0,0.9632577493168624
2026-05-28,2026-05-28 11:00:21,V028,122.0,0.9750984906451302
2026-05-28,2026-05-28 11:00:22,V028,123.0,0.9622617935343077
2026-05-28,2026-05-28 11:00:23,V028,123.0,0.9941265176167349
2026-05-28,2026-05-28 11:00:24,V028,123.0,1.0781875419761235
2026-05-28,2026-05-28 11:00:25,V028,124.0,1.0181582067416688
2026-05-28,2026-05-28 11:00:26,V028,124.0,1.0056808407737114
2026-05-28,2026-05-28 11:00:27,V028,124.0,1.0348369672567939
2026-05-28,2026-05-28 11:00:28,V028,124.0,0.9587452372145907
2026-05-28,2026-05-28 11:00:29,V028,124.0,0.995134259191266
2026-05-28,2026-05-28 11:00:30,V028,124.0,1.0070805856636833
2026-05-28,2026-05-28 11:00:31,V028,124.0,0.9567365634111739
2026-05-28,2026-05-28 11:00:32,V028,124.0,0.9579582196847519
2026-05-28,2026-05-28 11:00:33,V028,124.0,0.9578195054277608
2026-05-28,2026-05-28 11:00:34,V028,124.0,0.9568741675815208
2026-05-28,2026-05-28 11:00:35,V028,123.0,0.9698215257112333
2026-05-28,2026-05-28 11:00:36,V028,123.0,1.0987394528293128
2026-05-28,2026-05-28 11:00:37,V028,122.0,0.9831446491512391
2026-05-28,2026-05-28 11:00:38,V028,122.0,1.013733020947296
2026-05-28,2026-05-28 11:00:39,V028,121.0,1.0226682175004491
2026-05-28,2026-05-28 11:00:40,V028,120.0,1.00792179843025
2026-05-28,2026-05-28 11:00:41,V028,120.0,0.97439822087838
2026-05-28,2026-05-28 11:00:42,V028,121.0,0.9734579300910834
2026-05-28,2026-05-28 11:00:43,V028,121.0,1.0672687215784444
2026-05-28,2026-05-28 11:00:44,V028,121.0,0.9879047899577167
2026-05-28,2026-05-28 11:00:45,V028,122.0,0.9787868773292795
2026-05-28,2026-05-28 11:00:46,V028,123.0,0.9716182141290988
2026-05-28,2026-05-28 11:00:47,V028,124.0,1.0091053086660549
2026-05-28,2026-05-28 11:00:48,V028,124.0,0.9575909410228054
2026-05-28,2026-05-28 11:00:49,V028,124.0,1.0221748968220103
2026-05-28,2026-05-28 11:00:50,V028,124.0,0.996634552607834
2026-05-28,2026-05-28 11:00:51,V028,124.0,0.9793617627420219
2026-05-28,2026-05-28 11:00:52,V028,124.0,0.9704103438418525
2026-05-28,2026-05-28 11:00:53,V028,125.0,1.0813932768237784
2026-05-28,2026-05-28 11:00:54,V028,125.0,1.0083018392080865
2026-05-28,2026-05-28 11:00:55,V028,125.0,0.9324106884694835
2026-05-28,2026-05-28 11:00:56,V028,125.0,0.9846834516209746
2026-05-28,2026-05-28 11:00:57,V028,125.0,0.9531093749565517
2026-05-28,2026-05-28 11:00:58,V028,125.0,0.9856250193396955
2026-05-28,2026-05-28 11:00:59,V028,125.0,1.0532313427562185
2026-05-28,2026-05-28 11:01:00,V028,125.0,1.0230878244045742
2026-05-28,2026-05-28 11:01:01,V028,125.0,0.9990927525000399
2026-05-28,2026-05-28 11:01:02,V028,125.0,0.9707490239389042
2026-05-28,2026-05-28 11:01:03,V028,125.0,0.9767273093910888
2026-05-28,2026-05-28 11:01:04,V028,125.0,0.979759855160063
2026-05-28,2026-05-28 11:01:05,V028,125.0,0.9832754156260058
2026-05-28,2026-05-28 11:01:06,V028,125.0,1.2590976676785592
2026-05-28,2026-05-28 11:01:07,V028,125.0,1.0248560248977518
2026-05-28,2026-05-28 11:01:08,V028,125.0,0.9661365247476142
2026-05-28,2026-05-28 11:01:09,V028,124.0,1.0910947165348373
2026-05-28,2026-05-28 11:01:10,V028,124.0,0.9859720804288578
2026-05-28,2026-05-28 11:01:11,V028,124.0,1.0371685010073561
2026-05-28,2026-05-28 11:01:12,V028,123.0,1.1186270199861539
2026-05-28,2026-05-28 11:01:13,V028,122.0,0.980619016231572
2026-05-28,2026-05-28 11:01:14,V028,122.0,0.9908359989089498
2026-05-28,2026-05-28 11:01:15,V028,121.0,1.0036497670236952
2026-05-28,2026-05-28 11:01:16,V028,122.0,1.0510432359818598
2026-05-28,2026-05-28 11:01:17,V028,122.0,0.9234789835835043
2026-05-28,2026-05-28 11:01:18,V028,122.0,1.208996642497581
2026-05-28,2026-05-28 11:01:19,V028,123.0,1.098237307466053
2026-05-28,2026-05-28 11:01:20,V028,123.0,0.963891606520364
2026-05-28,2026-05-28 11:01:21,V028,125.0,1.027502430917206
2026-05-28,2026-05-28 11:01:22,V028,127.0,0.9681286109022951
2026-05-28,2026-05-28 11:01:23,V028,128.0,1.0182307739609204
2026-05-28,2026-05-28 11:01:24,V028,128.0,0.9627383093254478
2026-05-28,2026-05-28 11:01:25,V028,129.0,0.9986233334415713
2026-05-28,2026-05-28 11:01:26,V028,130.0,1.0459057128218894
2026-05-28,2026-05-28 11:01:27,V028,131.0,1.0043276333875422
2026-05-28,2026-05-28 11:01:28,V028,131.0,0.990795840241926
2026-05-28,2026-05-28 11:01:29,V028,132.0,0.9796540920453483
2026-05-28,2026-05-28 11:01:30,V028,133.0,1.1595306662938214
2026-05-28,2026-05-28 11:01:31,V028,134.0,0.9840354271772054
2026-05-28,2026-05-28 11:01:32,V028,134.0,1.1833561343537025
2026-05-28,2026-05-28 11:01:33,V028,134.0,1.0735235647140289
2026-05-28,2026-05-28 11:01:34,V028,135.0,1.0071240323985873
2026-05-28,2026-05-28 11:01:35,V028,135.0,0.9323152221804092
2026-05-28,2026-05-28 11:01:36,V028,135.0,1.1112546645066173
2026-05-28,2026-05-28 11:01:37,V028,135.0,0.9897008005432208
2026-05-28,2026-05-28 11:01:38,V028,135.0,1.057018637054959
2026-05-28,2026-05-28 11:01:39,V028,134.0,1.0479688253379416
2026-05-28,2026-05-28 11:01:40,V028,134.0,1.294772054135775
2026-05-28,2026-05-28 11:01:41,V028,133.0,0.9803704538695489
2026-05-28,2026-05-28 11:01:42,V028,132.0,1.0082083170847982
2026-05-28,2026-05-28 11:01:43,V028,131.0,1.082670477366568
2026-05-28,2026-05-28 11:01:44,V028,131.0,1.0612164134045199
2026-05-28,2026-05-28 11:01:45,V028,131.0,1.0366149084350678
2026-05-28,2026-05-28 11:01:46,V028,130.0,0.9982127417738514
2026-05-28,2026-05-28 11:01:47,V028,130.0,0.9564412269799842
2026-05-28,2026-05-28 11:01:48,V028,130.0,0.9997918210062656
2026-05-28,2026-05-28 11:01:49,V028,131.0,1.2848858912982692
2026-05-28,2026-05-28 11:01:50,V028,131.0,1.1294525126925066
2026-05-28,2026-05-28 11:01:51,V028,132.0,1.0569335458751405
2026-05-28,2026-05-28 11:01:52,V028,132.0,1.0404365662685273
2026-05-28,2026-05-28 11:01:53,V028,132.0,1.201046705460175
2026-05-28,2026-05-28 11:01:54,V028,132.0,1.1579020288567317
2026-05-28,2026-05-28 11:01:55,V028,133.0,0.9979965028363446
2026-05-28,2026-05-28 11:01:56,V028,134.0,0.936506756721813
2026-05-28,2026-05-28 11:01:57,V028,135.0,1.1994187914369667
2026-05-28,2026-05-28 11:01:58,V028,135.0,1.0454289001477999
2026-05-28,2026-05-28 11:01:59,V028,136.0,0.9830254327054269
2026-05-28,2026-05-28 11:02:00,V028,136.0,0.9920814715361593
2026-05-28,2026-05-28 11:02:01,V028,137.0,1.0260971842404878
2026-05-28,2026-05-28 11:02:02,V028,138.0,1.0194041759221093
2026-05-28,2026-05-28 11:02:03,V028,138.0,0.973634178178562
2026-05-28,2026-05-28 11:02:04,V028,139.0,1.0505638840041744
2026-05-28,2026-05-28 11:02:05,V028,139.0,1.0547518103094045
2026-05-28,2026-05-28 11:02:06,V028,139.0,0.9746999719227887
2026-05-28,2026-05-28 11:02:07,V028,139.0,0.9713696958894289
2026-05-28,2026-05-28 11:02:08,V028,140.0,1.0407630558993906
2026-05-28,2026-05-28 11:02:09,V028,140.0,0.9878325149349337
2026-05-28,2026-05-28 11:02:10,V028,140.0,0.9810263336756001
2026-05-28,2026-05-28 11:02:11,V028,140.0,1.1068283776142367
2026-05-28,2026-05-28 11:02:12,V028,140.0,1.0749310268176526
2026-05-28,2026-05-28 11:02:13,V028,140.0,1.0201018440140155
2026-05-28,2026-05-28 11:02:14,V028,140.0,1.004426979308451
2026-05-28,2026-05-28 11:02:15,V028,141.0,0.98385277958967
2026-05-28,2026-05-28 11:02:16,V028,141.0,1.0135115807199557
2026-05-28,2026-05-28 11:02:17,V028,141.0,1.054501827445318
2026-05-28,2026-05-28 11:02:18,V028,141.0,1.1397644227774073
2026-05-28,2026-05-28 11:02:19,V028,141.0,0.9601015265653923
2026-05-28,2026-05-28 11:02:20,V028,141.0,1.0255262209389073
2026-05-28,2026-05-28 11:02:21,V028,140.0,0.9626741628171481
2026-05-28,2026-05-28 11:02:22,V028,140.0,1.1327644919818052
2026-05-28,2026-05-28 11:02:23,V028,139.0,0.9940300862103321
2026-05-28,2026-05-28 11:02:24,V028,140.0,0.9594351880444322
2026-05-28,2026-05-28 11:02:25,V028,141.0,1.112923986222195
2026-05-28,2026-05-28 11:02:26,V028,141.0,1.0628787346799924
2026-05-28,2026-05-28 11:02:27,V028,140.0,1.0380556538764203
2026-05-28,2026-05-28 11:02:28,V028,139.0,1.142370194762461
2026-05-28,2026-05-28 11:02:29,V028,138.0,1.012460716009992
2026-05-28,2026-05-28 11:02:30,V028,137.0,0.9544879612249574
2026-05-28,2026-05-28 11:02:31,V028,137.0,1.0235360809652239
2026-05-28,2026-05-28 11:02:32,V028,137.0,1.0048076125705852
2026-05-28,2026-05-28 11:02:33,V028,136.0,1.0319689881619267
2026-05-28,2026-05-28 11:02:34,V028,136.0,1.0343678822519318
2026-05-28,2026-05-28 11:02:35,V028,136.0,1.0434221935171815
2026-05-28,2026-05-28 11:02:36,V028,135.0,1.0313778582899467
2026-05-28,2026-05-28 11:02:37,V028,135.0,1.000263325394152
2026-05-28,2026-05-28 11:02:38,V028,135.0,0.9950354642796915
2026-05-28,2026-05-28 11:02:39,V028,136.0,1.095216304349478
2026-05-28,2026-05-28 11:02:40,V028,136.0,0.9935732506254733
2026-05-28,2026-05-28 11:02:41,V028,137.0,1.0290403155643184
2026-05-28,2026-05-28 11:02:42,V028,137.0,1.0411042067444916
2026-05-28,2026-05-28 11:02:43,V028,137.0,1.1107199589397125
2026-05-28,2026-05-28 11:02:44,V028,137.0,1.0097223726174442
2026-05-28,2026-05-28 11:02:45,V028,136.0,1.065807334362695
2026-05-28,2026-05-28 11:02:46,V028,136.0,1.0118246792768548
2026-05-28,2026-05-28 11:02:47,V028,135.0,1.2016460253582675
2026-05-28,2026-05-28 11:02:48,V028,134.0,1.3299073578690743
2026-05-28,2026-05-28 11:02:49,V028,134.0,0.9767107769325697
2026-05-28,2026-05-28 11:02:50,V028,132.0,1.2586648281657868
2026-05-28,2026-05-28 11:02:51,V028,132.0,1.049357816268372
2026-05-28,2026-05-28 11:02:52,V028,132.0,1.1012289387529026
2026-05-28,2026-05-28 11:02:53,V028,131.0,0.9952720952735606
2026-05-28,2026-05-28 11:02:54,V028,131.0,1.0060405411769686
2026-05-28,2026-05-28 11:02:55,V028,131.0,0.9652111493828184
2026-05-28,2026-05-28 11:02:56,V028,131.0,1.0081669200904708
2026-05-28,2026-05-28 11:02:57,V028,131.0,0.983225439594977
2026-05-28,2026-05-28 11:02:58,V028,131.0,0.9984917283354435
2026-05-28,2026-05-28 11:02:59,V028,131.0,1.3980777499361494
2026-05-28,2026-05-28 11:03:00,V028,132.0,1.223865650374958
2026-05-28,2026-05-28 11:03:01,V028,132.0,0.960232826507542
2026-05-28,2026-05-28 11:03:02,V028,132.0,1.0500589362419124
2026-05-28,2026-05-28 11:03:03,V028,132.0,1.1789482862127207
2026-05-28,2026-05-28 11:03:04,V028,132.0,0.823219688231002
2026-05-28,2026-05-28 11:03:05,V028,132.0,0.9537539965730921
2026-05-28,2026-05-28 11:03:06,V028,132.0,0.951015923701349
2026-05-28,2026-05-28 11:03:07,V028,132.0,0.9367819054419305
2026-05-28,2026-05-28 11:03:08,V028,133.0,0.9351415610163906
2026-05-28,2026-05-28 11:03:09,V028,134.0,0.990796500223771
2026-05-28,2026-05-28 11:03:10,V028,134.0,0.9657096355681135
2026-05-28,2026-05-28 11:03:11,V028,135.0,0.9914877155616244
2026-05-28,2026-05-28 11:03:12,V028,136.0,1.145566313208402
2026-05-28,2026-05-28 11:03:13,V028,137.0,1.0410590008368974
2026-05-28,2026-05-28 11:03:14,V028,137.0,0.9744370737835322
2026-05-28,2026-05-28 11:03:15,V028,138.0,1.005300762008633
2026-05-28,2026-05-28 11:03:16,V028,138.0,1.0148570808824757
2026-05-28,2026-05-28 11:03:17,V028,138.0,1.0300653546373573
2026-05-28,2026-05-28 11:03:18,V028,138.0,1.0786114643182154
2026-05-28,2026-05-28 11:03:19,V028,138.0,0.9931685888392197
2026-05-28,2026-05-28 11:03:20,V028,138.0,0.9809748129353446
2026-05-28,2026-05-28 11:03:21,V028,139.0,0.9148802711198247
2026-05-28,2026-05-28 11:03:22,V028,139.0,1.0712258879088599
2026-05-28,2026-05-28 11:03:23,V028,140.0,1.0053471180025007
2026-05-28,2026-05-28 11:03:24,V028,140.0,1.0284170938174122
2026-05-28,2026-05-28 11:03:25,V028,140.0,1.0425761602829506
2026-05-28,2026-05-28 11:03:26,V028,140.0,0.9732704101853531
2026-05-28,2026-05-28 11:03:27,V028,139.0,0.9922365116237675
2026-05-28,2026-05-28 11:03:28,V028,138.0,1.0905843083561406
2026-05-28,2026-05-28 11:03:29,V028,137.0,1.1390871007583119
2026-05-28,2026-05-28 11:03:30,V028,137.0,1.0360396272882666
2026-05-28,2026-05-28 11:03:31,V028,136.0,1.2320450348124887
2026-05-28,2026-05-28 11:03:32,V028,136.0,0.9932038508429188
2026-05-28,2026-05-28 11:03:33,V028,136.0,0.9878424343780166
2026-05-28,2026-05-28 11:03:34,V028,136.0,1.2615318179335262
2026-05-28,2026-05-28 11:03:35,V028,137.0,1.498327131388329
2026-05-28,2026-05-28 11:03:36,V028,137.0,0.9535092791280897
2026-05-28,2026-05-28 11:03:37,V028,137.0,0.9600502206900021
2026-05-28,2026-05-28 11:03:38,V028,138.0,1.0116882964136833
2026-05-28,2026-05-28 11:03:39,V028,138.0,0.991958296922336
2026-05-28,2026-05-28 11:03:40,V028,139.0,1.0274187500107512
2026-05-28,2026-05-28 11:03:41,V028,140.0,1.003305613359035
2026-05-28,2026-05-28 11:03:42,V028,141.0,1.047509604819218
2026-05-28,2026-05-28 11:03:43,V028,142.0,0.9947262946461647
2026-05-28,2026-05-28 11:03:44,V028,142.0,0.9974078801958584
2026-05-28,2026-05-28 11:03:45,V028,142.0,0.9570015598008864
2026-05-28,2026-05-28 11:03:46,V028,143.0,0.9573914561032354
2026-05-28,2026-05-28 11:03:47,V028,143.0,0.971292874250488
2026-05-28,2026-05-28 11:03:48,V028,143.0,0.9650793371143569
2026-05-28,2026-05-28 11:03:49,V028,143.0,0.9583672408445594
2026-05-28,2026-05-28 11:03:50,V028,143.0,0.9639985889791569
2026-05-28,2026-05-28 11:03:51,V028,142.0,0.9624562096849429
2026-05-28,2026-05-28 11:03:52,V028,142.0,0.992480497701424
2026-05-28,2026-05-28 11:03:53,V028,142.0,1.0054452720960654
2026-05-28,2026-05-28 11:03:54,V028,142.0,0.9761335322504754
2026-05-28,2026-05-28 11:03:55,V028,141.0,1.003247980356177
2026-05-28,2026-05-28 11:03:56,V028,141.0,0.96958755991801
2026-05-28,2026-05-28 11:03:57,V028,140.0,0.9798450662872824
2026-05-28,2026-05-28 11:03:58,V028,140.0,0.9721546671925311
2026-05-28,2026-05-28 11:03:59,V028,139.0,0.9863901072610786
2026-05-28,2026-05-28 11:04:00,V028,139.0,0.9934092354520789
2026-05-28,2026-05-28 11:04:01,V028,138.0,0.9808017614211194
2026-05-28,2026-05-28 11:04:02,V028,137.0,0.976663078588349
2026-05-28,2026-05-28 11:04:03,V028,137.0,0.9856365899028725
2026-05-28,2026-05-28 11:04:04,V028,136.0,0.971555147967389
2026-05-28,2026-05-28 11:04:05,V028,136.0,0.9773686837624586
2026-05-28,2026-05-28 11:04:06,V028,136.0,0.9832993014272762
2026-05-28,2026-05-28 11:04:07,V028,136.0,0.9817811340957668
2026-05-28,2026-05-28 11:04:08,V028,136.0,0.9844119123380232
2026-05-28,2026-05-28 11:04:09,V028,136.0,0.9982019944287206
2026-05-28,2026-05-28 11:04:10,V028,136.0,1.0369337108942875
2026-05-28,2026-05-28 11:04:11,V028,135.0,0.9947646471894005
2026-05-28,2026-05-28 11:04:12,V028,135.0,0.9743657030336169
2026-05-28,2026-05-28 11:04:13,V028,135.0,0.975878385716423
2026-05-28,2026-05-28 11:04:14,V028,135.0,0.981150132073113
2026-05-28,2026-05-28 11:04:15,V028,134.0,0.9774655418244618
2026-05-28,2026-05-28 11:04:16,V028,134.0,0.9904817161738804
2026-05-28,2026-05-28 11:04:17,V028,134.0,0.9777282962718479
2026-05-28,2026-05-28 11:04:18,V028,134.0,1.0064662421297068
2026-05-28,2026-05-28 11:04:19,V028,133.0,0.9875973925934335
2026-05-28,2026-05-28 11:04:20,V028,133.0,1.0222781228141054
2026-05-28,2026-05-28 11:04:21,V028,133.0,0.9721949517259202
2026-05-28,2026-05-28 11:04:22,V028,133.0,0.9773376344472923
2026-05-28,2026-05-28 11:04:23,V028,134.0,1.0049409885653733
2026-05-28,2026-05-28 11:04:24,V028,134.0,0.9721098583725322
2026-05-28,2026-05-28 11:04:25,V028,133.0,1.0008547564474066
2026-05-28,2026-05-28 11:04:26,V028,133.0,1.0129092324440552
2026-05-28,2026-05-28 11:04:27,V028,133.0,0.9703463577061631
2026-05-28,2026-05-28 11:04:28,V028,132.0,0.9711685209337151
2026-05-28,2026-05-28 11:04:29,V028,131.0,0.9750262465309271
2026-05-28,2026-05-28 11:04:30,V028,131.0,1.012532580207465
2026-05-28,2026-05-28 11:04:31,V028,130.0,0.9666354729608634
2026-05-28,2026-05-28 11:04:32,V028,129.0,1.0030191827499086
2026-05-28,2026-05-28 11:04:33,V028,129.0,1.0175931784466945
2026-05-28,2026-05-28 11:04:34,V028,129.0,1.0382997911937173
2026-05-28,2026-05-28 11:04:35,V028,128.0,1.0086963011152545
2026-05-28,2026-05-28 11:04:36,V028,128.0,1.0075515512034643
2026-05-28,2026-05-28 11:04:37,V028,128.0,0.9884652282327521
2026-05-28,2026-05-28 11:04:38,V028,128.0,0.9932579667874426
2026-05-28,2026-05-28 11:04:39,V028,127.0,1.0462584096262662
2026-05-28,2026-05-28 11:04:40,V028,127.0,0.9713028887811065
2026-05-28,2026-05-28 11:04:41,V028,127.0,0.9817325561034491
2026-05-28,2026-05-28 11:04:42,V028,126.0,0.9845490777936065
2026-05-28,2026-05-28 11:04:43,V028,126.0,0.9738515934780783
2026-05-28,2026-05-28 11:04:44,V028,126.0,0.9741136147679356
2026-05-28,2026-05-28 11:04:45,V028,125.0,0.9716930484147902
2026-05-28,2026-05-28 11:04:46,V028,124.0,0.9699826141882432
2026-05-28,2026-05-28 11:04:47,V028,124.0,0.9926186107843906
2026-05-28,2026-05-28 11:04:48,V028,123.0,0.9570971010861211
2026-05-28,2026-05-28 11:04:49,V028,122.0,0.9747454714176401
2026-05-28,2026-05-28 11:04:50,V028,122.0,0.9750210995585502
2026-05-28,2026-05-28 11:04:51,V028,122.0,0.9749355569774798
2026-05-28,2026-05-28 11:04:52,V028,122.0,0.9776053461636982
2026-05-28,2026-05-28 11:04:53,V028,122.0,0.9788416189472536
2026-05-28,2026-05-28 11:04:54,V028,122.0,0.9770319702910862
2026-05-28,2026-05-28 11:04:55,V028,122.0,0.9803302170569098
2026-05-28,2026-05-28 11:04:56,V028,122.0,0.9712746755479076
2026-05-28,2026-05-28 11:04:57,V028,123.0,0.9830157293328672
2026-05-28,2026-05-28 11:04:58,V028,123.0,0.9731131607055381
2026-05-28,2026-05-28 11:04:59,V028,123.0,0.9785748112127907
2026-05-28,2026-05-28 11:05:00,V028,124.0,0.9862543346534819
2026-05-28,2026-05-28 11:05:01,V028,124.0,0.9640662757075597
2026-05-28,2026-05-28 11:05:02,V028,125.0,0.9974510500878914
2026-05-28,2026-05-28 11:05:03,V028,125.0,0.9687501523362629
2026-05-28,2026-05-28 11:05:04,V028,125.0,1.0120386730295239
2026-05-28,2026-05-28 11:05:05,V028,125.0,0.9538821918237267
2026-05-28,2026-05-28 11:05:06,V028,125.0,1.0011681414012306
2026-05-28,2026-05-28 11:05:07,V028,126.0,1.0023957404381771
2026-05-28,2026-05-28 11:05:08,V028,126.0,0.9844434466097441
2026-05-28,2026-05-28 11:05:09,V028,127.0,0.9763709129455758
2026-05-28,2026-05-28 11:05:10,V028,127.0,0.9785240167736367
2026-05-28,2026-05-28 11:05:11,V028,127.0,0.9854198948416131
2026-05-28,2026-05-28 11:05:12,V028,127.0,0.9695275395385323
2026-05-28,2026-05-28 11:05:13,V028,127.0,0.9923191734562349
2026-05-28,2026-05-28 11:05:14,V028,127.0,0.9901457561960727
2026-05-28,2026-05-28 11:05:15,V028,127.0,0.9915748148703596
2026-05-28,2026-05-28 11:05:16,V028,126.0,0.9921378483469372
2026-05-28,2026-05-28 11:05:17,V028,125.0,0.9854085388059741
2026-05-28,2026-05-28 11:05:18,V028,125.0,1.0014361323741827
2026-05-28,2026-05-28 11:05:19,V028,125.0,0.9654302773982667
2026-05-28,2026-05-28 11:05:20,V028,124.0,0.9890964761920844
2026-05-28,2026-05-28 11:05:21,V028,124.0,1.0204895518941774
2026-05-28,2026-05-28 11:05:22,V028,123.0,0.9573368349817429
2026-05-28,2026-05-28 11:05:23,V028,123.0,0.9902425540279869
2026-05-28,2026-05-28 11:05:24,V028,122.0,1.0093504750816567
2026-05-28,2026-05-28 11:05:25,V028,122.0,0.9454018752543448
2026-05-28,2026-05-28 11:05:26,V028,122.0,1.015647551200018
2026-05-28,2026-05-28 11:05:27,V028,121.0,1.059185157075966
2026-05-28,2026-05-28 11:05:28,V028,120.0,0.985602035056868
2026-05-28,2026-05-28 11:05:29,V028,119.0,0.9789948486862022
2026-05-28,2026-05-28 11:05:30,V028,119.0,1.0134592475906663
2026-05-28,2026-05-28 11:05:31,V028,119.0,1.0118996179351232
2026-05-28,2026-05-28 11:05:32,V028,119.0,1.0065450244335459
2026-05-28,2026-05-28 11:05:33,V028,118.0,0.9884667543809631
2026-05-28,2026-05-28 11:05:34,V028,117.0,1.2718493408149165
2026-05-28,2026-05-28 11:05:35,V028,117.0,0.9050827778754149
2026-05-28,2026-05-28 11:05:36,V028,117.0,0.9905946487261181
2026-05-28,2026-05-28 11:05:37,V028,117.0,0.9732990645391546
2026-05-28,2026-05-28 11:05:38,V028,117.0,1.0064871177220682
2026-05-28,2026-05-28 11:05:39,V028,118.0,0.9775740862256048
2026-05-28,2026-05-28 11:05:40,V028,119.0,0.9682088197809238
2026-05-28,2026-05-28 11:05:41,V028,120.0,0.9983252944644796
2026-05-28,2026-05-28 11:05:42,V028,120.0,0.9586877396352758
2026-05-28,2026-05-28 11:05:43,V028,121.0,0.9821624231720033
2026-05-28,2026-05-28 11:05:44,V028,122.0,0.9698585893485517
2026-05-28,2026-05-28 11:05:45,V028,122.0,0.9678440772803734
2026-05-28,2026-05-28 11:05:46,V028,122.0,0.9660629240973156
2026-05-28,2026-05-28 11:05:47,V028,122.0,0.9661308127237139
2026-05-28,2026-05-28 11:05:48,V028,123.0,0.9860546257807354
2026-05-28,2026-05-28 11:05:49,V028,123.0,1.0114134090816806
2026-05-28,2026-05-28 11:05:50,V028,124.0,1.007164267675974
2026-05-28,2026-05-28 11:05:51,V028,125.0,0.9941810725318937
2026-05-28,2026-05-28 11:05:52,V028,125.0,0.9770305274524271
2026-05-28,2026-05-28 11:05:53,V028,126.0,0.9886928572334455
2026-05-28,2026-05-28 11:05:54,V028,127.0,0.9869574543886749
2026-05-28,2026-05-28 11:05:55,V028,128.0,0.9664897844042539
2026-05-28,2026-05-28 11:05:56,V028,130.0,0.9785516473454188
2026-05-28,2026-05-28 11:05:57,V028,131.0,0.9697894875533785
2026-05-28,2026-05-28 11:05:58,V028,133.0,0.9688430510704682
2026-05-28,2026-05-28 11:05:59,V028,134.0,0.9767144904383044
2026-05-28,2026-05-28 11:06:00,V028,135.0,0.9799374947456038
2026-05-28,2026-05-28 11:06:01,V028,135.0,0.9735681710818875
2026-05-28,2026-05-28 11:06:02,V028,135.0,0.9715734128973004
2026-05-28,2026-05-28 11:06:03,V028,135.0,0.9798695128576798
2026-05-28,2026-05-28 11:06:04,V028,135.0,0.9754847686418067
2026-05-28,2026-05-28 11:06:05,V028,134.0,0.976918306721404
2026-05-28,2026-05-28 11:06:06,V028,134.0,0.9763335850157914
2026-05-28,2026-05-28 11:06:07,V028,133.0,0.9782853158057953
2026-05-28,2026-05-28 11:06:08,V028,133.0,0.9776023960374299
2026-05-28,2026-05-28 11:06:09,V028,132.0,0.9724921438917425
2026-05-28,2026-05-28 11:06:10,V028,131.0,0.9825781090280116
2026-05-28,2026-05-28 11:06:11,V028,131.0,0.9939843729789793
2026-05-28,2026-05-28 11:06:12,V028,131.0,0.999428258982107
2026-05-28,2026-05-28 11:06:13,V028,131.0,0.9765792418482614
2026-05-28,2026-05-28 11:06:14,V028,130.0,0.9838791467731445
2026-05-28,2026-05-28 11:06:15,V028,130.0,0.9854319000864671
2026-05-28,2026-05-28 11:06:16,V028,130.0,0.9917584398215222
2026-05-28,2026-05-28 11:06:17,V028,130.0,0.9792935391400991
2026-05-28,2026-05-28 11:06:18,V028,129.0,0.968734183283948
2026-05-28,2026-05-28 11:06:19,V028,129.0,0.9686513730757667
2026-05-28,2026-05-28 11:06:20,V028,128.0,0.9653453784768034
2026-05-28,2026-05-28 11:06:21,V028,128.0,0.9693434346162336
2026-05-28,2026-05-28 11:06:22,V028,127.0,0.9686763018961546
2026-05-28,2026-05-28 11:06:23,V028,127.0,0.967059938450907
2026-05-28,2026-05-28 11:06:24,V028,128.0,0.9718880296347827
2026-05-28,2026-05-28 11:06:25,V028,128.0,0.9662415616161054
2026-05-28,2026-05-28 11:06:26,V028,128.0,0.9693999483340758
2026-05-28,2026-05-28 11:06:27,V028,128.0,0.9669836387406858
2026-05-28,2026-05-28 11:06:28,V028,127.0,0.9710952385084259
2026-05-28,2026-05-28 11:06:29,V028,127.0,0.9647678634643644
2026-05-28,2026-05-28 11:06:30,V028,127.0,0.9731410143160946
2026-05-28,2026-05-28 11:06:31,V028,126.0,0.9649405177504968
2026-05-28,2026-05-28 11:06:32,V028,125.0,0.9706925948098528
2026-05-28,2026-05-28 11:06:33,V028,125.0,0.9677674475396522
2026-05-28,2026-05-28 11:06:34,V028,124.0,0.968335220651537
2026-05-28,2026-05-28 11:06:35,V028,124.0,0.9663341972064842
2026-05-28,2026-05-28 11:06:36,V028,123.0,0.975831571439333
2026-05-28,2026-05-28 11:06:37,V028,123.0,0.9711788148183271
2026-05-28,2026-05-28 11:06:38,V028,123.0,1.0247580454479517
2026-05-28,2026-05-28 11:06:39,V028,123.0,0.9080582789976402
2026-05-28,2026-05-28 11:06:40,V028,123.0,0.9540975158843215
2026-05-28,2026-05-28 11:06:41,V028,123.0,1.019286150671216
2026-05-28,2026-05-28 11:06:42,V028,123.0,0.9824289865772424
2026-05-28,2026-05-28 11:06:43,V028,123.0,0.9666065372451711
2026-05-28,2026-05-28 11:06:44,V028,124.0,0.9684133162024601
2026-05-28,2026-05-28 11:06:45,V028,124.0,0.9715529910027959
2026-05-28,2026-05-28 11:06:46,V028,124.0,0.9673530038344609
2026-05-28,2026-05-28 11:06:47,V028,124.0,0.9672635980281868
2026-05-28,2026-05-28 11:06:48,V028,123.0,0.9734226060047693
2026-05-28,2026-05-28 11:06:49,V028,123.0,0.9641016005804544
2026-05-28,2026-05-28 11:06:50,V028,123.0,0.9746595909338435
2026-05-28,2026-05-28 11:06:51,V028,123.0,0.9665298328750026
2026-05-28,2026-05-28 11:06:52,V028,123.0,0.9641506594218903
2026-05-28,2026-05-28 11:06:53,V028,123.0,0.9650675608108548
2026-05-28,2026-05-28 11:06:54,V028,124.0,0.9656249057383544
2026-05-28,2026-05-28 11:06:55,V028,124.0,0.9661658907387878
2026-05-28,2026-05-28 11:06:56,V028,125.0,0.9665014483968557
2026-05-28,2026-05-28 11:06:57,V028,125.0,0.9645525525709039
2026-05-28,2026-05-28 11:06:58,V028,125.0,0.9658565814221318
2026-05-28,2026-05-28 11:06:59,V028,125.0,0.9651737963599757
2026-05-28,2026-05-28 11:07:00,V028,124.0,0.9653434041266009
2026-05-28,2026-05-28 11:07:01,V028,124.0,0.9661655182542364
2026-05-28,2026-05-28 11:07:02,V028,123.0,0.9653713435298167
2026-05-28,2026-05-28 11:07:03,V028,123.0,0.9644270930317458
2026-05-28,2026-05-28 11:07:04,V028,123.0,0.9639839198633039
2026-05-28,2026-05-28 11:07:05,V028,122.0,0.9642064219082543
2026-05-28,2026-05-28 11:07:06,V028,122.0,0.9640294277242524
2026-05-28,2026-05-28 11:07:07,V028,122.0,0.9643552335726054
2026-05-28,2026-05-28 11:07:08,V028,121.0,0.9633147205104668
2026-05-28,2026-05-28 11:07:09,V028,121.0,0.9645632633295862
2026-05-28,2026-05-28 11:07:10,V028,121.0,0.9633458500158927
2026-05-28,2026-05-28 11:07:11,V028,121.0,0.9627605989111094
2026-05-28,2026-05-28 11:07:12,V028,121.0,0.9640763438668474
2026-05-28,2026-05-28 11:07:13,V028,120.0,0.9652001700610994
2026-05-28,2026-05-28 11:07:14,V028,120.0,0.9693426252254242
2026-05-28,2026-05-28 11:07:15,V028,120.0,1.0111049427615868
2026-05-28,2026-05-28 11:07:16,V028,120.0,0.9757373516023329
2026-05-28,2026-05-28 11:07:17,V028,120.0,0.9778718079374342
2026-05-28,2026-05-28 11:07:18,V028,121.0,1.0208059600662436
2026-05-28,2026-05-28 11:07:19,V028,121.0,0.9924203650908783
2026-05-28,2026-05-28 11:07:20,V028,122.0,0.9737167200623204
2026-05-28,2026-05-28 11:07:21,V028,122.0,1.150827897509865
2026-05-28,2026-05-28 11:07:22,V028,123.0,1.1539391197915008
2026-05-28,2026-05-28 11:07:23,V028,124.0,1.0030923922680641
2026-05-28,2026-05-28 11:07:24,V028,124.0,0.9761279322698696
2026-05-28,2026-05-28 11:07:25,V028,125.0,1.2103050987527748
2026-05-28,2026-05-28 11:07:26,V028,125.0,1.1648633956231478
2026-05-28,2026-05-28 11:07:27,V028,126.0,1.150611867792545
2026-05-28,2026-05-28 11:07:28,V028,128.0,1.145635656691822
2026-05-28,2026-05-28 11:07:29,V028,129.0,1.0174584740860915
2026-05-28,2026-05-28 11:07:30,V028,129.0,0.9996909114904868
2026-05-28,2026-05-28 11:07:31,V028,129.0,1.0914290337869779
2026-05-28,2026-05-28 11:07:32,V028,130.0,1.1084814720239933
2026-05-28,2026-05-28 11:07:33,V028,131.0,1.1238443152039976
2026-05-28,2026-05-28 11:07:34,V028,132.0,0.982392837228031
2026-05-28,2026-05-28 11:07:35,V028,133.0,0.9636225259423291
2026-05-28,2026-05-28 11:07:36,V028,135.0,0.9694856955967525
2026-05-28,2026-05-28 11:07:37,V028,136.0,1.0093794715734576
2026-05-28,2026-05-28 11:07:38,V028,136.0,1.0212297688619831
2026-05-28,2026-05-28 11:07:39,V028,138.0,0.9429927161545731
2026-05-28,2026-05-28 11:07:40,V028,139.0,1.1324732137460833
2026-05-28,2026-05-28 11:07:41,V028,141.0,1.0177939186723823
2026-05-28,2026-05-28 11:07:42,V028,142.0,0.9737508591658648
2026-05-28,2026-05-28 11:07:43,V028,144.0,1.0154296938163252
2026-05-28,2026-05-28 11:07:44,V028,146.0,0.9891564694779923
2026-05-28,2026-05-28 11:07:45,V028,147.0,1.2031116127194024
2026-05-28,2026-05-28 11:07:46,V028,147.0,0.9955230754950405
2026-05-28,2026-05-28 11:07:47,V028,148.0,1.2049635011575373
2026-05-28,2026-05-28 11:07:48,V028,150.0,0.955600319362499
2026-05-28,2026-05-28 11:07:49,V028,150.0,0.9860976153648914
2026-05-28,2026-05-28 11:07:50,V028,150.0,0.9654229741620343
2026-05-28,2026-05-28 11:07:51,V028,151.0,1.0078218690313618
2026-05-28,2026-05-28 11:07:52,V028,152.0,1.0325499794525008
2026-05-28,2026-05-28 11:07:53,V028,153.0,1.0321249502539687
2026-05-28,2026-05-28 11:07:54,V028,153.0,1.2419052612682169
2026-05-28,2026-05-28 11:07:55,V028,154.0,1.0700496073106518
2026-05-28,2026-05-28 11:07:56,V028,153.0,1.0090114801024457
2026-05-28,2026-05-28 11:07:57,V028,153.0,1.0250676667677594
2026-05-28,2026-05-28 11:07:58,V028,153.0,0.9826431321476808
2026-05-28,2026-05-28 11:07:59,V028,152.0,1.0131553098321948
2026-05-28,2026-05-28 11:08:00,V028,151.0,1.0199530091692686
2026-05-28,2026-05-28 11:08:01,V028,150.0,0.9738658071519098
2026-05-28,2026-05-28 11:08:02,V028,149.0,1.0740229838547766
2026-05-28,2026-05-28 11:08:03,V028,149.0,1.1487443215432929
2026-05-28,2026-05-28 11:08:04,V028,149.0,1.0087344040575448
2026-05-28,2026-05-28 11:08:05,V028,150.0,0.9876107608076712
2026-05-28,2026-05-28 11:08:06,V028,150.0,1.0188614950869426
2026-05-28,2026-05-28 11:08:07,V028,151.0,1.1402292322724803
2026-05-28,2026-05-28 11:08:08,V028,151.0,0.9871847342936243
2026-05-28,2026-05-28 11:08:09,V028,152.0,0.9690884757636448
2026-05-28,2026-05-28 11:08:10,V028,154.0,1.0491425688099842
2026-05-28,2026-05-28 11:08:11,V028,155.0,1.0073343936110004
2026-05-28,2026-05-28 11:08:12,V028,155.0,1.0246245859968697
2026-05-28,2026-05-28 11:08:13,V028,156.0,1.0067138840380574
2026-05-28,2026-05-28 11:08:14,V028,157.0,1.122974901803906
2026-05-28,2026-05-28 11:08:15,V028,158.0,1.0214720516078084
2026-05-28,2026-05-28 11:08:16,V028,158.0,1.0358500894589964
2026-05-28,2026-05-28 11:08:17,V028,159.0,1.0026371472621651
2026-05-28,2026-05-28 11:08:18,V028,159.0,1.015438697921548
2026-05-28,2026-05-28 11:08:19,V028,160.0,0.9936839011035596
2026-05-28,2026-05-28 11:08:20,V028,160.0,0.9965030290107685
2026-05-28,2026-05-28 11:08:21,V028,160.0,0.9635557657877027
2026-05-28,2026-05-28 11:08:22,V028,160.0,1.0146257240329963
2026-05-28,2026-05-28 11:08:23,V028,159.0,0.9622204271379878
2026-05-28,2026-05-28 11:08:24,V028,159.0,0.9914435474561508
2026-05-28,2026-05-28 11:08:25,V028,159.0,0.9653171270811459
2026-05-28,2026-05-28 11:08:26,V028,158.0,0.9772349611421537
2026-05-28,2026-05-28 11:08:27,V028,157.0,0.9776763808098342
2026-05-28,2026-05-28 11:08:28,V028,156.0,0.980721366357771
2026-05-28,2026-05-28 11:08:29,V028,154.0,0.9862735701019244
2026-05-28,2026-05-28 11:08:30,V028,151.0,0.9671865555920834
2026-05-28,2026-05-28 11:08:31,V028,150.0,0.9635696251520146
2026-05-28,2026-05-28 11:08:32,V028,150.0,0.9658755861171681
2026-05-28,2026-05-28 11:08:33,V028,149.0,0.9660672405977765
2026-05-28,2026-05-28 11:08:34,V028,148.0,0.967222417451419
2026-05-28,2026-05-28 11:08:35,V028,147.0,0.970525211838742
2026-05-28,2026-05-28 11:08:36,V028,146.0,0.9699527752805807
2026-05-28,2026-05-28 11:08:37,V028,145.0,0.9672717965858909
2026-05-28,2026-05-28 11:08:38,V028,145.0,0.9660001518995545
2026-05-28,2026-05-28 11:08:39,V028,144.0,0.9671764574459762
2026-05-28,2026-05-28 11:08:40,V028,144.0,0.9662447903905471
2026-05-28,2026-05-28 11:08:41,V028,144.0,0.9672292933915918
2026-05-28,2026-05-28 11:08:42,V028,143.0,0.9671627027257373
2026-05-28,2026-05-28 11:08:43,V028,143.0,0.9672743063739715
2026-05-28,2026-05-28 11:08:44,V028,142.0,0.9674924260104331
2026-05-28,2026-05-28 11:08:45,V028,141.0,0.9667092305361793
2026-05-28,2026-05-28 11:08:46,V028,141.0,0.9657607732004755
2026-05-28,2026-05-28 11:08:47,V028,140.0,0.9667708260664932
2026-05-28,2026-05-28 11:08:48,V028,139.0,0.9629818194078387
2026-05-28,2026-05-28 11:08:49,V028,138.0,0.9651605838956613
2026-05-28,2026-05-28 11:08:50,V028,138.0,0.9639116699490886
2026-05-28,2026-05-28 11:08:51,V028,137.0,0.9640677016731579
2026-05-28,2026-05-28 11:08:52,V028,137.0,0.9633425862758921
2026-05-28,2026-05-28 11:08:53,V028,136.0,0.9630428478171748
2026-05-28,2026-05-28 11:08:54,V028,135.0,0.9657120239054023
2026-05-28,2026-05-28 11:08:55,V028,135.0,0.9663939340809327
2026-05-28,2026-05-28 11:08:56,V028,134.0,0.9656862069501074
2026-05-28,2026-05-28 11:08:57,V028,133.0,0.9656360625934307
2026-05-28,2026-05-28 11:08:58,V028,133.0,0.9647678314960576
2026-05-28,2026-05-28 11:08:59,V028,133.0,0.9665224512383538
2026-05-28,2026-05-28 11:09:00,V028,133.0,0.9662554438289309
2026-05-28,2026-05-28 11:09:01,V028,132.0,0.9672721822643962
2026-05-28,2026-05-28 11:09:02,V028,132.0,0.9658877727765446
2026-05-28,2026-05-28 11:09:03,V028,131.0,0.9660016620182859
2026-05-28,2026-05-28 11:09:04,V028,131.0,0.9656663051833975
2026-05-28,2026-05-28 11:09:05,V028,130.0,0.9658436415901862
2026-05-28,2026-05-28 11:09:06,V028,130.0,0.9670313654326129
2026-05-28,2026-05-28 11:09:07,V028,130.0,0.9677023868864291
2026-05-28,2026-05-28 11:09:08,V028,129.0,0.9681754032127291
2026-05-28,2026-05-28 11:09:09,V028,128.0,0.9698596435538449
2026-05-28,2026-05-28 11:09:10,V028,128.0,0.9841859171759224
2026-05-28,2026-05-28 11:09:11,V028,127.0,1.0045607978678692
2026-05-28,2026-05-28 11:09:12,V028,127.0,0.9741259138141543
2026-05-28,2026-05-28 11:09:13,V028,126.0,0.9751841658147603
2026-05-28,2026-05-28 11:09:14,V028,126.0,0.9880887707257731
2026-05-28,2026-05-28 11:09:15,V028,125.0,0.9784817644136967
2026-05-28,2026-05-28 11:09:16,V028,125.0,1.0129510575927194
2026-05-28,2026-05-28 11:09:17,V028,125.0,0.984425147703431
2026-05-28,2026-05-28 11:09:18,V028,125.0,1.009868438305403
2026-05-28,2026-05-28 11:09:19,V028,125.0,1.0333527459297283
2026-05-28,2026-05-28 11:09:20,V028,125.0,1.0006705574553887
2026-05-28,2026-05-28 11:09:21,V028,125.0,1.0117324747549457
2026-05-28,2026-05-28 11:09:22,V028,124.0,1.004823420437591
2026-05-28,2026-05-28 11:09:23,V028,124.0,0.991335795325768
2026-05-28,2026-05-28 11:09:24,V028,124.0,0.9950209999855125
2026-05-28,2026-05-28 11:09:25,V028,125.0,1.0279247569623122
2026-05-28,2026-05-28 11:09:26,V028,125.0,0.9486420124863272
2026-05-28,2026-05-28 11:09:27,V028,126.0,0.9419365105051979
2026-05-28,2026-05-28 11:09:28,V028,127.0,1.0201097869666327
2026-05-28,2026-05-28 11:09:29,V028,128.0,1.0128243944104154
2026-05-28,2026-05-28 11:09:30,V028,129.0,0.9533690945447978
2026-05-28,2026-05-28 11:09:31,V028,130.0,1.1584677773445293
2026-05-28,2026-05-28 11:09:32,V028,130.0,1.0199158664739525
2026-05-28,2026-05-28 11:09:33,V028,129.0,1.01190240043601
2026-05-28,2026-05-28 11:09:34,V028,129.0,0.9538887756856633
2026-05-28,2026-05-28 11:09:35,V028,129.0,1.073608411521691
2026-05-28,2026-05-28 11:09:36,V028,128.0,1.0680148157259202
2026-05-28,2026-05-28 11:09:37,V028,127.0,0.9818317028822753
2026-05-28,2026-05-28 11:09:38,V028,127.0,1.0292424136514315
2026-05-28,2026-05-28 11:09:39,V028,127.0,1.1528810854978533
2026-05-28,2026-05-28 11:09:40,V028,127.0,1.2288896708679313
2026-05-28,2026-05-28 11:09:41,V028,128.0,1.1012134799061466
2026-05-28,2026-05-28 11:09:42,V028,129.0,0.9705952679713924
2026-05-28,2026-05-28 11:09:43,V028,129.0,1.1691933773303658
2026-05-28,2026-05-28 11:09:44,V028,131.0,1.4103547401510537
2026-05-28,2026-05-28 11:09:45,V028,132.0,1.1279903429634002
2026-05-28,2026-05-28 11:09:46,V028,132.0,1.0973772113500386
2026-05-28,2026-05-28 11:09:47,V028,134.0,0.9458622402450376
2026-05-28,2026-05-28 11:09:48,V028,138.0,1.016388506384092
2026-05-28,2026-05-28 11:09:49,V028,139.0,1.0220467073898796
2026-05-28,2026-05-28 11:09:50,V028,139.0,0.9444449282683754
2026-05-28,2026-05-28 11:09:51,V028,141.0,1.0061991798027048
2026-05-28,2026-05-28 11:09:52,V028,142.0,1.0211825155763123
2026-05-28,2026-05-28 11:09:53,V028,144.0,1.0654052482333185
2026-05-28,2026-05-28 11:09:54,V028,145.0,0.9800370759946265
2026-05-28,2026-05-28 11:09:55,V028,147.0,1.0568463969206614
2026-05-28,2026-05-28 11:09:56,V028,149.0,0.9994959618478995
2026-05-28,2026-05-28 11:09:57,V028,150.0,0.9979774591914982
2026-05-28,2026-05-28 11:09:58,V028,150.0,1.0114116327138023
2026-05-28,2026-05-28 11:09:59,V028,151.0,0.9785911303015563
2026-05-28,2026-05-28 11:10:00,V028,151.0,1.002663181263096
2026-05-28,2026-05-28 11:10:01,V028,152.0,1.0027342141295206
2026-05-28,2026-05-28 11:10:02,V028,152.0,1.0042658862975617
2026-05-28,2026-05-28 11:10:03,V028,153.0,1.01664472596746
2026-05-28,2026-05-28 11:10:04,V028,153.0,1.041694217855849
2026-05-28,2026-05-28 11:10:05,V028,153.0,0.9971231402565905
2026-05-28,2026-05-28 11:10:06,V028,153.0,0.9820885487750713
2026-05-28,2026-05-28 11:10:07,V028,153.0,1.0103144483794542
2026-05-28,2026-05-28 11:10:08,V028,152.0,1.0077169926120282
2026-05-28,2026-05-28 11:10:09,V028,151.0,0.9832184538859055
2026-05-28,2026-05-28 11:10:10,V028,150.0,0.9900365121645409
2026-05-28,2026-05-28 11:10:11,V028,149.0,0.9784867133775038
2026-05-28,2026-05-28 11:10:12,V028,149.0,0.9707814279635186
2026-05-28,2026-05-28 11:10:13,V028,148.0,0.9732140394816688
2026-05-28,2026-05-28 11:10:14,V028,147.0,0.9867174186892489
2026-05-28,2026-05-28 11:10:15,V028,145.0,1.022584733723497
2026-05-28,2026-05-28 11:10:16,V028,144.0,1.1484571879014605
2026-05-28,2026-05-28 11:10:17,V028,143.0,1.0222193468092529
2026-05-28,2026-05-28 11:10:18,V028,141.0,1.0898267841516527
2026-05-28,2026-05-28 11:10:19,V028,140.0,0.9856743098747837
2026-05-28,2026-05-28 11:10:20,V028,138.0,0.9973520102469772
2026-05-28,2026-05-28 11:10:21,V028,137.0,1.006202413430594
2026-05-28,2026-05-28 11:10:22,V028,135.0,0.9664520225440103
2026-05-28,2026-05-28 11:10:23,V028,134.0,0.974362927751935
2026-05-28,2026-05-28 11:10:24,V028,134.0,0.972264371570491
2026-05-28,2026-05-28 11:10:25,V028,133.0,0.9664889122410754
2026-05-28,2026-05-28 11:10:26,V028,133.0,0.9658419187092332
2026-05-28,2026-05-28 11:10:27,V028,133.0,0.9865170935651982
2026-05-28,2026-05-28 11:10:28,V028,132.0,0.9545302042382472
2026-05-28,2026-05-28 11:10:29,V028,132.0,0.966001658032087
2026-05-28,2026-05-28 11:10:30,V028,132.0,0.9663243407447358
2026-05-28,2026-05-28 11:10:31,V028,131.0,0.9779408327573441
2026-05-28,2026-05-28 11:10:32,V028,131.0,0.9687852528785523
2026-05-28,2026-05-28 11:10:33,V028,131.0,0.9525475076696364
2026-05-28,2026-05-28 11:10:34,V028,131.0,0.9423670285186958
2026-05-28,2026-05-28 11:10:35,V028,130.0,0.9491655432455247
2026-05-28,2026-05-28 11:10:36,V028,130.0,0.9528521891732875
2026-05-28,2026-05-28 11:10:37,V028,130.0,0.949411514718615
2026-05-28,2026-05-28 11:10:38,V028,130.0,0.9786901082362073
2026-05-28,2026-05-28 11:10:39,V028,129.0,0.9661695766920402
2026-05-28,2026-05-28 11:10:40,V028,129.0,0.97758619135541
2026-05-28,2026-05-28 11:10:41,V028,129.0,0.9727671501097173
2026-05-28,2026-05-28 11:10:42,V028,129.0,0.9780908897695861
2026-05-28,2026-05-28 11:10:43,V028,130.0,0.9699071794103842
2026-05-28,2026-05-28 11:10:44,V028,130.0,0.9692695564683368
2026-05-28,2026-05-28 11:10:45,V028,130.0,0.9657178704320193
2026-05-28,2026-05-28 11:10:46,V028,130.0,0.966923156640223
2026-05-28,2026-05-28 11:10:47,V028,131.0,0.9658539852238625
2026-05-28,2026-05-28 11:10:48,V028,132.0,0.9658953061724573
2026-05-28,2026-05-28 11:10:49,V028,132.0,0.9666300770350412
2026-05-28,2026-05-28 11:10:50,V028,132.0,0.9688470579675695
2026-05-28,2026-05-28 11:10:51,V028,133.0,0.9651808572672643
2026-05-28,2026-05-28 11:10:52,V028,133.0,0.9745648016907269
2026-05-28,2026-05-28 11:10:53,V028,134.0,0.9632159024795484
2026-05-28,2026-05-28 11:10:54,V028,134.0,0.9705464319776925
2026-05-28,2026-05-28 11:10:55,V028,134.0,0.9695273908188341
2026-05-28,2026-05-28 11:10:56,V028,134.0,0.9703918265496324
2026-05-28,2026-05-28 11:10:57,V028,134.0,0.9677938552129706
2026-05-28,2026-05-28 11:10:58,V028,134.0,0.9676632244589752
2026-05-28,2026-05-28 11:10:59,V028,133.0,0.9690551351759095
2026-05-28,2026-05-28 11:11:00,V028,133.0,0.9680659453206474
2026-05-28,2026-05-28 11:11:01,V028,133.0,0.9656268265193928
2026-05-28,2026-05-28 11:11:02,V028,132.0,0.9697624239730129
2026-05-28,2026-05-28 11:11:03,V028,132.0,0.9669219355367165
2026-05-28,2026-05-28 11:11:04,V028,131.0,0.9668276094961046
2026-05-28,2026-05-28 11:11:05,V028,130.0,0.9650929774695355
2026-05-28,2026-05-28 11:11:06,V028,130.0,0.9645055489246188
2026-05-28,2026-05-28 11:11:07,V028,130.0,0.966031504303794
2026-05-28,2026-05-28 11:11:08,V028,129.0,0.9660519764844476
2026-05-28,2026-05-28 11:11:09,V028,129.0,0.966416695306628
2026-05-28,2026-05-28 11:11:10,V028,129.0,0.9679043018779834
2026-05-28,2026-05-28 11:11:11,V028,129.0,0.9675024378051666
2026-05-28,2026-05-28 11:11:12,V028,128.0,0.9643414560777129
2026-05-28,2026-05-28 11:11:13,V028,128.0,0.9694716301162033
2026-05-28,2026-05-28 11:11:14,V028,128.0,0.9822295884150675
2026-05-28,2026-05-28 11:11:15,V028,127.0,0.9690118437859057
2026-05-28,2026-05-28 11:11:16,V028,126.0,0.9734294168973144
2026-05-28,2026-05-28 11:11:17,V028,126.0,0.9914072840125042
2026-05-28,2026-05-28 11:11:18,V028,126.0,1.0025429613885768
2026-05-28,2026-05-28 11:11:19,V028,126.0,1.0341820650037234
2026-05-28,2026-05-28 11:11:20,V028,125.0,1.1150844016706916
2026-05-28,2026-05-28 11:11:21,V028,125.0,1.0075695465325256
2026-05-28,2026-05-28 11:11:22,V028,125.0,0.96628374624215
2026-05-28,2026-05-28 11:11:23,V028,125.0,1.0095029567373712
2026-05-28,2026-05-28 11:11:24,V028,125.0,1.0193855208941518
2026-05-28,2026-05-28 11:11:25,V028,125.0,1.0582231938332054
2026-05-28,2026-05-28 11:11:26,V028,125.0,1.0274679410660166
2026-05-28,2026-05-28 11:11:27,V028,125.0,0.9861605973899064
2026-05-28,2026-05-28 11:11:28,V028,126.0,0.9734947528909249
2026-05-28,2026-05-28 11:11:29,V028,126.0,0.9926620231105364
2026-05-28,2026-05-28 11:11:30,V028,126.0,1.3579883149400902
2026-05-28,2026-05-28 11:11:31,V028,126.0,1.2132383710728707
2026-05-28,2026-05-28 11:11:32,V028,126.0,1.080810914272126
2026-05-28,2026-05-28 11:11:33,V028,125.0,1.0473304713441602
2026-05-28,2026-05-28 11:11:34,V028,125.0,1.204827235339464
2026-05-28,2026-05-28 11:11:35,V028,123.0,0.9004088515267371
2026-05-28,2026-05-28 11:11:36,V028,122.0,1.101181558666048
2026-05-28,2026-05-28 11:11:37,V028,122.0,0.9556046454724894
2026-05-28,2026-05-28 11:11:38,V028,121.0,1.0087486556565846
2026-05-28,2026-05-28 11:11:39,V028,121.0,0.9862856901482403
2026-05-28,2026-05-28 11:11:40,V028,121.0,0.9943949919521741
2026-05-28,2026-05-28 11:11:41,V028,122.0,1.0322654880726567
2026-05-28,2026-05-28 11:11:42,V028,124.0,0.9658064072052271
2026-05-28,2026-05-28 11:11:43,V028,125.0,0.9899896874027838
2026-05-28,2026-05-28 11:11:44,V028,125.0,1.0441456871283878
2026-05-28,2026-05-28 11:11:45,V028,125.0,1.029093210030988
2026-05-28,2026-05-28 11:11:46,V028,126.0,1.019485503185466
2026-05-28,2026-05-28 11:11:47,V028,126.0,1.0193739767050471
2026-05-28,2026-05-28 11:11:48,V028,127.0,1.0168690758389025
2026-05-28,2026-05-28 11:11:49,V028,127.0,1.240139464449537
2026-05-28,2026-05-28 11:11:50,V028,127.0,1.2457452916477612
2026-05-28,2026-05-28 11:11:51,V028,128.0,0.8806814626069045
2026-05-28,2026-05-28 11:11:52,V028,128.0,1.0621318277336118
2026-05-28,2026-05-28 11:11:53,V028,130.0,0.9694322590220084
2026-05-28,2026-05-28 11:11:54,V028,131.0,1.0131352458888965
2026-05-28,2026-05-28 11:11:55,V028,132.0,0.9888864525399033
2026-05-28,2026-05-28 11:11:56,V028,134.0,0.9556063875812122
2026-05-28,2026-05-28 11:11:57,V028,134.0,1.0176445315408251
2026-05-28,2026-05-28 11:11:58,V028,134.0,0.9490363322327132
2026-05-28,2026-05-28 11:11:59,V028,134.0,1.352096745407072
2026-05-28,2026-05-28 11:12:00,V028,134.0,1.0305798163395101
2026-05-28,2026-05-28 11:12:01,V028,134.0,0.939041546465878
2026-05-28,2026-05-28 11:12:02,V028,134.0,1.1135382103099751
2026-05-28,2026-05-28 11:12:03,V028,134.0,1.0723635247803123
2026-05-28,2026-05-28 11:12:04,V028,136.0,1.0835622734142663
2026-05-28,2026-05-28 11:12:05,V028,136.0,1.036508055074665
2026-05-28,2026-05-28 11:12:06,V028,136.0,1.0211578221650508
2026-05-28,2026-05-28 11:12:07,V028,138.0,1.2756635750460592
2026-05-28,2026-05-28 11:12:08,V028,140.0,1.0215449206488667
2026-05-28,2026-05-28 11:12:09,V028,141.0,0.9889580212326815
2026-05-28,2026-05-28 11:12:10,V028,141.0,1.0151318095863313
2026-05-28,2026-05-28 11:12:11,V028,143.0,1.0760250325664482
2026-05-28,2026-05-28 11:12:12,V028,144.0,1.012290032536939
2026-05-28,2026-05-28 11:12:13,V028,145.0,0.9897082198144881
2026-05-28,2026-05-28 11:12:14,V028,147.0,1.3128032993361245
2026-05-28,2026-05-28 11:12:15,V028,148.0,0.850895598396113
2026-05-28,2026-05-28 11:12:16,V028,150.0,1.0285124901351088
2026-05-28,2026-05-28 11:12:17,V028,151.0,0.9970723265699447
2026-05-28,2026-05-28 11:12:18,V028,151.0,1.006536420294386
2026-05-28,2026-05-28 11:12:19,V028,152.0,1.0289604583751013
2026-05-28,2026-05-28 11:12:20,V028,153.0,0.984809928419564
2026-05-28,2026-05-28 11:12:21,V028,153.0,0.9941100724441694
2026-05-28,2026-05-28 11:12:22,V028,153.0,0.9813542463473943
2026-05-28,2026-05-28 11:12:23,V028,153.0,0.9963963706779023
2026-05-28,2026-05-28 11:12:24,V028,152.0,1.0232971855204835
2026-05-28,2026-05-28 11:12:25,V028,152.0,0.9928902774952502
2026-05-28,2026-05-28 11:12:26,V028,152.0,1.0000824568486568
2026-05-28,2026-05-28 11:12:27,V028,151.0,0.968768072086875
2026-05-28,2026-05-28 11:12:28,V028,150.0,1.0007072052603234
2026-05-28,2026-05-28 11:12:29,V028,150.0,0.999969155235161
2026-05-28,2026-05-28 11:12:30,V028,147.0,0.9622151122683396
2026-05-28,2026-05-28 11:12:31,V028,146.0,0.9966559522737204
2026-05-28,2026-05-28 11:12:32,V028,146.0,0.9909918813262123
2026-05-28,2026-05-28 11:12:33,V028,145.0,0.9673108768173869
2026-05-28,2026-05-28 11:12:34,V028,143.0,0.9879572915160801
2026-05-28,2026-05-28 11:12:35,V028,142.0,0.9749384380550064
2026-05-28,2026-05-28 11:12:36,V028,140.0,0.9738471974560915
2026-05-28,2026-05-28 11:12:37,V028,139.0,0.9752966443601068
2026-05-28,2026-05-28 11:12:38,V028,138.0,0.977469673777099
2026-05-28,2026-05-28 11:12:39,V028,137.0,0.975170503014308
2026-05-28,2026-05-28 11:12:40,V028,136.0,0.9697264756226507
2026-05-28,2026-05-28 11:12:41,V028,136.0,0.9774572612220348
2026-05-28,2026-05-28 11:12:42,V028,136.0,0.9765966806610343
2026-05-28,2026-05-28 11:12:43,V028,136.0,0.9787814677807477
2026-05-28,2026-05-28 11:12:44,V028,136.0,0.9697830102606295
2026-05-28,2026-05-28 11:12:45,V028,137.0,0.9734990784979911
2026-05-28,2026-05-28 11:12:46,V028,137.0,0.9684839176811829
2026-05-28,2026-05-28 11:12:47,V028,138.0,0.9734295294613726
2026-05-28,2026-05-28 11:12:48,V028,138.0,0.9715984848338177
2026-05-28,2026-05-28 11:12:49,V028,139.0,0.9687032719503355
2026-05-28,2026-05-28 11:12:50,V028,139.0,0.9709562670358065
2026-05-28,2026-05-28 11:12:51,V028,140.0,0.9727865769162719
2026-05-28,2026-05-28 11:12:52,V028,140.0,0.9725732216802104
2026-05-28,2026-05-28 11:12:53,V028,140.0,0.971780996363379
2026-05-28,2026-05-28 11:12:54,V028,140.0,0.969018300865839
2026-05-28,2026-05-28 11:12:55,V028,139.0,0.9717810805077087
2026-05-28,2026-05-28 11:12:56,V028,139.0,0.9730451054672291
2026-05-28,2026-05-28 11:12:57,V028,138.0,0.9646031644936438
2026-05-28,2026-05-28 11:12:58,V028,138.0,0.9669497151559808
2026-05-28,2026-05-28 11:12:59,V028,138.0,0.9691637663245295
2026-05-28,2026-05-28 11:13:00,V028,137.0,0.9706150676174179
2026-05-28,2026-05-28 11:13:01,V028,137.0,0.96417382835186
2026-05-28,2026-05-28 11:13:02,V028,137.0,0.9680143434538903
2026-05-28,2026-05-28 11:13:03,V028,136.0,0.9671072307373664
2026-05-28,2026-05-28 11:13:04,V028,136.0,0.9664838473432468
2026-05-28,2026-05-28 11:13:05,V028,135.0,0.9662776407890616
2026-05-28,2026-05-28 11:13:06,V028,135.0,0.9655845742128647
2026-05-28,2026-05-28 11:13:07,V028,135.0,0.9655306847943045
2026-05-28,2026-05-28 11:13:08,V028,135.0,0.9680406597317885
2026-05-28,2026-05-28 11:13:09,V028,135.0,0.9712365269293498
2026-05-28,2026-05-28 11:13:10,V028,135.0,0.967327730827472
2026-05-28,2026-05-28 11:13:11,V028,135.0,0.969160607322373
2026-05-28,2026-05-28 11:13:12,V028,135.0,0.9691714532482167
2026-05-28,2026-05-28 11:13:13,V028,134.0,0.9696082271808704
2026-05-28,2026-05-28 11:13:14,V028,134.0,0.9675794195095372
2026-05-28,2026-05-28 11:13:15,V028,134.0,0.9697547082287626
2026-05-28,2026-05-28 11:13:16,V028,134.0,0.9660640933160332
2026-05-28,2026-05-28 11:13:17,V028,134.0,0.9690737207357689
2026-05-28,2026-05-28 11:13:18,V028,134.0,0.9662782403028876
2026-05-28,2026-05-28 11:13:19,V028,134.0,0.9673737680744101
2026-05-28,2026-05-28 11:13:20,V028,133.0,0.968462532539892
2026-05-28,2026-05-28 11:13:21,V028,133.0,0.9684131170802542
2026-05-28,2026-05-28 11:13:22,V028,133.0,0.9696866107783825
2026-05-28,2026-05-28 11:13:23,V028,132.0,0.9648873396572393
2026-05-28,2026-05-28 11:13:24,V028,131.0,0.9724321032082032
2026-05-28,2026-05-28 11:13:25,V028,131.0,0.9652833022613933
2026-05-28,2026-05-28 11:13:26,V028,131.0,0.9713680885751763
2026-05-28,2026-05-28 11:13:27,V028,130.0,0.9680023539744831
2026-05-28,2026-05-28 11:13:28,V028,128.0,0.9794300566927755
2026-05-28,2026-05-28 11:13:29,V028,127.0,0.9657254981465793
2026-05-28,2026-05-28 11:13:30,V028,127.0,0.9685036759089692
2026-05-28,2026-05-28 11:13:31,V028,126.0,0.9672467544726848
2026-05-28,2026-05-28 11:13:32,V028,126.0,0.9652371528916704
2026-05-28,2026-05-28 11:13:33,V028,126.0,0.9682011657206809
2026-05-28,2026-05-28 11:13:34,V028,126.0,0.968315083399549
2026-05-28,2026-05-28 11:13:35,V028,126.0,0.9681220921363186
2026-05-28,2026-05-28 11:13:36,V028,125.0,0.9858246402888489
2026-05-28,2026-05-28 11:13:37,V028,125.0,1.0128091142539961
2026-05-28,2026-05-28 11:13:38,V028,125.0,1.0144213717564636
2026-05-28,2026-05-28 11:13:39,V028,125.0,0.9856262828145749
2026-05-28,2026-05-28 11:13:40,V028,125.0,1.001073115485551
2026-05-28,2026-05-28 11:13:41,V028,126.0,1.037712128008856
2026-05-28,2026-05-28 11:13:42,V028,126.0,1.1365375153328592
2026-05-28,2026-05-28 11:13:43,V028,126.0,0.9702575556515394
2026-05-28,2026-05-28 11:13:44,V028,126.0,0.978742204952581
2026-05-28,2026-05-28 11:13:45,V028,126.0,0.9979904402925185
2026-05-28,2026-05-28 11:13:46,V028,126.0,0.9889698371824495
2026-05-28,2026-05-28 11:13:47,V028,126.0,0.999363208546108
2026-05-28,2026-05-28 11:13:48,V028,126.0,1.0315689415315052
2026-05-28,2026-05-28 11:13:49,V028,126.0,1.0268737213787027
2026-05-28,2026-05-28 11:13:50,V028,126.0,1.0119889699839737
2026-05-28,2026-05-28 11:13:51,V028,126.0,1.0298704767081033
2026-05-28,2026-05-28 11:13:52,V028,126.0,1.0156566177874673
2026-05-28,2026-05-28 11:13:53,V028,125.0,0.9926312191552834
2026-05-28,2026-05-28 11:13:54,V028,125.0,1.027505165231624
2026-05-28,2026-05-28 11:13:55,V028,124.0,0.9755652783209966
2026-05-28,2026-05-28 11:13:56,V028,124.0,0.9704446753629585
2026-05-28,2026-05-28 11:13:57,V028,124.0,1.0013811007228297
2026-05-28,2026-05-28 11:13:58,V028,123.0,0.9690314486866687
2026-05-28,2026-05-28 11:13:59,V028,123.0,0.9598828071694299
2026-05-28,2026-05-28 11:14:00,V028,124.0,0.935833438541739
2026-05-28,2026-05-28 11:14:01,V028,124.0,0.9657106508216445
2026-05-28,2026-05-28 11:14:02,V028,123.0,0.9684656681192705
2026-05-28,2026-05-28 11:14:03,V028,123.0,0.9688374624561206
2026-05-28,2026-05-28 11:14:04,V028,123.0,0.9722440315459963
2026-05-28,2026-05-28 11:14:05,V028,123.0,0.966244236506739
2026-05-28,2026-05-28 11:14:06,V028,123.0,0.9791265325112909
2026-05-28,2026-05-28 11:14:07,V028,122.0,0.9754930284075903
2026-05-28,2026-05-28 11:14:08,V028,122.0,1.011864693515633
2026-05-28,2026-05-28 11:14:09,V028,122.0,0.9677120437555765
2026-05-28,2026-05-28 11:14:10,V028,122.0,0.9702588493273137
2026-05-28,2026-05-28 11:14:11,V028,122.0,0.9732123768715916
2026-05-28,2026-05-28 11:14:12,V028,122.0,0.9678347021068269
2026-05-28,2026-05-28 11:14:13,V028,122.0,0.9747088051484583
2026-05-28,2026-05-28 11:14:14,V028,122.0,0.9709610319755727
2026-05-28,2026-05-28 11:14:15,V028,122.0,0.9728160485549913
2026-05-28,2026-05-28 11:14:16,V028,122.0,0.9719411512060627
2026-05-28,2026-05-28 11:14:17,V028,122.0,0.9693024097033129
2026-05-28,2026-05-28 11:14:18,V028,122.0,0.9710608065260103
2026-05-28,2026-05-28 11:14:19,V028,122.0,0.9737055905358036
2026-05-28,2026-05-28 11:14:20,V028,121.0,0.9720794701633162
2026-05-28,2026-05-28 11:14:21,V028,121.0,0.9724340969474867
2026-05-28,2026-05-28 11:14:22,V028,121.0,0.971838997760799
2026-05-28,2026-05-28 11:14:23,V028,120.0,0.970374403943038
2026-05-28,2026-05-28 11:14:24,V028,120.0,0.9721177881089055
2026-05-28,2026-05-28 11:14:25,V028,121.0,0.97649308999828
2026-05-28,2026-05-28 11:14:26,V028,121.0,0.9724944274273499
2026-05-28,2026-05-28 11:14:27,V028,121.0,0.9722016280547171
2026-05-28,2026-05-28 11:14:28,V028,122.0,0.9722643109274758
2026-05-28,2026-05-28 11:14:29,V028,122.0,0.9753656204781417
2026-05-28,2026-05-28 11:14:30,V028,122.0,0.9728992073473793
2026-05-28,2026-05-28 11:14:31,V028,122.0,0.9719024579857457
2026-05-28,2026-05-28 11:14:32,V028,122.0,0.9731482857859965
2026-05-28,2026-05-28 11:14:33,V028,122.0,0.9771954327206581
2026-05-28,2026-05-28 11:14:34,V028,122.0,0.9678905073458994
2026-05-28,2026-05-28 11:14:35,V028,122.0,0.9726764480916252
2026-05-28,2026-05-28 11:14:36,V028,123.0,0.9711085468655568
2026-05-28,2026-05-28 11:14:37,V028,123.0,0.9765785989541935
2026-05-28,2026-05-28 11:14:38,V028,123.0,0.9731091585571253
2026-05-28,2026-05-28 11:14:39,V028,123.0,0.997073599621234
2026-05-28,2026-05-28 11:14:40,V028,123.0,0.9798834644729699
2026-05-28,2026-05-28 11:14:41,V028,123.0,0.9860452804067594
2026-05-28,2026-05-28 11:14:42,V028,123.0,0.941535173605525
2026-05-28,2026-05-28 11:14:43,V028,123.0,1.0064194035315153
2026-05-28,2026-05-28 11:14:44,V028,123.0,0.9775977815705345
2026-05-28,2026-05-28 11:14:45,V028,123.0,0.9754792675524279
2026-05-28,2026-05-28 11:14:46,V028,123.0,1.0035504761822374
2026-05-28,2026-05-28 11:14:47,V028,123.0,0.9695600981716993
2026-05-28,2026-05-28 11:14:48,V028,123.0,0.97131684967614
2026-05-28,2026-05-28 11:14:49,V028,123.0,0.9838043829482366
2026-05-28,2026-05-28 11:14:50,V028,123.0,0.9920825687761305
2026-05-28,2026-05-28 11:14:51,V028,123.0,0.9700043470753403
2026-05-28,2026-05-28 11:14:52,V028,123.0,0.9732715515599634
2026-05-28,2026-05-28 11:14:53,V028,122.0,0.9488381710684882
2026-05-28,2026-05-28 11:14:54,V028,122.0,1.0068748083015953
2026-05-28,2026-05-28 11:14:55,V028,122.0,1.0074716403157078
2026-05-28,2026-05-28 11:14:56,V028,122.0,1.1722758951531265
2026-05-28,2026-05-28 11:14:57,V028,122.0,1.3168659728199623
2026-05-28,2026-05-28 11:14:58,V028,122.0,1.255375108499358
2026-05-28,2026-05-28 11:14:59,V028,122.0,1.1869065087515918
2026-05-28,2026-05-28 11:15:00,V028,122.0,0.9590712595496528
2026-05-28,2026-05-28 11:15:01,V028,121.0,1.030882307730018
2026-05-28,2026-05-28 11:15:02,V028,119.0,1.0323817422429766
2026-05-28,2026-05-28 11:15:03,V028,118.0,1.0972843093306541
2026-05-28,2026-05-28 11:15:04,V028,118.0,1.3497013868173617
2026-05-28,2026-05-28 11:15:05,V028,120.0,1.3385668775446211
2026-05-28,2026-05-28 11:15:06,V028,121.0,1.4182977122743772
2026-05-28,2026-05-28 11:15:07,V028,122.0,1.133630295750672
2026-05-28,2026-05-28 11:15:08,V028,123.0,1.1848638622328036
2026-05-28,2026-05-28 11:15:09,V028,123.0,0.9700724629097057
2026-05-28,2026-05-28 11:15:10,V028,123.0,0.9627743383069541
2026-05-28,2026-05-28 11:15:11,V028,123.0,0.9773332017849455
2026-05-28,2026-05-28 11:15:12,V028,123.0,1.024286947105738
2026-05-28,2026-05-28 11:15:13,V028,124.0,1.006435298276384
2026-05-28,2026-05-28 11:15:14,V028,124.0,0.9713228277707555
2026-05-28,2026-05-28 11:15:15,V028,125.0,0.9712420450314058
2026-05-28,2026-05-28 11:15:16,V028,126.0,0.9872273841654079
2026-05-28,2026-05-28 11:15:17,V028,126.0,1.019063443841117
2026-05-28,2026-05-28 11:15:18,V028,126.0,0.9998606071891705
2026-05-28,2026-05-28 11:15:19,V028,127.0,0.9617239169533321
2026-05-28,2026-05-28 11:15:20,V028,127.0,0.9714778404793274
2026-05-28,2026-05-28 11:15:21,V028,127.0,0.9905538005368315
2026-05-28,2026-05-28 11:15:22,V028,128.0,1.0146010941249146
2026-05-28,2026-05-28 11:15:23,V028,128.0,0.9742440504053765
2026-05-28,2026-05-28 11:15:24,V028,129.0,0.9552059845982783
2026-05-28,2026-05-28 11:15:25,V028,129.0,1.0245384004179567
2026-05-28,2026-05-28 11:15:26,V028,129.0,0.9818131359883374
2026-05-28,2026-05-28 11:15:27,V028,129.0,1.0022164522321921
2026-05-28,2026-05-28 11:15:28,V028,130.0,1.0290753269215729
2026-05-28,2026-05-28 11:15:29,V028,130.0,0.9759508237373988
2026-05-28,2026-05-28 11:15:30,V028,130.0,0.9693212250079652
2026-05-28,2026-05-28 11:15:31,V028,129.0,1.0689845110026763
2026-05-28,2026-05-28 11:15:32,V028,129.0,0.9726974861151992
2026-05-28,2026-05-28 11:15:33,V028,129.0,0.9998781395923731
2026-05-28,2026-05-28 11:15:34,V028,129.0,0.9952469155293061
2026-05-28,2026-05-28 11:15:35,V028,129.0,0.9771519862933308
2026-05-28,2026-05-28 11:15:36,V028,129.0,0.9806009155030726
2026-05-28,2026-05-28 11:15:37,V028,129.0,0.9743083216726138
2026-05-28,2026-05-28 11:15:38,V028,129.0,0.9825341209827543
2026-05-28,2026-05-28 11:15:39,V028,129.0,0.9678451665327239
2026-05-28,2026-05-28 11:15:40,V028,129.0,0.9673598339610852
2026-05-28,2026-05-28 11:15:41,V028,129.0,0.9663561624165371
2026-05-28,2026-05-28 11:15:42,V028,130.0,0.9671609855229422
2026-05-28,2026-05-28 11:15:43,V028,130.0,0.9637842867710493
2026-05-28,2026-05-28 11:15:44,V028,130.0,0.9629117624461543
2026-05-28,2026-05-28 11:15:45,V028,131.0,0.9583775969936607
2026-05-28,2026-05-28 11:15:46,V028,131.0,0.9608295073280609
2026-05-28,2026-05-28 11:15:47,V028,131.0,0.968972668554178
2026-05-28,2026-05-28 11:15:48,V028,132.0,0.9632923670144764
2026-05-28,2026-05-28 11:15:49,V028,132.0,0.9648097448987321
2026-05-28,2026-05-28 11:15:50,V028,133.0,0.9615149783718492
2026-05-28,2026-05-28 11:15:51,V028,134.0,0.9674423417349468
2026-05-28,2026-05-28 11:15:52,V028,134.0,0.9684633905361293
2026-05-28,2026-05-28 11:15:53,V028,134.0,0.9665209364418557
2026-05-28,2026-05-28 11:15:54,V028,135.0,0.9653929507997776
2026-05-28,2026-05-28 11:15:55,V028,135.0,0.9667862869368579
2026-05-28,2026-05-28 11:15:56,V028,136.0,0.962044628636764
2026-05-28,2026-05-28 11:15:57,V028,136.0,0.9787468446009784
2026-05-28,2026-05-28 11:15:58,V028,137.0,1.020906910692576
2026-05-28,2026-05-28 11:15:59,V028,137.0,1.0185427091114185
2026-05-28,2026-05-28 11:16:00,V028,137.0,1.0157980711908956
2026-05-28,2026-05-28 11:16:01,V028,137.0,1.0123824722039738
2026-05-28,2026-05-28 11:16:02,V028,137.0,1.0060727192234484
2026-05-28,2026-05-28 11:16:03,V028,138.0,0.9886829658198227
2026-05-28,2026-05-28 11:16:04,V028,138.0,0.9854759670314776
2026-05-28,2026-05-28 11:16:05,V028,138.0,0.9801538032559365
2026-05-28,2026-05-28 11:16:06,V028,138.0,1.0002183996362242
2026-05-28,2026-05-28 11:16:07,V028,138.0,0.9872952285803056
2026-05-28,2026-05-28 11:16:08,V028,138.0,0.9789865730095266
2026-05-28,2026-05-28 11:16:09,V028,138.0,0.9710160251080139
2026-05-28,2026-05-28 11:16:10,V028,137.0,1.0060123059619113
2026-05-28,2026-05-28 11:16:11,V028,136.0,1.0390805873350624
2026-05-28,2026-05-28 11:16:12,V028,136.0,1.0149782667899199
2026-05-28,2026-05-28 11:16:13,V028,136.0,1.0147038588449733
2026-05-28,2026-05-28 11:16:14,V028,135.0,1.0152351809858127
2026-05-28,2026-05-28 11:16:15,V028,134.0,0.9979341820809432
2026-05-28,2026-05-28 11:16:16,V028,132.0,1.0382146695105081
2026-05-28,2026-05-28 11:16:17,V028,131.0,1.0136150213150092
2026-05-28,2026-05-28 11:16:18,V028,131.0,1.0060634668314754
2026-05-28,2026-05-28 11:16:19,V028,130.0,0.9977065290687563
2026-05-28,2026-05-28 11:16:20,V028,130.0,1.0032827058884426
2026-05-28,2026-05-28 11:16:21,V028,130.0,1.0164021717667593
2026-05-28,2026-05-28 11:16:22,V028,130.0,1.0117040898136187
2026-05-28,2026-05-28 11:16:23,V028,130.0,1.0252546668632383
2026-05-28,2026-05-28 11:16:24,V028,130.0,1.0296871141991666
2026-05-28,2026-05-28 11:16:25,V028,129.0,1.0059201372706073
2026-05-28,2026-05-28 11:16:26,V028,129.0,0.992258902779702
2026-05-28,2026-05-28 11:16:27,V028,128.0,0.9947172841632372
2026-05-28,2026-05-28 11:16:28,V028,127.0,1.017210556057933
2026-05-28,2026-05-28 11:16:29,V028,126.0,1.0402482213171478
2026-05-28,2026-05-28 11:16:30,V028,126.0,1.0251060156321992
2026-05-28,2026-05-28 11:16:31,V028,125.0,1.0589518235951276
2026-05-28,2026-05-28 11:16:32,V028,124.0,1.0040839195651
2026-05-28,2026-05-28 11:16:33,V028,123.0,1.006403911324497
2026-05-28,2026-05-28 11:16:34,V028,121.0,1.0488634286347862
2026-05-28,2026-05-28 11:16:35,V028,120.0,0.9510867258086233
2026-05-28,2026-05-28 11:16:36,V028,117.0,1.2173203871496758
2026-05-28,2026-05-28 11:16:37,V028,116.0,0.8388392038834913
2026-05-28,2026-05-28 11:16:38,V028,116.0,0.971421121094807
2026-05-28,2026-05-28 11:16:39,V028,115.0,0.9918930341303779
2026-05-28,2026-05-28 11:16:40,V028,115.0,1.0140586454337395
2026-05-28,2026-05-28 11:16:41,V028,115.0,1.0075771088082142
2026-05-28,2026-05-28 11:16:42,V028,116.0,1.0381814469606632
2026-05-28,2026-05-28 11:16:43,V028,116.0,1.0042081281074782
2026-05-28,2026-05-28 11:16:44,V028,118.0,0.9706814030439403
2026-05-28,2026-05-28 11:16:45,V028,119.0,0.9894602643126831
2026-05-28,2026-05-28 11:16:46,V028,119.0,0.9831877986217303
2026-05-28,2026-05-28 11:16:47,V028,120.0,1.0048388297009445
2026-05-28,2026-05-28 11:16:48,V028,122.0,1.0445121117470055
2026-05-28,2026-05-28 11:16:49,V028,123.0,0.9581830531032814
2026-05-28,2026-05-28 11:16:50,V028,125.0,1.2287697827205981
2026-05-28,2026-05-28 11:16:51,V028,125.0,1.0263404137300842
2026-05-28,2026-05-28 11:16:52,V028,125.0,1.0070547652260884
2026-05-28,2026-05-28 11:16:53,V028,126.0,1.0566308851633723
2026-05-28,2026-05-28 11:16:54,V028,126.0,1.0645977010121543
2026-05-28,2026-05-28 11:16:55,V028,127.0,0.9952697885892733
2026-05-28,2026-05-28 11:16:56,V028,127.0,0.9175832242229385
2026-05-28,2026-05-28 11:16:57,V028,128.0,1.1368703896304388
2026-05-28,2026-05-28 11:16:58,V028,129.0,0.9720259879588057
2026-05-28,2026-05-28 11:16:59,V028,130.0,0.9755084886924252
2026-05-28,2026-05-28 11:17:00,V028,130.0,1.1084506204866624
2026-05-28,2026-05-28 11:17:01,V028,131.0,1.0141427558559197
2026-05-28,2026-05-28 11:17:02,V028,133.0,1.0330863512821284
2026-05-28,2026-05-28 11:17:03,V028,133.0,0.9936902280561327
2026-05-28,2026-05-28 11:17:04,V028,133.0,0.9702364598502622
2026-05-28,2026-05-28 11:17:05,V028,133.0,0.9901312981701208
2026-05-28,2026-05-28 11:17:06,V028,133.0,1.0905103566780991
2026-05-28,2026-05-28 11:17:07,V028,133.0,1.0982182317578286
2026-05-28,2026-05-28 11:17:08,V028,133.0,1.0143450159505576
2026-05-28,2026-05-28 11:17:09,V028,133.0,1.0093505443569875
2026-05-28,2026-05-28 11:17:10,V028,133.0,1.0347011837397588
2026-05-28,2026-05-28 11:17:11,V028,133.0,1.0171799147765224
2026-05-28,2026-05-28 11:17:12,V028,133.0,1.0069580714666087
2026-05-28,2026-05-28 11:17:13,V028,134.0,1.0651918132778708
2026-05-28,2026-05-28 11:17:14,V028,134.0,1.057484868991795
2026-05-28,2026-05-28 11:17:15,V028,134.0,1.0805153893611767
2026-05-28,2026-05-28 11:17:16,V028,135.0,0.9997469425999207
2026-05-28,2026-05-28 11:17:17,V028,135.0,0.9841738568860605
2026-05-28,2026-05-28 11:17:18,V028,135.0,1.0235755108353282
2026-05-28,2026-05-28 11:17:19,V028,135.0,1.024436436235732
2026-05-28,2026-05-28 11:17:20,V028,135.0,0.9546883502168491
2026-05-28,2026-05-28 11:17:21,V028,135.0,0.8947522322308183
2026-05-28,2026-05-28 11:17:22,V028,135.0,1.2485235123699947
2026-05-28,2026-05-28 11:17:23,V028,135.0,0.9582358829827661
2026-05-28,2026-05-28 11:17:24,V028,136.0,1.0109397654124563
2026-05-28,2026-05-28 11:17:25,V028,136.0,1.0067301151081547
2026-05-28,2026-05-28 11:17:26,V028,136.0,0.982462463674732
2026-05-28,2026-05-28 11:17:27,V028,136.0,0.964122351820164
2026-05-28,2026-05-28 11:17:28,V028,136.0,0.9807600788677372
2026-05-28,2026-05-28 11:17:29,V028,136.0,0.9586229093665265
2026-05-28,2026-05-28 11:17:30,V028,136.0,0.9617603783816131
2026-05-28,2026-05-28 11:17:31,V028,136.0,0.9600923514741551
2026-05-28,2026-05-28 11:17:32,V028,136.0,0.9608407437441531
2026-05-28,2026-05-28 11:17:33,V028,137.0,0.9900589821373299
2026-05-28,2026-05-28 11:17:34,V028,137.0,0.9672547785856158
2026-05-28,2026-05-28 11:17:35,V028,138.0,1.2137711679548477
2026-05-28,2026-05-28 11:17:36,V028,139.0,1.0161413827069938
2026-05-28,2026-05-28 11:17:37,V028,139.0,1.0231012500942513
2026-05-28,2026-05-28 11:17:38,V028,139.0,0.9789936866025348
2026-05-28,2026-05-28 11:17:39,V028,140.0,0.9929069766435918
2026-05-28,2026-05-28 11:17:40,V028,140.0,1.014751103393465
2026-05-28,2026-05-28 11:17:41,V028,141.0,1.1439070142181647
2026-05-28,2026-05-28 11:17:42,V028,142.0,0.9741398503449167
2026-05-28,2026-05-28 11:17:43,V028,142.0,0.9840590785978011
2026-05-28,2026-05-28 11:17:44,V028,143.0,1.0071372447542413
2026-05-28,2026-05-28 11:17:45,V028,144.0,1.0124305281246273
2026-05-28,2026-05-28 11:17:46,V028,144.0,0.9832579403085324
2026-05-28,2026-05-28 11:17:47,V028,144.0,0.9654162514467959
2026-05-28,2026-05-28 11:17:48,V028,145.0,1.0668886881470703
2026-05-28,2026-05-28 11:17:49,V028,145.0,1.1540609711635463
2026-05-28,2026-05-28 11:17:50,V028,145.0,0.9973789638961766
2026-05-28,2026-05-28 11:17:51,V028,146.0,1.01927417596729
2026-05-28,2026-05-28 11:17:52,V028,146.0,0.9915406616012613
2026-05-28,2026-05-28 11:17:53,V028,146.0,0.9667595892553877
2026-05-28,2026-05-28 11:17:54,V028,147.0,0.9897024295463526
2026-05-28,2026-05-28 11:17:55,V028,148.0,0.9848408498867741
2026-05-28,2026-05-28 11:17:56,V028,148.0,0.9856568076380456
2026-05-28,2026-05-28 11:17:57,V028,149.0,1.0065222059948198
2026-05-28,2026-05-28 11:17:58,V028,150.0,0.9711882124382671
2026-05-28,2026-05-28 11:17:59,V028,151.0,0.967477831627581
2026-05-28,2026-05-28 11:18:00,V028,151.0,1.0533189009044068
2026-05-28,2026-05-28 11:18:01,V028,151.0,0.9650165949753238
2026-05-28,2026-05-28 11:18:02,V028,152.0,0.9908860110018363
2026-05-28,2026-05-28 11:18:03,V028,152.0,1.0193087218822665
2026-05-28,2026-05-28 11:18:04,V028,152.0,1.0029610508278755
2026-05-28,2026-05-28 11:18:05,V028,153.0,1.0203116273747896
2026-05-28,2026-05-28 11:18:06,V028,153.0,0.9777620022378537
2026-05-28,2026-05-28 11:18:07,V028,153.0,1.186800179337863
2026-05-28,2026-05-28 11:18:08,V028,154.0,1.022415467359017
2026-05-28,2026-05-28 11:18:09,V028,154.0,0.9768394802306684
2026-05-28,2026-05-28 11:18:10,V028,155.0,1.0169893279180913
2026-05-28,2026-05-28 11:18:11,V028,156.0,1.0837102004775645
2026-05-28,2026-05-28 11:18:12,V028,156.0,1.0094767302055307
2026-05-28,2026-05-28 11:18:13,V028,156.0,1.010074386032284
2026-05-28,2026-05-28 11:18:14,V028,156.0,0.9986035463569592
2026-05-28,2026-05-28 11:18:15,V028,156.0,1.0588594288593305
2026-05-28,2026-05-28 11:18:16,V028,156.0,1.0503711815282741
2026-05-28,2026-05-28 11:18:17,V028,156.0,1.0301093227036309
2026-05-28,2026-05-28 11:18:18,V028,157.0,1.0529886724539024
2026-05-28,2026-05-28 11:18:19,V028,157.0,0.9770930979609483
2026-05-28,2026-05-28 11:18:20,V028,157.0,0.9866255952813509
2026-05-28,2026-05-28 11:18:21,V028,158.0,1.0235157626541982
2026-05-28,2026-05-28 11:18:22,V028,159.0,1.0082301569409544
2026-05-28,2026-05-28 11:18:23,V028,159.0,1.0562337360571976
2026-05-28,2026-05-28 11:18:24,V028,160.0,1.041066091941452
2026-05-28,2026-05-28 11:18:25,V028,160.0,0.9541187963214909
2026-05-28,2026-05-28 11:18:26,V028,160.0,1.068225061223517
2026-05-28,2026-05-28 11:18:27,V028,160.0,1.0004305502591377
2026-05-28,2026-05-28 11:18:28,V028,160.0,0.9686397373868761
2026-05-28,2026-05-28 11:18:29,V028,160.0,1.0268962156273536
2026-05-28,2026-05-28 11:18:30,V028,160.0,1.1377314429612548
2026-05-28,2026-05-28 11:18:31,V028,160.0,0.9578618692370057
2026-05-28,2026-05-28 11:18:32,V028,160.0,0.9938692639738923
2026-05-28,2026-05-28 11:18:33,V028,160.0,0.955521200097598
2026-05-28,2026-05-28 11:18:34,V028,160.0,1.0450477444950388
2026-05-28,2026-05-28 11:18:35,V028,160.0,0.9977093235297518
2026-05-28,2026-05-28 11:18:36,V028,160.0,1.0055683247851297
2026-05-28,2026-05-28 11:18:37,V028,160.0,0.914002553570728
2026-05-28,2026-05-28 11:18:38,V028,160.0,1.0960874019556575
2026-05-28,2026-05-28 11:18:39,V028,160.0,1.10486369418238
2026-05-28,2026-05-28 11:18:40,V028,160.0,0.9767677362635171
2026-05-28,2026-05-28 11:18:41,V028,159.0,0.9654152867319739
2026-05-28,2026-05-28 11:18:42,V028,159.0,1.062187976836665
2026-05-28,2026-05-28 11:18:43,V028,159.0,1.1039678597508638
2026-05-28,2026-05-28 11:18:44,V028,158.0,1.0101390756788982
2026-05-28,2026-05-28 11:18:45,V028,158.0,1.0344926994518835
2026-05-28,2026-05-28 11:18:46,V028,158.0,1.1692092435322783
2026-05-28,2026-05-28 11:18:47,V028,158.0,0.9974780615585771
2026-05-28,2026-05-28 11:18:48,V028,158.0,1.0197815649476496
2026-05-28,2026-05-28 11:18:49,V028,157.0,1.0467377673276796
2026-05-28,2026-05-28 11:18:50,V028,157.0,1.042376909535657
2026-05-28,2026-05-28 11:18:51,V028,157.0,0.9920691247950966
2026-05-28,2026-05-28 11:18:52,V028,157.0,0.9664386151111428
2026-05-28,2026-05-28 11:18:53,V028,157.0,1.062678517513875
2026-05-28,2026-05-28 11:18:54,V028,157.0,1.0631169737094437
2026-05-28,2026-05-28 11:18:55,V028,157.0,1.0558880274173903
2026-05-28,2026-05-28 11:18:56,V028,158.0,1.0624325677359951
2026-05-28,2026-05-28 11:18:57,V028,158.0,1.1010831213759533
2026-05-28,2026-05-28 11:18:58,V028,158.0,1.0409086640026712
2026-05-28,2026-05-28 11:18:59,V028,158.0,0.9634097439001806
2026-05-28,2026-05-28 11:19:00,V028,158.0,1.1763082264894495
2026-05-28,2026-05-28 11:19:01,V028,159.0,0.9559293532583387
2026-05-28,2026-05-28 11:19:02,V028,159.0,1.0113635905208949
2026-05-28,2026-05-28 11:19:03,V028,159.0,0.9903993441403571
2026-05-28,2026-05-28 11:19:04,V028,159.0,0.9712220273984336
2026-05-28,2026-05-28 11:19:05,V028,159.0,1.1058895765299563
2026-05-28,2026-05-28 11:19:06,V028,159.0,0.9672367959006734
2026-05-28,2026-05-28 11:19:07,V028,159.0,1.0831333488651191
2026-05-28,2026-05-28 11:19:08,V028,159.0,1.2464966441508643
2026-05-28,2026-05-28 11:19:09,V028,159.0,1.3029575920049608
2026-05-28,2026-05-28 11:19:10,V028,159.0,1.0073208609342066
2026-05-28,2026-05-28 11:19:11,V028,158.0,1.0364046470932973
2026-05-28,2026-05-28 11:19:12,V028,158.0,0.9832892732567401
2026-05-28,2026-05-28 11:19:13,V028,158.0,1.0299356229528662
2026-05-28,2026-05-28 11:19:14,V028,158.0,0.9877159023652176
2026-05-28,2026-05-28 11:19:15,V028,158.0,0.9833007521533585
2026-05-28,2026-05-28 11:19:16,V028,158.0,0.9862824933368545
2026-05-28,2026-05-28 11:19:17,V028,158.0,1.076948602963547
2026-05-28,2026-05-28 11:19:18,V028,158.0,0.9764509527221578
2026-05-28,2026-05-28 11:19:19,V028,158.0,1.0006032522773216
2026-05-28,2026-05-28 11:19:20,V028,158.0,1.0038170216875533
2026-05-28,2026-05-28 11:19:21,V028,158.0,1.0199960172246754
2026-05-28,2026-05-28 11:19:22,V028,157.0,1.0608829102651633
2026-05-28,2026-05-28 11:19:23,V028,157.0,0.9825001902828718
2026-05-28,2026-05-28 11:19:24,V028,157.0,0.9910364276206424
2026-05-28,2026-05-28 11:19:25,V028,156.0,1.0711821165954587
2026-05-28,2026-05-28 11:19:26,V028,156.0,0.9797245209284253
2026-05-28,2026-05-28 11:19:27,V028,155.0,0.9772391202427859
2026-05-28,2026-05-28 11:19:28,V028,154.0,1.1884526572931466
2026-05-28,2026-05-28 11:19:29,V028,154.0,0.9515364988472904
2026-05-28,2026-05-28 11:19:30,V028,154.0,0.9992452524229862
2026-05-28,2026-05-28 11:19:31,V028,154.0,1.0037205770905562
2026-05-28,2026-05-28 11:19:32,V028,154.0,1.0587550476824512
2026-05-28,2026-05-28 11:19:33,V028,155.0,1.036255246294321
2026-05-28,2026-05-28 11:19:34,V028,155.0,0.9758942726965175
2026-05-28,2026-05-28 11:19:35,V028,154.0,0.9740263304934951
2026-05-28,2026-05-28 11:19:36,V028,154.0,1.048127586095158
2026-05-28,2026-05-28 11:19:37,V028,154.0,0.9801798520872007
2026-05-28,2026-05-28 11:19:38,V028,154.0,0.9674700662695078
2026-05-28,2026-05-28 11:19:39,V028,153.0,1.0896891933992945
2026-05-28,2026-05-28 11:19:40,V028,153.0,0.974095604565842
2026-05-28,2026-05-28 11:19:41,V028,153.0,1.0207697957143125
2026-05-28,2026-05-28 11:19:42,V028,153.0,0.983643729261611
2026-05-28,2026-05-28 11:19:43,V028,153.0,1.045164074258999
2026-05-28,2026-05-28 11:19:44,V028,153.0,1.058363058597595
2026-05-28,2026-05-28 11:19:45,V028,153.0,0.9643791931329706
2026-05-28,2026-05-28 11:19:46,V028,153.0,1.0615691874772555
2026-05-28,2026-05-28 11:19:47,V028,153.0,0.9988389799624678
2026-05-28,2026-05-28 11:19:48,V028,152.0,0.983860060325268
2026-05-28,2026-05-28 11:19:49,V028,152.0,0.9867342151833539
2026-05-28,2026-05-28 11:19:50,V028,152.0,1.0143635351618134
2026-05-28,2026-05-28 11:19:51,V028,152.0,1.0113774270956328
2026-05-28,2026-05-28 11:19:52,V028,152.0,0.9583261274855086
2026-05-28,2026-05-28 11:19:53,V028,152.0,1.062181376077895
2026-05-28,2026-05-28 11:19:54,V028,152.0,0.9888261064798654
2026-05-28,2026-05-28 11:19:55,V028,152.0,1.000222398188056
2026-05-28,2026-05-28 11:19:56,V028,152.0,0.9922185703025757
2026-05-28,2026-05-28 11:19:57,V028,152.0,1.021015799076804
2026-05-28,2026-05-28 11:19:58,V028,152.0,1.024052346302289
2026-05-28,2026-05-28 11:19:59,V028,152.0,0.9515763149531898
2026-05-28,2026-05-28 11:20:00,V028,151.0,1.03858417911657
2026-05-28,2026-05-28 11:20:01,V028,151.0,1.012045994588527
2026-05-28,2026-05-28 11:20:02,V028,151.0,0.9929759106393984
2026-05-28,2026-05-28 11:20:03,V028,151.0,0.9871773122020979
2026-05-28,2026-05-28 11:20:04,V028,152.0,1.0811447328568033
2026-05-28,2026-05-28 11:20:05,V028,152.0,0.9921442305606563
2026-05-28,2026-05-28 11:20:06,V028,152.0,0.9600917421258947
2026-05-28,2026-05-28 11:20:07,V028,152.0,1.054170103718953
2026-05-28,2026-05-28 11:20:08,V028,152.0,1.0258547188870009
2026-05-28,2026-05-28 11:20:09,V028,151.0,0.9752817465890906
2026-05-28,2026-05-28 11:20:10,V028,150.0,0.9933421636316887
2026-05-28,2026-05-28 11:20:11,V028,150.0,1.0312976846889452
2026-05-28,2026-05-28 11:20:12,V028,150.0,1.0772301111765474
2026-05-28,2026-05-28 11:20:13,V028,149.0,0.951268896639754
2026-05-28,2026-05-28 11:20:14,V028,149.0,1.0932259044219252
2026-05-28,2026-05-28 11:20:15,V028,149.0,0.9906275697533871
2026-05-28,2026-05-28 11:20:16,V028,149.0,0.9917160983016573
2026-05-28,2026-05-28 11:20:17,V028,149.0,0.9776830173329516
2026-05-28,2026-05-28 11:20:18,V028,149.0,1.0838371092212578
2026-05-28,2026-05-28 11:20:19,V028,150.0,1.1284074181488364
2026-05-28,2026-05-28 11:20:20,V028,150.0,1.0256451009485668
2026-05-28,2026-05-28 11:20:21,V028,150.0,1.0342282328777215
2026-05-28,2026-05-28 11:20:22,V028,150.0,0.9743888764233333
2026-05-28,2026-05-28 11:20:23,V028,149.0,1.0322957567919775
2026-05-28,2026-05-28 11:20:24,V028,149.0,1.022739877861927
2026-05-28,2026-05-28 11:20:25,V028,150.0,1.0351082886353051
2026-05-28,2026-05-28 11:20:26,V028,150.0,1.0484585669741977
2026-05-28,2026-05-28 11:20:27,V028,150.0,0.9867029502298507
2026-05-28,2026-05-28 11:20:28,V028,150.0,0.9976255805989457
2026-05-28,2026-05-28 11:20:29,V028,150.0,1.0376577272420224
2026-05-28,2026-05-28 11:20:30,V028,151.0,1.0184383720906167
2026-05-28,2026-05-28 11:20:31,V028,151.0,0.9512110322577177
2026-05-28,2026-05-28 11:20:32,V028,151.0,1.247099893766593
2026-05-28,2026-05-28 11:20:33,V028,152.0,1.219775411733365
2026-05-28,2026-05-28 11:20:34,V028,152.0,0.8550258127982504
2026-05-28,2026-05-28 11:20:35,V028,153.0,1.1435595099958344
2026-05-28,2026-05-28 11:20:36,V028,154.0,0.9904108983242568
2026-05-28,2026-05-28 11:20:37,V028,154.0,1.0083774666988623
2026-05-28,2026-05-28 11:20:38,V028,154.0,0.9919650243846294
2026-05-28,2026-05-28 11:20:39,V028,155.0,0.9912231177587315
2026-05-28,2026-05-28 11:20:40,V028,155.0,0.9675705818955365
2026-05-28,2026-05-28 11:20:41,V028,155.0,1.0125822850905248
2026-05-28,2026-05-28 11:20:42,V028,154.0,1.0118527127942352
2026-05-28,2026-05-28 11:20:43,V028,155.0,0.9858037136200788
2026-05-28,2026-05-28 11:20:44,V028,154.0,1.006285824623001
2026-05-28,2026-05-28 11:20:45,V028,153.0,0.9792187563722422
2026-05-28,2026-05-28 11:20:46,V028,153.0,0.9693195136819753
2026-05-28,2026-05-28 11:20:47,V028,152.0,0.9693353207436952
2026-05-28,2026-05-28 11:20:48,V028,150.0,0.9876487176170572
2026-05-28,2026-05-28 11:20:49,V028,150.0,0.9402578122863371
2026-05-28,2026-05-28 11:20:50,V028,150.0,0.9891070976253656
2026-05-28,2026-05-28 11:20:51,V028,149.0,0.9775556332147359
2026-05-28,2026-05-28 11:20:52,V028,149.0,0.973812368350747
2026-05-28,2026-05-28 11:20:53,V028,148.0,0.9658443041557305
2026-05-28,2026-05-28 11:20:54,V028,146.0,0.9691828934612949
2026-05-28,2026-05-28 11:20:55,V028,145.0,0.9729181325587498
2026-05-28,2026-05-28 11:20:56,V028,143.0,0.9683549117582329
2026-05-28,2026-05-28 11:20:57,V028,142.0,0.9709269647102818
2026-05-28,2026-05-28 11:20:58,V028,142.0,0.9677130377868978
2026-05-28,2026-05-28 11:20:59,V028,141.0,0.9668654895992447
2026-05-28,2026-05-28 11:21:00,V028,140.0,0.971191068780666
2026-05-28,2026-05-28 11:21:01,V028,140.0,0.9677366111637491
2026-05-28,2026-05-28 11:21:02,V028,139.0,0.9699525772558248
2026-05-28,2026-05-28 11:21:03,V028,139.0,0.968102146198434
2026-05-28,2026-05-28 11:21:04,V028,138.0,0.9678349221840795
2026-05-28,2026-05-28 11:21:05,V028,137.0,0.967920003022837
2026-05-28,2026-05-28 11:21:06,V028,137.0,0.967269807848365
2026-05-28,2026-05-28 11:21:07,V028,137.0,0.9652703955303328
2026-05-28,2026-05-28 11:21:08,V028,137.0,0.9685020993099966
2026-05-28,2026-05-28 11:21:09,V028,137.0,0.9672682752361631
2026-05-28,2026-05-28 11:21:10,V028,137.0,0.963783983291722
2026-05-28,2026-05-28 11:21:11,V028,138.0,0.9622623731328509
2026-05-28,2026-05-28 11:21:12,V028,138.0,0.9642357533851253
2026-05-28,2026-05-28 11:21:13,V028,137.0,0.9650992644031099
2026-05-28,2026-05-28 11:21:14,V028,137.0,0.9650690489451973
2026-05-28,2026-05-28 11:21:15,V028,137.0,0.965399575990886
2026-05-28,2026-05-28 11:21:16,V028,137.0,0.9660655373916504
2026-05-28,2026-05-28 11:21:17,V028,136.0,0.9746283165234462
2026-05-28,2026-05-28 11:21:18,V028,135.0,0.9612911900512571
2026-05-28,2026-05-28 11:21:19,V028,134.0,0.9550234089211063
2026-05-28,2026-05-28 11:21:20,V028,134.0,0.9635814798841402
2026-05-28,2026-05-28 11:21:21,V028,133.0,0.9618679740819801
2026-05-28,2026-05-28 11:21:22,V028,133.0,0.9588108686135535
2026-05-28,2026-05-28 11:21:23,V028,132.0,0.9588465710558899
2026-05-28,2026-05-28 11:21:24,V028,132.0,0.9778955397817257
2026-05-28,2026-05-28 11:21:25,V028,133.0,0.970711371614555
2026-05-28,2026-05-28 11:21:26,V028,133.0,0.9695752138569959
2026-05-28,2026-05-28 11:21:27,V028,133.0,0.9703114374853469
2026-05-28,2026-05-28 11:21:28,V028,133.0,0.9712563215752414
2026-05-28,2026-05-28 11:21:29,V028,133.0,0.9710114914009718
2026-05-28,2026-05-28 11:21:30,V028,133.0,0.9702870032361612
2026-05-28,2026-05-28 11:21:31,V028,133.0,0.9698456105913467
2026-05-28,2026-05-28 11:21:32,V028,133.0,0.9702592766024792
2026-05-28,2026-05-28 11:21:33,V028,133.0,0.9696284330046957
2026-05-28,2026-05-28 11:21:34,V028,132.0,0.9701858154707351
2026-05-28,2026-05-28 11:21:35,V028,132.0,0.9685332138453765
2026-05-28,2026-05-28 11:21:36,V028,132.0,0.9700242024601291
2026-05-28,2026-05-28 11:21:37,V028,131.0,0.9709495657903665
2026-05-28,2026-05-28 11:21:38,V028,129.0,0.9708781958366459
2026-05-28,2026-05-28 11:21:39,V028,128.0,0.9688747983354257
2026-05-28,2026-05-28 11:21:40,V028,128.0,0.9682488399336525
2026-05-28,2026-05-28 11:21:41,V028,127.0,0.9689936125229239
2026-05-28,2026-05-28 11:21:42,V028,126.0,0.9694986016798319
2026-05-28,2026-05-28 11:21:43,V028,126.0,0.96939497452256
2026-05-28,2026-05-28 11:21:44,V028,126.0,0.9676489268987992
2026-05-28,2026-05-28 11:21:45,V028,126.0,0.9688378128180408
2026-05-28,2026-05-28 11:21:46,V028,126.0,0.972680953522024
2026-05-28,2026-05-28 11:21:47,V028,125.0,0.9706931309653815
2026-05-28,2026-05-28 11:21:48,V028,125.0,0.97324641137854
2026-05-28,2026-05-28 11:21:49,V028,124.0,0.9699508130791477
2026-05-28,2026-05-28 11:21:50,V028,124.0,0.9703540707109268
2026-05-28,2026-05-28 11:21:51,V028,124.0,0.9699031946003351
2026-05-28,2026-05-28 11:21:52,V028,124.0,0.971359815022175
2026-05-28,2026-05-28 11:21:53,V028,124.0,0.9696820768510247
2026-05-28,2026-05-28 11:21:54,V028,123.0,0.9743480805446878
2026-05-28,2026-05-28 11:21:55,V028,123.0,0.9698372691373839
2026-05-28,2026-05-28 11:21:56,V028,123.0,0.9750494969324903
2026-05-28,2026-05-28 11:21:57,V028,123.0,0.9712254833896962
2026-05-28,2026-05-28 11:21:58,V028,123.0,0.9706557388699741
2026-05-28,2026-05-28 11:21:59,V028,122.0,0.9703458731872059
2026-05-28,2026-05-28 11:22:00,V028,122.0,0.9691772949467377
2026-05-28,2026-05-28 11:22:01,V028,122.0,0.9692426299689653
2026-05-28,2026-05-28 11:22:02,V028,121.0,0.9695110288418541
2026-05-28,2026-05-28 11:22:03,V028,121.0,0.9695034958351053
2026-05-28,2026-05-28 11:22:04,V028,121.0,0.9697235545935545
2026-05-28,2026-05-28 11:22:05,V028,122.0,0.968133263772015
2026-05-28,2026-05-28 11:22:06,V028,122.0,0.9698533618186219
2026-05-28,2026-05-28 11:22:07,V028,122.0,0.968831125632084
2026-05-28,2026-05-28 11:22:08,V028,122.0,0.9689664958890052
2026-05-28,2026-05-28 11:22:09,V028,122.0,0.9705882620653602
2026-05-28,2026-05-28 11:22:10,V028,122.0,0.9697856389044427
2026-05-28,2026-05-28 11:22:11,V028,122.0,0.9678978087546988
2026-05-28,2026-05-28 11:22:12,V028,123.0,0.9723540051460077
2026-05-28,2026-05-28 11:22:13,V028,123.0,0.9797347420427635
2026-05-28,2026-05-28 11:22:14,V028,123.0,0.9625225890225129
2026-05-28,2026-05-28 11:22:15,V028,124.0,0.9785407834958977
2026-05-28,2026-05-28 11:22:16,V028,125.0,0.9730956557155072
2026-05-28,2026-05-28 11:22:17,V028,125.0,0.971791999797904
2026-05-28,2026-05-28 11:22:18,V028,125.0,0.9724790883949036
2026-05-28,2026-05-28 11:22:19,V028,125.0,0.9721373598657769
2026-05-28,2026-05-28 11:22:20,V028,125.0,0.975102039923488
2026-05-28,2026-05-28 11:22:21,V028,125.0,0.9668865989860445
2026-05-28,2026-05-28 11:22:22,V028,125.0,0.9707222275194789
2026-05-28,2026-05-28 11:22:23,V028,125.0,0.9711095417924802
2026-05-28,2026-05-28 11:22:24,V028,125.0,0.9711072890822547
2026-05-28,2026-05-28 11:22:25,V028,126.0,0.9691147441175639
2026-05-28,2026-05-28 11:22:26,V028,126.0,0.9706368194797597
2026-05-28,2026-05-28 11:22:27,V028,127.0,0.9703495450438175
2026-05-28,2026-05-28 11:22:28,V028,127.0,0.9695669317178313
2026-05-28,2026-05-28 11:22:29,V028,127.0,0.969112287777033
2026-05-28,2026-05-28 11:22:30,V028,128.0,0.9715322875483212
2026-05-28,2026-05-28 11:22:31,V028,128.0,0.972029187778486
2026-05-28,2026-05-28 11:22:32,V028,128.0,0.9691704768307625
2026-05-28,2026-05-28 11:22:33,V028,128.0,0.96827456522832
2026-05-28,2026-05-28 11:22:34,V028,128.0,0.9673966787465784
2026-05-28,2026-05-28 11:22:35,V028,127.0,0.9681868475544589
2026-05-28,2026-05-28 11:22:36,V028,126.0,0.967422090524718
2026-05-28,2026-05-28 11:22:37,V028,124.0,0.967751880313174
2026-05-28,2026-05-28 11:22:38,V028,123.0,0.96831670452641
2026-05-28,2026-05-28 11:22:39,V028,123.0,0.9677968427472186
2026-05-28,2026-05-28 11:22:40,V028,123.0,0.9691938704806334
2026-05-28,2026-05-28 11:22:41,V028,123.0,0.9724466780795151
2026-05-28,2026-05-28 11:22:42,V028,123.0,0.9711732346229336
2026-05-28,2026-05-28 11:22:43,V028,124.0,0.9704311318265563
2026-05-28,2026-05-28 11:22:44,V028,124.0,0.9718913436625474
2026-05-28,2026-05-28 11:22:45,V028,124.0,0.9706726419877745
2026-05-28,2026-05-28 11:22:46,V028,124.0,0.9711896621291027
2026-05-28,2026-05-28 11:22:47,V028,124.0,0.9715206974048203
2026-05-28,2026-05-28 11:22:48,V028,124.0,0.9712459259042959
2026-05-28,2026-05-28 11:22:49,V028,124.0,0.9795917898072499
2026-05-28,2026-05-28 11:22:50,V028,124.0,0.9643109116244956
2026-05-28,2026-05-28 11:22:51,V028,124.0,0.9704842418268574
2026-05-28,2026-05-28 11:22:52,V028,124.0,0.9667582776421684
2026-05-28,2026-05-28 11:22:53,V028,123.0,0.9663862654829853
2026-05-28,2026-05-28 11:22:54,V028,123.0,0.9673392712272691
2026-05-28,2026-05-28 11:22:55,V028,123.0,0.9841730289098444
2026-05-28,2026-05-28 11:22:56,V028,122.0,0.973172837469768
2026-05-28,2026-05-28 11:22:57,V028,122.0,0.9958379546005921
2026-05-28,2026-05-28 11:22:58,V028,122.0,0.9885610267079675
2026-05-28,2026-05-28 11:22:59,V028,122.0,0.983875592861639
2026-05-28,2026-05-28 11:23:00,V028,122.0,1.0103494320953024
2026-05-28,2026-05-28 11:23:01,V028,122.0,0.9955922672869637
2026-05-28,2026-05-28 11:23:02,V028,122.0,0.9766033912899481
2026-05-28,2026-05-28 11:23:03,V028,122.0,0.9678562211581675
2026-05-28,2026-05-28 11:23:04,V028,122.0,0.9919466881247022
2026-05-28,2026-05-28 11:23:05,V028,122.0,0.9982966597700927
2026-05-28,2026-05-28 11:23:06,V028,122.0,1.0119059827931052
2026-05-28,2026-05-28 11:23:07,V028,122.0,0.9690747735281303
2026-05-28,2026-05-28 11:23:08,V028,122.0,0.970271640111944
2026-05-28,2026-05-28 11:23:09,V028,122.0,0.9694465469968473
2026-05-28,2026-05-28 11:23:10,V028,122.0,0.9693923075629824
2026-05-28,2026-05-28 11:23:11,V028,122.0,0.9690100190560836
2026-05-28,2026-05-28 11:23:12,V028,122.0,0.9661229718076163
2026-05-28,2026-05-28 11:23:13,V028,123.0,0.9717781068098691
2026-05-28,2026-05-28 11:23:14,V028,123.0,0.9718644527656319
2026-05-28,2026-05-28 11:23:15,V028,124.0,0.9717507075421083
2026-05-28,2026-05-28 11:23:16,V028,126.0,0.968491951057353
2026-05-28,2026-05-28 11:23:17,V028,127.0,0.9710120344752048
2026-05-28,2026-05-28 11:23:18,V028,128.0,0.972579950154905
2026-05-28,2026-05-28 11:23:19,V028,128.0,0.9713327372174414
2026-05-28,2026-05-28 11:23:20,V028,128.0,0.9685662924198198
2026-05-28,2026-05-28 11:23:21,V028,128.0,0.9701436324553998
2026-05-28,2026-05-28 11:23:22,V028,129.0,0.9695292145301291
2026-05-28,2026-05-28 11:23:23,V028,129.0,0.9701967997549096
2026-05-28,2026-05-28 11:23:24,V028,129.0,0.9659058419128804
2026-05-28,2026-05-28 11:23:25,V028,129.0,0.9701902241797299
2026-05-28,2026-05-28 11:23:26,V028,129.0,0.9968966372950752
2026-05-28,2026-05-28 11:23:27,V028,129.0,1.006749067705492
2026-05-28,2026-05-28 11:23:28,V028,129.0,1.0203114748491293
2026-05-28,2026-05-28 11:23:29,V028,129.0,0.988915306230561
2026-05-28,2026-05-28 11:23:30,V028,129.0,1.0318409503305481
2026-05-28,2026-05-28 11:23:31,V028,128.0,1.0660519114974942
2026-05-28,2026-05-28 11:23:32,V028,128.0,1.0801664757543366
2026-05-28,2026-05-28 11:23:33,V028,128.0,1.0167722175800835
2026-05-28,2026-05-28 11:23:34,V028,128.0,0.98480623137969
2026-05-28,2026-05-28 11:23:35,V028,129.0,1.1532507496122204
2026-05-28,2026-05-28 11:23:36,V028,129.0,1.047257340177061
2026-05-28,2026-05-28 11:23:37,V028,130.0,0.9846655781746263
2026-05-28,2026-05-28 11:23:38,V028,131.0,0.9830908207176278
2026-05-28,2026-05-28 11:23:39,V028,132.0,0.9680091356866957
2026-05-28,2026-05-28 11:23:40,V028,132.0,1.0001795004339156
2026-05-28,2026-05-28 11:23:41,V028,132.0,0.9935824196420365
2026-05-28,2026-05-28 11:23:42,V028,132.0,1.095820568124119
2026-05-28,2026-05-28 11:23:43,V028,132.0,1.0171477228734906
2026-05-28,2026-05-28 11:23:44,V028,132.0,1.0039147940811222
2026-05-28,2026-05-28 11:23:45,V028,132.0,0.976152282327939
2026-05-28,2026-05-28 11:23:46,V028,131.0,1.0480309445272162
2026-05-28,2026-05-28 11:23:47,V028,131.0,0.993897730801875
2026-05-28,2026-05-28 11:23:48,V028,131.0,0.9980971856313575
2026-05-28,2026-05-28 11:23:49,V028,131.0,0.8950013990499055
2026-05-28,2026-05-28 11:23:50,V028,132.0,1.0147986233685709
2026-05-28,2026-05-28 11:23:51,V028,132.0,1.0966133764588513
2026-05-28,2026-05-28 11:23:52,V028,132.0,1.0391009423633806
2026-05-28,2026-05-28 11:23:53,V028,132.0,0.9841873037635586
2026-05-28,2026-05-28 11:23:54,V028,133.0,0.9804430455855265
2026-05-28,2026-05-28 11:23:55,V028,134.0,1.0301157114102997
2026-05-28,2026-05-28 11:23:56,V028,136.0,0.9697364605190614
2026-05-28,2026-05-28 11:23:57,V028,136.0,0.9739941814207135
2026-05-28,2026-05-28 11:23:58,V028,137.0,0.9943907810510846
2026-05-28,2026-05-28 11:23:59,V028,138.0,1.133629447842345
2026-05-28,2026-05-28 11:24:00,V028,138.0,0.9682916016878559
2026-05-28,2026-05-28 11:24:01,V028,138.0,0.9863553293657934
2026-05-28,2026-05-28 11:24:02,V028,138.0,1.051324393956432
2026-05-28,2026-05-28 11:24:03,V028,139.0,1.001171915676164
2026-05-28,2026-05-28 11:24:04,V028,139.0,1.0077009359211513
2026-05-28,2026-05-28 11:24:05,V028,139.0,0.9787771345680685
2026-05-28,2026-05-28 11:24:06,V028,139.0,0.9763293621898084
2026-05-28,2026-05-28 11:24:07,V028,140.0,1.0148850244097356
2026-05-28,2026-05-28 11:24:08,V028,141.0,0.9962143597290806
2026-05-28,2026-05-28 11:24:09,V028,141.0,0.9946086235433539
2026-05-28,2026-05-28 11:24:10,V028,141.0,1.00165734053966
2026-05-28,2026-05-28 11:24:11,V028,142.0,1.0269333208141296
2026-05-28,2026-05-28 11:24:12,V028,142.0,0.9692955079596846
2026-05-28,2026-05-28 11:24:13,V028,142.0,1.0321668456784154
2026-05-28,2026-05-28 11:24:14,V028,143.0,1.1227623012055394
2026-05-28,2026-05-28 11:24:15,V028,143.0,0.9098401332514345
2026-05-28,2026-05-28 11:24:16,V028,142.0,0.9719603584194877
2026-05-28,2026-05-28 11:24:17,V028,142.0,1.0179186456327758
2026-05-28,2026-05-28 11:24:18,V028,142.0,0.9685117236429334
2026-05-28,2026-05-28 11:24:19,V028,142.0,0.9988268102372041
2026-05-28,2026-05-28 11:24:20,V028,142.0,1.0198301745606067
2026-05-28,2026-05-28 11:24:21,V028,142.0,0.9827062823491829
2026-05-28,2026-05-28 11:24:22,V028,142.0,1.007678967252539
2026-05-28,2026-05-28 11:24:23,V028,141.0,0.969929556615911
2026-05-28,2026-05-28 11:24:24,V028,141.0,0.9850866751844245
2026-05-28,2026-05-28 11:24:25,V028,141.0,1.0168160025986992
2026-05-28,2026-05-28 11:24:26,V028,141.0,0.9890924372613048
2026-05-28,2026-05-28 11:24:27,V028,140.0,1.0023357390783505
2026-05-28,2026-05-28 11:24:28,V028,137.0,0.9672806239745272
2026-05-28,2026-05-28 11:24:29,V028,135.0,0.9779265026142178
2026-05-28,2026-05-28 11:24:30,V028,133.0,0.9658611793698099
2026-05-28,2026-05-28 11:24:31,V028,132.0,0.9726492201674315
2026-05-28,2026-05-28 11:24:32,V028,132.0,0.979476782394396
2026-05-28,2026-05-28 11:24:33,V028,130.0,0.9729856181180562
2026-05-28,2026-05-28 11:24:34,V028,129.0,0.9561960048179988
2026-05-28,2026-05-28 11:24:35,V028,129.0,0.9636171144688397
2026-05-28,2026-05-28 11:24:36,V028,128.0,0.9627094983932043
2026-05-28,2026-05-28 11:24:37,V028,128.0,0.9652975506138883
2026-05-28,2026-05-28 11:24:38,V028,128.0,0.9847625174924818
2026-05-28,2026-05-28 11:24:39,V028,128.0,0.951749862503178
2026-05-28,2026-05-28 11:24:40,V028,128.0,0.9771361279617986
2026-05-28,2026-05-28 11:24:41,V028,129.0,0.9440341139184005
2026-05-28,2026-05-28 11:24:42,V028,130.0,0.9328137038472267
2026-05-28,2026-05-28 11:24:43,V028,130.0,0.9272304461414983
2026-05-28,2026-05-28 11:24:44,V028,130.0,0.9421354850364735
2026-05-28,2026-05-28 11:24:45,V028,130.0,0.9751013106923541
2026-05-28,2026-05-28 11:24:46,V028,131.0,0.9776630396918766
2026-05-28,2026-05-28 11:24:47,V028,131.0,0.9704303790662492
2026-05-28,2026-05-28 11:24:48,V028,131.0,0.9616688646861211
2026-05-28,2026-05-28 11:24:49,V028,131.0,1.0046330375993715
2026-05-28,2026-05-28 11:24:50,V028,131.0,0.9393412425729142
2026-05-28,2026-05-28 11:24:51,V028,131.0,1.0116841496433029
2026-05-28,2026-05-28 11:24:52,V028,131.0,1.0310493257925566
2026-05-28,2026-05-28 11:24:53,V028,131.0,0.9974461474350002
2026-05-28,2026-05-28 11:24:54,V028,131.0,1.0081850453235262
2026-05-28,2026-05-28 11:24:55,V028,131.0,0.9866124922230877
2026-05-28,2026-05-28 11:24:56,V028,131.0,0.9924633547313182
2026-05-28,2026-05-28 11:24:57,V028,131.0,1.0000627552980081
2026-05-28,2026-05-28 11:24:58,V028,131.0,1.0009677260965768
2026-05-28,2026-05-28 11:24:59,V028,131.0,1.0521676077502902
2026-05-28,2026-05-28 11:25:00,V028,131.0,1.0147427397339794
2026-05-28,2026-05-28 11:25:01,V028,130.0,1.0415994020908443
2026-05-28,2026-05-28 11:25:02,V028,130.0,0.9909922704435957
2026-05-28,2026-05-28 11:25:03,V028,129.0,0.965336039130651
2026-05-28,2026-05-28 11:25:04,V028,128.0,0.998020932763045
2026-05-28,2026-05-28 11:25:05,V028,128.0,1.0135344962986534
2026-05-28,2026-05-28 11:25:06,V028,128.0,1.001464733453967
2026-05-28,2026-05-28 11:25:07,V028,128.0,0.9560147910951304
2026-05-28,2026-05-28 11:25:08,V028,128.0,0.9900380719719334
2026-05-28,2026-05-28 11:25:09,V028,128.0,1.0091960235721258
2026-05-28,2026-05-28 11:25:10,V028,128.0,0.9561538769406506
2026-05-28,2026-05-28 11:25:11,V028,128.0,1.018244415444277
2026-05-28,2026-05-28 11:25:12,V028,127.0,1.0236978029428745
2026-05-28,2026-05-28 11:25:13,V028,127.0,1.0412734453300272
2026-05-28,2026-05-28 11:25:14,V028,127.0,0.9957904282862707
2026-05-28,2026-05-28 11:25:15,V028,127.0,0.9880099164236116
2026-05-28,2026-05-28 11:25:16,V028,127.0,0.9863118039527461
2026-05-28,2026-05-28 11:25:17,V028,126.0,1.003667343818234
2026-05-28,2026-05-28 11:25:18,V028,126.0,0.9538649739883699
2026-05-28,2026-05-28 11:25:19,V028,126.0,1.0169217703100335
2026-05-28,2026-05-28 11:25:20,V028,126.0,0.9806537603829428
2026-05-28,2026-05-28 11:25:21,V028,126.0,0.9574627301004125
2026-05-28,2026-05-28 11:25:22,V028,126.0,0.9759404493897025
2026-05-28,2026-05-28 11:25:23,V028,126.0,1.0006971107096947
2026-05-28,2026-05-28 11:25:24,V028,126.0,1.0097711355330947
2026-05-28,2026-05-28 11:25:25,V028,126.0,0.9919279603830955
2026-05-28,2026-05-28 11:25:26,V028,126.0,0.9649074224621211
2026-05-28,2026-05-28 11:25:27,V028,125.0,0.9799048013851919
2026-05-28,2026-05-28 11:25:28,V028,125.0,0.9749418828276267
2026-05-28,2026-05-28 11:25:29,V028,126.0,1.0037896670811652
2026-05-28,2026-05-28 11:25:30,V028,126.0,1.0344257636000602
2026-05-28,2026-05-28 11:25:31,V028,126.0,0.9969518203982746
2026-05-28,2026-05-28 11:25:32,V028,126.0,0.9744636484361356
2026-05-28,2026-05-28 11:25:33,V028,126.0,0.9635470334452138
2026-05-28,2026-05-28 11:25:34,V028,127.0,0.9908332093578912
2026-05-28,2026-05-28 11:25:35,V028,126.0,1.0309095060405677
2026-05-28,2026-05-28 11:25:36,V028,125.0,0.9857719823991276
2026-05-28,2026-05-28 11:25:37,V028,124.0,0.9841860712445494
2026-05-28,2026-05-28 11:25:38,V028,123.0,1.0312790201196205
2026-05-28,2026-05-28 11:25:39,V028,122.0,0.9756952303128904
2026-05-28,2026-05-28 11:25:40,V028,122.0,0.9712064307539425
2026-05-28,2026-05-28 11:25:41,V028,121.0,0.9748912185758032
2026-05-28,2026-05-28 11:25:42,V028,120.0,1.0166834545435641
2026-05-28,2026-05-28 11:25:43,V028,119.0,1.0408656486892014
2026-05-28,2026-05-28 11:25:44,V028,119.0,0.9486336493907903
2026-05-28,2026-05-28 11:25:45,V028,119.0,1.0380007531720712
2026-05-28,2026-05-28 11:25:46,V028,119.0,0.9635868079120579
2026-05-28,2026-05-28 11:25:47,V028,119.0,0.9833317731755448
2026-05-28,2026-05-28 11:25:48,V028,119.0,1.0395108257777623
2026-05-28,2026-05-28 11:25:49,V028,119.0,0.9921126550223993
2026-05-28,2026-05-28 11:25:50,V028,119.0,0.9748848494811685
2026-05-28,2026-05-28 11:25:51,V028,120.0,0.9990781074150966
2026-05-28,2026-05-28 11:25:52,V028,120.0,1.0474587882561555
2026-05-28,2026-05-28 11:25:53,V028,120.0,0.9518692418589408
2026-05-28,2026-05-28 11:25:54,V028,120.0,1.0364718654284824
2026-05-28,2026-05-28 11:25:55,V028,120.0,0.9741127634752842
2026-05-28,2026-05-28 11:25:56,V028,120.0,0.9772991587697311
2026-05-28,2026-05-28 11:25:57,V028,121.0,0.9817544729485075
2026-05-28,2026-05-28 11:25:58,V028,121.0,0.9872333044857239
2026-05-28,2026-05-28 11:25:59,V028,121.0,0.9892043737562125
2026-05-28,2026-05-28 11:26:00,V028,121.0,1.0084677298153006
2026-05-28,2026-05-28 11:26:01,V028,121.0,0.9985657830468897
2026-05-28,2026-05-28 11:26:02,V028,122.0,0.9657920126374947
2026-05-28,2026-05-28 11:26:03,V028,122.0,0.9890096390590468
2026-05-28,2026-05-28 11:26:04,V028,122.0,0.9838497800192892
2026-05-28,2026-05-28 11:26:05,V028,122.0,0.971234986201569
2026-05-28,2026-05-28 11:26:06,V028,122.0,0.9440132464214965
2026-05-28,2026-05-28 11:26:07,V028,122.0,0.9346938607122071
2026-05-28,2026-05-28 11:26:08,V028,123.0,0.9036349034583414
2026-05-28,2026-05-28 11:26:09,V028,123.0,0.9609450572633744
2026-05-28,2026-05-28 11:26:10,V028,124.0,0.9644150015318743
2026-05-28,2026-05-28 11:26:11,V028,124.0,0.9583518106923395
2026-05-28,2026-05-28 11:26:12,V028,124.0,0.9582709286081824
2026-05-28,2026-05-28 11:26:13,V028,124.0,0.959409964850395
2026-05-28,2026-05-28 11:26:14,V028,124.0,0.9610895583295613
2026-05-28,2026-05-28 11:26:15,V028,124.0,0.9619657631132011
2026-05-28,2026-05-28 11:26:16,V028,124.0,0.954777016753073
2026-05-28,2026-05-28 11:26:17,V028,124.0,0.9633316189299758
2026-05-28,2026-05-28 11:26:18,V028,124.0,0.9339457664246612
2026-05-28,2026-05-28 11:26:19,V028,124.0,0.9511074358025217
2026-05-28,2026-05-28 11:26:20,V028,124.0,0.9479321088610793
2026-05-28,2026-05-28 11:26:21,V028,125.0,0.9492929461895787
2026-05-28,2026-05-28 11:26:22,V028,125.0,0.967016356745741
2026-05-28,2026-05-28 11:26:23,V028,127.0,0.9461958177571125
2026-05-28,2026-05-28 11:26:24,V028,128.0,0.9921029307510472
2026-05-28,2026-05-28 11:26:25,V028,129.0,0.968021763253004
2026-05-28,2026-05-28 11:26:26,V028,129.0,1.0243217564219511
2026-05-28,2026-05-28 11:26:27,V028,129.0,1.0479952828653059
2026-05-28,2026-05-28 11:26:28,V028,130.0,1.0107550860766388
2026-05-28,2026-05-28 11:26:29,V028,129.0,0.9974323076535951
2026-05-28,2026-05-28 11:26:30,V028,129.0,0.984760599060922
2026-05-28,2026-05-28 11:26:31,V028,128.0,0.987391587991784
2026-05-28,2026-05-28 11:26:32,V028,127.0,1.0048142480780844
2026-05-28,2026-05-28 11:26:33,V028,126.0,1.0000360793494505
2026-05-28,2026-05-28 11:26:34,V028,126.0,0.99326172148615
2026-05-28,2026-05-28 11:26:35,V028,125.0,0.9677010775438744
2026-05-28,2026-05-28 11:26:36,V028,123.0,0.969133975311395
2026-05-28,2026-05-28 11:26:37,V028,123.0,0.9803313791641884
2026-05-28,2026-05-28 11:26:38,V028,123.0,1.0182884985132192
2026-05-28,2026-05-28 11:26:39,V028,123.0,1.0048285677638649
2026-05-28,2026-05-28 11:26:40,V028,123.0,0.963575515421207
2026-05-28,2026-05-28 11:26:41,V028,123.0,1.0177234538206572
2026-05-28,2026-05-28 11:26:42,V028,124.0,1.0623360236545396
2026-05-28,2026-05-28 11:26:43,V028,124.0,1.033875084220941
2026-05-28,2026-05-28 11:26:44,V028,124.0,0.986376741881992
2026-05-28,2026-05-28 11:26:45,V028,123.0,1.012101786270914
2026-05-28,2026-05-28 11:26:46,V028,123.0,1.039058445476838
2026-05-28,2026-05-28 11:26:47,V028,123.0,0.9605543636124405
2026-05-28,2026-05-28 11:26:48,V028,123.0,0.969948785301322
2026-05-28,2026-05-28 11:26:49,V028,123.0,1.0102233556478255
2026-05-28,2026-05-28 11:26:50,V028,122.0,0.9688292573777921
2026-05-28,2026-05-28 11:26:51,V028,122.0,1.0087591313394886
2026-05-28,2026-05-28 11:26:52,V028,122.0,0.9703818414469375
2026-05-28,2026-05-28 11:26:53,V028,122.0,1.01268194273716
2026-05-28,2026-05-28 11:26:54,V028,122.0,0.9813474194355482
2026-05-28,2026-05-28 11:26:55,V028,120.0,1.0087852004309712
2026-05-28,2026-05-28 11:26:56,V028,119.0,1.0457115896087688
2026-05-28,2026-05-28 11:26:57,V028,119.0,1.0200395434409741
2026-05-28,2026-05-28 11:26:58,V028,119.0,0.9605045045299401
2026-05-28,2026-05-28 11:26:59,V028,120.0,1.0630220853128225
2026-05-28,2026-05-28 11:27:00,V028,120.0,1.0396682248586804
2026-05-28,2026-05-28 11:27:01,V028,120.0,1.0026194710099032
2026-05-28,2026-05-28 11:27:02,V028,121.0,1.042051613961176
2026-05-28,2026-05-28 11:27:03,V028,121.0,0.9759489385688547
2026-05-28,2026-05-28 11:27:04,V028,121.0,0.9606245803281124
2026-05-28,2026-05-28 11:27:05,V028,122.0,1.0643527515397249
2026-05-28,2026-05-28 11:27:06,V028,122.0,1.0025182711437037
2026-05-28,2026-05-28 11:27:07,V028,123.0,0.997406047163541
2026-05-28,2026-05-28 11:27:08,V028,124.0,0.9818675634979648
2026-05-28,2026-05-28 11:27:09,V028,125.0,1.0164366929896917
2026-05-28,2026-05-28 11:27:10,V028,127.0,0.9647791452991117
2026-05-28,2026-05-28 11:27:11,V028,127.0,0.9684159080598549
2026-05-28,2026-05-28 11:27:12,V028,128.0,0.9765122828931946
2026-05-28,2026-05-28 11:27:13,V028,129.0,0.9747154850523189
2026-05-28,2026-05-28 11:27:14,V028,129.0,0.973089200537199
2026-05-28,2026-05-28 11:27:15,V028,129.0,0.9598521727204827
2026-05-28,2026-05-28 11:27:16,V028,130.0,0.9928288901910061
2026-05-28,2026-05-28 11:27:17,V028,130.0,0.9891897474213188
2026-05-28,2026-05-28 11:27:18,V028,130.0,0.9979038468188323
2026-05-28,2026-05-28 11:27:19,V028,130.0,1.007463331866128
2026-05-28,2026-05-28 11:27:20,V028,130.0,1.0158535035050056
2026-05-28,2026-05-28 11:27:21,V028,130.0,1.015265386470223
2026-05-28,2026-05-28 11:27:22,V028,130.0,0.9713705015312417
2026-05-28,2026-05-28 11:27:23,V028,131.0,0.9838577428134201
2026-05-28,2026-05-28 11:27:24,V028,131.0,0.9875491729569091
2026-05-28,2026-05-28 11:27:25,V028,131.0,0.9804431764095216
2026-05-28,2026-05-28 11:27:26,V028,131.0,0.9730477899282831
2026-05-28,2026-05-28 11:27:27,V028,131.0,1.0209341127796399
2026-05-28,2026-05-28 11:27:28,V028,131.0,0.9928195121768562
2026-05-28,2026-05-28 11:27:29,V028,131.0,0.9996914810275194
2026-05-28,2026-05-28 11:27:30,V028,131.0,1.2306575945660956
2026-05-28,2026-05-28 11:27:31,V028,131.0,1.4598023672484963
2026-05-28,2026-05-28 11:27:32,V028,131.0,1.0291507106173463
2026-05-28,2026-05-28 11:27:33,V028,131.0,1.0894408986982034
2026-05-28,2026-05-28 11:27:34,V028,131.0,1.1791453374584078
2026-05-28,2026-05-28 11:27:35,V028,131.0,1.080915031307438
2026-05-28,2026-05-28 11:27:36,V028,131.0,0.953167167842404
2026-05-28,2026-05-28 11:27:37,V028,131.0,0.9559152176947865
2026-05-28,2026-05-28 11:27:38,V028,131.0,1.031890208420169
2026-05-28,2026-05-28 11:27:39,V028,132.0,0.9777610531122682
2026-05-28,2026-05-28 11:27:40,V028,133.0,0.9762683856071372
2026-05-28,2026-05-28 11:27:41,V028,134.0,0.9958396003900108
2026-05-28,2026-05-28 11:27:42,V028,136.0,1.0055867245027363
2026-05-28,2026-05-28 11:27:43,V028,138.0,0.9739098741107479
2026-05-28,2026-05-28 11:27:44,V028,139.0,1.0051509802684953
2026-05-28,2026-05-28 11:27:45,V028,140.0,1.0254958328850978
2026-05-28,2026-05-28 11:27:46,V028,140.0,0.9822439282168105
2026-05-28,2026-05-28 11:27:47,V028,141.0,0.9768002767693569
2026-05-28,2026-05-28 11:27:48,V028,142.0,0.9771261259405407
2026-05-28,2026-05-28 11:27:49,V028,142.0,1.0397124208643065
2026-05-28,2026-05-28 11:27:50,V028,143.0,1.0208659386845629
2026-05-28,2026-05-28 11:27:51,V028,144.0,1.0210353257118283
2026-05-28,2026-05-28 11:27:52,V028,144.0,1.0029586737229743
2026-05-28,2026-05-28 11:27:53,V028,144.0,1.1398194393525503
2026-05-28,2026-05-28 11:27:54,V028,145.0,1.175183679038326
2026-05-28,2026-05-28 11:27:55,V028,145.0,0.9634129882446499
2026-05-28,2026-05-28 11:27:56,V028,145.0,1.0323151385687757
2026-05-28,2026-05-28 11:27:57,V028,146.0,1.0565458751726027
2026-05-28,2026-05-28 11:27:58,V028,146.0,1.017581493820453
2026-05-28,2026-05-28 11:27:59,V028,146.0,1.1307876846396527
2026-05-28,2026-05-28 11:28:00,V028,146.0,0.996372783267856
2026-05-28,2026-05-28 11:28:01,V028,146.0,0.9929008274474335
2026-05-28,2026-05-28 11:28:02,V028,146.0,1.012000197503251
2026-05-28,2026-05-28 11:28:03,V028,146.0,0.969330654981143
2026-05-28,2026-05-28 11:28:04,V028,146.0,0.9989867885430405
2026-05-28,2026-05-28 11:28:05,V028,146.0,0.9404734572652453
2026-05-28,2026-05-28 11:28:06,V028,146.0,1.3971873262690737
2026-05-28,2026-05-28 11:28:07,V028,145.0,1.2448184547033208
2026-05-28,2026-05-28 11:28:08,V028,145.0,1.2988206043374053
2026-05-28,2026-05-28 11:28:09,V028,145.0,1.2978294273981057
2026-05-28,2026-05-28 11:28:10,V028,144.0,1.3512141286492516
2026-05-28,2026-05-28 11:28:11,V028,144.0,1.1658904576502898
2026-05-28,2026-05-28 11:28:12,V028,144.0,1.0313625417183203
2026-05-28,2026-05-28 11:28:13,V028,144.0,0.8755631550882933
2026-05-28,2026-05-28 11:28:14,V028,143.0,1.2957573111829854
2026-05-28,2026-05-28 11:28:15,V028,142.0,0.901671680616947
2026-05-28,2026-05-28 11:28:16,V028,140.0,0.9960087091397128
2026-05-28,2026-05-28 11:28:17,V028,139.0,1.0410265795380251
2026-05-28,2026-05-28 11:28:18,V028,138.0,0.9595747293281415
2026-05-28,2026-05-28 11:28:19,V028,137.0,1.043415183955665
2026-05-28,2026-05-28 11:28:20,V028,137.0,0.9992843215442541
2026-05-28,2026-05-28 11:28:21,V028,135.0,0.9910511835776232
2026-05-28,2026-05-28 11:28:22,V028,133.0,1.0280261934288977
2026-05-28,2026-05-28 11:28:23,V028,131.0,0.9598247367141334
2026-05-28,2026-05-28 11:28:24,V028,130.0,0.9822224293667988
2026-05-28,2026-05-28 11:28:25,V028,129.0,0.9932974174581377
2026-05-28,2026-05-28 11:28:26,V028,129.0,0.9587114649522183
2026-05-28,2026-05-28 11:28:27,V028,128.0,0.9989388794384688
2026-05-28,2026-05-28 11:28:28,V028,128.0,1.0069182285199247
2026-05-28,2026-05-28 11:28:29,V028,127.0,0.9799567229327972
2026-05-28,2026-05-28 11:28:30,V028,127.0,0.9618529010046538
2026-05-28,2026-05-28 11:28:31,V028,127.0,0.9869345053837052
2026-05-28,2026-05-28 11:28:32,V028,127.0,0.9758380285911981
2026-05-28,2026-05-28 11:28:33,V028,128.0,0.9642246302164763
2026-05-28,2026-05-28 11:28:34,V028,129.0,0.9641898015263223
2026-05-28,2026-05-28 11:28:35,V028,130.0,0.958835924378871
2026-05-28,2026-05-28 11:28:36,V028,132.0,0.972286668456198
2026-05-28,2026-05-28 11:28:37,V028,133.0,0.9675331620008137
2026-05-28,2026-05-28 11:28:38,V028,133.0,0.9699445581609158
2026-05-28,2026-05-28 11:28:39,V028,133.0,0.962800336286577
2026-05-28,2026-05-28 11:28:40,V028,133.0,0.9843993313951773
2026-05-28,2026-05-28 11:28:41,V028,133.0,0.9775120873069025
2026-05-28,2026-05-28 11:28:42,V028,132.0,0.9748326249052557
2026-05-28,2026-05-28 11:28:43,V028,133.0,0.9778113311432681
2026-05-28,2026-05-28 11:28:44,V028,133.0,0.9763054217900939
2026-05-28,2026-05-28 11:28:45,V028,133.0,0.9717119792673317
2026-05-28,2026-05-28 11:28:46,V028,133.0,0.9698825684844178
2026-05-28,2026-05-28 11:28:47,V028,133.0,0.9704815415143812
2026-05-28,2026-05-28 11:28:48,V028,133.0,0.9756320792599382
2026-05-28,2026-05-28 11:28:49,V028,133.0,0.9750762818514553
2026-05-28,2026-05-28 11:28:50,V028,133.0,0.9779506850154248
2026-05-28,2026-05-28 11:28:51,V028,133.0,0.9783576292061086
2026-05-28,2026-05-28 11:28:52,V028,133.0,0.9821332824703148
2026-05-28,2026-05-28 11:28:53,V028,133.0,0.9710673190117725
2026-05-28,2026-05-28 11:28:54,V028,133.0,0.9802528868545546
2026-05-28,2026-05-28 11:28:55,V028,133.0,1.0500150530512433
2026-05-28,2026-05-28 11:28:56,V028,134.0,0.9917167624719179
2026-05-28,2026-05-28 11:28:57,V028,134.0,1.0268462051834983
2026-05-28,2026-05-28 11:28:58,V028,134.0,0.9970585432728087
2026-05-28,2026-05-28 11:28:59,V028,133.0,0.9876945033444712
2026-05-28,2026-05-28 11:29:00,V028,133.0,1.0010031417308884
2026-05-28,2026-05-28 11:29:01,V028,133.0,0.9688450910821673
2026-05-28,2026-05-28 11:29:02,V028,133.0,0.9759288849931482
2026-05-28,2026-05-28 11:29:03,V028,133.0,0.9682410176157382
2026-05-28,2026-05-28 11:29:04,V028,133.0,0.9670762343640739
2026-05-28,2026-05-28 11:29:05,V028,133.0,0.9679686320888059
2026-05-28,2026-05-28 11:29:06,V028,133.0,0.9722941064925434
2026-05-28,2026-05-28 11:29:07,V028,134.0,0.9715336172456196
2026-05-28,2026-05-28 11:29:08,V028,134.0,0.9720871122888282
2026-05-28,2026-05-28 11:29:09,V028,133.0,0.9803273293834979
2026-05-28,2026-05-28 11:29:10,V028,131.0,0.9663444231249431
2026-05-28,2026-05-28 11:29:11,V028,130.0,0.9729085342155919
2026-05-28,2026-05-28 11:29:12,V028,130.0,0.9691088060309043
2026-05-28,2026-05-28 11:29:13,V028,128.0,0.9692392791605957
2026-05-28,2026-05-28 11:29:14,V028,127.0,0.9681466795167895
2026-05-28,2026-05-28 11:29:15,V028,126.0,0.9722250842725186
2026-05-28,2026-05-28 11:29:16,V028,124.0,0.9677337845247423
2026-05-28,2026-05-28 11:29:17,V028,123.0,0.9737496555696792
2026-05-28,2026-05-28 11:29:18,V028,121.0,0.9659835640941195
2026-05-28,2026-05-28 11:29:19,V028,121.0,0.9748321077979099
2026-05-28,2026-05-28 11:29:20,V028,121.0,0.970675963307373
2026-05-28,2026-05-28 11:29:21,V028,121.0,0.9708812354885236
2026-05-28,2026-05-28 11:29:22,V028,120.0,0.9701232586567038
2026-05-28,2026-05-28 11:29:23,V028,120.0,0.9727222929211257
2026-05-28,2026-05-28 11:29:24,V028,120.0,0.971562901191365
2026-05-28,2026-05-28 11:29:25,V028,120.0,0.976464029088101
2026-05-28,2026-05-28 11:29:26,V028,120.0,0.968714208751566
2026-05-28,2026-05-28 11:29:27,V028,120.0,0.9906567753264354
2026-05-28,2026-05-28 11:29:28,V028,120.0,0.9648027397742003
2026-05-28,2026-05-28 11:29:29,V028,120.0,0.9756159570587211
2026-05-28,2026-05-28 11:29:30,V028,120.0,0.9710217053678186
2026-05-28,2026-05-28 11:29:31,V028,120.0,0.970158168676476
2026-05-28,2026-05-28 11:29:32,V028,120.0,0.9649369413349702
2026-05-28,2026-05-28 11:29:33,V028,121.0,0.9703168245447705
2026-05-28,2026-05-28 11:29:34,V028,121.0,0.9646786858155784
2026-05-28,2026-05-28 11:29:35,V028,121.0,0.9702493438389834
2026-05-28,2026-05-28 11:29:36,V028,122.0,0.9718539779113002
2026-05-28,2026-05-28 11:29:37,V028,122.0,0.9692098624000239
2026-05-28,2026-05-28 11:29:38,V028,122.0,0.9802308473596815
2026-05-28,2026-05-28 11:29:39,V028,123.0,0.9698135914167071
2026-05-28,2026-05-28 11:29:40,V028,123.0,0.9728454378116869
2026-05-28,2026-05-28 11:29:41,V028,123.0,0.9815537264679054
2026-05-28,2026-05-28 11:29:42,V028,124.0,0.9928253430150401
2026-05-28,2026-05-28 11:29:43,V028,124.0,0.9826256424688742
2026-05-28,2026-05-28 11:29:44,V028,125.0,0.9719693743696836
2026-05-28,2026-05-28 11:29:45,V028,126.0,0.9735892478130973
2026-05-28,2026-05-28 11:29:46,V028,126.0,0.9724125907132715
2026-05-28,2026-05-28 11:29:47,V028,126.0,0.9721549774044903
2026-05-28,2026-05-28 11:29:48,V028,126.0,0.9731605611797591
2026-05-28,2026-05-28 11:29:49,V028,126.0,0.9800607507579235
2026-05-28,2026-05-28 11:29:50,V028,126.0,0.9790973894992822
2026-05-28,2026-05-28 11:29:51,V028,125.0,0.9787608208899241
2026-05-28,2026-05-28 11:29:52,V028,123.0,0.966591631209553
2026-05-28,2026-05-28 11:29:53,V028,122.0,0.9813561576257586
2026-05-28,2026-05-28 11:29:54,V028,122.0,0.974556224861089
2026-05-28,2026-05-28 11:29:55,V028,122.0,0.9680559400726751
2026-05-28,2026-05-28 11:29:56,V028,120.0,0.9711652803708554
2026-05-28,2026-05-28 11:29:57,V028,119.0,0.9671432502262578
2026-05-28,2026-05-28 11:29:58,V028,118.0,0.9728996322335445
2026-05-28,2026-05-28 11:29:59,V028,118.0,0.9669848373121841
2026-05-28,2026-05-28 11:30:00,V028,118.0,0.9662342412235475
2026-05-28,2026-05-28 11:30:01,V028,117.0,0.9678564987860327
2026-05-28,2026-05-28 11:30:02,V028,116.0,0.963190226800658
2026-05-28,2026-05-28 11:30:03,V028,117.0,0.9657905519641073
2026-05-28,2026-05-28 11:30:04,V028,117.0,0.9719028896424069
2026-05-28,2026-05-28 11:30:05,V028,117.0,0.9678441584713336
2026-05-28,2026-05-28 11:30:06,V028,117.0,0.969790992202099
2026-05-28,2026-05-28 11:30:07,V028,117.0,0.9685619884206595
2026-05-28,2026-05-28 11:30:08,V028,117.0,0.9725220812952728
2026-05-28,2026-05-28 11:30:09,V028,117.0,0.9812703395808119
2026-05-28,2026-05-28 11:30:10,V028,117.0,0.9778434793866116
2026-05-28,2026-05-28 11:30:11,V028,118.0,0.9753941707534752
2026-05-28,2026-05-28 11:30:12,V028,118.0,0.9794804950596211
2026-05-28,2026-05-28 11:30:13,V028,118.0,0.9796863933612842
2026-05-28,2026-05-28 11:30:14,V028,118.0,0.9807238691948647
2026-05-28,2026-05-28 11:30:15,V028,119.0,0.9735610019472681
2026-05-28,2026-05-28 11:30:16,V028,119.0,0.9695742908609687
2026-05-28,2026-05-28 11:30:17,V028,120.0,0.9701135300299496
2026-05-28,2026-05-28 11:30:18,V028,120.0,0.9707621072687488
2026-05-28,2026-05-28 11:30:19,V028,120.0,0.970102186633529
2026-05-28,2026-05-28 11:30:20,V028,120.0,0.9866169033642498
2026-05-28,2026-05-28 11:30:21,V028,120.0,1.0178388639051905
2026-05-28,2026-05-28 11:30:22,V028,121.0,1.0225208077669943
2026-05-28,2026-05-28 11:30:23,V028,121.0,0.9736137405091507
2026-05-28,2026-05-28 11:30:24,V028,121.0,0.9899272478723765
2026-05-28,2026-05-28 11:30:25,V028,121.0,0.9977230650217586
2026-05-28,2026-05-28 11:30:26,V028,121.0,1.006593952457105
2026-05-28,2026-05-28 11:30:27,V028,122.0,1.015724228046713
2026-05-28,2026-05-28 11:30:28,V028,122.0,1.006743616975624
2026-05-28,2026-05-28 11:30:29,V028,123.0,0.9993398019923767
2026-05-28,2026-05-28 11:30:30,V028,122.0,0.9725038753002623
2026-05-28,2026-05-28 11:30:31,V028,122.0,1.1700860972348985
2026-05-28,2026-05-28 11:30:32,V028,122.0,0.9841265443972141
2026-05-28,2026-05-28 11:30:33,V028,122.0,1.1020470538752778
2026-05-28,2026-05-28 11:30:34,V028,122.0,1.1842484709425978
2026-05-28,2026-05-28 11:30:35,V028,122.0,1.2624838475054811
2026-05-28,2026-05-28 11:30:36,V028,121.0,1.0115858346220936
2026-05-28,2026-05-28 11:30:37,V028,121.0,0.9856640088224764
2026-05-28,2026-05-28 11:30:38,V028,121.0,1.000019564790705
2026-05-28,2026-05-28 11:30:39,V028,120.0,0.9907681718548397
2026-05-28,2026-05-28 11:30:40,V028,120.0,1.0080060555790136
2026-05-28,2026-05-28 11:30:41,V028,120.0,1.074706633130543
2026-05-28,2026-05-28 11:30:42,V028,120.0,1.1297550664231122
2026-05-28,2026-05-28 11:30:43,V028,120.0,0.9952871960668864
2026-05-28,2026-05-28 11:30:44,V028,121.0,0.9922586411491074
2026-05-28,2026-05-28 11:30:45,V028,122.0,1.0496760827876213
2026-05-28,2026-05-28 11:30:46,V028,122.0,0.9807524513961943
2026-05-28,2026-05-28 11:30:47,V028,123.0,1.2059853216522771
2026-05-28,2026-05-28 11:30:48,V028,123.0,0.8874151365499504
2026-05-28,2026-05-28 11:30:49,V028,125.0,0.9642098638908263
2026-05-28,2026-05-28 11:30:50,V028,126.0,1.039744653324337
2026-05-28,2026-05-28 11:30:51,V028,128.0,0.9587822337180875
2026-05-28,2026-05-28 11:30:52,V028,134.0,1.2075712566881107
2026-05-28,2026-05-28 11:30:53,V028,136.0,1.0585619075304402
2026-05-28,2026-05-28 11:30:54,V028,136.0,0.9736332545586807
2026-05-28,2026-05-28 11:30:55,V028,138.0,1.0395039932614552
2026-05-28,2026-05-28 11:30:56,V028,141.0,0.9867519939589793
2026-05-28,2026-05-28 11:30:57,V028,141.0,1.1124669560692195
2026-05-28,2026-05-28 11:30:58,V028,141.0,0.8229131984164438
2026-05-28,2026-05-28 11:30:59,V028,142.0,1.1485338202269253
2026-05-28,2026-05-28 11:31:00,V028,142.0,1.0997484591859383
2026-05-28,2026-05-28 11:31:01,V028,143.0,0.9445810771785718
2026-05-28,2026-05-28 11:31:02,V028,143.0,1.0461856878425597
2026-05-28,2026-05-28 11:31:03,V028,143.0,1.0152320303856668
2026-05-28,2026-05-28 11:31:04,V028,145.0,1.0067845940603204
2026-05-28,2026-05-28 11:31:05,V028,145.0,0.9683291509237923
2026-05-28,2026-05-28 11:31:06,V028,145.0,1.0021283821538414
2026-05-28,2026-05-28 11:31:07,V028,145.0,1.0574853978319456
2026-05-28,2026-05-28 11:31:08,V028,145.0,1.0029455034712071
2026-05-28,2026-05-28 11:31:09,V028,146.0,0.9958942216281714
2026-05-28,2026-05-28 11:31:10,V028,147.0,0.9876326521782662
2026-05-28,2026-05-28 11:31:11,V028,147.0,0.9986492411513448
2026-05-28,2026-05-28 11:31:12,V028,147.0,0.9862683224543245
2026-05-28,2026-05-28 11:31:13,V028,146.0,0.9797855892282757
2026-05-28,2026-05-28 11:31:14,V028,146.0,0.9861257502448085
2026-05-28,2026-05-28 11:31:15,V028,145.0,0.9672482311230295
2026-05-28,2026-05-28 11:31:16,V028,144.0,0.9804893485783768
2026-05-28,2026-05-28 11:31:17,V028,142.0,0.9898316867105632
2026-05-28,2026-05-28 11:31:18,V028,139.0,0.9751826884397062
2026-05-28,2026-05-28 11:31:19,V028,137.0,0.9883040948939792
2026-05-28,2026-05-28 11:31:20,V028,137.0,1.0252510236816281
2026-05-28,2026-05-28 11:31:21,V028,136.0,0.9895542726105209
2026-05-28,2026-05-28 11:31:22,V028,134.0,0.990756558749577
2026-05-28,2026-05-28 11:31:23,V028,134.0,1.0043712112721819
2026-05-28,2026-05-28 11:31:24,V028,134.0,0.9880671981117118
2026-05-28,2026-05-28 11:31:25,V028,133.0,0.9594600189315168
2026-05-28,2026-05-28 11:31:26,V028,133.0,1.0167983976879045
2026-05-28,2026-05-28 11:31:27,V028,134.0,1.0042485376806998
2026-05-28,2026-05-28 11:31:28,V028,134.0,1.0195640532242192
2026-05-28,2026-05-28 11:31:29,V028,134.0,0.9911065739806014
2026-05-28,2026-05-28 11:31:30,V028,134.0,0.9874531191980871
2026-05-28,2026-05-28 11:31:31,V028,133.0,0.9844177348021717
2026-05-28,2026-05-28 11:31:32,V028,133.0,1.0083597245546894
2026-05-28,2026-05-28 11:31:33,V028,133.0,0.9892294559910383
2026-05-28,2026-05-28 11:31:34,V028,133.0,1.0200762076521783
2026-05-28,2026-05-28 11:31:35,V028,132.0,1.034953409313375
2026-05-28,2026-05-28 11:31:36,V028,131.0,1.0169316167841496
2026-05-28,2026-05-28 11:31:37,V028,130.0,0.9558279720160117
2026-05-28,2026-05-28 11:31:38,V028,130.0,0.9776134837581855
2026-05-28,2026-05-28 11:31:39,V028,129.0,0.9616894650037697
2026-05-28,2026-05-28 11:31:40,V028,129.0,1.0020629024279661
2026-05-28,2026-05-28 11:31:41,V028,129.0,1.027067746477591
2026-05-28,2026-05-28 11:31:42,V028,128.0,0.9907324739949943
2026-05-28,2026-05-28 11:31:43,V028,127.0,0.9662342734009223
2026-05-28,2026-05-28 11:31:44,V028,126.0,0.9526173875454277
2026-05-28,2026-05-28 11:31:45,V028,126.0,0.9820203386000627
2026-05-28,2026-05-28 11:31:46,V028,126.0,1.0219538994602426
2026-05-28,2026-05-28 11:31:47,V028,125.0,0.9978942750222342
2026-05-28,2026-05-28 11:31:48,V028,124.0,0.9788003195108528
2026-05-28,2026-05-28 11:31:49,V028,124.0,0.9659248096854088
2026-05-28,2026-05-28 11:31:50,V028,123.0,0.9623159892673173
2026-05-28,2026-05-28 11:31:51,V028,123.0,0.9776018209873464
2026-05-28,2026-05-28 11:31:52,V028,122.0,1.0178529503651363
2026-05-28,2026-05-28 11:31:53,V028,122.0,1.0253560375927677
2026-05-28,2026-05-28 11:31:54,V028,122.0,0.9691335947843912
2026-05-28,2026-05-28 11:31:55,V028,121.0,0.9806140469830755
2026-05-28,2026-05-28 11:31:56,V028,121.0,1.026407037056193
2026-05-28,2026-05-28 11:31:57,V028,121.0,1.0181284585110024
2026-05-28,2026-05-28 11:31:58,V028,121.0,0.9779277347835931
2026-05-28,2026-05-28 11:31:59,V028,121.0,0.9763820238113293
2026-05-28,2026-05-28 11:32:00,V028,121.0,1.0075193283774273
2026-05-28,2026-05-28 11:32:01,V028,121.0,0.9795879295275391
2026-05-28,2026-05-28 11:32:02,V028,121.0,0.9918407141073684
2026-05-28,2026-05-28 11:32:03,V028,121.0,0.9990694522125045
2026-05-28,2026-05-28 11:32:04,V028,121.0,0.990219623723347
2026-05-28,2026-05-28 11:32:05,V028,121.0,0.996144287105191
2026-05-28,2026-05-28 11:32:06,V028,121.0,0.9990457627600728
2026-05-28,2026-05-28 11:32:07,V028,121.0,1.0075416882985382
2026-05-28,2026-05-28 11:32:08,V028,120.0,1.0086615910907708
2026-05-28,2026-05-28 11:32:09,V028,120.0,1.0092633631991552
2026-05-28,2026-05-28 11:32:10,V028,120.0,1.0000565551397418
2026-05-28,2026-05-28 11:32:11,V028,120.0,0.9921670055248757
2026-05-28,2026-05-28 11:32:12,V028,120.0,0.9704713896824418
2026-05-28,2026-05-28 11:32:13,V028,120.0,1.0156316225735447
2026-05-28,2026-05-28 11:32:14,V028,120.0,0.9749194321352473
2026-05-28,2026-05-28 11:32:15,V028,121.0,0.9765003954346076
2026-05-28,2026-05-28 11:32:16,V028,121.0,0.9739534198381781
2026-05-28,2026-05-28 11:32:17,V028,121.0,0.9382317802341015
2026-05-28,2026-05-28 11:32:18,V028,121.0,0.9145474832089311
2026-05-28,2026-05-28 11:32:19,V028,122.0,0.9483436006594357
2026-05-28,2026-05-28 11:32:20,V028,122.0,0.9690668743155727
2026-05-28,2026-05-28 11:32:21,V028,122.0,0.9637170021033317
2026-05-28,2026-05-28 11:32:22,V028,122.0,0.9714631036948711
2026-05-28,2026-05-28 11:32:23,V028,122.0,0.973389457081387
2026-05-28,2026-05-28 11:32:24,V028,122.0,0.954321580385795
2026-05-28,2026-05-28 11:32:25,V028,122.0,0.9603303470584303
2026-05-28,2026-05-28 11:32:26,V028,122.0,0.9666117320719678
2026-05-28,2026-05-28 11:32:27,V028,122.0,0.9522137143835023
2026-05-28,2026-05-28 11:32:28,V028,121.0,0.9569104688793132
2026-05-28,2026-05-28 11:32:29,V028,122.0,0.9462747756644169
2026-05-28,2026-05-28 11:32:30,V028,123.0,0.9160804007038487
2026-05-28,2026-05-28 11:32:31,V028,124.0,0.9268168475277
2026-05-28,2026-05-28 11:32:32,V028,124.0,0.9749597674534661
2026-05-28,2026-05-28 11:32:33,V028,125.0,0.9593391244812582
2026-05-28,2026-05-28 11:32:34,V028,126.0,0.9591709544410666
2026-05-28,2026-05-28 11:32:35,V028,127.0,0.9619121895634692
2026-05-28,2026-05-28 11:32:36,V028,127.0,0.9609900188541566
2026-05-28,2026-05-28 11:32:37,V028,127.0,0.9476646167974084
2026-05-28,2026-05-28 11:32:38,V028,127.0,1.0047075039058266
2026-05-28,2026-05-28 11:32:39,V028,126.0,0.9498837988740935
2026-05-28,2026-05-28 11:32:40,V028,126.0,0.9617627217318793
2026-05-28,2026-05-28 11:32:41,V028,125.0,0.9590075706426787
2026-05-28,2026-05-28 11:32:42,V028,125.0,0.9943710674469002
2026-05-28,2026-05-28 11:32:43,V028,125.0,0.9296073211506227
2026-05-28,2026-05-28 11:32:44,V028,125.0,0.913821844267374
2026-05-28,2026-05-28 11:32:45,V028,125.0,0.9916016425808986
2026-05-28,2026-05-28 11:32:46,V028,125.0,1.0375247511169587
2026-05-28,2026-05-28 11:32:47,V028,125.0,1.0382471642566558
2026-05-28,2026-05-28 11:32:48,V028,125.0,0.9640011010518525
2026-05-28,2026-05-28 11:32:49,V028,125.0,1.0117946012925894
2026-05-28,2026-05-28 11:32:50,V028,125.0,0.9790778847767365
2026-05-28,2026-05-28 11:32:51,V028,125.0,1.033419920118141
2026-05-28,2026-05-28 11:32:52,V028,124.0,0.9583528014836545
2026-05-28,2026-05-28 11:32:53,V028,124.0,0.9636469586892589
2026-05-28,2026-05-28 11:32:54,V028,124.0,0.9944278600523447
2026-05-28,2026-05-28 11:32:55,V028,123.0,1.0219837897962247
2026-05-28,2026-05-28 11:32:56,V028,123.0,0.990397526719361
2026-05-28,2026-05-28 11:32:57,V028,122.0,0.964085996468094
2026-05-28,2026-05-28 11:32:58,V028,122.0,0.9595928194272685
2026-05-28,2026-05-28 11:32:59,V028,122.0,0.9838800260461504
2026-05-28,2026-05-28 11:33:00,V028,122.0,1.0117298018700471
2026-05-28,2026-05-28 11:33:01,V028,122.0,1.0208482343470524
2026-05-28,2026-05-28 11:33:02,V028,122.0,1.017861164894224
2026-05-28,2026-05-28 11:33:03,V028,122.0,0.9586934439962559
2026-05-28,2026-05-28 11:33:04,V028,122.0,0.9697479866933354
2026-05-28,2026-05-28 11:33:05,V028,122.0,1.000829003575054
2026-05-28,2026-05-28 11:33:06,V028,122.0,1.0250404828668211
2026-05-28,2026-05-28 11:33:07,V028,122.0,0.9810547855307944
2026-05-28,2026-05-28 11:33:08,V028,122.0,0.9836826936838978
2026-05-28,2026-05-28 11:33:09,V028,122.0,0.9709156052677976
2026-05-28,2026-05-28 11:33:10,V028,121.0,1.01935600553535
2026-05-28,2026-05-28 11:33:11,V028,121.0,1.0107928931064727
2026-05-28,2026-05-28 11:33:12,V028,120.0,0.9582997704076002
2026-05-28,2026-05-28 11:33:13,V028,119.0,0.985674105436417
2026-05-28,2026-05-28 11:33:14,V028,119.0,1.0068116365308486
2026-05-28,2026-05-28 11:33:15,V028,119.0,1.0082482321677062
2026-05-28,2026-05-28 11:33:16,V028,118.0,0.9614924566277124
2026-05-28,2026-05-28 11:33:17,V028,118.0,0.9843181276010375
2026-05-28,2026-05-28 11:33:18,V028,118.0,1.018983122383325
2026-05-28,2026-05-28 11:33:19,V028,118.0,0.9807442914174339
2026-05-28,2026-05-28 11:33:20,V028,118.0,0.9551133269735661
2026-05-28,2026-05-28 11:33:21,V028,118.0,0.9955653036053421
2026-05-28,2026-05-28 11:33:22,V028,118.0,1.0189788345184703
2026-05-28,2026-05-28 11:33:23,V028,118.0,0.9586850517054817
2026-05-28,2026-05-28 11:33:24,V028,119.0,0.9952769025522189
2026-05-28,2026-05-28 11:33:25,V028,119.0,1.0005330191745483
2026-05-28,2026-05-28 11:33:26,V028,119.0,0.9591317739108357
2026-05-28,2026-05-28 11:33:27,V028,119.0,1.0100887266206986
2026-05-28,2026-05-28 11:33:28,V028,119.0,0.9869642104942133
2026-05-28,2026-05-28 11:33:29,V028,120.0,0.9763368962383769
2026-05-28,2026-05-28 11:33:30,V028,120.0,0.9738650289233318
2026-05-28,2026-05-28 11:33:31,V028,120.0,0.9981938643101411
2026-05-28,2026-05-28 11:33:32,V028,120.0,0.9899578567695376
2026-05-28,2026-05-28 11:33:33,V028,120.0,0.973340253080377
2026-05-28,2026-05-28 11:33:34,V028,120.0,0.9579397198820763
2026-05-28,2026-05-28 11:33:35,V028,121.0,0.9789945065931591
2026-05-28,2026-05-28 11:33:36,V028,121.0,0.950841149534112
2026-05-28,2026-05-28 11:33:37,V028,121.0,0.9614532838380869
2026-05-28,2026-05-28 11:33:38,V028,121.0,0.9397710506384286
2026-05-28,2026-05-28 11:33:39,V028,121.0,0.9546021503603223
2026-05-28,2026-05-28 11:33:40,V028,121.0,0.9569937160119794
2026-05-28,2026-05-28 11:33:41,V028,121.0,0.986472526155988
2026-05-28,2026-05-28 11:33:42,V028,120.0,0.96725469178461
2026-05-28,2026-05-28 11:33:43,V028,120.0,1.0113852886506098
2026-05-28,2026-05-28 11:33:44,V028,120.0,0.9739610339650925
2026-05-28,2026-05-28 11:33:45,V028,120.0,0.9869025686181578
2026-05-28,2026-05-28 11:33:46,V028,119.0,1.0085155010055717
2026-05-28,2026-05-28 11:33:47,V028,119.0,1.0230842784015661
2026-05-28,2026-05-28 11:33:48,V028,119.0,1.0148953057704948
2026-05-28,2026-05-28 11:33:49,V028,119.0,0.9013222647218432
2026-05-28,2026-05-28 11:33:50,V028,119.0,1.0821431559800911
2026-05-28,2026-05-28 11:33:51,V028,118.0,0.98870018427621
2026-05-28,2026-05-28 11:33:52,V028,118.0,0.9860756052986485
2026-05-28,2026-05-28 11:33:53,V028,118.0,0.9785019865557727
2026-05-28,2026-05-28 11:33:54,V028,118.0,0.9665179059753345
2026-05-28,2026-05-28 11:33:55,V028,118.0,0.9633580223280744
2026-05-28,2026-05-28 11:33:56,V028,118.0,1.1965165621046596
2026-05-28,2026-05-28 11:33:57,V028,118.0,0.9303612304683865
2026-05-28,2026-05-28 11:33:58,V028,118.0,0.9624334346615395
2026-05-28,2026-05-28 11:33:59,V028,118.0,1.0123524213521706
2026-05-28,2026-05-28 11:34:00,V028,118.0,0.9519094183258008
2026-05-28,2026-05-28 11:34:01,V028,118.0,0.9929976475460958
2026-05-28,2026-05-28 11:34:02,V028,117.0,1.020269019303976
2026-05-28,2026-05-28 11:34:03,V028,117.0,0.9999790744292859
2026-05-28,2026-05-28 11:34:04,V028,117.0,0.9549589262620404
2026-05-28,2026-05-28 11:34:05,V028,116.0,0.9957405647848885
2026-05-28,2026-05-28 11:34:06,V028,116.0,1.0107865494053268
2026-05-28,2026-05-28 11:34:07,V028,117.0,0.9641824508369466
2026-05-28,2026-05-28 11:34:08,V028,117.0,0.9959878988907606
2026-05-28,2026-05-28 11:34:09,V028,118.0,0.9797632841628336
2026-05-28,2026-05-28 11:34:10,V028,118.0,0.9888187413056452
2026-05-28,2026-05-28 11:34:11,V028,118.0,0.9695831916281142
2026-05-28,2026-05-28 11:34:12,V028,120.0,0.999096703218827
2026-05-28,2026-05-28 11:34:13,V028,121.0,0.9880735243733169
2026-05-28,2026-05-28 11:34:14,V028,121.0,1.099459558417124
2026-05-28,2026-05-28 11:34:15,V028,122.0,0.9647715764240101
2026-05-28,2026-05-28 11:34:16,V028,123.0,0.9998750761787714
2026-05-28,2026-05-28 11:34:17,V028,124.0,1.0213995958832736
2026-05-28,2026-05-28 11:34:18,V028,124.0,1.0404705171444428
2026-05-28,2026-05-28 11:34:19,V028,124.0,0.9599123330305813
2026-05-28,2026-05-28 11:34:20,V028,124.0,0.9895521587872106
2026-05-28,2026-05-28 11:34:21,V028,124.0,0.9772411174418227
2026-05-28,2026-05-28 11:34:22,V028,124.0,1.0269982213954445
2026-05-28,2026-05-28 11:34:23,V028,124.0,1.0087298535296174
2026-05-28,2026-05-28 11:34:24,V028,123.0,0.9864049611028305
2026-05-28,2026-05-28 11:34:25,V028,122.0,1.0056035045786662
2026-05-28,2026-05-28 11:34:26,V028,122.0,1.2663903894047726
2026-05-28,2026-05-28 11:34:27,V028,122.0,1.2527946356564268
2026-05-28,2026-05-28 11:34:28,V028,122.0,1.500107683481272
2026-05-28,2026-05-28 11:34:29,V028,121.0,1.1832388118679824
2026-05-28,2026-05-28 11:34:30,V028,121.0,1.4161220868880091
2026-05-28,2026-05-28 11:34:31,V028,120.0,1.0176819564690123
2026-05-28,2026-05-28 11:34:32,V028,120.0,1.0200513355390455
2026-05-28,2026-05-28 11:34:33,V028,120.0,1.00959844304307
2026-05-28,2026-05-28 11:34:34,V028,120.0,0.9557466670119589
2026-05-28,2026-05-28 11:34:35,V028,120.0,0.9882332696566917
2026-05-28,2026-05-28 11:34:36,V028,120.0,0.9640802314566665
2026-05-28,2026-05-28 11:34:37,V028,121.0,0.9939998904771985
2026-05-28,2026-05-28 11:34:38,V028,122.0,0.9766803988348397
2026-05-28,2026-05-28 11:34:39,V028,122.0,0.9797561724428736
2026-05-28,2026-05-28 11:34:40,V028,122.0,0.9721923068343791
2026-05-28,2026-05-28 11:34:41,V028,123.0,1.0046936420586061
2026-05-28,2026-05-28 11:34:42,V028,123.0,0.9908308330232698
2026-05-28,2026-05-28 11:34:43,V028,123.0,0.9819392534056695
2026-05-28,2026-05-28 11:34:44,V028,123.0,0.9596613676143986
2026-05-28,2026-05-28 11:34:45,V028,123.0,0.9780311997031026
2026-05-28,2026-05-28 11:34:46,V028,123.0,0.9743034153612793
2026-05-28,2026-05-28 11:34:47,V028,124.0,0.9774783811697525
2026-05-28,2026-05-28 11:34:48,V028,124.0,0.9559928380565316
2026-05-28,2026-05-28 11:34:49,V028,124.0,0.9973166931072003
2026-05-28,2026-05-28 11:34:50,V028,124.0,0.9764242965587047
2026-05-28,2026-05-28 11:34:51,V028,125.0,0.979517831571901
2026-05-28,2026-05-28 11:34:52,V028,125.0,0.9563163405020179
2026-05-28,2026-05-28 11:34:53,V028,125.0,0.970969021345912
2026-05-28,2026-05-28 11:34:54,V028,125.0,0.9586529864871733
2026-05-28,2026-05-28 11:34:55,V028,125.0,0.970341729800716
2026-05-28,2026-05-28 11:34:56,V028,125.0,0.9505194865740568
2026-05-28,2026-05-28 11:34:57,V028,125.0,0.9803089840961834
2026-05-28,2026-05-28 11:34:58,V028,125.0,0.9622954179313147
2026-05-28,2026-05-28 11:34:59,V028,126.0,0.9560856368880069
2026-05-28,2026-05-28 11:35:00,V028,126.0,0.9555425081024314
2026-05-28,2026-05-28 11:35:01,V028,127.0,0.9577135173444186
2026-05-28,2026-05-28 11:35:02,V028,127.0,0.9721428631445046
2026-05-28,2026-05-28 11:35:03,V028,128.0,0.9671881738174366
2026-05-28,2026-05-28 11:35:04,V028,128.0,0.9758935103452782
2026-05-28,2026-05-28 11:35:05,V028,128.0,0.9624760040091699
2026-05-28,2026-05-28 11:35:06,V028,128.0,0.9512258904766925
2026-05-28,2026-05-28 11:35:07,V028,129.0,0.9535653163255281
2026-05-28,2026-05-28 11:35:08,V028,129.0,0.9515768681141306
2026-05-28,2026-05-28 11:35:09,V028,129.0,0.9559826015573973
2026-05-28,2026-05-28 11:35:10,V028,129.0,0.9538105535036665
2026-05-28,2026-05-28 11:35:11,V028,129.0,0.9539766877642026
2026-05-28,2026-05-28 11:35:12,V028,129.0,0.9493327820239158
2026-05-28,2026-05-28 11:35:13,V028,129.0,0.9987305723548143
2026-05-28,2026-05-28 11:35:14,V028,129.0,0.9592241474240684
2026-05-28,2026-05-28 11:35:15,V028,129.0,0.9801455967773767
2026-05-28,2026-05-28 11:35:16,V028,128.0,0.975515390090999
2026-05-28,2026-05-28 11:35:17,V028,128.0,0.969572706198353
2026-05-28,2026-05-28 11:35:18,V028,128.0,0.9677504648949041
2026-05-28,2026-05-28 11:35:19,V028,127.0,0.9700105496676705
2026-05-28,2026-05-28 11:35:20,V028,126.0,0.9700037180261653
2026-05-28,2026-05-28 11:35:21,V028,125.0,0.9700898508116013
2026-05-28,2026-05-28 11:35:22,V028,124.0,0.9695596585105469
2026-05-28,2026-05-28 11:35:23,V028,123.0,0.9710005917777724
2026-05-28,2026-05-28 11:35:24,V028,121.0,0.9680681292820829
2026-05-28,2026-05-28 11:35:25,V028,120.0,0.968122311690668
2026-05-28,2026-05-28 11:35:26,V028,120.0,0.9697632721177386
2026-05-28,2026-05-28 11:35:27,V028,119.0,0.967849767639858
2026-05-28,2026-05-28 11:35:28,V028,119.0,0.9681214338767058
2026-05-28,2026-05-28 11:35:29,V028,119.0,0.9681335938520796
2026-05-28,2026-05-28 11:35:30,V028,118.0,0.9681280561972542
2026-05-28,2026-05-28 11:35:31,V028,118.0,0.9693763818259996
2026-05-28,2026-05-28 11:35:32,V028,117.0,0.9694903549972556
2026-05-28,2026-05-28 11:35:33,V028,117.0,0.9710306993492611
2026-05-28,2026-05-28 11:35:34,V028,117.0,0.9575621059285093
2026-05-28,2026-05-28 11:35:35,V028,116.0,0.9659705369908541
2026-05-28,2026-05-28 11:35:36,V028,115.0,0.9817537122323893
2026-05-28,2026-05-28 11:35:37,V028,115.0,0.9637426882801913
2026-05-28,2026-05-28 11:35:38,V028,115.0,0.957506408814954
2026-05-28,2026-05-28 11:35:39,V028,115.0,0.9729660859695741
2026-05-28,2026-05-28 11:35:40,V028,115.0,0.9808245081693276
2026-05-28,2026-05-28 11:35:41,V028,115.0,0.9788424461245365
2026-05-28,2026-05-28 11:35:42,V028,116.0,0.9882920885436557
2026-05-28,2026-05-28 11:35:43,V028,116.0,0.9729627712132008
2026-05-28,2026-05-28 11:35:44,V028,116.0,0.9777263553411376
2026-05-28,2026-05-28 11:35:45,V028,116.0,0.9728771737883417
2026-05-28,2026-05-28 11:35:46,V028,116.0,0.9675942824513343
2026-05-28,2026-05-28 11:35:47,V028,116.0,0.9757948912557817
2026-05-28,2026-05-28 11:35:48,V028,116.0,0.9686329504875026
2026-05-28,2026-05-28 11:35:49,V028,117.0,0.9659154778039925
2026-05-28,2026-05-28 11:35:50,V028,118.0,0.9899444362727187
2026-05-28,2026-05-28 11:35:51,V028,118.0,0.9661617573461563
2026-05-28,2026-05-28 11:35:52,V028,118.0,0.9912222838144528
2026-05-28,2026-05-28 11:35:53,V028,118.0,0.9917840873437042
2026-05-28,2026-05-28 11:35:54,V028,118.0,0.9646834432240822
2026-05-28,2026-05-28 11:35:55,V028,118.0,0.9551065323555611
2026-05-28,2026-05-28 11:35:56,V028,118.0,0.9661115482526315
2026-05-28,2026-05-28 11:35:57,V028,118.0,0.9694687500541801
2026-05-28,2026-05-28 11:35:58,V028,119.0,0.9747584779237092
2026-05-28,2026-05-28 11:35:59,V028,119.0,0.9665312187010725
2026-05-28,2026-05-28 11:36:00,V028,119.0,0.9790894371080795
2026-05-28,2026-05-28 11:36:01,V028,119.0,0.9623685212973436
2026-05-28,2026-05-28 11:36:02,V028,119.0,0.9521194020249302
2026-05-28,2026-05-28 11:36:03,V028,119.0,0.9660650691644107
2026-05-28,2026-05-28 11:36:04,V028,119.0,0.9878356990568354
2026-05-28,2026-05-28 11:36:05,V028,119.0,0.986500538730106
2026-05-28,2026-05-28 11:36:06,V028,119.0,0.9892676859502179
2026-05-28,2026-05-28 11:36:07,V028,120.0,0.9690617457163604
2026-05-28,2026-05-28 11:36:08,V028,120.0,1.0065014846002445
2026-05-28,2026-05-28 11:36:09,V028,120.0,0.9464056019483699
2026-05-28,2026-05-28 11:36:10,V028,121.0,0.949379342965469
2026-05-28,2026-05-28 11:36:11,V028,120.0,0.9879434709269831
2026-05-28,2026-05-28 11:36:12,V028,118.0,0.9793440616410618
2026-05-28,2026-05-28 11:36:13,V028,118.0,0.984104219689848
2026-05-28,2026-05-28 11:36:14,V028,118.0,1.0186098007898192
2026-05-28,2026-05-28 11:36:15,V028,117.0,0.9836273254579369
2026-05-28,2026-05-28 11:36:16,V028,116.0,1.0018914586253447
2026-05-28,2026-05-28 11:36:17,V028,116.0,1.009138075655573
2026-05-28,2026-05-28 11:36:18,V028,116.0,0.9918828656833376
2026-05-28,2026-05-28 11:36:19,V028,115.0,1.0057263577711488
2026-05-28,2026-05-28 11:36:20,V028,115.0,1.008945673790039
2026-05-28,2026-05-28 11:36:21,V028,114.0,0.9561351251853617
2026-05-28,2026-05-28 11:36:22,V028,114.0,0.9779754601275878
2026-05-28,2026-05-28 11:36:23,V028,114.0,0.9761533968247982
2026-05-28,2026-05-28 11:36:24,V028,114.0,0.9806524861550966
2026-05-28,2026-05-28 11:36:25,V028,114.0,0.9637600296246511
2026-05-28,2026-05-28 11:36:26,V028,114.0,0.9659335803834923
2026-05-28,2026-05-28 11:36:27,V028,115.0,0.9628641972621597
2026-05-28,2026-05-28 11:36:28,V028,115.0,0.9717706065095315
2026-05-28,2026-05-28 11:36:29,V028,115.0,0.9618227316705459
2026-05-28,2026-05-28 11:36:30,V028,116.0,0.967133911140567
2026-05-28,2026-05-28 11:36:31,V028,117.0,0.9654043538956654
2026-05-28,2026-05-28 11:36:32,V028,118.0,0.9694686909610848
2026-05-28,2026-05-28 11:36:33,V028,118.0,0.9599042841494735
2026-05-28,2026-05-28 11:36:34,V028,118.0,0.9646373347334111
2026-05-28,2026-05-28 11:36:35,V028,119.0,0.9652570383711281
2026-05-28,2026-05-28 11:36:36,V028,120.0,0.9640823230041548
2026-05-28,2026-05-28 11:36:37,V028,121.0,0.9630017697973305
2026-05-28,2026-05-28 11:36:38,V028,121.0,0.9656621992736817
2026-05-28,2026-05-28 11:36:39,V028,121.0,0.9638983838941446
2026-05-28,2026-05-28 11:36:40,V028,121.0,0.9639508494849162
2026-05-28,2026-05-28 11:36:41,V028,121.0,0.9829000044946417
2026-05-28,2026-05-28 11:36:42,V028,121.0,0.9667001316047675
2026-05-28,2026-05-28 11:36:43,V028,121.0,0.9810439104951867
2026-05-28,2026-05-28 11:36:44,V028,121.0,0.9678600383025857
2026-05-28,2026-05-28 11:36:45,V028,121.0,0.9648939396968089
2026-05-28,2026-05-28 11:36:46,V028,120.0,0.9646586574496365
2026-05-28,2026-05-28 11:36:47,V028,120.0,0.9695497511771459
2026-05-28,2026-05-28 11:36:48,V028,120.0,0.9666813236984169
2026-05-28,2026-05-28 11:36:49,V028,119.0,0.9653796742728726
2026-05-28,2026-05-28 11:36:50,V028,118.0,0.9649632750050633
2026-05-28,2026-05-28 11:36:51,V028,117.0,0.9653151700933472
2026-05-28,2026-05-28 11:36:52,V028,117.0,0.970196507177923
2026-05-28,2026-05-28 11:36:53,V028,117.0,0.9707331843701608
2026-05-28,2026-05-28 11:36:54,V028,117.0,0.9626275981975615
2026-05-28,2026-05-28 11:36:55,V028,117.0,0.9638893756644284
2026-05-28,2026-05-28 11:36:56,V028,117.0,0.9785543572522116
2026-05-28,2026-05-28 11:36:57,V028,118.0,0.9860875033247823
2026-05-28,2026-05-28 11:36:58,V028,118.0,0.9769237548257994
2026-05-28,2026-05-28 11:36:59,V028,118.0,0.9769694402670818
2026-05-28,2026-05-28 11:37:00,V028,118.0,0.9828139925694297
2026-05-28,2026-05-28 11:37:01,V028,118.0,0.9669337940795203
2026-05-28,2026-05-28 11:37:02,V028,118.0,0.9671679867709477
2026-05-28,2026-05-28 11:37:03,V028,118.0,0.9679526252114862
2026-05-28,2026-05-28 11:37:04,V028,118.0,0.9563860330754563
2026-05-28,2026-05-28 11:37:05,V028,119.0,0.9898715765572142
2026-05-28,2026-05-28 11:37:06,V028,120.0,0.9915232807094467
2026-05-28,2026-05-28 11:37:07,V028,120.0,0.965967400645426
2026-05-28,2026-05-28 11:37:08,V028,120.0,0.9651040218233901
2026-05-28,2026-05-28 11:37:09,V028,120.0,0.9674426980861938
2026-05-28,2026-05-28 11:37:10,V028,120.0,0.9697063463973246
2026-05-28,2026-05-28 11:37:11,V028,120.0,0.9782738472272455
2026-05-28,2026-05-28 11:37:12,V028,120.0,0.9965528451078222
2026-05-28,2026-05-28 11:37:13,V028,120.0,1.0212918416229106
2026-05-28,2026-05-28 11:37:14,V028,120.0,0.9872502644340614
2026-05-28,2026-05-28 11:37:15,V028,119.0,0.9810812379514078
2026-05-28,2026-05-28 11:37:16,V028,118.0,0.978938587165181
2026-05-28,2026-05-28 11:37:17,V028,117.0,0.978273543968028
2026-05-28,2026-05-28 11:37:18,V028,117.0,0.9790130201080007
2026-05-28,2026-05-28 11:37:19,V028,118.0,0.9824848785462049
2026-05-28,2026-05-28 11:37:20,V028,118.0,0.9670064332997177
2026-05-28,2026-05-28 11:37:21,V028,118.0,0.9764971236206398
2026-05-28,2026-05-28 11:37:22,V028,118.0,0.9666226490433412
2026-05-28,2026-05-28 11:37:23,V028,118.0,0.9723614857004748
2026-05-28,2026-05-28 11:37:24,V028,117.0,0.9838988668731791
2026-05-28,2026-05-28 11:37:25,V028,117.0,0.9727208559269174
2026-05-28,2026-05-28 11:37:26,V028,117.0,0.9934258294511714
2026-05-28,2026-05-28 11:37:27,V028,117.0,0.9706719118028028
2026-05-28,2026-05-28 11:37:28,V028,117.0,0.9926853124002505
2026-05-28,2026-05-28 11:37:29,V028,118.0,0.9684638721017551
2026-05-28,2026-05-28 11:37:30,V028,118.0,0.9951315827048071
2026-05-28,2026-05-28 11:37:31,V028,119.0,0.9779713970341971
2026-05-28,2026-05-28 11:37:32,V028,120.0,0.9898373742073956
2026-05-28,2026-05-28 11:37:33,V028,121.0,0.975368760530011
2026-05-28,2026-05-28 11:37:34,V028,121.0,0.9705522053665343
2026-05-28,2026-05-28 11:37:35,V028,122.0,0.966517403570219
2026-05-28,2026-05-28 11:37:36,V028,122.0,0.984223337671572
2026-05-28,2026-05-28 11:37:37,V028,122.0,0.9810774581861108
2026-05-28,2026-05-28 11:37:38,V028,122.0,0.9685550921912699
2026-05-28,2026-05-28 11:37:39,V028,122.0,0.9788585051237748
2026-05-28,2026-05-28 11:37:40,V028,121.0,0.958038230927008
2026-05-28,2026-05-28 11:37:41,V028,122.0,1.0002678843353299
2026-05-28,2026-05-28 11:37:42,V028,122.0,0.9881458123197209
2026-05-28,2026-05-28 11:37:43,V028,122.0,0.9701415971112389
2026-05-28,2026-05-28 11:37:44,V028,123.0,0.9683403475938435
2026-05-28,2026-05-28 11:37:45,V028,123.0,0.9670520566251541
2026-05-28,2026-05-28 11:37:46,V028,123.0,0.9690032063861255
2026-05-28,2026-05-28 11:37:47,V028,123.0,0.9664877386653067
2026-05-28,2026-05-28 11:37:48,V028,123.0,1.0016201666451476
2026-05-28,2026-05-28 11:37:49,V028,123.0,1.0023499834825296
2026-05-28,2026-05-28 11:37:50,V028,123.0,1.0274805124384758
2026-05-28,2026-05-28 11:37:51,V028,123.0,1.0141023511331704
2026-05-28,2026-05-28 11:37:52,V028,123.0,1.0158409968798705
2026-05-28,2026-05-28 11:37:53,V028,123.0,0.9954566456616436
2026-05-28,2026-05-28 11:37:54,V028,123.0,0.9965409242670225
2026-05-28,2026-05-28 11:37:55,V028,123.0,0.9953277770768523
2026-05-28,2026-05-28 11:37:56,V028,123.0,1.008030584028602
2026-05-28,2026-05-28 11:37:57,V028,123.0,0.9918043636874762
2026-05-28,2026-05-28 11:37:58,V028,122.0,0.9651489497272111
2026-05-28,2026-05-28 11:37:59,V028,122.0,0.953597554580948
2026-05-28,2026-05-28 11:38:00,V028,122.0,0.9511795458097471
2026-05-28,2026-05-28 11:38:01,V028,122.0,0.9681584689056346
2026-05-28,2026-05-28 11:38:02,V028,121.0,0.9620398664706731
2026-05-28,2026-05-28 11:38:03,V028,121.0,0.9689638943122413
2026-05-28,2026-05-28 11:38:04,V028,120.0,0.9698045424837695
2026-05-28,2026-05-28 11:38:05,V028,120.0,0.9837377092098679
2026-05-28,2026-05-28 11:38:06,V028,119.0,0.9676274136430658
2026-05-28,2026-05-28 11:38:07,V028,118.0,0.9715380611905361
2026-05-28,2026-05-28 11:38:08,V028,118.0,0.9658568533167725
2026-05-28,2026-05-28 11:38:09,V028,119.0,0.9600557711257942
2026-05-28,2026-05-28 11:38:10,V028,120.0,0.9605339545058812
2026-05-28,2026-05-28 11:38:11,V028,120.0,0.9627221461066799
2026-05-28,2026-05-28 11:38:12,V028,121.0,0.9588393035697466
2026-05-28,2026-05-28 11:38:13,V028,121.0,0.9580378095003881
2026-05-28,2026-05-28 11:38:14,V028,121.0,0.9581645294861203
2026-05-28,2026-05-28 11:38:15,V028,121.0,0.9744143204279736
2026-05-28,2026-05-28 11:38:16,V028,121.0,0.9584078242326101
2026-05-28,2026-05-28 11:38:17,V028,121.0,0.9658532271311983
2026-05-28,2026-05-28 11:38:18,V028,121.0,0.9551918781383967
2026-05-28,2026-05-28 11:38:19,V028,121.0,0.9556562584505631
2026-05-28,2026-05-28 11:38:20,V028,121.0,0.9558439723591806
2026-05-28,2026-05-28 11:38:21,V028,121.0,0.9568941302785392
2026-05-28,2026-05-28 11:38:22,V028,120.0,0.9595221626274062
2026-05-28,2026-05-28 11:38:23,V028,121.0,0.9575948230227801
2026-05-28,2026-05-28 11:38:24,V028,121.0,0.9589739320670938
2026-05-28,2026-05-28 11:38:25,V028,121.0,0.963687192285726
2026-05-28,2026-05-28 11:38:26,V028,121.0,0.9982168798223473
2026-05-28,2026-05-28 11:38:27,V028,121.0,0.9795920088394106
2026-05-28,2026-05-28 11:38:28,V028,121.0,0.9687444014265887
2026-05-28,2026-05-28 11:38:29,V028,120.0,0.9386215713570659
2026-05-28,2026-05-28 11:38:30,V028,120.0,0.9634508102708155
2026-05-28,2026-05-28 11:38:31,V028,119.0,0.9501235839674117
2026-05-28,2026-05-28 11:38:32,V028,118.0,0.9843000241774041
2026-05-28,2026-05-28 11:38:33,V028,117.0,0.9636077488167357
2026-05-28,2026-05-28 11:38:34,V028,117.0,0.9639137864146815
2026-05-28,2026-05-28 11:38:35,V028,115.0,0.9647359917686144
2026-05-28,2026-05-28 11:38:36,V028,114.0,0.9563191961248326
2026-05-28,2026-05-28 11:38:37,V028,114.0,1.0008740226635782
2026-05-28,2026-05-28 11:38:38,V028,114.0,0.9677745426772333
2026-05-28,2026-05-28 11:38:39,V028,114.0,0.9621605148617438
2026-05-28,2026-05-28 11:38:40,V028,114.0,0.9705647367559742
2026-05-28,2026-05-28 11:38:41,V028,114.0,0.9663288061418172
2026-05-28,2026-05-28 11:38:42,V028,114.0,0.9637328448803268
2026-05-28,2026-05-28 11:38:43,V028,114.0,0.9791867998395111
2026-05-28,2026-05-28 11:38:44,V028,113.0,0.9713391373838083
2026-05-28,2026-05-28 11:38:45,V028,113.0,0.9772089136195018
2026-05-28,2026-05-28 11:38:46,V028,113.0,0.978618162087228
2026-05-28,2026-05-28 11:38:47,V028,113.0,0.977027884025545
2026-05-28,2026-05-28 11:38:48,V028,113.0,0.968574424278945
2026-05-28,2026-05-28 11:38:49,V028,114.0,0.9733557413299317
2026-05-28,2026-05-28 11:38:50,V028,114.0,0.9647963752640715
2026-05-28,2026-05-28 11:38:51,V028,115.0,0.9755766919042073
2026-05-28,2026-05-28 11:38:52,V028,115.0,0.9701036356926204
2026-05-28,2026-05-28 11:38:53,V028,116.0,0.9689321176352664
2026-05-28,2026-05-28 11:38:54,V028,116.0,0.969029889228681
2026-05-28,2026-05-28 11:38:55,V028,117.0,0.9683716988178888
2026-05-28,2026-05-28 11:38:56,V028,117.0,0.9686284202979408
2026-05-28,2026-05-28 11:38:57,V028,118.0,0.9669838754359636
2026-05-28,2026-05-28 11:38:58,V028,119.0,0.9658610037942905
2026-05-28,2026-05-28 11:38:59,V028,120.0,0.9672481875096656
2026-05-28,2026-05-28 11:39:00,V028,120.0,0.9686520477263205
2026-05-28,2026-05-28 11:39:01,V028,120.0,0.96288334419299
2026-05-28,2026-05-28 11:39:02,V028,121.0,0.9632247749560907
2026-05-28,2026-05-28 11:39:03,V028,121.0,0.9699836634311169
2026-05-28,2026-05-28 11:39:04,V028,122.0,0.9700400759296524
2026-05-28,2026-05-28 11:39:05,V028,122.0,0.96933486914497
2026-05-28,2026-05-28 11:39:06,V028,123.0,0.9698980400987631
2026-05-28,2026-05-28 11:39:07,V028,122.0,0.9688479013410972
2026-05-28,2026-05-28 11:39:08,V028,122.0,0.9720243890932789
2026-05-28,2026-05-28 11:39:09,V028,122.0,0.9726827044479677
2026-05-28,2026-05-28 11:39:10,V028,121.0,0.9635573868954579
2026-05-28,2026-05-28 11:39:11,V028,121.0,0.9786916300135151
2026-05-28,2026-05-28 11:39:12,V028,121.0,0.9392683425236307
2026-05-28,2026-05-28 11:39:13,V028,121.0,0.9351841028824627
2026-05-28,2026-05-28 11:39:14,V028,121.0,0.9718944282836279
2026-05-28,2026-05-28 11:39:15,V028,121.0,0.9628968594688317
2026-05-28,2026-05-28 11:39:16,V028,121.0,0.9782272474607994
2026-05-28,2026-05-28 11:39:17,V028,121.0,0.9660768148565713
2026-05-28,2026-05-28 11:39:18,V028,122.0,0.9848990896384214
2026-05-28,2026-05-28 11:39:19,V028,122.0,0.9740334634792925
2026-05-28,2026-05-28 11:39:20,V028,122.0,0.9689143401676352
2026-05-28,2026-05-28 11:39:21,V028,122.0,0.9689520485426283
2026-05-28,2026-05-28 11:39:22,V028,122.0,0.9686265310879576
2026-05-28,2026-05-28 11:39:23,V028,122.0,0.9709222720653452
2026-05-28,2026-05-28 11:39:24,V028,122.0,0.966094793607584
2026-05-28,2026-05-28 11:39:25,V028,123.0,0.9749300191058354
2026-05-28,2026-05-28 11:39:26,V028,123.0,0.9711611627748099
2026-05-28,2026-05-28 11:39:27,V028,123.0,0.9719739809469048
2026-05-28,2026-05-28 11:39:28,V028,123.0,0.9710603091968726
2026-05-28,2026-05-28 11:39:29,V028,124.0,0.971719602403501
2026-05-28,2026-05-28 11:39:30,V028,126.0,0.9693548224332978
2026-05-28,2026-05-28 11:39:31,V028,127.0,0.9740903055985687
2026-05-28,2026-05-28 11:39:32,V028,128.0,0.9728045086971036
2026-05-28,2026-05-28 11:39:33,V028,128.0,0.9720356891811218
2026-05-28,2026-05-28 11:39:34,V028,128.0,0.9709919692789812
2026-05-28,2026-05-28 11:39:35,V028,128.0,0.965962546484753
2026-05-28,2026-05-28 11:39:36,V028,127.0,0.9668664207146568
2026-05-28,2026-05-28 11:39:37,V028,126.0,0.9604713991030482
2026-05-28,2026-05-28 11:39:38,V028,126.0,0.9625378848500546
2026-05-28,2026-05-28 11:39:39,V028,125.0,0.9624512460536978
2026-05-28,2026-05-28 11:39:40,V028,124.0,0.9654045559217519
2026-05-28,2026-05-28 11:39:41,V028,123.0,0.9622998553869059
2026-05-28,2026-05-28 11:39:42,V028,122.0,0.9660129288020832
2026-05-28,2026-05-28 11:39:43,V028,122.0,0.9691677776366069
2026-05-28,2026-05-28 11:39:44,V028,122.0,0.9696893868373033
2026-05-28,2026-05-28 11:39:45,V028,121.0,0.9689662593951113
2026-05-28,2026-05-28 11:39:46,V028,121.0,0.9690312389933504
2026-05-28,2026-05-28 11:39:47,V028,121.0,0.9691503151552763
2026-05-28,2026-05-28 11:39:48,V028,120.0,0.9641847427276921
2026-05-28,2026-05-28 11:39:49,V028,119.0,0.9643781815943682
2026-05-28,2026-05-28 11:39:50,V028,118.0,0.9658247772016433
2026-05-28,2026-05-28 11:39:51,V028,118.0,1.0000969430549624
2026-05-28,2026-05-28 11:39:52,V028,117.0,0.8788969258540807
2026-05-28,2026-05-28 11:39:53,V028,117.0,1.0415461427732444
2026-05-28,2026-05-28 11:39:54,V028,117.0,1.0111885504566034
2026-05-28,2026-05-28 11:39:55,V028,117.0,0.9886669478772401
2026-05-28,2026-05-28 11:39:56,V028,117.0,1.016592373306841
2026-05-28,2026-05-28 11:39:57,V028,117.0,1.0079173409035398
2026-05-28,2026-05-28 11:39:58,V028,117.0,1.002306473946947
2026-05-28,2026-05-28 11:39:59,V028,117.0,0.9817774406493305
2026-05-28,2026-05-28 11:40:00,V028,117.0,0.9758815096935877
2026-05-28,2026-05-28 11:40:01,V028,117.0,0.9828758046929017
2026-05-28,2026-05-28 11:40:02,V028,117.0,0.9427994699610966
2026-05-28,2026-05-28 11:40:03,V028,117.0,1.0471910760557253
2026-05-28,2026-05-28 11:40:04,V028,117.0,1.1165428537917108
2026-05-28,2026-05-28 11:40:05,V028,118.0,0.9704233666071033
2026-05-28,2026-05-28 11:40:06,V028,120.0,0.963246759326106
2026-05-28,2026-05-28 11:40:07,V028,120.0,1.063743636115013
2026-05-28,2026-05-28 11:40:08,V028,120.0,0.991258653712738
2026-05-28,2026-05-28 11:40:09,V028,122.0,0.99083719999921
2026-05-28,2026-05-28 11:40:10,V028,125.0,0.9848053280962785
2026-05-28,2026-05-28 11:40:11,V028,127.0,0.9804292753286271
2026-05-28,2026-05-28 11:40:12,V028,127.0,0.9930248903400146
2026-05-28,2026-05-28 11:40:13,V028,129.0,0.9919658637439128
2026-05-28,2026-05-28 11:40:14,V028,130.0,0.9854306422948034
2026-05-28,2026-05-28 11:40:15,V028,132.0,0.9202781602842619
2026-05-28,2026-05-28 11:40:16,V028,134.0,1.212192248910728
2026-05-28,2026-05-28 11:40:17,V028,136.0,1.0934180732896768
2026-05-28,2026-05-28 11:40:18,V028,140.0,1.0242469830567762
2026-05-28,2026-05-28 11:40:19,V028,142.0,1.0436294334403255
2026-05-28,2026-05-28 11:40:20,V028,142.0,1.0559317290364474
2026-05-28,2026-05-28 11:40:21,V028,144.0,0.9978122077118403
2026-05-28,2026-05-28 11:40:22,V028,145.0,1.046198744174721
2026-05-28,2026-05-28 11:40:23,V028,146.0,0.9796860829244
2026-05-28,2026-05-28 11:40:24,V028,146.0,1.053868737144064
2026-05-28,2026-05-28 11:40:25,V028,147.0,0.990775922589366
2026-05-28,2026-05-28 11:40:26,V028,148.0,0.9901617058121286
2026-05-28,2026-05-28 11:40:27,V028,148.0,0.9895487983109647
2026-05-28,2026-05-28 11:40:28,V028,148.0,0.9735380598276373
2026-05-28,2026-05-28 11:40:29,V028,149.0,0.9889604543524966
2026-05-28,2026-05-28 11:40:30,V028,150.0,0.9415771303726922
2026-05-28,2026-05-28 11:40:31,V028,151.0,1.0231166289626177
2026-05-28,2026-05-28 11:40:32,V028,151.0,0.985580473176588
2026-05-28,2026-05-28 11:40:33,V028,151.0,0.9851778659826944
2026-05-28,2026-05-28 11:40:34,V028,151.0,1.0293915386033103
2026-05-28,2026-05-28 11:40:35,V028,152.0,0.9825064665700304
2026-05-28,2026-05-28 11:40:36,V028,153.0,0.9690007616070425
2026-05-28,2026-05-28 11:40:37,V028,153.0,0.980351830607554
2026-05-28,2026-05-28 11:40:38,V028,153.0,0.9650246408110248
2026-05-28,2026-05-28 11:40:39,V028,153.0,0.9574319306334603
2026-05-28,2026-05-28 11:40:40,V028,153.0,0.9723683727220656
2026-05-28,2026-05-28 11:40:41,V028,153.0,0.9631276117643887
2026-05-28,2026-05-28 11:40:42,V028,154.0,0.9995171363825469
2026-05-28,2026-05-28 11:40:43,V028,154.0,1.0570801398712948
2026-05-28,2026-05-28 11:40:44,V028,154.0,1.1995617198073174
2026-05-28,2026-05-28 11:40:45,V028,154.0,1.1626014679049073
2026-05-28,2026-05-28 11:40:46,V028,154.0,1.0393496522831398
2026-05-28,2026-05-28 11:40:47,V028,154.0,0.9960668420701058
2026-05-28,2026-05-28 11:40:48,V028,155.0,1.0105968557216702
2026-05-28,2026-05-28 11:40:49,V028,155.0,1.004511638551098
2026-05-28,2026-05-28 11:40:50,V028,155.0,1.0012020577064296
2026-05-28,2026-05-28 11:40:51,V028,156.0,0.976625692033381
2026-05-28,2026-05-28 11:40:52,V028,155.0,0.9447484290296516
2026-05-28,2026-05-28 11:40:53,V028,155.0,1.1360151963581548
2026-05-28,2026-05-28 11:40:54,V028,155.0,1.311748765592963
2026-05-28,2026-05-28 11:40:55,V028,154.0,1.007751917689863
2026-05-28,2026-05-28 11:40:56,V028,153.0,1.021654283462325
2026-05-28,2026-05-28 11:40:57,V028,153.0,1.019367470460672
2026-05-28,2026-05-28 11:40:58,V028,153.0,0.9908796425853434
2026-05-28,2026-05-28 11:40:59,V028,152.0,1.01039922480244
2026-05-28,2026-05-28 11:41:00,V028,152.0,1.0530978790355272
2026-05-28,2026-05-28 11:41:01,V028,151.0,0.9826676043054909
2026-05-28,2026-05-28 11:41:02,V028,151.0,0.9860533383851143
2026-05-28,2026-05-28 11:41:03,V028,151.0,0.9823547392067232
2026-05-28,2026-05-28 11:41:04,V028,151.0,1.2448750189208058
2026-05-28,2026-05-28 11:41:05,V028,151.0,1.0300172137006898
2026-05-28,2026-05-28 11:41:06,V028,152.0,1.0099489556520813
2026-05-28,2026-05-28 11:41:07,V028,152.0,1.0093931447863542
2026-05-28,2026-05-28 11:41:08,V028,152.0,0.9952904782290828
2026-05-28,2026-05-28 11:41:09,V028,152.0,0.996543033921422
2026-05-28,2026-05-28 11:41:10,V028,152.0,0.9804137351188552
2026-05-28,2026-05-28 11:41:11,V028,152.0,0.9985360152365691
2026-05-28,2026-05-28 11:41:12,V028,152.0,0.9435128788265541
2026-05-28,2026-05-28 11:41:13,V028,152.0,0.9580765136535392
2026-05-28,2026-05-28 11:41:14,V028,152.0,1.0212244517231976
2026-05-28,2026-05-28 11:41:15,V028,152.0,0.9840636068200512
2026-05-28,2026-05-28 11:41:16,V028,152.0,0.9943250106176507
2026-05-28,2026-05-28 11:41:17,V028,152.0,0.9968156504108281
2026-05-28,2026-05-28 11:41:18,V028,151.0,0.9686845122568678
2026-05-28,2026-05-28 11:41:19,V028,151.0,0.9733356499904744
2026-05-28,2026-05-28 11:41:20,V028,151.0,0.9612473510419697
2026-05-28,2026-05-28 11:41:21,V028,149.0,0.9500178285396514
2026-05-28,2026-05-28 11:41:22,V028,148.0,0.9411943664156643
2026-05-28,2026-05-28 11:41:23,V028,147.0,0.9388678849133467
2026-05-28,2026-05-28 11:41:24,V028,145.0,0.9401425125687165
2026-05-28,2026-05-28 11:41:25,V028,144.0,0.9451299629419795
2026-05-28,2026-05-28 11:41:26,V028,142.0,0.9804807033815365
2026-05-28,2026-05-28 11:41:27,V028,141.0,1.0340630541183125
2026-05-28,2026-05-28 11:41:28,V028,141.0,0.9599384021619055
2026-05-28,2026-05-28 11:41:29,V028,140.0,0.9883948794509592
2026-05-28,2026-05-28 11:41:30,V028,138.0,0.9855981801586826
2026-05-28,2026-05-28 11:41:31,V028,137.0,0.9571453092335692
2026-05-28,2026-05-28 11:41:32,V028,137.0,0.9652421575460737
2026-05-28,2026-05-28 11:41:33,V028,135.0,0.9576961089947873
2026-05-28,2026-05-28 11:41:34,V028,134.0,0.9509849146434749
2026-05-28,2026-05-28 11:41:35,V028,133.0,0.9574104451746804
2026-05-28,2026-05-28 11:41:36,V028,133.0,0.9542552273664329
2026-05-28,2026-05-28 11:41:37,V028,133.0,0.9603557837647595
2026-05-28,2026-05-28 11:41:38,V028,133.0,0.9637433873371236
2026-05-28,2026-05-28 11:41:39,V028,133.0,0.953073441770335
2026-05-28,2026-05-28 11:41:40,V028,133.0,0.962909854882842
2026-05-28,2026-05-28 11:41:41,V028,133.0,0.9762838886990788
2026-05-28,2026-05-28 11:41:42,V028,133.0,0.9701379255131888
2026-05-28,2026-05-28 11:41:43,V028,132.0,0.9841422431246141
2026-05-28,2026-05-28 11:41:44,V028,131.0,0.974719876384099
2026-05-28,2026-05-28 11:41:45,V028,130.0,0.9831329290889729
2026-05-28,2026-05-28 11:41:46,V028,130.0,0.987701524600289
2026-05-28,2026-05-28 11:41:47,V028,128.0,0.9837721349323818
2026-05-28,2026-05-28 11:41:48,V028,127.0,0.9710209062951951
2026-05-28,2026-05-28 11:41:49,V028,126.0,0.9759491027689654
2026-05-28,2026-05-28 11:41:50,V028,125.0,0.976249657895099
2026-05-28,2026-05-28 11:41:51,V028,125.0,0.9666526182219847
2026-05-28,2026-05-28 11:41:52,V028,123.0,0.9655657270808066
2026-05-28,2026-05-28 11:41:53,V028,123.0,0.9760046266721975
2026-05-28,2026-05-28 11:41:54,V028,123.0,0.9759257670716607
2026-05-28,2026-05-28 11:41:55,V028,122.0,0.9662558166686294
2026-05-28,2026-05-28 11:41:56,V028,123.0,0.971633771641075
2026-05-28,2026-05-28 11:41:57,V028,123.0,0.9700672012697297
2026-05-28,2026-05-28 11:41:58,V028,123.0,0.9716076626065121
2026-05-28,2026-05-28 11:41:59,V028,124.0,0.9711556403717172
2026-05-28,2026-05-28 11:42:00,V028,125.0,0.974282242702956
2026-05-28,2026-05-28 11:42:01,V028,125.0,0.9834504981665537
2026-05-28,2026-05-28 11:42:02,V028,125.0,0.9725615981106114
2026-05-28,2026-05-28 11:42:03,V028,125.0,0.9684259741872325
2026-05-28,2026-05-28 11:42:04,V028,125.0,0.9609708952360767
2026-05-28,2026-05-28 11:42:05,V028,125.0,0.9691453442101343
2026-05-28,2026-05-28 11:42:06,V028,125.0,0.966659365155258
2026-05-28,2026-05-28 11:42:07,V028,124.0,0.976348776133241
2026-05-28,2026-05-28 11:42:08,V028,124.0,0.975426376223964
2026-05-28,2026-05-28 11:42:09,V028,123.0,0.9771141717453218
2026-05-28,2026-05-28 11:42:10,V028,123.0,0.9505802841798493
2026-05-28,2026-05-28 11:42:11,V028,123.0,0.948834600844271
2026-05-28,2026-05-28 11:42:12,V028,123.0,0.9455300415723163
2026-05-28,2026-05-28 11:42:13,V028,123.0,0.9467428713792106
2026-05-28,2026-05-28 11:42:14,V028,123.0,0.9457816581525756
2026-05-28,2026-05-28 11:42:15,V028,123.0,0.9452867817262006
2026-05-28,2026-05-28 11:42:16,V028,123.0,0.9509833620210844
2026-05-28,2026-05-28 11:42:17,V028,123.0,0.9618645336143997
2026-05-28,2026-05-28 11:42:18,V028,123.0,0.96170817727372
2026-05-28,2026-05-28 11:42:19,V028,123.0,0.9698315239658661
2026-05-28,2026-05-28 11:42:20,V028,123.0,0.9786857946444469
2026-05-28,2026-05-28 11:42:21,V028,123.0,0.9698440331961824
2026-05-28,2026-05-28 11:42:22,V028,122.0,0.9708440125465965
2026-05-28,2026-05-28 11:42:23,V028,122.0,0.9705897537674703
2026-05-28,2026-05-28 11:42:24,V028,122.0,0.9699569547605105
2026-05-28,2026-05-28 11:42:25,V028,122.0,0.9679064670396679
2026-05-28,2026-05-28 11:42:26,V028,122.0,0.9823405373295543
2026-05-28,2026-05-28 11:42:27,V028,122.0,0.9775237654916462
2026-05-28,2026-05-28 11:42:28,V028,122.0,0.9777601250686005
2026-05-28,2026-05-28 11:42:29,V028,122.0,0.9690894280150267
2026-05-28,2026-05-28 11:42:30,V028,122.0,0.9705993438785934
2026-05-28,2026-05-28 11:42:31,V028,122.0,0.9702248383685961
2026-05-28,2026-05-28 11:42:32,V028,122.0,0.9703378710741926
2026-05-28,2026-05-28 11:42:33,V028,122.0,0.9697368355740897
2026-05-28,2026-05-28 11:42:34,V028,122.0,0.9694951073431701
2026-05-28,2026-05-28 11:42:35,V028,123.0,0.9720750388603074
2026-05-28,2026-05-28 11:42:36,V028,123.0,0.9678456986995103
2026-05-28,2026-05-28 11:42:37,V028,123.0,0.9729126862360991
2026-05-28,2026-05-28 11:42:38,V028,123.0,0.9711913470808098
2026-05-28,2026-05-28 11:42:39,V028,123.0,0.9706811200691674
2026-05-28,2026-05-28 11:42:40,V028,123.0,0.9696786815190808
2026-05-28,2026-05-28 11:42:41,V028,123.0,0.9715322809254417
2026-05-28,2026-05-28 11:42:42,V028,123.0,0.964813899825774
2026-05-28,2026-05-28 11:42:43,V028,122.0,0.9804229816721444
2026-05-28,2026-05-28 11:42:44,V028,122.0,0.9704812514519991
2026-05-28,2026-05-28 11:42:45,V028,122.0,0.9815744697158275
2026-05-28,2026-05-28 11:42:46,V028,121.0,0.9667748284568862
2026-05-28,2026-05-28 11:42:47,V028,122.0,0.9675311251643671
2026-05-28,2026-05-28 11:42:48,V028,122.0,0.9729440875068862
2026-05-28,2026-05-28 11:42:49,V028,122.0,0.9729531685770999
2026-05-28,2026-05-28 11:42:50,V028,122.0,0.9734916583063592
2026-05-28,2026-05-28 11:42:51,V028,122.0,0.9700546044184002
2026-05-28,2026-05-28 11:42:52,V028,121.0,0.9711873517728518
2026-05-28,2026-05-28 11:42:53,V028,121.0,0.9701558756215248
2026-05-28,2026-05-28 11:42:54,V028,121.0,0.9705611941051876
2026-05-28,2026-05-28 11:42:55,V028,121.0,0.9732443999087432
2026-05-28,2026-05-28 11:42:56,V028,121.0,0.9745982296059709
2026-05-28,2026-05-28 11:42:57,V028,120.0,0.9703681425535942
2026-05-28,2026-05-28 11:42:58,V028,120.0,0.9726644162235076
2026-05-28,2026-05-28 11:42:59,V028,120.0,0.9688628549415608
2026-05-28,2026-05-28 11:43:00,V028,120.0,0.9685002875313485
2026-05-28,2026-05-28 11:43:01,V028,120.0,0.97121102214972
2026-05-28,2026-05-28 11:43:02,V028,120.0,0.9643906433825304
2026-05-28,2026-05-28 11:43:03,V028,121.0,0.9742674527050877
2026-05-28,2026-05-28 11:43:04,V028,121.0,0.9965476328096985
2026-05-28,2026-05-28 11:43:05,V028,121.0,0.9522970845734031
2026-05-28,2026-05-28 11:43:06,V028,121.0,0.9657001197625518
2026-05-28,2026-05-28 11:43:07,V028,120.0,0.955342545182224
2026-05-28,2026-05-28 11:43:08,V028,120.0,0.9603717874580018
2026-05-28,2026-05-28 11:43:09,V028,120.0,0.9655324689120061
2026-05-28,2026-05-28 11:43:10,V028,119.0,0.9757763513764903
2026-05-28,2026-05-28 11:43:11,V028,119.0,0.9756101530945339
2026-05-28,2026-05-28 11:43:12,V028,119.0,0.9735915716403921
2026-05-28,2026-05-28 11:43:13,V028,119.0,0.9610649939843473
2026-05-28,2026-05-28 11:43:14,V028,119.0,0.9625733611687043
2026-05-28,2026-05-28 11:43:15,V028,120.0,0.9684036793108189
2026-05-28,2026-05-28 11:43:16,V028,121.0,0.9731165039303603
2026-05-28,2026-05-28 11:43:17,V028,121.0,0.9742363954045125
2026-05-28,2026-05-28 11:43:18,V028,121.0,0.9745558461385292
2026-05-28,2026-05-28 11:43:19,V028,121.0,0.9723610194637995
2026-05-28,2026-05-28 11:43:20,V028,121.0,0.9718613952829301
2026-05-28,2026-05-28 11:43:21,V028,121.0,0.9929791289670639
2026-05-28,2026-05-28 11:43:22,V028,121.0,0.9872571812491843
2026-05-28,2026-05-28 11:43:23,V028,121.0,1.0006905445201244
2026-05-28,2026-05-28 11:43:24,V028,121.0,0.9727906692560164
2026-05-28,2026-05-28 11:43:25,V028,121.0,0.982662442098662
2026-05-28,2026-05-28 11:43:26,V028,120.0,0.987265233878418
2026-05-28,2026-05-28 11:43:27,V028,120.0,0.9752012055420517
2026-05-28,2026-05-28 11:43:28,V028,120.0,1.012127173424807
2026-05-28,2026-05-28 11:43:29,V028,120.0,0.9781952329382225
2026-05-28,2026-05-28 11:43:30,V028,120.0,0.9867595297702638
2026-05-28,2026-05-28 11:43:31,V028,119.0,0.9864504136230218
2026-05-28,2026-05-28 11:43:32,V028,119.0,0.9809140539219152
2026-05-28,2026-05-28 11:43:33,V028,119.0,0.9792374538367975
2026-05-28,2026-05-28 11:43:34,V028,119.0,0.9797702238011088
2026-05-28,2026-05-28 11:43:35,V028,119.0,0.9790315159604435
2026-05-28,2026-05-28 11:43:36,V028,119.0,0.9789357165917514
2026-05-28,2026-05-28 11:43:37,V028,119.0,0.979507335597635
2026-05-28,2026-05-28 11:43:38,V028,120.0,0.9794068190289918
2026-05-28,2026-05-28 11:43:39,V028,121.0,0.9790152530593277
2026-05-28,2026-05-28 11:43:40,V028,121.0,0.9763594997441349
2026-05-28,2026-05-28 11:43:41,V028,121.0,0.9841091713900756
2026-05-28,2026-05-28 11:43:42,V028,121.0,0.9796319200745665
2026-05-28,2026-05-28 11:43:43,V028,120.0,0.9807324011209344
2026-05-28,2026-05-28 11:43:44,V028,119.0,0.9774774416693052
2026-05-28,2026-05-28 11:43:45,V028,119.0,0.9734568253763607
2026-05-28,2026-05-28 11:43:46,V028,119.0,0.9886401108527216
2026-05-28,2026-05-28 11:43:47,V028,119.0,0.9836027027187808
2026-05-28,2026-05-28 11:43:48,V028,119.0,0.984140397003359
2026-05-28,2026-05-28 11:43:49,V028,120.0,0.9874554691426495
2026-05-28,2026-05-28 11:43:50,V028,121.0,0.9756342859663817
2026-05-28,2026-05-28 11:43:51,V028,122.0,0.9756912739680325
2026-05-28,2026-05-28 11:43:52,V028,122.0,0.9811118790693717
2026-05-28,2026-05-28 11:43:53,V028,123.0,0.9760665859750131
2026-05-28,2026-05-28 11:43:54,V028,123.0,0.9772481091520804
2026-05-28,2026-05-28 11:43:55,V028,122.0,0.9722931303552771
2026-05-28,2026-05-28 11:43:56,V028,122.0,0.9697014054100325
2026-05-28,2026-05-28 11:43:57,V028,121.0,0.9694903690742337
2026-05-28,2026-05-28 11:43:58,V028,122.0,0.9692497338472358
2026-05-28,2026-05-28 11:43:59,V028,122.0,0.9693083810130634
2026-05-28,2026-05-28 11:44:00,V028,123.0,0.9758227722350825
2026-05-28,2026-05-28 11:44:01,V028,123.0,1.0129808494863741
2026-05-28,2026-05-28 11:44:02,V028,123.0,0.9476235736605425
2026-05-28,2026-05-28 11:44:03,V028,123.0,0.9886509236814952
2026-05-28,2026-05-28 11:44:04,V028,123.0,0.9756825105648405
2026-05-28,2026-05-28 11:44:05,V028,122.0,0.9672344068978449
2026-05-28,2026-05-28 11:44:06,V028,122.0,0.9601260109910899
2026-05-28,2026-05-28 11:44:07,V028,121.0,0.9680158183889547
2026-05-28,2026-05-28 11:44:08,V028,121.0,0.9628567643032747
2026-05-28,2026-05-28 11:44:09,V028,120.0,0.9628150532016092
2026-05-28,2026-05-28 11:44:10,V028,119.0,0.9655497429427451
2026-05-28,2026-05-28 11:44:11,V028,119.0,0.9603345640193514
2026-05-28,2026-05-28 11:44:12,V028,119.0,0.9664274909017473
2026-05-28,2026-05-28 11:44:13,V028,119.0,0.9658213559741422
2026-05-28,2026-05-28 11:44:14,V028,119.0,0.963886488177062
2026-05-28,2026-05-28 11:44:15,V028,120.0,0.964535064120792
2026-05-28,2026-05-28 11:44:16,V028,121.0,0.9650358606290128
2026-05-28,2026-05-28 11:44:17,V028,121.0,0.9622502980991846
2026-05-28,2026-05-28 11:44:18,V028,121.0,0.9641587992185566
2026-05-28,2026-05-28 11:44:19,V028,122.0,0.9649190092872889
2026-05-28,2026-05-28 11:44:20,V028,123.0,0.9629169599577541
2026-05-28,2026-05-28 11:44:21,V028,124.0,0.963306274376584
2026-05-28,2026-05-28 11:44:22,V028,124.0,0.9632513118464573
2026-05-28,2026-05-28 11:44:23,V028,124.0,0.9660082369553472
2026-05-28,2026-05-28 11:44:24,V028,123.0,0.9588076915624217
2026-05-28,2026-05-28 11:44:25,V028,123.0,0.964766642218923
2026-05-28,2026-05-28 11:44:26,V028,122.0,0.9637839752284874
2026-05-28,2026-05-28 11:44:27,V028,122.0,0.9609119606727278
2026-05-28,2026-05-28 11:44:28,V028,122.0,0.9609066945072681
2026-05-28,2026-05-28 11:44:29,V028,122.0,0.9630096530818074
2026-05-28,2026-05-28 11:44:30,V028,122.0,0.962484115850477
2026-05-28,2026-05-28 11:44:31,V028,123.0,0.9714923013168629
2026-05-28,2026-05-28 11:44:32,V028,123.0,0.9696570714537514
2026-05-28,2026-05-28 11:44:33,V028,123.0,0.9728944433553187
2026-05-28,2026-05-28 11:44:34,V028,123.0,0.9683882598344902
2026-05-28,2026-05-28 11:44:35,V028,124.0,0.9682730101569703
2026-05-28,2026-05-28 11:44:36,V028,124.0,0.9678742418248103
2026-05-28,2026-05-28 11:44:37,V028,124.0,1.0015718506260372
2026-05-28,2026-05-28 11:44:38,V028,123.0,1.0114164788944238
2026-05-28,2026-05-28 11:44:39,V028,122.0,0.9887604784076088
2026-05-28,2026-05-28 11:44:40,V028,122.0,0.9620110460117
2026-05-28,2026-05-28 11:44:41,V028,121.0,0.9726386755812433
2026-05-28,2026-05-28 11:44:42,V028,121.0,0.9623625045413304
2026-05-28,2026-05-28 11:44:43,V028,121.0,0.965596821671253
2026-05-28,2026-05-28 11:44:44,V028,121.0,0.9731890673672776
2026-05-28,2026-05-28 11:44:45,V028,121.0,0.9701483570013248
2026-05-28,2026-05-28 11:44:46,V028,122.0,0.9720700506467055
2026-05-28,2026-05-28 11:44:47,V028,122.0,0.971099054220149
2026-05-28,2026-05-28 11:44:48,V028,122.0,0.969415694868139
2026-05-28,2026-05-28 11:44:49,V028,123.0,0.9673936218877737
2026-05-28,2026-05-28 11:44:50,V028,124.0,0.9642735977204515
2026-05-28,2026-05-28 11:44:51,V028,124.0,0.9568766157309495
2026-05-28,2026-05-28 11:44:52,V028,124.0,0.9623489146220212
2026-05-28,2026-05-28 11:44:53,V028,125.0,0.9712211285503861
2026-05-28,2026-05-28 11:44:54,V028,125.0,0.9911235195522642
2026-05-28,2026-05-28 11:44:55,V028,125.0,0.9637165422760486
2026-05-28,2026-05-28 11:44:56,V028,125.0,0.9697420498891468
2026-05-28,2026-05-28 11:44:57,V028,125.0,0.970300670513411
2026-05-28,2026-05-28 11:44:58,V028,126.0,0.9712869635666923
2026-05-28,2026-05-28 11:44:59,V028,126.0,0.9699168538709892
2026-05-28,2026-05-28 11:45:00,V028,126.0,0.9794493855251224
2026-05-28,2026-05-28 11:45:01,V028,126.0,0.9779948281361005
2026-05-28,2026-05-28 11:45:02,V028,126.0,0.9771812163297131
2026-05-28,2026-05-28 11:45:03,V028,126.0,0.9760747743392056
2026-05-28,2026-05-28 11:45:04,V028,126.0,0.9839094005194711
2026-05-28,2026-05-28 11:45:05,V028,126.0,0.9845950962874244
2026-05-28,2026-05-28 11:45:06,V028,126.0,0.9708476306591481
2026-05-28,2026-05-28 11:45:07,V028,127.0,0.9718886880992494
2026-05-28,2026-05-28 11:45:08,V028,127.0,0.9766363696019449
2026-05-28,2026-05-28 11:45:09,V028,127.0,0.9921196443001624
2026-05-28,2026-05-28 11:45:10,V028,127.0,0.9801276661909922
2026-05-28,2026-05-28 11:45:11,V028,127.0,0.9855341296935465
2026-05-28,2026-05-28 11:45:12,V028,127.0,0.9734771239320578
2026-05-28,2026-05-28 11:45:13,V028,126.0,0.9773381845882662
2026-05-28,2026-05-28 11:45:14,V028,126.0,0.992255144981208
2026-05-28,2026-05-28 11:45:15,V028,126.0,0.9687381013171794
2026-05-28,2026-05-28 11:45:16,V028,124.0,0.977006441272604
2026-05-28,2026-05-28 11:45:17,V028,123.0,0.9791606549607276
2026-05-28,2026-05-28 11:45:18,V028,123.0,0.9741230109668105
2026-05-28,2026-05-28 11:45:19,V028,122.0,0.9723449514835982
2026-05-28,2026-05-28 11:45:20,V028,121.0,0.9762324189217958
2026-05-28,2026-05-28 11:45:21,V028,120.0,0.9759181512875045
2026-05-28,2026-05-28 11:45:22,V028,120.0,0.9756757172195206
2026-05-28,2026-05-28 11:45:23,V028,120.0,0.9768776922080602
2026-05-28,2026-05-28 11:45:24,V028,120.0,0.9752258224363257
2026-05-28,2026-05-28 11:45:25,V028,120.0,0.9689090790606855
2026-05-28,2026-05-28 11:45:26,V028,120.0,0.9719385459393084
2026-05-28,2026-05-28 11:45:27,V028,120.0,0.9787999563760641
2026-05-28,2026-05-28 11:45:28,V028,119.0,0.9808447602124709
2026-05-28,2026-05-28 11:45:29,V028,119.0,0.9754913572451787
2026-05-28,2026-05-28 11:45:30,V028,118.0,0.9862111811282347
2026-05-28,2026-05-28 11:45:31,V028,118.0,0.9647185986270684
2026-05-28,2026-05-28 11:45:32,V028,118.0,0.966279077195377
2026-05-28,2026-05-28 11:45:33,V028,118.0,0.9638879088521575
2026-05-28,2026-05-28 11:45:34,V028,118.0,0.9683582860642677
2026-05-28,2026-05-28 11:45:35,V028,119.0,0.9688812990452705
2026-05-28,2026-05-28 11:45:36,V028,120.0,0.9666108966241311
2026-05-28,2026-05-28 11:45:37,V028,121.0,0.968146678151
2026-05-28,2026-05-28 11:45:38,V028,121.0,0.966533847621102
2026-05-28,2026-05-28 11:45:39,V028,121.0,0.9674902519305871
2026-05-28,2026-05-28 11:45:40,V028,122.0,0.9636854568749976
2026-05-28,2026-05-28 11:45:41,V028,122.0,0.9611174935152315
2026-05-28,2026-05-28 11:45:42,V028,122.0,0.9574021822736869
2026-05-28,2026-05-28 11:45:43,V028,122.0,0.9664485353437203
2026-05-28,2026-05-28 11:45:44,V028,122.0,0.973278445762335
2026-05-28,2026-05-28 11:45:45,V028,123.0,0.9733818074407453
2026-05-28,2026-05-28 11:45:46,V028,124.0,0.9734747958917007
2026-05-28,2026-05-28 11:45:47,V028,125.0,0.9722827911636707
2026-05-28,2026-05-28 11:45:48,V028,125.0,0.9722330148829391
2026-05-28,2026-05-28 11:45:49,V028,125.0,0.9726563569239597
2026-05-28,2026-05-28 11:45:50,V028,125.0,0.9708953194352482
2026-05-28,2026-05-28 11:45:51,V028,125.0,0.972845957767275
2026-05-28,2026-05-28 11:45:52,V028,125.0,0.9754030391716461
2026-05-28,2026-05-28 11:45:53,V028,124.0,0.9693957654742548
2026-05-28,2026-05-28 11:45:54,V028,124.0,0.988910743882461
2026-05-28,2026-05-28 11:45:55,V028,124.0,0.9626900713771145
2026-05-28,2026-05-28 11:45:56,V028,124.0,0.9904226746955572
2026-05-28,2026-05-28 11:45:57,V028,125.0,0.9664294660100128
2026-05-28,2026-05-28 11:45:58,V028,126.0,0.9626334689647247
2026-05-28,2026-05-28 11:45:59,V028,126.0,0.9628369482229264
2026-05-28,2026-05-28 11:46:00,V028,126.0,0.9541331665763426
2026-05-28,2026-05-28 11:46:01,V028,126.0,0.9532445784418386
2026-05-28,2026-05-28 11:46:02,V028,126.0,0.9535514790190901
2026-05-28,2026-05-28 11:46:03,V028,125.0,0.9528328298637608
2026-05-28,2026-05-28 11:46:04,V028,123.0,0.953138626816468
2026-05-28,2026-05-28 11:46:05,V028,123.0,0.9617965296825384
2026-05-28,2026-05-28 11:46:06,V028,122.0,0.9586152123924329
2026-05-28,2026-05-28 11:46:07,V028,121.0,0.9565294501396182
2026-05-28,2026-05-28 11:46:08,V028,121.0,0.9593088446951621
2026-05-28,2026-05-28 11:46:09,V028,121.0,0.9612761773157271
2026-05-28,2026-05-28 11:46:10,V028,122.0,0.9566659572109957
2026-05-28,2026-05-28 11:46:11,V028,122.0,0.9820133996447145
2026-05-28,2026-05-28 11:46:12,V028,123.0,0.9713279350689481
2026-05-28,2026-05-28 11:46:13,V028,123.0,0.9724002210797502
2026-05-28,2026-05-28 11:46:14,V028,123.0,0.9702860511076076
2026-05-28,2026-05-28 11:46:15,V028,124.0,0.9738463318410149
2026-05-28,2026-05-28 11:46:16,V028,124.0,0.9737390459823486
2026-05-28,2026-05-28 11:46:17,V028,124.0,0.96753919572197
2026-05-28,2026-05-28 11:46:18,V028,124.0,1.0063865843870816
2026-05-28,2026-05-28 11:46:19,V028,124.0,0.9911390203970223
2026-05-28,2026-05-28 11:46:20,V028,124.0,0.9774279796434338
2026-05-28,2026-05-28 11:46:21,V028,124.0,0.9699782157966518
2026-05-28,2026-05-28 11:46:22,V028,124.0,0.9705495055850937
2026-05-28,2026-05-28 11:46:23,V028,125.0,0.9716728264462124
2026-05-28,2026-05-28 11:46:24,V028,125.0,0.9639136359845939
2026-05-28,2026-05-28 11:46:25,V028,125.0,0.9837141498492212
2026-05-28,2026-05-28 11:46:26,V028,125.0,0.9964553133840784
2026-05-28,2026-05-28 11:46:27,V028,125.0,0.9708104623644751
2026-05-28,2026-05-28 11:46:28,V028,125.0,0.9701289509416965
2026-05-28,2026-05-28 11:46:29,V028,125.0,0.9935342567701555
2026-05-28,2026-05-28 11:46:30,V028,124.0,0.9750183129428738
2026-05-28,2026-05-28 11:46:31,V028,124.0,0.9695153826446005
2026-05-28,2026-05-28 11:46:32,V028,123.0,0.978640212830703
2026-05-28,2026-05-28 11:46:33,V028,122.0,0.9860584748635473
2026-05-28,2026-05-28 11:46:34,V028,122.0,0.9599554348154277
2026-05-28,2026-05-28 11:46:35,V028,122.0,0.9726796029922762
2026-05-28,2026-05-28 11:46:36,V028,121.0,0.97605885357465
2026-05-28,2026-05-28 11:46:37,V028,121.0,0.9975727452736571
2026-05-28,2026-05-28 11:46:38,V028,121.0,0.9859078277220766
2026-05-28,2026-05-28 11:46:39,V028,120.0,0.9849441685866012
2026-05-28,2026-05-28 11:46:40,V028,119.0,0.9849141249626479
2026-05-28,2026-05-28 11:46:41,V028,118.0,0.99007167572145
2026-05-28,2026-05-28 11:46:42,V028,118.0,0.9943279091090591
2026-05-28,2026-05-28 11:46:43,V028,118.0,0.9814410640001265
2026-05-28,2026-05-28 11:46:44,V028,118.0,1.0132559236687604
2026-05-28,2026-05-28 11:46:45,V028,118.0,0.9677970352497743
2026-05-28,2026-05-28 11:46:46,V028,118.0,0.9930488533781047
2026-05-28,2026-05-28 11:46:47,V028,117.0,0.9710071081982233
2026-05-28,2026-05-28 11:46:48,V028,117.0,1.0015047786976408
2026-05-28,2026-05-28 11:46:49,V028,117.0,0.9541665230516552
2026-05-28,2026-05-28 11:46:50,V028,116.0,1.0045839849994795
2026-05-28,2026-05-28 11:46:51,V028,116.0,0.9682518075436336
2026-05-28,2026-05-28 11:46:52,V028,116.0,1.0063232609321464
2026-05-28,2026-05-28 11:46:53,V028,116.0,0.9597657072737815
2026-05-28,2026-05-28 11:46:54,V028,116.0,1.0059176570027306
2026-05-28,2026-05-28 11:46:55,V028,116.0,0.9908752120985227
2026-05-28,2026-05-28 11:46:56,V028,116.0,0.9768970990204087
2026-05-28,2026-05-28 11:46:57,V028,116.0,0.9763782435916455
2026-05-28,2026-05-28 11:46:58,V028,116.0,0.993137315356862
2026-05-28,2026-05-28 11:46:59,V028,116.0,0.9854207377708173
2026-05-28,2026-05-28 11:47:00,V028,116.0,0.9983284780157783
2026-05-28,2026-05-28 11:47:01,V028,116.0,0.9864692623122029
2026-05-28,2026-05-28 11:47:02,V028,116.0,0.9956647422109104
2026-05-28,2026-05-28 11:47:03,V028,116.0,0.9976896801044196
2026-05-28,2026-05-28 11:47:04,V028,116.0,0.992555716601825
2026-05-28,2026-05-28 11:47:05,V028,116.0,0.9855967992882209
2026-05-28,2026-05-28 11:47:06,V028,116.0,0.9885661385609552
2026-05-28,2026-05-28 11:47:07,V028,116.0,0.9877894710105587
2026-05-28,2026-05-28 11:47:08,V028,116.0,0.9891579417698324
2026-05-28,2026-05-28 11:47:09,V028,117.0,0.9890494561681483
2026-05-28,2026-05-28 11:47:10,V028,117.0,0.9811353105626993
2026-05-28,2026-05-28 11:47:11,V028,117.0,0.9802821322263165
2026-05-28,2026-05-28 11:47:12,V028,118.0,0.9898628426638055
2026-05-28,2026-05-28 11:47:13,V028,118.0,0.9980139199013934
2026-05-28,2026-05-28 11:47:14,V028,118.0,1.0078915256246566
2026-05-28,2026-05-28 11:47:15,V028,118.0,0.9707063659067919
2026-05-28,2026-05-28 11:47:16,V028,119.0,0.9968005217391755
2026-05-28,2026-05-28 11:47:17,V028,119.0,0.9633099504741631
2026-05-28,2026-05-28 11:47:18,V028,120.0,0.988554942493515
2026-05-28,2026-05-28 11:47:19,V028,121.0,1.0046445261438453
2026-05-28,2026-05-28 11:47:20,V028,121.0,0.9464804975998388
2026-05-28,2026-05-28 11:47:21,V028,121.0,1.0133328032161928
2026-05-28,2026-05-28 11:47:22,V028,121.0,0.9627484934891972
2026-05-28,2026-05-28 11:47:23,V028,122.0,1.0121821544891452
2026-05-28,2026-05-28 11:47:24,V028,122.0,0.9687958910457284
2026-05-28,2026-05-28 11:47:25,V028,122.0,1.0147450882632454
2026-05-28,2026-05-28 11:47:26,V028,122.0,0.9746844792412624
2026-05-28,2026-05-28 11:47:27,V028,122.0,1.0116169624581377
2026-05-28,2026-05-28 11:47:28,V028,121.0,0.9917766391441535
2026-05-28,2026-05-28 11:47:29,V028,121.0,0.9810906834953154
2026-05-28,2026-05-28 11:47:30,V028,120.0,1.0053788300682116
2026-05-28,2026-05-28 11:47:31,V028,119.0,0.961183160213625
2026-05-28,2026-05-28 11:47:32,V028,117.0,0.9261751158405876
2026-05-28,2026-05-28 11:47:33,V028,117.0,0.9468038047355157
2026-05-28,2026-05-28 11:47:34,V028,117.0,0.9410052403255081
2026-05-28,2026-05-28 11:47:35,V028,116.0,0.9796386048402933
2026-05-28,2026-05-28 11:47:36,V028,115.0,1.263029967715465
2026-05-28,2026-05-28 11:47:37,V028,115.0,1.1467409825385044
2026-05-28,2026-05-28 11:47:38,V028,115.0,1.095346133766266
2026-05-28,2026-05-28 11:47:39,V028,115.0,1.0733324731051233
2026-05-28,2026-05-28 11:47:40,V028,116.0,1.1407709429386208
2026-05-28,2026-05-28 11:47:41,V028,116.0,1.0349802610264776
2026-05-28,2026-05-28 11:47:42,V028,116.0,1.254340143494752
2026-05-28,2026-05-28 11:47:43,V028,116.0,1.26549833653519
2026-05-28,2026-05-28 11:47:44,V028,116.0,0.9538531548622993
2026-05-28,2026-05-28 11:47:45,V028,116.0,1.009843537221313
2026-05-28,2026-05-28 11:47:46,V028,116.0,1.1362441291007959
2026-05-28,2026-05-28 11:47:47,V028,115.0,1.0923806800251141
2026-05-28,2026-05-28 11:47:48,V028,115.0,0.9948641098482041
2026-05-28,2026-05-28 11:47:49,V028,115.0,1.1570642512478984
2026-05-28,2026-05-28 11:47:50,V028,115.0,1.122025445582528
2026-05-28,2026-05-28 11:47:51,V028,115.0,1.1492366553008047
2026-05-28,2026-05-28 11:47:52,V028,115.0,1.059478655190471
2026-05-28,2026-05-28 11:47:53,V028,115.0,1.1729539978590033
2026-05-28,2026-05-28 11:47:54,V028,115.0,1.0738457284595488
2026-05-28,2026-05-28 11:47:55,V028,115.0,1.0642214503530416
2026-05-28,2026-05-28 11:47:56,V028,115.0,1.0379325828964798
2026-05-28,2026-05-28 11:47:57,V028,,1.2402875474411463
2026-05-28,2026-05-28 11:47:58,V028,,1.0151841369493284
2026-05-28,2026-05-28 11:47:59,V028,,0.9962066098536464
2026-05-28,2026-05-28 11:48:00,V028,,0.9731145377949645
2026-05-28,2026-05-28 11:48:01,V028,,0.9646540190994258
2026-05-28,2026-05-28 11:48:02,V028,,0.9744282825256152
2026-05-28,2026-05-28 11:48:03,V028,,0.9591184142363539
2026-05-28,2026-05-28 11:48:04,V028,,0.9545787105097712
2026-05-28,2026-05-28 11:48:05,V028,,0.9735909098279942
2026-05-28,2026-05-28 11:48:06,V028,,0.9712338753136202
2026-05-28,2026-05-28 11:48:07,V028,,0.9310749045933169
2026-05-28,2026-05-28 11:48:08,V028,,0.9769383177857536
2026-05-28,2026-05-28 11:48:09,V028,,0.9762605083963244
2026-05-28,2026-05-28 11:48:10,V028,,1.0455933908280302
2026-05-28,2026-05-28 11:48:11,V028,,1.1580301127221992
2026-05-28,2026-05-28 11:48:12,V028,,1.0283027878034658
2026-05-28,2026-05-28 11:48:13,V028,,1.0301160050333464
2026-05-28,2026-05-28 11:48:14,V028,,1.018286084369023
2026-05-28,2026-05-28 11:48:15,V028,,1.0000555032970848
2026-05-28,2026-05-28 11:48:16,V028,,1.2442466475740404
2026-05-28,2026-05-28 11:48:17,V028,,1.01123152947019
2026-05-28,2026-05-28 11:48:18,V028,,1.0112620110108612
2026-05-28,2026-05-28 11:48:19,V028,,1.0115440115870074
2026-05-28,2026-05-28 11:48:20,V028,,1.011034316625982
2026-05-28,2026-05-28 11:48:21,V028,,1.0113428259391934
2026-05-28,2026-05-28 11:48:22,V028,,1.0114674538901458
2026-05-28,2026-05-28 11:48:23,V028,,1.011582139769026
2026-05-28,2026-05-28 11:48:24,V028,,1.0113408865328086
2026-05-28,2026-05-28 11:48:25,V028,,1.011314971276313
2026-05-28,2026-05-28 11:48:26,V028,,1.0118325034409033
2026-05-28,2026-05-28 11:48:27,V028,,1.01172646457226
2026-05-28,2026-05-28 11:48:28,V028,,1.0121145143319932
2026-05-28,2026-05-28 11:48:29,V028,,1.0115086230871366
2026-05-28,2026-05-28 11:48:30,V028,,1.0118198772316611
2026-05-28,2026-05-28 11:48:31,V028,,1.01150966744906
2026-05-28,2026-05-28 11:48:32,V028,,1.0118386747067467
2026-05-28,2026-05-28 11:48:33,V028,,1.0118945124192842
2026-05-28,2026-05-28 11:48:34,V028,,1.0121715412388657
2026-05-28,2026-05-28 11:48:35,V028,,1.0122553618374523
2026-05-28,2026-05-28 11:48:36,V028,,1.0119797239168289
2026-05-28,2026-05-28 11:48:37,V028,,1.0118110395018383
2026-05-28,2026-05-28 11:48:38,V028,,1.011698923284173
2026-05-28,2026-05-28 11:48:39,V028,,1.0123693255616804
2026-05-28,2026-05-28 11:48:40,V028,,1.01160629963227
2026-05-28,2026-05-28 11:48:41,V028,,1.0114996387857933
2026-05-28,2026-05-28 11:48:42,V028,,1.012697502862474
2026-05-28,2026-05-28 11:48:43,V028,,1.0123313014504707
2026-05-28,2026-05-28 11:48:44,V028,,1.0128606526357955
2026-05-28,2026-05-28 11:48:45,V028,,1.0120162157347365
2026-05-28,2026-05-28 11:48:46,V028,,1.0128945464703571
2026-05-28,2026-05-28 11:48:47,V028,,1.0123170037327527
2026-05-28,2026-05-28 11:48:48,V028,,1.0117772050828735
2026-05-28,2026-05-28 11:48:49,V028,,1.0118319791547745
2026-05-28,2026-05-28 11:48:50,V028,,1.0126788863691327
2026-05-28,2026-05-28 11:48:51,V028,,1.0121651358231498
2026-05-28,2026-05-28 11:48:52,V028,,1.01236301615812
2026-05-28,2026-05-28 11:48:53,V028,,1.0122109330662294
2026-05-28,2026-05-28 11:48:54,V028,,1.0124143466690112
2026-05-28,2026-05-28 11:48:55,V028,,1.0125067925320506
2026-05-28,2026-05-28 11:48:56,V028,,1.0121593247601997
2026-05-28,2026-05-28 11:48:57,V028,,1.0124592121004037
2026-05-28,2026-05-28 11:48:58,V028,,1.0127211853557772
2026-05-28,2026-05-28 11:48:59,V028,,1.012359334952283
2026-05-28,2026-05-28 11:49:00,V028,,1.0122430239811155
2026-05-28,2026-05-28 11:49:01,V028,,1.0122330707121203
2026-05-28,2026-05-28 11:49:02,V028,,1.0123566874157548
2026-05-28,2026-05-28 11:49:03,V028,,1.0123042051669886
2026-05-28,2026-05-28 11:49:04,V028,,1.0124271389840398
2026-05-28,2026-05-28 11:49:05,V028,,1.0124653893937718
2026-05-28,2026-05-28 11:49:06,V028,,1.0124156487804299
2026-05-28,2026-05-28 11:49:07,V028,,1.0127125215068855
2026-05-28,2026-05-28 11:49:08,V028,,1.0127141034911857
2026-05-28,2026-05-28 11:49:09,V028,,1.0129860872306797
2026-05-28,2026-05-28 11:49:10,V028,,1.012670497525626
2026-05-28,2026-05-28 11:49:11,V028,,1.0126223537916006
2026-05-28,2026-05-28 11:49:12,V028,,1.012376415591149
2026-05-28,2026-05-28 11:49:13,V028,,1.0125804507571055
2026-05-28,2026-05-28 11:49:14,V028,,1.0129785955609232
2026-05-28,2026-05-28 11:49:15,V028,,1.0128052344475498
2026-05-28,2026-05-28 11:49:16,V028,,1.0124981070834824
2026-05-28,2026-05-28 11:49:17,V028,,1.0122641868251177
2026-05-28,2026-05-28 11:49:18,V028,,1.0125009100828175
2026-05-28,2026-05-28 11:49:19,V028,,1.0122349396969057
2026-05-28,2026-05-28 11:49:20,V028,,1.01267784209932
2026-05-28,2026-05-28 11:49:21,V028,,1.0122027887605782
2026-05-28,2026-05-28 11:49:22,V028,,1.0131638492308621
2026-05-28,2026-05-28 11:49:23,V028,,1.0125119148623598
2026-05-28,2026-05-28 11:49:24,V028,,1.0128132612223366
2026-05-28,2026-05-28 11:49:25,V028,,1.0133100409445617
2026-05-28,2026-05-28 11:49:26,V028,,1.0132498293377432
2026-05-28,2026-05-28 11:49:27,V028,,1.0135550176082253
2026-05-28,2026-05-28 11:49:28,V028,,1.0129106484891552
2026-05-28,2026-05-28 11:49:29,V028,,1.0125111147197547
2026-05-28,2026-05-28 11:49:30,V028,,1.1448581721971605
2026-05-28,2026-05-28 11:49:31,V028,,1.0127630406054688
2026-05-28,2026-05-28 11:49:32,V028,,1.0125444348142483
2026-05-28,2026-05-28 11:49:33,V028,,1.0125022988268944
2026-05-28,2026-05-28 11:49:34,V028,,1.012124807295978
2026-05-28,2026-05-28 11:49:35,V028,,1.0123604800357522
2026-05-28,2026-05-28 11:49:36,V028,,1.0130311522113902
2026-05-28,2026-05-28 11:49:37,V028,,1.012646283705438
2026-05-28,2026-05-28 11:49:38,V028,,1.0130480089693237
2026-05-28,2026-05-28 11:49:39,V028,,1.0134169836745897
2026-05-28,2026-05-28 11:49:40,V028,,1.0129524293006742
2026-05-28,2026-05-28 11:49:41,V028,,1.0127811507924327
2026-05-28,2026-05-28 11:49:42,V028,,1.0134146793367977
2026-05-28,2026-05-28 11:49:43,V028,,1.0128153658212105
2026-05-28,2026-05-28 11:49:44,V028,,1.013377920053157
2026-05-28,2026-05-28 11:49:45,V028,,1.0132244697129598
2026-05-28,2026-05-28 11:49:46,V028,,1.0130049894273245
2026-05-28,2026-05-28 11:49:47,V028,,1.0126997889165588
2026-05-28,2026-05-28 11:49:48,V028,,1.0131382325413198
2026-05-28,2026-05-28 11:49:49,V028,,1.0135456582790803
2026-05-28,2026-05-28 11:49:50,V028,,1.0127460709869536
2026-05-28,2026-05-28 11:49:51,V028,,1.0139059755538344
2026-05-28,2026-05-28 11:49:52,V028,,1.0133218375302306
2026-05-28,2026-05-28 11:49:53,V028,,1.0136274741770512
2026-05-28,2026-05-28 11:49:54,V028,,1.0131465102351218
2026-05-28,2026-05-28 11:49:55,V028,,1.0127737438876323
2026-05-28,2026-05-28 11:49:56,V028,,1.0137512912700328
2026-05-28,2026-05-28 11:49:57,V028,,1.0128840233388565
2026-05-28,2026-05-28 11:49:58,V028,,1.0133162834175988
2026-05-28,2026-05-28 11:49:59,V028,,1.0132794336795636
