Timestamp,Heart Rate,ExLoad
2026/05/14 10:28:56,0,0.12602341175079346
2026/05/14 10:28:57,0,0.008492350578308105
2026/05/14 10:28:58,0,0.0064437855035066605
2026/05/14 10:28:59,0,0.006652812473475933
2026/05/14 10:29:00,0,0.006389431655406952
2026/05/14 10:29:01,0,0.005847519263625145
2026/05/14 10:29:02,0,0.03647461161017418
2026/05/14 10:29:03,0,0.00817061122506857
2026/05/14 10:29:04,0,0.0055293249897658825
2026/05/14 10:29:05,0,0.005219815298914909
2026/05/14 10:29:06,0,0.013482400216162205
2026/05/14 10:29:07,0,0.005796544253826141
2026/05/14 10:29:08,0,0.006153724156320095
2026/05/14 10:29:09,0,0.005783229134976864
2026/05/14 10:29:10,0,0.005480233114212751
2026/05/14 10:29:11,0,0.006096421740949154
2026/05/14 10:29:12,0,0.006371323484927416
2026/05/14 10:29:13,0,0.00733144348487258
2026/05/14 10:29:14,0,0.008892068639397621
2026/05/14 10:29:15,0,0.006198730319738388
2026/05/14 10:29:16,0,0.005292980000376701
2026/05/14 10:29:17,0,0.005170966498553753
2026/05/14 10:29:18,0,0.005181186366826296
2026/05/14 10:29:19,0,0.005621776450425386
2026/05/14 10:29:20,0,0.005486568436026573
2026/05/14 10:29:21,0,0.005038358271121979
2026/05/14 10:29:22,0,0.0212979968637228
2026/05/14 10:29:23,0,0.027617795392870903
2026/05/14 10:29:24,0,0.006470000371336937
2026/05/14 10:29:25,0,0.005596767645329237
2026/05/14 10:29:26,0,0.005968732759356499
2026/05/14 10:29:27,0,0.005637873895466328
2026/05/14 10:29:28,0,0.006740841083228588
2026/05/14 10:29:29,0,0.006006833165884018
2026/05/14 10:29:30,0,0.00509539432823658
2026/05/14 10:29:31,0,0.005713772960007191
2026/05/14 10:29:32,0,0.0050184703432023525
2026/05/14 10:29:33,0,0.005787471309304237
2026/05/14 10:29:34,0,0.005820893216878176
2026/05/14 10:29:35,0,0.005578505806624889
2026/05/14 10:29:36,0,0.005132393445819616
2026/05/14 10:29:37,0,0.007495705038309097
2026/05/14 10:29:38,0,0.008049143478274345
2026/05/14 10:29:39,0,0.0061317202635109425
2026/05/14 10:29:40,0,0.0070173367857933044
2026/05/14 10:29:41,0,0.004777735564857721
2026/05/14 10:29:42,0,0.005020082462579012
2026/05/14 10:29:43,0,0.00541357696056366
2026/05/14 10:29:44,0,0.005143657326698303
2026/05/14 10:29:45,0,0.005256290081888437
2026/05/14 10:29:46,0,0.006039724685251713
2026/05/14 10:29:47,0,0.006078315898776054
2026/05/14 10:29:48,0,0.004630740731954575
2026/05/14 10:29:49,0,0.00518942903727293
2026/05/14 10:29:50,0,0.0051618353463709354
2026/05/14 10:29:51,0,0.005591030698269606
2026/05/14 10:29:52,0,0.004855416249483824
2026/05/14 10:29:53,0,0.018242761492729187
2026/05/14 10:29:54,0,0.00491722347214818
2026/05/14 10:29:55,0,0.006185420788824558
2026/05/14 10:29:56,0,0.012844044715166092
2026/05/14 10:29:57,0,0.009276001714169979
2026/05/14 10:29:58,0,0.005422460380941629
2026/05/14 10:29:59,0,0.011328639462590218
2026/05/14 10:30:00,0,0.005126020405441523
2026/05/14 10:30:01,0,0.010174759663641453
2026/05/14 10:30:02,0,0.05018165707588196
2026/05/14 10:30:03,0,0.0053854454308748245
2026/05/14 10:30:04,0,0.006129971705377102
2026/05/14 10:30:05,0,0.005314213689416647
2026/05/14 10:30:06,0,0.005045968573540449
2026/05/14 10:30:07,0,0.00974861066788435
2026/05/14 10:30:08,0,0.009202622808516026
2026/05/14 10:30:09,0,0.013131240382790565
2026/05/14 10:30:10,0,0.004909531679004431
2026/05/14 10:30:11,0,0.005375063978135586
2026/05/14 10:30:12,0,0.005126067437231541
2026/05/14 10:30:13,0,0.004798005800694227
2026/05/14 10:30:14,0,0.004604245536029339
2026/05/14 10:30:15,0,0.004743137396872044
2026/05/14 10:30:16,0,0.00516977533698082
2026/05/14 10:30:17,0,0.005435657687485218
2026/05/14 10:30:18,0,0.005173738580197096
2026/05/14 10:30:19,0,0.005007706116884947
2026/05/14 10:30:20,0,0.009061778895556927
2026/05/14 10:30:21,0,0.011015370488166809
2026/05/14 10:30:22,0,0.00648229755461216
2026/05/14 10:30:23,0,0.004971334710717201
2026/05/14 10:30:24,0,0.005363769363611937
2026/05/14 10:30:25,0,0.011475714854896069
2026/05/14 10:30:26,0,0.023460350930690765
2026/05/14 10:30:27,0,0.036760322749614716
2026/05/14 10:30:28,0,0.027068382129073143
2026/05/14 10:30:29,0,0.00670227687805891
2026/05/14 10:30:30,0,0.051749397069215775
2026/05/14 10:30:31,0,0.09907273203134537
2026/05/14 10:30:32,0,0.2519739866256714
2026/05/14 10:30:33,0,0.3914852738380432
2026/05/14 10:30:34,0,0.28241321444511414
2026/05/14 10:30:35,0,0.13079926371574402
2026/05/14 10:30:36,0,0.10155844688415527
2026/05/14 10:30:37,0,0.023175952956080437
2026/05/14 10:30:38,0,0.004668113309890032
2026/05/14 10:30:39,0,0.00458138482645154
2026/05/14 10:30:40,0,0.005395087879151106
2026/05/14 10:30:41,0,0.005423423834145069
2026/05/14 10:30:42,0,0.005220141261816025
2026/05/14 10:30:43,0,0.004866980016231537
2026/05/14 10:30:44,0,0.0368463397026062
2026/05/14 10:30:45,0,0.006926053669303656
2026/05/14 10:30:46,0,0.03599357604980469
2026/05/14 10:30:47,0,0.036481838673353195
2026/05/14 10:30:48,0,0.04884148761630058
2026/05/14 10:30:49,0,0.0938652828335762
2026/05/14 10:30:50,0,0.06974228471517563
2026/05/14 10:30:51,0,0.46935680508613586
2026/05/14 10:30:52,0,0.2718052268028259
2026/05/14 10:30:53,0,0.005561812315136194
2026/05/14 10:30:54,0,0.005917837377637625
2026/05/14 10:30:55,0,0.006078069098293781
2026/05/14 10:30:56,0,0.0049526868388056755
2026/05/14 10:30:57,0,0.004939632024616003
2026/05/14 10:30:58,0,0.005351359955966473
2026/05/14 10:30:59,0,0.004924713168293238
2026/05/14 10:31:00,0,0.005204572342336178
2026/05/14 10:31:01,0,0.004840919282287359
2026/05/14 10:31:02,0,0.005568741355091333
2026/05/14 10:31:03,0,0.005809863097965717
2026/05/14 10:31:04,0,0.005181430373340845
2026/05/14 10:31:05,0,0.006065095774829388
2026/05/14 10:31:06,0,0.005583006422966719
2026/05/14 10:31:07,0,0.02258647046983242
2026/05/14 10:31:08,0,0.006871228106319904
2026/05/14 10:31:09,0,0.005008729640394449
2026/05/14 10:31:10,0,0.005054763052612543
2026/05/14 10:31:11,0,0.00553716067224741
2026/05/14 10:31:12,0,0.00519937090575695
2026/05/14 10:31:13,0,0.005105365067720413
2026/05/14 10:31:14,0,0.005037976894527674
2026/05/14 10:31:15,0,0.005177009850740433
2026/05/14 10:31:16,0,0.005341614130884409
2026/05/14 10:31:17,0,0.0050466652028262615
2026/05/14 10:31:18,0,0.004784764721989632
2026/05/14 10:31:19,0,0.005038753151893616
2026/05/14 10:31:20,0,0.005473785102367401
2026/05/14 10:31:21,0,0.005156779661774635
2026/05/14 10:31:22,0,0.005385290365666151
2026/05/14 10:31:23,0,0.005335615947842598
2026/05/14 10:31:24,0,0.00515824044123292
2026/05/14 10:31:25,0,0.005218959879130125
2026/05/14 10:31:26,0,0.005681041162461042
2026/05/14 10:31:27,0,0.006149346940219402
2026/05/14 10:31:28,0,0.005556656047701836
2026/05/14 10:31:29,0,0.0050519309006631374
2026/05/14 10:31:30,0,0.005469482392072678
2026/05/14 10:31:31,0,0.005317785777151585
2026/05/14 10:31:32,0,0.00513187050819397
2026/05/14 10:31:33,0,0.005399333778768778
2026/05/14 10:31:34,0,0.005300542339682579
2026/05/14 10:31:35,0,0.004903728142380714
2026/05/14 10:31:36,0,0.005410847719758749
2026/05/14 10:31:37,0,0.005443727131932974
2026/05/14 10:31:38,0,0.004785254597663879
2026/05/14 10:31:39,0,0.005136330612003803
2026/05/14 10:31:40,0,0.0053652431815862656
2026/05/14 10:31:41,0,0.0051506683230400085
2026/05/14 10:31:42,0,0.005448218435049057
2026/05/14 10:31:43,0,0.005305456928908825
2026/05/14 10:31:44,0,0.004915078170597553
2026/05/14 10:31:45,0,0.005120847839862108
2026/05/14 10:31:46,0,0.0050767939537763596
2026/05/14 10:31:47,0,0.005352439358830452
2026/05/14 10:31:48,0,0.0049730334430933
2026/05/14 10:31:49,0,0.005196106154471636
2026/05/14 10:31:50,0,0.005480356514453888
2026/05/14 10:31:51,0,0.004703891463577747
2026/05/14 10:31:52,0,0.00477618956938386
2026/05/14 10:31:53,0,0.00494909193366766
2026/05/14 10:31:54,0,0.0051302919164299965
2026/05/14 10:31:55,0,0.0052022794261574745
2026/05/14 10:31:56,0,0.004120128229260445
2026/05/14 10:31:57,0,0.0058393580839037895
2026/05/14 10:31:58,0,0.005599436350166798
2026/05/14 10:31:59,0,0.005431350786238909
2026/05/14 10:32:00,0,0.005139798391610384
2026/05/14 10:32:01,0,0.004880155902355909
2026/05/14 10:32:02,0,0.005154455080628395
2026/05/14 10:32:03,0,0.005001162178814411
2026/05/14 10:32:04,0,0.0053459471091628075
2026/05/14 10:32:05,0,0.004860751796513796
2026/05/14 10:32:06,0,0.004793126601725817
2026/05/14 10:32:07,0,0.005514738615602255
2026/05/14 10:32:08,0,0.0049308836460113525
2026/05/14 10:32:09,0,0.005249715410172939
2026/05/14 10:32:10,0,0.005192064680159092
2026/05/14 10:32:11,0,0.005211645737290382
2026/05/14 10:32:12,0,0.00484357587993145
2026/05/14 10:32:13,0,0.006082146894186735
2026/05/14 10:32:14,0,0.005152499303221703
2026/05/14 10:32:15,0,0.005218459293246269
2026/05/14 10:32:16,0,0.005326844751834869
2026/05/14 10:32:17,0,0.005717472638934851
2026/05/14 10:32:18,0,0.005060409661382437
2026/05/14 10:32:19,0,0.00549370888620615
2026/05/14 10:32:20,0,0.004894528072327375
2026/05/14 10:32:21,0,0.005097703542560339
2026/05/14 10:32:22,0,0.005690240301191807
2026/05/14 10:32:23,0,0.005115480627864599
2026/05/14 10:32:24,0,0.005541096441447735
2026/05/14 10:32:25,0,0.005622215569019318
2026/05/14 10:32:26,0,0.004736949224025011
2026/05/14 10:32:27,0,0.005213655531406403
2026/05/14 10:32:28,0,0.004759716801345348
2026/05/14 10:32:29,0,0.005194415338337421
2026/05/14 10:32:30,0,0.005569145083427429
2026/05/14 10:32:31,0,0.005590816959738731
2026/05/14 10:32:32,0,0.005239120218902826
2026/05/14 10:32:33,0,0.004872212186455727
2026/05/14 10:32:34,0,0.005582425743341446
2026/05/14 10:32:35,0,0.0056168083101511
2026/05/14 10:32:36,0,0.005060536786913872
2026/05/14 10:32:37,0,0.027595659717917442
2026/05/14 10:32:38,0,0.0054701948538422585
2026/05/14 10:32:39,0,0.00533765833824873
2026/05/14 10:32:40,0,0.004954361356794834
2026/05/14 10:32:41,0,0.0046876706182956696
2026/05/14 10:32:42,0,0.005363567266613245
2026/05/14 10:32:43,0,0.010637025348842144
2026/05/14 10:32:44,0,0.00733051635324955
2026/05/14 10:32:45,0,0.005397983826696873
2026/05/14 10:32:46,0,0.005193823017179966
2026/05/14 10:32:47,0,0.0108017697930336
2026/05/14 10:32:48,0,0.02491377294063568
2026/05/14 10:32:49,0,0.014922755770385265
2026/05/14 10:32:50,0,0.019609924405813217
2026/05/14 10:32:51,0,0.02293943241238594
2026/05/14 10:32:52,0,0.03376634046435356
2026/05/14 10:32:53,0,0.02024226076900959
2026/05/14 10:32:54,0,0.006043137051165104
2026/05/14 10:32:55,0,0.005733547732234001
2026/05/14 10:32:56,0,0.00650213984772563
2026/05/14 10:32:57,0,0.006049074232578278
2026/05/14 10:32:58,0,0.005894833244383335
2026/05/14 10:32:59,0,0.00616902532055974
2026/05/14 10:33:00,0,0.07635058462619781
2026/05/14 10:33:01,0,0.019621022045612335
2026/05/14 10:33:02,0,0.005801005754619837
2026/05/14 10:33:03,0,0.07593788206577301
2026/05/14 10:33:04,0,0.006274342071264982
2026/05/14 10:33:05,0,0.0058358837850391865
2026/05/14 10:33:06,0,0.005986308678984642
2026/05/14 10:33:07,0,0.005691557191312313
2026/05/14 10:33:08,0,0.005556335672736168
2026/05/14 10:33:09,0,0.005861248355358839
2026/05/14 10:33:10,0,0.006139683071523905
2026/05/14 10:33:11,0,0.005998972337692976
2026/05/14 10:33:12,0,0.0055444007739424706
2026/05/14 10:33:13,0,0.005598212126642466
2026/05/14 10:33:14,0,0.0057015204802155495
2026/05/14 10:33:15,0,0.006026137620210648
2026/05/14 10:33:16,0,0.005617763381451368
2026/05/14 10:33:17,0,0.005569314118474722
2026/05/14 10:33:18,0,0.005659714341163635
2026/05/14 10:33:19,0,0.005838198587298393
2026/05/14 10:33:20,0,0.005495311692357063
2026/05/14 10:33:21,0,0.005939534865319729
2026/05/14 10:33:22,0,0.005889975931495428
2026/05/14 10:33:23,0,0.005536394193768501
2026/05/14 10:33:24,0,0.006323851179331541
2026/05/14 10:33:25,0,0.005941485520452261
2026/05/14 10:33:26,0,0.006003545131534338
2026/05/14 10:33:27,0,0.005335613153874874
2026/05/14 10:33:28,0,0.00576998945325613
2026/05/14 10:33:29,0,0.006124207284301519
2026/05/14 10:33:30,0,0.005928441416472197
2026/05/14 10:33:31,0,0.005877047777175903
2026/05/14 10:33:32,0,0.005821649916470051
2026/05/14 10:33:33,0,0.005649413447827101
2026/05/14 10:33:34,0,0.006051949225366116
2026/05/14 10:33:35,0,0.01221824437379837
2026/05/14 10:33:36,0,0.006465225946158171
2026/05/14 10:33:37,0,0.006186482962220907
2026/05/14 10:33:38,0,0.006160220131278038
2026/05/14 10:33:39,0,0.005792968440800905
2026/05/14 10:33:40,0,0.005822652019560337
2026/05/14 10:33:41,0,0.005653829779475927
2026/05/14 10:33:42,0,0.005681874696165323
2026/05/14 10:33:43,0,0.0055833435617387295
2026/05/14 10:33:44,0,0.005729648284614086
2026/05/14 10:33:45,0,0.005740785039961338
2026/05/14 10:33:46,0,0.035415735095739365
2026/05/14 10:33:47,0,0.005647309590131044
2026/05/14 10:33:48,0,0.005080085247755051
2026/05/14 10:33:49,0,0.005529359448701143
2026/05/14 10:33:50,0,0.005308838095515966
2026/05/14 10:33:51,0,0.005088781006634235
2026/05/14 10:33:52,0,0.0053551956079900265
2026/05/14 10:33:53,0,0.011905638501048088
2026/05/14 10:33:54,0,0.005443884525448084
2026/05/14 10:33:55,0,0.005683927331119776
2026/05/14 10:33:56,0,0.005559477023780346
2026/05/14 10:33:57,0,0.005838634911924601
2026/05/14 10:33:58,0,0.0070174201391637325
2026/05/14 10:33:59,0,0.007178889587521553
2026/05/14 10:34:00,0,0.005631686188280582
2026/05/14 10:34:01,0,0.0064234547317028046
2026/05/14 10:34:02,0,0.01027639675885439
2026/05/14 10:34:03,0,0.006040132604539394
2026/05/14 10:34:04,0,0.005618700757622719
2026/05/14 10:34:05,0,0.005869650281965733
2026/05/14 10:34:06,0,0.005700867623090744
2026/05/14 10:34:07,0,0.0049484968185424805
2026/05/14 10:34:08,0,0.005620751064270735
2026/05/14 10:34:09,0,0.005352696403861046
2026/05/14 10:34:10,0,0.005720984190702438
2026/05/14 10:34:11,0,0.005602352321147919
2026/05/14 10:34:12,0,0.006017182022333145
2026/05/14 10:34:13,0,0.005304504651576281
2026/05/14 10:34:14,0,0.005727886222302914
2026/05/14 10:34:15,0,0.005674146115779877
2026/05/14 10:34:16,0,0.0057673025876283646
2026/05/14 10:34:17,0,0.005502381827682257
2026/05/14 10:34:18,0,0.005907034035772085
2026/05/14 10:34:19,0,0.006113508716225624
2026/05/14 10:34:20,0,0.005845485255122185
2026/05/14 10:34:21,0,0.00559859536588192
2026/05/14 10:34:22,0,0.004843340255320072
2026/05/14 10:34:23,0,0.0055681075900793076
2026/05/14 10:34:24,0,0.005490435287356377
2026/05/14 10:34:25,0,0.005211603827774525
2026/05/14 10:34:26,0,0.005234527867287397
2026/05/14 10:34:27,0,0.005547996144741774
2026/05/14 10:34:28,0,0.005530331749469042
2026/05/14 10:34:29,0,0.010179217904806137
2026/05/14 10:34:30,0,0.006032176315784454
2026/05/14 10:34:31,0,0.005384137853980064
2026/05/14 10:34:32,0,0.006605998147279024
2026/05/14 10:34:33,0,0.04861313849687576
2026/05/14 10:34:34,0,0.005233182571828365
2026/05/14 10:34:35,0,0.005378506146371365
2026/05/14 10:34:36,0,0.005545333493500948
2026/05/14 10:34:37,0,0.005134126171469688
2026/05/14 10:34:38,0,0.005339094903320074
2026/05/14 10:34:39,0,0.0057235234417021275
2026/05/14 10:34:40,0,0.0054536499083042145
2026/05/14 10:34:41,0,0.006043586414307356
2026/05/14 10:34:42,0,0.0060622114688158035
2026/05/14 10:34:43,0,0.005482978653162718
2026/05/14 10:34:44,0,0.005642885807901621
2026/05/14 10:34:45,0,0.00605756277218461
2026/05/14 10:34:46,0,0.0054627228528261185
2026/05/14 10:34:47,0,0.005205795168876648
2026/05/14 10:34:48,0,0.005101068411022425
2026/05/14 10:34:49,0,0.005475444253534079
2026/05/14 10:34:50,0,0.005079929251223803
2026/05/14 10:34:51,0,0.005743294022977352
2026/05/14 10:34:52,0,0.005502943880856037
2026/05/14 10:34:53,0,0.00548634072765708
2026/05/14 10:34:54,0,0.005426065064966679
2026/05/14 10:34:55,0,0.005925065837800503
2026/05/14 10:34:56,0,0.00547937722876668
2026/05/14 10:34:57,0,0.0058524287305772305
2026/05/14 10:34:58,0,0.005153413861989975
2026/05/14 10:34:59,0,0.005386234261095524
2026/05/14 10:35:00,0,0.005959850735962391
2026/05/14 10:35:01,0,0.005277830176055431
2026/05/14 10:35:02,0,0.005671917926520109
2026/05/14 10:35:03,0,0.005538869183510542
2026/05/14 10:35:04,0,0.005258733406662941
2026/05/14 10:35:05,0,0.005281800404191017
2026/05/14 10:35:06,0,0.005850333720445633
2026/05/14 10:35:07,0,0.005301425699144602
2026/05/14 10:35:08,0,0.00516383396461606
2026/05/14 10:35:09,0,0.006324002984911203
2026/05/14 10:35:10,0,0.005546853877604008
2026/05/14 10:35:11,0,0.00536812050268054
2026/05/14 10:35:12,0,0.005452312529087067
2026/05/14 10:35:13,0,0.005719970446079969
2026/05/14 10:35:14,0,0.0055880616419017315
2026/05/14 10:35:15,0,0.00537316408008337
2026/05/14 10:35:16,0,0.00619074422866106
2026/05/14 10:35:17,0,0.005863815546035767
2026/05/14 10:35:18,0,0.014150670729577541
2026/05/14 10:35:19,0,0.005523067433387041
2026/05/14 10:35:20,0,0.0055687823332846165
2026/05/14 10:35:21,0,0.0060409074649214745
2026/05/14 10:35:22,0,0.0054400949738919735
2026/05/14 10:35:23,0,0.005332191474735737
2026/05/14 10:35:24,0,0.004866031929850578
2026/05/14 10:35:25,0,0.005550202913582325
2026/05/14 10:35:26,0,0.00555494986474514
2026/05/14 10:35:27,0,0.005789686925709248
2026/05/14 10:35:28,0,0.005705317948013544
2026/05/14 10:35:29,0,0.005465716123580933
2026/05/14 10:35:30,0,0.005540048237890005
2026/05/14 10:35:31,0,0.005210189148783684
2026/05/14 10:35:32,0,0.005801079329103231
2026/05/14 10:35:33,0,0.005525265354663134
2026/05/14 10:35:34,0,0.00597371393814683
2026/05/14 10:35:35,0,0.00573098985478282
2026/05/14 10:35:36,0,0.005465833004564047
2026/05/14 10:35:37,0,0.005624060053378344
2026/05/14 10:35:38,0,0.004828931298106909
2026/05/14 10:35:39,0,0.005743508692830801
2026/05/14 10:35:40,0,0.005619522649794817
2026/05/14 10:35:41,0,0.005663678050041199
2026/05/14 10:35:42,0,0.005338174756616354
2026/05/14 10:35:43,0,0.028310207650065422
2026/05/14 10:35:44,0,0.006000756286084652
2026/05/14 10:35:45,0,0.005404448602348566
2026/05/14 10:35:46,0,0.005321477074176073
2026/05/14 10:35:47,0,0.0053867800161242485
2026/05/14 10:35:48,0,0.004964322783052921
2026/05/14 10:35:49,0,0.005442650988698006
2026/05/14 10:35:50,0,0.005696847569197416
2026/05/14 10:35:51,0,0.005807679612189531
2026/05/14 10:35:52,0,0.0052420045249164104
2026/05/14 10:35:53,0,0.004417278803884983
2026/05/14 10:35:54,0,0.005758483894169331
2026/05/14 10:35:55,0,0.005353501997888088
2026/05/14 10:35:56,0,0.005281465128064156
2026/05/14 10:35:57,0,0.0058991205878555775
2026/05/14 10:35:58,0,0.005399114452302456
2026/05/14 10:35:59,0,0.005933524575084448
2026/05/14 10:36:00,0,0.005081544630229473
2026/05/14 10:36:01,0,0.0054150051437318325
2026/05/14 10:36:02,0,0.005720007698982954
2026/05/14 10:36:03,0,0.005455976352095604
2026/05/14 10:36:04,0,0.006263900548219681
2026/05/14 10:36:05,0,0.0056412541307508945
2026/05/14 10:36:06,0,0.005348626524209976
2026/05/14 10:36:07,0,0.005604763515293598
2026/05/14 10:36:08,0,0.00551951676607132
2026/05/14 10:36:09,0,0.005316140595823526
2026/05/14 10:36:10,0,0.005709081422537565
2026/05/14 10:36:11,0,0.005960483103990555
2026/05/14 10:36:12,0,0.005689223296940327
2026/05/14 10:36:13,0,0.005942199844866991
2026/05/14 10:36:14,0,0.005502607673406601
2026/05/14 10:36:15,0,0.005223511718213558
2026/05/14 10:36:16,0,0.005466105416417122
2026/05/14 10:36:17,0,0.005080846603959799
2026/05/14 10:36:18,0,0.004863664507865906
2026/05/14 10:36:19,0,0.004740861710160971
2026/05/14 10:36:20,0,0.005077438894659281
2026/05/14 10:36:21,0,0.005102371331304312
2026/05/14 10:36:22,0,0.00549783231690526
2026/05/14 10:36:23,0,0.0051624709740281105
2026/05/14 10:36:24,0,0.006060334388166666
2026/05/14 10:36:25,0,0.005463212728500366
2026/05/14 10:36:26,0,0.005415947642177343
2026/05/14 10:36:27,0,0.005022578872740269
2026/05/14 10:36:28,0,0.005608891602605581
2026/05/14 10:36:29,0,0.004535986576229334
2026/05/14 10:36:30,0,0.005962506402283907
2026/05/14 10:36:31,0,0.005444156005978584
2026/05/14 10:36:32,0,0.004863782785832882
2026/05/14 10:36:33,0,0.00508939940482378
2026/05/14 10:36:34,0,0.005451246164739132
2026/05/14 10:36:35,0,0.007146561983972788
2026/05/14 10:36:36,0,0.007434943225234747
2026/05/14 10:36:37,0,0.01366033311933279
2026/05/14 10:36:38,0,0.011103699915111065
2026/05/14 10:36:39,0,0.023708829656243324
2026/05/14 10:36:40,0,0.037607431411743164
2026/05/14 10:36:41,0,0.06776731461286545
2026/05/14 10:36:42,0,0.011264284141361713
2026/05/14 10:36:43,0,0.034559108316898346
2026/05/14 10:36:44,0,0.05983122065663338
2026/05/14 10:36:45,0,0.01908124051988125
2026/05/14 10:36:46,0,0.017870638519525528
2026/05/14 10:36:47,0,0.03536676988005638
2026/05/14 10:36:48,0,0.017399773001670837
2026/05/14 10:36:49,0,0.02325698733329773
2026/05/14 10:36:50,0,0.0752757117152214
2026/05/14 10:36:51,0,0.0961337611079216
2026/05/14 10:36:52,0,0.0182094257324934
2026/05/14 10:36:53,0,0.01576934941112995
2026/05/14 10:36:54,0,0.007617343217134476
2026/05/14 10:36:55,0,0.008285234682261944
2026/05/14 10:36:56,0,0.008623868227005005
2026/05/14 10:36:57,0,0.008357499726116657
2026/05/14 10:36:58,0,0.006717625539749861
2026/05/14 10:36:59,0,0.02919044904410839
2026/05/14 10:37:00,0,0.015232945792376995
2026/05/14 10:37:01,0,0.013369541615247726
2026/05/14 10:37:02,0,0.007256136275827885
2026/05/14 10:37:03,0,0.009490118362009525
2026/05/14 10:37:04,0,0.09539120644330978
2026/05/14 10:37:05,0,0.030553480610251427
2026/05/14 10:37:06,0,0.03989717736840248
2026/05/14 10:37:07,0,0.02232474461197853
2026/05/14 10:37:08,0,0.030638989061117172
2026/05/14 10:37:09,0,0.010944698005914688
2026/05/14 10:37:10,0,0.04412513226270676
2026/05/14 10:37:11,0,0.008060690946877003
2026/05/14 10:37:12,0,0.007056191563606262
2026/05/14 10:37:13,0,0.015207489021122456
2026/05/14 10:37:14,0,0.009073329158127308
2026/05/14 10:37:15,0,0.025260284543037415
2026/05/14 10:37:16,0,0.004999984055757523
2026/05/14 10:37:17,0,0.03306944668292999
2026/05/14 10:37:18,0,0.01177528128027916
2026/05/14 10:37:19,0,0.018716497346758842
2026/05/14 10:37:20,0,0.0055258069187402725
2026/05/14 10:37:21,0,0.00909357238560915
2026/05/14 10:37:22,0,0.009738890454173088
2026/05/14 10:37:23,0,0.009815744124352932
2026/05/14 10:37:24,0,0.03721907362341881
2026/05/14 10:37:25,0,0.010761689394712448
2026/05/14 10:37:26,0,0.006938220467418432
2026/05/14 10:37:27,0,0.006689740344882011
2026/05/14 10:37:28,0,0.004634047858417034
2026/05/14 10:37:29,0,0.00458021042868495
2026/05/14 10:37:30,0,0.004882442764937878
2026/05/14 10:37:31,0,0.004430860746651888
2026/05/14 10:37:32,0,0.004558889660984278
2026/05/14 10:37:33,0,0.024664783850312233
2026/05/14 10:37:34,0,0.03847378492355347
2026/05/14 10:37:35,0,0.010833850130438805
2026/05/14 10:37:36,0,0.005613073706626892
2026/05/14 10:37:37,0,0.020220613107085228
2026/05/14 10:37:38,0,0.02467969059944153
2026/05/14 10:37:39,0,0.049814511090517044
2026/05/14 10:37:40,0,0.025883015245199203
2026/05/14 10:37:41,0,0.018274810165166855
2026/05/14 10:37:42,0,0.010274717584252357
2026/05/14 10:37:43,0,0.007464237045496702
2026/05/14 10:37:44,0,0.004907631315290928
2026/05/14 10:37:45,0,0.005621745251119137
2026/05/14 10:37:46,0,0.010604104958474636
2026/05/14 10:37:47,0,0.004999072290956974
2026/05/14 10:37:48,0,0.08965445309877396
2026/05/14 10:37:49,0,0.03697101026773453
2026/05/14 10:37:50,0,0.5268915295600891
2026/05/14 10:37:51,0,0.3538837730884552
2026/05/14 10:37:52,0,0.13813574612140656
2026/05/14 10:37:53,0,0.2116333693265915
2026/05/14 10:37:54,0,0.1010785698890686
2026/05/14 10:37:55,0,0.13386626541614532
2026/05/14 10:37:56,0,0.2032606452703476
2026/05/14 10:37:57,0,0.37672173976898193
2026/05/14 10:37:58,0,0.11012034118175507
2026/05/14 10:37:59,0,0.14458546042442322
2026/05/14 10:38:00,0,0.20983049273490906
2026/05/14 10:38:01,0,0.3146083354949951
2026/05/14 10:38:02,0,0.26779457926750183
2026/05/14 10:38:03,0,0.16281460225582123
2026/05/14 10:38:04,0,0.27128756046295166
2026/05/14 10:38:05,0,0.2759855389595032
2026/05/14 10:38:06,0,0.5749081969261169
2026/05/14 10:38:07,0,0.8661950826644897
2026/05/14 10:38:08,0,0.5201382637023926
2026/05/14 10:38:09,0,0.489654004573822
2026/05/14 10:38:10,0,0.29413294792175293
2026/05/14 10:38:11,0,0.8895356059074402
2026/05/14 10:38:12,0,1.380951166152954
2026/05/14 10:38:13,0,0.41744565963745117
2026/05/14 10:38:14,0,0.4824933707714081
2026/05/14 10:38:15,0,0.6205359101295471
2026/05/14 10:38:16,0,0.9755049347877502
2026/05/14 10:38:17,0,0.14388735592365265
2026/05/14 10:38:18,0,0.2894214987754822
2026/05/14 10:38:19,0,0.14088818430900574
2026/05/14 10:38:20,0,0.07758887857198715
2026/05/14 10:38:21,0,0.21095120906829834
2026/05/14 10:38:22,0,0.19153426587581635
2026/05/14 10:38:23,0,0.08987391740083694
2026/05/14 10:38:24,0,0.1303999423980713
2026/05/14 10:38:25,0,0.18690742552280426
2026/05/14 10:38:26,0,0.21201445162296295
2026/05/14 10:38:27,0,0.15051758289337158
2026/05/14 10:38:28,100,0.14392271637916565
2026/05/14 10:38:29,101,0.20732896029949188
2026/05/14 10:38:30,101,0.7028050422668457
2026/05/14 10:38:31,102,0.6031564474105835
2026/05/14 10:38:32,102,0.33829426765441895
2026/05/14 10:38:33,102,0.21880674362182617
2026/05/14 10:38:34,103,0.1421329528093338
2026/05/14 10:38:35,103,0.14705659449100494
2026/05/14 10:38:36,104,0.1568879932165146
2026/05/14 10:38:37,105,0.1324690580368042
2026/05/14 10:38:38,109,0.2056431919336319
2026/05/14 10:38:39,112,0.30382946133613586
2026/05/14 10:38:40,118,0.7031340003013611
2026/05/14 10:38:41,122,1.0043871402740479
2026/05/14 10:38:42,126,0.793351948261261
2026/05/14 10:38:43,129,1.0449365377426147
2026/05/14 10:38:44,131,0.9435144066810608
2026/05/14 10:38:45,133,0.9126704335212708
2026/05/14 10:38:46,135,0.7873905301094055
2026/05/14 10:38:47,136,0.9477490186691284
2026/05/14 10:38:48,138,0.9443740844726562
2026/05/14 10:38:49,138,0.6810421347618103
2026/05/14 10:38:50,139,0.6306559443473816
2026/05/14 10:38:51,140,0.10955116897821426
2026/05/14 10:38:52,141,0.14304645359516144
2026/05/14 10:38:53,141,0.1754450649023056
2026/05/14 10:38:54,142,0.0844576507806778
2026/05/14 10:38:55,142,0.16302195191383362
2026/05/14 10:38:56,143,0.26392102241516113
2026/05/14 10:38:57,144,0.5287566184997559
2026/05/14 10:38:58,145,0.6392099857330322
2026/05/14 10:38:59,146,0.36499929428100586
2026/05/14 10:39:00,147,0.40104714035987854
2026/05/14 10:39:01,147,0.28677284717559814
2026/05/14 10:39:02,148,0.42078474164009094
2026/05/14 10:39:03,148,0.3502401113510132
2026/05/14 10:39:04,149,0.2627779543399811
2026/05/14 10:39:05,150,0.21608155965805054
2026/05/14 10:39:06,151,0.2631935775279999
2026/05/14 10:39:07,152,0.6418240666389465
2026/05/14 10:39:08,153,0.2819910943508148
2026/05/14 10:39:09,155,0.522803783416748
2026/05/14 10:39:10,156,0.17370794713497162
2026/05/14 10:39:11,156,0.18783512711524963
2026/05/14 10:39:12,157,0.4818754494190216
2026/05/14 10:39:13,158,0.11950460076332092
2026/05/14 10:39:14,160,0.1162959486246109
2026/05/14 10:39:15,161,0.6895878314971924
2026/05/14 10:39:16,162,1.0063199996948242
2026/05/14 10:39:17,163,1.0053056478500366
2026/05/14 10:39:18,165,1.0021884441375732
2026/05/14 10:39:19,166,0.9558417201042175
2026/05/14 10:39:20,167,0.7543611526489258
2026/05/14 10:39:21,167,1.0566989183425903
2026/05/14 10:39:22,167,0.8363165259361267
2026/05/14 10:39:23,167,0.9892858266830444
2026/05/14 10:39:24,167,0.7933306694030762
2026/05/14 10:39:25,166,0.9881100058555603
2026/05/14 10:39:26,165,0.5585518479347229
2026/05/14 10:39:27,163,0.37032246589660645
2026/05/14 10:39:28,161,0.2211872786283493
2026/05/14 10:39:29,159,0.31726908683776855
2026/05/14 10:39:30,157,0.1665954291820526
2026/05/14 10:39:31,156,0.1546265333890915
2026/05/14 10:39:32,154,0.12590853869915009
2026/05/14 10:39:33,152,0.21663311123847961
2026/05/14 10:39:34,151,0.1832028329372406
2026/05/14 10:39:35,149,0.14093869924545288
2026/05/14 10:39:36,150,0.2059793919324875
2026/05/14 10:39:37,151,0.16752515733242035
2026/05/14 10:39:38,151,0.11617500334978104
2026/05/14 10:39:39,151,0.16639338433742523
2026/05/14 10:39:40,152,0.23395702242851257
2026/05/14 10:39:41,153,0.2317132204771042
2026/05/14 10:39:42,153,0.3050559163093567
2026/05/14 10:39:43,153,0.07391548156738281
2026/05/14 10:39:44,152,0.1428724080324173
2026/05/14 10:39:45,150,0.19085559248924255
2026/05/14 10:39:46,151,0.2881513833999634
2026/05/14 10:39:47,152,0.18756338953971863
2026/05/14 10:39:48,150,0.09730082750320435
2026/05/14 10:39:49,148,0.10932782292366028
2026/05/14 10:39:50,146,0.1289011836051941
2026/05/14 10:39:51,145,0.12218769639730453
2026/05/14 10:39:52,143,0.5121957659721375
2026/05/14 10:39:53,142,0.3190470337867737
2026/05/14 10:39:54,142,0.14818544685840607
2026/05/14 10:39:55,141,0.10843025147914886
2026/05/14 10:39:56,141,0.3721722662448883
2026/05/14 10:39:57,141,0.4690941870212555
2026/05/14 10:39:58,140,0.1493517905473709
2026/05/14 10:39:59,139,0.1890011429786682
2026/05/14 10:40:00,140,0.15153628587722778
2026/05/14 10:40:01,140,0.1730072796344757
2026/05/14 10:40:02,141,0.21190868318080902
2026/05/14 10:40:03,141,0.1355402022600174
2026/05/14 10:40:04,142,0.3874589800834656
2026/05/14 10:40:05,143,0.12515804171562195
2026/05/14 10:40:06,143,0.14906352758407593
2026/05/14 10:40:07,144,0.11009155958890915
2026/05/14 10:40:08,145,0.17813748121261597
2026/05/14 10:40:09,146,0.12835758924484253
2026/05/14 10:40:10,147,0.18786953389644623
2026/05/14 10:40:11,148,0.27405694127082825
2026/05/14 10:40:12,149,0.2005327194929123
2026/05/14 10:40:13,149,0.11505993455648422
2026/05/14 10:40:14,149,0.12303119152784348
2026/05/14 10:40:15,149,0.15125802159309387
2026/05/14 10:40:16,149,0.14493359625339508
2026/05/14 10:40:17,149,0.13514961302280426
2026/05/14 10:40:18,148,0.09550309181213379
2026/05/14 10:40:19,148,0.21711769700050354
2026/05/14 10:40:20,147,0.4724302887916565
2026/05/14 10:40:21,147,0.11747976392507553
2026/05/14 10:40:22,147,0.1346626728773117
2026/05/14 10:40:23,146,0.35927945375442505
2026/05/14 10:40:24,145,0.243289977312088
2026/05/14 10:40:25,145,0.14392854273319244
2026/05/14 10:40:26,144,0.14619915187358856
2026/05/14 10:40:27,143,0.10806654393672943
2026/05/14 10:40:28,142,0.08998584747314453
2026/05/14 10:40:29,141,0.20593944191932678
2026/05/14 10:40:30,140,0.07900194823741913
2026/05/14 10:40:31,139,0.174742192029953
2026/05/14 10:40:32,138,0.12562152743339539
2026/05/14 10:40:33,138,0.06270074844360352
2026/05/14 10:40:34,138,0.2669534385204315
2026/05/14 10:40:35,138,0.16901864111423492
2026/05/14 10:40:36,137,0.121877521276474
2026/05/14 10:40:37,137,0.2870759665966034
2026/05/14 10:40:38,137,0.1470380276441574
2026/05/14 10:40:39,137,0.2815520763397217
2026/05/14 10:40:40,137,0.17539319396018982
2026/05/14 10:40:41,137,0.2781924307346344
2026/05/14 10:40:42,137,0.6110219955444336
2026/05/14 10:40:43,137,0.18426841497421265
2026/05/14 10:40:44,137,0.110439732670784
2026/05/14 10:40:45,137,0.1816374957561493
2026/05/14 10:40:46,137,0.22060668468475342
2026/05/14 10:40:47,137,0.16116377711296082
2026/05/14 10:40:48,138,0.1284639835357666
2026/05/14 10:40:49,138,0.2533591687679291
2026/05/14 10:40:50,138,0.16007882356643677
2026/05/14 10:40:51,139,0.1172557920217514
2026/05/14 10:40:52,139,0.2607315182685852
2026/05/14 10:40:53,139,0.1772874891757965
2026/05/14 10:40:54,139,0.10461235791444778
2026/05/14 10:40:55,139,0.09371064603328705
2026/05/14 10:40:56,139,0.07173454016447067
2026/05/14 10:40:57,139,0.13235662877559662
2026/05/14 10:40:58,139,0.10179121047258377
2026/05/14 10:40:59,139,0.10396840423345566
2026/05/14 10:41:00,140,0.1392470747232437
2026/05/14 10:41:01,140,0.06305447220802307
2026/05/14 10:41:02,140,0.1599864512681961
2026/05/14 10:41:03,139,0.14567258954048157
2026/05/14 10:41:04,139,0.09587662667036057
2026/05/14 10:41:05,138,0.07997739315032959
2026/05/14 10:41:06,138,0.07846644520759583
2026/05/14 10:41:07,137,0.12069348990917206
2026/05/14 10:41:08,137,0.09769562631845474
2026/05/14 10:41:09,136,0.14412148296833038
2026/05/14 10:41:10,136,0.10532862693071365
2026/05/14 10:41:11,136,0.09055082499980927
2026/05/14 10:41:12,136,0.1152806282043457
2026/05/14 10:41:13,136,0.13929295539855957
2026/05/14 10:41:14,135,0.12687720358371735
2026/05/14 10:41:15,135,0.14999181032180786
2026/05/14 10:41:16,134,0.12234430760145187
2026/05/14 10:41:17,134,0.08393435925245285
2026/05/14 10:41:18,133,0.0916237011551857
2026/05/14 10:41:19,132,0.07792966067790985
2026/05/14 10:41:20,131,0.14170199632644653
2026/05/14 10:41:21,130,0.094061940908432
2026/05/14 10:41:22,130,0.10806144028902054
2026/05/14 10:41:23,129,0.11380799114704132
2026/05/14 10:41:24,129,0.10005830973386765
2026/05/14 10:41:25,129,0.12977583706378937
2026/05/14 10:41:26,129,0.14840984344482422
2026/05/14 10:41:27,129,0.16395552456378937
2026/05/14 10:41:28,129,0.11479819566011429
2026/05/14 10:41:29,130,0.11270320415496826
2026/05/14 10:41:30,130,0.10288787633180618
2026/05/14 10:41:31,131,0.07109781354665756
2026/05/14 10:41:32,131,0.12304539233446121
2026/05/14 10:41:33,132,0.21616287529468536
2026/05/14 10:41:34,133,0.0975634828209877
2026/05/14 10:41:35,134,0.12614738941192627
2026/05/14 10:41:36,134,0.08935337513685226
2026/05/14 10:41:37,134,0.07186664640903473
2026/05/14 10:41:38,133,0.10682617127895355
2026/05/14 10:41:39,133,0.08949051797389984
2026/05/14 10:41:40,132,0.1336548775434494
2026/05/14 10:41:41,131,0.0856509879231453
2026/05/14 10:41:42,130,0.19805918633937836
2026/05/14 10:41:43,129,0.21239866316318512
2026/05/14 10:41:44,128,0.14956028759479523
2026/05/14 10:41:45,127,0.19225704669952393
2026/05/14 10:41:46,126,0.20424772799015045
2026/05/14 10:41:47,125,0.19220241904258728
2026/05/14 10:41:48,125,0.2508913576602936
2026/05/14 10:41:49,124,0.24551056325435638
2026/05/14 10:41:50,124,0.22309331595897675
2026/05/14 10:41:51,124,0.20328009128570557
2026/05/14 10:41:52,124,0.18934832513332367
2026/05/14 10:41:53,125,0.1398829072713852
2026/05/14 10:41:54,126,0.1134953573346138
2026/05/14 10:41:55,127,0.3371112644672394
2026/05/14 10:41:56,127,0.1053408682346344
2026/05/14 10:41:57,128,0.06427560746669769
2026/05/14 10:41:58,127,0.09807521849870682
2026/05/14 10:41:59,127,0.08065031468868256
2026/05/14 10:42:00,127,0.08130432665348053
2026/05/14 10:42:01,126,0.08337560296058655
2026/05/14 10:42:02,126,0.11401892453432083
2026/05/14 10:42:03,126,0.08234836161136627
2026/05/14 10:42:04,126,0.08887967467308044
2026/05/14 10:42:05,126,0.08477678894996643
2026/05/14 10:42:06,126,0.08668825030326843
2026/05/14 10:42:07,126,0.08715828508138657
2026/05/14 10:42:08,126,0.08204907923936844
2026/05/14 10:42:09,127,0.08204815536737442
2026/05/14 10:42:10,127,0.08161550015211105
2026/05/14 10:42:11,127,0.08145782351493835
2026/05/14 10:42:12,127,0.0801483616232872
2026/05/14 10:42:13,127,0.08022855222225189
2026/05/14 10:42:14,127,0.12607382237911224
2026/05/14 10:42:15,126,0.07112118601799011
2026/05/14 10:42:16,126,0.11147735267877579
2026/05/14 10:42:17,126,0.04302683845162392
2026/05/14 10:42:18,127,0.07270251959562302
2026/05/14 10:42:19,127,0.08387608826160431
2026/05/14 10:42:20,128,0.14372026920318604
2026/05/14 10:42:21,128,0.12826795876026154
2026/05/14 10:42:22,128,0.10435894131660461
2026/05/14 10:42:23,127,0.0973009318113327
2026/05/14 10:42:24,126,0.08122406899929047
2026/05/14 10:42:25,126,0.08317635953426361
2026/05/14 10:42:26,126,0.12005311250686646
2026/05/14 10:42:27,125,0.1249128058552742
2026/05/14 10:42:28,125,0.1186133548617363
2026/05/14 10:42:29,125,0.08692851662635803
2026/05/14 10:42:30,125,0.08780579268932343
2026/05/14 10:42:31,125,0.10310816019773483
2026/05/14 10:42:32,124,0.11571582406759262
2026/05/14 10:42:33,124,0.15251359343528748
2026/05/14 10:42:34,124,0.5110406875610352
2026/05/14 10:42:35,123,0.14769615232944489
2026/05/14 10:42:36,122,0.14531472325325012
2026/05/14 10:42:37,122,0.11562085896730423
2026/05/14 10:42:38,121,0.12334752082824707
2026/05/14 10:42:39,120,0.15726955235004425
2026/05/14 10:42:40,119,0.21172423660755157
2026/05/14 10:42:41,119,0.18868282437324524
2026/05/14 10:42:42,119,0.20442752540111542
2026/05/14 10:42:43,119,0.2252730280160904
2026/05/14 10:42:44,119,0.1937650740146637
2026/05/14 10:42:45,120,0.16417518258094788
2026/05/14 10:42:46,120,0.23888276517391205
2026/05/14 10:42:47,120,0.1918613463640213
2026/05/14 10:42:48,120,0.21450668573379517
2026/05/14 10:42:49,120,0.3239583671092987
2026/05/14 10:42:50,120,0.08378437906503677
2026/05/14 10:42:51,120,0.34662649035453796
2026/05/14 10:42:52,121,0.5028366446495056
2026/05/14 10:42:53,121,0.3882112503051758
2026/05/14 10:42:54,121,0.2580353021621704
2026/05/14 10:42:55,120,0.1443818211555481
2026/05/14 10:42:56,121,0.09402105957269669
2026/05/14 10:42:57,121,0.13652543723583221
2026/05/14 10:42:58,121,0.17302729189395905
2026/05/14 10:42:59,122,0.3280085325241089
2026/05/14 10:43:00,122,0.2989954948425293
2026/05/14 10:43:01,122,0.26769188046455383
2026/05/14 10:43:02,122,0.18849293887615204
2026/05/14 10:43:03,122,0.14911335706710815
2026/05/14 10:43:04,122,0.19684316217899323
2026/05/14 10:43:05,122,0.3979939818382263
2026/05/14 10:43:06,122,0.193451926112175
2026/05/14 10:43:07,122,0.11231186985969543
2026/05/14 10:43:08,123,0.18727000057697296
2026/05/14 10:43:09,123,0.18678711354732513
2026/05/14 10:43:10,123,0.3571043312549591
2026/05/14 10:43:11,124,0.3589518666267395
2026/05/14 10:43:12,124,0.19373534619808197
2026/05/14 10:43:13,125,0.2544775903224945
2026/05/14 10:43:14,126,0.23501574993133545
2026/05/14 10:43:15,126,0.24675847589969635
2026/05/14 10:43:16,127,0.2090362012386322
2026/05/14 10:43:17,128,0.2146652340888977
2026/05/14 10:43:18,128,0.25689181685447693
2026/05/14 10:43:19,128,0.268123060464859
2026/05/14 10:43:20,128,0.2277301698923111
2026/05/14 10:43:21,128,0.28942111134529114
2026/05/14 10:43:22,128,0.23922912776470184
2026/05/14 10:43:23,128,0.23682893812656403
2026/05/14 10:43:24,128,0.29560765624046326
2026/05/14 10:43:25,128,0.2607688009738922
2026/05/14 10:43:26,128,0.14864695072174072
2026/05/14 10:43:27,128,0.07648904621601105
2026/05/14 10:43:28,128,0.09794241189956665
2026/05/14 10:43:29,128,0.10700525343418121
2026/05/14 10:43:30,128,0.19995813071727753
2026/05/14 10:43:31,128,0.2756238281726837
2026/05/14 10:43:32,129,0.16618569195270538
2026/05/14 10:43:33,129,0.40122804045677185
2026/05/14 10:43:34,129,0.18093161284923553
2026/05/14 10:43:35,130,0.11778298020362854
2026/05/14 10:43:36,130,0.1277693808078766
2026/05/14 10:43:37,130,0.25902506709098816
2026/05/14 10:43:38,130,0.44642969965934753
2026/05/14 10:43:39,130,0.6586146354675293
2026/05/14 10:43:40,130,0.47500142455101013
2026/05/14 10:43:41,130,0.16500140726566315
2026/05/14 10:43:42,131,0.2051638662815094
2026/05/14 10:43:43,132,0.20544245839118958
2026/05/14 10:43:44,132,0.2176326960325241
2026/05/14 10:43:45,132,0.10425487160682678
2026/05/14 10:43:46,132,0.4672865867614746
2026/05/14 10:43:47,132,0.4763941764831543
2026/05/14 10:43:48,132,0.2569986581802368
2026/05/14 10:43:49,132,0.11798680573701859
2026/05/14 10:43:50,132,0.1816934496164322
2026/05/14 10:43:51,132,0.130055770277977
2026/05/14 10:43:52,132,0.15886196494102478
2026/05/14 10:43:53,132,0.13457614183425903
2026/05/14 10:43:54,133,0.4027326703071594
2026/05/14 10:43:55,133,0.6144888997077942
2026/05/14 10:43:56,134,0.44743719696998596
2026/05/14 10:43:57,135,0.1510026454925537
2026/05/14 10:43:58,136,0.18296284973621368
2026/05/14 10:43:59,137,0.13179433345794678
2026/05/14 10:44:00,138,0.1075996607542038
2026/05/14 10:44:01,138,0.1294899582862854
2026/05/14 10:44:02,138,0.821441650390625
2026/05/14 10:44:03,137,0.8150359392166138
2026/05/14 10:44:04,137,0.5046603083610535
2026/05/14 10:44:05,137,0.5392929911613464
2026/05/14 10:44:06,137,0.6776896715164185
2026/05/14 10:44:07,137,0.7976269721984863
2026/05/14 10:44:08,138,0.8664237856864929
2026/05/14 10:44:09,138,0.7073530554771423
2026/05/14 10:44:10,139,0.6511860489845276
2026/05/14 10:44:11,140,0.7931106090545654
2026/05/14 10:44:12,140,0.6795613765716553
2026/05/14 10:44:13,140,0.6088259816169739
2026/05/14 10:44:14,140,0.6557355523109436
2026/05/14 10:44:15,141,0.6470650434494019
2026/05/14 10:44:16,142,0.5849465131759644
2026/05/14 10:44:17,143,0.6224775910377502
2026/05/14 10:44:18,145,0.6329604387283325
2026/05/14 10:44:19,147,0.6796929836273193
2026/05/14 10:44:20,146,0.7208628058433533
2026/05/14 10:44:21,145,0.3227274417877197
2026/05/14 10:44:22,145,0.1500517725944519
2026/05/14 10:44:23,145,0.1559607833623886
2026/05/14 10:44:24,145,0.18884380161762238
2026/05/14 10:44:25,146,0.3870907723903656
2026/05/14 10:44:26,146,0.15589991211891174
2026/05/14 10:44:27,146,0.16959497332572937
2026/05/14 10:44:28,146,0.18154765665531158
2026/05/14 10:44:29,146,0.23645950853824615
2026/05/14 10:44:30,146,0.4103592336177826
2026/05/14 10:44:31,147,0.18495672941207886
2026/05/14 10:44:32,147,0.10244165360927582
2026/05/14 10:44:33,147,0.33422935009002686
2026/05/14 10:44:34,147,0.6221967339515686
2026/05/14 10:44:35,147,0.801176905632019
2026/05/14 10:44:36,147,0.7618409395217896
2026/05/14 10:44:37,148,0.6687173843383789
2026/05/14 10:44:38,148,0.4485704004764557
2026/05/14 10:44:39,148,0.4695729911327362
2026/05/14 10:44:40,149,0.394817590713501
2026/05/14 10:44:41,149,0.7153729200363159
2026/05/14 10:44:42,149,0.7149461507797241
2026/05/14 10:44:43,149,0.6621071696281433
2026/05/14 10:44:44,149,0.6768510341644287
2026/05/14 10:44:45,149,0.5053382515907288
2026/05/14 10:44:46,149,0.10624822974205017
2026/05/14 10:44:47,149,0.0981765016913414
2026/05/14 10:44:48,149,0.1362411230802536
2026/05/14 10:44:49,149,0.09399443119764328
2026/05/14 10:44:50,150,0.31613224744796753
2026/05/14 10:44:51,150,0.09173008799552917
2026/05/14 10:44:52,151,0.11989884823560715
2026/05/14 10:44:53,152,0.18560080230236053
2026/05/14 10:44:54,152,0.08915989845991135
2026/05/14 10:44:55,152,0.1314217448234558
2026/05/14 10:44:56,153,0.09775619953870773
2026/05/14 10:44:57,153,0.48112207651138306
2026/05/14 10:44:58,154,0.6059712767601013
2026/05/14 10:44:59,154,0.7509570121765137
2026/05/14 10:45:00,154,0.6344140768051147
2026/05/14 10:45:01,154,0.6165327429771423
2026/05/14 10:45:02,154,0.4650951027870178
2026/05/14 10:45:03,154,0.5429859757423401
2026/05/14 10:45:04,154,0.7339730858802795
2026/05/14 10:45:05,154,0.6902764439582825
2026/05/14 10:45:06,155,0.6594448089599609
2026/05/14 10:45:07,155,0.6153870820999146
2026/05/14 10:45:08,155,0.3462795615196228
2026/05/14 10:45:09,155,0.25422120094299316
2026/05/14 10:45:10,155,0.12441345304250717
2026/05/14 10:45:11,155,0.09382835030555725
2026/05/14 10:45:12,156,0.09922818839550018
2026/05/14 10:45:13,156,0.09443550556898117
2026/05/14 10:45:14,157,0.09898703545331955
2026/05/14 10:45:15,157,0.0993141308426857
2026/05/14 10:45:16,157,0.10318545997142792
2026/05/14 10:45:17,158,0.08852604776620865
2026/05/14 10:45:18,158,0.07908100634813309
2026/05/14 10:45:19,158,0.12090324610471725
2026/05/14 10:45:20,159,0.08700443804264069
2026/05/14 10:45:21,159,0.11160788685083389
2026/05/14 10:45:22,160,0.10426086187362671
2026/05/14 10:45:23,161,0.18496772646903992
2026/05/14 10:45:24,161,0.2669658958911896
2026/05/14 10:45:25,162,0.728529691696167
2026/05/14 10:45:26,162,0.7770215272903442
2026/05/14 10:45:27,163,0.6957142353057861
2026/05/14 10:45:28,163,0.8061402440071106
2026/05/14 10:45:29,163,0.6396622061729431
2026/05/14 10:45:30,163,0.6659621000289917
2026/05/14 10:45:31,162,0.522145688533783
2026/05/14 10:45:32,163,0.8677830100059509
2026/05/14 10:45:33,164,0.8806420564651489
2026/05/14 10:45:34,164,0.8267418742179871
2026/05/14 10:45:35,164,0.5453656315803528
2026/05/14 10:45:36,165,0.15982741117477417
2026/05/14 10:45:37,165,0.11049952358007431
2026/05/14 10:45:38,164,0.1420702189207077
2026/05/14 10:45:39,164,0.13286839425563812
2026/05/14 10:45:40,163,0.09595689922571182
2026/05/14 10:45:41,162,0.09749844670295715
2026/05/14 10:45:42,162,0.10483212769031525
2026/05/14 10:45:43,161,0.09566977620124817
2026/05/14 10:45:44,162,0.1302993893623352
2026/05/14 10:45:45,162,0.08934891223907471
2026/05/14 10:45:46,162,0.1281798630952835
2026/05/14 10:45:47,162,0.10244855284690857
2026/05/14 10:45:48,162,0.0787799060344696
2026/05/14 10:45:49,163,0.404385507106781
2026/05/14 10:45:50,164,0.6791012287139893
2026/05/14 10:45:51,164,0.6735013127326965
2026/05/14 10:45:52,165,0.6404224038124084
2026/05/14 10:45:53,165,0.680952787399292
2026/05/14 10:45:54,166,0.5975978374481201
2026/05/14 10:45:55,166,0.49737420678138733
2026/05/14 10:45:56,167,0.5933406352996826
2026/05/14 10:45:57,167,0.6424074769020081
2026/05/14 10:45:58,168,0.6635298728942871
2026/05/14 10:45:59,169,0.732472836971283
2026/05/14 10:46:00,170,0.6573783755302429
2026/05/14 10:46:01,170,0.683646023273468
2026/05/14 10:46:02,170,0.43726739287376404
2026/05/14 10:46:03,170,0.1795002967119217
2026/05/14 10:46:04,169,0.10133001953363419
2026/05/14 10:46:05,168,0.17241919040679932
2026/05/14 10:46:06,168,0.15218189358711243
2026/05/14 10:46:07,167,0.20440325140953064
2026/05/14 10:46:08,168,0.266762912273407
2026/05/14 10:46:09,168,0.18741968274116516
2026/05/14 10:46:10,167,0.15251316130161285
2026/05/14 10:46:11,167,0.18094095587730408
2026/05/14 10:46:12,167,0.15771211683750153
2026/05/14 10:46:13,166,0.10299339890480042
2026/05/14 10:46:14,166,0.10028795897960663
2026/05/14 10:46:15,165,0.12004514038562775
2026/05/14 10:46:16,165,0.33856886625289917
2026/05/14 10:46:17,164,0.8642257452011108
2026/05/14 10:46:18,164,0.8935825824737549
2026/05/14 10:46:19,164,0.7907196283340454
2026/05/14 10:46:20,164,0.767020583152771
2026/05/14 10:46:21,164,0.6031268239021301
2026/05/14 10:46:22,165,0.5434630513191223
2026/05/14 10:46:23,165,0.8034141063690186
2026/05/14 10:46:24,166,0.7986242175102234
2026/05/14 10:46:25,166,0.7802085280418396
2026/05/14 10:46:26,167,0.7017732858657837
2026/05/14 10:46:27,167,0.6695375442504883
2026/05/14 10:46:28,168,0.25840064883232117
2026/05/14 10:46:29,168,0.20207104086875916
2026/05/14 10:46:30,169,0.19312717020511627
2026/05/14 10:46:31,169,0.12308701127767563
2026/05/14 10:46:32,168,0.11661671847105026
2026/05/14 10:46:33,168,0.12929321825504303
2026/05/14 10:46:34,168,0.11750148981809616
2026/05/14 10:46:35,168,0.1140020340681076
2026/05/14 10:46:36,168,0.09492224454879761
2026/05/14 10:46:37,168,0.12041729688644409
2026/05/14 10:46:38,168,0.13288293778896332
2026/05/14 10:46:39,168,0.10579735785722733
2026/05/14 10:46:40,168,0.08344538509845734
2026/05/14 10:46:41,169,0.2582593262195587
2026/05/14 10:46:42,169,0.19512811303138733
2026/05/14 10:46:43,169,0.1810990869998932
2026/05/14 10:46:44,169,0.10666026920080185
2026/05/14 10:46:45,169,0.11240299046039581
2026/05/14 10:46:46,169,0.11074845492839813
2026/05/14 10:46:47,169,0.13657186925411224
2026/05/14 10:46:48,169,0.1912321001291275
2026/05/14 10:46:49,169,0.14259198307991028
2026/05/14 10:46:50,168,0.08370279520750046
2026/05/14 10:46:51,168,0.09897717833518982
2026/05/14 10:46:52,167,0.1695128083229065
2026/05/14 10:46:53,167,0.16724373400211334
2026/05/14 10:46:54,166,0.224742129445076
2026/05/14 10:46:55,165,0.08075610548257828
2026/05/14 10:46:56,166,0.17467479407787323
2026/05/14 10:46:57,166,0.0761457085609436
2026/05/14 10:46:58,166,0.1747148334980011
2026/05/14 10:46:59,166,0.32635554671287537
2026/05/14 10:47:00,166,0.7245749831199646
2026/05/14 10:47:01,166,0.3961184322834015
2026/05/14 10:47:02,165,0.18160726130008698
2026/05/14 10:47:03,165,0.1074480339884758
2026/05/14 10:47:04,164,0.12832233309745789
2026/05/14 10:47:05,163,0.105817049741745
2026/05/14 10:47:06,162,0.14121562242507935
2026/05/14 10:47:07,161,0.3745153248310089
2026/05/14 10:47:08,160,0.0886966735124588
2026/05/14 10:47:09,159,0.42174842953681946
2026/05/14 10:47:10,158,0.5845194458961487
2026/05/14 10:47:11,157,0.4398590326309204
2026/05/14 10:47:12,156,0.2016705423593521
2026/05/14 10:47:13,155,0.11777970939874649
2026/05/14 10:47:14,156,0.10053505748510361
2026/05/14 10:47:15,156,0.1375012844800949
2026/05/14 10:47:16,156,0.11640902608633041
2026/05/14 10:47:17,157,0.2285328209400177
2026/05/14 10:47:18,157,0.37278443574905396
2026/05/14 10:47:19,157,0.2234269082546234
2026/05/14 10:47:20,157,0.16616876423358917
2026/05/14 10:47:21,157,0.1056404635310173
2026/05/14 10:47:22,156,0.1090838611125946
2026/05/14 10:47:23,155,0.12514419853687286
2026/05/14 10:47:24,154,0.22078029811382294
2026/05/14 10:47:25,154,0.11560992896556854
2026/05/14 10:47:26,153,0.15129195153713226
2026/05/14 10:47:27,153,0.1679828017950058
2026/05/14 10:47:28,152,0.08595304191112518
2026/05/14 10:47:29,151,0.25793179869651794
2026/05/14 10:47:30,150,0.1551874876022339
2026/05/14 10:47:31,149,0.07796131819486618
2026/05/14 10:47:32,147,0.20890073478221893
2026/05/14 10:47:33,146,0.2533860206604004
2026/05/14 10:47:34,145,0.18451572954654694
2026/05/14 10:47:35,144,0.08691956847906113
2026/05/14 10:47:36,143,0.13244058191776276
2026/05/14 10:47:37,143,0.13556067645549774
2026/05/14 10:47:38,143,0.3215015232563019
2026/05/14 10:47:39,143,0.11653614789247513
2026/05/14 10:47:40,143,0.5130974054336548
2026/05/14 10:47:41,142,0.5273401141166687
2026/05/14 10:47:42,142,0.6865582466125488
2026/05/14 10:47:43,142,0.9112638831138611
2026/05/14 10:47:44,142,0.6762405037879944
2026/05/14 10:47:45,142,0.5436420440673828
2026/05/14 10:47:46,142,0.33624067902565
2026/05/14 10:47:47,142,0.19268259406089783
2026/05/14 10:47:48,142,0.2944216728210449
2026/05/14 10:47:49,142,0.2466742992401123
2026/05/14 10:47:50,142,0.14271995425224304
2026/05/14 10:47:51,142,0.8668885827064514
2026/05/14 10:47:52,143,1.5241138935089111
2026/05/14 10:47:53,144,1.244931936264038
2026/05/14 10:47:54,144,1.3334227800369263
2026/05/14 10:47:55,145,0.7588726282119751
2026/05/14 10:47:56,144,0.892249584197998
2026/05/14 10:47:57,143,0.47894689440727234
2026/05/14 10:47:58,143,0.2792319059371948
2026/05/14 10:47:59,142,0.2390703707933426
2026/05/14 10:48:00,142,0.22356846928596497
2026/05/14 10:48:01,143,0.29546311497688293
2026/05/14 10:48:02,144,0.30823561549186707
2026/05/14 10:48:03,145,0.1883438378572464
2026/05/14 10:48:04,146,0.20699596405029297
2026/05/14 10:48:05,147,0.2869170904159546
2026/05/14 10:48:06,148,0.2217894047498703
2026/05/14 10:48:07,149,0.26024943590164185
2026/05/14 10:48:08,150,0.2115979790687561
2026/05/14 10:48:09,150,0.3064121603965759
2026/05/14 10:48:10,152,0.1264558732509613
2026/05/14 10:48:11,153,0.11553116142749786
2026/05/14 10:48:12,153,0.06883659958839417
2026/05/14 10:48:13,154,0.38638707995414734
2026/05/14 10:48:14,154,0.18960216641426086
2026/05/14 10:48:15,154,0.15468546748161316
2026/05/14 10:48:16,155,0.19779980182647705
2026/05/14 10:48:17,156,0.31421899795532227
2026/05/14 10:48:18,156,0.08508815616369247
2026/05/14 10:48:19,157,0.10456565767526627
2026/05/14 10:48:20,157,0.08830281347036362
2026/05/14 10:48:21,158,0.16290386021137238
2026/05/14 10:48:22,158,0.5225626826286316
2026/05/14 10:48:23,158,0.5657171607017517
2026/05/14 10:48:24,158,0.4677644968032837
2026/05/14 10:48:25,158,0.2749462127685547
2026/05/14 10:48:26,159,0.2463969588279724
2026/05/14 10:48:27,159,0.2212691456079483
2026/05/14 10:48:28,159,0.2239050418138504
2026/05/14 10:48:29,159,0.20771607756614685
2026/05/14 10:48:30,159,0.6615834832191467
2026/05/14 10:48:31,159,0.7049663066864014
2026/05/14 10:48:32,159,0.6090319752693176
2026/05/14 10:48:33,159,0.25013628602027893
2026/05/14 10:48:34,159,0.15522044897079468
2026/05/14 10:48:35,159,0.459431529045105
2026/05/14 10:48:36,160,0.2981858551502228
2026/05/14 10:48:37,160,0.08485407382249832
2026/05/14 10:48:38,160,0.16715441644191742
2026/05/14 10:48:39,160,0.17118406295776367
2026/05/14 10:48:40,160,0.2712137997150421
2026/05/14 10:48:41,160,0.5838994979858398
2026/05/14 10:48:42,159,0.7761066555976868
2026/05/14 10:48:43,159,0.713390052318573
2026/05/14 10:48:44,159,0.6875848770141602
2026/05/14 10:48:45,159,0.4681513011455536
2026/05/14 10:48:46,159,0.14760388433933258
2026/05/14 10:48:47,159,0.12301097065210342
2026/05/14 10:48:48,159,0.26656901836395264
2026/05/14 10:48:49,159,0.2941915690898895
2026/05/14 10:48:50,159,0.3180960416793823
2026/05/14 10:48:51,159,0.08431322127580643
2026/05/14 10:48:52,158,0.14050976932048798
2026/05/14 10:48:53,158,0.26071780920028687
2026/05/14 10:48:54,157,0.6406511664390564
2026/05/14 10:48:55,157,0.5422328114509583
2026/05/14 10:48:56,156,0.2823215425014496
2026/05/14 10:48:57,155,0.2073061466217041
2026/05/14 10:48:58,155,0.15944334864616394
2026/05/14 10:48:59,154,0.23241500556468964
2026/05/14 10:49:00,154,0.2558099925518036
2026/05/14 10:49:01,154,0.34102749824523926
2026/05/14 10:49:02,154,0.2574499845504761
2026/05/14 10:49:03,154,0.15378665924072266
2026/05/14 10:49:04,154,0.21693001687526703
2026/05/14 10:49:05,154,0.1910504251718521
2026/05/14 10:49:06,154,0.19037790596485138
2026/05/14 10:49:07,154,0.15021811425685883
2026/05/14 10:49:08,154,0.06220351532101631
2026/05/14 10:49:09,155,0.17758849263191223
2026/05/14 10:49:10,155,0.13174231350421906
2026/05/14 10:49:11,155,0.12528806924819946
2026/05/14 10:49:12,156,0.32078638672828674
2026/05/14 10:49:13,156,0.22703345119953156
2026/05/14 10:49:14,156,0.16580285131931305
2026/05/14 10:49:15,156,0.2429821491241455
2026/05/14 10:49:16,157,0.3403599262237549
2026/05/14 10:49:17,157,0.5554514527320862
2026/05/14 10:49:18,157,0.21870018541812897
2026/05/14 10:49:19,157,0.13328880071640015
2026/05/14 10:49:20,157,0.1323895901441574
2026/05/14 10:49:21,158,0.2172025591135025
2026/05/14 10:49:22,158,0.1867111176252365
2026/05/14 10:49:23,158,0.23189689218997955
2026/05/14 10:49:24,158,0.11797619611024857
2026/05/14 10:49:25,158,0.11508844792842865
2026/05/14 10:49:26,158,0.1809387505054474
2026/05/14 10:49:27,158,0.1564205288887024
2026/05/14 10:49:28,157,0.05194442719221115
2026/05/14 10:49:29,157,0.20235291123390198
2026/05/14 10:49:30,156,0.19866670668125153
2026/05/14 10:49:31,156,0.20626161992549896
2026/05/14 10:49:32,156,0.20712926983833313
2026/05/14 10:49:33,155,0.45317235589027405
2026/05/14 10:49:34,155,0.23580598831176758
2026/05/14 10:49:35,154,0.1178169995546341
2026/05/14 10:49:36,153,0.08916623145341873
2026/05/14 10:49:37,152,0.2129787802696228
2026/05/14 10:49:38,151,0.1125454306602478
2026/05/14 10:49:39,151,0.1156267300248146
2026/05/14 10:49:40,150,0.21906772255897522
2026/05/14 10:49:41,150,0.18503029644489288
2026/05/14 10:49:42,150,0.21678154170513153
2026/05/14 10:49:43,150,0.16574810445308685
2026/05/14 10:49:44,150,0.2318773865699768
2026/05/14 10:49:45,150,0.5360070466995239
2026/05/14 10:49:46,150,0.37133967876434326
2026/05/14 10:49:47,150,0.11475439369678497
2026/05/14 10:49:48,150,0.11350364238023758
2026/05/14 10:49:49,150,0.447764128446579
2026/05/14 10:49:50,150,0.475172221660614
2026/05/14 10:49:51,150,0.34001484513282776
2026/05/14 10:49:52,150,0.13800090551376343
2026/05/14 10:49:53,150,0.12124662101268768
2026/05/14 10:49:54,150,0.2597099244594574
2026/05/14 10:49:55,150,0.15958693623542786
2026/05/14 10:49:56,150,0.19753040373325348
2026/05/14 10:49:57,150,0.09896014630794525
2026/05/14 10:49:58,151,0.10438929498195648
2026/05/14 10:49:59,151,0.11332190036773682
2026/05/14 10:50:00,151,0.33845826983451843
2026/05/14 10:50:01,151,0.14560852944850922
2026/05/14 10:50:02,151,0.14897990226745605
2026/05/14 10:50:03,151,0.12010667473077774
2026/05/14 10:50:04,151,0.32463401556015015
2026/05/14 10:50:05,152,0.2193593680858612
2026/05/14 10:50:06,152,0.33053451776504517
2026/05/14 10:50:07,153,0.5292481780052185
2026/05/14 10:50:08,153,0.2985001802444458
2026/05/14 10:50:09,154,0.12110710889101028
2026/05/14 10:50:10,154,0.11542362719774246
2026/05/14 10:50:11,154,0.1426856815814972
2026/05/14 10:50:12,154,0.10378043353557587
2026/05/14 10:50:13,153,0.08170895278453827
2026/05/14 10:50:14,152,0.14290019869804382
2026/05/14 10:50:15,151,0.3267994523048401
2026/05/14 10:50:16,150,0.22343863546848297
2026/05/14 10:50:17,150,0.15532462298870087
2026/05/14 10:50:18,149,0.13477793335914612
2026/05/14 10:50:19,148,0.3736476004123688
2026/05/14 10:50:20,147,0.1904182732105255
2026/05/14 10:50:21,147,0.12615464627742767
2026/05/14 10:50:22,147,0.12690472602844238
2026/05/14 10:50:23,147,0.11457869410514832
2026/05/14 10:50:24,147,0.0851302444934845
2026/05/14 10:50:25,147,0.12094070017337799
2026/05/14 10:50:26,146,0.15704619884490967
2026/05/14 10:50:27,146,0.34888899326324463
2026/05/14 10:50:28,146,0.22087737917900085
2026/05/14 10:50:29,146,0.09550211578607559
2026/05/14 10:50:30,146,0.19398635625839233
2026/05/14 10:50:31,146,0.3101758062839508
2026/05/14 10:50:32,146,0.16696318984031677
2026/05/14 10:50:33,146,0.26914817094802856
2026/05/14 10:50:34,145,0.29510238766670227
2026/05/14 10:50:35,145,0.09622668474912643
2026/05/14 10:50:36,145,0.18739759922027588
2026/05/14 10:50:37,145,0.1710478663444519
2026/05/14 10:50:38,144,0.28285425901412964
2026/05/14 10:50:39,144,0.21231919527053833
2026/05/14 10:50:40,144,0.15063974261283875
2026/05/14 10:50:41,145,0.2548263669013977
2026/05/14 10:50:42,145,0.33453628420829773
2026/05/14 10:50:43,145,0.11763577908277512
2026/05/14 10:50:44,145,0.2679370939731598
2026/05/14 10:50:45,145,0.378152459859848
2026/05/14 10:50:46,145,0.2886076867580414
2026/05/14 10:50:47,145,0.22331397235393524
2026/05/14 10:50:48,145,0.222400963306427
2026/05/14 10:50:49,144,0.1514078825712204
2026/05/14 10:50:50,144,0.1949879229068756
2026/05/14 10:50:51,143,0.13276630640029907
2026/05/14 10:50:52,142,0.19451259076595306
2026/05/14 10:50:53,142,0.14574463665485382
2026/05/14 10:50:54,142,0.12391606718301773
2026/05/14 10:50:55,141,0.2378850281238556
2026/05/14 10:50:56,141,0.4939737915992737
2026/05/14 10:50:57,142,0.29186511039733887
2026/05/14 10:50:58,142,0.1607990264892578
2026/05/14 10:50:59,142,0.16790296137332916
2026/05/14 10:51:00,142,0.1657244861125946
2026/05/14 10:51:01,142,0.0960259661078453
2026/05/14 10:51:02,142,0.1098136380314827
2026/05/14 10:51:03,141,0.23007716238498688
2026/05/14 10:51:04,141,0.33615872263908386
2026/05/14 10:51:05,141,0.3118220865726471
2026/05/14 10:51:06,141,0.15289320051670074
2026/05/14 10:51:07,141,0.08336617797613144
2026/05/14 10:51:08,140,0.10265156626701355
2026/05/14 10:51:09,139,0.20576997101306915
2026/05/14 10:51:10,139,0.13108763098716736
2026/05/14 10:51:11,138,0.19303029775619507
2026/05/14 10:51:12,138,0.13758333027362823
2026/05/14 10:51:13,139,1.1918284893035889
2026/05/14 10:51:14,139,0.5534265637397766
2026/05/14 10:51:15,140,0.383933961391449
2026/05/14 10:51:16,140,0.3433504104614258
2026/05/14 10:51:17,141,0.2433868944644928
2026/05/14 10:51:18,141,0.15073075890541077
2026/05/14 10:51:19,142,0.24957405030727386
2026/05/14 10:51:20,143,0.2806284725666046
2026/05/14 10:51:21,144,0.2611764967441559
2026/05/14 10:51:22,144,0.08297242224216461
2026/05/14 10:51:23,144,0.2435825616121292
2026/05/14 10:51:24,144,0.16601398587226868
2026/05/14 10:51:25,145,0.2561906576156616
2026/05/14 10:51:26,144,0.30704930424690247
2026/05/14 10:51:27,144,0.7650548219680786
2026/05/14 10:51:28,144,1.0862147808074951
2026/05/14 10:51:29,143,0.7875442504882812
2026/05/14 10:51:30,143,0.6724728345870972
2026/05/14 10:51:31,142,0.7017903923988342
2026/05/14 10:51:32,141,0.7391766309738159
2026/05/14 10:51:33,141,0.5103347301483154
2026/05/14 10:51:34,141,0.17260989546775818
2026/05/14 10:51:35,142,0.2186339646577835
2026/05/14 10:51:36,143,0.22356414794921875
2026/05/14 10:51:37,143,0.17859123647212982
2026/05/14 10:51:38,144,0.1195751279592514
2026/05/14 10:51:39,144,0.13729847967624664
2026/05/14 10:51:40,144,0.15669846534729004
2026/05/14 10:51:41,144,0.30142679810523987
2026/05/14 10:51:42,145,0.09633295238018036
2026/05/14 10:51:43,146,0.21174867451190948
2026/05/14 10:51:44,147,0.5250375866889954
2026/05/14 10:51:45,148,0.47833287715911865
2026/05/14 10:51:46,150,0.17765595018863678
2026/05/14 10:51:47,151,0.265872061252594
2026/05/14 10:51:48,152,0.12108034640550613
2026/05/14 10:51:49,153,0.3177439272403717
2026/05/14 10:51:50,154,0.38562947511672974
2026/05/14 10:51:51,156,0.5116780400276184
2026/05/14 10:51:52,157,0.37971171736717224
2026/05/14 10:51:53,158,0.22266411781311035
2026/05/14 10:51:54,159,0.1850270926952362
2026/05/14 10:51:55,160,0.25694358348846436
2026/05/14 10:51:56,161,0.21936504542827606
2026/05/14 10:51:57,161,0.3832489252090454
2026/05/14 10:51:58,163,0.4004403352737427
2026/05/14 10:51:59,164,0.20534415543079376
2026/05/14 10:52:00,165,0.15647444128990173
2026/05/14 10:52:01,165,0.15090243518352509
2026/05/14 10:52:02,166,0.2550004720687866
2026/05/14 10:52:03,166,0.17192313075065613
2026/05/14 10:52:04,167,0.20108474791049957
2026/05/14 10:52:05,167,0.03831739351153374
2026/05/14 10:52:06,167,0.04230949282646179
2026/05/14 10:52:07,167,0.039132460951805115
2026/05/14 10:52:08,167,0.20392942428588867
2026/05/14 10:52:09,167,0.12417953461408615
2026/05/14 10:52:10,167,0.08421306312084198
2026/05/14 10:52:11,167,0.09008681029081345
2026/05/14 10:52:12,167,0.07895466685295105
2026/05/14 10:52:13,167,0.0977189764380455
2026/05/14 10:52:14,168,0.07581838220357895
2026/05/14 10:52:15,168,0.10580559819936752
2026/05/14 10:52:16,168,0.17068243026733398
2026/05/14 10:52:17,168,0.05583365261554718
2026/05/14 10:52:18,168,0.14018407464027405
2026/05/14 10:52:19,168,0.14318659901618958
2026/05/14 10:52:20,168,0.2219424694776535
2026/05/14 10:52:21,168,0.16879743337631226
2026/05/14 10:52:22,168,0.28424981236457825
2026/05/14 10:52:23,168,0.11281768232584
2026/05/14 10:52:24,167,0.08974586427211761
2026/05/14 10:52:25,167,0.08478312194347382
2026/05/14 10:52:26,167,0.08478400111198425
2026/05/14 10:52:27,166,0.07930830121040344
2026/05/14 10:52:28,166,0.1090274304151535
2026/05/14 10:52:29,166,0.11214563995599747
2026/05/14 10:52:30,166,0.12671545147895813
2026/05/14 10:52:31,166,0.15457060933113098
2026/05/14 10:52:32,166,0.131020650267601
2026/05/14 10:52:33,166,0.07659489661455154
2026/05/14 10:52:34,166,0.11738935112953186
2026/05/14 10:52:35,165,0.12884478271007538
2026/05/14 10:52:36,164,0.1773124635219574
2026/05/14 10:52:37,164,0.09650281071662903
2026/05/14 10:52:38,163,0.09739851951599121
2026/05/14 10:52:39,163,0.11918093264102936
2026/05/14 10:52:40,162,0.32202234864234924
2026/05/14 10:52:41,161,0.23500163853168488
2026/05/14 10:52:42,160,0.1287834495306015
2026/05/14 10:52:43,159,0.14164365828037262
2026/05/14 10:52:44,158,0.21769468486309052
2026/05/14 10:52:45,157,0.8053624033927917
2026/05/14 10:52:46,155,0.7413862347602844
2026/05/14 10:52:47,154,0.7366136908531189
2026/05/14 10:52:48,153,0.3854292035102844
2026/05/14 10:52:49,152,0.5092812776565552
2026/05/14 10:52:50,151,0.3101203143596649
2026/05/14 10:52:51,150,0.2182815819978714
2026/05/14 10:52:52,149,0.14780853688716888
2026/05/14 10:52:53,148,0.16831868886947632
2026/05/14 10:52:54,147,0.1603737324476242
2026/05/14 10:52:55,146,0.1337841898202896
2026/05/14 10:52:56,145,0.17220529913902283
2026/05/14 10:52:57,144,0.1291399598121643
2026/05/14 10:52:58,142,0.19567620754241943
2026/05/14 10:52:59,141,0.315650075674057
2026/05/14 10:53:00,140,0.2076173722743988
2026/05/14 10:53:01,139,0.17288188636302948
2026/05/14 10:53:02,138,0.10691363364458084
2026/05/14 10:53:03,138,0.12563613057136536
2026/05/14 10:53:04,138,0.1026826724410057
2026/05/14 10:53:05,138,0.09595412015914917
2026/05/14 10:53:06,138,0.11508958041667938
2026/05/14 10:53:07,138,0.09639758616685867
2026/05/14 10:53:08,138,0.13013748824596405
2026/05/14 10:53:09,139,0.2631463408470154
2026/05/14 10:53:10,140,0.15107323229312897
2026/05/14 10:53:11,140,0.09017667919397354
2026/05/14 10:53:12,142,0.10745076835155487
2026/05/14 10:53:13,143,0.1510598510503769
2026/05/14 10:53:14,144,0.17177899181842804
2026/05/14 10:53:15,144,0.3775985538959503
2026/05/14 10:53:16,145,0.23904375731945038
2026/05/14 10:53:17,145,0.19326548278331757
2026/05/14 10:53:18,144,0.11422944813966751
2026/05/14 10:53:19,144,0.1476476490497589
2026/05/14 10:53:20,142,0.10476503521203995
2026/05/14 10:53:21,141,0.12462621182203293
2026/05/14 10:53:22,141,0.10171043127775192
2026/05/14 10:53:23,140,0.13192886114120483
2026/05/14 10:53:24,140,0.10345086455345154
2026/05/14 10:53:25,140,0.08957163989543915
2026/05/14 10:53:26,140,0.0851268470287323
2026/05/14 10:53:27,141,0.1474757045507431
2026/05/14 10:53:28,141,0.18778498470783234
2026/05/14 10:53:29,142,0.12988503277301788
2026/05/14 10:53:30,142,0.22465330362319946
2026/05/14 10:53:31,142,0.19869288802146912
2026/05/14 10:53:32,141,0.14926780760288239
2026/05/14 10:53:33,140,0.08308239281177521
2026/05/14 10:53:34,140,0.0928252562880516
2026/05/14 10:53:35,139,0.07370197027921677
2026/05/14 10:53:36,139,0.18036368489265442
2026/05/14 10:53:37,139,0.0757090225815773
2026/05/14 10:53:38,139,0.10665670037269592
2026/05/14 10:53:39,140,0.1590067595243454
2026/05/14 10:53:40,140,0.08175256103277206
2026/05/14 10:53:41,141,0.05680526793003082
2026/05/14 10:53:42,141,0.05855872109532356
2026/05/14 10:53:43,142,0.05602338910102844
2026/05/14 10:53:44,142,0.13483352959156036
2026/05/14 10:53:45,142,0.07879947870969772
2026/05/14 10:53:46,142,0.0822017565369606
2026/05/14 10:53:47,142,0.08193077147006989
2026/05/14 10:53:48,142,0.08217723667621613
2026/05/14 10:53:49,141,0.08240620046854019
2026/05/14 10:53:50,141,0.09048835933208466
2026/05/14 10:53:51,140,0.0857795998454094
2026/05/14 10:53:52,140,0.08466863632202148
2026/05/14 10:53:53,139,0.08042170107364655
2026/05/14 10:53:54,138,0.0819844976067543
2026/05/14 10:53:55,137,0.08145930618047714
2026/05/14 10:53:56,136,0.08101589977741241
2026/05/14 10:53:57,136,0.08142685145139694
2026/05/14 10:53:58,135,0.08145351707935333
2026/05/14 10:53:59,134,0.08193446695804596
2026/05/14 10:54:00,133,0.0826069787144661
2026/05/14 10:54:01,133,0.08192083239555359
2026/05/14 10:54:02,132,0.08603028953075409
2026/05/14 10:54:03,132,0.08880502730607986
2026/05/14 10:54:04,131,0.08640067279338837
2026/05/14 10:54:05,130,0.08737940341234207
2026/05/14 10:54:06,130,0.09013757854700089
2026/05/14 10:54:07,129,0.08132702857255936
2026/05/14 10:54:08,129,0.0816720500588417
2026/05/14 10:54:09,128,0.08341745287179947
2026/05/14 10:54:10,128,0.08333680778741837
2026/05/14 10:54:11,128,0.08175712823867798
2026/05/14 10:54:12,128,0.08175823092460632
2026/05/14 10:54:13,128,0.08263088762760162
2026/05/14 10:54:14,128,0.08245015889406204
2026/05/14 10:54:15,129,0.08173450082540512
2026/05/14 10:54:16,129,0.08290347456932068
2026/05/14 10:54:17,129,0.08197737485170364
2026/05/14 10:54:18,129,0.08287633210420609
2026/05/14 10:54:19,129,0.08296281844377518
2026/05/14 10:54:20,129,0.08173669874668121
2026/05/14 10:54:21,129,0.08183300495147705
2026/05/14 10:54:22,129,0.08195137232542038
2026/05/14 10:54:23,129,0.08231446146965027
2026/05/14 10:54:24,128,0.08383191376924515
2026/05/14 10:54:25,128,0.08039113134145737
2026/05/14 10:54:26,128,0.09160381555557251
2026/05/14 10:54:27,127,0.10583269596099854
2026/05/14 10:54:28,126,0.08838506788015366
2026/05/14 10:54:29,126,0.08133456856012344
2026/05/14 10:54:30,125,0.08211839199066162
2026/05/14 10:54:31,124,0.08368226885795593
2026/05/14 10:54:32,124,0.09379185736179352
2026/05/14 10:54:33,124,0.08126566559076309
2026/05/14 10:54:34,124,0.08726824074983597
2026/05/14 10:54:35,124,0.08322245627641678
2026/05/14 10:54:36,124,0.0824042335152626
2026/05/14 10:54:37,125,0.08256065100431442
2026/05/14 10:54:38,125,0.08495192229747772
2026/05/14 10:54:39,125,0.0825757309794426
2026/05/14 10:54:40,126,0.08353187143802643
2026/05/14 10:54:41,126,0.09462296217679977
2026/05/14 10:54:42,126,0.07807798683643341
2026/05/14 10:54:43,127,0.1057630255818367
2026/05/14 10:54:44,127,0.09684798866510391
2026/05/14 10:54:45,127,0.09419703483581543
2026/05/14 10:54:46,126,0.058402445167303085
2026/05/14 10:54:47,126,0.12131581455469131
2026/05/14 10:54:48,126,0.08228567242622375
2026/05/14 10:54:49,126,0.0833963006734848
2026/05/14 10:54:50,126,0.0823400467634201
2026/05/14 10:54:51,126,0.15462817251682281
2026/05/14 10:54:52,127,0.10673877596855164
2026/05/14 10:54:53,127,0.17399916052818298
2026/05/14 10:54:54,126,0.17576119303703308
2026/05/14 10:54:55,126,0.08057177066802979
2026/05/14 10:54:56,125,0.08241414278745651
2026/05/14 10:54:57,125,0.08224756270647049
2026/05/14 10:54:58,124,0.0830855742096901
2026/05/14 10:54:59,124,0.08543752133846283
2026/05/14 10:55:00,124,0.12600721418857574
2026/05/14 10:55:01,124,0.1441178023815155
2026/05/14 10:55:02,124,0.09037034213542938
2026/05/14 10:55:03,124,0.07829310745000839
2026/05/14 10:55:04,124,0.08512741327285767
2026/05/14 10:55:05,124,0.12319844216108322
2026/05/14 10:55:06,124,0.04953743517398834
2026/05/14 10:55:07,124,0.06053203344345093
2026/05/14 10:55:08,124,0.05862044915556908
2026/05/14 10:55:09,124,0.07436255365610123
2026/05/14 10:55:10,124,0.10324815660715103
2026/05/14 10:55:11,124,0.08495438098907471
2026/05/14 10:55:12,125,0.08521082997322083
2026/05/14 10:55:13,125,0.0854002833366394
2026/05/14 10:55:14,126,0.08393950015306473
2026/05/14 10:55:15,127,0.08371736109256744
2026/05/14 10:55:16,127,0.08343887329101562
2026/05/14 10:55:17,127,0.08298089355230331
2026/05/14 10:55:18,127,0.08371525257825851
2026/05/14 10:55:19,127,0.08318762481212616
2026/05/14 10:55:20,127,0.08172815293073654
2026/05/14 10:55:21,127,0.09137074649333954
2026/05/14 10:55:22,127,0.07890642434358597
2026/05/14 10:55:23,126,0.08932537585496902
2026/05/14 10:55:24,126,0.08579061180353165
2026/05/14 10:55:25,127,0.0832001343369484
2026/05/14 10:55:26,126,0.08291914314031601
2026/05/14 10:55:27,126,0.08426858484745026
2026/05/14 10:55:28,126,0.08322843909263611
2026/05/14 10:55:29,126,0.08380353450775146
2026/05/14 10:55:30,126,0.12107885628938675
2026/05/14 10:55:31,126,0.06796487420797348
2026/05/14 10:55:32,126,0.05265600234270096
2026/05/14 10:55:33,126,0.12899857759475708
2026/05/14 10:55:34,126,0.08392555266618729
2026/05/14 10:55:35,126,0.08838503062725067
2026/05/14 10:55:36,125,0.0858611986041069
2026/05/14 10:55:37,125,0.0875687301158905
2026/05/14 10:55:38,125,0.0822715014219284
2026/05/14 10:55:39,125,0.08244065940380096
2026/05/14 10:55:40,125,0.08195013552904129
2026/05/14 10:55:41,125,0.08344397693872452
2026/05/14 10:55:42,125,0.08546878397464752
2026/05/14 10:55:43,126,0.07998194545507431
2026/05/14 10:55:44,126,0.08220513164997101
2026/05/14 10:55:45,126,0.08475697040557861
2026/05/14 10:55:46,127,0.08182022720575333
2026/05/14 10:55:47,127,0.08196665346622467
2026/05/14 10:55:48,127,0.08159169554710388
2026/05/14 10:55:49,128,0.08360661566257477
2026/05/14 10:55:50,128,0.08347322046756744
2026/05/14 10:55:51,128,0.08205649256706238
2026/05/14 10:55:52,127,0.08304032683372498
2026/05/14 10:55:53,127,0.08367376029491425
2026/05/14 10:55:54,126,0.08247792720794678
2026/05/14 10:55:55,126,0.08112610131502151
2026/05/14 10:55:56,125,0.08261267840862274
2026/05/14 10:55:57,124,0.08341845870018005
2026/05/14 10:55:58,123,0.08200166374444962
2026/05/14 10:55:59,123,0.08288971334695816
2026/05/14 10:56:00,123,0.08336543291807175
2026/05/14 10:56:01,122,0.08236400783061981
2026/05/14 10:56:02,122,0.08937311172485352
2026/05/14 10:56:03,122,0.07523179054260254
2026/05/14 10:56:04,122,0.13146120309829712
2026/05/14 10:56:05,122,0.12078242003917694
2026/05/14 10:56:06,122,0.11681071668863297
2026/05/14 10:56:07,122,0.12149336189031601
2026/05/14 10:56:08,122,0.22174416482448578
2026/05/14 10:56:09,122,0.17252466082572937
2026/05/14 10:56:10,122,0.16252438724040985
2026/05/14 10:56:11,122,0.09004046767950058
2026/05/14 10:56:12,122,0.12199774384498596
2026/05/14 10:56:13,122,0.11777742207050323
2026/05/14 10:56:14,121,0.19586628675460815
2026/05/14 10:56:15,121,0.11051499843597412
2026/05/14 10:56:16,121,0.19352881610393524
2026/05/14 10:56:17,122,0.18474385142326355
2026/05/14 10:56:18,123,0.16669224202632904
2026/05/14 10:56:19,123,0.19232162833213806
2026/05/14 10:56:20,124,0.17957738041877747
2026/05/14 10:56:21,124,0.18269549310207367
2026/05/14 10:56:22,124,0.12488123029470444
2026/05/14 10:56:23,125,0.2095624953508377
2026/05/14 10:56:24,124,0.2535898685455322
2026/05/14 10:56:25,124,0.14739912748336792
2026/05/14 10:56:26,123,0.1981753706932068
2026/05/14 10:56:27,123,0.19177551567554474
2026/05/14 10:56:28,122,0.1691616177558899
2026/05/14 10:56:29,122,0.10382600873708725
2026/05/14 10:56:30,121,0.11595634371042252
2026/05/14 10:56:31,121,0.10602201521396637
2026/05/14 10:56:32,121,0.13207432627677917
2026/05/14 10:56:33,121,0.17669737339019775
2026/05/14 10:56:34,121,0.19856150448322296
2026/05/14 10:56:35,121,0.19024258852005005
2026/05/14 10:56:36,122,0.1976359784603119
2026/05/14 10:56:37,122,0.1555253118276596
2026/05/14 10:56:38,122,0.2796023190021515
2026/05/14 10:56:39,123,0.16442465782165527
2026/05/14 10:56:40,123,0.23963479697704315
2026/05/14 10:56:41,123,0.254265159368515
2026/05/14 10:56:42,123,0.25143173336982727
2026/05/14 10:56:43,123,0.21027767658233643
2026/05/14 10:56:44,124,0.20115193724632263
2026/05/14 10:56:45,125,0.201435849070549
2026/05/14 10:56:46,125,0.16646109521389008
2026/05/14 10:56:47,126,0.15121214091777802
2026/05/14 10:56:48,126,0.10619185864925385
2026/05/14 10:56:49,127,0.19566404819488525
2026/05/14 10:56:50,127,0.20304226875305176
2026/05/14 10:56:51,127,0.14774371683597565
2026/05/14 10:56:52,127,0.19406040012836456
2026/05/14 10:56:53,126,0.22664643824100494
2026/05/14 10:56:54,126,0.21786633133888245
2026/05/14 10:56:55,125,0.2233513444662094
2026/05/14 10:56:56,125,0.23531846702098846
2026/05/14 10:56:57,125,0.26072853803634644
2026/05/14 10:56:58,124,0.21588975191116333
2026/05/14 10:56:59,124,0.11150190979242325
2026/05/14 10:57:00,123,0.17146876454353333
2026/05/14 10:57:01,122,0.12957647442817688
2026/05/14 10:57:02,122,0.14079757034778595
2026/05/14 10:57:03,122,0.08733724802732468
2026/05/14 10:57:04,122,0.06718189269304276
2026/05/14 10:57:05,123,0.09129833430051804
2026/05/14 10:57:06,123,0.13431714475154877
2026/05/14 10:57:07,123,0.16538327932357788
2026/05/14 10:57:08,124,0.08709448575973511
2026/05/14 10:57:09,124,0.13330118358135223
2026/05/14 10:57:10,125,0.16681982576847076
2026/05/14 10:57:11,125,0.2868662476539612
2026/05/14 10:57:12,125,0.5766798257827759
2026/05/14 10:57:13,125,0.13914714753627777
2026/05/14 10:57:14,125,0.07782208174467087
2026/05/14 10:57:15,124,0.12329108268022537
2026/05/14 10:57:16,124,0.3450382351875305
2026/05/14 10:57:17,124,0.6173515915870667
2026/05/14 10:57:18,124,0.43615636229515076
2026/05/14 10:57:19,124,0.2820323705673218
2026/05/14 10:57:20,124,0.23357897996902466
2026/05/14 10:57:21,124,0.2183508425951004
2026/05/14 10:57:22,124,0.129024937748909
2026/05/14 10:57:23,124,0.11279541254043579
2026/05/14 10:57:24,124,0.11796820163726807
2026/05/14 10:57:25,123,0.38315334916114807
2026/05/14 10:57:26,124,0.647491991519928
2026/05/14 10:57:27,124,0.12594538927078247
2026/05/14 10:57:28,124,0.10161847621202469
2026/05/14 10:57:29,124,0.09080888330936432
2026/05/14 10:57:30,124,0.09345735609531403
2026/05/14 10:57:31,124,0.34261128306388855
2026/05/14 10:57:32,125,0.3780551254749298
2026/05/14 10:57:33,125,0.12081916630268097
2026/05/14 10:57:34,128,0.09949225932359695
2026/05/14 10:57:35,130,0.21250534057617188
2026/05/14 10:57:36,132,0.18659499287605286
2026/05/14 10:57:37,133,0.45406657457351685
2026/05/14 10:57:38,135,0.09589530527591705
2026/05/14 10:57:39,136,0.11089237034320831
2026/05/14 10:57:40,137,0.04892096295952797
2026/05/14 10:57:41,138,0.28621628880500793
2026/05/14 10:57:42,138,0.36965781450271606
2026/05/14 10:57:43,139,0.15417608618736267
2026/05/14 10:57:44,140,0.09475665539503098
2026/05/14 10:57:45,141,0.06802811473608017
2026/05/14 10:57:46,141,0.2447773963212967
2026/05/14 10:57:47,142,0.5185126066207886
2026/05/14 10:57:48,142,0.4753340482711792
2026/05/14 10:57:49,143,0.16360731422901154
2026/05/14 10:57:50,143,0.09968549013137817
2026/05/14 10:57:51,143,0.09552453458309174
2026/05/14 10:57:52,143,0.08522996306419373
2026/05/14 10:57:53,143,0.11765780299901962
2026/05/14 10:57:54,144,0.3460787832736969
2026/05/14 10:57:55,144,0.1576722115278244
2026/05/14 10:57:56,144,0.10102362185716629
2026/05/14 10:57:57,145,0.08964609354734421
2026/05/14 10:57:58,145,0.5165352821350098
2026/05/14 10:57:59,145,0.25857096910476685
2026/05/14 10:58:00,145,0.3082716763019562
2026/05/14 10:58:01,146,0.18166331946849823
2026/05/14 10:58:02,146,0.25922664999961853
2026/05/14 10:58:03,146,0.15556244552135468
2026/05/14 10:58:04,146,0.15252187848091125
2026/05/14 10:58:05,146,0.09815823286771774
2026/05/14 10:58:06,146,0.20945888757705688
2026/05/14 10:58:07,147,0.39851704239845276
2026/05/14 10:58:08,147,0.3674165606498718
2026/05/14 10:58:09,148,0.07764660567045212
2026/05/14 10:58:10,147,0.09629876166582108
2026/05/14 10:58:11,147,0.5242724418640137
2026/05/14 10:58:12,146,0.46120357513427734
2026/05/14 10:58:13,146,0.15706831216812134
2026/05/14 10:58:14,145,0.1698245257139206
2026/05/14 10:58:15,144,0.44090792536735535
2026/05/14 10:58:16,144,0.5594408512115479
2026/05/14 10:58:17,143,0.11501851677894592
2026/05/14 10:58:18,142,0.06863518059253693
2026/05/14 10:58:19,141,0.10520324110984802
2026/05/14 10:58:20,141,0.20714114606380463
2026/05/14 10:58:21,141,0.26937052607536316
2026/05/14 10:58:22,141,0.05408947914838791
2026/05/14 10:58:23,141,0.10487471520900726
2026/05/14 10:58:24,141,0.29776665568351746
2026/05/14 10:58:25,141,0.16377659142017365
2026/05/14 10:58:26,140,0.17659910023212433
2026/05/14 10:58:27,139,0.2025378942489624
2026/05/14 10:58:28,139,0.1462721824645996
2026/05/14 10:58:29,139,0.2173861563205719
2026/05/14 10:58:30,139,0.13585619628429413
2026/05/14 10:58:31,139,0.08990511298179626
2026/05/14 10:58:32,139,0.18911176919937134
2026/05/14 10:58:33,139,0.3587011396884918
2026/05/14 10:58:34,139,0.16268214583396912
2026/05/14 10:58:35,139,0.10455241054296494
2026/05/14 10:58:36,139,0.09663426131010056
2026/05/14 10:58:37,140,0.09938328713178635
2026/05/14 10:58:38,140,0.09247873723506927
2026/05/14 10:58:39,140,0.14653107523918152
2026/05/14 10:58:40,140,0.13683579862117767
2026/05/14 10:58:41,140,0.10963407903909683
2026/05/14 10:58:42,139,0.08532437682151794
2026/05/14 10:58:43,138,0.09045056253671646
2026/05/14 10:58:44,137,0.14333054423332214
2026/05/14 10:58:45,136,0.13921697437763214
2026/05/14 10:58:46,136,0.08614911139011383
2026/05/14 10:58:47,136,0.12878745794296265
2026/05/14 10:58:48,136,0.06375876814126968
2026/05/14 10:58:49,137,0.14745907485485077
2026/05/14 10:58:50,138,0.17296619713306427
2026/05/14 10:58:51,138,0.06658752262592316
2026/05/14 10:58:52,139,0.20022046566009521
2026/05/14 10:58:53,140,0.28900572657585144
2026/05/14 10:58:54,140,0.08595496416091919
2026/05/14 10:58:55,140,0.1127588078379631
2026/05/14 10:58:56,139,0.08685744553804398
2026/05/14 10:58:57,139,0.1138882040977478
2026/05/14 10:58:58,138,0.27200889587402344
2026/05/14 10:58:59,138,0.08426626026630402
2026/05/14 10:59:00,138,0.12790074944496155
2026/05/14 10:59:01,137,0.13382993638515472
2026/05/14 10:59:02,137,0.18336142599582672
2026/05/14 10:59:03,137,0.14764457941055298
2026/05/14 10:59:04,136,0.09714187681674957
2026/05/14 10:59:05,136,0.10050183534622192
2026/05/14 10:59:06,136,0.14026564359664917
2026/05/14 10:59:07,135,0.12137112766504288
2026/05/14 10:59:08,135,0.11299130320549011
2026/05/14 10:59:09,135,0.07817777991294861
2026/05/14 10:59:10,135,0.10539548099040985
2026/05/14 10:59:11,135,0.243046373128891
2026/05/14 10:59:12,135,0.3636380434036255
2026/05/14 10:59:13,135,0.1668318212032318
2026/05/14 10:59:14,135,0.1194351390004158
2026/05/14 10:59:15,135,0.08901528269052505
2026/05/14 10:59:16,134,0.19295714795589447
2026/05/14 10:59:17,134,0.2524830102920532
2026/05/14 10:59:18,134,0.2750292718410492
2026/05/14 10:59:19,133,0.1021643653512001
2026/05/14 10:59:20,133,0.23668399453163147
2026/05/14 10:59:21,132,0.1347469687461853
2026/05/14 10:59:22,132,0.12822595238685608
2026/05/14 10:59:23,132,0.07947183400392532
2026/05/14 10:59:24,131,0.08299681544303894
2026/05/14 10:59:25,131,0.11421260982751846
2026/05/14 10:59:26,131,0.11294575780630112
2026/05/14 10:59:27,131,0.1381479650735855
2026/05/14 10:59:28,131,0.11140573769807816
2026/05/14 10:59:29,132,0.10058960318565369
2026/05/14 10:59:30,132,0.21002767980098724
2026/05/14 10:59:31,133,0.07753672450780869
2026/05/14 10:59:32,133,0.0932612195611
2026/05/14 10:59:33,134,0.15788906812667847
2026/05/14 10:59:34,135,0.14431655406951904
2026/05/14 10:59:35,136,0.07590894401073456
2026/05/14 10:59:36,137,0.146028533577919
2026/05/14 10:59:37,137,0.2000817209482193
2026/05/14 10:59:38,138,0.12799739837646484
2026/05/14 10:59:39,138,0.07699640095233917
2026/05/14 10:59:40,138,0.10337349772453308
2026/05/14 10:59:41,138,0.07368578016757965
2026/05/14 10:59:42,138,0.0755709782242775
2026/05/14 10:59:43,138,0.10638900101184845
2026/05/14 10:59:44,137,0.09108364582061768
2026/05/14 10:59:45,137,0.18524296581745148
2026/05/14 10:59:46,136,0.34317243099212646
2026/05/14 10:59:47,136,0.07776636630296707
2026/05/14 10:59:48,136,0.12741023302078247
2026/05/14 10:59:49,135,0.1786542683839798
2026/05/14 10:59:50,135,0.27820512652397156
2026/05/14 10:59:51,135,0.24474795162677765
2026/05/14 10:59:52,135,0.30735793709754944
2026/05/14 10:59:53,135,0.10935851186513901
2026/05/14 10:59:54,136,0.16408896446228027
2026/05/14 10:59:55,136,0.25493016839027405
2026/05/14 10:59:56,137,0.15933004021644592
2026/05/14 10:59:57,138,0.10474692285060883
2026/05/14 10:59:58,138,0.12080245465040207
2026/05/14 10:59:59,138,0.342050164937973
2026/05/14 11:00:00,138,0.09428028762340546
2026/05/14 11:00:01,139,0.07181689888238907
2026/05/14 11:00:02,138,0.09238412976264954
2026/05/14 11:00:03,138,0.31029820442199707
2026/05/14 11:00:04,137,0.15152475237846375
2026/05/14 11:00:05,136,0.1067720502614975
2026/05/14 11:00:06,135,0.09239278733730316
2026/05/14 11:00:07,134,0.06900159269571304
2026/05/14 11:00:08,133,0.5675110220909119
2026/05/14 11:00:09,132,0.1167818233370781
2026/05/14 11:00:10,131,0.10934259742498398
2026/05/14 11:00:11,131,0.11119992285966873
2026/05/14 11:00:12,131,0.2670082449913025
2026/05/14 11:00:13,132,0.4679655134677887
2026/05/14 11:00:14,133,0.2061672955751419
2026/05/14 11:00:15,133,0.13719844818115234
2026/05/14 11:00:16,134,0.06545637547969818
2026/05/14 11:00:17,135,0.11575689166784286
2026/05/14 11:00:18,135,0.5271421670913696
2026/05/14 11:00:19,135,0.3004312813282013
2026/05/14 11:00:20,135,0.15619005262851715
2026/05/14 11:00:21,135,0.06144697591662407
2026/05/14 11:00:22,135,0.09866759181022644
2026/05/14 11:00:23,135,0.6847373843193054
2026/05/14 11:00:24,135,0.8185782432556152
2026/05/14 11:00:25,135,0.40784206986427307
2026/05/14 11:00:26,136,0.36913201212882996
2026/05/14 11:00:27,136,0.23028592765331268
2026/05/14 11:00:28,136,0.18914495408535004
2026/05/14 11:00:29,136,0.13779142498970032
2026/05/14 11:00:30,136,0.20520298182964325
2026/05/14 11:00:31,137,0.37139901518821716
2026/05/14 11:00:32,138,0.4050903916358948
2026/05/14 11:00:33,138,0.5328912138938904
2026/05/14 11:00:34,139,0.17132490873336792
2026/05/14 11:00:35,139,0.10554834455251694
2026/05/14 11:00:36,139,0.17114569246768951
2026/05/14 11:00:37,139,0.26494285464286804
2026/05/14 11:00:38,139,0.15040411055088043
2026/05/14 11:00:39,139,0.12425579130649567
2026/05/14 11:00:40,139,0.3118945360183716
2026/05/14 11:00:41,139,0.6430705785751343
2026/05/14 11:00:42,139,0.18761825561523438
2026/05/14 11:00:43,139,0.1264924854040146
2026/05/14 11:00:44,140,0.12124934047460556
2026/05/14 11:00:45,140,0.11604470759630203
2026/05/14 11:00:46,141,0.09154068678617477
2026/05/14 11:00:47,142,0.11010624468326569
2026/05/14 11:00:48,143,0.08943183720111847
2026/05/14 11:00:49,143,0.09138543158769608
2026/05/14 11:00:50,144,0.1295052468776703
2026/05/14 11:00:51,144,0.09106698632240295
2026/05/14 11:00:52,145,0.1455826461315155
2026/05/14 11:00:53,145,0.33911213278770447
2026/05/14 11:00:54,145,0.13959895074367523
2026/05/14 11:00:55,145,0.07843389362096786
2026/05/14 11:00:56,144,0.14367878437042236
2026/05/14 11:00:57,144,0.1987505406141281
2026/05/14 11:00:58,145,0.1264704018831253
2026/05/14 11:00:59,146,0.09233997762203217
2026/05/14 11:01:00,147,0.21609807014465332
2026/05/14 11:01:01,148,0.06921571493148804
2026/05/14 11:01:02,149,0.1311231106519699
2026/05/14 11:01:03,149,0.08444221317768097
2026/05/14 11:01:04,149,0.13976450264453888
2026/05/14 11:01:05,150,0.2423728108406067
2026/05/14 11:01:06,150,0.08805876225233078
2026/05/14 11:01:07,150,0.1387849897146225
2026/05/14 11:01:08,149,0.10418388992547989
2026/05/14 11:01:09,149,0.06389068067073822
2026/05/14 11:01:10,149,0.10155591368675232
2026/05/14 11:01:11,148,0.1597587764263153
2026/05/14 11:01:12,148,0.16469107568264008
2026/05/14 11:01:13,148,0.0732465460896492
2026/05/14 11:01:14,147,0.11793385446071625
2026/05/14 11:01:15,147,0.21727339923381805
2026/05/14 11:01:16,147,0.09769871085882187
2026/05/14 11:01:17,147,0.16656368970870972
2026/05/14 11:01:18,148,0.20744331181049347
2026/05/14 11:01:19,148,0.10841046273708344
2026/05/14 11:01:20,147,0.06946395337581635
2026/05/14 11:01:21,147,0.10943782329559326
2026/05/14 11:01:22,147,0.19261214137077332
2026/05/14 11:01:23,147,0.10790912061929703
2026/05/14 11:01:24,147,0.06867653876543045
2026/05/14 11:01:25,147,0.1836187094449997
2026/05/14 11:01:26,146,0.09359020739793777
2026/05/14 11:01:27,146,0.11047212034463882
2026/05/14 11:01:28,145,0.09168984740972519
2026/05/14 11:01:29,145,0.10738341510295868
2026/05/14 11:01:30,145,0.07858911901712418
2026/05/14 11:01:31,144,0.059290654957294464
2026/05/14 11:01:32,144,0.2655148208141327
2026/05/14 11:01:33,144,0.11882554739713669
2026/05/14 11:01:34,144,0.059727683663368225
2026/05/14 11:01:35,144,0.1611168086528778
2026/05/14 11:01:36,144,0.11655372381210327
2026/05/14 11:01:37,144,0.1446690857410431
2026/05/14 11:01:38,144,0.05621662363409996
2026/05/14 11:01:39,143,0.14218617975711823
2026/05/14 11:01:40,143,0.08452781289815903
2026/05/14 11:01:41,142,0.10205019265413284
2026/05/14 11:01:42,142,0.1130804643034935
2026/05/14 11:01:43,141,0.13978636264801025
2026/05/14 11:01:44,141,0.1394883543252945
2026/05/14 11:01:45,140,0.14386771619319916
2026/05/14 11:01:46,139,0.062324389815330505
2026/05/14 11:01:47,139,0.17916472256183624
2026/05/14 11:01:48,139,0.1978273242712021
2026/05/14 11:01:49,138,0.44896283745765686
2026/05/14 11:01:50,138,0.1691470593214035
2026/05/14 11:01:51,139,0.1869184672832489
2026/05/14 11:01:52,139,0.22579403221607208
2026/05/14 11:01:53,140,0.3160680830478668
2026/05/14 11:01:54,140,0.1769704967737198
2026/05/14 11:01:55,140,0.12042785435914993
2026/05/14 11:01:56,140,0.12659236788749695
2026/05/14 11:01:57,140,0.21201646327972412
2026/05/14 11:01:58,140,0.1519257128238678
2026/05/14 11:01:59,140,0.09848398715257645
2026/05/14 11:02:00,139,0.10934915393590927
2026/05/14 11:02:01,138,0.4072340428829193
2026/05/14 11:02:02,138,0.40859851241111755
2026/05/14 11:02:03,137,0.09465071558952332
2026/05/14 11:02:04,136,0.10283166915178299
2026/05/14 11:02:05,135,0.4311119019985199
2026/05/14 11:02:06,134,1.0024309158325195
2026/05/14 11:02:07,133,0.5002475380897522
2026/05/14 11:02:08,132,0.4162517189979553
2026/05/14 11:02:09,132,0.23486651480197906
2026/05/14 11:02:10,131,0.2881487011909485
2026/05/14 11:02:11,131,0.14765502512454987
2026/05/14 11:02:12,131,0.15720932185649872
2026/05/14 11:02:13,132,0.6191065907478333
2026/05/14 11:02:14,132,0.23991940915584564
2026/05/14 11:02:15,133,0.16784736514091492
2026/05/14 11:02:16,133,0.10894347727298737
2026/05/14 11:02:17,133,0.29263821244239807
2026/05/14 11:02:18,134,0.36827829480171204
2026/05/14 11:02:19,134,0.07309649139642715
2026/05/14 11:02:20,134,0.12203117460012436
2026/05/14 11:02:21,133,0.16710324585437775
2026/05/14 11:02:22,133,0.37988606095314026
2026/05/14 11:02:23,133,0.08560368418693542
2026/05/14 11:02:24,133,0.18173055350780487
2026/05/14 11:02:25,133,0.3638480305671692
2026/05/14 11:02:26,134,0.904962420463562
2026/05/14 11:02:27,134,0.450480580329895
2026/05/14 11:02:28,134,0.11736413836479187
2026/05/14 11:02:29,134,0.10827717930078506
2026/05/14 11:02:30,135,0.24382705986499786
2026/05/14 11:02:31,135,0.19796840846538544
2026/05/14 11:02:32,137,0.07698864489793777
2026/05/14 11:02:33,138,0.10802818834781647
2026/05/14 11:02:34,139,0.18321096897125244
2026/05/14 11:02:35,141,0.18817724287509918
2026/05/14 11:02:36,142,0.11621205508708954
2026/05/14 11:02:37,144,0.11027110368013382
2026/05/14 11:02:38,145,0.2553597390651703
2026/05/14 11:02:39,146,0.2511223554611206
2026/05/14 11:02:40,147,0.14034877717494965
2026/05/14 11:02:41,147,0.14834554493427277
2026/05/14 11:02:42,148,0.4634135961532593
2026/05/14 11:02:43,148,0.14554119110107422
2026/05/14 11:02:44,148,0.1791139394044876
2026/05/14 11:02:45,149,0.09355119615793228
2026/05/14 11:02:46,149,0.16513966023921967
2026/05/14 11:02:47,150,0.08183173835277557
2026/05/14 11:02:48,150,0.14108949899673462
2026/05/14 11:02:49,150,0.14302033185958862
2026/05/14 11:02:50,150,0.1838565170764923
2026/05/14 11:02:51,150,0.058175213634967804
2026/05/14 11:02:52,150,0.13716724514961243
2026/05/14 11:02:53,149,0.12401794642210007
2026/05/14 11:02:54,149,0.1331234723329544
2026/05/14 11:02:55,148,0.06237182021141052
2026/05/14 11:02:56,148,0.1285996437072754
2026/05/14 11:02:57,147,0.17831644415855408
2026/05/14 11:02:58,147,0.04840269312262535
2026/05/14 11:02:59,146,0.15058113634586334
2026/05/14 11:03:00,146,0.09190993756055832
2026/05/14 11:03:01,146,0.16949599981307983
2026/05/14 11:03:02,146,0.1445131152868271
2026/05/14 11:03:03,147,0.10593497008085251
2026/05/14 11:03:04,148,0.23067545890808105
2026/05/14 11:03:05,148,0.12037188559770584
2026/05/14 11:03:06,149,0.11890972405672073
2026/05/14 11:03:07,149,0.09764348715543747
2026/05/14 11:03:08,150,0.07375378906726837
2026/05/14 11:03:09,150,0.06331606954336166
2026/05/14 11:03:10,150,0.13851483166217804
2026/05/14 11:03:11,150,0.1291302740573883
2026/05/14 11:03:12,150,0.0642504021525383
2026/05/14 11:03:13,150,0.1026855856180191
2026/05/14 11:03:14,150,0.29815393686294556
2026/05/14 11:03:15,151,0.1840014010667801
2026/05/14 11:03:16,151,0.08756624907255173
2026/05/14 11:03:17,151,0.10362716019153595
2026/05/14 11:03:18,151,0.18035775423049927
2026/05/14 11:03:19,151,0.09231682121753693
2026/05/14 11:03:20,151,0.20448783040046692
2026/05/14 11:03:21,150,0.1547241508960724
2026/05/14 11:03:22,150,0.33138757944107056
2026/05/14 11:03:23,149,0.1476619839668274
2026/05/14 11:03:24,149,0.15741631388664246
2026/05/14 11:03:25,148,0.08529777824878693
2026/05/14 11:03:26,147,0.2222554236650467
2026/05/14 11:03:27,147,0.3172396719455719
2026/05/14 11:03:28,147,0.47224435210227966
2026/05/14 11:03:29,146,0.11626572161912918
2026/05/14 11:03:30,146,0.11660171300172806
2026/05/14 11:03:31,145,0.34989267587661743
2026/05/14 11:03:32,145,0.11566931754350662
2026/05/14 11:03:33,144,0.06929422914981842
2026/05/14 11:03:34,143,0.10290639102458954
2026/05/14 11:03:35,142,0.23316335678100586
2026/05/14 11:03:36,140,0.20416216552257538
2026/05/14 11:03:37,140,0.09371534734964371
2026/05/14 11:03:38,139,0.14113298058509827
2026/05/14 11:03:39,138,0.21896448731422424
2026/05/14 11:03:40,138,0.08262624591588974
2026/05/14 11:03:41,138,0.19908015429973602
2026/05/14 11:03:42,138,0.3561634123325348
2026/05/14 11:03:43,137,0.5856995582580566
2026/05/14 11:03:44,138,0.1434999406337738
2026/05/14 11:03:45,138,0.11975476145744324
2026/05/14 11:03:46,137,0.13173793256282806
2026/05/14 11:03:47,137,0.38380929827690125
2026/05/14 11:03:48,137,0.1306692659854889
2026/05/14 11:03:49,137,0.1640632152557373
2026/05/14 11:03:50,138,0.5001002550125122
2026/05/14 11:03:51,138,0.1959795504808426
2026/05/14 11:03:52,138,0.11016596108675003
2026/05/14 11:03:53,139,0.11501862108707428
2026/05/14 11:03:54,139,0.45603689551353455
2026/05/14 11:03:55,140,0.20944392681121826
2026/05/14 11:03:56,140,0.19870099425315857
2026/05/14 11:03:57,140,0.09898630529642105
2026/05/14 11:03:58,140,0.3355708420276642
2026/05/14 11:03:59,140,0.2335721254348755
2026/05/14 11:04:00,141,0.3024623394012451
2026/05/14 11:04:01,141,0.09378976374864578
2026/05/14 11:04:02,142,0.09931415319442749
2026/05/14 11:04:03,142,0.7667514085769653
2026/05/14 11:04:04,142,0.9332982301712036
2026/05/14 11:04:05,143,0.3714674115180969
2026/05/14 11:04:06,143,0.4608260989189148
2026/05/14 11:04:07,143,0.14096777141094208
2026/05/14 11:04:08,143,0.0793519914150238
2026/05/14 11:04:09,143,0.1076040267944336
2026/05/14 11:04:10,142,0.10121602565050125
2026/05/14 11:04:11,142,0.10307668894529343
2026/05/14 11:04:12,142,0.07614044100046158
2026/05/14 11:04:13,142,0.11215771734714508
2026/05/14 11:04:14,142,0.07680971920490265
2026/05/14 11:04:15,142,0.09703875333070755
2026/05/14 11:04:16,143,0.1689550131559372
2026/05/14 11:04:17,144,0.09703420102596283
2026/05/14 11:04:18,144,0.14364224672317505
2026/05/14 11:04:19,145,0.1088661327958107
2026/05/14 11:04:20,145,0.12430758774280548
2026/05/14 11:04:21,146,0.1241288110613823
2026/05/14 11:04:22,147,0.10269088298082352
2026/05/14 11:04:23,148,0.12118365615606308
2026/05/14 11:04:24,149,0.1080508604645729
2026/05/14 11:04:25,150,0.1164989024400711
2026/05/14 11:04:26,151,0.08103170990943909
2026/05/14 11:04:27,152,0.16260947287082672
2026/05/14 11:04:28,153,0.15521535277366638
2026/05/14 11:04:29,153,0.12088998407125473
2026/05/14 11:04:30,153,0.14773495495319366
2026/05/14 11:04:31,153,0.08301050215959549
2026/05/14 11:04:32,153,0.09305781871080399
2026/05/14 11:04:33,153,0.08480695635080338
2026/05/14 11:04:34,153,0.10454925894737244
2026/05/14 11:04:35,153,0.17972293496131897
2026/05/14 11:04:36,153,0.16935724020004272
2026/05/14 11:04:37,153,0.17945845425128937
2026/05/14 11:04:38,153,0.16938135027885437
2026/05/14 11:04:39,153,0.1753418892621994
2026/05/14 11:04:40,153,0.12783367931842804
2026/05/14 11:04:41,153,0.1488344520330429
2026/05/14 11:04:42,152,0.10794377326965332
2026/05/14 11:04:43,152,0.08114001154899597
2026/05/14 11:04:44,152,0.08404818177223206
2026/05/14 11:04:45,152,0.08392875641584396
2026/05/14 11:04:46,153,0.08256585150957108
2026/05/14 11:04:47,153,0.09272366762161255
2026/05/14 11:04:48,153,0.09868961572647095
2026/05/14 11:04:49,154,0.09636827558279037
2026/05/14 11:04:50,154,0.1007765531539917
2026/05/14 11:04:51,154,0.09973540157079697
2026/05/14 11:04:52,154,0.11916861683130264
2026/05/14 11:04:53,154,0.09568687528371811
2026/05/14 11:04:54,153,0.08695907890796661
2026/05/14 11:04:55,152,0.10021255165338516
2026/05/14 11:04:56,151,0.08269115537405014
2026/05/14 11:04:57,151,0.08860849589109421
2026/05/14 11:04:58,150,0.08750101178884506
2026/05/14 11:04:59,150,0.08710508048534393
2026/05/14 11:05:00,150,0.0840226486325264
2026/05/14 11:05:01,150,0.08948308974504471
2026/05/14 11:05:02,150,0.0939222052693367
2026/05/14 11:05:03,150,0.09135434031486511
2026/05/14 11:05:04,149,0.08054869621992111
2026/05/14 11:05:05,149,0.09183616191148758
2026/05/14 11:05:06,148,0.09054286032915115
2026/05/14 11:05:07,147,0.08578648418188095
2026/05/14 11:05:08,146,0.08732511848211288
2026/05/14 11:05:09,145,0.09165949374437332
2026/05/14 11:05:10,144,0.08595775812864304
2026/05/14 11:05:11,143,0.09013114869594574
2026/05/14 11:05:12,143,0.07550819963216782
2026/05/14 11:05:13,142,0.08785586059093475
2026/05/14 11:05:14,141,0.08916039019823074
2026/05/14 11:05:15,140,0.08913304656744003
2026/05/14 11:05:16,139,0.08883490413427353
2026/05/14 11:05:17,138,0.0799393579363823
2026/05/14 11:05:18,138,0.09004624933004379
2026/05/14 11:05:19,137,0.08499373495578766
2026/05/14 11:05:20,137,0.1470734030008316
2026/05/14 11:05:21,137,0.15768977999687195
2026/05/14 11:05:22,137,0.15465810894966125
2026/05/14 11:05:23,136,0.11555907875299454
2026/05/14 11:05:24,136,0.0857127234339714
2026/05/14 11:05:25,136,0.15266244113445282
2026/05/14 11:05:26,136,0.2612883448600769
2026/05/14 11:05:27,136,0.16598986089229584
2026/05/14 11:05:28,136,0.09668925404548645
2026/05/14 11:05:29,136,0.09876637160778046
2026/05/14 11:05:30,135,0.7975226640701294
2026/05/14 11:05:31,135,0.4118198752403259
2026/05/14 11:05:32,135,0.2288753092288971
2026/05/14 11:05:33,135,0.3530048131942749
2026/05/14 11:05:34,134,0.12163402140140533
2026/05/14 11:05:35,134,0.14581885933876038
2026/05/14 11:05:36,133,0.14914076030254364
2026/05/14 11:05:37,133,0.14350783824920654
2026/05/14 11:05:38,133,0.089152030646801
2026/05/14 11:05:39,133,0.229160875082016
2026/05/14 11:05:40,134,0.642224133014679
2026/05/14 11:05:41,135,0.6738713979721069
2026/05/14 11:05:42,135,0.09466895461082458
2026/05/14 11:05:43,136,0.12186291813850403
2026/05/14 11:05:44,136,0.25136247277259827
2026/05/14 11:05:45,136,0.5979305505752563
2026/05/14 11:05:46,135,0.1114010140299797
2026/05/14 11:05:47,135,0.21415582299232483
2026/05/14 11:05:48,134,0.422127902507782
2026/05/14 11:05:49,134,0.7077458500862122
2026/05/14 11:05:50,134,0.14337953925132751
2026/05/14 11:05:51,134,0.10116786509752274
2026/05/14 11:05:52,134,0.345937579870224
2026/05/14 11:05:53,135,0.36694619059562683
2026/05/14 11:05:54,136,0.09462439268827438
2026/05/14 11:05:55,136,0.16013126075267792
2026/05/14 11:05:56,137,0.34140080213546753
2026/05/14 11:05:57,138,0.4003986418247223
2026/05/14 11:05:58,139,0.10587223619222641
2026/05/14 11:05:59,140,0.10153508186340332
2026/05/14 11:06:00,140,0.3427540957927704
2026/05/14 11:06:01,141,0.10573030263185501
2026/05/14 11:06:02,142,0.07915961742401123
2026/05/14 11:06:03,142,0.25764644145965576
2026/05/14 11:06:04,143,0.3190527856349945
2026/05/14 11:06:05,143,0.0961364209651947
2026/05/14 11:06:06,144,0.09541522711515427
2026/05/14 11:06:07,145,0.08297263085842133
2026/05/14 11:06:08,145,0.11746273934841156
2026/05/14 11:06:09,145,0.15324810147285461
2026/05/14 11:06:10,145,0.3429591655731201
2026/05/14 11:06:11,145,0.16399458050727844
2026/05/14 11:06:12,145,0.36247342824935913
2026/05/14 11:06:13,145,0.1866709291934967
2026/05/14 11:06:14,145,0.28016361594200134
2026/05/14 11:06:15,146,0.15030311048030853
2026/05/14 11:06:16,146,0.21583591401576996
2026/05/14 11:06:17,147,0.2139786332845688
2026/05/14 11:06:18,147,0.17873594164848328
2026/05/14 11:06:19,148,0.13086049258708954
2026/05/14 11:06:20,148,0.31425994634628296
2026/05/14 11:06:21,148,0.18504886329174042
2026/05/14 11:06:22,148,0.17036928236484528
2026/05/14 11:06:23,147,0.137081578373909
2026/05/14 11:06:24,147,0.17995516955852509
2026/05/14 11:06:25,147,0.03749419003725052
2026/05/14 11:06:26,147,0.13243107497692108
2026/05/14 11:06:27,147,0.11658693104982376
2026/05/14 11:06:28,147,0.181610107421875
2026/05/14 11:06:29,147,0.11344209313392639
2026/05/14 11:06:30,147,0.2998868227005005
2026/05/14 11:06:31,147,0.711097240447998
2026/05/14 11:06:32,148,0.17736180126667023
2026/05/14 11:06:33,149,0.16185995936393738
2026/05/14 11:06:34,150,0.12385740876197815
2026/05/14 11:06:35,150,0.11409542709589005
2026/05/14 11:06:36,151,0.3187616169452667
2026/05/14 11:06:37,152,0.29422134160995483
2026/05/14 11:06:38,152,0.24167412519454956
2026/05/14 11:06:39,153,0.2865617871284485
2026/05/14 11:06:40,154,0.21944086253643036
2026/05/14 11:06:41,154,0.1720501184463501
2026/05/14 11:06:42,154,0.2849169373512268
2026/05/14 11:06:43,155,0.17227384448051453
2026/05/14 11:06:44,154,0.1798631101846695
2026/05/14 11:06:45,154,0.18713387846946716
2026/05/14 11:06:46,153,0.08844742923974991
2026/05/14 11:06:47,153,0.24935190379619598
2026/05/14 11:06:48,152,0.1880849003791809
2026/05/14 11:06:49,152,0.3436228632926941
2026/05/14 11:06:50,151,0.2276322841644287
2026/05/14 11:06:51,150,0.12373494356870651
2026/05/14 11:06:52,149,0.23699867725372314
2026/05/14 11:06:53,148,0.1240868791937828
2026/05/14 11:06:54,147,0.1460735946893692
2026/05/14 11:06:55,147,0.20562799274921417
2026/05/14 11:06:56,146,0.15303318202495575
2026/05/14 11:06:57,145,0.1718985140323639
2026/05/14 11:06:58,145,0.17553536593914032
2026/05/14 11:06:59,145,0.34773698449134827
2026/05/14 11:07:00,145,0.21602560579776764
2026/05/14 11:07:01,146,0.3637685477733612
2026/05/14 11:07:02,145,0.5621694326400757
2026/05/14 11:07:03,144,0.41906213760375977
2026/05/14 11:07:04,143,0.5796347856521606
2026/05/14 11:07:05,143,0.2976704239845276
2026/05/14 11:07:06,144,0.18936307728290558
2026/05/14 11:07:07,144,0.17561860382556915
2026/05/14 11:07:08,143,0.0779687836766243
2026/05/14 11:07:09,143,0.1849810630083084
2026/05/14 11:07:10,142,0.4659058153629303
2026/05/14 11:07:11,142,0.09893583506345749
2026/05/14 11:07:12,142,0.09950795769691467
2026/05/14 11:07:13,142,0.3391217589378357
2026/05/14 11:07:14,141,0.6030532717704773
2026/05/14 11:07:15,141,0.10021691769361496
2026/05/14 11:07:16,142,0.10950230062007904
2026/05/14 11:07:17,142,0.44601044058799744
2026/05/14 11:07:18,142,0.3102038502693176
2026/05/14 11:07:19,143,0.092753566801548
2026/05/14 11:07:20,144,0.08016931265592575
2026/05/14 11:07:21,144,0.13883469998836517
2026/05/14 11:07:22,145,0.6909266114234924
2026/05/14 11:07:23,146,0.6426406502723694
2026/05/14 11:07:24,146,0.1308775246143341
2026/05/14 11:07:25,147,0.11930554360151291
2026/05/14 11:07:26,147,0.264994740486145
2026/05/14 11:07:27,147,0.3218740224838257
2026/05/14 11:07:28,148,0.10929301381111145
2026/05/14 11:07:29,148,0.17236603796482086
2026/05/14 11:07:30,148,0.4713946282863617
2026/05/14 11:07:31,148,0.5473161935806274
2026/05/14 11:07:32,149,0.221516415476799
2026/05/14 11:07:33,149,0.17924395203590393
2026/05/14 11:07:34,149,0.09052863717079163
2026/05/14 11:07:35,149,0.2058919221162796
2026/05/14 11:07:36,149,0.17514480650424957
2026/05/14 11:07:37,150,0.18391036987304688
2026/05/14 11:07:38,150,0.14509350061416626
2026/05/14 11:07:39,150,0.19866017997264862
2026/05/14 11:07:40,150,0.30226370692253113
2026/05/14 11:07:41,151,0.579633891582489
2026/05/14 11:07:42,150,0.13356737792491913
2026/05/14 11:07:43,150,0.09851434826850891
2026/05/14 11:07:44,150,0.14860431849956512
2026/05/14 11:07:45,150,0.7773085236549377
2026/05/14 11:07:46,149,0.16896982491016388
2026/05/14 11:07:47,149,0.09462124854326248
2026/05/14 11:07:48,149,0.1290649026632309
2026/05/14 11:07:49,149,0.32322004437446594
2026/05/14 11:07:50,149,0.2585838735103607
2026/05/14 11:07:51,149,0.09763335436582565
2026/05/14 11:07:52,149,0.17337335646152496
2026/05/14 11:07:53,149,0.2421427220106125
2026/05/14 11:07:54,150,0.290548175573349
2026/05/14 11:07:55,150,0.13074293732643127
2026/05/14 11:07:56,150,0.2007298618555069
2026/05/14 11:07:57,151,0.22468528151512146
2026/05/14 11:07:58,151,0.2123878002166748
2026/05/14 11:07:59,151,0.5020809769630432
2026/05/14 11:08:00,151,0.8201993703842163
2026/05/14 11:08:01,151,0.8121209144592285
2026/05/14 11:08:02,151,0.7521604299545288
2026/05/14 11:08:03,150,0.6088461875915527
2026/05/14 11:08:04,150,0.4135274589061737
2026/05/14 11:08:05,150,0.28046098351478577
2026/05/14 11:08:06,150,0.7851242423057556
2026/05/14 11:08:07,150,0.8976798057556152
2026/05/14 11:08:08,149,0.7507134675979614
2026/05/14 11:08:09,148,0.8934335112571716
2026/05/14 11:08:10,147,0.8253123760223389
2026/05/14 11:08:11,146,0.9096875190734863
2026/05/14 11:08:12,146,0.46508046984672546
2026/05/14 11:08:13,145,0.18901664018630981
2026/05/14 11:08:14,144,0.2651677429676056
2026/05/14 11:08:15,144,0.35234421491622925
2026/05/14 11:08:16,142,0.177890345454216
2026/05/14 11:08:17,142,0.13614638149738312
2026/05/14 11:08:18,141,0.2467678040266037
2026/05/14 11:08:19,141,0.20904815196990967
2026/05/14 11:08:20,141,0.11626935005187988
2026/05/14 11:08:21,140,0.13073718547821045
2026/05/14 11:08:22,141,0.19703879952430725
2026/05/14 11:08:23,141,0.6226276159286499
2026/05/14 11:08:24,141,0.1587543487548828
2026/05/14 11:08:25,141,0.1222660019993782
2026/05/14 11:08:26,141,0.26131048798561096
2026/05/14 11:08:27,142,0.20485764741897583
2026/05/14 11:08:28,142,0.08935818821191788
2026/05/14 11:08:29,143,0.11625292152166367
2026/05/14 11:08:30,144,0.07610732316970825
2026/05/14 11:08:31,145,0.08548213541507721
2026/05/14 11:08:32,146,0.11305297166109085
2026/05/14 11:08:33,148,0.19453199207782745
2026/05/14 11:08:34,149,0.1096106767654419
2026/05/14 11:08:35,151,0.31042417883872986
2026/05/14 11:08:36,154,0.13938431441783905
2026/05/14 11:08:37,156,0.17184962332248688
2026/05/14 11:08:38,158,0.09674767404794693
2026/05/14 11:08:39,159,0.13148455321788788
2026/05/14 11:08:40,160,0.3091050982475281
2026/05/14 11:08:41,161,0.1916152834892273
2026/05/14 11:08:42,162,0.13769084215164185
2026/05/14 11:08:43,162,0.11398810148239136
2026/05/14 11:08:44,163,0.15087129175662994
2026/05/14 11:08:45,164,0.3010912537574768
2026/05/14 11:08:46,164,0.14834897220134735
2026/05/14 11:08:47,165,0.16658540070056915
2026/05/14 11:08:48,165,0.23222582042217255
2026/05/14 11:08:49,165,0.3840528726577759
2026/05/14 11:08:50,165,0.24411259591579437
2026/05/14 11:08:51,164,0.13627497851848602
2026/05/14 11:08:52,163,0.0853533148765564
2026/05/14 11:08:53,163,0.2627737820148468
2026/05/14 11:08:54,162,0.3375554382801056
2026/05/14 11:08:55,161,0.07768982648849487
2026/05/14 11:08:56,161,0.15570606291294098
2026/05/14 11:08:57,160,0.08212821930646896
2026/05/14 11:08:58,159,0.1638035923242569
2026/05/14 11:08:59,158,0.6571482419967651
2026/05/14 11:09:00,157,0.48936209082603455
2026/05/14 11:09:01,156,0.6552870869636536
2026/05/14 11:09:02,155,0.37285560369491577
2026/05/14 11:09:03,154,0.10812582075595856
2026/05/14 11:09:04,153,0.12627919018268585
2026/05/14 11:09:05,152,0.21254213154315948
2026/05/14 11:09:06,152,0.1826796680688858
2026/05/14 11:09:07,151,0.2823333442211151
2026/05/14 11:09:08,151,0.2418118268251419
2026/05/14 11:09:09,152,0.16003884375095367
2026/05/14 11:09:10,152,0.19969542324543
2026/05/14 11:09:11,152,0.2050931304693222
2026/05/14 11:09:12,152,0.2491154819726944
2026/05/14 11:09:13,153,0.26057904958724976
2026/05/14 11:09:14,152,0.19842953979969025
2026/05/14 11:09:15,152,0.3365667164325714
2026/05/14 11:09:16,151,0.3021583557128906
2026/05/14 11:09:17,151,0.15683160722255707
2026/05/14 11:09:18,150,0.08681679517030716
2026/05/14 11:09:19,149,0.12462987005710602
2026/05/14 11:09:20,148,0.5397979021072388
2026/05/14 11:09:21,147,0.38470977544784546
2026/05/14 11:09:22,146,0.1301676481962204
2026/05/14 11:09:23,145,0.35801294445991516
2026/05/14 11:09:24,144,0.45084139704704285
2026/05/14 11:09:25,144,0.5902690887451172
2026/05/14 11:09:26,143,0.18250147998332977
2026/05/14 11:09:27,143,0.0831030085682869
2026/05/14 11:09:28,143,0.11741091310977936
2026/05/14 11:09:29,144,0.0711129829287529
2026/05/14 11:09:30,145,0.12208718061447144
2026/05/14 11:09:31,146,0.21352270245552063
2026/05/14 11:09:32,147,0.09652210772037506
2026/05/14 11:09:33,147,0.2506020665168762
2026/05/14 11:09:34,148,0.623401939868927
2026/05/14 11:09:35,148,0.3033061921596527
2026/05/14 11:09:36,148,0.18261036276817322
2026/05/14 11:09:37,148,0.22399090230464935
2026/05/14 11:09:38,148,0.26149222254753113
2026/05/14 11:09:39,148,0.3004043400287628
2026/05/14 11:09:40,148,0.5161079168319702
2026/05/14 11:09:41,149,0.24560265243053436
2026/05/14 11:09:42,149,0.10801059007644653
2026/05/14 11:09:43,149,0.1853187531232834
2026/05/14 11:09:44,150,0.09340537339448929
2026/05/14 11:09:45,150,0.20062915980815887
2026/05/14 11:09:46,151,0.7381922006607056
2026/05/14 11:09:47,151,0.44567349553108215
2026/05/14 11:09:48,151,0.08564884215593338
2026/05/14 11:09:49,151,0.232913076877594
2026/05/14 11:09:50,151,0.28775590658187866
2026/05/14 11:09:51,152,0.4750734269618988
2026/05/14 11:09:52,151,0.16747821867465973
2026/05/14 11:09:53,151,0.10899244248867035
2026/05/14 11:09:54,150,0.1666097193956375
2026/05/14 11:09:55,150,0.20526628196239471
2026/05/14 11:09:56,150,0.46981924772262573
2026/05/14 11:09:57,150,0.13996800780296326
2026/05/14 11:09:58,150,0.13206030428409576
2026/05/14 11:09:59,150,0.1815602034330368
2026/05/14 11:10:00,150,0.28319403529167175
2026/05/14 11:10:01,149,0.16310258209705353
2026/05/14 11:10:02,149,0.22970107197761536
2026/05/14 11:10:03,149,0.1488810032606125
2026/05/14 11:10:04,149,0.08814996480941772
2026/05/14 11:10:05,149,0.07237941026687622
2026/05/14 11:10:06,149,0.08189752697944641
2026/05/14 11:10:07,149,0.08325235545635223
2026/05/14 11:10:08,150,0.07953790575265884
2026/05/14 11:10:09,150,0.08536186069250107
2026/05/14 11:10:10,150,0.07642277330160141
2026/05/14 11:10:11,150,0.07567384839057922
2026/05/14 11:10:12,149,0.07976920157670975
2026/05/14 11:10:13,148,0.08071493357419968
2026/05/14 11:10:14,149,0.0896533727645874
2026/05/14 11:10:15,150,0.13835595548152924
2026/05/14 11:10:16,150,0.3132530450820923
2026/05/14 11:10:17,150,0.23358801007270813
2026/05/14 11:10:18,150,0.0995752140879631
2026/05/14 11:10:19,149,0.0648755207657814
2026/05/14 11:10:20,150,0.1011059582233429
2026/05/14 11:10:21,150,0.08788372576236725
2026/05/14 11:10:22,151,0.08090385049581528
2026/05/14 11:10:23,151,0.0941505953669548
2026/05/14 11:10:24,151,0.08200409263372421
2026/05/14 11:10:25,151,0.07687032967805862
2026/05/14 11:10:26,152,0.08215117454528809
2026/05/14 11:10:27,153,0.08661703765392303
2026/05/14 11:10:28,153,0.11015462875366211
2026/05/14 11:10:29,153,0.0855274572968483
2026/05/14 11:10:30,154,0.09156453609466553
2026/05/14 11:10:31,155,0.07847044616937637
2026/05/14 11:10:32,155,0.12585285305976868
2026/05/14 11:10:33,156,0.08196748048067093
2026/05/14 11:10:34,156,0.12570354342460632
2026/05/14 11:10:35,156,0.07406323403120041
2026/05/14 11:10:36,156,0.14270423352718353
2026/05/14 11:10:37,155,0.1149001270532608
2026/05/14 11:10:38,154,0.1185017004609108
2026/05/14 11:10:39,154,0.09928751736879349
2026/05/14 11:10:40,153,0.10092633962631226
2026/05/14 11:10:41,152,0.16717246174812317
2026/05/14 11:10:42,152,0.5442284941673279
2026/05/14 11:10:43,151,0.18470636010169983
2026/05/14 11:10:44,151,0.10990621894598007
2026/05/14 11:10:45,150,0.10109242796897888
2026/05/14 11:10:46,149,0.22326458990573883
2026/05/14 11:10:47,149,0.10720643401145935
2026/05/14 11:10:48,148,0.07232276350259781
2026/05/14 11:10:49,148,0.07841576635837555
2026/05/14 11:10:50,147,0.11239974945783615
2026/05/14 11:10:51,146,0.14237232506275177
2026/05/14 11:10:52,144,0.07652810215950012
2026/05/14 11:10:53,143,0.08489526063203812
2026/05/14 11:10:54,141,0.44903185963630676
2026/05/14 11:10:55,140,0.1270579695701599
2026/05/14 11:10:56,138,0.08473963290452957
2026/05/14 11:10:57,137,0.10084956884384155
2026/05/14 11:10:58,135,0.6167202591896057
2026/05/14 11:10:59,135,0.2004828304052353
2026/05/14 11:11:00,134,0.11058194190263748
2026/05/14 11:11:01,134,0.12951695919036865
2026/05/14 11:11:02,134,0.07220650464296341
2026/05/14 11:11:03,134,0.1186898872256279
2026/05/14 11:11:04,134,0.10946514457464218
2026/05/14 11:11:05,134,0.4767657518386841
2026/05/14 11:11:06,134,0.22465965151786804
2026/05/14 11:11:07,135,0.20530104637145996
2026/05/14 11:11:08,135,0.09536835551261902
2026/05/14 11:11:09,135,0.13143739104270935
2026/05/14 11:11:10,135,0.2952451705932617
2026/05/14 11:11:11,135,0.15700481832027435
2026/05/14 11:11:12,135,0.15613891184329987
2026/05/14 11:11:13,135,0.160854771733284
2026/05/14 11:11:14,135,0.22409647703170776
2026/05/14 11:11:15,135,0.25422412157058716
2026/05/14 11:11:16,135,0.10353682935237885
2026/05/14 11:11:17,135,0.10346723347902298
2026/05/14 11:11:18,135,0.10615219175815582
2026/05/14 11:11:19,135,0.3025192320346832
2026/05/14 11:11:20,136,0.41655248403549194
2026/05/14 11:11:21,136,0.09955230355262756
2026/05/14 11:11:22,137,0.15678785741329193
2026/05/14 11:11:23,138,0.1264297217130661
2026/05/14 11:11:24,139,0.08645689487457275
2026/05/14 11:11:25,140,0.09756459295749664
2026/05/14 11:11:26,140,0.11069665104150772
2026/05/14 11:11:27,140,0.06729759275913239
2026/05/14 11:11:28,141,0.2293684184551239
2026/05/14 11:11:29,142,0.6375040411949158
2026/05/14 11:11:30,144,0.1210191622376442
2026/05/14 11:11:31,144,0.11675013601779938
2026/05/14 11:11:32,145,0.15537148714065552
2026/05/14 11:11:33,146,0.09456711262464523
2026/05/14 11:11:34,147,0.06512126326560974
2026/05/14 11:11:35,147,0.21960429847240448
2026/05/14 11:11:36,147,0.07614268362522125
2026/05/14 11:11:37,148,0.15060368180274963
2026/05/14 11:11:38,148,0.1152963787317276
2026/05/14 11:11:39,148,0.14767242968082428
2026/05/14 11:11:40,148,0.18038412928581238
2026/05/14 11:11:41,147,0.2552921175956726
2026/05/14 11:11:42,147,0.06724966317415237
2026/05/14 11:11:43,147,0.28031080961227417
2026/05/14 11:11:44,147,0.39914819598197937
2026/05/14 11:11:45,146,0.4548172354698181
2026/05/14 11:11:46,146,0.3401898741722107
2026/05/14 11:11:47,146,0.29616260528564453
2026/05/14 11:11:48,146,0.20248697698116302
2026/05/14 11:11:49,146,0.1457517296075821
2026/05/14 11:11:50,145,0.5255396962165833
2026/05/14 11:11:51,145,0.1920386105775833
2026/05/14 11:11:52,144,0.3175699710845947
2026/05/14 11:11:53,144,0.45500823855400085
2026/05/14 11:11:54,144,0.21898874640464783
2026/05/14 11:11:55,144,0.0942194014787674
2026/05/14 11:11:56,144,0.21312765777111053
2026/05/14 11:11:57,144,0.3557716906070709
2026/05/14 11:11:58,143,0.07663862407207489
2026/05/14 11:11:59,143,0.08226212114095688
2026/05/14 11:12:00,142,0.10399924963712692
2026/05/14 11:12:01,141,0.11009008437395096
2026/05/14 11:12:02,141,0.10362337529659271
2026/05/14 11:12:03,140,0.11875764280557632
2026/05/14 11:12:04,140,0.30545324087142944
2026/05/14 11:12:05,140,0.1950126588344574
2026/05/14 11:12:06,140,0.15381009876728058
2026/05/14 11:12:07,140,0.11803071200847626
2026/05/14 11:12:08,140,0.1555781066417694
2026/05/14 11:12:09,140,0.37596407532691956
2026/05/14 11:12:10,140,0.5430552363395691
2026/05/14 11:12:11,140,0.3086164891719818
2026/05/14 11:12:12,141,0.12275642901659012
2026/05/14 11:12:13,141,0.1379276067018509
2026/05/14 11:12:14,141,0.14400531351566315
2026/05/14 11:12:15,142,0.13380800187587738
2026/05/14 11:12:16,142,0.19183658063411713
2026/05/14 11:12:17,142,0.19164113700389862
2026/05/14 11:12:18,142,0.08644187450408936
2026/05/14 11:12:19,142,0.11279721558094025
2026/05/14 11:12:20,143,0.4969024360179901
2026/05/14 11:12:21,143,0.14376863837242126
2026/05/14 11:12:22,143,0.11385302245616913
2026/05/14 11:12:23,143,0.2380778193473816
2026/05/14 11:12:24,143,0.21657244861125946
2026/05/14 11:12:25,143,0.35175228118896484
2026/05/14 11:12:26,143,0.12688226997852325
2026/05/14 11:12:27,143,0.33241310715675354
2026/05/14 11:12:28,142,0.2805529832839966
2026/05/14 11:12:29,141,0.24608877301216125
2026/05/14 11:12:30,141,0.16272413730621338
2026/05/14 11:12:31,140,0.2009621113538742
2026/05/14 11:12:32,140,0.17109450697898865
2026/05/14 11:12:33,140,0.14145328104496002
2026/05/14 11:12:34,140,0.09196734428405762
2026/05/14 11:12:35,141,0.1330464780330658
2026/05/14 11:12:36,141,0.16944138705730438
2026/05/14 11:12:37,142,0.14041705429553986
2026/05/14 11:12:38,142,0.18383139371871948
2026/05/14 11:12:39,141,0.6251236796379089
2026/05/14 11:12:40,141,0.6374192237854004
2026/05/14 11:12:41,140,0.4370756149291992
2026/05/14 11:12:42,140,0.25789326429367065
2026/05/14 11:12:43,139,0.2688249945640564
2026/05/14 11:12:44,139,0.32038840651512146
2026/05/14 11:12:45,139,0.19956713914871216
2026/05/14 11:12:46,138,0.1324034184217453
2026/05/14 11:12:47,137,0.08741293102502823
2026/05/14 11:12:48,138,0.11264395713806152
2026/05/14 11:12:49,138,0.10791470855474472
2026/05/14 11:12:50,139,0.1490708738565445
2026/05/14 11:12:51,140,0.1938905566930771
2026/05/14 11:12:52,141,0.17235516011714935
2026/05/14 11:12:53,141,0.14532314240932465
2026/05/14 11:12:54,142,0.1245327964425087
2026/05/14 11:12:55,143,0.09724433720111847
2026/05/14 11:12:56,145,0.1581132560968399
2026/05/14 11:12:57,146,0.21961376070976257
2026/05/14 11:12:58,147,0.1966971904039383
2026/05/14 11:12:59,148,0.1618388146162033
2026/05/14 11:13:00,148,0.24395601451396942
2026/05/14 11:13:01,149,0.12724341452121735
2026/05/14 11:13:02,150,0.12344677746295929
2026/05/14 11:13:03,151,0.09391623735427856
2026/05/14 11:13:04,151,0.13156121969223022
2026/05/14 11:13:05,152,0.11580152064561844
2026/05/14 11:13:06,152,0.19009511172771454
2026/05/14 11:13:07,152,0.21343249082565308
2026/05/14 11:13:08,152,0.3703870177268982
2026/05/14 11:13:09,153,0.17649468779563904
2026/05/14 11:13:10,153,0.1753963828086853
2026/05/14 11:13:11,153,0.1405833512544632
2026/05/14 11:13:12,152,0.22421810030937195
2026/05/14 11:13:13,151,0.23179933428764343
2026/05/14 11:13:14,151,0.23514683544635773
2026/05/14 11:13:15,150,0.20796407759189606
2026/05/14 11:13:16,150,0.4099791646003723
2026/05/14 11:13:17,150,0.26630496978759766
2026/05/14 11:13:18,149,0.08506323397159576
2026/05/14 11:13:19,149,0.17295987904071808
2026/05/14 11:13:20,148,0.31596606969833374
2026/05/14 11:13:21,148,0.19630588591098785
2026/05/14 11:13:22,147,0.27497610449790955
2026/05/14 11:13:23,146,0.25542858242988586
2026/05/14 11:13:24,146,0.21349632740020752
2026/05/14 11:13:25,146,0.15409235656261444
2026/05/14 11:13:26,145,0.19011418521404266
2026/05/14 11:13:27,145,0.20301060378551483
2026/05/14 11:13:28,144,0.14075198769569397
2026/05/14 11:13:29,144,0.23438577353954315
2026/05/14 11:13:30,144,0.2708083987236023
2026/05/14 11:13:31,145,0.2325521856546402
2026/05/14 11:13:32,144,0.2593555748462677
2026/05/14 11:13:33,144,0.33270853757858276
2026/05/14 11:13:34,144,0.2026950567960739
2026/05/14 11:13:35,144,0.10892868041992188
2026/05/14 11:13:36,144,0.107183538377285
2026/05/14 11:13:37,143,0.09302850812673569
2026/05/14 11:13:38,143,0.3951350748538971
2026/05/14 11:13:39,142,0.6756566762924194
2026/05/14 11:13:40,142,0.7235053777694702
2026/05/14 11:13:41,141,0.5752915740013123
2026/05/14 11:13:42,141,0.20843476057052612
2026/05/14 11:13:43,140,0.21638347208499908
2026/05/14 11:13:44,140,0.20290899276733398
2026/05/14 11:13:45,139,0.14561410248279572
2026/05/14 11:13:46,139,0.20549161732196808
2026/05/14 11:13:47,138,0.20548874139785767
2026/05/14 11:13:48,138,0.11755091696977615
2026/05/14 11:13:49,137,0.10627004504203796
2026/05/14 11:13:50,137,0.09817352890968323
2026/05/14 11:13:51,137,0.10240038484334946
2026/05/14 11:13:52,137,0.09528748691082001
2026/05/14 11:13:53,138,0.09030481427907944
2026/05/14 11:13:54,138,0.10078805685043335
2026/05/14 11:13:55,138,0.08534185588359833
2026/05/14 11:13:56,139,0.08377080410718918
2026/05/14 11:13:57,140,0.08743418008089066
2026/05/14 11:13:58,141,0.08670016378164291
2026/05/14 11:13:59,142,0.08863253146409988
2026/05/14 11:14:00,142,0.1071879044175148
2026/05/14 11:14:01,143,0.07658172398805618
2026/05/14 11:14:02,142,0.07316961884498596
2026/05/14 11:14:03,142,0.10289344191551208
2026/05/14 11:14:04,142,0.16670659184455872
2026/05/14 11:14:05,142,0.1894572526216507
2026/05/14 11:14:06,143,0.17442432045936584
2026/05/14 11:14:07,143,0.14228695631027222
2026/05/14 11:14:08,144,0.26688918471336365
2026/05/14 11:14:09,145,0.28518882393836975
2026/05/14 11:14:10,146,0.20998385548591614
2026/05/14 11:14:11,147,0.17064444720745087
2026/05/14 11:14:12,149,0.17356103658676147
2026/05/14 11:14:13,150,0.3205746114253998
2026/05/14 11:14:14,151,0.5382009744644165
2026/05/14 11:14:15,152,0.21529364585876465
2026/05/14 11:14:16,154,0.2069840282201767
2026/05/14 11:14:17,154,0.19541098177433014
2026/05/14 11:14:18,155,0.2201106995344162
2026/05/14 11:14:19,156,0.2243032455444336
2026/05/14 11:14:20,155,0.16614729166030884
2026/05/14 11:14:21,155,0.22671929001808167
2026/05/14 11:14:22,155,0.17494003474712372
2026/05/14 11:14:23,155,0.2016373872756958
2026/05/14 11:14:24,154,0.16792024672031403
2026/05/14 11:14:25,154,0.4767966866493225
2026/05/14 11:14:26,155,0.16694268584251404
2026/05/14 11:14:27,155,0.14631588757038116
2026/05/14 11:14:28,154,0.12311144918203354
2026/05/14 11:14:29,154,0.23614180088043213
2026/05/14 11:14:30,153,0.3517967164516449
2026/05/14 11:14:31,152,0.21638919413089752
2026/05/14 11:14:32,151,0.28489333391189575
2026/05/14 11:14:33,150,0.18090182542800903
2026/05/14 11:14:34,149,0.20574796199798584
2026/05/14 11:14:35,148,0.24119991064071655
2026/05/14 11:14:36,147,0.1420951783657074
2026/05/14 11:14:37,146,0.13886921107769012
2026/05/14 11:14:38,144,0.12277716398239136
2026/05/14 11:14:39,143,0.2794666886329651
2026/05/14 11:14:40,141,0.13554801046848297
2026/05/14 11:14:41,140,0.38496845960617065
2026/05/14 11:14:42,139,0.6917160153388977
2026/05/14 11:14:43,138,0.10490917414426804
2026/05/14 11:14:44,138,0.1015392541885376
2026/05/14 11:14:45,137,0.3368813693523407
2026/05/14 11:14:46,137,0.11627160757780075
2026/05/14 11:14:47,138,0.18126964569091797
2026/05/14 11:14:48,138,0.09874576330184937
2026/05/14 11:14:49,138,0.3648563027381897
2026/05/14 11:14:50,138,0.19565564393997192
2026/05/14 11:14:51,138,0.05624229088425636
2026/05/14 11:14:52,138,0.04455183446407318
2026/05/14 11:14:53,138,0.4071638584136963
2026/05/14 11:14:54,137,0.09449341893196106
2026/05/14 11:14:55,137,0.08256169408559799
2026/05/14 11:14:56,136,0.09089478105306625
2026/05/14 11:14:57,135,0.1268237978219986
2026/05/14 11:14:58,134,0.19448202848434448
2026/05/14 11:14:59,132,0.16115228831768036
2026/05/14 11:15:00,131,0.09201978892087936
2026/05/14 11:15:01,129,0.08079560846090317
2026/05/14 11:15:02,128,0.1782892793416977
2026/05/14 11:15:03,127,0.5011631846427917
2026/05/14 11:15:04,126,0.26208293437957764
2026/05/14 11:15:05,125,0.12604711949825287
2026/05/14 11:15:06,125,0.1464783251285553
2026/05/14 11:15:07,126,0.20268239080905914
2026/05/14 11:15:08,126,0.2448013871908188
2026/05/14 11:15:09,126,0.10292607545852661
2026/05/14 11:15:10,126,0.08071103692054749
2026/05/14 11:15:11,127,0.1118704080581665
2026/05/14 11:15:12,128,0.15989840030670166
2026/05/14 11:15:13,128,0.20375315845012665
2026/05/14 11:15:14,130,0.15145522356033325
2026/05/14 11:15:15,131,0.15389899909496307
2026/05/14 11:15:16,133,0.15545059740543365
2026/05/14 11:15:17,134,0.15202756226062775
2026/05/14 11:15:18,136,0.1977178305387497
2026/05/14 11:15:19,137,0.1927463263273239
2026/05/14 11:15:20,138,0.2738732695579529
2026/05/14 11:15:21,139,0.13442860543727875
2026/05/14 11:15:22,140,0.18012294173240662
2026/05/14 11:15:23,141,0.2923043370246887
2026/05/14 11:15:24,142,0.3755577802658081
2026/05/14 11:15:25,142,0.2501846253871918
2026/05/14 11:15:26,143,0.24638032913208008
2026/05/14 11:15:27,143,0.10482104867696762
2026/05/14 11:15:28,144,0.19674651324748993
2026/05/14 11:15:29,144,0.16319549083709717
2026/05/14 11:15:30,144,0.152356818318367
2026/05/14 11:15:31,145,0.1507561206817627
2026/05/14 11:15:32,145,0.10767725110054016
2026/05/14 11:15:33,145,0.1014368087053299
2026/05/14 11:15:34,145,0.07864713668823242
2026/05/14 11:15:35,144,0.07368236035108566
2026/05/14 11:15:36,144,0.1981058418750763
2026/05/14 11:15:37,144,0.2538154423236847
2026/05/14 11:15:38,144,0.15135952830314636
2026/05/14 11:15:39,144,0.2927250564098358
2026/05/14 11:15:40,143,0.11021159589290619
2026/05/14 11:15:41,143,0.08613598346710205
2026/05/14 11:15:42,142,0.08578559756278992
2026/05/14 11:15:43,142,0.130711168050766
2026/05/14 11:15:44,142,0.08954253792762756
2026/05/14 11:15:45,141,0.10691932588815689
2026/05/14 11:15:46,141,0.11611682176589966
2026/05/14 11:15:47,141,0.10076327621936798
2026/05/14 11:15:48,140,0.16997171938419342
2026/05/14 11:15:49,140,0.10246985405683517
2026/05/14 11:15:50,139,0.09268167614936829
2026/05/14 11:15:51,138,0.13750365376472473
2026/05/14 11:15:52,137,0.12128444761037827
2026/05/14 11:15:53,136,0.12559446692466736
2026/05/14 11:15:54,135,0.08596210926771164
2026/05/14 11:15:55,134,0.10906637459993362
2026/05/14 11:15:56,133,0.13014189898967743
2026/05/14 11:15:57,132,0.09889452159404755
2026/05/14 11:15:58,131,0.09007388353347778
2026/05/14 11:15:59,131,0.12472952157258987
2026/05/14 11:16:00,130,0.11533859372138977
2026/05/14 11:16:01,129,0.10341844707727432
2026/05/14 11:16:02,129,0.08967000246047974
2026/05/14 11:16:03,129,0.11506181955337524
2026/05/14 11:16:04,128,0.0801704004406929
2026/05/14 11:16:05,128,0.07689833641052246
2026/05/14 11:16:06,128,0.0760335922241211
2026/05/14 11:16:07,128,0.07523832470178604
2026/05/14 11:16:08,128,0.07293064147233963
2026/05/14 11:16:09,127,0.08690366894006729
2026/05/14 11:16:10,128,0.09740699082612991
2026/05/14 11:16:11,128,0.09619399905204773
2026/05/14 11:16:12,128,0.0874926745891571
2026/05/14 11:16:13,128,0.08179688453674316
2026/05/14 11:16:14,128,0.08440183848142624
2026/05/14 11:16:15,129,0.08827531337738037
2026/05/14 11:16:16,129,0.08249029517173767
2026/05/14 11:16:17,130,0.08360505849123001
2026/05/14 11:16:18,131,0.08784814924001694
2026/05/14 11:16:19,132,0.08730801194906235
2026/05/14 11:16:20,133,0.08224929869174957
2026/05/14 11:16:21,134,0.07988321781158447
2026/05/14 11:16:22,135,0.08424776047468185
2026/05/14 11:16:23,135,0.08354128897190094
2026/05/14 11:16:24,136,0.08215305954217911
2026/05/14 11:16:25,137,0.08204696327447891
2026/05/14 11:16:26,138,0.08120182156562805
2026/05/14 11:16:27,138,0.082215815782547
2026/05/14 11:16:28,139,0.08225420117378235
2026/05/14 11:16:29,140,0.08226648718118668
2026/05/14 11:16:30,140,0.08214469999074936
2026/05/14 11:16:31,140,0.08221589773893356
2026/05/14 11:16:32,140,0.08136064559221268
2026/05/14 11:16:33,140,0.08198029547929764
2026/05/14 11:16:34,139,0.08168425410985947
2026/05/14 11:16:35,138,0.08157168328762054
2026/05/14 11:16:36,137,0.0821000263094902
2026/05/14 11:16:37,137,0.08218304067850113
2026/05/14 11:16:38,136,0.08246587216854095
2026/05/14 11:16:39,135,0.08209944516420364
2026/05/14 11:16:40,135,0.08163238316774368
2026/05/14 11:16:41,134,0.08285002410411835
2026/05/14 11:16:42,134,0.08150523155927658
2026/05/14 11:16:43,134,0.08218739926815033
2026/05/14 11:16:44,133,0.08261504769325256
2026/05/14 11:16:45,133,0.0813908502459526
2026/05/14 11:16:46,132,0.08172038942575455
2026/05/14 11:16:47,131,0.0821661502122879
2026/05/14 11:16:48,130,0.08205041289329529
2026/05/14 11:16:49,129,0.08183635771274567
2026/05/14 11:16:50,129,0.08308250457048416
2026/05/14 11:16:51,129,0.0844702422618866
2026/05/14 11:16:52,128,0.08225112408399582
2026/05/14 11:16:53,128,0.08178449422121048
2026/05/14 11:16:54,127,0.0814763531088829
2026/05/14 11:16:55,127,0.0823621079325676
2026/05/14 11:16:56,127,0.08152071386575699
2026/05/14 11:16:57,126,0.0817030742764473
2026/05/14 11:16:58,126,0.08480329066514969
2026/05/14 11:16:59,126,0.15010197460651398
2026/05/14 11:17:00,127,0.13705632090568542
2026/05/14 11:17:01,127,0.14662261307239532
2026/05/14 11:17:02,127,0.1924947202205658
2026/05/14 11:17:03,127,0.08222522586584091
2026/05/14 11:17:04,127,0.07773956656455994
2026/05/14 11:17:05,127,0.08484287559986115
2026/05/14 11:17:06,127,0.08064588904380798
2026/05/14 11:17:07,127,0.08002319186925888
2026/05/14 11:17:08,128,0.07874220609664917
2026/05/14 11:17:09,128,0.08011363446712494
2026/05/14 11:17:10,129,0.08003850281238556
2026/05/14 11:17:11,130,0.08052868396043777
2026/05/14 11:17:12,130,0.08058522641658783
2026/05/14 11:17:13,131,0.09114407002925873
2026/05/14 11:17:14,131,0.0772276371717453
2026/05/14 11:17:15,131,0.0822431668639183
2026/05/14 11:17:16,131,0.08410348743200302
2026/05/14 11:17:17,130,0.08174671977758408
2026/05/14 11:17:18,130,0.0809759572148323
2026/05/14 11:17:19,130,0.08177588880062103
2026/05/14 11:17:20,130,0.08234991878271103
2026/05/14 11:17:21,130,0.0816005989909172
2026/05/14 11:17:22,130,0.08510597050189972
2026/05/14 11:17:23,130,0.08298470824956894
2026/05/14 11:17:24,130,0.0875082015991211
2026/05/14 11:17:25,130,0.08361206203699112
2026/05/14 11:17:26,129,0.07772061228752136
2026/05/14 11:17:27,129,0.0777391642332077
2026/05/14 11:17:28,129,0.07917342334985733
2026/05/14 11:17:29,128,0.07526597380638123
2026/05/14 11:17:30,129,0.0856424868106842
2026/05/14 11:17:31,129,0.08148276805877686
2026/05/14 11:17:32,129,0.07715573161840439
2026/05/14 11:17:33,130,0.09179911017417908
2026/05/14 11:17:34,130,0.0813651829957962
2026/05/14 11:17:35,130,0.07997942715883255
2026/05/14 11:17:36,131,0.07977122068405151
2026/05/14 11:17:37,131,0.08640427887439728
2026/05/14 11:17:38,131,0.07930406928062439
2026/05/14 11:17:39,131,0.08899953961372375
2026/05/14 11:17:40,131,0.07264049351215363
2026/05/14 11:17:41,131,0.09399425238370895
2026/05/14 11:17:42,130,0.10559560358524323
2026/05/14 11:17:43,129,0.1402590423822403
2026/05/14 11:17:44,129,0.11666347086429596
2026/05/14 11:17:45,128,0.12366752326488495
2026/05/14 11:17:46,128,0.33278709650039673
2026/05/14 11:17:47,128,0.12283793836832047
2026/05/14 11:17:48,128,0.08123262971639633
2026/05/14 11:17:49,129,0.08246289193630219
2026/05/14 11:17:50,129,0.09869624674320221
2026/05/14 11:17:51,130,0.12076275050640106
2026/05/14 11:17:52,130,0.22150510549545288
2026/05/14 11:17:53,131,0.11276569962501526
2026/05/14 11:17:54,130,0.06798003613948822
2026/05/14 11:17:55,130,0.06313793361186981
2026/05/14 11:17:56,130,0.032196953892707825
2026/05/14 11:17:57,130,0.05791778117418289
2026/05/14 11:17:58,129,0.2252391278743744
2026/05/14 11:17:59,128,0.1719675064086914
2026/05/14 11:18:00,128,0.06063944101333618
2026/05/14 11:18:01,128,0.09696947038173676
2026/05/14 11:18:02,128,0.2427222728729248
2026/05/14 11:18:03,129,0.21510864794254303
2026/05/14 11:18:04,129,0.12418600916862488
2026/05/14 11:18:05,129,0.03248443081974983
2026/05/14 11:18:06,130,0.09893246740102768
2026/05/14 11:18:07,130,0.051806870847940445
2026/05/14 11:18:08,130,0.10189414024353027
2026/05/14 11:18:09,131,0.06977373361587524
2026/05/14 11:18:10,131,0.0829031690955162
2026/05/14 11:18:11,132,0.11448130011558533
2026/05/14 11:18:12,133,0.13597404956817627
2026/05/14 11:18:13,133,0.059099771082401276
2026/05/14 11:18:14,134,0.12918375432491302
2026/05/14 11:18:15,134,0.06787627935409546
2026/05/14 11:18:16,134,0.08419258892536163
2026/05/14 11:18:17,135,0.11892840266227722
2026/05/14 11:18:18,136,0.16796329617500305
2026/05/14 11:18:19,136,0.14229127764701843
2026/05/14 11:18:20,137,0.15299320220947266
2026/05/14 11:18:21,138,0.11603309214115143
2026/05/14 11:18:22,139,0.14339403808116913
2026/05/14 11:18:23,139,0.04264151304960251
2026/05/14 11:18:24,140,0.04080008342862129
2026/05/14 11:18:25,140,0.08084592968225479
2026/05/14 11:18:26,140,0.09966056793928146
2026/05/14 11:18:27,139,0.1643538624048233
2026/05/14 11:18:28,139,0.06710503995418549
2026/05/14 11:18:29,138,0.0661473348736763
2026/05/14 11:18:30,137,0.10168371349573135
2026/05/14 11:18:31,137,0.08762159943580627
2026/05/14 11:18:32,136,0.0753559023141861
2026/05/14 11:18:33,136,0.10057918727397919
2026/05/14 11:18:34,135,0.10723355412483215
2026/05/14 11:18:35,135,0.1022067591547966
2026/05/14 11:18:36,134,0.09359896183013916
2026/05/14 11:18:37,133,0.08663275092840195
2026/05/14 11:18:38,133,0.12929649651050568
2026/05/14 11:18:39,133,0.16027885675430298
2026/05/14 11:18:40,133,0.08348949998617172
2026/05/14 11:18:41,133,0.17371797561645508
2026/05/14 11:18:42,134,0.3246232867240906
2026/05/14 11:18:43,134,0.10332087427377701
2026/05/14 11:18:44,134,0.12728863954544067
2026/05/14 11:18:45,134,0.20532065629959106
2026/05/14 11:18:46,134,0.23627232015132904
2026/05/14 11:18:47,133,0.12870176136493683
2026/05/14 11:18:48,133,0.1732528954744339
2026/05/14 11:18:49,132,0.1823882758617401
2026/05/14 11:18:50,132,0.24851244688034058
2026/05/14 11:18:51,131,0.33438125252723694
2026/05/14 11:18:52,131,0.32774823904037476
2026/05/14 11:18:53,130,0.305569052696228
2026/05/14 11:18:54,130,0.36072590947151184
2026/05/14 11:18:55,130,0.20115655660629272
2026/05/14 11:18:56,130,0.17248846590518951
2026/05/14 11:18:57,130,0.05223550274968147
2026/05/14 11:18:58,130,0.13323740661144257
2026/05/14 11:18:59,130,0.3237999677658081
2026/05/14 11:19:00,130,0.5575980544090271
2026/05/14 11:19:01,130,0.22491642832756042
2026/05/14 11:19:02,131,0.20860815048217773
2026/05/14 11:19:03,131,0.1968987137079239
2026/05/14 11:19:04,132,0.1270509660243988
2026/05/14 11:19:05,133,0.19226981699466705
2026/05/14 11:19:06,134,0.11154070496559143
2026/05/14 11:19:07,135,0.12992724776268005
2026/05/14 11:19:08,136,0.5063480138778687
2026/05/14 11:19:09,136,0.6020295023918152
2026/05/14 11:19:10,137,0.3363306224346161
2026/05/14 11:19:11,138,0.4002760052680969
2026/05/14 11:19:12,139,0.588528573513031
2026/05/14 11:19:13,139,0.569190502166748
2026/05/14 11:19:14,140,0.2944219708442688
2026/05/14 11:19:15,141,0.18674074113368988
2026/05/14 11:19:16,142,0.1532929688692093
2026/05/14 11:19:17,143,0.2829238474369049
2026/05/14 11:19:18,143,0.28834500908851624
2026/05/14 11:19:19,144,0.1803193986415863
2026/05/14 11:19:20,145,0.2311275601387024
2026/05/14 11:19:21,146,0.10461807250976562
2026/05/14 11:19:22,147,0.14459766447544098
2026/05/14 11:19:23,147,0.13903844356536865
2026/05/14 11:19:24,148,0.6572083234786987
2026/05/14 11:19:25,149,0.7149797081947327
2026/05/14 11:19:26,150,0.17949919402599335
2026/05/14 11:19:27,150,0.10051944851875305
2026/05/14 11:19:28,150,0.1036788821220398
2026/05/14 11:19:29,150,0.21495819091796875
2026/05/14 11:19:30,150,0.130715012550354
2026/05/14 11:19:31,149,0.24757082760334015
2026/05/14 11:19:32,149,0.1839512139558792
2026/05/14 11:19:33,149,0.18535248935222626
2026/05/14 11:19:34,148,0.1587374210357666
2026/05/14 11:19:35,148,0.2755510210990906
2026/05/14 11:19:36,148,0.2279958575963974
2026/05/14 11:19:37,149,0.21995310485363007
2026/05/14 11:19:38,149,0.15433642268180847
2026/05/14 11:19:39,149,0.13537295162677765
2026/05/14 11:19:40,149,0.06644009053707123
2026/05/14 11:19:41,149,0.42965880036354065
2026/05/14 11:19:42,149,0.2974732220172882
2026/05/14 11:19:43,149,0.10365873575210571
2026/05/14 11:19:44,149,0.11190235614776611
2026/05/14 11:19:45,148,0.16073296964168549
2026/05/14 11:19:46,148,0.19766393303871155
2026/05/14 11:19:47,148,0.1653684675693512
2026/05/14 11:19:48,148,0.22223380208015442
2026/05/14 11:19:49,147,0.2891899347305298
2026/05/14 11:19:50,146,0.21468758583068848
2026/05/14 11:19:51,146,0.2574344873428345
2026/05/14 11:19:52,145,0.27062731981277466
2026/05/14 11:19:53,145,0.17635159194469452
2026/05/14 11:19:54,144,0.13689149916172028
2026/05/14 11:19:55,143,0.27479463815689087
2026/05/14 11:19:56,144,0.2295495718717575
2026/05/14 11:19:57,144,0.10531768202781677
2026/05/14 11:19:58,144,0.1319860816001892
2026/05/14 11:19:59,145,0.08728999644517899
2026/05/14 11:20:00,145,0.08968468755483627
2026/05/14 11:20:01,146,0.16881272196769714
2026/05/14 11:20:02,147,0.23093034327030182
2026/05/14 11:20:03,148,0.1259898692369461
2026/05/14 11:20:04,149,0.23155663907527924
2026/05/14 11:20:05,150,0.5546947121620178
2026/05/14 11:20:06,151,0.4871647357940674
2026/05/14 11:20:07,151,0.2925742268562317
2026/05/14 11:20:08,151,0.1742582619190216
2026/05/14 11:20:09,152,0.1283332109451294
2026/05/14 11:20:10,151,0.23279288411140442
2026/05/14 11:20:11,151,0.583184003829956
2026/05/14 11:20:12,151,0.40452277660369873
2026/05/14 11:20:13,151,0.46902114152908325
2026/05/14 11:20:14,151,0.6364665031433105
2026/05/14 11:20:15,150,0.6214370727539062
2026/05/14 11:20:16,150,0.6161028742790222
2026/05/14 11:20:17,149,0.23610979318618774
2026/05/14 11:20:18,149,0.15772108733654022
2026/05/14 11:20:19,148,0.20684421062469482
2026/05/14 11:20:20,149,0.11854273080825806
2026/05/14 11:20:21,149,0.15018554031848907
2026/05/14 11:20:22,149,0.18198631703853607
2026/05/14 11:20:23,149,0.11428632587194443
2026/05/14 11:20:24,148,0.11309564113616943
2026/05/14 11:20:25,148,0.10558328032493591
2026/05/14 11:20:26,148,0.1001867726445198
2026/05/14 11:20:27,148,0.1369887888431549
2026/05/14 11:20:28,148,0.084807388484478
2026/05/14 11:20:29,148,0.3454107344150543
2026/05/14 11:20:30,147,0.3786601722240448
2026/05/14 11:20:31,147,0.2646358013153076
2026/05/14 11:20:32,148,0.041251324117183685
2026/05/14 11:20:33,148,0.14025264978408813
2026/05/14 11:20:34,148,0.4157693684101105
2026/05/14 11:20:35,148,0.4204096794128418
2026/05/14 11:20:36,149,0.05965831130743027
2026/05/14 11:20:37,149,0.1835927665233612
2026/05/14 11:20:38,150,0.27681848406791687
2026/05/14 11:20:39,150,0.4008246660232544
2026/05/14 11:20:40,150,0.1819915920495987
2026/05/14 11:20:41,151,0.12098197638988495
2026/05/14 11:20:42,150,0.17650480568408966
2026/05/14 11:20:43,150,0.16335824131965637
2026/05/14 11:20:44,150,0.10087093710899353
2026/05/14 11:20:45,149,0.11522579938173294
2026/05/14 11:20:46,149,0.303684264421463
2026/05/14 11:20:47,149,0.1770162582397461
2026/05/14 11:20:48,150,0.19041001796722412
2026/05/14 11:20:49,150,0.14120256900787354
2026/05/14 11:20:50,150,0.16994448006153107
2026/05/14 11:20:51,151,0.1992020457983017
2026/05/14 11:20:52,151,0.11553846299648285
2026/05/14 11:20:53,151,0.21646791696548462
2026/05/14 11:20:54,150,0.421356737613678
2026/05/14 11:20:55,150,0.46209099888801575
2026/05/14 11:20:56,150,0.39072129130363464
2026/05/14 11:20:57,149,0.4678500294685364
2026/05/14 11:20:58,149,0.5422884225845337
2026/05/14 11:20:59,149,0.663203239440918
2026/05/14 11:21:00,149,0.35602837800979614
2026/05/14 11:21:01,149,0.33368024230003357
2026/05/14 11:21:02,148,0.5783015489578247
2026/05/14 11:21:03,148,0.5589080452919006
2026/05/14 11:21:04,148,0.20759637653827667
2026/05/14 11:21:05,148,0.08680351078510284
2026/05/14 11:21:06,148,0.22574573755264282
2026/05/14 11:21:07,148,0.3855777680873871
2026/05/14 11:21:08,149,0.21443670988082886
2026/05/14 11:21:09,150,0.07899083197116852
2026/05/14 11:21:10,151,0.318462997674942
2026/05/14 11:21:11,153,0.09946192800998688
2026/05/14 11:21:12,154,0.18025584518909454
2026/05/14 11:21:13,155,0.20220214128494263
2026/05/14 11:21:14,155,0.3838367462158203
2026/05/14 11:21:15,156,0.4710487425327301
2026/05/14 11:21:16,156,0.2684178650379181
2026/05/14 11:21:17,156,0.29838040471076965
2026/05/14 11:21:18,156,0.18083837628364563
2026/05/14 11:21:19,156,0.09672467410564423
2026/05/14 11:21:20,155,0.42913585901260376
2026/05/14 11:21:21,155,0.11163987964391708
2026/05/14 11:21:22,155,0.09727808833122253
2026/05/14 11:21:23,155,0.1734701693058014
2026/05/14 11:21:24,155,0.8388882279396057
2026/05/14 11:21:25,155,0.687113881111145
2026/05/14 11:21:26,154,0.512122631072998
2026/05/14 11:21:27,154,0.24147924780845642
2026/05/14 11:21:28,153,0.1783733069896698
2026/05/14 11:21:29,153,0.2174289971590042
2026/05/14 11:21:30,153,0.19725479185581207
2026/05/14 11:21:31,153,0.19120435416698456
2026/05/14 11:21:32,153,0.18440881371498108
2026/05/14 11:21:33,153,0.20546755194664001
2026/05/14 11:21:34,153,0.15498414635658264
2026/05/14 11:21:35,153,0.14244484901428223
2026/05/14 11:21:36,153,0.2547447383403778
2026/05/14 11:21:37,153,0.08858282119035721
2026/05/14 11:21:38,152,0.0682845413684845
2026/05/14 11:21:39,151,0.22417514026165009
2026/05/14 11:21:40,151,0.14837943017482758
2026/05/14 11:21:41,151,0.5305140018463135
2026/05/14 11:21:42,150,0.6721377372741699
2026/05/14 11:21:43,150,0.8761305212974548
2026/05/14 11:21:44,150,0.6939793229103088
2026/05/14 11:21:45,150,0.45238199830055237
2026/05/14 11:21:46,149,0.2368621528148651
2026/05/14 11:21:47,148,0.3481915593147278
2026/05/14 11:21:48,149,0.2658655345439911
2026/05/14 11:21:49,150,0.12389615178108215
2026/05/14 11:21:50,150,0.13718213140964508
2026/05/14 11:21:51,150,0.29076850414276123
2026/05/14 11:21:52,150,0.20771251618862152
2026/05/14 11:21:53,150,0.26583242416381836
2026/05/14 11:21:54,150,0.17123189568519592
2026/05/14 11:21:55,151,0.18512380123138428
2026/05/14 11:21:56,151,0.10675770044326782
2026/05/14 11:21:57,151,0.11453109979629517
2026/05/14 11:21:58,152,0.07876355946063995
2026/05/14 11:21:59,153,0.08144514262676239
2026/05/14 11:22:00,153,0.08475840836763382
2026/05/14 11:22:01,154,0.07798118889331818
2026/05/14 11:22:02,155,0.1034964993596077
2026/05/14 11:22:03,155,0.21178537607192993
2026/05/14 11:22:04,157,0.1739562600851059
2026/05/14 11:22:05,157,0.11704958975315094
2026/05/14 11:22:06,158,0.10977335274219513
2026/05/14 11:22:07,159,0.08875251561403275
2026/05/14 11:22:08,159,0.09307792037725449
2026/05/14 11:22:09,159,0.18835057318210602
2026/05/14 11:22:10,159,0.19642406702041626
2026/05/14 11:22:11,159,0.09925179183483124
2026/05/14 11:22:12,159,0.11245853453874588
2026/05/14 11:22:13,159,0.12483027577400208
2026/05/14 11:22:14,159,0.1876833587884903
2026/05/14 11:22:15,159,0.2697855532169342
2026/05/14 11:22:16,158,0.5141810178756714
2026/05/14 11:22:17,158,0.31749722361564636
2026/05/14 11:22:18,158,0.3937056064605713
2026/05/14 11:22:19,158,0.32814332842826843
2026/05/14 11:22:20,157,0.5700743198394775
2026/05/14 11:22:21,157,0.21124614775180817
2026/05/14 11:22:22,157,0.356031596660614
2026/05/14 11:22:23,157,0.291238933801651
2026/05/14 11:22:24,156,0.2816760241985321
2026/05/14 11:22:25,156,0.09213203936815262
2026/05/14 11:22:26,155,0.17341876029968262
2026/05/14 11:22:27,154,0.13163316249847412
2026/05/14 11:22:28,153,0.19171591103076935
2026/05/14 11:22:29,153,0.5755725502967834
2026/05/14 11:22:30,151,0.5650708079338074
2026/05/14 11:22:31,150,0.8264658451080322
2026/05/14 11:22:32,149,0.25845909118652344
2026/05/14 11:22:33,148,0.5323145985603333
2026/05/14 11:22:34,147,0.5313832759857178
2026/05/14 11:22:35,147,0.07717820256948471
2026/05/14 11:22:36,147,0.10549439489841461
2026/05/14 11:22:37,146,0.19377809762954712
2026/05/14 11:22:38,147,0.09798233211040497
2026/05/14 11:22:39,147,0.13177061080932617
2026/05/14 11:22:40,148,0.16034437716007233
2026/05/14 11:22:41,148,0.1645023375749588
2026/05/14 11:22:42,149,0.6808647513389587
2026/05/14 11:22:43,149,0.40967726707458496
2026/05/14 11:22:44,150,0.18476136028766632
2026/05/14 11:22:45,150,0.19171327352523804
2026/05/14 11:22:46,149,0.4514782130718231
2026/05/14 11:22:47,149,0.08179114758968353
2026/05/14 11:22:48,149,0.1703292727470398
2026/05/14 11:22:49,150,0.4344247281551361
2026/05/14 11:22:50,150,0.23342882096767426
2026/05/14 11:22:51,150,0.10003750026226044
2026/05/14 11:22:52,151,0.13350968062877655
2026/05/14 11:22:53,151,0.261924684047699
2026/05/14 11:22:54,151,0.12521593272686005
2026/05/14 11:22:55,152,0.09893719106912613
2026/05/14 11:22:56,152,0.1802479773759842
2026/05/14 11:22:57,152,0.29725784063339233
2026/05/14 11:22:58,152,0.3339197635650635
2026/05/14 11:22:59,152,0.09150771796703339
2026/05/14 11:23:00,153,0.23671330511569977
2026/05/14 11:23:01,153,0.2205451875925064
2026/05/14 11:23:02,153,0.2578224539756775
2026/05/14 11:23:03,153,0.1507265865802765
2026/05/14 11:23:04,154,0.3179381787776947
2026/05/14 11:23:05,154,0.3329191207885742
2026/05/14 11:23:06,155,0.21405063569545746
2026/05/14 11:23:07,155,0.10631624609231949
2026/05/14 11:23:08,155,0.13607564568519592
2026/05/14 11:23:09,156,0.18377868831157684
2026/05/14 11:23:10,156,0.1170659065246582
2026/05/14 11:23:11,156,0.0994977131485939
2026/05/14 11:23:12,156,0.18222109973430634
2026/05/14 11:23:13,156,0.4497121274471283
2026/05/14 11:23:14,156,0.21080254018306732
2026/05/14 11:23:15,155,0.1310300976037979
2026/05/14 11:23:16,155,0.3822959065437317
2026/05/14 11:23:17,155,0.5002095699310303
2026/05/14 11:23:18,154,0.3961211144924164
2026/05/14 11:23:19,154,0.2981625497341156
2026/05/14 11:23:20,154,0.4034016728401184
2026/05/14 11:23:21,154,0.2949991524219513
2026/05/14 11:23:22,155,0.19515460729599
2026/05/14 11:23:23,155,0.2810908257961273
2026/05/14 11:23:24,155,0.3415025770664215
2026/05/14 11:23:25,155,0.23184864223003387
2026/05/14 11:23:26,155,0.1759263575077057
2026/05/14 11:23:27,155,0.15108972787857056
2026/05/14 11:23:28,154,0.1403988003730774
2026/05/14 11:23:29,154,0.18499261140823364
2026/05/14 11:23:30,154,0.17089618742465973
2026/05/14 11:23:31,154,0.20599976181983948
2026/05/14 11:23:32,153,0.1358415186405182
2026/05/14 11:23:33,153,0.21014805138111115
2026/05/14 11:23:34,153,0.1374349743127823
2026/05/14 11:23:35,152,0.14776884019374847
2026/05/14 11:23:36,152,0.08555389195680618
2026/05/14 11:23:37,151,0.08135391771793365
2026/05/14 11:23:38,150,0.2508522570133209
2026/05/14 11:23:39,149,0.15834341943264008
2026/05/14 11:23:40,149,0.10365788638591766
2026/05/14 11:23:41,148,0.13708943128585815
2026/05/14 11:23:42,148,0.07756169885396957
2026/05/14 11:23:43,147,0.09871155768632889
2026/05/14 11:23:44,147,0.10224384814500809
2026/05/14 11:23:45,148,0.09685731679201126
2026/05/14 11:23:46,147,0.08416352421045303
2026/05/14 11:23:47,147,0.10598430782556534
2026/05/14 11:23:48,147,0.11316820979118347
2026/05/14 11:23:49,147,0.1580059975385666
2026/05/14 11:23:50,147,0.06161046028137207
2026/05/14 11:23:51,146,0.2781306803226471
2026/05/14 11:23:52,146,0.07155045121908188
2026/05/14 11:23:53,146,0.05077771097421646
2026/05/14 11:23:54,146,0.06078886613249779
2026/05/14 11:23:55,146,0.18614596128463745
2026/05/14 11:23:56,147,0.11575853824615479
2026/05/14 11:23:57,147,0.1273505985736847
2026/05/14 11:23:58,147,0.08029229193925858
2026/05/14 11:23:59,147,0.086465023458004
2026/05/14 11:24:00,148,0.0834779366850853
2026/05/14 11:24:01,148,0.0787433311343193
2026/05/14 11:24:02,148,0.08181972801685333
2026/05/14 11:24:03,148,0.08319266885519028
2026/05/14 11:24:04,148,0.09556165337562561
2026/05/14 11:24:05,147,0.08978646993637085
2026/05/14 11:24:06,147,0.08536268770694733
2026/05/14 11:24:07,148,0.08152098953723907
2026/05/14 11:24:08,147,0.08325100690126419
2026/05/14 11:24:09,147,0.08207951486110687
2026/05/14 11:24:10,147,0.08256067335605621
2026/05/14 11:24:11,147,0.099073626101017
2026/05/14 11:24:12,147,0.09649744629859924
2026/05/14 11:24:13,146,0.6240042448043823
2026/05/14 11:24:14,146,0.6473180651664734
2026/05/14 11:24:15,146,0.6199358701705933
2026/05/14 11:24:16,146,0.18310274183750153
2026/05/14 11:24:17,146,0.12497509270906448
2026/05/14 11:24:18,147,0.09640832990407944
2026/05/14 11:24:19,147,0.07957132160663605
2026/05/14 11:24:20,147,0.09278413653373718
2026/05/14 11:24:21,147,0.11371657997369766
2026/05/14 11:24:22,147,0.12104000896215439
2026/05/14 11:24:23,146,0.08369486778974533
2026/05/14 11:24:24,146,0.08657729625701904
2026/05/14 11:24:25,145,0.08883965015411377
2026/05/14 11:24:26,144,0.10057397186756134
2026/05/14 11:24:27,143,0.09166455268859863
2026/05/14 11:24:28,142,0.07587985694408417
2026/05/14 11:24:29,142,0.08776234090328217
2026/05/14 11:24:30,143,0.08881489187479019
2026/05/14 11:24:31,143,0.11817619949579239
2026/05/14 11:24:32,143,0.07948333770036697
2026/05/14 11:24:33,144,0.10789370536804199
2026/05/14 11:24:34,144,0.08821188658475876
2026/05/14 11:24:35,144,0.08230361342430115
2026/05/14 11:24:36,143,0.11610712110996246
2026/05/14 11:24:37,143,0.07202797383069992
2026/05/14 11:24:38,143,0.3105451464653015
2026/05/14 11:24:39,142,0.20021329820156097
2026/05/14 11:24:40,142,0.2381732165813446
2026/05/14 11:24:41,142,0.19960537552833557
2026/05/14 11:24:42,141,0.11184217035770416
2026/05/14 11:24:43,141,0.17932072281837463
2026/05/14 11:24:44,141,0.09342603385448456
2026/05/14 11:24:45,141,0.08578920364379883
2026/05/14 11:24:46,141,0.08183692395687103
2026/05/14 11:24:47,141,0.11777596920728683
2026/05/14 11:24:48,142,0.07881776988506317
2026/05/14 11:24:49,142,0.15293098986148834
2026/05/14 11:24:50,142,0.7022939324378967
2026/05/14 11:24:51,142,0.20871677994728088
2026/05/14 11:24:52,142,0.2525577247142792
2026/05/14 11:24:53,142,0.10892312228679657
2026/05/14 11:24:54,142,0.08212846517562866
2026/05/14 11:24:55,141,0.08790082484483719
2026/05/14 11:24:56,141,0.08168802410364151
2026/05/14 11:24:57,141,0.10053609311580658
2026/05/14 11:24:58,141,0.09071379899978638
2026/05/14 11:24:59,141,0.07612612843513489
2026/05/14 11:25:00,141,0.09369754791259766
2026/05/14 11:25:01,142,0.08668430149555206
2026/05/14 11:25:02,141,0.08358457684516907
2026/05/14 11:25:03,141,0.08107456564903259
2026/05/14 11:25:04,141,0.09918171912431717
2026/05/14 11:25:05,141,0.10974571853876114
2026/05/14 11:25:06,141,0.06952559947967529
2026/05/14 11:25:07,141,0.095948226749897
2026/05/14 11:25:08,141,0.08684103190898895
2026/05/14 11:25:09,140,0.0923709124326706
2026/05/14 11:25:10,140,0.10237680375576019
2026/05/14 11:25:11,140,0.10501166433095932
2026/05/14 11:25:12,140,0.07517242431640625
2026/05/14 11:25:13,140,0.1328904926776886
2026/05/14 11:25:14,141,0.11156034469604492
2026/05/14 11:25:15,141,0.14686386287212372
2026/05/14 11:25:16,141,0.11976750940084457
2026/05/14 11:25:17,141,0.0921209529042244
2026/05/14 11:25:18,142,0.13259488344192505
2026/05/14 11:25:19,142,0.16184557974338531
2026/05/14 11:25:20,143,0.11790719628334045
2026/05/14 11:25:21,144,0.18039290606975555
2026/05/14 11:25:22,144,0.3549575209617615
2026/05/14 11:25:23,145,0.21210461854934692
2026/05/14 11:25:24,145,0.17803806066513062
2026/05/14 11:25:25,145,0.18631163239479065
2026/05/14 11:25:26,144,0.26365193724632263
2026/05/14 11:25:27,144,0.0868004560470581
2026/05/14 11:25:28,143,0.08332522213459015
2026/05/14 11:25:29,143,0.07465551048517227
2026/05/14 11:25:30,142,0.08039624989032745
2026/05/14 11:25:31,142,0.07627977430820465
2026/05/14 11:25:32,142,0.08320802450180054
2026/05/14 11:25:33,141,0.07463430613279343
2026/05/14 11:25:34,141,0.07944948971271515
2026/05/14 11:25:35,141,0.07415935397148132
2026/05/14 11:25:36,140,0.07712910324335098
2026/05/14 11:25:37,140,0.20401263236999512
2026/05/14 11:25:38,139,0.18585707247257233
2026/05/14 11:25:39,138,0.12408322095870972
2026/05/14 11:25:40,137,0.20747685432434082
2026/05/14 11:25:41,136,0.1351475864648819
2026/05/14 11:25:42,136,0.2015501707792282
2026/05/14 11:25:43,135,0.2626495361328125
2026/05/14 11:25:44,133,0.27416926622390747
2026/05/14 11:25:45,132,0.431596040725708
2026/05/14 11:25:46,128,0.23040860891342163
2026/05/14 11:25:47,126,0.2724510431289673
2026/05/14 11:25:48,124,0.3496195673942566
2026/05/14 11:25:49,123,0.28426507115364075
2026/05/14 11:25:50,124,0.09755373746156693
2026/05/14 11:25:51,125,0.15612226724624634
2026/05/14 11:25:52,126,0.22048978507518768
2026/05/14 11:25:53,127,0.6860163807868958
2026/05/14 11:25:54,128,0.29337576031684875
2026/05/14 11:25:55,128,0.16552692651748657
2026/05/14 11:25:56,130,0.17036274075508118
2026/05/14 11:25:57,131,0.41955384612083435
2026/05/14 11:25:58,133,0.6263512372970581
2026/05/14 11:25:59,135,0.33924761414527893
2026/05/14 11:26:00,136,0.5003861784934998
2026/05/14 11:26:01,137,0.2450592964887619
2026/05/14 11:26:02,138,0.48188257217407227
2026/05/14 11:26:03,139,0.4976629912853241
2026/05/14 11:26:04,141,0.6631478667259216
2026/05/14 11:26:05,142,0.3471239507198334
2026/05/14 11:26:06,142,0.3149047791957855
2026/05/14 11:26:07,143,0.10107015818357468
2026/05/14 11:26:08,142,0.2050946205854416
2026/05/14 11:26:09,142,0.6224480271339417
2026/05/14 11:26:10,142,0.18819046020507812
2026/05/14 11:26:11,142,0.6179684400558472
2026/05/14 11:26:12,142,0.5607507824897766
2026/05/14 11:26:13,142,0.5016975402832031
2026/05/14 11:26:14,141,0.10824432224035263
2026/05/14 11:26:15,141,0.2985604703426361
2026/05/14 11:26:16,141,0.2987864911556244
2026/05/14 11:26:17,141,0.6443251967430115
2026/05/14 11:26:18,142,0.1271669864654541
2026/05/14 11:26:19,143,0.2472328394651413
2026/05/14 11:26:20,143,0.2162114679813385
2026/05/14 11:26:21,143,0.21998585760593414
2026/05/14 11:26:22,143,0.1281362920999527
2026/05/14 11:26:23,144,0.11312983185052872
2026/05/14 11:26:24,144,0.489662766456604
2026/05/14 11:26:25,144,0.6541844010353088
2026/05/14 11:26:26,144,0.5572603940963745
2026/05/14 11:26:27,145,0.6561223268508911
2026/05/14 11:26:28,145,1.0040162801742554
2026/05/14 11:26:29,146,0.7072821855545044
2026/05/14 11:26:30,147,0.33490291237831116
2026/05/14 11:26:31,148,0.19729343056678772
2026/05/14 11:26:32,149,0.18427996337413788
2026/05/14 11:26:33,149,0.184032142162323
2026/05/14 11:26:34,149,0.24080538749694824
2026/05/14 11:26:35,150,0.1951020210981369
2026/05/14 11:26:36,150,0.11126897484064102
2026/05/14 11:26:37,150,0.1921394318342209
2026/05/14 11:26:38,151,0.1870209276676178
2026/05/14 11:26:39,152,0.08946149051189423
2026/05/14 11:26:40,153,0.10967951267957687
2026/05/14 11:26:41,154,0.1124153733253479
2026/05/14 11:26:42,158,0.21821346879005432
2026/05/14 11:26:43,160,0.1479751616716385
2026/05/14 11:26:44,162,0.11773393303155899
2026/05/14 11:26:45,163,0.09690908342599869
2026/05/14 11:26:46,164,0.13313056528568268
2026/05/14 11:26:47,165,0.14021019637584686
2026/05/14 11:26:48,165,0.175543874502182
2026/05/14 11:26:49,166,0.12202157080173492
2026/05/14 11:26:50,166,0.1715804785490036
2026/05/14 11:26:51,167,0.1472916454076767
2026/05/14 11:26:52,167,0.609695553779602
2026/05/14 11:26:53,167,0.5675281286239624
2026/05/14 11:26:54,168,0.163054957985878
2026/05/14 11:26:55,168,0.1900930255651474
2026/05/14 11:26:56,169,0.2847994267940521
2026/05/14 11:26:57,169,0.08811761438846588
2026/05/14 11:26:58,170,0.11145293712615967
2026/05/14 11:26:59,171,0.1022229865193367
2026/05/14 11:27:00,171,0.09653111547231674
2026/05/14 11:27:01,172,0.08669067919254303
2026/05/14 11:27:02,172,0.0902862548828125
2026/05/14 11:27:03,173,0.10824292153120041
2026/05/14 11:27:04,173,0.09885601699352264
2026/05/14 11:27:05,173,0.07687181979417801
2026/05/14 11:27:06,173,0.08636751025915146
2026/05/14 11:27:07,173,0.13735105097293854
2026/05/14 11:27:08,172,0.10083738714456558
2026/05/14 11:27:09,172,0.08522685617208481
2026/05/14 11:27:10,172,0.08150719106197357
2026/05/14 11:27:11,172,0.08246998488903046
2026/05/14 11:27:12,172,0.08292919397354126
2026/05/14 11:27:13,173,0.08416352421045303
2026/05/14 11:27:14,172,0.08058343827724457
2026/05/14 11:27:15,172,0.08014321327209473
2026/05/14 11:27:16,172,0.10531999915838242
2026/05/14 11:27:17,172,0.23135480284690857
2026/05/14 11:27:18,171,0.4713406562805176
2026/05/14 11:27:19,171,0.15187598764896393
2026/05/14 11:27:20,171,0.13341695070266724
2026/05/14 11:27:21,170,0.1974053978919983
2026/05/14 11:27:22,169,0.4122965335845947
2026/05/14 11:27:23,169,0.15521353483200073
2026/05/14 11:27:24,168,0.11540883034467697
2026/05/14 11:27:25,167,0.13301602005958557
2026/05/14 11:27:26,166,0.08992423117160797
2026/05/14 11:27:27,165,0.09181106090545654
2026/05/14 11:27:28,164,0.07301976531744003
2026/05/14 11:27:29,164,0.1132998988032341
2026/05/14 11:27:30,163,0.24750398099422455
2026/05/14 11:27:31,162,0.3066548705101013
2026/05/14 11:27:32,161,0.1192922294139862
2026/05/14 11:27:33,160,0.21857084333896637
2026/05/14 11:27:34,158,0.6812516450881958
2026/05/14 11:27:35,156,0.22234097123146057
2026/05/14 11:27:36,154,0.11592236161231995
2026/05/14 11:27:37,153,0.36106938123703003
2026/05/14 11:27:38,150,0.27300092577934265
2026/05/14 11:27:39,149,0.12590745091438293
2026/05/14 11:27:40,148,0.08042988926172256
2026/05/14 11:27:41,147,0.13167153298854828
2026/05/14 11:27:42,146,0.0889870673418045
2026/05/14 11:27:43,146,0.1423780769109726
2026/05/14 11:27:44,147,0.2630118429660797
2026/05/14 11:27:45,147,0.10984186083078384
2026/05/14 11:27:46,147,0.10927814245223999
2026/05/14 11:27:47,147,0.1801266372203827
2026/05/14 11:27:48,148,0.5972888469696045
2026/05/14 11:27:49,148,0.3293527364730835
2026/05/14 11:27:50,148,0.18366855382919312
2026/05/14 11:27:51,149,0.2590649127960205
2026/05/14 11:27:52,150,0.6418883800506592
2026/05/14 11:27:53,150,0.6769776940345764
2026/05/14 11:27:54,151,0.5805992484092712
2026/05/14 11:27:55,151,0.3797929883003235
2026/05/14 11:27:56,151,0.407321035861969
2026/05/14 11:27:57,151,0.5238675475120544
2026/05/14 11:27:58,150,0.36494389176368713
2026/05/14 11:27:59,150,0.10017157346010208
2026/05/14 11:28:00,149,0.10199812054634094
2026/05/14 11:28:01,149,0.133867084980011
2026/05/14 11:28:02,149,0.5834478139877319
2026/05/14 11:28:03,149,0.28412219882011414
2026/05/14 11:28:04,148,0.12712736427783966
2026/05/14 11:28:05,148,0.08326487243175507
2026/05/14 11:28:06,147,0.4969187378883362
2026/05/14 11:28:07,147,0.18768034875392914
2026/05/14 11:28:08,146,0.10476008802652359
2026/05/14 11:28:09,146,0.1200036108493805
2026/05/14 11:28:10,147,0.17421109974384308
2026/05/14 11:28:11,147,0.20554281771183014
2026/05/14 11:28:12,148,0.11510146409273148
2026/05/14 11:28:13,149,0.1399604082107544
2026/05/14 11:28:14,150,0.19494464993476868
2026/05/14 11:28:15,151,0.15973398089408875
2026/05/14 11:28:16,152,0.17444536089897156
2026/05/14 11:28:17,153,0.16091220080852509
2026/05/14 11:28:18,154,0.16194653511047363
2026/05/14 11:28:19,154,0.09263639152050018
2026/05/14 11:28:20,155,0.11729024350643158
2026/05/14 11:28:21,156,0.11576098203659058
2026/05/14 11:28:22,156,0.18275697529315948
2026/05/14 11:28:23,156,0.21875491738319397
2026/05/14 11:28:24,157,0.20799878239631653
2026/05/14 11:28:25,157,0.39720022678375244
2026/05/14 11:28:26,157,0.3494343161582947
2026/05/14 11:28:27,157,0.23400644958019257
2026/05/14 11:28:28,158,0.3407191336154938
2026/05/14 11:28:29,158,0.33889666199684143
2026/05/14 11:28:30,158,0.07174594700336456
2026/05/14 11:28:31,159,0.20091566443443298
2026/05/14 11:28:32,159,0.1830054223537445
2026/05/14 11:28:33,159,0.2277371883392334
2026/05/14 11:28:34,159,0.16494913399219513
2026/05/14 11:28:35,158,0.15421472489833832
2026/05/14 11:28:36,157,0.1138748750090599
2026/05/14 11:28:37,157,0.1376505047082901
2026/05/14 11:28:38,156,0.10797183215618134
2026/05/14 11:28:39,155,0.11087806522846222
2026/05/14 11:28:40,155,0.1027207151055336
2026/05/14 11:28:41,156,0.12051688879728317
2026/05/14 11:28:42,157,0.09331696480512619
2026/05/14 11:28:43,157,0.10039839893579483
2026/05/14 11:28:44,159,0.08851394802331924
2026/05/14 11:28:45,159,0.1171436458826065
2026/05/14 11:28:46,159,0.08703914284706116
2026/05/14 11:28:47,158,0.12241251766681671
2026/05/14 11:28:48,160,0.11242417991161346
2026/05/14 11:28:49,162,0.13838782906532288
2026/05/14 11:28:50,163,0.1243089959025383
2026/05/14 11:28:51,164,0.43425217270851135
2026/05/14 11:28:52,165,0.746837317943573
2026/05/14 11:28:53,165,0.4462781548500061
2026/05/14 11:28:54,165,0.19126421213150024
2026/05/14 11:28:55,165,0.07836277037858963
2026/05/14 11:28:56,165,0.15947477519512177
2026/05/14 11:28:57,165,0.09229830652475357
2026/05/14 11:28:58,164,0.12110745906829834
2026/05/14 11:28:59,164,0.13441598415374756
2026/05/14 11:29:00,163,0.11595627665519714
2026/05/14 11:29:01,163,0.08723768591880798
2026/05/14 11:29:02,162,0.08329816907644272
2026/05/14 11:29:03,161,0.10514067858457565
2026/05/14 11:29:04,160,0.5131767988204956
2026/05/14 11:29:05,159,0.2833932340145111
2026/05/14 11:29:06,158,0.12181749939918518
2026/05/14 11:29:07,157,0.13085584342479706
2026/05/14 11:29:08,157,0.0896412581205368
2026/05/14 11:29:09,157,0.08406613767147064
2026/05/14 11:29:10,156,0.07384121417999268
2026/05/14 11:29:11,156,0.1041674017906189
2026/05/14 11:29:12,156,0.20452351868152618
2026/05/14 11:29:13,155,0.19304132461547852
2026/05/14 11:29:14,154,0.12148570269346237
2026/05/14 11:29:15,154,0.18856702744960785
2026/05/14 11:29:16,153,0.14904752373695374
2026/05/14 11:29:17,152,0.24751611053943634
2026/05/14 11:29:18,151,0.12817689776420593
2026/05/14 11:29:19,151,0.1547657549381256
2026/05/14 11:29:20,151,0.31927254796028137
2026/05/14 11:29:21,150,0.2995101809501648
2026/05/14 11:29:22,150,0.4910743832588196
2026/05/14 11:29:23,151,0.2772996723651886
2026/05/14 11:29:24,150,0.19960878789424896
2026/05/14 11:29:25,150,0.17271360754966736
2026/05/14 11:29:26,149,0.12496772408485413
2026/05/14 11:29:27,148,0.08153480291366577
2026/05/14 11:29:28,148,0.20497390627861023
2026/05/14 11:29:29,147,0.21399173140525818
2026/05/14 11:29:30,146,0.08675076067447662
2026/05/14 11:29:31,146,0.10266224294900894
2026/05/14 11:29:32,145,0.13450954854488373
2026/05/14 11:29:33,145,0.09063754230737686
2026/05/14 11:29:34,145,0.1513061374425888
2026/05/14 11:29:35,145,0.05498608574271202
2026/05/14 11:29:36,144,0.10001133382320404
2026/05/14 11:29:37,144,0.11523870378732681
2026/05/14 11:29:38,144,0.14605624973773956
2026/05/14 11:29:39,144,0.3549436628818512
2026/05/14 11:29:40,144,0.3192780911922455
2026/05/14 11:29:41,143,0.20965604484081268
2026/05/14 11:29:42,143,0.11102712899446487
2026/05/14 11:29:43,143,0.07899879664182663
2026/05/14 11:29:44,144,0.1025681123137474
2026/05/14 11:29:45,144,0.11761893332004547
2026/05/14 11:29:46,144,0.16474014520645142
2026/05/14 11:29:47,144,0.04970063641667366
2026/05/14 11:29:48,144,0.21936509013175964
2026/05/14 11:29:49,144,0.3913458585739136
2026/05/14 11:29:50,144,0.5212363004684448
2026/05/14 11:29:51,143,0.2627713978290558
2026/05/14 11:29:52,142,0.3015773892402649
2026/05/14 11:29:53,142,0.5796778798103333
2026/05/14 11:29:54,141,0.15018221735954285
2026/05/14 11:29:55,140,0.08583803474903107
2026/05/14 11:29:56,140,0.15345430374145508
2026/05/14 11:29:57,139,0.4368799924850464
2026/05/14 11:29:58,140,0.7569406032562256
2026/05/14 11:29:59,140,0.28920722007751465
2026/05/14 11:30:00,140,0.23702290654182434
2026/05/14 11:30:01,141,0.20635627210140228
2026/05/14 11:30:02,141,0.39255043864250183
2026/05/14 11:30:03,141,0.46671417355537415
2026/05/14 11:30:04,140,0.2893894910812378
2026/05/14 11:30:05,140,0.27050381898880005
2026/05/14 11:30:06,141,0.26552650332450867
2026/05/14 11:30:07,141,0.09731143712997437
2026/05/14 11:30:08,142,0.19195261597633362
2026/05/14 11:30:09,143,0.29631415009498596
2026/05/14 11:30:10,144,0.5788290500640869
2026/05/14 11:30:11,144,0.4407201111316681
2026/05/14 11:30:12,144,0.23956532776355743
2026/05/14 11:30:13,144,0.566263735294342
2026/05/14 11:30:14,143,0.6131680607795715
2026/05/14 11:30:15,143,0.34787851572036743
2026/05/14 11:30:16,142,0.31279104948043823
2026/05/14 11:30:17,142,0.2723401188850403
2026/05/14 11:30:18,142,0.6249746680259705
2026/05/14 11:30:19,143,0.2339487373828888
2026/05/14 11:30:20,143,0.18714730441570282
2026/05/14 11:30:21,143,0.44920310378074646
2026/05/14 11:30:22,144,0.22995615005493164
2026/05/14 11:30:23,144,0.09103000164031982
2026/05/14 11:30:24,145,0.23092150688171387
2026/05/14 11:30:25,146,0.08770301192998886
2026/05/14 11:30:26,147,0.36415818333625793
2026/05/14 11:30:27,148,0.28144022822380066
2026/05/14 11:30:28,149,0.47940748929977417
2026/05/14 11:30:29,149,0.08338388800621033
2026/05/14 11:30:30,151,0.03783446550369263
2026/05/14 11:30:31,151,0.058671578764915466
2026/05/14 11:30:32,152,0.1916724443435669
2026/05/14 11:30:33,153,0.30079296231269836
2026/05/14 11:30:34,154,0.18354852497577667
2026/05/14 11:30:35,155,0.13962846994400024
2026/05/14 11:30:36,156,0.25356826186180115
2026/05/14 11:30:37,156,0.19534316658973694
2026/05/14 11:30:38,157,0.7048904895782471
2026/05/14 11:30:39,158,0.2492082417011261
2026/05/14 11:30:40,158,0.40480154752731323
2026/05/14 11:30:41,159,0.5797209143638611
2026/05/14 11:30:42,159,0.26474010944366455
2026/05/14 11:30:43,159,0.10899563133716583
2026/05/14 11:30:44,159,0.14583544433116913
2026/05/14 11:30:45,159,0.5620145797729492
2026/05/14 11:30:46,159,0.5185540318489075
2026/05/14 11:30:47,159,0.6888658404350281
2026/05/14 11:30:48,159,0.7068459391593933
2026/05/14 11:30:49,159,0.6088329553604126
2026/05/14 11:30:50,159,0.6322975754737854
2026/05/14 11:30:51,159,0.3004709482192993
2026/05/14 11:30:52,159,0.23162569105625153
2026/05/14 11:30:53,159,0.24212974309921265
2026/05/14 11:30:54,159,0.31784266233444214
2026/05/14 11:30:55,158,0.2923486530780792
2026/05/14 11:30:56,158,0.20177406072616577
2026/05/14 11:30:57,158,0.14320988953113556
2026/05/14 11:30:58,158,0.15200424194335938
2026/05/14 11:30:59,158,0.10575044900178909
2026/05/14 11:31:00,158,0.09254515171051025
2026/05/14 11:31:01,158,0.07692093402147293
2026/05/14 11:31:02,158,0.09765496104955673
2026/05/14 11:31:03,158,0.07876384258270264
2026/05/14 11:31:04,159,0.0823378786444664
2026/05/14 11:31:05,159,0.1227046549320221
2026/05/14 11:31:06,160,0.08016571402549744
2026/05/14 11:31:07,160,0.12163960188627243
2026/05/14 11:31:08,161,0.10755784809589386
2026/05/14 11:31:09,162,0.06900804489850998
2026/05/14 11:31:10,162,0.08988863229751587
2026/05/14 11:31:11,163,0.4391641914844513
2026/05/14 11:31:12,163,0.11316638439893723
2026/05/14 11:31:13,164,0.18434572219848633
2026/05/14 11:31:14,164,0.16526643931865692
2026/05/14 11:31:15,165,0.15494707226753235
2026/05/14 11:31:16,166,0.31822383403778076
2026/05/14 11:31:17,166,0.20652157068252563
2026/05/14 11:31:18,167,0.1738310307264328
2026/05/14 11:31:19,168,0.5551786422729492
2026/05/14 11:31:20,169,0.7504984140396118
2026/05/14 11:31:21,170,0.39905261993408203
2026/05/14 11:31:22,171,0.24766381084918976
2026/05/14 11:31:23,172,0.21111971139907837
2026/05/14 11:31:24,173,0.18583270907402039
2026/05/14 11:31:25,173,0.24638928472995758
2026/05/14 11:31:26,172,0.2977476716041565
2026/05/14 11:31:27,172,0.17529909312725067
2026/05/14 11:31:28,171,0.1282798796892166
2026/05/14 11:31:29,170,0.1568988859653473
2026/05/14 11:31:30,169,0.6238539218902588
2026/05/14 11:31:31,168,0.5660579204559326
2026/05/14 11:31:32,167,0.37389716506004333
2026/05/14 11:31:33,166,0.1775379329919815
2026/05/14 11:31:34,165,0.17925499379634857
2026/05/14 11:31:35,164,0.16379296779632568
2026/05/14 11:31:36,163,0.11648134887218475
2026/05/14 11:31:37,162,0.10396601259708405
2026/05/14 11:31:38,161,0.12256083637475967
2026/05/14 11:31:39,160,0.09642815589904785
2026/05/14 11:31:40,159,0.07914010435342789
2026/05/14 11:31:41,158,0.1021280363202095
2026/05/14 11:31:42,157,0.09360247105360031
2026/05/14 11:31:43,156,0.13961085677146912
2026/05/14 11:31:44,156,0.12564703822135925
2026/05/14 11:31:45,156,0.10173725336790085
2026/05/14 11:31:46,156,0.23928968608379364
2026/05/14 11:31:47,156,0.12597820162773132
2026/05/14 11:31:48,157,0.10452485084533691
2026/05/14 11:31:49,157,0.08299408853054047
2026/05/14 11:31:50,157,0.09693323820829391
2026/05/14 11:31:51,157,0.10621831566095352
2026/05/14 11:31:52,158,0.12570834159851074
2026/05/14 11:31:53,158,0.1740655153989792
2026/05/14 11:31:54,157,0.18916042149066925
2026/05/14 11:31:55,157,0.15744152665138245
2026/05/14 11:31:56,157,0.1451040357351303
2026/05/14 11:31:57,157,0.144352525472641
2026/05/14 11:31:58,157,0.14659632742404938
2026/05/14 11:31:59,157,0.10707733035087585
2026/05/14 11:32:00,157,0.075868621468544
2026/05/14 11:32:01,157,0.0987435132265091
2026/05/14 11:32:02,157,0.08875921368598938
2026/05/14 11:32:03,157,0.09049322456121445
2026/05/14 11:32:04,156,0.11933599412441254
2026/05/14 11:32:05,156,0.158983051776886
2026/05/14 11:32:06,156,0.10899565368890762
2026/05/14 11:32:07,155,0.19691838324069977
2026/05/14 11:32:08,155,0.10245948284864426
2026/05/14 11:32:09,155,0.5588212013244629
2026/05/14 11:32:10,154,0.21338079869747162
2026/05/14 11:32:11,154,0.20904868841171265
2026/05/14 11:32:12,154,0.16519643366336823
2026/05/14 11:32:13,154,0.6008376479148865
2026/05/14 11:32:14,153,0.24389265477657318
2026/05/14 11:32:15,152,0.28692150115966797
2026/05/14 11:32:16,151,0.48213082551956177
2026/05/14 11:32:17,150,0.46885794401168823
2026/05/14 11:32:18,148,0.5555940866470337
2026/05/14 11:32:19,147,0.1339118480682373
2026/05/14 11:32:20,147,0.17680011689662933
2026/05/14 11:32:21,146,0.1907450556755066
2026/05/14 11:32:22,146,0.22864368557929993
2026/05/14 11:32:23,146,0.15358173847198486
2026/05/14 11:32:24,147,0.28982922434806824
2026/05/14 11:32:25,147,0.36757132411003113
2026/05/14 11:32:26,148,0.7508420348167419
2026/05/14 11:32:27,148,0.23534780740737915
2026/05/14 11:32:28,148,0.18581770360469818
2026/05/14 11:32:29,149,0.14120826125144958
2026/05/14 11:32:30,149,0.12072916328907013
2026/05/14 11:32:31,149,0.14364545047283173
2026/05/14 11:32:32,149,0.17233970761299133
2026/05/14 11:32:33,149,0.14151252806186676
2026/05/14 11:32:34,149,0.20866288244724274
2026/05/14 11:32:35,149,0.12386426329612732
2026/05/14 11:32:36,149,0.0830078274011612
2026/05/14 11:32:37,149,0.08268134295940399
2026/05/14 11:32:38,148,0.08405986428260803
2026/05/14 11:32:39,148,0.07693714648485184
2026/05/14 11:32:40,148,0.08263295888900757
2026/05/14 11:32:41,148,0.08468316495418549
2026/05/14 11:32:42,148,0.09811851382255554
2026/05/14 11:32:43,148,0.09699001163244247
2026/05/14 11:32:44,149,0.17876103520393372
2026/05/14 11:32:45,149,0.14080770313739777
2026/05/14 11:32:46,149,0.20426122844219208
2026/05/14 11:32:47,149,0.19933250546455383
2026/05/14 11:32:48,149,0.18933238089084625
2026/05/14 11:32:49,149,0.2382964789867401
2026/05/14 11:32:50,149,0.21913520991802216
2026/05/14 11:32:51,149,0.18445733189582825
2026/05/14 11:32:52,150,0.3023006319999695
2026/05/14 11:32:53,150,0.14390107989311218
2026/05/14 11:32:54,150,0.262966126203537
2026/05/14 11:32:55,151,0.6158133149147034
2026/05/14 11:32:56,151,0.7305770516395569
2026/05/14 11:32:57,151,0.440765380859375
2026/05/14 11:32:58,152,0.2093527466058731
2026/05/14 11:32:59,152,0.1828308403491974
2026/05/14 11:33:00,151,0.3170943558216095
2026/05/14 11:33:01,150,0.3988179564476013
2026/05/14 11:33:02,150,0.19070030748844147
2026/05/14 11:33:03,149,0.23639822006225586
2026/05/14 11:33:04,148,0.23993349075317383
2026/05/14 11:33:05,147,0.17255231738090515
2026/05/14 11:33:06,147,0.17920614778995514
2026/05/14 11:33:07,146,0.13515207171440125
2026/05/14 11:33:08,145,0.1134280413389206
2026/05/14 11:33:09,145,0.11573607474565506
2026/05/14 11:33:10,144,0.09405143558979034
2026/05/14 11:33:11,143,0.17441824078559875
2026/05/14 11:33:12,142,0.3754838705062866
2026/05/14 11:33:13,142,0.20161128044128418
2026/05/14 11:33:14,141,0.29078033566474915
2026/05/14 11:33:15,141,0.46828803420066833
2026/05/14 11:33:16,141,0.45102742314338684
2026/05/14 11:33:17,142,0.06959003210067749
2026/05/14 11:33:18,143,0.16933369636535645
2026/05/14 11:33:19,143,0.4028109014034271
2026/05/14 11:33:20,145,0.18202215433120728
2026/05/14 11:33:21,145,0.2021779716014862
2026/05/14 11:33:22,147,0.19148659706115723
2026/05/14 11:33:23,148,0.22921204566955566
2026/05/14 11:33:24,148,0.22710809111595154
2026/05/14 11:33:25,149,0.20533598959445953
2026/05/14 11:33:26,149,0.12591290473937988
2026/05/14 11:33:27,150,0.15761291980743408
2026/05/14 11:33:28,150,0.40999728441238403
2026/05/14 11:33:29,150,0.25490349531173706
2026/05/14 11:33:30,150,0.17078523337841034
2026/05/14 11:33:31,150,0.19702349603176117
2026/05/14 11:33:32,150,0.19488805532455444
2026/05/14 11:33:33,150,0.1570517122745514
2026/05/14 11:33:34,150,0.15878969430923462
2026/05/14 11:33:35,150,0.120732381939888
2026/05/14 11:33:36,149,0.39403095841407776
2026/05/14 11:33:37,149,0.2790282070636749
2026/05/14 11:33:38,148,0.159047931432724
2026/05/14 11:33:39,148,0.1937585324048996
2026/05/14 11:33:40,148,0.5557534694671631
2026/05/14 11:33:41,147,0.5227370858192444
2026/05/14 11:33:42,147,0.18941570818424225
2026/05/14 11:33:43,147,0.40362548828125
2026/05/14 11:33:44,147,0.20140288770198822
2026/05/14 11:33:45,147,0.22908657789230347
2026/05/14 11:33:46,148,0.2121967375278473
2026/05/14 11:33:47,148,0.19760645925998688
2026/05/14 11:33:48,148,0.12599776685237885
2026/05/14 11:33:49,148,0.07773786783218384
2026/05/14 11:33:50,148,0.10190167278051376
2026/05/14 11:33:51,148,0.07749403268098831
2026/05/14 11:33:52,147,0.08803338557481766
2026/05/14 11:33:53,147,0.15743842720985413
2026/05/14 11:33:54,147,0.17430225014686584
2026/05/14 11:33:55,147,0.5313847064971924
2026/05/14 11:33:56,147,0.8078093528747559
2026/05/14 11:33:57,147,0.87950599193573
2026/05/14 11:33:58,148,0.8882343769073486
2026/05/14 11:33:59,149,0.765876054763794
2026/05/14 11:34:00,149,1.0169814825057983
2026/05/14 11:34:01,149,0.8008896708488464
2026/05/14 11:34:02,150,0.8546990752220154
2026/05/14 11:34:03,150,0.6695542335510254
2026/05/14 11:34:04,150,0.6601665019989014
2026/05/14 11:34:05,150,0.3138846755027771
2026/05/14 11:34:06,150,0.0721525326371193
2026/05/14 11:34:07,149,0.12180976569652557
2026/05/14 11:34:08,149,0.08286885917186737
2026/05/14 11:34:09,149,0.08144145458936691
2026/05/14 11:34:10,150,0.08585716038942337
2026/05/14 11:34:11,151,0.08887540549039841
2026/05/14 11:34:12,151,0.0959153100848198
2026/05/14 11:34:13,152,0.1020069345831871
2026/05/14 11:34:14,152,0.26506638526916504
2026/05/14 11:34:15,151,0.18423627316951752
2026/05/14 11:34:16,151,0.24123696982860565
2026/05/14 11:34:17,151,0.2583664357662201
2026/05/14 11:34:18,151,0.30215397477149963
2026/05/14 11:34:19,151,0.2723234295845032
2026/05/14 11:34:20,151,0.272621214389801
2026/05/14 11:34:21,152,0.3009052574634552
2026/05/14 11:34:22,152,0.26560458540916443
2026/05/14 11:34:23,153,0.23790527880191803
2026/05/14 11:34:24,153,0.24993784725666046
2026/05/14 11:34:25,152,0.21535727381706238
2026/05/14 11:34:26,152,0.2196037620306015
2026/05/14 11:34:27,152,0.23690810799598694
2026/05/14 11:34:28,152,0.22677434980869293
2026/05/14 11:34:29,152,0.1150759607553482
2026/05/14 11:34:30,152,0.20493139326572418
2026/05/14 11:34:31,152,0.15878519415855408
2026/05/14 11:34:32,152,0.11329734325408936
2026/05/14 11:34:33,152,0.10847620666027069
2026/05/14 11:34:34,152,0.4167446792125702
2026/05/14 11:34:35,152,0.45086008310317993
2026/05/14 11:34:36,152,0.17181463539600372
2026/05/14 11:34:37,152,0.13997797667980194
2026/05/14 11:34:38,152,0.08262407779693604
2026/05/14 11:34:39,152,0.09765782207250595
2026/05/14 11:34:40,152,0.08627703785896301
2026/05/14 11:34:41,152,0.08311017602682114
2026/05/14 11:34:42,152,0.08652247488498688
2026/05/14 11:34:43,152,0.07756402343511581
2026/05/14 11:34:44,152,0.08262422680854797
2026/05/14 11:34:45,152,0.08530831336975098
2026/05/14 11:34:46,152,0.09109910577535629
2026/05/14 11:34:47,152,0.11357995867729187
2026/05/14 11:34:48,152,0.09368699043989182
2026/05/14 11:34:49,151,0.2047068178653717
2026/05/14 11:34:50,152,0.16207703948020935
2026/05/14 11:34:51,152,0.101246178150177
2026/05/14 11:34:52,152,0.08977949619293213
2026/05/14 11:34:53,152,0.08471979945898056
2026/05/14 11:34:54,153,0.10370662808418274
2026/05/14 11:34:55,153,0.11640019714832306
2026/05/14 11:34:56,153,0.18019461631774902
2026/05/14 11:34:57,154,0.3408347964286804
2026/05/14 11:34:58,154,0.07818979024887085
2026/05/14 11:34:59,154,0.17093633115291595
2026/05/14 11:35:00,154,0.10744524002075195
2026/05/14 11:35:01,154,0.1685611754655838
2026/05/14 11:35:02,154,0.12378356605768204
2026/05/14 11:35:03,154,0.2306494265794754
2026/05/14 11:35:04,153,0.46771591901779175
2026/05/14 11:35:05,153,0.2840326130390167
2026/05/14 11:35:06,153,0.2888927757740021
2026/05/14 11:35:07,152,0.10738176852464676
2026/05/14 11:35:08,152,0.11117663979530334
2026/05/14 11:35:09,152,0.28136348724365234
2026/05/14 11:35:10,151,0.7343217730522156
2026/05/14 11:35:11,151,0.8137881755828857
2026/05/14 11:35:12,151,0.25879421830177307
2026/05/14 11:35:13,150,0.3205881714820862
2026/05/14 11:35:14,150,0.08112271130084991
2026/05/14 11:35:15,149,0.15379522740840912
2026/05/14 11:35:16,149,0.18644380569458008
2026/05/14 11:35:17,149,0.3295469284057617
2026/05/14 11:35:18,148,0.06503938138484955
2026/05/14 11:35:19,148,0.0745251402258873
2026/05/14 11:35:20,147,0.22960640490055084
2026/05/14 11:35:21,147,0.1376691609621048
2026/05/14 11:35:22,146,0.08613235503435135
2026/05/14 11:35:23,146,0.11711332947015762
2026/05/14 11:35:24,145,0.09420985728502274
2026/05/14 11:35:25,145,0.6223500967025757
2026/05/14 11:35:26,144,0.7207460403442383
2026/05/14 11:35:27,143,0.8220254778862
2026/05/14 11:35:28,143,0.5444780588150024
2026/05/14 11:35:29,142,0.7844361662864685
2026/05/14 11:35:30,142,0.5023922324180603
2026/05/14 11:35:31,141,0.19012461602687836
2026/05/14 11:35:32,140,0.08266597986221313
2026/05/14 11:35:33,140,0.20581558346748352
2026/05/14 11:35:34,140,0.6219998598098755
2026/05/14 11:35:35,140,0.3530689775943756
2026/05/14 11:35:36,140,0.17139722406864166
2026/05/14 11:35:37,141,0.08527844399213791
2026/05/14 11:35:38,141,0.2477407604455948
2026/05/14 11:35:39,141,0.2636148929595947
2026/05/14 11:35:40,141,0.18449030816555023
2026/05/14 11:35:41,141,0.4698869287967682
2026/05/14 11:35:42,142,0.2567828893661499
2026/05/14 11:35:43,142,0.15577097237110138
2026/05/14 11:35:44,142,0.29992198944091797
2026/05/14 11:35:45,143,0.31644803285598755
2026/05/14 11:35:46,144,0.5872089266777039
2026/05/14 11:35:47,145,0.5135164856910706
2026/05/14 11:35:48,147,0.4657106399536133
2026/05/14 11:35:49,148,0.1304173767566681
2026/05/14 11:35:50,149,0.27178382873535156
2026/05/14 11:35:51,149,0.267282634973526
2026/05/14 11:35:52,150,0.2410995215177536
2026/05/14 11:35:53,150,0.2604086101055145
2026/05/14 11:35:54,150,0.25700893998146057
2026/05/14 11:35:55,150,0.2688699960708618
2026/05/14 11:35:56,150,0.2494383454322815
2026/05/14 11:35:57,150,0.19700294733047485
2026/05/14 11:35:58,150,0.20373104512691498
2026/05/14 11:35:59,150,0.11997632682323456
2026/05/14 11:36:00,150,0.09963499754667282
2026/05/14 11:36:01,150,0.11250456422567368
2026/05/14 11:36:02,150,0.13936375081539154
2026/05/14 11:36:03,150,0.14812211692333221
2026/05/14 11:36:04,150,0.24054290354251862
2026/05/14 11:36:05,150,0.4303555488586426
2026/05/14 11:36:06,151,0.16872602701187134
2026/05/14 11:36:07,152,0.18331801891326904
2026/05/14 11:36:08,153,0.24868153035640717
2026/05/14 11:36:09,154,0.157351553440094
2026/05/14 11:36:10,155,0.16923916339874268
2026/05/14 11:36:11,156,0.17258062958717346
2026/05/14 11:36:12,157,0.10963943600654602
2026/05/14 11:36:13,157,0.062167588621377945
2026/05/14 11:36:14,158,0.08172900229692459
2026/05/14 11:36:15,159,0.14746376872062683
2026/05/14 11:36:16,160,0.10031391680240631
2026/05/14 11:36:17,161,0.11616314947605133
2026/05/14 11:36:18,161,0.1800050437450409
2026/05/14 11:36:19,162,0.21987786889076233
2026/05/14 11:36:20,162,0.3228439390659332
2026/05/14 11:36:21,162,0.17783312499523163
2026/05/14 11:36:22,162,0.22509559988975525
2026/05/14 11:36:23,162,0.4056629240512848
2026/05/14 11:36:24,163,0.24196718633174896
2026/05/14 11:36:25,163,0.08209244161844254
2026/05/14 11:36:26,163,0.10480759292840958
2026/05/14 11:36:27,162,0.08170220255851746
2026/05/14 11:36:28,163,0.08143860101699829
2026/05/14 11:36:29,163,0.0940612182021141
2026/05/14 11:36:30,163,0.07739169150590897
2026/05/14 11:36:31,162,0.32036295533180237
2026/05/14 11:36:32,162,0.48612406849861145
2026/05/14 11:36:33,162,0.34784919023513794
2026/05/14 11:36:34,162,0.10140974074602127
2026/05/14 11:36:35,161,0.08898833394050598
2026/05/14 11:36:36,161,0.08096270263195038
2026/05/14 11:36:37,161,0.09916714578866959
2026/05/14 11:36:38,160,0.132527694106102
2026/05/14 11:36:39,160,0.14711245894432068
2026/05/14 11:36:40,159,0.09507504850625992
2026/05/14 11:36:41,159,0.09135287255048752
2026/05/14 11:36:42,158,0.1388624757528305
2026/05/14 11:36:43,157,0.1683468222618103
2026/05/14 11:36:44,156,0.14393910765647888
2026/05/14 11:36:45,155,0.08282347023487091
2026/05/14 11:36:46,154,0.07796712219715118
2026/05/14 11:36:47,154,0.08398953080177307
2026/05/14 11:36:48,153,0.07722007483243942
2026/05/14 11:36:49,152,0.07575523853302002
2026/05/14 11:36:50,152,0.08629900962114334
2026/05/14 11:36:51,152,0.15561352670192719
2026/05/14 11:36:52,152,0.15292440354824066
2026/05/14 11:36:53,152,0.12606796622276306
2026/05/14 11:36:54,153,0.12338794767856598
2026/05/14 11:36:55,153,0.19071616232395172
2026/05/14 11:36:56,153,0.0677039846777916
2026/05/14 11:36:57,153,0.13053053617477417
2026/05/14 11:36:58,153,0.267050564289093
2026/05/14 11:36:59,153,0.17336398363113403
2026/05/14 11:37:00,153,0.20439746975898743
2026/05/14 11:37:01,154,0.18026262521743774
2026/05/14 11:37:02,154,0.3883279263973236
2026/05/14 11:37:03,154,0.1352473944425583
2026/05/14 11:37:04,153,0.1646645963191986
2026/05/14 11:37:05,153,0.3471115529537201
2026/05/14 11:37:06,152,0.07416341453790665
2026/05/14 11:37:07,152,0.14078712463378906
2026/05/14 11:37:08,151,0.2821495234966278
2026/05/14 11:37:09,151,0.175568088889122
2026/05/14 11:37:10,150,0.11499109864234924
2026/05/14 11:37:11,150,0.3689442276954651
2026/05/14 11:37:12,149,0.3502670228481293
2026/05/14 11:37:13,149,0.3360832929611206
2026/05/14 11:37:14,148,0.2925401031970978
2026/05/14 11:37:15,147,0.24836419522762299
2026/05/14 11:37:16,147,0.08109622448682785
2026/05/14 11:37:17,146,0.23068822920322418
2026/05/14 11:37:18,146,0.5940402150154114
2026/05/14 11:37:19,145,0.13659842312335968
2026/05/14 11:37:20,145,0.09890381991863251
2026/05/14 11:37:21,145,0.2951148748397827
2026/05/14 11:37:22,145,0.3750336766242981
2026/05/14 11:37:23,145,0.31022217869758606
2026/05/14 11:37:24,145,0.17258866131305695
2026/05/14 11:37:25,146,0.26007869839668274
2026/05/14 11:37:26,146,0.10359568893909454
2026/05/14 11:37:27,146,0.1426282525062561
2026/05/14 11:37:28,145,0.45232394337654114
2026/05/14 11:37:29,145,0.38668304681777954
2026/05/14 11:37:30,145,0.22163978219032288
2026/05/14 11:37:31,145,0.2692457139492035
2026/05/14 11:37:32,145,0.474126935005188
2026/05/14 11:37:33,145,0.3471793830394745
2026/05/14 11:37:34,145,0.10017840564250946
2026/05/14 11:37:35,144,0.3583318889141083
2026/05/14 11:37:36,145,0.21866871416568756
2026/05/14 11:37:37,145,0.1435292661190033
2026/05/14 11:37:38,145,0.2574135661125183
2026/05/14 11:37:39,145,0.22352269291877747
2026/05/14 11:37:40,145,0.19201423227787018
2026/05/14 11:37:41,145,0.20473185181617737
2026/05/14 11:37:42,145,0.16493891179561615
2026/05/14 11:37:43,145,0.25559231638908386
2026/05/14 11:37:44,145,0.19172465801239014
2026/05/14 11:37:45,145,0.25458964705467224
2026/05/14 11:37:46,145,0.17416252195835114
2026/05/14 11:37:47,145,0.14800865948200226
2026/05/14 11:37:48,145,0.15263764560222626
2026/05/14 11:37:49,145,0.12202736735343933
2026/05/14 11:37:50,144,0.20329828560352325
2026/05/14 11:37:51,144,0.08364750444889069
2026/05/14 11:37:52,144,0.14180690050125122
2026/05/14 11:37:53,143,0.09708670526742935
2026/05/14 11:37:54,143,0.15581193566322327
2026/05/14 11:37:55,142,0.14985664188861847
2026/05/14 11:37:56,142,0.14512689411640167
2026/05/14 11:37:57,141,0.18217432498931885
2026/05/14 11:37:58,141,0.16844524443149567
2026/05/14 11:37:59,140,0.1887548267841339
2026/05/14 11:38:00,141,0.19682493805885315
2026/05/14 11:38:01,142,0.16276806592941284
2026/05/14 11:38:02,143,0.4285261631011963
2026/05/14 11:38:03,144,0.2621830999851227
2026/05/14 11:38:04,145,0.17113669216632843
2026/05/14 11:38:05,146,0.10821424424648285
2026/05/14 11:38:06,147,0.1474376618862152
2026/05/14 11:38:07,148,0.12742267549037933
2026/05/14 11:38:08,150,0.15603217482566833
2026/05/14 11:38:09,151,0.09472882002592087
2026/05/14 11:38:10,151,0.08472241461277008
2026/05/14 11:38:11,151,0.08265618979930878
2026/05/14 11:38:12,151,0.1426466852426529
2026/05/14 11:38:13,150,0.1960384100675583
2026/05/14 11:38:14,150,0.084120973944664
2026/05/14 11:38:15,149,0.15692934393882751
2026/05/14 11:38:16,149,0.17488668859004974
2026/05/14 11:38:17,148,0.10209619998931885
2026/05/14 11:38:18,148,0.34608596563339233
2026/05/14 11:38:19,148,0.34090784192085266
2026/05/14 11:38:20,148,0.2266414910554886
2026/05/14 11:38:21,147,0.11213270574808121
2026/05/14 11:38:22,147,0.13598206639289856
2026/05/14 11:38:23,147,0.152973011136055
2026/05/14 11:38:24,147,0.18473871052265167
2026/05/14 11:38:25,147,0.1879940629005432
2026/05/14 11:38:26,147,0.16340434551239014
2026/05/14 11:38:27,148,0.3235204219818115
2026/05/14 11:38:28,148,0.15793059766292572
2026/05/14 11:38:29,147,0.17952878773212433
2026/05/14 11:38:30,147,0.28549355268478394
2026/05/14 11:38:31,148,0.4376484453678131
2026/05/14 11:38:32,148,0.212253600358963
2026/05/14 11:38:33,148,0.15359924733638763
2026/05/14 11:38:34,148,0.17762155830860138
2026/05/14 11:38:35,147,0.18174313008785248
2026/05/14 11:38:36,147,0.260159432888031
2026/05/14 11:38:37,146,0.27684900164604187
2026/05/14 11:38:38,146,0.24991419911384583
2026/05/14 11:38:39,146,0.3604978024959564
2026/05/14 11:38:40,145,0.3507581651210785
2026/05/14 11:38:41,144,0.1581970602273941
2026/05/14 11:38:42,143,0.14022232592105865
2026/05/14 11:38:43,142,0.14708901941776276
2026/05/14 11:38:44,141,0.16371305286884308
2026/05/14 11:38:45,140,0.15781189501285553
2026/05/14 11:38:46,140,0.18941116333007812
2026/05/14 11:38:47,139,0.11928276717662811
2026/05/14 11:38:48,139,0.40065714716911316
2026/05/14 11:38:49,140,0.7420604228973389
2026/05/14 11:38:50,140,0.19498494267463684
2026/05/14 11:38:51,141,0.23065872490406036
2026/05/14 11:38:52,141,0.15186429023742676
2026/05/14 11:38:53,142,0.1229323148727417
2026/05/14 11:38:54,142,0.16473722457885742
2026/05/14 11:38:55,143,0.25354859232902527
2026/05/14 11:38:56,143,0.16180454194545746
2026/05/14 11:38:57,144,0.24854645133018494
2026/05/14 11:38:58,145,0.0968661829829216
2026/05/14 11:38:59,146,0.1966640055179596
2026/05/14 11:39:00,148,0.2120008021593094
2026/05/14 11:39:01,149,0.27643412351608276
2026/05/14 11:39:02,150,0.2287287414073944
2026/05/14 11:39:03,150,0.2395889163017273
2026/05/14 11:39:04,151,0.12646326422691345
2026/05/14 11:39:05,152,0.09988893568515778
2026/05/14 11:39:06,152,0.17959293723106384
2026/05/14 11:39:07,153,0.11825667321681976
2026/05/14 11:39:08,153,0.07720362395048141
2026/05/14 11:39:09,153,0.20013293623924255
2026/05/14 11:39:10,153,0.1960940808057785
2026/05/14 11:39:11,153,0.23996424674987793
2026/05/14 11:39:12,152,0.2235129326581955
2026/05/14 11:39:13,151,0.48248225450515747
2026/05/14 11:39:14,151,0.6796728372573853
2026/05/14 11:39:15,150,0.6413852572441101
2026/05/14 11:39:16,149,0.39393261075019836
2026/05/14 11:39:17,149,0.46862176060676575
2026/05/14 11:39:18,148,0.2653678059577942
2026/05/14 11:39:19,148,0.3743496835231781
2026/05/14 11:39:20,148,0.2211858481168747
2026/05/14 11:39:21,147,0.15958279371261597
2026/05/14 11:39:22,146,0.12031162530183792
2026/05/14 11:39:23,146,0.22513577342033386
2026/05/14 11:39:24,145,0.16384348273277283
2026/05/14 11:39:25,144,0.08142036199569702
2026/05/14 11:39:26,144,0.11946206539869308
2026/05/14 11:39:27,144,0.20373152196407318
2026/05/14 11:39:28,144,0.11069907248020172
2026/05/14 11:39:29,144,0.10473378747701645
2026/05/14 11:39:30,143,0.10142506659030914
2026/05/14 11:39:31,144,0.49177277088165283
2026/05/14 11:39:32,144,0.8145082592964172
2026/05/14 11:39:33,144,0.3049181401729584
2026/05/14 11:39:34,145,0.20554028451442719
2026/05/14 11:39:35,145,0.0860648900270462
2026/05/14 11:39:36,146,0.3898419141769409
2026/05/14 11:39:37,146,0.6311661005020142
2026/05/14 11:39:38,146,1.7227262258529663
2026/05/14 11:39:39,146,0.33330199122428894
2026/05/14 11:39:40,147,0.2915394902229309
2026/05/14 11:39:41,147,0.22950179874897003
2026/05/14 11:39:42,147,0.28606146574020386
2026/05/14 11:39:43,148,0.3256043791770935
2026/05/14 11:39:44,148,0.21842992305755615
2026/05/14 11:39:45,149,0.09479888528585434
2026/05/14 11:39:46,149,0.16140425205230713
2026/05/14 11:39:47,149,0.38827377557754517
2026/05/14 11:39:48,150,0.32141709327697754
2026/05/14 11:39:49,151,0.18417491018772125
2026/05/14 11:39:50,152,0.0970790684223175
2026/05/14 11:39:51,153,0.5449569225311279
2026/05/14 11:39:52,154,0.5553915500640869
2026/05/14 11:39:53,155,0.4833691418170929
2026/05/14 11:39:54,156,0.3353011906147003
2026/05/14 11:39:55,156,0.1371883600950241
2026/05/14 11:39:56,156,0.2248641550540924
2026/05/14 11:39:57,156,0.21566374599933624
2026/05/14 11:39:58,156,0.31371012330055237
2026/05/14 11:39:59,155,0.16023719310760498
2026/05/14 11:40:00,155,0.32902243733406067
2026/05/14 11:40:01,154,0.21987175941467285
2026/05/14 11:40:02,154,0.12741130590438843
2026/05/14 11:40:03,154,0.296231746673584
2026/05/14 11:40:04,154,0.38986140489578247
2026/05/14 11:40:05,153,0.28620317578315735
2026/05/14 11:40:06,153,0.20181846618652344
2026/05/14 11:40:07,153,0.2158949375152588
2026/05/14 11:40:08,153,0.27779072523117065
2026/05/14 11:40:09,153,0.2140471488237381
2026/05/14 11:40:10,153,0.23951058089733124
2026/05/14 11:40:11,153,0.20022881031036377
2026/05/14 11:40:12,153,0.17886516451835632
2026/05/14 11:40:13,153,0.29371607303619385
2026/05/14 11:40:14,153,0.46616560220718384
2026/05/14 11:40:15,152,0.15723171830177307
2026/05/14 11:40:16,153,0.15353234112262726
2026/05/14 11:40:17,153,0.16777145862579346
2026/05/14 11:40:18,153,0.2360655814409256
2026/05/14 11:40:19,153,0.19242796301841736
2026/05/14 11:40:20,153,0.21629904210567474
2026/05/14 11:40:21,153,0.19084405899047852
2026/05/14 11:40:22,152,0.22696757316589355
2026/05/14 11:40:23,152,0.20754194259643555
2026/05/14 11:40:24,152,0.222527876496315
2026/05/14 11:40:25,152,0.147362619638443
2026/05/14 11:40:26,152,0.13288360834121704
2026/05/14 11:40:27,151,0.08866285532712936
2026/05/14 11:40:28,151,0.07570196688175201
2026/05/14 11:40:29,151,0.111867256462574
2026/05/14 11:40:30,150,0.12299388647079468
2026/05/14 11:40:31,150,0.36400216817855835
2026/05/14 11:40:32,150,0.3382630944252014
2026/05/14 11:40:33,150,0.14374396204948425
2026/05/14 11:40:34,150,0.11372809112071991
2026/05/14 11:40:35,150,0.078276127576828
2026/05/14 11:40:36,150,0.1120477244257927
2026/05/14 11:40:37,150,0.13524655997753143
2026/05/14 11:40:38,150,0.10038875788450241
2026/05/14 11:40:39,149,0.1006985455751419
2026/05/14 11:40:40,150,0.19478891789913177
2026/05/14 11:40:41,150,0.15435050427913666
2026/05/14 11:40:42,151,0.11002414673566818
2026/05/14 11:40:43,151,0.08418569713830948
2026/05/14 11:40:44,152,0.10852445662021637
2026/05/14 11:40:45,152,0.12144486606121063
2026/05/14 11:40:46,152,0.06267703324556351
2026/05/14 11:40:47,152,0.07600903511047363
2026/05/14 11:40:48,152,0.060604698956012726
2026/05/14 11:40:49,152,0.10135113447904587
2026/05/14 11:40:50,153,0.0977344810962677
2026/05/14 11:40:51,153,0.07241494208574295
2026/05/14 11:40:52,153,0.2827824652194977
2026/05/14 11:40:53,153,0.20436115562915802
2026/05/14 11:40:54,154,0.07888050377368927
2026/05/14 11:40:55,154,0.19613774120807648
2026/05/14 11:40:56,155,0.11386878043413162
2026/05/14 11:40:57,155,0.14404837787151337
2026/05/14 11:40:58,155,0.1493804007768631
2026/05/14 11:40:59,156,0.07472287863492966
2026/05/14 11:41:00,156,0.0854351818561554
2026/05/14 11:41:01,156,0.1133139580488205
2026/05/14 11:41:02,155,0.1923738270998001
2026/05/14 11:41:03,155,0.18381701409816742
2026/05/14 11:41:04,155,0.23537617921829224
2026/05/14 11:41:05,155,0.34461212158203125
2026/05/14 11:41:06,155,0.12275775521993637
2026/05/14 11:41:07,155,0.10599657893180847
2026/05/14 11:41:08,155,0.11002718657255173
2026/05/14 11:41:09,155,0.25418609380722046
2026/05/14 11:41:10,155,0.17962968349456787
2026/05/14 11:41:11,156,0.1131669133901596
2026/05/14 11:41:12,156,0.1391194611787796
2026/05/14 11:41:13,156,0.1894642561674118
2026/05/14 11:41:14,156,0.328387588262558
2026/05/14 11:41:15,156,0.19525431096553802
2026/05/14 11:41:16,155,0.15148179233074188
2026/05/14 11:41:17,154,0.21027597784996033
2026/05/14 11:41:18,152,0.10378430783748627
2026/05/14 11:41:19,151,0.09209662675857544
2026/05/14 11:41:20,150,0.40100643038749695
2026/05/14 11:41:21,149,0.48986223340034485
2026/05/14 11:41:22,148,0.24766366183757782
2026/05/14 11:41:23,147,0.08298353850841522
2026/05/14 11:41:24,146,0.29656362533569336
2026/05/14 11:41:25,145,0.4196625351905823
2026/05/14 11:41:26,145,0.17579714953899384
2026/05/14 11:41:27,144,0.2378656566143036
2026/05/14 11:41:28,143,0.5522992014884949
2026/05/14 11:41:29,142,0.7515612840652466
2026/05/14 11:41:30,142,0.484173059463501
2026/05/14 11:41:31,141,0.26053640246391296
2026/05/14 11:41:32,141,0.24824152886867523
2026/05/14 11:41:33,140,0.2838279902935028
2026/05/14 11:41:34,140,0.2951962947845459
2026/05/14 11:41:35,140,0.5210030674934387
2026/05/14 11:41:36,141,0.10947009176015854
2026/05/14 11:41:37,141,0.3027159869670868
2026/05/14 11:41:38,142,0.5103424191474915
2026/05/14 11:41:39,143,0.5361591577529907
2026/05/14 11:41:40,144,0.421720415353775
2026/05/14 11:41:41,144,0.336757630109787
2026/05/14 11:41:42,145,0.29285794496536255
2026/05/14 11:41:43,146,0.6561114192008972
2026/05/14 11:41:44,147,0.25234049558639526
2026/05/14 11:41:45,147,0.2779017686843872
2026/05/14 11:41:46,148,0.19582492113113403
2026/05/14 11:41:47,148,0.2660754323005676
2026/05/14 11:41:48,148,0.24044497311115265
2026/05/14 11:41:49,148,0.20755481719970703
2026/05/14 11:41:50,149,0.08601181954145432
2026/05/14 11:41:51,149,0.457388311624527
2026/05/14 11:41:52,149,0.16855819523334503
2026/05/14 11:41:53,150,0.17072109878063202
2026/05/14 11:41:54,150,0.08098196983337402
2026/05/14 11:41:55,151,0.3614901602268219
2026/05/14 11:41:56,151,0.6724452376365662
2026/05/14 11:41:57,151,0.49169841408729553
2026/05/14 11:41:58,152,0.8699901103973389
2026/05/14 11:41:59,152,1.0320488214492798
2026/05/14 11:42:00,153,0.7637460827827454
2026/05/14 11:42:01,153,0.6861749291419983
2026/05/14 11:42:02,154,0.5617192387580872
2026/05/14 11:42:03,155,0.3823387920856476
2026/05/14 11:42:04,156,0.1619681566953659
2026/05/14 11:42:05,157,0.10787628591060638
2026/05/14 11:42:06,157,0.10906325280666351
2026/05/14 11:42:07,158,0.0930611789226532
2026/05/14 11:42:08,159,0.09883318841457367
2026/05/14 11:42:09,159,0.12315669655799866
2026/05/14 11:42:10,159,0.09479374438524246
2026/05/14 11:42:11,159,0.14085322618484497
2026/05/14 11:42:12,160,0.20013773441314697
2026/05/14 11:42:13,160,0.21042686700820923
2026/05/14 11:42:14,160,0.09016834199428558
2026/05/14 11:42:15,161,0.08128222078084946
2026/05/14 11:42:16,161,0.08286235481500626
2026/05/14 11:42:17,162,0.08450180292129517
2026/05/14 11:42:18,162,0.08282660692930222
2026/05/14 11:42:19,163,0.10900593549013138
2026/05/14 11:42:20,164,0.08280631899833679
2026/05/14 11:42:21,165,0.0858558788895607
2026/05/14 11:42:22,166,0.12082063406705856
2026/05/14 11:42:23,166,0.5329138040542603
2026/05/14 11:42:24,167,0.1548076868057251
2026/05/14 11:42:25,167,0.11546680331230164
2026/05/14 11:42:26,167,0.08881289511919022
2026/05/14 11:42:27,167,0.08558580279350281
2026/05/14 11:42:28,167,0.1010708287358284
2026/05/14 11:42:29,168,0.07920259982347488
2026/05/14 11:42:30,168,0.09850356727838516
2026/05/14 11:42:31,169,0.10120018571615219
2026/05/14 11:42:32,169,0.08922973275184631
2026/05/14 11:42:33,168,0.08082710951566696
2026/05/14 11:42:34,168,0.10780976712703705
2026/05/14 11:42:35,167,0.0832442045211792
2026/05/14 11:42:36,167,0.10032841563224792
2026/05/14 11:42:37,166,0.08111903816461563
2026/05/14 11:42:38,166,0.09015671908855438
2026/05/14 11:42:39,166,0.08357099443674088
2026/05/14 11:42:40,165,0.08330366760492325
2026/05/14 11:42:41,165,0.08044208586215973
2026/05/14 11:42:42,165,0.0916304662823677
2026/05/14 11:42:43,164,0.10274244099855423
2026/05/14 11:42:44,164,0.08225810527801514
2026/05/14 11:42:45,163,0.09861890971660614
2026/05/14 11:42:46,163,0.0824378952383995
2026/05/14 11:42:47,162,0.085799440741539
2026/05/14 11:42:48,162,0.08487875759601593
2026/05/14 11:42:49,161,0.08399229496717453
2026/05/14 11:42:50,161,0.09162018448114395
2026/05/14 11:42:51,161,0.08542971312999725
2026/05/14 11:42:52,160,0.1171458438038826
2026/05/14 11:42:53,160,0.09176874160766602
2026/05/14 11:42:54,159,0.11291186511516571
2026/05/14 11:42:55,159,0.0991181805729866
2026/05/14 11:42:56,158,0.3422613739967346
2026/05/14 11:42:57,158,0.12489252537488937
2026/05/14 11:42:58,157,0.1319197416305542
2026/05/14 11:42:59,157,0.08915570378303528
2026/05/14 11:43:00,156,0.08239865303039551
2026/05/14 11:43:01,155,0.10067123174667358
2026/05/14 11:43:02,154,0.10844521969556808
2026/05/14 11:43:03,153,0.1002231314778328
2026/05/14 11:43:04,152,0.1660783290863037
2026/05/14 11:43:05,151,0.08033958077430725
2026/05/14 11:43:06,150,0.1595390886068344
2026/05/14 11:43:07,148,0.14360810816287994
2026/05/14 11:43:08,147,0.1149548888206482
2026/05/14 11:43:09,146,0.10034716874361038
2026/05/14 11:43:10,145,0.10832276940345764
2026/05/14 11:43:11,144,0.12846362590789795
2026/05/14 11:43:12,144,0.2607420086860657
2026/05/14 11:43:13,143,0.40897268056869507
2026/05/14 11:43:14,142,0.2132682055234909
2026/05/14 11:43:15,141,0.11305361986160278
2026/05/14 11:43:16,140,0.13946883380413055
2026/05/14 11:43:17,140,0.1168876439332962
2026/05/14 11:43:18,139,0.5879319906234741
2026/05/14 11:43:19,138,0.5108518600463867
2026/05/14 11:43:20,138,0.13440243899822235
2026/05/14 11:43:21,138,0.2814927399158478
2026/05/14 11:43:22,138,0.6752750873565674
2026/05/14 11:43:23,137,0.896647572517395
2026/05/14 11:43:24,137,0.648887038230896
2026/05/14 11:43:25,137,0.4900091290473938
2026/05/14 11:43:26,138,0.23285195231437683
2026/05/14 11:43:27,139,0.2591512203216553
2026/05/14 11:43:28,140,0.22219601273536682
2026/05/14 11:43:29,140,0.2837947905063629
2026/05/14 11:43:30,141,0.25449103116989136
2026/05/14 11:43:31,142,0.24588224291801453
2026/05/14 11:43:32,143,0.2598100006580353
2026/05/14 11:43:33,143,0.43328139185905457
2026/05/14 11:43:34,144,0.40244951844215393
2026/05/14 11:43:35,144,0.19740061461925507
2026/05/14 11:43:36,145,0.07352664321660995
2026/05/14 11:43:37,145,0.14199568331241608
2026/05/14 11:43:38,146,0.5321272611618042
2026/05/14 11:43:39,146,0.44354814291000366
2026/05/14 11:43:40,147,0.27270621061325073
2026/05/14 11:43:41,147,0.20769935846328735
2026/05/14 11:43:42,148,0.30109095573425293
2026/05/14 11:43:43,148,0.27878472208976746
2026/05/14 11:43:44,147,0.5005459189414978
2026/05/14 11:43:45,146,0.7364529967308044
2026/05/14 11:43:46,145,0.6024127006530762
2026/05/14 11:43:47,145,0.3110479414463043
2026/05/14 11:43:48,144,0.12671518325805664
2026/05/14 11:43:49,144,0.1259125918149948
2026/05/14 11:43:50,144,0.14322946965694427
2026/05/14 11:43:51,144,0.5389599800109863
2026/05/14 11:43:52,145,0.5698254704475403
2026/05/14 11:43:53,146,0.15872722864151
2026/05/14 11:43:54,146,0.10854177176952362
2026/05/14 11:43:55,147,0.2910487949848175
2026/05/14 11:43:56,147,0.6323884129524231
2026/05/14 11:43:57,147,0.5774357914924622
2026/05/14 11:43:58,148,0.6522049903869629
2026/05/14 11:43:59,148,0.731192409992218
2026/05/14 11:44:00,149,0.7404853701591492
2026/05/14 11:44:01,150,0.736608624458313
2026/05/14 11:44:02,151,0.22619453072547913
2026/05/14 11:44:03,152,0.17746926844120026
2026/05/14 11:44:04,154,0.10774692893028259
2026/05/14 11:44:05,155,0.17586290836334229
2026/05/14 11:44:06,156,0.16014884412288666
2026/05/14 11:44:07,158,0.21604730188846588
2026/05/14 11:44:08,159,0.2283691018819809
2026/05/14 11:44:09,160,0.24102525413036346
2026/05/14 11:44:10,162,0.21738025546073914
2026/05/14 11:44:11,162,0.19496731460094452
2026/05/14 11:44:12,163,0.21752934157848358
2026/05/14 11:44:13,164,0.18192747235298157
2026/05/14 11:44:14,165,0.43411701917648315
2026/05/14 11:44:15,165,0.2069031447172165
2026/05/14 11:44:16,165,0.26746636629104614
2026/05/14 11:44:17,166,0.28569990396499634
2026/05/14 11:44:18,166,0.2963349521160126
2026/05/14 11:44:19,166,0.5576364398002625
2026/05/14 11:44:20,166,0.4716857373714447
2026/05/14 11:44:21,166,0.3322764039039612
2026/05/14 11:44:22,166,0.3637123107910156
2026/05/14 11:44:23,165,0.17726601660251617
2026/05/14 11:44:24,165,0.4451642334461212
2026/05/14 11:44:25,165,0.5067948698997498
2026/05/14 11:44:26,164,0.38799750804901123
2026/05/14 11:44:27,164,0.20277604460716248
2026/05/14 11:44:28,163,0.17048604786396027
2026/05/14 11:44:29,163,0.15192978084087372
2026/05/14 11:44:30,163,0.17097917199134827
2026/05/14 11:44:31,162,0.1731805056333542
2026/05/14 11:44:32,162,0.10185723751783371
2026/05/14 11:44:33,162,0.1433342844247818
2026/05/14 11:44:34,162,0.1018470749258995
2026/05/14 11:44:35,162,0.09647012501955032
2026/05/14 11:44:36,163,0.11323924362659454
2026/05/14 11:44:37,163,0.1280263364315033
2026/05/14 11:44:38,164,0.29866957664489746
2026/05/14 11:44:39,165,0.2739792764186859
2026/05/14 11:44:40,165,0.0791594609618187
2026/05/14 11:44:41,166,0.08524037897586823
2026/05/14 11:44:42,167,0.10454902797937393
2026/05/14 11:44:43,167,0.19014114141464233
2026/05/14 11:44:44,168,0.23384806513786316
2026/05/14 11:44:45,168,0.26404237747192383
2026/05/14 11:44:46,169,0.0842849537730217
2026/05/14 11:44:47,169,0.08309703320264816
2026/05/14 11:44:48,169,0.09447456896305084
2026/05/14 11:44:49,169,0.08679693937301636
2026/05/14 11:44:50,169,0.08148439228534698
2026/05/14 11:44:51,169,0.08264727890491486
2026/05/14 11:44:52,169,0.08184950053691864
2026/05/14 11:44:53,169,0.0840502679347992
2026/05/14 11:44:54,169,0.082876056432724
2026/05/14 11:44:55,169,0.08480163663625717
2026/05/14 11:44:56,169,0.08249678462743759
2026/05/14 11:44:57,168,0.08504224568605423
2026/05/14 11:44:58,168,0.14905433356761932
2026/05/14 11:44:59,168,0.09965077042579651
2026/05/14 11:45:00,168,0.09443444758653641
2026/05/14 11:45:01,167,0.07970626652240753
2026/05/14 11:45:02,167,0.07987944781780243
2026/05/14 11:45:03,167,0.09929243475198746
2026/05/14 11:45:04,167,0.09300759434700012
2026/05/14 11:45:05,167,0.07548665255308151
2026/05/14 11:45:06,167,0.11742100119590759
2026/05/14 11:45:07,166,0.1029193103313446
2026/05/14 11:45:08,166,0.1607842743396759
2026/05/14 11:45:09,165,0.08710122853517532
2026/05/14 11:45:10,164,0.08355426043272018
2026/05/14 11:45:11,164,0.08527402579784393
2026/05/14 11:45:12,163,0.08701689541339874
2026/05/14 11:45:13,162,0.08259833604097366
2026/05/14 11:45:14,161,0.1319081038236618
2026/05/14 11:45:15,161,0.0822705328464508
2026/05/14 11:45:16,160,0.13015735149383545
2026/05/14 11:45:17,160,0.22164633870124817
2026/05/14 11:45:18,159,0.21040067076683044
2026/05/14 11:45:19,158,0.41882947087287903
2026/05/14 11:45:20,158,0.16513405740261078
2026/05/14 11:45:21,159,0.08999965339899063
2026/05/14 11:45:22,157,0.10491247475147247
2026/05/14 11:45:23,156,0.269014835357666
2026/05/14 11:45:24,155,0.1274237036705017
2026/05/14 11:45:25,154,0.13721442222595215
2026/05/14 11:45:26,154,0.1629415601491928
2026/05/14 11:45:27,155,0.16584907472133636
2026/05/14 11:45:28,155,0.1170354038476944
2026/05/14 11:45:29,155,0.09089972823858261
2026/05/14 11:45:30,156,0.476349413394928
2026/05/14 11:45:31,156,0.3279217779636383
2026/05/14 11:45:32,156,0.05186455696821213
2026/05/14 11:45:33,156,0.15936841070652008
2026/05/14 11:45:34,155,0.1484794318675995
2026/05/14 11:45:35,155,0.09395781904459
2026/05/14 11:45:36,155,0.1527179628610611
2026/05/14 11:45:37,154,0.07817066460847855
2026/05/14 11:45:38,154,0.08941513299942017
2026/05/14 11:45:39,153,0.13982093334197998
2026/05/14 11:45:40,153,0.09767449647188187
2026/05/14 11:45:41,152,0.1085907518863678
2026/05/14 11:45:42,151,0.08585117757320404
2026/05/14 11:45:43,150,0.0888998880982399
2026/05/14 11:45:44,149,0.08449611067771912
2026/05/14 11:45:45,149,0.07929524779319763
2026/05/14 11:45:46,149,0.09695995599031448
2026/05/14 11:45:47,148,0.09053637087345123
2026/05/14 11:45:48,148,0.08863656967878342
2026/05/14 11:45:49,147,0.14705368876457214
2026/05/14 11:45:50,147,0.18143755197525024
2026/05/14 11:45:51,146,0.1679292470216751
2026/05/14 11:45:52,145,0.08621127158403397
2026/05/14 11:45:53,144,0.09284865856170654
2026/05/14 11:45:54,142,0.0819442942738533
2026/05/14 11:45:55,141,0.07788576930761337
2026/05/14 11:45:56,140,0.08182570338249207
2026/05/14 11:45:57,140,0.07369173318147659
2026/05/14 11:45:58,139,0.07749664038419724
2026/05/14 11:45:59,139,0.07304299622774124
2026/05/14 11:46:00,139,0.07146291434764862
2026/05/14 11:46:01,139,0.06675049662590027
2026/05/14 11:46:02,138,0.07361777871847153
2026/05/14 11:46:03,138,0.06770523637533188
2026/05/14 11:46:04,138,0.06748183071613312
2026/05/14 11:46:05,138,0.06230836361646652
2026/05/14 11:46:06,139,0.1325525939464569
2026/05/14 11:46:07,140,0.10054164379835129
2026/05/14 11:46:08,141,0.10324081033468246
2026/05/14 11:46:09,141,0.16310960054397583
2026/05/14 11:46:10,142,0.23132012784481049
2026/05/14 11:46:11,143,0.1272670328617096
2026/05/14 11:46:12,143,0.08199837058782578
2026/05/14 11:46:13,144,0.11270560324192047
2026/05/14 11:46:14,145,0.1226411834359169
2026/05/14 11:46:15,145,0.2881767451763153
2026/05/14 11:46:16,146,0.17947982251644135
2026/05/14 11:46:17,146,0.20017994940280914
2026/05/14 11:46:18,146,0.15913128852844238
2026/05/14 11:46:19,146,0.0709543451666832
2026/05/14 11:46:20,145,0.1773219257593155
2026/05/14 11:46:21,145,0.4208744764328003
2026/05/14 11:46:22,144,0.22738587856292725
2026/05/14 11:46:23,143,0.18500512838363647
2026/05/14 11:46:24,143,0.19044765830039978
2026/05/14 11:46:25,142,0.08978692442178726
2026/05/14 11:46:26,142,0.14438961446285248
2026/05/14 11:46:27,141,0.3584612309932709
2026/05/14 11:46:28,141,0.13410142064094543
2026/05/14 11:46:29,140,0.10447476804256439
2026/05/14 11:46:30,139,0.1420508176088333
2026/05/14 11:46:31,139,0.29811060428619385
2026/05/14 11:46:32,138,0.29883819818496704
2026/05/14 11:46:33,138,0.2481270283460617
2026/05/14 11:46:34,137,0.24515578150749207
2026/05/14 11:46:35,137,0.1909831464290619
2026/05/14 11:46:36,136,0.22044555842876434
2026/05/14 11:46:37,136,0.21861548721790314
2026/05/14 11:46:38,134,0.07788065820932388
2026/05/14 11:46:39,133,0.1760382354259491
2026/05/14 11:46:40,132,0.11241377890110016
2026/05/14 11:46:41,131,0.1789623349905014
2026/05/14 11:46:42,131,0.14237278699874878
2026/05/14 11:46:43,131,0.17771688103675842
2026/05/14 11:46:44,131,0.18190234899520874
2026/05/14 11:46:45,131,0.20262959599494934
2026/05/14 11:46:46,131,0.12785109877586365
2026/05/14 11:46:47,131,0.14430555701255798
2026/05/14 11:46:48,131,0.10748054832220078
2026/05/14 11:46:49,131,0.09327273070812225
2026/05/14 11:46:50,131,0.12701435387134552
2026/05/14 11:46:51,131,0.10854292660951614
2026/05/14 11:46:52,131,0.09428177773952484
2026/05/14 11:46:53,131,0.13252229988574982
2026/05/14 11:46:54,131,0.22121891379356384
2026/05/14 11:46:55,132,0.18752063810825348
2026/05/14 11:46:56,132,0.21249201893806458
2026/05/14 11:46:57,133,0.18758732080459595
2026/05/14 11:46:58,133,0.15902875363826752
2026/05/14 11:46:59,134,0.10336380451917648
2026/05/14 11:47:00,134,0.2840197682380676
2026/05/14 11:47:01,134,0.19578011333942413
2026/05/14 11:47:02,135,0.18669883906841278
2026/05/14 11:47:03,136,0.16528691351413727
2026/05/14 11:47:04,136,0.18901439011096954
2026/05/14 11:47:05,136,0.10330420732498169
2026/05/14 11:47:06,136,0.1645355522632599
2026/05/14 11:47:07,136,0.10027849674224854
2026/05/14 11:47:08,135,0.0925893634557724
2026/05/14 11:47:09,135,0.11706000566482544
2026/05/14 11:47:10,135,0.1957298219203949
2026/05/14 11:47:11,135,0.126815527677536
2026/05/14 11:47:12,134,0.09554298222064972
2026/05/14 11:47:13,134,0.22847092151641846
2026/05/14 11:47:14,134,0.367525577545166
2026/05/14 11:47:15,134,0.2645585834980011
2026/05/14 11:47:16,134,0.36976808309555054
2026/05/14 11:47:17,134,1.212127447128296
2026/05/14 11:47:18,134,0.17534729838371277
2026/05/14 11:47:19,134,0.30168795585632324
2026/05/14 11:47:20,134,0.16993409395217896
2026/05/14 11:47:21,134,0.19923558831214905
2026/05/14 11:47:22,134,0.14052216708660126
2026/05/14 11:47:23,134,0.10809972137212753
2026/05/14 11:47:24,134,0.2180650532245636
2026/05/14 11:47:25,134,0.08518994599580765
2026/05/14 11:47:26,0,0.09173520654439926
2026/05/14 11:47:27,0,0.201230987906456
2026/05/14 11:47:28,0,0.05650654435157776
2026/05/14 11:47:29,0,0.12680929899215698
2026/05/14 11:47:30,0,0.14637908339500427
2026/05/14 11:47:31,0,0.13749034702777863
2026/05/14 11:47:32,0,0.3339351415634155
2026/05/14 11:47:33,0,0.003471650183200836
2026/05/14 11:47:34,0,0.1253187656402588
2026/05/14 11:47:35,0,0.004470211453735828
2026/05/14 11:47:36,0,0.033967457711696625
2026/05/14 11:47:37,0,0.03550824522972107
2026/05/14 11:47:38,0,0.08074808120727539
2026/05/14 11:47:39,0,0.005602693650871515
2026/05/14 11:47:40,0,0.0061672404408454895
2026/05/14 11:47:41,0,0.016640186309814453
2026/05/14 11:47:42,0,0.00960814394056797
2026/05/14 11:47:43,0,0.006179701536893845
2026/05/14 11:47:44,0,0.004397082608193159
2026/05/14 11:47:45,0,0.03193257376551628
2026/05/14 11:47:46,0,
