Date,Timestamp,SensorID,HeartRate,AccNorm
2026-07-23,2026-07-23 10:40:00,V002,86.0,1.025808301146764
2026-07-23,2026-07-23 10:40:01,V002,86.0,1.0259404412214836
2026-07-23,2026-07-23 10:40:02,V002,86.0,1.0254002984999298
2026-07-23,2026-07-23 10:40:03,V002,86.0,1.0290591876539934
2026-07-23,2026-07-23 10:40:04,V002,86.0,1.0247760500595804
2026-07-23,2026-07-23 10:40:05,V002,86.0,1.0252325701981533
2026-07-23,2026-07-23 10:40:06,V002,86.0,1.0245856960778168
2026-07-23,2026-07-23 10:40:07,V002,86.0,1.0250072083578683
2026-07-23,2026-07-23 10:40:08,V002,86.0,1.0229899901171942
2026-07-23,2026-07-23 10:40:09,V002,86.0,1.0270592527987021
2026-07-23,2026-07-23 10:40:10,V002,85.0,1.0398323656139212
2026-07-23,2026-07-23 10:40:11,V002,85.0,1.018105609632757
2026-07-23,2026-07-23 10:40:12,V002,85.0,1.036649498291166
2026-07-23,2026-07-23 10:40:13,V002,86.0,1.0386513553494
2026-07-23,2026-07-23 10:40:14,V002,86.0,1.0530862108227914
2026-07-23,2026-07-23 10:40:15,V002,86.0,1.016491396837323
2026-07-23,2026-07-23 10:40:16,V002,86.0,1.0551455723637841
2026-07-23,2026-07-23 10:40:17,V002,86.0,1.028723376338057
2026-07-23,2026-07-23 10:40:18,V002,86.0,1.0336620422396343
2026-07-23,2026-07-23 10:40:19,V002,86.0,1.0474342032284347
2026-07-23,2026-07-23 10:40:20,V002,87.0,1.0369960795475142
2026-07-23,2026-07-23 10:40:21,V002,87.0,1.056311869186771
2026-07-23,2026-07-23 10:40:22,V002,89.0,1.0266936837335237
2026-07-23,2026-07-23 10:40:23,V002,91.0,1.0340828737722114
2026-07-23,2026-07-23 10:40:24,V002,91.0,1.0325619041060792
2026-07-23,2026-07-23 10:40:25,V002,91.0,1.0501529850664935
2026-07-23,2026-07-23 10:40:26,V002,92.0,1.0270908688124192
2026-07-23,2026-07-23 10:40:27,V002,92.0,1.0535790565837686
2026-07-23,2026-07-23 10:40:28,V002,92.0,1.0859620860104096
2026-07-23,2026-07-23 10:40:29,V002,92.0,0.9910822917064894
2026-07-23,2026-07-23 10:40:30,V002,92.0,1.022942976503384
2026-07-23,2026-07-23 10:40:31,V002,92.0,1.0146730002198305
2026-07-23,2026-07-23 10:40:32,V002,92.0,1.0718946905751658
2026-07-23,2026-07-23 10:40:33,V002,92.0,1.2201478432780226
2026-07-23,2026-07-23 10:40:34,V002,92.0,1.0411275726230147
2026-07-23,2026-07-23 10:40:35,V002,92.0,1.056447915050839
2026-07-23,2026-07-23 10:40:36,V002,92.0,1.030397694876899
2026-07-23,2026-07-23 10:40:37,V002,93.0,1.027399707121173
2026-07-23,2026-07-23 10:40:38,V002,92.0,1.0492968430035408
2026-07-23,2026-07-23 10:40:39,V002,92.0,1.0364284831979331
2026-07-23,2026-07-23 10:40:40,V002,92.0,1.0236064435867542
2026-07-23,2026-07-23 10:40:41,V002,92.0,1.046832519786708
2026-07-23,2026-07-23 10:40:42,V002,92.0,1.0589285300999596
2026-07-23,2026-07-23 10:40:43,V002,92.0,1.053829815195721
2026-07-23,2026-07-23 10:40:44,V002,92.0,1.0383217147984125
2026-07-23,2026-07-23 10:40:45,V002,92.0,1.0286315982056782
2026-07-23,2026-07-23 10:40:46,V002,92.0,1.0262457587757023
2026-07-23,2026-07-23 10:40:47,V002,93.0,1.026143984940248
2026-07-23,2026-07-23 10:40:48,V002,93.0,1.0252272712762025
2026-07-23,2026-07-23 10:40:49,V002,94.0,1.0262424780035133
2026-07-23,2026-07-23 10:40:50,V002,97.0,1.0268457344817663
2026-07-23,2026-07-23 10:40:51,V002,100.0,1.0255585361677944
2026-07-23,2026-07-23 10:40:52,V002,101.0,1.0351240488162354
2026-07-23,2026-07-23 10:40:53,V002,102.0,1.0300407762616484
2026-07-23,2026-07-23 10:40:54,V002,102.0,1.0234871907370369
2026-07-23,2026-07-23 10:40:55,V002,102.0,1.0199189857883595
2026-07-23,2026-07-23 10:40:56,V002,103.0,1.0322788798069917
2026-07-23,2026-07-23 10:40:57,V002,103.0,1.009312057344555
2026-07-23,2026-07-23 10:40:58,V002,103.0,1.071968066435164
2026-07-23,2026-07-23 10:40:59,V002,103.0,1.0309785197273407
2026-07-23,2026-07-23 10:41:00,V002,103.0,1.0356654271452725
2026-07-23,2026-07-23 10:41:01,V002,103.0,1.0354505806631085
2026-07-23,2026-07-23 10:41:02,V002,103.0,1.0301559246001486
2026-07-23,2026-07-23 10:41:03,V002,104.0,1.0815644131839666
2026-07-23,2026-07-23 10:41:04,V002,103.0,1.0317681889399903
2026-07-23,2026-07-23 10:41:05,V002,103.0,1.0331441159572485
2026-07-23,2026-07-23 10:41:06,V002,103.0,1.0215366431460096
2026-07-23,2026-07-23 10:41:07,V002,103.0,1.0530988928843803
2026-07-23,2026-07-23 10:41:08,V002,103.0,1.0386811614460618
2026-07-23,2026-07-23 10:41:09,V002,102.0,1.075155400732683
2026-07-23,2026-07-23 10:41:10,V002,101.0,1.023329137458047
2026-07-23,2026-07-23 10:41:11,V002,101.0,1.050477524436017
2026-07-23,2026-07-23 10:41:12,V002,101.0,1.04290042990446
2026-07-23,2026-07-23 10:41:13,V002,101.0,1.0553274032992699
2026-07-23,2026-07-23 10:41:14,V002,101.0,1.0291197306374726
2026-07-23,2026-07-23 10:41:15,V002,101.0,1.0589341176540055
2026-07-23,2026-07-23 10:41:16,V002,101.0,1.0401522310484044
2026-07-23,2026-07-23 10:41:17,V002,101.0,1.0334139895933188
2026-07-23,2026-07-23 10:41:18,V002,101.0,1.0275327706157584
2026-07-23,2026-07-23 10:41:19,V002,101.0,1.0352137154742735
2026-07-23,2026-07-23 10:41:20,V002,102.0,1.0244412134898122
2026-07-23,2026-07-23 10:41:21,V002,102.0,1.031266778354888
2026-07-23,2026-07-23 10:41:22,V002,102.0,1.0302451632797474
2026-07-23,2026-07-23 10:41:23,V002,102.0,1.0251595477708815
2026-07-23,2026-07-23 10:41:24,V002,102.0,1.0299668815112784
2026-07-23,2026-07-23 10:41:25,V002,102.0,1.0340292279586911
2026-07-23,2026-07-23 10:41:26,V002,103.0,1.0245307240530783
2026-07-23,2026-07-23 10:41:27,V002,103.0,1.0331757010351794
2026-07-23,2026-07-23 10:41:28,V002,104.0,1.0144782078523356
2026-07-23,2026-07-23 10:41:29,V002,104.0,1.0347204856559453
2026-07-23,2026-07-23 10:41:30,V002,104.0,1.0325907658808189
2026-07-23,2026-07-23 10:41:31,V002,105.0,1.0280458358286655
2026-07-23,2026-07-23 10:41:32,V002,104.0,1.0288681343401895
2026-07-23,2026-07-23 10:41:33,V002,104.0,1.021353502532564
2026-07-23,2026-07-23 10:41:34,V002,104.0,1.0368966544932599
2026-07-23,2026-07-23 10:41:35,V002,103.0,1.0333529848761578
2026-07-23,2026-07-23 10:41:36,V002,103.0,1.035373145760094
2026-07-23,2026-07-23 10:41:37,V002,103.0,1.0142835989905579
2026-07-23,2026-07-23 10:41:38,V002,103.0,1.0617916892074029
2026-07-23,2026-07-23 10:41:39,V002,103.0,1.0367518616059168
2026-07-23,2026-07-23 10:41:40,V002,102.0,1.030806758941724
2026-07-23,2026-07-23 10:41:41,V002,102.0,1.0437317845303535
2026-07-23,2026-07-23 10:41:42,V002,102.0,1.019616224115459
2026-07-23,2026-07-23 10:41:43,V002,102.0,1.052142087299402
2026-07-23,2026-07-23 10:41:44,V002,102.0,1.04159989308311
2026-07-23,2026-07-23 10:41:45,V002,102.0,1.062368408049683
2026-07-23,2026-07-23 10:41:46,V002,102.0,1.032531748645108
2026-07-23,2026-07-23 10:41:47,V002,102.0,1.036048653065999
2026-07-23,2026-07-23 10:41:48,V002,102.0,1.0860041697456646
2026-07-23,2026-07-23 10:41:49,V002,102.0,1.076310782828375
2026-07-23,2026-07-23 10:41:50,V002,102.0,1.1247044260172736
2026-07-23,2026-07-23 10:41:51,V002,102.0,1.0944958305165875
2026-07-23,2026-07-23 10:41:52,V002,102.0,1.009066384086957
2026-07-23,2026-07-23 10:41:53,V002,103.0,1.0693715644068462
2026-07-23,2026-07-23 10:41:54,V002,103.0,1.025068623438557
2026-07-23,2026-07-23 10:41:55,V002,104.0,1.0400324870833217
2026-07-23,2026-07-23 10:41:56,V002,104.0,1.0254593318699523
2026-07-23,2026-07-23 10:41:57,V002,103.0,1.0423997494389403
2026-07-23,2026-07-23 10:41:58,V002,104.0,1.0323359439122377
2026-07-23,2026-07-23 10:41:59,V002,104.0,1.0575847631782525
2026-07-23,2026-07-23 10:42:00,V002,105.0,1.0225278614213367
2026-07-23,2026-07-23 10:42:01,V002,105.0,1.0491948156615163
2026-07-23,2026-07-23 10:42:02,V002,105.0,1.0479221289239122
2026-07-23,2026-07-23 10:42:03,V002,106.0,1.0413870947831714
2026-07-23,2026-07-23 10:42:04,V002,106.0,1.0502928074442888
2026-07-23,2026-07-23 10:42:05,V002,106.0,1.0478878796468514
2026-07-23,2026-07-23 10:42:06,V002,106.0,1.0826634408662488
2026-07-23,2026-07-23 10:42:07,V002,106.0,1.0279643480149039
2026-07-23,2026-07-23 10:42:08,V002,106.0,1.035993976279259
2026-07-23,2026-07-23 10:42:09,V002,106.0,1.0276854236977824
2026-07-23,2026-07-23 10:42:10,V002,106.0,1.0571783935454047
2026-07-23,2026-07-23 10:42:11,V002,106.0,1.058049870703849
2026-07-23,2026-07-23 10:42:12,V002,105.0,1.0287112451613383
2026-07-23,2026-07-23 10:42:13,V002,105.0,1.0376835112144303
2026-07-23,2026-07-23 10:42:14,V002,104.0,1.0296511638557528
2026-07-23,2026-07-23 10:42:15,V002,104.0,1.0211542099334654
2026-07-23,2026-07-23 10:42:16,V002,104.0,1.0410714101418619
2026-07-23,2026-07-23 10:42:17,V002,105.0,1.0404620039714247
2026-07-23,2026-07-23 10:42:18,V002,105.0,1.0243701421122233
2026-07-23,2026-07-23 10:42:19,V002,106.0,1.047411764453862
2026-07-23,2026-07-23 10:42:20,V002,106.0,1.032105507362177
2026-07-23,2026-07-23 10:42:21,V002,106.0,1.0303314916485307
2026-07-23,2026-07-23 10:42:22,V002,106.0,1.037506758724972
2026-07-23,2026-07-23 10:42:23,V002,106.0,1.0095719284607079
2026-07-23,2026-07-23 10:42:24,V002,106.0,1.0442453990872678
2026-07-23,2026-07-23 10:42:25,V002,107.0,1.0266111250241934
2026-07-23,2026-07-23 10:42:26,V002,107.0,1.029546449978788
2026-07-23,2026-07-23 10:42:27,V002,107.0,1.0237260580535172
2026-07-23,2026-07-23 10:42:28,V002,107.0,1.0423719793715813
2026-07-23,2026-07-23 10:42:29,V002,108.0,1.0311896173924497
2026-07-23,2026-07-23 10:42:30,V002,108.0,1.0237012023324945
2026-07-23,2026-07-23 10:42:31,V002,108.0,1.0453473741735226
2026-07-23,2026-07-23 10:42:32,V002,107.0,1.0274396266319796
2026-07-23,2026-07-23 10:42:33,V002,107.0,1.0318554364736812
2026-07-23,2026-07-23 10:42:34,V002,107.0,1.033216409097906
2026-07-23,2026-07-23 10:42:35,V002,107.0,1.0314112584450024
2026-07-23,2026-07-23 10:42:36,V002,106.0,1.0323814870923154
2026-07-23,2026-07-23 10:42:37,V002,106.0,1.025204606541304
2026-07-23,2026-07-23 10:42:38,V002,106.0,1.0264755825728988
2026-07-23,2026-07-23 10:42:39,V002,106.0,1.0239271972291661
2026-07-23,2026-07-23 10:42:40,V002,106.0,1.0255531942376552
2026-07-23,2026-07-23 10:42:41,V002,105.0,1.0230213134824209
2026-07-23,2026-07-23 10:42:42,V002,105.0,1.0245742385751584
2026-07-23,2026-07-23 10:42:43,V002,105.0,1.0275395513619232
2026-07-23,2026-07-23 10:42:44,V002,105.0,1.0257194458543792
2026-07-23,2026-07-23 10:42:45,V002,105.0,1.0123298904623912
2026-07-23,2026-07-23 10:42:46,V002,105.0,1.038816843954691
2026-07-23,2026-07-23 10:42:47,V002,104.0,1.0296132770640445
2026-07-23,2026-07-23 10:42:48,V002,104.0,1.0316789426371458
2026-07-23,2026-07-23 10:42:49,V002,103.0,1.0319778008156042
2026-07-23,2026-07-23 10:42:50,V002,103.0,1.0299081356255013
2026-07-23,2026-07-23 10:42:51,V002,104.0,1.0257352746982829
2026-07-23,2026-07-23 10:42:52,V002,104.0,1.0290461772806168
2026-07-23,2026-07-23 10:42:53,V002,105.0,1.0312294927267112
2026-07-23,2026-07-23 10:42:54,V002,105.0,1.035094428289011
2026-07-23,2026-07-23 10:42:55,V002,106.0,1.0509331389225929
2026-07-23,2026-07-23 10:42:56,V002,107.0,1.0215825841984096
2026-07-23,2026-07-23 10:42:57,V002,107.0,1.0414512553466853
2026-07-23,2026-07-23 10:42:58,V002,109.0,1.0473556187184032
2026-07-23,2026-07-23 10:42:59,V002,110.0,1.0395235441471844
2026-07-23,2026-07-23 10:43:00,V002,110.0,1.044827584853024
2026-07-23,2026-07-23 10:43:01,V002,110.0,1.0154214713689877
2026-07-23,2026-07-23 10:43:02,V002,110.0,1.0544846526506604
2026-07-23,2026-07-23 10:43:03,V002,111.0,1.0587392305659662
2026-07-23,2026-07-23 10:43:04,V002,110.0,1.0378891438639097
2026-07-23,2026-07-23 10:43:05,V002,110.0,1.052669148987336
2026-07-23,2026-07-23 10:43:06,V002,110.0,1.0247347115792975
2026-07-23,2026-07-23 10:43:07,V002,110.0,1.0545797858513566
2026-07-23,2026-07-23 10:43:08,V002,110.0,1.0528861136123513
2026-07-23,2026-07-23 10:43:09,V002,110.0,1.0008202332056917
2026-07-23,2026-07-23 10:43:10,V002,110.0,1.0562052101927184
2026-07-23,2026-07-23 10:43:11,V002,110.0,1.0607593483144189
2026-07-23,2026-07-23 10:43:12,V002,110.0,1.0728454020294902
2026-07-23,2026-07-23 10:43:13,V002,110.0,1.0204058975090238
2026-07-23,2026-07-23 10:43:14,V002,110.0,1.0812815417330897
2026-07-23,2026-07-23 10:43:15,V002,109.0,1.0519484260398335
2026-07-23,2026-07-23 10:43:16,V002,109.0,1.0480586546927089
2026-07-23,2026-07-23 10:43:17,V002,109.0,1.0085558290524128
2026-07-23,2026-07-23 10:43:18,V002,110.0,1.0759834067611969
2026-07-23,2026-07-23 10:43:19,V002,110.0,1.057277409354244
2026-07-23,2026-07-23 10:43:20,V002,110.0,1.0585365916614808
2026-07-23,2026-07-23 10:43:21,V002,110.0,1.0257291005651936
2026-07-23,2026-07-23 10:43:22,V002,110.0,1.0741700367998541
2026-07-23,2026-07-23 10:43:23,V002,109.0,1.0523571908322318
2026-07-23,2026-07-23 10:43:24,V002,109.0,1.0107299606935376
2026-07-23,2026-07-23 10:43:25,V002,109.0,1.0257901810742778
2026-07-23,2026-07-23 10:43:26,V002,109.0,1.0337973904115891
2026-07-23,2026-07-23 10:43:27,V002,108.0,1.00986399759701
2026-07-23,2026-07-23 10:43:28,V002,108.0,1.2761608006272298
2026-07-23,2026-07-23 10:43:29,V002,107.0,0.8491495052752631
2026-07-23,2026-07-23 10:43:30,V002,106.0,1.135468934435656
2026-07-23,2026-07-23 10:43:31,V002,106.0,1.0286147753068982
2026-07-23,2026-07-23 10:43:32,V002,106.0,1.0264727970775864
2026-07-23,2026-07-23 10:43:33,V002,105.0,1.025798533490577
2026-07-23,2026-07-23 10:43:34,V002,105.0,1.028308830200894
2026-07-23,2026-07-23 10:43:35,V002,104.0,1.0256291695849307
2026-07-23,2026-07-23 10:43:36,V002,104.0,1.0321524899789132
2026-07-23,2026-07-23 10:43:37,V002,103.0,1.0252820314789877
2026-07-23,2026-07-23 10:43:38,V002,102.0,1.0250213712365013
2026-07-23,2026-07-23 10:43:39,V002,101.0,1.025297626119895
2026-07-23,2026-07-23 10:43:40,V002,101.0,1.021463960768576
2026-07-23,2026-07-23 10:43:41,V002,100.0,1.0214662153021592
2026-07-23,2026-07-23 10:43:42,V002,100.0,1.0235338841198534
2026-07-23,2026-07-23 10:43:43,V002,101.0,1.0226594463685728
2026-07-23,2026-07-23 10:43:44,V002,101.0,1.023835721420695
2026-07-23,2026-07-23 10:43:45,V002,101.0,1.0224806211635336
2026-07-23,2026-07-23 10:43:46,V002,102.0,1.023666726176148
2026-07-23,2026-07-23 10:43:47,V002,102.0,1.0222841045319186
2026-07-23,2026-07-23 10:43:48,V002,102.0,1.0270588147319932
2026-07-23,2026-07-23 10:43:49,V002,103.0,1.0259413076460362
2026-07-23,2026-07-23 10:43:50,V002,103.0,1.0215883552732605
2026-07-23,2026-07-23 10:43:51,V002,104.0,1.0334677717337977
2026-07-23,2026-07-23 10:43:52,V002,105.0,1.0222784915622787
2026-07-23,2026-07-23 10:43:53,V002,105.0,1.0230022291974668
2026-07-23,2026-07-23 10:43:54,V002,105.0,1.0225161202333621
2026-07-23,2026-07-23 10:43:55,V002,105.0,1.0239771709764272
2026-07-23,2026-07-23 10:43:56,V002,105.0,1.0228886960293027
2026-07-23,2026-07-23 10:43:57,V002,105.0,1.0229560976767318
2026-07-23,2026-07-23 10:43:58,V002,105.0,1.0227104542996686
2026-07-23,2026-07-23 10:43:59,V002,105.0,1.0055694310354695
2026-07-23,2026-07-23 10:44:00,V002,105.0,1.212125538990479
2026-07-23,2026-07-23 10:44:01,V002,105.0,1.143821946637755
2026-07-23,2026-07-23 10:44:02,V002,105.0,1.0260074612368848
2026-07-23,2026-07-23 10:44:03,V002,105.0,1.0251205148926459
2026-07-23,2026-07-23 10:44:04,V002,105.0,1.0237494814435535
2026-07-23,2026-07-23 10:44:05,V002,105.0,1.0249603754978707
2026-07-23,2026-07-23 10:44:06,V002,105.0,1.0250300606635934
2026-07-23,2026-07-23 10:44:07,V002,105.0,1.0249789552956852
2026-07-23,2026-07-23 10:44:08,V002,105.0,1.02449294860901
2026-07-23,2026-07-23 10:44:09,V002,105.0,1.0248405303017167
2026-07-23,2026-07-23 10:44:10,V002,104.0,1.025037134356153
2026-07-23,2026-07-23 10:44:11,V002,104.0,1.0247215135808305
2026-07-23,2026-07-23 10:44:12,V002,103.0,1.0244665194229285
2026-07-23,2026-07-23 10:44:13,V002,102.0,1.024503511839875
2026-07-23,2026-07-23 10:44:14,V002,101.0,1.0609933479267122
2026-07-23,2026-07-23 10:44:15,V002,101.0,1.0129440140778132
2026-07-23,2026-07-23 10:44:16,V002,100.0,1.0469303573084896
2026-07-23,2026-07-23 10:44:17,V002,99.0,1.0312999314531743
2026-07-23,2026-07-23 10:44:18,V002,98.0,1.0397283853598613
2026-07-23,2026-07-23 10:44:19,V002,98.0,1.0275875487875497
2026-07-23,2026-07-23 10:44:20,V002,97.0,1.0410466089135666
2026-07-23,2026-07-23 10:44:21,V002,96.0,1.04879338076583
2026-07-23,2026-07-23 10:44:22,V002,96.0,1.0549108824113624
2026-07-23,2026-07-23 10:44:23,V002,95.0,1.0617412109416853
2026-07-23,2026-07-23 10:44:24,V002,95.0,1.0306817867391231
2026-07-23,2026-07-23 10:44:25,V002,95.0,1.0338215733881775
2026-07-23,2026-07-23 10:44:26,V002,95.0,1.0361509841028054
2026-07-23,2026-07-23 10:44:27,V002,95.0,1.026289277749064
2026-07-23,2026-07-23 10:44:28,V002,95.0,1.0352825251380027
2026-07-23,2026-07-23 10:44:29,V002,95.0,1.0303225468625459
2026-07-23,2026-07-23 10:44:30,V002,95.0,1.0295015603987596
2026-07-23,2026-07-23 10:44:31,V002,95.0,1.0300442894802426
2026-07-23,2026-07-23 10:44:32,V002,95.0,1.0297530259424919
2026-07-23,2026-07-23 10:44:33,V002,95.0,1.0303400188105531
2026-07-23,2026-07-23 10:44:34,V002,94.0,1.0289973480861847
2026-07-23,2026-07-23 10:44:35,V002,94.0,1.0296980318793962
2026-07-23,2026-07-23 10:44:36,V002,94.0,1.02919766293655
2026-07-23,2026-07-23 10:44:37,V002,94.0,1.0293656245921847
2026-07-23,2026-07-23 10:44:38,V002,94.0,1.0290270243760045
2026-07-23,2026-07-23 10:44:39,V002,94.0,1.02866539307101
2026-07-23,2026-07-23 10:44:40,V002,94.0,1.0295954595180357
2026-07-23,2026-07-23 10:44:41,V002,94.0,1.028682239503853
2026-07-23,2026-07-23 10:44:42,V002,94.0,1.0289912479410177
2026-07-23,2026-07-23 10:44:43,V002,94.0,1.0290199522714656
2026-07-23,2026-07-23 10:44:44,V002,94.0,1.0284293758385976
2026-07-23,2026-07-23 10:44:45,V002,94.0,1.0286932167281608
2026-07-23,2026-07-23 10:44:46,V002,94.0,1.029214119897302
2026-07-23,2026-07-23 10:44:47,V002,94.0,1.0327191328870704
2026-07-23,2026-07-23 10:44:48,V002,94.0,1.0171234605352357
2026-07-23,2026-07-23 10:44:49,V002,95.0,1.0527365346498805
2026-07-23,2026-07-23 10:44:50,V002,95.0,1.0324638663782395
2026-07-23,2026-07-23 10:44:51,V002,94.0,1.0527374436828967
2026-07-23,2026-07-23 10:44:52,V002,94.0,1.0454773605217602
2026-07-23,2026-07-23 10:44:53,V002,94.0,1.0736935457903212
2026-07-23,2026-07-23 10:44:54,V002,94.0,1.0345414278145195
2026-07-23,2026-07-23 10:44:55,V002,95.0,1.029170103786444
2026-07-23,2026-07-23 10:44:56,V002,94.0,1.030095153209611
2026-07-23,2026-07-23 10:44:57,V002,94.0,1.0305398064654556
2026-07-23,2026-07-23 10:44:58,V002,94.0,1.029199842075765
2026-07-23,2026-07-23 10:44:59,V002,95.0,1.0307636717231843
2026-07-23,2026-07-23 10:45:00,V002,95.0,1.028598563369099
2026-07-23,2026-07-23 10:45:01,V002,95.0,1.0306451016257956
2026-07-23,2026-07-23 10:45:02,V002,95.0,1.0303378205661147
2026-07-23,2026-07-23 10:45:03,V002,95.0,1.0293124514214116
2026-07-23,2026-07-23 10:45:04,V002,95.0,1.0278927783277825
2026-07-23,2026-07-23 10:45:05,V002,95.0,1.0292463534605694
2026-07-23,2026-07-23 10:45:06,V002,95.0,1.0311144674035055
2026-07-23,2026-07-23 10:45:07,V002,95.0,1.031578951319625
2026-07-23,2026-07-23 10:45:08,V002,95.0,1.0303688032101694
2026-07-23,2026-07-23 10:45:09,V002,95.0,1.0290549308047183
2026-07-23,2026-07-23 10:45:10,V002,95.0,1.0274174993826186
2026-07-23,2026-07-23 10:45:11,V002,95.0,1.026814086905981
2026-07-23,2026-07-23 10:45:12,V002,95.0,1.0358970715136582
2026-07-23,2026-07-23 10:45:13,V002,95.0,1.029644616270889
2026-07-23,2026-07-23 10:45:14,V002,96.0,1.0262185475825307
2026-07-23,2026-07-23 10:45:15,V002,96.0,1.0308875872121892
2026-07-23,2026-07-23 10:45:16,V002,96.0,1.0290593985461145
2026-07-23,2026-07-23 10:45:17,V002,97.0,1.0274356190279892
2026-07-23,2026-07-23 10:45:18,V002,97.0,1.0318460347943554
2026-07-23,2026-07-23 10:45:19,V002,97.0,1.0282610845007696
2026-07-23,2026-07-23 10:45:20,V002,97.0,1.0294969768407116
2026-07-23,2026-07-23 10:45:21,V002,97.0,1.0284768857694175
2026-07-23,2026-07-23 10:45:22,V002,,1.0304000681117602
2026-07-23,2026-07-23 10:45:23,V002,,1.027992801810294
2026-07-23,2026-07-23 10:45:24,V002,,1.0326978011194088
2026-07-23,2026-07-23 10:45:25,V002,,1.0332670806191755
2026-07-23,2026-07-23 10:45:26,V002,,1.0238389875851677
2026-07-23,2026-07-23 10:45:27,V002,,1.0296339297934871
2026-07-23,2026-07-23 10:45:28,V002,101.0,1.034283480523887
2026-07-23,2026-07-23 10:45:29,V002,104.0,1.0288635948193607
2026-07-23,2026-07-23 10:45:30,V002,107.0,1.0277319846305375
2026-07-23,2026-07-23 10:45:31,V002,110.0,1.0305687761755522
2026-07-23,2026-07-23 10:45:32,V002,110.0,1.028818694147074
2026-07-23,2026-07-23 10:45:33,V002,109.0,1.0317195770768712
2026-07-23,2026-07-23 10:45:34,V002,109.0,1.028253866608543
2026-07-23,2026-07-23 10:45:35,V002,108.0,1.0298063401900637
2026-07-23,2026-07-23 10:45:36,V002,108.0,1.0290457754524107
2026-07-23,2026-07-23 10:45:37,V002,108.0,1.0304697517897745
2026-07-23,2026-07-23 10:45:38,V002,107.0,1.0309682643398599
2026-07-23,2026-07-23 10:45:39,V002,107.0,1.029737915855669
2026-07-23,2026-07-23 10:45:40,V002,106.0,1.0308691193905646
2026-07-23,2026-07-23 10:45:41,V002,105.0,1.0297763296923375
2026-07-23,2026-07-23 10:45:42,V002,105.0,1.0292946418823277
2026-07-23,2026-07-23 10:45:43,V002,105.0,1.0300712921019044
2026-07-23,2026-07-23 10:45:44,V002,105.0,1.0283086808884598
2026-07-23,2026-07-23 10:45:45,V002,105.0,1.0299181409163254
2026-07-23,2026-07-23 10:45:46,V002,105.0,1.0289647931303356
2026-07-23,2026-07-23 10:45:47,V002,105.0,1.0293566330541513
2026-07-23,2026-07-23 10:45:48,V002,105.0,1.028718252595579
2026-07-23,2026-07-23 10:45:49,V002,105.0,1.0285046974023673
2026-07-23,2026-07-23 10:45:50,V002,105.0,1.0263777739491964
2026-07-23,2026-07-23 10:45:51,V002,105.0,1.0401844190044438
2026-07-23,2026-07-23 10:45:52,V002,,1.0237448488602674
2026-07-23,2026-07-23 10:45:53,V002,,1.0484140950899796
2026-07-23,2026-07-23 10:45:54,V002,,1.0341750129434164
2026-07-23,2026-07-23 10:45:55,V002,,1.0526056866804292
2026-07-23,2026-07-23 10:45:56,V002,,1.0280205767579043
2026-07-23,2026-07-23 10:45:57,V002,,1.0638391696407725
2026-07-23,2026-07-23 10:45:58,V002,106.0,1.053715918611303
2026-07-23,2026-07-23 10:45:59,V002,106.0,1.0246778875179021
2026-07-23,2026-07-23 10:46:00,V002,106.0,1.0262098690346533
2026-07-23,2026-07-23 10:46:01,V002,106.0,1.025463448118634
2026-07-23,2026-07-23 10:46:02,V002,105.0,1.0260194182025777
2026-07-23,2026-07-23 10:46:03,V002,105.0,1.0258040187600572
2026-07-23,2026-07-23 10:46:04,V002,105.0,1.025304977859427
2026-07-23,2026-07-23 10:46:05,V002,104.0,1.0264693731061028
2026-07-23,2026-07-23 10:46:06,V002,104.0,1.0264427876259614
2026-07-23,2026-07-23 10:46:07,V002,103.0,1.026908994280144
2026-07-23,2026-07-23 10:46:08,V002,102.0,1.0265082622424901
2026-07-23,2026-07-23 10:46:09,V002,101.0,1.0264488275545254
2026-07-23,2026-07-23 10:46:10,V002,99.0,1.0269788285133319
2026-07-23,2026-07-23 10:46:11,V002,97.0,1.0268105597356487
2026-07-23,2026-07-23 10:46:12,V002,97.0,1.0286433813583498
2026-07-23,2026-07-23 10:46:13,V002,96.0,1.0269965423447984
2026-07-23,2026-07-23 10:46:14,V002,96.0,1.0282189040220142
2026-07-23,2026-07-23 10:46:15,V002,97.0,1.0272814952057328
2026-07-23,2026-07-23 10:46:16,V002,97.0,1.0458701260884633
2026-07-23,2026-07-23 10:46:17,V002,97.0,1.0865180668322296
2026-07-23,2026-07-23 10:46:18,V002,97.0,1.0269143328969348
2026-07-23,2026-07-23 10:46:19,V002,97.0,1.0270640116846332
2026-07-23,2026-07-23 10:46:20,V002,97.0,1.0274515805924838
2026-07-23,2026-07-23 10:46:21,V002,97.0,1.025125963946897
2026-07-23,2026-07-23 10:46:22,V002,97.0,1.0261608471327972
2026-07-23,2026-07-23 10:46:23,V002,97.0,1.026614186364001
2026-07-23,2026-07-23 10:46:24,V002,97.0,1.0262434236723703
2026-07-23,2026-07-23 10:46:25,V002,97.0,1.0255640000536568
2026-07-23,2026-07-23 10:46:26,V002,98.0,1.0265906278618417
2026-07-23,2026-07-23 10:46:27,V002,98.0,1.0252844563970185
2026-07-23,2026-07-23 10:46:28,V002,99.0,1.0268451686200888
2026-07-23,2026-07-23 10:46:29,V002,99.0,1.0274205342694018
2026-07-23,2026-07-23 10:46:30,V002,100.0,1.0271613682050715
2026-07-23,2026-07-23 10:46:31,V002,101.0,1.0267380247816347
2026-07-23,2026-07-23 10:46:32,V002,101.0,1.0267398047563552
2026-07-23,2026-07-23 10:46:33,V002,102.0,1.0274687613486042
2026-07-23,2026-07-23 10:46:34,V002,102.0,1.0276263760495963
2026-07-23,2026-07-23 10:46:35,V002,102.0,1.027379210158655
2026-07-23,2026-07-23 10:46:36,V002,102.0,1.0284813882284858
2026-07-23,2026-07-23 10:46:37,V002,102.0,1.1731337413611356
2026-07-23,2026-07-23 10:46:38,V002,102.0,1.1453264018156508
2026-07-23,2026-07-23 10:46:39,V002,101.0,1.0955657474495113
2026-07-23,2026-07-23 10:46:40,V002,102.0,1.0609105645982182
2026-07-23,2026-07-23 10:46:41,V002,102.0,1.0110337938164995
2026-07-23,2026-07-23 10:46:42,V002,102.0,1.0697284880582878
2026-07-23,2026-07-23 10:46:43,V002,102.0,1.0438821580241398
2026-07-23,2026-07-23 10:46:44,V002,102.0,1.02769845899887
2026-07-23,2026-07-23 10:46:45,V002,103.0,1.0719552887441348
2026-07-23,2026-07-23 10:46:46,V002,102.0,1.0146047811248424
2026-07-23,2026-07-23 10:46:47,V002,102.0,1.0259330775117703
2026-07-23,2026-07-23 10:46:48,V002,102.0,0.9940698234360776
2026-07-23,2026-07-23 10:46:49,V002,102.0,1.0823145768302798
2026-07-23,2026-07-23 10:46:50,V002,102.0,1.0254498920496173
2026-07-23,2026-07-23 10:46:51,V002,102.0,1.033977389974281
2026-07-23,2026-07-23 10:46:52,V002,102.0,1.0283802838437301
2026-07-23,2026-07-23 10:46:53,V002,102.0,1.0478144579639226
2026-07-23,2026-07-23 10:46:54,V002,102.0,1.021707174762132
2026-07-23,2026-07-23 10:46:55,V002,102.0,1.0592438965602848
2026-07-23,2026-07-23 10:46:56,V002,102.0,1.0274968241396945
2026-07-23,2026-07-23 10:46:57,V002,102.0,1.030217249976423
2026-07-23,2026-07-23 10:46:58,V002,102.0,1.0257253232635843
2026-07-23,2026-07-23 10:46:59,V002,102.0,1.0242022595573008
2026-07-23,2026-07-23 10:47:00,V002,102.0,1.0262284084814202
2026-07-23,2026-07-23 10:47:01,V002,102.0,1.0250802888250614
2026-07-23,2026-07-23 10:47:02,V002,102.0,1.0255036608932007
2026-07-23,2026-07-23 10:47:03,V002,102.0,1.0262408358825346
2026-07-23,2026-07-23 10:47:04,V002,102.0,1.0246043293833755
2026-07-23,2026-07-23 10:47:05,V002,102.0,1.0257030790890929
2026-07-23,2026-07-23 10:47:06,V002,102.0,1.0230284142750514
2026-07-23,2026-07-23 10:47:07,V002,102.0,1.028028291290382
2026-07-23,2026-07-23 10:47:08,V002,103.0,1.0409667628763175
2026-07-23,2026-07-23 10:47:09,V002,103.0,1.023001589205186
2026-07-23,2026-07-23 10:47:10,V002,103.0,1.0490760195185187
2026-07-23,2026-07-23 10:47:11,V002,103.0,1.0222822083171974
2026-07-23,2026-07-23 10:47:12,V002,103.0,1.0478418786564747
2026-07-23,2026-07-23 10:47:13,V002,104.0,1.0546871735773853
2026-07-23,2026-07-23 10:47:14,V002,104.0,1.0283722915486064
2026-07-23,2026-07-23 10:47:15,V002,105.0,1.0454911050451878
2026-07-23,2026-07-23 10:47:16,V002,106.0,1.0146469295467069
2026-07-23,2026-07-23 10:47:17,V002,107.0,1.0423731567468408
2026-07-23,2026-07-23 10:47:18,V002,108.0,1.0442724281716038
2026-07-23,2026-07-23 10:47:19,V002,109.0,1.0677420176158547
2026-07-23,2026-07-23 10:47:20,V002,109.0,1.0264702412044864
2026-07-23,2026-07-23 10:47:21,V002,110.0,1.0551053597960502
2026-07-23,2026-07-23 10:47:22,V002,109.0,1.036878454023919
2026-07-23,2026-07-23 10:47:23,V002,109.0,1.0400922590110462
2026-07-23,2026-07-23 10:47:24,V002,108.0,1.0334112591358857
2026-07-23,2026-07-23 10:47:25,V002,108.0,1.0289256751913385
2026-07-23,2026-07-23 10:47:26,V002,107.0,1.0733313689756714
2026-07-23,2026-07-23 10:47:27,V002,107.0,1.03609964983617
2026-07-23,2026-07-23 10:47:28,V002,106.0,1.0478899050431414
2026-07-23,2026-07-23 10:47:29,V002,105.0,1.0266500337084965
2026-07-23,2026-07-23 10:47:30,V002,105.0,1.0565317603778457
2026-07-23,2026-07-23 10:47:31,V002,106.0,1.043231313620347
2026-07-23,2026-07-23 10:47:32,V002,106.0,1.026322079744574
2026-07-23,2026-07-23 10:47:33,V002,106.0,1.0556042657607427
2026-07-23,2026-07-23 10:47:34,V002,106.0,1.0390154596804804
2026-07-23,2026-07-23 10:47:35,V002,106.0,1.0281916261030921
2026-07-23,2026-07-23 10:47:36,V002,106.0,1.0403775178944283
2026-07-23,2026-07-23 10:47:37,V002,106.0,1.0529671719319904
2026-07-23,2026-07-23 10:47:38,V002,106.0,1.031479724458729
2026-07-23,2026-07-23 10:47:39,V002,106.0,1.0274662779890593
2026-07-23,2026-07-23 10:47:40,V002,106.0,1.0338242554722543
2026-07-23,2026-07-23 10:47:41,V002,106.0,1.0411531794778985
2026-07-23,2026-07-23 10:47:42,V002,106.0,1.0336705068331395
2026-07-23,2026-07-23 10:47:43,V002,106.0,1.0354036389800967
2026-07-23,2026-07-23 10:47:44,V002,106.0,1.0249671215431135
2026-07-23,2026-07-23 10:47:45,V002,106.0,1.0361691474175836
2026-07-23,2026-07-23 10:47:46,V002,106.0,0.974484054441678
2026-07-23,2026-07-23 10:47:47,V002,106.0,1.1064247083345078
2026-07-23,2026-07-23 10:47:48,V002,105.0,1.0743854737512748
2026-07-23,2026-07-23 10:47:49,V002,105.0,0.9952423161932578
2026-07-23,2026-07-23 10:47:50,V002,105.0,1.0486083473179544
2026-07-23,2026-07-23 10:47:51,V002,105.0,1.0466134803385954
2026-07-23,2026-07-23 10:47:52,V002,105.0,1.0282766404325365
2026-07-23,2026-07-23 10:47:53,V002,105.0,1.0340024147742604
2026-07-23,2026-07-23 10:47:54,V002,104.0,1.044861577049041
2026-07-23,2026-07-23 10:47:55,V002,104.0,1.0298591232116265
2026-07-23,2026-07-23 10:47:56,V002,104.0,1.015125813107622
2026-07-23,2026-07-23 10:47:57,V002,103.0,1.0194598612588375
2026-07-23,2026-07-23 10:47:58,V002,103.0,1.0386151837229882
2026-07-23,2026-07-23 10:47:59,V002,102.0,1.0222000699391318
2026-07-23,2026-07-23 10:48:00,V002,102.0,1.0176170987743107
2026-07-23,2026-07-23 10:48:01,V002,101.0,1.0730025132002203
2026-07-23,2026-07-23 10:48:02,V002,100.0,1.0167600887204018
2026-07-23,2026-07-23 10:48:03,V002,100.0,1.0667714730485287
2026-07-23,2026-07-23 10:48:04,V002,100.0,1.0836788931310193
2026-07-23,2026-07-23 10:48:05,V002,101.0,1.1607330735857584
2026-07-23,2026-07-23 10:48:06,V002,101.0,1.1292512566416173
2026-07-23,2026-07-23 10:48:07,V002,102.0,1.0349909650747398
2026-07-23,2026-07-23 10:48:08,V002,102.0,1.240470303549608
2026-07-23,2026-07-23 10:48:09,V002,103.0,1.0385674860785046
2026-07-23,2026-07-23 10:48:10,V002,102.0,1.0830140264041836
2026-07-23,2026-07-23 10:48:11,V002,102.0,1.063496392811802
2026-07-23,2026-07-23 10:48:12,V002,102.0,1.0380704312045335
2026-07-23,2026-07-23 10:48:13,V002,102.0,1.1798931252420413
2026-07-23,2026-07-23 10:48:14,V002,102.0,1.1020406415078934
2026-07-23,2026-07-23 10:48:15,V002,102.0,1.0246333976442867
2026-07-23,2026-07-23 10:48:16,V002,102.0,1.2160146340966294
2026-07-23,2026-07-23 10:48:17,V002,102.0,1.031623715085554
2026-07-23,2026-07-23 10:48:18,V002,102.0,1.0437182082122236
2026-07-23,2026-07-23 10:48:19,V002,101.0,1.033169966365845
2026-07-23,2026-07-23 10:48:20,V002,102.0,1.030560907571411
2026-07-23,2026-07-23 10:48:21,V002,102.0,1.0314628079293848
2026-07-23,2026-07-23 10:48:22,V002,102.0,1.0589079929959697
2026-07-23,2026-07-23 10:48:23,V002,102.0,1.0559352488190756
2026-07-23,2026-07-23 10:48:24,V002,103.0,1.0766077186124914
2026-07-23,2026-07-23 10:48:25,V002,103.0,1.23672082693684
2026-07-23,2026-07-23 10:48:26,V002,103.0,1.0187205818957121
2026-07-23,2026-07-23 10:48:27,V002,103.0,1.0472452147408917
2026-07-23,2026-07-23 10:48:28,V002,103.0,1.0348092393615496
2026-07-23,2026-07-23 10:48:29,V002,103.0,1.034906231698739
2026-07-23,2026-07-23 10:48:30,V002,103.0,1.0776026306815996
2026-07-23,2026-07-23 10:48:31,V002,102.0,1.028659788822615
2026-07-23,2026-07-23 10:48:32,V002,101.0,1.054537441298528
2026-07-23,2026-07-23 10:48:33,V002,101.0,1.03735193730971
2026-07-23,2026-07-23 10:48:34,V002,100.0,1.0468415598573966
2026-07-23,2026-07-23 10:48:35,V002,100.0,1.030421498572861
2026-07-23,2026-07-23 10:48:36,V002,100.0,1.0590120932287403
2026-07-23,2026-07-23 10:48:37,V002,100.0,1.0729448001325346
2026-07-23,2026-07-23 10:48:38,V002,100.0,1.0300169062003717
2026-07-23,2026-07-23 10:48:39,V002,100.0,1.0142106088881604
2026-07-23,2026-07-23 10:48:40,V002,100.0,1.0723826314619034
2026-07-23,2026-07-23 10:48:41,V002,100.0,1.034050524509467
2026-07-23,2026-07-23 10:48:42,V002,101.0,1.0821108497308354
2026-07-23,2026-07-23 10:48:43,V002,101.0,1.0888528229066976
2026-07-23,2026-07-23 10:48:44,V002,101.0,1.0251391202740525
2026-07-23,2026-07-23 10:48:45,V002,101.0,1.050429800579507
2026-07-23,2026-07-23 10:48:46,V002,101.0,1.0531811859455302
2026-07-23,2026-07-23 10:48:47,V002,102.0,1.0241763401598292
2026-07-23,2026-07-23 10:48:48,V002,102.0,1.0390050950909056
2026-07-23,2026-07-23 10:48:49,V002,103.0,1.0650200987262775
2026-07-23,2026-07-23 10:48:50,V002,103.0,1.0583452588710127
2026-07-23,2026-07-23 10:48:51,V002,104.0,1.0445530637016756
2026-07-23,2026-07-23 10:48:52,V002,105.0,1.0860120890641054
2026-07-23,2026-07-23 10:48:53,V002,106.0,1.0516403132791425
2026-07-23,2026-07-23 10:48:54,V002,108.0,1.0482512429441142
2026-07-23,2026-07-23 10:48:55,V002,110.0,1.041419816040394
2026-07-23,2026-07-23 10:48:56,V002,111.0,1.037783557210459
2026-07-23,2026-07-23 10:48:57,V002,112.0,1.0618150550237722
2026-07-23,2026-07-23 10:48:58,V002,114.0,1.2937009424783412
2026-07-23,2026-07-23 10:48:59,V002,115.0,0.9910952802509145
2026-07-23,2026-07-23 10:49:00,V002,115.0,1.0714312472976224
2026-07-23,2026-07-23 10:49:01,V002,115.0,1.0126688338437313
2026-07-23,2026-07-23 10:49:02,V002,115.0,1.1684559747071916
2026-07-23,2026-07-23 10:49:03,V002,116.0,1.011461977462057
2026-07-23,2026-07-23 10:49:04,V002,116.0,1.0744086197953606
2026-07-23,2026-07-23 10:49:05,V002,115.0,1.1021362539984092
2026-07-23,2026-07-23 10:49:06,V002,115.0,1.050547142384189
2026-07-23,2026-07-23 10:49:07,V002,115.0,1.0438663349482544
2026-07-23,2026-07-23 10:49:08,V002,115.0,1.1321155895987136
2026-07-23,2026-07-23 10:49:09,V002,115.0,1.0695307914527354
2026-07-23,2026-07-23 10:49:10,V002,115.0,1.0636156985530896
2026-07-23,2026-07-23 10:49:11,V002,115.0,1.0644490192003344
2026-07-23,2026-07-23 10:49:12,V002,115.0,1.0590950640097796
2026-07-23,2026-07-23 10:49:13,V002,115.0,1.0783259802877752
2026-07-23,2026-07-23 10:49:14,V002,115.0,1.1648209225908195
2026-07-23,2026-07-23 10:49:15,V002,115.0,1.0613334964743661
2026-07-23,2026-07-23 10:49:16,V002,115.0,1.0627952295402778
2026-07-23,2026-07-23 10:49:17,V002,115.0,1.0264409661050604
2026-07-23,2026-07-23 10:49:18,V002,115.0,1.0359530248671294
2026-07-23,2026-07-23 10:49:19,V002,115.0,1.0417702228315795
2026-07-23,2026-07-23 10:49:20,V002,115.0,1.0323585418512373
2026-07-23,2026-07-23 10:49:21,V002,115.0,1.0604990805867585
2026-07-23,2026-07-23 10:49:22,V002,114.0,1.0921814722376755
2026-07-23,2026-07-23 10:49:23,V002,114.0,1.0354458725965314
2026-07-23,2026-07-23 10:49:24,V002,114.0,1.0481066808187105
2026-07-23,2026-07-23 10:49:25,V002,114.0,1.0584990043826743
2026-07-23,2026-07-23 10:49:26,V002,114.0,1.0551792146594832
2026-07-23,2026-07-23 10:49:27,V002,114.0,1.0669779272121003
2026-07-23,2026-07-23 10:49:28,V002,114.0,1.077435859953273
2026-07-23,2026-07-23 10:49:29,V002,114.0,1.1346803711313682
2026-07-23,2026-07-23 10:49:30,V002,113.0,1.0956022263889833
2026-07-23,2026-07-23 10:49:31,V002,113.0,1.063703753941008
2026-07-23,2026-07-23 10:49:32,V002,113.0,0.935505973668375
2026-07-23,2026-07-23 10:49:33,V002,113.0,1.3821512916473693
2026-07-23,2026-07-23 10:49:34,V002,113.0,0.9568093586687468
2026-07-23,2026-07-23 10:49:35,V002,113.0,1.0723359811870985
2026-07-23,2026-07-23 10:49:36,V002,113.0,1.0590735504343376
2026-07-23,2026-07-23 10:49:37,V002,113.0,1.050639046814899
2026-07-23,2026-07-23 10:49:38,V002,113.0,1.0626110515456135
2026-07-23,2026-07-23 10:49:39,V002,113.0,1.048841199638883
2026-07-23,2026-07-23 10:49:40,V002,113.0,1.0747679984410423
2026-07-23,2026-07-23 10:49:41,V002,112.0,1.0079799847092359
2026-07-23,2026-07-23 10:49:42,V002,113.0,1.1091396702660674
2026-07-23,2026-07-23 10:49:43,V002,113.0,1.0923379245647082
2026-07-23,2026-07-23 10:49:44,V002,113.0,1.0862819393834033
2026-07-23,2026-07-23 10:49:45,V002,113.0,1.172314224539297
2026-07-23,2026-07-23 10:49:46,V002,113.0,1.051112290578766
2026-07-23,2026-07-23 10:49:47,V002,114.0,1.0567783338599945
2026-07-23,2026-07-23 10:49:48,V002,114.0,1.0688498302662544
2026-07-23,2026-07-23 10:49:49,V002,114.0,1.0208239811644522
2026-07-23,2026-07-23 10:49:50,V002,115.0,1.0600942006628296
2026-07-23,2026-07-23 10:49:51,V002,115.0,1.0251531176239426
2026-07-23,2026-07-23 10:49:52,V002,116.0,1.0725965435962055
2026-07-23,2026-07-23 10:49:53,V002,117.0,1.032752900279564
2026-07-23,2026-07-23 10:49:54,V002,118.0,1.0240013946578745
2026-07-23,2026-07-23 10:49:55,V002,120.0,1.0525115678958707
2026-07-23,2026-07-23 10:49:56,V002,122.0,1.0532020982121317
2026-07-23,2026-07-23 10:49:57,V002,124.0,1.0237403027577323
2026-07-23,2026-07-23 10:49:58,V002,124.0,1.0518908910560592
2026-07-23,2026-07-23 10:49:59,V002,124.0,1.0356592990967848
2026-07-23,2026-07-23 10:50:00,V002,125.0,1.0803895591672361
2026-07-23,2026-07-23 10:50:01,V002,125.0,1.078488466478096
2026-07-23,2026-07-23 10:50:02,V002,125.0,1.0317678064133335
2026-07-23,2026-07-23 10:50:03,V002,125.0,1.031988019294889
2026-07-23,2026-07-23 10:50:04,V002,124.0,1.0519974050229441
2026-07-23,2026-07-23 10:50:05,V002,124.0,1.06931617577752
2026-07-23,2026-07-23 10:50:06,V002,123.0,1.0371644233759945
2026-07-23,2026-07-23 10:50:07,V002,123.0,1.0650901683586473
2026-07-23,2026-07-23 10:50:08,V002,122.0,1.0415460217023749
2026-07-23,2026-07-23 10:50:09,V002,121.0,1.029202146924092
2026-07-23,2026-07-23 10:50:10,V002,119.0,1.0350976017589715
2026-07-23,2026-07-23 10:50:11,V002,118.0,1.1499679793539845
2026-07-23,2026-07-23 10:50:12,V002,115.0,1.0968147178015795
2026-07-23,2026-07-23 10:50:13,V002,112.0,1.1035814121984235
2026-07-23,2026-07-23 10:50:14,V002,109.0,1.035843231101528
2026-07-23,2026-07-23 10:50:15,V002,107.0,1.1511689532948184
2026-07-23,2026-07-23 10:50:16,V002,107.0,1.090962398002539
2026-07-23,2026-07-23 10:50:17,V002,107.0,1.0799092838008297
2026-07-23,2026-07-23 10:50:18,V002,108.0,1.0856740455975638
2026-07-23,2026-07-23 10:50:19,V002,108.0,1.077941744970709
2026-07-23,2026-07-23 10:50:20,V002,108.0,1.0487626388528266
2026-07-23,2026-07-23 10:50:21,V002,108.0,1.0377282912715262
2026-07-23,2026-07-23 10:50:22,V002,108.0,1.1162885452593532
2026-07-23,2026-07-23 10:50:23,V002,109.0,1.0869532726384887
2026-07-23,2026-07-23 10:50:24,V002,109.0,1.0691275751766383
2026-07-23,2026-07-23 10:50:25,V002,109.0,1.0470882876952101
2026-07-23,2026-07-23 10:50:26,V002,109.0,1.0245477170703456
2026-07-23,2026-07-23 10:50:27,V002,110.0,1.0129389665367348
2026-07-23,2026-07-23 10:50:28,V002,110.0,1.2518413671220607
2026-07-23,2026-07-23 10:50:29,V002,110.0,1.0409163938898016
2026-07-23,2026-07-23 10:50:30,V002,110.0,1.0572709104715166
2026-07-23,2026-07-23 10:50:31,V002,110.0,1.0473547144072444
2026-07-23,2026-07-23 10:50:32,V002,110.0,1.0110946336396252
2026-07-23,2026-07-23 10:50:33,V002,109.0,1.0420220282411865
2026-07-23,2026-07-23 10:50:34,V002,109.0,1.2752202255728986
2026-07-23,2026-07-23 10:50:35,V002,109.0,1.0370448880905876
2026-07-23,2026-07-23 10:50:36,V002,109.0,1.0923329391622503
2026-07-23,2026-07-23 10:50:37,V002,109.0,1.0947805056232451
2026-07-23,2026-07-23 10:50:38,V002,109.0,1.0513356458602154
2026-07-23,2026-07-23 10:50:39,V002,110.0,1.0537739457335134
2026-07-23,2026-07-23 10:50:40,V002,110.0,1.0602231622521392
2026-07-23,2026-07-23 10:50:41,V002,111.0,1.0416437034686445
2026-07-23,2026-07-23 10:50:42,V002,111.0,1.0306337986515823
2026-07-23,2026-07-23 10:50:43,V002,111.0,1.0406159467313587
2026-07-23,2026-07-23 10:50:44,V002,111.0,1.062838256953253
2026-07-23,2026-07-23 10:50:45,V002,111.0,1.0288383282405251
2026-07-23,2026-07-23 10:50:46,V002,111.0,1.0610704905166144
2026-07-23,2026-07-23 10:50:47,V002,111.0,1.0547929392604114
2026-07-23,2026-07-23 10:50:48,V002,111.0,1.074715417699094
2026-07-23,2026-07-23 10:50:49,V002,111.0,1.0575397749447593
2026-07-23,2026-07-23 10:50:50,V002,111.0,1.0161578659075874
2026-07-23,2026-07-23 10:50:51,V002,111.0,1.0413256570058365
2026-07-23,2026-07-23 10:50:52,V002,112.0,1.0283021253404039
2026-07-23,2026-07-23 10:50:53,V002,112.0,1.010288803962985
2026-07-23,2026-07-23 10:50:54,V002,113.0,1.1093946379209259
2026-07-23,2026-07-23 10:50:55,V002,114.0,1.0707583702019874
2026-07-23,2026-07-23 10:50:56,V002,115.0,1.083766545625571
2026-07-23,2026-07-23 10:50:57,V002,115.0,1.046524578574792
2026-07-23,2026-07-23 10:50:58,V002,115.0,1.071600990445259
2026-07-23,2026-07-23 10:50:59,V002,115.0,1.1720100992780929
2026-07-23,2026-07-23 10:51:00,V002,115.0,1.1087578891976528
2026-07-23,2026-07-23 10:51:01,V002,114.0,1.074857794053268
2026-07-23,2026-07-23 10:51:02,V002,114.0,1.0507273949651044
2026-07-23,2026-07-23 10:51:03,V002,114.0,0.9442092643231587
2026-07-23,2026-07-23 10:51:04,V002,114.0,1.22387757587959
2026-07-23,2026-07-23 10:51:05,V002,114.0,1.069483759482751
2026-07-23,2026-07-23 10:51:06,V002,114.0,1.2934147543439103
2026-07-23,2026-07-23 10:51:07,V002,114.0,1.0471899976112982
2026-07-23,2026-07-23 10:51:08,V002,115.0,1.0776337510748117
2026-07-23,2026-07-23 10:51:09,V002,115.0,0.9986788566411805
2026-07-23,2026-07-23 10:51:10,V002,115.0,1.140982542744454
2026-07-23,2026-07-23 10:51:11,V002,115.0,1.1224041400479958
2026-07-23,2026-07-23 10:51:12,V002,115.0,1.0949144706938834
2026-07-23,2026-07-23 10:51:13,V002,116.0,1.0538234364936265
2026-07-23,2026-07-23 10:51:14,V002,116.0,1.100660893387877
2026-07-23,2026-07-23 10:51:15,V002,116.0,1.0828380686783459
2026-07-23,2026-07-23 10:51:16,V002,117.0,1.020958899774591
2026-07-23,2026-07-23 10:51:17,V002,117.0,1.0722586487353991
2026-07-23,2026-07-23 10:51:18,V002,117.0,1.0312474702404013
2026-07-23,2026-07-23 10:51:19,V002,117.0,1.0517935299542247
2026-07-23,2026-07-23 10:51:20,V002,117.0,1.0624977364169075
2026-07-23,2026-07-23 10:51:21,V002,117.0,1.029315405409083
2026-07-23,2026-07-23 10:51:22,V002,117.0,1.0528478951680589
2026-07-23,2026-07-23 10:51:23,V002,117.0,1.043937538790849
2026-07-23,2026-07-23 10:51:24,V002,117.0,1.057939095768183
2026-07-23,2026-07-23 10:51:25,V002,116.0,1.0457292030306893
2026-07-23,2026-07-23 10:51:26,V002,115.0,1.0276711074911766
2026-07-23,2026-07-23 10:51:27,V002,115.0,1.025927062274134
2026-07-23,2026-07-23 10:51:28,V002,114.0,1.0246743205289734
2026-07-23,2026-07-23 10:51:29,V002,113.0,1.0271826241495956
2026-07-23,2026-07-23 10:51:30,V002,113.0,1.0257158641262742
2026-07-23,2026-07-23 10:51:31,V002,112.0,1.0236373890948185
2026-07-23,2026-07-23 10:51:32,V002,112.0,1.0764147138425424
2026-07-23,2026-07-23 10:51:33,V002,112.0,1.0219520821627257
2026-07-23,2026-07-23 10:51:34,V002,111.0,1.017854957361908
2026-07-23,2026-07-23 10:51:35,V002,111.0,1.0183251398684232
2026-07-23,2026-07-23 10:51:36,V002,110.0,1.0180399650557883
2026-07-23,2026-07-23 10:51:37,V002,110.0,1.0186345507660042
2026-07-23,2026-07-23 10:51:38,V002,109.0,1.0184057365234171
2026-07-23,2026-07-23 10:51:39,V002,108.0,1.0227969803262764
2026-07-23,2026-07-23 10:51:40,V002,107.0,1.0255564378509328
2026-07-23,2026-07-23 10:51:41,V002,107.0,1.0475717015327575
2026-07-23,2026-07-23 10:51:42,V002,106.0,1.0215387785288397
2026-07-23,2026-07-23 10:51:43,V002,106.0,1.0242954081178501
2026-07-23,2026-07-23 10:51:44,V002,106.0,1.0443323534463382
2026-07-23,2026-07-23 10:51:45,V002,106.0,1.034636549769581
2026-07-23,2026-07-23 10:51:46,V002,107.0,1.0189765836352023
2026-07-23,2026-07-23 10:51:47,V002,107.0,1.0188253202338688
2026-07-23,2026-07-23 10:51:48,V002,107.0,1.018319015888012
2026-07-23,2026-07-23 10:51:49,V002,107.0,1.019772051439379
2026-07-23,2026-07-23 10:51:50,V002,107.0,1.0185187239406486
2026-07-23,2026-07-23 10:51:51,V002,107.0,1.0186739888099798
2026-07-23,2026-07-23 10:51:52,V002,107.0,1.0366139053902332
2026-07-23,2026-07-23 10:51:53,V002,107.0,1.0253480615500856
2026-07-23,2026-07-23 10:51:54,V002,107.0,1.027697356467697
2026-07-23,2026-07-23 10:51:55,V002,107.0,1.0216007840360728
2026-07-23,2026-07-23 10:51:56,V002,108.0,1.0186144037339773
2026-07-23,2026-07-23 10:51:57,V002,108.0,1.0196785919866835
2026-07-23,2026-07-23 10:51:58,V002,109.0,1.0199578038238328
2026-07-23,2026-07-23 10:51:59,V002,109.0,1.0197050927874487
2026-07-23,2026-07-23 10:52:00,V002,110.0,1.0203048370616625
2026-07-23,2026-07-23 10:52:01,V002,110.0,1.0196965906694289
2026-07-23,2026-07-23 10:52:02,V002,110.0,1.0211265558975708
2026-07-23,2026-07-23 10:52:03,V002,110.0,1.0147554074325875
2026-07-23,2026-07-23 10:52:04,V002,110.0,1.0226979873849225
2026-07-23,2026-07-23 10:52:05,V002,110.0,1.0194124915349108
2026-07-23,2026-07-23 10:52:06,V002,110.0,1.019950776635683
2026-07-23,2026-07-23 10:52:07,V002,110.0,1.018926295284588
2026-07-23,2026-07-23 10:52:08,V002,111.0,1.0192710973709174
2026-07-23,2026-07-23 10:52:09,V002,111.0,1.0190328246761942
2026-07-23,2026-07-23 10:52:10,V002,110.0,1.019059882937765
2026-07-23,2026-07-23 10:52:11,V002,110.0,1.0195568810743207
2026-07-23,2026-07-23 10:52:12,V002,109.0,1.019070222910331
2026-07-23,2026-07-23 10:52:13,V002,109.0,1.0201779711609504
2026-07-23,2026-07-23 10:52:14,V002,109.0,1.0188293308658418
2026-07-23,2026-07-23 10:52:15,V002,108.0,1.0194712025972752
2026-07-23,2026-07-23 10:52:16,V002,108.0,1.019754225933367
2026-07-23,2026-07-23 10:52:17,V002,108.0,1.0193085865645453
2026-07-23,2026-07-23 10:52:18,V002,107.0,1.0194154499936132
2026-07-23,2026-07-23 10:52:19,V002,107.0,1.0187057239606714
2026-07-23,2026-07-23 10:52:20,V002,106.0,1.0188808143823445
2026-07-23,2026-07-23 10:52:21,V002,106.0,1.0199924499192337
2026-07-23,2026-07-23 10:52:22,V002,105.0,1.020081580545184
2026-07-23,2026-07-23 10:52:23,V002,105.0,1.017499531261746
2026-07-23,2026-07-23 10:52:24,V002,104.0,1.0122304638346251
2026-07-23,2026-07-23 10:52:25,V002,104.0,1.0947257300149358
2026-07-23,2026-07-23 10:52:26,V002,103.0,0.9892484031971444
2026-07-23,2026-07-23 10:52:27,V002,103.0,1.0334935777965808
2026-07-23,2026-07-23 10:52:28,V002,101.0,1.0493932738430658
2026-07-23,2026-07-23 10:52:29,V002,100.0,1.072958754003048
2026-07-23,2026-07-23 10:52:30,V002,98.0,1.0802145478910412
2026-07-23,2026-07-23 10:52:31,V002,96.0,1.0577914923945293
2026-07-23,2026-07-23 10:52:32,V002,97.0,1.0496910881289416
2026-07-23,2026-07-23 10:52:33,V002,97.0,1.076057222896711
2026-07-23,2026-07-23 10:52:34,V002,97.0,1.03303204069622
2026-07-23,2026-07-23 10:52:35,V002,97.0,1.0608282583912083
2026-07-23,2026-07-23 10:52:36,V002,98.0,1.0186880418835538
2026-07-23,2026-07-23 10:52:37,V002,98.0,1.0548049366401062
2026-07-23,2026-07-23 10:52:38,V002,98.0,1.0278545986068082
2026-07-23,2026-07-23 10:52:39,V002,98.0,1.043719499091386
2026-07-23,2026-07-23 10:52:40,V002,98.0,1.028985630299354
2026-07-23,2026-07-23 10:52:41,V002,98.0,1.0550031740459926
2026-07-23,2026-07-23 10:52:42,V002,97.0,1.082349123817264
2026-07-23,2026-07-23 10:52:43,V002,97.0,1.0805556109763041
2026-07-23,2026-07-23 10:52:44,V002,96.0,1.0218270346494676
2026-07-23,2026-07-23 10:52:45,V002,96.0,1.0740384064728568
2026-07-23,2026-07-23 10:52:46,V002,95.0,1.0330784201342602
2026-07-23,2026-07-23 10:52:47,V002,95.0,1.0228766467973012
2026-07-23,2026-07-23 10:52:48,V002,94.0,1.08697520775394
2026-07-23,2026-07-23 10:52:49,V002,93.0,1.0505418652892151
2026-07-23,2026-07-23 10:52:50,V002,93.0,1.0699265202046837
2026-07-23,2026-07-23 10:52:51,V002,93.0,1.0508509047308443
2026-07-23,2026-07-23 10:52:52,V002,94.0,0.9684751777140587
2026-07-23,2026-07-23 10:52:53,V002,94.0,1.2835222103211656
2026-07-23,2026-07-23 10:52:54,V002,94.0,1.0547509444078154
2026-07-23,2026-07-23 10:52:55,V002,94.0,1.1391028748596443
2026-07-23,2026-07-23 10:52:56,V002,94.0,0.9896522421610353
2026-07-23,2026-07-23 10:52:57,V002,94.0,1.0246510521472194
2026-07-23,2026-07-23 10:52:58,V002,94.0,1.140811389899429
2026-07-23,2026-07-23 10:52:59,V002,93.0,1.091195213235201
2026-07-23,2026-07-23 10:53:00,V002,93.0,1.0579169254284553
2026-07-23,2026-07-23 10:53:01,V002,93.0,1.0694372176330385
2026-07-23,2026-07-23 10:53:02,V002,92.0,1.1307689734709188
2026-07-23,2026-07-23 10:53:03,V002,91.0,1.0184131828632268
2026-07-23,2026-07-23 10:53:04,V002,90.0,1.0678712339294483
2026-07-23,2026-07-23 10:53:05,V002,89.0,1.1599771023618224
2026-07-23,2026-07-23 10:53:06,V002,90.0,1.0289334237495025
2026-07-23,2026-07-23 10:53:07,V002,90.0,1.031740375066581
2026-07-23,2026-07-23 10:53:08,V002,91.0,1.056664914968708
2026-07-23,2026-07-23 10:53:09,V002,92.0,1.0415829463273691
2026-07-23,2026-07-23 10:53:10,V002,92.0,1.1549823029012927
2026-07-23,2026-07-23 10:53:11,V002,93.0,1.1390785952003755
2026-07-23,2026-07-23 10:53:12,V002,94.0,1.0260990706143753
2026-07-23,2026-07-23 10:53:13,V002,94.0,1.0314632021876549
2026-07-23,2026-07-23 10:53:14,V002,95.0,1.0824677370744127
2026-07-23,2026-07-23 10:53:15,V002,95.0,1.0830932734867011
2026-07-23,2026-07-23 10:53:16,V002,95.0,1.0640390599517517
2026-07-23,2026-07-23 10:53:17,V002,95.0,1.0276065217458819
2026-07-23,2026-07-23 10:53:18,V002,96.0,1.0644009535366652
2026-07-23,2026-07-23 10:53:19,V002,96.0,1.0511051004523846
2026-07-23,2026-07-23 10:53:20,V002,96.0,1.0291778084718113
2026-07-23,2026-07-23 10:53:21,V002,96.0,1.020460840678309
2026-07-23,2026-07-23 10:53:22,V002,96.0,1.0751887639136875
2026-07-23,2026-07-23 10:53:23,V002,97.0,1.0341595815911149
2026-07-23,2026-07-23 10:53:24,V002,97.0,1.0531732340139806
2026-07-23,2026-07-23 10:53:25,V002,98.0,1.035130360825822
2026-07-23,2026-07-23 10:53:26,V002,101.0,1.0212137405605737
2026-07-23,2026-07-23 10:53:27,V002,104.0,1.0374611151814381
2026-07-23,2026-07-23 10:53:28,V002,107.0,1.0668789575554083
2026-07-23,2026-07-23 10:53:29,V002,109.0,1.0907894588339098
2026-07-23,2026-07-23 10:53:30,V002,111.0,1.0657238536947624
2026-07-23,2026-07-23 10:53:31,V002,112.0,1.0723142965064851
2026-07-23,2026-07-23 10:53:32,V002,112.0,1.0221223194800064
2026-07-23,2026-07-23 10:53:33,V002,113.0,1.0537479175982858
2026-07-23,2026-07-23 10:53:34,V002,114.0,1.0589341786085595
2026-07-23,2026-07-23 10:53:35,V002,115.0,1.0548445098033803
2026-07-23,2026-07-23 10:53:36,V002,117.0,1.0690768279730691
2026-07-23,2026-07-23 10:53:37,V002,118.0,1.0240146833322306
2026-07-23,2026-07-23 10:53:38,V002,119.0,1.0741008809460497
2026-07-23,2026-07-23 10:53:39,V002,120.0,1.0908803869003671
2026-07-23,2026-07-23 10:53:40,V002,122.0,1.0409456754599333
2026-07-23,2026-07-23 10:53:41,V002,124.0,1.077791629797887
2026-07-23,2026-07-23 10:53:42,V002,123.0,1.0674459687534057
2026-07-23,2026-07-23 10:53:43,V002,123.0,1.147159305258201
2026-07-23,2026-07-23 10:53:44,V002,123.0,1.2164570026343127
2026-07-23,2026-07-23 10:53:45,V002,123.0,1.0552099348659238
2026-07-23,2026-07-23 10:53:46,V002,123.0,1.0490213076530168
2026-07-23,2026-07-23 10:53:47,V002,123.0,1.076877590307848
2026-07-23,2026-07-23 10:53:48,V002,123.0,1.085877142695
2026-07-23,2026-07-23 10:53:49,V002,123.0,1.0836691013757243
2026-07-23,2026-07-23 10:53:50,V002,124.0,1.0431339541238587
2026-07-23,2026-07-23 10:53:51,V002,124.0,1.0573454260619313
2026-07-23,2026-07-23 10:53:52,V002,124.0,1.0419183149364708
2026-07-23,2026-07-23 10:53:53,V002,124.0,1.0468505593808684
2026-07-23,2026-07-23 10:53:54,V002,124.0,1.1294168973695453
2026-07-23,2026-07-23 10:53:55,V002,124.0,1.0507486694325607
2026-07-23,2026-07-23 10:53:56,V002,124.0,1.0317559727684449
2026-07-23,2026-07-23 10:53:57,V002,124.0,1.0283863585008879
2026-07-23,2026-07-23 10:53:58,V002,123.0,1.0261219658773548
2026-07-23,2026-07-23 10:53:59,V002,123.0,1.0279764369729405
2026-07-23,2026-07-23 10:54:00,V002,123.0,1.0270344329880712
2026-07-23,2026-07-23 10:54:01,V002,123.0,1.0275772278289113
2026-07-23,2026-07-23 10:54:02,V002,123.0,1.0244761159721743
2026-07-23,2026-07-23 10:54:03,V002,123.0,0.9949937022112694
2026-07-23,2026-07-23 10:54:04,V002,123.0,1.2388434414920262
2026-07-23,2026-07-23 10:54:05,V002,123.0,1.0646111641782159
2026-07-23,2026-07-23 10:54:06,V002,123.0,1.0239566246299576
2026-07-23,2026-07-23 10:54:07,V002,124.0,1.0380838415473521
2026-07-23,2026-07-23 10:54:08,V002,123.0,1.0287914094438595
2026-07-23,2026-07-23 10:54:09,V002,123.0,1.0300103580016373
2026-07-23,2026-07-23 10:54:10,V002,123.0,1.0404978194414485
2026-07-23,2026-07-23 10:54:11,V002,123.0,1.0263351737642368
2026-07-23,2026-07-23 10:54:12,V002,123.0,1.0876656831688345
2026-07-23,2026-07-23 10:54:13,V002,123.0,1.1154177623860861
2026-07-23,2026-07-23 10:54:14,V002,123.0,1.0832128685314601
2026-07-23,2026-07-23 10:54:15,V002,122.0,1.0267898742880237
2026-07-23,2026-07-23 10:54:16,V002,122.0,1.0290530515661216
2026-07-23,2026-07-23 10:54:17,V002,122.0,1.0276825560221452
2026-07-23,2026-07-23 10:54:18,V002,122.0,1.0274130314211134
2026-07-23,2026-07-23 10:54:19,V002,122.0,1.0283869589314012
2026-07-23,2026-07-23 10:54:20,V002,122.0,1.0282437052700666
2026-07-23,2026-07-23 10:54:21,V002,121.0,1.0272566982155817
2026-07-23,2026-07-23 10:54:22,V002,121.0,1.1207157264725232
2026-07-23,2026-07-23 10:54:23,V002,120.0,0.9558970810142454
2026-07-23,2026-07-23 10:54:24,V002,121.0,1.0923417708124634
2026-07-23,2026-07-23 10:54:25,V002,121.0,1.0504222056484798
2026-07-23,2026-07-23 10:54:26,V002,121.0,1.0309988444894855
2026-07-23,2026-07-23 10:54:27,V002,121.0,1.031192280017136
2026-07-23,2026-07-23 10:54:28,V002,122.0,1.0339745478967517
2026-07-23,2026-07-23 10:54:29,V002,122.0,1.0288914688234727
2026-07-23,2026-07-23 10:54:30,V002,123.0,1.0389760209461425
2026-07-23,2026-07-23 10:54:31,V002,123.0,1.0442125265650073
2026-07-23,2026-07-23 10:54:32,V002,124.0,1.0228300764253917
2026-07-23,2026-07-23 10:54:33,V002,125.0,1.0375205401830916
2026-07-23,2026-07-23 10:54:34,V002,126.0,1.0335242640414815
2026-07-23,2026-07-23 10:54:35,V002,126.0,1.0229485644975433
2026-07-23,2026-07-23 10:54:36,V002,127.0,1.0327892835531098
2026-07-23,2026-07-23 10:54:37,V002,128.0,1.0499300708967245
2026-07-23,2026-07-23 10:54:38,V002,128.0,1.0465350880222923
2026-07-23,2026-07-23 10:54:39,V002,129.0,1.0488923010818836
2026-07-23,2026-07-23 10:54:40,V002,130.0,1.0226720308606985
2026-07-23,2026-07-23 10:54:41,V002,130.0,1.027195657244896
2026-07-23,2026-07-23 10:54:42,V002,130.0,1.0273432967936464
2026-07-23,2026-07-23 10:54:43,V002,130.0,1.0269607378099932
2026-07-23,2026-07-23 10:54:44,V002,130.0,1.027745508009918
2026-07-23,2026-07-23 10:54:45,V002,131.0,1.0270727824529655
2026-07-23,2026-07-23 10:54:46,V002,130.0,1.0269820100785365
2026-07-23,2026-07-23 10:54:47,V002,130.0,1.0268921970430676
2026-07-23,2026-07-23 10:54:48,V002,130.0,1.0264503857612104
2026-07-23,2026-07-23 10:54:49,V002,130.0,1.0266992961859922
2026-07-23,2026-07-23 10:54:50,V002,130.0,1.0422088073652933
2026-07-23,2026-07-23 10:54:51,V002,130.0,1.0273420837353973
2026-07-23,2026-07-23 10:54:52,V002,130.0,1.0321137908598543
2026-07-23,2026-07-23 10:54:53,V002,130.0,1.0295812026115776
2026-07-23,2026-07-23 10:54:54,V002,129.0,1.0305253623930695
2026-07-23,2026-07-23 10:54:55,V002,129.0,1.04046554304946
2026-07-23,2026-07-23 10:54:56,V002,129.0,1.0265502310810317
2026-07-23,2026-07-23 10:54:57,V002,129.0,1.0274681157265992
2026-07-23,2026-07-23 10:54:58,V002,129.0,1.026723372461631
2026-07-23,2026-07-23 10:54:59,V002,128.0,1.027181287407905
2026-07-23,2026-07-23 10:55:00,V002,128.0,1.0272648834943734
2026-07-23,2026-07-23 10:55:01,V002,128.0,1.0260399911563938
2026-07-23,2026-07-23 10:55:02,V002,128.0,1.0283871092229564
2026-07-23,2026-07-23 10:55:03,V002,127.0,1.0279693539688128
2026-07-23,2026-07-23 10:55:04,V002,127.0,1.0280099279682802
2026-07-23,2026-07-23 10:55:05,V002,128.0,1.0277466391175716
2026-07-23,2026-07-23 10:55:06,V002,128.0,1.027510877024516
2026-07-23,2026-07-23 10:55:07,V002,128.0,1.0280122371812825
2026-07-23,2026-07-23 10:55:08,V002,128.0,1.0211781340637796
2026-07-23,2026-07-23 10:55:09,V002,128.0,1.0390791297092257
2026-07-23,2026-07-23 10:55:10,V002,128.0,1.0370229570808354
2026-07-23,2026-07-23 10:55:11,V002,127.0,1.0303651467849146
2026-07-23,2026-07-23 10:55:12,V002,128.0,1.0273035010340894
2026-07-23,2026-07-23 10:55:13,V002,128.0,1.0298684505137878
2026-07-23,2026-07-23 10:55:14,V002,128.0,1.028781255563283
2026-07-23,2026-07-23 10:55:15,V002,128.0,1.0297868266189318
2026-07-23,2026-07-23 10:55:16,V002,128.0,1.0296748151685489
2026-07-23,2026-07-23 10:55:17,V002,128.0,1.0320844613451383
2026-07-23,2026-07-23 10:55:18,V002,129.0,1.025642784651156
2026-07-23,2026-07-23 10:55:19,V002,129.0,1.0285333454570118
2026-07-23,2026-07-23 10:55:20,V002,128.0,1.0289943354522968
2026-07-23,2026-07-23 10:55:21,V002,128.0,1.0416973152539628
2026-07-23,2026-07-23 10:55:22,V002,128.0,1.0504102937044835
2026-07-23,2026-07-23 10:55:23,V002,128.0,1.0765670166421284
2026-07-23,2026-07-23 10:55:24,V002,128.0,0.9310489570862525
2026-07-23,2026-07-23 10:55:25,V002,128.0,1.0994321487039578
2026-07-23,2026-07-23 10:55:26,V002,127.0,1.0350435529543878
2026-07-23,2026-07-23 10:55:27,V002,127.0,1.0231409895570884
2026-07-23,2026-07-23 10:55:28,V002,127.0,1.031175132349117
2026-07-23,2026-07-23 10:55:29,V002,127.0,1.0262541408733625
2026-07-23,2026-07-23 10:55:30,V002,127.0,1.0293107180453789
2026-07-23,2026-07-23 10:55:31,V002,126.0,1.027246940409655
2026-07-23,2026-07-23 10:55:32,V002,126.0,1.0270019408815667
2026-07-23,2026-07-23 10:55:33,V002,126.0,1.0268693450502548
2026-07-23,2026-07-23 10:55:34,V002,126.0,1.0273457796560972
2026-07-23,2026-07-23 10:55:35,V002,126.0,1.0266164256418973
2026-07-23,2026-07-23 10:55:36,V002,126.0,1.026765460333402
2026-07-23,2026-07-23 10:55:37,V002,126.0,1.0261781600434692
2026-07-23,2026-07-23 10:55:38,V002,125.0,1.0263638965554833
2026-07-23,2026-07-23 10:55:39,V002,125.0,1.0263956223517838
2026-07-23,2026-07-23 10:55:40,V002,125.0,1.0263005804767333
2026-07-23,2026-07-23 10:55:41,V002,125.0,1.026838605283482
2026-07-23,2026-07-23 10:55:42,V002,125.0,1.0255577931363922
2026-07-23,2026-07-23 10:55:43,V002,125.0,1.027669735834634
2026-07-23,2026-07-23 10:55:44,V002,124.0,1.0267309026721276
2026-07-23,2026-07-23 10:55:45,V002,124.0,1.0263586086620027
2026-07-23,2026-07-23 10:55:46,V002,124.0,1.0262222131700844
2026-07-23,2026-07-23 10:55:47,V002,124.0,1.0249350396437176
2026-07-23,2026-07-23 10:55:48,V002,124.0,1.0288640236280036
2026-07-23,2026-07-23 10:55:49,V002,124.0,1.025761070378102
2026-07-23,2026-07-23 10:55:50,V002,123.0,1.0266369434012454
2026-07-23,2026-07-23 10:55:51,V002,123.0,1.0259002806521607
2026-07-23,2026-07-23 10:55:52,V002,121.0,1.0265720759305956
2026-07-23,2026-07-23 10:55:53,V002,120.0,1.0265184118383714
2026-07-23,2026-07-23 10:55:54,V002,120.0,1.0256934409324103
2026-07-23,2026-07-23 10:55:55,V002,119.0,1.026084840949721
2026-07-23,2026-07-23 10:55:56,V002,118.0,1.0262775134758575
2026-07-23,2026-07-23 10:55:57,V002,118.0,1.026802314799502
2026-07-23,2026-07-23 10:55:58,V002,117.0,1.0266167396223151
2026-07-23,2026-07-23 10:55:59,V002,117.0,1.0268472800688655
2026-07-23,2026-07-23 10:56:00,V002,117.0,1.0271329811975196
2026-07-23,2026-07-23 10:56:01,V002,118.0,1.0254165394402444
2026-07-23,2026-07-23 10:56:02,V002,118.0,1.0285570085599003
2026-07-23,2026-07-23 10:56:03,V002,119.0,1.0331233441905112
2026-07-23,2026-07-23 10:56:04,V002,119.0,1.0286666837849792
2026-07-23,2026-07-23 10:56:05,V002,118.0,1.0282336458242405
2026-07-23,2026-07-23 10:56:06,V002,118.0,1.0274199087829046
2026-07-23,2026-07-23 10:56:07,V002,118.0,1.0380453424803031
2026-07-23,2026-07-23 10:56:08,V002,118.0,1.070665614914829
2026-07-23,2026-07-23 10:56:09,V002,118.0,0.9629953441593844
2026-07-23,2026-07-23 10:56:10,V002,117.0,1.0281695348307225
2026-07-23,2026-07-23 10:56:11,V002,117.0,1.0396732254334091
2026-07-23,2026-07-23 10:56:12,V002,117.0,1.0378861014383267
2026-07-23,2026-07-23 10:56:13,V002,117.0,1.0417765559264696
2026-07-23,2026-07-23 10:56:14,V002,116.0,1.0198806388469506
2026-07-23,2026-07-23 10:56:15,V002,116.0,1.0580499898019318
2026-07-23,2026-07-23 10:56:16,V002,116.0,1.0410313556047264
2026-07-23,2026-07-23 10:56:17,V002,115.0,0.9760860205388677
2026-07-23,2026-07-23 10:56:18,V002,114.0,0.9905161830934399
2026-07-23,2026-07-23 10:56:19,V002,114.0,1.0923866356443603
2026-07-23,2026-07-23 10:56:20,V002,113.0,1.0577700238206855
2026-07-23,2026-07-23 10:56:21,V002,113.0,1.0781283050356534
2026-07-23,2026-07-23 10:56:22,V002,113.0,1.0327981101908146
2026-07-23,2026-07-23 10:56:23,V002,112.0,1.0351340207635225
2026-07-23,2026-07-23 10:56:24,V002,112.0,1.1260104356853597
2026-07-23,2026-07-23 10:56:25,V002,111.0,1.0244793147541862
2026-07-23,2026-07-23 10:56:26,V002,110.0,1.0319035134760213
2026-07-23,2026-07-23 10:56:27,V002,109.0,1.0186100137072176
2026-07-23,2026-07-23 10:56:28,V002,108.0,1.1206511062506108
2026-07-23,2026-07-23 10:56:29,V002,107.0,1.0844126450692657
2026-07-23,2026-07-23 10:56:30,V002,106.0,1.050622269898084
2026-07-23,2026-07-23 10:56:31,V002,105.0,1.0991902343834843
2026-07-23,2026-07-23 10:56:32,V002,105.0,1.0350584603680644
2026-07-23,2026-07-23 10:56:33,V002,106.0,1.0238025697050703
2026-07-23,2026-07-23 10:56:34,V002,106.0,1.0317592367123722
2026-07-23,2026-07-23 10:56:35,V002,106.0,1.0032845101599164
2026-07-23,2026-07-23 10:56:36,V002,107.0,1.0332803139456528
2026-07-23,2026-07-23 10:56:37,V002,108.0,1.1962604932424938
2026-07-23,2026-07-23 10:56:38,V002,108.0,0.9791733679600217
2026-07-23,2026-07-23 10:56:39,V002,109.0,1.0449597808169497
2026-07-23,2026-07-23 10:56:40,V002,109.0,1.0329018337098166
2026-07-23,2026-07-23 10:56:41,V002,110.0,1.0408767881503462
2026-07-23,2026-07-23 10:56:42,V002,110.0,1.0495446129614683
2026-07-23,2026-07-23 10:56:43,V002,109.0,1.0338601662472997
2026-07-23,2026-07-23 10:56:44,V002,109.0,1.0706861625722468
2026-07-23,2026-07-23 10:56:45,V002,109.0,1.07091290655552
2026-07-23,2026-07-23 10:56:46,V002,108.0,1.0946807199225388
2026-07-23,2026-07-23 10:56:47,V002,108.0,0.9953324148413549
2026-07-23,2026-07-23 10:56:48,V002,108.0,1.0334355642908049
2026-07-23,2026-07-23 10:56:49,V002,108.0,1.0345107421001034
2026-07-23,2026-07-23 10:56:50,V002,109.0,1.0249498958196288
2026-07-23,2026-07-23 10:56:51,V002,109.0,1.0315774638495028
2026-07-23,2026-07-23 10:56:52,V002,110.0,1.0451635640115597
2026-07-23,2026-07-23 10:56:53,V002,111.0,1.0255989239528882
2026-07-23,2026-07-23 10:56:54,V002,111.0,1.0350324718214625
2026-07-23,2026-07-23 10:56:55,V002,112.0,1.0354871944061006
2026-07-23,2026-07-23 10:56:56,V002,112.0,1.040360145173365
2026-07-23,2026-07-23 10:56:57,V002,113.0,1.0377280306752468
2026-07-23,2026-07-23 10:56:58,V002,113.0,1.095817034021626
2026-07-23,2026-07-23 10:56:59,V002,114.0,1.088024702321707
2026-07-23,2026-07-23 10:57:00,V002,113.0,1.0564652306280635
2026-07-23,2026-07-23 10:57:01,V002,113.0,1.0439172796361516
2026-07-23,2026-07-23 10:57:02,V002,112.0,1.0429765357265037
2026-07-23,2026-07-23 10:57:03,V002,111.0,1.0770758558783209
2026-07-23,2026-07-23 10:57:04,V002,110.0,1.058371160558531
2026-07-23,2026-07-23 10:57:05,V002,109.0,1.1120506447957237
2026-07-23,2026-07-23 10:57:06,V002,110.0,1.031630010007359
2026-07-23,2026-07-23 10:57:07,V002,111.0,1.0673891805925906
2026-07-23,2026-07-23 10:57:08,V002,111.0,1.0218494769103552
2026-07-23,2026-07-23 10:57:09,V002,112.0,1.045596105775059
2026-07-23,2026-07-23 10:57:10,V002,112.0,1.0536365426089334
2026-07-23,2026-07-23 10:57:11,V002,113.0,1.0406572021260079
2026-07-23,2026-07-23 10:57:12,V002,114.0,1.0397497885739269
2026-07-23,2026-07-23 10:57:13,V002,114.0,1.0308905656661562
2026-07-23,2026-07-23 10:57:14,V002,117.0,1.0360015312898971
2026-07-23,2026-07-23 10:57:15,V002,120.0,1.0400149714312532
2026-07-23,2026-07-23 10:57:16,V002,119.0,1.0349898661203631
2026-07-23,2026-07-23 10:57:17,V002,119.0,1.0216983767637746
2026-07-23,2026-07-23 10:57:18,V002,119.0,1.4612090634292998
2026-07-23,2026-07-23 10:57:19,V002,119.0,1.3998843222728723
2026-07-23,2026-07-23 10:57:20,V002,120.0,1.0341985770301718
2026-07-23,2026-07-23 10:57:21,V002,120.0,1.0842516146080687
2026-07-23,2026-07-23 10:57:22,V002,119.0,1.104570424808632
2026-07-23,2026-07-23 10:57:23,V002,119.0,1.0530463477668435
2026-07-23,2026-07-23 10:57:24,V002,119.0,1.0594572305750396
2026-07-23,2026-07-23 10:57:25,V002,119.0,1.0675363074767368
2026-07-23,2026-07-23 10:57:26,V002,118.0,1.0820152271602985
2026-07-23,2026-07-23 10:57:27,V002,118.0,1.05568082625378
2026-07-23,2026-07-23 10:57:28,V002,117.0,1.0940818036547708
2026-07-23,2026-07-23 10:57:29,V002,116.0,1.1122697047468257
2026-07-23,2026-07-23 10:57:30,V002,116.0,1.0608379829076353
2026-07-23,2026-07-23 10:57:31,V002,115.0,1.0530145740487042
2026-07-23,2026-07-23 10:57:32,V002,115.0,1.105053498522956
2026-07-23,2026-07-23 10:57:33,V002,115.0,1.0398493193973521
2026-07-23,2026-07-23 10:57:34,V002,116.0,1.0535906607651382
2026-07-23,2026-07-23 10:57:35,V002,116.0,1.114749795877035
2026-07-23,2026-07-23 10:57:36,V002,116.0,1.2716088790725821
2026-07-23,2026-07-23 10:57:37,V002,116.0,1.0455410099151585
2026-07-23,2026-07-23 10:57:38,V002,115.0,1.1628000752641618
2026-07-23,2026-07-23 10:57:39,V002,114.0,1.0566646771080772
2026-07-23,2026-07-23 10:57:40,V002,114.0,1.0379024530336498
2026-07-23,2026-07-23 10:57:41,V002,114.0,1.0464693111447991
2026-07-23,2026-07-23 10:57:42,V002,114.0,1.0632846210867115
2026-07-23,2026-07-23 10:57:43,V002,115.0,1.0338828468381238
2026-07-23,2026-07-23 10:57:44,V002,115.0,1.0384477926853153
2026-07-23,2026-07-23 10:57:45,V002,115.0,1.051803505678202
2026-07-23,2026-07-23 10:57:46,V002,116.0,1.0172903290740933
2026-07-23,2026-07-23 10:57:47,V002,117.0,1.0447439929239535
2026-07-23,2026-07-23 10:57:48,V002,117.0,1.0602626866746712
2026-07-23,2026-07-23 10:57:49,V002,118.0,1.0440652962371682
2026-07-23,2026-07-23 10:57:50,V002,120.0,1.0593376659974136
2026-07-23,2026-07-23 10:57:51,V002,122.0,1.0338404867510198
2026-07-23,2026-07-23 10:57:52,V002,123.0,1.0002207715010052
2026-07-23,2026-07-23 10:57:53,V002,124.0,1.0819904758074002
2026-07-23,2026-07-23 10:57:54,V002,124.0,1.0185870287895151
2026-07-23,2026-07-23 10:57:55,V002,125.0,1.0563227226132441
2026-07-23,2026-07-23 10:57:56,V002,125.0,1.0549678573615737
2026-07-23,2026-07-23 10:57:57,V002,125.0,1.0343201772286157
2026-07-23,2026-07-23 10:57:58,V002,125.0,1.0466311929583243
2026-07-23,2026-07-23 10:57:59,V002,125.0,1.0267241817728525
2026-07-23,2026-07-23 10:58:00,V002,125.0,1.025565480391435
2026-07-23,2026-07-23 10:58:01,V002,125.0,0.9808650016305883
2026-07-23,2026-07-23 10:58:02,V002,125.0,0.9821676789871279
2026-07-23,2026-07-23 10:58:03,V002,125.0,0.9883448417790422
2026-07-23,2026-07-23 10:58:04,V002,125.0,0.976637455158913
2026-07-23,2026-07-23 10:58:05,V002,125.0,1.009428295169763
2026-07-23,2026-07-23 10:58:06,V002,125.0,1.0372659045371868
2026-07-23,2026-07-23 10:58:07,V002,125.0,1.1399972289733085
2026-07-23,2026-07-23 10:58:08,V002,125.0,1.0650335926943038
2026-07-23,2026-07-23 10:58:09,V002,125.0,1.0295406875055961
2026-07-23,2026-07-23 10:58:10,V002,125.0,1.0423624406685588
2026-07-23,2026-07-23 10:58:11,V002,125.0,1.0615989691337375
2026-07-23,2026-07-23 10:58:12,V002,125.0,1.0160570839342242
2026-07-23,2026-07-23 10:58:13,V002,125.0,1.0688942759977988
2026-07-23,2026-07-23 10:58:14,V002,125.0,1.03317074762445
2026-07-23,2026-07-23 10:58:15,V002,125.0,1.0399076880812397
2026-07-23,2026-07-23 10:58:16,V002,125.0,1.0425060396407393
2026-07-23,2026-07-23 10:58:17,V002,125.0,0.9738027725933663
2026-07-23,2026-07-23 10:58:18,V002,125.0,1.0441445355470511
2026-07-23,2026-07-23 10:58:19,V002,125.0,1.0448469187347418
2026-07-23,2026-07-23 10:58:20,V002,125.0,1.0283965913761508
2026-07-23,2026-07-23 10:58:21,V002,125.0,1.0283375444307996
2026-07-23,2026-07-23 10:58:22,V002,125.0,1.032809190576795
2026-07-23,2026-07-23 10:58:23,V002,125.0,1.0288296074525694
2026-07-23,2026-07-23 10:58:24,V002,125.0,1.0558346877223364
2026-07-23,2026-07-23 10:58:25,V002,125.0,1.0324016819702049
2026-07-23,2026-07-23 10:58:26,V002,126.0,1.0091473630390082
2026-07-23,2026-07-23 10:58:27,V002,126.0,1.0919851204572801
2026-07-23,2026-07-23 10:58:28,V002,126.0,1.0239508205382193
2026-07-23,2026-07-23 10:58:29,V002,126.0,1.031014081241274
2026-07-23,2026-07-23 10:58:30,V002,126.0,1.029808546595929
2026-07-23,2026-07-23 10:58:31,V002,126.0,1.0257206217133892
2026-07-23,2026-07-23 10:58:32,V002,126.0,1.0267180635454625
2026-07-23,2026-07-23 10:58:33,V002,126.0,1.031760520775343
2026-07-23,2026-07-23 10:58:34,V002,126.0,1.024267436362231
2026-07-23,2026-07-23 10:58:35,V002,126.0,1.0283737936145672
2026-07-23,2026-07-23 10:58:36,V002,126.0,1.0250234952454744
2026-07-23,2026-07-23 10:58:37,V002,126.0,1.0593519623146967
2026-07-23,2026-07-23 10:58:38,V002,125.0,1.0261319961551518
2026-07-23,2026-07-23 10:58:39,V002,125.0,1.0245183760377028
2026-07-23,2026-07-23 10:58:40,V002,124.0,1.0301656173063838
2026-07-23,2026-07-23 10:58:41,V002,124.0,1.0273695841201869
2026-07-23,2026-07-23 10:58:42,V002,124.0,1.0305023091570191
2026-07-23,2026-07-23 10:58:43,V002,123.0,1.0295840340514608
2026-07-23,2026-07-23 10:58:44,V002,123.0,1.0250314069030535
2026-07-23,2026-07-23 10:58:45,V002,123.0,1.0267720497266974
2026-07-23,2026-07-23 10:58:46,V002,122.0,1.0279640692519458
2026-07-23,2026-07-23 10:58:47,V002,122.0,1.0347982098079818
2026-07-23,2026-07-23 10:58:48,V002,121.0,1.0304836395069408
2026-07-23,2026-07-23 10:58:49,V002,121.0,1.0391518034479181
2026-07-23,2026-07-23 10:58:50,V002,121.0,1.0778591570790916
2026-07-23,2026-07-23 10:58:51,V002,121.0,1.075557991770237
2026-07-23,2026-07-23 10:58:52,V002,120.0,1.0220401591598542
2026-07-23,2026-07-23 10:58:53,V002,120.0,1.0333565203160828
2026-07-23,2026-07-23 10:58:54,V002,120.0,1.0505278761104018
2026-07-23,2026-07-23 10:58:55,V002,120.0,1.030071953829953
2026-07-23,2026-07-23 10:58:56,V002,119.0,1.0249878751826424
2026-07-23,2026-07-23 10:58:57,V002,119.0,1.025476433308283
2026-07-23,2026-07-23 10:58:58,V002,119.0,1.0249274818202923
2026-07-23,2026-07-23 10:58:59,V002,118.0,1.0744832343140218
2026-07-23,2026-07-23 10:59:00,V002,118.0,1.0228637825558675
2026-07-23,2026-07-23 10:59:01,V002,117.0,1.0283070623454575
2026-07-23,2026-07-23 10:59:02,V002,117.0,1.0482613064035007
2026-07-23,2026-07-23 10:59:03,V002,116.0,1.0314554260499724
2026-07-23,2026-07-23 10:59:04,V002,115.0,1.0483892466340081
2026-07-23,2026-07-23 10:59:05,V002,115.0,1.0193048464631487
2026-07-23,2026-07-23 10:59:06,V002,115.0,1.030561209641579
2026-07-23,2026-07-23 10:59:07,V002,115.0,1.0282518193148233
2026-07-23,2026-07-23 10:59:08,V002,115.0,1.0253601432698785
2026-07-23,2026-07-23 10:59:09,V002,114.0,1.0259012925362743
2026-07-23,2026-07-23 10:59:10,V002,115.0,1.0254263659170197
2026-07-23,2026-07-23 10:59:11,V002,115.0,1.0270787580636755
2026-07-23,2026-07-23 10:59:12,V002,115.0,1.0255204926966677
2026-07-23,2026-07-23 10:59:13,V002,115.0,1.0273455614619877
2026-07-23,2026-07-23 10:59:14,V002,115.0,1.0444620538463703
2026-07-23,2026-07-23 10:59:15,V002,115.0,1.1217047543681418
2026-07-23,2026-07-23 10:59:16,V002,115.0,1.1123054084533561
2026-07-23,2026-07-23 10:59:17,V002,115.0,1.0799618108786286
2026-07-23,2026-07-23 10:59:18,V002,115.0,1.135770055386888
2026-07-23,2026-07-23 10:59:19,V002,115.0,1.061508252504036
2026-07-23,2026-07-23 10:59:20,V002,115.0,1.0490828628173667
2026-07-23,2026-07-23 10:59:21,V002,114.0,1.0627576180800624
2026-07-23,2026-07-23 10:59:22,V002,114.0,1.0471433044947076
2026-07-23,2026-07-23 10:59:23,V002,113.0,1.0489334114566045
2026-07-23,2026-07-23 10:59:24,V002,112.0,1.052656845090706
2026-07-23,2026-07-23 10:59:25,V002,112.0,1.0507948194186358
2026-07-23,2026-07-23 10:59:26,V002,111.0,1.1530253600515825
2026-07-23,2026-07-23 10:59:27,V002,110.0,1.0382919825409143
2026-07-23,2026-07-23 10:59:28,V002,107.0,1.3951069716425337
2026-07-23,2026-07-23 10:59:29,V002,105.0,1.18673254592923
2026-07-23,2026-07-23 10:59:30,V002,103.0,1.2987068223001166
2026-07-23,2026-07-23 10:59:31,V002,102.0,1.1140576038155985
2026-07-23,2026-07-23 10:59:32,V002,102.0,1.0561155759547909
2026-07-23,2026-07-23 10:59:33,V002,101.0,1.0243087480678175
2026-07-23,2026-07-23 10:59:34,V002,102.0,1.084337836063966
2026-07-23,2026-07-23 10:59:35,V002,102.0,1.1478297012358627
2026-07-23,2026-07-23 10:59:36,V002,102.0,1.056520491295938
2026-07-23,2026-07-23 10:59:37,V002,103.0,1.0448355382841215
2026-07-23,2026-07-23 10:59:38,V002,103.0,1.0419636720230716
2026-07-23,2026-07-23 10:59:39,V002,103.0,1.0641303456689086
2026-07-23,2026-07-23 10:59:40,V002,103.0,1.0483513527422677
2026-07-23,2026-07-23 10:59:41,V002,104.0,1.0450965069491707
2026-07-23,2026-07-23 10:59:42,V002,104.0,1.0318655610645597
2026-07-23,2026-07-23 10:59:43,V002,104.0,1.213172633633828
2026-07-23,2026-07-23 10:59:44,V002,104.0,1.4061880677466732
2026-07-23,2026-07-23 10:59:45,V002,104.0,1.6331638121923036
2026-07-23,2026-07-23 10:59:46,V002,104.0,1.3567821628357342
2026-07-23,2026-07-23 10:59:47,V002,105.0,1.5162605985649213
2026-07-23,2026-07-23 10:59:48,V002,105.0,1.3587876073722727
2026-07-23,2026-07-23 10:59:49,V002,106.0,1.0589930073279836
2026-07-23,2026-07-23 10:59:50,V002,106.0,1.0177321975154687
2026-07-23,2026-07-23 10:59:51,V002,107.0,1.058336256644772
2026-07-23,2026-07-23 10:59:52,V002,107.0,1.0129770456056448
2026-07-23,2026-07-23 10:59:53,V002,108.0,1.1448619734513732
2026-07-23,2026-07-23 10:59:54,V002,109.0,1.0585971973329784
2026-07-23,2026-07-23 10:59:55,V002,110.0,1.0526302004554866
2026-07-23,2026-07-23 10:59:56,V002,110.0,1.0334516919374372
2026-07-23,2026-07-23 10:59:57,V002,110.0,1.074460047651082
2026-07-23,2026-07-23 10:59:58,V002,110.0,1.0338162638333517
2026-07-23,2026-07-23 10:59:59,V002,110.0,1.0906884892855455
2026-07-23,2026-07-23 11:00:00,V002,110.0,1.1758643076629212
2026-07-23,2026-07-23 11:00:01,V002,110.0,1.0359838389269764
2026-07-23,2026-07-23 11:00:02,V002,111.0,1.1191401187725143
2026-07-23,2026-07-23 11:00:03,V002,111.0,1.085574540718496
2026-07-23,2026-07-23 11:00:04,V002,110.0,1.0517957307910262
2026-07-23,2026-07-23 11:00:05,V002,110.0,1.0658559616276673
2026-07-23,2026-07-23 11:00:06,V002,109.0,1.1092708211000988
2026-07-23,2026-07-23 11:00:07,V002,109.0,1.096044244309636
2026-07-23,2026-07-23 11:00:08,V002,109.0,1.0310159112331727
2026-07-23,2026-07-23 11:00:09,V002,109.0,1.0762039137822619
2026-07-23,2026-07-23 11:00:10,V002,109.0,1.1566736144522765
2026-07-23,2026-07-23 11:00:11,V002,109.0,1.0393185675827596
2026-07-23,2026-07-23 11:00:12,V002,109.0,1.0442316731853565
2026-07-23,2026-07-23 11:00:13,V002,109.0,1.0655350129663963
2026-07-23,2026-07-23 11:00:14,V002,110.0,1.0612723881566244
2026-07-23,2026-07-23 11:00:15,V002,110.0,1.0676244847938137
2026-07-23,2026-07-23 11:00:16,V002,110.0,1.1683383165831946
2026-07-23,2026-07-23 11:00:17,V002,110.0,1.1167362561301997
2026-07-23,2026-07-23 11:00:18,V002,110.0,1.1040645746832773
2026-07-23,2026-07-23 11:00:19,V002,110.0,1.0307336456376353
2026-07-23,2026-07-23 11:00:20,V002,110.0,1.0527530518663553
2026-07-23,2026-07-23 11:00:21,V002,110.0,1.102210493826596
2026-07-23,2026-07-23 11:00:22,V002,110.0,1.10153796345657
2026-07-23,2026-07-23 11:00:23,V002,110.0,1.0566088800614175
2026-07-23,2026-07-23 11:00:24,V002,110.0,1.1164186945445669
2026-07-23,2026-07-23 11:00:25,V002,110.0,1.0020299263336045
2026-07-23,2026-07-23 11:00:26,V002,110.0,1.1497660822927378
2026-07-23,2026-07-23 11:00:27,V002,110.0,1.0904083431745222
2026-07-23,2026-07-23 11:00:28,V002,110.0,1.0685623198850376
2026-07-23,2026-07-23 11:00:29,V002,110.0,1.160210058838077
2026-07-23,2026-07-23 11:00:30,V002,111.0,1.0867802793619254
2026-07-23,2026-07-23 11:00:31,V002,111.0,1.0332975503489903
2026-07-23,2026-07-23 11:00:32,V002,111.0,1.0399156664512985
2026-07-23,2026-07-23 11:00:33,V002,112.0,1.0904842850445697
2026-07-23,2026-07-23 11:00:34,V002,113.0,1.0845817383807719
2026-07-23,2026-07-23 11:00:35,V002,113.0,1.1373523495746836
2026-07-23,2026-07-23 11:00:36,V002,114.0,1.0531957563860725
2026-07-23,2026-07-23 11:00:37,V002,114.0,1.0379021162147521
2026-07-23,2026-07-23 11:00:38,V002,115.0,1.026019079391391
2026-07-23,2026-07-23 11:00:39,V002,115.0,1.0701085970632003
2026-07-23,2026-07-23 11:00:40,V002,115.0,1.0030877321784193
2026-07-23,2026-07-23 11:00:41,V002,116.0,1.0724135212643844
2026-07-23,2026-07-23 11:00:42,V002,116.0,1.0599495011833424
2026-07-23,2026-07-23 11:00:43,V002,116.0,1.0587886794348464
2026-07-23,2026-07-23 11:00:44,V002,116.0,1.0652314017239108
2026-07-23,2026-07-23 11:00:45,V002,115.0,1.0584847837462947
2026-07-23,2026-07-23 11:00:46,V002,115.0,1.0248589928806833
2026-07-23,2026-07-23 11:00:47,V002,116.0,1.078978706803158
2026-07-23,2026-07-23 11:00:48,V002,116.0,1.094361771675698
2026-07-23,2026-07-23 11:00:49,V002,117.0,1.113195625551676
2026-07-23,2026-07-23 11:00:50,V002,117.0,1.0280874149513388
2026-07-23,2026-07-23 11:00:51,V002,117.0,1.0577960172705076
2026-07-23,2026-07-23 11:00:52,V002,117.0,1.0526599476292808
2026-07-23,2026-07-23 11:00:53,V002,117.0,1.0446191811280412
2026-07-23,2026-07-23 11:00:54,V002,117.0,1.0294826148399856
2026-07-23,2026-07-23 11:00:55,V002,117.0,1.261553432681778
2026-07-23,2026-07-23 11:00:56,V002,117.0,1.2873103887868347
2026-07-23,2026-07-23 11:00:57,V002,117.0,1.0609196794026876
2026-07-23,2026-07-23 11:00:58,V002,117.0,1.0707774589457941
2026-07-23,2026-07-23 11:00:59,V002,118.0,1.0060349329072846
2026-07-23,2026-07-23 11:01:00,V002,118.0,1.3075968256942045
2026-07-23,2026-07-23 11:01:01,V002,118.0,1.0740647786105295
2026-07-23,2026-07-23 11:01:02,V002,118.0,1.0862611155715343
2026-07-23,2026-07-23 11:01:03,V002,118.0,1.0514015527054237
2026-07-23,2026-07-23 11:01:04,V002,118.0,1.0670887865848688
2026-07-23,2026-07-23 11:01:05,V002,118.0,1.0978646310297502
2026-07-23,2026-07-23 11:01:06,V002,118.0,1.108381399759659
2026-07-23,2026-07-23 11:01:07,V002,117.0,1.0437912321016913
2026-07-23,2026-07-23 11:01:08,V002,117.0,1.0370913225882397
2026-07-23,2026-07-23 11:01:09,V002,117.0,1.037655390400423
2026-07-23,2026-07-23 11:01:10,V002,116.0,1.0250791371343306
2026-07-23,2026-07-23 11:01:11,V002,115.0,1.0330369984742251
2026-07-23,2026-07-23 11:01:12,V002,115.0,1.0233654802957803
2026-07-23,2026-07-23 11:01:13,V002,115.0,1.0339610790634899
2026-07-23,2026-07-23 11:01:14,V002,115.0,1.011476819658587
2026-07-23,2026-07-23 11:01:15,V002,115.0,1.0920190380385928
2026-07-23,2026-07-23 11:01:16,V002,116.0,1.0534450566372997
2026-07-23,2026-07-23 11:01:17,V002,116.0,1.0870300179573786
2026-07-23,2026-07-23 11:01:18,V002,116.0,1.1014488847541273
2026-07-23,2026-07-23 11:01:19,V002,116.0,1.0493358461142457
2026-07-23,2026-07-23 11:01:20,V002,116.0,1.0286146186775065
2026-07-23,2026-07-23 11:01:21,V002,116.0,1.054305698036966
2026-07-23,2026-07-23 11:01:22,V002,116.0,0.9728394242835451
2026-07-23,2026-07-23 11:01:23,V002,116.0,1.2361293627914964
2026-07-23,2026-07-23 11:01:24,V002,116.0,1.0680545139860267
2026-07-23,2026-07-23 11:01:25,V002,117.0,1.076466012860568
2026-07-23,2026-07-23 11:01:26,V002,117.0,1.0700106333466968
2026-07-23,2026-07-23 11:01:27,V002,117.0,1.0393609865087479
2026-07-23,2026-07-23 11:01:28,V002,117.0,1.1878527476439287
2026-07-23,2026-07-23 11:01:29,V002,118.0,1.0301444760593765
2026-07-23,2026-07-23 11:01:30,V002,118.0,1.0634500448749
2026-07-23,2026-07-23 11:01:31,V002,118.0,1.047542590966849
2026-07-23,2026-07-23 11:01:32,V002,119.0,1.0765470860309636
2026-07-23,2026-07-23 11:01:33,V002,119.0,1.0332375480379976
2026-07-23,2026-07-23 11:01:34,V002,118.0,1.0399921350490064
2026-07-23,2026-07-23 11:01:35,V002,118.0,1.0414283629508176
2026-07-23,2026-07-23 11:01:36,V002,118.0,1.0463306071587173
2026-07-23,2026-07-23 11:01:37,V002,118.0,1.0339843252124048
2026-07-23,2026-07-23 11:01:38,V002,118.0,1.0549258131821801
2026-07-23,2026-07-23 11:01:39,V002,118.0,1.0309419627902405
2026-07-23,2026-07-23 11:01:40,V002,118.0,1.1612901818016907
2026-07-23,2026-07-23 11:01:41,V002,118.0,1.0567872572698533
2026-07-23,2026-07-23 11:01:42,V002,118.0,1.059627308250267
2026-07-23,2026-07-23 11:01:43,V002,118.0,1.042929628294509
2026-07-23,2026-07-23 11:01:44,V002,118.0,1.0759343507696952
2026-07-23,2026-07-23 11:01:45,V002,118.0,1.0380602833689039
2026-07-23,2026-07-23 11:01:46,V002,118.0,1.0766450789419646
2026-07-23,2026-07-23 11:01:47,V002,118.0,1.0604987714163456
2026-07-23,2026-07-23 11:01:48,V002,118.0,1.1298011318062826
2026-07-23,2026-07-23 11:01:49,V002,118.0,1.0638151684768657
2026-07-23,2026-07-23 11:01:50,V002,118.0,1.2431064612721099
2026-07-23,2026-07-23 11:01:51,V002,118.0,1.4395254181919912
2026-07-23,2026-07-23 11:01:52,V002,118.0,1.084349289584901
2026-07-23,2026-07-23 11:01:53,V002,118.0,1.007883013646332
2026-07-23,2026-07-23 11:01:54,V002,118.0,1.0592954900760367
2026-07-23,2026-07-23 11:01:55,V002,118.0,1.4135920440620884
2026-07-23,2026-07-23 11:01:56,V002,118.0,1.5719088652104123
2026-07-23,2026-07-23 11:01:57,V002,117.0,1.5063691171540297
2026-07-23,2026-07-23 11:01:58,V002,118.0,1.1564579662242451
2026-07-23,2026-07-23 11:01:59,V002,118.0,1.106752404763547
2026-07-23,2026-07-23 11:02:00,V002,119.0,1.1038477550890162
2026-07-23,2026-07-23 11:02:01,V002,120.0,1.0932817953473912
2026-07-23,2026-07-23 11:02:02,V002,121.0,1.069032481246384
2026-07-23,2026-07-23 11:02:03,V002,121.0,1.2366431153615132
2026-07-23,2026-07-23 11:02:04,V002,122.0,1.0552461893598906
2026-07-23,2026-07-23 11:02:05,V002,122.0,0.9611901182109364
2026-07-23,2026-07-23 11:02:06,V002,124.0,1.0733299482625407
2026-07-23,2026-07-23 11:02:07,V002,126.0,1.1693245930825693
2026-07-23,2026-07-23 11:02:08,V002,126.0,1.1428488672115091
2026-07-23,2026-07-23 11:02:09,V002,126.0,1.5399721409092202
2026-07-23,2026-07-23 11:02:10,V002,127.0,1.4290381193885315
2026-07-23,2026-07-23 11:02:11,V002,127.0,1.09896729947468
2026-07-23,2026-07-23 11:02:12,V002,128.0,1.0041478134528106
2026-07-23,2026-07-23 11:02:13,V002,128.0,1.0751333737783946
2026-07-23,2026-07-23 11:02:14,V002,128.0,1.223879717800158
2026-07-23,2026-07-23 11:02:15,V002,128.0,1.525268166407873
2026-07-23,2026-07-23 11:02:16,V002,129.0,1.6725715319183114
2026-07-23,2026-07-23 11:02:17,V002,129.0,1.3996005082110643
2026-07-23,2026-07-23 11:02:18,V002,129.0,1.341240113070397
2026-07-23,2026-07-23 11:02:19,V002,129.0,1.2830036601435302
2026-07-23,2026-07-23 11:02:20,V002,129.0,1.1957440114787026
2026-07-23,2026-07-23 11:02:21,V002,129.0,1.4342982132913733
2026-07-23,2026-07-23 11:02:22,V002,129.0,1.2776098833658551
2026-07-23,2026-07-23 11:02:23,V002,128.0,1.4026526526651992
2026-07-23,2026-07-23 11:02:24,V002,128.0,1.0974366953951735
2026-07-23,2026-07-23 11:02:25,V002,128.0,1.0281667823597236
2026-07-23,2026-07-23 11:02:26,V002,127.0,1.0738378606172934
2026-07-23,2026-07-23 11:02:27,V002,127.0,1.052618533703003
2026-07-23,2026-07-23 11:02:28,V002,127.0,1.053912560829324
2026-07-23,2026-07-23 11:02:29,V002,127.0,1.0307735895272685
2026-07-23,2026-07-23 11:02:30,V002,128.0,1.0541344042908698
2026-07-23,2026-07-23 11:02:31,V002,128.0,1.0428911495408957
2026-07-23,2026-07-23 11:02:32,V002,129.0,1.046272721317196
2026-07-23,2026-07-23 11:02:33,V002,129.0,1.0822122929397806
2026-07-23,2026-07-23 11:02:34,V002,129.0,1.0520261092155725
2026-07-23,2026-07-23 11:02:35,V002,130.0,1.051175526135038
2026-07-23,2026-07-23 11:02:36,V002,130.0,1.0947549745279337
2026-07-23,2026-07-23 11:02:37,V002,130.0,1.154273548474294
2026-07-23,2026-07-23 11:02:38,V002,131.0,1.0614025179959565
2026-07-23,2026-07-23 11:02:39,V002,131.0,1.087745596700118
2026-07-23,2026-07-23 11:02:40,V002,131.0,1.1632775464417109
2026-07-23,2026-07-23 11:02:41,V002,131.0,1.2516758079696142
2026-07-23,2026-07-23 11:02:42,V002,131.0,1.5469072316400472
2026-07-23,2026-07-23 11:02:43,V002,131.0,1.5059023232309647
2026-07-23,2026-07-23 11:02:44,V002,131.0,1.82689912945849
2026-07-23,2026-07-23 11:02:45,V002,130.0,1.3556049364372502
2026-07-23,2026-07-23 11:02:46,V002,130.0,1.18077007951645
2026-07-23,2026-07-23 11:02:47,V002,130.0,1.0813811382779763
2026-07-23,2026-07-23 11:02:48,V002,129.0,1.0664902592034107
2026-07-23,2026-07-23 11:02:49,V002,129.0,1.0713891122738344
2026-07-23,2026-07-23 11:02:50,V002,129.0,1.0377464814702417
2026-07-23,2026-07-23 11:02:51,V002,129.0,1.042015052384093
2026-07-23,2026-07-23 11:02:52,V002,129.0,1.323639174592753
2026-07-23,2026-07-23 11:02:53,V002,130.0,1.2127575103745367
2026-07-23,2026-07-23 11:02:54,V002,130.0,1.179093803279979
2026-07-23,2026-07-23 11:02:55,V002,130.0,1.120393490005894
2026-07-23,2026-07-23 11:02:56,V002,130.0,1.0557855144251305
2026-07-23,2026-07-23 11:02:57,V002,130.0,1.0459825219949566
2026-07-23,2026-07-23 11:02:58,V002,130.0,1.0973767634453184
2026-07-23,2026-07-23 11:02:59,V002,130.0,0.984114900311411
2026-07-23,2026-07-23 11:03:00,V002,130.0,1.3256031392538696
2026-07-23,2026-07-23 11:03:01,V002,130.0,1.062672586287298
2026-07-23,2026-07-23 11:03:02,V002,130.0,1.017905430699238
2026-07-23,2026-07-23 11:03:03,V002,130.0,1.0736300760915523
2026-07-23,2026-07-23 11:03:04,V002,129.0,1.1033024591638698
2026-07-23,2026-07-23 11:03:05,V002,129.0,1.0303078598188016
2026-07-23,2026-07-23 11:03:06,V002,128.0,1.0536844985833704
2026-07-23,2026-07-23 11:03:07,V002,128.0,1.0294994516561802
2026-07-23,2026-07-23 11:03:08,V002,128.0,1.0458553416822445
2026-07-23,2026-07-23 11:03:09,V002,128.0,1.0269883240308713
2026-07-23,2026-07-23 11:03:10,V002,128.0,1.0469604642521912
2026-07-23,2026-07-23 11:03:11,V002,128.0,1.0319286030868016
2026-07-23,2026-07-23 11:03:12,V002,128.0,1.0879072173881699
2026-07-23,2026-07-23 11:03:13,V002,128.0,1.0267425322981405
2026-07-23,2026-07-23 11:03:14,V002,129.0,1.0616184425809108
2026-07-23,2026-07-23 11:03:15,V002,129.0,1.0220482359759326
2026-07-23,2026-07-23 11:03:16,V002,129.0,1.0745651587252965
2026-07-23,2026-07-23 11:03:17,V002,128.0,1.0633947138756943
2026-07-23,2026-07-23 11:03:18,V002,128.0,1.059765420822877
2026-07-23,2026-07-23 11:03:19,V002,127.0,1.056546128493635
2026-07-23,2026-07-23 11:03:20,V002,127.0,1.0267564739193236
2026-07-23,2026-07-23 11:03:21,V002,126.0,1.053444160820174
2026-07-23,2026-07-23 11:03:22,V002,126.0,1.0718738442984663
2026-07-23,2026-07-23 11:03:23,V002,127.0,1.0710206432694411
2026-07-23,2026-07-23 11:03:24,V002,126.0,1.0595770579971215
2026-07-23,2026-07-23 11:03:25,V002,126.0,1.0595911503650945
2026-07-23,2026-07-23 11:03:26,V002,125.0,1.012635771368544
2026-07-23,2026-07-23 11:03:27,V002,124.0,1.0958737494161261
2026-07-23,2026-07-23 11:03:28,V002,123.0,1.0778783041762978
2026-07-23,2026-07-23 11:03:29,V002,122.0,1.0725845826452907
2026-07-23,2026-07-23 11:03:30,V002,121.0,1.0161759953695726
2026-07-23,2026-07-23 11:03:31,V002,120.0,1.0321129992368112
2026-07-23,2026-07-23 11:03:32,V002,119.0,1.0369227182865377
2026-07-23,2026-07-23 11:03:33,V002,118.0,1.0071091350909827
2026-07-23,2026-07-23 11:03:34,V002,117.0,1.0349225731563279
2026-07-23,2026-07-23 11:03:35,V002,116.0,1.0360380783602188
2026-07-23,2026-07-23 11:03:36,V002,115.0,1.0342289641329758
2026-07-23,2026-07-23 11:03:37,V002,114.0,1.0654466862283876
2026-07-23,2026-07-23 11:03:38,V002,113.0,1.072105735801618
2026-07-23,2026-07-23 11:03:39,V002,112.0,1.0310261748822254
2026-07-23,2026-07-23 11:03:40,V002,111.0,1.040707478686306
2026-07-23,2026-07-23 11:03:41,V002,110.0,1.0484262686737433
2026-07-23,2026-07-23 11:03:42,V002,111.0,1.036612275749991
2026-07-23,2026-07-23 11:03:43,V002,111.0,1.0544328817631785
2026-07-23,2026-07-23 11:03:44,V002,111.0,1.003126927606941
2026-07-23,2026-07-23 11:03:45,V002,111.0,0.9913041789684031
2026-07-23,2026-07-23 11:03:46,V002,111.0,1.0334124361285797
2026-07-23,2026-07-23 11:03:47,V002,111.0,1.0104831854113805
2026-07-23,2026-07-23 11:03:48,V002,111.0,0.991675632353605
2026-07-23,2026-07-23 11:03:49,V002,111.0,1.0618833877898033
2026-07-23,2026-07-23 11:03:50,V002,111.0,0.9793007938860004
2026-07-23,2026-07-23 11:03:51,V002,111.0,1.1149049132698954
2026-07-23,2026-07-23 11:03:52,V002,112.0,1.0186705833991745
2026-07-23,2026-07-23 11:03:53,V002,112.0,1.0341888341911476
2026-07-23,2026-07-23 11:03:54,V002,113.0,1.0398369934403686
2026-07-23,2026-07-23 11:03:55,V002,114.0,1.0244676982469625
2026-07-23,2026-07-23 11:03:56,V002,114.0,1.038539804562026
2026-07-23,2026-07-23 11:03:57,V002,115.0,1.0421028143765017
2026-07-23,2026-07-23 11:03:58,V002,115.0,1.041665731022004
2026-07-23,2026-07-23 11:03:59,V002,115.0,1.017396892842267
2026-07-23,2026-07-23 11:04:00,V002,115.0,1.0441078681022504
2026-07-23,2026-07-23 11:04:01,V002,115.0,1.0379912538830554
2026-07-23,2026-07-23 11:04:02,V002,116.0,1.0469657183554286
2026-07-23,2026-07-23 11:04:03,V002,116.0,1.0181234815217104
2026-07-23,2026-07-23 11:04:04,V002,116.0,1.0331957835727466
2026-07-23,2026-07-23 11:04:05,V002,117.0,0.9855377664274434
2026-07-23,2026-07-23 11:04:06,V002,117.0,1.0918418296652377
2026-07-23,2026-07-23 11:04:07,V002,116.0,1.0452755933734585
2026-07-23,2026-07-23 11:04:08,V002,116.0,1.0298652998476419
2026-07-23,2026-07-23 11:04:09,V002,116.0,1.0367644070362125
2026-07-23,2026-07-23 11:04:10,V002,116.0,1.039110688478999
2026-07-23,2026-07-23 11:04:11,V002,116.0,1.0478184498424192
2026-07-23,2026-07-23 11:04:12,V002,116.0,1.040934426671346
2026-07-23,2026-07-23 11:04:13,V002,116.0,1.0259476743247873
2026-07-23,2026-07-23 11:04:14,V002,116.0,1.0610031371527437
2026-07-23,2026-07-23 11:04:15,V002,116.0,1.0386492510200767
2026-07-23,2026-07-23 11:04:16,V002,116.0,1.0275004517545483
2026-07-23,2026-07-23 11:04:17,V002,116.0,1.0745015560792688
2026-07-23,2026-07-23 11:04:18,V002,116.0,1.0509497482157526
2026-07-23,2026-07-23 11:04:19,V002,116.0,1.01614377857022
2026-07-23,2026-07-23 11:04:20,V002,116.0,1.043419115718327
2026-07-23,2026-07-23 11:04:21,V002,116.0,1.019867151951168
2026-07-23,2026-07-23 11:04:22,V002,116.0,1.0358502511931786
2026-07-23,2026-07-23 11:04:23,V002,116.0,1.0359854326777935
2026-07-23,2026-07-23 11:04:24,V002,116.0,1.023933822199664
2026-07-23,2026-07-23 11:04:25,V002,116.0,1.0359385196499145
2026-07-23,2026-07-23 11:04:26,V002,116.0,1.0310640645606541
2026-07-23,2026-07-23 11:04:27,V002,116.0,1.0293336122509227
2026-07-23,2026-07-23 11:04:28,V002,116.0,1.0337025021260067
2026-07-23,2026-07-23 11:04:29,V002,116.0,1.0293585107762342
2026-07-23,2026-07-23 11:04:30,V002,116.0,1.0304848259843944
2026-07-23,2026-07-23 11:04:31,V002,116.0,1.0256094061659555
2026-07-23,2026-07-23 11:04:32,V002,116.0,1.0270734214797719
2026-07-23,2026-07-23 11:04:33,V002,117.0,1.0291418931514122
2026-07-23,2026-07-23 11:04:34,V002,117.0,1.0287057914838762
2026-07-23,2026-07-23 11:04:35,V002,117.0,1.031393838990824
2026-07-23,2026-07-23 11:04:36,V002,117.0,1.0269610353586074
2026-07-23,2026-07-23 11:04:37,V002,117.0,1.0258355235649312
2026-07-23,2026-07-23 11:04:38,V002,117.0,1.0263359542309742
2026-07-23,2026-07-23 11:04:39,V002,117.0,1.0281057246991612
2026-07-23,2026-07-23 11:04:40,V002,117.0,1.0256350618095886
2026-07-23,2026-07-23 11:04:41,V002,117.0,1.0275287145992384
2026-07-23,2026-07-23 11:04:42,V002,117.0,1.0283958916874736
2026-07-23,2026-07-23 11:04:43,V002,117.0,1.029498504458972
2026-07-23,2026-07-23 11:04:44,V002,116.0,1.0428859602964793
2026-07-23,2026-07-23 11:04:45,V002,116.0,1.0216543660132769
2026-07-23,2026-07-23 11:04:46,V002,116.0,1.0365594060650618
2026-07-23,2026-07-23 11:04:47,V002,116.0,1.049510936268982
2026-07-23,2026-07-23 11:04:48,V002,116.0,1.0181237582136118
2026-07-23,2026-07-23 11:04:49,V002,116.0,1.0605265734395386
2026-07-23,2026-07-23 11:04:50,V002,115.0,1.0367126687535781
2026-07-23,2026-07-23 11:04:51,V002,115.0,1.0366498835165554
2026-07-23,2026-07-23 11:04:52,V002,114.0,1.0273309572608569
2026-07-23,2026-07-23 11:04:53,V002,114.0,1.0368510464129401
2026-07-23,2026-07-23 11:04:54,V002,111.0,1.0396267950928297
2026-07-23,2026-07-23 11:04:55,V002,109.0,1.0571817249829514
2026-07-23,2026-07-23 11:04:56,V002,108.0,1.0638146185488737
2026-07-23,2026-07-23 11:04:57,V002,106.0,1.0367271400767746
2026-07-23,2026-07-23 11:04:58,V002,105.0,1.062489508913302
2026-07-23,2026-07-23 11:04:59,V002,103.0,1.049999695416257
2026-07-23,2026-07-23 11:05:00,V002,101.0,1.0377343296984791
2026-07-23,2026-07-23 11:05:01,V002,99.0,1.0574317095832109
2026-07-23,2026-07-23 11:05:02,V002,98.0,1.0547196770617067
2026-07-23,2026-07-23 11:05:03,V002,96.0,1.0677034303654083
2026-07-23,2026-07-23 11:05:04,V002,95.0,1.0314696715909808
2026-07-23,2026-07-23 11:05:05,V002,93.0,1.0311559224899
2026-07-23,2026-07-23 11:05:06,V002,92.0,1.0525354335299308
2026-07-23,2026-07-23 11:05:07,V002,91.0,1.0199292914768732
2026-07-23,2026-07-23 11:05:08,V002,92.0,1.0510446117562864
2026-07-23,2026-07-23 11:05:09,V002,92.0,1.0408048219549693
2026-07-23,2026-07-23 11:05:10,V002,93.0,1.0461133094717816
2026-07-23,2026-07-23 11:05:11,V002,93.0,1.0393812827646658
2026-07-23,2026-07-23 11:05:12,V002,94.0,1.0515153457354987
2026-07-23,2026-07-23 11:05:13,V002,94.0,1.038725661663297
2026-07-23,2026-07-23 11:05:14,V002,95.0,1.0307773600823107
2026-07-23,2026-07-23 11:05:15,V002,96.0,1.0762789354796252
2026-07-23,2026-07-23 11:05:16,V002,96.0,1.111892277107401
2026-07-23,2026-07-23 11:05:17,V002,95.0,1.072621963622399
2026-07-23,2026-07-23 11:05:18,V002,95.0,1.1063448626161005
2026-07-23,2026-07-23 11:05:19,V002,95.0,1.0383444959535166
2026-07-23,2026-07-23 11:05:20,V002,95.0,1.0519427483312778
2026-07-23,2026-07-23 11:05:21,V002,94.0,1.0505500528918355
2026-07-23,2026-07-23 11:05:22,V002,95.0,1.0455490171914719
2026-07-23,2026-07-23 11:05:23,V002,95.0,1.0470437143396791
2026-07-23,2026-07-23 11:05:24,V002,95.0,1.0339221757705601
2026-07-23,2026-07-23 11:05:25,V002,95.0,1.0422359343077672
2026-07-23,2026-07-23 11:05:26,V002,95.0,1.0569153372405535
2026-07-23,2026-07-23 11:05:27,V002,95.0,1.0510726856976162
2026-07-23,2026-07-23 11:05:28,V002,95.0,1.0378413493005687
2026-07-23,2026-07-23 11:05:29,V002,96.0,1.032583067579088
2026-07-23,2026-07-23 11:05:30,V002,96.0,1.0289019666271788
2026-07-23,2026-07-23 11:05:31,V002,96.0,1.02951985125891
2026-07-23,2026-07-23 11:05:32,V002,96.0,1.033575053391304
2026-07-23,2026-07-23 11:05:33,V002,96.0,1.0265076897101493
2026-07-23,2026-07-23 11:05:34,V002,95.0,1.0278361780171592
2026-07-23,2026-07-23 11:05:35,V002,95.0,1.0282239508484377
2026-07-23,2026-07-23 11:05:36,V002,95.0,1.0323765631894224
2026-07-23,2026-07-23 11:05:37,V002,94.0,1.0285919824063872
2026-07-23,2026-07-23 11:05:38,V002,95.0,1.0306607081017647
2026-07-23,2026-07-23 11:05:39,V002,95.0,1.0323556180959643
2026-07-23,2026-07-23 11:05:40,V002,95.0,1.033939120373946
2026-07-23,2026-07-23 11:05:41,V002,95.0,1.0397370952000262
2026-07-23,2026-07-23 11:05:42,V002,95.0,1.0487349335249427
2026-07-23,2026-07-23 11:05:43,V002,95.0,1.031591456352418
2026-07-23,2026-07-23 11:05:44,V002,94.0,1.0448396184830455
2026-07-23,2026-07-23 11:05:45,V002,94.0,1.0379594050763081
2026-07-23,2026-07-23 11:05:46,V002,94.0,1.0348870025815369
2026-07-23,2026-07-23 11:05:47,V002,95.0,1.0710310863838504
2026-07-23,2026-07-23 11:05:48,V002,94.0,1.0474033847994233
2026-07-23,2026-07-23 11:05:49,V002,94.0,1.0331786730863373
2026-07-23,2026-07-23 11:05:50,V002,94.0,1.0325385585404094
2026-07-23,2026-07-23 11:05:51,V002,94.0,1.0338737797093087
2026-07-23,2026-07-23 11:05:52,V002,94.0,1.034997930680919
2026-07-23,2026-07-23 11:05:53,V002,95.0,1.0278650793689483
2026-07-23,2026-07-23 11:05:54,V002,95.0,1.0286306587012946
2026-07-23,2026-07-23 11:05:55,V002,95.0,1.0285164761735357
2026-07-23,2026-07-23 11:05:56,V002,95.0,1.0267631819644454
2026-07-23,2026-07-23 11:05:57,V002,95.0,1.0291270435506212
2026-07-23,2026-07-23 11:05:58,V002,95.0,1.0284858157286343
2026-07-23,2026-07-23 11:05:59,V002,95.0,1.0266673505335213
2026-07-23,2026-07-23 11:06:00,V002,95.0,1.0295317279929233
2026-07-23,2026-07-23 11:06:01,V002,95.0,1.0274485116512582
2026-07-23,2026-07-23 11:06:02,V002,95.0,1.0279617218150927
2026-07-23,2026-07-23 11:06:03,V002,95.0,1.0287362196839658
2026-07-23,2026-07-23 11:06:04,V002,95.0,1.0288387177238227
2026-07-23,2026-07-23 11:06:05,V002,95.0,1.0309579835045302
2026-07-23,2026-07-23 11:06:06,V002,95.0,1.0239099420996516
2026-07-23,2026-07-23 11:06:07,V002,95.0,1.026416274497072
2026-07-23,2026-07-23 11:06:08,V002,94.0,1.0379645290177781
2026-07-23,2026-07-23 11:06:09,V002,94.0,1.019742907912447
2026-07-23,2026-07-23 11:06:10,V002,94.0,1.0340858234948762
2026-07-23,2026-07-23 11:06:11,V002,94.0,1.0325788001674086
2026-07-23,2026-07-23 11:06:12,V002,93.0,1.0234192514541323
2026-07-23,2026-07-23 11:06:13,V002,93.0,1.0264347092454167
2026-07-23,2026-07-23 11:06:14,V002,92.0,1.0259392197742456
2026-07-23,2026-07-23 11:06:15,V002,91.0,1.0261812740202902
2026-07-23,2026-07-23 11:06:16,V002,89.0,1.0257974138804504
2026-07-23,2026-07-23 11:06:17,V002,88.0,1.0275352403288236
2026-07-23,2026-07-23 11:06:18,V002,86.0,1.0254928850941565
2026-07-23,2026-07-23 11:06:19,V002,85.0,1.0338411620911891
2026-07-23,2026-07-23 11:06:20,V002,84.0,1.0234831814620846
2026-07-23,2026-07-23 11:06:21,V002,83.0,1.0256306038334702
2026-07-23,2026-07-23 11:06:22,V002,83.0,1.0236209924047968
2026-07-23,2026-07-23 11:06:23,V002,83.0,1.0310771965545202
2026-07-23,2026-07-23 11:06:24,V002,83.0,1.0241082083068551
2026-07-23,2026-07-23 11:06:25,V002,83.0,1.0318886667894325
2026-07-23,2026-07-23 11:06:26,V002,83.0,1.00853259601021
2026-07-23,2026-07-23 11:06:27,V002,84.0,1.0198808833576545
2026-07-23,2026-07-23 11:06:28,V002,84.0,1.0341116198871985
2026-07-23,2026-07-23 11:06:29,V002,84.0,1.0285107959254138
2026-07-23,2026-07-23 11:06:30,V002,84.0,1.0663988507023596
2026-07-23,2026-07-23 11:06:31,V002,85.0,1.0247826419467
2026-07-23,2026-07-23 11:06:32,V002,84.0,1.03343200591772
2026-07-23,2026-07-23 11:06:33,V002,84.0,1.0365583493691848
2026-07-23,2026-07-23 11:06:34,V002,84.0,1.0225663006333436
2026-07-23,2026-07-23 11:06:35,V002,85.0,1.0426368014055463
2026-07-23,2026-07-23 11:06:36,V002,85.0,1.022641520472366
2026-07-23,2026-07-23 11:06:37,V002,85.0,1.0312592679590744
2026-07-23,2026-07-23 11:06:38,V002,85.0,1.0367393073011801
2026-07-23,2026-07-23 11:06:39,V002,86.0,1.0254339962549792
2026-07-23,2026-07-23 11:06:40,V002,86.0,1.0367949365054723
2026-07-23,2026-07-23 11:06:41,V002,86.0,1.0473040279390653
2026-07-23,2026-07-23 11:06:42,V002,88.0,1.0294694191452585
2026-07-23,2026-07-23 11:06:43,V002,89.0,1.025872159357296
2026-07-23,2026-07-23 11:06:44,V002,91.0,1.0766617679467074
2026-07-23,2026-07-23 11:06:45,V002,92.0,1.053260443427453
2026-07-23,2026-07-23 11:06:46,V002,93.0,1.0240090463715
2026-07-23,2026-07-23 11:06:47,V002,94.0,1.0671699512744086
2026-07-23,2026-07-23 11:06:48,V002,94.0,1.0814782442622886
2026-07-23,2026-07-23 11:06:49,V002,95.0,1.0469201090007687
2026-07-23,2026-07-23 11:06:50,V002,95.0,1.0700496483770554
2026-07-23,2026-07-23 11:06:51,V002,95.0,1.0604122696622318
2026-07-23,2026-07-23 11:06:52,V002,95.0,0.9850748324319747
2026-07-23,2026-07-23 11:06:53,V002,96.0,1.0813177861797312
2026-07-23,2026-07-23 11:06:54,V002,96.0,1.0137957232431434
2026-07-23,2026-07-23 11:06:55,V002,96.0,1.1004439916066282
2026-07-23,2026-07-23 11:06:56,V002,96.0,1.1682083442355726
2026-07-23,2026-07-23 11:06:57,V002,96.0,0.9395146355562025
2026-07-23,2026-07-23 11:06:58,V002,96.0,1.283829253495009
2026-07-23,2026-07-23 11:06:59,V002,97.0,1.017879648660073
2026-07-23,2026-07-23 11:07:00,V002,97.0,1.114496764758261
2026-07-23,2026-07-23 11:07:01,V002,97.0,1.0741604038499322
2026-07-23,2026-07-23 11:07:02,V002,97.0,1.039472188244785
2026-07-23,2026-07-23 11:07:03,V002,98.0,1.0220457239878689
2026-07-23,2026-07-23 11:07:04,V002,98.0,1.0755078953647768
2026-07-23,2026-07-23 11:07:05,V002,98.0,1.0269443303307102
2026-07-23,2026-07-23 11:07:06,V002,99.0,1.0322507175187412
2026-07-23,2026-07-23 11:07:07,V002,99.0,1.0674888045882465
2026-07-23,2026-07-23 11:07:08,V002,99.0,1.1338823969493066
2026-07-23,2026-07-23 11:07:09,V002,100.0,1.0690636027873133
2026-07-23,2026-07-23 11:07:10,V002,100.0,1.028948141772911
2026-07-23,2026-07-23 11:07:11,V002,101.0,1.0457357301281434
2026-07-23,2026-07-23 11:07:12,V002,102.0,1.1376804814503445
2026-07-23,2026-07-23 11:07:13,V002,102.0,1.0514304206449234
2026-07-23,2026-07-23 11:07:14,V002,105.0,0.9857468951484988
2026-07-23,2026-07-23 11:07:15,V002,106.0,1.303431480663457
2026-07-23,2026-07-23 11:07:16,V002,107.0,1.3208114791267047
2026-07-23,2026-07-23 11:07:17,V002,108.0,1.0451851443283182
2026-07-23,2026-07-23 11:07:18,V002,108.0,1.0775382730409535
2026-07-23,2026-07-23 11:07:19,V002,109.0,1.0830065524765313
2026-07-23,2026-07-23 11:07:20,V002,110.0,1.0549426200870633
2026-07-23,2026-07-23 11:07:21,V002,110.0,1.146273039449789
2026-07-23,2026-07-23 11:07:22,V002,111.0,1.0392255159367632
2026-07-23,2026-07-23 11:07:23,V002,112.0,0.9927972137312042
2026-07-23,2026-07-23 11:07:24,V002,113.0,1.3611947712364867
2026-07-23,2026-07-23 11:07:25,V002,114.0,0.9930400608200743
2026-07-23,2026-07-23 11:07:26,V002,114.0,1.1039255732570732
2026-07-23,2026-07-23 11:07:27,V002,114.0,1.0494000149138214
2026-07-23,2026-07-23 11:07:28,V002,114.0,1.1915401458334924
2026-07-23,2026-07-23 11:07:29,V002,114.0,1.1681442965607562
2026-07-23,2026-07-23 11:07:30,V002,115.0,1.0430715065678497
2026-07-23,2026-07-23 11:07:31,V002,115.0,1.076498352341586
2026-07-23,2026-07-23 11:07:32,V002,114.0,1.0224706319389811
2026-07-23,2026-07-23 11:07:33,V002,114.0,1.022051485725667
2026-07-23,2026-07-23 11:07:34,V002,113.0,1.0413985528763765
2026-07-23,2026-07-23 11:07:35,V002,113.0,1.0954006144699713
2026-07-23,2026-07-23 11:07:36,V002,113.0,1.023569201119382
2026-07-23,2026-07-23 11:07:37,V002,112.0,1.0416165018674375
2026-07-23,2026-07-23 11:07:38,V002,112.0,1.0380797276667084
2026-07-23,2026-07-23 11:07:39,V002,112.0,1.014569251281981
2026-07-23,2026-07-23 11:07:40,V002,112.0,1.2358851813477008
2026-07-23,2026-07-23 11:07:41,V002,113.0,1.1629282037974855
2026-07-23,2026-07-23 11:07:42,V002,113.0,1.2246361574210491
2026-07-23,2026-07-23 11:07:43,V002,113.0,0.9354208878792876
2026-07-23,2026-07-23 11:07:44,V002,113.0,1.0954887389212327
2026-07-23,2026-07-23 11:07:45,V002,113.0,1.230290746680989
2026-07-23,2026-07-23 11:07:46,V002,113.0,1.39113442318652
2026-07-23,2026-07-23 11:07:47,V002,113.0,1.6082228828570757
2026-07-23,2026-07-23 11:07:48,V002,113.0,1.2394556232992502
2026-07-23,2026-07-23 11:07:49,V002,113.0,1.2970629190209157
2026-07-23,2026-07-23 11:07:50,V002,113.0,0.9722015750395495
2026-07-23,2026-07-23 11:07:51,V002,113.0,1.0673434046476242
2026-07-23,2026-07-23 11:07:52,V002,113.0,1.1392214071966464
2026-07-23,2026-07-23 11:07:53,V002,112.0,1.0516877842498298
2026-07-23,2026-07-23 11:07:54,V002,112.0,1.060829274771518
2026-07-23,2026-07-23 11:07:55,V002,112.0,1.0387835356302992
2026-07-23,2026-07-23 11:07:56,V002,111.0,1.0246630096538913
2026-07-23,2026-07-23 11:07:57,V002,110.0,1.0430942048968654
2026-07-23,2026-07-23 11:07:58,V002,109.0,1.0751291729747243
2026-07-23,2026-07-23 11:07:59,V002,108.0,1.1575857270047656
2026-07-23,2026-07-23 11:08:00,V002,108.0,1.1044098709826284
2026-07-23,2026-07-23 11:08:01,V002,107.0,1.1096005465727234
2026-07-23,2026-07-23 11:08:02,V002,107.0,1.0785367418197767
2026-07-23,2026-07-23 11:08:03,V002,107.0,0.888990661388749
2026-07-23,2026-07-23 11:08:04,V002,107.0,1.2995434604152303
2026-07-23,2026-07-23 11:08:05,V002,107.0,1.1115265644094026
2026-07-23,2026-07-23 11:08:06,V002,108.0,1.0636762199948948
2026-07-23,2026-07-23 11:08:07,V002,108.0,1.1098673863109632
2026-07-23,2026-07-23 11:08:08,V002,108.0,1.037873019862087
2026-07-23,2026-07-23 11:08:09,V002,108.0,1.1019250725722314
2026-07-23,2026-07-23 11:08:10,V002,108.0,1.0498543861066745
2026-07-23,2026-07-23 11:08:11,V002,108.0,1.034581151639664
2026-07-23,2026-07-23 11:08:12,V002,108.0,1.0411102338354061
2026-07-23,2026-07-23 11:08:13,V002,108.0,1.0733563890212208
2026-07-23,2026-07-23 11:08:14,V002,108.0,1.049095028028563
2026-07-23,2026-07-23 11:08:15,V002,108.0,1.1004621087795385
2026-07-23,2026-07-23 11:08:16,V002,108.0,1.0319541088691337
2026-07-23,2026-07-23 11:08:17,V002,107.0,1.044012471575765
2026-07-23,2026-07-23 11:08:18,V002,107.0,1.0476437844578765
2026-07-23,2026-07-23 11:08:19,V002,106.0,1.0420551486977663
2026-07-23,2026-07-23 11:08:20,V002,106.0,1.0920015309844397
2026-07-23,2026-07-23 11:08:21,V002,105.0,1.05299103707743
2026-07-23,2026-07-23 11:08:22,V002,105.0,1.0433787811278303
2026-07-23,2026-07-23 11:08:23,V002,106.0,1.0539034382420132
2026-07-23,2026-07-23 11:08:24,V002,106.0,1.019752706500272
2026-07-23,2026-07-23 11:08:25,V002,106.0,1.0555627774018772
2026-07-23,2026-07-23 11:08:26,V002,106.0,1.0417295997596407
2026-07-23,2026-07-23 11:08:27,V002,107.0,1.0207530552297737
2026-07-23,2026-07-23 11:08:28,V002,107.0,1.0935501512815862
2026-07-23,2026-07-23 11:08:29,V002,107.0,1.053588357674283
2026-07-23,2026-07-23 11:08:30,V002,107.0,1.0408112281034207
2026-07-23,2026-07-23 11:08:31,V002,107.0,1.166708388968011
2026-07-23,2026-07-23 11:08:32,V002,107.0,1.0310939151085847
2026-07-23,2026-07-23 11:08:33,V002,108.0,1.2417949369136851
2026-07-23,2026-07-23 11:08:34,V002,108.0,1.1761421809558381
2026-07-23,2026-07-23 11:08:35,V002,108.0,1.093164562720116
2026-07-23,2026-07-23 11:08:36,V002,108.0,1.151027383047954
2026-07-23,2026-07-23 11:08:37,V002,109.0,1.0490885447970524
2026-07-23,2026-07-23 11:08:38,V002,109.0,1.0690352524174553
2026-07-23,2026-07-23 11:08:39,V002,109.0,1.0358607663901573
2026-07-23,2026-07-23 11:08:40,V002,109.0,1.1456446484779133
2026-07-23,2026-07-23 11:08:41,V002,109.0,1.0542280523571412
2026-07-23,2026-07-23 11:08:42,V002,109.0,1.1145875952214748
2026-07-23,2026-07-23 11:08:43,V002,109.0,1.0350858664402969
2026-07-23,2026-07-23 11:08:44,V002,110.0,1.0772621933030577
2026-07-23,2026-07-23 11:08:45,V002,110.0,1.0267488590076639
2026-07-23,2026-07-23 11:08:46,V002,110.0,1.0983112414546086
2026-07-23,2026-07-23 11:08:47,V002,110.0,1.0802522690932372
2026-07-23,2026-07-23 11:08:48,V002,110.0,1.0936969514870964
2026-07-23,2026-07-23 11:08:49,V002,111.0,1.0542118863774363
2026-07-23,2026-07-23 11:08:50,V002,111.0,1.0243492422385678
2026-07-23,2026-07-23 11:08:51,V002,112.0,1.0494580592241298
2026-07-23,2026-07-23 11:08:52,V002,112.0,1.0448038939362123
2026-07-23,2026-07-23 11:08:53,V002,111.0,1.0375981106841805
2026-07-23,2026-07-23 11:08:54,V002,111.0,1.0538194961188527
2026-07-23,2026-07-23 11:08:55,V002,111.0,1.0516156872851035
2026-07-23,2026-07-23 11:08:56,V002,112.0,0.9956604009026386
2026-07-23,2026-07-23 11:08:57,V002,112.0,1.1098885732983426
2026-07-23,2026-07-23 11:08:58,V002,112.0,1.0520819345741865
2026-07-23,2026-07-23 11:08:59,V002,112.0,0.981956350649485
2026-07-23,2026-07-23 11:09:00,V002,112.0,1.078800778791222
2026-07-23,2026-07-23 11:09:01,V002,112.0,1.0241186615062552
2026-07-23,2026-07-23 11:09:02,V002,112.0,1.0230166936690799
2026-07-23,2026-07-23 11:09:03,V002,112.0,1.0232064050435592
2026-07-23,2026-07-23 11:09:04,V002,112.0,1.0226701215359741
2026-07-23,2026-07-23 11:09:05,V002,112.0,1.02320815641103
2026-07-23,2026-07-23 11:09:06,V002,112.0,1.0232681036518592
2026-07-23,2026-07-23 11:09:07,V002,112.0,1.0221865730208166
2026-07-23,2026-07-23 11:09:08,V002,113.0,1.0235167423024218
2026-07-23,2026-07-23 11:09:09,V002,113.0,1.0228249901509687
2026-07-23,2026-07-23 11:09:10,V002,113.0,1.0223417399104173
2026-07-23,2026-07-23 11:09:11,V002,113.0,1.0426082456044663
2026-07-23,2026-07-23 11:09:12,V002,113.0,1.0950392135864937
2026-07-23,2026-07-23 11:09:13,V002,113.0,1.1039653723917808
2026-07-23,2026-07-23 11:09:14,V002,112.0,1.0569654961143893
2026-07-23,2026-07-23 11:09:15,V002,112.0,1.0455261889375604
2026-07-23,2026-07-23 11:09:16,V002,112.0,1.0415051918711555
2026-07-23,2026-07-23 11:09:17,V002,112.0,1.0164309020718723
2026-07-23,2026-07-23 11:09:18,V002,112.0,1.041020163992999
2026-07-23,2026-07-23 11:09:19,V002,112.0,1.0614476360659277
2026-07-23,2026-07-23 11:09:20,V002,112.0,0.9822471623470386
2026-07-23,2026-07-23 11:09:21,V002,112.0,1.0068990485574005
2026-07-23,2026-07-23 11:09:22,V002,113.0,1.09580853593184
2026-07-23,2026-07-23 11:09:23,V002,113.0,1.0295062871375176
2026-07-23,2026-07-23 11:09:24,V002,113.0,1.0394593959019691
2026-07-23,2026-07-23 11:09:25,V002,113.0,1.023859626436939
2026-07-23,2026-07-23 11:09:26,V002,113.0,1.0218959001746655
2026-07-23,2026-07-23 11:09:27,V002,113.0,1.0208426077623012
2026-07-23,2026-07-23 11:09:28,V002,114.0,1.0274693560991592
2026-07-23,2026-07-23 11:09:29,V002,114.0,1.0246196057748538
2026-07-23,2026-07-23 11:09:30,V002,115.0,1.0230383145354955
2026-07-23,2026-07-23 11:09:31,V002,116.0,1.025226155920989
2026-07-23,2026-07-23 11:09:32,V002,117.0,1.0247616288820656
2026-07-23,2026-07-23 11:09:33,V002,117.0,1.0231704347015789
2026-07-23,2026-07-23 11:09:34,V002,117.0,1.0242506160513438
2026-07-23,2026-07-23 11:09:35,V002,117.0,1.0229872429375362
2026-07-23,2026-07-23 11:09:36,V002,117.0,1.023202046349625
2026-07-23,2026-07-23 11:09:37,V002,117.0,1.0255429431219014
2026-07-23,2026-07-23 11:09:38,V002,117.0,1.0232030807909618
2026-07-23,2026-07-23 11:09:39,V002,117.0,1.0230606134340379
2026-07-23,2026-07-23 11:09:40,V002,117.0,1.0262592122629666
2026-07-23,2026-07-23 11:09:41,V002,117.0,1.0203731909794829
2026-07-23,2026-07-23 11:09:42,V002,117.0,1.022149939029234
2026-07-23,2026-07-23 11:09:43,V002,117.0,1.0230857204727013
2026-07-23,2026-07-23 11:09:44,V002,117.0,1.0231283331082892
2026-07-23,2026-07-23 11:09:45,V002,117.0,1.0221905929307809
2026-07-23,2026-07-23 11:09:46,V002,117.0,1.0227286518063614
2026-07-23,2026-07-23 11:09:47,V002,117.0,1.022377681412595
2026-07-23,2026-07-23 11:09:48,V002,117.0,1.0227316060835019
2026-07-23,2026-07-23 11:09:49,V002,117.0,1.0223372281079073
2026-07-23,2026-07-23 11:09:50,V002,117.0,1.0220730106637324
2026-07-23,2026-07-23 11:09:51,V002,117.0,1.0223108856824186
2026-07-23,2026-07-23 11:09:52,V002,117.0,1.023038364011444
2026-07-23,2026-07-23 11:09:53,V002,117.0,1.0214921066945728
2026-07-23,2026-07-23 11:09:54,V002,,1.022483196072793
2026-07-23,2026-07-23 11:09:55,V002,,1.020948164575649
2026-07-23,2026-07-23 11:09:56,V002,,1.022442308283972
2026-07-23,2026-07-23 11:09:57,V002,,1.002939248199962
2026-07-23,2026-07-23 11:09:58,V002,,1.129220643273286
2026-07-23,2026-07-23 11:09:59,V002,,1.226462050705661
2026-07-23,2026-07-23 11:10:00,V002,,1.3907440842492937
2026-07-23,2026-07-23 11:10:01,V002,,1.233875625834066
2026-07-23,2026-07-23 11:10:02,V002,,1.3127410871002378
2026-07-23,2026-07-23 11:10:03,V002,,1.0790184432577399
2026-07-23,2026-07-23 11:10:04,V002,,1.4973789534231199
2026-07-23,2026-07-23 11:10:05,V002,,1.4844419483173734
2026-07-23,2026-07-23 11:10:06,V002,117.0,1.021468904128672
2026-07-23,2026-07-23 11:10:07,V002,117.0,1.8611683794518004
2026-07-23,2026-07-23 11:10:08,V002,117.0,1.1658923015061693
2026-07-23,2026-07-23 11:10:09,V002,118.0,1.0884482991836315
2026-07-23,2026-07-23 11:10:10,V002,119.0,1.116295074204497
2026-07-23,2026-07-23 11:10:11,V002,119.0,1.0711820810694388
2026-07-23,2026-07-23 11:10:12,V002,118.0,1.0651575708989194
2026-07-23,2026-07-23 11:10:13,V002,117.0,1.0522689505210838
2026-07-23,2026-07-23 11:10:14,V002,116.0,1.055152285032643
2026-07-23,2026-07-23 11:10:15,V002,114.0,1.0665185932759138
2026-07-23,2026-07-23 11:10:16,V002,114.0,1.1066597559392752
2026-07-23,2026-07-23 11:10:17,V002,115.0,1.055532535003877
2026-07-23,2026-07-23 11:10:18,V002,115.0,1.2595776976263071
2026-07-23,2026-07-23 11:10:19,V002,115.0,1.1665062274410551
2026-07-23,2026-07-23 11:10:20,V002,114.0,1.132942794179599
2026-07-23,2026-07-23 11:10:21,V002,114.0,1.0489347525332748
2026-07-23,2026-07-23 11:10:22,V002,114.0,1.0802833606195537
2026-07-23,2026-07-23 11:10:23,V002,114.0,1.0236999446262613
2026-07-23,2026-07-23 11:10:24,V002,114.0,1.053564603106396
2026-07-23,2026-07-23 11:10:25,V002,114.0,1.067423014221339
2026-07-23,2026-07-23 11:10:26,V002,114.0,1.0530820584767124
2026-07-23,2026-07-23 11:10:27,V002,114.0,1.0764851952222456
2026-07-23,2026-07-23 11:10:28,V002,114.0,1.0020094585764772
2026-07-23,2026-07-23 11:10:29,V002,114.0,1.257165391640127
2026-07-23,2026-07-23 11:10:30,V002,114.0,1.082306164922954
2026-07-23,2026-07-23 11:10:31,V002,114.0,1.0804106852908233
2026-07-23,2026-07-23 11:10:32,V002,114.0,1.055793945675028
2026-07-23,2026-07-23 11:10:33,V002,114.0,1.0658752569708398
2026-07-23,2026-07-23 11:10:34,V002,114.0,1.0788678082452066
2026-07-23,2026-07-23 11:10:35,V002,114.0,1.0442114539001186
2026-07-23,2026-07-23 11:10:36,V002,114.0,1.0616178584806704
2026-07-23,2026-07-23 11:10:37,V002,115.0,1.0600133938585539
2026-07-23,2026-07-23 11:10:38,V002,115.0,1.0930582538527716
2026-07-23,2026-07-23 11:10:39,V002,116.0,1.1167690131150114
2026-07-23,2026-07-23 11:10:40,V002,116.0,1.1155562370243806
2026-07-23,2026-07-23 11:10:41,V002,117.0,1.1694049548237269
2026-07-23,2026-07-23 11:10:42,V002,118.0,1.1133417172438724
2026-07-23,2026-07-23 11:10:43,V002,118.0,1.1324318765233878
2026-07-23,2026-07-23 11:10:44,V002,119.0,0.9877572333655712
2026-07-23,2026-07-23 11:10:45,V002,120.0,1.0660536518313573
2026-07-23,2026-07-23 11:10:46,V002,120.0,1.0677115597340725
2026-07-23,2026-07-23 11:10:47,V002,120.0,1.0311260714390929
2026-07-23,2026-07-23 11:10:48,V002,120.0,1.3524570220888537
2026-07-23,2026-07-23 11:10:49,V002,121.0,0.8946301501541385
2026-07-23,2026-07-23 11:10:50,V002,120.0,1.0983767550353274
2026-07-23,2026-07-23 11:10:51,V002,120.0,1.1446162666139663
2026-07-23,2026-07-23 11:10:52,V002,120.0,1.38295319324332
2026-07-23,2026-07-23 11:10:53,V002,120.0,1.058338504275019
2026-07-23,2026-07-23 11:10:54,V002,120.0,1.1382187969425488
2026-07-23,2026-07-23 11:10:55,V002,120.0,1.352953118799346
2026-07-23,2026-07-23 11:10:56,V002,119.0,1.048089969751525
2026-07-23,2026-07-23 11:10:57,V002,119.0,1.1252595200512947
2026-07-23,2026-07-23 11:10:58,V002,119.0,1.0248568264066507
2026-07-23,2026-07-23 11:10:59,V002,119.0,1.0707745754146882
2026-07-23,2026-07-23 11:11:00,V002,119.0,1.0493821823025602
2026-07-23,2026-07-23 11:11:01,V002,119.0,1.0883209691283822
2026-07-23,2026-07-23 11:11:02,V002,119.0,1.4050049207531257
2026-07-23,2026-07-23 11:11:03,V002,119.0,1.5059687585165178
2026-07-23,2026-07-23 11:11:04,V002,119.0,1.0552124397202802
2026-07-23,2026-07-23 11:11:05,V002,119.0,1.2725737902683385
2026-07-23,2026-07-23 11:11:06,V002,120.0,1.1810117013554449
2026-07-23,2026-07-23 11:11:07,V002,120.0,1.040814228542466
2026-07-23,2026-07-23 11:11:08,V002,121.0,1.1407568572865503
2026-07-23,2026-07-23 11:11:09,V002,122.0,1.0681159902549833
2026-07-23,2026-07-23 11:11:10,V002,122.0,1.1065344944566196
2026-07-23,2026-07-23 11:11:11,V002,123.0,1.1255130626802354
2026-07-23,2026-07-23 11:11:12,V002,123.0,1.124885086188223
2026-07-23,2026-07-23 11:11:13,V002,123.0,1.1345383538026947
2026-07-23,2026-07-23 11:11:14,V002,123.0,1.0397995253425731
2026-07-23,2026-07-23 11:11:15,V002,122.0,1.060851563236854
2026-07-23,2026-07-23 11:11:16,V002,122.0,1.0601777817346087
2026-07-23,2026-07-23 11:11:17,V002,122.0,1.097041003950554
2026-07-23,2026-07-23 11:11:18,V002,123.0,1.0762714051668851
2026-07-23,2026-07-23 11:11:19,V002,123.0,1.070583783297664
2026-07-23,2026-07-23 11:11:20,V002,123.0,1.0891309708687782
2026-07-23,2026-07-23 11:11:21,V002,123.0,1.1773792945598895
2026-07-23,2026-07-23 11:11:22,V002,123.0,1.1251257851510457
2026-07-23,2026-07-23 11:11:23,V002,124.0,1.2082847756096784
2026-07-23,2026-07-23 11:11:24,V002,123.0,1.2717154433211701
2026-07-23,2026-07-23 11:11:25,V002,123.0,1.2314063131532798
2026-07-23,2026-07-23 11:11:26,V002,123.0,1.0149348563968912
2026-07-23,2026-07-23 11:11:27,V002,123.0,1.1091113465563336
2026-07-23,2026-07-23 11:11:28,V002,123.0,1.0789843797612955
2026-07-23,2026-07-23 11:11:29,V002,123.0,1.0236902564785388
2026-07-23,2026-07-23 11:11:30,V002,123.0,1.015558002171498
2026-07-23,2026-07-23 11:11:31,V002,123.0,1.2143760950606717
2026-07-23,2026-07-23 11:11:32,V002,123.0,1.5429087442435274
2026-07-23,2026-07-23 11:11:33,V002,123.0,1.8414412330794039
2026-07-23,2026-07-23 11:11:34,V002,123.0,1.5843443789808809
2026-07-23,2026-07-23 11:11:35,V002,122.0,1.4910755268011648
2026-07-23,2026-07-23 11:11:36,V002,122.0,1.8802397035809428
2026-07-23,2026-07-23 11:11:37,V002,122.0,1.453571785186729
2026-07-23,2026-07-23 11:11:38,V002,121.0,1.1945635758318072
2026-07-23,2026-07-23 11:11:39,V002,121.0,1.258300069177228
2026-07-23,2026-07-23 11:11:40,V002,120.0,1.2643185795157714
2026-07-23,2026-07-23 11:11:41,V002,120.0,1.148059038563414
2026-07-23,2026-07-23 11:11:42,V002,120.0,1.1488989877544835
2026-07-23,2026-07-23 11:11:43,V002,119.0,1.0971191255922228
2026-07-23,2026-07-23 11:11:44,V002,118.0,1.0995381799794652
2026-07-23,2026-07-23 11:11:45,V002,116.0,1.013890037428583
2026-07-23,2026-07-23 11:11:46,V002,116.0,1.053311665540326
2026-07-23,2026-07-23 11:11:47,V002,116.0,1.0708146376306749
2026-07-23,2026-07-23 11:11:48,V002,116.0,1.116412924379945
2026-07-23,2026-07-23 11:11:49,V002,117.0,1.1823176407416973
2026-07-23,2026-07-23 11:11:50,V002,117.0,1.0429423996887932
2026-07-23,2026-07-23 11:11:51,V002,117.0,1.1361415079883133
2026-07-23,2026-07-23 11:11:52,V002,117.0,1.1105450586933427
2026-07-23,2026-07-23 11:11:53,V002,117.0,1.0378216083453708
2026-07-23,2026-07-23 11:11:54,V002,118.0,1.0638666287324725
2026-07-23,2026-07-23 11:11:55,V002,118.0,1.073552398732263
2026-07-23,2026-07-23 11:11:56,V002,118.0,0.9222664226729123
2026-07-23,2026-07-23 11:11:57,V002,118.0,1.1662588420620503
2026-07-23,2026-07-23 11:11:58,V002,118.0,1.1222982704028504
2026-07-23,2026-07-23 11:11:59,V002,118.0,1.1098423255409855
2026-07-23,2026-07-23 11:12:00,V002,118.0,1.0502973940114082
2026-07-23,2026-07-23 11:12:01,V002,117.0,1.0808034971132805
2026-07-23,2026-07-23 11:12:02,V002,117.0,1.6821591536300036
2026-07-23,2026-07-23 11:12:03,V002,117.0,2.344327518313
2026-07-23,2026-07-23 11:12:04,V002,117.0,1.8098696117872
2026-07-23,2026-07-23 11:12:05,V002,117.0,1.226077496270153
2026-07-23,2026-07-23 11:12:06,V002,117.0,1.5869105614587606
2026-07-23,2026-07-23 11:12:07,V002,116.0,1.3440721864075054
2026-07-23,2026-07-23 11:12:08,V002,115.0,1.2824806330043206
2026-07-23,2026-07-23 11:12:09,V002,115.0,1.4378752070333882
2026-07-23,2026-07-23 11:12:10,V002,113.0,1.1219768227796036
2026-07-23,2026-07-23 11:12:11,V002,113.0,1.0623233861827073
2026-07-23,2026-07-23 11:12:12,V002,113.0,1.0466833689419406
2026-07-23,2026-07-23 11:12:13,V002,113.0,1.073236266200729
2026-07-23,2026-07-23 11:12:14,V002,114.0,1.1207120113166453
2026-07-23,2026-07-23 11:12:15,V002,114.0,1.111107275826268
2026-07-23,2026-07-23 11:12:16,V002,114.0,1.026369575145638
2026-07-23,2026-07-23 11:12:17,V002,115.0,1.1857500490808963
2026-07-23,2026-07-23 11:12:18,V002,115.0,1.0479767165391598
2026-07-23,2026-07-23 11:12:19,V002,115.0,1.0533086413019905
2026-07-23,2026-07-23 11:12:20,V002,116.0,1.288111549110634
2026-07-23,2026-07-23 11:12:21,V002,116.0,1.0513795831841062
2026-07-23,2026-07-23 11:12:22,V002,117.0,1.027040460224304
2026-07-23,2026-07-23 11:12:23,V002,117.0,1.1020082940797016
2026-07-23,2026-07-23 11:12:24,V002,118.0,1.1297942681999562
2026-07-23,2026-07-23 11:12:25,V002,118.0,1.0709566723521053
2026-07-23,2026-07-23 11:12:26,V002,118.0,1.0229562532129646
2026-07-23,2026-07-23 11:12:27,V002,118.0,1.0972387708522782
2026-07-23,2026-07-23 11:12:28,V002,118.0,1.0533219537317564
2026-07-23,2026-07-23 11:12:29,V002,117.0,1.059395157218342
2026-07-23,2026-07-23 11:12:30,V002,117.0,1.0905807994543195
2026-07-23,2026-07-23 11:12:31,V002,116.0,1.1405002385461074
2026-07-23,2026-07-23 11:12:32,V002,115.0,0.9731079699682611
2026-07-23,2026-07-23 11:12:33,V002,114.0,1.119766888974982
2026-07-23,2026-07-23 11:12:34,V002,115.0,1.013494205873551
2026-07-23,2026-07-23 11:12:35,V002,116.0,1.0323154549418256
2026-07-23,2026-07-23 11:12:36,V002,117.0,1.091343374207397
2026-07-23,2026-07-23 11:12:37,V002,118.0,0.9561382260125729
2026-07-23,2026-07-23 11:12:38,V002,118.0,1.0656213695937584
2026-07-23,2026-07-23 11:12:39,V002,118.0,1.0740369759791757
2026-07-23,2026-07-23 11:12:40,V002,118.0,1.113415614354655
2026-07-23,2026-07-23 11:12:41,V002,117.0,1.09472183169167
2026-07-23,2026-07-23 11:12:42,V002,117.0,1.1121386331398848
2026-07-23,2026-07-23 11:12:43,V002,117.0,1.0865603043075591
2026-07-23,2026-07-23 11:12:44,V002,117.0,1.055305499756114
2026-07-23,2026-07-23 11:12:45,V002,117.0,1.0475206440068525
2026-07-23,2026-07-23 11:12:46,V002,117.0,1.0426955731634162
2026-07-23,2026-07-23 11:12:47,V002,117.0,1.0237389426238637
2026-07-23,2026-07-23 11:12:48,V002,117.0,1.0670922459845795
2026-07-23,2026-07-23 11:12:49,V002,117.0,1.0504774050185286
2026-07-23,2026-07-23 11:12:50,V002,118.0,1.0304161673703072
2026-07-23,2026-07-23 11:12:51,V002,118.0,1.044312051455623
2026-07-23,2026-07-23 11:12:52,V002,118.0,1.0309827148347062
2026-07-23,2026-07-23 11:12:53,V002,118.0,1.0290258909028156
2026-07-23,2026-07-23 11:12:54,V002,119.0,1.0279688709746404
2026-07-23,2026-07-23 11:12:55,V002,119.0,1.031611816557652
2026-07-23,2026-07-23 11:12:56,V002,119.0,1.0217800371486734
2026-07-23,2026-07-23 11:12:57,V002,119.0,1.0401917672321797
2026-07-23,2026-07-23 11:12:58,V002,119.0,1.0599721783810017
2026-07-23,2026-07-23 11:12:59,V002,119.0,1.0114641298213536
2026-07-23,2026-07-23 11:13:00,V002,119.0,1.0416935410995054
2026-07-23,2026-07-23 11:13:01,V002,119.0,1.067083023374353
2026-07-23,2026-07-23 11:13:02,V002,119.0,1.0129175495346776
2026-07-23,2026-07-23 11:13:03,V002,119.0,1.0159983215793027
2026-07-23,2026-07-23 11:13:04,V002,120.0,1.0178363609398893
2026-07-23,2026-07-23 11:13:05,V002,120.0,1.025657129037471
2026-07-23,2026-07-23 11:13:06,V002,120.0,1.0746339600989085
2026-07-23,2026-07-23 11:13:07,V002,119.0,1.0646602306308295
2026-07-23,2026-07-23 11:13:08,V002,120.0,1.0445687940904453
2026-07-23,2026-07-23 11:13:09,V002,120.0,1.0282165258038578
2026-07-23,2026-07-23 11:13:10,V002,120.0,1.0332587978813628
2026-07-23,2026-07-23 11:13:11,V002,121.0,1.024178050784169
2026-07-23,2026-07-23 11:13:12,V002,121.0,1.0359527665301798
2026-07-23,2026-07-23 11:13:13,V002,121.0,0.978828484363882
2026-07-23,2026-07-23 11:13:14,V002,121.0,1.1446087432967937
2026-07-23,2026-07-23 11:13:15,V002,121.0,0.9782583362309256
2026-07-23,2026-07-23 11:13:16,V002,121.0,1.0538767564573508
2026-07-23,2026-07-23 11:13:17,V002,121.0,1.0295914906651058
2026-07-23,2026-07-23 11:13:18,V002,121.0,1.0335376277089243
2026-07-23,2026-07-23 11:13:19,V002,121.0,1.0306069896756789
2026-07-23,2026-07-23 11:13:20,V002,121.0,1.0264711024492044
2026-07-23,2026-07-23 11:13:21,V002,121.0,1.028121839619811
2026-07-23,2026-07-23 11:13:22,V002,120.0,1.0250360007513548
2026-07-23,2026-07-23 11:13:23,V002,120.0,1.0263411294754414
2026-07-23,2026-07-23 11:13:24,V002,120.0,1.0240409684123426
2026-07-23,2026-07-23 11:13:25,V002,120.0,1.0270042620006488
2026-07-23,2026-07-23 11:13:26,V002,120.0,1.0218584318113735
2026-07-23,2026-07-23 11:13:27,V002,119.0,1.0422179725188274
2026-07-23,2026-07-23 11:13:28,V002,118.0,1.0407223455970813
2026-07-23,2026-07-23 11:13:29,V002,118.0,1.0269875562421287
2026-07-23,2026-07-23 11:13:30,V002,117.0,1.0754975670749927
2026-07-23,2026-07-23 11:13:31,V002,116.0,1.1974067285956655
2026-07-23,2026-07-23 11:13:32,V002,114.0,1.285259236722642
2026-07-23,2026-07-23 11:13:33,V002,112.0,1.266427826015656
2026-07-23,2026-07-23 11:13:34,V002,112.0,1.487374824946491
2026-07-23,2026-07-23 11:13:35,V002,111.0,0.9520145696718992
2026-07-23,2026-07-23 11:13:36,V002,111.0,1.078213545373951
2026-07-23,2026-07-23 11:13:37,V002,111.0,1.0416440073609594
2026-07-23,2026-07-23 11:13:38,V002,111.0,1.0156533409936068
2026-07-23,2026-07-23 11:13:39,V002,111.0,1.1148441070382988
2026-07-23,2026-07-23 11:13:40,V002,111.0,1.108920502230785
2026-07-23,2026-07-23 11:13:41,V002,111.0,1.1043350386114474
2026-07-23,2026-07-23 11:13:42,V002,110.0,1.0704683011900298
2026-07-23,2026-07-23 11:13:43,V002,110.0,1.094551678072215
2026-07-23,2026-07-23 11:13:44,V002,110.0,1.0446560986771085
2026-07-23,2026-07-23 11:13:45,V002,109.0,1.219520382018914
2026-07-23,2026-07-23 11:13:46,V002,110.0,1.2229720813386429
2026-07-23,2026-07-23 11:13:47,V002,110.0,1.1957608899137562
2026-07-23,2026-07-23 11:13:48,V002,110.0,1.4697151896728573
2026-07-23,2026-07-23 11:13:49,V002,111.0,1.2200141462189897
2026-07-23,2026-07-23 11:13:50,V002,111.0,1.0093763957832815
2026-07-23,2026-07-23 11:13:51,V002,110.0,1.1679281611209567
2026-07-23,2026-07-23 11:13:52,V002,111.0,1.0281241299669588
2026-07-23,2026-07-23 11:13:53,V002,111.0,1.0371446041064272
2026-07-23,2026-07-23 11:13:54,V002,111.0,1.17494766996708
2026-07-23,2026-07-23 11:13:55,V002,111.0,1.1253059168844624
2026-07-23,2026-07-23 11:13:56,V002,111.0,1.0906222292549623
2026-07-23,2026-07-23 11:13:57,V002,110.0,1.0535117944088943
2026-07-23,2026-07-23 11:13:58,V002,111.0,1.2079518488665908
2026-07-23,2026-07-23 11:13:59,V002,111.0,1.0952464377557427
2026-07-23,2026-07-23 11:14:00,V002,111.0,1.7540893450924815
2026-07-23,2026-07-23 11:14:01,V002,111.0,1.0822881652692444
2026-07-23,2026-07-23 11:14:02,V002,112.0,1.0330312931068943
2026-07-23,2026-07-23 11:14:03,V002,112.0,1.0711077707777177
2026-07-23,2026-07-23 11:14:04,V002,113.0,1.037233080869911
2026-07-23,2026-07-23 11:14:05,V002,113.0,1.184162287553801
2026-07-23,2026-07-23 11:14:06,V002,113.0,1.0873046606192198
2026-07-23,2026-07-23 11:14:07,V002,114.0,1.196881425534641
2026-07-23,2026-07-23 11:14:08,V002,114.0,1.1062849759447875
2026-07-23,2026-07-23 11:14:09,V002,114.0,1.0624181739079668
2026-07-23,2026-07-23 11:14:10,V002,115.0,1.1027028611194956
2026-07-23,2026-07-23 11:14:11,V002,115.0,1.149317522785599
2026-07-23,2026-07-23 11:14:12,V002,115.0,1.7191932293188705
2026-07-23,2026-07-23 11:14:13,V002,115.0,2.0899791566189507
2026-07-23,2026-07-23 11:14:14,V002,115.0,1.315805181962773
2026-07-23,2026-07-23 11:14:15,V002,116.0,1.39725454947368
2026-07-23,2026-07-23 11:14:16,V002,116.0,1.062796971935298
2026-07-23,2026-07-23 11:14:17,V002,116.0,1.6508155536434492
2026-07-23,2026-07-23 11:14:18,V002,117.0,1.9228586367079274
2026-07-23,2026-07-23 11:14:19,V002,117.0,1.379446635118193
2026-07-23,2026-07-23 11:14:20,V002,118.0,1.0793682158954876
2026-07-23,2026-07-23 11:14:21,V002,118.0,1.0520249224949312
2026-07-23,2026-07-23 11:14:22,V002,117.0,1.0433009002128215
2026-07-23,2026-07-23 11:14:23,V002,116.0,1.0221293150073139
2026-07-23,2026-07-23 11:14:24,V002,115.0,1.1414509491614602
2026-07-23,2026-07-23 11:14:25,V002,114.0,1.5155953627160272
2026-07-23,2026-07-23 11:14:26,V002,113.0,1.0969462383815165
2026-07-23,2026-07-23 11:14:27,V002,112.0,1.5924185098076606
2026-07-23,2026-07-23 11:14:28,V002,110.0,1.2253225831397916
2026-07-23,2026-07-23 11:14:29,V002,109.0,1.1021535888195515
2026-07-23,2026-07-23 11:14:30,V002,108.0,1.2163195150396469
2026-07-23,2026-07-23 11:14:31,V002,108.0,1.0979381991770092
2026-07-23,2026-07-23 11:14:32,V002,107.0,1.0306217244516729
2026-07-23,2026-07-23 11:14:33,V002,106.0,1.1588554528892459
2026-07-23,2026-07-23 11:14:34,V002,107.0,1.0812618626067112
2026-07-23,2026-07-23 11:14:35,V002,107.0,1.0416482662094109
2026-07-23,2026-07-23 11:14:36,V002,107.0,1.1148028579664317
2026-07-23,2026-07-23 11:14:37,V002,108.0,1.0252789821967436
2026-07-23,2026-07-23 11:14:38,V002,108.0,1.0360356100812915
2026-07-23,2026-07-23 11:14:39,V002,108.0,1.3858833786408697
2026-07-23,2026-07-23 11:14:40,V002,109.0,1.0185232343608346
2026-07-23,2026-07-23 11:14:41,V002,109.0,1.360797984250872
2026-07-23,2026-07-23 11:14:42,V002,109.0,1.0979682865734552
2026-07-23,2026-07-23 11:14:43,V002,110.0,0.9904365876824501
2026-07-23,2026-07-23 11:14:44,V002,110.0,1.0572896098811622
2026-07-23,2026-07-23 11:14:45,V002,110.0,1.092118547527472
2026-07-23,2026-07-23 11:14:46,V002,110.0,0.9967186561329016
2026-07-23,2026-07-23 11:14:47,V002,110.0,1.0706639222989944
2026-07-23,2026-07-23 11:14:48,V002,110.0,1.0393898780911663
2026-07-23,2026-07-23 11:14:49,V002,111.0,1.023174251912662
2026-07-23,2026-07-23 11:14:50,V002,111.0,1.0889716932105804
2026-07-23,2026-07-23 11:14:51,V002,111.0,1.1325293100891685
2026-07-23,2026-07-23 11:14:52,V002,111.0,1.0349110063861797
2026-07-23,2026-07-23 11:14:53,V002,111.0,1.0808295345479668
2026-07-23,2026-07-23 11:14:54,V002,112.0,1.0466305823664008
2026-07-23,2026-07-23 11:14:55,V002,112.0,1.0696379022471234
2026-07-23,2026-07-23 11:14:56,V002,113.0,1.0600718552619068
2026-07-23,2026-07-23 11:14:57,V002,113.0,1.1547394339895967
2026-07-23,2026-07-23 11:14:58,V002,114.0,1.1169569578287017
2026-07-23,2026-07-23 11:14:59,V002,114.0,1.0394836837567187
2026-07-23,2026-07-23 11:15:00,V002,115.0,1.0014705214897306
2026-07-23,2026-07-23 11:15:01,V002,115.0,1.3289942418402374
2026-07-23,2026-07-23 11:15:02,V002,116.0,0.8898435848411895
2026-07-23,2026-07-23 11:15:03,V002,116.0,1.0748821124926253
2026-07-23,2026-07-23 11:15:04,V002,116.0,1.0718386419479609
2026-07-23,2026-07-23 11:15:05,V002,116.0,1.0639982389984257
2026-07-23,2026-07-23 11:15:06,V002,115.0,1.0365877135175265
2026-07-23,2026-07-23 11:15:07,V002,115.0,1.1116971919785532
2026-07-23,2026-07-23 11:15:08,V002,115.0,1.0323422035412375
2026-07-23,2026-07-23 11:15:09,V002,116.0,1.062920002306596
2026-07-23,2026-07-23 11:15:10,V002,115.0,1.0713043840621836
2026-07-23,2026-07-23 11:15:11,V002,115.0,1.330058789175853
2026-07-23,2026-07-23 11:15:12,V002,115.0,1.5829824952620093
2026-07-23,2026-07-23 11:15:13,V002,116.0,1.141798603303734
2026-07-23,2026-07-23 11:15:14,V002,116.0,1.0264809628365765
2026-07-23,2026-07-23 11:15:15,V002,116.0,0.994280719627479
2026-07-23,2026-07-23 11:15:16,V002,116.0,1.1152825408372398
2026-07-23,2026-07-23 11:15:17,V002,116.0,1.0610630772733265
2026-07-23,2026-07-23 11:15:18,V002,116.0,1.0271991000779401
2026-07-23,2026-07-23 11:15:19,V002,116.0,1.04843355957824
2026-07-23,2026-07-23 11:15:20,V002,116.0,1.0031779590036025
2026-07-23,2026-07-23 11:15:21,V002,116.0,1.0203188624955075
2026-07-23,2026-07-23 11:15:22,V002,117.0,1.0167001982377033
2026-07-23,2026-07-23 11:15:23,V002,117.0,1.0187088996274616
2026-07-23,2026-07-23 11:15:24,V002,117.0,1.0181385860998287
2026-07-23,2026-07-23 11:15:25,V002,118.0,1.0175449007949207
2026-07-23,2026-07-23 11:15:26,V002,118.0,1.0186981785899365
2026-07-23,2026-07-23 11:15:27,V002,119.0,1.016282096870528
2026-07-23,2026-07-23 11:15:28,V002,119.0,1.0193823441932839
2026-07-23,2026-07-23 11:15:29,V002,120.0,1.0184961714240153
2026-07-23,2026-07-23 11:15:30,V002,120.0,1.0182053926268404
2026-07-23,2026-07-23 11:15:31,V002,121.0,1.0179921784579267
2026-07-23,2026-07-23 11:15:32,V002,121.0,1.0178885636358106
2026-07-23,2026-07-23 11:15:33,V002,122.0,1.018662106048706
2026-07-23,2026-07-23 11:15:34,V002,123.0,1.0185957782231019
2026-07-23,2026-07-23 11:15:35,V002,123.0,1.0180266054186642
2026-07-23,2026-07-23 11:15:36,V002,123.0,1.0183231460310211
2026-07-23,2026-07-23 11:15:37,V002,123.0,1.0065071752533654
2026-07-23,2026-07-23 11:15:38,V002,123.0,1.238794067918573
2026-07-23,2026-07-23 11:15:39,V002,123.0,1.0913977211042294
2026-07-23,2026-07-23 11:15:40,V002,123.0,1.009139098677925
2026-07-23,2026-07-23 11:15:41,V002,123.0,1.025723757441898
2026-07-23,2026-07-23 11:15:42,V002,123.0,1.0180300795810242
2026-07-23,2026-07-23 11:15:43,V002,123.0,1.022406738723746
2026-07-23,2026-07-23 11:15:44,V002,122.0,1.021239357459943
2026-07-23,2026-07-23 11:15:45,V002,122.0,1.0204767899199512
2026-07-23,2026-07-23 11:15:46,V002,122.0,1.0218561516240998
2026-07-23,2026-07-23 11:15:47,V002,122.0,1.0212863611797804
2026-07-23,2026-07-23 11:15:48,V002,122.0,1.0210287947859014
2026-07-23,2026-07-23 11:15:49,V002,122.0,1.0211444310117381
2026-07-23,2026-07-23 11:15:50,V002,122.0,1.0207153832853253
2026-07-23,2026-07-23 11:15:51,V002,121.0,1.0209013294612124
2026-07-23,2026-07-23 11:15:52,V002,122.0,1.0204800544403216
2026-07-23,2026-07-23 11:15:53,V002,122.0,1.0213929283078507
2026-07-23,2026-07-23 11:15:54,V002,122.0,1.0208478227957292
2026-07-23,2026-07-23 11:15:55,V002,122.0,1.0206607118487174
2026-07-23,2026-07-23 11:15:56,V002,122.0,1.021098917716928
2026-07-23,2026-07-23 11:15:57,V002,122.0,1.02061687311257
2026-07-23,2026-07-23 11:15:58,V002,122.0,1.021194406883276
2026-07-23,2026-07-23 11:15:59,V002,122.0,1.020446123297755
2026-07-23,2026-07-23 11:16:00,V002,122.0,1.0217847597397782
2026-07-23,2026-07-23 11:16:01,V002,122.0,1.0207113791490088
2026-07-23,2026-07-23 11:16:02,V002,122.0,1.0212820742561723
2026-07-23,2026-07-23 11:16:03,V002,122.0,1.0209822257541732
2026-07-23,2026-07-23 11:16:04,V002,122.0,1.0210503720472117
2026-07-23,2026-07-23 11:16:05,V002,122.0,1.0210615729406265
2026-07-23,2026-07-23 11:16:06,V002,,1.0203044543851785
2026-07-23,2026-07-23 11:16:07,V002,,1.021697737297893
2026-07-23,2026-07-23 11:16:08,V002,,1.0208339723848348
2026-07-23,2026-07-23 11:16:09,V002,,1.0204604360948433
2026-07-23,2026-07-23 11:16:10,V002,,1.0204925440812664
2026-07-23,2026-07-23 11:16:11,V002,,1.0213800462661728
2026-07-23,2026-07-23 11:16:12,V002,,1.0212967890820344
2026-07-23,2026-07-23 11:16:13,V002,,1.2087852126360765
2026-07-23,2026-07-23 11:16:14,V002,,1.065070976004003
2026-07-23,2026-07-23 11:16:15,V002,,1.05547720310955
2026-07-23,2026-07-23 11:16:16,V002,,1.0286632569362024
2026-07-23,2026-07-23 11:16:17,V002,,1.027287617988125
2026-07-23,2026-07-23 11:16:18,V002,,1.0282778136625546
2026-07-23,2026-07-23 11:16:19,V002,,1.0293916250634434
2026-07-23,2026-07-23 11:16:20,V002,,1.0346687547009104
2026-07-23,2026-07-23 11:16:21,V002,,1.0584085035262418
2026-07-23,2026-07-23 11:16:22,V002,122.0,1.047515531269942
2026-07-23,2026-07-23 11:16:23,V002,122.0,1.0223229127676072
2026-07-23,2026-07-23 11:16:24,V002,122.0,1.028879130959286
2026-07-23,2026-07-23 11:16:25,V002,121.0,1.0180075960533665
2026-07-23,2026-07-23 11:16:26,V002,121.0,1.052635170060374
2026-07-23,2026-07-23 11:16:27,V002,121.0,0.9901618406791082
2026-07-23,2026-07-23 11:16:28,V002,121.0,1.0299894630552537
2026-07-23,2026-07-23 11:16:29,V002,121.0,1.022358273664474
2026-07-23,2026-07-23 11:16:30,V002,120.0,1.0237275438139009
2026-07-23,2026-07-23 11:16:31,V002,120.0,1.0260389200747506
2026-07-23,2026-07-23 11:16:32,V002,119.0,1.021351160033342
2026-07-23,2026-07-23 11:16:33,V002,119.0,1.0225075850132148
2026-07-23,2026-07-23 11:16:34,V002,119.0,1.0231388366290617
2026-07-23,2026-07-23 11:16:35,V002,118.0,1.019799094135689
2026-07-23,2026-07-23 11:16:36,V002,118.0,1.0412994238771127
2026-07-23,2026-07-23 11:16:37,V002,118.0,1.0135956835345192
2026-07-23,2026-07-23 11:16:38,V002,118.0,1.0573662143375144
2026-07-23,2026-07-23 11:16:39,V002,119.0,1.0246028032973467
2026-07-23,2026-07-23 11:16:40,V002,119.0,1.0178347378480237
2026-07-23,2026-07-23 11:16:41,V002,119.0,1.0191730717975345
2026-07-23,2026-07-23 11:16:42,V002,119.0,1.0193937983320787
2026-07-23,2026-07-23 11:16:43,V002,120.0,1.0194211583876167
2026-07-23,2026-07-23 11:16:44,V002,120.0,1.0187291986808305
2026-07-23,2026-07-23 11:16:45,V002,120.0,1.0191759759272423
2026-07-23,2026-07-23 11:16:46,V002,120.0,1.0192106103676835
2026-07-23,2026-07-23 11:16:47,V002,120.0,1.0184752212870696
2026-07-23,2026-07-23 11:16:48,V002,120.0,1.0170019707010167
2026-07-23,2026-07-23 11:16:49,V002,120.0,1.020926075369924
2026-07-23,2026-07-23 11:16:50,V002,120.0,1.018377006781837
2026-07-23,2026-07-23 11:16:51,V002,119.0,1.0179517975062824
2026-07-23,2026-07-23 11:16:52,V002,119.0,1.0189802180509349
2026-07-23,2026-07-23 11:16:53,V002,119.0,1.0184585614262827
2026-07-23,2026-07-23 11:16:54,V002,119.0,1.018388904690656
2026-07-23,2026-07-23 11:16:55,V002,119.0,1.0180331996034098
2026-07-23,2026-07-23 11:16:56,V002,119.0,1.0183037009114553
2026-07-23,2026-07-23 11:16:57,V002,119.0,1.017746451262909
2026-07-23,2026-07-23 11:16:58,V002,119.0,1.0179645142984632
2026-07-23,2026-07-23 11:16:59,V002,119.0,1.017959303242552
2026-07-23,2026-07-23 11:17:00,V002,119.0,1.0180984185126585
2026-07-23,2026-07-23 11:17:01,V002,119.0,1.0182605686973014
2026-07-23,2026-07-23 11:17:02,V002,119.0,1.0190133561024846
2026-07-23,2026-07-23 11:17:03,V002,119.0,1.0179722594328608
2026-07-23,2026-07-23 11:17:04,V002,119.0,1.0182684201652017
2026-07-23,2026-07-23 11:17:05,V002,119.0,1.0187017326468164
2026-07-23,2026-07-23 11:17:06,V002,119.0,1.0179632177777653
2026-07-23,2026-07-23 11:17:07,V002,119.0,1.0183741793303078
2026-07-23,2026-07-23 11:17:08,V002,119.0,1.0166391282979428
2026-07-23,2026-07-23 11:17:09,V002,119.0,1.020758647369375
2026-07-23,2026-07-23 11:17:10,V002,119.0,1.0190042697284978
2026-07-23,2026-07-23 11:17:11,V002,119.0,1.018068373995429
2026-07-23,2026-07-23 11:17:12,V002,119.0,1.0189915111967094
2026-07-23,2026-07-23 11:17:13,V002,118.0,1.2770624271003512
2026-07-23,2026-07-23 11:17:14,V002,,1.1119974022178054
2026-07-23,2026-07-23 11:17:15,V002,,1.0035845868502384
2026-07-23,2026-07-23 11:17:16,V002,,1.0576167017475187
2026-07-23,2026-07-23 11:17:17,V002,,1.0255944200749854
2026-07-23,2026-07-23 11:17:18,V002,,1.0604813914179967
2026-07-23,2026-07-23 11:17:19,V002,,1.036741365259976
2026-07-23,2026-07-23 11:17:20,V002,,1.068501697191727
2026-07-23,2026-07-23 11:17:21,V002,,1.0248896713914184
2026-07-23,2026-07-23 11:17:22,V002,118.0,1.0796712047308807
2026-07-23,2026-07-23 11:17:23,V002,118.0,1.1156702676167956
2026-07-23,2026-07-23 11:17:24,V002,118.0,1.104043516241264
2026-07-23,2026-07-23 11:17:25,V002,117.0,1.0774744207520441
2026-07-23,2026-07-23 11:17:26,V002,117.0,0.9723277280613521
2026-07-23,2026-07-23 11:17:27,V002,116.0,1.0560731647083346
2026-07-23,2026-07-23 11:17:28,V002,116.0,1.066617475397514
2026-07-23,2026-07-23 11:17:29,V002,115.0,1.0576810856160457
2026-07-23,2026-07-23 11:17:30,V002,115.0,1.0119842557730665
2026-07-23,2026-07-23 11:17:31,V002,116.0,1.108796709740845
2026-07-23,2026-07-23 11:17:32,V002,116.0,1.0562639461530887
2026-07-23,2026-07-23 11:17:33,V002,116.0,1.0660522190162318
2026-07-23,2026-07-23 11:17:34,V002,116.0,1.07612283339035
2026-07-23,2026-07-23 11:17:35,V002,116.0,1.0688992264458523
2026-07-23,2026-07-23 11:17:36,V002,116.0,1.0745307737271188
2026-07-23,2026-07-23 11:17:37,V002,116.0,0.9787806235605934
2026-07-23,2026-07-23 11:17:38,V002,116.0,1.3498449711377647
2026-07-23,2026-07-23 11:17:39,V002,115.0,1.086585672955085
2026-07-23,2026-07-23 11:17:40,V002,115.0,0.9859204087172742
2026-07-23,2026-07-23 11:17:41,V002,114.0,1.0713652314974889
2026-07-23,2026-07-23 11:17:42,V002,113.0,1.0256143801061564
2026-07-23,2026-07-23 11:17:43,V002,112.0,1.0407629412390211
2026-07-23,2026-07-23 11:17:44,V002,110.0,1.0368503566861857
2026-07-23,2026-07-23 11:17:45,V002,109.0,1.0288718327830957
2026-07-23,2026-07-23 11:17:46,V002,105.0,1.046515399614996
2026-07-23,2026-07-23 11:17:47,V002,103.0,1.0200523925991432
2026-07-23,2026-07-23 11:17:48,V002,102.0,1.0664933707058133
2026-07-23,2026-07-23 11:17:49,V002,102.0,1.0266991403996173
2026-07-23,2026-07-23 11:17:50,V002,102.0,1.0541625431474682
2026-07-23,2026-07-23 11:17:51,V002,102.0,1.0048264604872315
2026-07-23,2026-07-23 11:17:52,V002,102.0,1.0343372282000245
2026-07-23,2026-07-23 11:17:53,V002,102.0,1.0356324394829426
2026-07-23,2026-07-23 11:17:54,V002,103.0,1.0567408481769673
2026-07-23,2026-07-23 11:17:55,V002,103.0,1.0620625884526618
2026-07-23,2026-07-23 11:17:56,V002,103.0,1.0182571463256485
2026-07-23,2026-07-23 11:17:57,V002,104.0,0.9527352857062344
2026-07-23,2026-07-23 11:17:58,V002,104.0,1.0797299175344914
2026-07-23,2026-07-23 11:17:59,V002,105.0,1.0413347523435446
2026-07-23,2026-07-23 11:18:00,V002,105.0,1.0283169210568752
2026-07-23,2026-07-23 11:18:01,V002,106.0,1.028585061592359
2026-07-23,2026-07-23 11:18:02,V002,106.0,1.0372600725877952
2026-07-23,2026-07-23 11:18:03,V002,106.0,1.0267699240650854
2026-07-23,2026-07-23 11:18:04,V002,106.0,1.0417233218625235
2026-07-23,2026-07-23 11:18:05,V002,105.0,1.038090188377812
2026-07-23,2026-07-23 11:18:06,V002,105.0,1.0456228495985789
2026-07-23,2026-07-23 11:18:07,V002,105.0,1.0707290693252765
2026-07-23,2026-07-23 11:18:08,V002,104.0,1.0379855410362995
2026-07-23,2026-07-23 11:18:09,V002,104.0,0.9981336797493899
2026-07-23,2026-07-23 11:18:10,V002,104.0,1.211155493524832
2026-07-23,2026-07-23 11:18:11,V002,105.0,1.0680873357231433
2026-07-23,2026-07-23 11:18:12,V002,105.0,1.0747660003870116
2026-07-23,2026-07-23 11:18:13,V002,105.0,1.019359643425459
2026-07-23,2026-07-23 11:18:14,V002,106.0,1.0320485878396095
2026-07-23,2026-07-23 11:18:15,V002,106.0,1.0491813279035924
2026-07-23,2026-07-23 11:18:16,V002,106.0,1.0355602008245568
2026-07-23,2026-07-23 11:18:17,V002,107.0,1.0967410901859636
2026-07-23,2026-07-23 11:18:18,V002,107.0,1.073474789218349
2026-07-23,2026-07-23 11:18:19,V002,107.0,1.1001316954611347
2026-07-23,2026-07-23 11:18:20,V002,107.0,1.0212644598038707
2026-07-23,2026-07-23 11:18:21,V002,107.0,1.0618069180012975
2026-07-23,2026-07-23 11:18:22,V002,107.0,1.0173172563147432
2026-07-23,2026-07-23 11:18:23,V002,107.0,1.0557056643776668
2026-07-23,2026-07-23 11:18:24,V002,107.0,1.0693357778545487
2026-07-23,2026-07-23 11:18:25,V002,107.0,1.0298612701952536
2026-07-23,2026-07-23 11:18:26,V002,109.0,1.0317474298548546
2026-07-23,2026-07-23 11:18:27,V002,110.0,1.0728724049010614
2026-07-23,2026-07-23 11:18:28,V002,110.0,1.0419225895985038
2026-07-23,2026-07-23 11:18:29,V002,111.0,1.0549831735278765
2026-07-23,2026-07-23 11:18:30,V002,111.0,1.0376390752459248
2026-07-23,2026-07-23 11:18:31,V002,111.0,1.0360691972726508
2026-07-23,2026-07-23 11:18:32,V002,111.0,1.0340936467542488
2026-07-23,2026-07-23 11:18:33,V002,111.0,1.0501428245184279
2026-07-23,2026-07-23 11:18:34,V002,110.0,1.0521257035852631
2026-07-23,2026-07-23 11:18:35,V002,110.0,1.0457204664612156
2026-07-23,2026-07-23 11:18:36,V002,109.0,1.0416762159435937
2026-07-23,2026-07-23 11:18:37,V002,109.0,1.0481655107907455
2026-07-23,2026-07-23 11:18:38,V002,109.0,1.0664981913944749
2026-07-23,2026-07-23 11:18:39,V002,109.0,1.0460387511824134
2026-07-23,2026-07-23 11:18:40,V002,109.0,0.9958006989187653
2026-07-23,2026-07-23 11:18:41,V002,110.0,1.1309477701755342
2026-07-23,2026-07-23 11:18:42,V002,110.0,1.1666857773352113
2026-07-23,2026-07-23 11:18:43,V002,110.0,1.0422167663780157
2026-07-23,2026-07-23 11:18:44,V002,110.0,1.0616894328387876
2026-07-23,2026-07-23 11:18:45,V002,110.0,1.0405801497654725
2026-07-23,2026-07-23 11:18:46,V002,110.0,1.0445038933094688
2026-07-23,2026-07-23 11:18:47,V002,110.0,1.0435481606923953
2026-07-23,2026-07-23 11:18:48,V002,110.0,1.0725817911847613
2026-07-23,2026-07-23 11:18:49,V002,110.0,1.0320621833627495
2026-07-23,2026-07-23 11:18:50,V002,110.0,1.0497495208500114
2026-07-23,2026-07-23 11:18:51,V002,110.0,1.0517653677438576
2026-07-23,2026-07-23 11:18:52,V002,109.0,1.0228108997734235
2026-07-23,2026-07-23 11:18:53,V002,109.0,1.0321519191419117
2026-07-23,2026-07-23 11:18:54,V002,109.0,1.0564112290196035
2026-07-23,2026-07-23 11:18:55,V002,109.0,1.0268750605340657
2026-07-23,2026-07-23 11:18:56,V002,110.0,1.0667520321461703
2026-07-23,2026-07-23 11:18:57,V002,110.0,1.026545056408706
2026-07-23,2026-07-23 11:18:58,V002,110.0,1.0456516872326609
2026-07-23,2026-07-23 11:18:59,V002,111.0,1.010436954904072
2026-07-23,2026-07-23 11:19:00,V002,111.0,1.0424883821446038
2026-07-23,2026-07-23 11:19:01,V002,111.0,1.0323789434861923
2026-07-23,2026-07-23 11:19:02,V002,111.0,1.024704301433088
2026-07-23,2026-07-23 11:19:03,V002,111.0,1.0717331911292163
2026-07-23,2026-07-23 11:19:04,V002,111.0,1.0433480763580176
2026-07-23,2026-07-23 11:19:05,V002,111.0,1.025845644095559
2026-07-23,2026-07-23 11:19:06,V002,111.0,1.0471305741988999
2026-07-23,2026-07-23 11:19:07,V002,111.0,1.0314690058283371
2026-07-23,2026-07-23 11:19:08,V002,111.0,1.030726220635627
2026-07-23,2026-07-23 11:19:09,V002,112.0,1.0252556775288906
2026-07-23,2026-07-23 11:19:10,V002,112.0,1.0422115012800437
2026-07-23,2026-07-23 11:19:11,V002,112.0,1.0637349142036756
2026-07-23,2026-07-23 11:19:12,V002,112.0,1.026594394965922
2026-07-23,2026-07-23 11:19:13,V002,112.0,1.0647983093822766
2026-07-23,2026-07-23 11:19:14,V002,112.0,1.1033721005490578
2026-07-23,2026-07-23 11:19:15,V002,112.0,1.0026055868239991
2026-07-23,2026-07-23 11:19:16,V002,112.0,1.0538974092171414
2026-07-23,2026-07-23 11:19:17,V002,112.0,1.0289177626779988
2026-07-23,2026-07-23 11:19:18,V002,113.0,1.0304895031926717
2026-07-23,2026-07-23 11:19:19,V002,113.0,1.0298792879293042
2026-07-23,2026-07-23 11:19:20,V002,113.0,1.0293875191100579
2026-07-23,2026-07-23 11:19:21,V002,113.0,1.029181881712832
2026-07-23,2026-07-23 11:19:22,V002,113.0,1.032917753127973
2026-07-23,2026-07-23 11:19:23,V002,113.0,1.0273169546722927
2026-07-23,2026-07-23 11:19:24,V002,113.0,1.0276368707151269
2026-07-23,2026-07-23 11:19:25,V002,113.0,1.028600009307389
2026-07-23,2026-07-23 11:19:26,V002,113.0,1.032433886533198
2026-07-23,2026-07-23 11:19:27,V002,112.0,1.0271636437731853
2026-07-23,2026-07-23 11:19:28,V002,112.0,1.0281097476691847
2026-07-23,2026-07-23 11:19:29,V002,112.0,1.0281066948416167
2026-07-23,2026-07-23 11:19:30,V002,111.0,1.0305376725478779
2026-07-23,2026-07-23 11:19:31,V002,111.0,1.0290371718509423
2026-07-23,2026-07-23 11:19:32,V002,111.0,1.0260423816165585
2026-07-23,2026-07-23 11:19:33,V002,111.0,1.0297620204342794
2026-07-23,2026-07-23 11:19:34,V002,111.0,1.0293570501738531
2026-07-23,2026-07-23 11:19:35,V002,111.0,1.0288228813278604
2026-07-23,2026-07-23 11:19:36,V002,111.0,1.0203687473552696
2026-07-23,2026-07-23 11:19:37,V002,111.0,1.041802944256363
2026-07-23,2026-07-23 11:19:38,V002,111.0,1.0301094495942351
2026-07-23,2026-07-23 11:19:39,V002,111.0,1.0338761751144327
2026-07-23,2026-07-23 11:19:40,V002,111.0,1.028241300904509
2026-07-23,2026-07-23 11:19:41,V002,111.0,1.0277603137148439
2026-07-23,2026-07-23 11:19:42,V002,110.0,1.019633579808255
2026-07-23,2026-07-23 11:19:43,V002,109.0,1.0303693043205195
2026-07-23,2026-07-23 11:19:44,V002,108.0,1.0278887041457734
2026-07-23,2026-07-23 11:19:45,V002,108.0,1.0180065424609317
2026-07-23,2026-07-23 11:19:46,V002,106.0,1.0202043958623088
2026-07-23,2026-07-23 11:19:47,V002,105.0,1.018285538441358
2026-07-23,2026-07-23 11:19:48,V002,103.0,1.018830561405569
2026-07-23,2026-07-23 11:19:49,V002,101.0,1.0189164932665653
2026-07-23,2026-07-23 11:19:50,V002,99.0,1.0352391972061332
2026-07-23,2026-07-23 11:19:51,V002,98.0,1.0130388878442036
2026-07-23,2026-07-23 11:19:52,V002,97.0,1.0337807024135468
2026-07-23,2026-07-23 11:19:53,V002,96.0,1.022543892911495
2026-07-23,2026-07-23 11:19:54,V002,96.0,1.0318060491665222
2026-07-23,2026-07-23 11:19:55,V002,95.0,1.0313143551282646
2026-07-23,2026-07-23 11:19:56,V002,94.0,1.0322394730369349
2026-07-23,2026-07-23 11:19:57,V002,94.0,1.0285600378246393
2026-07-23,2026-07-23 11:19:58,V002,93.0,1.0602059074808274
2026-07-23,2026-07-23 11:19:59,V002,93.0,1.0041445141598417
2026-07-23,2026-07-23 11:20:00,V002,92.0,1.02437314571284
2026-07-23,2026-07-23 11:20:01,V002,92.0,1.0687276614794405
2026-07-23,2026-07-23 11:20:02,V002,91.0,1.023246754375046
2026-07-23,2026-07-23 11:20:03,V002,90.0,1.0446395906955606
2026-07-23,2026-07-23 11:20:04,V002,90.0,1.0171650693335987
2026-07-23,2026-07-23 11:20:05,V002,89.0,1.0272258526576767
2026-07-23,2026-07-23 11:20:06,V002,90.0,1.0279254698431652
2026-07-23,2026-07-23 11:20:07,V002,90.0,1.0287505440438571
2026-07-23,2026-07-23 11:20:08,V002,90.0,1.0260309083371097
2026-07-23,2026-07-23 11:20:09,V002,90.0,1.0279281568897507
2026-07-23,2026-07-23 11:20:10,V002,90.0,1.0266728873299453
2026-07-23,2026-07-23 11:20:11,V002,90.0,1.027400778054156
2026-07-23,2026-07-23 11:20:12,V002,90.0,1.0276040736327687
2026-07-23,2026-07-23 11:20:13,V002,90.0,1.0350608674070443
2026-07-23,2026-07-23 11:20:14,V002,90.0,1.026003830023539
2026-07-23,2026-07-23 11:20:15,V002,90.0,1.0264144259637302
2026-07-23,2026-07-23 11:20:16,V002,90.0,1.0175069827786987
2026-07-23,2026-07-23 11:20:17,V002,90.0,1.0507758258275635
2026-07-23,2026-07-23 11:20:18,V002,90.0,1.0336198664561342
2026-07-23,2026-07-23 11:20:19,V002,90.0,1.0418548462890647
2026-07-23,2026-07-23 11:20:20,V002,90.0,0.9598052936118414
2026-07-23,2026-07-23 11:20:21,V002,90.0,1.1054151489432718
2026-07-23,2026-07-23 11:20:22,V002,90.0,1.0301285490488412
2026-07-23,2026-07-23 11:20:23,V002,90.0,1.0292586699467725
2026-07-23,2026-07-23 11:20:24,V002,90.0,1.0285593175246632
2026-07-23,2026-07-23 11:20:25,V002,90.0,1.0301321844694213
2026-07-23,2026-07-23 11:20:26,V002,91.0,1.0285524561441057
2026-07-23,2026-07-23 11:20:27,V002,91.0,1.0288641852151024
2026-07-23,2026-07-23 11:20:28,V002,92.0,1.028775004619482
2026-07-23,2026-07-23 11:20:29,V002,93.0,1.0284764682402319
2026-07-23,2026-07-23 11:20:30,V002,95.0,1.0293220963683178
2026-07-23,2026-07-23 11:20:31,V002,96.0,1.0284784214295803
2026-07-23,2026-07-23 11:20:32,V002,97.0,1.0288453520912868
2026-07-23,2026-07-23 11:20:33,V002,98.0,1.0284257754959618
2026-07-23,2026-07-23 11:20:34,V002,98.0,1.0286065947811611
2026-07-23,2026-07-23 11:20:35,V002,98.0,1.0288859242148443
2026-07-23,2026-07-23 11:20:36,V002,98.0,1.0284964734503652
2026-07-23,2026-07-23 11:20:37,V002,97.0,1.028458487108875
2026-07-23,2026-07-23 11:20:38,V002,96.0,1.0288287342980231
2026-07-23,2026-07-23 11:20:39,V002,96.0,1.0291404270622502
2026-07-23,2026-07-23 11:20:40,V002,94.0,1.028483120210833
2026-07-23,2026-07-23 11:20:41,V002,93.0,1.0285705676609187
2026-07-23,2026-07-23 11:20:42,V002,91.0,1.0286534993895027
2026-07-23,2026-07-23 11:20:43,V002,89.0,1.0285989817352459
2026-07-23,2026-07-23 11:20:44,V002,86.0,1.028986490276102
2026-07-23,2026-07-23 11:20:45,V002,84.0,1.0285868821568094
2026-07-23,2026-07-23 11:20:46,V002,84.0,1.0290067218334489
2026-07-23,2026-07-23 11:20:47,V002,84.0,1.0336372151819198
2026-07-23,2026-07-23 11:20:48,V002,85.0,1.02503710457337
2026-07-23,2026-07-23 11:20:49,V002,85.0,1.0529661079188706
2026-07-23,2026-07-23 11:20:50,V002,85.0,1.02537781744578
2026-07-23,2026-07-23 11:20:51,V002,84.0,1.0280003339465502
2026-07-23,2026-07-23 11:20:52,V002,83.0,1.030161140914557
2026-07-23,2026-07-23 11:20:53,V002,83.0,1.027746803691129
2026-07-23,2026-07-23 11:20:54,V002,82.0,1.0291964168960313
2026-07-23,2026-07-23 11:20:55,V002,82.0,1.025864550833244
2026-07-23,2026-07-23 11:20:56,V002,82.0,1.0274579552304108
2026-07-23,2026-07-23 11:20:57,V002,82.0,1.0278950957794895
2026-07-23,2026-07-23 11:20:58,V002,81.0,1.0266704520395598
2026-07-23,2026-07-23 11:20:59,V002,81.0,1.0286870746311252
2026-07-23,2026-07-23 11:21:00,V002,80.0,1.0296198745330616
2026-07-23,2026-07-23 11:21:01,V002,80.0,1.0260496444340277
2026-07-23,2026-07-23 11:21:02,V002,80.0,1.0342620326120104
2026-07-23,2026-07-23 11:21:03,V002,80.0,1.0351778013703843
2026-07-23,2026-07-23 11:21:04,V002,80.0,1.0202939557019608
2026-07-23,2026-07-23 11:21:05,V002,79.0,1.0289878898749005
2026-07-23,2026-07-23 11:21:06,V002,79.0,1.027607047677459
2026-07-23,2026-07-23 11:21:07,V002,79.0,1.0515287104585687
2026-07-23,2026-07-23 11:21:08,V002,79.0,1.0192216654461326
2026-07-23,2026-07-23 11:21:09,V002,79.0,1.1022868816008402
2026-07-23,2026-07-23 11:21:10,V002,79.0,1.0722448461463596
2026-07-23,2026-07-23 11:21:11,V002,79.0,1.0159256733706203
2026-07-23,2026-07-23 11:21:12,V002,80.0,1.0281982725966945
2026-07-23,2026-07-23 11:21:13,V002,80.0,1.0252530977239867
2026-07-23,2026-07-23 11:21:14,V002,80.0,1.0255522638660544
2026-07-23,2026-07-23 11:21:15,V002,80.0,1.0493010835387724
2026-07-23,2026-07-23 11:21:16,V002,81.0,1.05532112071217
2026-07-23,2026-07-23 11:21:17,V002,82.0,1.0279449011571968
2026-07-23,2026-07-23 11:21:18,V002,82.0,1.0275435625388063
2026-07-23,2026-07-23 11:21:19,V002,82.0,1.0272927622386694
2026-07-23,2026-07-23 11:21:20,V002,82.0,1.0278124647441842
2026-07-23,2026-07-23 11:21:21,V002,83.0,1.051231477513615
2026-07-23,2026-07-23 11:21:22,V002,83.0,1.0222449499394461
2026-07-23,2026-07-23 11:21:23,V002,84.0,1.028078560559406
2026-07-23,2026-07-23 11:21:24,V002,84.0,1.019055266058071
2026-07-23,2026-07-23 11:21:25,V002,85.0,1.0367161899817223
2026-07-23,2026-07-23 11:21:26,V002,85.0,1.0232354261430336
2026-07-23,2026-07-23 11:21:27,V002,86.0,1.0245867065546665
2026-07-23,2026-07-23 11:21:28,V002,86.0,1.0239008188333694
2026-07-23,2026-07-23 11:21:29,V002,86.0,1.0244987319198784
2026-07-23,2026-07-23 11:21:30,V002,86.0,1.0229832416700642
2026-07-23,2026-07-23 11:21:31,V002,86.0,1.031861610238068
2026-07-23,2026-07-23 11:21:32,V002,86.0,1.030829378279349
2026-07-23,2026-07-23 11:21:33,V002,86.0,1.041521948199518
2026-07-23,2026-07-23 11:21:34,V002,86.0,1.0228201534989076
2026-07-23,2026-07-23 11:21:35,V002,86.0,1.0543643351920062
2026-07-23,2026-07-23 11:21:36,V002,86.0,1.0177710683186136
2026-07-23,2026-07-23 11:21:37,V002,86.0,1.0396991466377328
2026-07-23,2026-07-23 11:21:38,V002,86.0,1.026152363050848
2026-07-23,2026-07-23 11:21:39,V002,86.0,1.0251839130557143
2026-07-23,2026-07-23 11:21:40,V002,85.0,1.0576722307726683
2026-07-23,2026-07-23 11:21:41,V002,85.0,1.070272929949941
2026-07-23,2026-07-23 11:21:42,V002,85.0,1.101635890397412
2026-07-23,2026-07-23 11:21:43,V002,84.0,1.1232729589440291
2026-07-23,2026-07-23 11:21:44,V002,85.0,1.1593579735094266
2026-07-23,2026-07-23 11:21:45,V002,85.0,1.0217607027930506
2026-07-23,2026-07-23 11:21:46,V002,85.0,1.0292835608940378
2026-07-23,2026-07-23 11:21:47,V002,86.0,1.054507087250145
2026-07-23,2026-07-23 11:21:48,V002,86.0,1.0248208782539252
2026-07-23,2026-07-23 11:21:49,V002,86.0,1.0308598174128953
2026-07-23,2026-07-23 11:21:50,V002,87.0,1.0013657247795231
2026-07-23,2026-07-23 11:21:51,V002,87.0,1.0392489408864538
2026-07-23,2026-07-23 11:21:52,V002,87.0,1.0005104820035142
2026-07-23,2026-07-23 11:21:53,V002,88.0,1.0091315657878153
2026-07-23,2026-07-23 11:21:54,V002,88.0,1.0190587746822632
2026-07-23,2026-07-23 11:21:55,V002,89.0,1.0671277209503736
2026-07-23,2026-07-23 11:21:56,V002,90.0,0.9647095789527322
2026-07-23,2026-07-23 11:21:57,V002,91.0,1.0357594692074688
2026-07-23,2026-07-23 11:21:58,V002,92.0,1.027101638084433
2026-07-23,2026-07-23 11:21:59,V002,93.0,1.0300811131997774
2026-07-23,2026-07-23 11:22:00,V002,95.0,1.0413466154151338
2026-07-23,2026-07-23 11:22:01,V002,96.0,1.0415376500255344
2026-07-23,2026-07-23 11:22:02,V002,98.0,1.0194869972243183
2026-07-23,2026-07-23 11:22:03,V002,99.0,1.0463078611171626
2026-07-23,2026-07-23 11:22:04,V002,102.0,1.055879133692941
2026-07-23,2026-07-23 11:22:05,V002,104.0,1.0288645968760755
2026-07-23,2026-07-23 11:22:06,V002,106.0,1.0389609656853012
2026-07-23,2026-07-23 11:22:07,V002,108.0,1.0228527467644295
2026-07-23,2026-07-23 11:22:08,V002,109.0,1.031993223523016
2026-07-23,2026-07-23 11:22:09,V002,109.0,1.033930278372192
2026-07-23,2026-07-23 11:22:10,V002,109.0,1.0357351250337008
2026-07-23,2026-07-23 11:22:11,V002,109.0,1.0536264120577303
2026-07-23,2026-07-23 11:22:12,V002,109.0,1.0417356202298231
2026-07-23,2026-07-23 11:22:13,V002,109.0,1.03196913049103
2026-07-23,2026-07-23 11:22:14,V002,109.0,1.0616514320728627
2026-07-23,2026-07-23 11:22:15,V002,109.0,1.038751226791897
2026-07-23,2026-07-23 11:22:16,V002,109.0,1.0537900141281797
2026-07-23,2026-07-23 11:22:17,V002,109.0,1.0500939512368164
2026-07-23,2026-07-23 11:22:18,V002,109.0,1.0219569380807145
2026-07-23,2026-07-23 11:22:19,V002,109.0,1.0283585302512652
2026-07-23,2026-07-23 11:22:20,V002,109.0,1.0365109654289706
2026-07-23,2026-07-23 11:22:21,V002,109.0,1.0281298753803494
2026-07-23,2026-07-23 11:22:22,V002,110.0,1.0853105409652637
2026-07-23,2026-07-23 11:22:23,V002,110.0,1.1373599137059913
2026-07-23,2026-07-23 11:22:24,V002,110.0,0.9702193058495344
2026-07-23,2026-07-23 11:22:25,V002,110.0,1.1442147288807796
2026-07-23,2026-07-23 11:22:26,V002,110.0,0.9564916711486537
2026-07-23,2026-07-23 11:22:27,V002,110.0,1.2207741130699659
2026-07-23,2026-07-23 11:22:28,V002,110.0,1.28134841900561
2026-07-23,2026-07-23 11:22:29,V002,110.0,1.0532427311014494
2026-07-23,2026-07-23 11:22:30,V002,110.0,1.0360701267287782
2026-07-23,2026-07-23 11:22:31,V002,110.0,1.0547422681268086
2026-07-23,2026-07-23 11:22:32,V002,110.0,1.0689495662348412
2026-07-23,2026-07-23 11:22:33,V002,109.0,1.0249899776488594
2026-07-23,2026-07-23 11:22:34,V002,109.0,1.030981459920431
2026-07-23,2026-07-23 11:22:35,V002,110.0,1.0598611018700055
2026-07-23,2026-07-23 11:22:36,V002,110.0,1.0461162043427503
2026-07-23,2026-07-23 11:22:37,V002,110.0,1.0378376093221833
2026-07-23,2026-07-23 11:22:38,V002,110.0,1.0441372079347042
2026-07-23,2026-07-23 11:22:39,V002,110.0,1.0709924316836856
2026-07-23,2026-07-23 11:22:40,V002,109.0,1.0170602007017429
2026-07-23,2026-07-23 11:22:41,V002,109.0,1.0332686336693417
2026-07-23,2026-07-23 11:22:42,V002,109.0,1.0920144531940437
2026-07-23,2026-07-23 11:22:43,V002,109.0,1.0613008074351498
2026-07-23,2026-07-23 11:22:44,V002,110.0,1.0504398150574272
2026-07-23,2026-07-23 11:22:45,V002,110.0,1.041698441916549
2026-07-23,2026-07-23 11:22:46,V002,109.0,1.0239563339011515
2026-07-23,2026-07-23 11:22:47,V002,109.0,1.0461442748833574
2026-07-23,2026-07-23 11:22:48,V002,109.0,1.026377816919754
2026-07-23,2026-07-23 11:22:49,V002,109.0,1.0346201717489105
2026-07-23,2026-07-23 11:22:50,V002,110.0,1.0303577469605818
2026-07-23,2026-07-23 11:22:51,V002,110.0,1.0282221154550801
2026-07-23,2026-07-23 11:22:52,V002,110.0,1.0359689122479756
2026-07-23,2026-07-23 11:22:53,V002,110.0,1.0497936499959346
2026-07-23,2026-07-23 11:22:54,V002,109.0,1.0242712900008006
2026-07-23,2026-07-23 11:22:55,V002,109.0,1.0275101705966727
2026-07-23,2026-07-23 11:22:56,V002,109.0,1.0934188683430592
2026-07-23,2026-07-23 11:22:57,V002,108.0,1.064488709741644
2026-07-23,2026-07-23 11:22:58,V002,108.0,1.0210208097138636
2026-07-23,2026-07-23 11:22:59,V002,107.0,1.0539955740614424
2026-07-23,2026-07-23 11:23:00,V002,107.0,1.045933877649679
2026-07-23,2026-07-23 11:23:01,V002,106.0,1.0647788542242573
2026-07-23,2026-07-23 11:23:02,V002,106.0,1.0790508597584523
2026-07-23,2026-07-23 11:23:03,V002,106.0,1.0357024750340282
2026-07-23,2026-07-23 11:23:04,V002,106.0,1.0421024338574871
2026-07-23,2026-07-23 11:23:05,V002,106.0,1.0184646761466816
2026-07-23,2026-07-23 11:23:06,V002,107.0,1.0484310480298804
2026-07-23,2026-07-23 11:23:07,V002,107.0,1.0692621630563168
2026-07-23,2026-07-23 11:23:08,V002,107.0,1.0534235262323675
2026-07-23,2026-07-23 11:23:09,V002,107.0,1.0504146528762899
2026-07-23,2026-07-23 11:23:10,V002,107.0,1.0310377233783234
2026-07-23,2026-07-23 11:23:11,V002,108.0,1.050153991252145
2026-07-23,2026-07-23 11:23:12,V002,108.0,1.0902296365759905
2026-07-23,2026-07-23 11:23:13,V002,109.0,1.0650044205026514
2026-07-23,2026-07-23 11:23:14,V002,109.0,1.0065504342972549
2026-07-23,2026-07-23 11:23:15,V002,109.0,1.080121309699893
2026-07-23,2026-07-23 11:23:16,V002,109.0,1.0545672717306127
2026-07-23,2026-07-23 11:23:17,V002,109.0,1.059167253268395
2026-07-23,2026-07-23 11:23:18,V002,110.0,1.0615717560304874
2026-07-23,2026-07-23 11:23:19,V002,110.0,1.008934287611013
2026-07-23,2026-07-23 11:23:20,V002,111.0,1.2741461610833962
2026-07-23,2026-07-23 11:23:21,V002,112.0,1.0027965622675639
2026-07-23,2026-07-23 11:23:22,V002,114.0,1.06773929260471
2026-07-23,2026-07-23 11:23:23,V002,115.0,1.096138216862706
2026-07-23,2026-07-23 11:23:24,V002,116.0,1.1118860016665417
2026-07-23,2026-07-23 11:23:25,V002,117.0,1.098924608321581
2026-07-23,2026-07-23 11:23:26,V002,117.0,1.0349798108875197
2026-07-23,2026-07-23 11:23:27,V002,118.0,1.0163113087766262
2026-07-23,2026-07-23 11:23:28,V002,118.0,1.0779004840079154
2026-07-23,2026-07-23 11:23:29,V002,118.0,1.1106287497815983
2026-07-23,2026-07-23 11:23:30,V002,119.0,1.0676404436280411
2026-07-23,2026-07-23 11:23:31,V002,119.0,1.0659926510990134
2026-07-23,2026-07-23 11:23:32,V002,119.0,1.138588148637546
2026-07-23,2026-07-23 11:23:33,V002,118.0,1.1350534944274084
2026-07-23,2026-07-23 11:23:34,V002,118.0,0.9212430701471289
2026-07-23,2026-07-23 11:23:35,V002,119.0,1.2869110883122357
2026-07-23,2026-07-23 11:23:36,V002,119.0,0.9921075837737001
2026-07-23,2026-07-23 11:23:37,V002,119.0,1.013192497082771
2026-07-23,2026-07-23 11:23:38,V002,119.0,1.0755635324493702
2026-07-23,2026-07-23 11:23:39,V002,120.0,1.0470050320613995
2026-07-23,2026-07-23 11:23:40,V002,120.0,1.016219081043468
2026-07-23,2026-07-23 11:23:41,V002,121.0,1.0461975463715867
2026-07-23,2026-07-23 11:23:42,V002,123.0,1.0540123704648194
2026-07-23,2026-07-23 11:23:43,V002,125.0,1.0185895365577013
2026-07-23,2026-07-23 11:23:44,V002,125.0,1.0388735218507548
2026-07-23,2026-07-23 11:23:45,V002,125.0,1.0832832369860832
2026-07-23,2026-07-23 11:23:46,V002,125.0,1.0749920696890163
2026-07-23,2026-07-23 11:23:47,V002,125.0,1.0823717984147885
2026-07-23,2026-07-23 11:23:48,V002,125.0,1.1225287852423422
2026-07-23,2026-07-23 11:23:49,V002,125.0,1.0640828877119297
2026-07-23,2026-07-23 11:23:50,V002,124.0,1.0682525618404537
2026-07-23,2026-07-23 11:23:51,V002,124.0,0.9954855211295924
2026-07-23,2026-07-23 11:23:52,V002,124.0,1.0522817461194711
2026-07-23,2026-07-23 11:23:53,V002,124.0,1.0586226744177818
2026-07-23,2026-07-23 11:23:54,V002,124.0,1.0124719158800048
2026-07-23,2026-07-23 11:23:55,V002,123.0,1.0344107883067846
2026-07-23,2026-07-23 11:23:56,V002,123.0,1.1868314963750937
2026-07-23,2026-07-23 11:23:57,V002,122.0,1.1132436294469459
2026-07-23,2026-07-23 11:23:58,V002,121.0,1.149249214655594
2026-07-23,2026-07-23 11:23:59,V002,120.0,1.3924649688471933
2026-07-23,2026-07-23 11:24:00,V002,120.0,1.475135061459184
2026-07-23,2026-07-23 11:24:01,V002,119.0,1.1802798887663153
2026-07-23,2026-07-23 11:24:02,V002,119.0,1.0939482351040928
2026-07-23,2026-07-23 11:24:03,V002,119.0,1.056395430433971
2026-07-23,2026-07-23 11:24:04,V002,119.0,1.082146033509141
2026-07-23,2026-07-23 11:24:05,V002,119.0,1.1846244009996254
2026-07-23,2026-07-23 11:24:06,V002,119.0,1.0717349038995345
2026-07-23,2026-07-23 11:24:07,V002,119.0,1.031864598904452
2026-07-23,2026-07-23 11:24:08,V002,119.0,1.0361993886375205
2026-07-23,2026-07-23 11:24:09,V002,118.0,1.1673215511619015
2026-07-23,2026-07-23 11:24:10,V002,118.0,1.0524600001873718
2026-07-23,2026-07-23 11:24:11,V002,117.0,1.0149624276204188
2026-07-23,2026-07-23 11:24:12,V002,117.0,1.1135648013875639
2026-07-23,2026-07-23 11:24:13,V002,116.0,1.3315947855170152
2026-07-23,2026-07-23 11:24:14,V002,116.0,1.1172444189520896
2026-07-23,2026-07-23 11:24:15,V002,116.0,1.1029244544130277
2026-07-23,2026-07-23 11:24:16,V002,116.0,1.1315593848630152
2026-07-23,2026-07-23 11:24:17,V002,116.0,1.1276954386211124
2026-07-23,2026-07-23 11:24:18,V002,116.0,1.1284139311788974
2026-07-23,2026-07-23 11:24:19,V002,116.0,1.0933202516935956
2026-07-23,2026-07-23 11:24:20,V002,116.0,1.0435486742436937
2026-07-23,2026-07-23 11:24:21,V002,116.0,1.0620932072477993
2026-07-23,2026-07-23 11:24:22,V002,116.0,1.09377765738579
2026-07-23,2026-07-23 11:24:23,V002,116.0,1.0134424167323957
2026-07-23,2026-07-23 11:24:24,V002,116.0,1.0447799155592181
2026-07-23,2026-07-23 11:24:25,V002,116.0,1.1134108214999194
2026-07-23,2026-07-23 11:24:26,V002,116.0,1.1354005044878748
2026-07-23,2026-07-23 11:24:27,V002,117.0,1.0643200534199104
2026-07-23,2026-07-23 11:24:28,V002,117.0,1.110717326908977
2026-07-23,2026-07-23 11:24:29,V002,117.0,1.27637266200981
2026-07-23,2026-07-23 11:24:30,V002,117.0,1.1116135897940933
2026-07-23,2026-07-23 11:24:31,V002,118.0,1.0698187636926837
2026-07-23,2026-07-23 11:24:32,V002,118.0,1.1134762803320222
2026-07-23,2026-07-23 11:24:33,V002,119.0,1.0348413856476506
2026-07-23,2026-07-23 11:24:34,V002,119.0,1.082600992229401
2026-07-23,2026-07-23 11:24:35,V002,119.0,1.0216105904402826
2026-07-23,2026-07-23 11:24:36,V002,119.0,1.0437236359958029
2026-07-23,2026-07-23 11:24:37,V002,119.0,1.1980804148241158
2026-07-23,2026-07-23 11:24:38,V002,119.0,1.1069856434180223
2026-07-23,2026-07-23 11:24:39,V002,119.0,1.0512129545620168
2026-07-23,2026-07-23 11:24:40,V002,120.0,1.0575913637331538
2026-07-23,2026-07-23 11:24:41,V002,120.0,1.0879104248018903
2026-07-23,2026-07-23 11:24:42,V002,120.0,1.0682674144875945
2026-07-23,2026-07-23 11:24:43,V002,120.0,0.9768405131822013
2026-07-23,2026-07-23 11:24:44,V002,120.0,1.1383878312937918
2026-07-23,2026-07-23 11:24:45,V002,120.0,1.0904917425667382
2026-07-23,2026-07-23 11:24:46,V002,120.0,1.0185376915462523
2026-07-23,2026-07-23 11:24:47,V002,120.0,1.0557398330551084
2026-07-23,2026-07-23 11:24:48,V002,121.0,1.1830254843615549
2026-07-23,2026-07-23 11:24:49,V002,121.0,1.1615781462526817
2026-07-23,2026-07-23 11:24:50,V002,121.0,1.0447312376151625
2026-07-23,2026-07-23 11:24:51,V002,121.0,1.0752822475971087
2026-07-23,2026-07-23 11:24:52,V002,122.0,1.1001630429240101
2026-07-23,2026-07-23 11:24:53,V002,122.0,1.0463386502767258
2026-07-23,2026-07-23 11:24:54,V002,123.0,1.1465767843806385
2026-07-23,2026-07-23 11:24:55,V002,124.0,1.012141017227174
2026-07-23,2026-07-23 11:24:56,V002,124.0,1.0956852287717993
2026-07-23,2026-07-23 11:24:57,V002,125.0,1.0615476737364369
2026-07-23,2026-07-23 11:24:58,V002,125.0,1.0425939323357474
2026-07-23,2026-07-23 11:24:59,V002,125.0,1.0270843157877694
2026-07-23,2026-07-23 11:25:00,V002,125.0,1.1513735398756821
2026-07-23,2026-07-23 11:25:01,V002,125.0,1.0468275820661586
2026-07-23,2026-07-23 11:25:02,V002,125.0,1.0753260296558655
2026-07-23,2026-07-23 11:25:03,V002,125.0,1.0296841135381778
2026-07-23,2026-07-23 11:25:04,V002,125.0,1.2621288872917746
2026-07-23,2026-07-23 11:25:05,V002,125.0,1.1648934132744777
2026-07-23,2026-07-23 11:25:06,V002,125.0,1.0635648904756614
2026-07-23,2026-07-23 11:25:07,V002,125.0,1.065632155553484
2026-07-23,2026-07-23 11:25:08,V002,125.0,1.030382784233445
2026-07-23,2026-07-23 11:25:09,V002,124.0,1.0496450168044706
2026-07-23,2026-07-23 11:25:10,V002,124.0,1.0305906906425464
2026-07-23,2026-07-23 11:25:11,V002,124.0,1.0228903079612186
2026-07-23,2026-07-23 11:25:12,V002,125.0,1.0507257644143617
2026-07-23,2026-07-23 11:25:13,V002,125.0,1.021846198265529
2026-07-23,2026-07-23 11:25:14,V002,125.0,1.0231512526612963
2026-07-23,2026-07-23 11:25:15,V002,125.0,1.059538814223974
2026-07-23,2026-07-23 11:25:16,V002,125.0,1.4604576022984062
2026-07-23,2026-07-23 11:25:17,V002,125.0,1.084832462601999
2026-07-23,2026-07-23 11:25:18,V002,125.0,1.12081976471379
2026-07-23,2026-07-23 11:25:19,V002,125.0,1.0532721158061844
2026-07-23,2026-07-23 11:25:20,V002,126.0,1.0437801865034864
2026-07-23,2026-07-23 11:25:21,V002,126.0,1.0749870592417679
2026-07-23,2026-07-23 11:25:22,V002,127.0,1.0100141281931863
2026-07-23,2026-07-23 11:25:23,V002,127.0,1.0556069036997158
2026-07-23,2026-07-23 11:25:24,V002,128.0,1.085716894552219
2026-07-23,2026-07-23 11:25:25,V002,128.0,1.2475796319184846
2026-07-23,2026-07-23 11:25:26,V002,128.0,1.2448935384930855
2026-07-23,2026-07-23 11:25:27,V002,128.0,1.0620938465334977
2026-07-23,2026-07-23 11:25:28,V002,128.0,1.0919244113071285
2026-07-23,2026-07-23 11:25:29,V002,128.0,1.04806849235112
2026-07-23,2026-07-23 11:25:30,V002,128.0,1.0875665381383706
2026-07-23,2026-07-23 11:25:31,V002,127.0,1.1069954802990671
2026-07-23,2026-07-23 11:25:32,V002,127.0,1.0276874642292653
2026-07-23,2026-07-23 11:25:33,V002,127.0,1.1468097796287002
2026-07-23,2026-07-23 11:25:34,V002,127.0,1.155658427606707
2026-07-23,2026-07-23 11:25:35,V002,127.0,1.0891218670111547
2026-07-23,2026-07-23 11:25:36,V002,127.0,1.186958600051265
2026-07-23,2026-07-23 11:25:37,V002,127.0,1.0011840149865063
2026-07-23,2026-07-23 11:25:38,V002,126.0,1.1584564771068173
2026-07-23,2026-07-23 11:25:39,V002,126.0,1.0366089422085574
2026-07-23,2026-07-23 11:25:40,V002,125.0,1.039455558897164
2026-07-23,2026-07-23 11:25:41,V002,125.0,1.020335521582984
2026-07-23,2026-07-23 11:25:42,V002,123.0,1.0440474192097422
2026-07-23,2026-07-23 11:25:43,V002,123.0,1.0721733131657862
2026-07-23,2026-07-23 11:25:44,V002,122.0,1.0271653918639532
2026-07-23,2026-07-23 11:25:45,V002,121.0,1.07880349215702
2026-07-23,2026-07-23 11:25:46,V002,121.0,1.0495716420035477
2026-07-23,2026-07-23 11:25:47,V002,121.0,1.0252285305419016
2026-07-23,2026-07-23 11:25:48,V002,121.0,1.0905766831318928
2026-07-23,2026-07-23 11:25:49,V002,121.0,0.9587089040559242
2026-07-23,2026-07-23 11:25:50,V002,121.0,1.169614934555627
2026-07-23,2026-07-23 11:25:51,V002,122.0,1.028338964216617
2026-07-23,2026-07-23 11:25:52,V002,122.0,1.307019132401144
2026-07-23,2026-07-23 11:25:53,V002,122.0,1.0508374243663439
2026-07-23,2026-07-23 11:25:54,V002,122.0,1.0860152664959533
2026-07-23,2026-07-23 11:25:55,V002,122.0,1.1054719928327126
2026-07-23,2026-07-23 11:25:56,V002,123.0,1.0326922164639096
2026-07-23,2026-07-23 11:25:57,V002,124.0,1.052862687323535
2026-07-23,2026-07-23 11:25:58,V002,123.0,1.1806611606799717
2026-07-23,2026-07-23 11:25:59,V002,123.0,1.2960291452945762
2026-07-23,2026-07-23 11:26:00,V002,124.0,1.2499177366243344
2026-07-23,2026-07-23 11:26:01,V002,124.0,1.0584460356341723
2026-07-23,2026-07-23 11:26:02,V002,125.0,1.1603201781190955
2026-07-23,2026-07-23 11:26:03,V002,125.0,1.2335881279293548
2026-07-23,2026-07-23 11:26:04,V002,126.0,1.0784431050170247
2026-07-23,2026-07-23 11:26:05,V002,127.0,1.1185119272077413
2026-07-23,2026-07-23 11:26:06,V002,128.0,1.1017231653353396
2026-07-23,2026-07-23 11:26:07,V002,129.0,0.998466061555582
2026-07-23,2026-07-23 11:26:08,V002,130.0,1.0655238553859878
2026-07-23,2026-07-23 11:26:09,V002,131.0,1.075859954318452
2026-07-23,2026-07-23 11:26:10,V002,131.0,1.062068516864182
2026-07-23,2026-07-23 11:26:11,V002,131.0,1.0730262679468257
2026-07-23,2026-07-23 11:26:12,V002,130.0,1.0937148851149934
2026-07-23,2026-07-23 11:26:13,V002,130.0,1.0709914755905505
2026-07-23,2026-07-23 11:26:14,V002,130.0,1.0702649251772065
2026-07-23,2026-07-23 11:26:15,V002,130.0,1.0826383567720308
2026-07-23,2026-07-23 11:26:16,V002,130.0,1.038990693810474
2026-07-23,2026-07-23 11:26:17,V002,130.0,1.0441736666831452
2026-07-23,2026-07-23 11:26:18,V002,130.0,1.0376134783777118
2026-07-23,2026-07-23 11:26:19,V002,130.0,1.079403520129735
2026-07-23,2026-07-23 11:26:20,V002,130.0,1.0503432087487399
2026-07-23,2026-07-23 11:26:21,V002,130.0,1.0701585281828634
2026-07-23,2026-07-23 11:26:22,V002,130.0,1.0260811353533825
2026-07-23,2026-07-23 11:26:23,V002,130.0,1.0351418602972227
2026-07-23,2026-07-23 11:26:24,V002,130.0,1.0350106144847908
2026-07-23,2026-07-23 11:26:25,V002,130.0,1.0279260713507539
2026-07-23,2026-07-23 11:26:26,V002,130.0,1.0242303549398664
2026-07-23,2026-07-23 11:26:27,V002,130.0,1.03215300044537
2026-07-23,2026-07-23 11:26:28,V002,129.0,1.0283969316945434
2026-07-23,2026-07-23 11:26:29,V002,129.0,1.0248914557500493
2026-07-23,2026-07-23 11:26:30,V002,129.0,1.028224231163998
2026-07-23,2026-07-23 11:26:31,V002,129.0,1.018681721476659
2026-07-23,2026-07-23 11:26:32,V002,129.0,1.0398106960506073
2026-07-23,2026-07-23 11:26:33,V002,129.0,1.0237980600698378
2026-07-23,2026-07-23 11:26:34,V002,129.0,1.043510861765323
2026-07-23,2026-07-23 11:26:35,V002,129.0,1.066562993175426
2026-07-23,2026-07-23 11:26:36,V002,129.0,1.0740309626112117
2026-07-23,2026-07-23 11:26:37,V002,129.0,1.045650660429338
2026-07-23,2026-07-23 11:26:38,V002,129.0,0.9898500911844621
2026-07-23,2026-07-23 11:26:39,V002,129.0,1.0051389720730013
2026-07-23,2026-07-23 11:26:40,V002,128.0,1.0024898947831173
2026-07-23,2026-07-23 11:26:41,V002,128.0,1.0007672264175693
2026-07-23,2026-07-23 11:26:42,V002,128.0,1.0868672188654753
2026-07-23,2026-07-23 11:26:43,V002,128.0,1.0520997934917082
2026-07-23,2026-07-23 11:26:44,V002,126.0,1.0155493079565674
2026-07-23,2026-07-23 11:26:45,V002,125.0,1.094018498424364
2026-07-23,2026-07-23 11:26:46,V002,125.0,1.02782068948397
2026-07-23,2026-07-23 11:26:47,V002,125.0,1.022349120472271
2026-07-23,2026-07-23 11:26:48,V002,125.0,1.027400785605968
2026-07-23,2026-07-23 11:26:49,V002,125.0,1.0371630801619354
2026-07-23,2026-07-23 11:26:50,V002,125.0,1.02735158821745
2026-07-23,2026-07-23 11:26:51,V002,125.0,1.0329030905740495
2026-07-23,2026-07-23 11:26:52,V002,125.0,1.0015887752913417
2026-07-23,2026-07-23 11:26:53,V002,125.0,1.0585770230631675
2026-07-23,2026-07-23 11:26:54,V002,125.0,1.0362422282411294
2026-07-23,2026-07-23 11:26:55,V002,125.0,1.005479543359429
2026-07-23,2026-07-23 11:26:56,V002,125.0,1.0326623178794418
2026-07-23,2026-07-23 11:26:57,V002,125.0,1.097628017245092
2026-07-23,2026-07-23 11:26:58,V002,125.0,1.0046418549072496
2026-07-23,2026-07-23 11:26:59,V002,125.0,1.1409380944232805
2026-07-23,2026-07-23 11:27:00,V002,125.0,1.0585397773680971
2026-07-23,2026-07-23 11:27:01,V002,126.0,1.1851354035243393
2026-07-23,2026-07-23 11:27:02,V002,126.0,1.0810549679452321
2026-07-23,2026-07-23 11:27:03,V002,126.0,1.0528021302646373
2026-07-23,2026-07-23 11:27:04,V002,126.0,1.0391074100065512
2026-07-23,2026-07-23 11:27:05,V002,127.0,1.0597290087222317
2026-07-23,2026-07-23 11:27:06,V002,126.0,1.071301441178242
2026-07-23,2026-07-23 11:27:07,V002,126.0,1.0563144019745117
2026-07-23,2026-07-23 11:27:08,V002,126.0,1.06589970160126
2026-07-23,2026-07-23 11:27:09,V002,126.0,1.0616725602020232
2026-07-23,2026-07-23 11:27:10,V002,126.0,1.0937266068082296
2026-07-23,2026-07-23 11:27:11,V002,125.0,1.0569346536077555
2026-07-23,2026-07-23 11:27:12,V002,125.0,1.0551793345011498
2026-07-23,2026-07-23 11:27:13,V002,125.0,1.0651499089274712
2026-07-23,2026-07-23 11:27:14,V002,125.0,1.0364168004119632
2026-07-23,2026-07-23 11:27:15,V002,125.0,1.0487695457956447
2026-07-23,2026-07-23 11:27:16,V002,125.0,1.0456077971607882
2026-07-23,2026-07-23 11:27:17,V002,125.0,1.0400621314255403
2026-07-23,2026-07-23 11:27:18,V002,124.0,1.021610843981486
2026-07-23,2026-07-23 11:27:19,V002,124.0,1.0508868571461576
2026-07-23,2026-07-23 11:27:20,V002,124.0,1.030061043430277
2026-07-23,2026-07-23 11:27:21,V002,123.0,1.0409130637358806
2026-07-23,2026-07-23 11:27:22,V002,123.0,1.0275897110119392
2026-07-23,2026-07-23 11:27:23,V002,122.0,1.0173061910036094
2026-07-23,2026-07-23 11:27:24,V002,122.0,1.0271912745793152
2026-07-23,2026-07-23 11:27:25,V002,122.0,1.039056370794651
2026-07-23,2026-07-23 11:27:26,V002,121.0,1.0859076267560712
2026-07-23,2026-07-23 11:27:27,V002,121.0,1.0208454788780281
2026-07-23,2026-07-23 11:27:28,V002,120.0,1.0282849235129203
2026-07-23,2026-07-23 11:27:29,V002,120.0,1.024551065004648
2026-07-23,2026-07-23 11:27:30,V002,120.0,1.0216031506250356
2026-07-23,2026-07-23 11:27:31,V002,120.0,1.0317397386911873
2026-07-23,2026-07-23 11:27:32,V002,120.0,1.0234748170752295
2026-07-23,2026-07-23 11:27:33,V002,120.0,1.0260361787119026
2026-07-23,2026-07-23 11:27:34,V002,121.0,1.0259320901704418
2026-07-23,2026-07-23 11:27:35,V002,121.0,1.0274222476981982
2026-07-23,2026-07-23 11:27:36,V002,121.0,1.023312416871466
2026-07-23,2026-07-23 11:27:37,V002,122.0,1.0268545337019912
2026-07-23,2026-07-23 11:27:38,V002,122.0,1.0229397874586261
2026-07-23,2026-07-23 11:27:39,V002,123.0,1.0256054186854096
2026-07-23,2026-07-23 11:27:40,V002,123.0,1.025649903457939
2026-07-23,2026-07-23 11:27:41,V002,124.0,1.0173076007186488
2026-07-23,2026-07-23 11:27:42,V002,124.0,1.0980296465844135
2026-07-23,2026-07-23 11:27:43,V002,124.0,0.9700120013563114
2026-07-23,2026-07-23 11:27:44,V002,124.0,0.9982755920243912
2026-07-23,2026-07-23 11:27:45,V002,124.0,1.0203648498162954
2026-07-23,2026-07-23 11:27:46,V002,125.0,0.9937245888655672
2026-07-23,2026-07-23 11:27:47,V002,125.0,1.0004380835460487
2026-07-23,2026-07-23 11:27:48,V002,125.0,1.044119050533521
2026-07-23,2026-07-23 11:27:49,V002,125.0,1.0234513669552543
2026-07-23,2026-07-23 11:27:50,V002,126.0,1.0199995071008319
2026-07-23,2026-07-23 11:27:51,V002,126.0,1.048300415247965
2026-07-23,2026-07-23 11:27:52,V002,126.0,0.9808975529615106
2026-07-23,2026-07-23 11:27:53,V002,126.0,1.0388244449440693
2026-07-23,2026-07-23 11:27:54,V002,126.0,1.0376351530255363
2026-07-23,2026-07-23 11:27:55,V002,126.0,1.0352404382863842
2026-07-23,2026-07-23 11:27:56,V002,125.0,1.0609338556283332
2026-07-23,2026-07-23 11:27:57,V002,125.0,1.0308440329349484
2026-07-23,2026-07-23 11:27:58,V002,125.0,1.0338429815265666
2026-07-23,2026-07-23 11:27:59,V002,125.0,1.043743443059387
2026-07-23,2026-07-23 11:28:00,V002,125.0,1.0092924430514887
2026-07-23,2026-07-23 11:28:01,V002,124.0,1.0478556744574516
2026-07-23,2026-07-23 11:28:02,V002,124.0,1.0391077711462156
2026-07-23,2026-07-23 11:28:03,V002,124.0,1.0341035840334536
2026-07-23,2026-07-23 11:28:04,V002,124.0,0.9471018693082623
2026-07-23,2026-07-23 11:28:05,V002,124.0,1.1672175432055938
2026-07-23,2026-07-23 11:28:06,V002,124.0,1.0314396536867891
2026-07-23,2026-07-23 11:28:07,V002,125.0,1.0244314109635348
2026-07-23,2026-07-23 11:28:08,V002,125.0,1.0251727767379795
2026-07-23,2026-07-23 11:28:09,V002,125.0,1.024984653283378
2026-07-23,2026-07-23 11:28:10,V002,126.0,1.024769103733724
2026-07-23,2026-07-23 11:28:11,V002,126.0,1.027596627901319
2026-07-23,2026-07-23 11:28:12,V002,127.0,1.0273496067543175
2026-07-23,2026-07-23 11:28:13,V002,128.0,1.0261745635443467
2026-07-23,2026-07-23 11:28:14,V002,129.0,1.0293638461031414
2026-07-23,2026-07-23 11:28:15,V002,129.0,1.0271097178145552
2026-07-23,2026-07-23 11:28:16,V002,129.0,1.0253946584588338
2026-07-23,2026-07-23 11:28:17,V002,129.0,1.026807051648279
2026-07-23,2026-07-23 11:28:18,V002,130.0,1.0245999153926755
2026-07-23,2026-07-23 11:28:19,V002,130.0,1.027661584202997
2026-07-23,2026-07-23 11:28:20,V002,130.0,1.0273536440741742
2026-07-23,2026-07-23 11:28:21,V002,130.0,1.0294771476035378
2026-07-23,2026-07-23 11:28:22,V002,129.0,1.0272628486437483
2026-07-23,2026-07-23 11:28:23,V002,129.0,1.0270463991429173
2026-07-23,2026-07-23 11:28:24,V002,129.0,1.0302146116441298
2026-07-23,2026-07-23 11:28:25,V002,129.0,1.0282311328459046
2026-07-23,2026-07-23 11:28:26,V002,128.0,1.0268160236092698
2026-07-23,2026-07-23 11:28:27,V002,128.0,1.02736972381268
2026-07-23,2026-07-23 11:28:28,V002,127.0,1.0315589326439687
2026-07-23,2026-07-23 11:28:29,V002,127.0,1.0238168713369964
2026-07-23,2026-07-23 11:28:30,V002,125.0,1.030672253738421
2026-07-23,2026-07-23 11:28:31,V002,125.0,1.0289433859596533
2026-07-23,2026-07-23 11:28:32,V002,124.0,1.0260714500465966
2026-07-23,2026-07-23 11:28:33,V002,123.0,1.0292805280572366
2026-07-23,2026-07-23 11:28:34,V002,123.0,1.027370338929887
2026-07-23,2026-07-23 11:28:35,V002,122.0,1.0234661815535657
2026-07-23,2026-07-23 11:28:36,V002,122.0,1.0290702272514076
2026-07-23,2026-07-23 11:28:37,V002,121.0,1.0247018321313603
2026-07-23,2026-07-23 11:28:38,V002,121.0,1.0274317843149041
2026-07-23,2026-07-23 11:28:39,V002,121.0,1.0302162303938636
2026-07-23,2026-07-23 11:28:40,V002,120.0,1.004941428670868
2026-07-23,2026-07-23 11:28:41,V002,120.0,1.0697928703034683
2026-07-23,2026-07-23 11:28:42,V002,120.0,1.04789768017593
2026-07-23,2026-07-23 11:28:43,V002,120.0,1.0706071061513858
2026-07-23,2026-07-23 11:28:44,V002,120.0,1.0424417365860665
2026-07-23,2026-07-23 11:28:45,V002,120.0,0.9922168548011209
2026-07-23,2026-07-23 11:28:46,V002,120.0,1.0012483103066934
2026-07-23,2026-07-23 11:28:47,V002,120.0,1.0319765010693736
2026-07-23,2026-07-23 11:28:48,V002,120.0,1.0091390007947245
2026-07-23,2026-07-23 11:28:49,V002,120.0,1.0391310106896647
2026-07-23,2026-07-23 11:28:50,V002,121.0,0.9801633156859304
2026-07-23,2026-07-23 11:28:51,V002,121.0,1.001988917959784
2026-07-23,2026-07-23 11:28:52,V002,121.0,1.001088731976936
2026-07-23,2026-07-23 11:28:53,V002,121.0,1.0266192184937994
2026-07-23,2026-07-23 11:28:54,V002,121.0,1.0493205238773453
2026-07-23,2026-07-23 11:28:55,V002,122.0,1.0877566557599891
2026-07-23,2026-07-23 11:28:56,V002,122.0,0.9370962834575441
2026-07-23,2026-07-23 11:28:57,V002,122.0,1.086464924676193
2026-07-23,2026-07-23 11:28:58,V002,122.0,1.0307417860038859
2026-07-23,2026-07-23 11:28:59,V002,123.0,1.0308369483946624
2026-07-23,2026-07-23 11:29:00,V002,123.0,1.0299800655268228
2026-07-23,2026-07-23 11:29:01,V002,123.0,1.0261325185603127
2026-07-23,2026-07-23 11:29:02,V002,123.0,1.0250405494433195
2026-07-23,2026-07-23 11:29:03,V002,122.0,1.0301598712596547
2026-07-23,2026-07-23 11:29:04,V002,122.0,1.0305571584802002
2026-07-23,2026-07-23 11:29:05,V002,122.0,1.0245358783665963
2026-07-23,2026-07-23 11:29:06,V002,121.0,1.0385709374930991
2026-07-23,2026-07-23 11:29:07,V002,121.0,1.0273714295808678
2026-07-23,2026-07-23 11:29:08,V002,121.0,1.0296174131249498
2026-07-23,2026-07-23 11:29:09,V002,120.0,1.0261151788715959
2026-07-23,2026-07-23 11:29:10,V002,121.0,1.026764589456153
2026-07-23,2026-07-23 11:29:11,V002,121.0,1.0240592336313732
2026-07-23,2026-07-23 11:29:12,V002,121.0,1.0402086557899999
2026-07-23,2026-07-23 11:29:13,V002,121.0,1.0129647723700854
2026-07-23,2026-07-23 11:29:14,V002,121.0,1.0641814746266003
2026-07-23,2026-07-23 11:29:15,V002,122.0,1.0250636398104882
2026-07-23,2026-07-23 11:29:16,V002,122.0,1.0583674152788765
2026-07-23,2026-07-23 11:29:17,V002,122.0,1.0191866298649594
2026-07-23,2026-07-23 11:29:18,V002,122.0,1.0310089961044056
2026-07-23,2026-07-23 11:29:19,V002,122.0,1.0194759432484137
2026-07-23,2026-07-23 11:29:20,V002,122.0,1.0472065717903138
2026-07-23,2026-07-23 11:29:21,V002,122.0,0.9945993644064618
2026-07-23,2026-07-23 11:29:22,V002,123.0,1.0850697213707943
2026-07-23,2026-07-23 11:29:23,V002,123.0,1.03664839493273
2026-07-23,2026-07-23 11:29:24,V002,123.0,1.0475089292505257
2026-07-23,2026-07-23 11:29:25,V002,123.0,1.0269390803819065
2026-07-23,2026-07-23 11:29:26,V002,122.0,1.0262352370285945
2026-07-23,2026-07-23 11:29:27,V002,122.0,1.0280829855638804
2026-07-23,2026-07-23 11:29:28,V002,121.0,1.0272064409247588
2026-07-23,2026-07-23 11:29:29,V002,120.0,1.027667908816438
2026-07-23,2026-07-23 11:29:30,V002,119.0,1.0290524719751686
2026-07-23,2026-07-23 11:29:31,V002,119.0,1.0269426494156946
2026-07-23,2026-07-23 11:29:32,V002,118.0,1.0307041511445787
2026-07-23,2026-07-23 11:29:33,V002,117.0,1.0300448077248254
2026-07-23,2026-07-23 11:29:34,V002,116.0,1.0235175502342015
2026-07-23,2026-07-23 11:29:35,V002,115.0,1.0275215567281122
2026-07-23,2026-07-23 11:29:36,V002,114.0,1.0398893328494392
2026-07-23,2026-07-23 11:29:37,V002,114.0,1.024559569992116
2026-07-23,2026-07-23 11:29:38,V002,114.0,1.0538345655377532
2026-07-23,2026-07-23 11:29:39,V002,113.0,1.019139967314643
2026-07-23,2026-07-23 11:29:40,V002,113.0,1.029084905262167
2026-07-23,2026-07-23 11:29:41,V002,113.0,1.0303645600017672
2026-07-23,2026-07-23 11:29:42,V002,112.0,1.013758308684863
2026-07-23,2026-07-23 11:29:43,V002,111.0,1.0278048511055906
2026-07-23,2026-07-23 11:29:44,V002,110.0,1.1308373572195176
2026-07-23,2026-07-23 11:29:45,V002,109.0,1.0214525650659259
2026-07-23,2026-07-23 11:29:46,V002,108.0,1.0234716133882154
2026-07-23,2026-07-23 11:29:47,V002,108.0,1.0661099157030414
2026-07-23,2026-07-23 11:29:48,V002,108.0,1.0875073609500554
2026-07-23,2026-07-23 11:29:49,V002,108.0,1.03999082983397
2026-07-23,2026-07-23 11:29:50,V002,108.0,1.0443372330112959
2026-07-23,2026-07-23 11:29:51,V002,108.0,1.0829507190731251
2026-07-23,2026-07-23 11:29:52,V002,108.0,1.0436711515605934
2026-07-23,2026-07-23 11:29:53,V002,108.0,1.0313104749184168
2026-07-23,2026-07-23 11:29:54,V002,108.0,1.0492657985241498
2026-07-23,2026-07-23 11:29:55,V002,108.0,1.0269102459164936
2026-07-23,2026-07-23 11:29:56,V002,108.0,1.0235146708720693
2026-07-23,2026-07-23 11:29:57,V002,108.0,1.0217486631643664
2026-07-23,2026-07-23 11:29:58,V002,108.0,1.023911829019166
2026-07-23,2026-07-23 11:29:59,V002,107.0,1.0245508524453546
2026-07-23,2026-07-23 11:30:00,V002,106.0,1.0227062544738064
2026-07-23,2026-07-23 11:30:01,V002,106.0,1.021322043560616
2026-07-23,2026-07-23 11:30:02,V002,105.0,1.0229514484445803
2026-07-23,2026-07-23 11:30:03,V002,105.0,1.0242468535112803
2026-07-23,2026-07-23 11:30:04,V002,103.0,1.0444198336745816
2026-07-23,2026-07-23 11:30:05,V002,102.0,1.0850121909700774
2026-07-23,2026-07-23 11:30:06,V002,102.0,1.0246709953399995
2026-07-23,2026-07-23 11:30:07,V002,103.0,1.034902896058584
2026-07-23,2026-07-23 11:30:08,V002,103.0,1.0457551879673905
2026-07-23,2026-07-23 11:30:09,V002,104.0,1.0355442627438214
2026-07-23,2026-07-23 11:30:10,V002,104.0,1.05215395676706
2026-07-23,2026-07-23 11:30:11,V002,104.0,1.0356904111664655
2026-07-23,2026-07-23 11:30:12,V002,104.0,1.0267154852517681
2026-07-23,2026-07-23 11:30:13,V002,104.0,1.0446488339101878
2026-07-23,2026-07-23 11:30:14,V002,105.0,1.0231224001220884
2026-07-23,2026-07-23 11:30:15,V002,106.0,1.0299735043789642
2026-07-23,2026-07-23 11:30:16,V002,107.0,1.0285104176313276
2026-07-23,2026-07-23 11:30:17,V002,107.0,1.0273736203500878
2026-07-23,2026-07-23 11:30:18,V002,107.0,1.0265485519959316
2026-07-23,2026-07-23 11:30:19,V002,108.0,1.0242061887161564
2026-07-23,2026-07-23 11:30:20,V002,108.0,1.028281750051577
2026-07-23,2026-07-23 11:30:21,V002,108.0,1.0234206836328272
2026-07-23,2026-07-23 11:30:22,V002,108.0,1.0237146578077587
2026-07-23,2026-07-23 11:30:23,V002,108.0,1.0236463627241048
2026-07-23,2026-07-23 11:30:24,V002,108.0,1.0228513187159523
2026-07-23,2026-07-23 11:30:25,V002,108.0,1.023019122163092
2026-07-23,2026-07-23 11:30:26,V002,108.0,1.0242239759034029
2026-07-23,2026-07-23 11:30:27,V002,108.0,1.0902603165450167
2026-07-23,2026-07-23 11:30:28,V002,107.0,1.0237227631805588
2026-07-23,2026-07-23 11:30:29,V002,107.0,1.02388429093313
2026-07-23,2026-07-23 11:30:30,V002,107.0,1.0156744280758445
2026-07-23,2026-07-23 11:30:31,V002,106.0,1.0140602444812443
2026-07-23,2026-07-23 11:30:32,V002,107.0,1.0114409634243942
2026-07-23,2026-07-23 11:30:33,V002,108.0,1.013343520110846
2026-07-23,2026-07-23 11:30:34,V002,108.0,1.0125828222768136
2026-07-23,2026-07-23 11:30:35,V002,109.0,1.0142218362374829
2026-07-23,2026-07-23 11:30:36,V002,109.0,0.9949695531438196
2026-07-23,2026-07-23 11:30:37,V002,109.0,1.0582358941965686
2026-07-23,2026-07-23 11:30:38,V002,110.0,1.041056023308693
2026-07-23,2026-07-23 11:30:39,V002,110.0,1.0681627330347578
2026-07-23,2026-07-23 11:30:40,V002,112.0,1.0476157556505163
2026-07-23,2026-07-23 11:30:41,V002,113.0,1.04105141188981
2026-07-23,2026-07-23 11:30:42,V002,115.0,1.0312696209246126
2026-07-23,2026-07-23 11:30:43,V002,116.0,1.0221083797902744
2026-07-23,2026-07-23 11:30:44,V002,117.0,1.0425434001244662
2026-07-23,2026-07-23 11:30:45,V002,117.0,1.041212174797876
2026-07-23,2026-07-23 11:30:46,V002,118.0,1.015807164495431
2026-07-23,2026-07-23 11:30:47,V002,118.0,1.03340191847313
2026-07-23,2026-07-23 11:30:48,V002,119.0,1.0269884861559386
2026-07-23,2026-07-23 11:30:49,V002,119.0,1.0252390327086125
2026-07-23,2026-07-23 11:30:50,V002,119.0,1.0203562421002825
2026-07-23,2026-07-23 11:30:51,V002,120.0,1.0211199851238593
2026-07-23,2026-07-23 11:30:52,V002,120.0,1.028963668674041
2026-07-23,2026-07-23 11:30:53,V002,121.0,1.0335292652111174
2026-07-23,2026-07-23 11:30:54,V002,120.0,1.0344513791011605
2026-07-23,2026-07-23 11:30:55,V002,120.0,1.1016346615596289
2026-07-23,2026-07-23 11:30:56,V002,120.0,1.0373259037255913
2026-07-23,2026-07-23 11:30:57,V002,119.0,1.121200662457138
2026-07-23,2026-07-23 11:30:58,V002,119.0,0.9745614217931837
2026-07-23,2026-07-23 11:30:59,V002,119.0,1.0673064040980966
2026-07-23,2026-07-23 11:31:00,V002,119.0,1.0436175715394522
2026-07-23,2026-07-23 11:31:01,V002,119.0,1.048210958705114
2026-07-23,2026-07-23 11:31:02,V002,119.0,1.0339142155754264
2026-07-23,2026-07-23 11:31:03,V002,119.0,1.0505931438392007
2026-07-23,2026-07-23 11:31:04,V002,119.0,1.0379777969137904
2026-07-23,2026-07-23 11:31:05,V002,119.0,1.0366782628339093
2026-07-23,2026-07-23 11:31:06,V002,119.0,1.053832617085927
2026-07-23,2026-07-23 11:31:07,V002,119.0,1.0020963428257634
2026-07-23,2026-07-23 11:31:08,V002,119.0,1.025101286960765
2026-07-23,2026-07-23 11:31:09,V002,119.0,1.0082134970872292
2026-07-23,2026-07-23 11:31:10,V002,119.0,1.022118375943778
2026-07-23,2026-07-23 11:31:11,V002,118.0,0.99125256529322
2026-07-23,2026-07-23 11:31:12,V002,117.0,1.144734856069776
2026-07-23,2026-07-23 11:31:13,V002,117.0,1.0458730695542835
2026-07-23,2026-07-23 11:31:14,V002,116.0,1.0336025406308136
2026-07-23,2026-07-23 11:31:15,V002,115.0,1.0363435261640779
2026-07-23,2026-07-23 11:31:16,V002,114.0,1.0854471562105068
2026-07-23,2026-07-23 11:31:17,V002,113.0,1.0602034439106796
2026-07-23,2026-07-23 11:31:18,V002,113.0,1.0174153837026012
2026-07-23,2026-07-23 11:31:19,V002,112.0,1.045082819535334
2026-07-23,2026-07-23 11:31:20,V002,112.0,1.052359797137461
2026-07-23,2026-07-23 11:31:21,V002,113.0,1.0329517633421637
2026-07-23,2026-07-23 11:31:22,V002,113.0,1.0385347697302372
2026-07-23,2026-07-23 11:31:23,V002,114.0,1.0325800914855525
2026-07-23,2026-07-23 11:31:24,V002,114.0,1.0337469597119517
2026-07-23,2026-07-23 11:31:25,V002,114.0,1.0564669926813035
2026-07-23,2026-07-23 11:31:26,V002,114.0,1.0302066811848334
2026-07-23,2026-07-23 11:31:27,V002,115.0,1.0247318058809378
2026-07-23,2026-07-23 11:31:28,V002,115.0,1.0525807769223676
2026-07-23,2026-07-23 11:31:29,V002,115.0,1.0188801069343516
2026-07-23,2026-07-23 11:31:30,V002,115.0,1.0414645817424972
2026-07-23,2026-07-23 11:31:31,V002,115.0,1.0524530793054403
2026-07-23,2026-07-23 11:31:32,V002,115.0,1.0302458333402165
2026-07-23,2026-07-23 11:31:33,V002,115.0,1.045830281129911
2026-07-23,2026-07-23 11:31:34,V002,114.0,1.0565432169407407
2026-07-23,2026-07-23 11:31:35,V002,114.0,1.0656258098624898
2026-07-23,2026-07-23 11:31:36,V002,114.0,1.0795971907183475
2026-07-23,2026-07-23 11:31:37,V002,113.0,1.0300430732563546
2026-07-23,2026-07-23 11:31:38,V002,114.0,1.0498702150959036
2026-07-23,2026-07-23 11:31:39,V002,114.0,1.0305508079046641
2026-07-23,2026-07-23 11:31:40,V002,114.0,1.0387094821295606
2026-07-23,2026-07-23 11:31:41,V002,115.0,1.0874787976340674
2026-07-23,2026-07-23 11:31:42,V002,115.0,1.062852596029126
2026-07-23,2026-07-23 11:31:43,V002,115.0,1.1623530646020523
2026-07-23,2026-07-23 11:31:44,V002,115.0,0.987091054820963
2026-07-23,2026-07-23 11:31:45,V002,116.0,1.071021834235005
2026-07-23,2026-07-23 11:31:46,V002,118.0,1.0539863049684417
2026-07-23,2026-07-23 11:31:47,V002,121.0,1.0313319750711465
2026-07-23,2026-07-23 11:31:48,V002,122.0,1.0273244105627328
2026-07-23,2026-07-23 11:31:49,V002,124.0,1.1362369206904697
2026-07-23,2026-07-23 11:31:50,V002,124.0,1.0445279625962307
2026-07-23,2026-07-23 11:31:51,V002,125.0,1.0418016766446394
2026-07-23,2026-07-23 11:31:52,V002,125.0,1.072799880065414
2026-07-23,2026-07-23 11:31:53,V002,125.0,1.0557013997814464
2026-07-23,2026-07-23 11:31:54,V002,125.0,1.0734701671713769
2026-07-23,2026-07-23 11:31:55,V002,125.0,1.0238880491009816
2026-07-23,2026-07-23 11:31:56,V002,125.0,1.0525694960556242
2026-07-23,2026-07-23 11:31:57,V002,125.0,1.0634138624595493
2026-07-23,2026-07-23 11:31:58,V002,126.0,1.0455485505706454
2026-07-23,2026-07-23 11:31:59,V002,126.0,1.040784676267239
2026-07-23,2026-07-23 11:32:00,V002,127.0,1.0201821464698413
2026-07-23,2026-07-23 11:32:01,V002,127.0,1.0276213122857027
2026-07-23,2026-07-23 11:32:02,V002,128.0,1.022426206999271
2026-07-23,2026-07-23 11:32:03,V002,128.0,1.0562659592189199
2026-07-23,2026-07-23 11:32:04,V002,129.0,1.0545723175360302
2026-07-23,2026-07-23 11:32:05,V002,131.0,1.0401167920024748
2026-07-23,2026-07-23 11:32:06,V002,131.0,1.0559088699333818
2026-07-23,2026-07-23 11:32:07,V002,132.0,1.0379927806710412
2026-07-23,2026-07-23 11:32:08,V002,132.0,1.0417179507549728
2026-07-23,2026-07-23 11:32:09,V002,132.0,1.1947612622724817
2026-07-23,2026-07-23 11:32:10,V002,133.0,1.0252524100734997
2026-07-23,2026-07-23 11:32:11,V002,133.0,1.0669376361348797
2026-07-23,2026-07-23 11:32:12,V002,133.0,1.0329525651833742
2026-07-23,2026-07-23 11:32:13,V002,133.0,1.0483534531985708
2026-07-23,2026-07-23 11:32:14,V002,134.0,1.041628282371782
2026-07-23,2026-07-23 11:32:15,V002,134.0,1.0477044811548952
2026-07-23,2026-07-23 11:32:16,V002,134.0,1.0665051745715712
2026-07-23,2026-07-23 11:32:17,V002,135.0,1.0451837610844452
2026-07-23,2026-07-23 11:32:18,V002,135.0,1.0653026438295854
2026-07-23,2026-07-23 11:32:19,V002,134.0,1.1187342008764434
2026-07-23,2026-07-23 11:32:20,V002,134.0,1.0691875854192974
2026-07-23,2026-07-23 11:32:21,V002,134.0,1.0224021414459954
2026-07-23,2026-07-23 11:32:22,V002,134.0,1.008227609268178
2026-07-23,2026-07-23 11:32:23,V002,134.0,1.0459324374445285
2026-07-23,2026-07-23 11:32:24,V002,134.0,0.9957356913760904
2026-07-23,2026-07-23 11:32:25,V002,134.0,1.0013684701679042
2026-07-23,2026-07-23 11:32:26,V002,134.0,1.0231059173908035
2026-07-23,2026-07-23 11:32:27,V002,134.0,1.0094092138005062
2026-07-23,2026-07-23 11:32:28,V002,134.0,1.1331159045095682
2026-07-23,2026-07-23 11:32:29,V002,134.0,1.0147106913165014
2026-07-23,2026-07-23 11:32:30,V002,134.0,1.0973278194924783
2026-07-23,2026-07-23 11:32:31,V002,134.0,1.489166352459919
2026-07-23,2026-07-23 11:32:32,V002,134.0,1.0106170572929511
2026-07-23,2026-07-23 11:32:33,V002,133.0,1.0171132379624548
2026-07-23,2026-07-23 11:32:34,V002,133.0,0.9935714882118925
2026-07-23,2026-07-23 11:32:35,V002,133.0,0.9843422208542835
2026-07-23,2026-07-23 11:32:36,V002,133.0,0.9892824896395249
2026-07-23,2026-07-23 11:32:37,V002,133.0,0.992168036782918
2026-07-23,2026-07-23 11:32:38,V002,132.0,0.9858896981231468
2026-07-23,2026-07-23 11:32:39,V002,132.0,0.9853733219855977
2026-07-23,2026-07-23 11:32:40,V002,132.0,0.9849834306829331
2026-07-23,2026-07-23 11:32:41,V002,131.0,0.9918795195946777
2026-07-23,2026-07-23 11:32:42,V002,131.0,0.990728445712911
2026-07-23,2026-07-23 11:32:43,V002,131.0,0.9913083370562842
2026-07-23,2026-07-23 11:32:44,V002,131.0,0.9974996410947776
2026-07-23,2026-07-23 11:32:45,V002,131.0,1.009421284861641
2026-07-23,2026-07-23 11:32:46,V002,130.0,0.991025784550881
2026-07-23,2026-07-23 11:32:47,V002,130.0,0.9960853303316886
2026-07-23,2026-07-23 11:32:48,V002,129.0,1.0174694791848689
2026-07-23,2026-07-23 11:32:49,V002,129.0,1.0343540246548129
2026-07-23,2026-07-23 11:32:50,V002,128.0,1.0241296964952644
2026-07-23,2026-07-23 11:32:51,V002,127.0,1.0197292523293477
2026-07-23,2026-07-23 11:32:52,V002,127.0,0.9967796117746124
2026-07-23,2026-07-23 11:32:53,V002,127.0,0.9989270302968887
2026-07-23,2026-07-23 11:32:54,V002,126.0,1.008433319318377
2026-07-23,2026-07-23 11:32:55,V002,126.0,1.0220878467512762
2026-07-23,2026-07-23 11:32:56,V002,126.0,1.0016016288667506
2026-07-23,2026-07-23 11:32:57,V002,126.0,1.0271644871221306
2026-07-23,2026-07-23 11:32:58,V002,125.0,1.1147693048727914
2026-07-23,2026-07-23 11:32:59,V002,125.0,0.9842208429171599
2026-07-23,2026-07-23 11:33:00,V002,125.0,0.9939956199064208
2026-07-23,2026-07-23 11:33:01,V002,125.0,1.1640145248468277
2026-07-23,2026-07-23 11:33:02,V002,124.0,1.0142544085966034
2026-07-23,2026-07-23 11:33:03,V002,124.0,1.0006147697313317
2026-07-23,2026-07-23 11:33:04,V002,124.0,1.0420977225798804
2026-07-23,2026-07-23 11:33:05,V002,124.0,0.9787549087515008
2026-07-23,2026-07-23 11:33:06,V002,123.0,1.0543585934369148
2026-07-23,2026-07-23 11:33:07,V002,123.0,0.9824827368336939
2026-07-23,2026-07-23 11:33:08,V002,123.0,0.9991201628208697
2026-07-23,2026-07-23 11:33:09,V002,123.0,0.9863156409195603
2026-07-23,2026-07-23 11:33:10,V002,122.0,1.0209391328797388
2026-07-23,2026-07-23 11:33:11,V002,122.0,1.0043778618988117
2026-07-23,2026-07-23 11:33:12,V002,122.0,1.013454574666516
2026-07-23,2026-07-23 11:33:13,V002,122.0,0.963245822568944
2026-07-23,2026-07-23 11:33:14,V002,121.0,1.026573801374545
2026-07-23,2026-07-23 11:33:15,V002,121.0,1.0105407745191903
2026-07-23,2026-07-23 11:33:16,V002,121.0,1.10707234394722
2026-07-23,2026-07-23 11:33:17,V002,120.0,1.084670125138304
2026-07-23,2026-07-23 11:33:18,V002,120.0,0.9959058533749117
2026-07-23,2026-07-23 11:33:19,V002,120.0,1.0332935650926185
2026-07-23,2026-07-23 11:33:20,V002,119.0,0.9754227324181548
2026-07-23,2026-07-23 11:33:21,V002,118.0,1.0250549145840342
2026-07-23,2026-07-23 11:33:22,V002,118.0,0.9955644012076891
2026-07-23,2026-07-23 11:33:23,V002,118.0,1.0142952910526664
2026-07-23,2026-07-23 11:33:24,V002,117.0,0.9627462713755458
2026-07-23,2026-07-23 11:33:25,V002,117.0,1.139423419805402
2026-07-23,2026-07-23 11:33:26,V002,117.0,0.9874388694761087
2026-07-23,2026-07-23 11:33:27,V002,117.0,0.9414956639406802
2026-07-23,2026-07-23 11:33:28,V002,117.0,1.1313633506912077
2026-07-23,2026-07-23 11:33:29,V002,116.0,0.9859903801137772
2026-07-23,2026-07-23 11:33:30,V002,116.0,0.9853517627954469
2026-07-23,2026-07-23 11:33:31,V002,115.0,1.0135449337816882
2026-07-23,2026-07-23 11:33:32,V002,115.0,0.994408507440759
2026-07-23,2026-07-23 11:33:33,V002,114.0,1.0015498321559424
2026-07-23,2026-07-23 11:33:34,V002,114.0,1.0223583587958618
2026-07-23,2026-07-23 11:33:35,V002,113.0,1.0381393777330121
2026-07-23,2026-07-23 11:33:36,V002,113.0,0.9817405634529865
2026-07-23,2026-07-23 11:33:37,V002,113.0,1.0105706056896888
2026-07-23,2026-07-23 11:33:38,V002,112.0,1.0022160796251427
2026-07-23,2026-07-23 11:33:39,V002,112.0,0.9869885250529624
2026-07-23,2026-07-23 11:33:40,V002,111.0,1.0048560374234603
2026-07-23,2026-07-23 11:33:41,V002,111.0,1.0130672881963818
2026-07-23,2026-07-23 11:33:42,V002,111.0,1.1072291883969965
2026-07-23,2026-07-23 11:33:43,V002,111.0,1.776338872764863
2026-07-23,2026-07-23 11:33:44,V002,112.0,1.2941043746147096
2026-07-23,2026-07-23 11:33:45,V002,112.0,1.1392762098976061
2026-07-23,2026-07-23 11:33:46,V002,112.0,1.0677600706779868
2026-07-23,2026-07-23 11:33:47,V002,112.0,0.983141191596736
2026-07-23,2026-07-23 11:33:48,V002,113.0,1.0408245311975381
2026-07-23,2026-07-23 11:33:49,V002,113.0,0.9832251928629671
2026-07-23,2026-07-23 11:33:50,V002,113.0,1.0221457985824633
2026-07-23,2026-07-23 11:33:51,V002,113.0,1.032812859737594
2026-07-23,2026-07-23 11:33:52,V002,113.0,1.0073892021747382
2026-07-23,2026-07-23 11:33:53,V002,114.0,0.9969717394637808
2026-07-23,2026-07-23 11:33:54,V002,114.0,0.9915593566681024
2026-07-23,2026-07-23 11:33:55,V002,114.0,0.9861399870830855
2026-07-23,2026-07-23 11:33:56,V002,114.0,1.062476811459636
2026-07-23,2026-07-23 11:33:57,V002,114.0,1.0003334403157014
2026-07-23,2026-07-23 11:33:58,V002,114.0,0.9943460707857205
2026-07-23,2026-07-23 11:33:59,V002,114.0,1.0108711662187888
2026-07-23,2026-07-23 11:34:00,V002,113.0,1.025181178343762
2026-07-23,2026-07-23 11:34:01,V002,113.0,1.0434760864707933
2026-07-23,2026-07-23 11:34:02,V002,114.0,1.0525326993889854
2026-07-23,2026-07-23 11:34:03,V002,114.0,1.0658923362707506
2026-07-23,2026-07-23 11:34:04,V002,114.0,1.0077113051190612
2026-07-23,2026-07-23 11:34:05,V002,115.0,1.077851610703107
2026-07-23,2026-07-23 11:34:06,V002,115.0,1.0247430218388027
2026-07-23,2026-07-23 11:34:07,V002,115.0,1.0258417018576167
2026-07-23,2026-07-23 11:34:08,V002,115.0,1.061784330669765
2026-07-23,2026-07-23 11:34:09,V002,115.0,0.9975699131045878
2026-07-23,2026-07-23 11:34:10,V002,116.0,1.0290567088172446
2026-07-23,2026-07-23 11:34:11,V002,116.0,0.9790147116591272
2026-07-23,2026-07-23 11:34:12,V002,116.0,1.056217366721708
2026-07-23,2026-07-23 11:34:13,V002,115.0,1.006968072464901
2026-07-23,2026-07-23 11:34:14,V002,115.0,1.047098170963131
2026-07-23,2026-07-23 11:34:15,V002,114.0,1.1772456389943697
2026-07-23,2026-07-23 11:34:16,V002,112.0,1.2440718966577562
2026-07-23,2026-07-23 11:34:17,V002,111.0,1.231298127417384
2026-07-23,2026-07-23 11:34:18,V002,109.0,1.085367871024126
2026-07-23,2026-07-23 11:34:19,V002,107.0,1.107308122027986
2026-07-23,2026-07-23 11:34:20,V002,106.0,1.0601835138739617
2026-07-23,2026-07-23 11:34:21,V002,105.0,1.237267444110624
2026-07-23,2026-07-23 11:34:22,V002,105.0,1.120880446782391
2026-07-23,2026-07-23 11:34:23,V002,105.0,1.3090879259011174
2026-07-23,2026-07-23 11:34:24,V002,106.0,1.1986005898295218
2026-07-23,2026-07-23 11:34:25,V002,106.0,1.2515370808262367
2026-07-23,2026-07-23 11:34:26,V002,107.0,1.0879106826686193
2026-07-23,2026-07-23 11:34:27,V002,108.0,1.0577974513096255
2026-07-23,2026-07-23 11:34:28,V002,109.0,0.9932684155982099
2026-07-23,2026-07-23 11:34:29,V002,109.0,0.9976343930037304
2026-07-23,2026-07-23 11:34:30,V002,111.0,1.0617893241597576
2026-07-23,2026-07-23 11:34:31,V002,112.0,0.9958147605618919
2026-07-23,2026-07-23 11:34:32,V002,114.0,0.9773230480646501
2026-07-23,2026-07-23 11:34:33,V002,116.0,1.0006392549582188
2026-07-23,2026-07-23 11:34:34,V002,118.0,1.006918912298873
2026-07-23,2026-07-23 11:34:35,V002,119.0,0.9859981024291307
2026-07-23,2026-07-23 11:34:36,V002,121.0,1.0301696901632702
2026-07-23,2026-07-23 11:34:37,V002,122.0,1.2005039834454219
2026-07-23,2026-07-23 11:34:38,V002,123.0,0.9870474290971197
2026-07-23,2026-07-23 11:34:39,V002,125.0,1.4351837109568826
2026-07-23,2026-07-23 11:34:40,V002,126.0,1.1390868282052184
2026-07-23,2026-07-23 11:34:41,V002,127.0,1.0987523336202103
2026-07-23,2026-07-23 11:34:42,V002,128.0,1.0139534743912848
2026-07-23,2026-07-23 11:34:43,V002,128.0,1.0461292026363764
2026-07-23,2026-07-23 11:34:44,V002,128.0,1.0642740350740925
2026-07-23,2026-07-23 11:34:45,V002,129.0,1.028931584414515
2026-07-23,2026-07-23 11:34:46,V002,129.0,1.0204995964019339
2026-07-23,2026-07-23 11:34:47,V002,129.0,1.0048645635653088
2026-07-23,2026-07-23 11:34:48,V002,129.0,1.0466993456813038
2026-07-23,2026-07-23 11:34:49,V002,130.0,1.0112950337150182
2026-07-23,2026-07-23 11:34:50,V002,131.0,0.9852523763169734
2026-07-23,2026-07-23 11:34:51,V002,132.0,1.0051205757315038
2026-07-23,2026-07-23 11:34:52,V002,132.0,1.0118893474658028
2026-07-23,2026-07-23 11:34:53,V002,131.0,1.0137814493199955
2026-07-23,2026-07-23 11:34:54,V002,132.0,1.0250010061531625
2026-07-23,2026-07-23 11:34:55,V002,133.0,0.9988320474519883
2026-07-23,2026-07-23 11:34:56,V002,134.0,1.0029397672428721
2026-07-23,2026-07-23 11:34:57,V002,134.0,1.0482319324473786
2026-07-23,2026-07-23 11:34:58,V002,136.0,0.977005869713213
2026-07-23,2026-07-23 11:34:59,V002,137.0,1.0025311181452197
2026-07-23,2026-07-23 11:35:00,V002,137.0,1.013023955643431
2026-07-23,2026-07-23 11:35:01,V002,137.0,0.999847422789797
2026-07-23,2026-07-23 11:35:02,V002,136.0,1.016325866641235
2026-07-23,2026-07-23 11:35:03,V002,136.0,1.0159860940231586
2026-07-23,2026-07-23 11:35:04,V002,135.0,1.0197291267023272
2026-07-23,2026-07-23 11:35:05,V002,134.0,1.0439265992724378
2026-07-23,2026-07-23 11:35:06,V002,133.0,1.043881143759439
2026-07-23,2026-07-23 11:35:07,V002,132.0,1.0122172766842732
2026-07-23,2026-07-23 11:35:08,V002,131.0,1.0562240994081438
2026-07-23,2026-07-23 11:35:09,V002,130.0,1.9116442748592635
2026-07-23,2026-07-23 11:35:10,V002,129.0,1.291501845098374
2026-07-23,2026-07-23 11:35:11,V002,129.0,1.1757715641148732
2026-07-23,2026-07-23 11:35:12,V002,129.0,0.9793114448763315
2026-07-23,2026-07-23 11:35:13,V002,128.0,1.8815187494310839
2026-07-23,2026-07-23 11:35:14,V002,128.0,1.3257438102180743
2026-07-23,2026-07-23 11:35:15,V002,127.0,1.2915697348882362
2026-07-23,2026-07-23 11:35:16,V002,126.0,1.2964898423524114
2026-07-23,2026-07-23 11:35:17,V002,126.0,1.0456146185149213
2026-07-23,2026-07-23 11:35:18,V002,125.0,1.1112517364530023
2026-07-23,2026-07-23 11:35:19,V002,124.0,1.0067813687458986
2026-07-23,2026-07-23 11:35:20,V002,124.0,1.0520582097314994
2026-07-23,2026-07-23 11:35:21,V002,123.0,1.0156491548373858
2026-07-23,2026-07-23 11:35:22,V002,124.0,1.012316055425027
2026-07-23,2026-07-23 11:35:23,V002,125.0,1.0810493321674164
2026-07-23,2026-07-23 11:35:24,V002,126.0,1.0236503439212434
2026-07-23,2026-07-23 11:35:25,V002,127.0,1.089066807383609
2026-07-23,2026-07-23 11:35:26,V002,129.0,0.9994683050684927
2026-07-23,2026-07-23 11:35:27,V002,130.0,0.9653895047448009
2026-07-23,2026-07-23 11:35:28,V002,132.0,1.1373718822744177
2026-07-23,2026-07-23 11:35:29,V002,133.0,1.054660455351092
2026-07-23,2026-07-23 11:35:30,V002,135.0,1.1187181538923279
2026-07-23,2026-07-23 11:35:31,V002,136.0,1.1313873698822452
2026-07-23,2026-07-23 11:35:32,V002,138.0,0.9641848117832869
2026-07-23,2026-07-23 11:35:33,V002,140.0,1.1591022975034795
2026-07-23,2026-07-23 11:35:34,V002,141.0,1.2341777641208258
2026-07-23,2026-07-23 11:35:35,V002,142.0,1.3780550840558823
2026-07-23,2026-07-23 11:35:36,V002,142.0,1.2871763470220858
2026-07-23,2026-07-23 11:35:37,V002,143.0,1.2674431583495274
2026-07-23,2026-07-23 11:35:38,V002,143.0,0.9745534021317057
2026-07-23,2026-07-23 11:35:39,V002,143.0,1.0803315782173495
2026-07-23,2026-07-23 11:35:40,V002,144.0,1.050949467583256
2026-07-23,2026-07-23 11:35:41,V002,144.0,0.9992640378020254
2026-07-23,2026-07-23 11:35:42,V002,144.0,1.022188316831679
2026-07-23,2026-07-23 11:35:43,V002,144.0,1.0959850925022527
2026-07-23,2026-07-23 11:35:44,V002,144.0,1.0241690690151342
2026-07-23,2026-07-23 11:35:45,V002,144.0,2.415231549518316
2026-07-23,2026-07-23 11:35:46,V002,144.0,1.536407825397704
2026-07-23,2026-07-23 11:35:47,V002,144.0,1.196816264262744
2026-07-23,2026-07-23 11:35:48,V002,145.0,1.1796544620900369
2026-07-23,2026-07-23 11:35:49,V002,145.0,1.1977513952462728
2026-07-23,2026-07-23 11:35:50,V002,145.0,1.4484926579556128
2026-07-23,2026-07-23 11:35:51,V002,146.0,1.1493287800760539
2026-07-23,2026-07-23 11:35:52,V002,147.0,1.139328945068057
2026-07-23,2026-07-23 11:35:53,V002,147.0,1.0753402007101214
2026-07-23,2026-07-23 11:35:54,V002,148.0,0.9363939341014987
2026-07-23,2026-07-23 11:35:55,V002,149.0,1.1445195261151744
2026-07-23,2026-07-23 11:35:56,V002,150.0,1.141864523113866
2026-07-23,2026-07-23 11:35:57,V002,151.0,1.0222420205772744
2026-07-23,2026-07-23 11:35:58,V002,152.0,0.9895482765202915
2026-07-23,2026-07-23 11:35:59,V002,152.0,1.1025051948366862
2026-07-23,2026-07-23 11:36:00,V002,153.0,1.0275641703139937
2026-07-23,2026-07-23 11:36:01,V002,154.0,0.9958834470168572
2026-07-23,2026-07-23 11:36:02,V002,155.0,1.0112377596354303
2026-07-23,2026-07-23 11:36:03,V002,155.0,1.02399230427649
2026-07-23,2026-07-23 11:36:04,V002,155.0,1.03520695680562
2026-07-23,2026-07-23 11:36:05,V002,155.0,1.0137811062648847
2026-07-23,2026-07-23 11:36:06,V002,155.0,1.0576385490281435
2026-07-23,2026-07-23 11:36:07,V002,154.0,0.968560471317393
2026-07-23,2026-07-23 11:36:08,V002,154.0,1.0024594413635135
2026-07-23,2026-07-23 11:36:09,V002,153.0,0.9898537251462767
2026-07-23,2026-07-23 11:36:10,V002,152.0,0.987351196588844
2026-07-23,2026-07-23 11:36:11,V002,151.0,0.980415520977643
2026-07-23,2026-07-23 11:36:12,V002,150.0,1.0037672595573661
2026-07-23,2026-07-23 11:36:13,V002,148.0,0.9880976106068008
2026-07-23,2026-07-23 11:36:14,V002,147.0,0.9746569569845562
2026-07-23,2026-07-23 11:36:15,V002,145.0,1.0258232537503646
2026-07-23,2026-07-23 11:36:16,V002,144.0,1.0397560939648955
2026-07-23,2026-07-23 11:36:17,V002,143.0,1.0158918694635377
2026-07-23,2026-07-23 11:36:18,V002,141.0,1.0311629230693171
2026-07-23,2026-07-23 11:36:19,V002,140.0,0.9902681013617323
2026-07-23,2026-07-23 11:36:20,V002,140.0,0.9862334371813498
2026-07-23,2026-07-23 11:36:21,V002,139.0,0.9789946721833083
2026-07-23,2026-07-23 11:36:22,V002,139.0,0.9808721936477919
2026-07-23,2026-07-23 11:36:23,V002,139.0,0.981771404702591
2026-07-23,2026-07-23 11:36:24,V002,140.0,0.9812735474026388
2026-07-23,2026-07-23 11:36:25,V002,140.0,0.9752544156590265
2026-07-23,2026-07-23 11:36:26,V002,140.0,1.0071118340284062
2026-07-23,2026-07-23 11:36:27,V002,139.0,1.167066690169675
2026-07-23,2026-07-23 11:36:28,V002,138.0,1.1661901043960892
2026-07-23,2026-07-23 11:36:29,V002,137.0,1.0292039007869151
2026-07-23,2026-07-23 11:36:30,V002,135.0,0.9956961239365387
2026-07-23,2026-07-23 11:36:31,V002,134.0,1.0731987253016075
2026-07-23,2026-07-23 11:36:32,V002,133.0,1.0060148382060172
2026-07-23,2026-07-23 11:36:33,V002,131.0,1.0250848491982827
2026-07-23,2026-07-23 11:36:34,V002,129.0,0.9940117623156658
2026-07-23,2026-07-23 11:36:35,V002,128.0,1.0263814838456709
2026-07-23,2026-07-23 11:36:36,V002,126.0,1.023566638234484
2026-07-23,2026-07-23 11:36:37,V002,125.0,1.009276993898734
2026-07-23,2026-07-23 11:36:38,V002,123.0,1.018937193955532
2026-07-23,2026-07-23 11:36:39,V002,122.0,1.0104529576698973
2026-07-23,2026-07-23 11:36:40,V002,121.0,1.0211856904773617
2026-07-23,2026-07-23 11:36:41,V002,120.0,1.0349611821997762
2026-07-23,2026-07-23 11:36:42,V002,119.0,1.0136677300529553
2026-07-23,2026-07-23 11:36:43,V002,118.0,0.9774547963620179
2026-07-23,2026-07-23 11:36:44,V002,116.0,1.0015334474277153
2026-07-23,2026-07-23 11:36:45,V002,115.0,1.0044507147738628
2026-07-23,2026-07-23 11:36:46,V002,113.0,1.0381498180881723
2026-07-23,2026-07-23 11:36:47,V002,112.0,0.9935723915353245
2026-07-23,2026-07-23 11:36:48,V002,111.0,1.017689248811272
2026-07-23,2026-07-23 11:36:49,V002,110.0,1.0236845337846783
2026-07-23,2026-07-23 11:36:50,V002,109.0,0.9816706499029729
2026-07-23,2026-07-23 11:36:51,V002,108.0,1.0364278720458338
2026-07-23,2026-07-23 11:36:52,V002,107.0,1.0103109607063379
2026-07-23,2026-07-23 11:36:53,V002,107.0,0.9865465725474865
2026-07-23,2026-07-23 11:36:54,V002,106.0,1.0410417245744426
2026-07-23,2026-07-23 11:36:55,V002,106.0,1.025663791341361
2026-07-23,2026-07-23 11:36:56,V002,105.0,0.9732481299317765
2026-07-23,2026-07-23 11:36:57,V002,105.0,1.0473157356268583
2026-07-23,2026-07-23 11:36:58,V002,105.0,1.0203600493869944
2026-07-23,2026-07-23 11:36:59,V002,104.0,1.0293587937450865
2026-07-23,2026-07-23 11:37:00,V002,104.0,1.0664134505140257
2026-07-23,2026-07-23 11:37:01,V002,104.0,1.0382679738257616
2026-07-23,2026-07-23 11:37:02,V002,104.0,1.0074320011277813
2026-07-23,2026-07-23 11:37:03,V002,104.0,0.994022918473982
2026-07-23,2026-07-23 11:37:04,V002,104.0,0.9911620564867762
2026-07-23,2026-07-23 11:37:05,V002,104.0,0.9931454483711744
2026-07-23,2026-07-23 11:37:06,V002,104.0,0.9909067674017513
2026-07-23,2026-07-23 11:37:07,V002,105.0,0.9829099550167167
2026-07-23,2026-07-23 11:37:08,V002,104.0,1.0010125148825813
2026-07-23,2026-07-23 11:37:09,V002,104.0,0.9906731438142381
2026-07-23,2026-07-23 11:37:10,V002,103.0,0.9927560467604368
2026-07-23,2026-07-23 11:37:11,V002,103.0,0.9922079498982331
2026-07-23,2026-07-23 11:37:12,V002,102.0,0.9916758531411713
2026-07-23,2026-07-23 11:37:13,V002,102.0,0.9969250492556457
2026-07-23,2026-07-23 11:37:14,V002,101.0,0.9902110165304451
2026-07-23,2026-07-23 11:37:15,V002,100.0,0.9957815654261603
2026-07-23,2026-07-23 11:37:16,V002,99.0,0.9865298025810411
2026-07-23,2026-07-23 11:37:17,V002,98.0,0.9857535414121444
2026-07-23,2026-07-23 11:37:18,V002,96.0,0.996957784685436
2026-07-23,2026-07-23 11:37:19,V002,94.0,1.040116314690315
2026-07-23,2026-07-23 11:37:20,V002,92.0,0.9637094091091548
2026-07-23,2026-07-23 11:37:21,V002,91.0,0.9894266254625192
2026-07-23,2026-07-23 11:37:22,V002,89.0,0.9867428692847235
2026-07-23,2026-07-23 11:37:23,V002,87.0,0.9850480178782091
2026-07-23,2026-07-23 11:37:24,V002,85.0,1.0405752765589684
2026-07-23,2026-07-23 11:37:25,V002,84.0,1.0699588958703632
2026-07-23,2026-07-23 11:37:26,V002,83.0,1.0343610114136332
2026-07-23,2026-07-23 11:37:27,V002,83.0,1.0180656248483968
2026-07-23,2026-07-23 11:37:28,V002,82.0,1.002382396366823
2026-07-23,2026-07-23 11:37:29,V002,82.0,1.0017932449232745
2026-07-23,2026-07-23 11:37:30,V002,82.0,1.0017558114852114
2026-07-23,2026-07-23 11:37:31,V002,82.0,1.0009440712595385
2026-07-23,2026-07-23 11:37:32,V002,82.0,1.0010604983204854
2026-07-23,2026-07-23 11:37:33,V002,82.0,1.0014933052006525
2026-07-23,2026-07-23 11:37:34,V002,83.0,1.0020085069376434
2026-07-23,2026-07-23 11:37:35,V002,83.0,1.0017497072059438
2026-07-23,2026-07-23 11:37:36,V002,83.0,0.9996282817188471
2026-07-23,2026-07-23 11:37:37,V002,83.0,0.9956256550686909
2026-07-23,2026-07-23 11:37:38,V002,83.0,0.9940783103710734
2026-07-23,2026-07-23 11:37:39,V002,83.0,0.9912625249190495
2026-07-23,2026-07-23 11:37:40,V002,83.0,0.9944576216063961
2026-07-23,2026-07-23 11:37:41,V002,84.0,0.9929642872834682
2026-07-23,2026-07-23 11:37:42,V002,84.0,0.9926134298445476
2026-07-23,2026-07-23 11:37:43,V002,85.0,0.9936380545385471
2026-07-23,2026-07-23 11:37:44,V002,86.0,0.9925204540348745
2026-07-23,2026-07-23 11:37:45,V002,86.0,0.9954173816108112
2026-07-23,2026-07-23 11:37:46,V002,88.0,0.9931968972568479
2026-07-23,2026-07-23 11:37:47,V002,90.0,0.9942991938426239
2026-07-23,2026-07-23 11:37:48,V002,91.0,0.9922384188978701
2026-07-23,2026-07-23 11:37:49,V002,91.0,0.9940243443568626
2026-07-23,2026-07-23 11:37:50,V002,92.0,0.9925539235546967
2026-07-23,2026-07-23 11:37:51,V002,92.0,1.000604054423458
2026-07-23,2026-07-23 11:37:52,V002,92.0,0.9880778328344495
2026-07-23,2026-07-23 11:37:53,V002,92.0,1.0229617004560685
2026-07-23,2026-07-23 11:37:54,V002,92.0,0.9818632389015736
2026-07-23,2026-07-23 11:37:55,V002,92.0,1.0105158656963154
2026-07-23,2026-07-23 11:37:56,V002,92.0,1.136845529902362
2026-07-23,2026-07-23 11:37:57,V002,92.0,0.9931471710653065
2026-07-23,2026-07-23 11:37:58,V002,92.0,0.9762566091131424
2026-07-23,2026-07-23 11:37:59,V002,92.0,0.9967238586360759
2026-07-23,2026-07-23 11:38:00,V002,93.0,0.982197674813732
2026-07-23,2026-07-23 11:38:01,V002,93.0,1.013199865335233
2026-07-23,2026-07-23 11:38:02,V002,94.0,0.9954788811421529
2026-07-23,2026-07-23 11:38:03,V002,94.0,0.8731524380471946
2026-07-23,2026-07-23 11:38:04,V002,95.0,1.2547206664628787
2026-07-23,2026-07-23 11:38:05,V002,96.0,0.9832968828651163
2026-07-23,2026-07-23 11:38:06,V002,97.0,1.0139020824767828
2026-07-23,2026-07-23 11:38:07,V002,98.0,1.0647263502110302
2026-07-23,2026-07-23 11:38:08,V002,99.0,1.443370671856274
2026-07-23,2026-07-23 11:38:09,V002,101.0,1.4223167031581656
2026-07-23,2026-07-23 11:38:10,V002,102.0,1.4629541562873856
2026-07-23,2026-07-23 11:38:11,V002,103.0,1.1989506064763669
2026-07-23,2026-07-23 11:38:12,V002,105.0,1.0393795281328262
2026-07-23,2026-07-23 11:38:13,V002,106.0,1.0158393475439311
2026-07-23,2026-07-23 11:38:14,V002,108.0,0.9897299624819639
2026-07-23,2026-07-23 11:38:15,V002,110.0,1.0163038199450405
2026-07-23,2026-07-23 11:38:16,V002,112.0,1.0341682189451782
2026-07-23,2026-07-23 11:38:17,V002,114.0,0.9979436643952411
2026-07-23,2026-07-23 11:38:18,V002,115.0,1.0223582463867735
2026-07-23,2026-07-23 11:38:19,V002,117.0,1.0376591089311962
2026-07-23,2026-07-23 11:38:20,V002,118.0,0.9995622320491134
2026-07-23,2026-07-23 11:38:21,V002,119.0,1.004672844224307
2026-07-23,2026-07-23 11:38:22,V002,120.0,1.1056565654045076
2026-07-23,2026-07-23 11:38:23,V002,121.0,0.9913534503526558
2026-07-23,2026-07-23 11:38:24,V002,121.0,1.0087486850020666
2026-07-23,2026-07-23 11:38:25,V002,121.0,0.9843157547733233
2026-07-23,2026-07-23 11:38:26,V002,121.0,1.0139369503624993
2026-07-23,2026-07-23 11:38:27,V002,121.0,1.0837127172232561
2026-07-23,2026-07-23 11:38:28,V002,121.0,0.9656999635707026
2026-07-23,2026-07-23 11:38:29,V002,122.0,1.1093617315184325
2026-07-23,2026-07-23 11:38:30,V002,122.0,1.001499180360722
2026-07-23,2026-07-23 11:38:31,V002,122.0,1.023560571036154
2026-07-23,2026-07-23 11:38:32,V002,122.0,1.0010536529541454
2026-07-23,2026-07-23 11:38:33,V002,122.0,1.0202579325302772
2026-07-23,2026-07-23 11:38:34,V002,122.0,1.1052322700278696
2026-07-23,2026-07-23 11:38:35,V002,121.0,1.0316971761547038
2026-07-23,2026-07-23 11:38:36,V002,122.0,1.1220056955828541
2026-07-23,2026-07-23 11:38:37,V002,123.0,1.0603395178445345
2026-07-23,2026-07-23 11:38:38,V002,124.0,1.0414576554066535
2026-07-23,2026-07-23 11:38:39,V002,125.0,0.9596876907355233
2026-07-23,2026-07-23 11:38:40,V002,126.0,1.1597015072706545
2026-07-23,2026-07-23 11:38:41,V002,126.0,1.0995413886755028
2026-07-23,2026-07-23 11:38:42,V002,127.0,1.0078470237139086
2026-07-23,2026-07-23 11:38:43,V002,128.0,1.1538536457084507
2026-07-23,2026-07-23 11:38:44,V002,129.0,1.032193800533644
2026-07-23,2026-07-23 11:38:45,V002,129.0,1.055146749568757
2026-07-23,2026-07-23 11:38:46,V002,130.0,0.9884619121726321
2026-07-23,2026-07-23 11:38:47,V002,130.0,1.0357567987151326
2026-07-23,2026-07-23 11:38:48,V002,131.0,1.0080583872714977
2026-07-23,2026-07-23 11:38:49,V002,131.0,0.9907585261059217
2026-07-23,2026-07-23 11:38:50,V002,131.0,1.042492291919353
2026-07-23,2026-07-23 11:38:51,V002,131.0,0.9706053048751346
2026-07-23,2026-07-23 11:38:52,V002,131.0,1.1060080410961666
2026-07-23,2026-07-23 11:38:53,V002,130.0,1.0293633027912141
2026-07-23,2026-07-23 11:38:54,V002,131.0,0.9831298580965664
2026-07-23,2026-07-23 11:38:55,V002,132.0,1.0185632749798235
2026-07-23,2026-07-23 11:38:56,V002,133.0,1.0018658426654148
2026-07-23,2026-07-23 11:38:57,V002,134.0,1.0111300050397003
2026-07-23,2026-07-23 11:38:58,V002,135.0,1.0361340432498647
2026-07-23,2026-07-23 11:38:59,V002,136.0,1.0954469850276278
2026-07-23,2026-07-23 11:39:00,V002,138.0,0.9810382365658434
2026-07-23,2026-07-23 11:39:01,V002,139.0,1.0150671828301154
2026-07-23,2026-07-23 11:39:02,V002,139.0,0.912199744997488
2026-07-23,2026-07-23 11:39:03,V002,140.0,1.3218498468707647
2026-07-23,2026-07-23 11:39:04,V002,140.0,1.029119324126892
2026-07-23,2026-07-23 11:39:05,V002,140.0,1.2122145483754347
2026-07-23,2026-07-23 11:39:06,V002,139.0,1.1195321666388498
2026-07-23,2026-07-23 11:39:07,V002,138.0,1.0790920939364934
2026-07-23,2026-07-23 11:39:08,V002,137.0,1.0676466600937824
2026-07-23,2026-07-23 11:39:09,V002,136.0,1.210211477549341
2026-07-23,2026-07-23 11:39:10,V002,136.0,1.0575957899501738
2026-07-23,2026-07-23 11:39:11,V002,135.0,1.5191849373751976
2026-07-23,2026-07-23 11:39:12,V002,135.0,1.1590765739949005
2026-07-23,2026-07-23 11:39:13,V002,135.0,1.321338076666668
2026-07-23,2026-07-23 11:39:14,V002,135.0,1.485185763403424
2026-07-23,2026-07-23 11:39:15,V002,135.0,1.0633049264570242
2026-07-23,2026-07-23 11:39:16,V002,136.0,1.0603513915452496
2026-07-23,2026-07-23 11:39:17,V002,137.0,1.0530069765605852
2026-07-23,2026-07-23 11:39:18,V002,137.0,1.020100632456588
2026-07-23,2026-07-23 11:39:19,V002,138.0,0.9943925759154185
2026-07-23,2026-07-23 11:39:20,V002,139.0,1.1757912466929532
2026-07-23,2026-07-23 11:39:21,V002,139.0,1.0504109324631232
2026-07-23,2026-07-23 11:39:22,V002,139.0,1.0459088199566782
2026-07-23,2026-07-23 11:39:23,V002,140.0,1.0045375291446839
2026-07-23,2026-07-23 11:39:24,V002,140.0,1.0534852204467982
2026-07-23,2026-07-23 11:39:25,V002,141.0,0.9839665937535206
2026-07-23,2026-07-23 11:39:26,V002,142.0,1.0550382098525082
2026-07-23,2026-07-23 11:39:27,V002,144.0,0.9714490431408477
2026-07-23,2026-07-23 11:39:28,V002,144.0,1.0332378676806862
2026-07-23,2026-07-23 11:39:29,V002,145.0,1.1657110114556162
2026-07-23,2026-07-23 11:39:30,V002,145.0,1.1319957414959145
2026-07-23,2026-07-23 11:39:31,V002,146.0,0.9489150814756485
2026-07-23,2026-07-23 11:39:32,V002,146.0,1.0409861312572004
2026-07-23,2026-07-23 11:39:33,V002,146.0,1.0100168712846997
2026-07-23,2026-07-23 11:39:34,V002,146.0,1.025747253823073
2026-07-23,2026-07-23 11:39:35,V002,146.0,1.0025734551353707
2026-07-23,2026-07-23 11:39:36,V002,147.0,1.048796770934488
2026-07-23,2026-07-23 11:39:37,V002,147.0,1.0034003779668965
2026-07-23,2026-07-23 11:39:38,V002,147.0,0.9776110632890154
2026-07-23,2026-07-23 11:39:39,V002,148.0,1.0825417243637279
2026-07-23,2026-07-23 11:39:40,V002,148.0,1.01024591311361
2026-07-23,2026-07-23 11:39:41,V002,148.0,1.059719984028889
2026-07-23,2026-07-23 11:39:42,V002,149.0,1.1014992483907244
2026-07-23,2026-07-23 11:39:43,V002,149.0,1.2185280067526232
2026-07-23,2026-07-23 11:39:44,V002,149.0,1.0298687212686177
2026-07-23,2026-07-23 11:39:45,V002,149.0,1.0483123572501913
2026-07-23,2026-07-23 11:39:46,V002,149.0,0.8941652885090431
2026-07-23,2026-07-23 11:39:47,V002,150.0,1.201579223597954
2026-07-23,2026-07-23 11:39:48,V002,150.0,0.9420757764041884
2026-07-23,2026-07-23 11:39:49,V002,150.0,1.0390001227713084
2026-07-23,2026-07-23 11:39:50,V002,150.0,0.9734828949592318
2026-07-23,2026-07-23 11:39:51,V002,151.0,1.0431043220618283
2026-07-23,2026-07-23 11:39:52,V002,151.0,1.0991770815533861
2026-07-23,2026-07-23 11:39:53,V002,151.0,0.9942060839060314
2026-07-23,2026-07-23 11:39:54,V002,150.0,0.9941807990546844
2026-07-23,2026-07-23 11:39:55,V002,150.0,1.0179991538933497
2026-07-23,2026-07-23 11:39:56,V002,150.0,1.0287660288900011
2026-07-23,2026-07-23 11:39:57,V002,150.0,0.988432447244689
2026-07-23,2026-07-23 11:39:58,V002,149.0,1.047332658328296
2026-07-23,2026-07-23 11:39:59,V002,148.0,1.0358721594815883
2026-07-23,2026-07-23 11:40:00,V002,147.0,0.9942291992099942
2026-07-23,2026-07-23 11:40:01,V002,147.0,0.9830643005882105
2026-07-23,2026-07-23 11:40:02,V002,147.0,1.058279558506408
2026-07-23,2026-07-23 11:40:03,V002,146.0,1.0607523631437883
2026-07-23,2026-07-23 11:40:04,V002,147.0,1.623480126322638
2026-07-23,2026-07-23 11:40:05,V002,147.0,1.168130815267808
2026-07-23,2026-07-23 11:40:06,V002,147.0,1.0145759499610383
2026-07-23,2026-07-23 11:40:07,V002,148.0,1.0231729392066986
2026-07-23,2026-07-23 11:40:08,V002,148.0,1.0967224186456352
2026-07-23,2026-07-23 11:40:09,V002,149.0,0.9687054781055735
2026-07-23,2026-07-23 11:40:10,V002,149.0,1.128811664750061
2026-07-23,2026-07-23 11:40:11,V002,148.0,1.0433777728411096
2026-07-23,2026-07-23 11:40:12,V002,148.0,1.1605637657541745
2026-07-23,2026-07-23 11:40:13,V002,147.0,1.340340073683775
2026-07-23,2026-07-23 11:40:14,V002,147.0,1.1595473339209512
2026-07-23,2026-07-23 11:40:15,V002,146.0,1.1586140870774815
2026-07-23,2026-07-23 11:40:16,V002,146.0,1.068846995150824
2026-07-23,2026-07-23 11:40:17,V002,145.0,1.013455780720689
2026-07-23,2026-07-23 11:40:18,V002,144.0,1.0639549471471315
2026-07-23,2026-07-23 11:40:19,V002,143.0,1.083496603572116
2026-07-23,2026-07-23 11:40:20,V002,142.0,0.9450299949152203
2026-07-23,2026-07-23 11:40:21,V002,141.0,1.0802208532267423
2026-07-23,2026-07-23 11:40:22,V002,140.0,1.0439404311555363
2026-07-23,2026-07-23 11:40:23,V002,139.0,1.0091236023388623
2026-07-23,2026-07-23 11:40:24,V002,137.0,0.9835309632989612
2026-07-23,2026-07-23 11:40:25,V002,136.0,1.080792601449759
2026-07-23,2026-07-23 11:40:26,V002,134.0,1.0108876311181247
2026-07-23,2026-07-23 11:40:27,V002,133.0,1.0144763295947294
2026-07-23,2026-07-23 11:40:28,V002,133.0,1.0105966005931426
2026-07-23,2026-07-23 11:40:29,V002,133.0,1.0196824346029136
2026-07-23,2026-07-23 11:40:30,V002,132.0,1.0716861751718936
2026-07-23,2026-07-23 11:40:31,V002,131.0,1.2935824580827129
2026-07-23,2026-07-23 11:40:32,V002,130.0,1.1001161060031008
2026-07-23,2026-07-23 11:40:33,V002,129.0,1.012931297975916
2026-07-23,2026-07-23 11:40:34,V002,127.0,1.009585561506247
2026-07-23,2026-07-23 11:40:35,V002,125.0,1.0060651004780414
2026-07-23,2026-07-23 11:40:36,V002,123.0,0.9923601077970641
2026-07-23,2026-07-23 11:40:37,V002,122.0,1.014903951160527
2026-07-23,2026-07-23 11:40:38,V002,120.0,0.9866366859316419
2026-07-23,2026-07-23 11:40:39,V002,119.0,1.0305569175169085
2026-07-23,2026-07-23 11:40:40,V002,118.0,0.9931921406029143
2026-07-23,2026-07-23 11:40:41,V002,118.0,1.0372792038553857
2026-07-23,2026-07-23 11:40:42,V002,117.0,0.992298009125297
2026-07-23,2026-07-23 11:40:43,V002,116.0,1.0039572619927468
2026-07-23,2026-07-23 11:40:44,V002,116.0,0.9849286920317266
2026-07-23,2026-07-23 11:40:45,V002,116.0,0.9940675485383076
2026-07-23,2026-07-23 11:40:46,V002,116.0,0.9909342762226536
2026-07-23,2026-07-23 11:40:47,V002,116.0,0.9907275196575758
2026-07-23,2026-07-23 11:40:48,V002,116.0,0.9935805865313767
2026-07-23,2026-07-23 11:40:49,V002,116.0,0.9837740934676372
2026-07-23,2026-07-23 11:40:50,V002,116.0,1.0271104823893864
2026-07-23,2026-07-23 11:40:51,V002,117.0,1.03075952667346
2026-07-23,2026-07-23 11:40:52,V002,117.0,0.9460319489789697
2026-07-23,2026-07-23 11:40:53,V002,118.0,1.0553110270757942
2026-07-23,2026-07-23 11:40:54,V002,118.0,0.99006112569734
2026-07-23,2026-07-23 11:40:55,V002,119.0,0.998716167047006
2026-07-23,2026-07-23 11:40:56,V002,119.0,0.9839275941774427
2026-07-23,2026-07-23 11:40:57,V002,119.0,0.9939447566133336
2026-07-23,2026-07-23 11:40:58,V002,119.0,0.9816074948735114
2026-07-23,2026-07-23 11:40:59,V002,119.0,0.9924063265992163
2026-07-23,2026-07-23 11:41:00,V002,119.0,0.993020633655936
2026-07-23,2026-07-23 11:41:01,V002,118.0,0.9953230446075005
2026-07-23,2026-07-23 11:41:02,V002,118.0,0.9902775945805071
2026-07-23,2026-07-23 11:41:03,V002,117.0,0.999538613051674
2026-07-23,2026-07-23 11:41:04,V002,117.0,1.0138472538485686
2026-07-23,2026-07-23 11:41:05,V002,117.0,1.0441959321817973
2026-07-23,2026-07-23 11:41:06,V002,118.0,1.0211237733517462
2026-07-23,2026-07-23 11:41:07,V002,118.0,1.0624701706048814
2026-07-23,2026-07-23 11:41:08,V002,118.0,0.9815804109966814
2026-07-23,2026-07-23 11:41:09,V002,118.0,1.1116977522701192
2026-07-23,2026-07-23 11:41:10,V002,118.0,1.0910803860323943
2026-07-23,2026-07-23 11:41:11,V002,118.0,0.9946139602420858
2026-07-23,2026-07-23 11:41:12,V002,118.0,1.0526495345365774
2026-07-23,2026-07-23 11:41:13,V002,118.0,1.040665087135763
2026-07-23,2026-07-23 11:41:14,V002,118.0,1.0235082467074597
2026-07-23,2026-07-23 11:41:15,V002,118.0,1.0366681293607602
2026-07-23,2026-07-23 11:41:16,V002,117.0,0.9908014065028885
2026-07-23,2026-07-23 11:41:17,V002,117.0,0.9875825020719237
2026-07-23,2026-07-23 11:41:18,V002,116.0,1.0020776613388795
2026-07-23,2026-07-23 11:41:19,V002,115.0,0.998243316747066
2026-07-23,2026-07-23 11:41:20,V002,114.0,1.019459964733227
2026-07-23,2026-07-23 11:41:21,V002,113.0,0.9752727165240043
2026-07-23,2026-07-23 11:41:22,V002,113.0,1.0063045504166641
2026-07-23,2026-07-23 11:41:23,V002,112.0,0.9853275241278686
2026-07-23,2026-07-23 11:41:24,V002,111.0,1.0114569017818218
2026-07-23,2026-07-23 11:41:25,V002,111.0,1.0029999966290086
2026-07-23,2026-07-23 11:41:26,V002,111.0,1.0589195346558777
2026-07-23,2026-07-23 11:41:27,V002,110.0,1.0737098999707912
2026-07-23,2026-07-23 11:41:28,V002,110.0,1.0050073792036693
2026-07-23,2026-07-23 11:41:29,V002,110.0,1.005215814275262
2026-07-23,2026-07-23 11:41:30,V002,110.0,1.0042013259761018
2026-07-23,2026-07-23 11:41:31,V002,110.0,1.0038016596872088
2026-07-23,2026-07-23 11:41:32,V002,111.0,1.0116418585100568
2026-07-23,2026-07-23 11:41:33,V002,112.0,1.0082905577262151
2026-07-23,2026-07-23 11:41:34,V002,112.0,1.0390552892160811
2026-07-23,2026-07-23 11:41:35,V002,113.0,1.0174720362437786
2026-07-23,2026-07-23 11:41:36,V002,113.0,1.0150969434580406
2026-07-23,2026-07-23 11:41:37,V002,114.0,1.0199225091441368
2026-07-23,2026-07-23 11:41:38,V002,115.0,1.0160147177409202
2026-07-23,2026-07-23 11:41:39,V002,115.0,1.0215995147773387
2026-07-23,2026-07-23 11:41:40,V002,115.0,1.0211047061195024
2026-07-23,2026-07-23 11:41:41,V002,114.0,1.0214525832723145
2026-07-23,2026-07-23 11:41:42,V002,114.0,1.0210287478381679
2026-07-23,2026-07-23 11:41:43,V002,113.0,1.02060545016852
2026-07-23,2026-07-23 11:41:44,V002,112.0,1.0154104397036041
2026-07-23,2026-07-23 11:41:45,V002,112.0,1.0142476690547424
2026-07-23,2026-07-23 11:41:46,V002,111.0,1.0151790848197917
2026-07-23,2026-07-23 11:41:47,V002,110.0,1.0187025961772704
2026-07-23,2026-07-23 11:41:48,V002,109.0,1.0141091001656106
2026-07-23,2026-07-23 11:41:49,V002,107.0,1.01520465538816
2026-07-23,2026-07-23 11:41:50,V002,105.0,1.0215977397360871
2026-07-23,2026-07-23 11:41:51,V002,103.0,1.0080441805231553
2026-07-23,2026-07-23 11:41:52,V002,101.0,1.0076890499405058
2026-07-23,2026-07-23 11:41:53,V002,99.0,1.0065820437970179
2026-07-23,2026-07-23 11:41:54,V002,95.0,1.0073436454984208
2026-07-23,2026-07-23 11:41:55,V002,91.0,1.006740062299351
2026-07-23,2026-07-23 11:41:56,V002,89.0,1.0067172149197967
2026-07-23,2026-07-23 11:41:57,V002,88.0,1.0063414661226804
2026-07-23,2026-07-23 11:41:58,V002,87.0,1.006759965587885
2026-07-23,2026-07-23 11:41:59,V002,87.0,1.0070429355761186
2026-07-23,2026-07-23 11:42:00,V002,87.0,1.006485397297778
2026-07-23,2026-07-23 11:42:01,V002,87.0,1.0066990445835664
2026-07-23,2026-07-23 11:42:02,V002,86.0,1.0062075255609277
2026-07-23,2026-07-23 11:42:03,V002,86.0,1.0074404636222098
2026-07-23,2026-07-23 11:42:04,V002,85.0,1.0085617904292128
2026-07-23,2026-07-23 11:42:05,V002,85.0,1.0144336301490515
2026-07-23,2026-07-23 11:42:06,V002,85.0,1.0067784404696123
2026-07-23,2026-07-23 11:42:07,V002,84.0,1.0039565286140288
2026-07-23,2026-07-23 11:42:08,V002,84.0,1.0050512538413179
2026-07-23,2026-07-23 11:42:09,V002,84.0,1.0045233937903384
2026-07-23,2026-07-23 11:42:10,V002,85.0,1.0069917008309857
2026-07-23,2026-07-23 11:42:11,V002,85.0,1.0014354846810385
2026-07-23,2026-07-23 11:42:12,V002,85.0,1.0042220460594122
2026-07-23,2026-07-23 11:42:13,V002,86.0,1.003737809197753
2026-07-23,2026-07-23 11:42:14,V002,87.0,1.0035909629795305
2026-07-23,2026-07-23 11:42:15,V002,87.0,1.003841692660842
2026-07-23,2026-07-23 11:42:16,V002,88.0,1.0030393516508689
2026-07-23,2026-07-23 11:42:17,V002,88.0,1.0031915334317911
2026-07-23,2026-07-23 11:42:18,V002,89.0,1.007785906474387
2026-07-23,2026-07-23 11:42:19,V002,90.0,0.9951004714462143
2026-07-23,2026-07-23 11:42:20,V002,90.0,1.0112070829784434
2026-07-23,2026-07-23 11:42:21,V002,90.0,1.005725976487682
2026-07-23,2026-07-23 11:42:22,V002,91.0,1.0055806585261546
2026-07-23,2026-07-23 11:42:23,V002,91.0,1.0051525933575363
2026-07-23,2026-07-23 11:42:24,V002,91.0,1.0061225561770781
2026-07-23,2026-07-23 11:42:25,V002,91.0,1.0050262358446354
2026-07-23,2026-07-23 11:42:26,V002,91.0,1.0054686161218873
2026-07-23,2026-07-23 11:42:27,V002,91.0,1.0035992539850154
2026-07-23,2026-07-23 11:42:28,V002,92.0,1.005467199438415
2026-07-23,2026-07-23 11:42:29,V002,92.0,1.003769569158655
2026-07-23,2026-07-23 11:42:30,V002,93.0,1.0013247994825811
2026-07-23,2026-07-23 11:42:31,V002,94.0,1.002475218910953
2026-07-23,2026-07-23 11:42:32,V002,95.0,1.0029254649209167
2026-07-23,2026-07-23 11:42:33,V002,96.0,1.0041639117081258
2026-07-23,2026-07-23 11:42:34,V002,96.0,1.0038571574338933
2026-07-23,2026-07-23 11:42:35,V002,96.0,1.0034144182557887
2026-07-23,2026-07-23 11:42:36,V002,95.0,1.0047336376972942
2026-07-23,2026-07-23 11:42:37,V002,94.0,1.0048728135982814
2026-07-23,2026-07-23 11:42:38,V002,93.0,1.0048884735250794
2026-07-23,2026-07-23 11:42:39,V002,92.0,1.0075343231446459
2026-07-23,2026-07-23 11:42:40,V002,92.0,1.0059044195157396
2026-07-23,2026-07-23 11:42:41,V002,92.0,1.0058791657927062
2026-07-23,2026-07-23 11:42:42,V002,92.0,1.0063850806204535
2026-07-23,2026-07-23 11:42:43,V002,92.0,1.0053331987222278
2026-07-23,2026-07-23 11:42:44,V002,92.0,1.005110966159351
2026-07-23,2026-07-23 11:42:45,V002,93.0,1.0054797234157147
2026-07-23,2026-07-23 11:42:46,V002,93.0,1.0102716638656242
2026-07-23,2026-07-23 11:42:47,V002,93.0,1.0023454545463746
2026-07-23,2026-07-23 11:42:48,V002,93.0,1.0036484711360503
2026-07-23,2026-07-23 11:42:49,V002,93.0,1.0036229779881884
2026-07-23,2026-07-23 11:42:50,V002,93.0,1.0039544850285211
2026-07-23,2026-07-23 11:42:51,V002,93.0,1.0039548461552636
2026-07-23,2026-07-23 11:42:52,V002,92.0,1.0067970852236567
2026-07-23,2026-07-23 11:42:53,V002,91.0,1.0058187907655443
2026-07-23,2026-07-23 11:42:54,V002,91.0,1.0066124508026568
2026-07-23,2026-07-23 11:42:55,V002,90.0,1.0046067181025575
2026-07-23,2026-07-23 11:42:56,V002,89.0,1.0054529346222933
2026-07-23,2026-07-23 11:42:57,V002,89.0,1.0053414542497907
2026-07-23,2026-07-23 11:42:58,V002,89.0,1.0050913066120493
2026-07-23,2026-07-23 11:42:59,V002,88.0,1.0067581729790547
2026-07-23,2026-07-23 11:43:00,V002,88.0,1.0059100629166118
2026-07-23,2026-07-23 11:43:01,V002,88.0,1.0057370338169074
2026-07-23,2026-07-23 11:43:02,V002,88.0,1.004503997687834
2026-07-23,2026-07-23 11:43:03,V002,89.0,1.0044074620440784
2026-07-23,2026-07-23 11:43:04,V002,89.0,1.0045764145435583
2026-07-23,2026-07-23 11:43:05,V002,89.0,1.0055331170301633
2026-07-23,2026-07-23 11:43:06,V002,90.0,1.0057258336770474
2026-07-23,2026-07-23 11:43:07,V002,90.0,1.0047728294509335
2026-07-23,2026-07-23 11:43:08,V002,90.0,1.0021046894557981
2026-07-23,2026-07-23 11:43:09,V002,90.0,1.0040760150259687
2026-07-23,2026-07-23 11:43:10,V002,90.0,1.0022511500773978
2026-07-23,2026-07-23 11:43:11,V002,90.0,1.0044684480581116
2026-07-23,2026-07-23 11:43:12,V002,90.0,1.004248821872676
2026-07-23,2026-07-23 11:43:13,V002,89.0,1.0024183208496518
2026-07-23,2026-07-23 11:43:14,V002,89.0,1.0042014259171785
2026-07-23,2026-07-23 11:43:15,V002,88.0,1.0044049823265715
2026-07-23,2026-07-23 11:43:16,V002,88.0,1.003621385994683
2026-07-23,2026-07-23 11:43:17,V002,89.0,1.0040433720101332
2026-07-23,2026-07-23 11:43:18,V002,89.0,1.0027375005520898
2026-07-23,2026-07-23 11:43:19,V002,90.0,1.0037893898794221
2026-07-23,2026-07-23 11:43:20,V002,91.0,1.0041191573606927
2026-07-23,2026-07-23 11:43:21,V002,91.0,1.0037370057396158
2026-07-23,2026-07-23 11:43:22,V002,91.0,1.004353237826393
2026-07-23,2026-07-23 11:43:23,V002,91.0,1.0118307744678527
2026-07-23,2026-07-23 11:43:24,V002,91.0,1.0142828584024866
2026-07-23,2026-07-23 11:43:25,V002,91.0,1.0187565881973553
2026-07-23,2026-07-23 11:43:26,V002,90.0,1.0249257757107932
2026-07-23,2026-07-23 11:43:27,V002,89.0,1.0060781030181851
2026-07-23,2026-07-23 11:43:28,V002,89.0,1.0050950828662502
2026-07-23,2026-07-23 11:43:29,V002,89.0,1.006351131029872
2026-07-23,2026-07-23 11:43:30,V002,90.0,1.0067528549806084
2026-07-23,2026-07-23 11:43:31,V002,90.0,1.0059658070894488
2026-07-23,2026-07-23 11:43:32,V002,91.0,1.0054372883110658
2026-07-23,2026-07-23 11:43:33,V002,92.0,1.0043515387875792
2026-07-23,2026-07-23 11:43:34,V002,93.0,1.0092084380878688
2026-07-23,2026-07-23 11:43:35,V002,93.0,1.005710041241269
2026-07-23,2026-07-23 11:43:36,V002,94.0,1.0048313087090075
2026-07-23,2026-07-23 11:43:37,V002,94.0,1.0045788374873856
2026-07-23,2026-07-23 11:43:38,V002,94.0,1.0067677598056994
2026-07-23,2026-07-23 11:43:39,V002,94.0,1.0057532799392512
2026-07-23,2026-07-23 11:43:40,V002,93.0,1.0054556051443744
2026-07-23,2026-07-23 11:43:41,V002,93.0,1.0055511381158244
2026-07-23,2026-07-23 11:43:42,V002,93.0,1.0057135950805107
2026-07-23,2026-07-23 11:43:43,V002,93.0,1.005759731727103
2026-07-23,2026-07-23 11:43:44,V002,92.0,1.0062190378791391
2026-07-23,2026-07-23 11:43:45,V002,92.0,0.9904062659628401
2026-07-23,2026-07-23 11:43:46,V002,92.0,1.0622345772052693
2026-07-23,2026-07-23 11:43:47,V002,91.0,1.0020939346587652
2026-07-23,2026-07-23 11:43:48,V002,91.0,1.0038123139037882
2026-07-23,2026-07-23 11:43:49,V002,90.0,1.0057805980646823
2026-07-23,2026-07-23 11:43:50,V002,90.0,1.0055952987433003
2026-07-23,2026-07-23 11:43:51,V002,89.0,1.0071058491637412
2026-07-23,2026-07-23 11:43:52,V002,89.0,1.0068657917315542
2026-07-23,2026-07-23 11:43:53,V002,90.0,1.0040094709948308
2026-07-23,2026-07-23 11:43:54,V002,91.0,1.0071876649453493
2026-07-23,2026-07-23 11:43:55,V002,91.0,1.0041227496822331
2026-07-23,2026-07-23 11:43:56,V002,92.0,1.0048262185539982
2026-07-23,2026-07-23 11:43:57,V002,92.0,1.0050963179135741
2026-07-23,2026-07-23 11:43:58,V002,92.0,1.0037704138557946
2026-07-23,2026-07-23 11:43:59,V002,93.0,1.0129457584307127
2026-07-23,2026-07-23 11:44:00,V002,93.0,1.0045360107658672
2026-07-23,2026-07-23 11:44:01,V002,93.0,1.008172666359367
2026-07-23,2026-07-23 11:44:02,V002,93.0,1.0068501834530041
2026-07-23,2026-07-23 11:44:03,V002,93.0,1.0189704589088127
2026-07-23,2026-07-23 11:44:04,V002,92.0,0.9966127210292005
2026-07-23,2026-07-23 11:44:05,V002,92.0,0.9989020407713145
2026-07-23,2026-07-23 11:44:06,V002,92.0,1.0052871317027237
2026-07-23,2026-07-23 11:44:07,V002,92.0,1.001210042014026
2026-07-23,2026-07-23 11:44:08,V002,92.0,1.0039517015142998
2026-07-23,2026-07-23 11:44:09,V002,92.0,1.023248378228765
2026-07-23,2026-07-23 11:44:10,V002,92.0,1.0058115747428564
2026-07-23,2026-07-23 11:44:11,V002,93.0,1.0181761249005299
2026-07-23,2026-07-23 11:44:12,V002,94.0,1.0451679665531453
2026-07-23,2026-07-23 11:44:13,V002,95.0,1.0025420853377571
2026-07-23,2026-07-23 11:44:14,V002,96.0,1.0048515901069945
2026-07-23,2026-07-23 11:44:15,V002,97.0,1.0084699427623838
2026-07-23,2026-07-23 11:44:16,V002,98.0,1.0054553332851146
2026-07-23,2026-07-23 11:44:17,V002,99.0,1.0217536842958788
2026-07-23,2026-07-23 11:44:18,V002,100.0,0.9885987182385905
2026-07-23,2026-07-23 11:44:19,V002,101.0,1.02717521029677
2026-07-23,2026-07-23 11:44:20,V002,102.0,1.007853356650909
2026-07-23,2026-07-23 11:44:21,V002,103.0,1.0125785004087628
2026-07-23,2026-07-23 11:44:22,V002,103.0,1.0061846487614723
2026-07-23,2026-07-23 11:44:23,V002,102.0,1.0068972507748524
2026-07-23,2026-07-23 11:44:24,V002,102.0,1.011404114141545
2026-07-23,2026-07-23 11:44:25,V002,101.0,1.0101274274731462
2026-07-23,2026-07-23 11:44:26,V002,101.0,1.0141544869549604
2026-07-23,2026-07-23 11:44:27,V002,100.0,1.0509355395807356
2026-07-23,2026-07-23 11:44:28,V002,100.0,1.1431407093084416
2026-07-23,2026-07-23 11:44:29,V002,99.0,1.0792689941939433
2026-07-23,2026-07-23 11:44:30,V002,99.0,0.9282349716493679
2026-07-23,2026-07-23 11:44:31,V002,100.0,1.0450158447223725
2026-07-23,2026-07-23 11:44:32,V002,100.0,0.919080525318271
2026-07-23,2026-07-23 11:44:33,V002,100.0,1.4109674647283745
2026-07-23,2026-07-23 11:44:34,V002,101.0,0.921509210188184
2026-07-23,2026-07-23 11:44:35,V002,101.0,1.0009717052736895
2026-07-23,2026-07-23 11:44:36,V002,101.0,1.0526940450887086
2026-07-23,2026-07-23 11:44:37,V002,101.0,1.019753552859843
2026-07-23,2026-07-23 11:44:38,V002,101.0,1.0103580181014151
2026-07-23,2026-07-23 11:44:39,V002,101.0,1.0013530075945798
2026-07-23,2026-07-23 11:44:40,V002,102.0,1.104006196484476
2026-07-23,2026-07-23 11:44:41,V002,102.0,1.0790894017183732
2026-07-23,2026-07-23 11:44:42,V002,103.0,0.9404089016213194
2026-07-23,2026-07-23 11:44:43,V002,104.0,1.016933539469958
2026-07-23,2026-07-23 11:44:44,V002,106.0,1.141773179227733
2026-07-23,2026-07-23 11:44:45,V002,107.0,1.0601423437651911
2026-07-23,2026-07-23 11:44:46,V002,108.0,1.0107945675851497
2026-07-23,2026-07-23 11:44:47,V002,109.0,1.0279777115375817
2026-07-23,2026-07-23 11:44:48,V002,110.0,1.0033923306165893
2026-07-23,2026-07-23 11:44:49,V002,111.0,1.0035795216362895
2026-07-23,2026-07-23 11:44:50,V002,112.0,1.0050234423557114
2026-07-23,2026-07-23 11:44:51,V002,113.0,1.0214969219810557
2026-07-23,2026-07-23 11:44:52,V002,114.0,0.9882603163957028
2026-07-23,2026-07-23 11:44:53,V002,115.0,1.1028886192021878
2026-07-23,2026-07-23 11:44:54,V002,117.0,1.1739404824123878
2026-07-23,2026-07-23 11:44:55,V002,118.0,0.9866530740548078
2026-07-23,2026-07-23 11:44:56,V002,119.0,1.0433677860994381
2026-07-23,2026-07-23 11:44:57,V002,120.0,1.0335692538843029
2026-07-23,2026-07-23 11:44:58,V002,121.0,1.0473016372918047
2026-07-23,2026-07-23 11:44:59,V002,122.0,0.9903724600405643
2026-07-23,2026-07-23 11:45:00,V002,123.0,0.9720505301353165
2026-07-23,2026-07-23 11:45:01,V002,123.0,1.3954411495069878
2026-07-23,2026-07-23 11:45:02,V002,124.0,1.1976738262553834
2026-07-23,2026-07-23 11:45:03,V002,124.0,0.995796328666011
2026-07-23,2026-07-23 11:45:04,V002,124.0,1.019627537581301
2026-07-23,2026-07-23 11:45:05,V002,124.0,0.9919771633695816
2026-07-23,2026-07-23 11:45:06,V002,123.0,1.083992677860963
2026-07-23,2026-07-23 11:45:07,V002,123.0,1.128947069575329
2026-07-23,2026-07-23 11:45:08,V002,123.0,1.0297117865465446
2026-07-23,2026-07-23 11:45:09,V002,123.0,0.9969569711436237
2026-07-23,2026-07-23 11:45:10,V002,123.0,0.9870133493440226
2026-07-23,2026-07-23 11:45:11,V002,123.0,0.9954806670109078
2026-07-23,2026-07-23 11:45:12,V002,124.0,1.0259885645209301
2026-07-23,2026-07-23 11:45:13,V002,125.0,1.0614156547585636
2026-07-23,2026-07-23 11:45:14,V002,126.0,0.9912607819378706
2026-07-23,2026-07-23 11:45:15,V002,127.0,1.0032926159213769
2026-07-23,2026-07-23 11:45:16,V002,129.0,0.9687601790784531
2026-07-23,2026-07-23 11:45:17,V002,129.0,1.0671180018791997
2026-07-23,2026-07-23 11:45:18,V002,130.0,1.1996774315285654
2026-07-23,2026-07-23 11:45:19,V002,131.0,1.2284761724386453
2026-07-23,2026-07-23 11:45:20,V002,131.0,1.2984532803341804
2026-07-23,2026-07-23 11:45:21,V002,132.0,1.265590497017963
2026-07-23,2026-07-23 11:45:22,V002,133.0,1.052572853843383
2026-07-23,2026-07-23 11:45:23,V002,134.0,0.9431405059694011
2026-07-23,2026-07-23 11:45:24,V002,135.0,1.138536355291607
2026-07-23,2026-07-23 11:45:25,V002,135.0,1.1111128520893523
2026-07-23,2026-07-23 11:45:26,V002,136.0,1.0330790306256228
2026-07-23,2026-07-23 11:45:27,V002,136.0,1.0546006021447953
2026-07-23,2026-07-23 11:45:28,V002,136.0,0.996219978230931
2026-07-23,2026-07-23 11:45:29,V002,136.0,1.023958106699963
2026-07-23,2026-07-23 11:45:30,V002,136.0,0.9811789531074265
2026-07-23,2026-07-23 11:45:31,V002,135.0,1.0267373378992446
2026-07-23,2026-07-23 11:45:32,V002,134.0,0.9806120258561847
2026-07-23,2026-07-23 11:45:33,V002,134.0,0.9895594953125976
2026-07-23,2026-07-23 11:45:34,V002,134.0,1.0079890715067346
2026-07-23,2026-07-23 11:45:35,V002,133.0,0.9674108204136433
2026-07-23,2026-07-23 11:45:36,V002,134.0,1.2121039896953252
2026-07-23,2026-07-23 11:45:37,V002,134.0,1.0348779081617279
2026-07-23,2026-07-23 11:45:38,V002,134.0,0.9762220829970769
2026-07-23,2026-07-23 11:45:39,V002,135.0,1.0359209925241066
2026-07-23,2026-07-23 11:45:40,V002,135.0,1.037636880616469
2026-07-23,2026-07-23 11:45:41,V002,136.0,1.0071211297836977
2026-07-23,2026-07-23 11:45:42,V002,135.0,0.9934067809342365
2026-07-23,2026-07-23 11:45:43,V002,135.0,1.0275755070634585
2026-07-23,2026-07-23 11:45:44,V002,135.0,1.0681090807357605
2026-07-23,2026-07-23 11:45:45,V002,134.0,1.0081303273767652
2026-07-23,2026-07-23 11:45:46,V002,134.0,1.1378101368637727
2026-07-23,2026-07-23 11:45:47,V002,134.0,1.0496240363366867
2026-07-23,2026-07-23 11:45:48,V002,134.0,1.0370156264672488
2026-07-23,2026-07-23 11:45:49,V002,133.0,1.0922698371738264
2026-07-23,2026-07-23 11:45:50,V002,133.0,1.0078251361047177
2026-07-23,2026-07-23 11:45:51,V002,132.0,0.9734830725533399
2026-07-23,2026-07-23 11:45:52,V002,131.0,1.1837003622299616
2026-07-23,2026-07-23 11:45:53,V002,131.0,1.016383945914145
2026-07-23,2026-07-23 11:45:54,V002,130.0,1.0233259094347489
2026-07-23,2026-07-23 11:45:55,V002,130.0,1.0108728713054196
2026-07-23,2026-07-23 11:45:56,V002,129.0,1.0130535899552278
2026-07-23,2026-07-23 11:45:57,V002,129.0,1.038358718117001
2026-07-23,2026-07-23 11:45:58,V002,129.0,1.0145269746554786
2026-07-23,2026-07-23 11:45:59,V002,129.0,0.9966885695422232
2026-07-23,2026-07-23 11:46:00,V002,129.0,1.0006553321249152
2026-07-23,2026-07-23 11:46:01,V002,129.0,0.9961103005943827
2026-07-23,2026-07-23 11:46:02,V002,129.0,0.986333666650498
2026-07-23,2026-07-23 11:46:03,V002,130.0,0.9964855798644527
2026-07-23,2026-07-23 11:46:04,V002,130.0,1.000199788048874
2026-07-23,2026-07-23 11:46:05,V002,131.0,0.9965121927085667
2026-07-23,2026-07-23 11:46:06,V002,131.0,1.0024877605158375
2026-07-23,2026-07-23 11:46:07,V002,131.0,1.0414656126842787
2026-07-23,2026-07-23 11:46:08,V002,130.0,1.0093167601457063
2026-07-23,2026-07-23 11:46:09,V002,130.0,1.0012926093796948
2026-07-23,2026-07-23 11:46:10,V002,130.0,1.0294651921402607
2026-07-23,2026-07-23 11:46:11,V002,129.0,0.9768205349405473
2026-07-23,2026-07-23 11:46:12,V002,129.0,1.016771194746027
2026-07-23,2026-07-23 11:46:13,V002,128.0,1.020770867600464
2026-07-23,2026-07-23 11:46:14,V002,128.0,1.0034622175853485
2026-07-23,2026-07-23 11:46:15,V002,127.0,0.9981349034851157
2026-07-23,2026-07-23 11:46:16,V002,126.0,0.9869464767631996
2026-07-23,2026-07-23 11:46:17,V002,125.0,0.9852901428693568
2026-07-23,2026-07-23 11:46:18,V002,124.0,0.9913870221155301
2026-07-23,2026-07-23 11:46:19,V002,122.0,1.0102905661704247
2026-07-23,2026-07-23 11:46:20,V002,121.0,0.9806608017191211
2026-07-23,2026-07-23 11:46:21,V002,120.0,1.0047590010015073
2026-07-23,2026-07-23 11:46:22,V002,119.0,1.001879276231203
2026-07-23,2026-07-23 11:46:23,V002,118.0,1.019732922763326
2026-07-23,2026-07-23 11:46:24,V002,117.0,1.019858103004062
2026-07-23,2026-07-23 11:46:25,V002,116.0,1.0071840878713119
2026-07-23,2026-07-23 11:46:26,V002,115.0,0.984002401111158
2026-07-23,2026-07-23 11:46:27,V002,114.0,1.0079405544839377
2026-07-23,2026-07-23 11:46:28,V002,114.0,0.9996086501040168
2026-07-23,2026-07-23 11:46:29,V002,114.0,0.9981231676618695
2026-07-23,2026-07-23 11:46:30,V002,113.0,0.999944584498127
2026-07-23,2026-07-23 11:46:31,V002,113.0,1.0020224763646663
2026-07-23,2026-07-23 11:46:32,V002,113.0,0.9952236250533053
2026-07-23,2026-07-23 11:46:33,V002,112.0,0.9916202538176908
2026-07-23,2026-07-23 11:46:34,V002,112.0,1.0074521516761619
2026-07-23,2026-07-23 11:46:35,V002,112.0,0.9968262001426729
2026-07-23,2026-07-23 11:46:36,V002,111.0,1.0106920689390475
2026-07-23,2026-07-23 11:46:37,V002,110.0,1.0221913426031324
2026-07-23,2026-07-23 11:46:38,V002,109.0,0.9882020608397681
2026-07-23,2026-07-23 11:46:39,V002,108.0,1.0244431216516827
2026-07-23,2026-07-23 11:46:40,V002,107.0,1.0475297804492458
2026-07-23,2026-07-23 11:46:41,V002,106.0,1.039097998164257
2026-07-23,2026-07-23 11:46:42,V002,105.0,1.02744310199974
2026-07-23,2026-07-23 11:46:43,V002,104.0,0.9878201201472098
2026-07-23,2026-07-23 11:46:44,V002,103.0,0.9902906603274403
2026-07-23,2026-07-23 11:46:45,V002,103.0,0.9920937078138283
2026-07-23,2026-07-23 11:46:46,V002,102.0,1.0358139041469188
2026-07-23,2026-07-23 11:46:47,V002,102.0,0.9733190666747406
2026-07-23,2026-07-23 11:46:48,V002,102.0,0.978853477966973
2026-07-23,2026-07-23 11:46:49,V002,102.0,1.0160664361370122
2026-07-23,2026-07-23 11:46:50,V002,101.0,1.0313790148234838
2026-07-23,2026-07-23 11:46:51,V002,101.0,1.0846799892947514
2026-07-23,2026-07-23 11:46:52,V002,100.0,0.9698035058734892
2026-07-23,2026-07-23 11:46:53,V002,100.0,1.0334948992882256
2026-07-23,2026-07-23 11:46:54,V002,99.0,1.021366745233914
2026-07-23,2026-07-23 11:46:55,V002,99.0,0.9974592808691228
2026-07-23,2026-07-23 11:46:56,V002,97.0,0.9950059421305655
2026-07-23,2026-07-23 11:46:57,V002,96.0,0.9811321981030585
2026-07-23,2026-07-23 11:46:58,V002,96.0,1.0777155194325925
2026-07-23,2026-07-23 11:46:59,V002,95.0,1.0401526463343944
2026-07-23,2026-07-23 11:47:00,V002,96.0,1.029685821743548
2026-07-23,2026-07-23 11:47:01,V002,96.0,0.9656271625320104
2026-07-23,2026-07-23 11:47:02,V002,96.0,1.004611362700421
2026-07-23,2026-07-23 11:47:03,V002,97.0,1.0017354065918394
2026-07-23,2026-07-23 11:47:04,V002,97.0,0.9791945400436549
2026-07-23,2026-07-23 11:47:05,V002,98.0,1.000565872821249
2026-07-23,2026-07-23 11:47:06,V002,99.0,0.9602933797635083
2026-07-23,2026-07-23 11:47:07,V002,99.0,1.0516131813239635
2026-07-23,2026-07-23 11:47:08,V002,100.0,0.9926597356053488
2026-07-23,2026-07-23 11:47:09,V002,101.0,0.9991630744463255
2026-07-23,2026-07-23 11:47:10,V002,101.0,1.0172147737564698
2026-07-23,2026-07-23 11:47:11,V002,101.0,1.0295249486845532
2026-07-23,2026-07-23 11:47:12,V002,101.0,1.0085737361089897
2026-07-23,2026-07-23 11:47:13,V002,100.0,1.0046972479315583
2026-07-23,2026-07-23 11:47:14,V002,100.0,0.9914653569103034
2026-07-23,2026-07-23 11:47:15,V002,99.0,1.004016497775938
2026-07-23,2026-07-23 11:47:16,V002,99.0,1.0028909811057531
2026-07-23,2026-07-23 11:47:17,V002,99.0,0.9800803990689909
2026-07-23,2026-07-23 11:47:18,V002,99.0,0.9906342136832258
2026-07-23,2026-07-23 11:47:19,V002,99.0,0.9980650138531834
2026-07-23,2026-07-23 11:47:20,V002,99.0,0.9801974543295862
2026-07-23,2026-07-23 11:47:21,V002,99.0,0.9880182765242808
2026-07-23,2026-07-23 11:47:22,V002,100.0,1.008797146083829
2026-07-23,2026-07-23 11:47:23,V002,100.0,0.9837766243581514
2026-07-23,2026-07-23 11:47:24,V002,101.0,0.9742391557248097
2026-07-23,2026-07-23 11:47:25,V002,101.0,0.9595600762817785
2026-07-23,2026-07-23 11:47:26,V002,101.0,1.0321103114393166
2026-07-23,2026-07-23 11:47:27,V002,101.0,1.0025134986655555
2026-07-23,2026-07-23 11:47:28,V002,101.0,0.984915874263491
2026-07-23,2026-07-23 11:47:29,V002,102.0,0.9832825229582661
2026-07-23,2026-07-23 11:47:30,V002,102.0,0.9867661285202719
2026-07-23,2026-07-23 11:47:31,V002,102.0,0.985418756773977
2026-07-23,2026-07-23 11:47:32,V002,102.0,0.9870621363497198
2026-07-23,2026-07-23 11:47:33,V002,102.0,0.9873436514154313
2026-07-23,2026-07-23 11:47:34,V002,103.0,0.9880018456098754
2026-07-23,2026-07-23 11:47:35,V002,104.0,0.9893875157892837
2026-07-23,2026-07-23 11:47:36,V002,105.0,0.9879495575002706
2026-07-23,2026-07-23 11:47:37,V002,106.0,0.9878915497393873
2026-07-23,2026-07-23 11:47:38,V002,106.0,0.9887522889890765
2026-07-23,2026-07-23 11:47:39,V002,107.0,0.9870996474640822
2026-07-23,2026-07-23 11:47:40,V002,107.0,0.9877436756606515
2026-07-23,2026-07-23 11:47:41,V002,107.0,0.9850007572831228
2026-07-23,2026-07-23 11:47:42,V002,108.0,0.9877739981591145
2026-07-23,2026-07-23 11:47:43,V002,108.0,0.9873310271700318
2026-07-23,2026-07-23 11:47:44,V002,107.0,0.9878564999093252
2026-07-23,2026-07-23 11:47:45,V002,107.0,0.9870981773317813
2026-07-23,2026-07-23 11:47:46,V002,106.0,0.9867211837931492
2026-07-23,2026-07-23 11:47:47,V002,105.0,0.9889436855057355
2026-07-23,2026-07-23 11:47:48,V002,104.0,0.9882278318441305
2026-07-23,2026-07-23 11:47:49,V002,103.0,0.9927759718960094
2026-07-23,2026-07-23 11:47:50,V002,101.0,0.9980738800225263
2026-07-23,2026-07-23 11:47:51,V002,99.0,0.9921052998142986
2026-07-23,2026-07-23 11:47:52,V002,94.0,0.9893969676855162
2026-07-23,2026-07-23 11:47:53,V002,90.0,1.0254610041879189
2026-07-23,2026-07-23 11:47:54,V002,87.0,1.0423964097735254
2026-07-23,2026-07-23 11:47:55,V002,84.0,1.0821344346372037
2026-07-23,2026-07-23 11:47:56,V002,83.0,0.9862399567239973
2026-07-23,2026-07-23 11:47:57,V002,82.0,0.9974301293495148
2026-07-23,2026-07-23 11:47:58,V002,82.0,1.0227427759237346
2026-07-23,2026-07-23 11:47:59,V002,82.0,0.9933662826972992
2026-07-23,2026-07-23 11:48:00,V002,83.0,0.9899841001940466
2026-07-23,2026-07-23 11:48:01,V002,83.0,1.0041979213953438
2026-07-23,2026-07-23 11:48:02,V002,83.0,0.9894709114352402
2026-07-23,2026-07-23 11:48:03,V002,82.0,0.9882997524521373
2026-07-23,2026-07-23 11:48:04,V002,82.0,0.9976341980737541
2026-07-23,2026-07-23 11:48:05,V002,82.0,0.9931017159241227
2026-07-23,2026-07-23 11:48:06,V002,82.0,1.0168379097272393
2026-07-23,2026-07-23 11:48:07,V002,82.0,0.9952832221920257
2026-07-23,2026-07-23 11:48:08,V002,83.0,0.9955754884890524
2026-07-23,2026-07-23 11:48:09,V002,83.0,0.9917030661071852
2026-07-23,2026-07-23 11:48:10,V002,84.0,0.99168600836161
2026-07-23,2026-07-23 11:48:11,V002,85.0,1.023907186625423
2026-07-23,2026-07-23 11:48:12,V002,86.0,0.9517838495322289
2026-07-23,2026-07-23 11:48:13,V002,87.0,0.997183694843753
2026-07-23,2026-07-23 11:48:14,V002,88.0,0.990490075360596
2026-07-23,2026-07-23 11:48:15,V002,89.0,0.9864689341564968
2026-07-23,2026-07-23 11:48:16,V002,90.0,1.0228268746461842
2026-07-23,2026-07-23 11:48:17,V002,90.0,0.9966153164956314
2026-07-23,2026-07-23 11:48:18,V002,90.0,1.0161197768825772
2026-07-23,2026-07-23 11:48:19,V002,90.0,1.0498791171715158
2026-07-23,2026-07-23 11:48:20,V002,90.0,1.0220023672866931
2026-07-23,2026-07-23 11:48:21,V002,90.0,0.9867886380156822
2026-07-23,2026-07-23 11:48:22,V002,91.0,1.0034741617655285
2026-07-23,2026-07-23 11:48:23,V002,91.0,1.0252526272425062
2026-07-23,2026-07-23 11:48:24,V002,92.0,1.036401257950529
2026-07-23,2026-07-23 11:48:25,V002,92.0,0.9425857635818777
2026-07-23,2026-07-23 11:48:26,V002,93.0,0.9751911324090428
2026-07-23,2026-07-23 11:48:27,V002,94.0,1.0006334397896275
2026-07-23,2026-07-23 11:48:28,V002,95.0,1.0086078604978022
2026-07-23,2026-07-23 11:48:29,V002,95.0,0.9852818800570817
2026-07-23,2026-07-23 11:48:30,V002,96.0,0.9993063527584812
2026-07-23,2026-07-23 11:48:31,V002,96.0,0.9924063130499092
2026-07-23,2026-07-23 11:48:32,V002,97.0,0.9897375816610008
2026-07-23,2026-07-23 11:48:33,V002,98.0,0.9913528122847387
2026-07-23,2026-07-23 11:48:34,V002,98.0,0.9887308860834015
2026-07-23,2026-07-23 11:48:35,V002,99.0,0.9970974222734209
2026-07-23,2026-07-23 11:48:36,V002,99.0,0.9904401192289374
2026-07-23,2026-07-23 11:48:37,V002,100.0,0.9880281791156033
2026-07-23,2026-07-23 11:48:38,V002,100.0,1.0505666938319929
2026-07-23,2026-07-23 11:48:39,V002,101.0,0.9678740703290595
2026-07-23,2026-07-23 11:48:40,V002,101.0,1.008174249157081
2026-07-23,2026-07-23 11:48:41,V002,102.0,1.009775109342684
2026-07-23,2026-07-23 11:48:42,V002,103.0,1.0136205983368134
2026-07-23,2026-07-23 11:48:43,V002,103.0,1.00892911989283
2026-07-23,2026-07-23 11:48:44,V002,105.0,1.010428320181916
2026-07-23,2026-07-23 11:48:45,V002,106.0,1.0100816841925484
2026-07-23,2026-07-23 11:48:46,V002,107.0,1.0114962708424493
2026-07-23,2026-07-23 11:48:47,V002,108.0,1.0095730387326278
2026-07-23,2026-07-23 11:48:48,V002,109.0,1.01099839466173
2026-07-23,2026-07-23 11:48:49,V002,109.0,1.013564248107274
2026-07-23,2026-07-23 11:48:50,V002,109.0,1.0131625092714314
2026-07-23,2026-07-23 11:48:51,V002,110.0,1.0082014103941142
2026-07-23,2026-07-23 11:48:52,V002,110.0,1.0101320885233314
2026-07-23,2026-07-23 11:48:53,V002,110.0,1.0109252170844065
2026-07-23,2026-07-23 11:48:54,V002,110.0,1.008924751540606
2026-07-23,2026-07-23 11:48:55,V002,109.0,1.0095787061439419
2026-07-23,2026-07-23 11:48:56,V002,109.0,1.010796649370156
2026-07-23,2026-07-23 11:48:57,V002,109.0,1.0009263870843017
2026-07-23,2026-07-23 11:48:58,V002,109.0,0.9964221222583275
2026-07-23,2026-07-23 11:48:59,V002,109.0,0.9899415635998665
2026-07-23,2026-07-23 11:49:00,V002,109.0,1.016082835686681
2026-07-23,2026-07-23 11:49:01,V002,110.0,1.002092233567607
2026-07-23,2026-07-23 11:49:02,V002,111.0,1.0077878840703394
2026-07-23,2026-07-23 11:49:03,V002,112.0,1.0094579314318661
2026-07-23,2026-07-23 11:49:04,V002,113.0,1.0123037005849935
2026-07-23,2026-07-23 11:49:05,V002,114.0,1.0033028652360603
2026-07-23,2026-07-23 11:49:06,V002,115.0,1.0061412065685176
2026-07-23,2026-07-23 11:49:07,V002,116.0,1.0068291376655156
2026-07-23,2026-07-23 11:49:08,V002,117.0,1.0077864614511225
2026-07-23,2026-07-23 11:49:09,V002,117.0,1.009467026161889
2026-07-23,2026-07-23 11:49:10,V002,116.0,1.003303341243057
2026-07-23,2026-07-23 11:49:11,V002,116.0,0.9849463206536186
2026-07-23,2026-07-23 11:49:12,V002,115.0,0.9713103279691765
2026-07-23,2026-07-23 11:49:13,V002,114.0,0.9970753738234884
2026-07-23,2026-07-23 11:49:14,V002,113.0,1.0006884276361252
2026-07-23,2026-07-23 11:49:15,V002,112.0,0.9793633978014737
2026-07-23,2026-07-23 11:49:16,V002,111.0,1.0012958070587774
2026-07-23,2026-07-23 11:49:17,V002,111.0,1.0033709527762509
2026-07-23,2026-07-23 11:49:18,V002,110.0,1.007337005529044
2026-07-23,2026-07-23 11:49:19,V002,110.0,1.002175703155407
2026-07-23,2026-07-23 11:49:20,V002,109.0,1.0275289922068256
2026-07-23,2026-07-23 11:49:21,V002,109.0,0.9643431860572069
2026-07-23,2026-07-23 11:49:22,V002,108.0,1.0305640049874139
2026-07-23,2026-07-23 11:49:23,V002,107.0,0.9942558646902325
2026-07-23,2026-07-23 11:49:24,V002,107.0,0.9990749234167218
2026-07-23,2026-07-23 11:49:25,V002,106.0,0.9941183919120388
2026-07-23,2026-07-23 11:49:26,V002,105.0,1.0779552308815619
2026-07-23,2026-07-23 11:49:27,V002,105.0,0.9416137508408546
2026-07-23,2026-07-23 11:49:28,V002,104.0,1.043589538774282
2026-07-23,2026-07-23 11:49:29,V002,104.0,1.0455175893890944
2026-07-23,2026-07-23 11:49:30,V002,103.0,1.0117485855166084
2026-07-23,2026-07-23 11:49:31,V002,103.0,0.9919748570430366
2026-07-23,2026-07-23 11:49:32,V002,102.0,1.0436953569071605
2026-07-23,2026-07-23 11:49:33,V002,102.0,1.0015842767422811
2026-07-23,2026-07-23 11:49:34,V002,101.0,0.9906716485639514
2026-07-23,2026-07-23 11:49:35,V002,101.0,0.9848908243556589
2026-07-23,2026-07-23 11:49:36,V002,101.0,1.026297964378626
2026-07-23,2026-07-23 11:49:37,V002,100.0,1.026182407795782
2026-07-23,2026-07-23 11:49:38,V002,100.0,0.9794058265342166
2026-07-23,2026-07-23 11:49:39,V002,100.0,1.0093130290783658
2026-07-23,2026-07-23 11:49:40,V002,100.0,1.0427683196251563
2026-07-23,2026-07-23 11:49:41,V002,100.0,1.0265971858777467
2026-07-23,2026-07-23 11:49:42,V002,100.0,1.0055637841742824
2026-07-23,2026-07-23 11:49:43,V002,100.0,0.9774253421454572
2026-07-23,2026-07-23 11:49:44,V002,101.0,1.0259739611735377
2026-07-23,2026-07-23 11:49:45,V002,102.0,0.9571222681595486
2026-07-23,2026-07-23 11:49:46,V002,101.0,1.0931715247169738
2026-07-23,2026-07-23 11:49:47,V002,100.0,0.9392706696120686
2026-07-23,2026-07-23 11:49:48,V002,100.0,1.0028046022250114
2026-07-23,2026-07-23 11:49:49,V002,100.0,0.9897476595537169
2026-07-23,2026-07-23 11:49:50,V002,100.0,0.9977028681979169
2026-07-23,2026-07-23 11:49:51,V002,101.0,0.9854853246916752
2026-07-23,2026-07-23 11:49:52,V002,102.0,1.0377472885007362
2026-07-23,2026-07-23 11:49:53,V002,102.0,1.0053377696276018
2026-07-23,2026-07-23 11:49:54,V002,103.0,1.02834732638596
2026-07-23,2026-07-23 11:49:55,V002,103.0,0.992194025524767
2026-07-23,2026-07-23 11:49:56,V002,104.0,0.9592541904308755
2026-07-23,2026-07-23 11:49:57,V002,105.0,1.0652917523887568
2026-07-23,2026-07-23 11:49:58,V002,106.0,0.990926895152295
2026-07-23,2026-07-23 11:49:59,V002,107.0,1.0451405348275735
2026-07-23,2026-07-23 11:50:00,V002,107.0,
