Date,Timestamp,SensorID,HeartRate,AccNorm
2026-07-23,2026-07-23 10:40:00,V026,101.0,0.9750911803841121
2026-07-23,2026-07-23 10:40:01,V026,100.0,0.9802421245035088
2026-07-23,2026-07-23 10:40:02,V026,100.0,0.9751347841668082
2026-07-23,2026-07-23 10:40:03,V026,99.0,0.9765081068865699
2026-07-23,2026-07-23 10:40:04,V026,98.0,0.9769097351421066
2026-07-23,2026-07-23 10:40:05,V026,97.0,0.9775124352235541
2026-07-23,2026-07-23 10:40:06,V026,96.0,0.9770708020400418
2026-07-23,2026-07-23 10:40:07,V026,96.0,0.9766591505905681
2026-07-23,2026-07-23 10:40:08,V026,96.0,0.9771702616754895
2026-07-23,2026-07-23 10:40:09,V026,96.0,0.9766154974608445
2026-07-23,2026-07-23 10:40:10,V026,96.0,0.977131686098089
2026-07-23,2026-07-23 10:40:11,V026,97.0,0.9771828421574363
2026-07-23,2026-07-23 10:40:12,V026,97.0,0.9770154683290296
2026-07-23,2026-07-23 10:40:13,V026,97.0,0.9771026175874662
2026-07-23,2026-07-23 10:40:14,V026,96.0,0.9771651551651231
2026-07-23,2026-07-23 10:40:15,V026,95.0,0.976551558388533
2026-07-23,2026-07-23 10:40:16,V026,95.0,0.978224953115001
2026-07-23,2026-07-23 10:40:17,V026,95.0,0.9767857305159039
2026-07-23,2026-07-23 10:40:18,V026,95.0,0.9778436336432529
2026-07-23,2026-07-23 10:40:19,V026,95.0,0.9758555935175405
2026-07-23,2026-07-23 10:40:20,V026,96.0,0.9780456754487867
2026-07-23,2026-07-23 10:40:21,V026,96.0,0.9762164029650547
2026-07-23,2026-07-23 10:40:22,V026,97.0,0.9776809421791599
2026-07-23,2026-07-23 10:40:23,V026,96.0,0.9769508977822288
2026-07-23,2026-07-23 10:40:24,V026,96.0,0.9764942195503701
2026-07-23,2026-07-23 10:40:25,V026,96.0,0.9765210087172657
2026-07-23,2026-07-23 10:40:26,V026,96.0,0.976136894732158
2026-07-23,2026-07-23 10:40:27,V026,97.0,0.9761324309767406
2026-07-23,2026-07-23 10:40:28,V026,97.0,0.9781336952583045
2026-07-23,2026-07-23 10:40:29,V026,98.0,0.9756469220312979
2026-07-23,2026-07-23 10:40:30,V026,99.0,0.9777706809331699
2026-07-23,2026-07-23 10:40:31,V026,99.0,0.977823175723791
2026-07-23,2026-07-23 10:40:32,V026,99.0,0.9758885589875226
2026-07-23,2026-07-23 10:40:33,V026,98.0,0.9767918807721186
2026-07-23,2026-07-23 10:40:34,V026,97.0,0.9776950608847883
2026-07-23,2026-07-23 10:40:35,V026,97.0,0.9772365014870886
2026-07-23,2026-07-23 10:40:36,V026,96.0,0.9756775641392549
2026-07-23,2026-07-23 10:40:37,V026,96.0,0.9780798723088929
2026-07-23,2026-07-23 10:40:38,V026,96.0,0.9774303830179727
2026-07-23,2026-07-23 10:40:39,V026,96.0,0.9766210661833951
2026-07-23,2026-07-23 10:40:40,V026,97.0,0.9778919063121255
2026-07-23,2026-07-23 10:40:41,V026,96.0,0.9774165883474808
2026-07-23,2026-07-23 10:40:42,V026,95.0,0.9769461693320964
2026-07-23,2026-07-23 10:40:43,V026,94.0,0.9774011717792696
2026-07-23,2026-07-23 10:40:44,V026,94.0,0.9773044229367489
2026-07-23,2026-07-23 10:40:45,V026,94.0,0.9767428069964978
2026-07-23,2026-07-23 10:40:46,V026,93.0,0.9774951635842182
2026-07-23,2026-07-23 10:40:47,V026,94.0,0.9778811572678672
2026-07-23,2026-07-23 10:40:48,V026,95.0,0.9778047489416901
2026-07-23,2026-07-23 10:40:49,V026,96.0,0.9779743589927744
2026-07-23,2026-07-23 10:40:50,V026,96.0,0.9752303236750638
2026-07-23,2026-07-23 10:40:51,V026,96.0,0.9779527306333506
2026-07-23,2026-07-23 10:40:52,V026,96.0,0.9776510750790329
2026-07-23,2026-07-23 10:40:53,V026,95.0,0.9774658899227334
2026-07-23,2026-07-23 10:40:54,V026,95.0,0.9783740982938076
2026-07-23,2026-07-23 10:40:55,V026,95.0,0.976146609207209
2026-07-23,2026-07-23 10:40:56,V026,95.0,0.9770512809571403
2026-07-23,2026-07-23 10:40:57,V026,95.0,0.9772518913923035
2026-07-23,2026-07-23 10:40:58,V026,96.0,0.977277274093467
2026-07-23,2026-07-23 10:40:59,V026,97.0,0.9770100970461664
2026-07-23,2026-07-23 10:41:00,V026,98.0,0.9782981485249508
2026-07-23,2026-07-23 10:41:01,V026,97.0,0.976007238722745
2026-07-23,2026-07-23 10:41:02,V026,97.0,0.9789385889956214
2026-07-23,2026-07-23 10:41:03,V026,96.0,0.976951711838592
2026-07-23,2026-07-23 10:41:04,V026,95.0,0.9771064851383705
2026-07-23,2026-07-23 10:41:05,V026,94.0,0.9774986004753826
2026-07-23,2026-07-23 10:41:06,V026,93.0,0.9770928174614213
2026-07-23,2026-07-23 10:41:07,V026,93.0,0.9776082174235059
2026-07-23,2026-07-23 10:41:08,V026,93.0,0.9773618345567558
2026-07-23,2026-07-23 10:41:09,V026,94.0,0.976131657201031
2026-07-23,2026-07-23 10:41:10,V026,94.0,0.9772904086821063
2026-07-23,2026-07-23 10:41:11,V026,96.0,0.977326752248029
2026-07-23,2026-07-23 10:41:12,V026,97.0,0.9775597683723254
2026-07-23,2026-07-23 10:41:13,V026,98.0,0.9760507059660554
2026-07-23,2026-07-23 10:41:14,V026,98.0,0.9775422638964841
2026-07-23,2026-07-23 10:41:15,V026,98.0,0.9770304247881001
2026-07-23,2026-07-23 10:41:16,V026,98.0,0.9764773621245831
2026-07-23,2026-07-23 10:41:17,V026,98.0,0.9774301972201362
2026-07-23,2026-07-23 10:41:18,V026,98.0,0.9776629650302021
2026-07-23,2026-07-23 10:41:19,V026,98.0,0.9766832156388507
2026-07-23,2026-07-23 10:41:20,V026,99.0,0.9834722570706173
2026-07-23,2026-07-23 10:41:21,V026,99.0,1.012378511883485
2026-07-23,2026-07-23 10:41:22,V026,100.0,0.9744587578829582
2026-07-23,2026-07-23 10:41:23,V026,100.0,1.022191821695203
2026-07-23,2026-07-23 10:41:24,V026,101.0,0.9711777320095356
2026-07-23,2026-07-23 10:41:25,V026,101.0,1.040246747987314
2026-07-23,2026-07-23 10:41:26,V026,101.0,0.9860565184160113
2026-07-23,2026-07-23 10:41:27,V026,101.0,0.9985358230282849
2026-07-23,2026-07-23 10:41:28,V026,101.0,1.0019232253212007
2026-07-23,2026-07-23 10:41:29,V026,102.0,1.0062977527716983
2026-07-23,2026-07-23 10:41:30,V026,102.0,1.0515274240963814
2026-07-23,2026-07-23 10:41:31,V026,103.0,1.0528410609321888
2026-07-23,2026-07-23 10:41:32,V026,103.0,0.9955280091838968
2026-07-23,2026-07-23 10:41:33,V026,104.0,1.0049954857038066
2026-07-23,2026-07-23 10:41:34,V026,104.0,1.0307928443469598
2026-07-23,2026-07-23 10:41:35,V026,105.0,1.0178740587941058
2026-07-23,2026-07-23 10:41:36,V026,105.0,1.00112782303644
2026-07-23,2026-07-23 10:41:37,V026,105.0,1.005597264665205
2026-07-23,2026-07-23 10:41:38,V026,105.0,1.0074898222888864
2026-07-23,2026-07-23 10:41:39,V026,105.0,1.0086677226836123
2026-07-23,2026-07-23 10:41:40,V026,104.0,1.0067959657313643
2026-07-23,2026-07-23 10:41:41,V026,104.0,1.0136085049405124
2026-07-23,2026-07-23 10:41:42,V026,103.0,0.9928520099502838
2026-07-23,2026-07-23 10:41:43,V026,103.0,1.031798220404771
2026-07-23,2026-07-23 10:41:44,V026,103.0,1.021529946947248
2026-07-23,2026-07-23 10:41:45,V026,104.0,1.0882653984026502
2026-07-23,2026-07-23 10:41:46,V026,104.0,1.0327461788489771
2026-07-23,2026-07-23 10:41:47,V026,105.0,0.9580588158700476
2026-07-23,2026-07-23 10:41:48,V026,105.0,1.1068849967587282
2026-07-23,2026-07-23 10:41:49,V026,105.0,0.9861515902106261
2026-07-23,2026-07-23 10:41:50,V026,106.0,0.9888934691458016
2026-07-23,2026-07-23 10:41:51,V026,106.0,1.0527276843897244
2026-07-23,2026-07-23 10:41:52,V026,107.0,0.9378173022444113
2026-07-23,2026-07-23 10:41:53,V026,108.0,0.9803053967350976
2026-07-23,2026-07-23 10:41:54,V026,108.0,0.9829207173395206
2026-07-23,2026-07-23 10:41:55,V026,108.0,0.980251143939148
2026-07-23,2026-07-23 10:41:56,V026,109.0,0.9830129769455784
2026-07-23,2026-07-23 10:41:57,V026,109.0,0.9838048636610899
2026-07-23,2026-07-23 10:41:58,V026,109.0,0.9724844732820841
2026-07-23,2026-07-23 10:41:59,V026,108.0,1.0139302402680332
2026-07-23,2026-07-23 10:42:00,V026,107.0,0.9775392390552985
2026-07-23,2026-07-23 10:42:01,V026,107.0,0.9852910633747308
2026-07-23,2026-07-23 10:42:02,V026,106.0,0.9787601226764353
2026-07-23,2026-07-23 10:42:03,V026,105.0,0.9791009813236892
2026-07-23,2026-07-23 10:42:04,V026,105.0,0.9819545034416611
2026-07-23,2026-07-23 10:42:05,V026,105.0,0.9827411764905799
2026-07-23,2026-07-23 10:42:06,V026,105.0,0.991768867954624
2026-07-23,2026-07-23 10:42:07,V026,105.0,1.0016352045614392
2026-07-23,2026-07-23 10:42:08,V026,105.0,1.0094357377701275
2026-07-23,2026-07-23 10:42:09,V026,105.0,0.9784424040469372
2026-07-23,2026-07-23 10:42:10,V026,106.0,0.9984931217048427
2026-07-23,2026-07-23 10:42:11,V026,106.0,0.9979266943920649
2026-07-23,2026-07-23 10:42:12,V026,105.0,0.9877777494782358
2026-07-23,2026-07-23 10:42:13,V026,105.0,0.9846357947762051
2026-07-23,2026-07-23 10:42:14,V026,105.0,0.9883756919779938
2026-07-23,2026-07-23 10:42:15,V026,105.0,0.9850838527723298
2026-07-23,2026-07-23 10:42:16,V026,105.0,1.0189338824303924
2026-07-23,2026-07-23 10:42:17,V026,105.0,1.043633336585069
2026-07-23,2026-07-23 10:42:18,V026,105.0,0.9980154891293322
2026-07-23,2026-07-23 10:42:19,V026,105.0,1.002200301751342
2026-07-23,2026-07-23 10:42:20,V026,105.0,1.2118655986696099
2026-07-23,2026-07-23 10:42:21,V026,104.0,1.010393201088344
2026-07-23,2026-07-23 10:42:22,V026,104.0,0.969434477952846
2026-07-23,2026-07-23 10:42:23,V026,103.0,1.0168659196822056
2026-07-23,2026-07-23 10:42:24,V026,103.0,1.01607160010034
2026-07-23,2026-07-23 10:42:25,V026,102.0,0.9903722976316872
2026-07-23,2026-07-23 10:42:26,V026,102.0,0.9985955122069545
2026-07-23,2026-07-23 10:42:27,V026,102.0,1.0183854994678794
2026-07-23,2026-07-23 10:42:28,V026,101.0,0.9941859491752444
2026-07-23,2026-07-23 10:42:29,V026,101.0,1.1529935017787267
2026-07-23,2026-07-23 10:42:30,V026,100.0,1.0156399235178273
2026-07-23,2026-07-23 10:42:31,V026,99.0,0.9986896321980666
2026-07-23,2026-07-23 10:42:32,V026,99.0,0.9740797658670606
2026-07-23,2026-07-23 10:42:33,V026,98.0,1.0068402097481854
2026-07-23,2026-07-23 10:42:34,V026,97.0,0.9915841022954082
2026-07-23,2026-07-23 10:42:35,V026,96.0,0.9811170798837424
2026-07-23,2026-07-23 10:42:36,V026,96.0,0.9865991119131473
2026-07-23,2026-07-23 10:42:37,V026,96.0,0.9787298534916188
2026-07-23,2026-07-23 10:42:38,V026,96.0,0.9781112257124017
2026-07-23,2026-07-23 10:42:39,V026,96.0,0.9802521443900691
2026-07-23,2026-07-23 10:42:40,V026,96.0,0.9775056764948568
2026-07-23,2026-07-23 10:42:41,V026,96.0,0.980849797719786
2026-07-23,2026-07-23 10:42:42,V026,95.0,0.9814531290604243
2026-07-23,2026-07-23 10:42:43,V026,95.0,0.9797777137284385
2026-07-23,2026-07-23 10:42:44,V026,94.0,0.9786556594741428
2026-07-23,2026-07-23 10:42:45,V026,93.0,0.975784451736446
2026-07-23,2026-07-23 10:42:46,V026,92.0,0.9764562800212193
2026-07-23,2026-07-23 10:42:47,V026,92.0,0.9768038842186662
2026-07-23,2026-07-23 10:42:48,V026,92.0,0.9743527245777174
2026-07-23,2026-07-23 10:42:49,V026,92.0,0.9809013376621372
2026-07-23,2026-07-23 10:42:50,V026,93.0,0.977164087546386
2026-07-23,2026-07-23 10:42:51,V026,94.0,0.9745832786865724
2026-07-23,2026-07-23 10:42:52,V026,95.0,0.9778464043367031
2026-07-23,2026-07-23 10:42:53,V026,96.0,0.975364584925027
2026-07-23,2026-07-23 10:42:54,V026,96.0,0.9756201895901332
2026-07-23,2026-07-23 10:42:55,V026,97.0,0.9808238557052328
2026-07-23,2026-07-23 10:42:56,V026,97.0,0.9775136780062575
2026-07-23,2026-07-23 10:42:57,V026,98.0,0.9661628749110955
2026-07-23,2026-07-23 10:42:58,V026,98.0,1.0012743355542857
2026-07-23,2026-07-23 10:42:59,V026,99.0,0.9756377667386255
2026-07-23,2026-07-23 10:43:00,V026,99.0,1.0355611586976272
2026-07-23,2026-07-23 10:43:01,V026,99.0,0.9898063236722127
2026-07-23,2026-07-23 10:43:02,V026,99.0,1.0105080770499593
2026-07-23,2026-07-23 10:43:03,V026,100.0,0.9954135440359788
2026-07-23,2026-07-23 10:43:04,V026,100.0,1.0118254472695811
2026-07-23,2026-07-23 10:43:05,V026,101.0,0.9842546417968958
2026-07-23,2026-07-23 10:43:06,V026,101.0,0.9870799052093422
2026-07-23,2026-07-23 10:43:07,V026,102.0,0.9884719949327846
2026-07-23,2026-07-23 10:43:08,V026,102.0,1.0073344083422864
2026-07-23,2026-07-23 10:43:09,V026,102.0,1.0255309641435353
2026-07-23,2026-07-23 10:43:10,V026,102.0,0.9664992568936942
2026-07-23,2026-07-23 10:43:11,V026,103.0,1.0205078307930353
2026-07-23,2026-07-23 10:43:12,V026,103.0,1.0417521845132964
2026-07-23,2026-07-23 10:43:13,V026,103.0,0.896083757916118
2026-07-23,2026-07-23 10:43:14,V026,103.0,1.172857477371916
2026-07-23,2026-07-23 10:43:15,V026,103.0,1.0331367937663256
2026-07-23,2026-07-23 10:43:16,V026,103.0,1.015355511662495
2026-07-23,2026-07-23 10:43:17,V026,103.0,1.0329829175224094
2026-07-23,2026-07-23 10:43:18,V026,102.0,0.9888284215665916
2026-07-23,2026-07-23 10:43:19,V026,102.0,0.9889990052793067
2026-07-23,2026-07-23 10:43:20,V026,101.0,1.0210199569854679
2026-07-23,2026-07-23 10:43:21,V026,101.0,1.001147400156479
2026-07-23,2026-07-23 10:43:22,V026,101.0,1.0013904379058542
2026-07-23,2026-07-23 10:43:23,V026,100.0,1.001434178344942
2026-07-23,2026-07-23 10:43:24,V026,99.0,1.0016507117374442
2026-07-23,2026-07-23 10:43:25,V026,99.0,1.0017348333371137
2026-07-23,2026-07-23 10:43:26,V026,98.0,1.0017001300745432
2026-07-23,2026-07-23 10:43:27,V026,96.0,1.0015572386688383
2026-07-23,2026-07-23 10:43:28,V026,95.0,1.002028284055835
2026-07-23,2026-07-23 10:43:29,V026,94.0,1.0023564506826528
2026-07-23,2026-07-23 10:43:30,V026,93.0,1.002578835703881
2026-07-23,2026-07-23 10:43:31,V026,92.0,1.0015784571703916
2026-07-23,2026-07-23 10:43:32,V026,91.0,1.001939874036633
2026-07-23,2026-07-23 10:43:33,V026,91.0,1.0104933578056936
2026-07-23,2026-07-23 10:43:34,V026,91.0,1.002209648825098
2026-07-23,2026-07-23 10:43:35,V026,90.0,1.0084634411150857
2026-07-23,2026-07-23 10:43:36,V026,90.0,1.0059005352294272
2026-07-23,2026-07-23 10:43:37,V026,89.0,1.0019831804899062
2026-07-23,2026-07-23 10:43:38,V026,88.0,1.0051082259103115
2026-07-23,2026-07-23 10:43:39,V026,87.0,0.9953446929170676
2026-07-23,2026-07-23 10:43:40,V026,86.0,1.0039294819650832
2026-07-23,2026-07-23 10:43:41,V026,85.0,1.0045186747579309
2026-07-23,2026-07-23 10:43:42,V026,84.0,1.0025129121446872
2026-07-23,2026-07-23 10:43:43,V026,84.0,1.0137144816179995
2026-07-23,2026-07-23 10:43:44,V026,84.0,1.0118513640030413
2026-07-23,2026-07-23 10:43:45,V026,85.0,1.011447201214553
2026-07-23,2026-07-23 10:43:46,V026,85.0,1.0113534905100816
2026-07-23,2026-07-23 10:43:47,V026,86.0,1.0114778579565482
2026-07-23,2026-07-23 10:43:48,V026,87.0,1.0158535798843769
2026-07-23,2026-07-23 10:43:49,V026,87.0,1.0124087086145852
2026-07-23,2026-07-23 10:43:50,V026,87.0,1.0179617728807813
2026-07-23,2026-07-23 10:43:51,V026,87.0,1.0147499587696422
2026-07-23,2026-07-23 10:43:52,V026,87.0,1.0147470328004085
2026-07-23,2026-07-23 10:43:53,V026,86.0,1.013521648217042
2026-07-23,2026-07-23 10:43:54,V026,85.0,1.0130551081962211
2026-07-23,2026-07-23 10:43:55,V026,84.0,1.0126532522182967
2026-07-23,2026-07-23 10:43:56,V026,83.0,1.0127679125178635
2026-07-23,2026-07-23 10:43:57,V026,82.0,1.0130594057949187
2026-07-23,2026-07-23 10:43:58,V026,80.0,1.0130157888047462
2026-07-23,2026-07-23 10:43:59,V026,80.0,1.013099177914987
2026-07-23,2026-07-23 10:44:00,V026,80.0,1.0129948268487947
2026-07-23,2026-07-23 10:44:01,V026,80.0,1.0130373510755604
2026-07-23,2026-07-23 10:44:02,V026,80.0,1.0126790672086603
2026-07-23,2026-07-23 10:44:03,V026,81.0,1.0125566550243592
2026-07-23,2026-07-23 10:44:04,V026,81.0,1.0130131219030525
2026-07-23,2026-07-23 10:44:05,V026,82.0,1.0132414138809123
2026-07-23,2026-07-23 10:44:06,V026,82.0,1.0125119475317985
2026-07-23,2026-07-23 10:44:07,V026,82.0,1.012743813659277
2026-07-23,2026-07-23 10:44:08,V026,82.0,1.0123197001490167
2026-07-23,2026-07-23 10:44:09,V026,82.0,1.013058346396701
2026-07-23,2026-07-23 10:44:10,V026,82.0,1.013129728328977
2026-07-23,2026-07-23 10:44:11,V026,82.0,1.012640360842365
2026-07-23,2026-07-23 10:44:12,V026,82.0,1.013055458572531
2026-07-23,2026-07-23 10:44:13,V026,82.0,1.0127758042288655
2026-07-23,2026-07-23 10:44:14,V026,82.0,1.0126834856001534
2026-07-23,2026-07-23 10:44:15,V026,83.0,1.0129924226211082
2026-07-23,2026-07-23 10:44:16,V026,83.0,1.0123744971607989
2026-07-23,2026-07-23 10:44:17,V026,83.0,1.012845907847237
2026-07-23,2026-07-23 10:44:18,V026,83.0,1.0130044427707723
2026-07-23,2026-07-23 10:44:19,V026,83.0,1.0128183042954948
2026-07-23,2026-07-23 10:44:20,V026,83.0,1.0137823315458563
2026-07-23,2026-07-23 10:44:21,V026,83.0,1.0126576139088905
2026-07-23,2026-07-23 10:44:22,V026,83.0,1.0129289676709505
2026-07-23,2026-07-23 10:44:23,V026,83.0,1.0131092683593026
2026-07-23,2026-07-23 10:44:24,V026,83.0,1.0138705797805259
2026-07-23,2026-07-23 10:44:25,V026,83.0,1.0139906387397317
2026-07-23,2026-07-23 10:44:26,V026,83.0,1.0132595714423305
2026-07-23,2026-07-23 10:44:27,V026,83.0,1.0138971221896902
2026-07-23,2026-07-23 10:44:28,V026,83.0,1.0131327855085472
2026-07-23,2026-07-23 10:44:29,V026,83.0,1.0135074304533367
2026-07-23,2026-07-23 10:44:30,V026,83.0,1.0133198714392064
2026-07-23,2026-07-23 10:44:31,V026,83.0,1.0130125385983149
2026-07-23,2026-07-23 10:44:32,V026,83.0,1.0133756415323214
2026-07-23,2026-07-23 10:44:33,V026,83.0,1.0133929614188273
2026-07-23,2026-07-23 10:44:34,V026,83.0,1.0134406165155172
2026-07-23,2026-07-23 10:44:35,V026,83.0,1.0129404252895542
2026-07-23,2026-07-23 10:44:36,V026,82.0,1.0135111526621066
2026-07-23,2026-07-23 10:44:37,V026,82.0,1.0133562794995894
2026-07-23,2026-07-23 10:44:38,V026,82.0,1.0135157262897747
2026-07-23,2026-07-23 10:44:39,V026,82.0,1.013320664095704
2026-07-23,2026-07-23 10:44:40,V026,83.0,1.013444350657064
2026-07-23,2026-07-23 10:44:41,V026,83.0,1.013195809317091
2026-07-23,2026-07-23 10:44:42,V026,83.0,1.013477426645621
2026-07-23,2026-07-23 10:44:43,V026,84.0,1.0133774184198163
2026-07-23,2026-07-23 10:44:44,V026,84.0,1.0131544077125503
2026-07-23,2026-07-23 10:44:45,V026,84.0,1.0137884127331656
2026-07-23,2026-07-23 10:44:46,V026,83.0,1.0133164771184533
2026-07-23,2026-07-23 10:44:47,V026,82.0,1.0127664378004149
2026-07-23,2026-07-23 10:44:48,V026,80.0,1.0130941528695243
2026-07-23,2026-07-23 10:44:49,V026,80.0,1.013307698466451
2026-07-23,2026-07-23 10:44:50,V026,79.0,1.0127427910743125
2026-07-23,2026-07-23 10:44:51,V026,80.0,1.0133419746385095
2026-07-23,2026-07-23 10:44:52,V026,80.0,1.0133317345895434
2026-07-23,2026-07-23 10:44:53,V026,80.0,1.0134990805496347
2026-07-23,2026-07-23 10:44:54,V026,80.0,1.0131523788258867
2026-07-23,2026-07-23 10:44:55,V026,80.0,1.0128033089561574
2026-07-23,2026-07-23 10:44:56,V026,80.0,1.0130768067479752
2026-07-23,2026-07-23 10:44:57,V026,80.0,1.0135501922396672
2026-07-23,2026-07-23 10:44:58,V026,81.0,1.013036463583209
2026-07-23,2026-07-23 10:44:59,V026,81.0,1.013449783301459
2026-07-23,2026-07-23 10:45:00,V026,81.0,1.0131351006487304
2026-07-23,2026-07-23 10:45:01,V026,81.0,1.0133108025892752
2026-07-23,2026-07-23 10:45:02,V026,81.0,1.013506342476309
2026-07-23,2026-07-23 10:45:03,V026,80.0,1.0135112980843137
2026-07-23,2026-07-23 10:45:04,V026,80.0,1.0131893434104193
2026-07-23,2026-07-23 10:45:05,V026,80.0,1.0133123134606536
2026-07-23,2026-07-23 10:45:06,V026,79.0,1.0134550486556428
2026-07-23,2026-07-23 10:45:07,V026,80.0,1.0135447981000445
2026-07-23,2026-07-23 10:45:08,V026,80.0,1.0132076784963384
2026-07-23,2026-07-23 10:45:09,V026,81.0,1.0132771311087394
2026-07-23,2026-07-23 10:45:10,V026,82.0,1.0134885914763985
2026-07-23,2026-07-23 10:45:11,V026,82.0,1.0130821565078516
2026-07-23,2026-07-23 10:45:12,V026,82.0,1.0135722134431995
2026-07-23,2026-07-23 10:45:13,V026,82.0,1.009993366322098
2026-07-23,2026-07-23 10:45:14,V026,81.0,1.004431256513782
2026-07-23,2026-07-23 10:45:15,V026,80.0,1.0084634169019353
2026-07-23,2026-07-23 10:45:16,V026,79.0,1.0070690306677175
2026-07-23,2026-07-23 10:45:17,V026,78.0,1.0070879169747653
2026-07-23,2026-07-23 10:45:18,V026,77.0,1.0071492480166608
2026-07-23,2026-07-23 10:45:19,V026,77.0,1.0069391563047128
2026-07-23,2026-07-23 10:45:20,V026,77.0,1.0067216973879152
2026-07-23,2026-07-23 10:45:21,V026,78.0,1.0033086129553468
2026-07-23,2026-07-23 10:45:22,V026,79.0,0.9994432912079914
2026-07-23,2026-07-23 10:45:23,V026,81.0,1.0016062114040833
2026-07-23,2026-07-23 10:45:24,V026,82.0,0.9981861909174667
2026-07-23,2026-07-23 10:45:25,V026,83.0,0.9992620823985423
2026-07-23,2026-07-23 10:45:26,V026,84.0,0.9991341492491099
2026-07-23,2026-07-23 10:45:27,V026,85.0,0.9996566086470136
2026-07-23,2026-07-23 10:45:28,V026,85.0,0.99978797326212
2026-07-23,2026-07-23 10:45:29,V026,85.0,0.9994333306489751
2026-07-23,2026-07-23 10:45:30,V026,85.0,0.9991121136846108
2026-07-23,2026-07-23 10:45:31,V026,85.0,0.999355369698111
2026-07-23,2026-07-23 10:45:32,V026,86.0,0.9994464318797376
2026-07-23,2026-07-23 10:45:33,V026,86.0,0.9991235202662856
2026-07-23,2026-07-23 10:45:34,V026,87.0,0.9996106416604068
2026-07-23,2026-07-23 10:45:35,V026,86.0,0.9988127089028013
2026-07-23,2026-07-23 10:45:36,V026,86.0,0.9992026709994879
2026-07-23,2026-07-23 10:45:37,V026,85.0,0.9995074523006019
2026-07-23,2026-07-23 10:45:38,V026,84.0,0.9987917252335099
2026-07-23,2026-07-23 10:45:39,V026,83.0,0.9993154292988631
2026-07-23,2026-07-23 10:45:40,V026,82.0,0.9989596284134876
2026-07-23,2026-07-23 10:45:41,V026,82.0,0.9990797160105421
2026-07-23,2026-07-23 10:45:42,V026,82.0,0.9994093178810454
2026-07-23,2026-07-23 10:45:43,V026,83.0,0.9993912184855062
2026-07-23,2026-07-23 10:45:44,V026,83.0,0.9993808704537305
2026-07-23,2026-07-23 10:45:45,V026,83.0,0.999337599918922
2026-07-23,2026-07-23 10:45:46,V026,81.0,0.9993691048560991
2026-07-23,2026-07-23 10:45:47,V026,81.0,0.9994297549459499
2026-07-23,2026-07-23 10:45:48,V026,81.0,0.9988375282184637
2026-07-23,2026-07-23 10:45:49,V026,80.0,0.9984070798964142
2026-07-23,2026-07-23 10:45:50,V026,79.0,0.9981971722941076
2026-07-23,2026-07-23 10:45:51,V026,79.0,0.9994480592484141
2026-07-23,2026-07-23 10:45:52,V026,78.0,0.9990985290496206
2026-07-23,2026-07-23 10:45:53,V026,78.0,0.9992249427505777
2026-07-23,2026-07-23 10:45:54,V026,78.0,0.9988155847412074
2026-07-23,2026-07-23 10:45:55,V026,79.0,0.9983351329626857
2026-07-23,2026-07-23 10:45:56,V026,79.0,0.9988810470485684
2026-07-23,2026-07-23 10:45:57,V026,80.0,0.9991038835269441
2026-07-23,2026-07-23 10:45:58,V026,81.0,0.9984375281365909
2026-07-23,2026-07-23 10:45:59,V026,81.0,0.9990549443680127
2026-07-23,2026-07-23 10:46:00,V026,81.0,0.9985230651392646
2026-07-23,2026-07-23 10:46:01,V026,81.0,0.998723124714914
2026-07-23,2026-07-23 10:46:02,V026,81.0,0.99868547573037
2026-07-23,2026-07-23 10:46:03,V026,81.0,0.9987741819792649
2026-07-23,2026-07-23 10:46:04,V026,81.0,0.9987593080164906
2026-07-23,2026-07-23 10:46:05,V026,81.0,0.9992869198120555
2026-07-23,2026-07-23 10:46:06,V026,81.0,0.9993982810955468
2026-07-23,2026-07-23 10:46:07,V026,81.0,0.9990538305062288
2026-07-23,2026-07-23 10:46:08,V026,82.0,0.9988668187818485
2026-07-23,2026-07-23 10:46:09,V026,82.0,0.9990954677882548
2026-07-23,2026-07-23 10:46:10,V026,83.0,0.9989552684110289
2026-07-23,2026-07-23 10:46:11,V026,83.0,0.9990083388138672
2026-07-23,2026-07-23 10:46:12,V026,83.0,0.9992378106293689
2026-07-23,2026-07-23 10:46:13,V026,84.0,0.9998422565430497
2026-07-23,2026-07-23 10:46:14,V026,84.0,0.9994246792087148
2026-07-23,2026-07-23 10:46:15,V026,84.0,0.9990258376791971
2026-07-23,2026-07-23 10:46:16,V026,83.0,0.9997207482446546
2026-07-23,2026-07-23 10:46:17,V026,83.0,0.9993366554893389
2026-07-23,2026-07-23 10:46:18,V026,83.0,0.9988250410553239
2026-07-23,2026-07-23 10:46:19,V026,83.0,0.9998154792180936
2026-07-23,2026-07-23 10:46:20,V026,83.0,0.9992842889944432
2026-07-23,2026-07-23 10:46:21,V026,83.0,0.999201746845425
2026-07-23,2026-07-23 10:46:22,V026,83.0,0.999803645235867
2026-07-23,2026-07-23 10:46:23,V026,82.0,0.9992511118230194
2026-07-23,2026-07-23 10:46:24,V026,82.0,0.9997994910121843
2026-07-23,2026-07-23 10:46:25,V026,81.0,0.9996584176347568
2026-07-23,2026-07-23 10:46:26,V026,81.0,0.9992040108268854
2026-07-23,2026-07-23 10:46:27,V026,80.0,0.9993113053546366
2026-07-23,2026-07-23 10:46:28,V026,80.0,0.9987118641797358
2026-07-23,2026-07-23 10:46:29,V026,80.0,0.9990647064671716
2026-07-23,2026-07-23 10:46:30,V026,80.0,0.9989806853957532
2026-07-23,2026-07-23 10:46:31,V026,81.0,0.9991253044484046
2026-07-23,2026-07-23 10:46:32,V026,82.0,0.9996196547714079
2026-07-23,2026-07-23 10:46:33,V026,82.0,0.9994211498194084
2026-07-23,2026-07-23 10:46:34,V026,83.0,0.9992450065417581
2026-07-23,2026-07-23 10:46:35,V026,83.0,0.9596360809591168
2026-07-23,2026-07-23 10:46:36,V026,81.0,1.0859708197004783
2026-07-23,2026-07-23 10:46:37,V026,81.0,0.9661605531578733
2026-07-23,2026-07-23 10:46:38,V026,81.0,1.0784063036624818
2026-07-23,2026-07-23 10:46:39,V026,80.0,0.9949158560357332
2026-07-23,2026-07-23 10:46:40,V026,79.0,1.00750857600216
2026-07-23,2026-07-23 10:46:41,V026,80.0,1.0013180936907293
2026-07-23,2026-07-23 10:46:42,V026,80.0,1.0015146797014476
2026-07-23,2026-07-23 10:46:43,V026,80.0,1.0003032660210829
2026-07-23,2026-07-23 10:46:44,V026,81.0,1.0011307270270116
2026-07-23,2026-07-23 10:46:45,V026,81.0,1.00069392627893
2026-07-23,2026-07-23 10:46:46,V026,82.0,1.0005610634727944
2026-07-23,2026-07-23 10:46:47,V026,83.0,1.0009859860487624
2026-07-23,2026-07-23 10:46:48,V026,84.0,1.0007874358614237
2026-07-23,2026-07-23 10:46:49,V026,85.0,1.000498632694184
2026-07-23,2026-07-23 10:46:50,V026,86.0,1.0006809819841447
2026-07-23,2026-07-23 10:46:51,V026,87.0,1.0006527709055064
2026-07-23,2026-07-23 10:46:52,V026,87.0,1.0007317084948717
2026-07-23,2026-07-23 10:46:53,V026,87.0,1.0003789434251473
2026-07-23,2026-07-23 10:46:54,V026,87.0,0.9999533748825808
2026-07-23,2026-07-23 10:46:55,V026,86.0,1.0003328335492094
2026-07-23,2026-07-23 10:46:56,V026,86.0,1.0007126711523695
2026-07-23,2026-07-23 10:46:57,V026,85.0,1.0000806243617717
2026-07-23,2026-07-23 10:46:58,V026,85.0,1.0002630068637988
2026-07-23,2026-07-23 10:46:59,V026,84.0,1.0002329905851335
2026-07-23,2026-07-23 10:47:00,V026,84.0,1.0005797971366948
2026-07-23,2026-07-23 10:47:01,V026,82.0,0.9997577197091323
2026-07-23,2026-07-23 10:47:02,V026,81.0,1.0001621270471523
2026-07-23,2026-07-23 10:47:03,V026,80.0,1.000120221902242
2026-07-23,2026-07-23 10:47:04,V026,80.0,0.9998956292218973
2026-07-23,2026-07-23 10:47:05,V026,79.0,1.0004183659019756
2026-07-23,2026-07-23 10:47:06,V026,79.0,0.9999895980706764
2026-07-23,2026-07-23 10:47:07,V026,78.0,1.0061139008615585
2026-07-23,2026-07-23 10:47:08,V026,77.0,1.0005718514344932
2026-07-23,2026-07-23 10:47:09,V026,77.0,1.0001482019038261
2026-07-23,2026-07-23 10:47:10,V026,76.0,1.0004744922085187
2026-07-23,2026-07-23 10:47:11,V026,76.0,1.000609244547357
2026-07-23,2026-07-23 10:47:12,V026,75.0,1.0010626118964512
2026-07-23,2026-07-23 10:47:13,V026,75.0,1.0015199733008233
2026-07-23,2026-07-23 10:47:14,V026,76.0,1.0026422877671368
2026-07-23,2026-07-23 10:47:15,V026,76.0,1.0038637051485422
2026-07-23,2026-07-23 10:47:16,V026,76.0,1.0030744369121534
2026-07-23,2026-07-23 10:47:17,V026,77.0,1.0035667297256499
2026-07-23,2026-07-23 10:47:18,V026,77.0,1.0876603297802028
2026-07-23,2026-07-23 10:47:19,V026,78.0,1.0258083737554264
2026-07-23,2026-07-23 10:47:20,V026,79.0,0.9822713708639261
2026-07-23,2026-07-23 10:47:21,V026,80.0,1.0683785696264454
2026-07-23,2026-07-23 10:47:22,V026,81.0,1.0976508193337957
2026-07-23,2026-07-23 10:47:23,V026,82.0,0.9147549460341392
2026-07-23,2026-07-23 10:47:24,V026,83.0,0.9986346230662272
2026-07-23,2026-07-23 10:47:25,V026,84.0,1.0034330287831685
2026-07-23,2026-07-23 10:47:26,V026,85.0,1.0154791846939637
2026-07-23,2026-07-23 10:47:27,V026,86.0,1.0024457021753297
2026-07-23,2026-07-23 10:47:28,V026,87.0,1.0093740141329142
2026-07-23,2026-07-23 10:47:29,V026,88.0,0.9806276596282175
2026-07-23,2026-07-23 10:47:30,V026,88.0,1.009811164239669
2026-07-23,2026-07-23 10:47:31,V026,90.0,0.9940993953320566
2026-07-23,2026-07-23 10:47:32,V026,91.0,0.9757974713994094
2026-07-23,2026-07-23 10:47:33,V026,92.0,0.9975436384691209
2026-07-23,2026-07-23 10:47:34,V026,93.0,0.9832480957106475
2026-07-23,2026-07-23 10:47:35,V026,95.0,1.025517119121246
2026-07-23,2026-07-23 10:47:36,V026,96.0,0.9886832522860329
2026-07-23,2026-07-23 10:47:37,V026,97.0,1.001935740914847
2026-07-23,2026-07-23 10:47:38,V026,99.0,0.9908538419433465
2026-07-23,2026-07-23 10:47:39,V026,100.0,0.9684018025951525
2026-07-23,2026-07-23 10:47:40,V026,101.0,1.0008031842393144
2026-07-23,2026-07-23 10:47:41,V026,103.0,1.0148600127464564
2026-07-23,2026-07-23 10:47:42,V026,105.0,1.0131787128066183
2026-07-23,2026-07-23 10:47:43,V026,106.0,0.9791830509381402
2026-07-23,2026-07-23 10:47:44,V026,106.0,0.9854627189641434
2026-07-23,2026-07-23 10:47:45,V026,106.0,1.0001927834913316
2026-07-23,2026-07-23 10:47:46,V026,107.0,0.9768998724629403
2026-07-23,2026-07-23 10:47:47,V026,106.0,0.9914520062367052
2026-07-23,2026-07-23 10:47:48,V026,106.0,0.9839033925101403
2026-07-23,2026-07-23 10:47:49,V026,105.0,0.9821712003343998
2026-07-23,2026-07-23 10:47:50,V026,104.0,0.9691527951405103
2026-07-23,2026-07-23 10:47:51,V026,104.0,1.0716450816181593
2026-07-23,2026-07-23 10:47:52,V026,104.0,1.0189599901793602
2026-07-23,2026-07-23 10:47:53,V026,104.0,1.0015111437787865
2026-07-23,2026-07-23 10:47:54,V026,104.0,0.9862083099571498
2026-07-23,2026-07-23 10:47:55,V026,103.0,1.010984415464964
2026-07-23,2026-07-23 10:47:56,V026,102.0,0.9853786679811141
2026-07-23,2026-07-23 10:47:57,V026,102.0,0.9830779664732368
2026-07-23,2026-07-23 10:47:58,V026,102.0,0.9526158936754471
2026-07-23,2026-07-23 10:47:59,V026,102.0,1.1102249577384442
2026-07-23,2026-07-23 10:48:00,V026,101.0,1.1739553264652591
2026-07-23,2026-07-23 10:48:01,V026,100.0,0.9926468021536683
2026-07-23,2026-07-23 10:48:02,V026,99.0,1.0309781274629781
2026-07-23,2026-07-23 10:48:03,V026,99.0,1.031429944798621
2026-07-23,2026-07-23 10:48:04,V026,99.0,0.9860311209939443
2026-07-23,2026-07-23 10:48:05,V026,99.0,0.9663728282591384
2026-07-23,2026-07-23 10:48:06,V026,98.0,0.9893060285774993
2026-07-23,2026-07-23 10:48:07,V026,98.0,0.9783549432389463
2026-07-23,2026-07-23 10:48:08,V026,98.0,0.9871425226597622
2026-07-23,2026-07-23 10:48:09,V026,98.0,0.9861225698952046
2026-07-23,2026-07-23 10:48:10,V026,98.0,1.003083827994516
2026-07-23,2026-07-23 10:48:11,V026,99.0,0.9844029539688853
2026-07-23,2026-07-23 10:48:12,V026,99.0,0.998236408330107
2026-07-23,2026-07-23 10:48:13,V026,100.0,0.9851259949447804
2026-07-23,2026-07-23 10:48:14,V026,101.0,0.9923820842384611
2026-07-23,2026-07-23 10:48:15,V026,101.0,1.0166498209817367
2026-07-23,2026-07-23 10:48:16,V026,102.0,0.9785312160173391
2026-07-23,2026-07-23 10:48:17,V026,102.0,1.0020670974905828
2026-07-23,2026-07-23 10:48:18,V026,102.0,0.9935911271476439
2026-07-23,2026-07-23 10:48:19,V026,103.0,0.9888946778885459
2026-07-23,2026-07-23 10:48:20,V026,103.0,1.0107773870251333
2026-07-23,2026-07-23 10:48:21,V026,104.0,1.0367016216911409
2026-07-23,2026-07-23 10:48:22,V026,105.0,0.9670902342214457
2026-07-23,2026-07-23 10:48:23,V026,105.0,1.0015808882352064
2026-07-23,2026-07-23 10:48:24,V026,105.0,1.0137858786226928
2026-07-23,2026-07-23 10:48:25,V026,105.0,1.0377059426403892
2026-07-23,2026-07-23 10:48:26,V026,105.0,0.9857235807723229
2026-07-23,2026-07-23 10:48:27,V026,104.0,0.9843269183291579
2026-07-23,2026-07-23 10:48:28,V026,104.0,1.0005300964477526
2026-07-23,2026-07-23 10:48:29,V026,104.0,0.9864702002196575
2026-07-23,2026-07-23 10:48:30,V026,104.0,0.9763066263640223
2026-07-23,2026-07-23 10:48:31,V026,104.0,0.9828958228639848
2026-07-23,2026-07-23 10:48:32,V026,104.0,0.9741597192523944
2026-07-23,2026-07-23 10:48:33,V026,104.0,0.9733185634140838
2026-07-23,2026-07-23 10:48:34,V026,104.0,1.0121179301738759
2026-07-23,2026-07-23 10:48:35,V026,105.0,1.000333667684077
2026-07-23,2026-07-23 10:48:36,V026,105.0,1.0127990331067305
2026-07-23,2026-07-23 10:48:37,V026,105.0,0.9886535352833394
2026-07-23,2026-07-23 10:48:38,V026,105.0,0.983163396290117
2026-07-23,2026-07-23 10:48:39,V026,105.0,0.9792623974114837
2026-07-23,2026-07-23 10:48:40,V026,105.0,0.9805240235226786
2026-07-23,2026-07-23 10:48:41,V026,105.0,0.980250982838462
2026-07-23,2026-07-23 10:48:42,V026,105.0,0.972340546206648
2026-07-23,2026-07-23 10:48:43,V026,105.0,0.9902077926801308
2026-07-23,2026-07-23 10:48:44,V026,105.0,0.9788839670142234
2026-07-23,2026-07-23 10:48:45,V026,105.0,0.9811877268793942
2026-07-23,2026-07-23 10:48:46,V026,104.0,1.0136074552848315
2026-07-23,2026-07-23 10:48:47,V026,104.0,0.9852186702672511
2026-07-23,2026-07-23 10:48:48,V026,104.0,0.9819270642038633
2026-07-23,2026-07-23 10:48:49,V026,103.0,0.9802479777734191
2026-07-23,2026-07-23 10:48:50,V026,103.0,1.0065312027497928
2026-07-23,2026-07-23 10:48:51,V026,102.0,0.9959836825109317
2026-07-23,2026-07-23 10:48:52,V026,102.0,0.9895396555720031
2026-07-23,2026-07-23 10:48:53,V026,101.0,1.0117978765985647
2026-07-23,2026-07-23 10:48:54,V026,100.0,0.9834164906266983
2026-07-23,2026-07-23 10:48:55,V026,100.0,1.0009409321310054
2026-07-23,2026-07-23 10:48:56,V026,99.0,0.9672585531881973
2026-07-23,2026-07-23 10:48:57,V026,98.0,0.9834158653931686
2026-07-23,2026-07-23 10:48:58,V026,96.0,1.0757410548941184
2026-07-23,2026-07-23 10:48:59,V026,96.0,1.016763507735775
2026-07-23,2026-07-23 10:49:00,V026,96.0,0.9958169696062665
2026-07-23,2026-07-23 10:49:01,V026,95.0,0.9921754460484199
2026-07-23,2026-07-23 10:49:02,V026,95.0,0.985728551702681
2026-07-23,2026-07-23 10:49:03,V026,96.0,1.0089250635480616
2026-07-23,2026-07-23 10:49:04,V026,96.0,0.9812124939787722
2026-07-23,2026-07-23 10:49:05,V026,96.0,0.9797654848973597
2026-07-23,2026-07-23 10:49:06,V026,96.0,0.9849443250534774
2026-07-23,2026-07-23 10:49:07,V026,97.0,0.9700573304053383
2026-07-23,2026-07-23 10:49:08,V026,98.0,0.9878844994779106
2026-07-23,2026-07-23 10:49:09,V026,99.0,0.9887038278944121
2026-07-23,2026-07-23 10:49:10,V026,100.0,0.9780129382071607
2026-07-23,2026-07-23 10:49:11,V026,100.0,0.9741274631901684
2026-07-23,2026-07-23 10:49:12,V026,100.0,0.9755519241093513
2026-07-23,2026-07-23 10:49:13,V026,100.0,0.9755818238436551
2026-07-23,2026-07-23 10:49:14,V026,100.0,0.976443328945301
2026-07-23,2026-07-23 10:49:15,V026,100.0,0.9752681262947247
2026-07-23,2026-07-23 10:49:16,V026,101.0,0.9787500376325089
2026-07-23,2026-07-23 10:49:17,V026,100.0,0.977661687815873
2026-07-23,2026-07-23 10:49:18,V026,100.0,0.9769451859532478
2026-07-23,2026-07-23 10:49:19,V026,101.0,0.9770765102717075
2026-07-23,2026-07-23 10:49:20,V026,101.0,0.978539540766414
2026-07-23,2026-07-23 10:49:21,V026,102.0,1.0012734562490198
2026-07-23,2026-07-23 10:49:22,V026,102.0,0.9798763893370355
2026-07-23,2026-07-23 10:49:23,V026,103.0,1.032324087829929
2026-07-23,2026-07-23 10:49:24,V026,103.0,0.9870522948652316
2026-07-23,2026-07-23 10:49:25,V026,104.0,1.001298734168285
2026-07-23,2026-07-23 10:49:26,V026,104.0,0.9721613447740453
2026-07-23,2026-07-23 10:49:27,V026,104.0,0.9810706617571224
2026-07-23,2026-07-23 10:49:28,V026,104.0,0.9763729673114853
2026-07-23,2026-07-23 10:49:29,V026,103.0,0.991045296503262
2026-07-23,2026-07-23 10:49:30,V026,102.0,0.9828750355292798
2026-07-23,2026-07-23 10:49:31,V026,101.0,0.9962318409369617
2026-07-23,2026-07-23 10:49:32,V026,101.0,0.9800704001413709
2026-07-23,2026-07-23 10:49:33,V026,100.0,0.9765734701556145
2026-07-23,2026-07-23 10:49:34,V026,100.0,0.9761750688410193
2026-07-23,2026-07-23 10:49:35,V026,100.0,0.9768420597986764
2026-07-23,2026-07-23 10:49:36,V026,101.0,0.9737564975222212
2026-07-23,2026-07-23 10:49:37,V026,101.0,0.9775498498256961
2026-07-23,2026-07-23 10:49:38,V026,101.0,0.9736903071770296
2026-07-23,2026-07-23 10:49:39,V026,102.0,0.9765323229501851
2026-07-23,2026-07-23 10:49:40,V026,103.0,0.9758032146087374
2026-07-23,2026-07-23 10:49:41,V026,104.0,0.9740832819708777
2026-07-23,2026-07-23 10:49:42,V026,105.0,0.9754645339366135
2026-07-23,2026-07-23 10:49:43,V026,106.0,0.9768561279766714
2026-07-23,2026-07-23 10:49:44,V026,106.0,0.976008246493357
2026-07-23,2026-07-23 10:49:45,V026,106.0,0.977438540854278
2026-07-23,2026-07-23 10:49:46,V026,106.0,0.9751085101964825
2026-07-23,2026-07-23 10:49:47,V026,106.0,0.9759730592641781
2026-07-23,2026-07-23 10:49:48,V026,106.0,0.976033060940768
2026-07-23,2026-07-23 10:49:49,V026,106.0,0.9760775999155599
2026-07-23,2026-07-23 10:49:50,V026,106.0,0.9835357895119076
2026-07-23,2026-07-23 10:49:51,V026,106.0,0.9758164716192557
2026-07-23,2026-07-23 10:49:52,V026,107.0,0.9769299595469445
2026-07-23,2026-07-23 10:49:53,V026,107.0,0.9760582377721254
2026-07-23,2026-07-23 10:49:54,V026,107.0,0.9763724071919799
2026-07-23,2026-07-23 10:49:55,V026,107.0,0.9753101313536264
2026-07-23,2026-07-23 10:49:56,V026,107.0,0.9769908160775338
2026-07-23,2026-07-23 10:49:57,V026,107.0,0.9757648463141663
2026-07-23,2026-07-23 10:49:58,V026,107.0,0.9770208558702301
2026-07-23,2026-07-23 10:49:59,V026,108.0,0.9746627376788829
2026-07-23,2026-07-23 10:50:00,V026,108.0,0.9771431496854383
2026-07-23,2026-07-23 10:50:01,V026,109.0,0.9771741895744002
2026-07-23,2026-07-23 10:50:02,V026,109.0,0.9759998933202947
2026-07-23,2026-07-23 10:50:03,V026,109.0,0.9757407878878565
2026-07-23,2026-07-23 10:50:04,V026,110.0,0.9766628635866389
2026-07-23,2026-07-23 10:50:05,V026,109.0,0.9757264565163329
2026-07-23,2026-07-23 10:50:06,V026,109.0,0.9749107940972662
2026-07-23,2026-07-23 10:50:07,V026,109.0,0.9878941173920908
2026-07-23,2026-07-23 10:50:08,V026,109.0,0.982578621413053
2026-07-23,2026-07-23 10:50:09,V026,109.0,0.9772619432620586
2026-07-23,2026-07-23 10:50:10,V026,109.0,0.9782858228103442
2026-07-23,2026-07-23 10:50:11,V026,108.0,0.9762238393344885
2026-07-23,2026-07-23 10:50:12,V026,108.0,0.976840169976729
2026-07-23,2026-07-23 10:50:13,V026,107.0,0.9749410668982292
2026-07-23,2026-07-23 10:50:14,V026,106.0,0.9753013317990459
2026-07-23,2026-07-23 10:50:15,V026,106.0,0.97567376626646
2026-07-23,2026-07-23 10:50:16,V026,105.0,0.9854615932578278
2026-07-23,2026-07-23 10:50:17,V026,105.0,0.9703188307427381
2026-07-23,2026-07-23 10:50:18,V026,105.0,0.9798615959686552
2026-07-23,2026-07-23 10:50:19,V026,105.0,0.9744661362766037
2026-07-23,2026-07-23 10:50:20,V026,105.0,1.0096605631890443
2026-07-23,2026-07-23 10:50:21,V026,105.0,1.0734281630588056
2026-07-23,2026-07-23 10:50:22,V026,105.0,1.0366761040120365
2026-07-23,2026-07-23 10:50:23,V026,105.0,1.0064350726376852
2026-07-23,2026-07-23 10:50:24,V026,105.0,1.0959051685496806
2026-07-23,2026-07-23 10:50:25,V026,105.0,1.0211861009492673
2026-07-23,2026-07-23 10:50:26,V026,105.0,0.9943306720432225
2026-07-23,2026-07-23 10:50:27,V026,105.0,1.0094034723202574
2026-07-23,2026-07-23 10:50:28,V026,105.0,1.047081429045716
2026-07-23,2026-07-23 10:50:29,V026,106.0,0.9695728400048456
2026-07-23,2026-07-23 10:50:30,V026,105.0,0.9840115803489943
2026-07-23,2026-07-23 10:50:31,V026,103.0,1.0264175404320441
2026-07-23,2026-07-23 10:50:32,V026,103.0,1.0541514248313828
2026-07-23,2026-07-23 10:50:33,V026,103.0,1.0010151404464795
2026-07-23,2026-07-23 10:50:34,V026,104.0,0.9482574147425958
2026-07-23,2026-07-23 10:50:35,V026,104.0,1.1152677102513062
2026-07-23,2026-07-23 10:50:36,V026,104.0,0.9562755588816202
2026-07-23,2026-07-23 10:50:37,V026,104.0,1.0172930294542002
2026-07-23,2026-07-23 10:50:38,V026,104.0,0.9782814215948217
2026-07-23,2026-07-23 10:50:39,V026,104.0,0.9925400599778158
2026-07-23,2026-07-23 10:50:40,V026,104.0,1.0416794495515374
2026-07-23,2026-07-23 10:50:41,V026,105.0,1.0312560738244942
2026-07-23,2026-07-23 10:50:42,V026,105.0,1.06395141690697
2026-07-23,2026-07-23 10:50:43,V026,106.0,1.0610032073329623
2026-07-23,2026-07-23 10:50:44,V026,107.0,0.9735495090394712
2026-07-23,2026-07-23 10:50:45,V026,106.0,0.9672636859325194
2026-07-23,2026-07-23 10:50:46,V026,106.0,1.0428701664626456
2026-07-23,2026-07-23 10:50:47,V026,106.0,1.0232611028662737
2026-07-23,2026-07-23 10:50:48,V026,106.0,1.000446809030858
2026-07-23,2026-07-23 10:50:49,V026,106.0,0.9967013130103429
2026-07-23,2026-07-23 10:50:50,V026,106.0,1.027646974246534
2026-07-23,2026-07-23 10:50:51,V026,106.0,0.9595828158842266
2026-07-23,2026-07-23 10:50:52,V026,107.0,1.0462705093228963
2026-07-23,2026-07-23 10:50:53,V026,108.0,1.093130266716485
2026-07-23,2026-07-23 10:50:54,V026,108.0,1.0215366258168284
2026-07-23,2026-07-23 10:50:55,V026,108.0,1.0594790824553308
2026-07-23,2026-07-23 10:50:56,V026,109.0,1.0016236694083767
2026-07-23,2026-07-23 10:50:57,V026,109.0,1.0987070799647427
2026-07-23,2026-07-23 10:50:58,V026,109.0,1.000927678398304
2026-07-23,2026-07-23 10:50:59,V026,109.0,0.9714353084489348
2026-07-23,2026-07-23 10:51:00,V026,110.0,0.9972089723014186
2026-07-23,2026-07-23 10:51:01,V026,110.0,0.9812195624538967
2026-07-23,2026-07-23 10:51:02,V026,110.0,1.0142570292392712
2026-07-23,2026-07-23 10:51:03,V026,111.0,1.0285603047838041
2026-07-23,2026-07-23 10:51:04,V026,111.0,1.0104997819450805
2026-07-23,2026-07-23 10:51:05,V026,112.0,1.055183477193177
2026-07-23,2026-07-23 10:51:06,V026,112.0,1.0975111252296894
2026-07-23,2026-07-23 10:51:07,V026,112.0,0.9763667627734601
2026-07-23,2026-07-23 10:51:08,V026,112.0,1.021607664649298
2026-07-23,2026-07-23 10:51:09,V026,112.0,1.0226735012366812
2026-07-23,2026-07-23 10:51:10,V026,111.0,0.9855181290961299
2026-07-23,2026-07-23 10:51:11,V026,111.0,0.9996529768957307
2026-07-23,2026-07-23 10:51:12,V026,111.0,0.992950746966776
2026-07-23,2026-07-23 10:51:13,V026,111.0,1.03797006845135
2026-07-23,2026-07-23 10:51:14,V026,110.0,0.9714537086146721
2026-07-23,2026-07-23 10:51:15,V026,110.0,0.9571455100975893
2026-07-23,2026-07-23 10:51:16,V026,110.0,1.0715870675101649
2026-07-23,2026-07-23 10:51:17,V026,110.0,1.0139719096611475
2026-07-23,2026-07-23 10:51:18,V026,110.0,0.9910580424308282
2026-07-23,2026-07-23 10:51:19,V026,110.0,1.0712300615339705
2026-07-23,2026-07-23 10:51:20,V026,109.0,1.0826235342907917
2026-07-23,2026-07-23 10:51:21,V026,108.0,1.0221343958835634
2026-07-23,2026-07-23 10:51:22,V026,108.0,1.074412786949696
2026-07-23,2026-07-23 10:51:23,V026,108.0,1.0401233391109523
2026-07-23,2026-07-23 10:51:24,V026,108.0,1.1236750575349577
2026-07-23,2026-07-23 10:51:25,V026,109.0,1.1714029917888082
2026-07-23,2026-07-23 10:51:26,V026,109.0,1.0075322543525556
2026-07-23,2026-07-23 10:51:27,V026,109.0,1.0072406472694782
2026-07-23,2026-07-23 10:51:28,V026,110.0,0.9980336524397848
2026-07-23,2026-07-23 10:51:29,V026,110.0,0.9903373505708503
2026-07-23,2026-07-23 10:51:30,V026,110.0,1.0026150975518204
2026-07-23,2026-07-23 10:51:31,V026,110.0,0.9958799160664902
2026-07-23,2026-07-23 10:51:32,V026,109.0,1.044527308238807
2026-07-23,2026-07-23 10:51:33,V026,109.0,0.9791636148286443
2026-07-23,2026-07-23 10:51:34,V026,109.0,1.0112011603093816
2026-07-23,2026-07-23 10:51:35,V026,108.0,1.0104068370312842
2026-07-23,2026-07-23 10:51:36,V026,108.0,0.9970189241178463
2026-07-23,2026-07-23 10:51:37,V026,108.0,1.0083949462711732
2026-07-23,2026-07-23 10:51:38,V026,107.0,1.0100801855543138
2026-07-23,2026-07-23 10:51:39,V026,107.0,1.0159765369594234
2026-07-23,2026-07-23 10:51:40,V026,107.0,0.9732346959568637
2026-07-23,2026-07-23 10:51:41,V026,107.0,1.0606679881428063
2026-07-23,2026-07-23 10:51:42,V026,106.0,1.0035086828595694
2026-07-23,2026-07-23 10:51:43,V026,106.0,0.9860472280900887
2026-07-23,2026-07-23 10:51:44,V026,106.0,0.9971260965446025
2026-07-23,2026-07-23 10:51:45,V026,106.0,1.044143686242096
2026-07-23,2026-07-23 10:51:46,V026,106.0,1.1333163000810644
2026-07-23,2026-07-23 10:51:47,V026,107.0,0.9804988796822667
2026-07-23,2026-07-23 10:51:48,V026,107.0,0.9761283631011236
2026-07-23,2026-07-23 10:51:49,V026,108.0,1.029216700864757
2026-07-23,2026-07-23 10:51:50,V026,108.0,1.0136462402537052
2026-07-23,2026-07-23 10:51:51,V026,108.0,0.9996110023243604
2026-07-23,2026-07-23 10:51:52,V026,108.0,1.0691095190599853
2026-07-23,2026-07-23 10:51:53,V026,109.0,1.0235820117792152
2026-07-23,2026-07-23 10:51:54,V026,110.0,1.0098129180426723
2026-07-23,2026-07-23 10:51:55,V026,110.0,0.9852368545418956
2026-07-23,2026-07-23 10:51:56,V026,111.0,1.0193077452467463
2026-07-23,2026-07-23 10:51:57,V026,111.0,1.0107056761314017
2026-07-23,2026-07-23 10:51:58,V026,110.0,0.9879963601992047
2026-07-23,2026-07-23 10:51:59,V026,110.0,0.9938506511859686
2026-07-23,2026-07-23 10:52:00,V026,110.0,1.017201538386134
2026-07-23,2026-07-23 10:52:01,V026,109.0,1.0053649700289546
2026-07-23,2026-07-23 10:52:02,V026,109.0,0.9990288652856371
2026-07-23,2026-07-23 10:52:03,V026,108.0,1.0058203835023385
2026-07-23,2026-07-23 10:52:04,V026,107.0,0.9699396230334035
2026-07-23,2026-07-23 10:52:05,V026,107.0,0.9783990127925581
2026-07-23,2026-07-23 10:52:06,V026,107.0,0.9784348772968566
2026-07-23,2026-07-23 10:52:07,V026,107.0,0.9819046734762299
2026-07-23,2026-07-23 10:52:08,V026,107.0,0.9764099238685104
2026-07-23,2026-07-23 10:52:09,V026,107.0,0.9877226889582041
2026-07-23,2026-07-23 10:52:10,V026,107.0,0.9803960405868927
2026-07-23,2026-07-23 10:52:11,V026,107.0,0.976759683972568
2026-07-23,2026-07-23 10:52:12,V026,107.0,0.9936453761984767
2026-07-23,2026-07-23 10:52:13,V026,107.0,0.9859614706180853
2026-07-23,2026-07-23 10:52:14,V026,107.0,1.0026633665621631
2026-07-23,2026-07-23 10:52:15,V026,107.0,0.9925812944302465
2026-07-23,2026-07-23 10:52:16,V026,108.0,1.0071631582048728
2026-07-23,2026-07-23 10:52:17,V026,108.0,0.9873243597684825
2026-07-23,2026-07-23 10:52:18,V026,109.0,0.9878775424782174
2026-07-23,2026-07-23 10:52:19,V026,109.0,0.9893289067350741
2026-07-23,2026-07-23 10:52:20,V026,109.0,1.0023337514152109
2026-07-23,2026-07-23 10:52:21,V026,109.0,0.994203075991778
2026-07-23,2026-07-23 10:52:22,V026,109.0,1.0133982930386545
2026-07-23,2026-07-23 10:52:23,V026,109.0,1.0064325927063453
2026-07-23,2026-07-23 10:52:24,V026,108.0,0.982739661772608
2026-07-23,2026-07-23 10:52:25,V026,108.0,0.9802799137710221
2026-07-23,2026-07-23 10:52:26,V026,107.0,0.9815850277898033
2026-07-23,2026-07-23 10:52:27,V026,106.0,0.9998353523258154
2026-07-23,2026-07-23 10:52:28,V026,106.0,0.9924131187841615
2026-07-23,2026-07-23 10:52:29,V026,105.0,0.9886998473398113
2026-07-23,2026-07-23 10:52:30,V026,105.0,0.9806318343487737
2026-07-23,2026-07-23 10:52:31,V026,104.0,0.9747888219366151
2026-07-23,2026-07-23 10:52:32,V026,104.0,1.033826284160324
2026-07-23,2026-07-23 10:52:33,V026,104.0,1.056570331220337
2026-07-23,2026-07-23 10:52:34,V026,104.0,0.9917296873404817
2026-07-23,2026-07-23 10:52:35,V026,104.0,1.0135349288442077
2026-07-23,2026-07-23 10:52:36,V026,103.0,1.0220718253503691
2026-07-23,2026-07-23 10:52:37,V026,103.0,1.0402437077277271
2026-07-23,2026-07-23 10:52:38,V026,103.0,1.1239006340068995
2026-07-23,2026-07-23 10:52:39,V026,103.0,1.0656622130645046
2026-07-23,2026-07-23 10:52:40,V026,103.0,1.2582560484293766
2026-07-23,2026-07-23 10:52:41,V026,103.0,1.059691709395738
2026-07-23,2026-07-23 10:52:42,V026,103.0,0.949934681767988
2026-07-23,2026-07-23 10:52:43,V026,103.0,1.2630808815267234
2026-07-23,2026-07-23 10:52:44,V026,103.0,1.0004117525095326
2026-07-23,2026-07-23 10:52:45,V026,104.0,1.045465827283119
2026-07-23,2026-07-23 10:52:46,V026,105.0,1.058548708428262
2026-07-23,2026-07-23 10:52:47,V026,105.0,0.9946013921070566
2026-07-23,2026-07-23 10:52:48,V026,105.0,0.9849046453438006
2026-07-23,2026-07-23 10:52:49,V026,105.0,1.0388568749271303
2026-07-23,2026-07-23 10:52:50,V026,105.0,1.0510076262899515
2026-07-23,2026-07-23 10:52:51,V026,105.0,0.9956847599026982
2026-07-23,2026-07-23 10:52:52,V026,106.0,1.0376515032507574
2026-07-23,2026-07-23 10:52:53,V026,106.0,0.9721033992970087
2026-07-23,2026-07-23 10:52:54,V026,106.0,0.9957555199541712
2026-07-23,2026-07-23 10:52:55,V026,106.0,1.040382389759014
2026-07-23,2026-07-23 10:52:56,V026,106.0,0.9883431767904047
2026-07-23,2026-07-23 10:52:57,V026,107.0,1.020551803483555
2026-07-23,2026-07-23 10:52:58,V026,107.0,0.9782819558492634
2026-07-23,2026-07-23 10:52:59,V026,108.0,1.077994137116649
2026-07-23,2026-07-23 10:53:00,V026,108.0,1.0672918428373261
2026-07-23,2026-07-23 10:53:01,V026,108.0,1.1211172005363201
2026-07-23,2026-07-23 10:53:02,V026,109.0,1.2229414532433716
2026-07-23,2026-07-23 10:53:03,V026,109.0,0.8772843857950472
2026-07-23,2026-07-23 10:53:04,V026,109.0,1.0606752879159815
2026-07-23,2026-07-23 10:53:05,V026,109.0,0.9762915871759085
2026-07-23,2026-07-23 10:53:06,V026,109.0,1.0118011486368867
2026-07-23,2026-07-23 10:53:07,V026,109.0,0.9947152351934523
2026-07-23,2026-07-23 10:53:08,V026,108.0,1.1059855334013875
2026-07-23,2026-07-23 10:53:09,V026,108.0,1.1437434291756152
2026-07-23,2026-07-23 10:53:10,V026,108.0,0.9757695873013305
2026-07-23,2026-07-23 10:53:11,V026,109.0,0.9638566798138792
2026-07-23,2026-07-23 10:53:12,V026,109.0,1.022177114322444
2026-07-23,2026-07-23 10:53:13,V026,109.0,0.9830530114559514
2026-07-23,2026-07-23 10:53:14,V026,109.0,0.9861109500086469
2026-07-23,2026-07-23 10:53:15,V026,109.0,1.0117262049508704
2026-07-23,2026-07-23 10:53:16,V026,109.0,0.990593645458794
2026-07-23,2026-07-23 10:53:17,V026,109.0,1.03210802594075
2026-07-23,2026-07-23 10:53:18,V026,109.0,1.1477212471820992
2026-07-23,2026-07-23 10:53:19,V026,110.0,1.0403365692768805
2026-07-23,2026-07-23 10:53:20,V026,110.0,1.1260106230613098
2026-07-23,2026-07-23 10:53:21,V026,111.0,1.0626250902507886
2026-07-23,2026-07-23 10:53:22,V026,111.0,1.005021182017411
2026-07-23,2026-07-23 10:53:23,V026,112.0,1.0385687774265713
2026-07-23,2026-07-23 10:53:24,V026,113.0,1.0881098104730629
2026-07-23,2026-07-23 10:53:25,V026,113.0,0.9660374206934872
2026-07-23,2026-07-23 10:53:26,V026,113.0,1.0855311433730248
2026-07-23,2026-07-23 10:53:27,V026,114.0,0.9971956971480651
2026-07-23,2026-07-23 10:53:28,V026,114.0,1.1352387621329356
2026-07-23,2026-07-23 10:53:29,V026,114.0,0.9843654636440397
2026-07-23,2026-07-23 10:53:30,V026,114.0,1.1213843861102648
2026-07-23,2026-07-23 10:53:31,V026,114.0,1.06807012377453
2026-07-23,2026-07-23 10:53:32,V026,114.0,0.9800294581281738
2026-07-23,2026-07-23 10:53:33,V026,114.0,1.0569935609531544
2026-07-23,2026-07-23 10:53:34,V026,114.0,0.9904746372104739
2026-07-23,2026-07-23 10:53:35,V026,115.0,0.9848231812976531
2026-07-23,2026-07-23 10:53:36,V026,115.0,1.057560856956802
2026-07-23,2026-07-23 10:53:37,V026,116.0,1.0514973890415202
2026-07-23,2026-07-23 10:53:38,V026,116.0,1.0021019745575395
2026-07-23,2026-07-23 10:53:39,V026,117.0,1.0039021419573526
2026-07-23,2026-07-23 10:53:40,V026,117.0,1.000218371227288
2026-07-23,2026-07-23 10:53:41,V026,118.0,1.0669236734942835
2026-07-23,2026-07-23 10:53:42,V026,120.0,0.9788092726893328
2026-07-23,2026-07-23 10:53:43,V026,121.0,1.1387962283888273
2026-07-23,2026-07-23 10:53:44,V026,121.0,1.0386748402457497
2026-07-23,2026-07-23 10:53:45,V026,122.0,1.078028202757264
2026-07-23,2026-07-23 10:53:46,V026,124.0,0.9838155193886837
2026-07-23,2026-07-23 10:53:47,V026,125.0,1.096616744438185
2026-07-23,2026-07-23 10:53:48,V026,125.0,1.0118712828316978
2026-07-23,2026-07-23 10:53:49,V026,125.0,1.033522981729671
2026-07-23,2026-07-23 10:53:50,V026,126.0,1.043263144595168
2026-07-23,2026-07-23 10:53:51,V026,126.0,1.0096447006524278
2026-07-23,2026-07-23 10:53:52,V026,126.0,1.0191066606818981
2026-07-23,2026-07-23 10:53:53,V026,126.0,0.999579418017284
2026-07-23,2026-07-23 10:53:54,V026,127.0,1.0273754364660528
2026-07-23,2026-07-23 10:53:55,V026,127.0,1.0010359397940596
2026-07-23,2026-07-23 10:53:56,V026,127.0,0.969603835637022
2026-07-23,2026-07-23 10:53:57,V026,127.0,0.9853351059959697
2026-07-23,2026-07-23 10:53:58,V026,127.0,1.0580595406521713
2026-07-23,2026-07-23 10:53:59,V026,126.0,1.0031305100471626
2026-07-23,2026-07-23 10:54:00,V026,126.0,1.0541181715117625
2026-07-23,2026-07-23 10:54:01,V026,126.0,1.1434776408227563
2026-07-23,2026-07-23 10:54:02,V026,126.0,0.9408179126973566
2026-07-23,2026-07-23 10:54:03,V026,126.0,1.0421962626594934
2026-07-23,2026-07-23 10:54:04,V026,126.0,1.0039145861956915
2026-07-23,2026-07-23 10:54:05,V026,126.0,0.9916132498888266
2026-07-23,2026-07-23 10:54:06,V026,126.0,1.0095802175265138
2026-07-23,2026-07-23 10:54:07,V026,126.0,0.9860423305783557
2026-07-23,2026-07-23 10:54:08,V026,126.0,1.1597455665000176
2026-07-23,2026-07-23 10:54:09,V026,125.0,1.0065948958959634
2026-07-23,2026-07-23 10:54:10,V026,125.0,1.0913513261346603
2026-07-23,2026-07-23 10:54:11,V026,124.0,1.0618003885021339
2026-07-23,2026-07-23 10:54:12,V026,123.0,1.0018407048434461
2026-07-23,2026-07-23 10:54:13,V026,123.0,0.9933075195064507
2026-07-23,2026-07-23 10:54:14,V026,122.0,1.0033793827237965
2026-07-23,2026-07-23 10:54:15,V026,121.0,1.0137442636853273
2026-07-23,2026-07-23 10:54:16,V026,120.0,0.9764642396505883
2026-07-23,2026-07-23 10:54:17,V026,120.0,0.9995828374122556
2026-07-23,2026-07-23 10:54:18,V026,119.0,1.0085564533546925
2026-07-23,2026-07-23 10:54:19,V026,118.0,1.0669233591724825
2026-07-23,2026-07-23 10:54:20,V026,117.0,1.0046725343345013
2026-07-23,2026-07-23 10:54:21,V026,117.0,1.016799056437777
2026-07-23,2026-07-23 10:54:22,V026,117.0,1.039156475353306
2026-07-23,2026-07-23 10:54:23,V026,116.0,1.0182149340094149
2026-07-23,2026-07-23 10:54:24,V026,116.0,1.0014029014497736
2026-07-23,2026-07-23 10:54:25,V026,116.0,1.027774088307107
2026-07-23,2026-07-23 10:54:26,V026,115.0,1.0549486179283256
2026-07-23,2026-07-23 10:54:27,V026,115.0,0.9904948860509014
2026-07-23,2026-07-23 10:54:28,V026,115.0,0.9833928163772829
2026-07-23,2026-07-23 10:54:29,V026,115.0,0.9741239373648175
2026-07-23,2026-07-23 10:54:30,V026,115.0,0.9791465506107164
2026-07-23,2026-07-23 10:54:31,V026,116.0,0.9761949588677434
2026-07-23,2026-07-23 10:54:32,V026,116.0,0.9772663346792982
2026-07-23,2026-07-23 10:54:33,V026,116.0,0.9762581624466268
2026-07-23,2026-07-23 10:54:34,V026,116.0,0.975751570253866
2026-07-23,2026-07-23 10:54:35,V026,116.0,0.976249955198411
2026-07-23,2026-07-23 10:54:36,V026,115.0,0.9763572467092504
2026-07-23,2026-07-23 10:54:37,V026,115.0,0.976164116579749
2026-07-23,2026-07-23 10:54:38,V026,115.0,0.9759281138678988
2026-07-23,2026-07-23 10:54:39,V026,114.0,0.9754880174027161
2026-07-23,2026-07-23 10:54:40,V026,113.0,0.9788205795266615
2026-07-23,2026-07-23 10:54:41,V026,113.0,0.9727547226430256
2026-07-23,2026-07-23 10:54:42,V026,112.0,0.9789373449182951
2026-07-23,2026-07-23 10:54:43,V026,112.0,0.9725505679257301
2026-07-23,2026-07-23 10:54:44,V026,112.0,0.9923027429018784
2026-07-23,2026-07-23 10:54:45,V026,112.0,0.998325902132309
2026-07-23,2026-07-23 10:54:46,V026,111.0,0.9812299530500497
2026-07-23,2026-07-23 10:54:47,V026,111.0,0.9827391212658659
2026-07-23,2026-07-23 10:54:48,V026,110.0,0.9822026677802389
2026-07-23,2026-07-23 10:54:49,V026,109.0,0.9780422704610311
2026-07-23,2026-07-23 10:54:50,V026,109.0,0.9822371443591741
2026-07-23,2026-07-23 10:54:51,V026,108.0,0.9837347982562707
2026-07-23,2026-07-23 10:54:52,V026,108.0,0.9772284692388608
2026-07-23,2026-07-23 10:54:53,V026,108.0,0.9921329935341552
2026-07-23,2026-07-23 10:54:54,V026,108.0,0.996523056238352
2026-07-23,2026-07-23 10:54:55,V026,108.0,0.975607565801011
2026-07-23,2026-07-23 10:54:56,V026,108.0,0.9787395262228996
2026-07-23,2026-07-23 10:54:57,V026,108.0,0.9911186990558893
2026-07-23,2026-07-23 10:54:58,V026,108.0,0.976967074766542
2026-07-23,2026-07-23 10:54:59,V026,107.0,0.9794742733924656
2026-07-23,2026-07-23 10:55:00,V026,107.0,0.9863724830615904
2026-07-23,2026-07-23 10:55:01,V026,105.0,0.9872394241267988
2026-07-23,2026-07-23 10:55:02,V026,105.0,1.0113002699245583
2026-07-23,2026-07-23 10:55:03,V026,104.0,0.9670181439874546
2026-07-23,2026-07-23 10:55:04,V026,104.0,1.0406651126707496
2026-07-23,2026-07-23 10:55:05,V026,104.0,0.9738377063530524
2026-07-23,2026-07-23 10:55:06,V026,104.0,1.1623781966520306
2026-07-23,2026-07-23 10:55:07,V026,105.0,0.8992287772579023
2026-07-23,2026-07-23 10:55:08,V026,106.0,0.9949880282449124
2026-07-23,2026-07-23 10:55:09,V026,107.0,1.0260566215274558
2026-07-23,2026-07-23 10:55:10,V026,107.0,1.0208019409056526
2026-07-23,2026-07-23 10:55:11,V026,107.0,1.035053829877425
2026-07-23,2026-07-23 10:55:12,V026,107.0,0.9558648431746112
2026-07-23,2026-07-23 10:55:13,V026,107.0,1.0651793753847025
2026-07-23,2026-07-23 10:55:14,V026,106.0,1.0068974770293293
2026-07-23,2026-07-23 10:55:15,V026,106.0,1.035263123894087
2026-07-23,2026-07-23 10:55:16,V026,106.0,1.000140393542024
2026-07-23,2026-07-23 10:55:17,V026,105.0,1.030319351358253
2026-07-23,2026-07-23 10:55:18,V026,104.0,1.0148881340241642
2026-07-23,2026-07-23 10:55:19,V026,104.0,1.002307601574294
2026-07-23,2026-07-23 10:55:20,V026,103.0,1.0038728318234014
2026-07-23,2026-07-23 10:55:21,V026,104.0,1.0530213677371203
2026-07-23,2026-07-23 10:55:22,V026,104.0,1.0036905171238308
2026-07-23,2026-07-23 10:55:23,V026,105.0,1.0376452906297688
2026-07-23,2026-07-23 10:55:24,V026,105.0,0.9810570430822957
2026-07-23,2026-07-23 10:55:25,V026,106.0,0.984295576422598
2026-07-23,2026-07-23 10:55:26,V026,106.0,1.126334900758166
2026-07-23,2026-07-23 10:55:27,V026,106.0,1.0287747302674102
2026-07-23,2026-07-23 10:55:28,V026,106.0,1.1987744249681165
2026-07-23,2026-07-23 10:55:29,V026,106.0,0.9995417312411227
2026-07-23,2026-07-23 10:55:30,V026,105.0,1.0004626364512055
2026-07-23,2026-07-23 10:55:31,V026,105.0,0.9968604311449618
2026-07-23,2026-07-23 10:55:32,V026,104.0,1.0213116577623005
2026-07-23,2026-07-23 10:55:33,V026,105.0,0.9958880554600542
2026-07-23,2026-07-23 10:55:34,V026,106.0,1.0017333247448035
2026-07-23,2026-07-23 10:55:35,V026,106.0,1.0024335916460925
2026-07-23,2026-07-23 10:55:36,V026,107.0,0.9800327275551781
2026-07-23,2026-07-23 10:55:37,V026,107.0,1.0003571462536236
2026-07-23,2026-07-23 10:55:38,V026,108.0,0.9746712076754213
2026-07-23,2026-07-23 10:55:39,V026,108.0,1.1276497913686412
2026-07-23,2026-07-23 10:55:40,V026,108.0,1.0312600962021046
2026-07-23,2026-07-23 10:55:41,V026,108.0,0.9824118709144661
2026-07-23,2026-07-23 10:55:42,V026,108.0,1.0603601826668725
2026-07-23,2026-07-23 10:55:43,V026,108.0,0.9603418265833102
2026-07-23,2026-07-23 10:55:44,V026,107.0,1.108100204601805
2026-07-23,2026-07-23 10:55:45,V026,108.0,1.0080541457522603
2026-07-23,2026-07-23 10:55:46,V026,108.0,0.9905932152691287
2026-07-23,2026-07-23 10:55:47,V026,109.0,1.0084797579990645
2026-07-23,2026-07-23 10:55:48,V026,109.0,0.9882414635501181
2026-07-23,2026-07-23 10:55:49,V026,109.0,0.9938148315227499
2026-07-23,2026-07-23 10:55:50,V026,109.0,1.0254274254615408
2026-07-23,2026-07-23 10:55:51,V026,109.0,1.037535627093855
2026-07-23,2026-07-23 10:55:52,V026,109.0,1.022637604106959
2026-07-23,2026-07-23 10:55:53,V026,108.0,1.1216633104156535
2026-07-23,2026-07-23 10:55:54,V026,108.0,1.0160113977920646
2026-07-23,2026-07-23 10:55:55,V026,107.0,0.9922171054500363
2026-07-23,2026-07-23 10:55:56,V026,107.0,0.9926354019412721
2026-07-23,2026-07-23 10:55:57,V026,107.0,1.3145511002469372
2026-07-23,2026-07-23 10:55:58,V026,107.0,1.125586500031112
2026-07-23,2026-07-23 10:55:59,V026,108.0,0.9552228259101586
2026-07-23,2026-07-23 10:56:00,V026,109.0,0.9796714075540558
2026-07-23,2026-07-23 10:56:01,V026,109.0,1.0256038273566703
2026-07-23,2026-07-23 10:56:02,V026,110.0,0.9797518078925062
2026-07-23,2026-07-23 10:56:03,V026,110.0,0.9882955206212509
2026-07-23,2026-07-23 10:56:04,V026,110.0,1.0419121688088246
2026-07-23,2026-07-23 10:56:05,V026,110.0,1.0337079365280413
2026-07-23,2026-07-23 10:56:06,V026,110.0,1.0978823831185438
2026-07-23,2026-07-23 10:56:07,V026,110.0,1.0664478758838065
2026-07-23,2026-07-23 10:56:08,V026,112.0,1.110424007955002
2026-07-23,2026-07-23 10:56:09,V026,112.0,0.9316044273208186
2026-07-23,2026-07-23 10:56:10,V026,112.0,0.9980038395517287
2026-07-23,2026-07-23 10:56:11,V026,113.0,1.016633580958183
2026-07-23,2026-07-23 10:56:12,V026,114.0,0.9584519310433754
2026-07-23,2026-07-23 10:56:13,V026,115.0,1.0979223725082277
2026-07-23,2026-07-23 10:56:14,V026,115.0,1.1329063275388966
2026-07-23,2026-07-23 10:56:15,V026,116.0,1.012004897978462
2026-07-23,2026-07-23 10:56:16,V026,116.0,0.9832839254123185
2026-07-23,2026-07-23 10:56:17,V026,117.0,1.00408987416326
2026-07-23,2026-07-23 10:56:18,V026,117.0,0.9960652057850822
2026-07-23,2026-07-23 10:56:19,V026,117.0,1.03332760880181
2026-07-23,2026-07-23 10:56:20,V026,116.0,0.9868629256810494
2026-07-23,2026-07-23 10:56:21,V026,116.0,0.9769580141793515
2026-07-23,2026-07-23 10:56:22,V026,116.0,0.9676923506975839
2026-07-23,2026-07-23 10:56:23,V026,115.0,1.0510084293447384
2026-07-23,2026-07-23 10:56:24,V026,115.0,1.0108443285967201
2026-07-23,2026-07-23 10:56:25,V026,115.0,1.1067888142251148
2026-07-23,2026-07-23 10:56:26,V026,114.0,1.0118334393838415
2026-07-23,2026-07-23 10:56:27,V026,114.0,0.9806360252011028
2026-07-23,2026-07-23 10:56:28,V026,114.0,1.1084167050901992
2026-07-23,2026-07-23 10:56:29,V026,114.0,1.0011431241273832
2026-07-23,2026-07-23 10:56:30,V026,114.0,0.9745662250120082
2026-07-23,2026-07-23 10:56:31,V026,114.0,1.0248985089309015
2026-07-23,2026-07-23 10:56:32,V026,114.0,0.981975428758056
2026-07-23,2026-07-23 10:56:33,V026,115.0,1.0022509423473454
2026-07-23,2026-07-23 10:56:34,V026,115.0,1.0736468119951421
2026-07-23,2026-07-23 10:56:35,V026,115.0,0.9540425090475605
2026-07-23,2026-07-23 10:56:36,V026,115.0,1.0767324085747352
2026-07-23,2026-07-23 10:56:37,V026,115.0,0.9047293927756862
2026-07-23,2026-07-23 10:56:38,V026,115.0,1.1586149417733898
2026-07-23,2026-07-23 10:56:39,V026,114.0,0.9756072081593266
2026-07-23,2026-07-23 10:56:40,V026,114.0,1.0029530110355596
2026-07-23,2026-07-23 10:56:41,V026,114.0,1.1303029073196396
2026-07-23,2026-07-23 10:56:42,V026,113.0,1.0634171080560562
2026-07-23,2026-07-23 10:56:43,V026,113.0,0.9997408801217921
2026-07-23,2026-07-23 10:56:44,V026,113.0,0.9963943147882413
2026-07-23,2026-07-23 10:56:45,V026,113.0,0.9864081837192407
2026-07-23,2026-07-23 10:56:46,V026,113.0,1.1533998997101558
2026-07-23,2026-07-23 10:56:47,V026,113.0,1.2664291680506956
2026-07-23,2026-07-23 10:56:48,V026,113.0,0.9648133083907335
2026-07-23,2026-07-23 10:56:49,V026,113.0,1.231138919708759
2026-07-23,2026-07-23 10:56:50,V026,113.0,1.030784040099333
2026-07-23,2026-07-23 10:56:51,V026,112.0,1.0533924093202076
2026-07-23,2026-07-23 10:56:52,V026,112.0,1.0190113911697176
2026-07-23,2026-07-23 10:56:53,V026,112.0,0.9845690402284598
2026-07-23,2026-07-23 10:56:54,V026,111.0,1.0367923348588104
2026-07-23,2026-07-23 10:56:55,V026,112.0,1.0112201146221287
2026-07-23,2026-07-23 10:56:56,V026,112.0,0.9960086448060502
2026-07-23,2026-07-23 10:56:57,V026,113.0,0.9833803190972191
2026-07-23,2026-07-23 10:56:58,V026,114.0,1.0092819252670182
2026-07-23,2026-07-23 10:56:59,V026,114.0,0.9911208467515213
2026-07-23,2026-07-23 10:57:00,V026,115.0,0.9739745917943338
2026-07-23,2026-07-23 10:57:01,V026,115.0,0.9855028151356393
2026-07-23,2026-07-23 10:57:02,V026,114.0,0.9922617220459069
2026-07-23,2026-07-23 10:57:03,V026,114.0,0.997225927230158
2026-07-23,2026-07-23 10:57:04,V026,114.0,0.9922758266317668
2026-07-23,2026-07-23 10:57:05,V026,114.0,1.0015623391712005
2026-07-23,2026-07-23 10:57:06,V026,113.0,1.0191462561566813
2026-07-23,2026-07-23 10:57:07,V026,113.0,0.9556686412259353
2026-07-23,2026-07-23 10:57:08,V026,112.0,0.9942483718911177
2026-07-23,2026-07-23 10:57:09,V026,112.0,0.9885822095542938
2026-07-23,2026-07-23 10:57:10,V026,112.0,1.0211829450207295
2026-07-23,2026-07-23 10:57:11,V026,112.0,1.1024645133649318
2026-07-23,2026-07-23 10:57:12,V026,113.0,0.9957698501033052
2026-07-23,2026-07-23 10:57:13,V026,114.0,1.0814259871544907
2026-07-23,2026-07-23 10:57:14,V026,114.0,1.0194217067404683
2026-07-23,2026-07-23 10:57:15,V026,115.0,0.9942993011065121
2026-07-23,2026-07-23 10:57:16,V026,115.0,1.0319990530839387
2026-07-23,2026-07-23 10:57:17,V026,116.0,1.068472216538151
2026-07-23,2026-07-23 10:57:18,V026,116.0,1.0123722705733045
2026-07-23,2026-07-23 10:57:19,V026,116.0,1.0114680510229612
2026-07-23,2026-07-23 10:57:20,V026,116.0,1.0261721886253472
2026-07-23,2026-07-23 10:57:21,V026,116.0,1.011194450139318
2026-07-23,2026-07-23 10:57:22,V026,116.0,1.0232355623168519
2026-07-23,2026-07-23 10:57:23,V026,116.0,1.0078081085275714
2026-07-23,2026-07-23 10:57:24,V026,116.0,1.0189945879773794
2026-07-23,2026-07-23 10:57:25,V026,116.0,1.000924118378933
2026-07-23,2026-07-23 10:57:26,V026,116.0,0.9812882278627006
2026-07-23,2026-07-23 10:57:27,V026,116.0,0.9904316382025462
2026-07-23,2026-07-23 10:57:28,V026,116.0,0.9842603876045322
2026-07-23,2026-07-23 10:57:29,V026,115.0,0.9907914393910189
2026-07-23,2026-07-23 10:57:30,V026,115.0,0.9821145550366501
2026-07-23,2026-07-23 10:57:31,V026,115.0,1.0016344332967375
2026-07-23,2026-07-23 10:57:32,V026,115.0,1.0160275404899488
2026-07-23,2026-07-23 10:57:33,V026,115.0,0.9847954608131223
2026-07-23,2026-07-23 10:57:34,V026,115.0,0.9953787830039664
2026-07-23,2026-07-23 10:57:35,V026,115.0,1.0156609282680238
2026-07-23,2026-07-23 10:57:36,V026,115.0,0.9907894936625964
2026-07-23,2026-07-23 10:57:37,V026,115.0,0.9725855885554978
2026-07-23,2026-07-23 10:57:38,V026,115.0,0.9889827982286473
2026-07-23,2026-07-23 10:57:39,V026,115.0,1.006874249418992
2026-07-23,2026-07-23 10:57:40,V026,115.0,1.0055741487521455
2026-07-23,2026-07-23 10:57:41,V026,115.0,1.1058581934181813
2026-07-23,2026-07-23 10:57:42,V026,115.0,1.2652339088121487
2026-07-23,2026-07-23 10:57:43,V026,115.0,1.0513889601690918
2026-07-23,2026-07-23 10:57:44,V026,115.0,0.9526959647508721
2026-07-23,2026-07-23 10:57:45,V026,115.0,1.0917272029328613
2026-07-23,2026-07-23 10:57:46,V026,115.0,0.9207961203837379
2026-07-23,2026-07-23 10:57:47,V026,115.0,1.1148581289765371
2026-07-23,2026-07-23 10:57:48,V026,115.0,1.0071341136176433
2026-07-23,2026-07-23 10:57:49,V026,115.0,1.004890205059106
2026-07-23,2026-07-23 10:57:50,V026,115.0,1.0185346471502121
2026-07-23,2026-07-23 10:57:51,V026,115.0,0.995497273174199
2026-07-23,2026-07-23 10:57:52,V026,115.0,0.9879302429779195
2026-07-23,2026-07-23 10:57:53,V026,115.0,0.9978336335081938
2026-07-23,2026-07-23 10:57:54,V026,115.0,0.9902312863435787
2026-07-23,2026-07-23 10:57:55,V026,114.0,0.9861531511500667
2026-07-23,2026-07-23 10:57:56,V026,114.0,1.1350457149661788
2026-07-23,2026-07-23 10:57:57,V026,113.0,1.1651477514463668
2026-07-23,2026-07-23 10:57:58,V026,113.0,1.0203462626694808
2026-07-23,2026-07-23 10:57:59,V026,113.0,0.9528117383446001
2026-07-23,2026-07-23 10:58:00,V026,112.0,1.2497028497337823
2026-07-23,2026-07-23 10:58:01,V026,112.0,0.944190196179595
2026-07-23,2026-07-23 10:58:02,V026,112.0,0.9894476547999823
2026-07-23,2026-07-23 10:58:03,V026,113.0,1.0645448628243033
2026-07-23,2026-07-23 10:58:04,V026,113.0,0.9619449884745542
2026-07-23,2026-07-23 10:58:05,V026,113.0,1.161654290247893
2026-07-23,2026-07-23 10:58:06,V026,114.0,1.0117362324361256
2026-07-23,2026-07-23 10:58:07,V026,114.0,0.9818130468486613
2026-07-23,2026-07-23 10:58:08,V026,115.0,0.985653514136135
2026-07-23,2026-07-23 10:58:09,V026,115.0,1.1072465129260447
2026-07-23,2026-07-23 10:58:10,V026,116.0,1.047600816271189
2026-07-23,2026-07-23 10:58:11,V026,116.0,0.9916353883739749
2026-07-23,2026-07-23 10:58:12,V026,116.0,1.0432897186039205
2026-07-23,2026-07-23 10:58:13,V026,116.0,0.9799040099024494
2026-07-23,2026-07-23 10:58:14,V026,116.0,1.0505925722493519
2026-07-23,2026-07-23 10:58:15,V026,116.0,1.03418805947831
2026-07-23,2026-07-23 10:58:16,V026,116.0,1.0052995445578181
2026-07-23,2026-07-23 10:58:17,V026,116.0,1.098289246872984
2026-07-23,2026-07-23 10:58:18,V026,117.0,1.0316818149329634
2026-07-23,2026-07-23 10:58:19,V026,117.0,0.9617017849431585
2026-07-23,2026-07-23 10:58:20,V026,117.0,1.0039277415000192
2026-07-23,2026-07-23 10:58:21,V026,117.0,1.0051531235027171
2026-07-23,2026-07-23 10:58:22,V026,117.0,1.085744275617172
2026-07-23,2026-07-23 10:58:23,V026,117.0,0.9988502077300707
2026-07-23,2026-07-23 10:58:24,V026,117.0,1.011798576976097
2026-07-23,2026-07-23 10:58:25,V026,117.0,1.0323022277330403
2026-07-23,2026-07-23 10:58:26,V026,116.0,0.9627271351490436
2026-07-23,2026-07-23 10:58:27,V026,117.0,1.0346312936729354
2026-07-23,2026-07-23 10:58:28,V026,117.0,0.9780058329511103
2026-07-23,2026-07-23 10:58:29,V026,117.0,0.9894155116071331
2026-07-23,2026-07-23 10:58:30,V026,117.0,0.9878456494235272
2026-07-23,2026-07-23 10:58:31,V026,117.0,0.9788418460466574
2026-07-23,2026-07-23 10:58:32,V026,117.0,0.9805142597053788
2026-07-23,2026-07-23 10:58:33,V026,117.0,0.9767999557002872
2026-07-23,2026-07-23 10:58:34,V026,116.0,1.0095762878814818
2026-07-23,2026-07-23 10:58:35,V026,116.0,0.9766591261496759
2026-07-23,2026-07-23 10:58:36,V026,116.0,0.996059810649729
2026-07-23,2026-07-23 10:58:37,V026,117.0,0.9970135072692574
2026-07-23,2026-07-23 10:58:38,V026,117.0,1.0121058766697546
2026-07-23,2026-07-23 10:58:39,V026,117.0,0.9952925140513206
2026-07-23,2026-07-23 10:58:40,V026,118.0,1.0026433566291324
2026-07-23,2026-07-23 10:58:41,V026,118.0,1.0168148444807625
2026-07-23,2026-07-23 10:58:42,V026,119.0,0.9698656576309048
2026-07-23,2026-07-23 10:58:43,V026,119.0,1.4848093911339966
2026-07-23,2026-07-23 10:58:44,V026,119.0,1.2222230421900733
2026-07-23,2026-07-23 10:58:45,V026,120.0,0.9440759078066965
2026-07-23,2026-07-23 10:58:46,V026,120.0,1.0994592314562512
2026-07-23,2026-07-23 10:58:47,V026,121.0,0.9462451142587752
2026-07-23,2026-07-23 10:58:48,V026,122.0,0.9556750162350345
2026-07-23,2026-07-23 10:58:49,V026,122.0,0.9790377879515798
2026-07-23,2026-07-23 10:58:50,V026,123.0,1.006718051291291
2026-07-23,2026-07-23 10:58:51,V026,123.0,0.9860628850798121
2026-07-23,2026-07-23 10:58:52,V026,124.0,0.9909624015156727
2026-07-23,2026-07-23 10:58:53,V026,124.0,1.0586675790755624
2026-07-23,2026-07-23 10:58:54,V026,124.0,0.9714745427566964
2026-07-23,2026-07-23 10:58:55,V026,125.0,0.9769993780572246
2026-07-23,2026-07-23 10:58:56,V026,125.0,1.0128988955255136
2026-07-23,2026-07-23 10:58:57,V026,125.0,0.9888219527730775
2026-07-23,2026-07-23 10:58:58,V026,125.0,1.1045605792368138
2026-07-23,2026-07-23 10:58:59,V026,125.0,0.9812044425707825
2026-07-23,2026-07-23 10:59:00,V026,125.0,1.0129980553374782
2026-07-23,2026-07-23 10:59:01,V026,125.0,1.0002743595632424
2026-07-23,2026-07-23 10:59:02,V026,125.0,0.9767624956309721
2026-07-23,2026-07-23 10:59:03,V026,125.0,0.9813363361513446
2026-07-23,2026-07-23 10:59:04,V026,125.0,1.031384859216967
2026-07-23,2026-07-23 10:59:05,V026,124.0,1.0457460515865193
2026-07-23,2026-07-23 10:59:06,V026,124.0,1.040745142961474
2026-07-23,2026-07-23 10:59:07,V026,124.0,1.0125675593998327
2026-07-23,2026-07-23 10:59:08,V026,123.0,1.0093094925953738
2026-07-23,2026-07-23 10:59:09,V026,123.0,0.9991043013056744
2026-07-23,2026-07-23 10:59:10,V026,122.0,1.0119036160137722
2026-07-23,2026-07-23 10:59:11,V026,122.0,1.0292478606047761
2026-07-23,2026-07-23 10:59:12,V026,121.0,1.013885431035488
2026-07-23,2026-07-23 10:59:13,V026,121.0,1.0046885858724044
2026-07-23,2026-07-23 10:59:14,V026,121.0,0.9808943078094324
2026-07-23,2026-07-23 10:59:15,V026,120.0,0.9994060504407363
2026-07-23,2026-07-23 10:59:16,V026,120.0,1.0220436348988569
2026-07-23,2026-07-23 10:59:17,V026,120.0,0.9716194768657122
2026-07-23,2026-07-23 10:59:18,V026,120.0,1.1088992279937249
2026-07-23,2026-07-23 10:59:19,V026,120.0,0.96374399223159
2026-07-23,2026-07-23 10:59:20,V026,119.0,1.022109465437208
2026-07-23,2026-07-23 10:59:21,V026,119.0,0.9974132455531423
2026-07-23,2026-07-23 10:59:22,V026,119.0,1.0422185000606015
2026-07-23,2026-07-23 10:59:23,V026,119.0,0.9221026400981549
2026-07-23,2026-07-23 10:59:24,V026,119.0,1.4344639791056386
2026-07-23,2026-07-23 10:59:25,V026,119.0,1.0018793974846325
2026-07-23,2026-07-23 10:59:26,V026,119.0,1.0085543137915385
2026-07-23,2026-07-23 10:59:27,V026,119.0,0.9853255784416323
2026-07-23,2026-07-23 10:59:28,V026,120.0,0.9961338493123016
2026-07-23,2026-07-23 10:59:29,V026,120.0,1.150805011805343
2026-07-23,2026-07-23 10:59:30,V026,120.0,1.09163690050765
2026-07-23,2026-07-23 10:59:31,V026,121.0,0.9820840873903313
2026-07-23,2026-07-23 10:59:32,V026,121.0,1.0505633199814277
2026-07-23,2026-07-23 10:59:33,V026,121.0,1.0183807188367893
2026-07-23,2026-07-23 10:59:34,V026,121.0,0.992271885492111
2026-07-23,2026-07-23 10:59:35,V026,121.0,1.0686091219478098
2026-07-23,2026-07-23 10:59:36,V026,121.0,1.0077110766982529
2026-07-23,2026-07-23 10:59:37,V026,121.0,1.056752334854554
2026-07-23,2026-07-23 10:59:38,V026,121.0,0.9915816710696498
2026-07-23,2026-07-23 10:59:39,V026,121.0,1.0560753814433115
2026-07-23,2026-07-23 10:59:40,V026,121.0,0.9767807499607062
2026-07-23,2026-07-23 10:59:41,V026,121.0,0.9360106829188177
2026-07-23,2026-07-23 10:59:42,V026,120.0,1.2504734225898932
2026-07-23,2026-07-23 10:59:43,V026,120.0,0.99926496800026
2026-07-23,2026-07-23 10:59:44,V026,120.0,0.9743526686932753
2026-07-23,2026-07-23 10:59:45,V026,120.0,0.9781988925630882
2026-07-23,2026-07-23 10:59:46,V026,120.0,0.9741392924208242
2026-07-23,2026-07-23 10:59:47,V026,119.0,0.9711347830336534
2026-07-23,2026-07-23 10:59:48,V026,119.0,0.9909577495276283
2026-07-23,2026-07-23 10:59:49,V026,119.0,0.9782601345017384
2026-07-23,2026-07-23 10:59:50,V026,119.0,0.9879237980506399
2026-07-23,2026-07-23 10:59:51,V026,119.0,0.9872970885167764
2026-07-23,2026-07-23 10:59:52,V026,119.0,0.9802750966092826
2026-07-23,2026-07-23 10:59:53,V026,119.0,0.9851327101882068
2026-07-23,2026-07-23 10:59:54,V026,119.0,0.9912111362171308
2026-07-23,2026-07-23 10:59:55,V026,120.0,0.9834723428263862
2026-07-23,2026-07-23 10:59:56,V026,120.0,1.0043874484597939
2026-07-23,2026-07-23 10:59:57,V026,120.0,0.988510010751517
2026-07-23,2026-07-23 10:59:58,V026,120.0,0.9828345481493086
2026-07-23,2026-07-23 10:59:59,V026,119.0,0.9847815346017831
2026-07-23,2026-07-23 11:00:00,V026,119.0,0.9965633892106319
2026-07-23,2026-07-23 11:00:01,V026,119.0,0.9872732266811464
2026-07-23,2026-07-23 11:00:02,V026,119.0,0.9860839893459996
2026-07-23,2026-07-23 11:00:03,V026,118.0,1.0276663587924184
2026-07-23,2026-07-23 11:00:04,V026,118.0,0.988659032437253
2026-07-23,2026-07-23 11:00:05,V026,118.0,1.0952014302837179
2026-07-23,2026-07-23 11:00:06,V026,118.0,1.0703771855553816
2026-07-23,2026-07-23 11:00:07,V026,118.0,1.152057298723047
2026-07-23,2026-07-23 11:00:08,V026,118.0,0.9279522350527315
2026-07-23,2026-07-23 11:00:09,V026,117.0,1.116368688024768
2026-07-23,2026-07-23 11:00:10,V026,117.0,1.0214641990392699
2026-07-23,2026-07-23 11:00:11,V026,117.0,1.012983240283314
2026-07-23,2026-07-23 11:00:12,V026,117.0,1.0197185219875253
2026-07-23,2026-07-23 11:00:13,V026,116.0,1.024257619261553
2026-07-23,2026-07-23 11:00:14,V026,115.0,1.0307108561387572
2026-07-23,2026-07-23 11:00:15,V026,115.0,1.0010825544521682
2026-07-23,2026-07-23 11:00:16,V026,115.0,0.9939747630843622
2026-07-23,2026-07-23 11:00:17,V026,114.0,1.0041091707435628
2026-07-23,2026-07-23 11:00:18,V026,113.0,1.0031657933272922
2026-07-23,2026-07-23 11:00:19,V026,112.0,1.0090150248680485
2026-07-23,2026-07-23 11:00:20,V026,112.0,1.0157582601682487
2026-07-23,2026-07-23 11:00:21,V026,111.0,0.9916047235239414
2026-07-23,2026-07-23 11:00:22,V026,110.0,0.9949241850718152
2026-07-23,2026-07-23 11:00:23,V026,109.0,0.9849316180981151
2026-07-23,2026-07-23 11:00:24,V026,109.0,0.9809720263086072
2026-07-23,2026-07-23 11:00:25,V026,110.0,0.9806321809173137
2026-07-23,2026-07-23 11:00:26,V026,110.0,0.9818644734880281
2026-07-23,2026-07-23 11:00:27,V026,111.0,0.980507123786258
2026-07-23,2026-07-23 11:00:28,V026,111.0,0.9842344856875529
2026-07-23,2026-07-23 11:00:29,V026,112.0,0.9834071023401998
2026-07-23,2026-07-23 11:00:30,V026,113.0,0.9811629803546108
2026-07-23,2026-07-23 11:00:31,V026,113.0,0.9765104609121975
2026-07-23,2026-07-23 11:00:32,V026,114.0,0.9818223317377105
2026-07-23,2026-07-23 11:00:33,V026,114.0,0.9704780318064086
2026-07-23,2026-07-23 11:00:34,V026,115.0,0.9824526597992285
2026-07-23,2026-07-23 11:00:35,V026,115.0,0.978245931506775
2026-07-23,2026-07-23 11:00:36,V026,115.0,0.9725661997801638
2026-07-23,2026-07-23 11:00:37,V026,115.0,0.9796078537016442
2026-07-23,2026-07-23 11:00:38,V026,115.0,0.9749666270610984
2026-07-23,2026-07-23 11:00:39,V026,115.0,0.9755148619061667
2026-07-23,2026-07-23 11:00:40,V026,115.0,0.9785138812063835
2026-07-23,2026-07-23 11:00:41,V026,115.0,0.9775284382958879
2026-07-23,2026-07-23 11:00:42,V026,115.0,1.0263220988964445
2026-07-23,2026-07-23 11:00:43,V026,115.0,0.9484697649308708
2026-07-23,2026-07-23 11:00:44,V026,115.0,1.0390309125626378
2026-07-23,2026-07-23 11:00:45,V026,115.0,1.0070198893127011
2026-07-23,2026-07-23 11:00:46,V026,115.0,1.048997326752895
2026-07-23,2026-07-23 11:00:47,V026,114.0,0.9897762138116581
2026-07-23,2026-07-23 11:00:48,V026,114.0,1.010634895833936
2026-07-23,2026-07-23 11:00:49,V026,113.0,1.0690272034494108
2026-07-23,2026-07-23 11:00:50,V026,113.0,0.9805926941883943
2026-07-23,2026-07-23 11:00:51,V026,112.0,0.9935610901655251
2026-07-23,2026-07-23 11:00:52,V026,113.0,1.1386404038594216
2026-07-23,2026-07-23 11:00:53,V026,113.0,1.1641598568408527
2026-07-23,2026-07-23 11:00:54,V026,113.0,0.9960177866346024
2026-07-23,2026-07-23 11:00:55,V026,113.0,0.9964206649260056
2026-07-23,2026-07-23 11:00:56,V026,114.0,1.0043098987349137
2026-07-23,2026-07-23 11:00:57,V026,113.0,1.0879457288862129
2026-07-23,2026-07-23 11:00:58,V026,113.0,1.0096920287753592
2026-07-23,2026-07-23 11:00:59,V026,112.0,0.9358642416144307
2026-07-23,2026-07-23 11:01:00,V026,112.0,1.1707933578264196
2026-07-23,2026-07-23 11:01:01,V026,111.0,1.0177676823467259
2026-07-23,2026-07-23 11:01:02,V026,110.0,0.976059565556849
2026-07-23,2026-07-23 11:01:03,V026,109.0,0.9775876982159677
2026-07-23,2026-07-23 11:01:04,V026,108.0,1.0752674207262896
2026-07-23,2026-07-23 11:01:05,V026,108.0,1.0094612976914672
2026-07-23,2026-07-23 11:01:06,V026,107.0,0.9924894548199382
2026-07-23,2026-07-23 11:01:07,V026,107.0,0.9982534716101243
2026-07-23,2026-07-23 11:01:08,V026,107.0,1.0082497022949217
2026-07-23,2026-07-23 11:01:09,V026,108.0,0.9905364966837282
2026-07-23,2026-07-23 11:01:10,V026,108.0,0.9852758333983356
2026-07-23,2026-07-23 11:01:11,V026,109.0,1.005104685307634
2026-07-23,2026-07-23 11:01:12,V026,110.0,0.9684113576177699
2026-07-23,2026-07-23 11:01:13,V026,111.0,1.0383250620682651
2026-07-23,2026-07-23 11:01:14,V026,112.0,1.0300470692911752
2026-07-23,2026-07-23 11:01:15,V026,113.0,0.9679126179193426
2026-07-23,2026-07-23 11:01:16,V026,114.0,1.0804566921742857
2026-07-23,2026-07-23 11:01:17,V026,114.0,1.0314495041277645
2026-07-23,2026-07-23 11:01:18,V026,115.0,1.08480378968729
2026-07-23,2026-07-23 11:01:19,V026,116.0,1.0229063522798645
2026-07-23,2026-07-23 11:01:20,V026,116.0,1.0414764569180106
2026-07-23,2026-07-23 11:01:21,V026,117.0,1.043220989120989
2026-07-23,2026-07-23 11:01:22,V026,117.0,1.0019118674722467
2026-07-23,2026-07-23 11:01:23,V026,118.0,1.0087867922038127
2026-07-23,2026-07-23 11:01:24,V026,118.0,1.025797584556172
2026-07-23,2026-07-23 11:01:25,V026,118.0,1.0046541640030555
2026-07-23,2026-07-23 11:01:26,V026,118.0,1.0031387378960432
2026-07-23,2026-07-23 11:01:27,V026,118.0,1.0523040181526933
2026-07-23,2026-07-23 11:01:28,V026,118.0,0.9730910010561453
2026-07-23,2026-07-23 11:01:29,V026,118.0,0.9620028414681376
2026-07-23,2026-07-23 11:01:30,V026,117.0,1.2297738475657771
2026-07-23,2026-07-23 11:01:31,V026,117.0,0.8911732425210341
2026-07-23,2026-07-23 11:01:32,V026,117.0,1.0231354417250536
2026-07-23,2026-07-23 11:01:33,V026,117.0,0.980617861743364
2026-07-23,2026-07-23 11:01:34,V026,117.0,0.993090732718853
2026-07-23,2026-07-23 11:01:35,V026,117.0,1.0151301644738115
2026-07-23,2026-07-23 11:01:36,V026,117.0,1.0596947654009004
2026-07-23,2026-07-23 11:01:37,V026,117.0,1.0100868209959872
2026-07-23,2026-07-23 11:01:38,V026,117.0,1.015610846736434
2026-07-23,2026-07-23 11:01:39,V026,117.0,0.971633556313848
2026-07-23,2026-07-23 11:01:40,V026,117.0,1.0177264670198232
2026-07-23,2026-07-23 11:01:41,V026,117.0,1.0132526924685339
2026-07-23,2026-07-23 11:01:42,V026,116.0,0.9798960881700813
2026-07-23,2026-07-23 11:01:43,V026,115.0,1.1045813747951463
2026-07-23,2026-07-23 11:01:44,V026,115.0,1.0426379617950525
2026-07-23,2026-07-23 11:01:45,V026,114.0,1.028708598944764
2026-07-23,2026-07-23 11:01:46,V026,113.0,1.022577102328811
2026-07-23,2026-07-23 11:01:47,V026,112.0,0.9684064878164591
2026-07-23,2026-07-23 11:01:48,V026,112.0,1.033596091645207
2026-07-23,2026-07-23 11:01:49,V026,112.0,0.9859946201106158
2026-07-23,2026-07-23 11:01:50,V026,112.0,1.0278790280010388
2026-07-23,2026-07-23 11:01:51,V026,111.0,0.9838231440788262
2026-07-23,2026-07-23 11:01:52,V026,111.0,0.9847112776376141
2026-07-23,2026-07-23 11:01:53,V026,110.0,0.9940752716492464
2026-07-23,2026-07-23 11:01:54,V026,110.0,0.9863572538433424
2026-07-23,2026-07-23 11:01:55,V026,110.0,0.9850457525359347
2026-07-23,2026-07-23 11:01:56,V026,110.0,1.008207511827684
2026-07-23,2026-07-23 11:01:57,V026,111.0,0.9815631368252448
2026-07-23,2026-07-23 11:01:58,V026,111.0,1.0033157033676798
2026-07-23,2026-07-23 11:01:59,V026,112.0,0.96818919746308
2026-07-23,2026-07-23 11:02:00,V026,112.0,1.0071419783588922
2026-07-23,2026-07-23 11:02:01,V026,112.0,0.9861927135919742
2026-07-23,2026-07-23 11:02:02,V026,112.0,0.9775137580179316
2026-07-23,2026-07-23 11:02:03,V026,112.0,0.9775741397254667
2026-07-23,2026-07-23 11:02:04,V026,113.0,0.9768840534278539
2026-07-23,2026-07-23 11:02:05,V026,113.0,0.975803810469183
2026-07-23,2026-07-23 11:02:06,V026,114.0,0.9774359539131771
2026-07-23,2026-07-23 11:02:07,V026,114.0,0.9764811506657248
2026-07-23,2026-07-23 11:02:08,V026,115.0,0.9779378603791689
2026-07-23,2026-07-23 11:02:09,V026,115.0,0.9801198571212827
2026-07-23,2026-07-23 11:02:10,V026,116.0,0.9743397302630306
2026-07-23,2026-07-23 11:02:11,V026,116.0,0.9814820960099125
2026-07-23,2026-07-23 11:02:12,V026,117.0,0.975918309159823
2026-07-23,2026-07-23 11:02:13,V026,117.0,0.9775205195804196
2026-07-23,2026-07-23 11:02:14,V026,117.0,0.9780649252896054
2026-07-23,2026-07-23 11:02:15,V026,118.0,0.9763462378688506
2026-07-23,2026-07-23 11:02:16,V026,118.0,0.9787682489922195
2026-07-23,2026-07-23 11:02:17,V026,118.0,0.9713583361677244
2026-07-23,2026-07-23 11:02:18,V026,118.0,1.0193239062663473
2026-07-23,2026-07-23 11:02:19,V026,117.0,1.0117732065462588
2026-07-23,2026-07-23 11:02:20,V026,116.0,1.0295203700514166
2026-07-23,2026-07-23 11:02:21,V026,116.0,0.9829820201870083
2026-07-23,2026-07-23 11:02:22,V026,116.0,0.9725748666953169
2026-07-23,2026-07-23 11:02:23,V026,116.0,0.974637910744114
2026-07-23,2026-07-23 11:02:24,V026,115.0,0.975085274084255
2026-07-23,2026-07-23 11:02:25,V026,115.0,0.9729197065924391
2026-07-23,2026-07-23 11:02:26,V026,115.0,0.9742969811460133
2026-07-23,2026-07-23 11:02:27,V026,115.0,0.9745133189843826
2026-07-23,2026-07-23 11:02:28,V026,115.0,0.9769241170883333
2026-07-23,2026-07-23 11:02:29,V026,115.0,0.9805979455459968
2026-07-23,2026-07-23 11:02:30,V026,115.0,0.9784667052426499
2026-07-23,2026-07-23 11:02:31,V026,115.0,0.976353208599705
2026-07-23,2026-07-23 11:02:32,V026,115.0,0.9743539087222419
2026-07-23,2026-07-23 11:02:33,V026,114.0,0.9745048782243928
2026-07-23,2026-07-23 11:02:34,V026,114.0,0.9749013355453408
2026-07-23,2026-07-23 11:02:35,V026,113.0,0.9746882081505669
2026-07-23,2026-07-23 11:02:36,V026,111.0,0.9754608045117517
2026-07-23,2026-07-23 11:02:37,V026,110.0,0.9729677639066742
2026-07-23,2026-07-23 11:02:38,V026,110.0,0.9746677627028766
2026-07-23,2026-07-23 11:02:39,V026,110.0,0.9751578926356514
2026-07-23,2026-07-23 11:02:40,V026,109.0,0.9753284247386969
2026-07-23,2026-07-23 11:02:41,V026,109.0,0.9749608548795176
2026-07-23,2026-07-23 11:02:42,V026,109.0,0.9729846552062797
2026-07-23,2026-07-23 11:02:43,V026,109.0,0.9742825668686338
2026-07-23,2026-07-23 11:02:44,V026,109.0,0.9777222187517149
2026-07-23,2026-07-23 11:02:45,V026,109.0,0.9756668267380822
2026-07-23,2026-07-23 11:02:46,V026,110.0,0.9752505417794078
2026-07-23,2026-07-23 11:02:47,V026,110.0,0.9746691812839041
2026-07-23,2026-07-23 11:02:48,V026,110.0,0.9753669620903915
2026-07-23,2026-07-23 11:02:49,V026,110.0,0.9743243975829652
2026-07-23,2026-07-23 11:02:50,V026,110.0,0.9747502178326929
2026-07-23,2026-07-23 11:02:51,V026,109.0,0.9736510484711365
2026-07-23,2026-07-23 11:02:52,V026,109.0,0.9752320287994793
2026-07-23,2026-07-23 11:02:53,V026,109.0,0.9750694809314118
2026-07-23,2026-07-23 11:02:54,V026,108.0,0.9755808118745279
2026-07-23,2026-07-23 11:02:55,V026,108.0,0.973430278431107
2026-07-23,2026-07-23 11:02:56,V026,108.0,0.9849064284594367
2026-07-23,2026-07-23 11:02:57,V026,108.0,0.9870875694633615
2026-07-23,2026-07-23 11:02:58,V026,108.0,0.9989167144298047
2026-07-23,2026-07-23 11:02:59,V026,108.0,0.9948708682594244
2026-07-23,2026-07-23 11:03:00,V026,108.0,0.9924081172304484
2026-07-23,2026-07-23 11:03:01,V026,107.0,1.008986909867571
2026-07-23,2026-07-23 11:03:02,V026,107.0,1.0162331642536848
2026-07-23,2026-07-23 11:03:03,V026,106.0,0.9694925188515067
2026-07-23,2026-07-23 11:03:04,V026,106.0,1.0254489622676082
2026-07-23,2026-07-23 11:03:05,V026,106.0,1.0299755225831329
2026-07-23,2026-07-23 11:03:06,V026,105.0,0.9996672146743303
2026-07-23,2026-07-23 11:03:07,V026,106.0,1.052639299457435
2026-07-23,2026-07-23 11:03:08,V026,106.0,0.9766303341732846
2026-07-23,2026-07-23 11:03:09,V026,107.0,0.9970751049475279
2026-07-23,2026-07-23 11:03:10,V026,107.0,1.0174667955518326
2026-07-23,2026-07-23 11:03:11,V026,108.0,0.9829625423597711
2026-07-23,2026-07-23 11:03:12,V026,108.0,1.0541335563164664
2026-07-23,2026-07-23 11:03:13,V026,108.0,1.0350509919523414
2026-07-23,2026-07-23 11:03:14,V026,108.0,0.9838046456704124
2026-07-23,2026-07-23 11:03:15,V026,108.0,1.0101588421768704
2026-07-23,2026-07-23 11:03:16,V026,108.0,1.0047484843947228
2026-07-23,2026-07-23 11:03:17,V026,107.0,1.0163820918756283
2026-07-23,2026-07-23 11:03:18,V026,107.0,1.0373490038998676
2026-07-23,2026-07-23 11:03:19,V026,106.0,0.9521897707829419
2026-07-23,2026-07-23 11:03:20,V026,105.0,0.9960128653071901
2026-07-23,2026-07-23 11:03:21,V026,104.0,1.0543016244679941
2026-07-23,2026-07-23 11:03:22,V026,104.0,0.9359674324262713
2026-07-23,2026-07-23 11:03:23,V026,104.0,1.0773384474802923
2026-07-23,2026-07-23 11:03:24,V026,104.0,0.9722994743467284
2026-07-23,2026-07-23 11:03:25,V026,104.0,0.9760643396562972
2026-07-23,2026-07-23 11:03:26,V026,104.0,0.9750387910250634
2026-07-23,2026-07-23 11:03:27,V026,104.0,0.9742089122896765
2026-07-23,2026-07-23 11:03:28,V026,104.0,0.973332473988887
2026-07-23,2026-07-23 11:03:29,V026,104.0,0.9921356344709201
2026-07-23,2026-07-23 11:03:30,V026,105.0,0.9696521229119772
2026-07-23,2026-07-23 11:03:31,V026,104.0,0.9856934005437152
2026-07-23,2026-07-23 11:03:32,V026,104.0,0.9775133324259647
2026-07-23,2026-07-23 11:03:33,V026,104.0,0.9966925121416659
2026-07-23,2026-07-23 11:03:34,V026,103.0,0.9874311673838586
2026-07-23,2026-07-23 11:03:35,V026,103.0,0.9896600462754526
2026-07-23,2026-07-23 11:03:36,V026,102.0,0.9996354298031424
2026-07-23,2026-07-23 11:03:37,V026,103.0,0.9974727519599781
2026-07-23,2026-07-23 11:03:38,V026,103.0,0.9534031304563675
2026-07-23,2026-07-23 11:03:39,V026,104.0,1.0562069822628348
2026-07-23,2026-07-23 11:03:40,V026,105.0,1.0014729839114653
2026-07-23,2026-07-23 11:03:41,V026,106.0,0.9776547620412073
2026-07-23,2026-07-23 11:03:42,V026,107.0,0.9806334115055894
2026-07-23,2026-07-23 11:03:43,V026,107.0,0.9753083331253007
2026-07-23,2026-07-23 11:03:44,V026,107.0,1.0420308665777476
2026-07-23,2026-07-23 11:03:45,V026,107.0,0.9928768958390336
2026-07-23,2026-07-23 11:03:46,V026,107.0,1.0029306015438526
2026-07-23,2026-07-23 11:03:47,V026,108.0,1.0491732523499566
2026-07-23,2026-07-23 11:03:48,V026,109.0,0.9927372166168175
2026-07-23,2026-07-23 11:03:49,V026,109.0,0.9870879055574943
2026-07-23,2026-07-23 11:03:50,V026,109.0,0.9802073249784005
2026-07-23,2026-07-23 11:03:51,V026,110.0,0.9771370336113997
2026-07-23,2026-07-23 11:03:52,V026,110.0,0.9719711827547405
2026-07-23,2026-07-23 11:03:53,V026,110.0,0.99110403115001
2026-07-23,2026-07-23 11:03:54,V026,110.0,0.9785224852818531
2026-07-23,2026-07-23 11:03:55,V026,109.0,0.9774617598304264
2026-07-23,2026-07-23 11:03:56,V026,109.0,0.9932578637682292
2026-07-23,2026-07-23 11:03:57,V026,108.0,1.0072182206049511
2026-07-23,2026-07-23 11:03:58,V026,107.0,0.984621622150082
2026-07-23,2026-07-23 11:03:59,V026,107.0,0.9865078786448614
2026-07-23,2026-07-23 11:04:00,V026,106.0,0.9779359729197357
2026-07-23,2026-07-23 11:04:01,V026,105.0,0.99489973549777
2026-07-23,2026-07-23 11:04:02,V026,105.0,0.9793868529029998
2026-07-23,2026-07-23 11:04:03,V026,104.0,1.0304769353055008
2026-07-23,2026-07-23 11:04:04,V026,103.0,0.9780588540492454
2026-07-23,2026-07-23 11:04:05,V026,103.0,0.9786404848440493
2026-07-23,2026-07-23 11:04:06,V026,103.0,0.9844541469838022
2026-07-23,2026-07-23 11:04:07,V026,103.0,0.9808533475103922
2026-07-23,2026-07-23 11:04:08,V026,104.0,0.9821645272298928
2026-07-23,2026-07-23 11:04:09,V026,105.0,0.9796994591521377
2026-07-23,2026-07-23 11:04:10,V026,105.0,0.9779765345449491
2026-07-23,2026-07-23 11:04:11,V026,106.0,0.9809156947675544
2026-07-23,2026-07-23 11:04:12,V026,106.0,0.9851390966450841
2026-07-23,2026-07-23 11:04:13,V026,106.0,0.9850904337073016
2026-07-23,2026-07-23 11:04:14,V026,105.0,0.9776903934811819
2026-07-23,2026-07-23 11:04:15,V026,105.0,0.9778021452440627
2026-07-23,2026-07-23 11:04:16,V026,104.0,0.9832235312150815
2026-07-23,2026-07-23 11:04:17,V026,104.0,0.9777696405576805
2026-07-23,2026-07-23 11:04:18,V026,105.0,0.9792842213735271
2026-07-23,2026-07-23 11:04:19,V026,105.0,0.9820113548253628
2026-07-23,2026-07-23 11:04:20,V026,104.0,0.9776944653167281
2026-07-23,2026-07-23 11:04:21,V026,104.0,0.9948473144835599
2026-07-23,2026-07-23 11:04:22,V026,103.0,0.983349538238102
2026-07-23,2026-07-23 11:04:23,V026,102.0,0.9893525426390554
2026-07-23,2026-07-23 11:04:24,V026,102.0,0.9799587362495702
2026-07-23,2026-07-23 11:04:25,V026,101.0,0.9924421059751515
2026-07-23,2026-07-23 11:04:26,V026,100.0,0.9835369654927314
2026-07-23,2026-07-23 11:04:27,V026,100.0,0.9999375433505644
2026-07-23,2026-07-23 11:04:28,V026,101.0,0.9847976698024875
2026-07-23,2026-07-23 11:04:29,V026,101.0,0.9782154742963505
2026-07-23,2026-07-23 11:04:30,V026,101.0,0.9824383226549515
2026-07-23,2026-07-23 11:04:31,V026,102.0,1.0033148225229205
2026-07-23,2026-07-23 11:04:32,V026,102.0,0.9839452838480968
2026-07-23,2026-07-23 11:04:33,V026,102.0,0.9847846529331689
2026-07-23,2026-07-23 11:04:34,V026,103.0,0.9871544730132451
2026-07-23,2026-07-23 11:04:35,V026,103.0,0.984084419128314
2026-07-23,2026-07-23 11:04:36,V026,103.0,0.9879462555980159
2026-07-23,2026-07-23 11:04:37,V026,104.0,0.9809752457597575
2026-07-23,2026-07-23 11:04:38,V026,104.0,1.003601202454042
2026-07-23,2026-07-23 11:04:39,V026,105.0,0.9815165269527485
2026-07-23,2026-07-23 11:04:40,V026,105.0,0.9804404476790564
2026-07-23,2026-07-23 11:04:41,V026,105.0,0.9815738730448733
2026-07-23,2026-07-23 11:04:42,V026,105.0,0.977461890009999
2026-07-23,2026-07-23 11:04:43,V026,105.0,0.9848460612453191
2026-07-23,2026-07-23 11:04:44,V026,105.0,0.9858645864299538
2026-07-23,2026-07-23 11:04:45,V026,104.0,0.9608441772125748
2026-07-23,2026-07-23 11:04:46,V026,104.0,1.0316772927254634
2026-07-23,2026-07-23 11:04:47,V026,104.0,0.9692881524763562
2026-07-23,2026-07-23 11:04:48,V026,103.0,0.9754334081930897
2026-07-23,2026-07-23 11:04:49,V026,103.0,0.9893450112927596
2026-07-23,2026-07-23 11:04:50,V026,103.0,0.9795305561030915
2026-07-23,2026-07-23 11:04:51,V026,103.0,0.9791856539535247
2026-07-23,2026-07-23 11:04:52,V026,102.0,0.9765507101945956
2026-07-23,2026-07-23 11:04:53,V026,102.0,0.9756919090739742
2026-07-23,2026-07-23 11:04:54,V026,102.0,0.9856027208494383
2026-07-23,2026-07-23 11:04:55,V026,102.0,0.9800461674855322
2026-07-23,2026-07-23 11:04:56,V026,102.0,0.9767063266275532
2026-07-23,2026-07-23 11:04:57,V026,102.0,0.9745245977042454
2026-07-23,2026-07-23 11:04:58,V026,103.0,0.9806718109632399
2026-07-23,2026-07-23 11:04:59,V026,103.0,0.974472177136587
2026-07-23,2026-07-23 11:05:00,V026,103.0,0.9786065436471191
2026-07-23,2026-07-23 11:05:01,V026,103.0,0.9777059176813329
2026-07-23,2026-07-23 11:05:02,V026,104.0,0.9784435893076372
2026-07-23,2026-07-23 11:05:03,V026,104.0,0.9800339467733621
2026-07-23,2026-07-23 11:05:04,V026,104.0,0.977067546683359
2026-07-23,2026-07-23 11:05:05,V026,104.0,0.9816261426093252
2026-07-23,2026-07-23 11:05:06,V026,105.0,0.9847595420623189
2026-07-23,2026-07-23 11:05:07,V026,105.0,0.9784081194668844
2026-07-23,2026-07-23 11:05:08,V026,105.0,0.9795014515175662
2026-07-23,2026-07-23 11:05:09,V026,105.0,0.9802539088230957
2026-07-23,2026-07-23 11:05:10,V026,105.0,0.9942009072651302
2026-07-23,2026-07-23 11:05:11,V026,105.0,1.0393517941223736
2026-07-23,2026-07-23 11:05:12,V026,106.0,0.9757097031075431
2026-07-23,2026-07-23 11:05:13,V026,105.0,0.9877828632074038
2026-07-23,2026-07-23 11:05:14,V026,105.0,0.9907067907101245
2026-07-23,2026-07-23 11:05:15,V026,104.0,1.0246834457653085
2026-07-23,2026-07-23 11:05:16,V026,104.0,0.9940465157933474
2026-07-23,2026-07-23 11:05:17,V026,103.0,0.9912585004947722
2026-07-23,2026-07-23 11:05:18,V026,102.0,0.9894025026349147
2026-07-23,2026-07-23 11:05:19,V026,102.0,0.9737251441045817
2026-07-23,2026-07-23 11:05:20,V026,102.0,0.9781022859507742
2026-07-23,2026-07-23 11:05:21,V026,102.0,0.9828803574378958
2026-07-23,2026-07-23 11:05:22,V026,101.0,0.9791373814232492
2026-07-23,2026-07-23 11:05:23,V026,102.0,0.9746854926414316
2026-07-23,2026-07-23 11:05:24,V026,102.0,0.9787838156173388
2026-07-23,2026-07-23 11:05:25,V026,102.0,0.9793754485531826
2026-07-23,2026-07-23 11:05:26,V026,102.0,0.9936190017699763
2026-07-23,2026-07-23 11:05:27,V026,102.0,0.9682407109950643
2026-07-23,2026-07-23 11:05:28,V026,102.0,0.9984780615429693
2026-07-23,2026-07-23 11:05:29,V026,101.0,0.9831266295520631
2026-07-23,2026-07-23 11:05:30,V026,101.0,0.9864699855820117
2026-07-23,2026-07-23 11:05:31,V026,101.0,0.980959302134193
2026-07-23,2026-07-23 11:05:32,V026,100.0,0.9780481476439802
2026-07-23,2026-07-23 11:05:33,V026,100.0,0.9798341742259256
2026-07-23,2026-07-23 11:05:34,V026,100.0,0.9766565809324669
2026-07-23,2026-07-23 11:05:35,V026,100.0,0.9833215202453595
2026-07-23,2026-07-23 11:05:36,V026,101.0,0.9728481838175762
2026-07-23,2026-07-23 11:05:37,V026,101.0,1.0059011290004798
2026-07-23,2026-07-23 11:05:38,V026,101.0,0.9757065638957082
2026-07-23,2026-07-23 11:05:39,V026,101.0,1.0008179160714525
2026-07-23,2026-07-23 11:05:40,V026,102.0,0.9868643708416226
2026-07-23,2026-07-23 11:05:41,V026,101.0,0.9695551934858112
2026-07-23,2026-07-23 11:05:42,V026,100.0,0.9855668696731756
2026-07-23,2026-07-23 11:05:43,V026,100.0,0.9857506084020272
2026-07-23,2026-07-23 11:05:44,V026,99.0,1.0108501609194072
2026-07-23,2026-07-23 11:05:45,V026,99.0,1.0219851874365187
2026-07-23,2026-07-23 11:05:46,V026,98.0,0.9455865387253839
2026-07-23,2026-07-23 11:05:47,V026,99.0,1.130077110891478
2026-07-23,2026-07-23 11:05:48,V026,99.0,0.983338011473251
2026-07-23,2026-07-23 11:05:49,V026,100.0,0.9924625497873328
2026-07-23,2026-07-23 11:05:50,V026,101.0,0.9782295656959955
2026-07-23,2026-07-23 11:05:51,V026,100.0,0.9794069641808321
2026-07-23,2026-07-23 11:05:52,V026,99.0,0.9758934650747928
2026-07-23,2026-07-23 11:05:53,V026,99.0,0.9765359544380786
2026-07-23,2026-07-23 11:05:54,V026,98.0,0.9738385263811924
2026-07-23,2026-07-23 11:05:55,V026,98.0,0.9755897963193099
2026-07-23,2026-07-23 11:05:56,V026,98.0,0.9746628950235391
2026-07-23,2026-07-23 11:05:57,V026,97.0,0.974615579060528
2026-07-23,2026-07-23 11:05:58,V026,97.0,0.9748138399219458
2026-07-23,2026-07-23 11:05:59,V026,98.0,0.9742576122039298
2026-07-23,2026-07-23 11:06:00,V026,99.0,0.9759994026582645
2026-07-23,2026-07-23 11:06:01,V026,99.0,0.9750679175310326
2026-07-23,2026-07-23 11:06:02,V026,99.0,0.9760041174747186
2026-07-23,2026-07-23 11:06:03,V026,99.0,0.9774898818572901
2026-07-23,2026-07-23 11:06:04,V026,99.0,0.9737593813555384
2026-07-23,2026-07-23 11:06:05,V026,98.0,0.9752040818747205
2026-07-23,2026-07-23 11:06:06,V026,98.0,0.9755562450946885
2026-07-23,2026-07-23 11:06:07,V026,98.0,0.9756883243625891
2026-07-23,2026-07-23 11:06:08,V026,98.0,0.9748462690510195
2026-07-23,2026-07-23 11:06:09,V026,98.0,0.9750645721841436
2026-07-23,2026-07-23 11:06:10,V026,100.0,0.9765785476284204
2026-07-23,2026-07-23 11:06:11,V026,100.0,0.9733922711846374
2026-07-23,2026-07-23 11:06:12,V026,100.0,0.9767584487336222
2026-07-23,2026-07-23 11:06:13,V026,102.0,0.9754638547121373
2026-07-23,2026-07-23 11:06:14,V026,102.0,0.9740883205146362
2026-07-23,2026-07-23 11:06:15,V026,103.0,0.9756318846742245
2026-07-23,2026-07-23 11:06:16,V026,103.0,0.9737642977479922
2026-07-23,2026-07-23 11:06:17,V026,102.0,0.9751606013739389
2026-07-23,2026-07-23 11:06:18,V026,101.0,0.977327121421385
2026-07-23,2026-07-23 11:06:19,V026,100.0,0.9746289192784793
2026-07-23,2026-07-23 11:06:20,V026,99.0,0.9757694173134609
2026-07-23,2026-07-23 11:06:21,V026,98.0,0.9756953619315396
2026-07-23,2026-07-23 11:06:22,V026,97.0,0.9755727140613281
2026-07-23,2026-07-23 11:06:23,V026,97.0,0.975728645786908
2026-07-23,2026-07-23 11:06:24,V026,97.0,0.9761568362913369
2026-07-23,2026-07-23 11:06:25,V026,97.0,0.9761649248210057
2026-07-23,2026-07-23 11:06:26,V026,97.0,0.9762427178551192
2026-07-23,2026-07-23 11:06:27,V026,98.0,0.9933533017499145
2026-07-23,2026-07-23 11:06:28,V026,98.0,0.9745562526823947
2026-07-23,2026-07-23 11:06:29,V026,97.0,1.0026107000750961
2026-07-23,2026-07-23 11:06:30,V026,96.0,0.9972119857134919
2026-07-23,2026-07-23 11:06:31,V026,96.0,1.013939622829796
2026-07-23,2026-07-23 11:06:32,V026,96.0,1.003778654337355
2026-07-23,2026-07-23 11:06:33,V026,95.0,1.009234075466411
2026-07-23,2026-07-23 11:06:34,V026,95.0,1.0222648693162144
2026-07-23,2026-07-23 11:06:35,V026,95.0,0.9755282213323208
2026-07-23,2026-07-23 11:06:36,V026,95.0,0.9972632548001125
2026-07-23,2026-07-23 11:06:37,V026,94.0,0.9948297819870546
2026-07-23,2026-07-23 11:06:38,V026,94.0,1.0000871345959066
2026-07-23,2026-07-23 11:06:39,V026,94.0,0.9956487069659898
2026-07-23,2026-07-23 11:06:40,V026,93.0,0.9961228317914976
2026-07-23,2026-07-23 11:06:41,V026,92.0,0.9925835494974747
2026-07-23,2026-07-23 11:06:42,V026,92.0,0.9892185698780674
2026-07-23,2026-07-23 11:06:43,V026,92.0,0.9857738893810988
2026-07-23,2026-07-23 11:06:44,V026,92.0,1.002874434322629
2026-07-23,2026-07-23 11:06:45,V026,93.0,0.9748575370156842
2026-07-23,2026-07-23 11:06:46,V026,94.0,1.0023478319637087
2026-07-23,2026-07-23 11:06:47,V026,95.0,0.9809465666483452
2026-07-23,2026-07-23 11:06:48,V026,95.0,0.9985690113841016
2026-07-23,2026-07-23 11:06:49,V026,96.0,0.9658425628155284
2026-07-23,2026-07-23 11:06:50,V026,97.0,1.0248330584591228
2026-07-23,2026-07-23 11:06:51,V026,98.0,0.981818897317232
2026-07-23,2026-07-23 11:06:52,V026,99.0,1.0177966472726379
2026-07-23,2026-07-23 11:06:53,V026,100.0,0.9759420507067297
2026-07-23,2026-07-23 11:06:54,V026,100.0,1.0090596338346987
2026-07-23,2026-07-23 11:06:55,V026,101.0,0.9880368397642657
2026-07-23,2026-07-23 11:06:56,V026,102.0,1.0070287670610838
2026-07-23,2026-07-23 11:06:57,V026,103.0,1.0014600308057233
2026-07-23,2026-07-23 11:06:58,V026,104.0,0.9961381659544618
2026-07-23,2026-07-23 11:06:59,V026,105.0,0.9937756520544936
2026-07-23,2026-07-23 11:07:00,V026,106.0,0.975060214644605
2026-07-23,2026-07-23 11:07:01,V026,106.0,1.019842450337984
2026-07-23,2026-07-23 11:07:02,V026,106.0,0.9931326659479857
2026-07-23,2026-07-23 11:07:03,V026,106.0,1.0118570612969282
2026-07-23,2026-07-23 11:07:04,V026,106.0,1.0226647077342557
2026-07-23,2026-07-23 11:07:05,V026,106.0,1.0223968771472491
2026-07-23,2026-07-23 11:07:06,V026,106.0,1.0286146016204927
2026-07-23,2026-07-23 11:07:07,V026,106.0,1.0203426212751503
2026-07-23,2026-07-23 11:07:08,V026,106.0,1.026151527426772
2026-07-23,2026-07-23 11:07:09,V026,106.0,0.9885356366671115
2026-07-23,2026-07-23 11:07:10,V026,105.0,0.9764247309961228
2026-07-23,2026-07-23 11:07:11,V026,106.0,0.9712788395406197
2026-07-23,2026-07-23 11:07:12,V026,106.0,0.9990992407148471
2026-07-23,2026-07-23 11:07:13,V026,106.0,1.054943016284072
2026-07-23,2026-07-23 11:07:14,V026,107.0,0.9860041139322395
2026-07-23,2026-07-23 11:07:15,V026,107.0,0.9766608061583848
2026-07-23,2026-07-23 11:07:16,V026,107.0,0.9767221368305365
2026-07-23,2026-07-23 11:07:17,V026,106.0,0.9781902380344456
2026-07-23,2026-07-23 11:07:18,V026,106.0,0.9883237938656696
2026-07-23,2026-07-23 11:07:19,V026,105.0,0.9821318179406363
2026-07-23,2026-07-23 11:07:20,V026,104.0,0.974221431261596
2026-07-23,2026-07-23 11:07:21,V026,104.0,0.9798463197342536
2026-07-23,2026-07-23 11:07:22,V026,104.0,0.9748496937034257
2026-07-23,2026-07-23 11:07:23,V026,104.0,0.9765664783017726
2026-07-23,2026-07-23 11:07:24,V026,105.0,0.9739311943757238
2026-07-23,2026-07-23 11:07:25,V026,104.0,0.9762632264400195
2026-07-23,2026-07-23 11:07:26,V026,104.0,0.9755616211344195
2026-07-23,2026-07-23 11:07:27,V026,104.0,0.9912362514238121
2026-07-23,2026-07-23 11:07:28,V026,104.0,1.0042686547439863
2026-07-23,2026-07-23 11:07:29,V026,103.0,1.0188910474961097
2026-07-23,2026-07-23 11:07:30,V026,103.0,1.0170267669711048
2026-07-23,2026-07-23 11:07:31,V026,103.0,0.9792646089862018
2026-07-23,2026-07-23 11:07:32,V026,103.0,1.0171849066714398
2026-07-23,2026-07-23 11:07:33,V026,103.0,0.9923736292287277
2026-07-23,2026-07-23 11:07:34,V026,103.0,0.9798767146313461
2026-07-23,2026-07-23 11:07:35,V026,103.0,0.9729479319582798
2026-07-23,2026-07-23 11:07:36,V026,103.0,0.9820970442032841
2026-07-23,2026-07-23 11:07:37,V026,104.0,0.9820007812667914
2026-07-23,2026-07-23 11:07:38,V026,104.0,0.9732421764860382
2026-07-23,2026-07-23 11:07:39,V026,104.0,0.977956260896482
2026-07-23,2026-07-23 11:07:40,V026,104.0,0.9770523519682811
2026-07-23,2026-07-23 11:07:41,V026,104.0,0.9861971798337553
2026-07-23,2026-07-23 11:07:42,V026,104.0,0.9691852338512489
2026-07-23,2026-07-23 11:07:43,V026,104.0,0.9754219001340967
2026-07-23,2026-07-23 11:07:44,V026,103.0,0.9760776860231787
2026-07-23,2026-07-23 11:07:45,V026,103.0,0.9760830796073972
2026-07-23,2026-07-23 11:07:46,V026,103.0,0.973183792020355
2026-07-23,2026-07-23 11:07:47,V026,102.0,0.9748617862704827
2026-07-23,2026-07-23 11:07:48,V026,102.0,0.9782242142815615
2026-07-23,2026-07-23 11:07:49,V026,102.0,0.9759798985666851
2026-07-23,2026-07-23 11:07:50,V026,101.0,0.9867267877521543
2026-07-23,2026-07-23 11:07:51,V026,100.0,0.9933139305876353
2026-07-23,2026-07-23 11:07:52,V026,100.0,0.9771961138123961
2026-07-23,2026-07-23 11:07:53,V026,99.0,0.9775221414175894
2026-07-23,2026-07-23 11:07:54,V026,99.0,0.9769121641528029
2026-07-23,2026-07-23 11:07:55,V026,98.0,0.9763445071501352
2026-07-23,2026-07-23 11:07:56,V026,98.0,0.97792974078897
2026-07-23,2026-07-23 11:07:57,V026,99.0,1.0017922471203995
2026-07-23,2026-07-23 11:07:58,V026,100.0,0.9969110799989451
2026-07-23,2026-07-23 11:07:59,V026,100.0,0.9896777234044617
2026-07-23,2026-07-23 11:08:00,V026,100.0,1.0021845544849357
2026-07-23,2026-07-23 11:08:01,V026,101.0,1.0017763283197305
2026-07-23,2026-07-23 11:08:02,V026,101.0,0.9922428570294857
2026-07-23,2026-07-23 11:08:03,V026,102.0,0.9988879852479132
2026-07-23,2026-07-23 11:08:04,V026,102.0,0.9838046804744848
2026-07-23,2026-07-23 11:08:05,V026,101.0,0.98402928598345
2026-07-23,2026-07-23 11:08:06,V026,100.0,1.0216471581740059
2026-07-23,2026-07-23 11:08:07,V026,99.0,1.0042267516950252
2026-07-23,2026-07-23 11:08:08,V026,98.0,1.0127256459475422
2026-07-23,2026-07-23 11:08:09,V026,97.0,0.9486112525687834
2026-07-23,2026-07-23 11:08:10,V026,96.0,1.0971355305680035
2026-07-23,2026-07-23 11:08:11,V026,95.0,0.9821929841727873
2026-07-23,2026-07-23 11:08:12,V026,95.0,0.9779211566698672
2026-07-23,2026-07-23 11:08:13,V026,94.0,0.997697124506117
2026-07-23,2026-07-23 11:08:14,V026,93.0,0.9783749907337682
2026-07-23,2026-07-23 11:08:15,V026,93.0,0.9748231457564116
2026-07-23,2026-07-23 11:08:16,V026,93.0,0.9782280837222829
2026-07-23,2026-07-23 11:08:17,V026,93.0,0.9810455287014443
2026-07-23,2026-07-23 11:08:18,V026,93.0,0.9782516418449396
2026-07-23,2026-07-23 11:08:19,V026,93.0,0.9785222471437359
2026-07-23,2026-07-23 11:08:20,V026,93.0,0.994509851694731
2026-07-23,2026-07-23 11:08:21,V026,94.0,1.000997345054918
2026-07-23,2026-07-23 11:08:22,V026,94.0,1.0123177354382673
2026-07-23,2026-07-23 11:08:23,V026,94.0,0.967265278534793
2026-07-23,2026-07-23 11:08:24,V026,94.0,1.0989218027181342
2026-07-23,2026-07-23 11:08:25,V026,95.0,0.9855769357706351
2026-07-23,2026-07-23 11:08:26,V026,95.0,0.973123789950603
2026-07-23,2026-07-23 11:08:27,V026,96.0,0.9886997803274514
2026-07-23,2026-07-23 11:08:28,V026,97.0,0.9910411808007288
2026-07-23,2026-07-23 11:08:29,V026,97.0,0.968711423038503
2026-07-23,2026-07-23 11:08:30,V026,97.0,0.9834697769458466
2026-07-23,2026-07-23 11:08:31,V026,98.0,0.9781938134159772
2026-07-23,2026-07-23 11:08:32,V026,99.0,0.9759925856223252
2026-07-23,2026-07-23 11:08:33,V026,99.0,0.9889082798038018
2026-07-23,2026-07-23 11:08:34,V026,99.0,0.975710364018025
2026-07-23,2026-07-23 11:08:35,V026,100.0,0.9784616974532773
2026-07-23,2026-07-23 11:08:36,V026,100.0,0.9773987935838886
2026-07-23,2026-07-23 11:08:37,V026,101.0,0.9779915949290539
2026-07-23,2026-07-23 11:08:38,V026,102.0,0.976445930881548
2026-07-23,2026-07-23 11:08:39,V026,103.0,0.9780654472088048
2026-07-23,2026-07-23 11:08:40,V026,103.0,0.9767124112829904
2026-07-23,2026-07-23 11:08:41,V026,103.0,0.9780269827076896
2026-07-23,2026-07-23 11:08:42,V026,103.0,0.9761500466917284
2026-07-23,2026-07-23 11:08:43,V026,103.0,0.9776189962758189
2026-07-23,2026-07-23 11:08:44,V026,103.0,0.9770593107371789
2026-07-23,2026-07-23 11:08:45,V026,103.0,0.9773708142112629
2026-07-23,2026-07-23 11:08:46,V026,103.0,0.9797572735623529
2026-07-23,2026-07-23 11:08:47,V026,104.0,0.975181161167824
2026-07-23,2026-07-23 11:08:48,V026,105.0,0.9540159170767435
2026-07-23,2026-07-23 11:08:49,V026,105.0,1.0867689619450005
2026-07-23,2026-07-23 11:08:50,V026,105.0,1.0769601521765322
2026-07-23,2026-07-23 11:08:51,V026,104.0,1.062765811097174
2026-07-23,2026-07-23 11:08:52,V026,103.0,1.0807861730774986
2026-07-23,2026-07-23 11:08:53,V026,102.0,1.0318567802935747
2026-07-23,2026-07-23 11:08:54,V026,102.0,1.0175654096313531
2026-07-23,2026-07-23 11:08:55,V026,101.0,1.1336931095249276
2026-07-23,2026-07-23 11:08:56,V026,101.0,1.0599214842277997
2026-07-23,2026-07-23 11:08:57,V026,101.0,0.9410692229102011
2026-07-23,2026-07-23 11:08:58,V026,101.0,1.0959263677849023
2026-07-23,2026-07-23 11:08:59,V026,102.0,0.9759035052243377
2026-07-23,2026-07-23 11:09:00,V026,102.0,1.0003875773441973
2026-07-23,2026-07-23 11:09:01,V026,103.0,1.124515418750257
2026-07-23,2026-07-23 11:09:02,V026,104.0,1.1877974059942205
2026-07-23,2026-07-23 11:09:03,V026,104.0,1.1859180693952949
2026-07-23,2026-07-23 11:09:04,V026,105.0,1.0377557716454222
2026-07-23,2026-07-23 11:09:05,V026,104.0,1.029001746962779
2026-07-23,2026-07-23 11:09:06,V026,104.0,0.9813723046321133
2026-07-23,2026-07-23 11:09:07,V026,103.0,1.0463180418662246
2026-07-23,2026-07-23 11:09:08,V026,103.0,0.9842035735146126
2026-07-23,2026-07-23 11:09:09,V026,103.0,1.030821705600993
2026-07-23,2026-07-23 11:09:10,V026,103.0,1.12697434970567
2026-07-23,2026-07-23 11:09:11,V026,104.0,1.0167337603619888
2026-07-23,2026-07-23 11:09:12,V026,105.0,1.0296188666389954
2026-07-23,2026-07-23 11:09:13,V026,106.0,0.9107422932819166
2026-07-23,2026-07-23 11:09:14,V026,107.0,1.328112915706123
2026-07-23,2026-07-23 11:09:15,V026,108.0,1.2427978594554967
2026-07-23,2026-07-23 11:09:16,V026,109.0,1.01682744046491
2026-07-23,2026-07-23 11:09:17,V026,110.0,0.9970669956450731
2026-07-23,2026-07-23 11:09:18,V026,111.0,1.1239350432042994
2026-07-23,2026-07-23 11:09:19,V026,112.0,1.0671070671152976
2026-07-23,2026-07-23 11:09:20,V026,112.0,1.0344702976390163
2026-07-23,2026-07-23 11:09:21,V026,113.0,1.0075225287568739
2026-07-23,2026-07-23 11:09:22,V026,114.0,1.018821074089338
2026-07-23,2026-07-23 11:09:23,V026,114.0,0.992289145552328
2026-07-23,2026-07-23 11:09:24,V026,115.0,1.0301623719866049
2026-07-23,2026-07-23 11:09:25,V026,115.0,1.0892263635753836
2026-07-23,2026-07-23 11:09:26,V026,117.0,1.0342301662413174
2026-07-23,2026-07-23 11:09:27,V026,117.0,1.0995021657887174
2026-07-23,2026-07-23 11:09:28,V026,117.0,0.9740212067728136
2026-07-23,2026-07-23 11:09:29,V026,117.0,0.9548669840953322
2026-07-23,2026-07-23 11:09:30,V026,117.0,1.2049783505825036
2026-07-23,2026-07-23 11:09:31,V026,117.0,1.0793746455133633
2026-07-23,2026-07-23 11:09:32,V026,117.0,1.2396753314020164
2026-07-23,2026-07-23 11:09:33,V026,117.0,1.0057543061403351
2026-07-23,2026-07-23 11:09:34,V026,117.0,0.9996050033369064
2026-07-23,2026-07-23 11:09:35,V026,117.0,0.9972439762134742
2026-07-23,2026-07-23 11:09:36,V026,117.0,1.0005714531953442
2026-07-23,2026-07-23 11:09:37,V026,117.0,1.0049465232450698
2026-07-23,2026-07-23 11:09:38,V026,117.0,1.0287935151361383
2026-07-23,2026-07-23 11:09:39,V026,117.0,1.0313435465813074
2026-07-23,2026-07-23 11:09:40,V026,116.0,0.9834801867848948
2026-07-23,2026-07-23 11:09:41,V026,116.0,0.9753405355742129
2026-07-23,2026-07-23 11:09:42,V026,114.0,0.9755727297237754
2026-07-23,2026-07-23 11:09:43,V026,114.0,0.974814342095112
2026-07-23,2026-07-23 11:09:44,V026,114.0,0.9757851911742806
2026-07-23,2026-07-23 11:09:45,V026,113.0,0.9752230838816613
2026-07-23,2026-07-23 11:09:46,V026,112.0,0.9754677731727157
2026-07-23,2026-07-23 11:09:47,V026,112.0,0.9756028907850114
2026-07-23,2026-07-23 11:09:48,V026,112.0,0.9745591198436283
2026-07-23,2026-07-23 11:09:49,V026,112.0,0.9761557667690308
2026-07-23,2026-07-23 11:09:50,V026,112.0,0.9747902982338156
2026-07-23,2026-07-23 11:09:51,V026,112.0,0.9931185678364743
2026-07-23,2026-07-23 11:09:52,V026,112.0,0.9807955832545137
2026-07-23,2026-07-23 11:09:53,V026,112.0,0.9989602330587228
2026-07-23,2026-07-23 11:09:54,V026,112.0,1.0023639618786213
2026-07-23,2026-07-23 11:09:55,V026,112.0,1.0206466068609101
2026-07-23,2026-07-23 11:09:56,V026,112.0,0.9522543917549896
2026-07-23,2026-07-23 11:09:57,V026,112.0,1.0986389760658049
2026-07-23,2026-07-23 11:09:58,V026,112.0,0.9930489714619855
2026-07-23,2026-07-23 11:09:59,V026,112.0,0.9734422274584081
2026-07-23,2026-07-23 11:10:00,V026,112.0,0.9800092148421947
2026-07-23,2026-07-23 11:10:01,V026,113.0,0.9825923418806626
2026-07-23,2026-07-23 11:10:02,V026,113.0,0.9746503093327714
2026-07-23,2026-07-23 11:10:03,V026,113.0,0.975520209850654
2026-07-23,2026-07-23 11:10:04,V026,113.0,0.9758324914041369
2026-07-23,2026-07-23 11:10:05,V026,114.0,0.977224363709957
2026-07-23,2026-07-23 11:10:06,V026,114.0,0.9751271156693406
2026-07-23,2026-07-23 11:10:07,V026,114.0,0.978221677011479
2026-07-23,2026-07-23 11:10:08,V026,114.0,0.9776352217702101
2026-07-23,2026-07-23 11:10:09,V026,115.0,0.9757294218510186
2026-07-23,2026-07-23 11:10:10,V026,115.0,0.9765541419920087
2026-07-23,2026-07-23 11:10:11,V026,115.0,0.9782445321720886
2026-07-23,2026-07-23 11:10:12,V026,115.0,0.9831156929413104
2026-07-23,2026-07-23 11:10:13,V026,116.0,0.9828151629463847
2026-07-23,2026-07-23 11:10:14,V026,116.0,0.9783522957068534
2026-07-23,2026-07-23 11:10:15,V026,116.0,0.9936720466874239
2026-07-23,2026-07-23 11:10:16,V026,116.0,0.9811392790320063
2026-07-23,2026-07-23 11:10:17,V026,116.0,0.9831166258053871
2026-07-23,2026-07-23 11:10:18,V026,115.0,0.9815619243794047
2026-07-23,2026-07-23 11:10:19,V026,115.0,0.9758788833135124
2026-07-23,2026-07-23 11:10:20,V026,113.0,0.9679614164025666
2026-07-23,2026-07-23 11:10:21,V026,113.0,0.9997648880532697
2026-07-23,2026-07-23 11:10:22,V026,113.0,0.984211183348929
2026-07-23,2026-07-23 11:10:23,V026,111.0,1.074362807052242
2026-07-23,2026-07-23 11:10:24,V026,111.0,0.9308712854741813
2026-07-23,2026-07-23 11:10:25,V026,110.0,0.9947778901579688
2026-07-23,2026-07-23 11:10:26,V026,109.0,0.9894556715811218
2026-07-23,2026-07-23 11:10:27,V026,109.0,1.014226135706604
2026-07-23,2026-07-23 11:10:28,V026,108.0,1.0125068895908274
2026-07-23,2026-07-23 11:10:29,V026,108.0,0.9769124611166341
2026-07-23,2026-07-23 11:10:30,V026,107.0,0.9888218151601307
2026-07-23,2026-07-23 11:10:31,V026,107.0,1.0381264900570488
2026-07-23,2026-07-23 11:10:32,V026,107.0,0.9973634923872398
2026-07-23,2026-07-23 11:10:33,V026,106.0,1.021444910823955
2026-07-23,2026-07-23 11:10:34,V026,105.0,0.9725418976644739
2026-07-23,2026-07-23 11:10:35,V026,105.0,1.0230972095534336
2026-07-23,2026-07-23 11:10:36,V026,104.0,1.0316618250005778
2026-07-23,2026-07-23 11:10:37,V026,103.0,0.9854646537987647
2026-07-23,2026-07-23 11:10:38,V026,102.0,1.0444786605847065
2026-07-23,2026-07-23 11:10:39,V026,102.0,0.9753974659267706
2026-07-23,2026-07-23 11:10:40,V026,102.0,1.0299214595899298
2026-07-23,2026-07-23 11:10:41,V026,101.0,1.100330224035084
2026-07-23,2026-07-23 11:10:42,V026,100.0,1.0488525032052984
2026-07-23,2026-07-23 11:10:43,V026,99.0,1.0429624597786105
2026-07-23,2026-07-23 11:10:44,V026,99.0,1.0605127918776442
2026-07-23,2026-07-23 11:10:45,V026,99.0,1.078338389290967
2026-07-23,2026-07-23 11:10:46,V026,98.0,0.9771827468253751
2026-07-23,2026-07-23 11:10:47,V026,98.0,0.9754934460785867
2026-07-23,2026-07-23 11:10:48,V026,98.0,0.9769302111788248
2026-07-23,2026-07-23 11:10:49,V026,98.0,0.9769226696852803
2026-07-23,2026-07-23 11:10:50,V026,98.0,0.9761594808568187
2026-07-23,2026-07-23 11:10:51,V026,98.0,0.9787760061923586
2026-07-23,2026-07-23 11:10:52,V026,98.0,0.9718628582383378
2026-07-23,2026-07-23 11:10:53,V026,99.0,0.9783345309884113
2026-07-23,2026-07-23 11:10:54,V026,99.0,0.976403010560797
2026-07-23,2026-07-23 11:10:55,V026,99.0,0.977353704708265
2026-07-23,2026-07-23 11:10:56,V026,99.0,0.977217807661
2026-07-23,2026-07-23 11:10:57,V026,100.0,0.9785720470029231
2026-07-23,2026-07-23 11:10:58,V026,100.0,0.9745451604497147
2026-07-23,2026-07-23 11:10:59,V026,100.0,0.9754007439018908
2026-07-23,2026-07-23 11:11:00,V026,101.0,0.9758362757471103
2026-07-23,2026-07-23 11:11:01,V026,102.0,0.9755848165873157
2026-07-23,2026-07-23 11:11:02,V026,103.0,0.9769985515552593
2026-07-23,2026-07-23 11:11:03,V026,104.0,0.975559968867062
2026-07-23,2026-07-23 11:11:04,V026,105.0,0.9749655558683686
2026-07-23,2026-07-23 11:11:05,V026,105.0,0.9780528052514171
2026-07-23,2026-07-23 11:11:06,V026,106.0,0.972552751775928
2026-07-23,2026-07-23 11:11:07,V026,105.0,0.9771980950084318
2026-07-23,2026-07-23 11:11:08,V026,105.0,0.9735133717790259
2026-07-23,2026-07-23 11:11:09,V026,105.0,0.9750085253187916
2026-07-23,2026-07-23 11:11:10,V026,104.0,0.9760558753058807
2026-07-23,2026-07-23 11:11:11,V026,104.0,0.9744721202994776
2026-07-23,2026-07-23 11:11:12,V026,104.0,0.9746469228364982
2026-07-23,2026-07-23 11:11:13,V026,105.0,0.9757231087202092
2026-07-23,2026-07-23 11:11:14,V026,105.0,0.9771643394309455
2026-07-23,2026-07-23 11:11:15,V026,105.0,0.9187721119077674
2026-07-23,2026-07-23 11:11:16,V026,105.0,1.2376713249710942
2026-07-23,2026-07-23 11:11:17,V026,105.0,0.8618028189137616
2026-07-23,2026-07-23 11:11:18,V026,105.0,1.0372201336957116
2026-07-23,2026-07-23 11:11:19,V026,105.0,1.0097988834454434
2026-07-23,2026-07-23 11:11:20,V026,105.0,1.0076973282894937
2026-07-23,2026-07-23 11:11:21,V026,105.0,1.0531627038049756
2026-07-23,2026-07-23 11:11:22,V026,105.0,1.0722799768041529
2026-07-23,2026-07-23 11:11:23,V026,105.0,1.0437676663231439
2026-07-23,2026-07-23 11:11:24,V026,105.0,1.1408600288367605
2026-07-23,2026-07-23 11:11:25,V026,106.0,1.0265492932885316
2026-07-23,2026-07-23 11:11:26,V026,106.0,1.0221403551931592
2026-07-23,2026-07-23 11:11:27,V026,106.0,1.0161416576423636
2026-07-23,2026-07-23 11:11:28,V026,106.0,1.0464606613807783
2026-07-23,2026-07-23 11:11:29,V026,106.0,1.066603083141376
2026-07-23,2026-07-23 11:11:30,V026,105.0,0.9996007513284004
2026-07-23,2026-07-23 11:11:31,V026,105.0,1.0802030836437782
2026-07-23,2026-07-23 11:11:32,V026,104.0,1.0562381038158324
2026-07-23,2026-07-23 11:11:33,V026,103.0,0.9892609110635487
2026-07-23,2026-07-23 11:11:34,V026,103.0,1.0677314636991595
2026-07-23,2026-07-23 11:11:35,V026,102.0,1.1234996043664953
2026-07-23,2026-07-23 11:11:36,V026,101.0,0.99559820454434
2026-07-23,2026-07-23 11:11:37,V026,101.0,0.9265918889191028
2026-07-23,2026-07-23 11:11:38,V026,102.0,1.297891171698936
2026-07-23,2026-07-23 11:11:39,V026,102.0,1.017655393973394
2026-07-23,2026-07-23 11:11:40,V026,103.0,1.0211170905928304
2026-07-23,2026-07-23 11:11:41,V026,103.0,1.0013763941093428
2026-07-23,2026-07-23 11:11:42,V026,104.0,0.9844700155861706
2026-07-23,2026-07-23 11:11:43,V026,105.0,0.9934355245670773
2026-07-23,2026-07-23 11:11:44,V026,105.0,1.091942771959864
2026-07-23,2026-07-23 11:11:45,V026,106.0,1.0480736008978155
2026-07-23,2026-07-23 11:11:46,V026,106.0,1.0257021419097077
2026-07-23,2026-07-23 11:11:47,V026,107.0,1.0185172587921478
2026-07-23,2026-07-23 11:11:48,V026,110.0,1.1747005496763523
2026-07-23,2026-07-23 11:11:49,V026,111.0,0.98035814767511
2026-07-23,2026-07-23 11:11:50,V026,111.0,1.0261342981218835
2026-07-23,2026-07-23 11:11:51,V026,112.0,1.0251762475590922
2026-07-23,2026-07-23 11:11:52,V026,113.0,0.9805798690760079
2026-07-23,2026-07-23 11:11:53,V026,114.0,1.0361207247943656
2026-07-23,2026-07-23 11:11:54,V026,115.0,0.9799745419085062
2026-07-23,2026-07-23 11:11:55,V026,116.0,0.9820831980870546
2026-07-23,2026-07-23 11:11:56,V026,116.0,0.9957644410323389
2026-07-23,2026-07-23 11:11:57,V026,117.0,1.0894517759054079
2026-07-23,2026-07-23 11:11:58,V026,117.0,1.0134668851525728
2026-07-23,2026-07-23 11:11:59,V026,117.0,1.0462779061428429
2026-07-23,2026-07-23 11:12:00,V026,118.0,0.9820207097583642
2026-07-23,2026-07-23 11:12:01,V026,118.0,1.070575921252727
2026-07-23,2026-07-23 11:12:02,V026,118.0,0.9442861279031368
2026-07-23,2026-07-23 11:12:03,V026,118.0,1.0115826990452668
2026-07-23,2026-07-23 11:12:04,V026,118.0,1.0463360906149108
2026-07-23,2026-07-23 11:12:05,V026,118.0,1.0466025283656821
2026-07-23,2026-07-23 11:12:06,V026,118.0,1.0070928637706003
2026-07-23,2026-07-23 11:12:07,V026,118.0,1.02023890659629
2026-07-23,2026-07-23 11:12:08,V026,118.0,0.9830043313574216
2026-07-23,2026-07-23 11:12:09,V026,117.0,1.0283957398955634
2026-07-23,2026-07-23 11:12:10,V026,117.0,1.0235735547057097
2026-07-23,2026-07-23 11:12:11,V026,117.0,0.9940165000904674
2026-07-23,2026-07-23 11:12:12,V026,116.0,1.0107691926526736
2026-07-23,2026-07-23 11:12:13,V026,116.0,1.0105776353256894
2026-07-23,2026-07-23 11:12:14,V026,115.0,1.001584518730509
2026-07-23,2026-07-23 11:12:15,V026,115.0,1.0215327822711682
2026-07-23,2026-07-23 11:12:16,V026,115.0,1.013692191845143
2026-07-23,2026-07-23 11:12:17,V026,114.0,0.9736324359177427
2026-07-23,2026-07-23 11:12:18,V026,114.0,1.0803600109479436
2026-07-23,2026-07-23 11:12:19,V026,114.0,1.0008915110232257
2026-07-23,2026-07-23 11:12:20,V026,113.0,0.9876817306915643
2026-07-23,2026-07-23 11:12:21,V026,113.0,0.999940155663463
2026-07-23,2026-07-23 11:12:22,V026,113.0,0.9930379755047231
2026-07-23,2026-07-23 11:12:23,V026,113.0,1.030472385430088
2026-07-23,2026-07-23 11:12:24,V026,113.0,1.0002431775472667
2026-07-23,2026-07-23 11:12:25,V026,113.0,0.9819809271493124
2026-07-23,2026-07-23 11:12:26,V026,114.0,1.0155689844376876
2026-07-23,2026-07-23 11:12:27,V026,114.0,1.0129867175419942
2026-07-23,2026-07-23 11:12:28,V026,114.0,1.0048227880585456
2026-07-23,2026-07-23 11:12:29,V026,114.0,1.0142230556240504
2026-07-23,2026-07-23 11:12:30,V026,115.0,1.0789199918597738
2026-07-23,2026-07-23 11:12:31,V026,114.0,0.9609453092698086
2026-07-23,2026-07-23 11:12:32,V026,114.0,0.9740256538418374
2026-07-23,2026-07-23 11:12:33,V026,114.0,0.9913357002818652
2026-07-23,2026-07-23 11:12:34,V026,114.0,0.9869227492190229
2026-07-23,2026-07-23 11:12:35,V026,113.0,0.9781738864647994
2026-07-23,2026-07-23 11:12:36,V026,112.0,1.00560096534103
2026-07-23,2026-07-23 11:12:37,V026,111.0,1.016409656070889
2026-07-23,2026-07-23 11:12:38,V026,109.0,1.0205245948112727
2026-07-23,2026-07-23 11:12:39,V026,108.0,1.0184317698892882
2026-07-23,2026-07-23 11:12:40,V026,108.0,1.0117444035320984
2026-07-23,2026-07-23 11:12:41,V026,107.0,0.9608409936390676
2026-07-23,2026-07-23 11:12:42,V026,104.0,1.0738406229234754
2026-07-23,2026-07-23 11:12:43,V026,103.0,0.9781122196284545
2026-07-23,2026-07-23 11:12:44,V026,103.0,0.9839651483000309
2026-07-23,2026-07-23 11:12:45,V026,102.0,0.9765741749771132
2026-07-23,2026-07-23 11:12:46,V026,101.0,0.9982800609228142
2026-07-23,2026-07-23 11:12:47,V026,102.0,0.9761116467195885
2026-07-23,2026-07-23 11:12:48,V026,102.0,0.9777169019534029
2026-07-23,2026-07-23 11:12:49,V026,103.0,0.9759137370793718
2026-07-23,2026-07-23 11:12:50,V026,104.0,0.9768550417309869
2026-07-23,2026-07-23 11:12:51,V026,105.0,0.9777542487965604
2026-07-23,2026-07-23 11:12:52,V026,105.0,0.9760588670951588
2026-07-23,2026-07-23 11:12:53,V026,106.0,0.9765805493600166
2026-07-23,2026-07-23 11:12:54,V026,107.0,0.9769267832949585
2026-07-23,2026-07-23 11:12:55,V026,107.0,0.9754626813388134
2026-07-23,2026-07-23 11:12:56,V026,107.0,0.9757489701439
2026-07-23,2026-07-23 11:12:57,V026,108.0,0.9761823134755991
2026-07-23,2026-07-23 11:12:58,V026,108.0,0.9767945105856743
2026-07-23,2026-07-23 11:12:59,V026,109.0,0.976388091783603
2026-07-23,2026-07-23 11:13:00,V026,109.0,0.9751892261229129
2026-07-23,2026-07-23 11:13:01,V026,109.0,0.9775672986301553
2026-07-23,2026-07-23 11:13:02,V026,109.0,0.9766078872912284
2026-07-23,2026-07-23 11:13:03,V026,109.0,0.9764911726107962
2026-07-23,2026-07-23 11:13:04,V026,109.0,0.976264235846625
2026-07-23,2026-07-23 11:13:05,V026,109.0,0.9764198652704025
2026-07-23,2026-07-23 11:13:06,V026,109.0,0.976721071129905
2026-07-23,2026-07-23 11:13:07,V026,110.0,0.976444879673507
2026-07-23,2026-07-23 11:13:08,V026,110.0,0.9771767277242076
2026-07-23,2026-07-23 11:13:09,V026,110.0,0.9762805242039643
2026-07-23,2026-07-23 11:13:10,V026,110.0,0.9755323260017968
2026-07-23,2026-07-23 11:13:11,V026,110.0,0.9772954758741416
2026-07-23,2026-07-23 11:13:12,V026,110.0,0.9768878680986257
2026-07-23,2026-07-23 11:13:13,V026,111.0,0.9758997101897602
2026-07-23,2026-07-23 11:13:14,V026,111.0,0.9763780727704864
2026-07-23,2026-07-23 11:13:15,V026,111.0,0.9794251540565724
2026-07-23,2026-07-23 11:13:16,V026,111.0,0.979962780723288
2026-07-23,2026-07-23 11:13:17,V026,111.0,0.9742323869745233
2026-07-23,2026-07-23 11:13:18,V026,111.0,1.054137190763405
2026-07-23,2026-07-23 11:13:19,V026,111.0,0.9572633578134951
2026-07-23,2026-07-23 11:13:20,V026,111.0,1.0254995771568567
2026-07-23,2026-07-23 11:13:21,V026,111.0,1.00276991377041
2026-07-23,2026-07-23 11:13:22,V026,110.0,0.9790687010555038
2026-07-23,2026-07-23 11:13:23,V026,110.0,0.9767288834098508
2026-07-23,2026-07-23 11:13:24,V026,109.0,0.9760303770679896
2026-07-23,2026-07-23 11:13:25,V026,108.0,0.9773561289556967
2026-07-23,2026-07-23 11:13:26,V026,107.0,0.9765533221088863
2026-07-23,2026-07-23 11:13:27,V026,105.0,0.977309527447983
2026-07-23,2026-07-23 11:13:28,V026,104.0,0.9764059777296614
2026-07-23,2026-07-23 11:13:29,V026,103.0,0.9772048950808211
2026-07-23,2026-07-23 11:13:30,V026,103.0,0.976075080178774
2026-07-23,2026-07-23 11:13:31,V026,103.0,0.9889632641997772
2026-07-23,2026-07-23 11:13:32,V026,104.0,0.99968794012765
2026-07-23,2026-07-23 11:13:33,V026,105.0,0.9982244326201025
2026-07-23,2026-07-23 11:13:34,V026,105.0,1.042716583170043
2026-07-23,2026-07-23 11:13:35,V026,105.0,1.009498755914477
2026-07-23,2026-07-23 11:13:36,V026,106.0,1.0170250348098702
2026-07-23,2026-07-23 11:13:37,V026,106.0,1.0205087874143148
2026-07-23,2026-07-23 11:13:38,V026,106.0,1.033280405564052
2026-07-23,2026-07-23 11:13:39,V026,105.0,0.9798564759080403
2026-07-23,2026-07-23 11:13:40,V026,105.0,1.0338053192433105
2026-07-23,2026-07-23 11:13:41,V026,104.0,0.9805229479975034
2026-07-23,2026-07-23 11:13:42,V026,104.0,1.0066110489150257
2026-07-23,2026-07-23 11:13:43,V026,104.0,0.9774618548423143
2026-07-23,2026-07-23 11:13:44,V026,103.0,0.9767047739041945
2026-07-23,2026-07-23 11:13:45,V026,103.0,0.9773958378246257
2026-07-23,2026-07-23 11:13:46,V026,103.0,0.9766288786576127
2026-07-23,2026-07-23 11:13:47,V026,103.0,0.9759844695104389
2026-07-23,2026-07-23 11:13:48,V026,103.0,0.9770883027502284
2026-07-23,2026-07-23 11:13:49,V026,102.0,0.9755068165415421
2026-07-23,2026-07-23 11:13:50,V026,101.0,0.9762424476409781
2026-07-23,2026-07-23 11:13:51,V026,101.0,0.9760676400329836
2026-07-23,2026-07-23 11:13:52,V026,100.0,0.9768938989686211
2026-07-23,2026-07-23 11:13:53,V026,100.0,0.976886755981641
2026-07-23,2026-07-23 11:13:54,V026,101.0,0.9746042561299166
2026-07-23,2026-07-23 11:13:55,V026,101.0,0.9757873245149458
2026-07-23,2026-07-23 11:13:56,V026,102.0,0.9761553569530714
2026-07-23,2026-07-23 11:13:57,V026,102.0,0.9751569228527369
2026-07-23,2026-07-23 11:13:58,V026,102.0,0.9777454202837119
2026-07-23,2026-07-23 11:13:59,V026,101.0,0.9768363901790523
2026-07-23,2026-07-23 11:14:00,V026,101.0,0.977306894914461
2026-07-23,2026-07-23 11:14:01,V026,101.0,0.9737900491209729
2026-07-23,2026-07-23 11:14:02,V026,101.0,1.0159627982324033
2026-07-23,2026-07-23 11:14:03,V026,101.0,1.048504544724521
2026-07-23,2026-07-23 11:14:04,V026,101.0,1.0733661813612696
2026-07-23,2026-07-23 11:14:05,V026,101.0,1.2956467461077819
2026-07-23,2026-07-23 11:14:06,V026,100.0,1.1562933588884967
2026-07-23,2026-07-23 11:14:07,V026,100.0,1.0192030529598917
2026-07-23,2026-07-23 11:14:08,V026,100.0,1.0948815269243917
2026-07-23,2026-07-23 11:14:09,V026,100.0,1.1371714981489272
2026-07-23,2026-07-23 11:14:10,V026,100.0,1.098132336476755
2026-07-23,2026-07-23 11:14:11,V026,100.0,1.2010352380177998
2026-07-23,2026-07-23 11:14:12,V026,100.0,0.9429805777502441
2026-07-23,2026-07-23 11:14:13,V026,101.0,1.058763836421459
2026-07-23,2026-07-23 11:14:14,V026,102.0,1.05600565055969
2026-07-23,2026-07-23 11:14:15,V026,103.0,0.9985852306885338
2026-07-23,2026-07-23 11:14:16,V026,104.0,1.0988133122020312
2026-07-23,2026-07-23 11:14:17,V026,105.0,0.9845855539727856
2026-07-23,2026-07-23 11:14:18,V026,106.0,1.0458650140980381
2026-07-23,2026-07-23 11:14:19,V026,105.0,1.0016571590934868
2026-07-23,2026-07-23 11:14:20,V026,104.0,1.0655403965162802
2026-07-23,2026-07-23 11:14:21,V026,104.0,1.0353549512865523
2026-07-23,2026-07-23 11:14:22,V026,103.0,0.9849232026122722
2026-07-23,2026-07-23 11:14:23,V026,102.0,1.0177369173470658
2026-07-23,2026-07-23 11:14:24,V026,102.0,1.0898922828536712
2026-07-23,2026-07-23 11:14:25,V026,102.0,0.9769272154889167
2026-07-23,2026-07-23 11:14:26,V026,102.0,1.2050609331856554
2026-07-23,2026-07-23 11:14:27,V026,102.0,0.9155882468282044
2026-07-23,2026-07-23 11:14:28,V026,102.0,0.9781932904353761
2026-07-23,2026-07-23 11:14:29,V026,103.0,1.0879975147647596
2026-07-23,2026-07-23 11:14:30,V026,104.0,0.8796460710974366
2026-07-23,2026-07-23 11:14:31,V026,105.0,1.1122249052982276
2026-07-23,2026-07-23 11:14:32,V026,106.0,1.052318425382777
2026-07-23,2026-07-23 11:14:33,V026,107.0,1.028812361194281
2026-07-23,2026-07-23 11:14:34,V026,108.0,0.9993699677167607
2026-07-23,2026-07-23 11:14:35,V026,110.0,1.0298166196364555
2026-07-23,2026-07-23 11:14:36,V026,111.0,1.0140565385075249
2026-07-23,2026-07-23 11:14:37,V026,112.0,0.9852812069367477
2026-07-23,2026-07-23 11:14:38,V026,113.0,0.9994286119010239
2026-07-23,2026-07-23 11:14:39,V026,113.0,1.0388477320618372
2026-07-23,2026-07-23 11:14:40,V026,114.0,0.9819371783205729
2026-07-23,2026-07-23 11:14:41,V026,114.0,1.0805819391114238
2026-07-23,2026-07-23 11:14:42,V026,114.0,0.9860417288425707
2026-07-23,2026-07-23 11:14:43,V026,114.0,1.035883635732753
2026-07-23,2026-07-23 11:14:44,V026,114.0,0.9844956794627385
2026-07-23,2026-07-23 11:14:45,V026,114.0,1.0457716020399774
2026-07-23,2026-07-23 11:14:46,V026,114.0,1.0125802002706932
2026-07-23,2026-07-23 11:14:47,V026,114.0,1.0077266304467603
2026-07-23,2026-07-23 11:14:48,V026,114.0,1.1307175453045506
2026-07-23,2026-07-23 11:14:49,V026,114.0,1.079259799579884
2026-07-23,2026-07-23 11:14:50,V026,114.0,1.008465188840913
2026-07-23,2026-07-23 11:14:51,V026,114.0,1.0588653354358086
2026-07-23,2026-07-23 11:14:52,V026,114.0,1.0423293064735997
2026-07-23,2026-07-23 11:14:53,V026,114.0,1.052179075914947
2026-07-23,2026-07-23 11:14:54,V026,114.0,0.9828485262859762
2026-07-23,2026-07-23 11:14:55,V026,114.0,1.1164052341384785
2026-07-23,2026-07-23 11:14:56,V026,114.0,1.0580675153258405
2026-07-23,2026-07-23 11:14:57,V026,114.0,1.0304473660490867
2026-07-23,2026-07-23 11:14:58,V026,114.0,1.0002739541167343
2026-07-23,2026-07-23 11:14:59,V026,115.0,1.027352763052835
2026-07-23,2026-07-23 11:15:00,V026,115.0,0.9925584554383975
2026-07-23,2026-07-23 11:15:01,V026,116.0,1.150498915393145
2026-07-23,2026-07-23 11:15:02,V026,116.0,1.0118858726743674
2026-07-23,2026-07-23 11:15:03,V026,116.0,1.0333328123039993
2026-07-23,2026-07-23 11:15:04,V026,115.0,1.2142256099565119
2026-07-23,2026-07-23 11:15:05,V026,115.0,1.1228147505982795
2026-07-23,2026-07-23 11:15:06,V026,115.0,1.0572089103848665
2026-07-23,2026-07-23 11:15:07,V026,115.0,0.9772078844954816
2026-07-23,2026-07-23 11:15:08,V026,115.0,1.1580101250351282
2026-07-23,2026-07-23 11:15:09,V026,116.0,0.9657906788546076
2026-07-23,2026-07-23 11:15:10,V026,117.0,1.011229191824874
2026-07-23,2026-07-23 11:15:11,V026,118.0,1.0924498576238855
2026-07-23,2026-07-23 11:15:12,V026,118.0,1.1026536839678642
2026-07-23,2026-07-23 11:15:13,V026,119.0,1.0372169241916425
2026-07-23,2026-07-23 11:15:14,V026,120.0,1.0054136326176746
2026-07-23,2026-07-23 11:15:15,V026,121.0,1.0094350064334063
2026-07-23,2026-07-23 11:15:16,V026,122.0,1.0230497797930538
2026-07-23,2026-07-23 11:15:17,V026,122.0,0.9922160797649326
2026-07-23,2026-07-23 11:15:18,V026,123.0,1.0865380721678164
2026-07-23,2026-07-23 11:15:19,V026,123.0,1.0172487585770091
2026-07-23,2026-07-23 11:15:20,V026,123.0,0.9897732428454193
2026-07-23,2026-07-23 11:15:21,V026,123.0,0.9904592006905721
2026-07-23,2026-07-23 11:15:22,V026,122.0,0.9833967994120508
2026-07-23,2026-07-23 11:15:23,V026,121.0,0.9838597033684219
2026-07-23,2026-07-23 11:15:24,V026,121.0,0.9803347915415825
2026-07-23,2026-07-23 11:15:25,V026,120.0,0.980263315720264
2026-07-23,2026-07-23 11:15:26,V026,120.0,0.9783823344301412
2026-07-23,2026-07-23 11:15:27,V026,120.0,0.9410589951149961
2026-07-23,2026-07-23 11:15:28,V026,119.0,1.0284969553826024
2026-07-23,2026-07-23 11:15:29,V026,119.0,1.0209633662700812
2026-07-23,2026-07-23 11:15:30,V026,119.0,1.0544440256137357
2026-07-23,2026-07-23 11:15:31,V026,118.0,1.1147780395920148
2026-07-23,2026-07-23 11:15:32,V026,117.0,1.0372484619212283
2026-07-23,2026-07-23 11:15:33,V026,117.0,1.0087544351751039
2026-07-23,2026-07-23 11:15:34,V026,117.0,0.9868713203061167
2026-07-23,2026-07-23 11:15:35,V026,117.0,0.9861133612139668
2026-07-23,2026-07-23 11:15:36,V026,117.0,0.9842260240661965
2026-07-23,2026-07-23 11:15:37,V026,118.0,0.984893610615292
2026-07-23,2026-07-23 11:15:38,V026,119.0,0.9838642259211758
2026-07-23,2026-07-23 11:15:39,V026,119.0,0.9838394173917182
2026-07-23,2026-07-23 11:15:40,V026,119.0,0.9845489298361975
2026-07-23,2026-07-23 11:15:41,V026,119.0,0.9843610731012477
2026-07-23,2026-07-23 11:15:42,V026,119.0,0.9839021338778497
2026-07-23,2026-07-23 11:15:43,V026,118.0,0.983577867068652
2026-07-23,2026-07-23 11:15:44,V026,118.0,0.9824653485670329
2026-07-23,2026-07-23 11:15:45,V026,117.0,0.9914575498385146
2026-07-23,2026-07-23 11:15:46,V026,115.0,0.9834774512926212
2026-07-23,2026-07-23 11:15:47,V026,114.0,1.000578398306501
2026-07-23,2026-07-23 11:15:48,V026,113.0,0.995994343349606
2026-07-23,2026-07-23 11:15:49,V026,111.0,0.9845003576495523
2026-07-23,2026-07-23 11:15:50,V026,109.0,0.9824069366763614
2026-07-23,2026-07-23 11:15:51,V026,107.0,0.9893870515627086
2026-07-23,2026-07-23 11:15:52,V026,105.0,0.9855619208637371
2026-07-23,2026-07-23 11:15:53,V026,103.0,0.9953343087845393
2026-07-23,2026-07-23 11:15:54,V026,100.0,1.0401583280410993
2026-07-23,2026-07-23 11:15:55,V026,99.0,1.0624394867187659
2026-07-23,2026-07-23 11:15:56,V026,99.0,0.9712470380851306
2026-07-23,2026-07-23 11:15:57,V026,98.0,1.0004879327904301
2026-07-23,2026-07-23 11:15:58,V026,97.0,0.9958272829572249
2026-07-23,2026-07-23 11:15:59,V026,97.0,0.9960543825010841
2026-07-23,2026-07-23 11:16:00,V026,97.0,0.996737594920714
2026-07-23,2026-07-23 11:16:01,V026,97.0,0.997167596349672
2026-07-23,2026-07-23 11:16:02,V026,97.0,0.9960826699147753
2026-07-23,2026-07-23 11:16:03,V026,97.0,0.9964084078061864
2026-07-23,2026-07-23 11:16:04,V026,96.0,0.997191899633907
2026-07-23,2026-07-23 11:16:05,V026,96.0,0.9971970096596853
2026-07-23,2026-07-23 11:16:06,V026,96.0,0.9958902205308306
2026-07-23,2026-07-23 11:16:07,V026,97.0,0.9968954169251706
2026-07-23,2026-07-23 11:16:08,V026,97.0,0.9960104066247336
2026-07-23,2026-07-23 11:16:09,V026,98.0,0.9966475138520574
2026-07-23,2026-07-23 11:16:10,V026,99.0,1.0004259423201647
2026-07-23,2026-07-23 11:16:11,V026,99.0,0.9960607174604522
2026-07-23,2026-07-23 11:16:12,V026,100.0,0.9970071060474179
2026-07-23,2026-07-23 11:16:13,V026,100.0,0.9977606798734064
2026-07-23,2026-07-23 11:16:14,V026,100.0,0.9985343388485405
2026-07-23,2026-07-23 11:16:15,V026,99.0,0.9967505379033151
2026-07-23,2026-07-23 11:16:16,V026,99.0,0.9984270253822509
2026-07-23,2026-07-23 11:16:17,V026,98.0,1.0010952043717989
2026-07-23,2026-07-23 11:16:18,V026,98.0,0.9979253840141284
2026-07-23,2026-07-23 11:16:19,V026,97.0,1.0017960113964954
2026-07-23,2026-07-23 11:16:20,V026,97.0,0.9754260227809791
2026-07-23,2026-07-23 11:16:21,V026,97.0,1.0272494856830015
2026-07-23,2026-07-23 11:16:22,V026,97.0,0.9673515248197543
2026-07-23,2026-07-23 11:16:23,V026,97.0,1.059894254774868
2026-07-23,2026-07-23 11:16:24,V026,97.0,1.1375489331108317
2026-07-23,2026-07-23 11:16:25,V026,97.0,0.9155766911601123
2026-07-23,2026-07-23 11:16:26,V026,98.0,1.006222958265666
2026-07-23,2026-07-23 11:16:27,V026,98.0,1.0228712649291862
2026-07-23,2026-07-23 11:16:28,V026,98.0,1.0388336292365814
2026-07-23,2026-07-23 11:16:29,V026,98.0,1.015280402545069
2026-07-23,2026-07-23 11:16:30,V026,98.0,1.0058570243018636
2026-07-23,2026-07-23 11:16:31,V026,99.0,1.0275585325575989
2026-07-23,2026-07-23 11:16:32,V026,99.0,1.046437964707689
2026-07-23,2026-07-23 11:16:33,V026,100.0,0.9875711929418003
2026-07-23,2026-07-23 11:16:34,V026,100.0,1.1512732860602135
2026-07-23,2026-07-23 11:16:35,V026,100.0,0.9990969924027078
2026-07-23,2026-07-23 11:16:36,V026,100.0,0.9765161149104923
2026-07-23,2026-07-23 11:16:37,V026,100.0,1.065015843090573
2026-07-23,2026-07-23 11:16:38,V026,101.0,0.9314131577096342
2026-07-23,2026-07-23 11:16:39,V026,101.0,1.0629889039842542
2026-07-23,2026-07-23 11:16:40,V026,102.0,1.041040594124836
2026-07-23,2026-07-23 11:16:41,V026,101.0,1.025951443556326
2026-07-23,2026-07-23 11:16:42,V026,101.0,0.98093923052994
2026-07-23,2026-07-23 11:16:43,V026,100.0,1.0124955984629935
2026-07-23,2026-07-23 11:16:44,V026,100.0,1.0372843565465362
2026-07-23,2026-07-23 11:16:45,V026,101.0,0.96135685141869
2026-07-23,2026-07-23 11:16:46,V026,102.0,1.0363007363785448
2026-07-23,2026-07-23 11:16:47,V026,103.0,1.009920823185034
2026-07-23,2026-07-23 11:16:48,V026,104.0,1.0094174829854918
2026-07-23,2026-07-23 11:16:49,V026,105.0,1.0124186854630572
2026-07-23,2026-07-23 11:16:50,V026,105.0,0.9823190274715206
2026-07-23,2026-07-23 11:16:51,V026,106.0,0.9776249971581215
2026-07-23,2026-07-23 11:16:52,V026,107.0,1.005588458925435
2026-07-23,2026-07-23 11:16:53,V026,108.0,0.9782167394525678
2026-07-23,2026-07-23 11:16:54,V026,108.0,0.9777869929823497
2026-07-23,2026-07-23 11:16:55,V026,108.0,0.9745735474654652
2026-07-23,2026-07-23 11:16:56,V026,109.0,0.9743447796373985
2026-07-23,2026-07-23 11:16:57,V026,109.0,0.983375246896042
2026-07-23,2026-07-23 11:16:58,V026,109.0,0.9806612541316846
2026-07-23,2026-07-23 11:16:59,V026,109.0,0.980337310818958
2026-07-23,2026-07-23 11:17:00,V026,109.0,0.9840256252563516
2026-07-23,2026-07-23 11:17:01,V026,109.0,0.9809795117810257
2026-07-23,2026-07-23 11:17:02,V026,109.0,0.9818431352276391
2026-07-23,2026-07-23 11:17:03,V026,109.0,0.9880127206383086
2026-07-23,2026-07-23 11:17:04,V026,109.0,1.003361302389139
2026-07-23,2026-07-23 11:17:05,V026,110.0,1.0129847637678058
2026-07-23,2026-07-23 11:17:06,V026,111.0,1.0259146599972615
2026-07-23,2026-07-23 11:17:07,V026,112.0,0.9797031054585488
2026-07-23,2026-07-23 11:17:08,V026,112.0,0.9838207880707331
2026-07-23,2026-07-23 11:17:09,V026,113.0,0.9851427150157822
2026-07-23,2026-07-23 11:17:10,V026,114.0,0.9960840771315119
2026-07-23,2026-07-23 11:17:11,V026,115.0,0.9777520998121854
2026-07-23,2026-07-23 11:17:12,V026,116.0,1.0399451806497142
2026-07-23,2026-07-23 11:17:13,V026,117.0,1.029011671371835
2026-07-23,2026-07-23 11:17:14,V026,117.0,1.0522185125922692
2026-07-23,2026-07-23 11:17:15,V026,117.0,0.9606941351000804
2026-07-23,2026-07-23 11:17:16,V026,118.0,1.0084929674294811
2026-07-23,2026-07-23 11:17:17,V026,117.0,1.00091967686375
2026-07-23,2026-07-23 11:17:18,V026,117.0,1.007642730031587
2026-07-23,2026-07-23 11:17:19,V026,115.0,0.9900572755613135
2026-07-23,2026-07-23 11:17:20,V026,114.0,1.016664618485507
2026-07-23,2026-07-23 11:17:21,V026,113.0,0.9773251976556678
2026-07-23,2026-07-23 11:17:22,V026,113.0,1.0412107968160522
2026-07-23,2026-07-23 11:17:23,V026,113.0,1.0070957300522843
2026-07-23,2026-07-23 11:17:24,V026,113.0,0.9964477396401171
2026-07-23,2026-07-23 11:17:25,V026,113.0,0.972216651021031
2026-07-23,2026-07-23 11:17:26,V026,113.0,0.9759469712727734
2026-07-23,2026-07-23 11:17:27,V026,113.0,0.9780044758271632
2026-07-23,2026-07-23 11:17:28,V026,113.0,0.9705956703676829
2026-07-23,2026-07-23 11:17:29,V026,113.0,0.975451857283586
2026-07-23,2026-07-23 11:17:30,V026,114.0,0.972136801761114
2026-07-23,2026-07-23 11:17:31,V026,113.0,0.9767597654817316
2026-07-23,2026-07-23 11:17:32,V026,113.0,0.9754968570210037
2026-07-23,2026-07-23 11:17:33,V026,113.0,0.9733957370431465
2026-07-23,2026-07-23 11:17:34,V026,113.0,0.974668893665078
2026-07-23,2026-07-23 11:17:35,V026,112.0,0.9766452465286016
2026-07-23,2026-07-23 11:17:36,V026,111.0,0.9800202778464899
2026-07-23,2026-07-23 11:17:37,V026,110.0,0.9746823912770005
2026-07-23,2026-07-23 11:17:38,V026,109.0,0.9764916589072518
2026-07-23,2026-07-23 11:17:39,V026,108.0,0.985074579886826
2026-07-23,2026-07-23 11:17:40,V026,107.0,0.9817931743588172
2026-07-23,2026-07-23 11:17:41,V026,107.0,0.9793055497357732
2026-07-23,2026-07-23 11:17:42,V026,106.0,0.9679085454006356
2026-07-23,2026-07-23 11:17:43,V026,106.0,0.9855051899674299
2026-07-23,2026-07-23 11:17:44,V026,106.0,0.9934579811696792
2026-07-23,2026-07-23 11:17:45,V026,106.0,1.0112721727668597
2026-07-23,2026-07-23 11:17:46,V026,106.0,0.9709161168694286
2026-07-23,2026-07-23 11:17:47,V026,106.0,0.9855134760579797
2026-07-23,2026-07-23 11:17:48,V026,106.0,1.0160972603885725
2026-07-23,2026-07-23 11:17:49,V026,105.0,1.0249923300857662
2026-07-23,2026-07-23 11:17:50,V026,105.0,0.9941771731977467
2026-07-23,2026-07-23 11:17:51,V026,105.0,1.0066377004936917
2026-07-23,2026-07-23 11:17:52,V026,105.0,0.9989193223526555
2026-07-23,2026-07-23 11:17:53,V026,104.0,0.9905565705909243
2026-07-23,2026-07-23 11:17:54,V026,104.0,0.9878484011324359
2026-07-23,2026-07-23 11:17:55,V026,103.0,0.9699457189683881
2026-07-23,2026-07-23 11:17:56,V026,103.0,0.9884094971795984
2026-07-23,2026-07-23 11:17:57,V026,104.0,0.9821442015224927
2026-07-23,2026-07-23 11:17:58,V026,104.0,0.996053152813007
2026-07-23,2026-07-23 11:17:59,V026,105.0,0.9933497964679707
2026-07-23,2026-07-23 11:18:00,V026,105.0,0.9810063704185296
2026-07-23,2026-07-23 11:18:01,V026,105.0,0.9974827365243466
2026-07-23,2026-07-23 11:18:02,V026,105.0,0.9824245555538553
2026-07-23,2026-07-23 11:18:03,V026,105.0,0.9744214269724717
2026-07-23,2026-07-23 11:18:04,V026,105.0,1.0136442135252866
2026-07-23,2026-07-23 11:18:05,V026,104.0,0.9791860258641472
2026-07-23,2026-07-23 11:18:06,V026,104.0,1.0169270360681095
2026-07-23,2026-07-23 11:18:07,V026,103.0,0.9897532108522749
2026-07-23,2026-07-23 11:18:08,V026,103.0,1.0604485947425277
2026-07-23,2026-07-23 11:18:09,V026,102.0,1.0401343275304342
2026-07-23,2026-07-23 11:18:10,V026,102.0,0.9551456659951241
2026-07-23,2026-07-23 11:18:11,V026,101.0,1.0189391318268946
2026-07-23,2026-07-23 11:18:12,V026,101.0,0.9515013159156499
2026-07-23,2026-07-23 11:18:13,V026,101.0,1.0119137559757712
2026-07-23,2026-07-23 11:18:14,V026,101.0,0.9852683666471176
2026-07-23,2026-07-23 11:18:15,V026,101.0,0.9863182118598868
2026-07-23,2026-07-23 11:18:16,V026,102.0,1.005145963751852
2026-07-23,2026-07-23 11:18:17,V026,102.0,0.9731737983594048
2026-07-23,2026-07-23 11:18:18,V026,102.0,1.017449352712705
2026-07-23,2026-07-23 11:18:19,V026,103.0,0.9770676159378557
2026-07-23,2026-07-23 11:18:20,V026,103.0,1.0062096810453118
2026-07-23,2026-07-23 11:18:21,V026,103.0,0.9736841995414778
2026-07-23,2026-07-23 11:18:22,V026,103.0,1.0011088868657205
2026-07-23,2026-07-23 11:18:23,V026,103.0,0.9861133646402405
2026-07-23,2026-07-23 11:18:24,V026,103.0,0.9905983923991091
2026-07-23,2026-07-23 11:18:25,V026,102.0,0.9829935638874906
2026-07-23,2026-07-23 11:18:26,V026,101.0,0.9668144210520319
2026-07-23,2026-07-23 11:18:27,V026,101.0,1.106740935057674
2026-07-23,2026-07-23 11:18:28,V026,101.0,1.009037371492049
2026-07-23,2026-07-23 11:18:29,V026,101.0,1.0331953402002008
2026-07-23,2026-07-23 11:18:30,V026,100.0,1.0014760194909655
2026-07-23,2026-07-23 11:18:31,V026,100.0,1.0125134883505849
2026-07-23,2026-07-23 11:18:32,V026,100.0,0.9869326600903183
2026-07-23,2026-07-23 11:18:33,V026,99.0,0.9939503082832885
2026-07-23,2026-07-23 11:18:34,V026,99.0,1.0056980890861755
2026-07-23,2026-07-23 11:18:35,V026,98.0,0.9937851748372093
2026-07-23,2026-07-23 11:18:36,V026,98.0,0.9969398321561471
2026-07-23,2026-07-23 11:18:37,V026,98.0,0.9998115270260546
2026-07-23,2026-07-23 11:18:38,V026,98.0,0.993889424324879
2026-07-23,2026-07-23 11:18:39,V026,98.0,0.993834664667559
2026-07-23,2026-07-23 11:18:40,V026,98.0,0.9967263382226285
2026-07-23,2026-07-23 11:18:41,V026,97.0,0.9985892791873947
2026-07-23,2026-07-23 11:18:42,V026,96.0,0.9971234595122453
2026-07-23,2026-07-23 11:18:43,V026,96.0,0.9973177776997294
2026-07-23,2026-07-23 11:18:44,V026,95.0,0.9982779969386213
2026-07-23,2026-07-23 11:18:45,V026,95.0,0.9976290529853676
2026-07-23,2026-07-23 11:18:46,V026,94.0,1.0005997951455836
2026-07-23,2026-07-23 11:18:47,V026,94.0,0.9973775052901822
2026-07-23,2026-07-23 11:18:48,V026,93.0,0.9970110977966954
2026-07-23,2026-07-23 11:18:49,V026,93.0,0.9966067869208041
2026-07-23,2026-07-23 11:18:50,V026,92.0,0.9968171425280268
2026-07-23,2026-07-23 11:18:51,V026,91.0,0.996767086561628
2026-07-23,2026-07-23 11:18:52,V026,91.0,0.9973107615314207
2026-07-23,2026-07-23 11:18:53,V026,91.0,0.9975070429718101
2026-07-23,2026-07-23 11:18:54,V026,90.0,0.997169997626835
2026-07-23,2026-07-23 11:18:55,V026,90.0,0.9963773989597218
2026-07-23,2026-07-23 11:18:56,V026,90.0,0.9984102730279188
2026-07-23,2026-07-23 11:18:57,V026,89.0,1.0033059764227898
2026-07-23,2026-07-23 11:18:58,V026,89.0,1.0186664912041576
2026-07-23,2026-07-23 11:18:59,V026,88.0,1.0175013571916578
2026-07-23,2026-07-23 11:19:00,V026,88.0,1.0192464146446232
2026-07-23,2026-07-23 11:19:01,V026,87.0,1.0192905687623008
2026-07-23,2026-07-23 11:19:02,V026,87.0,1.0189395075845213
2026-07-23,2026-07-23 11:19:03,V026,87.0,1.01920113275689
2026-07-23,2026-07-23 11:19:04,V026,87.0,1.0192905621223098
2026-07-23,2026-07-23 11:19:05,V026,88.0,1.0189620559262667
2026-07-23,2026-07-23 11:19:06,V026,89.0,1.0186452419898744
2026-07-23,2026-07-23 11:19:07,V026,89.0,1.0187905702561268
2026-07-23,2026-07-23 11:19:08,V026,90.0,1.0184574366821222
2026-07-23,2026-07-23 11:19:09,V026,90.0,1.018865673378492
2026-07-23,2026-07-23 11:19:10,V026,91.0,1.0189792020715116
2026-07-23,2026-07-23 11:19:11,V026,91.0,1.0189055789753934
2026-07-23,2026-07-23 11:19:12,V026,91.0,1.0206315667649657
2026-07-23,2026-07-23 11:19:13,V026,90.0,1.0187593181374597
2026-07-23,2026-07-23 11:19:14,V026,90.0,1.0190793831077127
2026-07-23,2026-07-23 11:19:15,V026,89.0,1.018539279880291
2026-07-23,2026-07-23 11:19:16,V026,88.0,1.0186746573226746
2026-07-23,2026-07-23 11:19:17,V026,87.0,1.0189734733510392
2026-07-23,2026-07-23 11:19:18,V026,86.0,1.018315559474146
2026-07-23,2026-07-23 11:19:19,V026,86.0,1.0190117756219146
2026-07-23,2026-07-23 11:19:20,V026,86.0,1.018863958332349
2026-07-23,2026-07-23 11:19:21,V026,86.0,1.0189015550541405
2026-07-23,2026-07-23 11:19:22,V026,86.0,1.0185372074911692
2026-07-23,2026-07-23 11:19:23,V026,87.0,1.0187624839194804
2026-07-23,2026-07-23 11:19:24,V026,87.0,1.0185588271056576
2026-07-23,2026-07-23 11:19:25,V026,87.0,1.0183203120702071
2026-07-23,2026-07-23 11:19:26,V026,87.0,1.018028040028254
2026-07-23,2026-07-23 11:19:27,V026,87.0,1.0188611723783554
2026-07-23,2026-07-23 11:19:28,V026,87.0,1.0181631235230446
2026-07-23,2026-07-23 11:19:29,V026,88.0,1.0187374513210057
2026-07-23,2026-07-23 11:19:30,V026,88.0,1.0185246435611492
2026-07-23,2026-07-23 11:19:31,V026,89.0,1.019075836008186
2026-07-23,2026-07-23 11:19:32,V026,89.0,1.0183511939972718
2026-07-23,2026-07-23 11:19:33,V026,90.0,1.0185908290254009
2026-07-23,2026-07-23 11:19:34,V026,91.0,1.0187825339108536
2026-07-23,2026-07-23 11:19:35,V026,91.0,1.0185525906785484
2026-07-23,2026-07-23 11:19:36,V026,91.0,1.0184922274592159
2026-07-23,2026-07-23 11:19:37,V026,90.0,1.018644343129801
2026-07-23,2026-07-23 11:19:38,V026,90.0,1.0192032473821149
2026-07-23,2026-07-23 11:19:39,V026,90.0,1.0187765882375233
2026-07-23,2026-07-23 11:19:40,V026,90.0,1.0187274844670107
2026-07-23,2026-07-23 11:19:41,V026,90.0,1.0191022316065863
2026-07-23,2026-07-23 11:19:42,V026,90.0,1.0187378864639798
2026-07-23,2026-07-23 11:19:43,V026,90.0,1.018230833680071
2026-07-23,2026-07-23 11:19:44,V026,91.0,1.0186918996525145
2026-07-23,2026-07-23 11:19:45,V026,91.0,1.0187652245041048
2026-07-23,2026-07-23 11:19:46,V026,91.0,1.0188193505569372
2026-07-23,2026-07-23 11:19:47,V026,90.0,1.019643876214927
2026-07-23,2026-07-23 11:19:48,V026,89.0,1.0185150366419082
2026-07-23,2026-07-23 11:19:49,V026,88.0,1.0190870894940969
2026-07-23,2026-07-23 11:19:50,V026,88.0,1.0179051154735914
2026-07-23,2026-07-23 11:19:51,V026,88.0,1.0184753949198644
2026-07-23,2026-07-23 11:19:52,V026,87.0,1.0187046532938835
2026-07-23,2026-07-23 11:19:53,V026,88.0,1.0181969019704764
2026-07-23,2026-07-23 11:19:54,V026,88.0,1.019212242666599
2026-07-23,2026-07-23 11:19:55,V026,87.0,1.0186033178319673
2026-07-23,2026-07-23 11:19:56,V026,87.0,1.0182808023819379
2026-07-23,2026-07-23 11:19:57,V026,87.0,1.0195622199961996
2026-07-23,2026-07-23 11:19:58,V026,86.0,1.0188681546632767
2026-07-23,2026-07-23 11:19:59,V026,86.0,1.019430559551431
2026-07-23,2026-07-23 11:20:00,V026,85.0,1.018404160462689
2026-07-23,2026-07-23 11:20:01,V026,85.0,1.0186681985086445
2026-07-23,2026-07-23 11:20:02,V026,85.0,1.0188634438543478
2026-07-23,2026-07-23 11:20:03,V026,85.0,1.018509721345646
2026-07-23,2026-07-23 11:20:04,V026,86.0,1.0177763886704538
2026-07-23,2026-07-23 11:20:05,V026,86.0,1.0182437554572557
2026-07-23,2026-07-23 11:20:06,V026,86.0,1.0174955747707048
2026-07-23,2026-07-23 11:20:07,V026,87.0,1.0177716643683665
2026-07-23,2026-07-23 11:20:08,V026,87.0,1.0182761621695817
2026-07-23,2026-07-23 11:20:09,V026,87.0,1.0181341703106015
2026-07-23,2026-07-23 11:20:10,V026,88.0,1.018097360272874
2026-07-23,2026-07-23 11:20:11,V026,88.0,1.0178963096569071
2026-07-23,2026-07-23 11:20:12,V026,88.0,1.0163291470145353
2026-07-23,2026-07-23 11:20:13,V026,88.0,1.017638710834903
2026-07-23,2026-07-23 11:20:14,V026,88.0,1.018539931428797
2026-07-23,2026-07-23 11:20:15,V026,88.0,1.0188391424479906
2026-07-23,2026-07-23 11:20:16,V026,88.0,1.0151780677209545
2026-07-23,2026-07-23 11:20:17,V026,88.0,1.013997391981309
2026-07-23,2026-07-23 11:20:18,V026,88.0,1.0136374494028886
2026-07-23,2026-07-23 11:20:19,V026,88.0,1.013195685572152
2026-07-23,2026-07-23 11:20:20,V026,88.0,1.015836358782725
2026-07-23,2026-07-23 11:20:21,V026,89.0,1.0136643701807666
2026-07-23,2026-07-23 11:20:22,V026,90.0,1.0150331133005535
2026-07-23,2026-07-23 11:20:23,V026,91.0,1.015522714748285
2026-07-23,2026-07-23 11:20:24,V026,91.0,1.0122579501553135
2026-07-23,2026-07-23 11:20:25,V026,92.0,1.0086939096535443
2026-07-23,2026-07-23 11:20:26,V026,93.0,1.0101501276852045
2026-07-23,2026-07-23 11:20:27,V026,93.0,1.0115502722324423
2026-07-23,2026-07-23 11:20:28,V026,94.0,1.008045342840477
2026-07-23,2026-07-23 11:20:29,V026,94.0,1.0095134125928886
2026-07-23,2026-07-23 11:20:30,V026,94.0,1.0078628584199472
2026-07-23,2026-07-23 11:20:31,V026,94.0,1.0080777669290297
2026-07-23,2026-07-23 11:20:32,V026,95.0,1.008730125882197
2026-07-23,2026-07-23 11:20:33,V026,95.0,1.0091250573535027
2026-07-23,2026-07-23 11:20:34,V026,96.0,1.0097095685316584
2026-07-23,2026-07-23 11:20:35,V026,97.0,1.0093919444438038
2026-07-23,2026-07-23 11:20:36,V026,98.0,1.0101518909516558
2026-07-23,2026-07-23 11:20:37,V026,97.0,1.009848172146224
2026-07-23,2026-07-23 11:20:38,V026,96.0,1.0096496179310688
2026-07-23,2026-07-23 11:20:39,V026,95.0,1.010246458437751
2026-07-23,2026-07-23 11:20:40,V026,95.0,1.0104005873137476
2026-07-23,2026-07-23 11:20:41,V026,94.0,1.0100126616845668
2026-07-23,2026-07-23 11:20:42,V026,92.0,1.00995655025923
2026-07-23,2026-07-23 11:20:43,V026,92.0,1.0103060030616668
2026-07-23,2026-07-23 11:20:44,V026,92.0,1.0059423511532049
2026-07-23,2026-07-23 11:20:45,V026,92.0,1.010049978313159
2026-07-23,2026-07-23 11:20:46,V026,92.0,1.010137863429405
2026-07-23,2026-07-23 11:20:47,V026,93.0,1.0093788255983875
2026-07-23,2026-07-23 11:20:48,V026,93.0,1.0095932813485993
2026-07-23,2026-07-23 11:20:49,V026,93.0,1.0094876210765562
2026-07-23,2026-07-23 11:20:50,V026,92.0,1.0087828847801572
2026-07-23,2026-07-23 11:20:51,V026,92.0,1.0103863514416345
2026-07-23,2026-07-23 11:20:52,V026,92.0,1.0095636176117964
2026-07-23,2026-07-23 11:20:53,V026,92.0,1.0101691102862613
2026-07-23,2026-07-23 11:20:54,V026,92.0,1.003792505584707
2026-07-23,2026-07-23 11:20:55,V026,92.0,1.0090047885317062
2026-07-23,2026-07-23 11:20:56,V026,92.0,0.9927081350527421
2026-07-23,2026-07-23 11:20:57,V026,93.0,0.9961610057798828
2026-07-23,2026-07-23 11:20:58,V026,93.0,0.9955588604003495
2026-07-23,2026-07-23 11:20:59,V026,93.0,0.9958925000474167
2026-07-23,2026-07-23 11:21:00,V026,94.0,0.9958815402429587
2026-07-23,2026-07-23 11:21:01,V026,94.0,0.9948603185349646
2026-07-23,2026-07-23 11:21:02,V026,94.0,0.9969987444850866
2026-07-23,2026-07-23 11:21:03,V026,95.0,0.9972718067956913
2026-07-23,2026-07-23 11:21:04,V026,95.0,0.9965238924978256
2026-07-23,2026-07-23 11:21:05,V026,97.0,0.9970489947301067
2026-07-23,2026-07-23 11:21:06,V026,97.0,0.9972458896295221
2026-07-23,2026-07-23 11:21:07,V026,98.0,0.9973723688079221
2026-07-23,2026-07-23 11:21:08,V026,99.0,0.9947964993916028
2026-07-23,2026-07-23 11:21:09,V026,97.0,0.9978556022763034
2026-07-23,2026-07-23 11:21:10,V026,96.0,0.9956900882934117
2026-07-23,2026-07-23 11:21:11,V026,95.0,0.9958562150933634
2026-07-23,2026-07-23 11:21:12,V026,93.0,0.9964654601337875
2026-07-23,2026-07-23 11:21:13,V026,93.0,0.9948293229434927
2026-07-23,2026-07-23 11:21:14,V026,93.0,0.9924223493270798
2026-07-23,2026-07-23 11:21:15,V026,93.0,1.0014550293934545
2026-07-23,2026-07-23 11:21:16,V026,92.0,1.0007577903585274
2026-07-23,2026-07-23 11:21:17,V026,92.0,0.9978399830034717
2026-07-23,2026-07-23 11:21:18,V026,92.0,0.9987595131620965
2026-07-23,2026-07-23 11:21:19,V026,92.0,0.9985094796379413
2026-07-23,2026-07-23 11:21:20,V026,92.0,1.0009235728339245
2026-07-23,2026-07-23 11:21:21,V026,92.0,1.0022905834669376
2026-07-23,2026-07-23 11:21:22,V026,92.0,1.0012295130583133
2026-07-23,2026-07-23 11:21:23,V026,92.0,1.0024740283496623
2026-07-23,2026-07-23 11:21:24,V026,92.0,1.0027090280929905
2026-07-23,2026-07-23 11:21:25,V026,92.0,1.0027792724571205
2026-07-23,2026-07-23 11:21:26,V026,92.0,1.0021460471594201
2026-07-23,2026-07-23 11:21:27,V026,91.0,1.0017630195901062
2026-07-23,2026-07-23 11:21:28,V026,91.0,1.0016489323946915
2026-07-23,2026-07-23 11:21:29,V026,90.0,0.9998242286008368
2026-07-23,2026-07-23 11:21:30,V026,90.0,1.001192692222424
2026-07-23,2026-07-23 11:21:31,V026,89.0,1.0023728589471617
2026-07-23,2026-07-23 11:21:32,V026,89.0,1.0004877118137203
2026-07-23,2026-07-23 11:21:33,V026,89.0,1.0061041249651357
2026-07-23,2026-07-23 11:21:34,V026,89.0,1.0075410410544052
2026-07-23,2026-07-23 11:21:35,V026,90.0,1.0042680895016756
2026-07-23,2026-07-23 11:21:36,V026,90.0,0.9969686455892662
2026-07-23,2026-07-23 11:21:37,V026,90.0,1.001145860940108
2026-07-23,2026-07-23 11:21:38,V026,90.0,1.0150528412801345
2026-07-23,2026-07-23 11:21:39,V026,88.0,1.0187684605987248
2026-07-23,2026-07-23 11:21:40,V026,87.0,1.109252388583705
2026-07-23,2026-07-23 11:21:41,V026,86.0,1.0461252540648456
2026-07-23,2026-07-23 11:21:42,V026,86.0,0.9959558232601728
2026-07-23,2026-07-23 11:21:43,V026,86.0,0.9705559614772316
2026-07-23,2026-07-23 11:21:44,V026,86.0,0.9924036379903494
2026-07-23,2026-07-23 11:21:45,V026,87.0,1.019255205154433
2026-07-23,2026-07-23 11:21:46,V026,88.0,0.9912055884657581
2026-07-23,2026-07-23 11:21:47,V026,89.0,0.9538372378792447
2026-07-23,2026-07-23 11:21:48,V026,89.0,1.060316658142002
2026-07-23,2026-07-23 11:21:49,V026,90.0,0.96552500337869
2026-07-23,2026-07-23 11:21:50,V026,92.0,0.9837245684875912
2026-07-23,2026-07-23 11:21:51,V026,93.0,0.9738207933041391
2026-07-23,2026-07-23 11:21:52,V026,93.0,0.9982336885065681
2026-07-23,2026-07-23 11:21:53,V026,94.0,0.9959778091351694
2026-07-23,2026-07-23 11:21:54,V026,95.0,0.9844919719174661
2026-07-23,2026-07-23 11:21:55,V026,97.0,1.0029065175921485
2026-07-23,2026-07-23 11:21:56,V026,98.0,0.9967658322428079
2026-07-23,2026-07-23 11:21:57,V026,100.0,0.9954574575427297
2026-07-23,2026-07-23 11:21:58,V026,101.0,0.9958298439164858
2026-07-23,2026-07-23 11:21:59,V026,103.0,0.9880145420138092
2026-07-23,2026-07-23 11:22:00,V026,104.0,0.980755466984189
2026-07-23,2026-07-23 11:22:01,V026,106.0,0.9758770614415161
2026-07-23,2026-07-23 11:22:02,V026,107.0,0.9819681722526344
2026-07-23,2026-07-23 11:22:03,V026,108.0,0.9776046117338173
2026-07-23,2026-07-23 11:22:04,V026,109.0,0.9791420490635065
2026-07-23,2026-07-23 11:22:05,V026,110.0,0.978208913030392
2026-07-23,2026-07-23 11:22:06,V026,110.0,0.9773699118050162
2026-07-23,2026-07-23 11:22:07,V026,110.0,0.9819961882402101
2026-07-23,2026-07-23 11:22:08,V026,110.0,0.9755762691504306
2026-07-23,2026-07-23 11:22:09,V026,110.0,0.9793494816029563
2026-07-23,2026-07-23 11:22:10,V026,110.0,0.9787650614614413
2026-07-23,2026-07-23 11:22:11,V026,110.0,0.9777961457350383
2026-07-23,2026-07-23 11:22:12,V026,110.0,0.9780582114140388
2026-07-23,2026-07-23 11:22:13,V026,110.0,0.9785301436961071
2026-07-23,2026-07-23 11:22:14,V026,110.0,0.977293764892002
2026-07-23,2026-07-23 11:22:15,V026,110.0,0.9759831045093974
2026-07-23,2026-07-23 11:22:16,V026,110.0,0.9851592581239976
2026-07-23,2026-07-23 11:22:17,V026,110.0,0.98349087953475
2026-07-23,2026-07-23 11:22:18,V026,110.0,0.9931696853872476
2026-07-23,2026-07-23 11:22:19,V026,110.0,0.9768006983951452
2026-07-23,2026-07-23 11:22:20,V026,110.0,0.982743500366604
2026-07-23,2026-07-23 11:22:21,V026,110.0,0.9989009013992202
2026-07-23,2026-07-23 11:22:22,V026,110.0,0.9830642015644662
2026-07-23,2026-07-23 11:22:23,V026,110.0,0.977985199197193
2026-07-23,2026-07-23 11:22:24,V026,110.0,1.0034792949369564
2026-07-23,2026-07-23 11:22:25,V026,110.0,0.9750001111954689
2026-07-23,2026-07-23 11:22:26,V026,110.0,0.9826868196685371
2026-07-23,2026-07-23 11:22:27,V026,109.0,1.0142312082552294
2026-07-23,2026-07-23 11:22:28,V026,107.0,0.9745024272057171
2026-07-23,2026-07-23 11:22:29,V026,107.0,1.007623402048272
2026-07-23,2026-07-23 11:22:30,V026,106.0,0.9749619948095631
2026-07-23,2026-07-23 11:22:31,V026,106.0,0.9847398506108783
2026-07-23,2026-07-23 11:22:32,V026,106.0,0.9987392524583472
2026-07-23,2026-07-23 11:22:33,V026,105.0,0.9748195120777862
2026-07-23,2026-07-23 11:22:34,V026,105.0,0.9980255425750433
2026-07-23,2026-07-23 11:22:35,V026,105.0,0.9780310076434843
2026-07-23,2026-07-23 11:22:36,V026,105.0,0.984705048642543
2026-07-23,2026-07-23 11:22:37,V026,104.0,1.000374921981727
2026-07-23,2026-07-23 11:22:38,V026,104.0,0.9824724503507162
2026-07-23,2026-07-23 11:22:39,V026,104.0,0.9850880445320848
2026-07-23,2026-07-23 11:22:40,V026,104.0,0.999835363842673
2026-07-23,2026-07-23 11:22:41,V026,103.0,0.9877573049503481
2026-07-23,2026-07-23 11:22:42,V026,103.0,0.982108567112641
2026-07-23,2026-07-23 11:22:43,V026,103.0,0.9747656845917566
2026-07-23,2026-07-23 11:22:44,V026,103.0,1.0030573076345437
2026-07-23,2026-07-23 11:22:45,V026,102.0,0.975825645073418
2026-07-23,2026-07-23 11:22:46,V026,102.0,0.9868025031183308
2026-07-23,2026-07-23 11:22:47,V026,101.0,0.9910394001823319
2026-07-23,2026-07-23 11:22:48,V026,101.0,0.9829750378124378
2026-07-23,2026-07-23 11:22:49,V026,101.0,0.9727643958444919
2026-07-23,2026-07-23 11:22:50,V026,102.0,0.9789904658905852
2026-07-23,2026-07-23 11:22:51,V026,102.0,0.9765656125562537
2026-07-23,2026-07-23 11:22:52,V026,101.0,0.9778956115186006
2026-07-23,2026-07-23 11:22:53,V026,102.0,0.979957629654087
2026-07-23,2026-07-23 11:22:54,V026,103.0,0.99559231611839
2026-07-23,2026-07-23 11:22:55,V026,103.0,0.9932619014880993
2026-07-23,2026-07-23 11:22:56,V026,104.0,0.9698356995091428
2026-07-23,2026-07-23 11:22:57,V026,104.0,0.9764716694013501
2026-07-23,2026-07-23 11:22:58,V026,104.0,0.9750463909891518
2026-07-23,2026-07-23 11:22:59,V026,104.0,0.9773714411636911
2026-07-23,2026-07-23 11:23:00,V026,104.0,1.0169217761786034
2026-07-23,2026-07-23 11:23:01,V026,104.0,1.0414828319278027
2026-07-23,2026-07-23 11:23:02,V026,104.0,1.0131189355709989
2026-07-23,2026-07-23 11:23:03,V026,104.0,0.9906367569991456
2026-07-23,2026-07-23 11:23:04,V026,104.0,0.9731322559756084
2026-07-23,2026-07-23 11:23:05,V026,104.0,1.0135384040184388
2026-07-23,2026-07-23 11:23:06,V026,104.0,0.9848349460111213
2026-07-23,2026-07-23 11:23:07,V026,105.0,0.9880523633266493
2026-07-23,2026-07-23 11:23:08,V026,105.0,0.9730239450517233
2026-07-23,2026-07-23 11:23:09,V026,106.0,0.9825562910160689
2026-07-23,2026-07-23 11:23:10,V026,106.0,0.9796018874919832
2026-07-23,2026-07-23 11:23:11,V026,106.0,0.9785841121580476
2026-07-23,2026-07-23 11:23:12,V026,106.0,0.9900010552213141
2026-07-23,2026-07-23 11:23:13,V026,105.0,0.9904093310736046
2026-07-23,2026-07-23 11:23:14,V026,105.0,0.9832352143032584
2026-07-23,2026-07-23 11:23:15,V026,105.0,0.9737395804458021
2026-07-23,2026-07-23 11:23:16,V026,105.0,0.9796484522335573
2026-07-23,2026-07-23 11:23:17,V026,104.0,0.9779628024668875
2026-07-23,2026-07-23 11:23:18,V026,105.0,0.9778627129168082
2026-07-23,2026-07-23 11:23:19,V026,105.0,0.9742513775551042
2026-07-23,2026-07-23 11:23:20,V026,105.0,0.9880733211166001
2026-07-23,2026-07-23 11:23:21,V026,105.0,0.9779757141453811
2026-07-23,2026-07-23 11:23:22,V026,105.0,0.9751990330252601
2026-07-23,2026-07-23 11:23:23,V026,105.0,0.9893976302873937
2026-07-23,2026-07-23 11:23:24,V026,106.0,0.9840812296757748
2026-07-23,2026-07-23 11:23:25,V026,106.0,0.9939320679603688
2026-07-23,2026-07-23 11:23:26,V026,106.0,0.9779036514886397
2026-07-23,2026-07-23 11:23:27,V026,105.0,0.9767558392981174
2026-07-23,2026-07-23 11:23:28,V026,105.0,0.9802899847139258
2026-07-23,2026-07-23 11:23:29,V026,105.0,0.9863433124961897
2026-07-23,2026-07-23 11:23:30,V026,106.0,0.9791599337504286
2026-07-23,2026-07-23 11:23:31,V026,105.0,0.9829781056989628
2026-07-23,2026-07-23 11:23:32,V026,104.0,0.9816992163027523
2026-07-23,2026-07-23 11:23:33,V026,103.0,0.9804351285232444
2026-07-23,2026-07-23 11:23:34,V026,102.0,0.9795327825474763
2026-07-23,2026-07-23 11:23:35,V026,101.0,0.9864609950639217
2026-07-23,2026-07-23 11:23:36,V026,100.0,0.9790509284726913
2026-07-23,2026-07-23 11:23:37,V026,100.0,0.9798171595375342
2026-07-23,2026-07-23 11:23:38,V026,100.0,0.9810308623746536
2026-07-23,2026-07-23 11:23:39,V026,100.0,0.9807285849096692
2026-07-23,2026-07-23 11:23:40,V026,100.0,0.981674838105323
2026-07-23,2026-07-23 11:23:41,V026,101.0,0.9794865711920121
2026-07-23,2026-07-23 11:23:42,V026,101.0,0.981590293975838
2026-07-23,2026-07-23 11:23:43,V026,101.0,0.9792756045616814
2026-07-23,2026-07-23 11:23:44,V026,102.0,0.9802322376605829
2026-07-23,2026-07-23 11:23:45,V026,101.0,0.9803532308924099
2026-07-23,2026-07-23 11:23:46,V026,100.0,0.9805766609522087
2026-07-23,2026-07-23 11:23:47,V026,99.0,0.9804254907324758
2026-07-23,2026-07-23 11:23:48,V026,99.0,0.981018474982215
2026-07-23,2026-07-23 11:23:49,V026,98.0,0.9805996423959285
2026-07-23,2026-07-23 11:23:50,V026,98.0,0.979281736138399
2026-07-23,2026-07-23 11:23:51,V026,99.0,0.9812281709079872
2026-07-23,2026-07-23 11:23:52,V026,99.0,0.9798137170139792
2026-07-23,2026-07-23 11:23:53,V026,100.0,0.9803641384596429
2026-07-23,2026-07-23 11:23:54,V026,101.0,0.9791475225887648
2026-07-23,2026-07-23 11:23:55,V026,102.0,0.9792536121010633
2026-07-23,2026-07-23 11:23:56,V026,102.0,0.9799152045891942
2026-07-23,2026-07-23 11:23:57,V026,102.0,0.97974842095668
2026-07-23,2026-07-23 11:23:58,V026,102.0,0.9801122283739176
2026-07-23,2026-07-23 11:23:59,V026,102.0,0.9791284937529748
2026-07-23,2026-07-23 11:24:00,V026,102.0,0.9790373912096404
2026-07-23,2026-07-23 11:24:01,V026,103.0,0.9805511203479949
2026-07-23,2026-07-23 11:24:02,V026,103.0,0.9794386105904284
2026-07-23,2026-07-23 11:24:03,V026,104.0,0.979062304361437
2026-07-23,2026-07-23 11:24:04,V026,104.0,0.9809719174102508
2026-07-23,2026-07-23 11:24:05,V026,104.0,0.9775339211106541
2026-07-23,2026-07-23 11:24:06,V026,104.0,0.9794073857987742
2026-07-23,2026-07-23 11:24:07,V026,104.0,0.9795238807629181
2026-07-23,2026-07-23 11:24:08,V026,104.0,0.9795204379247328
2026-07-23,2026-07-23 11:24:09,V026,103.0,0.9789445155902802
2026-07-23,2026-07-23 11:24:10,V026,103.0,0.9795297710697402
2026-07-23,2026-07-23 11:24:11,V026,103.0,0.9791416572556372
2026-07-23,2026-07-23 11:24:12,V026,103.0,0.9796149241360748
2026-07-23,2026-07-23 11:24:13,V026,103.0,0.9791717240404486
2026-07-23,2026-07-23 11:24:14,V026,103.0,0.9790812266851306
2026-07-23,2026-07-23 11:24:15,V026,104.0,0.9794266889969692
2026-07-23,2026-07-23 11:24:16,V026,104.0,0.9793724070140547
2026-07-23,2026-07-23 11:24:17,V026,105.0,0.9790643387970973
2026-07-23,2026-07-23 11:24:18,V026,105.0,0.9794727022983425
2026-07-23,2026-07-23 11:24:19,V026,104.0,0.9791424020604207
2026-07-23,2026-07-23 11:24:20,V026,104.0,0.9800847871325723
2026-07-23,2026-07-23 11:24:21,V026,104.0,0.9784428323167889
2026-07-23,2026-07-23 11:24:22,V026,104.0,0.9801132456640252
2026-07-23,2026-07-23 11:24:23,V026,103.0,0.9795291934798099
2026-07-23,2026-07-23 11:24:24,V026,102.0,0.9799599458200514
2026-07-23,2026-07-23 11:24:25,V026,101.0,0.9792423901347329
2026-07-23,2026-07-23 11:24:26,V026,100.0,0.9798503746327303
2026-07-23,2026-07-23 11:24:27,V026,100.0,0.9792023520131963
2026-07-23,2026-07-23 11:24:28,V026,99.0,0.9795852638228794
2026-07-23,2026-07-23 11:24:29,V026,100.0,0.9789808452469677
2026-07-23,2026-07-23 11:24:30,V026,100.0,0.9790336534296417
2026-07-23,2026-07-23 11:24:31,V026,100.0,0.9791398507730166
2026-07-23,2026-07-23 11:24:32,V026,99.0,0.9784978119356766
2026-07-23,2026-07-23 11:24:33,V026,99.0,0.9795516778842474
2026-07-23,2026-07-23 11:24:34,V026,99.0,0.9787204520244136
2026-07-23,2026-07-23 11:24:35,V026,98.0,0.979351810566878
2026-07-23,2026-07-23 11:24:36,V026,98.0,0.9784805805079627
2026-07-23,2026-07-23 11:24:37,V026,98.0,0.9797456900482008
2026-07-23,2026-07-23 11:24:38,V026,99.0,0.979840195985675
2026-07-23,2026-07-23 11:24:39,V026,100.0,0.979206035537878
2026-07-23,2026-07-23 11:24:40,V026,100.0,0.9794258666429808
2026-07-23,2026-07-23 11:24:41,V026,101.0,0.9794104343585184
2026-07-23,2026-07-23 11:24:42,V026,102.0,0.9792385174903453
2026-07-23,2026-07-23 11:24:43,V026,102.0,0.978615537596862
2026-07-23,2026-07-23 11:24:44,V026,102.0,0.9787305865991862
2026-07-23,2026-07-23 11:24:45,V026,101.0,0.9790535495253058
2026-07-23,2026-07-23 11:24:46,V026,101.0,0.9785408243777339
2026-07-23,2026-07-23 11:24:47,V026,101.0,0.9799247140908145
2026-07-23,2026-07-23 11:24:48,V026,101.0,0.9792429352128167
2026-07-23,2026-07-23 11:24:49,V026,101.0,0.9892362477230814
2026-07-23,2026-07-23 11:24:50,V026,102.0,0.9615610244675964
2026-07-23,2026-07-23 11:24:51,V026,102.0,1.0092734262757914
2026-07-23,2026-07-23 11:24:52,V026,103.0,1.0058651523878086
2026-07-23,2026-07-23 11:24:53,V026,103.0,0.9331807315417628
2026-07-23,2026-07-23 11:24:54,V026,104.0,1.1077652722243174
2026-07-23,2026-07-23 11:24:55,V026,103.0,0.9870886026557544
2026-07-23,2026-07-23 11:24:56,V026,103.0,1.0375099726342774
2026-07-23,2026-07-23 11:24:57,V026,102.0,1.0418520801243192
2026-07-23,2026-07-23 11:24:58,V026,102.0,0.9881553632679807
2026-07-23,2026-07-23 11:24:59,V026,102.0,0.9999890481293969
2026-07-23,2026-07-23 11:25:00,V026,103.0,1.003819739812618
2026-07-23,2026-07-23 11:25:01,V026,104.0,1.007177726789745
2026-07-23,2026-07-23 11:25:02,V026,104.0,1.0070821322650438
2026-07-23,2026-07-23 11:25:03,V026,104.0,1.0089624785051277
2026-07-23,2026-07-23 11:25:04,V026,104.0,1.0074017461735199
2026-07-23,2026-07-23 11:25:05,V026,104.0,1.0078420221303377
2026-07-23,2026-07-23 11:25:06,V026,102.0,1.0073962723500072
2026-07-23,2026-07-23 11:25:07,V026,101.0,1.0078657977975862
2026-07-23,2026-07-23 11:25:08,V026,101.0,1.008148848897177
2026-07-23,2026-07-23 11:25:09,V026,100.0,1.0082180231964537
2026-07-23,2026-07-23 11:25:10,V026,99.0,1.0076681265180545
2026-07-23,2026-07-23 11:25:11,V026,98.0,1.0084129041051364
2026-07-23,2026-07-23 11:25:12,V026,97.0,1.007573119252638
2026-07-23,2026-07-23 11:25:13,V026,95.0,1.0081950648117435
2026-07-23,2026-07-23 11:25:14,V026,94.0,1.0077517774079565
2026-07-23,2026-07-23 11:25:15,V026,93.0,1.0081698370222036
2026-07-23,2026-07-23 11:25:16,V026,91.0,1.007703843789923
2026-07-23,2026-07-23 11:25:17,V026,90.0,1.008392263664074
2026-07-23,2026-07-23 11:25:18,V026,90.0,1.0078466659200256
2026-07-23,2026-07-23 11:25:19,V026,89.0,1.0076574978295678
2026-07-23,2026-07-23 11:25:20,V026,89.0,1.008758166550893
2026-07-23,2026-07-23 11:25:21,V026,89.0,1.007231041573101
2026-07-23,2026-07-23 11:25:22,V026,88.0,1.0075387998085843
2026-07-23,2026-07-23 11:25:23,V026,88.0,1.0082410925784093
2026-07-23,2026-07-23 11:25:24,V026,88.0,1.0082136343074737
2026-07-23,2026-07-23 11:25:25,V026,88.0,1.0083458615919831
2026-07-23,2026-07-23 11:25:26,V026,88.0,1.007783517806697
2026-07-23,2026-07-23 11:25:27,V026,88.0,1.0080805164602755
2026-07-23,2026-07-23 11:25:28,V026,88.0,1.0086130232460866
2026-07-23,2026-07-23 11:25:29,V026,87.0,1.0077613681821866
2026-07-23,2026-07-23 11:25:30,V026,87.0,1.008483453801836
2026-07-23,2026-07-23 11:25:31,V026,87.0,1.0088246751227352
2026-07-23,2026-07-23 11:25:32,V026,87.0,1.0078548798011662
2026-07-23,2026-07-23 11:25:33,V026,87.0,1.0146538398046039
2026-07-23,2026-07-23 11:25:34,V026,87.0,1.0009127911276292
2026-07-23,2026-07-23 11:25:35,V026,87.0,1.0056107817745903
2026-07-23,2026-07-23 11:25:36,V026,87.0,1.0050675276465924
2026-07-23,2026-07-23 11:25:37,V026,86.0,1.0080409824167462
2026-07-23,2026-07-23 11:25:38,V026,85.0,1.0070564606560979
2026-07-23,2026-07-23 11:25:39,V026,85.0,1.0063093093111943
2026-07-23,2026-07-23 11:25:40,V026,84.0,1.007767030405058
2026-07-23,2026-07-23 11:25:41,V026,83.0,1.00747078805962
2026-07-23,2026-07-23 11:25:42,V026,83.0,1.007179978637712
2026-07-23,2026-07-23 11:25:43,V026,82.0,1.00740954015228
2026-07-23,2026-07-23 11:25:44,V026,83.0,1.0077001929633393
2026-07-23,2026-07-23 11:25:45,V026,84.0,1.0067515918574639
2026-07-23,2026-07-23 11:25:46,V026,84.0,1.0069927717517304
2026-07-23,2026-07-23 11:25:47,V026,85.0,1.007493547321381
2026-07-23,2026-07-23 11:25:48,V026,87.0,1.0074411826092822
2026-07-23,2026-07-23 11:25:49,V026,87.0,1.0073290118786598
2026-07-23,2026-07-23 11:25:50,V026,88.0,1.0070522758733238
2026-07-23,2026-07-23 11:25:51,V026,89.0,1.007287606716134
2026-07-23,2026-07-23 11:25:52,V026,89.0,1.007638051679085
2026-07-23,2026-07-23 11:25:53,V026,89.0,1.007403941072458
2026-07-23,2026-07-23 11:25:54,V026,89.0,1.0071130493652816
2026-07-23,2026-07-23 11:25:55,V026,88.0,1.007636594977515
2026-07-23,2026-07-23 11:25:56,V026,87.0,1.0076620677610506
2026-07-23,2026-07-23 11:25:57,V026,86.0,1.00717914336045
2026-07-23,2026-07-23 11:25:58,V026,86.0,1.0073292897047341
2026-07-23,2026-07-23 11:25:59,V026,86.0,1.0071995503084008
2026-07-23,2026-07-23 11:26:00,V026,86.0,1.0072338614677694
2026-07-23,2026-07-23 11:26:01,V026,87.0,1.0074996049395066
2026-07-23,2026-07-23 11:26:02,V026,87.0,1.0070073843917768
2026-07-23,2026-07-23 11:26:03,V026,87.0,1.00742051142137
2026-07-23,2026-07-23 11:26:04,V026,88.0,1.0081646840415874
2026-07-23,2026-07-23 11:26:05,V026,88.0,1.006503899340892
2026-07-23,2026-07-23 11:26:06,V026,89.0,1.0082267785742358
2026-07-23,2026-07-23 11:26:07,V026,89.0,1.0076998369034047
2026-07-23,2026-07-23 11:26:08,V026,89.0,1.007745377923449
2026-07-23,2026-07-23 11:26:09,V026,89.0,1.007295054075227
2026-07-23,2026-07-23 11:26:10,V026,89.0,1.007704159904775
2026-07-23,2026-07-23 11:26:11,V026,89.0,1.0072339256274858
2026-07-23,2026-07-23 11:26:12,V026,89.0,1.0056420364999834
2026-07-23,2026-07-23 11:26:13,V026,88.0,1.00562613331845
2026-07-23,2026-07-23 11:26:14,V026,88.0,1.005786459274239
2026-07-23,2026-07-23 11:26:15,V026,88.0,1.0043976869364108
2026-07-23,2026-07-23 11:26:16,V026,88.0,1.005412433161616
2026-07-23,2026-07-23 11:26:17,V026,89.0,1.0050877714572914
2026-07-23,2026-07-23 11:26:18,V026,89.0,1.0047625934750535
2026-07-23,2026-07-23 11:26:19,V026,90.0,1.006762826532251
2026-07-23,2026-07-23 11:26:20,V026,90.0,1.0046838863723004
2026-07-23,2026-07-23 11:26:21,V026,91.0,1.0064765038078114
2026-07-23,2026-07-23 11:26:22,V026,92.0,1.0055316748167693
2026-07-23,2026-07-23 11:26:23,V026,93.0,1.0043322425512609
2026-07-23,2026-07-23 11:26:24,V026,94.0,1.0055396223457376
2026-07-23,2026-07-23 11:26:25,V026,94.0,1.0039299180839065
2026-07-23,2026-07-23 11:26:26,V026,94.0,1.0082934382254485
2026-07-23,2026-07-23 11:26:27,V026,95.0,1.0059766813305309
2026-07-23,2026-07-23 11:26:28,V026,95.0,1.0076237795137357
2026-07-23,2026-07-23 11:26:29,V026,95.0,1.0051349533344391
2026-07-23,2026-07-23 11:26:30,V026,95.0,1.0048551197335103
2026-07-23,2026-07-23 11:26:31,V026,95.0,1.0019562161551143
2026-07-23,2026-07-23 11:26:32,V026,95.0,1.0098803710170783
2026-07-23,2026-07-23 11:26:33,V026,95.0,1.0073953475581772
2026-07-23,2026-07-23 11:26:34,V026,96.0,1.0068006822389912
2026-07-23,2026-07-23 11:26:35,V026,97.0,1.0072892638661983
2026-07-23,2026-07-23 11:26:36,V026,97.0,1.0072430965146715
2026-07-23,2026-07-23 11:26:37,V026,97.0,1.0066868609334296
2026-07-23,2026-07-23 11:26:38,V026,97.0,1.0076272545784404
2026-07-23,2026-07-23 11:26:39,V026,97.0,1.0076224143225179
2026-07-23,2026-07-23 11:26:40,V026,97.0,1.0079428336543514
2026-07-23,2026-07-23 11:26:41,V026,97.0,1.0070757261091077
2026-07-23,2026-07-23 11:26:42,V026,96.0,1.007371313656478
2026-07-23,2026-07-23 11:26:43,V026,95.0,1.0064986193696253
2026-07-23,2026-07-23 11:26:44,V026,95.0,1.0073454793854857
2026-07-23,2026-07-23 11:26:45,V026,94.0,1.0070164044128107
2026-07-23,2026-07-23 11:26:46,V026,93.0,1.0072911450509905
2026-07-23,2026-07-23 11:26:47,V026,92.0,1.0071602665106139
2026-07-23,2026-07-23 11:26:48,V026,91.0,1.0085646044111292
2026-07-23,2026-07-23 11:26:49,V026,91.0,1.0076954433443097
2026-07-23,2026-07-23 11:26:50,V026,91.0,1.0074563094889062
2026-07-23,2026-07-23 11:26:51,V026,91.0,1.007585935478524
2026-07-23,2026-07-23 11:26:52,V026,91.0,1.0076127910991637
2026-07-23,2026-07-23 11:26:53,V026,91.0,1.007449549998214
2026-07-23,2026-07-23 11:26:54,V026,90.0,1.0077156806270637
2026-07-23,2026-07-23 11:26:55,V026,90.0,1.007178184367246
2026-07-23,2026-07-23 11:26:56,V026,90.0,1.006603899531159
2026-07-23,2026-07-23 11:26:57,V026,89.0,1.007946882861489
2026-07-23,2026-07-23 11:26:58,V026,88.0,1.0071703786869204
2026-07-23,2026-07-23 11:26:59,V026,88.0,1.0080369967276472
2026-07-23,2026-07-23 11:27:00,V026,88.0,1.0074049768037197
2026-07-23,2026-07-23 11:27:01,V026,88.0,1.0072372359452955
2026-07-23,2026-07-23 11:27:02,V026,88.0,1.0074191871887357
2026-07-23,2026-07-23 11:27:03,V026,89.0,1.0078907051300743
2026-07-23,2026-07-23 11:27:04,V026,89.0,1.007866747939106
2026-07-23,2026-07-23 11:27:05,V026,89.0,1.0071335710530194
2026-07-23,2026-07-23 11:27:06,V026,89.0,1.0078298048350118
2026-07-23,2026-07-23 11:27:07,V026,89.0,1.0075741417071864
2026-07-23,2026-07-23 11:27:08,V026,88.0,1.0066925612584934
2026-07-23,2026-07-23 11:27:09,V026,88.0,1.007244440135426
2026-07-23,2026-07-23 11:27:10,V026,87.0,1.007102726240093
2026-07-23,2026-07-23 11:27:11,V026,87.0,1.0069770757874328
2026-07-23,2026-07-23 11:27:12,V026,88.0,1.0078931167378453
2026-07-23,2026-07-23 11:27:13,V026,89.0,1.0070543476299454
2026-07-23,2026-07-23 11:27:14,V026,89.0,1.0060442476137361
2026-07-23,2026-07-23 11:27:15,V026,89.0,1.0097897212885056
2026-07-23,2026-07-23 11:27:16,V026,89.0,1.007081094766278
2026-07-23,2026-07-23 11:27:17,V026,89.0,1.0071470225993742
2026-07-23,2026-07-23 11:27:18,V026,89.0,1.0081412860046908
2026-07-23,2026-07-23 11:27:19,V026,89.0,1.0079074110618338
2026-07-23,2026-07-23 11:27:20,V026,89.0,1.0076143332771776
2026-07-23,2026-07-23 11:27:21,V026,89.0,1.007238726827442
2026-07-23,2026-07-23 11:27:22,V026,89.0,1.007374732589405
2026-07-23,2026-07-23 11:27:23,V026,90.0,1.0078033185244772
2026-07-23,2026-07-23 11:27:24,V026,90.0,1.007891003782901
2026-07-23,2026-07-23 11:27:25,V026,91.0,1.0081041425453643
2026-07-23,2026-07-23 11:27:26,V026,91.0,1.0077607175630516
2026-07-23,2026-07-23 11:27:27,V026,91.0,1.0072632310256624
2026-07-23,2026-07-23 11:27:28,V026,90.0,1.007264575888519
2026-07-23,2026-07-23 11:27:29,V026,89.0,1.007774490621177
2026-07-23,2026-07-23 11:27:30,V026,89.0,1.0074429779622005
2026-07-23,2026-07-23 11:27:31,V026,89.0,1.008010000424389
2026-07-23,2026-07-23 11:27:32,V026,88.0,1.0086020643357525
2026-07-23,2026-07-23 11:27:33,V026,88.0,1.0071909256901217
2026-07-23,2026-07-23 11:27:34,V026,89.0,1.0079992194925456
2026-07-23,2026-07-23 11:27:35,V026,89.0,1.0076632922075017
2026-07-23,2026-07-23 11:27:36,V026,89.0,1.0072370796066923
2026-07-23,2026-07-23 11:27:37,V026,90.0,1.0078292221769833
2026-07-23,2026-07-23 11:27:38,V026,90.0,1.0081913141348717
2026-07-23,2026-07-23 11:27:39,V026,92.0,1.0082664758816964
2026-07-23,2026-07-23 11:27:40,V026,93.0,1.0070675705119725
2026-07-23,2026-07-23 11:27:41,V026,93.0,1.0069982414590768
2026-07-23,2026-07-23 11:27:42,V026,94.0,1.0059162897981
2026-07-23,2026-07-23 11:27:43,V026,93.0,1.029062362713978
2026-07-23,2026-07-23 11:27:44,V026,90.0,1.0097521989649714
2026-07-23,2026-07-23 11:27:45,V026,89.0,0.9770469186618987
2026-07-23,2026-07-23 11:27:46,V026,89.0,1.204928783892898
2026-07-23,2026-07-23 11:27:47,V026,88.0,0.9692964675296687
2026-07-23,2026-07-23 11:27:48,V026,87.0,0.9879566371494101
2026-07-23,2026-07-23 11:27:49,V026,87.0,1.0046693661382853
2026-07-23,2026-07-23 11:27:50,V026,87.0,0.9879843060237762
2026-07-23,2026-07-23 11:27:51,V026,87.0,1.047160094046743
2026-07-23,2026-07-23 11:27:52,V026,88.0,0.9863356036114629
2026-07-23,2026-07-23 11:27:53,V026,88.0,0.9904768946589481
2026-07-23,2026-07-23 11:27:54,V026,89.0,0.9952696317565126
2026-07-23,2026-07-23 11:27:55,V026,90.0,1.0119406878373869
2026-07-23,2026-07-23 11:27:56,V026,90.0,1.013393416998337
2026-07-23,2026-07-23 11:27:57,V026,91.0,1.0085224918433768
2026-07-23,2026-07-23 11:27:58,V026,92.0,1.0103582302309833
2026-07-23,2026-07-23 11:27:59,V026,93.0,1.009487177547186
2026-07-23,2026-07-23 11:28:00,V026,93.0,1.004180998136688
2026-07-23,2026-07-23 11:28:01,V026,94.0,1.0161465458482826
2026-07-23,2026-07-23 11:28:02,V026,95.0,0.9912749287172132
2026-07-23,2026-07-23 11:28:03,V026,96.0,1.024466170394803
2026-07-23,2026-07-23 11:28:04,V026,96.0,0.9744085214106051
2026-07-23,2026-07-23 11:28:05,V026,97.0,1.0407850699482375
2026-07-23,2026-07-23 11:28:06,V026,98.0,0.9647238654759832
2026-07-23,2026-07-23 11:28:07,V026,100.0,0.990628417158687
2026-07-23,2026-07-23 11:28:08,V026,101.0,0.9845903484749084
2026-07-23,2026-07-23 11:28:09,V026,103.0,0.9984912271722868
2026-07-23,2026-07-23 11:28:10,V026,104.0,1.0223755002988657
2026-07-23,2026-07-23 11:28:11,V026,106.0,1.047861985322817
2026-07-23,2026-07-23 11:28:12,V026,107.0,0.9740307478232918
2026-07-23,2026-07-23 11:28:13,V026,108.0,1.0283273184640591
2026-07-23,2026-07-23 11:28:14,V026,110.0,0.9444877800960849
2026-07-23,2026-07-23 11:28:15,V026,110.0,1.2886435915392647
2026-07-23,2026-07-23 11:28:16,V026,111.0,0.9845709226610694
2026-07-23,2026-07-23 11:28:17,V026,112.0,1.004547155613221
2026-07-23,2026-07-23 11:28:18,V026,113.0,1.0908674642537237
2026-07-23,2026-07-23 11:28:19,V026,113.0,0.9781736616096636
2026-07-23,2026-07-23 11:28:20,V026,113.0,1.0521090943713043
2026-07-23,2026-07-23 11:28:21,V026,113.0,1.061553638904071
2026-07-23,2026-07-23 11:28:22,V026,113.0,1.005221429665906
2026-07-23,2026-07-23 11:28:23,V026,113.0,1.008344585049169
2026-07-23,2026-07-23 11:28:24,V026,113.0,1.0235559335585898
2026-07-23,2026-07-23 11:28:25,V026,113.0,1.0089944444053751
2026-07-23,2026-07-23 11:28:26,V026,113.0,1.2545759461832637
2026-07-23,2026-07-23 11:28:27,V026,113.0,1.0508784522450112
2026-07-23,2026-07-23 11:28:28,V026,113.0,0.9979928045627147
2026-07-23,2026-07-23 11:28:29,V026,114.0,0.9799230670953651
2026-07-23,2026-07-23 11:28:30,V026,114.0,0.9869315919038016
2026-07-23,2026-07-23 11:28:31,V026,114.0,1.007491916399906
2026-07-23,2026-07-23 11:28:32,V026,113.0,0.9995764138269153
2026-07-23,2026-07-23 11:28:33,V026,113.0,1.0295065703877937
2026-07-23,2026-07-23 11:28:34,V026,112.0,0.9829685420828767
2026-07-23,2026-07-23 11:28:35,V026,112.0,0.9776910617904867
2026-07-23,2026-07-23 11:28:36,V026,112.0,0.9763785967980738
2026-07-23,2026-07-23 11:28:37,V026,112.0,1.0250350213443147
2026-07-23,2026-07-23 11:28:38,V026,112.0,0.993358008081196
2026-07-23,2026-07-23 11:28:39,V026,113.0,0.9918714752971797
2026-07-23,2026-07-23 11:28:40,V026,114.0,0.997364457549595
2026-07-23,2026-07-23 11:28:41,V026,115.0,0.9881930460039886
2026-07-23,2026-07-23 11:28:42,V026,115.0,0.9853286239352524
2026-07-23,2026-07-23 11:28:43,V026,116.0,1.0155662897277895
2026-07-23,2026-07-23 11:28:44,V026,116.0,0.9990652815262852
2026-07-23,2026-07-23 11:28:45,V026,116.0,0.9835503444533068
2026-07-23,2026-07-23 11:28:46,V026,117.0,1.0198741497472745
2026-07-23,2026-07-23 11:28:47,V026,117.0,1.011460476197943
2026-07-23,2026-07-23 11:28:48,V026,117.0,1.0131325455588558
2026-07-23,2026-07-23 11:28:49,V026,118.0,1.0088013148289767
2026-07-23,2026-07-23 11:28:50,V026,119.0,1.0187698371134453
2026-07-23,2026-07-23 11:28:51,V026,119.0,0.9868017317679284
2026-07-23,2026-07-23 11:28:52,V026,120.0,0.9850562473100658
2026-07-23,2026-07-23 11:28:53,V026,121.0,1.0080167996829321
2026-07-23,2026-07-23 11:28:54,V026,122.0,0.9762255339811304
2026-07-23,2026-07-23 11:28:55,V026,121.0,1.0322983496305296
2026-07-23,2026-07-23 11:28:56,V026,120.0,1.0286492866482342
2026-07-23,2026-07-23 11:28:57,V026,120.0,0.9871399488381901
2026-07-23,2026-07-23 11:28:58,V026,120.0,1.0011802865714408
2026-07-23,2026-07-23 11:28:59,V026,119.0,1.0175519799098673
2026-07-23,2026-07-23 11:29:00,V026,119.0,1.017805583952757
2026-07-23,2026-07-23 11:29:01,V026,117.0,1.0027062758239291
2026-07-23,2026-07-23 11:29:02,V026,116.0,1.1518108230865673
2026-07-23,2026-07-23 11:29:03,V026,113.0,1.1886575806215847
2026-07-23,2026-07-23 11:29:04,V026,110.0,1.0180574636003985
2026-07-23,2026-07-23 11:29:05,V026,108.0,1.0071558249156074
2026-07-23,2026-07-23 11:29:06,V026,107.0,0.9805018524587767
2026-07-23,2026-07-23 11:29:07,V026,108.0,0.9782718499479635
2026-07-23,2026-07-23 11:29:08,V026,108.0,1.0245406961339893
2026-07-23,2026-07-23 11:29:09,V026,109.0,1.0001379648931619
2026-07-23,2026-07-23 11:29:10,V026,109.0,1.1237574710231155
2026-07-23,2026-07-23 11:29:11,V026,110.0,0.9857956345283242
2026-07-23,2026-07-23 11:29:12,V026,112.0,0.9826070866295259
2026-07-23,2026-07-23 11:29:13,V026,113.0,0.9941264740871849
2026-07-23,2026-07-23 11:29:14,V026,113.0,0.9946357765073078
2026-07-23,2026-07-23 11:29:15,V026,114.0,0.9731918511895674
2026-07-23,2026-07-23 11:29:16,V026,117.0,0.9867445454957787
2026-07-23,2026-07-23 11:29:17,V026,118.0,0.9811744109746251
2026-07-23,2026-07-23 11:29:18,V026,118.0,0.9844442800027
2026-07-23,2026-07-23 11:29:19,V026,118.0,1.0036694848616352
2026-07-23,2026-07-23 11:29:20,V026,119.0,1.0541628404129773
2026-07-23,2026-07-23 11:29:21,V026,119.0,1.0005439540715544
2026-07-23,2026-07-23 11:29:22,V026,119.0,1.0351536640397738
2026-07-23,2026-07-23 11:29:23,V026,119.0,1.0712938358387876
2026-07-23,2026-07-23 11:29:24,V026,119.0,1.003535831555516
2026-07-23,2026-07-23 11:29:25,V026,118.0,1.0063006700121286
2026-07-23,2026-07-23 11:29:26,V026,118.0,1.047017229835709
2026-07-23,2026-07-23 11:29:27,V026,118.0,0.9817363281907121
2026-07-23,2026-07-23 11:29:28,V026,117.0,0.9956763103330527
2026-07-23,2026-07-23 11:29:29,V026,117.0,0.9772973283379647
2026-07-23,2026-07-23 11:29:30,V026,116.0,0.9948351613788438
2026-07-23,2026-07-23 11:29:31,V026,117.0,0.9837182557706835
2026-07-23,2026-07-23 11:29:32,V026,117.0,0.9844222948151929
2026-07-23,2026-07-23 11:29:33,V026,118.0,0.9770219384355618
2026-07-23,2026-07-23 11:29:34,V026,118.0,0.9962569845338213
2026-07-23,2026-07-23 11:29:35,V026,119.0,0.9791912202120477
2026-07-23,2026-07-23 11:29:36,V026,119.0,0.9837971112249583
2026-07-23,2026-07-23 11:29:37,V026,120.0,0.9777295112210319
2026-07-23,2026-07-23 11:29:38,V026,120.0,0.9966919044313087
2026-07-23,2026-07-23 11:29:39,V026,119.0,0.9774103629015205
2026-07-23,2026-07-23 11:29:40,V026,119.0,0.9778062063636285
2026-07-23,2026-07-23 11:29:41,V026,118.0,0.9834407701183334
2026-07-23,2026-07-23 11:29:42,V026,117.0,0.9836596659806576
2026-07-23,2026-07-23 11:29:43,V026,115.0,1.0144466266752568
2026-07-23,2026-07-23 11:29:44,V026,114.0,1.0212885101296634
2026-07-23,2026-07-23 11:29:45,V026,112.0,0.978255072857167
2026-07-23,2026-07-23 11:29:46,V026,111.0,0.9988518601113037
2026-07-23,2026-07-23 11:29:47,V026,110.0,0.979135626439846
2026-07-23,2026-07-23 11:29:48,V026,109.0,0.9770998674415913
2026-07-23,2026-07-23 11:29:49,V026,109.0,0.9858798435736515
2026-07-23,2026-07-23 11:29:50,V026,109.0,1.0099001758418156
2026-07-23,2026-07-23 11:29:51,V026,109.0,1.1299542884440033
2026-07-23,2026-07-23 11:29:52,V026,109.0,1.0063581158508992
2026-07-23,2026-07-23 11:29:53,V026,109.0,0.9341627469015018
2026-07-23,2026-07-23 11:29:54,V026,109.0,1.126886944715651
2026-07-23,2026-07-23 11:29:55,V026,109.0,0.9671021979693797
2026-07-23,2026-07-23 11:29:56,V026,109.0,0.98322010368499
2026-07-23,2026-07-23 11:29:57,V026,109.0,0.9783754173539089
2026-07-23,2026-07-23 11:29:58,V026,109.0,0.979798695560227
2026-07-23,2026-07-23 11:29:59,V026,109.0,1.0268404044074129
2026-07-23,2026-07-23 11:30:00,V026,110.0,0.9846078036891701
2026-07-23,2026-07-23 11:30:01,V026,110.0,0.9979285110389023
2026-07-23,2026-07-23 11:30:02,V026,110.0,1.0598453200963307
2026-07-23,2026-07-23 11:30:03,V026,110.0,1.2618836511339104
2026-07-23,2026-07-23 11:30:04,V026,110.0,1.0288432332316846
2026-07-23,2026-07-23 11:30:05,V026,109.0,1.00626174312371
2026-07-23,2026-07-23 11:30:06,V026,107.0,1.0297252838115296
2026-07-23,2026-07-23 11:30:07,V026,107.0,0.9710952846099797
2026-07-23,2026-07-23 11:30:08,V026,107.0,1.0103907864549742
2026-07-23,2026-07-23 11:30:09,V026,106.0,0.9813185168565737
2026-07-23,2026-07-23 11:30:10,V026,106.0,0.9954472210292836
2026-07-23,2026-07-23 11:30:11,V026,106.0,0.9884757847572662
2026-07-23,2026-07-23 11:30:12,V026,106.0,1.0035643401649865
2026-07-23,2026-07-23 11:30:13,V026,107.0,1.0401362861352192
2026-07-23,2026-07-23 11:30:14,V026,107.0,1.0135604266782616
2026-07-23,2026-07-23 11:30:15,V026,108.0,0.9913202723174368
2026-07-23,2026-07-23 11:30:16,V026,109.0,0.9927190967503383
2026-07-23,2026-07-23 11:30:17,V026,111.0,1.0732315338166896
2026-07-23,2026-07-23 11:30:18,V026,112.0,1.062605160283705
2026-07-23,2026-07-23 11:30:19,V026,113.0,0.9746220691179204
2026-07-23,2026-07-23 11:30:20,V026,114.0,1.0235449243890027
2026-07-23,2026-07-23 11:30:21,V026,114.0,0.9952553610619322
2026-07-23,2026-07-23 11:30:22,V026,115.0,1.0128642393691873
2026-07-23,2026-07-23 11:30:23,V026,115.0,1.0000872087169013
2026-07-23,2026-07-23 11:30:24,V026,116.0,1.0103063674475314
2026-07-23,2026-07-23 11:30:25,V026,116.0,1.0159603426858261
2026-07-23,2026-07-23 11:30:26,V026,116.0,0.9833242205564554
2026-07-23,2026-07-23 11:30:27,V026,115.0,1.0155878128563665
2026-07-23,2026-07-23 11:30:28,V026,115.0,0.9879387437676521
2026-07-23,2026-07-23 11:30:29,V026,114.0,1.012600553719791
2026-07-23,2026-07-23 11:30:30,V026,113.0,0.9911762472835662
2026-07-23,2026-07-23 11:30:31,V026,112.0,1.2859925970743682
2026-07-23,2026-07-23 11:30:32,V026,111.0,1.0490761736707201
2026-07-23,2026-07-23 11:30:33,V026,111.0,0.9868896248006943
2026-07-23,2026-07-23 11:30:34,V026,111.0,0.9796149519144056
2026-07-23,2026-07-23 11:30:35,V026,112.0,1.0118226555704242
2026-07-23,2026-07-23 11:30:36,V026,112.0,0.9760820588784364
2026-07-23,2026-07-23 11:30:37,V026,112.0,0.9751064704577749
2026-07-23,2026-07-23 11:30:38,V026,112.0,0.9898662908797377
2026-07-23,2026-07-23 11:30:39,V026,113.0,1.0081624195212524
2026-07-23,2026-07-23 11:30:40,V026,113.0,1.0094626774233386
2026-07-23,2026-07-23 11:30:41,V026,113.0,1.052423392928209
2026-07-23,2026-07-23 11:30:42,V026,113.0,1.0030767780585452
2026-07-23,2026-07-23 11:30:43,V026,113.0,1.0094449877374176
2026-07-23,2026-07-23 11:30:44,V026,114.0,0.9823954891360546
2026-07-23,2026-07-23 11:30:45,V026,114.0,0.9847641267454121
2026-07-23,2026-07-23 11:30:46,V026,114.0,0.9819623407344106
2026-07-23,2026-07-23 11:30:47,V026,114.0,0.9905631534640084
2026-07-23,2026-07-23 11:30:48,V026,114.0,1.012259752051085
2026-07-23,2026-07-23 11:30:49,V026,115.0,0.9846924392510543
2026-07-23,2026-07-23 11:30:50,V026,115.0,0.997812470774941
2026-07-23,2026-07-23 11:30:51,V026,116.0,0.9943353163883173
2026-07-23,2026-07-23 11:30:52,V026,116.0,0.9893478991500992
2026-07-23,2026-07-23 11:30:53,V026,116.0,0.9972827446943862
2026-07-23,2026-07-23 11:30:54,V026,116.0,0.9529925113484627
2026-07-23,2026-07-23 11:30:55,V026,116.0,1.0012041828687284
2026-07-23,2026-07-23 11:30:56,V026,115.0,1.0252042855723127
2026-07-23,2026-07-23 11:30:57,V026,115.0,0.9979067775823612
2026-07-23,2026-07-23 11:30:58,V026,115.0,0.981893960168939
2026-07-23,2026-07-23 11:30:59,V026,115.0,0.9845323283631586
2026-07-23,2026-07-23 11:31:00,V026,115.0,1.015733953325521
2026-07-23,2026-07-23 11:31:01,V026,114.0,0.9978487981105498
2026-07-23,2026-07-23 11:31:02,V026,114.0,1.0181408110038719
2026-07-23,2026-07-23 11:31:03,V026,114.0,1.0045540727718216
2026-07-23,2026-07-23 11:31:04,V026,113.0,1.0049810956463159
2026-07-23,2026-07-23 11:31:05,V026,114.0,1.0001067494381655
2026-07-23,2026-07-23 11:31:06,V026,114.0,0.9799391631419436
2026-07-23,2026-07-23 11:31:07,V026,114.0,0.9912807873640523
2026-07-23,2026-07-23 11:31:08,V026,114.0,0.9781025377039936
2026-07-23,2026-07-23 11:31:09,V026,115.0,0.980661607390591
2026-07-23,2026-07-23 11:31:10,V026,115.0,0.97843938660919
2026-07-23,2026-07-23 11:31:11,V026,116.0,0.9838410578894362
2026-07-23,2026-07-23 11:31:12,V026,116.0,0.9979146996277227
2026-07-23,2026-07-23 11:31:13,V026,115.0,0.9958087012869253
2026-07-23,2026-07-23 11:31:14,V026,115.0,0.9857845261725335
2026-07-23,2026-07-23 11:31:15,V026,114.0,0.9827648449429299
2026-07-23,2026-07-23 11:31:16,V026,114.0,0.9839599890335599
2026-07-23,2026-07-23 11:31:17,V026,114.0,0.9840780979975274
2026-07-23,2026-07-23 11:31:18,V026,114.0,0.982307140911511
2026-07-23,2026-07-23 11:31:19,V026,114.0,0.9863292739873681
2026-07-23,2026-07-23 11:31:20,V026,114.0,0.9907907001106449
2026-07-23,2026-07-23 11:31:21,V026,114.0,0.9867516194415662
2026-07-23,2026-07-23 11:31:22,V026,114.0,0.9816055026592679
2026-07-23,2026-07-23 11:31:23,V026,113.0,0.9807989365921064
2026-07-23,2026-07-23 11:31:24,V026,113.0,0.9941739732366782
2026-07-23,2026-07-23 11:31:25,V026,112.0,0.9735920767050619
2026-07-23,2026-07-23 11:31:26,V026,112.0,0.9800927400944516
2026-07-23,2026-07-23 11:31:27,V026,111.0,0.9765994135411247
2026-07-23,2026-07-23 11:31:28,V026,110.0,0.9865455041244058
2026-07-23,2026-07-23 11:31:29,V026,110.0,0.9933385620301791
2026-07-23,2026-07-23 11:31:30,V026,109.0,1.015411018764628
2026-07-23,2026-07-23 11:31:31,V026,108.0,0.9962307887840613
2026-07-23,2026-07-23 11:31:32,V026,107.0,1.0206469443753299
2026-07-23,2026-07-23 11:31:33,V026,107.0,0.9816015469983332
2026-07-23,2026-07-23 11:31:34,V026,106.0,1.0000765619674405
2026-07-23,2026-07-23 11:31:35,V026,106.0,1.0351703117377649
2026-07-23,2026-07-23 11:31:36,V026,106.0,0.9712309148867481
2026-07-23,2026-07-23 11:31:37,V026,106.0,1.0455192562207372
2026-07-23,2026-07-23 11:31:38,V026,107.0,1.025705029802606
2026-07-23,2026-07-23 11:31:39,V026,107.0,0.9942069364096866
2026-07-23,2026-07-23 11:31:40,V026,107.0,0.9961285094428063
2026-07-23,2026-07-23 11:31:41,V026,107.0,0.9855601549753343
2026-07-23,2026-07-23 11:31:42,V026,107.0,0.988380309653134
2026-07-23,2026-07-23 11:31:43,V026,108.0,0.9771666396313564
2026-07-23,2026-07-23 11:31:44,V026,108.0,0.9784430023849764
2026-07-23,2026-07-23 11:31:45,V026,108.0,0.9756842687149672
2026-07-23,2026-07-23 11:31:46,V026,108.0,0.9763084033606931
2026-07-23,2026-07-23 11:31:47,V026,108.0,0.9753937747400874
2026-07-23,2026-07-23 11:31:48,V026,109.0,0.9764358425708504
2026-07-23,2026-07-23 11:31:49,V026,109.0,0.9795479561916072
2026-07-23,2026-07-23 11:31:50,V026,109.0,1.0039227244338513
2026-07-23,2026-07-23 11:31:51,V026,109.0,0.9571224371048009
2026-07-23,2026-07-23 11:31:52,V026,109.0,1.0545680061114058
2026-07-23,2026-07-23 11:31:53,V026,109.0,1.0939247627034578
2026-07-23,2026-07-23 11:31:54,V026,109.0,1.0595498649411572
2026-07-23,2026-07-23 11:31:55,V026,109.0,0.9989331642712073
2026-07-23,2026-07-23 11:31:56,V026,109.0,1.0349999767058942
2026-07-23,2026-07-23 11:31:57,V026,108.0,0.9858351986958974
2026-07-23,2026-07-23 11:31:58,V026,107.0,1.0005743250726056
2026-07-23,2026-07-23 11:31:59,V026,105.0,1.0014675108070974
2026-07-23,2026-07-23 11:32:00,V026,105.0,1.002625474281321
2026-07-23,2026-07-23 11:32:01,V026,104.0,1.0025492994617153
2026-07-23,2026-07-23 11:32:02,V026,104.0,1.000863399143534
2026-07-23,2026-07-23 11:32:03,V026,104.0,1.003985339495098
2026-07-23,2026-07-23 11:32:04,V026,104.0,0.9996033957105667
2026-07-23,2026-07-23 11:32:05,V026,104.0,1.003721275885161
2026-07-23,2026-07-23 11:32:06,V026,104.0,1.0024349151681096
2026-07-23,2026-07-23 11:32:07,V026,104.0,1.003948825511864
2026-07-23,2026-07-23 11:32:08,V026,104.0,1.0025807765262187
2026-07-23,2026-07-23 11:32:09,V026,104.0,1.003325435864642
2026-07-23,2026-07-23 11:32:10,V026,104.0,1.0037663055274395
2026-07-23,2026-07-23 11:32:11,V026,105.0,1.0038597549451482
2026-07-23,2026-07-23 11:32:12,V026,105.0,1.0046272390127435
2026-07-23,2026-07-23 11:32:13,V026,105.0,1.0036505947495151
2026-07-23,2026-07-23 11:32:14,V026,105.0,1.0030954178608475
2026-07-23,2026-07-23 11:32:15,V026,105.0,1.0032450036782854
2026-07-23,2026-07-23 11:32:16,V026,106.0,1.0041393211713665
2026-07-23,2026-07-23 11:32:17,V026,105.0,1.0037604748496447
2026-07-23,2026-07-23 11:32:18,V026,105.0,1.0038861631578697
2026-07-23,2026-07-23 11:32:19,V026,104.0,1.0042773593362757
2026-07-23,2026-07-23 11:32:20,V026,104.0,1.0045032822487558
2026-07-23,2026-07-23 11:32:21,V026,103.0,1.0040471908993838
2026-07-23,2026-07-23 11:32:22,V026,101.0,1.0043093762814146
2026-07-23,2026-07-23 11:32:23,V026,99.0,1.0052418051004244
2026-07-23,2026-07-23 11:32:24,V026,98.0,1.0026253916317258
2026-07-23,2026-07-23 11:32:25,V026,96.0,1.0032109307829418
2026-07-23,2026-07-23 11:32:26,V026,94.0,1.0048251776183783
2026-07-23,2026-07-23 11:32:27,V026,91.0,1.0038720100211578
2026-07-23,2026-07-23 11:32:28,V026,87.0,1.0037699590668883
2026-07-23,2026-07-23 11:32:29,V026,86.0,1.0035480308392355
2026-07-23,2026-07-23 11:32:30,V026,86.0,1.0045857409055592
2026-07-23,2026-07-23 11:32:31,V026,85.0,1.0037238021866635
2026-07-23,2026-07-23 11:32:32,V026,83.0,1.002981196248065
2026-07-23,2026-07-23 11:32:33,V026,83.0,1.0033929013466483
2026-07-23,2026-07-23 11:32:34,V026,83.0,1.0028064644209331
2026-07-23,2026-07-23 11:32:35,V026,84.0,1.0038844536549827
2026-07-23,2026-07-23 11:32:36,V026,84.0,1.0025684058522562
2026-07-23,2026-07-23 11:32:37,V026,85.0,1.0033115996443867
2026-07-23,2026-07-23 11:32:38,V026,86.0,1.0023999147347187
2026-07-23,2026-07-23 11:32:39,V026,87.0,1.0024605539646996
2026-07-23,2026-07-23 11:32:40,V026,87.0,1.0024653809817945
2026-07-23,2026-07-23 11:32:41,V026,88.0,1.0026485829745122
2026-07-23,2026-07-23 11:32:42,V026,88.0,1.0025513015076972
2026-07-23,2026-07-23 11:32:43,V026,88.0,1.0040138973437662
2026-07-23,2026-07-23 11:32:44,V026,88.0,1.0029144559393546
2026-07-23,2026-07-23 11:32:45,V026,88.0,1.00400603531041
2026-07-23,2026-07-23 11:32:46,V026,88.0,1.003224896244548
2026-07-23,2026-07-23 11:32:47,V026,87.0,1.0026313850204558
2026-07-23,2026-07-23 11:32:48,V026,87.0,1.0036091282683939
2026-07-23,2026-07-23 11:32:49,V026,87.0,1.0021939400238908
2026-07-23,2026-07-23 11:32:50,V026,86.0,1.0019954689070714
2026-07-23,2026-07-23 11:32:51,V026,86.0,1.002739008345152
2026-07-23,2026-07-23 11:32:52,V026,86.0,1.0040089932671432
2026-07-23,2026-07-23 11:32:53,V026,86.0,1.0030288195005792
2026-07-23,2026-07-23 11:32:54,V026,85.0,1.003020103058936
2026-07-23,2026-07-23 11:32:55,V026,85.0,1.0020249738629636
2026-07-23,2026-07-23 11:32:56,V026,85.0,1.0021782642860462
2026-07-23,2026-07-23 11:32:57,V026,85.0,1.0027481573016797
2026-07-23,2026-07-23 11:32:58,V026,85.0,1.0026949746556804
2026-07-23,2026-07-23 11:32:59,V026,85.0,1.0021150162192358
2026-07-23,2026-07-23 11:33:00,V026,85.0,1.0026715139758713
2026-07-23,2026-07-23 11:33:01,V026,85.0,1.0039709102069692
2026-07-23,2026-07-23 11:33:02,V026,86.0,1.004149830408026
2026-07-23,2026-07-23 11:33:03,V026,86.0,1.004593485258714
2026-07-23,2026-07-23 11:33:04,V026,86.0,1.0026543039235325
2026-07-23,2026-07-23 11:33:05,V026,86.0,1.0026671898230355
2026-07-23,2026-07-23 11:33:06,V026,85.0,1.0034614388820564
2026-07-23,2026-07-23 11:33:07,V026,85.0,1.0066534709995365
2026-07-23,2026-07-23 11:33:08,V026,85.0,1.0048904808310357
2026-07-23,2026-07-23 11:33:09,V026,85.0,1.0038388520972577
2026-07-23,2026-07-23 11:33:10,V026,85.0,1.0037635931936129
2026-07-23,2026-07-23 11:33:11,V026,85.0,1.003246024431627
2026-07-23,2026-07-23 11:33:12,V026,85.0,1.0052629241445927
2026-07-23,2026-07-23 11:33:13,V026,85.0,1.0044908812181943
2026-07-23,2026-07-23 11:33:14,V026,85.0,1.0043552201530392
2026-07-23,2026-07-23 11:33:15,V026,85.0,1.003748761898892
2026-07-23,2026-07-23 11:33:16,V026,85.0,1.0006729031072545
2026-07-23,2026-07-23 11:33:17,V026,86.0,1.0074735218411066
2026-07-23,2026-07-23 11:33:18,V026,87.0,1.0066840850910554
2026-07-23,2026-07-23 11:33:19,V026,88.0,1.0069239946264725
2026-07-23,2026-07-23 11:33:20,V026,89.0,1.008374123405142
2026-07-23,2026-07-23 11:33:21,V026,90.0,1.0066047741011208
2026-07-23,2026-07-23 11:33:22,V026,91.0,1.0063650335848582
2026-07-23,2026-07-23 11:33:23,V026,91.0,1.0075369041981286
2026-07-23,2026-07-23 11:33:24,V026,91.0,1.0059916574754761
2026-07-23,2026-07-23 11:33:25,V026,91.0,1.005838952566547
2026-07-23,2026-07-23 11:33:26,V026,92.0,1.0063584915828037
2026-07-23,2026-07-23 11:33:27,V026,92.0,1.0061841024406095
2026-07-23,2026-07-23 11:33:28,V026,92.0,1.0063681444697838
2026-07-23,2026-07-23 11:33:29,V026,92.0,1.0068192857781362
2026-07-23,2026-07-23 11:33:30,V026,92.0,1.0067145246315132
2026-07-23,2026-07-23 11:33:31,V026,91.0,1.0058387831056659
2026-07-23,2026-07-23 11:33:32,V026,90.0,1.0064714010137852
2026-07-23,2026-07-23 11:33:33,V026,89.0,1.0068527494872794
2026-07-23,2026-07-23 11:33:34,V026,88.0,1.0064231981000014
2026-07-23,2026-07-23 11:33:35,V026,87.0,1.0058558005797549
2026-07-23,2026-07-23 11:33:36,V026,87.0,1.0050968246235068
2026-07-23,2026-07-23 11:33:37,V026,86.0,1.0078780278825128
2026-07-23,2026-07-23 11:33:38,V026,85.0,1.0058150030684432
2026-07-23,2026-07-23 11:33:39,V026,85.0,1.0067138188090332
2026-07-23,2026-07-23 11:33:40,V026,85.0,1.0062684233893926
2026-07-23,2026-07-23 11:33:41,V026,86.0,1.0047378913688079
2026-07-23,2026-07-23 11:33:42,V026,86.0,0.9953163567444189
2026-07-23,2026-07-23 11:33:43,V026,86.0,1.0039302193482582
2026-07-23,2026-07-23 11:33:44,V026,87.0,1.0035321813115137
2026-07-23,2026-07-23 11:33:45,V026,87.0,1.004098326914142
2026-07-23,2026-07-23 11:33:46,V026,87.0,1.0038415758361976
2026-07-23,2026-07-23 11:33:47,V026,87.0,1.0032299804986942
2026-07-23,2026-07-23 11:33:48,V026,88.0,1.0033366918390427
2026-07-23,2026-07-23 11:33:49,V026,88.0,1.0034817726635838
2026-07-23,2026-07-23 11:33:50,V026,88.0,1.0029861841441905
2026-07-23,2026-07-23 11:33:51,V026,89.0,1.0035591191485789
2026-07-23,2026-07-23 11:33:52,V026,89.0,1.004037791331898
2026-07-23,2026-07-23 11:33:53,V026,89.0,1.003773268794794
2026-07-23,2026-07-23 11:33:54,V026,90.0,1.0037637621728612
2026-07-23,2026-07-23 11:33:55,V026,89.0,1.0041003697971544
2026-07-23,2026-07-23 11:33:56,V026,87.0,1.0036770203487522
2026-07-23,2026-07-23 11:33:57,V026,87.0,1.003440494666188
2026-07-23,2026-07-23 11:33:58,V026,87.0,1.0035847974822056
2026-07-23,2026-07-23 11:33:59,V026,86.0,1.0038144180044133
2026-07-23,2026-07-23 11:34:00,V026,86.0,1.0035454750936879
2026-07-23,2026-07-23 11:34:01,V026,86.0,1.0036070158653652
2026-07-23,2026-07-23 11:34:02,V026,86.0,1.0030701406271871
2026-07-23,2026-07-23 11:34:03,V026,87.0,1.00463757427553
2026-07-23,2026-07-23 11:34:04,V026,87.0,1.0030348098146624
2026-07-23,2026-07-23 11:34:05,V026,87.0,1.0034100378780966
2026-07-23,2026-07-23 11:34:06,V026,88.0,1.00327879912349
2026-07-23,2026-07-23 11:34:07,V026,88.0,1.0038893708196297
2026-07-23,2026-07-23 11:34:08,V026,88.0,1.0036986961663623
2026-07-23,2026-07-23 11:34:09,V026,88.0,1.0038642821555812
2026-07-23,2026-07-23 11:34:10,V026,88.0,1.0035647189932766
2026-07-23,2026-07-23 11:34:11,V026,88.0,1.0034217732310984
2026-07-23,2026-07-23 11:34:12,V026,87.0,1.0032558726905134
2026-07-23,2026-07-23 11:34:13,V026,86.0,1.0033965808200755
2026-07-23,2026-07-23 11:34:14,V026,86.0,1.0033335128394305
2026-07-23,2026-07-23 11:34:15,V026,85.0,1.0029517874982625
2026-07-23,2026-07-23 11:34:16,V026,85.0,1.0025745976051097
2026-07-23,2026-07-23 11:34:17,V026,84.0,1.0037922958131105
2026-07-23,2026-07-23 11:34:18,V026,84.0,1.0030349367077676
2026-07-23,2026-07-23 11:34:19,V026,84.0,1.006810914326769
2026-07-23,2026-07-23 11:34:20,V026,84.0,1.0049810339206495
2026-07-23,2026-07-23 11:34:21,V026,85.0,1.0036594717587806
2026-07-23,2026-07-23 11:34:22,V026,86.0,1.004513338920876
2026-07-23,2026-07-23 11:34:23,V026,86.0,1.0024205469456364
2026-07-23,2026-07-23 11:34:24,V026,87.0,1.0033379769801085
2026-07-23,2026-07-23 11:34:25,V026,87.0,1.003355583335545
2026-07-23,2026-07-23 11:34:26,V026,87.0,1.0047807800588346
2026-07-23,2026-07-23 11:34:27,V026,86.0,1.0034901213907104
2026-07-23,2026-07-23 11:34:28,V026,85.0,1.0028962744744572
2026-07-23,2026-07-23 11:34:29,V026,85.0,1.0027324136490547
2026-07-23,2026-07-23 11:34:30,V026,85.0,1.003354160377844
2026-07-23,2026-07-23 11:34:31,V026,85.0,1.0027448115162947
2026-07-23,2026-07-23 11:34:32,V026,85.0,1.003280325083735
2026-07-23,2026-07-23 11:34:33,V026,85.0,1.002816520510266
2026-07-23,2026-07-23 11:34:34,V026,85.0,1.0024963236855253
2026-07-23,2026-07-23 11:34:35,V026,86.0,1.0035982551794946
2026-07-23,2026-07-23 11:34:36,V026,86.0,1.0030362022498764
2026-07-23,2026-07-23 11:34:37,V026,86.0,1.0022396876677406
2026-07-23,2026-07-23 11:34:38,V026,87.0,1.0032261791163533
2026-07-23,2026-07-23 11:34:39,V026,87.0,1.0028357557235863
2026-07-23,2026-07-23 11:34:40,V026,87.0,1.0032314177484165
2026-07-23,2026-07-23 11:34:41,V026,86.0,1.0028683207960343
2026-07-23,2026-07-23 11:34:42,V026,86.0,1.0035052418443045
2026-07-23,2026-07-23 11:34:43,V026,85.0,1.0034707279023176
2026-07-23,2026-07-23 11:34:44,V026,84.0,1.0030194867057094
2026-07-23,2026-07-23 11:34:45,V026,83.0,1.0031277479873477
2026-07-23,2026-07-23 11:34:46,V026,83.0,1.0034636748452606
2026-07-23,2026-07-23 11:34:47,V026,82.0,1.0042696744271544
2026-07-23,2026-07-23 11:34:48,V026,82.0,1.0030726437223016
2026-07-23,2026-07-23 11:34:49,V026,82.0,1.0025167193008895
2026-07-23,2026-07-23 11:34:50,V026,83.0,1.0030534653098624
2026-07-23,2026-07-23 11:34:51,V026,84.0,1.0029909265768977
2026-07-23,2026-07-23 11:34:52,V026,84.0,1.0038775748266417
2026-07-23,2026-07-23 11:34:53,V026,83.0,1.0032907659520278
2026-07-23,2026-07-23 11:34:54,V026,82.0,1.002598640225679
2026-07-23,2026-07-23 11:34:55,V026,81.0,1.003222890701256
2026-07-23,2026-07-23 11:34:56,V026,81.0,1.002212844165464
2026-07-23,2026-07-23 11:34:57,V026,81.0,1.0030313807350264
2026-07-23,2026-07-23 11:34:58,V026,82.0,1.0026834043535362
2026-07-23,2026-07-23 11:34:59,V026,82.0,1.0042551780074274
2026-07-23,2026-07-23 11:35:00,V026,83.0,0.9949344379786348
2026-07-23,2026-07-23 11:35:01,V026,83.0,0.9996202388362619
2026-07-23,2026-07-23 11:35:02,V026,83.0,1.0011332179496204
2026-07-23,2026-07-23 11:35:03,V026,84.0,1.0014089207922348
2026-07-23,2026-07-23 11:35:04,V026,84.0,1.0011106526604088
2026-07-23,2026-07-23 11:35:05,V026,85.0,1.001477726469432
2026-07-23,2026-07-23 11:35:06,V026,86.0,1.0011087648481825
2026-07-23,2026-07-23 11:35:07,V026,86.0,1.000506759313256
2026-07-23,2026-07-23 11:35:08,V026,86.0,1.0014412207003895
2026-07-23,2026-07-23 11:35:09,V026,87.0,1.0004437908370518
2026-07-23,2026-07-23 11:35:10,V026,87.0,1.0014362747141239
2026-07-23,2026-07-23 11:35:11,V026,88.0,1.0011375784499772
2026-07-23,2026-07-23 11:35:12,V026,90.0,1.0006650157320012
2026-07-23,2026-07-23 11:35:13,V026,91.0,1.001111194331365
2026-07-23,2026-07-23 11:35:14,V026,91.0,1.00185348491577
2026-07-23,2026-07-23 11:35:15,V026,91.0,1.0014085000079262
2026-07-23,2026-07-23 11:35:16,V026,92.0,1.0019499446388926
2026-07-23,2026-07-23 11:35:17,V026,91.0,1.0071018899322257
2026-07-23,2026-07-23 11:35:18,V026,91.0,1.0083417958009464
2026-07-23,2026-07-23 11:35:19,V026,90.0,1.0119212949397187
2026-07-23,2026-07-23 11:35:20,V026,90.0,1.0098750543240025
2026-07-23,2026-07-23 11:35:21,V026,89.0,1.007486171028821
2026-07-23,2026-07-23 11:35:22,V026,88.0,1.0069581931627432
2026-07-23,2026-07-23 11:35:23,V026,87.0,1.0069058797963881
2026-07-23,2026-07-23 11:35:24,V026,85.0,1.006460661113554
2026-07-23,2026-07-23 11:35:25,V026,85.0,1.0072870193604275
2026-07-23,2026-07-23 11:35:26,V026,85.0,1.0064566303407438
2026-07-23,2026-07-23 11:35:27,V026,86.0,1.0055913147244322
2026-07-23,2026-07-23 11:35:28,V026,88.0,1.006344666832043
2026-07-23,2026-07-23 11:35:29,V026,89.0,1.006805394487089
2026-07-23,2026-07-23 11:35:30,V026,89.0,1.0060220802880446
2026-07-23,2026-07-23 11:35:31,V026,90.0,1.0063806648660365
2026-07-23,2026-07-23 11:35:32,V026,91.0,1.006052062395643
2026-07-23,2026-07-23 11:35:33,V026,91.0,1.005687963107831
2026-07-23,2026-07-23 11:35:34,V026,91.0,1.0062354910067743
2026-07-23,2026-07-23 11:35:35,V026,91.0,1.0066880023727978
2026-07-23,2026-07-23 11:35:36,V026,91.0,1.0063437225542107
2026-07-23,2026-07-23 11:35:37,V026,90.0,1.0058501280196275
2026-07-23,2026-07-23 11:35:38,V026,90.0,1.0064908395313588
2026-07-23,2026-07-23 11:35:39,V026,90.0,1.0065322049411143
2026-07-23,2026-07-23 11:35:40,V026,90.0,1.0063456934557904
2026-07-23,2026-07-23 11:35:41,V026,90.0,1.0059295763015224
2026-07-23,2026-07-23 11:35:42,V026,90.0,1.0063133322785194
2026-07-23,2026-07-23 11:35:43,V026,90.0,1.0061398776264683
2026-07-23,2026-07-23 11:35:44,V026,89.0,1.0060039152280513
2026-07-23,2026-07-23 11:35:45,V026,88.0,1.004767343222787
2026-07-23,2026-07-23 11:35:46,V026,88.0,1.0056198108075052
2026-07-23,2026-07-23 11:35:47,V026,87.0,1.0056318515382163
2026-07-23,2026-07-23 11:35:48,V026,87.0,1.005826489414294
2026-07-23,2026-07-23 11:35:49,V026,86.0,1.0058657345771445
2026-07-23,2026-07-23 11:35:50,V026,86.0,1.0062566472036627
2026-07-23,2026-07-23 11:35:51,V026,86.0,1.0045310165979333
2026-07-23,2026-07-23 11:35:52,V026,86.0,1.0048414908643806
2026-07-23,2026-07-23 11:35:53,V026,87.0,1.0054154671966122
2026-07-23,2026-07-23 11:35:54,V026,87.0,1.0065614255439512
2026-07-23,2026-07-23 11:35:55,V026,87.0,1.0059083355183647
2026-07-23,2026-07-23 11:35:56,V026,87.0,1.005287030319016
2026-07-23,2026-07-23 11:35:57,V026,86.0,1.0042292732876046
2026-07-23,2026-07-23 11:35:58,V026,86.0,1.0036785423359174
2026-07-23,2026-07-23 11:35:59,V026,86.0,1.0044426559272683
2026-07-23,2026-07-23 11:36:00,V026,86.0,1.0066337398885903
2026-07-23,2026-07-23 11:36:01,V026,86.0,1.0060839291401111
2026-07-23,2026-07-23 11:36:02,V026,86.0,1.0058044516710247
2026-07-23,2026-07-23 11:36:03,V026,86.0,1.0051811409703122
2026-07-23,2026-07-23 11:36:04,V026,86.0,1.0039500856906678
2026-07-23,2026-07-23 11:36:05,V026,87.0,1.004151940532717
2026-07-23,2026-07-23 11:36:06,V026,88.0,1.004929539582769
2026-07-23,2026-07-23 11:36:07,V026,89.0,1.0050751859666758
2026-07-23,2026-07-23 11:36:08,V026,90.0,1.0052380966745418
2026-07-23,2026-07-23 11:36:09,V026,91.0,1.0043934208324694
2026-07-23,2026-07-23 11:36:10,V026,92.0,1.0051977414676412
2026-07-23,2026-07-23 11:36:11,V026,93.0,1.0054423561873094
2026-07-23,2026-07-23 11:36:12,V026,93.0,1.00434871528939
2026-07-23,2026-07-23 11:36:13,V026,93.0,1.005546899485417
2026-07-23,2026-07-23 11:36:14,V026,94.0,1.0047738261116013
2026-07-23,2026-07-23 11:36:15,V026,93.0,1.0046701204773754
2026-07-23,2026-07-23 11:36:16,V026,93.0,1.0033189362829738
2026-07-23,2026-07-23 11:36:17,V026,91.0,1.0046135334733042
2026-07-23,2026-07-23 11:36:18,V026,90.0,1.0041488619628227
2026-07-23,2026-07-23 11:36:19,V026,89.0,1.004108294682257
2026-07-23,2026-07-23 11:36:20,V026,89.0,1.004010683216968
2026-07-23,2026-07-23 11:36:21,V026,89.0,1.0047417397863854
2026-07-23,2026-07-23 11:36:22,V026,89.0,1.0050225302506568
2026-07-23,2026-07-23 11:36:23,V026,89.0,1.0046014787485922
2026-07-23,2026-07-23 11:36:24,V026,89.0,1.0046987667059792
2026-07-23,2026-07-23 11:36:25,V026,89.0,1.0050697529714332
2026-07-23,2026-07-23 11:36:26,V026,89.0,1.0038598409302506
2026-07-23,2026-07-23 11:36:27,V026,88.0,1.003714520287155
2026-07-23,2026-07-23 11:36:28,V026,88.0,1.0022479853165864
2026-07-23,2026-07-23 11:36:29,V026,88.0,1.0048741613357228
2026-07-23,2026-07-23 11:36:30,V026,88.0,1.0036244603526279
2026-07-23,2026-07-23 11:36:31,V026,87.0,1.0044050669601132
2026-07-23,2026-07-23 11:36:32,V026,87.0,1.0053150468761787
2026-07-23,2026-07-23 11:36:33,V026,86.0,1.003596549294099
2026-07-23,2026-07-23 11:36:34,V026,85.0,1.0044763152396137
2026-07-23,2026-07-23 11:36:35,V026,85.0,1.003780201772509
2026-07-23,2026-07-23 11:36:36,V026,84.0,1.0033753653933157
2026-07-23,2026-07-23 11:36:37,V026,84.0,1.0021691423837977
2026-07-23,2026-07-23 11:36:38,V026,84.0,1.0035403165491932
2026-07-23,2026-07-23 11:36:39,V026,85.0,1.0034648940973592
2026-07-23,2026-07-23 11:36:40,V026,85.0,1.0037741742533584
2026-07-23,2026-07-23 11:36:41,V026,85.0,1.0045329054138585
2026-07-23,2026-07-23 11:36:42,V026,84.0,1.0039948079827488
2026-07-23,2026-07-23 11:36:43,V026,84.0,1.0034638113573755
2026-07-23,2026-07-23 11:36:44,V026,85.0,1.003824680453402
2026-07-23,2026-07-23 11:36:45,V026,85.0,1.0034822143782214
2026-07-23,2026-07-23 11:36:46,V026,86.0,1.0035968572481846
2026-07-23,2026-07-23 11:36:47,V026,86.0,1.0037854477114998
2026-07-23,2026-07-23 11:36:48,V026,86.0,1.0034055265119919
2026-07-23,2026-07-23 11:36:49,V026,86.0,1.0033342475449414
2026-07-23,2026-07-23 11:36:50,V026,86.0,1.0052862220993908
2026-07-23,2026-07-23 11:36:51,V026,86.0,1.0043713868221666
2026-07-23,2026-07-23 11:36:52,V026,86.0,1.0033527729156246
2026-07-23,2026-07-23 11:36:53,V026,87.0,1.0041176235677387
2026-07-23,2026-07-23 11:36:54,V026,87.0,1.0042595632402849
2026-07-23,2026-07-23 11:36:55,V026,86.0,1.0034929679629687
2026-07-23,2026-07-23 11:36:56,V026,85.0,1.0033761120031448
2026-07-23,2026-07-23 11:36:57,V026,84.0,1.0039309495747526
2026-07-23,2026-07-23 11:36:58,V026,84.0,1.00363713108213
2026-07-23,2026-07-23 11:36:59,V026,84.0,1.0043828136411799
2026-07-23,2026-07-23 11:37:00,V026,84.0,1.0054053185737575
2026-07-23,2026-07-23 11:37:01,V026,85.0,1.0040915476582337
2026-07-23,2026-07-23 11:37:02,V026,85.0,1.0053524023854201
2026-07-23,2026-07-23 11:37:03,V026,86.0,1.0029819037468386
2026-07-23,2026-07-23 11:37:04,V026,86.0,1.0041134667994156
2026-07-23,2026-07-23 11:37:05,V026,86.0,1.00420241353945
2026-07-23,2026-07-23 11:37:06,V026,86.0,1.0046382396326665
2026-07-23,2026-07-23 11:37:07,V026,86.0,1.0025733000176045
2026-07-23,2026-07-23 11:37:08,V026,86.0,1.0077351467686937
2026-07-23,2026-07-23 11:37:09,V026,86.0,1.0021581948970366
2026-07-23,2026-07-23 11:37:10,V026,86.0,1.003457663588089
2026-07-23,2026-07-23 11:37:11,V026,86.0,1.0032751459100928
2026-07-23,2026-07-23 11:37:12,V026,85.0,1.0030720757308447
2026-07-23,2026-07-23 11:37:13,V026,85.0,1.002491815036726
2026-07-23,2026-07-23 11:37:14,V026,85.0,1.0041324194340358
2026-07-23,2026-07-23 11:37:15,V026,84.0,1.003398913973762
2026-07-23,2026-07-23 11:37:16,V026,85.0,1.0042856829218407
2026-07-23,2026-07-23 11:37:17,V026,86.0,1.0037070624806559
2026-07-23,2026-07-23 11:37:18,V026,86.0,1.0041775427179218
2026-07-23,2026-07-23 11:37:19,V026,87.0,1.0033971726740025
2026-07-23,2026-07-23 11:37:20,V026,88.0,1.0036010203648678
2026-07-23,2026-07-23 11:37:21,V026,89.0,1.0035484822090894
2026-07-23,2026-07-23 11:37:22,V026,89.0,1.0034826961850445
2026-07-23,2026-07-23 11:37:23,V026,89.0,1.0039952215951786
2026-07-23,2026-07-23 11:37:24,V026,89.0,1.003737836165794
2026-07-23,2026-07-23 11:37:25,V026,89.0,1.0035750551510292
2026-07-23,2026-07-23 11:37:26,V026,89.0,1.0037245808386286
2026-07-23,2026-07-23 11:37:27,V026,88.0,1.003357672203042
2026-07-23,2026-07-23 11:37:28,V026,88.0,1.004117176507194
2026-07-23,2026-07-23 11:37:29,V026,87.0,1.0034339166324875
2026-07-23,2026-07-23 11:37:30,V026,87.0,1.0033285230431457
2026-07-23,2026-07-23 11:37:31,V026,87.0,1.0036129199274144
2026-07-23,2026-07-23 11:37:32,V026,86.0,1.0032323478725629
2026-07-23,2026-07-23 11:37:33,V026,87.0,1.0033690574973548
2026-07-23,2026-07-23 11:37:34,V026,87.0,1.0029242963426377
2026-07-23,2026-07-23 11:37:35,V026,88.0,1.003935535534863
2026-07-23,2026-07-23 11:37:36,V026,89.0,1.0030831294210698
2026-07-23,2026-07-23 11:37:37,V026,89.0,1.0033363837132827
2026-07-23,2026-07-23 11:37:38,V026,89.0,1.003448549598118
2026-07-23,2026-07-23 11:37:39,V026,88.0,1.0035983984187853
2026-07-23,2026-07-23 11:37:40,V026,88.0,1.0040462908094627
2026-07-23,2026-07-23 11:37:41,V026,87.0,1.0031679888763285
2026-07-23,2026-07-23 11:37:42,V026,86.0,1.0040228432449374
2026-07-23,2026-07-23 11:37:43,V026,86.0,1.0026119700225316
2026-07-23,2026-07-23 11:37:44,V026,85.0,1.0026748709383073
2026-07-23,2026-07-23 11:37:45,V026,85.0,1.003420574111692
2026-07-23,2026-07-23 11:37:46,V026,84.0,1.0038581988413946
2026-07-23,2026-07-23 11:37:47,V026,84.0,1.0032151771370974
2026-07-23,2026-07-23 11:37:48,V026,84.0,1.0037562789029604
2026-07-23,2026-07-23 11:37:49,V026,84.0,1.0042154503968328
2026-07-23,2026-07-23 11:37:50,V026,85.0,1.003120064691333
2026-07-23,2026-07-23 11:37:51,V026,86.0,1.0037715318140779
2026-07-23,2026-07-23 11:37:52,V026,86.0,1.0035287726902722
2026-07-23,2026-07-23 11:37:53,V026,87.0,1.003570898180679
2026-07-23,2026-07-23 11:37:54,V026,88.0,1.0031402209117082
2026-07-23,2026-07-23 11:37:55,V026,88.0,1.0037665945791288
2026-07-23,2026-07-23 11:37:56,V026,88.0,1.0038017465361906
2026-07-23,2026-07-23 11:37:57,V026,88.0,1.0036863100926197
2026-07-23,2026-07-23 11:37:58,V026,88.0,1.0006619925596205
2026-07-23,2026-07-23 11:37:59,V026,89.0,1.0027494352421853
2026-07-23,2026-07-23 11:38:00,V026,89.0,1.000971695482048
2026-07-23,2026-07-23 11:38:01,V026,89.0,1.0006369647400557
2026-07-23,2026-07-23 11:38:02,V026,88.0,1.002779503129268
2026-07-23,2026-07-23 11:38:03,V026,88.0,1.0016411659080326
2026-07-23,2026-07-23 11:38:04,V026,87.0,1.0012655230258476
2026-07-23,2026-07-23 11:38:05,V026,86.0,1.002129446934806
2026-07-23,2026-07-23 11:38:06,V026,87.0,1.0008799697639181
2026-07-23,2026-07-23 11:38:07,V026,87.0,1.0027998752142866
2026-07-23,2026-07-23 11:38:08,V026,87.0,1.0019645351602129
2026-07-23,2026-07-23 11:38:09,V026,89.0,1.0027751330383974
2026-07-23,2026-07-23 11:38:10,V026,90.0,0.9937346643097711
2026-07-23,2026-07-23 11:38:11,V026,91.0,0.9940390582491316
2026-07-23,2026-07-23 11:38:12,V026,92.0,0.9852666049564746
2026-07-23,2026-07-23 11:38:13,V026,92.0,0.9894518310069548
2026-07-23,2026-07-23 11:38:14,V026,93.0,0.9820055171573826
2026-07-23,2026-07-23 11:38:15,V026,92.0,0.99034325666962
2026-07-23,2026-07-23 11:38:16,V026,92.0,0.9833534891659397
2026-07-23,2026-07-23 11:38:17,V026,92.0,0.9982372410980559
2026-07-23,2026-07-23 11:38:18,V026,92.0,0.9976395551129453
2026-07-23,2026-07-23 11:38:19,V026,93.0,1.0019671205082623
2026-07-23,2026-07-23 11:38:20,V026,93.0,0.9977240502599949
2026-07-23,2026-07-23 11:38:21,V026,93.0,1.0003240623929743
2026-07-23,2026-07-23 11:38:22,V026,93.0,1.0031216327320829
2026-07-23,2026-07-23 11:38:23,V026,94.0,1.0100021106832604
2026-07-23,2026-07-23 11:38:24,V026,95.0,1.026092774732942
2026-07-23,2026-07-23 11:38:25,V026,95.0,1.0020026464902934
2026-07-23,2026-07-23 11:38:26,V026,95.0,0.9925337798581627
2026-07-23,2026-07-23 11:38:27,V026,95.0,0.986023488485456
2026-07-23,2026-07-23 11:38:28,V026,94.0,0.9903356001011455
2026-07-23,2026-07-23 11:38:29,V026,93.0,0.9920810085744383
2026-07-23,2026-07-23 11:38:30,V026,93.0,0.9972337871643157
2026-07-23,2026-07-23 11:38:31,V026,92.0,1.017739300754874
2026-07-23,2026-07-23 11:38:32,V026,92.0,1.0228339399134778
2026-07-23,2026-07-23 11:38:33,V026,92.0,1.0148641758667392
2026-07-23,2026-07-23 11:38:34,V026,92.0,1.0140363068811113
2026-07-23,2026-07-23 11:38:35,V026,92.0,1.0145970576160623
2026-07-23,2026-07-23 11:38:36,V026,91.0,1.013585947992623
2026-07-23,2026-07-23 11:38:37,V026,91.0,1.015268486256136
2026-07-23,2026-07-23 11:38:38,V026,91.0,1.014419587647101
2026-07-23,2026-07-23 11:38:39,V026,91.0,1.0137539127008155
2026-07-23,2026-07-23 11:38:40,V026,92.0,1.013214020572826
2026-07-23,2026-07-23 11:38:41,V026,92.0,1.013658541780925
2026-07-23,2026-07-23 11:38:42,V026,92.0,1.0133496925268035
2026-07-23,2026-07-23 11:38:43,V026,92.0,1.0135122712274298
2026-07-23,2026-07-23 11:38:44,V026,92.0,1.0128457226630476
2026-07-23,2026-07-23 11:38:45,V026,92.0,1.0131711982670089
2026-07-23,2026-07-23 11:38:46,V026,92.0,1.013078477568165
2026-07-23,2026-07-23 11:38:47,V026,92.0,1.013786178954691
2026-07-23,2026-07-23 11:38:48,V026,92.0,1.0134884121539878
2026-07-23,2026-07-23 11:38:49,V026,91.0,1.0137239562852594
2026-07-23,2026-07-23 11:38:50,V026,91.0,1.0134172469312468
2026-07-23,2026-07-23 11:38:51,V026,91.0,1.0121846005364266
2026-07-23,2026-07-23 11:38:52,V026,90.0,1.0126857023438776
2026-07-23,2026-07-23 11:38:53,V026,90.0,1.0120882371694087
2026-07-23,2026-07-23 11:38:54,V026,89.0,1.012992662448341
2026-07-23,2026-07-23 11:38:55,V026,88.0,1.011437913889931
2026-07-23,2026-07-23 11:38:56,V026,88.0,1.01240974078751
2026-07-23,2026-07-23 11:38:57,V026,87.0,1.012648782619987
2026-07-23,2026-07-23 11:38:58,V026,87.0,1.0127104618749079
2026-07-23,2026-07-23 11:38:59,V026,86.0,1.0122817341781005
2026-07-23,2026-07-23 11:39:00,V026,86.0,1.0125434240058062
2026-07-23,2026-07-23 11:39:01,V026,87.0,1.0121898612140283
2026-07-23,2026-07-23 11:39:02,V026,87.0,1.011712614519627
2026-07-23,2026-07-23 11:39:03,V026,87.0,1.0127606522350052
2026-07-23,2026-07-23 11:39:04,V026,87.0,1.0118130421546745
2026-07-23,2026-07-23 11:39:05,V026,87.0,1.0123832521251677
2026-07-23,2026-07-23 11:39:06,V026,87.0,1.0132518753920248
2026-07-23,2026-07-23 11:39:07,V026,87.0,1.012382474628572
2026-07-23,2026-07-23 11:39:08,V026,87.0,1.01222910521132
2026-07-23,2026-07-23 11:39:09,V026,87.0,1.0127295217650294
2026-07-23,2026-07-23 11:39:10,V026,87.0,1.0118483893016668
2026-07-23,2026-07-23 11:39:11,V026,87.0,1.011945941076131
2026-07-23,2026-07-23 11:39:12,V026,87.0,1.0122701208455371
2026-07-23,2026-07-23 11:39:13,V026,87.0,1.0122169815068778
2026-07-23,2026-07-23 11:39:14,V026,87.0,1.0123340107698464
2026-07-23,2026-07-23 11:39:15,V026,88.0,1.011699594346101
2026-07-23,2026-07-23 11:39:16,V026,88.0,1.011996164144163
2026-07-23,2026-07-23 11:39:17,V026,88.0,1.0109632531146917
2026-07-23,2026-07-23 11:39:18,V026,88.0,1.010955241588973
2026-07-23,2026-07-23 11:39:19,V026,88.0,1.0102999001498383
2026-07-23,2026-07-23 11:39:20,V026,88.0,1.011422323755574
2026-07-23,2026-07-23 11:39:21,V026,88.0,1.0112617337550664
2026-07-23,2026-07-23 11:39:22,V026,88.0,1.0107119009497518
2026-07-23,2026-07-23 11:39:23,V026,88.0,1.0109791294281445
2026-07-23,2026-07-23 11:39:24,V026,88.0,1.011257374552655
2026-07-23,2026-07-23 11:39:25,V026,89.0,1.010740751863444
2026-07-23,2026-07-23 11:39:26,V026,90.0,1.0102244930242625
2026-07-23,2026-07-23 11:39:27,V026,91.0,1.010599079885353
2026-07-23,2026-07-23 11:39:28,V026,92.0,1.0111806569336406
2026-07-23,2026-07-23 11:39:29,V026,93.0,1.0103803767327488
2026-07-23,2026-07-23 11:39:30,V026,93.0,1.011033368926151
2026-07-23,2026-07-23 11:39:31,V026,93.0,1.010417414868671
2026-07-23,2026-07-23 11:39:32,V026,93.0,1.0114619657867392
2026-07-23,2026-07-23 11:39:33,V026,92.0,1.0111624103755463
2026-07-23,2026-07-23 11:39:34,V026,90.0,1.0113439389340582
2026-07-23,2026-07-23 11:39:35,V026,89.0,1.0117230009318503
2026-07-23,2026-07-23 11:39:36,V026,89.0,1.0111744079110265
2026-07-23,2026-07-23 11:39:37,V026,87.0,1.0109386178868347
2026-07-23,2026-07-23 11:39:38,V026,85.0,1.010605827856618
2026-07-23,2026-07-23 11:39:39,V026,84.0,1.0105936492330794
2026-07-23,2026-07-23 11:39:40,V026,84.0,1.0105243573776972
2026-07-23,2026-07-23 11:39:41,V026,83.0,1.0110423698812092
2026-07-23,2026-07-23 11:39:42,V026,83.0,1.0106224707748186
2026-07-23,2026-07-23 11:39:43,V026,83.0,1.0115120405003877
2026-07-23,2026-07-23 11:39:44,V026,84.0,1.0106978075611794
2026-07-23,2026-07-23 11:39:45,V026,84.0,1.0104371436489066
2026-07-23,2026-07-23 11:39:46,V026,85.0,1.0112111387912084
2026-07-23,2026-07-23 11:39:47,V026,86.0,1.0096523102896848
2026-07-23,2026-07-23 11:39:48,V026,86.0,1.0100020319036598
2026-07-23,2026-07-23 11:39:49,V026,87.0,1.0100270126188498
2026-07-23,2026-07-23 11:39:50,V026,88.0,1.0089085087727432
2026-07-23,2026-07-23 11:39:51,V026,88.0,1.0087380402482986
2026-07-23,2026-07-23 11:39:52,V026,88.0,1.0097734267645195
2026-07-23,2026-07-23 11:39:53,V026,88.0,1.0097065968881103
2026-07-23,2026-07-23 11:39:54,V026,88.0,1.0093688956114935
2026-07-23,2026-07-23 11:39:55,V026,89.0,1.009033724126794
2026-07-23,2026-07-23 11:39:56,V026,90.0,1.0090811664066757
2026-07-23,2026-07-23 11:39:57,V026,91.0,1.0092981819483846
2026-07-23,2026-07-23 11:39:58,V026,91.0,1.0091380921691175
2026-07-23,2026-07-23 11:39:59,V026,92.0,1.0089160849280427
2026-07-23,2026-07-23 11:40:00,V026,92.0,1.0095376560873657
2026-07-23,2026-07-23 11:40:01,V026,92.0,1.0097009797976586
2026-07-23,2026-07-23 11:40:02,V026,92.0,1.0089439198222516
2026-07-23,2026-07-23 11:40:03,V026,91.0,1.0088203269890441
2026-07-23,2026-07-23 11:40:04,V026,90.0,1.0092605317989574
2026-07-23,2026-07-23 11:40:05,V026,89.0,1.0092960887613704
2026-07-23,2026-07-23 11:40:06,V026,89.0,1.0096356499841774
2026-07-23,2026-07-23 11:40:07,V026,89.0,1.0090745878365885
2026-07-23,2026-07-23 11:40:08,V026,90.0,1.0090188244518947
2026-07-23,2026-07-23 11:40:09,V026,91.0,1.0098013375536699
2026-07-23,2026-07-23 11:40:10,V026,91.0,1.0090509153657936
2026-07-23,2026-07-23 11:40:11,V026,91.0,1.0081020594124224
2026-07-23,2026-07-23 11:40:12,V026,91.0,1.0093942707042116
2026-07-23,2026-07-23 11:40:13,V026,91.0,1.0095563782147794
2026-07-23,2026-07-23 11:40:14,V026,91.0,1.0097393922943068
2026-07-23,2026-07-23 11:40:15,V026,90.0,1.0090481423975937
2026-07-23,2026-07-23 11:40:16,V026,90.0,1.0082939574816723
2026-07-23,2026-07-23 11:40:17,V026,90.0,1.0111425214599457
2026-07-23,2026-07-23 11:40:18,V026,90.0,1.0069179956454488
2026-07-23,2026-07-23 11:40:19,V026,90.0,1.008438714883253
2026-07-23,2026-07-23 11:40:20,V026,90.0,1.00783075880828
2026-07-23,2026-07-23 11:40:21,V026,90.0,1.0094995909630227
2026-07-23,2026-07-23 11:40:22,V026,89.0,1.0082653678229556
2026-07-23,2026-07-23 11:40:23,V026,89.0,1.0070963782065314
2026-07-23,2026-07-23 11:40:24,V026,88.0,1.0072588338423905
2026-07-23,2026-07-23 11:40:25,V026,88.0,1.0060012865900476
2026-07-23,2026-07-23 11:40:26,V026,88.0,1.006536207421391
2026-07-23,2026-07-23 11:40:27,V026,89.0,1.006285595883643
2026-07-23,2026-07-23 11:40:28,V026,91.0,1.0060770001104788
2026-07-23,2026-07-23 11:40:29,V026,93.0,1.007288977466401
2026-07-23,2026-07-23 11:40:30,V026,93.0,1.0067215556657174
2026-07-23,2026-07-23 11:40:31,V026,93.0,1.0066094447111347
2026-07-23,2026-07-23 11:40:32,V026,93.0,1.006178457510986
2026-07-23,2026-07-23 11:40:33,V026,93.0,1.0073082174358858
2026-07-23,2026-07-23 11:40:34,V026,93.0,1.0067146271244012
2026-07-23,2026-07-23 11:40:35,V026,94.0,1.0061437999829945
2026-07-23,2026-07-23 11:40:36,V026,94.0,1.0035765629619335
2026-07-23,2026-07-23 11:40:37,V026,95.0,1.0035575334864673
2026-07-23,2026-07-23 11:40:38,V026,96.0,1.007375744839617
2026-07-23,2026-07-23 11:40:39,V026,96.0,1.003184182418621
2026-07-23,2026-07-23 11:40:40,V026,96.0,1.0081305494659922
2026-07-23,2026-07-23 11:40:41,V026,95.0,1.0088835093414639
2026-07-23,2026-07-23 11:40:42,V026,95.0,1.008104204644441
2026-07-23,2026-07-23 11:40:43,V026,94.0,1.0085390893173463
2026-07-23,2026-07-23 11:40:44,V026,94.0,1.0076045758612318
2026-07-23,2026-07-23 11:40:45,V026,94.0,1.0088056046132086
2026-07-23,2026-07-23 11:40:46,V026,94.0,1.0068453085858262
2026-07-23,2026-07-23 11:40:47,V026,94.0,1.0079768765995145
2026-07-23,2026-07-23 11:40:48,V026,94.0,1.0073740379386082
2026-07-23,2026-07-23 11:40:49,V026,94.0,1.008057003230326
2026-07-23,2026-07-23 11:40:50,V026,95.0,1.0085675408973374
2026-07-23,2026-07-23 11:40:51,V026,95.0,1.0086956476234132
2026-07-23,2026-07-23 11:40:52,V026,96.0,1.0080020960501836
2026-07-23,2026-07-23 11:40:53,V026,96.0,1.0094987189132671
2026-07-23,2026-07-23 11:40:54,V026,96.0,1.0089130263894388
2026-07-23,2026-07-23 11:40:55,V026,95.0,1.0074260179007999
2026-07-23,2026-07-23 11:40:56,V026,95.0,1.0083285499076817
2026-07-23,2026-07-23 11:40:57,V026,94.0,1.0079775922060583
2026-07-23,2026-07-23 11:40:58,V026,94.0,1.0082050041215251
2026-07-23,2026-07-23 11:40:59,V026,93.0,1.007329715568437
2026-07-23,2026-07-23 11:41:00,V026,92.0,1.0074881596109413
2026-07-23,2026-07-23 11:41:01,V026,91.0,1.0083929753787595
2026-07-23,2026-07-23 11:41:02,V026,90.0,1.0076889741688524
2026-07-23,2026-07-23 11:41:03,V026,89.0,1.0083901134611075
2026-07-23,2026-07-23 11:41:04,V026,89.0,1.0076841992158188
2026-07-23,2026-07-23 11:41:05,V026,90.0,1.0083322245479909
2026-07-23,2026-07-23 11:41:06,V026,90.0,1.0078364701728197
2026-07-23,2026-07-23 11:41:07,V026,90.0,1.007177284577345
2026-07-23,2026-07-23 11:41:08,V026,90.0,1.00741228901811
2026-07-23,2026-07-23 11:41:09,V026,90.0,1.008872909169715
2026-07-23,2026-07-23 11:41:10,V026,91.0,1.0076863199809265
2026-07-23,2026-07-23 11:41:11,V026,91.0,1.0072939074337444
2026-07-23,2026-07-23 11:41:12,V026,91.0,1.0054762088397708
2026-07-23,2026-07-23 11:41:13,V026,91.0,1.008602542524969
2026-07-23,2026-07-23 11:41:14,V026,91.0,1.0070170892701396
2026-07-23,2026-07-23 11:41:15,V026,91.0,1.0071370869305225
2026-07-23,2026-07-23 11:41:16,V026,92.0,1.0086341807585224
2026-07-23,2026-07-23 11:41:17,V026,92.0,1.0075861173539165
2026-07-23,2026-07-23 11:41:18,V026,92.0,1.0074823008503992
2026-07-23,2026-07-23 11:41:19,V026,91.0,1.0082613691690923
2026-07-23,2026-07-23 11:41:20,V026,91.0,1.0083690438458544
2026-07-23,2026-07-23 11:41:21,V026,91.0,1.0080844304356686
2026-07-23,2026-07-23 11:41:22,V026,91.0,1.0077819857822226
2026-07-23,2026-07-23 11:41:23,V026,91.0,1.0077434061536112
2026-07-23,2026-07-23 11:41:24,V026,91.0,1.0078791152870294
2026-07-23,2026-07-23 11:41:25,V026,91.0,1.0080099533564344
2026-07-23,2026-07-23 11:41:26,V026,91.0,1.0076162603575949
2026-07-23,2026-07-23 11:41:27,V026,91.0,1.0083699515485343
2026-07-23,2026-07-23 11:41:28,V026,91.0,1.0076496861725799
2026-07-23,2026-07-23 11:41:29,V026,92.0,1.0076348097099306
2026-07-23,2026-07-23 11:41:30,V026,92.0,1.0071066154116441
2026-07-23,2026-07-23 11:41:31,V026,93.0,1.0079632899400301
2026-07-23,2026-07-23 11:41:32,V026,94.0,1.0081421982887007
2026-07-23,2026-07-23 11:41:33,V026,94.0,1.007365606953118
2026-07-23,2026-07-23 11:41:34,V026,95.0,1.0067542870227464
2026-07-23,2026-07-23 11:41:35,V026,94.0,1.0076292272138632
2026-07-23,2026-07-23 11:41:36,V026,93.0,1.0080835306692775
2026-07-23,2026-07-23 11:41:37,V026,93.0,1.00777315222727
2026-07-23,2026-07-23 11:41:38,V026,92.0,1.0074438126729057
2026-07-23,2026-07-23 11:41:39,V026,92.0,1.007211086947262
2026-07-23,2026-07-23 11:41:40,V026,92.0,1.0074162381143204
2026-07-23,2026-07-23 11:41:41,V026,92.0,1.0078885168923046
2026-07-23,2026-07-23 11:41:42,V026,92.0,1.0084698567208314
2026-07-23,2026-07-23 11:41:43,V026,92.0,1.0065907088181163
2026-07-23,2026-07-23 11:41:44,V026,92.0,1.0054306264813755
2026-07-23,2026-07-23 11:41:45,V026,91.0,1.0088330739986398
2026-07-23,2026-07-23 11:41:46,V026,91.0,1.0092079928175666
2026-07-23,2026-07-23 11:41:47,V026,90.0,1.0091703227125772
2026-07-23,2026-07-23 11:41:48,V026,90.0,1.0092767465245205
2026-07-23,2026-07-23 11:41:49,V026,89.0,1.0092120206169772
2026-07-23,2026-07-23 11:41:50,V026,89.0,1.0099988299213707
2026-07-23,2026-07-23 11:41:51,V026,88.0,1.0095377724625647
2026-07-23,2026-07-23 11:41:52,V026,87.0,1.0079348099671728
2026-07-23,2026-07-23 11:41:53,V026,88.0,1.0088383916768748
2026-07-23,2026-07-23 11:41:54,V026,88.0,1.0077102683558543
2026-07-23,2026-07-23 11:41:55,V026,89.0,1.0076528890699394
2026-07-23,2026-07-23 11:41:56,V026,90.0,1.0088051354193166
2026-07-23,2026-07-23 11:41:57,V026,90.0,1.0081334853955062
2026-07-23,2026-07-23 11:41:58,V026,90.0,1.0095676858143774
2026-07-23,2026-07-23 11:41:59,V026,91.0,1.0081231344756565
2026-07-23,2026-07-23 11:42:00,V026,92.0,1.0086837195972362
2026-07-23,2026-07-23 11:42:01,V026,92.0,1.0089731632468444
2026-07-23,2026-07-23 11:42:02,V026,92.0,1.009812793998073
2026-07-23,2026-07-23 11:42:03,V026,92.0,1.0084241029047052
2026-07-23,2026-07-23 11:42:04,V026,92.0,1.0079643522447232
2026-07-23,2026-07-23 11:42:05,V026,90.0,1.0082614738950644
2026-07-23,2026-07-23 11:42:06,V026,90.0,1.0082754961028706
2026-07-23,2026-07-23 11:42:07,V026,88.0,1.0081977202281693
2026-07-23,2026-07-23 11:42:08,V026,87.0,1.0079218798805227
2026-07-23,2026-07-23 11:42:09,V026,86.0,1.0087200059136694
2026-07-23,2026-07-23 11:42:10,V026,85.0,1.0082641278164424
2026-07-23,2026-07-23 11:42:11,V026,85.0,1.0080246969456574
2026-07-23,2026-07-23 11:42:12,V026,84.0,1.0080020326763013
2026-07-23,2026-07-23 11:42:13,V026,84.0,1.0080214229399254
2026-07-23,2026-07-23 11:42:14,V026,84.0,1.0092152335174356
2026-07-23,2026-07-23 11:42:15,V026,85.0,1.0094993183817071
2026-07-23,2026-07-23 11:42:16,V026,85.0,1.0088326976833597
2026-07-23,2026-07-23 11:42:17,V026,86.0,1.0067529896514256
2026-07-23,2026-07-23 11:42:18,V026,87.0,1.0081262550546397
2026-07-23,2026-07-23 11:42:19,V026,88.0,1.0082252228140307
2026-07-23,2026-07-23 11:42:20,V026,88.0,1.0077517209244031
2026-07-23,2026-07-23 11:42:21,V026,88.0,1.0097232760228
2026-07-23,2026-07-23 11:42:22,V026,89.0,1.0088101727579977
2026-07-23,2026-07-23 11:42:23,V026,89.0,1.0102631779373887
2026-07-23,2026-07-23 11:42:24,V026,89.0,1.009677799079081
2026-07-23,2026-07-23 11:42:25,V026,88.0,1.0087149988237087
2026-07-23,2026-07-23 11:42:26,V026,88.0,1.008273424491346
2026-07-23,2026-07-23 11:42:27,V026,88.0,1.0089853978069605
2026-07-23,2026-07-23 11:42:28,V026,88.0,1.0087600847871518
2026-07-23,2026-07-23 11:42:29,V026,88.0,1.0095642398541285
2026-07-23,2026-07-23 11:42:30,V026,89.0,1.0079584042285075
2026-07-23,2026-07-23 11:42:31,V026,89.0,1.0082262515899874
2026-07-23,2026-07-23 11:42:32,V026,89.0,1.0079886050509734
2026-07-23,2026-07-23 11:42:33,V026,89.0,1.007913698038513
2026-07-23,2026-07-23 11:42:34,V026,88.0,1.007855191149262
2026-07-23,2026-07-23 11:42:35,V026,88.0,1.0082497478887225
2026-07-23,2026-07-23 11:42:36,V026,88.0,1.0069229808319549
2026-07-23,2026-07-23 11:42:37,V026,88.0,1.0086804968703211
2026-07-23,2026-07-23 11:42:38,V026,87.0,1.0028662400158177
2026-07-23,2026-07-23 11:42:39,V026,88.0,1.0079716223115096
2026-07-23,2026-07-23 11:42:40,V026,88.0,1.0078434808796235
2026-07-23,2026-07-23 11:42:41,V026,89.0,1.0072853877310979
2026-07-23,2026-07-23 11:42:42,V026,90.0,1.0095770771095
2026-07-23,2026-07-23 11:42:43,V026,91.0,1.0065519458571237
2026-07-23,2026-07-23 11:42:44,V026,91.0,1.008033914335231
2026-07-23,2026-07-23 11:42:45,V026,90.0,1.0081721915207174
2026-07-23,2026-07-23 11:42:46,V026,90.0,1.0081381219492813
2026-07-23,2026-07-23 11:42:47,V026,90.0,1.0082227114933562
2026-07-23,2026-07-23 11:42:48,V026,91.0,1.007227668394228
2026-07-23,2026-07-23 11:42:49,V026,91.0,1.0092267074297923
2026-07-23,2026-07-23 11:42:50,V026,92.0,1.0080353969301374
2026-07-23,2026-07-23 11:42:51,V026,92.0,1.0084486137332012
2026-07-23,2026-07-23 11:42:52,V026,92.0,1.0079143159866286
2026-07-23,2026-07-23 11:42:53,V026,92.0,1.0072714707635761
2026-07-23,2026-07-23 11:42:54,V026,93.0,1.0120179961404523
2026-07-23,2026-07-23 11:42:55,V026,93.0,1.0146336201500723
2026-07-23,2026-07-23 11:42:56,V026,93.0,1.014545741243882
2026-07-23,2026-07-23 11:42:57,V026,93.0,1.0160052919068976
2026-07-23,2026-07-23 11:42:58,V026,92.0,1.0142253902329887
2026-07-23,2026-07-23 11:42:59,V026,91.0,1.0139629221549467
2026-07-23,2026-07-23 11:43:00,V026,90.0,1.01367213178956
2026-07-23,2026-07-23 11:43:01,V026,90.0,1.0131253390037824
2026-07-23,2026-07-23 11:43:02,V026,89.0,1.0125088254606422
2026-07-23,2026-07-23 11:43:03,V026,90.0,1.0127885613706338
2026-07-23,2026-07-23 11:43:04,V026,90.0,1.0125616778664994
2026-07-23,2026-07-23 11:43:05,V026,92.0,1.0128182406422424
2026-07-23,2026-07-23 11:43:06,V026,93.0,1.012962275535319
2026-07-23,2026-07-23 11:43:07,V026,94.0,1.0126299235261411
2026-07-23,2026-07-23 11:43:08,V026,94.0,1.012937866176781
2026-07-23,2026-07-23 11:43:09,V026,94.0,1.012505691774064
2026-07-23,2026-07-23 11:43:10,V026,94.0,1.0122090744101737
2026-07-23,2026-07-23 11:43:11,V026,92.0,1.012337840112812
2026-07-23,2026-07-23 11:43:12,V026,90.0,1.0115208396602144
2026-07-23,2026-07-23 11:43:13,V026,89.0,1.0115097619105233
2026-07-23,2026-07-23 11:43:14,V026,89.0,1.01243182892068
2026-07-23,2026-07-23 11:43:15,V026,89.0,1.0119765713750282
2026-07-23,2026-07-23 11:43:16,V026,89.0,1.0108327144101275
2026-07-23,2026-07-23 11:43:17,V026,90.0,1.0001394410296602
2026-07-23,2026-07-23 11:43:18,V026,90.0,1.0128276847302145
2026-07-23,2026-07-23 11:43:19,V026,90.0,1.0132389704400055
2026-07-23,2026-07-23 11:43:20,V026,90.0,1.01044066749889
2026-07-23,2026-07-23 11:43:21,V026,90.0,1.0113537789625242
2026-07-23,2026-07-23 11:43:22,V026,90.0,1.0123092509492384
2026-07-23,2026-07-23 11:43:23,V026,90.0,1.0688524879233603
2026-07-23,2026-07-23 11:43:24,V026,90.0,1.1577063807129644
2026-07-23,2026-07-23 11:43:25,V026,90.0,0.894564630760668
2026-07-23,2026-07-23 11:43:26,V026,90.0,1.0596953324468437
2026-07-23,2026-07-23 11:43:27,V026,90.0,1.0333367260495476
2026-07-23,2026-07-23 11:43:28,V026,91.0,1.0744100076101042
2026-07-23,2026-07-23 11:43:29,V026,92.0,0.9764043990315726
2026-07-23,2026-07-23 11:43:30,V026,92.0,1.0334110787042237
2026-07-23,2026-07-23 11:43:31,V026,93.0,0.9818825121733523
2026-07-23,2026-07-23 11:43:32,V026,94.0,0.9971644525879909
2026-07-23,2026-07-23 11:43:33,V026,95.0,1.0084222347129095
2026-07-23,2026-07-23 11:43:34,V026,96.0,1.0091366846927932
2026-07-23,2026-07-23 11:43:35,V026,95.0,0.9981186532855506
2026-07-23,2026-07-23 11:43:36,V026,95.0,0.9746452862455888
2026-07-23,2026-07-23 11:43:37,V026,95.0,0.9817883769586196
2026-07-23,2026-07-23 11:43:38,V026,95.0,0.9944458748750743
2026-07-23,2026-07-23 11:43:39,V026,96.0,0.9947616264435604
2026-07-23,2026-07-23 11:43:40,V026,97.0,0.9831053748513158
2026-07-23,2026-07-23 11:43:41,V026,98.0,0.975971603327973
2026-07-23,2026-07-23 11:43:42,V026,99.0,0.9768158145958835
2026-07-23,2026-07-23 11:43:43,V026,100.0,0.9759451720093261
2026-07-23,2026-07-23 11:43:44,V026,102.0,1.054495112222751
2026-07-23,2026-07-23 11:43:45,V026,103.0,0.9860383483343217
2026-07-23,2026-07-23 11:43:46,V026,104.0,1.0612936256845213
2026-07-23,2026-07-23 11:43:47,V026,106.0,1.0297732615995376
2026-07-23,2026-07-23 11:43:48,V026,108.0,1.0443764538050002
2026-07-23,2026-07-23 11:43:49,V026,113.0,1.0469665273766544
2026-07-23,2026-07-23 11:43:50,V026,117.0,1.0436869943227542
2026-07-23,2026-07-23 11:43:51,V026,120.0,0.9606531849109483
2026-07-23,2026-07-23 11:43:52,V026,122.0,1.0806199245397552
2026-07-23,2026-07-23 11:43:53,V026,123.0,0.9906760780021775
2026-07-23,2026-07-23 11:43:54,V026,124.0,1.0143686197703192
2026-07-23,2026-07-23 11:43:55,V026,125.0,0.989624403326071
2026-07-23,2026-07-23 11:43:56,V026,125.0,1.000371575946979
2026-07-23,2026-07-23 11:43:57,V026,125.0,1.0096423863070447
2026-07-23,2026-07-23 11:43:58,V026,125.0,0.9921937349763454
2026-07-23,2026-07-23 11:43:59,V026,126.0,0.9820494220928604
2026-07-23,2026-07-23 11:44:00,V026,126.0,0.9790593920437262
2026-07-23,2026-07-23 11:44:01,V026,127.0,1.0489954078634567
2026-07-23,2026-07-23 11:44:02,V026,128.0,1.264070748541443
2026-07-23,2026-07-23 11:44:03,V026,128.0,1.2037695992787885
2026-07-23,2026-07-23 11:44:04,V026,128.0,1.0892268913055612
2026-07-23,2026-07-23 11:44:05,V026,129.0,1.175972694303012
2026-07-23,2026-07-23 11:44:06,V026,129.0,1.0623018464117027
2026-07-23,2026-07-23 11:44:07,V026,130.0,1.045882662186758
2026-07-23,2026-07-23 11:44:08,V026,130.0,1.0521829577534312
2026-07-23,2026-07-23 11:44:09,V026,130.0,1.0600874714749946
2026-07-23,2026-07-23 11:44:10,V026,130.0,1.1334461452360882
2026-07-23,2026-07-23 11:44:11,V026,129.0,0.9944414344920314
2026-07-23,2026-07-23 11:44:12,V026,129.0,0.996395944949937
2026-07-23,2026-07-23 11:44:13,V026,129.0,0.9945105131325696
2026-07-23,2026-07-23 11:44:14,V026,129.0,1.0119330016620407
2026-07-23,2026-07-23 11:44:15,V026,129.0,0.9840761594680048
2026-07-23,2026-07-23 11:44:16,V026,130.0,1.0082477609330909
2026-07-23,2026-07-23 11:44:17,V026,130.0,1.023991677225278
2026-07-23,2026-07-23 11:44:18,V026,130.0,0.9924400993742831
2026-07-23,2026-07-23 11:44:19,V026,130.0,1.0050269806229846
2026-07-23,2026-07-23 11:44:20,V026,130.0,0.9938030200184768
2026-07-23,2026-07-23 11:44:21,V026,129.0,0.9878278276326311
2026-07-23,2026-07-23 11:44:22,V026,129.0,1.0004891644153904
2026-07-23,2026-07-23 11:44:23,V026,128.0,0.9991939984610005
2026-07-23,2026-07-23 11:44:24,V026,128.0,1.027209735635962
2026-07-23,2026-07-23 11:44:25,V026,128.0,1.1226319137532643
2026-07-23,2026-07-23 11:44:26,V026,128.0,1.0085966090047367
2026-07-23,2026-07-23 11:44:27,V026,127.0,1.0293030056981105
2026-07-23,2026-07-23 11:44:28,V026,126.0,0.9926530007938082
2026-07-23,2026-07-23 11:44:29,V026,126.0,0.9787190609446954
2026-07-23,2026-07-23 11:44:30,V026,125.0,0.971837640316457
2026-07-23,2026-07-23 11:44:31,V026,125.0,1.0029316979234646
2026-07-23,2026-07-23 11:44:32,V026,124.0,1.0471010970168724
2026-07-23,2026-07-23 11:44:33,V026,124.0,1.0396260556792476
2026-07-23,2026-07-23 11:44:34,V026,124.0,1.0799972155918043
2026-07-23,2026-07-23 11:44:35,V026,124.0,1.2285635986671215
2026-07-23,2026-07-23 11:44:36,V026,124.0,1.0663996242289675
2026-07-23,2026-07-23 11:44:37,V026,124.0,1.0877974180566738
2026-07-23,2026-07-23 11:44:38,V026,125.0,1.0126146353607455
2026-07-23,2026-07-23 11:44:39,V026,125.0,1.0336399200817106
2026-07-23,2026-07-23 11:44:40,V026,125.0,1.1240268344898565
2026-07-23,2026-07-23 11:44:41,V026,126.0,1.2568575951102117
2026-07-23,2026-07-23 11:44:42,V026,126.0,1.43952310993151
2026-07-23,2026-07-23 11:44:43,V026,126.0,1.2304078850094362
2026-07-23,2026-07-23 11:44:44,V026,126.0,0.9884847836382059
2026-07-23,2026-07-23 11:44:45,V026,127.0,1.2108793697319293
2026-07-23,2026-07-23 11:44:46,V026,127.0,1.037295571232524
2026-07-23,2026-07-23 11:44:47,V026,128.0,0.9841152368066778
2026-07-23,2026-07-23 11:44:48,V026,128.0,0.9835568226657925
2026-07-23,2026-07-23 11:44:49,V026,129.0,1.0102678842242505
2026-07-23,2026-07-23 11:44:50,V026,129.0,0.979147750314543
2026-07-23,2026-07-23 11:44:51,V026,129.0,0.985317844432518
2026-07-23,2026-07-23 11:44:52,V026,128.0,0.9887835871120031
2026-07-23,2026-07-23 11:44:53,V026,127.0,0.9883756112825897
2026-07-23,2026-07-23 11:44:54,V026,127.0,0.974996584198775
2026-07-23,2026-07-23 11:44:55,V026,126.0,1.015525026392829
2026-07-23,2026-07-23 11:44:56,V026,124.0,0.9822695462214919
2026-07-23,2026-07-23 11:44:57,V026,123.0,0.9735617662317588
2026-07-23,2026-07-23 11:44:58,V026,123.0,0.9901023125083526
2026-07-23,2026-07-23 11:44:59,V026,123.0,1.006209568246317
2026-07-23,2026-07-23 11:45:00,V026,123.0,1.0072083943461978
2026-07-23,2026-07-23 11:45:01,V026,122.0,1.0345550840994788
2026-07-23,2026-07-23 11:45:02,V026,122.0,0.9936735782248093
2026-07-23,2026-07-23 11:45:03,V026,122.0,1.0338611866733907
2026-07-23,2026-07-23 11:45:04,V026,121.0,0.9901269677064016
2026-07-23,2026-07-23 11:45:05,V026,121.0,0.9996422140188685
2026-07-23,2026-07-23 11:45:06,V026,121.0,0.9843671614733067
2026-07-23,2026-07-23 11:45:07,V026,121.0,0.9629434638156535
2026-07-23,2026-07-23 11:45:08,V026,121.0,1.0125421930112968
2026-07-23,2026-07-23 11:45:09,V026,122.0,1.043575402307825
2026-07-23,2026-07-23 11:45:10,V026,122.0,0.9861087153242095
2026-07-23,2026-07-23 11:45:11,V026,123.0,1.0174713321743978
2026-07-23,2026-07-23 11:45:12,V026,125.0,0.986911468021639
2026-07-23,2026-07-23 11:45:13,V026,126.0,0.9909993913127224
2026-07-23,2026-07-23 11:45:14,V026,126.0,1.0288274425333088
2026-07-23,2026-07-23 11:45:15,V026,126.0,1.0466604077691624
2026-07-23,2026-07-23 11:45:16,V026,126.0,0.9988955374603903
2026-07-23,2026-07-23 11:45:17,V026,126.0,0.9827602728217795
2026-07-23,2026-07-23 11:45:18,V026,126.0,1.0058378819931644
2026-07-23,2026-07-23 11:45:19,V026,125.0,1.0748584509320043
2026-07-23,2026-07-23 11:45:20,V026,124.0,1.0282443380659427
2026-07-23,2026-07-23 11:45:21,V026,124.0,1.0090805951842234
2026-07-23,2026-07-23 11:45:22,V026,123.0,1.01905029780719
2026-07-23,2026-07-23 11:45:23,V026,122.0,1.0251469313634851
2026-07-23,2026-07-23 11:45:24,V026,122.0,0.9645131364216586
2026-07-23,2026-07-23 11:45:25,V026,122.0,1.0330649807783978
2026-07-23,2026-07-23 11:45:26,V026,122.0,0.9725879674280521
2026-07-23,2026-07-23 11:45:27,V026,122.0,1.0321551715254436
2026-07-23,2026-07-23 11:45:28,V026,122.0,0.9578383082791102
2026-07-23,2026-07-23 11:45:29,V026,121.0,1.0200345317257693
2026-07-23,2026-07-23 11:45:30,V026,121.0,0.9927685466817778
2026-07-23,2026-07-23 11:45:31,V026,120.0,0.9933133952713239
2026-07-23,2026-07-23 11:45:32,V026,120.0,0.983053215752571
2026-07-23,2026-07-23 11:45:33,V026,120.0,0.9919002801708425
2026-07-23,2026-07-23 11:45:34,V026,119.0,0.9823853053299578
2026-07-23,2026-07-23 11:45:35,V026,118.0,0.9983673693378695
2026-07-23,2026-07-23 11:45:36,V026,118.0,0.9653732296931195
2026-07-23,2026-07-23 11:45:37,V026,117.0,0.9964421040713864
2026-07-23,2026-07-23 11:45:38,V026,116.0,0.9988103221635326
2026-07-23,2026-07-23 11:45:39,V026,115.0,0.9726322500573473
2026-07-23,2026-07-23 11:45:40,V026,115.0,0.9839332740353973
2026-07-23,2026-07-23 11:45:41,V026,114.0,1.016146599037776
2026-07-23,2026-07-23 11:45:42,V026,114.0,1.0204000988671418
2026-07-23,2026-07-23 11:45:43,V026,113.0,0.985068067792912
2026-07-23,2026-07-23 11:45:44,V026,113.0,1.0516337559805817
2026-07-23,2026-07-23 11:45:45,V026,113.0,0.9844018991460303
2026-07-23,2026-07-23 11:45:46,V026,112.0,1.0666945880328866
2026-07-23,2026-07-23 11:45:47,V026,112.0,0.9743774011576339
2026-07-23,2026-07-23 11:45:48,V026,112.0,1.009009298003714
2026-07-23,2026-07-23 11:45:49,V026,111.0,1.012381366749901
2026-07-23,2026-07-23 11:45:50,V026,111.0,0.9862911734298042
2026-07-23,2026-07-23 11:45:51,V026,111.0,1.0026174746556555
2026-07-23,2026-07-23 11:45:52,V026,111.0,0.9914422195382955
2026-07-23,2026-07-23 11:45:53,V026,110.0,0.9787931651552665
2026-07-23,2026-07-23 11:45:54,V026,110.0,0.9787921697768124
2026-07-23,2026-07-23 11:45:55,V026,110.0,0.9857095688903914
2026-07-23,2026-07-23 11:45:56,V026,110.0,1.036863316690855
2026-07-23,2026-07-23 11:45:57,V026,109.0,0.9855816124145185
2026-07-23,2026-07-23 11:45:58,V026,109.0,0.9850580662481556
2026-07-23,2026-07-23 11:45:59,V026,108.0,0.9812073133298115
2026-07-23,2026-07-23 11:46:00,V026,108.0,0.9747984466086119
2026-07-23,2026-07-23 11:46:01,V026,108.0,0.9848017175598138
2026-07-23,2026-07-23 11:46:02,V026,108.0,1.0225780150787314
2026-07-23,2026-07-23 11:46:03,V026,108.0,0.9835849112273566
2026-07-23,2026-07-23 11:46:04,V026,108.0,0.9888228671318119
2026-07-23,2026-07-23 11:46:05,V026,109.0,0.9810107554751663
2026-07-23,2026-07-23 11:46:06,V026,109.0,0.9770744277568661
2026-07-23,2026-07-23 11:46:07,V026,109.0,0.9819744189620251
2026-07-23,2026-07-23 11:46:08,V026,109.0,0.9783609169852426
2026-07-23,2026-07-23 11:46:09,V026,109.0,0.9788354238932674
2026-07-23,2026-07-23 11:46:10,V026,109.0,0.9777464621602169
2026-07-23,2026-07-23 11:46:11,V026,109.0,0.9819061635724858
2026-07-23,2026-07-23 11:46:12,V026,109.0,0.9793582096084273
2026-07-23,2026-07-23 11:46:13,V026,109.0,0.9781529311167813
2026-07-23,2026-07-23 11:46:14,V026,108.0,0.9778870212605513
2026-07-23,2026-07-23 11:46:15,V026,108.0,0.9797862781529532
2026-07-23,2026-07-23 11:46:16,V026,107.0,0.9779908426453938
2026-07-23,2026-07-23 11:46:17,V026,107.0,0.9803774904823249
2026-07-23,2026-07-23 11:46:18,V026,106.0,0.9850478436911482
2026-07-23,2026-07-23 11:46:19,V026,106.0,0.9794787684548141
2026-07-23,2026-07-23 11:46:20,V026,106.0,0.977056895518604
2026-07-23,2026-07-23 11:46:21,V026,106.0,0.9780874323258151
2026-07-23,2026-07-23 11:46:22,V026,107.0,0.9771065565813424
2026-07-23,2026-07-23 11:46:23,V026,106.0,0.9795867866915886
2026-07-23,2026-07-23 11:46:24,V026,106.0,0.9777130978317287
2026-07-23,2026-07-23 11:46:25,V026,106.0,0.9774004336120767
2026-07-23,2026-07-23 11:46:26,V026,106.0,0.9807221067953655
2026-07-23,2026-07-23 11:46:27,V026,105.0,0.9753680237375483
2026-07-23,2026-07-23 11:46:28,V026,105.0,0.9800982590343414
2026-07-23,2026-07-23 11:46:29,V026,105.0,0.9778884161224233
2026-07-23,2026-07-23 11:46:30,V026,105.0,0.977304849801278
2026-07-23,2026-07-23 11:46:31,V026,104.0,0.9779801344927335
2026-07-23,2026-07-23 11:46:32,V026,104.0,0.9776538062615909
2026-07-23,2026-07-23 11:46:33,V026,103.0,0.9782216901345075
2026-07-23,2026-07-23 11:46:34,V026,102.0,0.9779501977312495
2026-07-23,2026-07-23 11:46:35,V026,101.0,0.9766570038393306
2026-07-23,2026-07-23 11:46:36,V026,101.0,0.9778627183096484
2026-07-23,2026-07-23 11:46:37,V026,101.0,0.9779724762445843
2026-07-23,2026-07-23 11:46:38,V026,102.0,0.9800122169526876
2026-07-23,2026-07-23 11:46:39,V026,102.0,0.981470160336159
2026-07-23,2026-07-23 11:46:40,V026,103.0,0.9842955192659174
2026-07-23,2026-07-23 11:46:41,V026,104.0,0.9793730343800698
2026-07-23,2026-07-23 11:46:42,V026,104.0,0.983890452920133
2026-07-23,2026-07-23 11:46:43,V026,103.0,0.9813618277413914
2026-07-23,2026-07-23 11:46:44,V026,102.0,0.9821165327543022
2026-07-23,2026-07-23 11:46:45,V026,101.0,0.9823951617656499
2026-07-23,2026-07-23 11:46:46,V026,101.0,0.9840123028400641
2026-07-23,2026-07-23 11:46:47,V026,100.0,0.9881513632879015
2026-07-23,2026-07-23 11:46:48,V026,99.0,0.9815723369714981
2026-07-23,2026-07-23 11:46:49,V026,98.0,0.9837945782036633
2026-07-23,2026-07-23 11:46:50,V026,98.0,0.9842294882844804
2026-07-23,2026-07-23 11:46:51,V026,96.0,0.9817121697087564
2026-07-23,2026-07-23 11:46:52,V026,95.0,0.9823570108412382
2026-07-23,2026-07-23 11:46:53,V026,94.0,0.9916547480154457
2026-07-23,2026-07-23 11:46:54,V026,94.0,0.9843702802931777
2026-07-23,2026-07-23 11:46:55,V026,94.0,0.9799491272034723
2026-07-23,2026-07-23 11:46:56,V026,94.0,0.9780041569700874
2026-07-23,2026-07-23 11:46:57,V026,94.0,0.9774987295306489
2026-07-23,2026-07-23 11:46:58,V026,95.0,0.9776152261565983
2026-07-23,2026-07-23 11:46:59,V026,96.0,0.9786496138206577
2026-07-23,2026-07-23 11:47:00,V026,96.0,0.9920775125843231
2026-07-23,2026-07-23 11:47:01,V026,98.0,0.9721363605474762
2026-07-23,2026-07-23 11:47:02,V026,100.0,0.9773669837581672
2026-07-23,2026-07-23 11:47:03,V026,100.0,0.9751553829221629
2026-07-23,2026-07-23 11:47:04,V026,100.0,0.979650618602816
2026-07-23,2026-07-23 11:47:05,V026,101.0,0.9746388318702923
2026-07-23,2026-07-23 11:47:06,V026,101.0,0.975659762647771
2026-07-23,2026-07-23 11:47:07,V026,102.0,0.9802684271038288
2026-07-23,2026-07-23 11:47:08,V026,102.0,0.9837332948649536
2026-07-23,2026-07-23 11:47:09,V026,102.0,0.9825919739156531
2026-07-23,2026-07-23 11:47:10,V026,102.0,0.9768422839513282
2026-07-23,2026-07-23 11:47:11,V026,103.0,0.9769599128314098
2026-07-23,2026-07-23 11:47:12,V026,103.0,0.9766110634414767
2026-07-23,2026-07-23 11:47:13,V026,103.0,0.9768669671436024
2026-07-23,2026-07-23 11:47:14,V026,104.0,0.9758436418168932
2026-07-23,2026-07-23 11:47:15,V026,104.0,0.9802213383520936
2026-07-23,2026-07-23 11:47:16,V026,104.0,0.9765728638607024
2026-07-23,2026-07-23 11:47:17,V026,104.0,0.9782680479349806
2026-07-23,2026-07-23 11:47:18,V026,105.0,0.9780571526049906
2026-07-23,2026-07-23 11:47:19,V026,105.0,0.9762417645823556
2026-07-23,2026-07-23 11:47:20,V026,105.0,0.9777458274419113
2026-07-23,2026-07-23 11:47:21,V026,105.0,0.9766188464375833
2026-07-23,2026-07-23 11:47:22,V026,105.0,0.977398106450042
2026-07-23,2026-07-23 11:47:23,V026,105.0,0.9766408091378006
2026-07-23,2026-07-23 11:47:24,V026,105.0,0.9773254413774632
2026-07-23,2026-07-23 11:47:25,V026,104.0,0.9774252337095017
2026-07-23,2026-07-23 11:47:26,V026,104.0,0.9773116669647582
2026-07-23,2026-07-23 11:47:27,V026,104.0,0.9766610784434772
2026-07-23,2026-07-23 11:47:28,V026,103.0,0.9767495785862329
2026-07-23,2026-07-23 11:47:29,V026,103.0,0.9784013839368506
2026-07-23,2026-07-23 11:47:30,V026,102.0,0.9751564445521584
2026-07-23,2026-07-23 11:47:31,V026,101.0,0.9764125129716577
2026-07-23,2026-07-23 11:47:32,V026,101.0,0.9773977938093225
2026-07-23,2026-07-23 11:47:33,V026,101.0,0.9775817757988653
2026-07-23,2026-07-23 11:47:34,V026,101.0,0.986546249755203
2026-07-23,2026-07-23 11:47:35,V026,101.0,0.9837502505537268
2026-07-23,2026-07-23 11:47:36,V026,101.0,0.9942873246818384
2026-07-23,2026-07-23 11:47:37,V026,100.0,0.9665734843663035
2026-07-23,2026-07-23 11:47:38,V026,98.0,0.9948379885717742
2026-07-23,2026-07-23 11:47:39,V026,98.0,0.97712755576962
2026-07-23,2026-07-23 11:47:40,V026,98.0,0.9916289513971323
2026-07-23,2026-07-23 11:47:41,V026,99.0,0.9847078103954032
2026-07-23,2026-07-23 11:47:42,V026,100.0,0.9733835152555127
2026-07-23,2026-07-23 11:47:43,V026,100.0,0.980921234552189
2026-07-23,2026-07-23 11:47:44,V026,101.0,0.9752682452315654
2026-07-23,2026-07-23 11:47:45,V026,101.0,0.9756313381621031
2026-07-23,2026-07-23 11:47:46,V026,102.0,0.9755265108004058
2026-07-23,2026-07-23 11:47:47,V026,102.0,0.9761347935939273
2026-07-23,2026-07-23 11:47:48,V026,103.0,0.9748945761481556
2026-07-23,2026-07-23 11:47:49,V026,103.0,0.9762058327680356
2026-07-23,2026-07-23 11:47:50,V026,103.0,0.9751769287933992
2026-07-23,2026-07-23 11:47:51,V026,103.0,0.9765252984376825
2026-07-23,2026-07-23 11:47:52,V026,103.0,0.9906580633761266
2026-07-23,2026-07-23 11:47:53,V026,103.0,1.015583850048695
2026-07-23,2026-07-23 11:47:54,V026,103.0,0.9886762282242886
2026-07-23,2026-07-23 11:47:55,V026,103.0,0.9682139775002355
2026-07-23,2026-07-23 11:47:56,V026,102.0,0.9904875170540182
2026-07-23,2026-07-23 11:47:57,V026,102.0,0.98795954297787
2026-07-23,2026-07-23 11:47:58,V026,102.0,0.9813759703389326
2026-07-23,2026-07-23 11:47:59,V026,102.0,0.9828887100556243
2026-07-23,2026-07-23 11:48:00,V026,102.0,0.9786778536188461
2026-07-23,2026-07-23 11:48:01,V026,102.0,0.976892327281344
2026-07-23,2026-07-23 11:48:02,V026,103.0,0.9785115888093738
2026-07-23,2026-07-23 11:48:03,V026,103.0,0.9761329429890391
2026-07-23,2026-07-23 11:48:04,V026,103.0,0.9839948233177831
2026-07-23,2026-07-23 11:48:05,V026,103.0,0.983902461786045
2026-07-23,2026-07-23 11:48:06,V026,103.0,0.9778965575031808
2026-07-23,2026-07-23 11:48:07,V026,104.0,0.9899895770601878
2026-07-23,2026-07-23 11:48:08,V026,104.0,0.9711819000328213
2026-07-23,2026-07-23 11:48:09,V026,104.0,0.9810434424485058
2026-07-23,2026-07-23 11:48:10,V026,104.0,0.9772728189090264
2026-07-23,2026-07-23 11:48:11,V026,104.0,0.978760679795794
2026-07-23,2026-07-23 11:48:12,V026,103.0,0.9848644488514979
2026-07-23,2026-07-23 11:48:13,V026,102.0,0.9886232874798605
2026-07-23,2026-07-23 11:48:14,V026,102.0,0.9797647751894142
2026-07-23,2026-07-23 11:48:15,V026,102.0,0.9826202003400103
2026-07-23,2026-07-23 11:48:16,V026,102.0,0.9914162127477595
2026-07-23,2026-07-23 11:48:17,V026,101.0,0.9920807909051503
2026-07-23,2026-07-23 11:48:18,V026,101.0,0.9893769807307237
2026-07-23,2026-07-23 11:48:19,V026,101.0,0.9814455074339168
2026-07-23,2026-07-23 11:48:20,V026,100.0,0.9766189485000601
2026-07-23,2026-07-23 11:48:21,V026,100.0,0.977495455191088
2026-07-23,2026-07-23 11:48:22,V026,100.0,0.977087458826314
2026-07-23,2026-07-23 11:48:23,V026,100.0,0.9774949651327225
2026-07-23,2026-07-23 11:48:24,V026,100.0,0.9772768773451359
2026-07-23,2026-07-23 11:48:25,V026,99.0,0.9775447824009565
2026-07-23,2026-07-23 11:48:26,V026,99.0,1.0108483483603081
2026-07-23,2026-07-23 11:48:27,V026,99.0,0.992916025698309
2026-07-23,2026-07-23 11:48:28,V026,99.0,0.9864971029743316
2026-07-23,2026-07-23 11:48:29,V026,99.0,0.9895391717344594
2026-07-23,2026-07-23 11:48:30,V026,99.0,0.9799168207120839
2026-07-23,2026-07-23 11:48:31,V026,99.0,0.9866774754130446
2026-07-23,2026-07-23 11:48:32,V026,99.0,0.9763430282470954
2026-07-23,2026-07-23 11:48:33,V026,98.0,0.9797204016538292
2026-07-23,2026-07-23 11:48:34,V026,97.0,0.9781815225266395
2026-07-23,2026-07-23 11:48:35,V026,96.0,0.9756575458605131
2026-07-23,2026-07-23 11:48:36,V026,95.0,0.9806045666986942
2026-07-23,2026-07-23 11:48:37,V026,94.0,0.9822378582385716
2026-07-23,2026-07-23 11:48:38,V026,94.0,0.9910694620917069
2026-07-23,2026-07-23 11:48:39,V026,94.0,0.9762263467329675
2026-07-23,2026-07-23 11:48:40,V026,95.0,0.9763986391953972
2026-07-23,2026-07-23 11:48:41,V026,95.0,0.9965864172556627
2026-07-23,2026-07-23 11:48:42,V026,96.0,0.9921672452292583
2026-07-23,2026-07-23 11:48:43,V026,96.0,0.9968605046484571
2026-07-23,2026-07-23 11:48:44,V026,97.0,0.9766435119249917
2026-07-23,2026-07-23 11:48:45,V026,98.0,0.9848297398287738
2026-07-23,2026-07-23 11:48:46,V026,99.0,0.9759993132650678
2026-07-23,2026-07-23 11:48:47,V026,100.0,0.9773156956988444
2026-07-23,2026-07-23 11:48:48,V026,100.0,0.9828787111336273
2026-07-23,2026-07-23 11:48:49,V026,101.0,0.9781001950904806
2026-07-23,2026-07-23 11:48:50,V026,101.0,0.9766086006709634
2026-07-23,2026-07-23 11:48:51,V026,102.0,0.976301589619932
2026-07-23,2026-07-23 11:48:52,V026,102.0,0.9727730749223084
2026-07-23,2026-07-23 11:48:53,V026,103.0,0.9835921548341598
2026-07-23,2026-07-23 11:48:54,V026,103.0,1.0196083109919052
2026-07-23,2026-07-23 11:48:55,V026,103.0,1.0109252949719443
2026-07-23,2026-07-23 11:48:56,V026,104.0,0.9893579008522191
2026-07-23,2026-07-23 11:48:57,V026,104.0,1.0144816528307883
2026-07-23,2026-07-23 11:48:58,V026,104.0,0.9554583534871124
2026-07-23,2026-07-23 11:48:59,V026,103.0,1.0249041191467685
2026-07-23,2026-07-23 11:49:00,V026,102.0,1.0213245250675225
2026-07-23,2026-07-23 11:49:01,V026,102.0,0.9536071815995674
2026-07-23,2026-07-23 11:49:02,V026,101.0,1.0307367309596762
2026-07-23,2026-07-23 11:49:03,V026,101.0,1.0001289857906501
2026-07-23,2026-07-23 11:49:04,V026,101.0,0.9922991080487403
2026-07-23,2026-07-23 11:49:05,V026,101.0,0.984133474615791
2026-07-23,2026-07-23 11:49:06,V026,101.0,0.9948035353288645
2026-07-23,2026-07-23 11:49:07,V026,101.0,0.9734014808620133
2026-07-23,2026-07-23 11:49:08,V026,101.0,1.0376184342543506
2026-07-23,2026-07-23 11:49:09,V026,101.0,0.9669186259501363
2026-07-23,2026-07-23 11:49:10,V026,100.0,1.006321983797528
2026-07-23,2026-07-23 11:49:11,V026,99.0,1.028094784298783
2026-07-23,2026-07-23 11:49:12,V026,99.0,0.9777035036012605
2026-07-23,2026-07-23 11:49:13,V026,98.0,0.9687186426997441
2026-07-23,2026-07-23 11:49:14,V026,97.0,1.0446145898096157
2026-07-23,2026-07-23 11:49:15,V026,96.0,1.011073786719087
2026-07-23,2026-07-23 11:49:16,V026,95.0,0.9613975947744541
2026-07-23,2026-07-23 11:49:17,V026,94.0,1.133520405185174
2026-07-23,2026-07-23 11:49:18,V026,94.0,0.9689371475881438
2026-07-23,2026-07-23 11:49:19,V026,93.0,0.9662337949876941
2026-07-23,2026-07-23 11:49:20,V026,93.0,1.0214001250308444
2026-07-23,2026-07-23 11:49:21,V026,92.0,0.9883213591068198
2026-07-23,2026-07-23 11:49:22,V026,91.0,0.9941640622391889
2026-07-23,2026-07-23 11:49:23,V026,91.0,0.9766501091156348
2026-07-23,2026-07-23 11:49:24,V026,92.0,1.0361758618965766
2026-07-23,2026-07-23 11:49:25,V026,93.0,0.9943901545556797
2026-07-23,2026-07-23 11:49:26,V026,93.0,1.0507094394033811
2026-07-23,2026-07-23 11:49:27,V026,93.0,0.9982843440380772
2026-07-23,2026-07-23 11:49:28,V026,93.0,1.024110412001854
2026-07-23,2026-07-23 11:49:29,V026,94.0,1.029405487934738
2026-07-23,2026-07-23 11:49:30,V026,94.0,1.0731596776177448
2026-07-23,2026-07-23 11:49:31,V026,94.0,1.02252174371538
2026-07-23,2026-07-23 11:49:32,V026,95.0,1.028500987948583
2026-07-23,2026-07-23 11:49:33,V026,96.0,1.0358385278819078
2026-07-23,2026-07-23 11:49:34,V026,98.0,1.0718733712924995
2026-07-23,2026-07-23 11:49:35,V026,100.0,1.029177986959312
2026-07-23,2026-07-23 11:49:36,V026,101.0,1.036465571231545
2026-07-23,2026-07-23 11:49:37,V026,103.0,1.0343595263662093
2026-07-23,2026-07-23 11:49:38,V026,104.0,1.0501423308450941
2026-07-23,2026-07-23 11:49:39,V026,104.0,1.0372078481326361
2026-07-23,2026-07-23 11:49:40,V026,104.0,0.9883716936190392
2026-07-23,2026-07-23 11:49:41,V026,105.0,1.0588907934810656
2026-07-23,2026-07-23 11:49:42,V026,105.0,0.9801496123136131
2026-07-23,2026-07-23 11:49:43,V026,104.0,0.985207219380222
2026-07-23,2026-07-23 11:49:44,V026,104.0,0.9858728124985878
2026-07-23,2026-07-23 11:49:45,V026,104.0,0.9751267912692572
2026-07-23,2026-07-23 11:49:46,V026,104.0,0.984586338898318
2026-07-23,2026-07-23 11:49:47,V026,105.0,0.977691483183732
2026-07-23,2026-07-23 11:49:48,V026,105.0,1.0359789692246217
2026-07-23,2026-07-23 11:49:49,V026,106.0,1.0191227961858509
2026-07-23,2026-07-23 11:49:50,V026,106.0,1.072316857079382
2026-07-23,2026-07-23 11:49:51,V026,107.0,1.0347249076003195
2026-07-23,2026-07-23 11:49:52,V026,107.0,0.9791510037308967
2026-07-23,2026-07-23 11:49:53,V026,107.0,0.9965925509332655
2026-07-23,2026-07-23 11:49:54,V026,108.0,1.0174201835182095
2026-07-23,2026-07-23 11:49:55,V026,107.0,0.9874466660619287
2026-07-23,2026-07-23 11:49:56,V026,106.0,1.017717422574032
2026-07-23,2026-07-23 11:49:57,V026,105.0,0.9961511923856659
2026-07-23,2026-07-23 11:49:58,V026,105.0,0.9819401585422237
2026-07-23,2026-07-23 11:49:59,V026,104.0,0.9925313744082391
2026-07-23,2026-07-23 11:50:00,V026,104.0,
