Date,Timestamp,SensorID,HeartRate,AccNorm
2026-07-23,2026-07-23 10:40:00,V013,91.0,1.0161892389765637
2026-07-23,2026-07-23 10:40:01,V013,91.0,1.0190180301939409
2026-07-23,2026-07-23 10:40:02,V013,91.0,1.0224281779661735
2026-07-23,2026-07-23 10:40:03,V013,92.0,1.0191879819411716
2026-07-23,2026-07-23 10:40:04,V013,92.0,1.0258229246381194
2026-07-23,2026-07-23 10:40:05,V013,92.0,1.0089975518050005
2026-07-23,2026-07-23 10:40:06,V013,93.0,1.043636312593789
2026-07-23,2026-07-23 10:40:07,V013,93.0,1.0606814741368986
2026-07-23,2026-07-23 10:40:08,V013,93.0,1.0088060339400942
2026-07-23,2026-07-23 10:40:09,V013,93.0,1.0279887979628273
2026-07-23,2026-07-23 10:40:10,V013,92.0,1.0091571499783987
2026-07-23,2026-07-23 10:40:11,V013,92.0,1.0281966220009786
2026-07-23,2026-07-23 10:40:12,V013,91.0,1.0147156715358279
2026-07-23,2026-07-23 10:40:13,V013,90.0,1.035818097680911
2026-07-23,2026-07-23 10:40:14,V013,89.0,1.0560959976411186
2026-07-23,2026-07-23 10:40:15,V013,87.0,1.053312734899274
2026-07-23,2026-07-23 10:40:16,V013,86.0,1.0001250143273608
2026-07-23,2026-07-23 10:40:17,V013,84.0,1.1561326001590135
2026-07-23,2026-07-23 10:40:18,V013,83.0,1.0767670812905683
2026-07-23,2026-07-23 10:40:19,V013,81.0,1.0193685211977241
2026-07-23,2026-07-23 10:40:20,V013,80.0,1.0255228352473844
2026-07-23,2026-07-23 10:40:21,V013,80.0,1.042182880418455
2026-07-23,2026-07-23 10:40:22,V013,80.0,1.027069390721945
2026-07-23,2026-07-23 10:40:23,V013,79.0,1.0462311503966866
2026-07-23,2026-07-23 10:40:24,V013,79.0,1.0250405363616313
2026-07-23,2026-07-23 10:40:25,V013,80.0,1.0099188296603827
2026-07-23,2026-07-23 10:40:26,V013,81.0,1.114155342209553
2026-07-23,2026-07-23 10:40:27,V013,82.0,1.1349313594615649
2026-07-23,2026-07-23 10:40:28,V013,83.0,1.0247318841964175
2026-07-23,2026-07-23 10:40:29,V013,84.0,1.0446684811608582
2026-07-23,2026-07-23 10:40:30,V013,85.0,0.9887620573424055
2026-07-23,2026-07-23 10:40:31,V013,86.0,1.0098873424515358
2026-07-23,2026-07-23 10:40:32,V013,88.0,0.9968757114724314
2026-07-23,2026-07-23 10:40:33,V013,89.0,1.0001607380945856
2026-07-23,2026-07-23 10:40:34,V013,91.0,0.9959732132084134
2026-07-23,2026-07-23 10:40:35,V013,94.0,1.038310145796696
2026-07-23,2026-07-23 10:40:36,V013,96.0,1.2170461528526249
2026-07-23,2026-07-23 10:40:37,V013,96.0,1.0366363067104354
2026-07-23,2026-07-23 10:40:38,V013,95.0,1.0684202536637792
2026-07-23,2026-07-23 10:40:39,V013,95.0,1.0754152288896577
2026-07-23,2026-07-23 10:40:40,V013,94.0,1.1116209249597668
2026-07-23,2026-07-23 10:40:41,V013,94.0,1.152298503532619
2026-07-23,2026-07-23 10:40:42,V013,94.0,0.9347806948241842
2026-07-23,2026-07-23 10:40:43,V013,94.0,1.0082258552369405
2026-07-23,2026-07-23 10:40:44,V013,94.0,1.00547797109676
2026-07-23,2026-07-23 10:40:45,V013,95.0,0.992841569537425
2026-07-23,2026-07-23 10:40:46,V013,96.0,1.0285069388864003
2026-07-23,2026-07-23 10:40:47,V013,97.0,1.0158663850349894
2026-07-23,2026-07-23 10:40:48,V013,97.0,1.0283960259037377
2026-07-23,2026-07-23 10:40:49,V013,98.0,1.018703494556994
2026-07-23,2026-07-23 10:40:50,V013,98.0,1.0099955223401118
2026-07-23,2026-07-23 10:40:51,V013,99.0,1.0122272351837005
2026-07-23,2026-07-23 10:40:52,V013,99.0,1.0186270159000852
2026-07-23,2026-07-23 10:40:53,V013,99.0,1.0098664999483793
2026-07-23,2026-07-23 10:40:54,V013,99.0,1.0418871670794412
2026-07-23,2026-07-23 10:40:55,V013,99.0,1.0241270207494206
2026-07-23,2026-07-23 10:40:56,V013,98.0,1.0461876242206711
2026-07-23,2026-07-23 10:40:57,V013,98.0,1.0642220378179819
2026-07-23,2026-07-23 10:40:58,V013,98.0,1.0316464953669389
2026-07-23,2026-07-23 10:40:59,V013,98.0,1.0075998805998276
2026-07-23,2026-07-23 10:41:00,V013,98.0,1.014570352811924
2026-07-23,2026-07-23 10:41:01,V013,98.0,1.0167337501634504
2026-07-23,2026-07-23 10:41:02,V013,99.0,1.0148338203951488
2026-07-23,2026-07-23 10:41:03,V013,99.0,1.016561982149507
2026-07-23,2026-07-23 10:41:04,V013,100.0,1.015749711029436
2026-07-23,2026-07-23 10:41:05,V013,101.0,1.0167469517373888
2026-07-23,2026-07-23 10:41:06,V013,102.0,1.0160654310847723
2026-07-23,2026-07-23 10:41:07,V013,102.0,1.0160630853911108
2026-07-23,2026-07-23 10:41:08,V013,103.0,1.0192313969714684
2026-07-23,2026-07-23 10:41:09,V013,103.0,1.0150529753267916
2026-07-23,2026-07-23 10:41:10,V013,102.0,1.0154201841857162
2026-07-23,2026-07-23 10:41:11,V013,101.0,1.0260732897329814
2026-07-23,2026-07-23 10:41:12,V013,99.0,1.0068688794779295
2026-07-23,2026-07-23 10:41:13,V013,98.0,1.0408426687327657
2026-07-23,2026-07-23 10:41:14,V013,98.0,1.0290125448644376
2026-07-23,2026-07-23 10:41:15,V013,97.0,1.0448837500727106
2026-07-23,2026-07-23 10:41:16,V013,96.0,1.049619379242024
2026-07-23,2026-07-23 10:41:17,V013,96.0,0.9667210562671219
2026-07-23,2026-07-23 10:41:18,V013,96.0,1.0407388596622498
2026-07-23,2026-07-23 10:41:19,V013,96.0,1.017933724242949
2026-07-23,2026-07-23 10:41:20,V013,96.0,1.0668014464941642
2026-07-23,2026-07-23 10:41:21,V013,95.0,0.9914005279276284
2026-07-23,2026-07-23 10:41:22,V013,95.0,1.0132448600205726
2026-07-23,2026-07-23 10:41:23,V013,96.0,1.010394746782814
2026-07-23,2026-07-23 10:41:24,V013,96.0,1.0051636213000366
2026-07-23,2026-07-23 10:41:25,V013,96.0,1.0025368668586772
2026-07-23,2026-07-23 10:41:26,V013,96.0,1.0062880440701383
2026-07-23,2026-07-23 10:41:27,V013,97.0,1.0020068918137377
2026-07-23,2026-07-23 10:41:28,V013,98.0,1.0025842446541575
2026-07-23,2026-07-23 10:41:29,V013,98.0,0.9771226240574872
2026-07-23,2026-07-23 10:41:30,V013,98.0,1.0214817723303737
2026-07-23,2026-07-23 10:41:31,V013,98.0,1.008103767012732
2026-07-23,2026-07-23 10:41:32,V013,98.0,1.0291875072820413
2026-07-23,2026-07-23 10:41:33,V013,98.0,1.0442106855000772
2026-07-23,2026-07-23 10:41:34,V013,99.0,1.0133385124124408
2026-07-23,2026-07-23 10:41:35,V013,99.0,1.023095816163518
2026-07-23,2026-07-23 10:41:36,V013,99.0,1.016916153103437
2026-07-23,2026-07-23 10:41:37,V013,99.0,1.0096148098689528
2026-07-23,2026-07-23 10:41:38,V013,99.0,1.0153728794790298
2026-07-23,2026-07-23 10:41:39,V013,98.0,1.0235934089644367
2026-07-23,2026-07-23 10:41:40,V013,97.0,1.0104714869509648
2026-07-23,2026-07-23 10:41:41,V013,97.0,1.050399281276732
2026-07-23,2026-07-23 10:41:42,V013,97.0,1.0388092660262425
2026-07-23,2026-07-23 10:41:43,V013,98.0,1.034308374984212
2026-07-23,2026-07-23 10:41:44,V013,98.0,1.0315735625753728
2026-07-23,2026-07-23 10:41:45,V013,98.0,1.0394959409342341
2026-07-23,2026-07-23 10:41:46,V013,98.0,1.0117946869704746
2026-07-23,2026-07-23 10:41:47,V013,99.0,1.0377172298832253
2026-07-23,2026-07-23 10:41:48,V013,99.0,0.9993751849602803
2026-07-23,2026-07-23 10:41:49,V013,99.0,1.0108879694360167
2026-07-23,2026-07-23 10:41:50,V013,99.0,1.0271222130940445
2026-07-23,2026-07-23 10:41:51,V013,99.0,1.0305007210138495
2026-07-23,2026-07-23 10:41:52,V013,98.0,1.0141836257191394
2026-07-23,2026-07-23 10:41:53,V013,98.0,1.0094509148403183
2026-07-23,2026-07-23 10:41:54,V013,98.0,1.0134655243319493
2026-07-23,2026-07-23 10:41:55,V013,97.0,1.0086204573140656
2026-07-23,2026-07-23 10:41:56,V013,96.0,1.0111562375917902
2026-07-23,2026-07-23 10:41:57,V013,96.0,1.0101379360327594
2026-07-23,2026-07-23 10:41:58,V013,95.0,1.0145150652491002
2026-07-23,2026-07-23 10:41:59,V013,95.0,1.012041240764671
2026-07-23,2026-07-23 10:42:00,V013,94.0,1.0144718586915327
2026-07-23,2026-07-23 10:42:01,V013,94.0,1.0303419396322764
2026-07-23,2026-07-23 10:42:02,V013,95.0,1.0256266314161138
2026-07-23,2026-07-23 10:42:03,V013,95.0,1.0091505643568945
2026-07-23,2026-07-23 10:42:04,V013,95.0,1.037747089889298
2026-07-23,2026-07-23 10:42:05,V013,95.0,1.028594935117314
2026-07-23,2026-07-23 10:42:06,V013,96.0,0.9944843967976845
2026-07-23,2026-07-23 10:42:07,V013,95.0,1.036122747881343
2026-07-23,2026-07-23 10:42:08,V013,95.0,1.0325320112432763
2026-07-23,2026-07-23 10:42:09,V013,95.0,1.0287676992776635
2026-07-23,2026-07-23 10:42:10,V013,94.0,1.0172118594971173
2026-07-23,2026-07-23 10:42:11,V013,94.0,1.0505485328664355
2026-07-23,2026-07-23 10:42:12,V013,93.0,1.0395505049920362
2026-07-23,2026-07-23 10:42:13,V013,94.0,1.030007100403618
2026-07-23,2026-07-23 10:42:14,V013,94.0,1.016531171653444
2026-07-23,2026-07-23 10:42:15,V013,94.0,1.0563061225137023
2026-07-23,2026-07-23 10:42:16,V013,94.0,1.0099178305625602
2026-07-23,2026-07-23 10:42:17,V013,95.0,1.0574975201711572
2026-07-23,2026-07-23 10:42:18,V013,96.0,1.0647750321587193
2026-07-23,2026-07-23 10:42:19,V013,97.0,1.0323228401124236
2026-07-23,2026-07-23 10:42:20,V013,97.0,1.0327694909788374
2026-07-23,2026-07-23 10:42:21,V013,98.0,1.0127712497429449
2026-07-23,2026-07-23 10:42:22,V013,99.0,1.032184472763983
2026-07-23,2026-07-23 10:42:23,V013,99.0,1.0411216940892998
2026-07-23,2026-07-23 10:42:24,V013,99.0,1.0222065438150467
2026-07-23,2026-07-23 10:42:25,V013,99.0,1.006735316312662
2026-07-23,2026-07-23 10:42:26,V013,98.0,1.014516360227563
2026-07-23,2026-07-23 10:42:27,V013,97.0,1.0147363808723304
2026-07-23,2026-07-23 10:42:28,V013,97.0,1.014937089993478
2026-07-23,2026-07-23 10:42:29,V013,96.0,1.012950798702061
2026-07-23,2026-07-23 10:42:30,V013,96.0,1.0158929501493152
2026-07-23,2026-07-23 10:42:31,V013,95.0,1.014278981329154
2026-07-23,2026-07-23 10:42:32,V013,95.0,1.0157371102003723
2026-07-23,2026-07-23 10:42:33,V013,94.0,1.0156205437153232
2026-07-23,2026-07-23 10:42:34,V013,94.0,1.0150962913192487
2026-07-23,2026-07-23 10:42:35,V013,94.0,1.0149496225503245
2026-07-23,2026-07-23 10:42:36,V013,94.0,1.0123266148482122
2026-07-23,2026-07-23 10:42:37,V013,94.0,1.016540423621513
2026-07-23,2026-07-23 10:42:38,V013,94.0,1.0158835936048256
2026-07-23,2026-07-23 10:42:39,V013,94.0,1.0142547266895574
2026-07-23,2026-07-23 10:42:40,V013,93.0,1.0167980716422214
2026-07-23,2026-07-23 10:42:41,V013,93.0,1.011983201616283
2026-07-23,2026-07-23 10:42:42,V013,92.0,1.0208148447920664
2026-07-23,2026-07-23 10:42:43,V013,91.0,1.016308619791914
2026-07-23,2026-07-23 10:42:44,V013,90.0,1.0156515340594892
2026-07-23,2026-07-23 10:42:45,V013,90.0,1.0153457235268895
2026-07-23,2026-07-23 10:42:46,V013,89.0,1.0218903418066079
2026-07-23,2026-07-23 10:42:47,V013,89.0,1.0220928333359365
2026-07-23,2026-07-23 10:42:48,V013,89.0,1.011246678868364
2026-07-23,2026-07-23 10:42:49,V013,90.0,1.0201339866804557
2026-07-23,2026-07-23 10:42:50,V013,92.0,1.0325774242310466
2026-07-23,2026-07-23 10:42:51,V013,92.0,1.030732178826184
2026-07-23,2026-07-23 10:42:52,V013,92.0,1.0232621309274639
2026-07-23,2026-07-23 10:42:53,V013,92.0,1.027133448666444
2026-07-23,2026-07-23 10:42:54,V013,92.0,1.0266595064777377
2026-07-23,2026-07-23 10:42:55,V013,92.0,1.015667736864086
2026-07-23,2026-07-23 10:42:56,V013,92.0,1.0370775466360485
2026-07-23,2026-07-23 10:42:57,V013,92.0,1.0155694673084923
2026-07-23,2026-07-23 10:42:58,V013,92.0,1.0229782993911494
2026-07-23,2026-07-23 10:42:59,V013,93.0,1.0238460362306332
2026-07-23,2026-07-23 10:43:00,V013,94.0,1.0347902167019567
2026-07-23,2026-07-23 10:43:01,V013,95.0,1.0398714142843157
2026-07-23,2026-07-23 10:43:02,V013,95.0,1.0656672800992397
2026-07-23,2026-07-23 10:43:03,V013,96.0,1.0416269551555957
2026-07-23,2026-07-23 10:43:04,V013,97.0,1.051837072990578
2026-07-23,2026-07-23 10:43:05,V013,98.0,1.0919630508760751
2026-07-23,2026-07-23 10:43:06,V013,98.0,1.0753126720449866
2026-07-23,2026-07-23 10:43:07,V013,98.0,1.1162769287479326
2026-07-23,2026-07-23 10:43:08,V013,98.0,0.9900379722178994
2026-07-23,2026-07-23 10:43:09,V013,98.0,1.0700768299549355
2026-07-23,2026-07-23 10:43:10,V013,98.0,1.0814077448797679
2026-07-23,2026-07-23 10:43:11,V013,98.0,1.0205086463990527
2026-07-23,2026-07-23 10:43:12,V013,98.0,1.0471959946053335
2026-07-23,2026-07-23 10:43:13,V013,98.0,1.0347895323812097
2026-07-23,2026-07-23 10:43:14,V013,98.0,1.011429006002945
2026-07-23,2026-07-23 10:43:15,V013,98.0,1.175612159249526
2026-07-23,2026-07-23 10:43:16,V013,98.0,1.0328799172582916
2026-07-23,2026-07-23 10:43:17,V013,98.0,1.0155148029831025
2026-07-23,2026-07-23 10:43:18,V013,98.0,1.0137484211713674
2026-07-23,2026-07-23 10:43:19,V013,98.0,1.0147921150263337
2026-07-23,2026-07-23 10:43:20,V013,98.0,1.0142590542240641
2026-07-23,2026-07-23 10:43:21,V013,98.0,1.0145542424832565
2026-07-23,2026-07-23 10:43:22,V013,98.0,1.0145694629538689
2026-07-23,2026-07-23 10:43:23,V013,98.0,1.0147525558188775
2026-07-23,2026-07-23 10:43:24,V013,99.0,1.0146475637802213
2026-07-23,2026-07-23 10:43:25,V013,98.0,1.0154583938686472
2026-07-23,2026-07-23 10:43:26,V013,98.0,1.0155650894007362
2026-07-23,2026-07-23 10:43:27,V013,98.0,1.0145524312722416
2026-07-23,2026-07-23 10:43:28,V013,99.0,1.0148647052659754
2026-07-23,2026-07-23 10:43:29,V013,99.0,1.0151252244245594
2026-07-23,2026-07-23 10:43:30,V013,99.0,1.0157154160185937
2026-07-23,2026-07-23 10:43:31,V013,100.0,1.0150706020548261
2026-07-23,2026-07-23 10:43:32,V013,100.0,1.0147361038558975
2026-07-23,2026-07-23 10:43:33,V013,101.0,1.0147017890063095
2026-07-23,2026-07-23 10:43:34,V013,101.0,1.0150501536711154
2026-07-23,2026-07-23 10:43:35,V013,101.0,1.0149743755196525
2026-07-23,2026-07-23 10:43:36,V013,102.0,1.0151609713226202
2026-07-23,2026-07-23 10:43:37,V013,100.0,1.01456807348311
2026-07-23,2026-07-23 10:43:38,V013,99.0,1.0154548412080904
2026-07-23,2026-07-23 10:43:39,V013,98.0,1.0156488513674535
2026-07-23,2026-07-23 10:43:40,V013,97.0,1.015751723092104
2026-07-23,2026-07-23 10:43:41,V013,96.0,1.014807366243353
2026-07-23,2026-07-23 10:43:42,V013,94.0,1.014680519031095
2026-07-23,2026-07-23 10:43:43,V013,93.0,1.0157531533983275
2026-07-23,2026-07-23 10:43:44,V013,89.0,1.0146887983024377
2026-07-23,2026-07-23 10:43:45,V013,87.0,1.0152899491626246
2026-07-23,2026-07-23 10:43:46,V013,87.0,1.0151088191925544
2026-07-23,2026-07-23 10:43:47,V013,86.0,1.0151055069319779
2026-07-23,2026-07-23 10:43:48,V013,85.0,1.0149606164230747
2026-07-23,2026-07-23 10:43:49,V013,85.0,1.0151451023479157
2026-07-23,2026-07-23 10:43:50,V013,84.0,1.015182493431339
2026-07-23,2026-07-23 10:43:51,V013,84.0,1.0142620566976068
2026-07-23,2026-07-23 10:43:52,V013,83.0,1.0147211114834516
2026-07-23,2026-07-23 10:43:53,V013,83.0,1.0151292555813318
2026-07-23,2026-07-23 10:43:54,V013,82.0,1.0160846060308322
2026-07-23,2026-07-23 10:43:55,V013,81.0,1.0157653738026835
2026-07-23,2026-07-23 10:43:56,V013,81.0,1.0154136940872578
2026-07-23,2026-07-23 10:43:57,V013,80.0,1.015853431872163
2026-07-23,2026-07-23 10:43:58,V013,80.0,1.015256854196622
2026-07-23,2026-07-23 10:43:59,V013,80.0,1.014877608581521
2026-07-23,2026-07-23 10:44:00,V013,80.0,1.016123101011216
2026-07-23,2026-07-23 10:44:01,V013,80.0,1.0153891622687186
2026-07-23,2026-07-23 10:44:02,V013,80.0,1.0139041323764788
2026-07-23,2026-07-23 10:44:03,V013,80.0,1.0146249212437943
2026-07-23,2026-07-23 10:44:04,V013,80.0,1.0154492394892607
2026-07-23,2026-07-23 10:44:05,V013,81.0,1.016075438791414
2026-07-23,2026-07-23 10:44:06,V013,81.0,1.0150221549307163
2026-07-23,2026-07-23 10:44:07,V013,81.0,1.0154626730135146
2026-07-23,2026-07-23 10:44:08,V013,81.0,1.0148878372546646
2026-07-23,2026-07-23 10:44:09,V013,81.0,1.01528805821002
2026-07-23,2026-07-23 10:44:10,V013,81.0,1.0144025880558252
2026-07-23,2026-07-23 10:44:11,V013,80.0,1.0147503350685514
2026-07-23,2026-07-23 10:44:12,V013,80.0,1.0160958690822253
2026-07-23,2026-07-23 10:44:13,V013,80.0,1.01271510826865
2026-07-23,2026-07-23 10:44:14,V013,79.0,1.079245572266651
2026-07-23,2026-07-23 10:44:15,V013,79.0,1.0236328736802291
2026-07-23,2026-07-23 10:44:16,V013,79.0,1.0074101251428043
2026-07-23,2026-07-23 10:44:17,V013,79.0,0.9952181548828496
2026-07-23,2026-07-23 10:44:18,V013,79.0,0.9963780279553968
2026-07-23,2026-07-23 10:44:19,V013,79.0,0.9954258238892165
2026-07-23,2026-07-23 10:44:20,V013,79.0,0.9955205532090765
2026-07-23,2026-07-23 10:44:21,V013,79.0,0.9953040182517606
2026-07-23,2026-07-23 10:44:22,V013,79.0,0.9958845315264873
2026-07-23,2026-07-23 10:44:23,V013,80.0,0.9954685848068708
2026-07-23,2026-07-23 10:44:24,V013,80.0,0.9955005626820225
2026-07-23,2026-07-23 10:44:25,V013,80.0,0.9954683207706186
2026-07-23,2026-07-23 10:44:26,V013,80.0,0.9958427739482877
2026-07-23,2026-07-23 10:44:27,V013,80.0,0.9956931043516458
2026-07-23,2026-07-23 10:44:28,V013,80.0,0.9952250144948233
2026-07-23,2026-07-23 10:44:29,V013,80.0,0.9953947821705782
2026-07-23,2026-07-23 10:44:30,V013,81.0,0.9958668724333136
2026-07-23,2026-07-23 10:44:31,V013,81.0,0.9952297617090771
2026-07-23,2026-07-23 10:44:32,V013,82.0,0.9954640039646524
2026-07-23,2026-07-23 10:44:33,V013,82.0,0.9959481113719426
2026-07-23,2026-07-23 10:44:34,V013,82.0,0.9953772458438493
2026-07-23,2026-07-23 10:44:35,V013,82.0,0.995199636517068
2026-07-23,2026-07-23 10:44:36,V013,82.0,0.9957614596803618
2026-07-23,2026-07-23 10:44:37,V013,81.0,0.99612762141229
2026-07-23,2026-07-23 10:44:38,V013,80.0,0.9944459316519706
2026-07-23,2026-07-23 10:44:39,V013,80.0,1.0114954393641895
2026-07-23,2026-07-23 10:44:40,V013,79.0,1.0099064622158935
2026-07-23,2026-07-23 10:44:41,V013,79.0,0.9993965965198649
2026-07-23,2026-07-23 10:44:42,V013,78.0,1.00697263228116
2026-07-23,2026-07-23 10:44:43,V013,78.0,1.0039283080647008
2026-07-23,2026-07-23 10:44:44,V013,78.0,1.0229926529046176
2026-07-23,2026-07-23 10:44:45,V013,77.0,1.015913345206348
2026-07-23,2026-07-23 10:44:46,V013,76.0,0.9909306323718179
2026-07-23,2026-07-23 10:44:47,V013,76.0,0.9968589816372436
2026-07-23,2026-07-23 10:44:48,V013,75.0,0.9964737348228967
2026-07-23,2026-07-23 10:44:49,V013,75.0,0.9968191067785198
2026-07-23,2026-07-23 10:44:50,V013,75.0,0.9969205781186724
2026-07-23,2026-07-23 10:44:51,V013,76.0,0.9965390771298064
2026-07-23,2026-07-23 10:44:52,V013,76.0,0.9963752772280836
2026-07-23,2026-07-23 10:44:53,V013,77.0,0.9967763925909034
2026-07-23,2026-07-23 10:44:54,V013,77.0,0.996534396401987
2026-07-23,2026-07-23 10:44:55,V013,78.0,0.9968840667207038
2026-07-23,2026-07-23 10:44:56,V013,78.0,0.9967740461014162
2026-07-23,2026-07-23 10:44:57,V013,78.0,0.9964574675159634
2026-07-23,2026-07-23 10:44:58,V013,78.0,0.99728680838172
2026-07-23,2026-07-23 10:44:59,V013,78.0,0.9961240372977563
2026-07-23,2026-07-23 10:45:00,V013,78.0,0.9970315605521968
2026-07-23,2026-07-23 10:45:01,V013,78.0,0.9963784684423772
2026-07-23,2026-07-23 10:45:02,V013,78.0,0.9967710050842274
2026-07-23,2026-07-23 10:45:03,V013,78.0,0.9968011245128122
2026-07-23,2026-07-23 10:45:04,V013,78.0,0.996352952544392
2026-07-23,2026-07-23 10:45:05,V013,78.0,0.9963116547807166
2026-07-23,2026-07-23 10:45:06,V013,78.0,0.9969073826816633
2026-07-23,2026-07-23 10:45:07,V013,79.0,0.9971908469086358
2026-07-23,2026-07-23 10:45:08,V013,79.0,0.996052008315864
2026-07-23,2026-07-23 10:45:09,V013,79.0,0.9999630313349357
2026-07-23,2026-07-23 10:45:10,V013,79.0,0.9929495743369636
2026-07-23,2026-07-23 10:45:11,V013,80.0,0.9989380354530771
2026-07-23,2026-07-23 10:45:12,V013,81.0,0.9979750690058181
2026-07-23,2026-07-23 10:45:13,V013,81.0,0.9963404425900299
2026-07-23,2026-07-23 10:45:14,V013,80.0,0.9966503467969602
2026-07-23,2026-07-23 10:45:15,V013,81.0,0.9967096049214096
2026-07-23,2026-07-23 10:45:16,V013,81.0,0.9964778757671471
2026-07-23,2026-07-23 10:45:17,V013,81.0,0.9970695399771242
2026-07-23,2026-07-23 10:45:18,V013,82.0,0.9965078271668102
2026-07-23,2026-07-23 10:45:19,V013,82.0,0.996654642801452
2026-07-23,2026-07-23 10:45:20,V013,82.0,0.9967723887246878
2026-07-23,2026-07-23 10:45:21,V013,81.0,1.0019003044857726
2026-07-23,2026-07-23 10:45:22,V013,79.0,1.1188557097069844
2026-07-23,2026-07-23 10:45:23,V013,79.0,1.006583894683281
2026-07-23,2026-07-23 10:45:24,V013,79.0,1.0861953052308033
2026-07-23,2026-07-23 10:45:25,V013,77.0,1.024044249015708
2026-07-23,2026-07-23 10:45:26,V013,77.0,0.9981182227633192
2026-07-23,2026-07-23 10:45:27,V013,76.0,1.0340694033395652
2026-07-23,2026-07-23 10:45:28,V013,75.0,1.0117235445265529
2026-07-23,2026-07-23 10:45:29,V013,76.0,1.009050923736287
2026-07-23,2026-07-23 10:45:30,V013,77.0,1.001956230201252
2026-07-23,2026-07-23 10:45:31,V013,77.0,1.0010447194951502
2026-07-23,2026-07-23 10:45:32,V013,78.0,1.0016009481114656
2026-07-23,2026-07-23 10:45:33,V013,77.0,1.0009002922799064
2026-07-23,2026-07-23 10:45:34,V013,77.0,1.001194796783883
2026-07-23,2026-07-23 10:45:35,V013,77.0,1.0016663431872441
2026-07-23,2026-07-23 10:45:36,V013,78.0,1.0008732435150682
2026-07-23,2026-07-23 10:45:37,V013,78.0,1.0012635123771227
2026-07-23,2026-07-23 10:45:38,V013,80.0,1.0019674252925608
2026-07-23,2026-07-23 10:45:39,V013,81.0,1.0014967800896717
2026-07-23,2026-07-23 10:45:40,V013,81.0,1.0015954803499896
2026-07-23,2026-07-23 10:45:41,V013,82.0,1.0019331988454487
2026-07-23,2026-07-23 10:45:42,V013,83.0,1.0016683929325172
2026-07-23,2026-07-23 10:45:43,V013,84.0,1.0014414399300453
2026-07-23,2026-07-23 10:45:44,V013,85.0,1.0018745810384657
2026-07-23,2026-07-23 10:45:45,V013,84.0,1.0010927183163723
2026-07-23,2026-07-23 10:45:46,V013,84.0,1.001857750630893
2026-07-23,2026-07-23 10:45:47,V013,84.0,1.0014624173964974
2026-07-23,2026-07-23 10:45:48,V013,83.0,1.001061686230122
2026-07-23,2026-07-23 10:45:49,V013,82.0,1.0014865413845389
2026-07-23,2026-07-23 10:45:50,V013,82.0,1.0016940653127757
2026-07-23,2026-07-23 10:45:51,V013,81.0,1.001529380786543
2026-07-23,2026-07-23 10:45:52,V013,80.0,1.0012356944518312
2026-07-23,2026-07-23 10:45:53,V013,79.0,1.001118522044148
2026-07-23,2026-07-23 10:45:54,V013,78.0,1.0017645215925484
2026-07-23,2026-07-23 10:45:55,V013,77.0,1.0009879290399015
2026-07-23,2026-07-23 10:45:56,V013,77.0,1.0016786931219803
2026-07-23,2026-07-23 10:45:57,V013,76.0,1.0014705083188231
2026-07-23,2026-07-23 10:45:58,V013,76.0,1.0014484006559665
2026-07-23,2026-07-23 10:45:59,V013,75.0,1.0014220736473058
2026-07-23,2026-07-23 10:46:00,V013,75.0,1.001383326191918
2026-07-23,2026-07-23 10:46:01,V013,75.0,1.000916612797492
2026-07-23,2026-07-23 10:46:02,V013,75.0,1.0016074671286939
2026-07-23,2026-07-23 10:46:03,V013,76.0,1.0013526737302214
2026-07-23,2026-07-23 10:46:04,V013,76.0,1.0018455647012867
2026-07-23,2026-07-23 10:46:05,V013,76.0,1.0020268886376809
2026-07-23,2026-07-23 10:46:06,V013,77.0,1.0010379919405612
2026-07-23,2026-07-23 10:46:07,V013,77.0,1.000885575696884
2026-07-23,2026-07-23 10:46:08,V013,78.0,1.0013023745316427
2026-07-23,2026-07-23 10:46:09,V013,78.0,1.0012858436494445
2026-07-23,2026-07-23 10:46:10,V013,78.0,1.0014400179679264
2026-07-23,2026-07-23 10:46:11,V013,77.0,1.0018709300471311
2026-07-23,2026-07-23 10:46:12,V013,77.0,1.0010082908223925
2026-07-23,2026-07-23 10:46:13,V013,77.0,1.0021067389047282
2026-07-23,2026-07-23 10:46:14,V013,77.0,1.0012637079326432
2026-07-23,2026-07-23 10:46:15,V013,78.0,1.001640189736197
2026-07-23,2026-07-23 10:46:16,V013,78.0,1.0011989143410742
2026-07-23,2026-07-23 10:46:17,V013,78.0,1.0018040229392804
2026-07-23,2026-07-23 10:46:18,V013,79.0,1.0014588500109873
2026-07-23,2026-07-23 10:46:19,V013,80.0,1.0019594406614647
2026-07-23,2026-07-23 10:46:20,V013,81.0,1.0022558663893208
2026-07-23,2026-07-23 10:46:21,V013,81.0,1.0011151642285239
2026-07-23,2026-07-23 10:46:22,V013,81.0,1.000854005274274
2026-07-23,2026-07-23 10:46:23,V013,80.0,1.001886269482498
2026-07-23,2026-07-23 10:46:24,V013,80.0,1.0017748443116299
2026-07-23,2026-07-23 10:46:25,V013,79.0,1.001690036982259
2026-07-23,2026-07-23 10:46:26,V013,79.0,1.0006271012653567
2026-07-23,2026-07-23 10:46:27,V013,79.0,1.0012754706373428
2026-07-23,2026-07-23 10:46:28,V013,79.0,1.0011584614922966
2026-07-23,2026-07-23 10:46:29,V013,79.0,1.0016316184436318
2026-07-23,2026-07-23 10:46:30,V013,79.0,1.0013075085688152
2026-07-23,2026-07-23 10:46:31,V013,79.0,1.0010498350498314
2026-07-23,2026-07-23 10:46:32,V013,79.0,1.0012001509325918
2026-07-23,2026-07-23 10:46:33,V013,79.0,1.0016838646850075
2026-07-23,2026-07-23 10:46:34,V013,79.0,1.0010967641370392
2026-07-23,2026-07-23 10:46:35,V013,79.0,1.0009633769921342
2026-07-23,2026-07-23 10:46:36,V013,79.0,1.0017858825334867
2026-07-23,2026-07-23 10:46:37,V013,78.0,1.0012086775901026
2026-07-23,2026-07-23 10:46:38,V013,77.0,1.0009918404920077
2026-07-23,2026-07-23 10:46:39,V013,77.0,1.001746039303953
2026-07-23,2026-07-23 10:46:40,V013,76.0,1.000640608797243
2026-07-23,2026-07-23 10:46:41,V013,76.0,1.0013505972506112
2026-07-23,2026-07-23 10:46:42,V013,75.0,1.0008535207243623
2026-07-23,2026-07-23 10:46:43,V013,75.0,1.0015053366935807
2026-07-23,2026-07-23 10:46:44,V013,75.0,1.0012050018035132
2026-07-23,2026-07-23 10:46:45,V013,76.0,1.0012094437929042
2026-07-23,2026-07-23 10:46:46,V013,76.0,1.0011414188017798
2026-07-23,2026-07-23 10:46:47,V013,77.0,1.0014565363493373
2026-07-23,2026-07-23 10:46:48,V013,78.0,1.0016454886281843
2026-07-23,2026-07-23 10:46:49,V013,78.0,1.0013484978312062
2026-07-23,2026-07-23 10:46:50,V013,78.0,1.0004021657548836
2026-07-23,2026-07-23 10:46:51,V013,78.0,1.0008926231603459
2026-07-23,2026-07-23 10:46:52,V013,77.0,1.0013566982367306
2026-07-23,2026-07-23 10:46:53,V013,77.0,1.0012324244937412
2026-07-23,2026-07-23 10:46:54,V013,76.0,1.0013981685350284
2026-07-23,2026-07-23 10:46:55,V013,76.0,1.0010069012392855
2026-07-23,2026-07-23 10:46:56,V013,76.0,1.0009487994285926
2026-07-23,2026-07-23 10:46:57,V013,76.0,1.0014107099015037
2026-07-23,2026-07-23 10:46:58,V013,76.0,1.0021119794535918
2026-07-23,2026-07-23 10:46:59,V013,76.0,1.0010227285290632
2026-07-23,2026-07-23 10:47:00,V013,77.0,1.0014017062213134
2026-07-23,2026-07-23 10:47:01,V013,77.0,1.0016845614377072
2026-07-23,2026-07-23 10:47:02,V013,77.0,1.0015835704136806
2026-07-23,2026-07-23 10:47:03,V013,77.0,1.0017137885995895
2026-07-23,2026-07-23 10:47:04,V013,78.0,1.0012659885094621
2026-07-23,2026-07-23 10:47:05,V013,78.0,1.0013667187840125
2026-07-23,2026-07-23 10:47:06,V013,78.0,1.001264257197565
2026-07-23,2026-07-23 10:47:07,V013,78.0,1.0018730536413745
2026-07-23,2026-07-23 10:47:08,V013,78.0,1.0007286429057134
2026-07-23,2026-07-23 10:47:09,V013,77.0,1.0010304615763175
2026-07-23,2026-07-23 10:47:10,V013,77.0,1.001218790680742
2026-07-23,2026-07-23 10:47:11,V013,76.0,1.0019173302388567
2026-07-23,2026-07-23 10:47:12,V013,76.0,1.0013513530711486
2026-07-23,2026-07-23 10:47:13,V013,75.0,1.0006280907812946
2026-07-23,2026-07-23 10:47:14,V013,75.0,1.0009647332512968
2026-07-23,2026-07-23 10:47:15,V013,75.0,1.0015462957840842
2026-07-23,2026-07-23 10:47:16,V013,74.0,1.0015422031224
2026-07-23,2026-07-23 10:47:17,V013,74.0,1.0017091693877362
2026-07-23,2026-07-23 10:47:18,V013,74.0,1.001601779521354
2026-07-23,2026-07-23 10:47:19,V013,75.0,1.0942827687710692
2026-07-23,2026-07-23 10:47:20,V013,77.0,1.1519742552259442
2026-07-23,2026-07-23 10:47:21,V013,77.0,1.150810403581571
2026-07-23,2026-07-23 10:47:22,V013,77.0,0.9240673623517304
2026-07-23,2026-07-23 10:47:23,V013,78.0,1.0746250015448477
2026-07-23,2026-07-23 10:47:24,V013,78.0,1.0645442629041817
2026-07-23,2026-07-23 10:47:25,V013,78.0,1.0186067433179293
2026-07-23,2026-07-23 10:47:26,V013,78.0,1.1051090416367173
2026-07-23,2026-07-23 10:47:27,V013,77.0,1.0230458016283632
2026-07-23,2026-07-23 10:47:28,V013,76.0,1.0748073250852825
2026-07-23,2026-07-23 10:47:29,V013,76.0,1.0423864961669542
2026-07-23,2026-07-23 10:47:30,V013,76.0,1.042052277861141
2026-07-23,2026-07-23 10:47:31,V013,75.0,1.0291326706519555
2026-07-23,2026-07-23 10:47:32,V013,75.0,1.015778819606574
2026-07-23,2026-07-23 10:47:33,V013,74.0,1.062313798326049
2026-07-23,2026-07-23 10:47:34,V013,74.0,1.0187028315220577
2026-07-23,2026-07-23 10:47:35,V013,75.0,1.018136410507577
2026-07-23,2026-07-23 10:47:36,V013,76.0,1.0240476325978543
2026-07-23,2026-07-23 10:47:37,V013,77.0,1.0259238206185843
2026-07-23,2026-07-23 10:47:38,V013,77.0,1.0055595588378305
2026-07-23,2026-07-23 10:47:39,V013,78.0,1.0238376797181927
2026-07-23,2026-07-23 10:47:40,V013,78.0,1.0231937832852427
2026-07-23,2026-07-23 10:47:41,V013,78.0,1.024816604511699
2026-07-23,2026-07-23 10:47:42,V013,78.0,0.9945034457307248
2026-07-23,2026-07-23 10:47:43,V013,78.0,1.0480204339466066
2026-07-23,2026-07-23 10:47:44,V013,79.0,1.0116073817867484
2026-07-23,2026-07-23 10:47:45,V013,79.0,1.0204764021355652
2026-07-23,2026-07-23 10:47:46,V013,79.0,1.0209003951042557
2026-07-23,2026-07-23 10:47:47,V013,79.0,1.0279344634802492
2026-07-23,2026-07-23 10:47:48,V013,79.0,1.0092631263083554
2026-07-23,2026-07-23 10:47:49,V013,79.0,1.0011742738322171
2026-07-23,2026-07-23 10:47:50,V013,80.0,1.0157447855530894
2026-07-23,2026-07-23 10:47:51,V013,83.0,1.0200653851690489
2026-07-23,2026-07-23 10:47:52,V013,85.0,1.0384101697728603
2026-07-23,2026-07-23 10:47:53,V013,87.0,0.9885194077053856
2026-07-23,2026-07-23 10:47:54,V013,89.0,1.1605949140444003
2026-07-23,2026-07-23 10:47:55,V013,91.0,0.9761208138598496
2026-07-23,2026-07-23 10:47:56,V013,92.0,1.015875250352861
2026-07-23,2026-07-23 10:47:57,V013,93.0,0.9977073696457749
2026-07-23,2026-07-23 10:47:58,V013,93.0,1.037151841583717
2026-07-23,2026-07-23 10:47:59,V013,94.0,1.0121967387377102
2026-07-23,2026-07-23 10:48:00,V013,94.0,1.0529549716421294
2026-07-23,2026-07-23 10:48:01,V013,94.0,1.0015422814771873
2026-07-23,2026-07-23 10:48:02,V013,94.0,1.1520927113784778
2026-07-23,2026-07-23 10:48:03,V013,94.0,1.0926675867169762
2026-07-23,2026-07-23 10:48:04,V013,94.0,1.2435061888278676
2026-07-23,2026-07-23 10:48:05,V013,94.0,0.9748358932096575
2026-07-23,2026-07-23 10:48:06,V013,94.0,1.0131863855733174
2026-07-23,2026-07-23 10:48:07,V013,93.0,1.1171991743735088
2026-07-23,2026-07-23 10:48:08,V013,92.0,1.076853364534826
2026-07-23,2026-07-23 10:48:09,V013,92.0,1.0302167864312053
2026-07-23,2026-07-23 10:48:10,V013,91.0,1.0422871880480507
2026-07-23,2026-07-23 10:48:11,V013,90.0,1.0349493745069513
2026-07-23,2026-07-23 10:48:12,V013,90.0,1.111974899102107
2026-07-23,2026-07-23 10:48:13,V013,89.0,1.032065811000327
2026-07-23,2026-07-23 10:48:14,V013,89.0,1.0221572523427656
2026-07-23,2026-07-23 10:48:15,V013,90.0,1.023861083822877
2026-07-23,2026-07-23 10:48:16,V013,91.0,0.9998605437739371
2026-07-23,2026-07-23 10:48:17,V013,92.0,1.0958585905292058
2026-07-23,2026-07-23 10:48:18,V013,93.0,1.022549450747528
2026-07-23,2026-07-23 10:48:19,V013,95.0,1.0570615278200348
2026-07-23,2026-07-23 10:48:20,V013,96.0,1.0078985314829205
2026-07-23,2026-07-23 10:48:21,V013,97.0,1.0223797445359282
2026-07-23,2026-07-23 10:48:22,V013,98.0,1.0392329666046278
2026-07-23,2026-07-23 10:48:23,V013,100.0,1.078716577077828
2026-07-23,2026-07-23 10:48:24,V013,100.0,0.9989325074914119
2026-07-23,2026-07-23 10:48:25,V013,102.0,1.0704038235473712
2026-07-23,2026-07-23 10:48:26,V013,104.0,1.0077814400670508
2026-07-23,2026-07-23 10:48:27,V013,104.0,1.024655105746713
2026-07-23,2026-07-23 10:48:28,V013,104.0,1.0119705287554441
2026-07-23,2026-07-23 10:48:29,V013,105.0,1.046433037336827
2026-07-23,2026-07-23 10:48:30,V013,106.0,1.0159514549875124
2026-07-23,2026-07-23 10:48:31,V013,105.0,1.0024255621082419
2026-07-23,2026-07-23 10:48:32,V013,104.0,1.0576551741060294
2026-07-23,2026-07-23 10:48:33,V013,103.0,1.0564308531619042
2026-07-23,2026-07-23 10:48:34,V013,101.0,1.0603041285318862
2026-07-23,2026-07-23 10:48:35,V013,99.0,0.9758275620496157
2026-07-23,2026-07-23 10:48:36,V013,98.0,1.0582551161391927
2026-07-23,2026-07-23 10:48:37,V013,96.0,0.9985129298167773
2026-07-23,2026-07-23 10:48:38,V013,94.0,1.0256394379871459
2026-07-23,2026-07-23 10:48:39,V013,93.0,1.040742288728811
2026-07-23,2026-07-23 10:48:40,V013,93.0,1.0007964298315417
2026-07-23,2026-07-23 10:48:41,V013,93.0,1.0710131763966093
2026-07-23,2026-07-23 10:48:42,V013,93.0,1.0385939675084814
2026-07-23,2026-07-23 10:48:43,V013,94.0,1.1435471805375592
2026-07-23,2026-07-23 10:48:44,V013,94.0,1.2913270508414956
2026-07-23,2026-07-23 10:48:45,V013,94.0,1.311529650528038
2026-07-23,2026-07-23 10:48:46,V013,94.0,1.1523029531366447
2026-07-23,2026-07-23 10:48:47,V013,94.0,1.7132099877056557
2026-07-23,2026-07-23 10:48:48,V013,94.0,1.225522517994789
2026-07-23,2026-07-23 10:48:49,V013,95.0,1.0167134924660133
2026-07-23,2026-07-23 10:48:50,V013,95.0,1.1102074708788072
2026-07-23,2026-07-23 10:48:51,V013,95.0,1.3288613380041614
2026-07-23,2026-07-23 10:48:52,V013,95.0,1.2060103260762927
2026-07-23,2026-07-23 10:48:53,V013,95.0,1.0297776856087442
2026-07-23,2026-07-23 10:48:54,V013,95.0,1.1020741825633378
2026-07-23,2026-07-23 10:48:55,V013,97.0,1.0596716739860244
2026-07-23,2026-07-23 10:48:56,V013,98.0,1.0698531020003879
2026-07-23,2026-07-23 10:48:57,V013,100.0,1.0873644473052806
2026-07-23,2026-07-23 10:48:58,V013,102.0,1.0108579887712223
2026-07-23,2026-07-23 10:48:59,V013,103.0,1.2035211547871418
2026-07-23,2026-07-23 10:49:00,V013,103.0,1.0162991446509226
2026-07-23,2026-07-23 10:49:01,V013,105.0,1.0306976430808095
2026-07-23,2026-07-23 10:49:02,V013,106.0,1.031076044953892
2026-07-23,2026-07-23 10:49:03,V013,107.0,1.0102717834026465
2026-07-23,2026-07-23 10:49:04,V013,108.0,1.0202948060273624
2026-07-23,2026-07-23 10:49:05,V013,109.0,1.047909666080855
2026-07-23,2026-07-23 10:49:06,V013,109.0,1.0054723827577696
2026-07-23,2026-07-23 10:49:07,V013,110.0,1.0637495087948208
2026-07-23,2026-07-23 10:49:08,V013,111.0,1.0254779880493936
2026-07-23,2026-07-23 10:49:09,V013,113.0,1.061276248769935
2026-07-23,2026-07-23 10:49:10,V013,114.0,1.0263614324036856
2026-07-23,2026-07-23 10:49:11,V013,115.0,1.0542673337869175
2026-07-23,2026-07-23 10:49:12,V013,116.0,1.0127891704659917
2026-07-23,2026-07-23 10:49:13,V013,116.0,1.027567644145766
2026-07-23,2026-07-23 10:49:14,V013,116.0,1.085462717381736
2026-07-23,2026-07-23 10:49:15,V013,116.0,0.977322463434696
2026-07-23,2026-07-23 10:49:16,V013,116.0,1.0174889048682783
2026-07-23,2026-07-23 10:49:17,V013,115.0,1.0379296421476816
2026-07-23,2026-07-23 10:49:18,V013,114.0,1.0201269715151369
2026-07-23,2026-07-23 10:49:19,V013,113.0,1.0346564526329358
2026-07-23,2026-07-23 10:49:20,V013,112.0,1.0330034228615042
2026-07-23,2026-07-23 10:49:21,V013,110.0,1.0911798180223273
2026-07-23,2026-07-23 10:49:22,V013,110.0,1.0435992294779013
2026-07-23,2026-07-23 10:49:23,V013,109.0,1.0808598388637618
2026-07-23,2026-07-23 10:49:24,V013,109.0,1.1596992434249485
2026-07-23,2026-07-23 10:49:25,V013,108.0,0.9585643453925997
2026-07-23,2026-07-23 10:49:26,V013,108.0,1.0134402976716959
2026-07-23,2026-07-23 10:49:27,V013,108.0,1.3179420803152577
2026-07-23,2026-07-23 10:49:28,V013,108.0,0.9668823764723228
2026-07-23,2026-07-23 10:49:29,V013,108.0,0.9922045619061411
2026-07-23,2026-07-23 10:49:30,V013,107.0,1.0333806824606997
2026-07-23,2026-07-23 10:49:31,V013,108.0,1.0708927825283323
2026-07-23,2026-07-23 10:49:32,V013,108.0,1.0616547840336181
2026-07-23,2026-07-23 10:49:33,V013,108.0,1.0254847885620808
2026-07-23,2026-07-23 10:49:34,V013,108.0,1.1025659266670749
2026-07-23,2026-07-23 10:49:35,V013,109.0,0.9870881860423919
2026-07-23,2026-07-23 10:49:36,V013,110.0,1.0245632937638791
2026-07-23,2026-07-23 10:49:37,V013,110.0,1.1569243433047902
2026-07-23,2026-07-23 10:49:38,V013,111.0,0.9646036080715464
2026-07-23,2026-07-23 10:49:39,V013,110.0,1.0316979693614539
2026-07-23,2026-07-23 10:49:40,V013,110.0,1.072537131135082
2026-07-23,2026-07-23 10:49:41,V013,110.0,1.00200198126495
2026-07-23,2026-07-23 10:49:42,V013,110.0,1.0024653465159297
2026-07-23,2026-07-23 10:49:43,V013,110.0,1.0520831736674516
2026-07-23,2026-07-23 10:49:44,V013,110.0,1.0371818696276534
2026-07-23,2026-07-23 10:49:45,V013,110.0,1.014518246144067
2026-07-23,2026-07-23 10:49:46,V013,110.0,1.0187485856972893
2026-07-23,2026-07-23 10:49:47,V013,110.0,1.0479885088560554
2026-07-23,2026-07-23 10:49:48,V013,110.0,1.0604690732898905
2026-07-23,2026-07-23 10:49:49,V013,110.0,1.171139410503678
2026-07-23,2026-07-23 10:49:50,V013,109.0,1.1224051962939607
2026-07-23,2026-07-23 10:49:51,V013,109.0,0.9945705066440614
2026-07-23,2026-07-23 10:49:52,V013,109.0,1.0473638110797763
2026-07-23,2026-07-23 10:49:53,V013,108.0,1.0696934424710935
2026-07-23,2026-07-23 10:49:54,V013,107.0,1.0670143424542877
2026-07-23,2026-07-23 10:49:55,V013,106.0,1.0185876786254093
2026-07-23,2026-07-23 10:49:56,V013,105.0,1.0046348078565406
2026-07-23,2026-07-23 10:49:57,V013,104.0,0.9394713737506972
2026-07-23,2026-07-23 10:49:58,V013,103.0,1.3211913351369646
2026-07-23,2026-07-23 10:49:59,V013,102.0,1.0387492165674603
2026-07-23,2026-07-23 10:50:00,V013,101.0,1.0072314456099247
2026-07-23,2026-07-23 10:50:01,V013,100.0,1.0446307322341282
2026-07-23,2026-07-23 10:50:02,V013,99.0,1.0248432975981892
2026-07-23,2026-07-23 10:50:03,V013,98.0,1.0144433226550214
2026-07-23,2026-07-23 10:50:04,V013,96.0,1.0336652122473016
2026-07-23,2026-07-23 10:50:05,V013,96.0,1.0063228970931553
2026-07-23,2026-07-23 10:50:06,V013,96.0,1.1158858379800227
2026-07-23,2026-07-23 10:50:07,V013,96.0,1.0001641727670625
2026-07-23,2026-07-23 10:50:08,V013,96.0,1.0100612163399318
2026-07-23,2026-07-23 10:50:09,V013,96.0,1.058910048353153
2026-07-23,2026-07-23 10:50:10,V013,96.0,0.997511156466428
2026-07-23,2026-07-23 10:50:11,V013,97.0,1.0325918675692
2026-07-23,2026-07-23 10:50:12,V013,97.0,1.0861840279884771
2026-07-23,2026-07-23 10:50:13,V013,97.0,1.0374452366205458
2026-07-23,2026-07-23 10:50:14,V013,98.0,1.0432479276427167
2026-07-23,2026-07-23 10:50:15,V013,98.0,1.0270689268847164
2026-07-23,2026-07-23 10:50:16,V013,99.0,1.0760474513028435
2026-07-23,2026-07-23 10:50:17,V013,100.0,1.016395238008826
2026-07-23,2026-07-23 10:50:18,V013,100.0,1.1307459151183352
2026-07-23,2026-07-23 10:50:19,V013,102.0,1.0552955745886663
2026-07-23,2026-07-23 10:50:20,V013,103.0,1.0549743786378447
2026-07-23,2026-07-23 10:50:21,V013,103.0,1.0315906480518202
2026-07-23,2026-07-23 10:50:22,V013,103.0,1.0466480130645635
2026-07-23,2026-07-23 10:50:23,V013,103.0,1.0261317866603679
2026-07-23,2026-07-23 10:50:24,V013,103.0,1.0378306768480514
2026-07-23,2026-07-23 10:50:25,V013,103.0,1.0035206502881104
2026-07-23,2026-07-23 10:50:26,V013,103.0,1.023025587522263
2026-07-23,2026-07-23 10:50:27,V013,104.0,1.0314870281737762
2026-07-23,2026-07-23 10:50:28,V013,105.0,1.0118610607709768
2026-07-23,2026-07-23 10:50:29,V013,105.0,1.018518144412261
2026-07-23,2026-07-23 10:50:30,V013,104.0,1.0331614063723809
2026-07-23,2026-07-23 10:50:31,V013,104.0,1.022950742551373
2026-07-23,2026-07-23 10:50:32,V013,104.0,1.039957558052711
2026-07-23,2026-07-23 10:50:33,V013,104.0,1.0528319539669344
2026-07-23,2026-07-23 10:50:34,V013,104.0,1.0006186123478684
2026-07-23,2026-07-23 10:50:35,V013,103.0,1.0347939070104997
2026-07-23,2026-07-23 10:50:36,V013,103.0,1.0236642195533208
2026-07-23,2026-07-23 10:50:37,V013,102.0,1.017634894741172
2026-07-23,2026-07-23 10:50:38,V013,102.0,1.0310989178555334
2026-07-23,2026-07-23 10:50:39,V013,101.0,1.0112446117237273
2026-07-23,2026-07-23 10:50:40,V013,100.0,1.01141668135054
2026-07-23,2026-07-23 10:50:41,V013,100.0,1.029202318369964
2026-07-23,2026-07-23 10:50:42,V013,100.0,1.0173567305039184
2026-07-23,2026-07-23 10:50:43,V013,100.0,1.0105598864447844
2026-07-23,2026-07-23 10:50:44,V013,100.0,1.026116011184319
2026-07-23,2026-07-23 10:50:45,V013,100.0,1.022028133027506
2026-07-23,2026-07-23 10:50:46,V013,101.0,1.0130412789004792
2026-07-23,2026-07-23 10:50:47,V013,101.0,1.0255842779736741
2026-07-23,2026-07-23 10:50:48,V013,101.0,1.0200485588719648
2026-07-23,2026-07-23 10:50:49,V013,101.0,1.015091205270288
2026-07-23,2026-07-23 10:50:50,V013,101.0,1.0142534897411795
2026-07-23,2026-07-23 10:50:51,V013,102.0,1.0253236429911334
2026-07-23,2026-07-23 10:50:52,V013,103.0,1.0232959470609047
2026-07-23,2026-07-23 10:50:53,V013,102.0,1.0248234330967285
2026-07-23,2026-07-23 10:50:54,V013,102.0,1.0352241066528811
2026-07-23,2026-07-23 10:50:55,V013,102.0,1.0152347635821999
2026-07-23,2026-07-23 10:50:56,V013,101.0,1.0315745779913623
2026-07-23,2026-07-23 10:50:57,V013,100.0,1.0124778020086405
2026-07-23,2026-07-23 10:50:58,V013,100.0,1.0158444866185068
2026-07-23,2026-07-23 10:50:59,V013,99.0,1.0241794209000215
2026-07-23,2026-07-23 10:51:00,V013,98.0,1.0184449184614552
2026-07-23,2026-07-23 10:51:01,V013,98.0,1.013755002714737
2026-07-23,2026-07-23 10:51:02,V013,98.0,1.0203830794107602
2026-07-23,2026-07-23 10:51:03,V013,98.0,1.016340362256575
2026-07-23,2026-07-23 10:51:04,V013,99.0,1.0208754169198586
2026-07-23,2026-07-23 10:51:05,V013,99.0,1.0226262388124985
2026-07-23,2026-07-23 10:51:06,V013,100.0,1.0156255005746184
2026-07-23,2026-07-23 10:51:07,V013,100.0,1.0204201339515433
2026-07-23,2026-07-23 10:51:08,V013,101.0,1.0254718158008107
2026-07-23,2026-07-23 10:51:09,V013,101.0,1.0159840071209882
2026-07-23,2026-07-23 10:51:10,V013,101.0,1.0202975080965433
2026-07-23,2026-07-23 10:51:11,V013,102.0,1.0203048853511958
2026-07-23,2026-07-23 10:51:12,V013,103.0,1.0188445210365495
2026-07-23,2026-07-23 10:51:13,V013,102.0,1.0272091613800605
2026-07-23,2026-07-23 10:51:14,V013,102.0,1.0609078538577243
2026-07-23,2026-07-23 10:51:15,V013,101.0,1.0772324528634805
2026-07-23,2026-07-23 10:51:16,V013,100.0,1.0423965877326415
2026-07-23,2026-07-23 10:51:17,V013,100.0,1.0100224492911916
2026-07-23,2026-07-23 10:51:18,V013,99.0,1.0547288320720065
2026-07-23,2026-07-23 10:51:19,V013,98.0,1.0133765874440037
2026-07-23,2026-07-23 10:51:20,V013,97.0,1.0144363008908162
2026-07-23,2026-07-23 10:51:21,V013,96.0,1.0156440935203257
2026-07-23,2026-07-23 10:51:22,V013,95.0,1.0287861725635434
2026-07-23,2026-07-23 10:51:23,V013,94.0,1.0271276127482427
2026-07-23,2026-07-23 10:51:24,V013,94.0,1.0180444253744676
2026-07-23,2026-07-23 10:51:25,V013,94.0,1.0538297431552313
2026-07-23,2026-07-23 10:51:26,V013,94.0,1.0125282959617943
2026-07-23,2026-07-23 10:51:27,V013,93.0,1.01220564635383
2026-07-23,2026-07-23 10:51:28,V013,93.0,1.0712608946976452
2026-07-23,2026-07-23 10:51:29,V013,92.0,1.0353517982927014
2026-07-23,2026-07-23 10:51:30,V013,91.0,1.072572416948458
2026-07-23,2026-07-23 10:51:31,V013,90.0,0.9764491643740522
2026-07-23,2026-07-23 10:51:32,V013,90.0,1.0319199956420588
2026-07-23,2026-07-23 10:51:33,V013,89.0,1.0341526215674066
2026-07-23,2026-07-23 10:51:34,V013,87.0,1.0024598255845858
2026-07-23,2026-07-23 10:51:35,V013,86.0,1.0510049232506717
2026-07-23,2026-07-23 10:51:36,V013,85.0,1.0179142471492182
2026-07-23,2026-07-23 10:51:37,V013,85.0,1.0348014486500838
2026-07-23,2026-07-23 10:51:38,V013,85.0,1.064100623392497
2026-07-23,2026-07-23 10:51:39,V013,85.0,1.027714272132089
2026-07-23,2026-07-23 10:51:40,V013,85.0,1.0407421316897678
2026-07-23,2026-07-23 10:51:41,V013,84.0,1.0510070322599496
2026-07-23,2026-07-23 10:51:42,V013,84.0,0.9840707184080457
2026-07-23,2026-07-23 10:51:43,V013,84.0,1.223633126840561
2026-07-23,2026-07-23 10:51:44,V013,83.0,1.1298454790521109
2026-07-23,2026-07-23 10:51:45,V013,82.0,1.0630393567185437
2026-07-23,2026-07-23 10:51:46,V013,79.0,1.0177742494606732
2026-07-23,2026-07-23 10:51:47,V013,77.0,1.0171608937033947
2026-07-23,2026-07-23 10:51:48,V013,77.0,1.0415569845835178
2026-07-23,2026-07-23 10:51:49,V013,78.0,1.052650204963311
2026-07-23,2026-07-23 10:51:50,V013,78.0,1.0030481572448184
2026-07-23,2026-07-23 10:51:51,V013,79.0,1.0461282290052887
2026-07-23,2026-07-23 10:51:52,V013,80.0,1.066257642075236
2026-07-23,2026-07-23 10:51:53,V013,81.0,1.0276477302416738
2026-07-23,2026-07-23 10:51:54,V013,82.0,1.058515328117563
2026-07-23,2026-07-23 10:51:55,V013,83.0,0.9955747976984319
2026-07-23,2026-07-23 10:51:56,V013,84.0,1.0529770745281957
2026-07-23,2026-07-23 10:51:57,V013,85.0,1.0321084725202303
2026-07-23,2026-07-23 10:51:58,V013,86.0,1.0074206077730838
2026-07-23,2026-07-23 10:51:59,V013,87.0,1.0201141380894674
2026-07-23,2026-07-23 10:52:00,V013,87.0,1.1564216289219642
2026-07-23,2026-07-23 10:52:01,V013,86.0,1.021572870116503
2026-07-23,2026-07-23 10:52:02,V013,86.0,1.0465707680028364
2026-07-23,2026-07-23 10:52:03,V013,86.0,1.03242557555201
2026-07-23,2026-07-23 10:52:04,V013,86.0,0.9943836752739551
2026-07-23,2026-07-23 10:52:05,V013,86.0,1.1915273756903042
2026-07-23,2026-07-23 10:52:06,V013,86.0,0.9424397948977319
2026-07-23,2026-07-23 10:52:07,V013,87.0,1.0174839064868748
2026-07-23,2026-07-23 10:52:08,V013,87.0,1.0184012370531965
2026-07-23,2026-07-23 10:52:09,V013,88.0,1.0201150511786716
2026-07-23,2026-07-23 10:52:10,V013,89.0,1.086951238608019
2026-07-23,2026-07-23 10:52:11,V013,90.0,1.0533184067010093
2026-07-23,2026-07-23 10:52:12,V013,91.0,1.197094042839366
2026-07-23,2026-07-23 10:52:13,V013,92.0,0.9087778365276935
2026-07-23,2026-07-23 10:52:14,V013,92.0,1.0104352802289287
2026-07-23,2026-07-23 10:52:15,V013,93.0,1.047979476649606
2026-07-23,2026-07-23 10:52:16,V013,93.0,1.0321230908725554
2026-07-23,2026-07-23 10:52:17,V013,93.0,1.045947186465362
2026-07-23,2026-07-23 10:52:18,V013,93.0,1.0239991081243605
2026-07-23,2026-07-23 10:52:19,V013,94.0,1.0836551334293438
2026-07-23,2026-07-23 10:52:20,V013,94.0,1.1255457593107112
2026-07-23,2026-07-23 10:52:21,V013,95.0,1.0306123468035622
2026-07-23,2026-07-23 10:52:22,V013,96.0,1.0873583801231583
2026-07-23,2026-07-23 10:52:23,V013,96.0,1.0714828882294274
2026-07-23,2026-07-23 10:52:24,V013,96.0,1.037291265407913
2026-07-23,2026-07-23 10:52:25,V013,97.0,1.0082248769481663
2026-07-23,2026-07-23 10:52:26,V013,97.0,1.0297674195414772
2026-07-23,2026-07-23 10:52:27,V013,97.0,1.0621598776511456
2026-07-23,2026-07-23 10:52:28,V013,97.0,1.111828886210553
2026-07-23,2026-07-23 10:52:29,V013,97.0,1.0422025254118106
2026-07-23,2026-07-23 10:52:30,V013,97.0,1.0681551487652357
2026-07-23,2026-07-23 10:52:31,V013,97.0,1.026280101741123
2026-07-23,2026-07-23 10:52:32,V013,97.0,1.0331511043443573
2026-07-23,2026-07-23 10:52:33,V013,97.0,1.0031486375970422
2026-07-23,2026-07-23 10:52:34,V013,97.0,1.0311555271047237
2026-07-23,2026-07-23 10:52:35,V013,97.0,1.0260134919961212
2026-07-23,2026-07-23 10:52:36,V013,98.0,1.0115417420109023
2026-07-23,2026-07-23 10:52:37,V013,99.0,1.0202664170489562
2026-07-23,2026-07-23 10:52:38,V013,100.0,1.0553724737798769
2026-07-23,2026-07-23 10:52:39,V013,100.0,1.0059724247508353
2026-07-23,2026-07-23 10:52:40,V013,101.0,1.0215756654419603
2026-07-23,2026-07-23 10:52:41,V013,102.0,1.0256670166341904
2026-07-23,2026-07-23 10:52:42,V013,103.0,1.0367374079916318
2026-07-23,2026-07-23 10:52:43,V013,104.0,1.020744524654217
2026-07-23,2026-07-23 10:52:44,V013,105.0,1.0207917245311338
2026-07-23,2026-07-23 10:52:45,V013,106.0,1.0216520150100556
2026-07-23,2026-07-23 10:52:46,V013,106.0,1.043836863559299
2026-07-23,2026-07-23 10:52:47,V013,107.0,1.030945522470113
2026-07-23,2026-07-23 10:52:48,V013,107.0,1.0555015307805602
2026-07-23,2026-07-23 10:52:49,V013,107.0,1.0132459948975119
2026-07-23,2026-07-23 10:52:50,V013,108.0,1.0384198034167074
2026-07-23,2026-07-23 10:52:51,V013,107.0,1.0339930041794647
2026-07-23,2026-07-23 10:52:52,V013,106.0,1.0387107810243055
2026-07-23,2026-07-23 10:52:53,V013,106.0,1.0441696913828855
2026-07-23,2026-07-23 10:52:54,V013,105.0,1.0114840347899445
2026-07-23,2026-07-23 10:52:55,V013,105.0,1.019923232175021
2026-07-23,2026-07-23 10:52:56,V013,105.0,1.0618875864472281
2026-07-23,2026-07-23 10:52:57,V013,104.0,1.03099915414832
2026-07-23,2026-07-23 10:52:58,V013,104.0,1.0599780853570429
2026-07-23,2026-07-23 10:52:59,V013,103.0,1.0739551415095234
2026-07-23,2026-07-23 10:53:00,V013,102.0,0.9795531925509728
2026-07-23,2026-07-23 10:53:01,V013,102.0,1.0648647305338013
2026-07-23,2026-07-23 10:53:02,V013,103.0,1.0450994114011214
2026-07-23,2026-07-23 10:53:03,V013,102.0,1.0319703397111195
2026-07-23,2026-07-23 10:53:04,V013,102.0,1.0167021844066026
2026-07-23,2026-07-23 10:53:05,V013,101.0,1.041382881941199
2026-07-23,2026-07-23 10:53:06,V013,100.0,1.0031854290066624
2026-07-23,2026-07-23 10:53:07,V013,100.0,1.0248263490418226
2026-07-23,2026-07-23 10:53:08,V013,99.0,1.014934145966635
2026-07-23,2026-07-23 10:53:09,V013,98.0,1.0605512678435254
2026-07-23,2026-07-23 10:53:10,V013,98.0,1.0366060110854596
2026-07-23,2026-07-23 10:53:11,V013,97.0,1.0117186670287783
2026-07-23,2026-07-23 10:53:12,V013,97.0,1.0308099196050315
2026-07-23,2026-07-23 10:53:13,V013,96.0,1.015348259580498
2026-07-23,2026-07-23 10:53:14,V013,96.0,1.078576862082395
2026-07-23,2026-07-23 10:53:15,V013,96.0,1.0961525538321109
2026-07-23,2026-07-23 10:53:16,V013,96.0,0.9917856835994263
2026-07-23,2026-07-23 10:53:17,V013,96.0,1.0330074668450318
2026-07-23,2026-07-23 10:53:18,V013,96.0,1.0299826778636005
2026-07-23,2026-07-23 10:53:19,V013,96.0,1.0720988525850996
2026-07-23,2026-07-23 10:53:20,V013,96.0,1.0248063923110713
2026-07-23,2026-07-23 10:53:21,V013,96.0,1.0137842761810694
2026-07-23,2026-07-23 10:53:22,V013,96.0,1.0374162148158057
2026-07-23,2026-07-23 10:53:23,V013,96.0,1.0102393890671137
2026-07-23,2026-07-23 10:53:24,V013,95.0,1.053739980303973
2026-07-23,2026-07-23 10:53:25,V013,94.0,0.9859307693329512
2026-07-23,2026-07-23 10:53:26,V013,94.0,1.0039588099447858
2026-07-23,2026-07-23 10:53:27,V013,93.0,1.078354377763036
2026-07-23,2026-07-23 10:53:28,V013,92.0,1.0488327867188314
2026-07-23,2026-07-23 10:53:29,V013,92.0,1.056895815381423
2026-07-23,2026-07-23 10:53:30,V013,92.0,0.9992803750326803
2026-07-23,2026-07-23 10:53:31,V013,92.0,1.155616675007467
2026-07-23,2026-07-23 10:53:32,V013,93.0,1.0256623923382642
2026-07-23,2026-07-23 10:53:33,V013,93.0,1.0507512912236272
2026-07-23,2026-07-23 10:53:34,V013,93.0,1.0499000821264977
2026-07-23,2026-07-23 10:53:35,V013,94.0,1.037956377381751
2026-07-23,2026-07-23 10:53:36,V013,95.0,1.3076794013573785
2026-07-23,2026-07-23 10:53:37,V013,95.0,1.0169738728481794
2026-07-23,2026-07-23 10:53:38,V013,95.0,1.3851707082850575
2026-07-23,2026-07-23 10:53:39,V013,95.0,1.053076481272628
2026-07-23,2026-07-23 10:53:40,V013,95.0,1.0803483584669682
2026-07-23,2026-07-23 10:53:41,V013,94.0,1.0562470411488665
2026-07-23,2026-07-23 10:53:42,V013,94.0,0.989282546201461
2026-07-23,2026-07-23 10:53:43,V013,93.0,1.0143540905988833
2026-07-23,2026-07-23 10:53:44,V013,93.0,1.0225643270209086
2026-07-23,2026-07-23 10:53:45,V013,93.0,1.1732603026546964
2026-07-23,2026-07-23 10:53:46,V013,93.0,0.9671434531457993
2026-07-23,2026-07-23 10:53:47,V013,93.0,1.0854486039998412
2026-07-23,2026-07-23 10:53:48,V013,94.0,1.0435698464657333
2026-07-23,2026-07-23 10:53:49,V013,95.0,1.0470877768668263
2026-07-23,2026-07-23 10:53:50,V013,96.0,1.0406440407511273
2026-07-23,2026-07-23 10:53:51,V013,97.0,1.0938424981728894
2026-07-23,2026-07-23 10:53:52,V013,98.0,1.0150833972521678
2026-07-23,2026-07-23 10:53:53,V013,98.0,1.0487149686635167
2026-07-23,2026-07-23 10:53:54,V013,99.0,1.0156860752583798
2026-07-23,2026-07-23 10:53:55,V013,100.0,1.018988850489172
2026-07-23,2026-07-23 10:53:56,V013,100.0,1.017313981012077
2026-07-23,2026-07-23 10:53:57,V013,100.0,1.0168683916840429
2026-07-23,2026-07-23 10:53:58,V013,100.0,1.018306972476641
2026-07-23,2026-07-23 10:53:59,V013,100.0,1.015331263481601
2026-07-23,2026-07-23 10:54:00,V013,99.0,1.022896258309281
2026-07-23,2026-07-23 10:54:01,V013,99.0,1.012887138579915
2026-07-23,2026-07-23 10:54:02,V013,99.0,1.0166683894088224
2026-07-23,2026-07-23 10:54:03,V013,100.0,1.016541098321919
2026-07-23,2026-07-23 10:54:04,V013,100.0,1.0179516078074566
2026-07-23,2026-07-23 10:54:05,V013,101.0,0.9955908353278115
2026-07-23,2026-07-23 10:54:06,V013,101.0,1.0469032923043498
2026-07-23,2026-07-23 10:54:07,V013,102.0,1.0269864523725138
2026-07-23,2026-07-23 10:54:08,V013,103.0,1.020103107239274
2026-07-23,2026-07-23 10:54:09,V013,103.0,1.0483798875619599
2026-07-23,2026-07-23 10:54:10,V013,103.0,1.0474187069498586
2026-07-23,2026-07-23 10:54:11,V013,103.0,1.1199424911272737
2026-07-23,2026-07-23 10:54:12,V013,102.0,1.015221775187209
2026-07-23,2026-07-23 10:54:13,V013,102.0,1.020099783982057
2026-07-23,2026-07-23 10:54:14,V013,102.0,1.0178270976178212
2026-07-23,2026-07-23 10:54:15,V013,103.0,1.0186510073142747
2026-07-23,2026-07-23 10:54:16,V013,103.0,1.0161822716745854
2026-07-23,2026-07-23 10:54:17,V013,104.0,1.016665173912549
2026-07-23,2026-07-23 10:54:18,V013,105.0,1.0171698904874864
2026-07-23,2026-07-23 10:54:19,V013,105.0,1.0196281727225573
2026-07-23,2026-07-23 10:54:20,V013,105.0,1.0165134095983535
2026-07-23,2026-07-23 10:54:21,V013,104.0,1.0191441972010247
2026-07-23,2026-07-23 10:54:22,V013,103.0,1.0222114579827584
2026-07-23,2026-07-23 10:54:23,V013,102.0,1.0156937101581145
2026-07-23,2026-07-23 10:54:24,V013,102.0,1.020217556138933
2026-07-23,2026-07-23 10:54:25,V013,101.0,1.0275564850556154
2026-07-23,2026-07-23 10:54:26,V013,101.0,1.069303612897472
2026-07-23,2026-07-23 10:54:27,V013,101.0,1.113091565327055
2026-07-23,2026-07-23 10:54:28,V013,101.0,1.1067524567931395
2026-07-23,2026-07-23 10:54:29,V013,101.0,1.0804155102337623
2026-07-23,2026-07-23 10:54:30,V013,100.0,1.075897133615853
2026-07-23,2026-07-23 10:54:31,V013,99.0,1.0493840744224574
2026-07-23,2026-07-23 10:54:32,V013,99.0,1.0367237117099328
2026-07-23,2026-07-23 10:54:33,V013,98.0,1.0278856004493495
2026-07-23,2026-07-23 10:54:34,V013,97.0,1.0174548393784024
2026-07-23,2026-07-23 10:54:35,V013,97.0,1.0181616539844491
2026-07-23,2026-07-23 10:54:36,V013,97.0,1.0356881986719568
2026-07-23,2026-07-23 10:54:37,V013,97.0,1.1506047678368818
2026-07-23,2026-07-23 10:54:38,V013,96.0,1.126610784135149
2026-07-23,2026-07-23 10:54:39,V013,96.0,1.0440948858521812
2026-07-23,2026-07-23 10:54:40,V013,96.0,1.063928847981383
2026-07-23,2026-07-23 10:54:41,V013,97.0,1.0065270591808775
2026-07-23,2026-07-23 10:54:42,V013,97.0,1.038473174464364
2026-07-23,2026-07-23 10:54:43,V013,97.0,1.0785512390132026
2026-07-23,2026-07-23 10:54:44,V013,96.0,0.9472962201927942
2026-07-23,2026-07-23 10:54:45,V013,95.0,1.2401807566739085
2026-07-23,2026-07-23 10:54:46,V013,94.0,0.9340182611898986
2026-07-23,2026-07-23 10:54:47,V013,93.0,1.0823787702842484
2026-07-23,2026-07-23 10:54:48,V013,92.0,1.0241405550906757
2026-07-23,2026-07-23 10:54:49,V013,92.0,1.0802711998741845
2026-07-23,2026-07-23 10:54:50,V013,92.0,1.0213779680131074
2026-07-23,2026-07-23 10:54:51,V013,92.0,1.0446731548785113
2026-07-23,2026-07-23 10:54:52,V013,92.0,1.02561735366479
2026-07-23,2026-07-23 10:54:53,V013,92.0,1.1049374319756382
2026-07-23,2026-07-23 10:54:54,V013,92.0,1.1142579898395142
2026-07-23,2026-07-23 10:54:55,V013,92.0,1.051426028073086
2026-07-23,2026-07-23 10:54:56,V013,92.0,1.0376515142614136
2026-07-23,2026-07-23 10:54:57,V013,91.0,1.0191700315473367
2026-07-23,2026-07-23 10:54:58,V013,91.0,1.1043240894793154
2026-07-23,2026-07-23 10:54:59,V013,90.0,1.0191880940436036
2026-07-23,2026-07-23 10:55:00,V013,89.0,1.1214141615411417
2026-07-23,2026-07-23 10:55:01,V013,89.0,1.1045558493350145
2026-07-23,2026-07-23 10:55:02,V013,88.0,1.0015020685197185
2026-07-23,2026-07-23 10:55:03,V013,89.0,1.0347581327758641
2026-07-23,2026-07-23 10:55:04,V013,89.0,1.0366635247701073
2026-07-23,2026-07-23 10:55:05,V013,90.0,1.0426929447508844
2026-07-23,2026-07-23 10:55:06,V013,91.0,1.0186271058531022
2026-07-23,2026-07-23 10:55:07,V013,91.0,1.0186300419523258
2026-07-23,2026-07-23 10:55:08,V013,91.0,1.012070787372456
2026-07-23,2026-07-23 10:55:09,V013,93.0,1.0144265693167174
2026-07-23,2026-07-23 10:55:10,V013,93.0,1.0206921382681344
2026-07-23,2026-07-23 10:55:11,V013,94.0,1.0271013244769334
2026-07-23,2026-07-23 10:55:12,V013,95.0,1.0153993680242623
2026-07-23,2026-07-23 10:55:13,V013,96.0,1.0114238632036079
2026-07-23,2026-07-23 10:55:14,V013,97.0,1.0438272974089078
2026-07-23,2026-07-23 10:55:15,V013,98.0,1.0185121338894358
2026-07-23,2026-07-23 10:55:16,V013,99.0,1.0449659736062
2026-07-23,2026-07-23 10:55:17,V013,100.0,1.026364801362052
2026-07-23,2026-07-23 10:55:18,V013,101.0,1.1512347975196942
2026-07-23,2026-07-23 10:55:19,V013,102.0,1.1003774133132838
2026-07-23,2026-07-23 10:55:20,V013,103.0,1.0390473889284826
2026-07-23,2026-07-23 10:55:21,V013,104.0,1.074845728580697
2026-07-23,2026-07-23 10:55:22,V013,104.0,1.0183608259477321
2026-07-23,2026-07-23 10:55:23,V013,104.0,1.0722184286848915
2026-07-23,2026-07-23 10:55:24,V013,104.0,1.010149886617125
2026-07-23,2026-07-23 10:55:25,V013,103.0,1.0127955288974695
2026-07-23,2026-07-23 10:55:26,V013,102.0,1.0651067244916133
2026-07-23,2026-07-23 10:55:27,V013,102.0,1.006180493464881
2026-07-23,2026-07-23 10:55:28,V013,101.0,1.0187019272718323
2026-07-23,2026-07-23 10:55:29,V013,101.0,1.1063891345311863
2026-07-23,2026-07-23 10:55:30,V013,100.0,0.9714327145872824
2026-07-23,2026-07-23 10:55:31,V013,100.0,1.0668688297279185
2026-07-23,2026-07-23 10:55:32,V013,99.0,1.1114761161181341
2026-07-23,2026-07-23 10:55:33,V013,98.0,1.0078963232578886
2026-07-23,2026-07-23 10:55:34,V013,98.0,1.0102310723114216
2026-07-23,2026-07-23 10:55:35,V013,97.0,1.063830783941948
2026-07-23,2026-07-23 10:55:36,V013,96.0,1.0548489508997676
2026-07-23,2026-07-23 10:55:37,V013,96.0,1.050871637305438
2026-07-23,2026-07-23 10:55:38,V013,96.0,1.0295831559750017
2026-07-23,2026-07-23 10:55:39,V013,95.0,1.0479535338240598
2026-07-23,2026-07-23 10:55:40,V013,95.0,1.037577760036879
2026-07-23,2026-07-23 10:55:41,V013,96.0,1.002516157540195
2026-07-23,2026-07-23 10:55:42,V013,96.0,1.1082168918710251
2026-07-23,2026-07-23 10:55:43,V013,96.0,0.8878897229572004
2026-07-23,2026-07-23 10:55:44,V013,96.0,1.2822788393885396
2026-07-23,2026-07-23 10:55:45,V013,96.0,0.9665353783811625
2026-07-23,2026-07-23 10:55:46,V013,96.0,1.0707486879373012
2026-07-23,2026-07-23 10:55:47,V013,96.0,1.0114864881995245
2026-07-23,2026-07-23 10:55:48,V013,96.0,1.0361593765847266
2026-07-23,2026-07-23 10:55:49,V013,96.0,1.0588121993803725
2026-07-23,2026-07-23 10:55:50,V013,97.0,1.0778204495791506
2026-07-23,2026-07-23 10:55:51,V013,97.0,0.9892893790631586
2026-07-23,2026-07-23 10:55:52,V013,98.0,1.0217392829527814
2026-07-23,2026-07-23 10:55:53,V013,97.0,1.0280726904036948
2026-07-23,2026-07-23 10:55:54,V013,97.0,1.0817207723308075
2026-07-23,2026-07-23 10:55:55,V013,97.0,1.0197858588594937
2026-07-23,2026-07-23 10:55:56,V013,97.0,1.0073718920810502
2026-07-23,2026-07-23 10:55:57,V013,97.0,1.0446204779340758
2026-07-23,2026-07-23 10:55:58,V013,97.0,1.2278576884030465
2026-07-23,2026-07-23 10:55:59,V013,97.0,1.0613814229775087
2026-07-23,2026-07-23 10:56:00,V013,97.0,1.0519601036451962
2026-07-23,2026-07-23 10:56:01,V013,98.0,1.1174017289825318
2026-07-23,2026-07-23 10:56:02,V013,98.0,1.0402638728780178
2026-07-23,2026-07-23 10:56:03,V013,98.0,1.0636990120617087
2026-07-23,2026-07-23 10:56:04,V013,98.0,1.043900513179219
2026-07-23,2026-07-23 10:56:05,V013,98.0,1.0000465685203945
2026-07-23,2026-07-23 10:56:06,V013,98.0,1.063102824855393
2026-07-23,2026-07-23 10:56:07,V013,99.0,1.0414211776172841
2026-07-23,2026-07-23 10:56:08,V013,100.0,1.0220714040176173
2026-07-23,2026-07-23 10:56:09,V013,101.0,1.011022439027282
2026-07-23,2026-07-23 10:56:10,V013,102.0,1.0566213253031278
2026-07-23,2026-07-23 10:56:11,V013,103.0,1.0013711193764971
2026-07-23,2026-07-23 10:56:12,V013,103.0,1.0079649339607708
2026-07-23,2026-07-23 10:56:13,V013,103.0,1.0317625687006498
2026-07-23,2026-07-23 10:56:14,V013,103.0,1.0422073502212352
2026-07-23,2026-07-23 10:56:15,V013,103.0,1.063897549793276
2026-07-23,2026-07-23 10:56:16,V013,103.0,1.0223376914047342
2026-07-23,2026-07-23 10:56:17,V013,103.0,1.0764209625871524
2026-07-23,2026-07-23 10:56:18,V013,104.0,0.9736059260556265
2026-07-23,2026-07-23 10:56:19,V013,104.0,1.0711500863537093
2026-07-23,2026-07-23 10:56:20,V013,104.0,1.0740415957052385
2026-07-23,2026-07-23 10:56:21,V013,104.0,1.0360220896398473
2026-07-23,2026-07-23 10:56:22,V013,105.0,1.080709210944455
2026-07-23,2026-07-23 10:56:23,V013,105.0,1.0355041763476733
2026-07-23,2026-07-23 10:56:24,V013,105.0,1.0431668487125318
2026-07-23,2026-07-23 10:56:25,V013,105.0,1.0586827651345516
2026-07-23,2026-07-23 10:56:26,V013,104.0,1.0668514957551476
2026-07-23,2026-07-23 10:56:27,V013,104.0,1.0756607469998969
2026-07-23,2026-07-23 10:56:28,V013,103.0,0.9977016485360453
2026-07-23,2026-07-23 10:56:29,V013,103.0,1.0281550197881009
2026-07-23,2026-07-23 10:56:30,V013,103.0,1.029306316664235
2026-07-23,2026-07-23 10:56:31,V013,103.0,1.023388104916032
2026-07-23,2026-07-23 10:56:32,V013,102.0,1.0162645113943019
2026-07-23,2026-07-23 10:56:33,V013,102.0,1.0223665078624071
2026-07-23,2026-07-23 10:56:34,V013,102.0,1.0201602785669852
2026-07-23,2026-07-23 10:56:35,V013,102.0,1.0191544000175463
2026-07-23,2026-07-23 10:56:36,V013,102.0,1.0189231912206507
2026-07-23,2026-07-23 10:56:37,V013,102.0,1.0191315468738587
2026-07-23,2026-07-23 10:56:38,V013,103.0,1.014192476973137
2026-07-23,2026-07-23 10:56:39,V013,104.0,1.0178318039087253
2026-07-23,2026-07-23 10:56:40,V013,104.0,1.0274721905466206
2026-07-23,2026-07-23 10:56:41,V013,104.0,1.0122361947049092
2026-07-23,2026-07-23 10:56:42,V013,105.0,1.0550910524104353
2026-07-23,2026-07-23 10:56:43,V013,104.0,1.022269900101436
2026-07-23,2026-07-23 10:56:44,V013,102.0,1.101511351024804
2026-07-23,2026-07-23 10:56:45,V013,101.0,1.0325140441647556
2026-07-23,2026-07-23 10:56:46,V013,101.0,1.020080685209911
2026-07-23,2026-07-23 10:56:47,V013,100.0,1.0211314738094734
2026-07-23,2026-07-23 10:56:48,V013,98.0,1.0065596113352235
2026-07-23,2026-07-23 10:56:49,V013,97.0,1.0162223140348348
2026-07-23,2026-07-23 10:56:50,V013,97.0,1.0145801660613158
2026-07-23,2026-07-23 10:56:51,V013,97.0,1.0147646136786461
2026-07-23,2026-07-23 10:56:52,V013,97.0,1.0136773350661246
2026-07-23,2026-07-23 10:56:53,V013,97.0,1.0170751096324304
2026-07-23,2026-07-23 10:56:54,V013,97.0,1.0136810597857158
2026-07-23,2026-07-23 10:56:55,V013,98.0,1.0146888972846984
2026-07-23,2026-07-23 10:56:56,V013,98.0,1.017030683767209
2026-07-23,2026-07-23 10:56:57,V013,97.0,1.0141482163510027
2026-07-23,2026-07-23 10:56:58,V013,97.0,1.015465008194061
2026-07-23,2026-07-23 10:56:59,V013,96.0,1.016047627606485
2026-07-23,2026-07-23 10:57:00,V013,95.0,1.016190388838093
2026-07-23,2026-07-23 10:57:01,V013,95.0,1.012812062418802
2026-07-23,2026-07-23 10:57:02,V013,95.0,1.0156877187209554
2026-07-23,2026-07-23 10:57:03,V013,95.0,1.016848651397278
2026-07-23,2026-07-23 10:57:04,V013,95.0,1.0135448901819133
2026-07-23,2026-07-23 10:57:05,V013,95.0,1.0183907188296164
2026-07-23,2026-07-23 10:57:06,V013,95.0,1.0156661508354226
2026-07-23,2026-07-23 10:57:07,V013,95.0,1.0153133857910381
2026-07-23,2026-07-23 10:57:08,V013,94.0,1.0160817819120886
2026-07-23,2026-07-23 10:57:09,V013,94.0,1.0141689529722364
2026-07-23,2026-07-23 10:57:10,V013,93.0,1.016708322279891
2026-07-23,2026-07-23 10:57:11,V013,93.0,1.014148238519207
2026-07-23,2026-07-23 10:57:12,V013,93.0,1.0163995768429392
2026-07-23,2026-07-23 10:57:13,V013,93.0,1.0144410048669201
2026-07-23,2026-07-23 10:57:14,V013,94.0,1.0156971907772243
2026-07-23,2026-07-23 10:57:15,V013,94.0,1.0155789227424206
2026-07-23,2026-07-23 10:57:16,V013,95.0,1.0156676331762402
2026-07-23,2026-07-23 10:57:17,V013,95.0,1.0148870143660282
2026-07-23,2026-07-23 10:57:18,V013,95.0,1.0166955330103578
2026-07-23,2026-07-23 10:57:19,V013,95.0,1.0161424405840573
2026-07-23,2026-07-23 10:57:20,V013,95.0,1.014877852868309
2026-07-23,2026-07-23 10:57:21,V013,95.0,1.0321514478401974
2026-07-23,2026-07-23 10:57:22,V013,95.0,1.0191535174124489
2026-07-23,2026-07-23 10:57:23,V013,95.0,1.0156030661613014
2026-07-23,2026-07-23 10:57:24,V013,95.0,1.0151681468464027
2026-07-23,2026-07-23 10:57:25,V013,95.0,1.011102669000982
2026-07-23,2026-07-23 10:57:26,V013,95.0,1.0190367561525093
2026-07-23,2026-07-23 10:57:27,V013,95.0,1.0160599387006335
2026-07-23,2026-07-23 10:57:28,V013,96.0,1.018312991256323
2026-07-23,2026-07-23 10:57:29,V013,96.0,1.0192755382506162
2026-07-23,2026-07-23 10:57:30,V013,96.0,1.015951196437713
2026-07-23,2026-07-23 10:57:31,V013,96.0,1.0128445057810012
2026-07-23,2026-07-23 10:57:32,V013,96.0,1.0195707821054345
2026-07-23,2026-07-23 10:57:33,V013,96.0,1.0125196250650919
2026-07-23,2026-07-23 10:57:34,V013,95.0,1.0438634985483524
2026-07-23,2026-07-23 10:57:35,V013,95.0,1.0149443397996125
2026-07-23,2026-07-23 10:57:36,V013,95.0,1.025691629645283
2026-07-23,2026-07-23 10:57:37,V013,95.0,1.0175028736358962
2026-07-23,2026-07-23 10:57:38,V013,95.0,1.0157353586294142
2026-07-23,2026-07-23 10:57:39,V013,96.0,1.0151668536153706
2026-07-23,2026-07-23 10:57:40,V013,96.0,1.0154803682860913
2026-07-23,2026-07-23 10:57:41,V013,96.0,1.0177403499683253
2026-07-23,2026-07-23 10:57:42,V013,96.0,1.01290878348797
2026-07-23,2026-07-23 10:57:43,V013,97.0,1.0194040290321318
2026-07-23,2026-07-23 10:57:44,V013,97.0,1.0160885151660577
2026-07-23,2026-07-23 10:57:45,V013,97.0,1.0155417572072367
2026-07-23,2026-07-23 10:57:46,V013,97.0,1.015925540221983
2026-07-23,2026-07-23 10:57:47,V013,96.0,1.0197850539456852
2026-07-23,2026-07-23 10:57:48,V013,95.0,1.0106310993018888
2026-07-23,2026-07-23 10:57:49,V013,94.0,1.03106805434824
2026-07-23,2026-07-23 10:57:50,V013,93.0,1.0307562034078606
2026-07-23,2026-07-23 10:57:51,V013,91.0,1.0421226226936826
2026-07-23,2026-07-23 10:57:52,V013,90.0,1.0855132311751488
2026-07-23,2026-07-23 10:57:53,V013,88.0,1.0383753339536403
2026-07-23,2026-07-23 10:57:54,V013,86.0,1.0372913793345
2026-07-23,2026-07-23 10:57:55,V013,86.0,1.0233218200481289
2026-07-23,2026-07-23 10:57:56,V013,86.0,1.114843751760967
2026-07-23,2026-07-23 10:57:57,V013,86.0,1.016956081454367
2026-07-23,2026-07-23 10:57:58,V013,86.0,1.1898053320776902
2026-07-23,2026-07-23 10:57:59,V013,86.0,1.0048259471642245
2026-07-23,2026-07-23 10:58:00,V013,86.0,1.1004065370700362
2026-07-23,2026-07-23 10:58:01,V013,86.0,0.9938912999586914
2026-07-23,2026-07-23 10:58:02,V013,87.0,1.0729276480075436
2026-07-23,2026-07-23 10:58:03,V013,87.0,1.104322411190065
2026-07-23,2026-07-23 10:58:04,V013,88.0,1.0077233413554354
2026-07-23,2026-07-23 10:58:05,V013,89.0,0.9976672630468069
2026-07-23,2026-07-23 10:58:06,V013,90.0,1.0713317201258445
2026-07-23,2026-07-23 10:58:07,V013,89.0,1.0018757394555358
2026-07-23,2026-07-23 10:58:08,V013,89.0,1.025646923563169
2026-07-23,2026-07-23 10:58:09,V013,89.0,1.0422086781031579
2026-07-23,2026-07-23 10:58:10,V013,88.0,1.0982620843652862
2026-07-23,2026-07-23 10:58:11,V013,88.0,1.0077854840960807
2026-07-23,2026-07-23 10:58:12,V013,88.0,1.0658236287628216
2026-07-23,2026-07-23 10:58:13,V013,88.0,1.0562272809611506
2026-07-23,2026-07-23 10:58:14,V013,89.0,1.0632786068335691
2026-07-23,2026-07-23 10:58:15,V013,90.0,1.02224566207973
2026-07-23,2026-07-23 10:58:16,V013,90.0,1.0335638678802748
2026-07-23,2026-07-23 10:58:17,V013,92.0,1.0534238122716313
2026-07-23,2026-07-23 10:58:18,V013,93.0,0.990105208203521
2026-07-23,2026-07-23 10:58:19,V013,94.0,1.0378571259379556
2026-07-23,2026-07-23 10:58:20,V013,96.0,1.0526658663187058
2026-07-23,2026-07-23 10:58:21,V013,97.0,1.050379900768917
2026-07-23,2026-07-23 10:58:22,V013,98.0,1.031543326054096
2026-07-23,2026-07-23 10:58:23,V013,98.0,1.0285806118665288
2026-07-23,2026-07-23 10:58:24,V013,98.0,1.0527810343588955
2026-07-23,2026-07-23 10:58:25,V013,97.0,0.9977103556381628
2026-07-23,2026-07-23 10:58:26,V013,97.0,1.0608498680292382
2026-07-23,2026-07-23 10:58:27,V013,97.0,1.0164434693649396
2026-07-23,2026-07-23 10:58:28,V013,97.0,1.0030769955882948
2026-07-23,2026-07-23 10:58:29,V013,96.0,1.0400764820446557
2026-07-23,2026-07-23 10:58:30,V013,96.0,1.0359229786873783
2026-07-23,2026-07-23 10:58:31,V013,96.0,1.013581763640037
2026-07-23,2026-07-23 10:58:32,V013,96.0,1.0200526376233168
2026-07-23,2026-07-23 10:58:33,V013,96.0,1.0138157395423082
2026-07-23,2026-07-23 10:58:34,V013,96.0,1.0184970911682218
2026-07-23,2026-07-23 10:58:35,V013,98.0,1.1058414834274217
2026-07-23,2026-07-23 10:58:36,V013,98.0,0.9599392897660101
2026-07-23,2026-07-23 10:58:37,V013,99.0,1.063572386466994
2026-07-23,2026-07-23 10:58:38,V013,100.0,1.0556206937087431
2026-07-23,2026-07-23 10:58:39,V013,100.0,1.0806406900394505
2026-07-23,2026-07-23 10:58:40,V013,100.0,1.1012117482218036
2026-07-23,2026-07-23 10:58:41,V013,101.0,1.0401615797363137
2026-07-23,2026-07-23 10:58:42,V013,102.0,1.1078107175494725
2026-07-23,2026-07-23 10:58:43,V013,103.0,0.9721394396424525
2026-07-23,2026-07-23 10:58:44,V013,103.0,1.0940351074353865
2026-07-23,2026-07-23 10:58:45,V013,104.0,1.047242734711677
2026-07-23,2026-07-23 10:58:46,V013,104.0,1.026954075397316
2026-07-23,2026-07-23 10:58:47,V013,105.0,1.0187869222655317
2026-07-23,2026-07-23 10:58:48,V013,106.0,1.1183259558545107
2026-07-23,2026-07-23 10:58:49,V013,105.0,1.004333711051232
2026-07-23,2026-07-23 10:58:50,V013,105.0,1.0571852474751595
2026-07-23,2026-07-23 10:58:51,V013,106.0,1.0165800348108325
2026-07-23,2026-07-23 10:58:52,V013,107.0,1.1509827172939093
2026-07-23,2026-07-23 10:58:53,V013,108.0,1.2416843381010056
2026-07-23,2026-07-23 10:58:54,V013,108.0,1.0894739319588798
2026-07-23,2026-07-23 10:58:55,V013,106.0,1.0464656012442863
2026-07-23,2026-07-23 10:58:56,V013,105.0,1.0950246435474595
2026-07-23,2026-07-23 10:58:57,V013,105.0,1.0709020906510118
2026-07-23,2026-07-23 10:58:58,V013,105.0,0.9876571913441535
2026-07-23,2026-07-23 10:58:59,V013,105.0,1.1208582719993558
2026-07-23,2026-07-23 10:59:00,V013,105.0,1.0800217756150834
2026-07-23,2026-07-23 10:59:01,V013,106.0,1.0588996813694804
2026-07-23,2026-07-23 10:59:02,V013,107.0,1.098006400263663
2026-07-23,2026-07-23 10:59:03,V013,107.0,1.0431206960781112
2026-07-23,2026-07-23 10:59:04,V013,107.0,1.084121091315605
2026-07-23,2026-07-23 10:59:05,V013,107.0,1.070760035597051
2026-07-23,2026-07-23 10:59:06,V013,107.0,1.048055066663492
2026-07-23,2026-07-23 10:59:07,V013,107.0,1.0708771626112132
2026-07-23,2026-07-23 10:59:08,V013,107.0,1.0172783388507365
2026-07-23,2026-07-23 10:59:09,V013,108.0,1.1766724252781293
2026-07-23,2026-07-23 10:59:10,V013,108.0,0.9028747977020555
2026-07-23,2026-07-23 10:59:11,V013,108.0,1.183495170226163
2026-07-23,2026-07-23 10:59:12,V013,108.0,0.9747874368758244
2026-07-23,2026-07-23 10:59:13,V013,108.0,1.0359515526199539
2026-07-23,2026-07-23 10:59:14,V013,108.0,1.0489394041690105
2026-07-23,2026-07-23 10:59:15,V013,109.0,1.0107729169778055
2026-07-23,2026-07-23 10:59:16,V013,110.0,1.0248316000091067
2026-07-23,2026-07-23 10:59:17,V013,111.0,1.049295128455977
2026-07-23,2026-07-23 10:59:18,V013,111.0,1.021498881291487
2026-07-23,2026-07-23 10:59:19,V013,110.0,1.025241839377163
2026-07-23,2026-07-23 10:59:20,V013,110.0,1.0462335016177198
2026-07-23,2026-07-23 10:59:21,V013,110.0,1.0214447085432954
2026-07-23,2026-07-23 10:59:22,V013,109.0,1.0455195958041328
2026-07-23,2026-07-23 10:59:23,V013,109.0,0.9559294305228112
2026-07-23,2026-07-23 10:59:24,V013,108.0,1.3636017879459095
2026-07-23,2026-07-23 10:59:25,V013,108.0,0.9935776434208725
2026-07-23,2026-07-23 10:59:26,V013,108.0,1.041840503381447
2026-07-23,2026-07-23 10:59:27,V013,108.0,1.0555235491810302
2026-07-23,2026-07-23 10:59:28,V013,107.0,1.011163761343263
2026-07-23,2026-07-23 10:59:29,V013,107.0,1.0159140162279214
2026-07-23,2026-07-23 10:59:30,V013,107.0,1.0177094369226185
2026-07-23,2026-07-23 10:59:31,V013,107.0,1.0146919967214423
2026-07-23,2026-07-23 10:59:32,V013,108.0,1.0168808021397024
2026-07-23,2026-07-23 10:59:33,V013,109.0,1.0146056171481375
2026-07-23,2026-07-23 10:59:34,V013,109.0,1.0173834695313253
2026-07-23,2026-07-23 10:59:35,V013,109.0,1.013613297038424
2026-07-23,2026-07-23 10:59:36,V013,110.0,1.0148044559367742
2026-07-23,2026-07-23 10:59:37,V013,110.0,1.017655679104716
2026-07-23,2026-07-23 10:59:38,V013,111.0,1.0130485887107084
2026-07-23,2026-07-23 10:59:39,V013,111.0,1.0175451789711538
2026-07-23,2026-07-23 10:59:40,V013,111.0,1.0158894935441307
2026-07-23,2026-07-23 10:59:41,V013,111.0,1.015702889224684
2026-07-23,2026-07-23 10:59:42,V013,111.0,1.0163294287425857
2026-07-23,2026-07-23 10:59:43,V013,111.0,1.0142160100368458
2026-07-23,2026-07-23 10:59:44,V013,112.0,1.013815929175277
2026-07-23,2026-07-23 10:59:45,V013,111.0,1.0172012806981947
2026-07-23,2026-07-23 10:59:46,V013,111.0,1.016091233268549
2026-07-23,2026-07-23 10:59:47,V013,109.0,1.0142132501094108
2026-07-23,2026-07-23 10:59:48,V013,107.0,1.01724684737654
2026-07-23,2026-07-23 10:59:49,V013,106.0,1.0142161471164433
2026-07-23,2026-07-23 10:59:50,V013,106.0,1.025934145592092
2026-07-23,2026-07-23 10:59:51,V013,104.0,1.0620077154585719
2026-07-23,2026-07-23 10:59:52,V013,101.0,1.0351454894237675
2026-07-23,2026-07-23 10:59:53,V013,100.0,1.0118939217507938
2026-07-23,2026-07-23 10:59:54,V013,100.0,1.0969784837021157
2026-07-23,2026-07-23 10:59:55,V013,100.0,1.0093200073739097
2026-07-23,2026-07-23 10:59:56,V013,99.0,1.0460835359634488
2026-07-23,2026-07-23 10:59:57,V013,99.0,1.0198144454163298
2026-07-23,2026-07-23 10:59:58,V013,99.0,1.0450541378597036
2026-07-23,2026-07-23 10:59:59,V013,99.0,1.0958240095340461
2026-07-23,2026-07-23 11:00:00,V013,99.0,1.0179703893105851
2026-07-23,2026-07-23 11:00:01,V013,100.0,1.08650657613914
2026-07-23,2026-07-23 11:00:02,V013,101.0,0.9931403206709144
2026-07-23,2026-07-23 11:00:03,V013,102.0,1.0602757927225248
2026-07-23,2026-07-23 11:00:04,V013,102.0,1.1816739208661016
2026-07-23,2026-07-23 11:00:05,V013,103.0,0.9802678882834235
2026-07-23,2026-07-23 11:00:06,V013,103.0,1.1111590730882686
2026-07-23,2026-07-23 11:00:07,V013,103.0,0.962962075171084
2026-07-23,2026-07-23 11:00:08,V013,103.0,1.0665898754565626
2026-07-23,2026-07-23 11:00:09,V013,102.0,1.0340564356989177
2026-07-23,2026-07-23 11:00:10,V013,101.0,1.0545747632464353
2026-07-23,2026-07-23 11:00:11,V013,100.0,1.1528163738571982
2026-07-23,2026-07-23 11:00:12,V013,99.0,1.0119535344607935
2026-07-23,2026-07-23 11:00:13,V013,98.0,1.120579614796289
2026-07-23,2026-07-23 11:00:14,V013,97.0,1.0284336929536821
2026-07-23,2026-07-23 11:00:15,V013,96.0,1.0123942003626027
2026-07-23,2026-07-23 11:00:16,V013,96.0,1.0578743407007662
2026-07-23,2026-07-23 11:00:17,V013,97.0,1.047708474809629
2026-07-23,2026-07-23 11:00:18,V013,98.0,1.105927191521123
2026-07-23,2026-07-23 11:00:19,V013,98.0,1.0116511852654477
2026-07-23,2026-07-23 11:00:20,V013,99.0,1.020469242387349
2026-07-23,2026-07-23 11:00:21,V013,100.0,1.0902368666195144
2026-07-23,2026-07-23 11:00:22,V013,100.0,1.1016520959823484
2026-07-23,2026-07-23 11:00:23,V013,101.0,0.9941997021880656
2026-07-23,2026-07-23 11:00:24,V013,102.0,1.057831925470455
2026-07-23,2026-07-23 11:00:25,V013,103.0,1.0586457826305575
2026-07-23,2026-07-23 11:00:26,V013,104.0,1.0534171626681548
2026-07-23,2026-07-23 11:00:27,V013,104.0,1.022000284118156
2026-07-23,2026-07-23 11:00:28,V013,105.0,1.0479554505933693
2026-07-23,2026-07-23 11:00:29,V013,104.0,1.029439990809135
2026-07-23,2026-07-23 11:00:30,V013,104.0,1.0529806610010486
2026-07-23,2026-07-23 11:00:31,V013,104.0,1.0381693305763788
2026-07-23,2026-07-23 11:00:32,V013,103.0,1.4122868200614278
2026-07-23,2026-07-23 11:00:33,V013,103.0,1.384160306515376
2026-07-23,2026-07-23 11:00:34,V013,103.0,2.0200742896097705
2026-07-23,2026-07-23 11:00:35,V013,103.0,1.8336341076236053
2026-07-23,2026-07-23 11:00:36,V013,103.0,1.5645575707477604
2026-07-23,2026-07-23 11:00:37,V013,103.0,1.223793710005264
2026-07-23,2026-07-23 11:00:38,V013,102.0,1.2080465321851814
2026-07-23,2026-07-23 11:00:39,V013,102.0,1.1068800630391735
2026-07-23,2026-07-23 11:00:40,V013,102.0,0.9917576394871523
2026-07-23,2026-07-23 11:00:41,V013,102.0,0.9963388262950352
2026-07-23,2026-07-23 11:00:42,V013,104.0,1.0474881347363467
2026-07-23,2026-07-23 11:00:43,V013,105.0,1.1411494118407843
2026-07-23,2026-07-23 11:00:44,V013,105.0,0.9644064646669287
2026-07-23,2026-07-23 11:00:45,V013,107.0,1.04382862778516
2026-07-23,2026-07-23 11:00:46,V013,108.0,1.0119861962201269
2026-07-23,2026-07-23 11:00:47,V013,110.0,1.0577942607971442
2026-07-23,2026-07-23 11:00:48,V013,111.0,1.029204163177476
2026-07-23,2026-07-23 11:00:49,V013,113.0,1.0540830847860332
2026-07-23,2026-07-23 11:00:50,V013,113.0,1.043866961335571
2026-07-23,2026-07-23 11:00:51,V013,114.0,1.061484439536327
2026-07-23,2026-07-23 11:00:52,V013,114.0,1.0747824483737578
2026-07-23,2026-07-23 11:00:53,V013,114.0,1.0239148296386074
2026-07-23,2026-07-23 11:00:54,V013,114.0,1.0171117685778701
2026-07-23,2026-07-23 11:00:55,V013,114.0,1.0192280625811017
2026-07-23,2026-07-23 11:00:56,V013,114.0,1.014640205205501
2026-07-23,2026-07-23 11:00:57,V013,115.0,1.0185789395655316
2026-07-23,2026-07-23 11:00:58,V013,116.0,1.0130347058805653
2026-07-23,2026-07-23 11:00:59,V013,117.0,1.0170282693229458
2026-07-23,2026-07-23 11:01:00,V013,117.0,1.0177861815545004
2026-07-23,2026-07-23 11:01:01,V013,118.0,1.0145369525729548
2026-07-23,2026-07-23 11:01:02,V013,119.0,1.0187613627209253
2026-07-23,2026-07-23 11:01:03,V013,120.0,1.020925899312777
2026-07-23,2026-07-23 11:01:04,V013,120.0,1.0235575662481085
2026-07-23,2026-07-23 11:01:05,V013,120.0,1.0142308970258338
2026-07-23,2026-07-23 11:01:06,V013,120.0,1.0202900888465074
2026-07-23,2026-07-23 11:01:07,V013,119.0,1.0697461872554452
2026-07-23,2026-07-23 11:01:08,V013,118.0,1.0807687513253432
2026-07-23,2026-07-23 11:01:09,V013,118.0,1.0321312355456311
2026-07-23,2026-07-23 11:01:10,V013,118.0,1.0753564051889515
2026-07-23,2026-07-23 11:01:11,V013,119.0,1.1512755660209189
2026-07-23,2026-07-23 11:01:12,V013,119.0,1.0476840812505641
2026-07-23,2026-07-23 11:01:13,V013,119.0,1.0478429904786213
2026-07-23,2026-07-23 11:01:14,V013,120.0,1.046455873503561
2026-07-23,2026-07-23 11:01:15,V013,120.0,1.0242253737534068
2026-07-23,2026-07-23 11:01:16,V013,120.0,1.0283191832738763
2026-07-23,2026-07-23 11:01:17,V013,121.0,1.0629052109000665
2026-07-23,2026-07-23 11:01:18,V013,121.0,1.0651207188573264
2026-07-23,2026-07-23 11:01:19,V013,121.0,1.0092507977702774
2026-07-23,2026-07-23 11:01:20,V013,121.0,1.0195531203534547
2026-07-23,2026-07-23 11:01:21,V013,121.0,1.0158891862029584
2026-07-23,2026-07-23 11:01:22,V013,120.0,1.0164592832136936
2026-07-23,2026-07-23 11:01:23,V013,120.0,1.019447740883247
2026-07-23,2026-07-23 11:01:24,V013,119.0,1.0190533477285317
2026-07-23,2026-07-23 11:01:25,V013,119.0,1.0776941444061747
2026-07-23,2026-07-23 11:01:26,V013,119.0,1.026742844782363
2026-07-23,2026-07-23 11:01:27,V013,118.0,1.0297943249728412
2026-07-23,2026-07-23 11:01:28,V013,118.0,1.0195504902287147
2026-07-23,2026-07-23 11:01:29,V013,117.0,1.0219522175370106
2026-07-23,2026-07-23 11:01:30,V013,117.0,1.0446378877576306
2026-07-23,2026-07-23 11:01:31,V013,116.0,1.0379221925523905
2026-07-23,2026-07-23 11:01:32,V013,116.0,1.032070094870618
2026-07-23,2026-07-23 11:01:33,V013,115.0,1.013990632460455
2026-07-23,2026-07-23 11:01:34,V013,114.0,1.0553036114056409
2026-07-23,2026-07-23 11:01:35,V013,112.0,1.1071257948075361
2026-07-23,2026-07-23 11:01:36,V013,111.0,1.0073000610404763
2026-07-23,2026-07-23 11:01:37,V013,109.0,1.0122536722209952
2026-07-23,2026-07-23 11:01:38,V013,108.0,1.0529476286502077
2026-07-23,2026-07-23 11:01:39,V013,107.0,1.031342080331343
2026-07-23,2026-07-23 11:01:40,V013,106.0,1.0777027923748184
2026-07-23,2026-07-23 11:01:41,V013,105.0,1.0472889965376047
2026-07-23,2026-07-23 11:01:42,V013,104.0,1.0094521942926695
2026-07-23,2026-07-23 11:01:43,V013,103.0,1.0614777063431753
2026-07-23,2026-07-23 11:01:44,V013,101.0,1.2610755345686415
2026-07-23,2026-07-23 11:01:45,V013,100.0,1.2333781022208985
2026-07-23,2026-07-23 11:01:46,V013,99.0,1.056486257128206
2026-07-23,2026-07-23 11:01:47,V013,98.0,1.1681383434705097
2026-07-23,2026-07-23 11:01:48,V013,97.0,1.0446022058850917
2026-07-23,2026-07-23 11:01:49,V013,96.0,1.085444300607552
2026-07-23,2026-07-23 11:01:50,V013,96.0,1.0230824953520083
2026-07-23,2026-07-23 11:01:51,V013,95.0,0.993236591999469
2026-07-23,2026-07-23 11:01:52,V013,95.0,1.0464094363847518
2026-07-23,2026-07-23 11:01:53,V013,94.0,1.0174893690337852
2026-07-23,2026-07-23 11:01:54,V013,94.0,1.0392469954849237
2026-07-23,2026-07-23 11:01:55,V013,94.0,1.0121506096447495
2026-07-23,2026-07-23 11:01:56,V013,94.0,1.0087076521592486
2026-07-23,2026-07-23 11:01:57,V013,93.0,1.0202697362760453
2026-07-23,2026-07-23 11:01:58,V013,93.0,1.0345117245301265
2026-07-23,2026-07-23 11:01:59,V013,93.0,1.0207637569043935
2026-07-23,2026-07-23 11:02:00,V013,93.0,1.0192253669919566
2026-07-23,2026-07-23 11:02:01,V013,93.0,1.0299531956484425
2026-07-23,2026-07-23 11:02:02,V013,93.0,1.027675505426644
2026-07-23,2026-07-23 11:02:03,V013,94.0,1.0423291416951102
2026-07-23,2026-07-23 11:02:04,V013,93.0,1.016411853676021
2026-07-23,2026-07-23 11:02:05,V013,93.0,1.0430889647601975
2026-07-23,2026-07-23 11:02:06,V013,93.0,1.0224449992113895
2026-07-23,2026-07-23 11:02:07,V013,91.0,1.0301712672528376
2026-07-23,2026-07-23 11:02:08,V013,90.0,1.0269601800713333
2026-07-23,2026-07-23 11:02:09,V013,89.0,1.022481241022986
2026-07-23,2026-07-23 11:02:10,V013,88.0,1.027750938488075
2026-07-23,2026-07-23 11:02:11,V013,88.0,1.0217423584023255
2026-07-23,2026-07-23 11:02:12,V013,87.0,1.0231350495238822
2026-07-23,2026-07-23 11:02:13,V013,87.0,1.0143255596667136
2026-07-23,2026-07-23 11:02:14,V013,86.0,1.0308203119700239
2026-07-23,2026-07-23 11:02:15,V013,86.0,1.1122135670745452
2026-07-23,2026-07-23 11:02:16,V013,87.0,1.0117877386368386
2026-07-23,2026-07-23 11:02:17,V013,87.0,1.0409706228277635
2026-07-23,2026-07-23 11:02:18,V013,87.0,1.1004893839324765
2026-07-23,2026-07-23 11:02:19,V013,87.0,0.9585406837603659
2026-07-23,2026-07-23 11:02:20,V013,87.0,1.0765708733219963
2026-07-23,2026-07-23 11:02:21,V013,87.0,0.9932246068989301
2026-07-23,2026-07-23 11:02:22,V013,87.0,1.1036981064020703
2026-07-23,2026-07-23 11:02:23,V013,87.0,1.0195050170934628
2026-07-23,2026-07-23 11:02:24,V013,87.0,1.013218392645067
2026-07-23,2026-07-23 11:02:25,V013,87.0,1.0221060382465483
2026-07-23,2026-07-23 11:02:26,V013,88.0,1.0596213313457885
2026-07-23,2026-07-23 11:02:27,V013,89.0,1.0261239728773697
2026-07-23,2026-07-23 11:02:28,V013,90.0,1.018291960828577
2026-07-23,2026-07-23 11:02:29,V013,91.0,1.072580485217613
2026-07-23,2026-07-23 11:02:30,V013,92.0,1.0261656231221155
2026-07-23,2026-07-23 11:02:31,V013,94.0,1.0346954886823172
2026-07-23,2026-07-23 11:02:32,V013,95.0,1.0498195498764025
2026-07-23,2026-07-23 11:02:33,V013,96.0,1.0636759277880485
2026-07-23,2026-07-23 11:02:34,V013,97.0,1.0440934558183226
2026-07-23,2026-07-23 11:02:35,V013,96.0,1.109269796497852
2026-07-23,2026-07-23 11:02:36,V013,94.0,1.0367148484619793
2026-07-23,2026-07-23 11:02:37,V013,94.0,1.0231495530053643
2026-07-23,2026-07-23 11:02:38,V013,94.0,1.0236350649562382
2026-07-23,2026-07-23 11:02:39,V013,93.0,1.0264353239564716
2026-07-23,2026-07-23 11:02:40,V013,93.0,0.9864639214353457
2026-07-23,2026-07-23 11:02:41,V013,93.0,1.182922811023763
2026-07-23,2026-07-23 11:02:42,V013,93.0,0.9942972475496439
2026-07-23,2026-07-23 11:02:43,V013,93.0,1.0499519599627434
2026-07-23,2026-07-23 11:02:44,V013,92.0,1.04327196898268
2026-07-23,2026-07-23 11:02:45,V013,92.0,1.0343201519754268
2026-07-23,2026-07-23 11:02:46,V013,92.0,1.0240487318545723
2026-07-23,2026-07-23 11:02:47,V013,92.0,1.0222127503796086
2026-07-23,2026-07-23 11:02:48,V013,93.0,1.0179980893597411
2026-07-23,2026-07-23 11:02:49,V013,93.0,1.0178189093073702
2026-07-23,2026-07-23 11:02:50,V013,93.0,1.020182295271013
2026-07-23,2026-07-23 11:02:51,V013,94.0,1.0162552596019523
2026-07-23,2026-07-23 11:02:52,V013,96.0,1.0165427396345612
2026-07-23,2026-07-23 11:02:53,V013,96.0,1.0240161440082927
2026-07-23,2026-07-23 11:02:54,V013,96.0,1.0223697840405734
2026-07-23,2026-07-23 11:02:55,V013,98.0,1.0303192591470416
2026-07-23,2026-07-23 11:02:56,V013,101.0,1.0190939930580032
2026-07-23,2026-07-23 11:02:57,V013,101.0,1.1131402991011825
2026-07-23,2026-07-23 11:02:58,V013,101.0,1.0471699897036177
2026-07-23,2026-07-23 11:02:59,V013,102.0,1.0069211935046514
2026-07-23,2026-07-23 11:03:00,V013,103.0,1.016022948307411
2026-07-23,2026-07-23 11:03:01,V013,103.0,0.9964479116388841
2026-07-23,2026-07-23 11:03:02,V013,104.0,1.0630596379549035
2026-07-23,2026-07-23 11:03:03,V013,104.0,1.0249364133574552
2026-07-23,2026-07-23 11:03:04,V013,104.0,1.0151461907320984
2026-07-23,2026-07-23 11:03:05,V013,104.0,1.0243817762931868
2026-07-23,2026-07-23 11:03:06,V013,104.0,1.0455521998132598
2026-07-23,2026-07-23 11:03:07,V013,104.0,1.0722384945096854
2026-07-23,2026-07-23 11:03:08,V013,104.0,1.0290716836259162
2026-07-23,2026-07-23 11:03:09,V013,104.0,1.0456474678322987
2026-07-23,2026-07-23 11:03:10,V013,105.0,1.0656390485618268
2026-07-23,2026-07-23 11:03:11,V013,105.0,1.0298031175501299
2026-07-23,2026-07-23 11:03:12,V013,106.0,1.0465539451254724
2026-07-23,2026-07-23 11:03:13,V013,106.0,1.0567812480715684
2026-07-23,2026-07-23 11:03:14,V013,107.0,1.0676369692542667
2026-07-23,2026-07-23 11:03:15,V013,107.0,1.0060056558530668
2026-07-23,2026-07-23 11:03:16,V013,108.0,1.111336147382879
2026-07-23,2026-07-23 11:03:17,V013,108.0,1.040000619765101
2026-07-23,2026-07-23 11:03:18,V013,109.0,1.0400407679413548
2026-07-23,2026-07-23 11:03:19,V013,109.0,1.049422004543188
2026-07-23,2026-07-23 11:03:20,V013,108.0,1.0275438300379371
2026-07-23,2026-07-23 11:03:21,V013,108.0,1.0832229698944034
2026-07-23,2026-07-23 11:03:22,V013,108.0,1.0241611909293902
2026-07-23,2026-07-23 11:03:23,V013,107.0,1.0646673503709616
2026-07-23,2026-07-23 11:03:24,V013,107.0,1.0234690612844062
2026-07-23,2026-07-23 11:03:25,V013,106.0,1.061780785809246
2026-07-23,2026-07-23 11:03:26,V013,105.0,1.0319653643183109
2026-07-23,2026-07-23 11:03:27,V013,104.0,0.9990339392720341
2026-07-23,2026-07-23 11:03:28,V013,103.0,1.0456881540167482
2026-07-23,2026-07-23 11:03:29,V013,102.0,1.0022463256614047
2026-07-23,2026-07-23 11:03:30,V013,102.0,1.045218816699975
2026-07-23,2026-07-23 11:03:31,V013,101.0,1.0321098812202674
2026-07-23,2026-07-23 11:03:32,V013,101.0,1.1049896906787806
2026-07-23,2026-07-23 11:03:33,V013,101.0,1.0186179556468795
2026-07-23,2026-07-23 11:03:34,V013,101.0,1.0313898588957153
2026-07-23,2026-07-23 11:03:35,V013,101.0,1.0133408034708005
2026-07-23,2026-07-23 11:03:36,V013,101.0,1.0212725651591918
2026-07-23,2026-07-23 11:03:37,V013,100.0,1.017239119689109
2026-07-23,2026-07-23 11:03:38,V013,99.0,1.02134468216616
2026-07-23,2026-07-23 11:03:39,V013,98.0,1.0700132037589238
2026-07-23,2026-07-23 11:03:40,V013,98.0,0.999680050752717
2026-07-23,2026-07-23 11:03:41,V013,97.0,1.0222794116002674
2026-07-23,2026-07-23 11:03:42,V013,97.0,1.0561877637192207
2026-07-23,2026-07-23 11:03:43,V013,98.0,1.0075707106103022
2026-07-23,2026-07-23 11:03:44,V013,98.0,1.0218449088552823
2026-07-23,2026-07-23 11:03:45,V013,99.0,1.0186270776050244
2026-07-23,2026-07-23 11:03:46,V013,100.0,1.0149995925672675
2026-07-23,2026-07-23 11:03:47,V013,100.0,1.0153206023682635
2026-07-23,2026-07-23 11:03:48,V013,100.0,1.014974469136327
2026-07-23,2026-07-23 11:03:49,V013,100.0,1.0173463471773698
2026-07-23,2026-07-23 11:03:50,V013,100.0,1.0228563214579711
2026-07-23,2026-07-23 11:03:51,V013,99.0,1.0399999720879383
2026-07-23,2026-07-23 11:03:52,V013,99.0,1.0071241892649965
2026-07-23,2026-07-23 11:03:53,V013,99.0,1.020581375523678
2026-07-23,2026-07-23 11:03:54,V013,99.0,1.023561373467623
2026-07-23,2026-07-23 11:03:55,V013,98.0,1.0091752439447395
2026-07-23,2026-07-23 11:03:56,V013,98.0,1.0165984937772972
2026-07-23,2026-07-23 11:03:57,V013,98.0,1.0255841322853945
2026-07-23,2026-07-23 11:03:58,V013,97.0,1.0175496947004736
2026-07-23,2026-07-23 11:03:59,V013,96.0,1.0083860115295777
2026-07-23,2026-07-23 11:04:00,V013,96.0,1.0158951416804867
2026-07-23,2026-07-23 11:04:01,V013,95.0,1.020347419161335
2026-07-23,2026-07-23 11:04:02,V013,94.0,1.021341148546621
2026-07-23,2026-07-23 11:04:03,V013,93.0,1.0168743811671592
2026-07-23,2026-07-23 11:04:04,V013,93.0,1.005231297459536
2026-07-23,2026-07-23 11:04:05,V013,94.0,1.0269528532466614
2026-07-23,2026-07-23 11:04:06,V013,94.0,1.0152308471420608
2026-07-23,2026-07-23 11:04:07,V013,94.0,1.0168922846016353
2026-07-23,2026-07-23 11:04:08,V013,94.0,1.016825694033832
2026-07-23,2026-07-23 11:04:09,V013,93.0,1.0161652281924367
2026-07-23,2026-07-23 11:04:10,V013,93.0,1.0168816938607825
2026-07-23,2026-07-23 11:04:11,V013,92.0,1.0151058779035742
2026-07-23,2026-07-23 11:04:12,V013,91.0,1.0157246092310979
2026-07-23,2026-07-23 11:04:13,V013,90.0,1.0190095594070543
2026-07-23,2026-07-23 11:04:14,V013,90.0,1.012188444338319
2026-07-23,2026-07-23 11:04:15,V013,90.0,1.040555874129187
2026-07-23,2026-07-23 11:04:16,V013,91.0,1.0208182364033993
2026-07-23,2026-07-23 11:04:17,V013,91.0,1.013104604890514
2026-07-23,2026-07-23 11:04:18,V013,92.0,1.0964180123133611
2026-07-23,2026-07-23 11:04:19,V013,93.0,1.0693231550494322
2026-07-23,2026-07-23 11:04:20,V013,93.0,1.0631109525114935
2026-07-23,2026-07-23 11:04:21,V013,93.0,1.0316036674404285
2026-07-23,2026-07-23 11:04:22,V013,92.0,1.0176030854973313
2026-07-23,2026-07-23 11:04:23,V013,92.0,1.0248253925810078
2026-07-23,2026-07-23 11:04:24,V013,92.0,1.015579093468826
2026-07-23,2026-07-23 11:04:25,V013,92.0,1.0086000949273042
2026-07-23,2026-07-23 11:04:26,V013,92.0,1.067210927434661
2026-07-23,2026-07-23 11:04:27,V013,92.0,1.0206996933631807
2026-07-23,2026-07-23 11:04:28,V013,92.0,1.03879379235536
2026-07-23,2026-07-23 11:04:29,V013,92.0,1.0227421852239096
2026-07-23,2026-07-23 11:04:30,V013,93.0,1.0126847331871796
2026-07-23,2026-07-23 11:04:31,V013,93.0,1.02181873354143
2026-07-23,2026-07-23 11:04:32,V013,94.0,1.012296462265022
2026-07-23,2026-07-23 11:04:33,V013,95.0,1.0152417366352164
2026-07-23,2026-07-23 11:04:34,V013,96.0,1.0140036764371871
2026-07-23,2026-07-23 11:04:35,V013,96.0,1.0147799186968278
2026-07-23,2026-07-23 11:04:36,V013,96.0,1.021498593354218
2026-07-23,2026-07-23 11:04:37,V013,95.0,1.0155738007598483
2026-07-23,2026-07-23 11:04:38,V013,95.0,1.020977958838738
2026-07-23,2026-07-23 11:04:39,V013,94.0,1.0135373160220986
2026-07-23,2026-07-23 11:04:40,V013,94.0,1.018148180901811
2026-07-23,2026-07-23 11:04:41,V013,95.0,1.0202039571820911
2026-07-23,2026-07-23 11:04:42,V013,95.0,1.0241975265000676
2026-07-23,2026-07-23 11:04:43,V013,97.0,1.0251075011219635
2026-07-23,2026-07-23 11:04:44,V013,97.0,1.0354954659174458
2026-07-23,2026-07-23 11:04:45,V013,98.0,1.0786167028938731
2026-07-23,2026-07-23 11:04:46,V013,99.0,1.0921901614806426
2026-07-23,2026-07-23 11:04:47,V013,99.0,1.0602616366466422
2026-07-23,2026-07-23 11:04:48,V013,99.0,1.0247477890496832
2026-07-23,2026-07-23 11:04:49,V013,98.0,1.0723759478230555
2026-07-23,2026-07-23 11:04:50,V013,97.0,1.1765948490635003
2026-07-23,2026-07-23 11:04:51,V013,96.0,1.0284843346297265
2026-07-23,2026-07-23 11:04:52,V013,96.0,1.041279744163883
2026-07-23,2026-07-23 11:04:53,V013,95.0,1.099274420760276
2026-07-23,2026-07-23 11:04:54,V013,94.0,1.0342471282845027
2026-07-23,2026-07-23 11:04:55,V013,94.0,1.080526320829356
2026-07-23,2026-07-23 11:04:56,V013,93.0,1.0629941432769496
2026-07-23,2026-07-23 11:04:57,V013,93.0,1.0686985995987268
2026-07-23,2026-07-23 11:04:58,V013,93.0,1.0970487728507223
2026-07-23,2026-07-23 11:04:59,V013,94.0,1.068370332774425
2026-07-23,2026-07-23 11:05:00,V013,95.0,1.0243185957568453
2026-07-23,2026-07-23 11:05:01,V013,95.0,1.037193446379831
2026-07-23,2026-07-23 11:05:02,V013,96.0,1.0504447418875946
2026-07-23,2026-07-23 11:05:03,V013,96.0,1.0126823662044666
2026-07-23,2026-07-23 11:05:04,V013,97.0,1.069442900895953
2026-07-23,2026-07-23 11:05:05,V013,97.0,1.058470244097075
2026-07-23,2026-07-23 11:05:06,V013,97.0,1.014207497317408
2026-07-23,2026-07-23 11:05:07,V013,98.0,1.0269094533217429
2026-07-23,2026-07-23 11:05:08,V013,98.0,1.0187683308651385
2026-07-23,2026-07-23 11:05:09,V013,98.0,1.0156750220214683
2026-07-23,2026-07-23 11:05:10,V013,98.0,1.0143847905718153
2026-07-23,2026-07-23 11:05:11,V013,98.0,1.0165695716718017
2026-07-23,2026-07-23 11:05:12,V013,98.0,1.0163062009172756
2026-07-23,2026-07-23 11:05:13,V013,98.0,1.0252573460665202
2026-07-23,2026-07-23 11:05:14,V013,97.0,1.0215026413059944
2026-07-23,2026-07-23 11:05:15,V013,97.0,1.113186019977136
2026-07-23,2026-07-23 11:05:16,V013,96.0,1.0198637604847505
2026-07-23,2026-07-23 11:05:17,V013,96.0,1.0553306759149874
2026-07-23,2026-07-23 11:05:18,V013,96.0,1.0325027477782662
2026-07-23,2026-07-23 11:05:19,V013,96.0,1.0219788843406759
2026-07-23,2026-07-23 11:05:20,V013,96.0,1.0611793228384803
2026-07-23,2026-07-23 11:05:21,V013,96.0,1.055461302492502
2026-07-23,2026-07-23 11:05:22,V013,95.0,1.0281119925632118
2026-07-23,2026-07-23 11:05:23,V013,94.0,1.0311363107570266
2026-07-23,2026-07-23 11:05:24,V013,93.0,1.1071173068395073
2026-07-23,2026-07-23 11:05:25,V013,92.0,1.0143649078134631
2026-07-23,2026-07-23 11:05:26,V013,92.0,1.0185068663293169
2026-07-23,2026-07-23 11:05:27,V013,92.0,1.0253403679427548
2026-07-23,2026-07-23 11:05:28,V013,91.0,1.0224116574059967
2026-07-23,2026-07-23 11:05:29,V013,91.0,1.0282226636141913
2026-07-23,2026-07-23 11:05:30,V013,91.0,1.0130735015474575
2026-07-23,2026-07-23 11:05:31,V013,89.0,1.0376403504330645
2026-07-23,2026-07-23 11:05:32,V013,88.0,1.0172495219113067
2026-07-23,2026-07-23 11:05:33,V013,87.0,1.043982160875286
2026-07-23,2026-07-23 11:05:34,V013,86.0,1.0701689206596647
2026-07-23,2026-07-23 11:05:35,V013,86.0,0.9201632581796896
2026-07-23,2026-07-23 11:05:36,V013,87.0,1.1699737181255003
2026-07-23,2026-07-23 11:05:37,V013,87.0,1.0149329656183619
2026-07-23,2026-07-23 11:05:38,V013,87.0,1.0249323324149364
2026-07-23,2026-07-23 11:05:39,V013,87.0,1.006104609409658
2026-07-23,2026-07-23 11:05:40,V013,88.0,1.0234258098676272
2026-07-23,2026-07-23 11:05:41,V013,89.0,1.0187584383101798
2026-07-23,2026-07-23 11:05:42,V013,89.0,1.0162269694106256
2026-07-23,2026-07-23 11:05:43,V013,90.0,1.0224156260072301
2026-07-23,2026-07-23 11:05:44,V013,91.0,1.0607316759132392
2026-07-23,2026-07-23 11:05:45,V013,91.0,0.9924026289844996
2026-07-23,2026-07-23 11:05:46,V013,91.0,1.0362260679033715
2026-07-23,2026-07-23 11:05:47,V013,91.0,1.0244416710700037
2026-07-23,2026-07-23 11:05:48,V013,91.0,1.0276175655789646
2026-07-23,2026-07-23 11:05:49,V013,90.0,1.030556513231628
2026-07-23,2026-07-23 11:05:50,V013,90.0,1.0218487886708185
2026-07-23,2026-07-23 11:05:51,V013,91.0,1.0262479746382402
2026-07-23,2026-07-23 11:05:52,V013,91.0,1.017147021758108
2026-07-23,2026-07-23 11:05:53,V013,91.0,1.0214147406224192
2026-07-23,2026-07-23 11:05:54,V013,92.0,1.0201638014372498
2026-07-23,2026-07-23 11:05:55,V013,93.0,1.0202482972307318
2026-07-23,2026-07-23 11:05:56,V013,95.0,1.0212585893257775
2026-07-23,2026-07-23 11:05:57,V013,96.0,1.020564368161529
2026-07-23,2026-07-23 11:05:58,V013,96.0,1.019619800419661
2026-07-23,2026-07-23 11:05:59,V013,96.0,1.0207115323949467
2026-07-23,2026-07-23 11:06:00,V013,97.0,1.019446801351369
2026-07-23,2026-07-23 11:06:01,V013,97.0,1.0195601618160792
2026-07-23,2026-07-23 11:06:02,V013,97.0,1.019896222875537
2026-07-23,2026-07-23 11:06:03,V013,97.0,1.0200487739844455
2026-07-23,2026-07-23 11:06:04,V013,97.0,1.0192468787008226
2026-07-23,2026-07-23 11:06:05,V013,96.0,1.0193003732780996
2026-07-23,2026-07-23 11:06:06,V013,96.0,1.0202417598370754
2026-07-23,2026-07-23 11:06:07,V013,95.0,1.0197961136919331
2026-07-23,2026-07-23 11:06:08,V013,95.0,1.019636116491287
2026-07-23,2026-07-23 11:06:09,V013,95.0,1.0196419840998912
2026-07-23,2026-07-23 11:06:10,V013,96.0,1.020038747118408
2026-07-23,2026-07-23 11:06:11,V013,97.0,1.0188605141093812
2026-07-23,2026-07-23 11:06:12,V013,97.0,1.019168046764927
2026-07-23,2026-07-23 11:06:13,V013,98.0,1.0204956008316857
2026-07-23,2026-07-23 11:06:14,V013,99.0,1.0191020889482498
2026-07-23,2026-07-23 11:06:15,V013,100.0,1.0191889924904538
2026-07-23,2026-07-23 11:06:16,V013,100.0,1.0222586361984083
2026-07-23,2026-07-23 11:06:17,V013,99.0,1.0204070112620145
2026-07-23,2026-07-23 11:06:18,V013,99.0,1.0196157368494445
2026-07-23,2026-07-23 11:06:19,V013,98.0,1.0195834470644078
2026-07-23,2026-07-23 11:06:20,V013,97.0,1.0192147144989567
2026-07-23,2026-07-23 11:06:21,V013,96.0,1.0196339093206812
2026-07-23,2026-07-23 11:06:22,V013,95.0,1.0190485342622808
2026-07-23,2026-07-23 11:06:23,V013,95.0,1.0204154615436547
2026-07-23,2026-07-23 11:06:24,V013,94.0,1.0211697319501325
2026-07-23,2026-07-23 11:06:25,V013,94.0,1.0195783406644348
2026-07-23,2026-07-23 11:06:26,V013,93.0,1.0194452494580106
2026-07-23,2026-07-23 11:06:27,V013,93.0,1.0204005950810653
2026-07-23,2026-07-23 11:06:28,V013,93.0,1.0197182436479213
2026-07-23,2026-07-23 11:06:29,V013,93.0,1.0200892422463017
2026-07-23,2026-07-23 11:06:30,V013,93.0,1.01912156128947
2026-07-23,2026-07-23 11:06:31,V013,93.0,1.0190660467932613
2026-07-23,2026-07-23 11:06:32,V013,93.0,1.0193021233755404
2026-07-23,2026-07-23 11:06:33,V013,92.0,1.0432928148531426
2026-07-23,2026-07-23 11:06:34,V013,92.0,1.0517968992438254
2026-07-23,2026-07-23 11:06:35,V013,92.0,1.0256928757425858
2026-07-23,2026-07-23 11:06:36,V013,92.0,1.025339293887808
2026-07-23,2026-07-23 11:06:37,V013,91.0,1.0208553773807678
2026-07-23,2026-07-23 11:06:38,V013,91.0,1.0231795059001791
2026-07-23,2026-07-23 11:06:39,V013,91.0,1.0358165182977592
2026-07-23,2026-07-23 11:06:40,V013,91.0,1.04806763023689
2026-07-23,2026-07-23 11:06:41,V013,91.0,1.0191062145892402
2026-07-23,2026-07-23 11:06:42,V013,91.0,1.086908595908636
2026-07-23,2026-07-23 11:06:43,V013,92.0,1.0020667046213823
2026-07-23,2026-07-23 11:06:44,V013,92.0,1.0656080931917564
2026-07-23,2026-07-23 11:06:45,V013,92.0,1.033777500720262
2026-07-23,2026-07-23 11:06:46,V013,93.0,1.071090500927349
2026-07-23,2026-07-23 11:06:47,V013,93.0,1.007898077232559
2026-07-23,2026-07-23 11:06:48,V013,93.0,1.088013809992213
2026-07-23,2026-07-23 11:06:49,V013,92.0,1.0263224729019333
2026-07-23,2026-07-23 11:06:50,V013,91.0,1.0616111158980006
2026-07-23,2026-07-23 11:06:51,V013,91.0,1.042080721402735
2026-07-23,2026-07-23 11:06:52,V013,91.0,1.0696659497721048
2026-07-23,2026-07-23 11:06:53,V013,91.0,1.0428059427304273
2026-07-23,2026-07-23 11:06:54,V013,90.0,1.0291487202066585
2026-07-23,2026-07-23 11:06:55,V013,90.0,1.0525573225835338
2026-07-23,2026-07-23 11:06:56,V013,90.0,1.0511347032973386
2026-07-23,2026-07-23 11:06:57,V013,89.0,1.0519878200271475
2026-07-23,2026-07-23 11:06:58,V013,88.0,1.067123128760818
2026-07-23,2026-07-23 11:06:59,V013,89.0,1.039454671782863
2026-07-23,2026-07-23 11:07:00,V013,90.0,1.0390783495161238
2026-07-23,2026-07-23 11:07:01,V013,90.0,1.0629075474031404
2026-07-23,2026-07-23 11:07:02,V013,91.0,1.0497759072283572
2026-07-23,2026-07-23 11:07:03,V013,93.0,1.0060623687856076
2026-07-23,2026-07-23 11:07:04,V013,94.0,1.0903867982282092
2026-07-23,2026-07-23 11:07:05,V013,95.0,0.9984831318398232
2026-07-23,2026-07-23 11:07:06,V013,98.0,1.0660071984813357
2026-07-23,2026-07-23 11:07:07,V013,100.0,1.0172171796452139
2026-07-23,2026-07-23 11:07:08,V013,100.0,1.0201657295514321
2026-07-23,2026-07-23 11:07:09,V013,101.0,1.0174318824554336
2026-07-23,2026-07-23 11:07:10,V013,102.0,1.0157844654517845
2026-07-23,2026-07-23 11:07:11,V013,103.0,1.0210413967177736
2026-07-23,2026-07-23 11:07:12,V013,104.0,1.015985501166937
2026-07-23,2026-07-23 11:07:13,V013,105.0,1.1195946755656982
2026-07-23,2026-07-23 11:07:14,V013,106.0,0.8977131160252447
2026-07-23,2026-07-23 11:07:15,V013,107.0,1.1808951291331997
2026-07-23,2026-07-23 11:07:16,V013,107.0,1.0449597285912575
2026-07-23,2026-07-23 11:07:17,V013,108.0,1.02589262159519
2026-07-23,2026-07-23 11:07:18,V013,108.0,1.0332991795121125
2026-07-23,2026-07-23 11:07:19,V013,108.0,1.021719710409511
2026-07-23,2026-07-23 11:07:20,V013,108.0,1.0190555894387296
2026-07-23,2026-07-23 11:07:21,V013,108.0,1.019293425339281
2026-07-23,2026-07-23 11:07:22,V013,106.0,1.018927043097918
2026-07-23,2026-07-23 11:07:23,V013,106.0,1.0185562284853593
2026-07-23,2026-07-23 11:07:24,V013,106.0,1.0162356894488105
2026-07-23,2026-07-23 11:07:25,V013,105.0,1.0193934378028628
2026-07-23,2026-07-23 11:07:26,V013,105.0,1.0187970156003843
2026-07-23,2026-07-23 11:07:27,V013,105.0,1.0185931098179666
2026-07-23,2026-07-23 11:07:28,V013,105.0,1.008865458808047
2026-07-23,2026-07-23 11:07:29,V013,105.0,1.0435488613690846
2026-07-23,2026-07-23 11:07:30,V013,106.0,1.0291629622413792
2026-07-23,2026-07-23 11:07:31,V013,105.0,1.0141522998509915
2026-07-23,2026-07-23 11:07:32,V013,105.0,1.0359601226763664
2026-07-23,2026-07-23 11:07:33,V013,104.0,1.0410828953637734
2026-07-23,2026-07-23 11:07:34,V013,103.0,1.0316198434012833
2026-07-23,2026-07-23 11:07:35,V013,102.0,1.0201734371424713
2026-07-23,2026-07-23 11:07:36,V013,101.0,1.0310315642722272
2026-07-23,2026-07-23 11:07:37,V013,99.0,0.9806889424995414
2026-07-23,2026-07-23 11:07:38,V013,95.0,1.0925304254230488
2026-07-23,2026-07-23 11:07:39,V013,94.0,0.9844035147979273
2026-07-23,2026-07-23 11:07:40,V013,94.0,1.0158433512479312
2026-07-23,2026-07-23 11:07:41,V013,93.0,1.019579219410593
2026-07-23,2026-07-23 11:07:42,V013,93.0,1.0232038549878801
2026-07-23,2026-07-23 11:07:43,V013,92.0,1.0279356184199826
2026-07-23,2026-07-23 11:07:44,V013,92.0,1.009896609832159
2026-07-23,2026-07-23 11:07:45,V013,93.0,1.0254580444097616
2026-07-23,2026-07-23 11:07:46,V013,93.0,1.0193309299828737
2026-07-23,2026-07-23 11:07:47,V013,93.0,1.013328903460813
2026-07-23,2026-07-23 11:07:48,V013,93.0,1.0266305459672023
2026-07-23,2026-07-23 11:07:49,V013,92.0,1.0223946605370597
2026-07-23,2026-07-23 11:07:50,V013,92.0,1.0231344932091164
2026-07-23,2026-07-23 11:07:51,V013,91.0,1.0329150549665325
2026-07-23,2026-07-23 11:07:52,V013,91.0,1.0189694450859057
2026-07-23,2026-07-23 11:07:53,V013,90.0,1.0189047004634126
2026-07-23,2026-07-23 11:07:54,V013,90.0,1.0212321975263583
2026-07-23,2026-07-23 11:07:55,V013,90.0,1.01584810773447
2026-07-23,2026-07-23 11:07:56,V013,91.0,1.0173555279627513
2026-07-23,2026-07-23 11:07:57,V013,91.0,1.0184208935699648
2026-07-23,2026-07-23 11:07:58,V013,91.0,1.015708935953857
2026-07-23,2026-07-23 11:07:59,V013,91.0,1.0176303869473946
2026-07-23,2026-07-23 11:08:00,V013,92.0,1.0207608186444777
2026-07-23,2026-07-23 11:08:01,V013,92.0,1.0221064033853355
2026-07-23,2026-07-23 11:08:02,V013,92.0,1.015163813884611
2026-07-23,2026-07-23 11:08:03,V013,92.0,1.0184522812846992
2026-07-23,2026-07-23 11:08:04,V013,91.0,1.0260412581629552
2026-07-23,2026-07-23 11:08:05,V013,91.0,1.109579484638554
2026-07-23,2026-07-23 11:08:06,V013,91.0,0.9829611961620041
2026-07-23,2026-07-23 11:08:07,V013,91.0,1.2763541993144323
2026-07-23,2026-07-23 11:08:08,V013,90.0,1.0663901263375235
2026-07-23,2026-07-23 11:08:09,V013,90.0,1.036385320401608
2026-07-23,2026-07-23 11:08:10,V013,90.0,1.0323870992887487
2026-07-23,2026-07-23 11:08:11,V013,91.0,1.0641957978858665
2026-07-23,2026-07-23 11:08:12,V013,91.0,1.0281102223974437
2026-07-23,2026-07-23 11:08:13,V013,91.0,0.9949502633230639
2026-07-23,2026-07-23 11:08:14,V013,91.0,1.0384497918570548
2026-07-23,2026-07-23 11:08:15,V013,92.0,1.0377942556756443
2026-07-23,2026-07-23 11:08:16,V013,93.0,1.0991667091778246
2026-07-23,2026-07-23 11:08:17,V013,92.0,1.0524353481144324
2026-07-23,2026-07-23 11:08:18,V013,92.0,1.0322220391788348
2026-07-23,2026-07-23 11:08:19,V013,92.0,1.058988336889761
2026-07-23,2026-07-23 11:08:20,V013,92.0,1.0201352744981846
2026-07-23,2026-07-23 11:08:21,V013,92.0,1.0300311547751522
2026-07-23,2026-07-23 11:08:22,V013,92.0,1.0308784811243736
2026-07-23,2026-07-23 11:08:23,V013,93.0,1.0640761951116073
2026-07-23,2026-07-23 11:08:24,V013,93.0,1.0325575029537957
2026-07-23,2026-07-23 11:08:25,V013,94.0,1.073367281870163
2026-07-23,2026-07-23 11:08:26,V013,95.0,1.0056726850873536
2026-07-23,2026-07-23 11:08:27,V013,96.0,1.1165519684130567
2026-07-23,2026-07-23 11:08:28,V013,97.0,1.1591662875970699
2026-07-23,2026-07-23 11:08:29,V013,96.0,1.050008891607598
2026-07-23,2026-07-23 11:08:30,V013,96.0,1.0366245871096058
2026-07-23,2026-07-23 11:08:31,V013,97.0,1.0743074157143129
2026-07-23,2026-07-23 11:08:32,V013,98.0,1.1746366645851918
2026-07-23,2026-07-23 11:08:33,V013,99.0,1.0302955062752075
2026-07-23,2026-07-23 11:08:34,V013,100.0,1.0503437910900137
2026-07-23,2026-07-23 11:08:35,V013,101.0,1.0984438290145244
2026-07-23,2026-07-23 11:08:36,V013,102.0,1.03648789453248
2026-07-23,2026-07-23 11:08:37,V013,103.0,1.0536839082516918
2026-07-23,2026-07-23 11:08:38,V013,103.0,1.022582331381593
2026-07-23,2026-07-23 11:08:39,V013,103.0,1.0848152512818163
2026-07-23,2026-07-23 11:08:40,V013,103.0,1.0647705663547042
2026-07-23,2026-07-23 11:08:41,V013,103.0,1.2465292022317238
2026-07-23,2026-07-23 11:08:42,V013,102.0,1.0541854417893954
2026-07-23,2026-07-23 11:08:43,V013,102.0,1.3699154350574703
2026-07-23,2026-07-23 11:08:44,V013,102.0,1.3134464135376014
2026-07-23,2026-07-23 11:08:45,V013,103.0,1.0754236951848248
2026-07-23,2026-07-23 11:08:46,V013,103.0,1.2184821727294264
2026-07-23,2026-07-23 11:08:47,V013,104.0,0.9612790238615206
2026-07-23,2026-07-23 11:08:48,V013,104.0,1.0731428411572743
2026-07-23,2026-07-23 11:08:49,V013,104.0,1.145604316434263
2026-07-23,2026-07-23 11:08:50,V013,105.0,1.083814999286558
2026-07-23,2026-07-23 11:08:51,V013,105.0,1.074270305964904
2026-07-23,2026-07-23 11:08:52,V013,106.0,1.0599850512229958
2026-07-23,2026-07-23 11:08:53,V013,107.0,1.1410436530087915
2026-07-23,2026-07-23 11:08:54,V013,107.0,1.1245115053005632
2026-07-23,2026-07-23 11:08:55,V013,108.0,1.1274069633253094
2026-07-23,2026-07-23 11:08:56,V013,109.0,1.0947635167433163
2026-07-23,2026-07-23 11:08:57,V013,111.0,1.0664332528818787
2026-07-23,2026-07-23 11:08:58,V013,112.0,1.0744074783998305
2026-07-23,2026-07-23 11:08:59,V013,113.0,1.0527681169995933
2026-07-23,2026-07-23 11:09:00,V013,114.0,1.043428288309007
2026-07-23,2026-07-23 11:09:01,V013,114.0,1.0254082420766064
2026-07-23,2026-07-23 11:09:02,V013,114.0,1.0174056109529266
2026-07-23,2026-07-23 11:09:03,V013,114.0,1.0224773374300515
2026-07-23,2026-07-23 11:09:04,V013,115.0,1.0862762159520956
2026-07-23,2026-07-23 11:09:05,V013,115.0,1.1208843290753427
2026-07-23,2026-07-23 11:09:06,V013,115.0,1.1357364271908257
2026-07-23,2026-07-23 11:09:07,V013,115.0,1.0384919410099456
2026-07-23,2026-07-23 11:09:08,V013,114.0,1.0982885823604753
2026-07-23,2026-07-23 11:09:09,V013,114.0,1.1032749985824866
2026-07-23,2026-07-23 11:09:10,V013,114.0,1.1965046716184948
2026-07-23,2026-07-23 11:09:11,V013,114.0,1.0718700961648198
2026-07-23,2026-07-23 11:09:12,V013,115.0,1.0464932594822702
2026-07-23,2026-07-23 11:09:13,V013,115.0,1.022247848774256
2026-07-23,2026-07-23 11:09:14,V013,114.0,1.1467486167955587
2026-07-23,2026-07-23 11:09:15,V013,114.0,1.0512500413368233
2026-07-23,2026-07-23 11:09:16,V013,113.0,1.0736939230407685
2026-07-23,2026-07-23 11:09:17,V013,113.0,1.0753035706817828
2026-07-23,2026-07-23 11:09:18,V013,112.0,1.031939925180253
2026-07-23,2026-07-23 11:09:19,V013,111.0,1.038829210196128
2026-07-23,2026-07-23 11:09:20,V013,110.0,1.0489240873141144
2026-07-23,2026-07-23 11:09:21,V013,108.0,1.146929433806927
2026-07-23,2026-07-23 11:09:22,V013,107.0,1.012503510803645
2026-07-23,2026-07-23 11:09:23,V013,105.0,1.0907263098665596
2026-07-23,2026-07-23 11:09:24,V013,104.0,1.0423837710597295
2026-07-23,2026-07-23 11:09:25,V013,103.0,1.0658711245296881
2026-07-23,2026-07-23 11:09:26,V013,103.0,1.022611441369331
2026-07-23,2026-07-23 11:09:27,V013,103.0,1.0197684195804495
2026-07-23,2026-07-23 11:09:28,V013,103.0,1.0158459505801047
2026-07-23,2026-07-23 11:09:29,V013,103.0,1.0250700483241637
2026-07-23,2026-07-23 11:09:30,V013,103.0,1.0158550205303256
2026-07-23,2026-07-23 11:09:31,V013,104.0,1.0288937388137391
2026-07-23,2026-07-23 11:09:32,V013,104.0,1.0140650955992943
2026-07-23,2026-07-23 11:09:33,V013,104.0,1.0214344941970184
2026-07-23,2026-07-23 11:09:34,V013,104.0,1.0191976759992105
2026-07-23,2026-07-23 11:09:35,V013,103.0,1.0189111915679454
2026-07-23,2026-07-23 11:09:36,V013,103.0,1.0149737325035137
2026-07-23,2026-07-23 11:09:37,V013,102.0,1.0197105117824627
2026-07-23,2026-07-23 11:09:38,V013,101.0,1.0185726870113296
2026-07-23,2026-07-23 11:09:39,V013,100.0,1.016813121089174
2026-07-23,2026-07-23 11:09:40,V013,100.0,1.0168498254698288
2026-07-23,2026-07-23 11:09:41,V013,100.0,1.0167053977715805
2026-07-23,2026-07-23 11:09:42,V013,100.0,1.0187632413170606
2026-07-23,2026-07-23 11:09:43,V013,101.0,1.0189049750536165
2026-07-23,2026-07-23 11:09:44,V013,101.0,1.0164203120020128
2026-07-23,2026-07-23 11:09:45,V013,102.0,1.017693449225035
2026-07-23,2026-07-23 11:09:46,V013,102.0,1.0179649888471791
2026-07-23,2026-07-23 11:09:47,V013,101.0,1.0157850469062422
2026-07-23,2026-07-23 11:09:48,V013,101.0,1.0250847570840798
2026-07-23,2026-07-23 11:09:49,V013,100.0,1.0308980367546008
2026-07-23,2026-07-23 11:09:50,V013,99.0,1.02734148304005
2026-07-23,2026-07-23 11:09:51,V013,98.0,1.007198836609158
2026-07-23,2026-07-23 11:09:52,V013,98.0,1.0335879586617882
2026-07-23,2026-07-23 11:09:53,V013,97.0,1.0132176590365705
2026-07-23,2026-07-23 11:09:54,V013,95.0,1.0585350670609865
2026-07-23,2026-07-23 11:09:55,V013,95.0,1.0195969650303232
2026-07-23,2026-07-23 11:09:56,V013,95.0,1.0266681040598937
2026-07-23,2026-07-23 11:09:57,V013,94.0,1.0133992365588973
2026-07-23,2026-07-23 11:09:58,V013,93.0,1.0158484846322198
2026-07-23,2026-07-23 11:09:59,V013,93.0,1.0158023804163405
2026-07-23,2026-07-23 11:10:00,V013,92.0,1.0163727714633133
2026-07-23,2026-07-23 11:10:01,V013,92.0,1.0160129725988443
2026-07-23,2026-07-23 11:10:02,V013,91.0,1.0157654479258744
2026-07-23,2026-07-23 11:10:03,V013,91.0,1.01601301870946
2026-07-23,2026-07-23 11:10:04,V013,91.0,1.0150574721733967
2026-07-23,2026-07-23 11:10:05,V013,92.0,1.0169310958374351
2026-07-23,2026-07-23 11:10:06,V013,92.0,1.0148103367662362
2026-07-23,2026-07-23 11:10:07,V013,92.0,1.0187245609729414
2026-07-23,2026-07-23 11:10:08,V013,93.0,1.0178783288146676
2026-07-23,2026-07-23 11:10:09,V013,93.0,1.0154428578434043
2026-07-23,2026-07-23 11:10:10,V013,92.0,1.0167851535222219
2026-07-23,2026-07-23 11:10:11,V013,92.0,1.0179774261460601
2026-07-23,2026-07-23 11:10:12,V013,92.0,1.015262552386987
2026-07-23,2026-07-23 11:10:13,V013,90.0,1.0163669643383721
2026-07-23,2026-07-23 11:10:14,V013,90.0,1.0167015052884114
2026-07-23,2026-07-23 11:10:15,V013,88.0,1.0186993542872547
2026-07-23,2026-07-23 11:10:16,V013,88.0,1.0169262117678095
2026-07-23,2026-07-23 11:10:17,V013,87.0,1.0148290979922125
2026-07-23,2026-07-23 11:10:18,V013,87.0,1.0076832589898395
2026-07-23,2026-07-23 11:10:19,V013,86.0,1.023449218644685
2026-07-23,2026-07-23 11:10:20,V013,86.0,1.0131257686779997
2026-07-23,2026-07-23 11:10:21,V013,86.0,1.0310550774287681
2026-07-23,2026-07-23 11:10:22,V013,85.0,1.0165228941251054
2026-07-23,2026-07-23 11:10:23,V013,84.0,1.0169539678049138
2026-07-23,2026-07-23 11:10:24,V013,84.0,1.0196983360524494
2026-07-23,2026-07-23 11:10:25,V013,83.0,1.018897234614388
2026-07-23,2026-07-23 11:10:26,V013,83.0,1.017906659240039
2026-07-23,2026-07-23 11:10:27,V013,83.0,1.0175955553841332
2026-07-23,2026-07-23 11:10:28,V013,83.0,1.0180829313780915
2026-07-23,2026-07-23 11:10:29,V013,83.0,1.014689564558276
2026-07-23,2026-07-23 11:10:30,V013,84.0,1.018738650070306
2026-07-23,2026-07-23 11:10:31,V013,84.0,1.0157331339634426
2026-07-23,2026-07-23 11:10:32,V013,85.0,1.0179082992650519
2026-07-23,2026-07-23 11:10:33,V013,85.0,1.0154121656101032
2026-07-23,2026-07-23 11:10:34,V013,85.0,1.0184179881946382
2026-07-23,2026-07-23 11:10:35,V013,85.0,1.015961775580588
2026-07-23,2026-07-23 11:10:36,V013,85.0,1.0175532558725957
2026-07-23,2026-07-23 11:10:37,V013,85.0,1.0178770346342927
2026-07-23,2026-07-23 11:10:38,V013,85.0,1.0184323376728326
2026-07-23,2026-07-23 11:10:39,V013,86.0,1.0146688435484759
2026-07-23,2026-07-23 11:10:40,V013,86.0,1.0090305005597422
2026-07-23,2026-07-23 11:10:41,V013,86.0,1.0512985388356393
2026-07-23,2026-07-23 11:10:42,V013,87.0,1.0294434286403789
2026-07-23,2026-07-23 11:10:43,V013,87.0,1.0182300428536288
2026-07-23,2026-07-23 11:10:44,V013,87.0,1.01562182024514
2026-07-23,2026-07-23 11:10:45,V013,87.0,1.0186992917464004
2026-07-23,2026-07-23 11:10:46,V013,86.0,1.0118673805181797
2026-07-23,2026-07-23 11:10:47,V013,86.0,1.024806943886322
2026-07-23,2026-07-23 11:10:48,V013,86.0,1.019645058944702
2026-07-23,2026-07-23 11:10:49,V013,85.0,1.0293794852634581
2026-07-23,2026-07-23 11:10:50,V013,85.0,1.0127798186579904
2026-07-23,2026-07-23 11:10:51,V013,85.0,1.0193352081006657
2026-07-23,2026-07-23 11:10:52,V013,85.0,1.0174866666677198
2026-07-23,2026-07-23 11:10:53,V013,85.0,1.0161409848826528
2026-07-23,2026-07-23 11:10:54,V013,86.0,1.0234174111161771
2026-07-23,2026-07-23 11:10:55,V013,86.0,1.025369115052393
2026-07-23,2026-07-23 11:10:56,V013,87.0,1.0316744438812508
2026-07-23,2026-07-23 11:10:57,V013,87.0,1.0302306633517886
2026-07-23,2026-07-23 11:10:58,V013,88.0,1.01277888383222
2026-07-23,2026-07-23 11:10:59,V013,89.0,0.9924484165537881
2026-07-23,2026-07-23 11:11:00,V013,89.0,1.0556271141194673
2026-07-23,2026-07-23 11:11:01,V013,90.0,1.0169943287373715
2026-07-23,2026-07-23 11:11:02,V013,90.0,1.0219329463530626
2026-07-23,2026-07-23 11:11:03,V013,90.0,1.0348376155936687
2026-07-23,2026-07-23 11:11:04,V013,90.0,1.0379325221811677
2026-07-23,2026-07-23 11:11:05,V013,90.0,1.0424798638383135
2026-07-23,2026-07-23 11:11:06,V013,90.0,1.0244152006967204
2026-07-23,2026-07-23 11:11:07,V013,90.0,1.145482624074443
2026-07-23,2026-07-23 11:11:08,V013,90.0,1.0142855218389797
2026-07-23,2026-07-23 11:11:09,V013,90.0,1.0332927687508993
2026-07-23,2026-07-23 11:11:10,V013,90.0,1.030614527499238
2026-07-23,2026-07-23 11:11:11,V013,89.0,1.012295904307728
2026-07-23,2026-07-23 11:11:12,V013,88.0,1.0221358672961178
2026-07-23,2026-07-23 11:11:13,V013,87.0,1.091575155643954
2026-07-23,2026-07-23 11:11:14,V013,87.0,1.1091931228321237
2026-07-23,2026-07-23 11:11:15,V013,86.0,1.0944199608156153
2026-07-23,2026-07-23 11:11:16,V013,87.0,1.0698496506421469
2026-07-23,2026-07-23 11:11:17,V013,87.0,1.0632394143886936
2026-07-23,2026-07-23 11:11:18,V013,87.0,1.068009350308088
2026-07-23,2026-07-23 11:11:19,V013,88.0,1.0416495970965585
2026-07-23,2026-07-23 11:11:20,V013,89.0,1.01045640098911
2026-07-23,2026-07-23 11:11:21,V013,90.0,1.0240143396642523
2026-07-23,2026-07-23 11:11:22,V013,90.0,1.0254634793189625
2026-07-23,2026-07-23 11:11:23,V013,91.0,1.0024014069662148
2026-07-23,2026-07-23 11:11:24,V013,92.0,1.0116944795331977
2026-07-23,2026-07-23 11:11:25,V013,93.0,0.9868718541957225
2026-07-23,2026-07-23 11:11:26,V013,93.0,1.074265061697747
2026-07-23,2026-07-23 11:11:27,V013,93.0,0.9985628452869807
2026-07-23,2026-07-23 11:11:28,V013,93.0,1.0238985236562321
2026-07-23,2026-07-23 11:11:29,V013,93.0,1.0144791585201842
2026-07-23,2026-07-23 11:11:30,V013,93.0,1.020040340434944
2026-07-23,2026-07-23 11:11:31,V013,93.0,1.01470981666757
2026-07-23,2026-07-23 11:11:32,V013,93.0,1.016646981889124
2026-07-23,2026-07-23 11:11:33,V013,93.0,1.0172146298941411
2026-07-23,2026-07-23 11:11:34,V013,93.0,1.0195054629894054
2026-07-23,2026-07-23 11:11:35,V013,93.0,1.0508623499149337
2026-07-23,2026-07-23 11:11:36,V013,93.0,1.0554922937391809
2026-07-23,2026-07-23 11:11:37,V013,92.0,1.025989246940985
2026-07-23,2026-07-23 11:11:38,V013,92.0,1.0352442581704466
2026-07-23,2026-07-23 11:11:39,V013,92.0,1.0786136493645972
2026-07-23,2026-07-23 11:11:40,V013,92.0,1.0218116408736364
2026-07-23,2026-07-23 11:11:41,V013,92.0,1.0405215359191662
2026-07-23,2026-07-23 11:11:42,V013,92.0,1.1519297254643233
2026-07-23,2026-07-23 11:11:43,V013,93.0,1.0953275604328936
2026-07-23,2026-07-23 11:11:44,V013,94.0,1.0577206635749308
2026-07-23,2026-07-23 11:11:45,V013,95.0,1.138921636246384
2026-07-23,2026-07-23 11:11:46,V013,96.0,1.0335272131256605
2026-07-23,2026-07-23 11:11:47,V013,97.0,1.0381011197830554
2026-07-23,2026-07-23 11:11:48,V013,98.0,1.0711464773859374
2026-07-23,2026-07-23 11:11:49,V013,99.0,1.0806761153861055
2026-07-23,2026-07-23 11:11:50,V013,99.0,1.1688956953286247
2026-07-23,2026-07-23 11:11:51,V013,100.0,1.0338754072276326
2026-07-23,2026-07-23 11:11:52,V013,100.0,1.0635987148115067
2026-07-23,2026-07-23 11:11:53,V013,100.0,1.097275547264257
2026-07-23,2026-07-23 11:11:54,V013,100.0,1.1352859831682398
2026-07-23,2026-07-23 11:11:55,V013,100.0,1.1064893419433355
2026-07-23,2026-07-23 11:11:56,V013,100.0,1.0518771124319597
2026-07-23,2026-07-23 11:11:57,V013,100.0,1.0729063160023875
2026-07-23,2026-07-23 11:11:58,V013,99.0,1.0557838123149603
2026-07-23,2026-07-23 11:11:59,V013,100.0,0.9997942292023259
2026-07-23,2026-07-23 11:12:00,V013,100.0,1.074668599048624
2026-07-23,2026-07-23 11:12:01,V013,101.0,1.0342383793723817
2026-07-23,2026-07-23 11:12:02,V013,101.0,1.0214171840735096
2026-07-23,2026-07-23 11:12:03,V013,102.0,1.1055183332545873
2026-07-23,2026-07-23 11:12:04,V013,103.0,1.02052693483185
2026-07-23,2026-07-23 11:12:05,V013,104.0,1.022181390785624
2026-07-23,2026-07-23 11:12:06,V013,104.0,1.0634207658084391
2026-07-23,2026-07-23 11:12:07,V013,104.0,1.0640819894201985
2026-07-23,2026-07-23 11:12:08,V013,106.0,1.0521037801711162
2026-07-23,2026-07-23 11:12:09,V013,106.0,1.0675094679502612
2026-07-23,2026-07-23 11:12:10,V013,106.0,1.0123345607263738
2026-07-23,2026-07-23 11:12:11,V013,106.0,1.294949842936116
2026-07-23,2026-07-23 11:12:12,V013,106.0,1.0035880294681931
2026-07-23,2026-07-23 11:12:13,V013,105.0,1.129115840053945
2026-07-23,2026-07-23 11:12:14,V013,105.0,1.0964349805431777
2026-07-23,2026-07-23 11:12:15,V013,104.0,1.085034728848814
2026-07-23,2026-07-23 11:12:16,V013,104.0,1.006935816786565
2026-07-23,2026-07-23 11:12:17,V013,103.0,1.0956156086226037
2026-07-23,2026-07-23 11:12:18,V013,103.0,1.0656772243634203
2026-07-23,2026-07-23 11:12:19,V013,103.0,1.0545885376087438
2026-07-23,2026-07-23 11:12:20,V013,104.0,1.0298196341914612
2026-07-23,2026-07-23 11:12:21,V013,104.0,1.0443408034704935
2026-07-23,2026-07-23 11:12:22,V013,104.0,1.0425810362923225
2026-07-23,2026-07-23 11:12:23,V013,105.0,1.0720081157688075
2026-07-23,2026-07-23 11:12:24,V013,105.0,1.0358370424326773
2026-07-23,2026-07-23 11:12:25,V013,105.0,1.101828152710356
2026-07-23,2026-07-23 11:12:26,V013,106.0,1.1971450461681137
2026-07-23,2026-07-23 11:12:27,V013,106.0,1.028142799908117
2026-07-23,2026-07-23 11:12:28,V013,106.0,1.0552435680032297
2026-07-23,2026-07-23 11:12:29,V013,106.0,1.0047246219376718
2026-07-23,2026-07-23 11:12:30,V013,105.0,1.0169439651832453
2026-07-23,2026-07-23 11:12:31,V013,105.0,1.0011258773016984
2026-07-23,2026-07-23 11:12:32,V013,104.0,1.079675263180585
2026-07-23,2026-07-23 11:12:33,V013,104.0,1.0161911277273366
2026-07-23,2026-07-23 11:12:34,V013,103.0,1.0173733055184955
2026-07-23,2026-07-23 11:12:35,V013,103.0,1.0172002161931366
2026-07-23,2026-07-23 11:12:36,V013,102.0,1.0163903493747994
2026-07-23,2026-07-23 11:12:37,V013,101.0,1.0187891235971502
2026-07-23,2026-07-23 11:12:38,V013,100.0,1.016776572313044
2026-07-23,2026-07-23 11:12:39,V013,100.0,1.0195513625613808
2026-07-23,2026-07-23 11:12:40,V013,99.0,1.0158315785878436
2026-07-23,2026-07-23 11:12:41,V013,100.0,1.0170237466414582
2026-07-23,2026-07-23 11:12:42,V013,100.0,1.0162710488992996
2026-07-23,2026-07-23 11:12:43,V013,101.0,1.0337996370526
2026-07-23,2026-07-23 11:12:44,V013,101.0,0.9939522385588859
2026-07-23,2026-07-23 11:12:45,V013,102.0,1.026761900201772
2026-07-23,2026-07-23 11:12:46,V013,102.0,1.0150181280176753
2026-07-23,2026-07-23 11:12:47,V013,103.0,1.0175182442939845
2026-07-23,2026-07-23 11:12:48,V013,103.0,1.0167151786461173
2026-07-23,2026-07-23 11:12:49,V013,102.0,1.0169162153929414
2026-07-23,2026-07-23 11:12:50,V013,101.0,1.016978883597805
2026-07-23,2026-07-23 11:12:51,V013,101.0,1.0167814278275509
2026-07-23,2026-07-23 11:12:52,V013,100.0,1.017244210698678
2026-07-23,2026-07-23 11:12:53,V013,100.0,1.0178627743488862
2026-07-23,2026-07-23 11:12:54,V013,100.0,1.0157326801721895
2026-07-23,2026-07-23 11:12:55,V013,100.0,1.0179731257665339
2026-07-23,2026-07-23 11:12:56,V013,100.0,1.0166382869012185
2026-07-23,2026-07-23 11:12:57,V013,100.0,1.0196007269135225
2026-07-23,2026-07-23 11:12:58,V013,99.0,1.016246486481694
2026-07-23,2026-07-23 11:12:59,V013,98.0,1.0175200542457534
2026-07-23,2026-07-23 11:13:00,V013,98.0,1.0162792837562873
2026-07-23,2026-07-23 11:13:01,V013,98.0,1.017831177694721
2026-07-23,2026-07-23 11:13:02,V013,97.0,1.0165944172598282
2026-07-23,2026-07-23 11:13:03,V013,96.0,1.016229074465329
2026-07-23,2026-07-23 11:13:04,V013,95.0,1.0180351607093838
2026-07-23,2026-07-23 11:13:05,V013,94.0,1.016631357557608
2026-07-23,2026-07-23 11:13:06,V013,94.0,1.017980991170525
2026-07-23,2026-07-23 11:13:07,V013,94.0,1.0172171058466766
2026-07-23,2026-07-23 11:13:08,V013,95.0,1.0169114919621085
2026-07-23,2026-07-23 11:13:09,V013,95.0,1.0174284087315888
2026-07-23,2026-07-23 11:13:10,V013,96.0,1.0176900801395574
2026-07-23,2026-07-23 11:13:11,V013,96.0,1.0161390244351087
2026-07-23,2026-07-23 11:13:12,V013,96.0,1.0183742168207088
2026-07-23,2026-07-23 11:13:13,V013,96.0,1.0169192459441292
2026-07-23,2026-07-23 11:13:14,V013,96.0,1.0199438630765358
2026-07-23,2026-07-23 11:13:15,V013,96.0,1.0140417675515017
2026-07-23,2026-07-23 11:13:16,V013,96.0,1.035841169622891
2026-07-23,2026-07-23 11:13:17,V013,96.0,1.027163380341936
2026-07-23,2026-07-23 11:13:18,V013,96.0,1.0141881119689697
2026-07-23,2026-07-23 11:13:19,V013,96.0,1.0210202068322343
2026-07-23,2026-07-23 11:13:20,V013,96.0,1.0230193648822785
2026-07-23,2026-07-23 11:13:21,V013,96.0,1.0122628962987004
2026-07-23,2026-07-23 11:13:22,V013,95.0,1.0201940365753202
2026-07-23,2026-07-23 11:13:23,V013,95.0,1.0166205898946719
2026-07-23,2026-07-23 11:13:24,V013,95.0,1.0166479919944802
2026-07-23,2026-07-23 11:13:25,V013,96.0,1.0170085894256933
2026-07-23,2026-07-23 11:13:26,V013,96.0,1.0172936964838024
2026-07-23,2026-07-23 11:13:27,V013,97.0,1.0166820973845743
2026-07-23,2026-07-23 11:13:28,V013,98.0,1.0174675433925242
2026-07-23,2026-07-23 11:13:29,V013,98.0,1.0168789453121796
2026-07-23,2026-07-23 11:13:30,V013,98.0,1.0172518633945742
2026-07-23,2026-07-23 11:13:31,V013,97.0,1.0151644068544678
2026-07-23,2026-07-23 11:13:32,V013,97.0,1.0176667716336718
2026-07-23,2026-07-23 11:13:33,V013,96.0,1.0170613876220802
2026-07-23,2026-07-23 11:13:34,V013,95.0,1.0164303679337645
2026-07-23,2026-07-23 11:13:35,V013,94.0,1.0167843205432299
2026-07-23,2026-07-23 11:13:36,V013,93.0,1.0172272342956774
2026-07-23,2026-07-23 11:13:37,V013,92.0,1.0171749540780908
2026-07-23,2026-07-23 11:13:38,V013,92.0,1.0185606034406807
2026-07-23,2026-07-23 11:13:39,V013,91.0,1.0178749915173069
2026-07-23,2026-07-23 11:13:40,V013,91.0,1.0171458643276698
2026-07-23,2026-07-23 11:13:41,V013,91.0,1.0164391240761124
2026-07-23,2026-07-23 11:13:42,V013,91.0,1.0170475736227618
2026-07-23,2026-07-23 11:13:43,V013,91.0,1.017049725041116
2026-07-23,2026-07-23 11:13:44,V013,92.0,1.0183201774791304
2026-07-23,2026-07-23 11:13:45,V013,92.0,1.0156659580782748
2026-07-23,2026-07-23 11:13:46,V013,91.0,1.018404036075881
2026-07-23,2026-07-23 11:13:47,V013,90.0,1.0169810672330113
2026-07-23,2026-07-23 11:13:48,V013,90.0,1.0169762703295835
2026-07-23,2026-07-23 11:13:49,V013,90.0,1.0160168949008415
2026-07-23,2026-07-23 11:13:50,V013,89.0,1.016483115442212
2026-07-23,2026-07-23 11:13:51,V013,89.0,1.0171365067228875
2026-07-23,2026-07-23 11:13:52,V013,88.0,1.0167839313044968
2026-07-23,2026-07-23 11:13:53,V013,87.0,1.0173978474195646
2026-07-23,2026-07-23 11:13:54,V013,87.0,1.0168566434968334
2026-07-23,2026-07-23 11:13:55,V013,87.0,1.0169939026817612
2026-07-23,2026-07-23 11:13:56,V013,87.0,1.0180194870499322
2026-07-23,2026-07-23 11:13:57,V013,87.0,1.0170279524452417
2026-07-23,2026-07-23 11:13:58,V013,87.0,1.0170209181542305
2026-07-23,2026-07-23 11:13:59,V013,86.0,1.018190639410394
2026-07-23,2026-07-23 11:14:00,V013,86.0,1.0171759070983966
2026-07-23,2026-07-23 11:14:01,V013,85.0,1.016759065614739
2026-07-23,2026-07-23 11:14:02,V013,83.0,1.01986223031218
2026-07-23,2026-07-23 11:14:03,V013,82.0,1.018040542831254
2026-07-23,2026-07-23 11:14:04,V013,82.0,1.0155421640963838
2026-07-23,2026-07-23 11:14:05,V013,82.0,1.017323746596078
2026-07-23,2026-07-23 11:14:06,V013,82.0,1.016709875661275
2026-07-23,2026-07-23 11:14:07,V013,83.0,1.0170321654659054
2026-07-23,2026-07-23 11:14:08,V013,84.0,1.0178867725570018
2026-07-23,2026-07-23 11:14:09,V013,85.0,1.0174784241066552
2026-07-23,2026-07-23 11:14:10,V013,86.0,1.0161063879313468
2026-07-23,2026-07-23 11:14:11,V013,86.0,1.015904431403797
2026-07-23,2026-07-23 11:14:12,V013,86.0,1.016082662745392
2026-07-23,2026-07-23 11:14:13,V013,87.0,1.0171875028643143
2026-07-23,2026-07-23 11:14:14,V013,87.0,1.0168941944518641
2026-07-23,2026-07-23 11:14:15,V013,89.0,1.020605042309348
2026-07-23,2026-07-23 11:14:16,V013,90.0,1.0191449234762624
2026-07-23,2026-07-23 11:14:17,V013,91.0,1.0203487927870702
2026-07-23,2026-07-23 11:14:18,V013,92.0,1.018353453724638
2026-07-23,2026-07-23 11:14:19,V013,93.0,1.0168853732943077
2026-07-23,2026-07-23 11:14:20,V013,93.0,1.0184434724761082
2026-07-23,2026-07-23 11:14:21,V013,92.0,1.0183056319105974
2026-07-23,2026-07-23 11:14:22,V013,92.0,1.0177908164289318
2026-07-23,2026-07-23 11:14:23,V013,91.0,1.018124453938723
2026-07-23,2026-07-23 11:14:24,V013,91.0,1.0184496951293416
2026-07-23,2026-07-23 11:14:25,V013,91.0,1.0146204593602517
2026-07-23,2026-07-23 11:14:26,V013,92.0,1.0414183667122239
2026-07-23,2026-07-23 11:14:27,V013,93.0,1.004253496329021
2026-07-23,2026-07-23 11:14:28,V013,95.0,1.0487258750090018
2026-07-23,2026-07-23 11:14:29,V013,95.0,1.0444579591701966
2026-07-23,2026-07-23 11:14:30,V013,96.0,1.023516021438048
2026-07-23,2026-07-23 11:14:31,V013,95.0,1.017949148300616
2026-07-23,2026-07-23 11:14:32,V013,94.0,1.0173920044090468
2026-07-23,2026-07-23 11:14:33,V013,92.0,1.0203109596203925
2026-07-23,2026-07-23 11:14:34,V013,91.0,1.0181731577087876
2026-07-23,2026-07-23 11:14:35,V013,89.0,1.017397502757705
2026-07-23,2026-07-23 11:14:36,V013,87.0,1.003556619308197
2026-07-23,2026-07-23 11:14:37,V013,85.0,1.0241104259639304
2026-07-23,2026-07-23 11:14:38,V013,85.0,1.0315962913731092
2026-07-23,2026-07-23 11:14:39,V013,86.0,1.0151784035794604
2026-07-23,2026-07-23 11:14:40,V013,87.0,1.0154342276022106
2026-07-23,2026-07-23 11:14:41,V013,87.0,1.0231723157353332
2026-07-23,2026-07-23 11:14:42,V013,87.0,1.0182379373196324
2026-07-23,2026-07-23 11:14:43,V013,87.0,1.0185191778875498
2026-07-23,2026-07-23 11:14:44,V013,88.0,1.019956138972741
2026-07-23,2026-07-23 11:14:45,V013,88.0,1.0229106443877043
2026-07-23,2026-07-23 11:14:46,V013,89.0,0.9586256673975655
2026-07-23,2026-07-23 11:14:47,V013,89.0,1.1766693604639524
2026-07-23,2026-07-23 11:14:48,V013,89.0,0.9837800859755171
2026-07-23,2026-07-23 11:14:49,V013,88.0,1.017195392543473
2026-07-23,2026-07-23 11:14:50,V013,88.0,0.9975045461814511
2026-07-23,2026-07-23 11:14:51,V013,88.0,1.0202882355393132
2026-07-23,2026-07-23 11:14:52,V013,87.0,1.0094581116570769
2026-07-23,2026-07-23 11:14:53,V013,86.0,1.0130028157110107
2026-07-23,2026-07-23 11:14:54,V013,86.0,1.0149481197944012
2026-07-23,2026-07-23 11:14:55,V013,85.0,1.0121331424397797
2026-07-23,2026-07-23 11:14:56,V013,83.0,1.0153372559000038
2026-07-23,2026-07-23 11:14:57,V013,83.0,1.0112857300695952
2026-07-23,2026-07-23 11:14:58,V013,83.0,1.0146222783074905
2026-07-23,2026-07-23 11:14:59,V013,83.0,1.0145595709139619
2026-07-23,2026-07-23 11:15:00,V013,83.0,1.0138166329264817
2026-07-23,2026-07-23 11:15:01,V013,84.0,1.0169499599893608
2026-07-23,2026-07-23 11:15:02,V013,85.0,1.0112965044689894
2026-07-23,2026-07-23 11:15:03,V013,86.0,1.0153431663325518
2026-07-23,2026-07-23 11:15:04,V013,86.0,1.0147171575811182
2026-07-23,2026-07-23 11:15:05,V013,88.0,1.0135147035416285
2026-07-23,2026-07-23 11:15:06,V013,89.0,1.0153519203097814
2026-07-23,2026-07-23 11:15:07,V013,90.0,1.014220295612391
2026-07-23,2026-07-23 11:15:08,V013,92.0,1.0150819773929256
2026-07-23,2026-07-23 11:15:09,V013,93.0,1.0138744561192616
2026-07-23,2026-07-23 11:15:10,V013,93.0,1.016438707869739
2026-07-23,2026-07-23 11:15:11,V013,94.0,1.0138452508959075
2026-07-23,2026-07-23 11:15:12,V013,94.0,1.0154268791440388
2026-07-23,2026-07-23 11:15:13,V013,95.0,1.0108726706003102
2026-07-23,2026-07-23 11:15:14,V013,95.0,1.0204022847400753
2026-07-23,2026-07-23 11:15:15,V013,95.0,1.0041954543651308
2026-07-23,2026-07-23 11:15:16,V013,95.0,1.0512166674832575
2026-07-23,2026-07-23 11:15:17,V013,95.0,0.990669759570805
2026-07-23,2026-07-23 11:15:18,V013,95.0,1.0170368347564813
2026-07-23,2026-07-23 11:15:19,V013,95.0,1.0054390009142549
2026-07-23,2026-07-23 11:15:20,V013,95.0,1.0471340825616775
2026-07-23,2026-07-23 11:15:21,V013,96.0,1.0236872145996128
2026-07-23,2026-07-23 11:15:22,V013,96.0,1.0129746710368386
2026-07-23,2026-07-23 11:15:23,V013,97.0,1.0165530410098196
2026-07-23,2026-07-23 11:15:24,V013,97.0,1.021452141541716
2026-07-23,2026-07-23 11:15:25,V013,97.0,1.0264244111916938
2026-07-23,2026-07-23 11:15:26,V013,97.0,1.019932565478758
2026-07-23,2026-07-23 11:15:27,V013,97.0,0.9975118640782982
2026-07-23,2026-07-23 11:15:28,V013,97.0,1.0315802995725534
2026-07-23,2026-07-23 11:15:29,V013,98.0,1.0208256998488354
2026-07-23,2026-07-23 11:15:30,V013,98.0,1.0146105007821198
2026-07-23,2026-07-23 11:15:31,V013,99.0,1.0853074893664731
2026-07-23,2026-07-23 11:15:32,V013,99.0,1.0489175050010497
2026-07-23,2026-07-23 11:15:33,V013,100.0,1.0883560566612012
2026-07-23,2026-07-23 11:15:34,V013,101.0,1.1103870587843814
2026-07-23,2026-07-23 11:15:35,V013,101.0,1.0709671824565345
2026-07-23,2026-07-23 11:15:36,V013,101.0,1.1404223191206222
2026-07-23,2026-07-23 11:15:37,V013,101.0,1.1574160199002184
2026-07-23,2026-07-23 11:15:38,V013,100.0,1.18700443517258
2026-07-23,2026-07-23 11:15:39,V013,101.0,0.997210137578169
2026-07-23,2026-07-23 11:15:40,V013,101.0,1.15635788110614
2026-07-23,2026-07-23 11:15:41,V013,102.0,1.542690628016159
2026-07-23,2026-07-23 11:15:42,V013,102.0,1.085145360770102
2026-07-23,2026-07-23 11:15:43,V013,102.0,1.0568891562852407
2026-07-23,2026-07-23 11:15:44,V013,101.0,1.0556272292417868
2026-07-23,2026-07-23 11:15:45,V013,101.0,1.0247017694658422
2026-07-23,2026-07-23 11:15:46,V013,101.0,1.0175006045640747
2026-07-23,2026-07-23 11:15:47,V013,100.0,1.080894122417504
2026-07-23,2026-07-23 11:15:48,V013,100.0,1.0558423916798936
2026-07-23,2026-07-23 11:15:49,V013,101.0,1.0289880856833278
2026-07-23,2026-07-23 11:15:50,V013,102.0,1.0271504709935382
2026-07-23,2026-07-23 11:15:51,V013,103.0,1.0187348483586611
2026-07-23,2026-07-23 11:15:52,V013,103.0,1.0117941447154126
2026-07-23,2026-07-23 11:15:53,V013,104.0,1.0420279639262688
2026-07-23,2026-07-23 11:15:54,V013,105.0,1.0290764098008667
2026-07-23,2026-07-23 11:15:55,V013,106.0,1.0301153903626663
2026-07-23,2026-07-23 11:15:56,V013,107.0,1.0530219019055558
2026-07-23,2026-07-23 11:15:57,V013,108.0,1.0229320576494216
2026-07-23,2026-07-23 11:15:58,V013,111.0,1.0579084640723015
2026-07-23,2026-07-23 11:15:59,V013,112.0,1.0652575174772683
2026-07-23,2026-07-23 11:16:00,V013,112.0,1.0537599599275553
2026-07-23,2026-07-23 11:16:01,V013,112.0,1.1271781746761547
2026-07-23,2026-07-23 11:16:02,V013,110.0,0.9823877505201517
2026-07-23,2026-07-23 11:16:03,V013,110.0,1.0086702860225334
2026-07-23,2026-07-23 11:16:04,V013,110.0,1.3101306611448906
2026-07-23,2026-07-23 11:16:05,V013,108.0,1.0722491901322015
2026-07-23,2026-07-23 11:16:06,V013,107.0,1.0997968535034042
2026-07-23,2026-07-23 11:16:07,V013,106.0,1.210051922893492
2026-07-23,2026-07-23 11:16:08,V013,105.0,1.369783051408143
2026-07-23,2026-07-23 11:16:09,V013,103.0,1.1649317035991127
2026-07-23,2026-07-23 11:16:10,V013,102.0,1.4275102017009118
2026-07-23,2026-07-23 11:16:11,V013,102.0,0.9628542003251109
2026-07-23,2026-07-23 11:16:12,V013,101.0,1.0214608951066917
2026-07-23,2026-07-23 11:16:13,V013,101.0,1.094426916943427
2026-07-23,2026-07-23 11:16:14,V013,101.0,1.091245215098717
2026-07-23,2026-07-23 11:16:15,V013,102.0,1.094423703144383
2026-07-23,2026-07-23 11:16:16,V013,102.0,1.0870196411072939
2026-07-23,2026-07-23 11:16:17,V013,103.0,1.0282565639732408
2026-07-23,2026-07-23 11:16:18,V013,106.0,1.0160376433070668
2026-07-23,2026-07-23 11:16:19,V013,107.0,1.046068340840127
2026-07-23,2026-07-23 11:16:20,V013,107.0,1.0552747253488686
2026-07-23,2026-07-23 11:16:21,V013,107.0,1.0522326564902347
2026-07-23,2026-07-23 11:16:22,V013,107.0,1.069466127549686
2026-07-23,2026-07-23 11:16:23,V013,107.0,1.002352066405654
2026-07-23,2026-07-23 11:16:24,V013,106.0,1.0739126848656875
2026-07-23,2026-07-23 11:16:25,V013,106.0,1.0281876633897087
2026-07-23,2026-07-23 11:16:26,V013,106.0,1.0879588493105512
2026-07-23,2026-07-23 11:16:27,V013,107.0,1.036373039535847
2026-07-23,2026-07-23 11:16:28,V013,108.0,1.0843215279671927
2026-07-23,2026-07-23 11:16:29,V013,109.0,1.0756739053340678
2026-07-23,2026-07-23 11:16:30,V013,110.0,0.8836540603858793
2026-07-23,2026-07-23 11:16:31,V013,111.0,1.2411291057990437
2026-07-23,2026-07-23 11:16:32,V013,111.0,0.9233394326584822
2026-07-23,2026-07-23 11:16:33,V013,112.0,1.0753461044224821
2026-07-23,2026-07-23 11:16:34,V013,111.0,1.043634333637901
2026-07-23,2026-07-23 11:16:35,V013,111.0,1.0671208624434567
2026-07-23,2026-07-23 11:16:36,V013,111.0,1.0173681476524912
2026-07-23,2026-07-23 11:16:37,V013,110.0,1.0273544196494477
2026-07-23,2026-07-23 11:16:38,V013,109.0,1.046322178855414
2026-07-23,2026-07-23 11:16:39,V013,109.0,1.060051118850777
2026-07-23,2026-07-23 11:16:40,V013,109.0,1.0540640266006307
2026-07-23,2026-07-23 11:16:41,V013,108.0,1.018582432938266
2026-07-23,2026-07-23 11:16:42,V013,108.0,1.0743831423988366
2026-07-23,2026-07-23 11:16:43,V013,108.0,1.0550753267208062
2026-07-23,2026-07-23 11:16:44,V013,108.0,1.0374874497010083
2026-07-23,2026-07-23 11:16:45,V013,108.0,1.0929901568419902
2026-07-23,2026-07-23 11:16:46,V013,108.0,1.0356493492819638
2026-07-23,2026-07-23 11:16:47,V013,108.0,1.0580823051424548
2026-07-23,2026-07-23 11:16:48,V013,107.0,1.103831955916435
2026-07-23,2026-07-23 11:16:49,V013,107.0,1.0698701090379101
2026-07-23,2026-07-23 11:16:50,V013,107.0,1.053860666553914
2026-07-23,2026-07-23 11:16:51,V013,107.0,0.9925734839603658
2026-07-23,2026-07-23 11:16:52,V013,107.0,1.0121430366761637
2026-07-23,2026-07-23 11:16:53,V013,108.0,1.0060122368041682
2026-07-23,2026-07-23 11:16:54,V013,108.0,1.0289901520031959
2026-07-23,2026-07-23 11:16:55,V013,109.0,1.021852318509395
2026-07-23,2026-07-23 11:16:56,V013,110.0,1.0297584952479337
2026-07-23,2026-07-23 11:16:57,V013,110.0,1.0131873948952799
2026-07-23,2026-07-23 11:16:58,V013,110.0,1.0299151331246525
2026-07-23,2026-07-23 11:16:59,V013,111.0,1.0106159563927988
2026-07-23,2026-07-23 11:17:00,V013,111.0,1.0140442725474692
2026-07-23,2026-07-23 11:17:01,V013,111.0,1.0131266960671061
2026-07-23,2026-07-23 11:17:02,V013,111.0,1.012737645862394
2026-07-23,2026-07-23 11:17:03,V013,111.0,1.0134841650672415
2026-07-23,2026-07-23 11:17:04,V013,111.0,1.0147488611586803
2026-07-23,2026-07-23 11:17:05,V013,111.0,1.0167976336120887
2026-07-23,2026-07-23 11:17:06,V013,111.0,1.0128048265257077
2026-07-23,2026-07-23 11:17:07,V013,110.0,1.011824323980307
2026-07-23,2026-07-23 11:17:08,V013,108.0,1.0435450561009798
2026-07-23,2026-07-23 11:17:09,V013,107.0,1.0282343857255416
2026-07-23,2026-07-23 11:17:10,V013,106.0,1.0443563350773495
2026-07-23,2026-07-23 11:17:11,V013,105.0,1.0135620078988856
2026-07-23,2026-07-23 11:17:12,V013,104.0,1.0204328996520986
2026-07-23,2026-07-23 11:17:13,V013,104.0,1.0387373867670426
2026-07-23,2026-07-23 11:17:14,V013,104.0,0.985142121573414
2026-07-23,2026-07-23 11:17:15,V013,104.0,1.0231858996253185
2026-07-23,2026-07-23 11:17:16,V013,105.0,1.0128479436668778
2026-07-23,2026-07-23 11:17:17,V013,106.0,1.036192483746592
2026-07-23,2026-07-23 11:17:18,V013,106.0,1.0241573302369247
2026-07-23,2026-07-23 11:17:19,V013,108.0,1.020554967067625
2026-07-23,2026-07-23 11:17:20,V013,109.0,1.056569155043347
2026-07-23,2026-07-23 11:17:21,V013,109.0,1.0199506284547286
2026-07-23,2026-07-23 11:17:22,V013,109.0,1.0373445670647983
2026-07-23,2026-07-23 11:17:23,V013,108.0,1.0329953094729358
2026-07-23,2026-07-23 11:17:24,V013,107.0,1.0136715291045604
2026-07-23,2026-07-23 11:17:25,V013,107.0,1.0474805471954551
2026-07-23,2026-07-23 11:17:26,V013,107.0,1.0076448594525207
2026-07-23,2026-07-23 11:17:27,V013,107.0,1.0143274682420287
2026-07-23,2026-07-23 11:17:28,V013,106.0,1.020949219807221
2026-07-23,2026-07-23 11:17:29,V013,106.0,1.0171843212313227
2026-07-23,2026-07-23 11:17:30,V013,105.0,1.024784859093807
2026-07-23,2026-07-23 11:17:31,V013,104.0,1.013141949412824
2026-07-23,2026-07-23 11:17:32,V013,104.0,1.0152470915338143
2026-07-23,2026-07-23 11:17:33,V013,103.0,1.0157558155521917
2026-07-23,2026-07-23 11:17:34,V013,103.0,1.0185390349554286
2026-07-23,2026-07-23 11:17:35,V013,102.0,1.014591659506418
2026-07-23,2026-07-23 11:17:36,V013,102.0,1.0128134898162184
2026-07-23,2026-07-23 11:17:37,V013,101.0,1.021848442750298
2026-07-23,2026-07-23 11:17:38,V013,101.0,1.014494310829391
2026-07-23,2026-07-23 11:17:39,V013,100.0,1.01662499073617
2026-07-23,2026-07-23 11:17:40,V013,99.0,1.0179918996395392
2026-07-23,2026-07-23 11:17:41,V013,98.0,1.0154755523272758
2026-07-23,2026-07-23 11:17:42,V013,98.0,1.0157123847736356
2026-07-23,2026-07-23 11:17:43,V013,98.0,1.0163241342371048
2026-07-23,2026-07-23 11:17:44,V013,98.0,1.0158165970568012
2026-07-23,2026-07-23 11:17:45,V013,99.0,1.0168500357016268
2026-07-23,2026-07-23 11:17:46,V013,99.0,1.014867146344733
2026-07-23,2026-07-23 11:17:47,V013,98.0,1.016152702426188
2026-07-23,2026-07-23 11:17:48,V013,98.0,1.016972343418632
2026-07-23,2026-07-23 11:17:49,V013,97.0,1.0174459643705154
2026-07-23,2026-07-23 11:17:50,V013,96.0,1.0150923835073309
2026-07-23,2026-07-23 11:17:51,V013,96.0,1.0199868491116553
2026-07-23,2026-07-23 11:17:52,V013,95.0,1.017753948920676
2026-07-23,2026-07-23 11:17:53,V013,96.0,1.0126664374772456
2026-07-23,2026-07-23 11:17:54,V013,96.0,1.012445787473918
2026-07-23,2026-07-23 11:17:55,V013,96.0,1.0200172786727757
2026-07-23,2026-07-23 11:17:56,V013,98.0,1.0388757435074545
2026-07-23,2026-07-23 11:17:57,V013,98.0,1.0107563343227535
2026-07-23,2026-07-23 11:17:58,V013,98.0,1.0031734660488323
2026-07-23,2026-07-23 11:17:59,V013,99.0,1.0294867569593464
2026-07-23,2026-07-23 11:18:00,V013,99.0,1.0200850003743671
2026-07-23,2026-07-23 11:18:01,V013,99.0,1.0153712945047626
2026-07-23,2026-07-23 11:18:02,V013,98.0,1.0161301769896838
2026-07-23,2026-07-23 11:18:03,V013,98.0,1.0133060407782781
2026-07-23,2026-07-23 11:18:04,V013,99.0,1.01537477556682
2026-07-23,2026-07-23 11:18:05,V013,99.0,1.0143693120173223
2026-07-23,2026-07-23 11:18:06,V013,99.0,1.0254802693525606
2026-07-23,2026-07-23 11:18:07,V013,99.0,1.0151072684785345
2026-07-23,2026-07-23 11:18:08,V013,99.0,1.0046704267532858
2026-07-23,2026-07-23 11:18:09,V013,99.0,1.037093803530992
2026-07-23,2026-07-23 11:18:10,V013,99.0,1.0230589380291966
2026-07-23,2026-07-23 11:18:11,V013,98.0,1.0124322292793515
2026-07-23,2026-07-23 11:18:12,V013,98.0,1.012369121194717
2026-07-23,2026-07-23 11:18:13,V013,97.0,1.031948624147162
2026-07-23,2026-07-23 11:18:14,V013,97.0,1.0238078095116214
2026-07-23,2026-07-23 11:18:15,V013,97.0,1.0203875061621854
2026-07-23,2026-07-23 11:18:16,V013,96.0,1.0702126165818553
2026-07-23,2026-07-23 11:18:17,V013,95.0,1.0073671163124116
2026-07-23,2026-07-23 11:18:18,V013,95.0,1.0948456869681964
2026-07-23,2026-07-23 11:18:19,V013,95.0,1.0639670564774004
2026-07-23,2026-07-23 11:18:20,V013,94.0,1.035560249482394
2026-07-23,2026-07-23 11:18:21,V013,94.0,1.0505359619417378
2026-07-23,2026-07-23 11:18:22,V013,94.0,1.0402911499841183
2026-07-23,2026-07-23 11:18:23,V013,94.0,1.0602632912099912
2026-07-23,2026-07-23 11:18:24,V013,94.0,0.9452980331544939
2026-07-23,2026-07-23 11:18:25,V013,94.0,1.1066251024261327
2026-07-23,2026-07-23 11:18:26,V013,94.0,1.0212663099187693
2026-07-23,2026-07-23 11:18:27,V013,94.0,0.9915970868694446
2026-07-23,2026-07-23 11:18:28,V013,93.0,1.0422513310168378
2026-07-23,2026-07-23 11:18:29,V013,93.0,1.0110180411333862
2026-07-23,2026-07-23 11:18:30,V013,92.0,1.010500148028069
2026-07-23,2026-07-23 11:18:31,V013,91.0,1.0130184982803394
2026-07-23,2026-07-23 11:18:32,V013,91.0,1.009224147843165
2026-07-23,2026-07-23 11:18:33,V013,92.0,1.010084758653049
2026-07-23,2026-07-23 11:18:34,V013,92.0,1.0102376820063712
2026-07-23,2026-07-23 11:18:35,V013,93.0,1.0101575283859747
2026-07-23,2026-07-23 11:18:36,V013,94.0,1.0106096450936286
2026-07-23,2026-07-23 11:18:37,V013,95.0,1.0099583686197438
2026-07-23,2026-07-23 11:18:38,V013,95.0,1.0099641697356623
2026-07-23,2026-07-23 11:18:39,V013,95.0,1.0105689326495977
2026-07-23,2026-07-23 11:18:40,V013,95.0,1.0104078866494801
2026-07-23,2026-07-23 11:18:41,V013,94.0,1.0101019918340528
2026-07-23,2026-07-23 11:18:42,V013,93.0,1.0099478005146996
2026-07-23,2026-07-23 11:18:43,V013,92.0,1.0096483237260172
2026-07-23,2026-07-23 11:18:44,V013,91.0,1.0104613965964118
2026-07-23,2026-07-23 11:18:45,V013,90.0,1.0104928286833712
2026-07-23,2026-07-23 11:18:46,V013,87.0,1.0104172310372561
2026-07-23,2026-07-23 11:18:47,V013,86.0,1.0094962459507024
2026-07-23,2026-07-23 11:18:48,V013,86.0,1.0098175540836838
2026-07-23,2026-07-23 11:18:49,V013,85.0,1.0097923909374076
2026-07-23,2026-07-23 11:18:50,V013,85.0,1.0094250557720703
2026-07-23,2026-07-23 11:18:51,V013,84.0,1.0131303969086867
2026-07-23,2026-07-23 11:18:52,V013,84.0,1.0113826074087453
2026-07-23,2026-07-23 11:18:53,V013,85.0,1.0116235992923792
2026-07-23,2026-07-23 11:18:54,V013,85.0,1.0114633410584974
2026-07-23,2026-07-23 11:18:55,V013,85.0,1.012351251772779
2026-07-23,2026-07-23 11:18:56,V013,85.0,1.011919700084143
2026-07-23,2026-07-23 11:18:57,V013,85.0,1.0108006455291119
2026-07-23,2026-07-23 11:18:58,V013,85.0,1.0115460227850606
2026-07-23,2026-07-23 11:18:59,V013,84.0,1.0108751003658778
2026-07-23,2026-07-23 11:19:00,V013,83.0,1.0109753811176763
2026-07-23,2026-07-23 11:19:01,V013,82.0,1.0108992590265826
2026-07-23,2026-07-23 11:19:02,V013,81.0,1.011321882252922
2026-07-23,2026-07-23 11:19:03,V013,81.0,1.0119910617294015
2026-07-23,2026-07-23 11:19:04,V013,81.0,1.0113059875908554
2026-07-23,2026-07-23 11:19:05,V013,82.0,1.0114599547823069
2026-07-23,2026-07-23 11:19:06,V013,83.0,1.0113065512060961
2026-07-23,2026-07-23 11:19:07,V013,83.0,1.011615006327451
2026-07-23,2026-07-23 11:19:08,V013,83.0,1.0115030460822891
2026-07-23,2026-07-23 11:19:09,V013,83.0,1.0120566491474055
2026-07-23,2026-07-23 11:19:10,V013,83.0,1.0115824308787507
2026-07-23,2026-07-23 11:19:11,V013,83.0,1.011716214906578
2026-07-23,2026-07-23 11:19:12,V013,83.0,1.0119141686503865
2026-07-23,2026-07-23 11:19:13,V013,83.0,1.0121614648626298
2026-07-23,2026-07-23 11:19:14,V013,83.0,1.0115309754138693
2026-07-23,2026-07-23 11:19:15,V013,83.0,1.0112477143043255
2026-07-23,2026-07-23 11:19:16,V013,83.0,1.0116822285831295
2026-07-23,2026-07-23 11:19:17,V013,83.0,1.011591420197818
2026-07-23,2026-07-23 11:19:18,V013,82.0,1.0108450371562896
2026-07-23,2026-07-23 11:19:19,V013,82.0,1.0118712642713084
2026-07-23,2026-07-23 11:19:20,V013,82.0,1.011085961200068
2026-07-23,2026-07-23 11:19:21,V013,81.0,1.0117890628279598
2026-07-23,2026-07-23 11:19:22,V013,80.0,1.0116339701457944
2026-07-23,2026-07-23 11:19:23,V013,79.0,1.0117417470363188
2026-07-23,2026-07-23 11:19:24,V013,79.0,1.011255413371648
2026-07-23,2026-07-23 11:19:25,V013,79.0,1.0119682215963077
2026-07-23,2026-07-23 11:19:26,V013,79.0,1.012065428072041
2026-07-23,2026-07-23 11:19:27,V013,79.0,1.0116048241247648
2026-07-23,2026-07-23 11:19:28,V013,79.0,1.0116571612551195
2026-07-23,2026-07-23 11:19:29,V013,79.0,1.012010794168542
2026-07-23,2026-07-23 11:19:30,V013,79.0,1.0107931159744021
2026-07-23,2026-07-23 11:19:31,V013,79.0,1.0117627619023015
2026-07-23,2026-07-23 11:19:32,V013,79.0,1.0120489901276393
2026-07-23,2026-07-23 11:19:33,V013,79.0,1.0113260213114212
2026-07-23,2026-07-23 11:19:34,V013,79.0,1.0116387026370697
2026-07-23,2026-07-23 11:19:35,V013,78.0,1.0115438210936867
2026-07-23,2026-07-23 11:19:36,V013,78.0,1.0126267636088828
2026-07-23,2026-07-23 11:19:37,V013,78.0,1.0114614181060129
2026-07-23,2026-07-23 11:19:38,V013,78.0,1.0116952646396087
2026-07-23,2026-07-23 11:19:39,V013,79.0,1.0116602655380822
2026-07-23,2026-07-23 11:19:40,V013,79.0,1.0115704973889137
2026-07-23,2026-07-23 11:19:41,V013,79.0,1.0113809972618677
2026-07-23,2026-07-23 11:19:42,V013,80.0,1.012201310953113
2026-07-23,2026-07-23 11:19:43,V013,81.0,1.0121585919596596
2026-07-23,2026-07-23 11:19:44,V013,81.0,1.0119687269034476
2026-07-23,2026-07-23 11:19:45,V013,81.0,1.0118573797779677
2026-07-23,2026-07-23 11:19:46,V013,81.0,1.0116882341861717
2026-07-23,2026-07-23 11:19:47,V013,81.0,1.0116662999566721
2026-07-23,2026-07-23 11:19:48,V013,82.0,1.0114003864044432
2026-07-23,2026-07-23 11:19:49,V013,82.0,1.012398067225947
2026-07-23,2026-07-23 11:19:50,V013,82.0,1.0111154764439023
2026-07-23,2026-07-23 11:19:51,V013,83.0,1.0126748781865385
2026-07-23,2026-07-23 11:19:52,V013,83.0,1.011509987444994
2026-07-23,2026-07-23 11:19:53,V013,83.0,1.0117232879958393
2026-07-23,2026-07-23 11:19:54,V013,84.0,1.0120335641418425
2026-07-23,2026-07-23 11:19:55,V013,85.0,1.0118366350973191
2026-07-23,2026-07-23 11:19:56,V013,85.0,1.0117521706147135
2026-07-23,2026-07-23 11:19:57,V013,86.0,1.0116073846605516
2026-07-23,2026-07-23 11:19:58,V013,87.0,1.012901428894939
2026-07-23,2026-07-23 11:19:59,V013,87.0,1.0114445141753496
2026-07-23,2026-07-23 11:20:00,V013,87.0,1.0120554597738471
2026-07-23,2026-07-23 11:20:01,V013,87.0,1.0121461449058289
2026-07-23,2026-07-23 11:20:02,V013,86.0,1.0120989396097542
2026-07-23,2026-07-23 11:20:03,V013,86.0,1.0121290542476493
2026-07-23,2026-07-23 11:20:04,V013,85.0,1.0114766466494751
2026-07-23,2026-07-23 11:20:05,V013,85.0,1.0121650028665414
2026-07-23,2026-07-23 11:20:06,V013,85.0,1.0130793196742245
2026-07-23,2026-07-23 11:20:07,V013,84.0,1.013530012269033
2026-07-23,2026-07-23 11:20:08,V013,84.0,1.0131023394508212
2026-07-23,2026-07-23 11:20:09,V013,85.0,1.0123303772649594
2026-07-23,2026-07-23 11:20:10,V013,86.0,1.0127207515352281
2026-07-23,2026-07-23 11:20:11,V013,85.0,1.012410073462855
2026-07-23,2026-07-23 11:20:12,V013,84.0,1.013038684774908
2026-07-23,2026-07-23 11:20:13,V013,83.0,1.012607209844244
2026-07-23,2026-07-23 11:20:14,V013,83.0,1.0131694023005158
2026-07-23,2026-07-23 11:20:15,V013,83.0,1.0130498199483327
2026-07-23,2026-07-23 11:20:16,V013,82.0,1.0127980259788347
2026-07-23,2026-07-23 11:20:17,V013,83.0,1.0131902455093695
2026-07-23,2026-07-23 11:20:18,V013,83.0,1.012895005028647
2026-07-23,2026-07-23 11:20:19,V013,84.0,1.01304720127485
2026-07-23,2026-07-23 11:20:20,V013,85.0,1.0126870309352438
2026-07-23,2026-07-23 11:20:21,V013,85.0,1.0128815200125405
2026-07-23,2026-07-23 11:20:22,V013,85.0,1.0132800378931561
2026-07-23,2026-07-23 11:20:23,V013,85.0,1.0126694493433799
2026-07-23,2026-07-23 11:20:24,V013,84.0,1.0127359855373927
2026-07-23,2026-07-23 11:20:25,V013,83.0,1.0126576657365784
2026-07-23,2026-07-23 11:20:26,V013,82.0,1.0127363081696408
2026-07-23,2026-07-23 11:20:27,V013,82.0,1.0124849201570334
2026-07-23,2026-07-23 11:20:28,V013,82.0,1.0125073025507065
2026-07-23,2026-07-23 11:20:29,V013,82.0,1.0131309057906872
2026-07-23,2026-07-23 11:20:30,V013,82.0,1.013417379878257
2026-07-23,2026-07-23 11:20:31,V013,82.0,1.0128424287951807
2026-07-23,2026-07-23 11:20:32,V013,83.0,1.013038272456822
2026-07-23,2026-07-23 11:20:33,V013,82.0,1.0129865969203948
2026-07-23,2026-07-23 11:20:34,V013,82.0,1.0129295041403485
2026-07-23,2026-07-23 11:20:35,V013,82.0,1.0114102546013684
2026-07-23,2026-07-23 11:20:36,V013,81.0,1.012034897148363
2026-07-23,2026-07-23 11:20:37,V013,82.0,1.013735295927623
2026-07-23,2026-07-23 11:20:38,V013,82.0,1.0130227028459753
2026-07-23,2026-07-23 11:20:39,V013,82.0,1.0127493175442535
2026-07-23,2026-07-23 11:20:40,V013,81.0,1.0136017393270678
2026-07-23,2026-07-23 11:20:41,V013,81.0,1.0127652111703451
2026-07-23,2026-07-23 11:20:42,V013,80.0,1.0136744153168014
2026-07-23,2026-07-23 11:20:43,V013,80.0,1.0134274420992315
2026-07-23,2026-07-23 11:20:44,V013,80.0,1.0132528071293463
2026-07-23,2026-07-23 11:20:45,V013,80.0,1.0134303910015405
2026-07-23,2026-07-23 11:20:46,V013,80.0,1.0149413154785982
2026-07-23,2026-07-23 11:20:47,V013,80.0,1.0145267701341034
2026-07-23,2026-07-23 11:20:48,V013,79.0,1.0151346821587497
2026-07-23,2026-07-23 11:20:49,V013,79.0,1.0141691566703837
2026-07-23,2026-07-23 11:20:50,V013,78.0,1.015094753435531
2026-07-23,2026-07-23 11:20:51,V013,78.0,1.0119855393393618
2026-07-23,2026-07-23 11:20:52,V013,77.0,1.0355668077144695
2026-07-23,2026-07-23 11:20:53,V013,77.0,1.005128582276834
2026-07-23,2026-07-23 11:20:54,V013,76.0,1.0347225600141627
2026-07-23,2026-07-23 11:20:55,V013,76.0,1.0080403412866994
2026-07-23,2026-07-23 11:20:56,V013,77.0,1.0115388706609578
2026-07-23,2026-07-23 11:20:57,V013,78.0,1.0115520586501607
2026-07-23,2026-07-23 11:20:58,V013,78.0,1.010834414724815
2026-07-23,2026-07-23 11:20:59,V013,79.0,1.0148978896122611
2026-07-23,2026-07-23 11:21:00,V013,81.0,1.003743997135904
2026-07-23,2026-07-23 11:21:01,V013,81.0,1.028620677041662
2026-07-23,2026-07-23 11:21:02,V013,81.0,1.0129244574495893
2026-07-23,2026-07-23 11:21:03,V013,82.0,1.0108779666692738
2026-07-23,2026-07-23 11:21:04,V013,82.0,1.012587967047088
2026-07-23,2026-07-23 11:21:05,V013,83.0,1.008775559630795
2026-07-23,2026-07-23 11:21:06,V013,83.0,1.0078386399242565
2026-07-23,2026-07-23 11:21:07,V013,82.0,1.0078704428223908
2026-07-23,2026-07-23 11:21:08,V013,82.0,1.0083432444352027
2026-07-23,2026-07-23 11:21:09,V013,82.0,1.0081741526748025
2026-07-23,2026-07-23 11:21:10,V013,83.0,1.010047684212443
2026-07-23,2026-07-23 11:21:11,V013,83.0,1.0124157474648485
2026-07-23,2026-07-23 11:21:12,V013,84.0,1.0133361331825088
2026-07-23,2026-07-23 11:21:13,V013,85.0,1.014125595869405
2026-07-23,2026-07-23 11:21:14,V013,86.0,1.0156002105752984
2026-07-23,2026-07-23 11:21:15,V013,85.0,1.015614948451511
2026-07-23,2026-07-23 11:21:16,V013,84.0,1.0131040767691784
2026-07-23,2026-07-23 11:21:17,V013,83.0,1.0164023922640308
2026-07-23,2026-07-23 11:21:18,V013,83.0,1.0150389085315037
2026-07-23,2026-07-23 11:21:19,V013,83.0,1.0156867733119523
2026-07-23,2026-07-23 11:21:20,V013,82.0,1.0166625511093244
2026-07-23,2026-07-23 11:21:21,V013,81.0,1.0153384777851981
2026-07-23,2026-07-23 11:21:22,V013,81.0,1.0162044091096682
2026-07-23,2026-07-23 11:21:23,V013,82.0,1.0158483844494117
2026-07-23,2026-07-23 11:21:24,V013,82.0,1.0161321504532506
2026-07-23,2026-07-23 11:21:25,V013,82.0,1.0159383132755777
2026-07-23,2026-07-23 11:21:26,V013,82.0,1.0162218854423073
2026-07-23,2026-07-23 11:21:27,V013,82.0,1.0158426427766885
2026-07-23,2026-07-23 11:21:28,V013,82.0,1.0153187946751578
2026-07-23,2026-07-23 11:21:29,V013,82.0,1.0131818811702265
2026-07-23,2026-07-23 11:21:30,V013,82.0,1.0150686045439385
2026-07-23,2026-07-23 11:21:31,V013,82.0,1.0133068262778
2026-07-23,2026-07-23 11:21:32,V013,82.0,1.0123363269132564
2026-07-23,2026-07-23 11:21:33,V013,81.0,1.0190437941151205
2026-07-23,2026-07-23 11:21:34,V013,80.0,1.0119212065149108
2026-07-23,2026-07-23 11:21:35,V013,79.0,1.0135132433465623
2026-07-23,2026-07-23 11:21:36,V013,78.0,1.0130278502747185
2026-07-23,2026-07-23 11:21:37,V013,78.0,1.0128987377299794
2026-07-23,2026-07-23 11:21:38,V013,78.0,1.014524911848792
2026-07-23,2026-07-23 11:21:39,V013,80.0,1.0137483672592957
2026-07-23,2026-07-23 11:21:40,V013,81.0,1.0128970019353665
2026-07-23,2026-07-23 11:21:41,V013,82.0,0.9986420863975398
2026-07-23,2026-07-23 11:21:42,V013,83.0,1.1688726998403967
2026-07-23,2026-07-23 11:21:43,V013,84.0,1.063058165903372
2026-07-23,2026-07-23 11:21:44,V013,85.0,0.9888139569346626
2026-07-23,2026-07-23 11:21:45,V013,85.0,1.0445340594689527
2026-07-23,2026-07-23 11:21:46,V013,86.0,1.0187681471304337
2026-07-23,2026-07-23 11:21:47,V013,86.0,1.0291450617793272
2026-07-23,2026-07-23 11:21:48,V013,87.0,1.0127272702023808
2026-07-23,2026-07-23 11:21:49,V013,87.0,1.0168051317133198
2026-07-23,2026-07-23 11:21:50,V013,87.0,1.0185073311697328
2026-07-23,2026-07-23 11:21:51,V013,86.0,1.0189784969309799
2026-07-23,2026-07-23 11:21:52,V013,86.0,1.0174767574780614
2026-07-23,2026-07-23 11:21:53,V013,86.0,1.0198512507236626
2026-07-23,2026-07-23 11:21:54,V013,87.0,1.01391184465706
2026-07-23,2026-07-23 11:21:55,V013,87.0,1.019265735594013
2026-07-23,2026-07-23 11:21:56,V013,87.0,1.020943629841227
2026-07-23,2026-07-23 11:21:57,V013,87.0,1.015345322285377
2026-07-23,2026-07-23 11:21:58,V013,87.0,1.0183504148832814
2026-07-23,2026-07-23 11:21:59,V013,87.0,1.0205382335101034
2026-07-23,2026-07-23 11:22:00,V013,88.0,1.0179790633729922
2026-07-23,2026-07-23 11:22:01,V013,89.0,1.0247005310902337
2026-07-23,2026-07-23 11:22:02,V013,89.0,1.0423068621554046
2026-07-23,2026-07-23 11:22:03,V013,90.0,1.024892639248574
2026-07-23,2026-07-23 11:22:04,V013,91.0,1.0335162852689719
2026-07-23,2026-07-23 11:22:05,V013,92.0,1.0191440806882173
2026-07-23,2026-07-23 11:22:06,V013,93.0,1.0177867376891623
2026-07-23,2026-07-23 11:22:07,V013,92.0,1.0147625952972255
2026-07-23,2026-07-23 11:22:08,V013,92.0,1.014317933120973
2026-07-23,2026-07-23 11:22:09,V013,91.0,1.0204537464682093
2026-07-23,2026-07-23 11:22:10,V013,89.0,1.0172001384661336
2026-07-23,2026-07-23 11:22:11,V013,88.0,1.0187328818309889
2026-07-23,2026-07-23 11:22:12,V013,88.0,1.0165931348826478
2026-07-23,2026-07-23 11:22:13,V013,87.0,1.0171779700699215
2026-07-23,2026-07-23 11:22:14,V013,86.0,1.0143004629564074
2026-07-23,2026-07-23 11:22:15,V013,85.0,1.017906020502016
2026-07-23,2026-07-23 11:22:16,V013,85.0,1.0187235698782966
2026-07-23,2026-07-23 11:22:17,V013,85.0,1.0046869433074017
2026-07-23,2026-07-23 11:22:18,V013,85.0,1.014431993299768
2026-07-23,2026-07-23 11:22:19,V013,85.0,1.0275660662871746
2026-07-23,2026-07-23 11:22:20,V013,86.0,1.0114519431507025
2026-07-23,2026-07-23 11:22:21,V013,86.0,1.0233532729341175
2026-07-23,2026-07-23 11:22:22,V013,86.0,1.010758129592349
2026-07-23,2026-07-23 11:22:23,V013,86.0,1.0203083665159305
2026-07-23,2026-07-23 11:22:24,V013,87.0,1.015429092030481
2026-07-23,2026-07-23 11:22:25,V013,86.0,1.0156209828805884
2026-07-23,2026-07-23 11:22:26,V013,87.0,1.0163949280430915
2026-07-23,2026-07-23 11:22:27,V013,88.0,1.0402432347073698
2026-07-23,2026-07-23 11:22:28,V013,88.0,0.9907078246669566
2026-07-23,2026-07-23 11:22:29,V013,89.0,1.0363235414829157
2026-07-23,2026-07-23 11:22:30,V013,89.0,1.037241810804279
2026-07-23,2026-07-23 11:22:31,V013,90.0,1.0356721105287507
2026-07-23,2026-07-23 11:22:32,V013,91.0,1.0432025135839256
2026-07-23,2026-07-23 11:22:33,V013,91.0,1.0383081824247788
2026-07-23,2026-07-23 11:22:34,V013,92.0,1.0292883612726789
2026-07-23,2026-07-23 11:22:35,V013,91.0,1.0508650499935368
2026-07-23,2026-07-23 11:22:36,V013,91.0,1.0506581360955738
2026-07-23,2026-07-23 11:22:37,V013,91.0,1.019570771755988
2026-07-23,2026-07-23 11:22:38,V013,91.0,1.0495699346960277
2026-07-23,2026-07-23 11:22:39,V013,90.0,1.016172098975352
2026-07-23,2026-07-23 11:22:40,V013,90.0,1.0347825692018187
2026-07-23,2026-07-23 11:22:41,V013,89.0,1.067697137792091
2026-07-23,2026-07-23 11:22:42,V013,89.0,1.0338191542566275
2026-07-23,2026-07-23 11:22:43,V013,88.0,1.0145760857674941
2026-07-23,2026-07-23 11:22:44,V013,88.0,1.0854682473121344
2026-07-23,2026-07-23 11:22:45,V013,88.0,1.0288029295592716
2026-07-23,2026-07-23 11:22:46,V013,88.0,1.0409635878427095
2026-07-23,2026-07-23 11:22:47,V013,88.0,1.02890676869817
2026-07-23,2026-07-23 11:22:48,V013,88.0,1.0259796867798727
2026-07-23,2026-07-23 11:22:49,V013,87.0,1.0153304449867881
2026-07-23,2026-07-23 11:22:50,V013,87.0,1.0259915669172128
2026-07-23,2026-07-23 11:22:51,V013,87.0,1.0174515631637349
2026-07-23,2026-07-23 11:22:52,V013,86.0,1.0169170068958595
2026-07-23,2026-07-23 11:22:53,V013,86.0,1.018645814518706
2026-07-23,2026-07-23 11:22:54,V013,85.0,1.0170365361455984
2026-07-23,2026-07-23 11:22:55,V013,87.0,1.014450235603064
2026-07-23,2026-07-23 11:22:56,V013,88.0,1.0173265559932048
2026-07-23,2026-07-23 11:22:57,V013,89.0,1.014712575734039
2026-07-23,2026-07-23 11:22:58,V013,88.0,1.0194537192301678
2026-07-23,2026-07-23 11:22:59,V013,87.0,1.0218053050481049
2026-07-23,2026-07-23 11:23:00,V013,87.0,1.0198681278939024
2026-07-23,2026-07-23 11:23:01,V013,88.0,1.0197873184784183
2026-07-23,2026-07-23 11:23:02,V013,89.0,1.0235582396481635
2026-07-23,2026-07-23 11:23:03,V013,90.0,1.019454800763145
2026-07-23,2026-07-23 11:23:04,V013,90.0,1.0174129745173743
2026-07-23,2026-07-23 11:23:05,V013,91.0,1.0467351205913555
2026-07-23,2026-07-23 11:23:06,V013,92.0,1.0352946556214069
2026-07-23,2026-07-23 11:23:07,V013,94.0,1.0377092015514915
2026-07-23,2026-07-23 11:23:08,V013,94.0,1.0381465114271726
2026-07-23,2026-07-23 11:23:09,V013,95.0,1.0278328861303694
2026-07-23,2026-07-23 11:23:10,V013,96.0,1.039489570330712
2026-07-23,2026-07-23 11:23:11,V013,97.0,1.0566583157553922
2026-07-23,2026-07-23 11:23:12,V013,98.0,1.0450413264417266
2026-07-23,2026-07-23 11:23:13,V013,98.0,1.0159469454885988
2026-07-23,2026-07-23 11:23:14,V013,99.0,1.0590589873033098
2026-07-23,2026-07-23 11:23:15,V013,100.0,1.006973674899247
2026-07-23,2026-07-23 11:23:16,V013,101.0,1.0483088503646008
2026-07-23,2026-07-23 11:23:17,V013,101.0,1.0250613761880203
2026-07-23,2026-07-23 11:23:18,V013,102.0,1.0259531990895332
2026-07-23,2026-07-23 11:23:19,V013,102.0,1.013401498933673
2026-07-23,2026-07-23 11:23:20,V013,101.0,1.0212435276210312
2026-07-23,2026-07-23 11:23:21,V013,100.0,1.0077314110735367
2026-07-23,2026-07-23 11:23:22,V013,100.0,1.019777136046201
2026-07-23,2026-07-23 11:23:23,V013,99.0,1.0181243724492754
2026-07-23,2026-07-23 11:23:24,V013,99.0,1.0032446941328002
2026-07-23,2026-07-23 11:23:25,V013,98.0,1.015778757878409
2026-07-23,2026-07-23 11:23:26,V013,98.0,1.0161959102678457
2026-07-23,2026-07-23 11:23:27,V013,97.0,1.0133849859236832
2026-07-23,2026-07-23 11:23:28,V013,97.0,1.0155116442734415
2026-07-23,2026-07-23 11:23:29,V013,97.0,1.0169659020938595
2026-07-23,2026-07-23 11:23:30,V013,96.0,1.0143995216583375
2026-07-23,2026-07-23 11:23:31,V013,96.0,1.017139663647805
2026-07-23,2026-07-23 11:23:32,V013,95.0,1.015318994457487
2026-07-23,2026-07-23 11:23:33,V013,95.0,1.012798636038359
2026-07-23,2026-07-23 11:23:34,V013,95.0,1.0189547306552422
2026-07-23,2026-07-23 11:23:35,V013,95.0,1.0167509654331166
2026-07-23,2026-07-23 11:23:36,V013,95.0,1.015547641836863
2026-07-23,2026-07-23 11:23:37,V013,95.0,1.017805876577491
2026-07-23,2026-07-23 11:23:38,V013,95.0,1.0116789633078076
2026-07-23,2026-07-23 11:23:39,V013,96.0,1.0219270426047038
2026-07-23,2026-07-23 11:23:40,V013,96.0,1.0307045460133524
2026-07-23,2026-07-23 11:23:41,V013,97.0,0.9828460401996143
2026-07-23,2026-07-23 11:23:42,V013,98.0,1.0665751408434487
2026-07-23,2026-07-23 11:23:43,V013,98.0,1.0162710620269644
2026-07-23,2026-07-23 11:23:44,V013,98.0,1.0140962582668005
2026-07-23,2026-07-23 11:23:45,V013,98.0,1.0213748413406387
2026-07-23,2026-07-23 11:23:46,V013,98.0,1.0272901565002004
2026-07-23,2026-07-23 11:23:47,V013,97.0,1.0192216658180873
2026-07-23,2026-07-23 11:23:48,V013,97.0,1.0165377042475041
2026-07-23,2026-07-23 11:23:49,V013,97.0,1.0150847822370912
2026-07-23,2026-07-23 11:23:50,V013,97.0,1.016158552422527
2026-07-23,2026-07-23 11:23:51,V013,97.0,1.015407930869551
2026-07-23,2026-07-23 11:23:52,V013,96.0,1.0156487262558096
2026-07-23,2026-07-23 11:23:53,V013,95.0,1.014600929310488
2026-07-23,2026-07-23 11:23:54,V013,95.0,1.0179485237208086
2026-07-23,2026-07-23 11:23:55,V013,94.0,1.0155374903642047
2026-07-23,2026-07-23 11:23:56,V013,94.0,1.0157812229878376
2026-07-23,2026-07-23 11:23:57,V013,93.0,1.0142478414778138
2026-07-23,2026-07-23 11:23:58,V013,93.0,1.0177685519181963
2026-07-23,2026-07-23 11:23:59,V013,92.0,1.0136727641449181
2026-07-23,2026-07-23 11:24:00,V013,92.0,1.015772916533232
2026-07-23,2026-07-23 11:24:01,V013,91.0,1.019419198856992
2026-07-23,2026-07-23 11:24:02,V013,90.0,1.0472754959503243
2026-07-23,2026-07-23 11:24:03,V013,89.0,1.0486735181764986
2026-07-23,2026-07-23 11:24:04,V013,87.0,0.9814992972137065
2026-07-23,2026-07-23 11:24:05,V013,86.0,1.0225793209855354
2026-07-23,2026-07-23 11:24:06,V013,86.0,1.0000823253839257
2026-07-23,2026-07-23 11:24:07,V013,86.0,1.056002343093571
2026-07-23,2026-07-23 11:24:08,V013,86.0,1.0164708515671756
2026-07-23,2026-07-23 11:24:09,V013,86.0,1.0177112357606062
2026-07-23,2026-07-23 11:24:10,V013,86.0,1.015125514803537
2026-07-23,2026-07-23 11:24:11,V013,86.0,1.013758141235548
2026-07-23,2026-07-23 11:24:12,V013,87.0,1.0161303331850622
2026-07-23,2026-07-23 11:24:13,V013,87.0,1.0135863915484462
2026-07-23,2026-07-23 11:24:14,V013,88.0,1.015562295338993
2026-07-23,2026-07-23 11:24:15,V013,88.0,1.0136448450242705
2026-07-23,2026-07-23 11:24:16,V013,88.0,1.0159645869066898
2026-07-23,2026-07-23 11:24:17,V013,87.0,1.0152886126224558
2026-07-23,2026-07-23 11:24:18,V013,86.0,1.0145169248321615
2026-07-23,2026-07-23 11:24:19,V013,86.0,1.0150465122209198
2026-07-23,2026-07-23 11:24:20,V013,87.0,1.0163264335173574
2026-07-23,2026-07-23 11:24:21,V013,87.0,1.0140286309553035
2026-07-23,2026-07-23 11:24:22,V013,87.0,1.0152769718901826
2026-07-23,2026-07-23 11:24:23,V013,88.0,1.0149787323150357
2026-07-23,2026-07-23 11:24:24,V013,89.0,1.0166711520058005
2026-07-23,2026-07-23 11:24:25,V013,91.0,1.0141601842708687
2026-07-23,2026-07-23 11:24:26,V013,92.0,1.0143789408006443
2026-07-23,2026-07-23 11:24:27,V013,93.0,1.0157652406439162
2026-07-23,2026-07-23 11:24:28,V013,94.0,1.017877648246389
2026-07-23,2026-07-23 11:24:29,V013,95.0,1.0252880740317547
2026-07-23,2026-07-23 11:24:30,V013,95.0,1.0119475276495342
2026-07-23,2026-07-23 11:24:31,V013,94.0,1.0175255119418838
2026-07-23,2026-07-23 11:24:32,V013,93.0,1.0159667247391417
2026-07-23,2026-07-23 11:24:33,V013,92.0,1.0165856191465668
2026-07-23,2026-07-23 11:24:34,V013,91.0,1.014691794564942
2026-07-23,2026-07-23 11:24:35,V013,90.0,1.0164792792252308
2026-07-23,2026-07-23 11:24:36,V013,88.0,1.0155944553992453
2026-07-23,2026-07-23 11:24:37,V013,87.0,1.0160254123443202
2026-07-23,2026-07-23 11:24:38,V013,85.0,1.0159435113456665
2026-07-23,2026-07-23 11:24:39,V013,86.0,1.0155497830666322
2026-07-23,2026-07-23 11:24:40,V013,87.0,1.0165904583091214
2026-07-23,2026-07-23 11:24:41,V013,88.0,1.0154980677533298
2026-07-23,2026-07-23 11:24:42,V013,88.0,1.013520560662668
2026-07-23,2026-07-23 11:24:43,V013,88.0,1.0155810606721576
2026-07-23,2026-07-23 11:24:44,V013,89.0,1.0161873998440505
2026-07-23,2026-07-23 11:24:45,V013,88.0,1.0157802891353758
2026-07-23,2026-07-23 11:24:46,V013,88.0,1.015451422601469
2026-07-23,2026-07-23 11:24:47,V013,88.0,1.0142072528221056
2026-07-23,2026-07-23 11:24:48,V013,88.0,1.0211472645280602
2026-07-23,2026-07-23 11:24:49,V013,88.0,1.0159112606788825
2026-07-23,2026-07-23 11:24:50,V013,88.0,1.01308798987501
2026-07-23,2026-07-23 11:24:51,V013,89.0,1.0174711617260885
2026-07-23,2026-07-23 11:24:52,V013,89.0,1.0179743302573039
2026-07-23,2026-07-23 11:24:53,V013,89.0,1.0168101408127825
2026-07-23,2026-07-23 11:24:54,V013,89.0,1.0170833006180044
2026-07-23,2026-07-23 11:24:55,V013,89.0,1.0167689786276366
2026-07-23,2026-07-23 11:24:56,V013,89.0,1.016954084225755
2026-07-23,2026-07-23 11:24:57,V013,89.0,1.0157179157697704
2026-07-23,2026-07-23 11:24:58,V013,90.0,1.0173922755247387
2026-07-23,2026-07-23 11:24:59,V013,91.0,1.0136166904615103
2026-07-23,2026-07-23 11:25:00,V013,91.0,1.0163308760679943
2026-07-23,2026-07-23 11:25:01,V013,92.0,1.0146158569878176
2026-07-23,2026-07-23 11:25:02,V013,93.0,1.0147061281690768
2026-07-23,2026-07-23 11:25:03,V013,94.0,1.0162119251246682
2026-07-23,2026-07-23 11:25:04,V013,94.0,1.0164291354110155
2026-07-23,2026-07-23 11:25:05,V013,94.0,1.015123760547768
2026-07-23,2026-07-23 11:25:06,V013,94.0,1.0158249444213312
2026-07-23,2026-07-23 11:25:07,V013,93.0,1.0154474685518116
2026-07-23,2026-07-23 11:25:08,V013,92.0,1.0153065505377383
2026-07-23,2026-07-23 11:25:09,V013,92.0,1.0156863186087983
2026-07-23,2026-07-23 11:25:10,V013,93.0,1.0177713288558639
2026-07-23,2026-07-23 11:25:11,V013,94.0,1.0157874562303102
2026-07-23,2026-07-23 11:25:12,V013,94.0,1.015908733532504
2026-07-23,2026-07-23 11:25:13,V013,95.0,1.0161947352209504
2026-07-23,2026-07-23 11:25:14,V013,96.0,1.0153871258999834
2026-07-23,2026-07-23 11:25:15,V013,97.0,1.0182072205015917
2026-07-23,2026-07-23 11:25:16,V013,97.0,1.015147372535052
2026-07-23,2026-07-23 11:25:17,V013,96.0,1.0162374532807545
2026-07-23,2026-07-23 11:25:18,V013,95.0,1.0169164746270458
2026-07-23,2026-07-23 11:25:19,V013,95.0,1.0156281107269987
2026-07-23,2026-07-23 11:25:20,V013,94.0,1.0147462912361314
2026-07-23,2026-07-23 11:25:21,V013,93.0,1.0185603236501035
2026-07-23,2026-07-23 11:25:22,V013,93.0,1.0160690581405674
2026-07-23,2026-07-23 11:25:23,V013,93.0,1.0152261932926248
2026-07-23,2026-07-23 11:25:24,V013,94.0,1.016196991432781
2026-07-23,2026-07-23 11:25:25,V013,94.0,1.0124368428222343
2026-07-23,2026-07-23 11:25:26,V013,95.0,0.96997026100581
2026-07-23,2026-07-23 11:25:27,V013,96.0,1.146424999440074
2026-07-23,2026-07-23 11:25:28,V013,96.0,1.0803510113536678
2026-07-23,2026-07-23 11:25:29,V013,97.0,0.9969064039747271
2026-07-23,2026-07-23 11:25:30,V013,97.0,0.9627140292235504
2026-07-23,2026-07-23 11:25:31,V013,97.0,1.0754229941500966
2026-07-23,2026-07-23 11:25:32,V013,97.0,1.015293208117246
2026-07-23,2026-07-23 11:25:33,V013,96.0,1.0195946636966
2026-07-23,2026-07-23 11:25:34,V013,95.0,1.0127852069074115
2026-07-23,2026-07-23 11:25:35,V013,93.0,1.0265006291450192
2026-07-23,2026-07-23 11:25:36,V013,92.0,1.0124441542246627
2026-07-23,2026-07-23 11:25:37,V013,91.0,1.0287017966918273
2026-07-23,2026-07-23 11:25:38,V013,90.0,1.0214348397028092
2026-07-23,2026-07-23 11:25:39,V013,89.0,1.006352453877036
2026-07-23,2026-07-23 11:25:40,V013,88.0,0.9996699962589404
2026-07-23,2026-07-23 11:25:41,V013,87.0,1.000893203962091
2026-07-23,2026-07-23 11:25:42,V013,86.0,1.0064455471542906
2026-07-23,2026-07-23 11:25:43,V013,86.0,1.0012885189081429
2026-07-23,2026-07-23 11:25:44,V013,86.0,1.0015261962147082
2026-07-23,2026-07-23 11:25:45,V013,85.0,1.002213389500422
2026-07-23,2026-07-23 11:25:46,V013,85.0,1.0012405131557347
2026-07-23,2026-07-23 11:25:47,V013,86.0,1.0013245665271762
2026-07-23,2026-07-23 11:25:48,V013,86.0,1.0017045826380586
2026-07-23,2026-07-23 11:25:49,V013,86.0,1.0030750697796218
2026-07-23,2026-07-23 11:25:50,V013,87.0,1.0036731640291572
2026-07-23,2026-07-23 11:25:51,V013,88.0,1.0016186402667218
2026-07-23,2026-07-23 11:25:52,V013,88.0,0.9997202670775437
2026-07-23,2026-07-23 11:25:53,V013,90.0,1.0012010872602692
2026-07-23,2026-07-23 11:25:54,V013,91.0,1.000323724711352
2026-07-23,2026-07-23 11:25:55,V013,92.0,1.0014947362166566
2026-07-23,2026-07-23 11:25:56,V013,93.0,1.0018253375819661
2026-07-23,2026-07-23 11:25:57,V013,95.0,1.001585513509551
2026-07-23,2026-07-23 11:25:58,V013,96.0,1.0011311798373164
2026-07-23,2026-07-23 11:25:59,V013,98.0,1.001720209206781
2026-07-23,2026-07-23 11:26:00,V013,99.0,1.000346684527185
2026-07-23,2026-07-23 11:26:01,V013,99.0,1.0037695323270268
2026-07-23,2026-07-23 11:26:02,V013,99.0,1.0015948735337974
2026-07-23,2026-07-23 11:26:03,V013,99.0,1.003127226477369
2026-07-23,2026-07-23 11:26:04,V013,99.0,1.002214668436953
2026-07-23,2026-07-23 11:26:05,V013,99.0,1.0011713999445917
2026-07-23,2026-07-23 11:26:06,V013,99.0,1.0021922590609782
2026-07-23,2026-07-23 11:26:07,V013,98.0,1.0016673210352045
2026-07-23,2026-07-23 11:26:08,V013,97.0,1.0016459855271407
2026-07-23,2026-07-23 11:26:09,V013,96.0,1.0025974724119189
2026-07-23,2026-07-23 11:26:10,V013,95.0,1.0015640626785784
2026-07-23,2026-07-23 11:26:11,V013,93.0,1.0019578447494688
2026-07-23,2026-07-23 11:26:12,V013,92.0,1.0034724997364055
2026-07-23,2026-07-23 11:26:13,V013,91.0,1.0055525009636996
2026-07-23,2026-07-23 11:26:14,V013,91.0,0.9912068800985145
2026-07-23,2026-07-23 11:26:15,V013,90.0,1.0688899588117717
2026-07-23,2026-07-23 11:26:16,V013,90.0,1.0294368768638957
2026-07-23,2026-07-23 11:26:17,V013,89.0,1.0256260362154286
2026-07-23,2026-07-23 11:26:18,V013,89.0,1.0846169662947265
2026-07-23,2026-07-23 11:26:19,V013,88.0,1.0570343332185275
2026-07-23,2026-07-23 11:26:20,V013,87.0,1.0494944645110147
2026-07-23,2026-07-23 11:26:21,V013,87.0,0.9980167193314161
2026-07-23,2026-07-23 11:26:22,V013,87.0,1.0526987166725594
2026-07-23,2026-07-23 11:26:23,V013,88.0,1.0473399980834286
2026-07-23,2026-07-23 11:26:24,V013,89.0,1.0202583262099014
2026-07-23,2026-07-23 11:26:25,V013,90.0,1.0241660017431278
2026-07-23,2026-07-23 11:26:26,V013,90.0,1.131274313257394
2026-07-23,2026-07-23 11:26:27,V013,91.0,1.0812807432450229
2026-07-23,2026-07-23 11:26:28,V013,91.0,1.060079589456305
2026-07-23,2026-07-23 11:26:29,V013,91.0,1.026995614242693
2026-07-23,2026-07-23 11:26:30,V013,90.0,1.047739277287194
2026-07-23,2026-07-23 11:26:31,V013,90.0,1.0058186167670171
2026-07-23,2026-07-23 11:26:32,V013,90.0,1.045431513453522
2026-07-23,2026-07-23 11:26:33,V013,90.0,1.0372363762694992
2026-07-23,2026-07-23 11:26:34,V013,91.0,1.0547576348643444
2026-07-23,2026-07-23 11:26:35,V013,91.0,1.038638170163361
2026-07-23,2026-07-23 11:26:36,V013,92.0,1.1432686218797368
2026-07-23,2026-07-23 11:26:37,V013,92.0,1.0273468390630571
2026-07-23,2026-07-23 11:26:38,V013,92.0,1.0154456606270783
2026-07-23,2026-07-23 11:26:39,V013,93.0,1.0465176660596556
2026-07-23,2026-07-23 11:26:40,V013,94.0,1.042571085918111
2026-07-23,2026-07-23 11:26:41,V013,94.0,1.0956428052213691
2026-07-23,2026-07-23 11:26:42,V013,94.0,1.0889097979016003
2026-07-23,2026-07-23 11:26:43,V013,94.0,1.0483049862192946
2026-07-23,2026-07-23 11:26:44,V013,94.0,1.0596953309490154
2026-07-23,2026-07-23 11:26:45,V013,94.0,1.0132292571145196
2026-07-23,2026-07-23 11:26:46,V013,94.0,1.057082079037961
2026-07-23,2026-07-23 11:26:47,V013,94.0,1.003990949049547
2026-07-23,2026-07-23 11:26:48,V013,94.0,1.0282539321641908
2026-07-23,2026-07-23 11:26:49,V013,95.0,1.0455666272912405
2026-07-23,2026-07-23 11:26:50,V013,95.0,1.0329237761333445
2026-07-23,2026-07-23 11:26:51,V013,95.0,1.0491442846152172
2026-07-23,2026-07-23 11:26:52,V013,96.0,1.0430048581815559
2026-07-23,2026-07-23 11:26:53,V013,96.0,1.0148536957080596
2026-07-23,2026-07-23 11:26:54,V013,96.0,1.0428108938436116
2026-07-23,2026-07-23 11:26:55,V013,96.0,1.0509200205865288
2026-07-23,2026-07-23 11:26:56,V013,96.0,1.0992264055742198
2026-07-23,2026-07-23 11:26:57,V013,96.0,1.0074404801376682
2026-07-23,2026-07-23 11:26:58,V013,96.0,1.0710548105653714
2026-07-23,2026-07-23 11:26:59,V013,96.0,1.0055582562519196
2026-07-23,2026-07-23 11:27:00,V013,97.0,1.0272705367968973
2026-07-23,2026-07-23 11:27:01,V013,97.0,1.0173709626054055
2026-07-23,2026-07-23 11:27:02,V013,97.0,1.015329786154321
2026-07-23,2026-07-23 11:27:03,V013,97.0,1.0192483377019923
2026-07-23,2026-07-23 11:27:04,V013,98.0,1.0238885503046238
2026-07-23,2026-07-23 11:27:05,V013,98.0,0.9930626789062531
2026-07-23,2026-07-23 11:27:06,V013,99.0,1.0554347954773842
2026-07-23,2026-07-23 11:27:07,V013,100.0,1.0018395670066114
2026-07-23,2026-07-23 11:27:08,V013,102.0,1.1226441468008748
2026-07-23,2026-07-23 11:27:09,V013,102.0,1.2028934201714432
2026-07-23,2026-07-23 11:27:10,V013,102.0,1.0527443745521379
2026-07-23,2026-07-23 11:27:11,V013,102.0,1.0745902476236853
2026-07-23,2026-07-23 11:27:12,V013,103.0,1.2591286780274988
2026-07-23,2026-07-23 11:27:13,V013,104.0,0.9779977124904649
2026-07-23,2026-07-23 11:27:14,V013,104.0,1.0034753356891863
2026-07-23,2026-07-23 11:27:15,V013,105.0,1.0852136848463716
2026-07-23,2026-07-23 11:27:16,V013,106.0,1.1572213424237152
2026-07-23,2026-07-23 11:27:17,V013,106.0,0.9931937153157787
2026-07-23,2026-07-23 11:27:18,V013,107.0,1.0228508056898125
2026-07-23,2026-07-23 11:27:19,V013,107.0,1.1050119127168159
2026-07-23,2026-07-23 11:27:20,V013,107.0,1.0045318192816266
2026-07-23,2026-07-23 11:27:21,V013,107.0,1.04140443644284
2026-07-23,2026-07-23 11:27:22,V013,108.0,1.0024890349661602
2026-07-23,2026-07-23 11:27:23,V013,108.0,1.0359115159616314
2026-07-23,2026-07-23 11:27:24,V013,109.0,1.0423584073907568
2026-07-23,2026-07-23 11:27:25,V013,110.0,1.0468682493108248
2026-07-23,2026-07-23 11:27:26,V013,110.0,1.0116340731846378
2026-07-23,2026-07-23 11:27:27,V013,111.0,1.0798548769076362
2026-07-23,2026-07-23 11:27:28,V013,113.0,1.0288453050601118
2026-07-23,2026-07-23 11:27:29,V013,113.0,1.0161692931182156
2026-07-23,2026-07-23 11:27:30,V013,113.0,1.072918602190837
2026-07-23,2026-07-23 11:27:31,V013,114.0,1.2135605958239601
2026-07-23,2026-07-23 11:27:32,V013,115.0,1.0622985656987398
2026-07-23,2026-07-23 11:27:33,V013,115.0,1.1790790376073335
2026-07-23,2026-07-23 11:27:34,V013,115.0,1.0486492368236981
2026-07-23,2026-07-23 11:27:35,V013,115.0,1.3956219400381897
2026-07-23,2026-07-23 11:27:36,V013,115.0,1.7773626288732396
2026-07-23,2026-07-23 11:27:37,V013,115.0,1.7059369522825456
2026-07-23,2026-07-23 11:27:38,V013,115.0,1.520590082652001
2026-07-23,2026-07-23 11:27:39,V013,115.0,1.201444849946264
2026-07-23,2026-07-23 11:27:40,V013,115.0,1.1490807555093858
2026-07-23,2026-07-23 11:27:41,V013,116.0,1.091193390763642
2026-07-23,2026-07-23 11:27:42,V013,116.0,1.069673214330573
2026-07-23,2026-07-23 11:27:43,V013,116.0,1.1188632850280416
2026-07-23,2026-07-23 11:27:44,V013,117.0,0.9889947909227351
2026-07-23,2026-07-23 11:27:45,V013,118.0,1.0794534813534065
2026-07-23,2026-07-23 11:27:46,V013,119.0,0.9927681606938259
2026-07-23,2026-07-23 11:27:47,V013,120.0,1.0503112760201347
2026-07-23,2026-07-23 11:27:48,V013,122.0,1.0364883819407094
2026-07-23,2026-07-23 11:27:49,V013,122.0,1.1238406376728107
2026-07-23,2026-07-23 11:27:50,V013,121.0,0.9956622488649308
2026-07-23,2026-07-23 11:27:51,V013,122.0,1.0677314804542346
2026-07-23,2026-07-23 11:27:52,V013,123.0,1.0466738115806151
2026-07-23,2026-07-23 11:27:53,V013,124.0,1.0743796350184194
2026-07-23,2026-07-23 11:27:54,V013,124.0,1.039972302870698
2026-07-23,2026-07-23 11:27:55,V013,125.0,1.0498421456140627
2026-07-23,2026-07-23 11:27:56,V013,125.0,1.1745994283512424
2026-07-23,2026-07-23 11:27:57,V013,126.0,1.2108686557728245
2026-07-23,2026-07-23 11:27:58,V013,130.0,1.1953480276735442
2026-07-23,2026-07-23 11:27:59,V013,132.0,1.063977013255543
2026-07-23,2026-07-23 11:28:00,V013,132.0,1.069778675559248
2026-07-23,2026-07-23 11:28:01,V013,132.0,1.0767699844898047
2026-07-23,2026-07-23 11:28:02,V013,133.0,1.0865525712659385
2026-07-23,2026-07-23 11:28:03,V013,133.0,1.0242287642210732
2026-07-23,2026-07-23 11:28:04,V013,133.0,1.0995206275051668
2026-07-23,2026-07-23 11:28:05,V013,133.0,1.0656621751595288
2026-07-23,2026-07-23 11:28:06,V013,133.0,1.0352908170089048
2026-07-23,2026-07-23 11:28:07,V013,134.0,1.0616381329948021
2026-07-23,2026-07-23 11:28:08,V013,134.0,1.0729458791721702
2026-07-23,2026-07-23 11:28:09,V013,135.0,1.0623899034936648
2026-07-23,2026-07-23 11:28:10,V013,136.0,1.0822426548165598
2026-07-23,2026-07-23 11:28:11,V013,136.0,1.0381454685483238
2026-07-23,2026-07-23 11:28:12,V013,137.0,1.1021548741175855
2026-07-23,2026-07-23 11:28:13,V013,137.0,1.0555479285070262
2026-07-23,2026-07-23 11:28:14,V013,137.0,1.048443938117624
2026-07-23,2026-07-23 11:28:15,V013,138.0,1.085315657284539
2026-07-23,2026-07-23 11:28:16,V013,138.0,1.0191783239856687
2026-07-23,2026-07-23 11:28:17,V013,137.0,1.0204919975091975
2026-07-23,2026-07-23 11:28:18,V013,137.0,1.0235296463148662
2026-07-23,2026-07-23 11:28:19,V013,137.0,1.0267170893990722
2026-07-23,2026-07-23 11:28:20,V013,137.0,1.0219280807555935
2026-07-23,2026-07-23 11:28:21,V013,137.0,1.0235801348956561
2026-07-23,2026-07-23 11:28:22,V013,136.0,1.0095044449555686
2026-07-23,2026-07-23 11:28:23,V013,135.0,1.0282802111339395
2026-07-23,2026-07-23 11:28:24,V013,135.0,1.0340373246743613
2026-07-23,2026-07-23 11:28:25,V013,133.0,1.0362036681218625
2026-07-23,2026-07-23 11:28:26,V013,132.0,1.0393632624828668
2026-07-23,2026-07-23 11:28:27,V013,130.0,0.9719649602150265
2026-07-23,2026-07-23 11:28:28,V013,129.0,1.2256797582499357
2026-07-23,2026-07-23 11:28:29,V013,127.0,1.0169945174624229
2026-07-23,2026-07-23 11:28:30,V013,126.0,1.0277361824366928
2026-07-23,2026-07-23 11:28:31,V013,122.0,1.0143337846665206
2026-07-23,2026-07-23 11:28:32,V013,119.0,1.0625492197163189
2026-07-23,2026-07-23 11:28:33,V013,117.0,1.0107795211105304
2026-07-23,2026-07-23 11:28:34,V013,114.0,1.0203820119704832
2026-07-23,2026-07-23 11:28:35,V013,113.0,1.0389087432788362
2026-07-23,2026-07-23 11:28:36,V013,113.0,1.0245716926617634
2026-07-23,2026-07-23 11:28:37,V013,111.0,1.0142081042213222
2026-07-23,2026-07-23 11:28:38,V013,111.0,1.0174007971454597
2026-07-23,2026-07-23 11:28:39,V013,110.0,1.0141492889367536
2026-07-23,2026-07-23 11:28:40,V013,109.0,1.0159521258131092
2026-07-23,2026-07-23 11:28:41,V013,109.0,1.0187742196921517
2026-07-23,2026-07-23 11:28:42,V013,108.0,1.0121998516652604
2026-07-23,2026-07-23 11:28:43,V013,108.0,1.0044149345157771
2026-07-23,2026-07-23 11:28:44,V013,108.0,1.0376510898657125
2026-07-23,2026-07-23 11:28:45,V013,108.0,1.0074268151240322
2026-07-23,2026-07-23 11:28:46,V013,108.0,1.0143729074745973
2026-07-23,2026-07-23 11:28:47,V013,108.0,1.0140515333473221
2026-07-23,2026-07-23 11:28:48,V013,108.0,1.015705490953004
2026-07-23,2026-07-23 11:28:49,V013,107.0,1.0154438975279194
2026-07-23,2026-07-23 11:28:50,V013,106.0,1.0151799934575996
2026-07-23,2026-07-23 11:28:51,V013,105.0,1.0130718513908292
2026-07-23,2026-07-23 11:28:52,V013,105.0,1.023136500931519
2026-07-23,2026-07-23 11:28:53,V013,104.0,1.0171893321130627
2026-07-23,2026-07-23 11:28:54,V013,103.0,1.0354860871732448
2026-07-23,2026-07-23 11:28:55,V013,102.0,1.0260856567267573
2026-07-23,2026-07-23 11:28:56,V013,101.0,1.0224086269155164
2026-07-23,2026-07-23 11:28:57,V013,100.0,1.0446060820486425
2026-07-23,2026-07-23 11:28:58,V013,99.0,1.0333102201185598
2026-07-23,2026-07-23 11:28:59,V013,98.0,1.0290894760631386
2026-07-23,2026-07-23 11:29:00,V013,98.0,1.0090465489039648
2026-07-23,2026-07-23 11:29:01,V013,98.0,1.0406467211221186
2026-07-23,2026-07-23 11:29:02,V013,97.0,1.0727290425152463
2026-07-23,2026-07-23 11:29:03,V013,97.0,1.0378868704334694
2026-07-23,2026-07-23 11:29:04,V013,97.0,0.9992574730424073
2026-07-23,2026-07-23 11:29:05,V013,97.0,1.03374906633674
2026-07-23,2026-07-23 11:29:06,V013,98.0,1.052885981095156
2026-07-23,2026-07-23 11:29:07,V013,98.0,1.0527233567435046
2026-07-23,2026-07-23 11:29:08,V013,98.0,1.0246850236653646
2026-07-23,2026-07-23 11:29:09,V013,98.0,1.0030419087408802
2026-07-23,2026-07-23 11:29:10,V013,98.0,1.032155497454288
2026-07-23,2026-07-23 11:29:11,V013,97.0,1.0675443037406729
2026-07-23,2026-07-23 11:29:12,V013,97.0,1.0261130931219962
2026-07-23,2026-07-23 11:29:13,V013,97.0,1.0263021471921234
2026-07-23,2026-07-23 11:29:14,V013,97.0,1.0332267101609214
2026-07-23,2026-07-23 11:29:15,V013,97.0,1.0247126047722674
2026-07-23,2026-07-23 11:29:16,V013,98.0,1.0469300737629965
2026-07-23,2026-07-23 11:29:17,V013,98.0,1.0089469132768796
2026-07-23,2026-07-23 11:29:18,V013,98.0,1.0181945287067473
2026-07-23,2026-07-23 11:29:19,V013,98.0,1.0160563647367507
2026-07-23,2026-07-23 11:29:20,V013,98.0,1.0158516355055638
2026-07-23,2026-07-23 11:29:21,V013,98.0,1.0151801853771436
2026-07-23,2026-07-23 11:29:22,V013,98.0,1.0171894345859178
2026-07-23,2026-07-23 11:29:23,V013,99.0,1.0156212306208332
2026-07-23,2026-07-23 11:29:24,V013,100.0,1.0160110533983333
2026-07-23,2026-07-23 11:29:25,V013,101.0,1.0169159059190405
2026-07-23,2026-07-23 11:29:26,V013,101.0,1.0198326893829897
2026-07-23,2026-07-23 11:29:27,V013,101.0,1.0200500241977621
2026-07-23,2026-07-23 11:29:28,V013,102.0,1.0237655358296542
2026-07-23,2026-07-23 11:29:29,V013,102.0,1.0194981520939244
2026-07-23,2026-07-23 11:29:30,V013,102.0,1.0184527165732578
2026-07-23,2026-07-23 11:29:31,V013,102.0,1.0203070961383682
2026-07-23,2026-07-23 11:29:32,V013,102.0,1.010349344756372
2026-07-23,2026-07-23 11:29:33,V013,101.0,1.0201213886870413
2026-07-23,2026-07-23 11:29:34,V013,101.0,1.028255471955453
2026-07-23,2026-07-23 11:29:35,V013,100.0,1.0330466432019207
2026-07-23,2026-07-23 11:29:36,V013,99.0,0.9620082227353806
2026-07-23,2026-07-23 11:29:37,V013,98.0,1.1581008425042016
2026-07-23,2026-07-23 11:29:38,V013,97.0,0.9980776273065448
2026-07-23,2026-07-23 11:29:39,V013,98.0,1.0340534514690936
2026-07-23,2026-07-23 11:29:40,V013,99.0,1.03829530140915
2026-07-23,2026-07-23 11:29:41,V013,100.0,1.0122537166850158
2026-07-23,2026-07-23 11:29:42,V013,100.0,1.0206139047085163
2026-07-23,2026-07-23 11:29:43,V013,100.0,1.0175531509903075
2026-07-23,2026-07-23 11:29:44,V013,101.0,1.0161141294140559
2026-07-23,2026-07-23 11:29:45,V013,102.0,1.014581329804667
2026-07-23,2026-07-23 11:29:46,V013,102.0,1.0133170934928415
2026-07-23,2026-07-23 11:29:47,V013,103.0,1.0148122743735195
2026-07-23,2026-07-23 11:29:48,V013,104.0,1.014849058501285
2026-07-23,2026-07-23 11:29:49,V013,103.0,1.0146445136752147
2026-07-23,2026-07-23 11:29:50,V013,102.0,1.0150951523986105
2026-07-23,2026-07-23 11:29:51,V013,101.0,1.0129882657409583
2026-07-23,2026-07-23 11:29:52,V013,101.0,1.0218664425284538
2026-07-23,2026-07-23 11:29:53,V013,100.0,1.0212765156423116
2026-07-23,2026-07-23 11:29:54,V013,100.0,1.018644981459769
2026-07-23,2026-07-23 11:29:55,V013,100.0,1.0159831822972973
2026-07-23,2026-07-23 11:29:56,V013,98.0,1.021976720546789
2026-07-23,2026-07-23 11:29:57,V013,98.0,1.015334462478534
2026-07-23,2026-07-23 11:29:58,V013,98.0,1.0177825823009337
2026-07-23,2026-07-23 11:29:59,V013,97.0,1.017860449292056
2026-07-23,2026-07-23 11:30:00,V013,97.0,1.0209654549480294
2026-07-23,2026-07-23 11:30:01,V013,97.0,1.0239849333865405
2026-07-23,2026-07-23 11:30:02,V013,96.0,1.0092468424910408
2026-07-23,2026-07-23 11:30:03,V013,97.0,1.029664122664152
2026-07-23,2026-07-23 11:30:04,V013,97.0,1.0219706838721125
2026-07-23,2026-07-23 11:30:05,V013,97.0,1.0150269245101604
2026-07-23,2026-07-23 11:30:06,V013,98.0,1.0186631615660622
2026-07-23,2026-07-23 11:30:07,V013,98.0,1.023788156605646
2026-07-23,2026-07-23 11:30:08,V013,98.0,1.0196742258518505
2026-07-23,2026-07-23 11:30:09,V013,98.0,1.0252968903503288
2026-07-23,2026-07-23 11:30:10,V013,98.0,1.0135472920834918
2026-07-23,2026-07-23 11:30:11,V013,97.0,1.0259543893897431
2026-07-23,2026-07-23 11:30:12,V013,95.0,1.0150469077449649
2026-07-23,2026-07-23 11:30:13,V013,93.0,1.0153037306650083
2026-07-23,2026-07-23 11:30:14,V013,93.0,1.0139492514754618
2026-07-23,2026-07-23 11:30:15,V013,92.0,1.0185372598116729
2026-07-23,2026-07-23 11:30:16,V013,90.0,1.0194289201968274
2026-07-23,2026-07-23 11:30:17,V013,90.0,1.0155167514968433
2026-07-23,2026-07-23 11:30:18,V013,90.0,1.0153609182306031
2026-07-23,2026-07-23 11:30:19,V013,90.0,1.021639704761242
2026-07-23,2026-07-23 11:30:20,V013,90.0,1.0228482723671686
2026-07-23,2026-07-23 11:30:21,V013,90.0,1.0159286411592745
2026-07-23,2026-07-23 11:30:22,V013,90.0,1.0182468882433855
2026-07-23,2026-07-23 11:30:23,V013,89.0,1.0248215213001897
2026-07-23,2026-07-23 11:30:24,V013,89.0,1.0178960076061487
2026-07-23,2026-07-23 11:30:25,V013,89.0,1.0164472367438646
2026-07-23,2026-07-23 11:30:26,V013,89.0,1.0160794760782552
2026-07-23,2026-07-23 11:30:27,V013,89.0,1.016185161099207
2026-07-23,2026-07-23 11:30:28,V013,90.0,1.0165216979873974
2026-07-23,2026-07-23 11:30:29,V013,91.0,1.0167743295078278
2026-07-23,2026-07-23 11:30:30,V013,91.0,1.021754156883691
2026-07-23,2026-07-23 11:30:31,V013,92.0,1.0161241778122083
2026-07-23,2026-07-23 11:30:32,V013,94.0,1.0203112547220117
2026-07-23,2026-07-23 11:30:33,V013,95.0,1.0140991190589337
2026-07-23,2026-07-23 11:30:34,V013,95.0,1.0165958144590297
2026-07-23,2026-07-23 11:30:35,V013,95.0,1.0159684418100448
2026-07-23,2026-07-23 11:30:36,V013,96.0,1.0161033125920191
2026-07-23,2026-07-23 11:30:37,V013,95.0,1.0159506745028346
2026-07-23,2026-07-23 11:30:38,V013,95.0,1.0176525217407477
2026-07-23,2026-07-23 11:30:39,V013,95.0,1.0162271198141324
2026-07-23,2026-07-23 11:30:40,V013,95.0,1.0159057096986845
2026-07-23,2026-07-23 11:30:41,V013,96.0,1.0159393072520588
2026-07-23,2026-07-23 11:30:42,V013,96.0,1.0172377022826773
2026-07-23,2026-07-23 11:30:43,V013,97.0,1.0156930357895197
2026-07-23,2026-07-23 11:30:44,V013,97.0,1.0178987520812828
2026-07-23,2026-07-23 11:30:45,V013,97.0,1.0150430673202393
2026-07-23,2026-07-23 11:30:46,V013,97.0,1.0175910212246941
2026-07-23,2026-07-23 11:30:47,V013,97.0,1.0165285574583711
2026-07-23,2026-07-23 11:30:48,V013,96.0,1.0146404523537689
2026-07-23,2026-07-23 11:30:49,V013,96.0,1.017704804641145
2026-07-23,2026-07-23 11:30:50,V013,97.0,1.033608411646588
2026-07-23,2026-07-23 11:30:51,V013,97.0,1.0256569223987235
2026-07-23,2026-07-23 11:30:52,V013,97.0,1.0055757381258945
2026-07-23,2026-07-23 11:30:53,V013,98.0,1.0541741250848173
2026-07-23,2026-07-23 11:30:54,V013,99.0,1.02554211959537
2026-07-23,2026-07-23 11:30:55,V013,99.0,1.0760306642387787
2026-07-23,2026-07-23 11:30:56,V013,99.0,1.0015390312496257
2026-07-23,2026-07-23 11:30:57,V013,98.0,1.0684685611539582
2026-07-23,2026-07-23 11:30:58,V013,97.0,1.0362777040174482
2026-07-23,2026-07-23 11:30:59,V013,96.0,1.0085370243848018
2026-07-23,2026-07-23 11:31:00,V013,95.0,0.9987693625865168
2026-07-23,2026-07-23 11:31:01,V013,93.0,1.0069729909107739
2026-07-23,2026-07-23 11:31:02,V013,92.0,1.0047103982198338
2026-07-23,2026-07-23 11:31:03,V013,92.0,1.0049682477667652
2026-07-23,2026-07-23 11:31:04,V013,92.0,1.004276893100983
2026-07-23,2026-07-23 11:31:05,V013,92.0,1.0041720680946415
2026-07-23,2026-07-23 11:31:06,V013,92.0,1.0055761344932341
2026-07-23,2026-07-23 11:31:07,V013,93.0,0.9679903627905232
2026-07-23,2026-07-23 11:31:08,V013,93.0,1.2023307205733178
2026-07-23,2026-07-23 11:31:09,V013,93.0,1.0461316969237877
2026-07-23,2026-07-23 11:31:10,V013,93.0,1.063313899848627
2026-07-23,2026-07-23 11:31:11,V013,96.0,1.0434713760995402
2026-07-23,2026-07-23 11:31:12,V013,98.0,1.1199024625115328
2026-07-23,2026-07-23 11:31:13,V013,100.0,1.235187529057268
2026-07-23,2026-07-23 11:31:14,V013,102.0,1.1660059569316301
2026-07-23,2026-07-23 11:31:15,V013,103.0,1.1726323524210365
2026-07-23,2026-07-23 11:31:16,V013,105.0,1.2448333547202552
2026-07-23,2026-07-23 11:31:17,V013,106.0,1.4189267310788125
2026-07-23,2026-07-23 11:31:18,V013,108.0,1.2590738627373887
2026-07-23,2026-07-23 11:31:19,V013,109.0,1.1453788831872274
2026-07-23,2026-07-23 11:31:20,V013,109.0,1.4250886207504716
2026-07-23,2026-07-23 11:31:21,V013,109.0,1.0616204795016453
2026-07-23,2026-07-23 11:31:22,V013,111.0,1.0035581969977767
2026-07-23,2026-07-23 11:31:23,V013,112.0,1.101561614573659
2026-07-23,2026-07-23 11:31:24,V013,112.0,1.0716119490803644
2026-07-23,2026-07-23 11:31:25,V013,114.0,1.0742427086570239
2026-07-23,2026-07-23 11:31:26,V013,115.0,1.0092480166331625
2026-07-23,2026-07-23 11:31:27,V013,117.0,1.0460497416580625
2026-07-23,2026-07-23 11:31:28,V013,118.0,1.0773472179393737
2026-07-23,2026-07-23 11:31:29,V013,120.0,1.1426818351947146
2026-07-23,2026-07-23 11:31:30,V013,122.0,1.1417179030569613
2026-07-23,2026-07-23 11:31:31,V013,123.0,1.0357833243984875
2026-07-23,2026-07-23 11:31:32,V013,125.0,1.1276367233355251
2026-07-23,2026-07-23 11:31:33,V013,126.0,1.0137612482352778
2026-07-23,2026-07-23 11:31:34,V013,127.0,1.0179856642934708
2026-07-23,2026-07-23 11:31:35,V013,130.0,1.0353187680351918
2026-07-23,2026-07-23 11:31:36,V013,132.0,0.9777180265201597
2026-07-23,2026-07-23 11:31:37,V013,134.0,1.1722017452040163
2026-07-23,2026-07-23 11:31:38,V013,136.0,1.046662814111243
2026-07-23,2026-07-23 11:31:39,V013,137.0,1.0517889905145588
2026-07-23,2026-07-23 11:31:40,V013,137.0,1.0683254099292305
2026-07-23,2026-07-23 11:31:41,V013,138.0,1.0467339332838315
2026-07-23,2026-07-23 11:31:42,V013,139.0,1.1480974050184571
2026-07-23,2026-07-23 11:31:43,V013,140.0,1.0210413469867468
2026-07-23,2026-07-23 11:31:44,V013,140.0,1.0937881139663757
2026-07-23,2026-07-23 11:31:45,V013,141.0,1.0418307024221847
2026-07-23,2026-07-23 11:31:46,V013,141.0,1.0390720177974486
2026-07-23,2026-07-23 11:31:47,V013,142.0,1.0575405381423646
2026-07-23,2026-07-23 11:31:48,V013,142.0,1.0383115312540605
2026-07-23,2026-07-23 11:31:49,V013,141.0,1.0962745227885147
2026-07-23,2026-07-23 11:31:50,V013,141.0,1.0528620245264244
2026-07-23,2026-07-23 11:31:51,V013,141.0,1.0710256264113787
2026-07-23,2026-07-23 11:31:52,V013,141.0,1.0194717522985894
2026-07-23,2026-07-23 11:31:53,V013,141.0,1.0167232165144924
2026-07-23,2026-07-23 11:31:54,V013,141.0,1.0139103177736584
2026-07-23,2026-07-23 11:31:55,V013,141.0,1.1570554354408098
2026-07-23,2026-07-23 11:31:56,V013,141.0,1.3547338000037106
2026-07-23,2026-07-23 11:31:57,V013,141.0,1.0434555790536615
2026-07-23,2026-07-23 11:31:58,V013,142.0,1.0091890000994355
2026-07-23,2026-07-23 11:31:59,V013,141.0,1.028173638094763
2026-07-23,2026-07-23 11:32:00,V013,141.0,1.2860809812648586
2026-07-23,2026-07-23 11:32:01,V013,141.0,1.089201865898485
2026-07-23,2026-07-23 11:32:02,V013,141.0,1.022711155538287
2026-07-23,2026-07-23 11:32:03,V013,140.0,1.1061804322527988
2026-07-23,2026-07-23 11:32:04,V013,140.0,1.0197878637157616
2026-07-23,2026-07-23 11:32:05,V013,139.0,1.0757890738468268
2026-07-23,2026-07-23 11:32:06,V013,138.0,1.2163477792604154
2026-07-23,2026-07-23 11:32:07,V013,137.0,1.6938954420017691
2026-07-23,2026-07-23 11:32:08,V013,136.0,1.1427103497372908
2026-07-23,2026-07-23 11:32:09,V013,135.0,1.1609335656432342
2026-07-23,2026-07-23 11:32:10,V013,135.0,1.0704318244849782
2026-07-23,2026-07-23 11:32:11,V013,136.0,1.1569557782739202
2026-07-23,2026-07-23 11:32:12,V013,136.0,1.1163673300808417
2026-07-23,2026-07-23 11:32:13,V013,137.0,1.0655328285696104
2026-07-23,2026-07-23 11:32:14,V013,138.0,1.1011288364262135
2026-07-23,2026-07-23 11:32:15,V013,139.0,1.0626166290329822
2026-07-23,2026-07-23 11:32:16,V013,139.0,1.0578763185434674
2026-07-23,2026-07-23 11:32:17,V013,140.0,1.088639576670075
2026-07-23,2026-07-23 11:32:18,V013,140.0,1.0295228939655408
2026-07-23,2026-07-23 11:32:19,V013,140.0,1.027316434732698
2026-07-23,2026-07-23 11:32:20,V013,139.0,1.0674363471988906
2026-07-23,2026-07-23 11:32:21,V013,139.0,1.0918677092939333
2026-07-23,2026-07-23 11:32:22,V013,138.0,0.9513904478898122
2026-07-23,2026-07-23 11:32:23,V013,137.0,1.0336570156290776
2026-07-23,2026-07-23 11:32:24,V013,136.0,1.045661376427459
2026-07-23,2026-07-23 11:32:25,V013,135.0,1.0180883994630738
2026-07-23,2026-07-23 11:32:26,V013,135.0,1.0251624518551326
2026-07-23,2026-07-23 11:32:27,V013,135.0,1.045701529013623
2026-07-23,2026-07-23 11:32:28,V013,136.0,1.0295696906898293
2026-07-23,2026-07-23 11:32:29,V013,136.0,1.0237533260879468
2026-07-23,2026-07-23 11:32:30,V013,136.0,1.0331095557937209
2026-07-23,2026-07-23 11:32:31,V013,137.0,1.032852022500145
2026-07-23,2026-07-23 11:32:32,V013,138.0,1.0152777857295394
2026-07-23,2026-07-23 11:32:33,V013,138.0,1.0185348654803668
2026-07-23,2026-07-23 11:32:34,V013,139.0,1.0329688915485
2026-07-23,2026-07-23 11:32:35,V013,140.0,1.0320514107705898
2026-07-23,2026-07-23 11:32:36,V013,140.0,1.0528403150002847
2026-07-23,2026-07-23 11:32:37,V013,140.0,1.0483722942295792
2026-07-23,2026-07-23 11:32:38,V013,140.0,1.0355284125338826
2026-07-23,2026-07-23 11:32:39,V013,139.0,1.0221471286323338
2026-07-23,2026-07-23 11:32:40,V013,138.0,1.0415643020114316
2026-07-23,2026-07-23 11:32:41,V013,138.0,1.03853965592604
2026-07-23,2026-07-23 11:32:42,V013,137.0,0.977619478218286
2026-07-23,2026-07-23 11:32:43,V013,136.0,1.0773436786536663
2026-07-23,2026-07-23 11:32:44,V013,135.0,1.0598863318370553
2026-07-23,2026-07-23 11:32:45,V013,134.0,1.0195459857440619
2026-07-23,2026-07-23 11:32:46,V013,134.0,1.0328068304427749
2026-07-23,2026-07-23 11:32:47,V013,135.0,1.0025444856702954
2026-07-23,2026-07-23 11:32:48,V013,135.0,1.0622907562642447
2026-07-23,2026-07-23 11:32:49,V013,135.0,1.136222349814019
2026-07-23,2026-07-23 11:32:50,V013,135.0,1.031992184639945
2026-07-23,2026-07-23 11:32:51,V013,135.0,1.0188192263361295
2026-07-23,2026-07-23 11:32:52,V013,135.0,1.0345903547898085
2026-07-23,2026-07-23 11:32:53,V013,135.0,1.1462763155406017
2026-07-23,2026-07-23 11:32:54,V013,136.0,0.9677116396382165
2026-07-23,2026-07-23 11:32:55,V013,135.0,1.0697967651443723
2026-07-23,2026-07-23 11:32:56,V013,135.0,1.0484889524861265
2026-07-23,2026-07-23 11:32:57,V013,135.0,1.1694642137742794
2026-07-23,2026-07-23 11:32:58,V013,135.0,1.3599595373023852
2026-07-23,2026-07-23 11:32:59,V013,135.0,1.230763432897391
2026-07-23,2026-07-23 11:33:00,V013,133.0,1.1830351262330057
2026-07-23,2026-07-23 11:33:01,V013,133.0,1.0458591022839865
2026-07-23,2026-07-23 11:33:02,V013,133.0,1.0272418089055602
2026-07-23,2026-07-23 11:33:03,V013,132.0,1.0662100787072997
2026-07-23,2026-07-23 11:33:04,V013,132.0,1.0433574538499308
2026-07-23,2026-07-23 11:33:05,V013,132.0,1.0737145077444732
2026-07-23,2026-07-23 11:33:06,V013,132.0,1.1216041219709294
2026-07-23,2026-07-23 11:33:07,V013,131.0,1.0400219403020585
2026-07-23,2026-07-23 11:33:08,V013,131.0,1.1291885944384772
2026-07-23,2026-07-23 11:33:09,V013,132.0,1.0689820150585105
2026-07-23,2026-07-23 11:33:10,V013,132.0,1.0325588704642665
2026-07-23,2026-07-23 11:33:11,V013,132.0,1.0432894886966206
2026-07-23,2026-07-23 11:33:12,V013,133.0,1.0758427064770075
2026-07-23,2026-07-23 11:33:13,V013,134.0,1.0796892493173387
2026-07-23,2026-07-23 11:33:14,V013,135.0,1.0316075031637917
2026-07-23,2026-07-23 11:33:15,V013,136.0,1.06100750734845
2026-07-23,2026-07-23 11:33:16,V013,139.0,1.039216235383886
2026-07-23,2026-07-23 11:33:17,V013,140.0,1.0760001417143334
2026-07-23,2026-07-23 11:33:18,V013,140.0,1.028802142997924
2026-07-23,2026-07-23 11:33:19,V013,141.0,1.0297840222271368
2026-07-23,2026-07-23 11:33:20,V013,143.0,1.047564605121185
2026-07-23,2026-07-23 11:33:21,V013,144.0,1.0518747298953408
2026-07-23,2026-07-23 11:33:22,V013,144.0,1.0268516773096668
2026-07-23,2026-07-23 11:33:23,V013,144.0,1.0435286688626173
2026-07-23,2026-07-23 11:33:24,V013,144.0,1.0384119128343805
2026-07-23,2026-07-23 11:33:25,V013,144.0,1.0641731192962836
2026-07-23,2026-07-23 11:33:26,V013,144.0,1.0277000985752882
2026-07-23,2026-07-23 11:33:27,V013,143.0,1.0686274614454627
2026-07-23,2026-07-23 11:33:28,V013,143.0,1.0273618354472478
2026-07-23,2026-07-23 11:33:29,V013,143.0,1.042864717928466
2026-07-23,2026-07-23 11:33:30,V013,142.0,1.0159727016528375
2026-07-23,2026-07-23 11:33:31,V013,142.0,1.0667642393716141
2026-07-23,2026-07-23 11:33:32,V013,142.0,1.0654555108059538
2026-07-23,2026-07-23 11:33:33,V013,141.0,1.0660010676756562
2026-07-23,2026-07-23 11:33:34,V013,141.0,1.0175246732817849
2026-07-23,2026-07-23 11:33:35,V013,140.0,1.0272244424320376
2026-07-23,2026-07-23 11:33:36,V013,140.0,1.0509067671907277
2026-07-23,2026-07-23 11:33:37,V013,140.0,1.0314800756687093
2026-07-23,2026-07-23 11:33:38,V013,139.0,1.0226482529126442
2026-07-23,2026-07-23 11:33:39,V013,139.0,1.036786645790342
2026-07-23,2026-07-23 11:33:40,V013,139.0,1.0554330142327324
2026-07-23,2026-07-23 11:33:41,V013,139.0,1.0355497705962338
2026-07-23,2026-07-23 11:33:42,V013,139.0,1.0190982166756033
2026-07-23,2026-07-23 11:33:43,V013,138.0,1.0462146373086472
2026-07-23,2026-07-23 11:33:44,V013,138.0,1.0149993996711912
2026-07-23,2026-07-23 11:33:45,V013,138.0,1.0176578721014071
2026-07-23,2026-07-23 11:33:46,V013,138.0,1.0127128032454662
2026-07-23,2026-07-23 11:33:47,V013,137.0,1.0389381638318744
2026-07-23,2026-07-23 11:33:48,V013,137.0,1.0143909715591781
2026-07-23,2026-07-23 11:33:49,V013,136.0,1.022819275636871
2026-07-23,2026-07-23 11:33:50,V013,135.0,1.0177671116279277
2026-07-23,2026-07-23 11:33:51,V013,134.0,1.0149726657369422
2026-07-23,2026-07-23 11:33:52,V013,134.0,1.0153979831506013
2026-07-23,2026-07-23 11:33:53,V013,132.0,1.0161259452510853
2026-07-23,2026-07-23 11:33:54,V013,129.0,1.0155868623897504
2026-07-23,2026-07-23 11:33:55,V013,128.0,1.016661339468601
2026-07-23,2026-07-23 11:33:56,V013,128.0,1.0145102094771608
2026-07-23,2026-07-23 11:33:57,V013,127.0,1.016704946007732
2026-07-23,2026-07-23 11:33:58,V013,127.0,1.019055194205543
2026-07-23,2026-07-23 11:33:59,V013,126.0,1.0311447364927322
2026-07-23,2026-07-23 11:34:00,V013,126.0,1.019896637049541
2026-07-23,2026-07-23 11:34:01,V013,126.0,1.0215245129512458
2026-07-23,2026-07-23 11:34:02,V013,126.0,1.0197409337945118
2026-07-23,2026-07-23 11:34:03,V013,126.0,1.020726485811094
2026-07-23,2026-07-23 11:34:04,V013,126.0,0.9876945855221666
2026-07-23,2026-07-23 11:34:05,V013,125.0,1.062990115235317
2026-07-23,2026-07-23 11:34:06,V013,124.0,1.0212743502501316
2026-07-23,2026-07-23 11:34:07,V013,124.0,1.0177736458605648
2026-07-23,2026-07-23 11:34:08,V013,124.0,1.0250459803278347
2026-07-23,2026-07-23 11:34:09,V013,123.0,1.0164384530433677
2026-07-23,2026-07-23 11:34:10,V013,123.0,1.0186945741358424
2026-07-23,2026-07-23 11:34:11,V013,123.0,1.015881253350307
2026-07-23,2026-07-23 11:34:12,V013,123.0,1.0265873827548644
2026-07-23,2026-07-23 11:34:13,V013,122.0,1.0181901020277213
2026-07-23,2026-07-23 11:34:14,V013,121.0,1.019294796086169
2026-07-23,2026-07-23 11:34:15,V013,120.0,1.0149325322603837
2026-07-23,2026-07-23 11:34:16,V013,119.0,1.0170858774551679
2026-07-23,2026-07-23 11:34:17,V013,117.0,1.0166042098115613
2026-07-23,2026-07-23 11:34:18,V013,116.0,1.016081790601167
2026-07-23,2026-07-23 11:34:19,V013,114.0,1.017148368257667
2026-07-23,2026-07-23 11:34:20,V013,114.0,1.017191284248847
2026-07-23,2026-07-23 11:34:21,V013,112.0,1.0170569853806026
2026-07-23,2026-07-23 11:34:22,V013,110.0,1.0163871910989262
2026-07-23,2026-07-23 11:34:23,V013,109.0,1.019887784813519
2026-07-23,2026-07-23 11:34:24,V013,109.0,1.0176451338143286
2026-07-23,2026-07-23 11:34:25,V013,108.0,1.0136620984786324
2026-07-23,2026-07-23 11:34:26,V013,105.0,1.0140044010857807
2026-07-23,2026-07-23 11:34:27,V013,104.0,1.0221707416578405
2026-07-23,2026-07-23 11:34:28,V013,104.0,1.0161736347281414
2026-07-23,2026-07-23 11:34:29,V013,103.0,1.0161003597797065
2026-07-23,2026-07-23 11:34:30,V013,101.0,1.0308680241354997
2026-07-23,2026-07-23 11:34:31,V013,100.0,1.0208818608994634
2026-07-23,2026-07-23 11:34:32,V013,99.0,1.0023104941311842
2026-07-23,2026-07-23 11:34:33,V013,98.0,1.0370497594062202
2026-07-23,2026-07-23 11:34:34,V013,97.0,1.0186792629444796
2026-07-23,2026-07-23 11:34:35,V013,97.0,1.0167075416133566
2026-07-23,2026-07-23 11:34:36,V013,97.0,1.017115795610406
2026-07-23,2026-07-23 11:34:37,V013,98.0,1.0192324315355943
2026-07-23,2026-07-23 11:34:38,V013,99.0,1.0190204934326932
2026-07-23,2026-07-23 11:34:39,V013,100.0,1.0166124442914044
2026-07-23,2026-07-23 11:34:40,V013,100.0,1.0174078386993914
2026-07-23,2026-07-23 11:34:41,V013,101.0,1.0184003934676717
2026-07-23,2026-07-23 11:34:42,V013,103.0,1.0209999449123646
2026-07-23,2026-07-23 11:34:43,V013,103.0,1.0117346863614125
2026-07-23,2026-07-23 11:34:44,V013,103.0,1.0209904347484364
2026-07-23,2026-07-23 11:34:45,V013,104.0,1.0184973286391654
2026-07-23,2026-07-23 11:34:46,V013,104.0,1.0354096031559776
2026-07-23,2026-07-23 11:34:47,V013,105.0,1.0124423496288482
2026-07-23,2026-07-23 11:34:48,V013,105.0,1.038182242950666
2026-07-23,2026-07-23 11:34:49,V013,106.0,1.007954574585716
2026-07-23,2026-07-23 11:34:50,V013,106.0,1.0130103592128181
2026-07-23,2026-07-23 11:34:51,V013,107.0,1.0164672954677483
2026-07-23,2026-07-23 11:34:52,V013,107.0,1.0178925713396285
2026-07-23,2026-07-23 11:34:53,V013,108.0,1.016527660317697
2026-07-23,2026-07-23 11:34:54,V013,108.0,1.0168685917940619
2026-07-23,2026-07-23 11:34:55,V013,107.0,1.0161567151427837
2026-07-23,2026-07-23 11:34:56,V013,107.0,1.0158677562548672
2026-07-23,2026-07-23 11:34:57,V013,106.0,1.0154959274886555
2026-07-23,2026-07-23 11:34:58,V013,106.0,1.0175385236804768
2026-07-23,2026-07-23 11:34:59,V013,106.0,1.0148519661511983
2026-07-23,2026-07-23 11:35:00,V013,106.0,1.0173615415825583
2026-07-23,2026-07-23 11:35:01,V013,106.0,1.0170400684801408
2026-07-23,2026-07-23 11:35:02,V013,105.0,1.0536938787562145
2026-07-23,2026-07-23 11:35:03,V013,105.0,1.066966887855056
2026-07-23,2026-07-23 11:35:04,V013,105.0,1.0482217871056707
2026-07-23,2026-07-23 11:35:05,V013,105.0,1.019563699395532
2026-07-23,2026-07-23 11:35:06,V013,105.0,1.0155994275437084
2026-07-23,2026-07-23 11:35:07,V013,105.0,1.016043066032383
2026-07-23,2026-07-23 11:35:08,V013,105.0,1.0151923696376366
2026-07-23,2026-07-23 11:35:09,V013,106.0,1.0152326690832267
2026-07-23,2026-07-23 11:35:10,V013,107.0,1.0156964026393172
2026-07-23,2026-07-23 11:35:11,V013,108.0,1.0156209340968054
2026-07-23,2026-07-23 11:35:12,V013,109.0,1.015279984263998
2026-07-23,2026-07-23 11:35:13,V013,109.0,1.0180275506612173
2026-07-23,2026-07-23 11:35:14,V013,109.0,1.0119611541508426
2026-07-23,2026-07-23 11:35:15,V013,108.0,1.0180746842712798
2026-07-23,2026-07-23 11:35:16,V013,108.0,1.0196081328086068
2026-07-23,2026-07-23 11:35:17,V013,107.0,1.0162000665753361
2026-07-23,2026-07-23 11:35:18,V013,107.0,1.015844550414609
2026-07-23,2026-07-23 11:35:19,V013,107.0,1.0174884467523138
2026-07-23,2026-07-23 11:35:20,V013,106.0,1.016489308705806
2026-07-23,2026-07-23 11:35:21,V013,105.0,1.016619520816795
2026-07-23,2026-07-23 11:35:22,V013,105.0,1.0174852842328295
2026-07-23,2026-07-23 11:35:23,V013,104.0,1.0162600430590587
2026-07-23,2026-07-23 11:35:24,V013,104.0,1.0172900684022774
2026-07-23,2026-07-23 11:35:25,V013,104.0,1.0183213857685216
2026-07-23,2026-07-23 11:35:26,V013,104.0,1.0084750976907741
2026-07-23,2026-07-23 11:35:27,V013,104.0,1.0467193731469768
2026-07-23,2026-07-23 11:35:28,V013,104.0,1.011628027077016
2026-07-23,2026-07-23 11:35:29,V013,104.0,1.0262699235265775
2026-07-23,2026-07-23 11:35:30,V013,104.0,1.0064006698794692
2026-07-23,2026-07-23 11:35:31,V013,104.0,1.014943075103124
2026-07-23,2026-07-23 11:35:32,V013,104.0,1.016157274777614
2026-07-23,2026-07-23 11:35:33,V013,103.0,1.0174738751323265
2026-07-23,2026-07-23 11:35:34,V013,103.0,1.0232698222323895
2026-07-23,2026-07-23 11:35:35,V013,103.0,1.0196379581668709
2026-07-23,2026-07-23 11:35:36,V013,103.0,1.0180423494154274
2026-07-23,2026-07-23 11:35:37,V013,104.0,1.0149088635202004
2026-07-23,2026-07-23 11:35:38,V013,104.0,1.015622526997648
2026-07-23,2026-07-23 11:35:39,V013,105.0,1.0159930230031218
2026-07-23,2026-07-23 11:35:40,V013,105.0,1.017322778056218
2026-07-23,2026-07-23 11:35:41,V013,106.0,1.0162926049847159
2026-07-23,2026-07-23 11:35:42,V013,106.0,1.009313883887065
2026-07-23,2026-07-23 11:35:43,V013,107.0,1.0181954149274666
2026-07-23,2026-07-23 11:35:44,V013,107.0,1.0434785981756827
2026-07-23,2026-07-23 11:35:45,V013,107.0,1.01129259565493
2026-07-23,2026-07-23 11:35:46,V013,108.0,1.0311340675466147
2026-07-23,2026-07-23 11:35:47,V013,108.0,1.0084838610472338
2026-07-23,2026-07-23 11:35:48,V013,109.0,1.0160635198020038
2026-07-23,2026-07-23 11:35:49,V013,110.0,1.0261453814371047
2026-07-23,2026-07-23 11:35:50,V013,110.0,1.015270173448761
2026-07-23,2026-07-23 11:35:51,V013,110.0,1.012892068158507
2026-07-23,2026-07-23 11:35:52,V013,110.0,1.0152443090368715
2026-07-23,2026-07-23 11:35:53,V013,110.0,1.014113061488398
2026-07-23,2026-07-23 11:35:54,V013,110.0,1.0146922155624483
2026-07-23,2026-07-23 11:35:55,V013,110.0,1.01454998140307
2026-07-23,2026-07-23 11:35:56,V013,111.0,1.0156972688773953
2026-07-23,2026-07-23 11:35:57,V013,110.0,1.0180781509469787
2026-07-23,2026-07-23 11:35:58,V013,110.0,1.0024020812289494
2026-07-23,2026-07-23 11:35:59,V013,109.0,1.0303497200006777
2026-07-23,2026-07-23 11:36:00,V013,108.0,1.04416399881578
2026-07-23,2026-07-23 11:36:01,V013,107.0,1.0504781038286535
2026-07-23,2026-07-23 11:36:02,V013,106.0,1.0333349113498906
2026-07-23,2026-07-23 11:36:03,V013,105.0,1.027711564242576
2026-07-23,2026-07-23 11:36:04,V013,103.0,1.034215252366229
2026-07-23,2026-07-23 11:36:05,V013,102.0,1.0300938494757073
2026-07-23,2026-07-23 11:36:06,V013,102.0,1.0248208827291532
2026-07-23,2026-07-23 11:36:07,V013,101.0,1.044698291440732
2026-07-23,2026-07-23 11:36:08,V013,100.0,1.0659155049718556
2026-07-23,2026-07-23 11:36:09,V013,99.0,1.1005041800973798
2026-07-23,2026-07-23 11:36:10,V013,99.0,0.9959079123972754
2026-07-23,2026-07-23 11:36:11,V013,98.0,1.0878752063176085
2026-07-23,2026-07-23 11:36:12,V013,98.0,1.0137141865020167
2026-07-23,2026-07-23 11:36:13,V013,97.0,1.0346075322371344
2026-07-23,2026-07-23 11:36:14,V013,96.0,1.1331952977962667
2026-07-23,2026-07-23 11:36:15,V013,96.0,0.9855828142348043
2026-07-23,2026-07-23 11:36:16,V013,95.0,1.1033581635413625
2026-07-23,2026-07-23 11:36:17,V013,96.0,1.007569779027368
2026-07-23,2026-07-23 11:36:18,V013,96.0,1.1389983868762033
2026-07-23,2026-07-23 11:36:19,V013,97.0,0.9909442764512738
2026-07-23,2026-07-23 11:36:20,V013,98.0,1.1313192272802124
2026-07-23,2026-07-23 11:36:21,V013,98.0,1.077294751839331
2026-07-23,2026-07-23 11:36:22,V013,98.0,0.9852944030857574
2026-07-23,2026-07-23 11:36:23,V013,98.0,1.2310728230397294
2026-07-23,2026-07-23 11:36:24,V013,100.0,1.0508654577559526
2026-07-23,2026-07-23 11:36:25,V013,101.0,1.1159702334861599
2026-07-23,2026-07-23 11:36:26,V013,101.0,1.0880584917794576
2026-07-23,2026-07-23 11:36:27,V013,101.0,1.1116731668437243
2026-07-23,2026-07-23 11:36:28,V013,102.0,1.132276401236061
2026-07-23,2026-07-23 11:36:29,V013,103.0,1.1522688812332806
2026-07-23,2026-07-23 11:36:30,V013,104.0,1.1200132593177334
2026-07-23,2026-07-23 11:36:31,V013,104.0,1.145836722741278
2026-07-23,2026-07-23 11:36:32,V013,104.0,0.9964094118667631
2026-07-23,2026-07-23 11:36:33,V013,104.0,1.0445541010535906
2026-07-23,2026-07-23 11:36:34,V013,104.0,1.3219927177236384
2026-07-23,2026-07-23 11:36:35,V013,105.0,0.9664994492023781
2026-07-23,2026-07-23 11:36:36,V013,106.0,1.0506364687943053
2026-07-23,2026-07-23 11:36:37,V013,106.0,1.0714951225369735
2026-07-23,2026-07-23 11:36:38,V013,107.0,1.0483334780692315
2026-07-23,2026-07-23 11:36:39,V013,107.0,1.0288051238223572
2026-07-23,2026-07-23 11:36:40,V013,108.0,1.0729658517789862
2026-07-23,2026-07-23 11:36:41,V013,107.0,0.9996443256340517
2026-07-23,2026-07-23 11:36:42,V013,107.0,1.0335613988667285
2026-07-23,2026-07-23 11:36:43,V013,107.0,1.0362471038080445
2026-07-23,2026-07-23 11:36:44,V013,108.0,1.2266586058050921
2026-07-23,2026-07-23 11:36:45,V013,108.0,1.0894197772270215
2026-07-23,2026-07-23 11:36:46,V013,108.0,1.145618897203996
2026-07-23,2026-07-23 11:36:47,V013,109.0,1.0579201353305634
2026-07-23,2026-07-23 11:36:48,V013,109.0,1.2609199945451406
2026-07-23,2026-07-23 11:36:49,V013,109.0,0.9027085480189061
2026-07-23,2026-07-23 11:36:50,V013,110.0,1.0554915698329972
2026-07-23,2026-07-23 11:36:51,V013,110.0,1.0226434309902381
2026-07-23,2026-07-23 11:36:52,V013,111.0,1.046282031293979
2026-07-23,2026-07-23 11:36:53,V013,113.0,1.0783501222720868
2026-07-23,2026-07-23 11:36:54,V013,117.0,1.1001128007610184
2026-07-23,2026-07-23 11:36:55,V013,118.0,1.0814333613743052
2026-07-23,2026-07-23 11:36:56,V013,118.0,1.0442108635803726
2026-07-23,2026-07-23 11:36:57,V013,120.0,1.135377441301243
2026-07-23,2026-07-23 11:36:58,V013,124.0,1.1464980885535172
2026-07-23,2026-07-23 11:36:59,V013,127.0,1.1073810768645829
2026-07-23,2026-07-23 11:37:00,V013,127.0,1.075114577299186
2026-07-23,2026-07-23 11:37:01,V013,130.0,1.152202451810829
2026-07-23,2026-07-23 11:37:02,V013,133.0,1.0204606336211222
2026-07-23,2026-07-23 11:37:03,V013,134.0,0.9511816848895367
2026-07-23,2026-07-23 11:37:04,V013,135.0,1.0871737182112402
2026-07-23,2026-07-23 11:37:05,V013,138.0,1.0245855100142731
2026-07-23,2026-07-23 11:37:06,V013,140.0,1.0528811773772746
2026-07-23,2026-07-23 11:37:07,V013,141.0,1.2656912503626196
2026-07-23,2026-07-23 11:37:08,V013,142.0,1.028448161778534
2026-07-23,2026-07-23 11:37:09,V013,143.0,0.9842352707658957
2026-07-23,2026-07-23 11:37:10,V013,144.0,1.063648460119653
2026-07-23,2026-07-23 11:37:11,V013,145.0,1.0142199274626693
2026-07-23,2026-07-23 11:37:12,V013,145.0,1.1535579173035386
2026-07-23,2026-07-23 11:37:13,V013,146.0,1.0504918046039182
2026-07-23,2026-07-23 11:37:14,V013,148.0,1.0969702000268085
2026-07-23,2026-07-23 11:37:15,V013,149.0,1.0240849415278441
2026-07-23,2026-07-23 11:37:16,V013,149.0,1.0250811685583392
2026-07-23,2026-07-23 11:37:17,V013,152.0,0.9812671936675329
2026-07-23,2026-07-23 11:37:18,V013,153.0,1.1143033809632104
2026-07-23,2026-07-23 11:37:19,V013,154.0,1.1326396226874098
2026-07-23,2026-07-23 11:37:20,V013,155.0,1.0557368186634684
2026-07-23,2026-07-23 11:37:21,V013,154.0,1.1215212533235737
2026-07-23,2026-07-23 11:37:22,V013,154.0,1.0321371516154183
2026-07-23,2026-07-23 11:37:23,V013,153.0,1.0302041672629436
2026-07-23,2026-07-23 11:37:24,V013,153.0,0.9884400268500356
2026-07-23,2026-07-23 11:37:25,V013,153.0,1.2421406654845242
2026-07-23,2026-07-23 11:37:26,V013,153.0,1.053813234275744
2026-07-23,2026-07-23 11:37:27,V013,153.0,0.9691696696056504
2026-07-23,2026-07-23 11:37:28,V013,153.0,1.1336191164084217
2026-07-23,2026-07-23 11:37:29,V013,154.0,1.0504572682460267
2026-07-23,2026-07-23 11:37:30,V013,154.0,1.0605448640424426
2026-07-23,2026-07-23 11:37:31,V013,155.0,1.298067456033615
2026-07-23,2026-07-23 11:37:32,V013,155.0,0.9673951709606744
2026-07-23,2026-07-23 11:37:33,V013,155.0,1.0302881689408852
2026-07-23,2026-07-23 11:37:34,V013,155.0,1.0174907878637611
2026-07-23,2026-07-23 11:37:35,V013,155.0,1.0542848334093735
2026-07-23,2026-07-23 11:37:36,V013,155.0,1.0879975909335855
2026-07-23,2026-07-23 11:37:37,V013,155.0,0.9706699077478459
2026-07-23,2026-07-23 11:37:38,V013,155.0,0.9945512598556852
2026-07-23,2026-07-23 11:37:39,V013,155.0,1.0938770199413497
2026-07-23,2026-07-23 11:37:40,V013,155.0,1.0941133034819528
2026-07-23,2026-07-23 11:37:41,V013,155.0,1.0009590312381842
2026-07-23,2026-07-23 11:37:42,V013,155.0,1.0730172316780564
2026-07-23,2026-07-23 11:37:43,V013,155.0,1.023773284305133
2026-07-23,2026-07-23 11:37:44,V013,155.0,1.0263498987030353
2026-07-23,2026-07-23 11:37:45,V013,155.0,1.015672287375751
2026-07-23,2026-07-23 11:37:46,V013,155.0,1.043000188861737
2026-07-23,2026-07-23 11:37:47,V013,156.0,1.1535395638961392
2026-07-23,2026-07-23 11:37:48,V013,156.0,0.986345078392972
2026-07-23,2026-07-23 11:37:49,V013,156.0,1.176961805745994
2026-07-23,2026-07-23 11:37:50,V013,156.0,1.6944978242539162
2026-07-23,2026-07-23 11:37:51,V013,155.0,1.2661812632603775
2026-07-23,2026-07-23 11:37:52,V013,155.0,1.1645743993832107
2026-07-23,2026-07-23 11:37:53,V013,155.0,1.0958044050858742
2026-07-23,2026-07-23 11:37:54,V013,154.0,1.045622429585605
2026-07-23,2026-07-23 11:37:55,V013,154.0,1.0269663438470704
2026-07-23,2026-07-23 11:37:56,V013,154.0,1.0715318119964685
2026-07-23,2026-07-23 11:37:57,V013,153.0,1.024161672684789
2026-07-23,2026-07-23 11:37:58,V013,153.0,1.0605662872866044
2026-07-23,2026-07-23 11:37:59,V013,153.0,1.0242616696434732
2026-07-23,2026-07-23 11:38:00,V013,153.0,1.0585646369356991
2026-07-23,2026-07-23 11:38:01,V013,152.0,1.0396702483410138
2026-07-23,2026-07-23 11:38:02,V013,152.0,1.0645301050305505
2026-07-23,2026-07-23 11:38:03,V013,152.0,1.050237053255667
2026-07-23,2026-07-23 11:38:04,V013,152.0,1.0135036865846672
2026-07-23,2026-07-23 11:38:05,V013,152.0,1.0363490405387747
2026-07-23,2026-07-23 11:38:06,V013,152.0,1.0505651600259616
2026-07-23,2026-07-23 11:38:07,V013,152.0,1.0424701259115983
2026-07-23,2026-07-23 11:38:08,V013,152.0,1.022034408375736
2026-07-23,2026-07-23 11:38:09,V013,153.0,1.0350566727661057
2026-07-23,2026-07-23 11:38:10,V013,153.0,1.0599430691297942
2026-07-23,2026-07-23 11:38:11,V013,153.0,1.042591257867638
2026-07-23,2026-07-23 11:38:12,V013,154.0,1.0153962043076428
2026-07-23,2026-07-23 11:38:13,V013,154.0,1.0172114899106781
2026-07-23,2026-07-23 11:38:14,V013,154.0,1.0191166119305402
2026-07-23,2026-07-23 11:38:15,V013,153.0,1.0266301149672745
2026-07-23,2026-07-23 11:38:16,V013,153.0,1.0088098750294263
2026-07-23,2026-07-23 11:38:17,V013,153.0,1.0261816441409224
2026-07-23,2026-07-23 11:38:18,V013,153.0,1.0175817356346222
2026-07-23,2026-07-23 11:38:19,V013,153.0,1.0163600253431389
2026-07-23,2026-07-23 11:38:20,V013,153.0,1.0277293916365053
2026-07-23,2026-07-23 11:38:21,V013,152.0,1.0107347921162793
2026-07-23,2026-07-23 11:38:22,V013,152.0,1.0125067684907634
2026-07-23,2026-07-23 11:38:23,V013,152.0,1.0174059048544277
2026-07-23,2026-07-23 11:38:24,V013,152.0,1.0235072559251608
2026-07-23,2026-07-23 11:38:25,V013,151.0,1.0977240749868797
2026-07-23,2026-07-23 11:38:26,V013,151.0,1.0456401248584306
2026-07-23,2026-07-23 11:38:27,V013,150.0,1.0177341589366782
2026-07-23,2026-07-23 11:38:28,V013,150.0,1.0402782131690607
2026-07-23,2026-07-23 11:38:29,V013,149.0,1.0226548598582876
2026-07-23,2026-07-23 11:38:30,V013,149.0,1.0246708080878228
2026-07-23,2026-07-23 11:38:31,V013,148.0,1.065573711542704
2026-07-23,2026-07-23 11:38:32,V013,148.0,1.0328500560953238
2026-07-23,2026-07-23 11:38:33,V013,148.0,1.0275675457370892
2026-07-23,2026-07-23 11:38:34,V013,147.0,1.0494664475138507
2026-07-23,2026-07-23 11:38:35,V013,146.0,1.0390667204426132
2026-07-23,2026-07-23 11:38:36,V013,145.0,1.0697515221782927
2026-07-23,2026-07-23 11:38:37,V013,144.0,1.0514752024900544
2026-07-23,2026-07-23 11:38:38,V013,144.0,1.027393107254359
2026-07-23,2026-07-23 11:38:39,V013,143.0,1.0466624908715239
2026-07-23,2026-07-23 11:38:40,V013,142.0,1.0767962868503662
2026-07-23,2026-07-23 11:38:41,V013,141.0,1.0204308791817085
2026-07-23,2026-07-23 11:38:42,V013,140.0,1.026569755660135
2026-07-23,2026-07-23 11:38:43,V013,139.0,1.0429872141941243
2026-07-23,2026-07-23 11:38:44,V013,138.0,1.0344947270476768
2026-07-23,2026-07-23 11:38:45,V013,137.0,1.0480657825321447
2026-07-23,2026-07-23 11:38:46,V013,136.0,1.0340406626525278
2026-07-23,2026-07-23 11:38:47,V013,135.0,1.015514923784851
2026-07-23,2026-07-23 11:38:48,V013,134.0,1.0411665599892819
2026-07-23,2026-07-23 11:38:49,V013,133.0,1.0478429316762992
2026-07-23,2026-07-23 11:38:50,V013,133.0,1.0561770709770644
2026-07-23,2026-07-23 11:38:51,V013,132.0,1.0742180516033122
2026-07-23,2026-07-23 11:38:52,V013,132.0,1.0280625032368418
2026-07-23,2026-07-23 11:38:53,V013,132.0,1.0302940166616519
2026-07-23,2026-07-23 11:38:54,V013,132.0,1.0380434913612782
2026-07-23,2026-07-23 11:38:55,V013,132.0,1.0309001973393013
2026-07-23,2026-07-23 11:38:56,V013,131.0,1.026670275694264
2026-07-23,2026-07-23 11:38:57,V013,131.0,1.0384960989225565
2026-07-23,2026-07-23 11:38:58,V013,131.0,1.0237907307484015
2026-07-23,2026-07-23 11:38:59,V013,130.0,1.02275565899763
2026-07-23,2026-07-23 11:39:00,V013,129.0,1.0267324380753784
2026-07-23,2026-07-23 11:39:01,V013,128.0,1.0285970374966589
2026-07-23,2026-07-23 11:39:02,V013,128.0,1.0114621779819029
2026-07-23,2026-07-23 11:39:03,V013,127.0,1.0206020143356038
2026-07-23,2026-07-23 11:39:04,V013,126.0,1.01606814444951
2026-07-23,2026-07-23 11:39:05,V013,126.0,1.0169748117750375
2026-07-23,2026-07-23 11:39:06,V013,126.0,1.0157142239905008
2026-07-23,2026-07-23 11:39:07,V013,126.0,1.0169610955379862
2026-07-23,2026-07-23 11:39:08,V013,127.0,1.0170639332960356
2026-07-23,2026-07-23 11:39:09,V013,127.0,1.0168940542066776
2026-07-23,2026-07-23 11:39:10,V013,127.0,1.017842617682293
2026-07-23,2026-07-23 11:39:11,V013,128.0,1.0187147749369
2026-07-23,2026-07-23 11:39:12,V013,129.0,1.0390717969119136
2026-07-23,2026-07-23 11:39:13,V013,129.0,1.0102838072127804
2026-07-23,2026-07-23 11:39:14,V013,129.0,0.9999318320295405
2026-07-23,2026-07-23 11:39:15,V013,129.0,1.0479245443506193
2026-07-23,2026-07-23 11:39:16,V013,128.0,1.0308429769567065
2026-07-23,2026-07-23 11:39:17,V013,128.0,1.0228589944237323
2026-07-23,2026-07-23 11:39:18,V013,127.0,1.0072681301832744
2026-07-23,2026-07-23 11:39:19,V013,126.0,1.0327255600219754
2026-07-23,2026-07-23 11:39:20,V013,126.0,1.015914344393276
2026-07-23,2026-07-23 11:39:21,V013,126.0,1.0893760704408029
2026-07-23,2026-07-23 11:39:22,V013,125.0,0.9908336439589192
2026-07-23,2026-07-23 11:39:23,V013,125.0,1.2176103046216706
2026-07-23,2026-07-23 11:39:24,V013,125.0,0.9393042753652315
2026-07-23,2026-07-23 11:39:25,V013,124.0,1.0591727183205115
2026-07-23,2026-07-23 11:39:26,V013,124.0,1.0200563926755917
2026-07-23,2026-07-23 11:39:27,V013,124.0,1.0588604228045935
2026-07-23,2026-07-23 11:39:28,V013,123.0,1.0089250760824446
2026-07-23,2026-07-23 11:39:29,V013,123.0,1.029861499330203
2026-07-23,2026-07-23 11:39:30,V013,123.0,1.0178493713185286
2026-07-23,2026-07-23 11:39:31,V013,123.0,1.0728680485354456
2026-07-23,2026-07-23 11:39:32,V013,123.0,1.0061843634010783
2026-07-23,2026-07-23 11:39:33,V013,123.0,1.044739859903647
2026-07-23,2026-07-23 11:39:34,V013,123.0,1.1179395176225722
2026-07-23,2026-07-23 11:39:35,V013,123.0,1.806596295123334
2026-07-23,2026-07-23 11:39:36,V013,123.0,1.1356820038853708
2026-07-23,2026-07-23 11:39:37,V013,123.0,1.415180526087345
2026-07-23,2026-07-23 11:39:38,V013,123.0,1.0689283911347347
2026-07-23,2026-07-23 11:39:39,V013,123.0,1.0195250120733341
2026-07-23,2026-07-23 11:39:40,V013,123.0,1.0553728263212943
2026-07-23,2026-07-23 11:39:41,V013,123.0,1.093363654505909
2026-07-23,2026-07-23 11:39:42,V013,124.0,1.0913167884589672
2026-07-23,2026-07-23 11:39:43,V013,125.0,1.0375728065974872
2026-07-23,2026-07-23 11:39:44,V013,125.0,1.057118951649925
2026-07-23,2026-07-23 11:39:45,V013,126.0,1.096154082298239
2026-07-23,2026-07-23 11:39:46,V013,126.0,1.0472774406843623
2026-07-23,2026-07-23 11:39:47,V013,127.0,1.050371067999083
2026-07-23,2026-07-23 11:39:48,V013,127.0,1.046118393591699
2026-07-23,2026-07-23 11:39:49,V013,127.0,1.0158533192474166
2026-07-23,2026-07-23 11:39:50,V013,126.0,1.0275753806482018
2026-07-23,2026-07-23 11:39:51,V013,126.0,1.021598402238324
2026-07-23,2026-07-23 11:39:52,V013,126.0,1.0195155326484446
2026-07-23,2026-07-23 11:39:53,V013,125.0,1.026670777895951
2026-07-23,2026-07-23 11:39:54,V013,125.0,1.0238304684502089
2026-07-23,2026-07-23 11:39:55,V013,125.0,1.0466569820710152
2026-07-23,2026-07-23 11:39:56,V013,125.0,1.0643590279070514
2026-07-23,2026-07-23 11:39:57,V013,125.0,1.0255191121708465
2026-07-23,2026-07-23 11:39:58,V013,125.0,1.0152121390820577
2026-07-23,2026-07-23 11:39:59,V013,126.0,1.0222436657262854
2026-07-23,2026-07-23 11:40:00,V013,126.0,1.0193260695997945
2026-07-23,2026-07-23 11:40:01,V013,126.0,1.0143995901849558
2026-07-23,2026-07-23 11:40:02,V013,128.0,1.017516537995715
2026-07-23,2026-07-23 11:40:03,V013,129.0,1.0148663275048952
2026-07-23,2026-07-23 11:40:04,V013,129.0,1.0155878131289755
2026-07-23,2026-07-23 11:40:05,V013,130.0,1.0150076746298056
2026-07-23,2026-07-23 11:40:06,V013,130.0,1.0139545179829494
2026-07-23,2026-07-23 11:40:07,V013,131.0,1.0147413346199328
2026-07-23,2026-07-23 11:40:08,V013,131.0,1.0183423367915299
2026-07-23,2026-07-23 11:40:09,V013,131.0,1.0154443493486829
2026-07-23,2026-07-23 11:40:10,V013,130.0,1.0167418937724513
2026-07-23,2026-07-23 11:40:11,V013,130.0,1.0173246633535964
2026-07-23,2026-07-23 11:40:12,V013,130.0,1.0151868855419832
2026-07-23,2026-07-23 11:40:13,V013,130.0,1.0164184815443247
2026-07-23,2026-07-23 11:40:14,V013,132.0,1.0206693550026245
2026-07-23,2026-07-23 11:40:15,V013,132.0,1.0154715207092668
2026-07-23,2026-07-23 11:40:16,V013,132.0,1.0200257853474592
2026-07-23,2026-07-23 11:40:17,V013,132.0,1.0210849826058166
2026-07-23,2026-07-23 11:40:18,V013,132.0,1.0168496048386613
2026-07-23,2026-07-23 11:40:19,V013,132.0,1.016934666405466
2026-07-23,2026-07-23 11:40:20,V013,132.0,1.0172848508294727
2026-07-23,2026-07-23 11:40:21,V013,131.0,1.0153562611458145
2026-07-23,2026-07-23 11:40:22,V013,131.0,1.0174507398218682
2026-07-23,2026-07-23 11:40:23,V013,130.0,1.0163734438831264
2026-07-23,2026-07-23 11:40:24,V013,130.0,1.0173115777587316
2026-07-23,2026-07-23 11:40:25,V013,130.0,1.0157767813328362
2026-07-23,2026-07-23 11:40:26,V013,129.0,1.015112128826367
2026-07-23,2026-07-23 11:40:27,V013,130.0,1.0149470004876597
2026-07-23,2026-07-23 11:40:28,V013,130.0,1.016690844378035
2026-07-23,2026-07-23 11:40:29,V013,130.0,1.014704022883924
2026-07-23,2026-07-23 11:40:30,V013,129.0,1.0184531712475744
2026-07-23,2026-07-23 11:40:31,V013,128.0,1.0167122907344113
2026-07-23,2026-07-23 11:40:32,V013,128.0,1.014533838300808
2026-07-23,2026-07-23 11:40:33,V013,127.0,1.0186517524602396
2026-07-23,2026-07-23 11:40:34,V013,126.0,1.0141666008711234
2026-07-23,2026-07-23 11:40:35,V013,126.0,1.0171249612222402
2026-07-23,2026-07-23 11:40:36,V013,126.0,1.014688204186282
2026-07-23,2026-07-23 11:40:37,V013,125.0,1.0152674678196112
2026-07-23,2026-07-23 11:40:38,V013,124.0,1.016308134351541
2026-07-23,2026-07-23 11:40:39,V013,123.0,1.0154576543463354
2026-07-23,2026-07-23 11:40:40,V013,123.0,1.0158984247547056
2026-07-23,2026-07-23 11:40:41,V013,122.0,1.0159798622690839
2026-07-23,2026-07-23 11:40:42,V013,121.0,1.0141137521921786
2026-07-23,2026-07-23 11:40:43,V013,120.0,1.0179704780242225
2026-07-23,2026-07-23 11:40:44,V013,120.0,1.0172043907318926
2026-07-23,2026-07-23 11:40:45,V013,119.0,1.0199692616104425
2026-07-23,2026-07-23 11:40:46,V013,118.0,1.0204886917312106
2026-07-23,2026-07-23 11:40:47,V013,118.0,1.0211756794775766
2026-07-23,2026-07-23 11:40:48,V013,117.0,1.0160433952575403
2026-07-23,2026-07-23 11:40:49,V013,116.0,1.0158479557305173
2026-07-23,2026-07-23 11:40:50,V013,115.0,1.0241883668372564
2026-07-23,2026-07-23 11:40:51,V013,115.0,1.0269319990589187
2026-07-23,2026-07-23 11:40:52,V013,115.0,1.0234853533753956
2026-07-23,2026-07-23 11:40:53,V013,114.0,1.0344991838776885
2026-07-23,2026-07-23 11:40:54,V013,114.0,1.0225339900387953
2026-07-23,2026-07-23 11:40:55,V013,115.0,1.0222174038344005
2026-07-23,2026-07-23 11:40:56,V013,115.0,1.0266203942245484
2026-07-23,2026-07-23 11:40:57,V013,116.0,1.0241411704556806
2026-07-23,2026-07-23 11:40:58,V013,116.0,1.0184414965667161
2026-07-23,2026-07-23 11:40:59,V013,117.0,1.0172538850581174
2026-07-23,2026-07-23 11:41:00,V013,118.0,1.0173158379930445
2026-07-23,2026-07-23 11:41:01,V013,119.0,1.0208982627984893
2026-07-23,2026-07-23 11:41:02,V013,120.0,1.0120131003377717
2026-07-23,2026-07-23 11:41:03,V013,120.0,1.0175648050894015
2026-07-23,2026-07-23 11:41:04,V013,120.0,1.0410237735366128
2026-07-23,2026-07-23 11:41:05,V013,121.0,1.0339751106359696
2026-07-23,2026-07-23 11:41:06,V013,121.0,1.0495395671436147
2026-07-23,2026-07-23 11:41:07,V013,121.0,1.0609579515796084
2026-07-23,2026-07-23 11:41:08,V013,120.0,1.021504845007059
2026-07-23,2026-07-23 11:41:09,V013,120.0,1.014647268489385
2026-07-23,2026-07-23 11:41:10,V013,120.0,1.0211921483367876
2026-07-23,2026-07-23 11:41:11,V013,120.0,1.0075445848051618
2026-07-23,2026-07-23 11:41:12,V013,119.0,1.0215017342447879
2026-07-23,2026-07-23 11:41:13,V013,119.0,1.0170233694850095
2026-07-23,2026-07-23 11:41:14,V013,119.0,1.0145196956194837
2026-07-23,2026-07-23 11:41:15,V013,118.0,1.0156570788312365
2026-07-23,2026-07-23 11:41:16,V013,118.0,1.0145148265318011
2026-07-23,2026-07-23 11:41:17,V013,118.0,1.015829204083229
2026-07-23,2026-07-23 11:41:18,V013,117.0,1.015017813761273
2026-07-23,2026-07-23 11:41:19,V013,117.0,1.0171521580480003
2026-07-23,2026-07-23 11:41:20,V013,116.0,1.0154808587493145
2026-07-23,2026-07-23 11:41:21,V013,116.0,1.0150999683752069
2026-07-23,2026-07-23 11:41:22,V013,115.0,1.0161428315539476
2026-07-23,2026-07-23 11:41:23,V013,115.0,1.015786723122662
2026-07-23,2026-07-23 11:41:24,V013,114.0,1.0152723603112248
2026-07-23,2026-07-23 11:41:25,V013,114.0,1.017053662312412
2026-07-23,2026-07-23 11:41:26,V013,114.0,1.0152022600145245
2026-07-23,2026-07-23 11:41:27,V013,115.0,1.0172256554035017
2026-07-23,2026-07-23 11:41:28,V013,115.0,1.016531095842219
2026-07-23,2026-07-23 11:41:29,V013,115.0,1.0159018100164787
2026-07-23,2026-07-23 11:41:30,V013,115.0,1.0152022201662882
2026-07-23,2026-07-23 11:41:31,V013,116.0,1.026992931688551
2026-07-23,2026-07-23 11:41:32,V013,116.0,1.0638599565587403
2026-07-23,2026-07-23 11:41:33,V013,117.0,1.095046023369596
2026-07-23,2026-07-23 11:41:34,V013,117.0,1.0632917094115466
2026-07-23,2026-07-23 11:41:35,V013,117.0,1.1065508542605758
2026-07-23,2026-07-23 11:41:36,V013,117.0,1.1076712894088117
2026-07-23,2026-07-23 11:41:37,V013,116.0,1.0728910688403284
2026-07-23,2026-07-23 11:41:38,V013,116.0,1.0985571846767568
2026-07-23,2026-07-23 11:41:39,V013,115.0,1.0760418112211307
2026-07-23,2026-07-23 11:41:40,V013,114.0,1.0772784282116405
2026-07-23,2026-07-23 11:41:41,V013,114.0,1.0154944428223942
2026-07-23,2026-07-23 11:41:42,V013,114.0,1.0278793804465824
2026-07-23,2026-07-23 11:41:43,V013,114.0,1.0535871720060594
2026-07-23,2026-07-23 11:41:44,V013,114.0,1.0462509719912094
2026-07-23,2026-07-23 11:41:45,V013,115.0,1.0896986610757862
2026-07-23,2026-07-23 11:41:46,V013,115.0,1.0352373270426023
2026-07-23,2026-07-23 11:41:47,V013,116.0,1.018476610757882
2026-07-23,2026-07-23 11:41:48,V013,116.0,1.0173952347530997
2026-07-23,2026-07-23 11:41:49,V013,116.0,1.017399324691953
2026-07-23,2026-07-23 11:41:50,V013,115.0,1.0186803317862485
2026-07-23,2026-07-23 11:41:51,V013,114.0,1.0173877746871258
2026-07-23,2026-07-23 11:41:52,V013,113.0,1.0180033659282948
2026-07-23,2026-07-23 11:41:53,V013,112.0,1.0174619317501867
2026-07-23,2026-07-23 11:41:54,V013,111.0,1.0531792987053867
2026-07-23,2026-07-23 11:41:55,V013,111.0,0.9987108031696778
2026-07-23,2026-07-23 11:41:56,V013,113.0,1.0288261045970182
2026-07-23,2026-07-23 11:41:57,V013,113.0,1.007187086308129
2026-07-23,2026-07-23 11:41:58,V013,113.0,1.036826339039621
2026-07-23,2026-07-23 11:41:59,V013,114.0,1.0162578748830684
2026-07-23,2026-07-23 11:42:00,V013,115.0,1.02204139588721
2026-07-23,2026-07-23 11:42:01,V013,115.0,1.0168599017180664
2026-07-23,2026-07-23 11:42:02,V013,115.0,1.0181387123531114
2026-07-23,2026-07-23 11:42:03,V013,115.0,1.0177196002849578
2026-07-23,2026-07-23 11:42:04,V013,115.0,1.022063502725298
2026-07-23,2026-07-23 11:42:05,V013,115.0,1.0127732736629618
2026-07-23,2026-07-23 11:42:06,V013,115.0,1.0178943800797926
2026-07-23,2026-07-23 11:42:07,V013,115.0,1.0205224934735397
2026-07-23,2026-07-23 11:42:08,V013,116.0,1.0353043264012238
2026-07-23,2026-07-23 11:42:09,V013,117.0,1.0210349676612973
2026-07-23,2026-07-23 11:42:10,V013,117.0,1.0146745813300855
2026-07-23,2026-07-23 11:42:11,V013,118.0,1.0159856412769068
2026-07-23,2026-07-23 11:42:12,V013,118.0,1.0160332534963168
2026-07-23,2026-07-23 11:42:13,V013,118.0,1.015613646185419
2026-07-23,2026-07-23 11:42:14,V013,118.0,1.0152213552241498
2026-07-23,2026-07-23 11:42:15,V013,118.0,1.0162025855833323
2026-07-23,2026-07-23 11:42:16,V013,116.0,1.016257641695989
2026-07-23,2026-07-23 11:42:17,V013,116.0,1.0155440012672527
2026-07-23,2026-07-23 11:42:18,V013,116.0,1.0160030832238784
2026-07-23,2026-07-23 11:42:19,V013,116.0,1.0194179788921476
2026-07-23,2026-07-23 11:42:20,V013,116.0,1.017305669324149
2026-07-23,2026-07-23 11:42:21,V013,115.0,1.0197895873398122
2026-07-23,2026-07-23 11:42:22,V013,115.0,1.0209540239440684
2026-07-23,2026-07-23 11:42:23,V013,114.0,1.0206130488117637
2026-07-23,2026-07-23 11:42:24,V013,114.0,1.0170645505053488
2026-07-23,2026-07-23 11:42:25,V013,113.0,1.0156425467823986
2026-07-23,2026-07-23 11:42:26,V013,113.0,1.0169510001360607
2026-07-23,2026-07-23 11:42:27,V013,113.0,1.0192189824383404
2026-07-23,2026-07-23 11:42:28,V013,113.0,1.0170246128588158
2026-07-23,2026-07-23 11:42:29,V013,113.0,1.0128354149547323
2026-07-23,2026-07-23 11:42:30,V013,114.0,1.0205738812233123
2026-07-23,2026-07-23 11:42:31,V013,114.0,1.02207449033316
2026-07-23,2026-07-23 11:42:32,V013,114.0,1.0204579944520333
2026-07-23,2026-07-23 11:42:33,V013,115.0,1.0101254558842894
2026-07-23,2026-07-23 11:42:34,V013,117.0,1.0147208908180794
2026-07-23,2026-07-23 11:42:35,V013,118.0,1.019100029212528
2026-07-23,2026-07-23 11:42:36,V013,118.0,1.0173380538786323
2026-07-23,2026-07-23 11:42:37,V013,119.0,1.0153482848719835
2026-07-23,2026-07-23 11:42:38,V013,120.0,1.0162369311301156
2026-07-23,2026-07-23 11:42:39,V013,120.0,1.0172748011493995
2026-07-23,2026-07-23 11:42:40,V013,121.0,1.0144907705827477
2026-07-23,2026-07-23 11:42:41,V013,122.0,1.0174539540754415
2026-07-23,2026-07-23 11:42:42,V013,122.0,1.0155012904068776
2026-07-23,2026-07-23 11:42:43,V013,122.0,1.0207949847701452
2026-07-23,2026-07-23 11:42:44,V013,122.0,1.0159003169979623
2026-07-23,2026-07-23 11:42:45,V013,122.0,1.0165208240784536
2026-07-23,2026-07-23 11:42:46,V013,121.0,1.0162618413820095
2026-07-23,2026-07-23 11:42:47,V013,120.0,1.0161737896634995
2026-07-23,2026-07-23 11:42:48,V013,120.0,1.0160246033048945
2026-07-23,2026-07-23 11:42:49,V013,120.0,1.0165254717572998
2026-07-23,2026-07-23 11:42:50,V013,120.0,1.016272593393089
2026-07-23,2026-07-23 11:42:51,V013,120.0,1.0151886540784287
2026-07-23,2026-07-23 11:42:52,V013,120.0,1.0163144774063755
2026-07-23,2026-07-23 11:42:53,V013,121.0,1.0158204686219334
2026-07-23,2026-07-23 11:42:54,V013,121.0,1.016536315163261
2026-07-23,2026-07-23 11:42:55,V013,122.0,1.0157962626248824
2026-07-23,2026-07-23 11:42:56,V013,122.0,1.015092853959453
2026-07-23,2026-07-23 11:42:57,V013,122.0,1.019489528343192
2026-07-23,2026-07-23 11:42:58,V013,121.0,1.0147551205277174
2026-07-23,2026-07-23 11:42:59,V013,121.0,1.0165220664998451
2026-07-23,2026-07-23 11:43:00,V013,121.0,1.0158302010367615
2026-07-23,2026-07-23 11:43:01,V013,120.0,1.0151082680682035
2026-07-23,2026-07-23 11:43:02,V013,118.0,1.0189859612901222
2026-07-23,2026-07-23 11:43:03,V013,117.0,1.0283337250316635
2026-07-23,2026-07-23 11:43:04,V013,117.0,1.0018574749635827
2026-07-23,2026-07-23 11:43:05,V013,117.0,1.009538522089989
2026-07-23,2026-07-23 11:43:06,V013,116.0,1.0124354306254235
2026-07-23,2026-07-23 11:43:07,V013,116.0,1.0113331177447276
2026-07-23,2026-07-23 11:43:08,V013,116.0,1.0142232375848212
2026-07-23,2026-07-23 11:43:09,V013,115.0,1.0117616765240829
2026-07-23,2026-07-23 11:43:10,V013,115.0,1.0117031577194944
2026-07-23,2026-07-23 11:43:11,V013,115.0,1.0122786133484838
2026-07-23,2026-07-23 11:43:12,V013,115.0,1.011421214958525
2026-07-23,2026-07-23 11:43:13,V013,115.0,1.013483451539586
2026-07-23,2026-07-23 11:43:14,V013,115.0,1.0131192913490938
2026-07-23,2026-07-23 11:43:15,V013,116.0,1.011321631959836
2026-07-23,2026-07-23 11:43:16,V013,117.0,1.015449395908063
2026-07-23,2026-07-23 11:43:17,V013,117.0,1.0115961102390116
2026-07-23,2026-07-23 11:43:18,V013,118.0,1.01518907572927
2026-07-23,2026-07-23 11:43:19,V013,118.0,1.0258610897884426
2026-07-23,2026-07-23 11:43:20,V013,118.0,1.0706207237591585
2026-07-23,2026-07-23 11:43:21,V013,118.0,1.069221790812639
2026-07-23,2026-07-23 11:43:22,V013,117.0,1.0556074619660398
2026-07-23,2026-07-23 11:43:23,V013,116.0,1.076299201119986
2026-07-23,2026-07-23 11:43:24,V013,116.0,0.9937478435551833
2026-07-23,2026-07-23 11:43:25,V013,114.0,1.1143513298181709
2026-07-23,2026-07-23 11:43:26,V013,113.0,1.035770587565655
2026-07-23,2026-07-23 11:43:27,V013,111.0,1.0178949471368002
2026-07-23,2026-07-23 11:43:28,V013,110.0,1.0081230085160722
2026-07-23,2026-07-23 11:43:29,V013,109.0,1.155464300038625
2026-07-23,2026-07-23 11:43:30,V013,107.0,1.340466989499515
2026-07-23,2026-07-23 11:43:31,V013,106.0,1.0118850679492997
2026-07-23,2026-07-23 11:43:32,V013,105.0,1.0740164207855067
2026-07-23,2026-07-23 11:43:33,V013,106.0,1.076105946111485
2026-07-23,2026-07-23 11:43:34,V013,106.0,1.0405609552125252
2026-07-23,2026-07-23 11:43:35,V013,107.0,0.9896463703022406
2026-07-23,2026-07-23 11:43:36,V013,107.0,1.0852453025714675
2026-07-23,2026-07-23 11:43:37,V013,108.0,1.1551591567763952
2026-07-23,2026-07-23 11:43:38,V013,110.0,1.1193636863653356
2026-07-23,2026-07-23 11:43:39,V013,111.0,1.1335508286356137
2026-07-23,2026-07-23 11:43:40,V013,111.0,1.1163150003860773
2026-07-23,2026-07-23 11:43:41,V013,112.0,1.225429455253415
2026-07-23,2026-07-23 11:43:42,V013,114.0,1.018700588846562
2026-07-23,2026-07-23 11:43:43,V013,116.0,1.0492273696709535
2026-07-23,2026-07-23 11:43:44,V013,117.0,1.1328783618641773
2026-07-23,2026-07-23 11:43:45,V013,119.0,1.5161116514737096
2026-07-23,2026-07-23 11:43:46,V013,121.0,1.2675732641019652
2026-07-23,2026-07-23 11:43:47,V013,122.0,1.208502079329006
2026-07-23,2026-07-23 11:43:48,V013,124.0,1.1305379148452146
2026-07-23,2026-07-23 11:43:49,V013,124.0,1.0660186201458235
2026-07-23,2026-07-23 11:43:50,V013,123.0,1.0071236274526623
2026-07-23,2026-07-23 11:43:51,V013,124.0,1.0670957774067833
2026-07-23,2026-07-23 11:43:52,V013,125.0,1.0915403951077924
2026-07-23,2026-07-23 11:43:53,V013,126.0,1.0133281549475484
2026-07-23,2026-07-23 11:43:54,V013,127.0,1.051802821787119
2026-07-23,2026-07-23 11:43:55,V013,128.0,1.027992152610119
2026-07-23,2026-07-23 11:43:56,V013,129.0,1.0213240431011736
2026-07-23,2026-07-23 11:43:57,V013,130.0,1.0984602575993114
2026-07-23,2026-07-23 11:43:58,V013,130.0,1.124672880854263
2026-07-23,2026-07-23 11:43:59,V013,131.0,1.1563622846451365
2026-07-23,2026-07-23 11:44:00,V013,132.0,1.0903369992209064
2026-07-23,2026-07-23 11:44:01,V013,133.0,1.0039081129404421
2026-07-23,2026-07-23 11:44:02,V013,133.0,1.035937942739079
2026-07-23,2026-07-23 11:44:03,V013,134.0,1.0707399183060344
2026-07-23,2026-07-23 11:44:04,V013,135.0,1.026608461412421
2026-07-23,2026-07-23 11:44:05,V013,136.0,1.0497898830447367
2026-07-23,2026-07-23 11:44:06,V013,136.0,1.043045149276122
2026-07-23,2026-07-23 11:44:07,V013,138.0,1.0993667550826334
2026-07-23,2026-07-23 11:44:08,V013,140.0,1.0897802806009418
2026-07-23,2026-07-23 11:44:09,V013,141.0,1.0316720001223525
2026-07-23,2026-07-23 11:44:10,V013,141.0,1.0243484541864862
2026-07-23,2026-07-23 11:44:11,V013,143.0,1.0709439172147661
2026-07-23,2026-07-23 11:44:12,V013,145.0,1.0381104058032569
2026-07-23,2026-07-23 11:44:13,V013,146.0,1.0203438065883197
2026-07-23,2026-07-23 11:44:14,V013,146.0,1.0254876356304778
2026-07-23,2026-07-23 11:44:15,V013,146.0,1.0595911530057236
2026-07-23,2026-07-23 11:44:16,V013,146.0,1.0970411362562693
2026-07-23,2026-07-23 11:44:17,V013,147.0,1.1877049711287295
2026-07-23,2026-07-23 11:44:18,V013,147.0,1.1271529374999807
2026-07-23,2026-07-23 11:44:19,V013,148.0,0.9627714860549409
2026-07-23,2026-07-23 11:44:20,V013,148.0,1.3702787890362549
2026-07-23,2026-07-23 11:44:21,V013,148.0,0.981547350281772
2026-07-23,2026-07-23 11:44:22,V013,149.0,1.0577304484094383
2026-07-23,2026-07-23 11:44:23,V013,149.0,0.9664971305431695
2026-07-23,2026-07-23 11:44:24,V013,149.0,1.0684296299164657
2026-07-23,2026-07-23 11:44:25,V013,148.0,1.0979015747546597
2026-07-23,2026-07-23 11:44:26,V013,148.0,1.0082612425175805
2026-07-23,2026-07-23 11:44:27,V013,148.0,1.0190574524869904
2026-07-23,2026-07-23 11:44:28,V013,147.0,1.0298646995768743
2026-07-23,2026-07-23 11:44:29,V013,147.0,1.0536541647989925
2026-07-23,2026-07-23 11:44:30,V013,147.0,1.1105806520924655
2026-07-23,2026-07-23 11:44:31,V013,147.0,1.0844451473351213
2026-07-23,2026-07-23 11:44:32,V013,147.0,1.051201410775766
2026-07-23,2026-07-23 11:44:33,V013,147.0,1.0322213465869312
2026-07-23,2026-07-23 11:44:34,V013,146.0,1.0133795900762022
2026-07-23,2026-07-23 11:44:35,V013,146.0,1.0273461848388201
2026-07-23,2026-07-23 11:44:36,V013,146.0,1.0348823282224677
2026-07-23,2026-07-23 11:44:37,V013,146.0,1.0269736914028091
2026-07-23,2026-07-23 11:44:38,V013,146.0,1.0128515020517581
2026-07-23,2026-07-23 11:44:39,V013,147.0,1.0721971218277466
2026-07-23,2026-07-23 11:44:40,V013,147.0,1.0293167399474001
2026-07-23,2026-07-23 11:44:41,V013,148.0,1.0491473021206228
2026-07-23,2026-07-23 11:44:42,V013,148.0,1.0410127965071005
2026-07-23,2026-07-23 11:44:43,V013,149.0,1.0419133076307583
2026-07-23,2026-07-23 11:44:44,V013,149.0,0.9625271659391174
2026-07-23,2026-07-23 11:44:45,V013,149.0,1.2859258575900778
2026-07-23,2026-07-23 11:44:46,V013,149.0,0.9166702769659153
2026-07-23,2026-07-23 11:44:47,V013,149.0,0.9763593097658089
2026-07-23,2026-07-23 11:44:48,V013,149.0,1.1310692391279238
2026-07-23,2026-07-23 11:44:49,V013,148.0,1.3395074750192772
2026-07-23,2026-07-23 11:44:50,V013,148.0,1.636896392913592
2026-07-23,2026-07-23 11:44:51,V013,146.0,1.9700264417127349
2026-07-23,2026-07-23 11:44:52,V013,146.0,1.8499829334865086
2026-07-23,2026-07-23 11:44:53,V013,145.0,1.1252138123823474
2026-07-23,2026-07-23 11:44:54,V013,144.0,1.0871203904032325
2026-07-23,2026-07-23 11:44:55,V013,144.0,1.0694163340071974
2026-07-23,2026-07-23 11:44:56,V013,143.0,1.0478309512785833
2026-07-23,2026-07-23 11:44:57,V013,142.0,1.0449438269831188
2026-07-23,2026-07-23 11:44:58,V013,141.0,1.0565643924582169
2026-07-23,2026-07-23 11:44:59,V013,140.0,1.0458592460833165
2026-07-23,2026-07-23 11:45:00,V013,141.0,1.0333088181457442
2026-07-23,2026-07-23 11:45:01,V013,141.0,1.0638499907751664
2026-07-23,2026-07-23 11:45:02,V013,141.0,1.0774754853819581
2026-07-23,2026-07-23 11:45:03,V013,143.0,1.097673303576457
2026-07-23,2026-07-23 11:45:04,V013,144.0,1.1797854546006947
2026-07-23,2026-07-23 11:45:05,V013,145.0,1.133469653431238
2026-07-23,2026-07-23 11:45:06,V013,145.0,1.0177740282013734
2026-07-23,2026-07-23 11:45:07,V013,145.0,1.0312622936750822
2026-07-23,2026-07-23 11:45:08,V013,145.0,1.0200700977008044
2026-07-23,2026-07-23 11:45:09,V013,144.0,1.049752930571483
2026-07-23,2026-07-23 11:45:10,V013,144.0,1.0775090651849253
2026-07-23,2026-07-23 11:45:11,V013,144.0,1.0626596450566093
2026-07-23,2026-07-23 11:45:12,V013,144.0,1.0180707215375016
2026-07-23,2026-07-23 11:45:13,V013,145.0,0.9591370067549644
2026-07-23,2026-07-23 11:45:14,V013,145.0,1.1151623225569227
2026-07-23,2026-07-23 11:45:15,V013,146.0,1.0503270525928425
2026-07-23,2026-07-23 11:45:16,V013,148.0,1.0393036532045818
2026-07-23,2026-07-23 11:45:17,V013,149.0,0.9083263550897469
2026-07-23,2026-07-23 11:45:18,V013,149.0,1.2024847203634512
2026-07-23,2026-07-23 11:45:19,V013,150.0,1.0642172224575162
2026-07-23,2026-07-23 11:45:20,V013,151.0,1.0275169872033103
2026-07-23,2026-07-23 11:45:21,V013,151.0,1.1660100101911353
2026-07-23,2026-07-23 11:45:22,V013,152.0,1.0497733418791835
2026-07-23,2026-07-23 11:45:23,V013,152.0,1.0299715407771755
2026-07-23,2026-07-23 11:45:24,V013,153.0,1.099747289840971
2026-07-23,2026-07-23 11:45:25,V013,153.0,1.047840454980972
2026-07-23,2026-07-23 11:45:26,V013,153.0,1.0931242461482047
2026-07-23,2026-07-23 11:45:27,V013,154.0,1.055781254207849
2026-07-23,2026-07-23 11:45:28,V013,154.0,1.0900199385685037
2026-07-23,2026-07-23 11:45:29,V013,153.0,1.0420538142289004
2026-07-23,2026-07-23 11:45:30,V013,153.0,1.1102351561510782
2026-07-23,2026-07-23 11:45:31,V013,153.0,1.0557166897561896
2026-07-23,2026-07-23 11:45:32,V013,153.0,1.0215312378730625
2026-07-23,2026-07-23 11:45:33,V013,153.0,1.0332592695374692
2026-07-23,2026-07-23 11:45:34,V013,152.0,1.0361068196020948
2026-07-23,2026-07-23 11:45:35,V013,151.0,1.0326976708106177
2026-07-23,2026-07-23 11:45:36,V013,151.0,1.0654167906136611
2026-07-23,2026-07-23 11:45:37,V013,149.0,1.0143429817127454
2026-07-23,2026-07-23 11:45:38,V013,145.0,1.0339580195705766
2026-07-23,2026-07-23 11:45:39,V013,144.0,1.0364848209229438
2026-07-23,2026-07-23 11:45:40,V013,144.0,1.010757433519525
2026-07-23,2026-07-23 11:45:41,V013,139.0,1.0337395299447454
2026-07-23,2026-07-23 11:45:42,V013,136.0,1.0380725822221193
2026-07-23,2026-07-23 11:45:43,V013,134.0,1.0509419884628948
2026-07-23,2026-07-23 11:45:44,V013,132.0,1.0354341300279422
2026-07-23,2026-07-23 11:45:45,V013,132.0,1.070685184264936
2026-07-23,2026-07-23 11:45:46,V013,131.0,1.0466606441493413
2026-07-23,2026-07-23 11:45:47,V013,131.0,1.0314722478491882
2026-07-23,2026-07-23 11:45:48,V013,131.0,1.0661321700336994
2026-07-23,2026-07-23 11:45:49,V013,131.0,1.0105963074925854
2026-07-23,2026-07-23 11:45:50,V013,131.0,1.0242333868998779
2026-07-23,2026-07-23 11:45:51,V013,130.0,1.0203266436648704
2026-07-23,2026-07-23 11:45:52,V013,130.0,1.0165564365366586
2026-07-23,2026-07-23 11:45:53,V013,129.0,1.0120034414958559
2026-07-23,2026-07-23 11:45:54,V013,128.0,1.0246701252655777
2026-07-23,2026-07-23 11:45:55,V013,127.0,1.0185333257789753
2026-07-23,2026-07-23 11:45:56,V013,127.0,1.013636718519974
2026-07-23,2026-07-23 11:45:57,V013,126.0,1.016515867684875
2026-07-23,2026-07-23 11:45:58,V013,126.0,1.031028748192893
2026-07-23,2026-07-23 11:45:59,V013,125.0,1.0323396762833683
2026-07-23,2026-07-23 11:46:00,V013,124.0,1.023968965175881
2026-07-23,2026-07-23 11:46:01,V013,123.0,1.0242609729595427
2026-07-23,2026-07-23 11:46:02,V013,122.0,1.030801926146139
2026-07-23,2026-07-23 11:46:03,V013,122.0,1.0198863430297445
2026-07-23,2026-07-23 11:46:04,V013,122.0,1.0178775857822933
2026-07-23,2026-07-23 11:46:05,V013,123.0,1.0380758225765827
2026-07-23,2026-07-23 11:46:06,V013,125.0,1.0191802219601034
2026-07-23,2026-07-23 11:46:07,V013,126.0,1.0450510789672351
2026-07-23,2026-07-23 11:46:08,V013,126.0,1.0121680919395974
2026-07-23,2026-07-23 11:46:09,V013,128.0,1.0260385335332678
2026-07-23,2026-07-23 11:46:10,V013,129.0,1.0251703613127194
2026-07-23,2026-07-23 11:46:11,V013,130.0,1.0115769250328086
2026-07-23,2026-07-23 11:46:12,V013,130.0,1.015944502011014
2026-07-23,2026-07-23 11:46:13,V013,130.0,1.022816771058558
2026-07-23,2026-07-23 11:46:14,V013,131.0,1.0234287565733204
2026-07-23,2026-07-23 11:46:15,V013,130.0,1.004754042264231
2026-07-23,2026-07-23 11:46:16,V013,129.0,1.0268305178134598
2026-07-23,2026-07-23 11:46:17,V013,128.0,1.0244583708714325
2026-07-23,2026-07-23 11:46:18,V013,128.0,0.983571548334327
2026-07-23,2026-07-23 11:46:19,V013,127.0,1.1394049675767988
2026-07-23,2026-07-23 11:46:20,V013,126.0,1.032484675948942
2026-07-23,2026-07-23 11:46:21,V013,126.0,1.0365113714335241
2026-07-23,2026-07-23 11:46:22,V013,126.0,1.039022589720212
2026-07-23,2026-07-23 11:46:23,V013,126.0,1.0234910877547057
2026-07-23,2026-07-23 11:46:24,V013,126.0,1.009410473172211
2026-07-23,2026-07-23 11:46:25,V013,126.0,1.024289217853339
2026-07-23,2026-07-23 11:46:26,V013,125.0,1.0189882971007573
2026-07-23,2026-07-23 11:46:27,V013,125.0,1.0170874706545543
2026-07-23,2026-07-23 11:46:28,V013,125.0,1.0228159564143757
2026-07-23,2026-07-23 11:46:29,V013,124.0,1.0213671803710165
2026-07-23,2026-07-23 11:46:30,V013,124.0,1.0269140120656601
2026-07-23,2026-07-23 11:46:31,V013,123.0,1.0084197572625544
2026-07-23,2026-07-23 11:46:32,V013,123.0,1.010988577063508
2026-07-23,2026-07-23 11:46:33,V013,122.0,1.0200668493802794
2026-07-23,2026-07-23 11:46:34,V013,122.0,1.019161047895266
2026-07-23,2026-07-23 11:46:35,V013,121.0,1.0161548794312008
2026-07-23,2026-07-23 11:46:36,V013,120.0,1.0352516465835364
2026-07-23,2026-07-23 11:46:37,V013,119.0,1.0017615662417685
2026-07-23,2026-07-23 11:46:38,V013,118.0,1.0150722092411812
2026-07-23,2026-07-23 11:46:39,V013,118.0,1.0602230778547723
2026-07-23,2026-07-23 11:46:40,V013,118.0,1.0017983477342463
2026-07-23,2026-07-23 11:46:41,V013,118.0,1.0702478917826765
2026-07-23,2026-07-23 11:46:42,V013,118.0,1.0271560668103392
2026-07-23,2026-07-23 11:46:43,V013,119.0,1.0226245434420735
2026-07-23,2026-07-23 11:46:44,V013,119.0,1.0145333912523062
2026-07-23,2026-07-23 11:46:45,V013,120.0,1.0168106064031195
2026-07-23,2026-07-23 11:46:46,V013,120.0,1.015363060469015
2026-07-23,2026-07-23 11:46:47,V013,120.0,1.0157267509936225
2026-07-23,2026-07-23 11:46:48,V013,119.0,1.0409149074209538
2026-07-23,2026-07-23 11:46:49,V013,119.0,1.151963446433319
2026-07-23,2026-07-23 11:46:50,V013,119.0,1.072954076133638
2026-07-23,2026-07-23 11:46:51,V013,119.0,1.0229992894100528
2026-07-23,2026-07-23 11:46:52,V013,119.0,1.0151397224997982
2026-07-23,2026-07-23 11:46:53,V013,119.0,1.017080251716814
2026-07-23,2026-07-23 11:46:54,V013,120.0,1.016588415721448
2026-07-23,2026-07-23 11:46:55,V013,120.0,1.0166780569569691
2026-07-23,2026-07-23 11:46:56,V013,119.0,1.0171783584978034
2026-07-23,2026-07-23 11:46:57,V013,119.0,1.0167742088896075
2026-07-23,2026-07-23 11:46:58,V013,119.0,1.017493687083913
2026-07-23,2026-07-23 11:46:59,V013,119.0,1.020872980668082
2026-07-23,2026-07-23 11:47:00,V013,119.0,1.0308152364592444
2026-07-23,2026-07-23 11:47:01,V013,119.0,1.1840007006851447
2026-07-23,2026-07-23 11:47:02,V013,119.0,1.2202350927032575
2026-07-23,2026-07-23 11:47:03,V013,119.0,1.0294281620053698
2026-07-23,2026-07-23 11:47:04,V013,119.0,1.0190481777484452
2026-07-23,2026-07-23 11:47:05,V013,119.0,1.1240040281345647
2026-07-23,2026-07-23 11:47:06,V013,119.0,1.035474437201233
2026-07-23,2026-07-23 11:47:07,V013,119.0,1.1308152628149772
2026-07-23,2026-07-23 11:47:08,V013,119.0,1.166606549096826
2026-07-23,2026-07-23 11:47:09,V013,118.0,1.0380836517644654
2026-07-23,2026-07-23 11:47:10,V013,118.0,1.0383780121807338
2026-07-23,2026-07-23 11:47:11,V013,117.0,1.0298287419245031
2026-07-23,2026-07-23 11:47:12,V013,117.0,1.0169966831981103
2026-07-23,2026-07-23 11:47:13,V013,115.0,1.0197927094940429
2026-07-23,2026-07-23 11:47:14,V013,114.0,1.0154690083644062
2026-07-23,2026-07-23 11:47:15,V013,114.0,1.0531194070175545
2026-07-23,2026-07-23 11:47:16,V013,113.0,0.9805935307624888
2026-07-23,2026-07-23 11:47:17,V013,113.0,1.0032520688411612
2026-07-23,2026-07-23 11:47:18,V013,113.0,0.9903291046242677
2026-07-23,2026-07-23 11:47:19,V013,114.0,0.986433707408203
2026-07-23,2026-07-23 11:47:20,V013,114.0,1.0548828544774496
2026-07-23,2026-07-23 11:47:21,V013,115.0,1.0226264490776749
2026-07-23,2026-07-23 11:47:22,V013,115.0,1.0209440403272596
2026-07-23,2026-07-23 11:47:23,V013,116.0,1.010740162472892
2026-07-23,2026-07-23 11:47:24,V013,116.0,1.0316712989714478
2026-07-23,2026-07-23 11:47:25,V013,117.0,1.0204567390849661
2026-07-23,2026-07-23 11:47:26,V013,117.0,1.0229926452342035
2026-07-23,2026-07-23 11:47:27,V013,117.0,1.022969789335574
2026-07-23,2026-07-23 11:47:28,V013,118.0,1.0187266904919194
2026-07-23,2026-07-23 11:47:29,V013,118.0,1.0216087029862309
2026-07-23,2026-07-23 11:47:30,V013,119.0,1.0185019666769677
2026-07-23,2026-07-23 11:47:31,V013,119.0,1.0193803180383252
2026-07-23,2026-07-23 11:47:32,V013,120.0,1.0208682983662671
2026-07-23,2026-07-23 11:47:33,V013,121.0,1.0198448631284383
2026-07-23,2026-07-23 11:47:34,V013,121.0,1.0245261930290526
2026-07-23,2026-07-23 11:47:35,V013,122.0,1.0224302158508283
2026-07-23,2026-07-23 11:47:36,V013,123.0,0.9991830334017656
2026-07-23,2026-07-23 11:47:37,V013,124.0,1.039494694152567
2026-07-23,2026-07-23 11:47:38,V013,125.0,1.0134184816940748
2026-07-23,2026-07-23 11:47:39,V013,126.0,1.0325398754997743
2026-07-23,2026-07-23 11:47:40,V013,127.0,1.019438119443841
2026-07-23,2026-07-23 11:47:41,V013,128.0,1.044694948269978
2026-07-23,2026-07-23 11:47:42,V013,130.0,1.0419522023888683
2026-07-23,2026-07-23 11:47:43,V013,130.0,1.014700115078109
2026-07-23,2026-07-23 11:47:44,V013,130.0,1.119792899996055
2026-07-23,2026-07-23 11:47:45,V013,130.0,1.0586425713849499
2026-07-23,2026-07-23 11:47:46,V013,130.0,1.0334035260496015
2026-07-23,2026-07-23 11:47:47,V013,130.0,1.0277373094735276
2026-07-23,2026-07-23 11:47:48,V013,132.0,1.0366843962911072
2026-07-23,2026-07-23 11:47:49,V013,132.0,1.083921544954039
2026-07-23,2026-07-23 11:47:50,V013,132.0,0.9962943922427993
2026-07-23,2026-07-23 11:47:51,V013,133.0,1.0115043465080138
2026-07-23,2026-07-23 11:47:52,V013,133.0,1.0970482441179572
2026-07-23,2026-07-23 11:47:53,V013,133.0,1.049204244764262
2026-07-23,2026-07-23 11:47:54,V013,133.0,1.3034095012842943
2026-07-23,2026-07-23 11:47:55,V013,133.0,0.9567478305656256
2026-07-23,2026-07-23 11:47:56,V013,133.0,1.0064573127764709
2026-07-23,2026-07-23 11:47:57,V013,133.0,0.9922275705557854
2026-07-23,2026-07-23 11:47:58,V013,133.0,1.0815468158193704
2026-07-23,2026-07-23 11:47:59,V013,132.0,1.0397095362615636
2026-07-23,2026-07-23 11:48:00,V013,132.0,1.040313368540893
2026-07-23,2026-07-23 11:48:01,V013,132.0,1.0327115182445001
2026-07-23,2026-07-23 11:48:02,V013,133.0,1.0234986151883132
2026-07-23,2026-07-23 11:48:03,V013,133.0,1.0766774084617476
2026-07-23,2026-07-23 11:48:04,V013,132.0,1.0492712102559765
2026-07-23,2026-07-23 11:48:05,V013,132.0,1.0263821597892417
2026-07-23,2026-07-23 11:48:06,V013,132.0,1.051655141633721
2026-07-23,2026-07-23 11:48:07,V013,131.0,1.0537395474956213
2026-07-23,2026-07-23 11:48:08,V013,130.0,1.0494503716067434
2026-07-23,2026-07-23 11:48:09,V013,129.0,1.1043678711333242
2026-07-23,2026-07-23 11:48:10,V013,129.0,1.0334765470244431
2026-07-23,2026-07-23 11:48:11,V013,128.0,1.073185634708084
2026-07-23,2026-07-23 11:48:12,V013,128.0,1.0230497405507608
2026-07-23,2026-07-23 11:48:13,V013,128.0,1.0383484665961522
2026-07-23,2026-07-23 11:48:14,V013,128.0,1.036602974505676
2026-07-23,2026-07-23 11:48:15,V013,129.0,1.1747790181400506
2026-07-23,2026-07-23 11:48:16,V013,129.0,0.9314265905055003
2026-07-23,2026-07-23 11:48:17,V013,130.0,1.130930000965275
2026-07-23,2026-07-23 11:48:18,V013,132.0,1.0354349064381863
2026-07-23,2026-07-23 11:48:19,V013,132.0,1.056082476241266
2026-07-23,2026-07-23 11:48:20,V013,132.0,1.0435547868805977
2026-07-23,2026-07-23 11:48:21,V013,132.0,1.038956603145115
2026-07-23,2026-07-23 11:48:22,V013,133.0,1.0136674347226946
2026-07-23,2026-07-23 11:48:23,V013,133.0,1.083452954674786
2026-07-23,2026-07-23 11:48:24,V013,134.0,1.0664733111598976
2026-07-23,2026-07-23 11:48:25,V013,135.0,1.0921378524457874
2026-07-23,2026-07-23 11:48:26,V013,136.0,1.134752502092635
2026-07-23,2026-07-23 11:48:27,V013,136.0,1.1034777175760915
2026-07-23,2026-07-23 11:48:28,V013,136.0,0.9492912535723984
2026-07-23,2026-07-23 11:48:29,V013,136.0,1.1711238234627335
2026-07-23,2026-07-23 11:48:30,V013,136.0,1.0095493789613084
2026-07-23,2026-07-23 11:48:31,V013,137.0,1.0680631751892893
2026-07-23,2026-07-23 11:48:32,V013,137.0,1.059941060925698
2026-07-23,2026-07-23 11:48:33,V013,137.0,1.1860704647623317
2026-07-23,2026-07-23 11:48:34,V013,137.0,1.2407483362697387
2026-07-23,2026-07-23 11:48:35,V013,137.0,1.1566874069736828
2026-07-23,2026-07-23 11:48:36,V013,137.0,1.1337974215548463
2026-07-23,2026-07-23 11:48:37,V013,137.0,1.1745824332957717
2026-07-23,2026-07-23 11:48:38,V013,137.0,1.1166986282479043
2026-07-23,2026-07-23 11:48:39,V013,137.0,1.029733194270607
2026-07-23,2026-07-23 11:48:40,V013,137.0,1.0343857618553582
2026-07-23,2026-07-23 11:48:41,V013,138.0,1.0440813179729858
2026-07-23,2026-07-23 11:48:42,V013,139.0,0.9668960168756766
2026-07-23,2026-07-23 11:48:43,V013,140.0,1.2569142203484245
2026-07-23,2026-07-23 11:48:44,V013,140.0,1.105034886147116
2026-07-23,2026-07-23 11:48:45,V013,141.0,1.0323169368407787
2026-07-23,2026-07-23 11:48:46,V013,141.0,1.0530590600835659
2026-07-23,2026-07-23 11:48:47,V013,141.0,1.084972144203618
2026-07-23,2026-07-23 11:48:48,V013,141.0,1.0576665328308952
2026-07-23,2026-07-23 11:48:49,V013,142.0,1.1283061979209823
2026-07-23,2026-07-23 11:48:50,V013,142.0,1.0279003381187304
2026-07-23,2026-07-23 11:48:51,V013,142.0,1.0120744807367703
2026-07-23,2026-07-23 11:48:52,V013,142.0,1.0272814755764228
2026-07-23,2026-07-23 11:48:53,V013,142.0,1.0257627038163781
2026-07-23,2026-07-23 11:48:54,V013,142.0,1.0179744840938596
2026-07-23,2026-07-23 11:48:55,V013,141.0,1.0186708933358668
2026-07-23,2026-07-23 11:48:56,V013,141.0,1.0249792336669656
2026-07-23,2026-07-23 11:48:57,V013,141.0,1.0225700101932897
2026-07-23,2026-07-23 11:48:58,V013,140.0,1.0843305157256027
2026-07-23,2026-07-23 11:48:59,V013,140.0,1.0129344996511904
2026-07-23,2026-07-23 11:49:00,V013,140.0,1.028521914335373
2026-07-23,2026-07-23 11:49:01,V013,140.0,1.1216646356919895
2026-07-23,2026-07-23 11:49:02,V013,140.0,1.1305900667249955
2026-07-23,2026-07-23 11:49:03,V013,140.0,1.04828690490328
2026-07-23,2026-07-23 11:49:04,V013,141.0,1.3234792023649415
2026-07-23,2026-07-23 11:49:05,V013,141.0,1.0042784336540798
2026-07-23,2026-07-23 11:49:06,V013,142.0,1.0312505523856268
2026-07-23,2026-07-23 11:49:07,V013,142.0,1.0698832204125965
2026-07-23,2026-07-23 11:49:08,V013,142.0,1.0618855928144568
2026-07-23,2026-07-23 11:49:09,V013,142.0,1.0264513073776358
2026-07-23,2026-07-23 11:49:10,V013,142.0,1.048643375275497
2026-07-23,2026-07-23 11:49:11,V013,142.0,1.0254801100591426
2026-07-23,2026-07-23 11:49:12,V013,142.0,1.211981701069062
2026-07-23,2026-07-23 11:49:13,V013,143.0,0.9766992976666401
2026-07-23,2026-07-23 11:49:14,V013,144.0,1.1598122127951545
2026-07-23,2026-07-23 11:49:15,V013,145.0,1.0280652752077482
2026-07-23,2026-07-23 11:49:16,V013,145.0,1.0523312965613731
2026-07-23,2026-07-23 11:49:17,V013,145.0,1.0777020576748584
2026-07-23,2026-07-23 11:49:18,V013,146.0,1.040036096463825
2026-07-23,2026-07-23 11:49:19,V013,147.0,1.0331885520463138
2026-07-23,2026-07-23 11:49:20,V013,147.0,1.0658719297313186
2026-07-23,2026-07-23 11:49:21,V013,148.0,1.0526221127886266
2026-07-23,2026-07-23 11:49:22,V013,149.0,1.04718610321948
2026-07-23,2026-07-23 11:49:23,V013,150.0,1.0202280136495474
2026-07-23,2026-07-23 11:49:24,V013,151.0,1.0296716208630183
2026-07-23,2026-07-23 11:49:25,V013,152.0,1.016148860572425
2026-07-23,2026-07-23 11:49:26,V013,153.0,1.0435675196898946
2026-07-23,2026-07-23 11:49:27,V013,154.0,1.0701265646849933
2026-07-23,2026-07-23 11:49:28,V013,154.0,1.0024319557441952
2026-07-23,2026-07-23 11:49:29,V013,154.0,1.0794637084728143
2026-07-23,2026-07-23 11:49:30,V013,154.0,1.0285072308062226
2026-07-23,2026-07-23 11:49:31,V013,154.0,1.032928786841428
2026-07-23,2026-07-23 11:49:32,V013,154.0,1.0134638298064464
2026-07-23,2026-07-23 11:49:33,V013,154.0,1.0191298257944676
2026-07-23,2026-07-23 11:49:34,V013,153.0,1.0081183986875437
2026-07-23,2026-07-23 11:49:35,V013,153.0,1.0139629418209506
2026-07-23,2026-07-23 11:49:36,V013,154.0,1.018656235263793
2026-07-23,2026-07-23 11:49:37,V013,153.0,1.0122232290313788
2026-07-23,2026-07-23 11:49:38,V013,152.0,1.0127129778323982
2026-07-23,2026-07-23 11:49:39,V013,151.0,1.0161631468733971
2026-07-23,2026-07-23 11:49:40,V013,150.0,1.059363947684252
2026-07-23,2026-07-23 11:49:41,V013,149.0,1.040388310973957
2026-07-23,2026-07-23 11:49:42,V013,147.0,1.0473440621501637
2026-07-23,2026-07-23 11:49:43,V013,146.0,1.038256313631429
2026-07-23,2026-07-23 11:49:44,V013,145.0,1.070364756769626
2026-07-23,2026-07-23 11:49:45,V013,143.0,1.0756050791207346
2026-07-23,2026-07-23 11:49:46,V013,142.0,1.0641390364392744
2026-07-23,2026-07-23 11:49:47,V013,141.0,1.0628617780720402
2026-07-23,2026-07-23 11:49:48,V013,140.0,1.032526306827054
2026-07-23,2026-07-23 11:49:49,V013,139.0,1.0202865585903829
2026-07-23,2026-07-23 11:49:50,V013,138.0,1.0282622301039797
2026-07-23,2026-07-23 11:49:51,V013,137.0,1.0543853390494038
2026-07-23,2026-07-23 11:49:52,V013,137.0,0.9796574852530078
2026-07-23,2026-07-23 11:49:53,V013,136.0,1.124999099665154
2026-07-23,2026-07-23 11:49:54,V013,135.0,1.0252946132165073
2026-07-23,2026-07-23 11:49:55,V013,135.0,1.0004892439830653
2026-07-23,2026-07-23 11:49:56,V013,135.0,1.0819962608046954
2026-07-23,2026-07-23 11:49:57,V013,134.0,1.047851630690306
2026-07-23,2026-07-23 11:49:58,V013,133.0,1.0532760002127424
2026-07-23,2026-07-23 11:49:59,V013,132.0,1.0601258075898767
2026-07-23,2026-07-23 11:50:00,V013,131.0,
