Timestamp,Heart Rate,ExLoad
2026/06/04 08:44:05,103,0.005756996106356382
2026/06/04 08:44:06,103,0.0028190934099256992
2026/06/04 08:44:07,103,0.005322900600731373
2026/06/04 08:44:08,102,0.004078802186995745
2026/06/04 08:44:09,102,0.004664781503379345
2026/06/04 08:44:10,101,0.004514626227319241
2026/06/04 08:44:11,100,0.005318640265613794
2026/06/04 08:44:12,99,0.0038696308620274067
2026/06/04 08:44:13,99,0.005957090295851231
2026/06/04 08:44:14,98,0.004300918895751238
2026/06/04 08:44:15,98,0.004207100719213486
2026/06/04 08:44:16,98,0.003949983511120081
2026/06/04 08:44:17,98,0.002609666669741273
2026/06/04 08:44:18,97,0.0029574744403362274
2026/06/04 08:44:19,97,0.0035922303795814514
2026/06/04 08:44:20,97,0.003995183389633894
2026/06/04 08:44:21,98,0.0041463663801550865
2026/06/04 08:44:22,98,0.0038807899691164494
2026/06/04 08:44:23,98,0.004425413906574249
2026/06/04 08:44:24,98,0.003749002469703555
2026/06/04 08:44:25,98,0.003918598406016827
2026/06/04 08:44:26,98,0.004533199593424797
2026/06/04 08:44:27,98,0.0035362509079277515
2026/06/04 08:44:28,98,0.004840291570872068
2026/06/04 08:44:29,98,0.004361146595329046
2026/06/04 08:44:30,98,0.0035532736219465733
2026/06/04 08:44:31,98,0.0027801033575087786
2026/06/04 08:44:32,99,0.00465006660670042
2026/06/04 08:44:33,99,0.0036500580608844757
2026/06/04 08:44:34,99,0.003739845473319292
2026/06/04 08:44:35,99,0.005021793767809868
2026/06/04 08:44:36,99,0.004464650526642799
2026/06/04 08:44:37,100,0.00436039874330163
2026/06/04 08:44:38,101,0.006230099126696587
2026/06/04 08:44:39,102,0.0040424903854727745
2026/06/04 08:44:40,102,0.004444287624210119
2026/06/04 08:44:41,103,0.00517199607565999
2026/06/04 08:44:42,102,0.004595906939357519
2026/06/04 08:44:43,101,0.0057120854035019875
2026/06/04 08:44:44,101,0.003968758508563042
2026/06/04 08:44:45,101,0.004313487559556961
2026/06/04 08:44:46,101,0.004815291613340378
2026/06/04 08:44:47,101,0.005081534385681152
2026/06/04 08:44:48,102,0.003222905332222581
2026/06/04 08:44:49,102,0.0037476152647286654
2026/06/04 08:44:50,102,0.004876164253801107
2026/06/04 08:44:51,102,0.004475449677556753
2026/06/04 08:44:52,102,0.004583678208291531
2026/06/04 08:44:53,102,0.004413193557411432
2026/06/04 08:44:54,102,0.004314195364713669
2026/06/04 08:44:55,102,0.004800316412001848
2026/06/04 08:44:56,102,0.005415718071162701
2026/06/04 08:44:57,102,0.005629083141684532
2026/06/04 08:44:58,102,0.004116399679332972
2026/06/04 08:44:59,102,0.0038336017169058323
2026/06/04 08:45:00,103,0.004308235831558704
2026/06/04 08:45:01,103,0.0035564161371439695
2026/06/04 08:45:02,103,0.0055107902735471725
2026/06/04 08:45:03,103,0.005133798811584711
2026/06/04 08:45:04,104,0.005007585044950247
2026/06/04 08:45:05,104,0.005063340999186039
2026/06/04 08:45:06,104,0.004093706142157316
2026/06/04 08:45:07,104,0.0038553921040147543
2026/06/04 08:45:08,105,0.004341334104537964
2026/06/04 08:45:09,105,0.005299374461174011
2026/06/04 08:45:10,106,0.004680630285292864
2026/06/04 08:45:11,107,0.004176226444542408
2026/06/04 08:45:12,107,0.003185480600222945
2026/06/04 08:45:13,106,0.0034184493124485016
2026/06/04 08:45:14,106,0.005470425356179476
2026/06/04 08:45:15,105,0.004706157837063074
2026/06/04 08:45:16,105,0.005523094907402992
2026/06/04 08:45:17,105,0.004224084783345461
2026/06/04 08:45:18,105,0.00599821237847209
2026/06/04 08:45:19,106,0.004722306039184332
2026/06/04 08:45:20,106,0.005182866472750902
2026/06/04 08:45:21,107,0.0053214747458696365
2026/06/04 08:45:22,106,0.0051874760538339615
2026/06/04 08:45:23,106,0.004306164104491472
2026/06/04 08:45:24,105,0.004976314026862383
2026/06/04 08:45:25,104,0.003040567273274064
2026/06/04 08:45:26,104,0.004327502567321062
2026/06/04 08:45:27,104,0.003916494082659483
2026/06/04 08:45:28,105,0.004281141795217991
2026/06/04 08:45:29,105,0.0035798747558146715
2026/06/04 08:45:30,105,0.004749326501041651
2026/06/04 08:45:31,105,0.004340416751801968
2026/06/04 08:45:32,106,0.005263814702630043
2026/06/04 08:45:33,106,0.004110264126211405
2026/06/04 08:45:34,107,0.00492570037022233
2026/06/04 08:45:35,107,0.004469253122806549
2026/06/04 08:45:36,107,0.004065880551934242
2026/06/04 08:45:37,108,0.004453474190086126
2026/06/04 08:45:38,107,0.005223432555794716
2026/06/04 08:45:39,107,0.004935919307172298
2026/06/04 08:45:40,107,0.0039051584899425507
2026/06/04 08:45:41,108,0.0033549347426742315
2026/06/04 08:45:42,107,0.004380814731121063
2026/06/04 08:45:43,107,0.005083986558020115
2026/06/04 08:45:44,107,0.003789616050198674
2026/06/04 08:45:45,107,0.003891922067850828
2026/06/04 08:45:46,107,0.005657993257045746
2026/06/04 08:45:47,106,0.005034961272031069
2026/06/04 08:45:48,106,0.004381777253001928
2026/06/04 08:45:49,106,0.005122687201946974
2026/06/04 08:45:50,105,0.004406336694955826
2026/06/04 08:45:51,105,0.0043027945794165134
2026/06/04 08:45:52,105,0.00492946757003665
2026/06/04 08:45:53,105,0.004072955343872309
2026/06/04 08:45:54,105,0.00414123572409153
2026/06/04 08:45:55,105,0.005355447996407747
2026/06/04 08:45:56,105,0.0045652189292013645
2026/06/04 08:45:57,105,0.0032475977204740047
2026/06/04 08:45:58,105,0.0038537385407835245
2026/06/04 08:45:59,105,0.004501334857195616
2026/06/04 08:46:00,105,0.00358102610334754
2026/06/04 08:46:01,105,0.0047109234146773815
2026/06/04 08:46:02,105,0.004930197261273861
2026/06/04 08:46:03,105,0.0032387978862971067
2026/06/04 08:46:04,105,0.0034386739134788513
2026/06/04 08:46:05,105,0.0032965848222374916
2026/06/04 08:46:06,105,0.003087433986365795
2026/06/04 08:46:07,105,0.0026939422823488712
2026/06/04 08:46:08,105,0.002544980961829424
2026/06/04 08:46:09,105,0.0023026217240840197
2026/06/04 08:46:10,105,0.002786526456475258
2026/06/04 08:46:11,105,0.002857849933207035
2026/06/04 08:46:12,105,0.0024598620366305113
2026/06/04 08:46:13,105,0.002474043285474181
2026/06/04 08:46:14,105,0.0024221790954470634
2026/06/04 08:46:15,105,0.0022215850185602903
2026/06/04 08:46:16,105,0.0029581596609205008
2026/06/04 08:46:17,105,0.002729461994022131
2026/06/04 08:46:18,105,0.002429041313007474
2026/06/04 08:46:19,105,0.00251005869358778
2026/06/04 08:46:20,105,0.0029174082446843386
2026/06/04 08:46:21,105,0.0021891198121011257
2026/06/04 08:46:22,106,0.002372526563704014
2026/06/04 08:46:23,107,0.0022667397279292345
2026/06/04 08:46:24,108,0.0026568688917905092
2026/06/04 08:46:25,108,0.002502872608602047
2026/06/04 08:46:26,108,0.0028090232517570257
2026/06/04 08:46:27,108,0.0034621539525687695
2026/06/04 08:46:28,107,0.0023417421616613865
2026/06/04 08:46:29,107,0.002486579120159149
2026/06/04 08:46:30,107,0.0032089753076434135
2026/06/04 08:46:31,107,0.002640941645950079
2026/06/04 08:46:32,107,0.004216244909912348
2026/06/04 08:46:33,107,0.003245667088776827
2026/06/04 08:46:34,107,0.0021736908238381147
2026/06/04 08:46:35,106,0.0029101416002959013
2026/06/04 08:46:36,106,0.003444095840677619
2026/06/04 08:46:37,105,0.002594385528936982
2026/06/04 08:46:38,105,0.0028242971748113632
2026/06/04 08:46:39,104,0.0032885398250073195
2026/06/04 08:46:40,104,0.0023909155279397964
2026/06/04 08:46:41,104,0.0030337313655763865
2026/06/04 08:46:42,104,0.003072130959481001
2026/06/04 08:46:43,104,0.002925544511526823
2026/06/04 08:46:44,104,0.002485013334080577
2026/06/04 08:46:45,104,0.0023254193365573883
2026/06/04 08:46:46,104,0.002574630780145526
2026/06/04 08:46:47,104,0.0033334894105792046
2026/06/04 08:46:48,104,0.002300564432516694
2026/06/04 08:46:49,104,0.0028948101680725813
2026/06/04 08:46:50,104,0.002751599531620741
2026/06/04 08:46:51,103,0.0027425778098404408
2026/06/04 08:46:52,103,0.0027676688041538
2026/06/04 08:46:53,103,0.0038074846379458904
2026/06/04 08:46:54,103,0.0037516553420573473
2026/06/04 08:46:55,103,0.003135080449283123
2026/06/04 08:46:56,103,0.0030225084628909826
2026/06/04 08:46:57,104,0.0027027428150177
2026/06/04 08:46:58,104,0.0029367064125835896
2026/06/04 08:46:59,104,0.002859200118109584
2026/06/04 08:47:00,104,0.002693668007850647
2026/06/04 08:47:01,105,0.0025053955614566803
2026/06/04 08:47:02,105,0.002697800053283572
2026/06/04 08:47:03,106,0.0028284124564379454
2026/06/04 08:47:04,106,0.003116350620985031
2026/06/04 08:47:05,107,0.002571910386905074
2026/06/04 08:47:06,106,0.0028679482638835907
2026/06/04 08:47:07,106,0.003200455103069544
2026/06/04 08:47:08,105,0.002276255516335368
2026/06/04 08:47:09,105,0.0028667261358350515
2026/06/04 08:47:10,105,0.003447836497798562
2026/06/04 08:47:11,105,0.002174366731196642
2026/06/04 08:47:12,105,0.0030341818928718567
2026/06/04 08:47:13,106,0.003029548330232501
2026/06/04 08:47:14,106,0.002329333685338497
2026/06/04 08:47:15,107,0.0022377511486411095
2026/06/04 08:47:16,106,0.003064595628529787
2026/06/04 08:47:17,106,0.002217777306213975
2026/06/04 08:47:18,105,0.0021619806066155434
2026/06/04 08:47:19,105,0.0030343772377818823
2026/06/04 08:47:20,105,0.0019141975790262222
2026/06/04 08:47:21,105,0.0021377834491431713
2026/06/04 08:47:22,105,0.002890992909669876
2026/06/04 08:47:23,105,0.0019937450997531414
2026/06/04 08:47:24,105,0.0033113439567387104
2026/06/04 08:47:25,105,0.0045828986912965775
2026/06/04 08:47:26,105,0.0033258304465562105
2026/06/04 08:47:27,106,0.0027616098523139954
2026/06/04 08:47:28,106,0.006155652459710836
2026/06/04 08:47:29,105,0.03412836417555809
2026/06/04 08:47:30,106,0.01443793997168541
2026/06/04 08:47:31,106,0.2457440346479416
2026/06/04 08:47:32,105,0.06696311384439468
2026/06/04 08:47:33,105,0.1431523859500885
2026/06/04 08:47:34,105,0.33757296204566956
2026/06/04 08:47:35,105,0.08027923852205276
2026/06/04 08:47:36,105,0.02116987109184265
2026/06/04 08:47:37,105,0.021373450756072998
2026/06/04 08:47:38,105,0.12671883404254913
2026/06/04 08:47:39,105,0.2704527676105499
2026/06/04 08:47:40,105,0.04933396354317665
2026/06/04 08:47:41,105,0.008191047236323357
2026/06/04 08:47:42,105,0.007699265144765377
2026/06/04 08:47:43,104,0.011079087853431702
2026/06/04 08:47:44,104,0.011786314658820629
2026/06/04 08:47:45,104,0.007648534141480923
2026/06/04 08:47:46,104,0.011258476413786411
2026/06/04 08:47:47,104,0.009827631525695324
2026/06/04 08:47:48,104,0.009622727520763874
2026/06/04 08:47:49,104,0.007882371544837952
2026/06/04 08:47:50,103,0.010801016353070736
2026/06/04 08:47:51,103,0.010591232217848301
2026/06/04 08:47:52,103,0.009465889073908329
2026/06/04 08:47:53,103,0.00988834910094738
2026/06/04 08:47:54,103,0.009777490049600601
2026/06/04 08:47:55,102,0.008051435463130474
2026/06/04 08:47:56,102,0.008573330007493496
2026/06/04 08:47:57,102,0.008525967597961426
2026/06/04 08:47:58,102,0.009766208939254284
2026/06/04 08:47:59,102,0.0096479756757617
2026/06/04 08:48:00,102,0.009812905453145504
2026/06/04 08:48:01,102,0.00946779828518629
2026/06/04 08:48:02,102,0.008735737763345242
2026/06/04 08:48:03,102,0.009072170592844486
2026/06/04 08:48:04,102,0.008266578428447247
2026/06/04 08:48:05,102,0.010567687451839447
2026/06/04 08:48:06,102,0.009092294611036777
2026/06/04 08:48:07,102,0.010024413466453552
2026/06/04 08:48:08,101,0.010810703039169312
2026/06/04 08:48:09,101,0.007005627732723951
2026/06/04 08:48:10,101,0.00875222496688366
2026/06/04 08:48:11,100,0.00749539490789175
2026/06/04 08:48:12,101,0.00736266328021884
2026/06/04 08:48:13,101,0.008335188962519169
2026/06/04 08:48:14,101,0.007232266943901777
2026/06/04 08:48:15,102,0.007139303721487522
2026/06/04 08:48:16,102,0.007889815606176853
2026/06/04 08:48:17,103,0.00975797325372696
2026/06/04 08:48:18,103,0.007656916975975037
2026/06/04 08:48:19,103,0.008035236038267612
2026/06/04 08:48:20,104,0.011897136457264423
2026/06/04 08:48:21,104,0.009783642366528511
2026/06/04 08:48:22,104,0.007414321415126324
2026/06/04 08:48:23,104,0.007912115193903446
2026/06/04 08:48:24,105,0.01025682408362627
2026/06/04 08:48:25,106,0.008856965228915215
2026/06/04 08:48:26,105,0.008105340413749218
2026/06/04 08:48:27,104,0.008689804933965206
2026/06/04 08:48:28,103,0.007681448943912983
2026/06/04 08:48:29,103,0.007504138629883528
2026/06/04 08:48:30,102,0.008949065580964088
2026/06/04 08:48:31,102,0.00959264300763607
2026/06/04 08:48:32,102,0.011020978912711143
2026/06/04 08:48:33,102,0.01635529287159443
2026/06/04 08:48:34,103,0.007356925401836634
2026/06/04 08:48:35,103,0.007293873932212591
2026/06/04 08:48:36,103,0.009161405265331268
2026/06/04 08:48:37,103,0.00818441528826952
2026/06/04 08:48:38,103,0.00747207086533308
2026/06/04 08:48:39,103,0.006197131238877773
2026/06/04 08:48:40,103,0.007499254308640957
2026/06/04 08:48:41,103,0.006767147220671177
2026/06/04 08:48:42,103,0.008112181909382343
2026/06/04 08:48:43,103,0.009018401615321636
2026/06/04 08:48:44,103,0.008866863325238228
2026/06/04 08:48:45,104,0.007560899015516043
2026/06/04 08:48:46,104,0.00974569283425808
2026/06/04 08:48:47,104,0.008832917548716068
2026/06/04 08:48:48,105,0.007399039342999458
2026/06/04 08:48:49,105,0.00841780286282301
2026/06/04 08:48:50,104,0.010319821536540985
2026/06/04 08:48:51,104,0.011900613084435463
2026/06/04 08:48:52,105,0.012691992335021496
2026/06/04 08:48:53,105,0.00995428953319788
2026/06/04 08:48:54,106,0.009620025753974915
2026/06/04 08:48:55,107,0.009056453593075275
2026/06/04 08:48:56,107,0.009045787155628204
2026/06/04 08:48:57,108,0.008123856969177723
2026/06/04 08:48:58,108,0.015462919138371944
2026/06/04 08:48:59,107,0.025977319106459618
2026/06/04 08:49:00,107,0.008274693973362446
2026/06/04 08:49:01,107,0.02086811326444149
2026/06/04 08:49:02,106,0.05125654488801956
2026/06/04 08:49:03,106,0.1945924013853073
2026/06/04 08:49:04,105,0.023641955107450485
2026/06/04 08:49:05,105,0.011652136221528053
2026/06/04 08:49:06,105,0.03316168487071991
2026/06/04 08:49:07,105,0.07667245715856552
2026/06/04 08:49:08,105,0.45295777916908264
2026/06/04 08:49:09,105,0.04888916015625
2026/06/04 08:49:10,105,0.008962811902165413
2026/06/04 08:49:11,105,0.024586638435721397
2026/06/04 08:49:12,104,0.012648062780499458
2026/06/04 08:49:13,104,0.011980581097304821
2026/06/04 08:49:14,104,0.011339280754327774
2026/06/04 08:49:15,104,0.008728981018066406
2026/06/04 08:49:16,103,0.016476677730679512
2026/06/04 08:49:17,103,0.012392081320285797
2026/06/04 08:49:18,103,0.011022469960153103
2026/06/04 08:49:19,104,0.0213346965610981
2026/06/04 08:49:20,104,0.014255770482122898
2026/06/04 08:49:21,104,0.01881997101008892
2026/06/04 08:49:22,104,0.015574008226394653
2026/06/04 08:49:23,103,0.018613869324326515
2026/06/04 08:49:24,103,0.009648906998336315
2026/06/04 08:49:25,103,0.0112264109775424
2026/06/04 08:49:26,102,0.012245016172528267
2026/06/04 08:49:27,102,0.017718899995088577
2026/06/04 08:49:28,102,0.01642082817852497
2026/06/04 08:49:29,101,0.012776938267052174
2026/06/04 08:49:30,101,0.008749890141189098
2026/06/04 08:49:31,100,0.009201396256685257
2026/06/04 08:49:32,100,0.010691205970942974
2026/06/04 08:49:33,100,0.012780725955963135
2026/06/04 08:49:34,100,0.010487447492778301
2026/06/04 08:49:35,101,0.012689206749200821
2026/06/04 08:49:36,101,0.013884912244975567
2026/06/04 08:49:37,101,0.011110569350421429
2026/06/04 08:49:38,101,0.012731404043734074
2026/06/04 08:49:39,101,0.009657192043960094
2026/06/04 08:49:40,101,0.010862227529287338
2026/06/04 08:49:41,101,0.012271957471966743
2026/06/04 08:49:42,101,0.01318865455687046
2026/06/04 08:49:43,101,0.01322014071047306
2026/06/04 08:49:44,101,0.013740086928009987
2026/06/04 08:49:45,101,0.015246846713125706
2026/06/04 08:49:46,101,0.013399532064795494
2026/06/04 08:49:47,101,0.011169597506523132
2026/06/04 08:49:48,100,0.020258722826838493
2026/06/04 08:49:49,100,0.009213769808411598
2026/06/04 08:49:50,100,0.008867859840393066
2026/06/04 08:49:51,100,0.013419468887150288
2026/06/04 08:49:52,100,0.009942793287336826
2026/06/04 08:49:53,99,0.017880581319332123
2026/06/04 08:49:54,99,0.01877548173069954
2026/06/04 08:49:55,99,0.03881186991930008
2026/06/04 08:49:56,99,0.0176224447786808
2026/06/04 08:49:57,99,0.01155476551502943
2026/06/04 08:49:58,99,0.010123071260750294
2026/06/04 08:49:59,98,0.01754060573875904
2026/06/04 08:50:00,98,0.01700095273554325
2026/06/04 08:50:01,98,0.03938647359609604
2026/06/04 08:50:02,98,0.14891934394836426
2026/06/04 08:50:03,98,0.39488548040390015
2026/06/04 08:50:04,98,0.19186632335186005
2026/06/04 08:50:05,98,0.12937356531620026
2026/06/04 08:50:06,98,0.03021342307329178
2026/06/04 08:50:07,98,0.04597577825188637
2026/06/04 08:50:08,98,0.1536736637353897
2026/06/04 08:50:09,98,0.2280154973268509
2026/06/04 08:50:10,98,0.10360204428434372
2026/06/04 08:50:11,98,0.0899861752986908
2026/06/04 08:50:12,98,0.07234986126422882
2026/06/04 08:50:13,99,0.06379519402980804
2026/06/04 08:50:14,98,0.1615152359008789
2026/06/04 08:50:15,98,0.1373203992843628
2026/06/04 08:50:16,97,0.10656595230102539
2026/06/04 08:50:17,96,0.06980960071086884
2026/06/04 08:50:18,95,0.061207208782434464
2026/06/04 08:50:19,94,0.09049802273511887
2026/06/04 08:50:20,93,0.060840874910354614
2026/06/04 08:50:21,92,0.06826626509428024
2026/06/04 08:50:22,91,0.06036411225795746
2026/06/04 08:50:23,90,0.06387453526258469
2026/06/04 08:50:24,91,0.20473286509513855
2026/06/04 08:50:25,91,0.11072973161935806
2026/06/04 08:50:26,91,0.061278726905584335
2026/06/04 08:50:27,91,0.10630068182945251
2026/06/04 08:50:28,92,0.07072673738002777
2026/06/04 08:50:29,92,0.11477601528167725
2026/06/04 08:50:30,92,0.19610042870044708
2026/06/04 08:50:31,92,0.17050965130329132
2026/06/04 08:50:32,92,0.2597839832305908
2026/06/04 08:50:33,93,0.18978388607501984
2026/06/04 08:50:34,93,0.18620136380195618
2026/06/04 08:50:35,94,0.09170392900705338
2026/06/04 08:50:36,94,0.095303013920784
2026/06/04 08:50:37,95,0.12847734987735748
2026/06/04 08:50:38,96,0.13634547591209412
2026/06/04 08:50:39,97,0.11366450786590576
2026/06/04 08:50:40,98,0.16797278821468353
2026/06/04 08:50:41,99,0.1460888832807541
2026/06/04 08:50:42,100,0.12471222132444382
2026/06/04 08:50:43,101,0.15710604190826416
2026/06/04 08:50:44,102,0.08395768702030182
2026/06/04 08:50:45,103,0.1567675769329071
2026/06/04 08:50:46,104,0.09556291997432709
2026/06/04 08:50:47,106,0.13840648531913757
2026/06/04 08:50:48,106,0.1411311775445938
2026/06/04 08:50:49,107,0.10153736919164658
2026/06/04 08:50:50,107,0.07431069761514664
2026/06/04 08:50:51,107,0.08819889277219772
2026/06/04 08:50:52,106,0.15248620510101318
2026/06/04 08:50:53,106,0.21165376901626587
2026/06/04 08:50:54,106,0.2315414994955063
2026/06/04 08:50:55,106,0.26674413681030273
2026/06/04 08:50:56,106,0.41678664088249207
2026/06/04 08:50:57,106,0.17152456939220428
2026/06/04 08:50:58,105,0.04211118817329407
2026/06/04 08:50:59,105,0.042050622403621674
2026/06/04 08:51:00,106,0.04050197824835777
2026/06/04 08:51:01,106,0.04149320349097252
2026/06/04 08:51:02,106,0.04075278714299202
2026/06/04 08:51:03,106,0.04136064276099205
2026/06/04 08:51:04,106,0.040910616517066956
2026/06/04 08:51:05,106,0.042001377791166306
2026/06/04 08:51:06,106,0.04165666550397873
2026/06/04 08:51:07,106,0.2894066274166107
2026/06/04 08:51:08,106,0.09575290232896805
2026/06/04 08:51:09,106,0.04096462205052376
2026/06/04 08:51:10,106,0.04083137586712837
2026/06/04 08:51:11,107,0.04245338961482048
2026/06/04 08:51:12,107,0.040996287018060684
2026/06/04 08:51:13,107,0.041081055998802185
2026/06/04 08:51:14,107,0.040002577006816864
2026/06/04 08:51:15,108,0.0410286970436573
2026/06/04 08:51:16,108,0.0414661280810833
2026/06/04 08:51:17,108,0.04296451061964035
2026/06/04 08:51:18,108,0.0398823618888855
2026/06/04 08:51:19,108,0.04059462621808052
2026/06/04 08:51:20,108,0.04052156209945679
2026/06/04 08:51:21,108,0.04124656692147255
2026/06/04 08:51:22,109,0.04077849164605141
2026/06/04 08:51:23,109,0.0413283109664917
2026/06/04 08:51:24,110,0.04238676279783249
2026/06/04 08:51:25,111,0.04067692533135414
2026/06/04 08:51:26,112,0.04021251201629639
2026/06/04 08:51:27,112,0.04157203808426857
2026/06/04 08:51:28,112,0.04264812543988228
2026/06/04 08:51:29,112,0.04202451556921005
2026/06/04 08:51:30,112,0.04216235503554344
2026/06/04 08:51:31,112,0.041515327990055084
2026/06/04 08:51:32,112,0.04056227207183838
2026/06/04 08:51:33,112,0.04023269936442375
2026/06/04 08:51:34,112,0.040973465889692307
2026/06/04 08:51:35,112,0.04061359912157059
2026/06/04 08:51:36,112,0.04105936363339424
2026/06/04 08:51:37,112,0.04170083627104759
2026/06/04 08:51:38,111,0.041461508721113205
2026/06/04 08:51:39,110,0.04056816175580025
2026/06/04 08:51:40,110,0.04083570837974548
2026/06/04 08:51:41,110,0.04139377549290657
2026/06/04 08:51:42,110,0.04084782674908638
2026/06/04 08:51:43,110,0.041064292192459106
2026/06/04 08:51:44,111,0.040556587278842926
2026/06/04 08:51:45,111,0.041199181228876114
2026/06/04 08:51:46,111,0.0407659113407135
2026/06/04 08:51:47,110,0.5966987609863281
2026/06/04 08:51:48,110,0.545386791229248
2026/06/04 08:51:49,110,0.25096648931503296
2026/06/04 08:51:50,110,0.2659638822078705
2026/06/04 08:51:51,110,0.29064738750457764
2026/06/04 08:51:52,110,1.2436589002609253
2026/06/04 08:51:53,110,0.8441562652587891
2026/06/04 08:51:54,110,0.6766786575317383
2026/06/04 08:51:55,110,0.23600955307483673
2026/06/04 08:51:56,109,0.31987470388412476
2026/06/04 08:51:57,109,0.43046560883522034
2026/06/04 08:51:58,110,0.1022736206650734
2026/06/04 08:51:59,110,0.19611316919326782
2026/06/04 08:52:00,109,0.26701462268829346
2026/06/04 08:52:01,108,0.04988881200551987
2026/06/04 08:52:02,109,0.05837702378630638
2026/06/04 08:52:03,110,0.048112787306308746
2026/06/04 08:52:04,111,0.0670991912484169
2026/06/04 08:52:05,112,0.05944312736392021
2026/06/04 08:52:06,113,0.12942476570606232
2026/06/04 08:52:07,114,0.17823553085327148
2026/06/04 08:52:08,113,0.0814615786075592
2026/06/04 08:52:09,113,0.1307934671640396
2026/06/04 08:52:10,113,0.14669060707092285
2026/06/04 08:52:11,113,0.10822410881519318
2026/06/04 08:52:12,113,0.0740102007985115
2026/06/04 08:52:13,113,0.04682423174381256
2026/06/04 08:52:14,113,0.03631807491183281
2026/06/04 08:52:15,113,0.038035839796066284
2026/06/04 08:52:16,113,0.03415985777974129
2026/06/04 08:52:17,113,0.040958307683467865
2026/06/04 08:52:18,113,0.052872512489557266
2026/06/04 08:52:19,114,0.05050423741340637
2026/06/04 08:52:20,113,0.05297860875725746
2026/06/04 08:52:21,113,0.0724688470363617
2026/06/04 08:52:22,113,0.09958764910697937
2026/06/04 08:52:23,113,0.05124600604176521
2026/06/04 08:52:24,112,0.07099731266498566
2026/06/04 08:52:25,112,0.07935669273138046
2026/06/04 08:52:26,111,0.21160173416137695
2026/06/04 08:52:27,110,0.09439205378293991
2026/06/04 08:52:28,109,0.065552718937397
2026/06/04 08:52:29,109,0.04224414750933647
2026/06/04 08:52:30,108,0.032538726925849915
2026/06/04 08:52:31,107,0.3723689317703247
2026/06/04 08:52:32,107,0.06850863248109818
2026/06/04 08:52:33,106,0.4107155203819275
2026/06/04 08:52:34,107,0.13369713723659515
2026/06/04 08:52:35,108,0.09575540572404861
2026/06/04 08:52:36,108,0.09518560767173767
2026/06/04 08:52:37,109,0.047276102006435394
2026/06/04 08:52:38,109,0.1529933214187622
2026/06/04 08:52:39,109,0.11775651574134827
2026/06/04 08:52:40,109,0.20250576734542847
2026/06/04 08:52:41,109,0.05350501090288162
2026/06/04 08:52:42,109,0.12036176025867462
2026/06/04 08:52:43,109,0.059105873107910156
2026/06/04 08:52:44,109,0.0802234336733818
2026/06/04 08:52:45,109,0.11002982407808304
2026/06/04 08:52:46,109,0.09208014607429504
2026/06/04 08:52:47,109,0.05516228824853897
2026/06/04 08:52:48,109,0.04907775670289993
2026/06/04 08:52:49,109,0.04964761435985565
2026/06/04 08:52:50,109,0.04958849027752876
2026/06/04 08:52:51,109,0.04970898479223251
2026/06/04 08:52:52,109,0.12725719809532166
2026/06/04 08:52:53,109,0.05737794563174248
2026/06/04 08:52:54,109,0.08803628385066986
2026/06/04 08:52:55,109,0.06953644752502441
2026/06/04 08:52:56,108,0.04838591814041138
2026/06/04 08:52:57,108,0.11994117498397827
2026/06/04 08:52:58,107,0.0845574140548706
2026/06/04 08:52:59,107,0.0707002654671669
2026/06/04 08:53:00,105,0.05000999942421913
2026/06/04 08:53:01,104,0.056400079280138016
2026/06/04 08:53:02,105,0.05453937500715256
2026/06/04 08:53:03,105,0.054931629449129105
2026/06/04 08:53:04,105,0.1027919352054596
2026/06/04 08:53:05,104,0.10682425647974014
2026/06/04 08:53:06,104,0.05705980584025383
2026/06/04 08:53:07,104,0.07725084573030472
2026/06/04 08:53:08,104,0.25316640734672546
2026/06/04 08:53:09,104,0.07904212921857834
2026/06/04 08:53:10,104,0.12360180914402008
2026/06/04 08:53:11,105,0.0880207046866417
2026/06/04 08:53:12,106,0.07406336069107056
2026/06/04 08:53:13,106,0.05085844546556473
2026/06/04 08:53:14,106,0.05805499851703644
2026/06/04 08:53:15,107,0.05787238851189613
2026/06/04 08:53:16,105,0.04679179936647415
2026/06/04 08:53:17,104,0.04731940105557442
2026/06/04 08:53:18,103,0.09282168745994568
2026/06/04 08:53:19,103,0.04468567296862602
2026/06/04 08:53:20,102,0.040251534432172775
2026/06/04 08:53:21,102,0.04208044335246086
2026/06/04 08:53:22,102,0.039510373026132584
2026/06/04 08:53:23,102,0.04159662127494812
2026/06/04 08:53:24,102,0.039695855230093
2026/06/04 08:53:25,102,0.05225043743848801
2026/06/04 08:53:26,103,0.04235950484871864
2026/06/04 08:53:27,103,0.06839064508676529
2026/06/04 08:53:28,103,0.04836501181125641
2026/06/04 08:53:29,103,0.028173154219985008
2026/06/04 08:53:30,104,0.054736215621232986
2026/06/04 08:53:31,104,0.1347433179616928
2026/06/04 08:53:32,105,0.07551192492246628
2026/06/04 08:53:33,106,0.05281456932425499
2026/06/04 08:53:34,106,0.058606065809726715
2026/06/04 08:53:35,105,0.0562036857008934
2026/06/04 08:53:36,105,0.05705657973885536
2026/06/04 08:53:37,105,0.05471190810203552
2026/06/04 08:53:38,105,0.07498524338006973
2026/06/04 08:53:39,105,0.07851317524909973
2026/06/04 08:53:40,105,0.049937278032302856
2026/06/04 08:53:41,105,0.05372628942131996
2026/06/04 08:53:42,105,0.05110069736838341
2026/06/04 08:53:43,106,0.05083019286394119
2026/06/04 08:53:44,106,0.05045754089951515
2026/06/04 08:53:45,106,0.050701797008514404
2026/06/04 08:53:46,106,0.05082126334309578
2026/06/04 08:53:47,106,0.06429607421159744
2026/06/04 08:53:48,105,0.05199205502867699
2026/06/04 08:53:49,104,0.0619453527033329
2026/06/04 08:53:50,103,0.05743250623345375
2026/06/04 08:53:51,102,0.06672178953886032
2026/06/04 08:53:52,101,0.05545266717672348
2026/06/04 08:53:53,101,0.045882273465394974
2026/06/04 08:53:54,101,0.05577034130692482
2026/06/04 08:53:55,101,0.04738185554742813
2026/06/04 08:53:56,101,0.061370547860860825
2026/06/04 08:53:57,102,0.044457219541072845
2026/06/04 08:53:58,102,0.044603634625673294
2026/06/04 08:53:59,102,0.04603401571512222
2026/06/04 08:54:00,103,0.0458684079349041
2026/06/04 08:54:01,103,0.1512673795223236
2026/06/04 08:54:02,103,0.07003525644540787
2026/06/04 08:54:03,103,0.06490502506494522
2026/06/04 08:54:04,104,0.04521406069397926
2026/06/04 08:54:05,104,0.03415997698903084
2026/06/04 08:54:06,104,0.0321001373231411
2026/06/04 08:54:07,104,0.03218599781394005
2026/06/04 08:54:08,105,0.03205958753824234
2026/06/04 08:54:09,106,0.032294951379299164
2026/06/04 08:54:10,105,0.0461934469640255
2026/06/04 08:54:11,105,0.050798676908016205
2026/06/04 08:54:12,105,0.05150631070137024
2026/06/04 08:54:13,105,0.051304060965776443
2026/06/04 08:54:14,104,0.05124187842011452
2026/06/04 08:54:15,104,0.053864557296037674
2026/06/04 08:54:16,103,0.05206581577658653
2026/06/04 08:54:17,103,0.050356753170490265
2026/06/04 08:54:18,102,0.0487065464258194
2026/06/04 08:54:19,101,0.04750737175345421
2026/06/04 08:54:20,100,0.04815388470888138
2026/06/04 08:54:21,99,0.04781043529510498
2026/06/04 08:54:22,98,0.048259928822517395
2026/06/04 08:54:23,97,0.047638047486543655
2026/06/04 08:54:24,96,0.04813600704073906
2026/06/04 08:54:25,96,0.04884251579642296
2026/06/04 08:54:26,96,0.04811129346489906
2026/06/04 08:54:27,96,0.14383499324321747
2026/06/04 08:54:28,95,0.10481679439544678
2026/06/04 08:54:29,95,0.08977807313203812
2026/06/04 08:54:30,95,0.05229613557457924
2026/06/04 08:54:31,94,0.05491712689399719
2026/06/04 08:54:32,93,0.05398229509592056
2026/06/04 08:54:33,92,0.05475177615880966
2026/06/04 08:54:34,91,0.057550475001335144
2026/06/04 08:54:35,90,0.04858439415693283
2026/06/04 08:54:36,89,0.051184967160224915
2026/06/04 08:54:37,88,0.053458377718925476
2026/06/04 08:54:38,88,0.05186281353235245
2026/06/04 08:54:39,89,0.0540781132876873
2026/06/04 08:54:40,89,0.06117900088429451
2026/06/04 08:54:41,90,0.06216215342283249
2026/06/04 08:54:42,90,0.14150063693523407
2026/06/04 08:54:43,91,0.1653139591217041
2026/06/04 08:54:44,91,0.08283541351556778
2026/06/04 08:54:45,92,0.06272593885660172
2026/06/04 08:54:46,94,0.04757010564208031
2026/06/04 08:54:47,95,0.045375555753707886
2026/06/04 08:54:48,98,0.040115367621183395
2026/06/04 08:54:49,100,0.06151118874549866
2026/06/04 08:54:50,101,0.06110662221908569
2026/06/04 08:54:51,103,0.04343700781464577
2026/06/04 08:54:52,104,0.051913898438215256
2026/06/04 08:54:53,105,0.05346151441335678
2026/06/04 08:54:54,106,0.03862709552049637
2026/06/04 08:54:55,107,0.05994183197617531
2026/06/04 08:54:56,108,0.07379525899887085
2026/06/04 08:54:57,108,0.06251606345176697
2026/06/04 08:54:58,109,0.051086537539958954
2026/06/04 08:54:59,109,0.039270322769880295
2026/06/04 08:55:00,110,0.04725595936179161
2026/06/04 08:55:01,110,0.0463317446410656
2026/06/04 08:55:02,110,0.04504983127117157
2026/06/04 08:55:03,110,0.05352117493748665
2026/06/04 08:55:04,110,0.06926755607128143
2026/06/04 08:55:05,109,0.07840199023485184
2026/06/04 08:55:06,109,0.08067651093006134
2026/06/04 08:55:07,108,0.05449691042304039
2026/06/04 08:55:08,108,0.08084791898727417
2026/06/04 08:55:09,108,0.053735096007585526
2026/06/04 08:55:10,107,0.058660928159952164
2026/06/04 08:55:11,107,0.0769239217042923
2026/06/04 08:55:12,107,0.059828709810972214
2026/06/04 08:55:13,108,0.0601993128657341
2026/06/04 08:55:14,108,0.0568721778690815
2026/06/04 08:55:15,107,0.05382402241230011
2026/06/04 08:55:16,108,0.05414261296391487
2026/06/04 08:55:17,108,0.0751102864742279
2026/06/04 08:55:18,108,0.05996428430080414
2026/06/04 08:55:19,109,0.07658782601356506
2026/06/04 08:55:20,109,0.06923596560955048
2026/06/04 08:55:21,110,0.07684479653835297
2026/06/04 08:55:22,110,0.05925985425710678
2026/06/04 08:55:23,110,0.05720904842019081
2026/06/04 08:55:24,111,0.037231478840112686
2026/06/04 08:55:25,111,0.06671266257762909
2026/06/04 08:55:26,111,0.04989755153656006
2026/06/04 08:55:27,111,0.05012904852628708
2026/06/04 08:55:28,111,0.054800309240818024
2026/06/04 08:55:29,110,0.1016945168375969
2026/06/04 08:55:30,110,0.09013243764638901
2026/06/04 08:55:31,110,0.06559674441814423
2026/06/04 08:55:32,111,0.0424426831305027
2026/06/04 08:55:33,112,0.05569486320018768
2026/06/04 08:55:34,112,0.05169752985239029
2026/06/04 08:55:35,113,0.06643549352884293
2026/06/04 08:55:36,113,0.07839550077915192
2026/06/04 08:55:37,114,0.11229167878627777
2026/06/04 08:55:38,114,0.08037875592708588
2026/06/04 08:55:39,115,0.08303818851709366
2026/06/04 08:55:40,116,0.049696873873472214
2026/06/04 08:55:41,116,0.05556003004312515
2026/06/04 08:55:42,117,0.06150186061859131
2026/06/04 08:55:43,117,0.08179080486297607
2026/06/04 08:55:44,118,0.053783342242240906
2026/06/04 08:55:45,118,0.05690893903374672
2026/06/04 08:55:46,117,0.05303683504462242
2026/06/04 08:55:47,116,0.05249999091029167
2026/06/04 08:55:48,115,0.059340208768844604
2026/06/04 08:55:49,115,0.0411212183535099
2026/06/04 08:55:50,113,0.03140885755419731
2026/06/04 08:55:51,112,0.05304046347737312
2026/06/04 08:55:52,111,0.05060756579041481
2026/06/04 08:55:53,110,0.04883122816681862
2026/06/04 08:55:54,108,0.05180906504392624
2026/06/04 08:55:55,106,0.051723580807447433
2026/06/04 08:55:56,104,0.052577730268239975
2026/06/04 08:55:57,103,0.05232672393321991
2026/06/04 08:55:58,103,0.05360571667551994
2026/06/04 08:55:59,103,0.05721244215965271
2026/06/04 08:56:00,103,0.05393257364630699
2026/06/04 08:56:01,103,0.05140301585197449
2026/06/04 08:56:02,103,0.05239258334040642
2026/06/04 08:56:03,103,0.05140421912074089
2026/06/04 08:56:04,102,0.050667718052864075
2026/06/04 08:56:05,102,0.05098879709839821
2026/06/04 08:56:06,100,0.050732892006635666
2026/06/04 08:56:07,99,0.0511450357735157
2026/06/04 08:56:08,97,0.05038876086473465
2026/06/04 08:56:09,95,0.05068165436387062
2026/06/04 08:56:10,94,0.05111527070403099
2026/06/04 08:56:11,92,0.051190342754125595
2026/06/04 08:56:12,91,0.054219938814640045
2026/06/04 08:56:13,90,0.03667300567030907
2026/06/04 08:56:14,88,0.030506405979394913
2026/06/04 08:56:15,88,0.04685601219534874
2026/06/04 08:56:16,87,0.045272357761859894
2026/06/04 08:56:17,86,0.04437393695116043
2026/06/04 08:56:18,86,0.0443703792989254
2026/06/04 08:56:19,86,0.044433463364839554
2026/06/04 08:56:20,86,0.0440598800778389
2026/06/04 08:56:21,87,0.04466945305466652
2026/06/04 08:56:22,87,0.044351283460855484
2026/06/04 08:56:23,88,0.08891959488391876
2026/06/04 08:56:24,88,0.11547612398862839
2026/06/04 08:56:25,89,0.13741639256477356
2026/06/04 08:56:26,89,0.05271678790450096
2026/06/04 08:56:27,89,0.05673525482416153
2026/06/04 08:56:28,89,0.05895397439599037
2026/06/04 08:56:29,89,0.07674825936555862
2026/06/04 08:56:30,89,0.061055731028318405
2026/06/04 08:56:31,89,0.039713744074106216
2026/06/04 08:56:32,88,0.07864488661289215
2026/06/04 08:56:33,88,0.05797114595770836
2026/06/04 08:56:34,88,0.05158170312643051
2026/06/04 08:56:35,88,0.05010805279016495
2026/06/04 08:56:36,87,0.027954908087849617
2026/06/04 08:56:37,87,0.03723704442381859
2026/06/04 08:56:38,88,0.030754584819078445
2026/06/04 08:56:39,89,0.029585931450128555
2026/06/04 08:56:40,89,0.03233427181839943
2026/06/04 08:56:41,89,0.042920585721731186
2026/06/04 08:56:42,89,0.033105138689279556
2026/06/04 08:56:43,89,0.0465414896607399
2026/06/04 08:56:44,89,0.038932088762521744
2026/06/04 08:56:45,90,0.048163652420043945
2026/06/04 08:56:46,90,0.04411761462688446
2026/06/04 08:56:47,91,0.040454886853694916
2026/06/04 08:56:48,92,0.06327251344919205
2026/06/04 08:56:49,94,0.05957866460084915
2026/06/04 08:56:50,98,0.06772992759943008
2026/06/04 08:56:51,101,0.05730943754315376
2026/06/04 08:56:52,104,0.10833435505628586
2026/06/04 08:56:53,106,0.14280669391155243
2026/06/04 08:56:54,108,0.0999448224902153
2026/06/04 08:56:55,109,0.08752396702766418
2026/06/04 08:56:56,111,0.08740516752004623
2026/06/04 08:56:57,111,0.08473595231771469
2026/06/04 08:56:58,112,0.05232567712664604
2026/06/04 08:56:59,113,0.05448365584015846
2026/06/04 08:57:00,113,0.05169587582349777
2026/06/04 08:57:01,113,0.05048456788063049
2026/06/04 08:57:02,113,0.05350423976778984
2026/06/04 08:57:03,113,0.05041428655385971
2026/06/04 08:57:04,112,0.047954849898815155
2026/06/04 08:57:05,112,0.04980736970901489
2026/06/04 08:57:06,110,0.050769347697496414
2026/06/04 08:57:07,110,0.04970799386501312
2026/06/04 08:57:08,108,0.05070076510310173
2026/06/04 08:57:09,107,0.18118639290332794
2026/06/04 08:57:10,105,0.5452514290809631
2026/06/04 08:57:11,104,0.23324696719646454
2026/06/04 08:57:12,102,0.09248707443475723
2026/06/04 08:57:13,101,0.0724000409245491
2026/06/04 08:57:14,99,0.06742648035287857
2026/06/04 08:57:15,98,0.04665401577949524
2026/06/04 08:57:16,96,0.05482574924826622
2026/06/04 08:57:17,95,0.044628504663705826
2026/06/04 08:57:18,94,0.048656165599823
2026/06/04 08:57:19,93,0.04520760849118233
2026/06/04 08:57:20,92,0.04963775351643562
2026/06/04 08:57:21,91,0.050015926361083984
2026/06/04 08:57:22,91,0.04905451834201813
2026/06/04 08:57:23,92,0.05004490166902542
2026/06/04 08:57:24,92,0.04761149361729622
2026/06/04 08:57:25,92,0.04689055681228638
2026/06/04 08:57:26,92,0.04987063258886337
2026/06/04 08:57:27,92,0.07262235134840012
2026/06/04 08:57:28,92,0.08918370306491852
2026/06/04 08:57:29,91,0.08754473924636841
2026/06/04 08:57:30,91,0.06763461977243423
2026/06/04 08:57:31,90,0.061106353998184204
2026/06/04 08:57:32,90,0.043343909084796906
2026/06/04 08:57:33,89,0.05282958596944809
2026/06/04 08:57:34,89,0.0502462163567543
2026/06/04 08:57:35,89,0.04644123464822769
2026/06/04 08:57:36,89,0.03704017028212547
2026/06/04 08:57:37,89,0.04536382108926773
2026/06/04 08:57:38,88,0.08077770471572876
2026/06/04 08:57:39,87,0.055165261030197144
2026/06/04 08:57:40,88,0.08722756057977676
2026/06/04 08:57:41,88,0.08540166169404984
2026/06/04 08:57:42,89,0.06552466750144958
2026/06/04 08:57:43,89,0.03366156294941902
2026/06/04 08:57:44,90,0.037866782397031784
2026/06/04 08:57:45,90,0.03355970233678818
2026/06/04 08:57:46,92,0.0370805598795414
2026/06/04 08:57:47,93,0.03453795984387398
2026/06/04 08:57:48,96,0.03421027958393097
2026/06/04 08:57:49,98,0.10327114164829254
2026/06/04 08:57:50,99,0.16946159303188324
2026/06/04 08:57:51,100,0.1138620525598526
2026/06/04 08:57:52,100,0.048229463398456573
2026/06/04 08:57:53,101,0.04360945150256157
2026/06/04 08:57:54,100,0.046107031404972076
2026/06/04 08:57:55,100,0.05668126419186592
2026/06/04 08:57:56,99,0.045976292341947556
2026/06/04 08:57:57,98,0.05840182304382324
2026/06/04 08:57:58,97,0.04241327568888664
2026/06/04 08:57:59,96,0.044566184282302856
2026/06/04 08:58:00,96,0.04497412592172623
2026/06/04 08:58:01,95,0.04668131098151207
2026/06/04 08:58:02,96,0.04997405409812927
2026/06/04 08:58:03,97,0.04368152096867561
2026/06/04 08:58:04,98,0.03852782025933266
2026/06/04 08:58:05,98,0.024668078869581223
2026/06/04 08:58:06,100,0.043481118977069855
2026/06/04 08:58:07,101,0.08010857552289963
2026/06/04 08:58:08,102,0.3296043872833252
2026/06/04 08:58:09,102,0.07190340012311935
2026/06/04 08:58:10,102,0.06376420706510544
2026/06/04 08:58:11,102,0.05984162539243698
2026/06/04 08:58:12,102,0.036320947110652924
2026/06/04 08:58:13,102,0.035737622529268265
2026/06/04 08:58:14,101,0.042027782648801804
2026/06/04 08:58:15,100,0.2094937562942505
2026/06/04 08:58:16,99,0.06810873746871948
2026/06/04 08:58:17,98,0.04934566095471382
2026/06/04 08:58:18,97,0.2531626224517822
2026/06/04 08:58:19,96,0.0922510176897049
2026/06/04 08:58:20,96,0.0730358362197876
2026/06/04 08:58:21,96,0.07980866730213165
2026/06/04 08:58:22,96,0.04407880827784538
2026/06/04 08:58:23,97,0.09665115922689438
2026/06/04 08:58:24,97,0.06677821278572083
2026/06/04 08:58:25,97,0.06526830047369003
2026/06/04 08:58:26,97,0.061009202152490616
2026/06/04 08:58:27,97,0.061641875654459
2026/06/04 08:58:28,98,0.057678159326314926
2026/06/04 08:58:29,98,0.05462363734841347
2026/06/04 08:58:30,99,0.053535666316747665
2026/06/04 08:58:31,99,0.04876040294766426
2026/06/04 08:58:32,100,0.051112640649080276
2026/06/04 08:58:33,100,0.05297895893454552
2026/06/04 08:58:34,101,0.054057925939559937
2026/06/04 08:58:35,102,0.05046911910176277
2026/06/04 08:58:36,103,0.0528024323284626
2026/06/04 08:58:37,103,0.0522778145968914
2026/06/04 08:58:38,103,0.053014010190963745
2026/06/04 08:58:39,102,0.05174339562654495
2026/06/04 08:58:40,101,0.05172846093773842
2026/06/04 08:58:41,100,0.05179821327328682
2026/06/04 08:58:42,99,0.05256814509630203
2026/06/04 08:58:43,99,0.05200504511594772
2026/06/04 08:58:44,98,0.05196785554289818
2026/06/04 08:58:45,98,0.05159726366400719
2026/06/04 08:58:46,97,0.05186661332845688
2026/06/04 08:58:47,96,0.05242963135242462
2026/06/04 08:58:48,95,0.0519421212375164
2026/06/04 08:58:49,95,0.051803432404994965
2026/06/04 08:58:50,94,0.05210674926638603
2026/06/04 08:58:51,93,0.05191364139318466
2026/06/04 08:58:52,93,0.05195077508687973
2026/06/04 08:58:53,92,0.05243168771266937
2026/06/04 08:58:54,92,0.05180998891592026
2026/06/04 08:58:55,91,0.052019134163856506
2026/06/04 08:58:56,91,0.051743049174547195
2026/06/04 08:58:57,90,0.05147191882133484
2026/06/04 08:58:58,90,0.051747217774391174
2026/06/04 08:58:59,90,0.05280040204524994
2026/06/04 08:59:00,90,0.05198758468031883
2026/06/04 08:59:01,89,0.05131591111421585
2026/06/04 08:59:02,89,0.051786869764328
2026/06/04 08:59:03,89,0.051625560969114304
2026/06/04 08:59:04,89,0.051897212862968445
2026/06/04 08:59:05,89,0.05160011723637581
2026/06/04 08:59:06,89,0.05155109986662865
2026/06/04 08:59:07,90,0.05164409801363945
2026/06/04 08:59:08,90,0.051681630313396454
2026/06/04 08:59:09,91,0.05126994103193283
2026/06/04 08:59:10,91,0.051266394555568695
2026/06/04 08:59:11,91,0.052009209990501404
2026/06/04 08:59:12,91,0.05176287144422531
2026/06/04 08:59:13,91,0.051419757306575775
2026/06/04 08:59:14,91,0.05187276005744934
2026/06/04 08:59:15,91,0.052178118377923965
2026/06/04 08:59:16,91,0.051567453891038895
2026/06/04 08:59:17,92,0.05237364396452904
2026/06/04 08:59:18,92,0.05210680514574051
2026/06/04 08:59:19,92,0.05179712176322937
2026/06/04 08:59:20,92,0.051721688359975815
2026/06/04 08:59:21,91,0.052132923156023026
2026/06/04 08:59:22,91,0.0523284487426281
2026/06/04 08:59:23,91,0.052416976541280746
2026/06/04 08:59:24,91,0.05134688317775726
2026/06/04 08:59:25,92,0.052322082221508026
2026/06/04 08:59:26,91,0.052104316651821136
2026/06/04 08:59:27,91,0.050898853689432144
2026/06/04 08:59:28,91,0.05160101130604744
2026/06/04 08:59:29,91,0.0515143945813179
2026/06/04 08:59:30,91,0.05238533765077591
2026/06/04 08:59:31,92,0.05203414335846901
2026/06/04 08:59:32,92,0.052025504410266876
2026/06/04 08:59:33,92,0.053503312170505524
2026/06/04 08:59:34,93,0.05192456766963005
2026/06/04 08:59:35,93,0.06060490384697914
2026/06/04 08:59:36,93,0.05253389850258827
2026/06/04 08:59:37,93,0.054840028285980225
2026/06/04 08:59:38,93,0.05809715762734413
2026/06/04 08:59:39,93,0.0583287850022316
2026/06/04 08:59:40,93,0.0540180541574955
2026/06/04 08:59:41,93,0.07412321865558624
2026/06/04 08:59:42,93,0.04976886883378029
2026/06/04 08:59:43,94,0.04760228097438812
2026/06/04 08:59:44,96,0.04800229147076607
2026/06/04 08:59:45,97,0.08394472301006317
2026/06/04 08:59:46,97,0.06348564475774765
2026/06/04 08:59:47,97,0.05464533716440201
2026/06/04 08:59:48,99,0.05541948229074478
2026/06/04 08:59:49,100,0.05550597980618477
2026/06/04 08:59:50,99,0.05531443655490875
2026/06/04 08:59:51,99,0.06988777220249176
2026/06/04 08:59:52,99,0.0979258269071579
2026/06/04 08:59:53,99,0.11827538162469864
2026/06/04 08:59:54,99,0.07654757797718048
2026/06/04 08:59:55,99,0.04627516120672226
2026/06/04 08:59:56,99,0.042214538902044296
2026/06/04 08:59:57,99,0.04370153695344925
2026/06/04 08:59:58,98,0.07750926911830902
2026/06/04 08:59:59,97,0.041810452938079834
2026/06/04 09:00:00,98,0.03538621962070465
2026/06/04 09:00:01,98,0.0345221608877182
2026/06/04 09:00:02,98,0.03606383875012398
2026/06/04 09:00:03,99,0.03160060569643974
2026/06/04 09:00:04,98,0.047585487365722656
2026/06/04 09:00:05,98,0.04741622507572174
2026/06/04 09:00:06,98,0.10162678360939026
2026/06/04 09:00:07,98,0.07728931307792664
2026/06/04 09:00:08,98,0.0534912534058094
2026/06/04 09:00:09,98,0.043693624436855316
2026/06/04 09:00:10,98,0.05372852832078934
2026/06/04 09:00:11,99,0.12187336385250092
2026/06/04 09:00:12,100,0.045777495950460434
2026/06/04 09:00:13,100,0.029656894505023956
2026/06/04 09:00:14,101,0.022450949996709824
2026/06/04 09:00:15,102,0.018959684297442436
2026/06/04 09:00:16,102,0.030882783234119415
2026/06/04 09:00:17,102,0.02504539303481579
2026/06/04 09:00:18,101,0.02512170933187008
2026/06/04 09:00:19,100,0.029217414557933807
2026/06/04 09:00:20,101,0.03315100446343422
2026/06/04 09:00:21,101,0.08337390422821045
2026/06/04 09:00:22,102,0.06198985502123833
2026/06/04 09:00:23,102,0.031527455896139145
2026/06/04 09:00:24,102,0.08821340650320053
2026/06/04 09:00:25,102,0.018681049346923828
2026/06/04 09:00:26,102,0.03934763744473457
2026/06/04 09:00:27,102,0.02683343179523945
2026/06/04 09:00:28,102,0.037639543414115906
2026/06/04 09:00:29,102,0.09841741621494293
2026/06/04 09:00:30,101,0.16602057218551636
2026/06/04 09:00:31,101,0.06423008441925049
2026/06/04 09:00:32,101,0.06422156095504761
2026/06/04 09:00:33,101,0.07578392326831818
2026/06/04 09:00:34,101,0.053325287997722626
2026/06/04 09:00:35,101,0.048709217458963394
2026/06/04 09:00:36,101,0.04595772176980972
2026/06/04 09:00:37,101,0.07401091605424881
2026/06/04 09:00:38,101,0.05557475984096527
2026/06/04 09:00:39,101,0.0601104199886322
2026/06/04 09:00:40,101,0.08875960111618042
2026/06/04 09:00:41,100,0.08007601648569107
2026/06/04 09:00:42,100,0.15020625293254852
2026/06/04 09:00:43,100,0.05543661117553711
2026/06/04 09:00:44,101,0.06662806123495102
2026/06/04 09:00:45,102,0.05216388776898384
2026/06/04 09:00:46,103,0.09492382407188416
2026/06/04 09:00:47,103,0.04872860386967659
2026/06/04 09:00:48,103,0.13648173213005066
2026/06/04 09:00:49,102,0.0535266175866127
2026/06/04 09:00:50,101,0.06289613246917725
2026/06/04 09:00:51,100,0.07386055588722229
2026/06/04 09:00:52,100,0.0726870745420456
2026/06/04 09:00:53,100,0.058577440679073334
2026/06/04 09:00:54,100,0.07379115372896194
2026/06/04 09:00:55,100,0.07102587074041367
2026/06/04 09:00:56,101,0.06926481425762177
2026/06/04 09:00:57,101,0.12360792607069016
2026/06/04 09:00:58,102,0.05085439234972
2026/06/04 09:00:59,102,0.04251628369092941
2026/06/04 09:01:00,103,0.0447632260620594
2026/06/04 09:01:01,103,0.04495497792959213
2026/06/04 09:01:02,104,0.04285891726613045
2026/06/04 09:01:03,105,0.04359360784292221
2026/06/04 09:01:04,106,0.04146076738834381
2026/06/04 09:01:05,107,0.040144938975572586
2026/06/04 09:01:06,108,0.04062538966536522
2026/06/04 09:01:07,109,0.04076322540640831
2026/06/04 09:01:08,108,0.04079020395874977
2026/06/04 09:01:09,107,0.040750693529844284
2026/06/04 09:01:10,106,0.04069983959197998
2026/06/04 09:01:11,105,0.04096531867980957
2026/06/04 09:01:12,103,0.041063275188207626
2026/06/04 09:01:13,101,0.03970126435160637
2026/06/04 09:01:14,99,0.039585866034030914
2026/06/04 09:01:15,97,0.04007883742451668
2026/06/04 09:01:16,93,0.04058590903878212
2026/06/04 09:01:17,90,0.04152238368988037
2026/06/04 09:01:18,88,0.040390562266111374
2026/06/04 09:01:19,86,0.04006018489599228
2026/06/04 09:01:20,85,0.03880126401782036
2026/06/04 09:01:21,84,0.038719870150089264
2026/06/04 09:01:22,85,0.041712041944265366
2026/06/04 09:01:23,85,0.0348353236913681
2026/06/04 09:01:24,86,0.03312398120760918
2026/06/04 09:01:25,86,0.03051115944981575
2026/06/04 09:01:26,86,0.02941444143652916
2026/06/04 09:01:27,87,0.029109129682183266
2026/06/04 09:01:28,87,0.03128781169652939
2026/06/04 09:01:29,87,0.028264475986361504
2026/06/04 09:01:30,87,0.02691316045820713
2026/06/04 09:01:31,87,0.03178304806351662
2026/06/04 09:01:32,87,0.029892873018980026
2026/06/04 09:01:33,87,0.027937157079577446
2026/06/04 09:01:34,86,0.02746780402958393
2026/06/04 09:01:35,86,0.026604225859045982
2026/06/04 09:01:36,85,0.027898261323571205
2026/06/04 09:01:37,85,0.028336580842733383
2026/06/04 09:01:38,85,0.027510948479175568
2026/06/04 09:01:39,86,0.028013121336698532
2026/06/04 09:01:40,86,0.028509406372904778
2026/06/04 09:01:41,87,0.02828507125377655
2026/06/04 09:01:42,88,0.026822606101632118
2026/06/04 09:01:43,88,0.02708238549530506
2026/06/04 09:01:44,88,0.02556256391108036
2026/06/04 09:01:45,88,0.02528233639895916
2026/06/04 09:01:46,88,0.02796962857246399
2026/06/04 09:01:47,87,0.028375165536999702
2026/06/04 09:01:48,87,0.025942571461200714
2026/06/04 09:01:49,87,0.0745968222618103
2026/06/04 09:01:50,86,0.07018226385116577
2026/06/04 09:01:51,86,0.08568122237920761
2026/06/04 09:01:52,86,0.08316445350646973
2026/06/04 09:01:53,86,0.053619660437107086
2026/06/04 09:01:54,86,0.12707914412021637
2026/06/04 09:01:55,86,0.0716259777545929
2026/06/04 09:01:56,86,0.0603414848446846
2026/06/04 09:01:57,87,0.07999540120363235
2026/06/04 09:01:58,87,0.07919616997241974
2026/06/04 09:01:59,86,0.09910283982753754
2026/06/04 09:02:00,86,0.03893359750509262
2026/06/04 09:02:01,86,0.03690093383193016
2026/06/04 09:02:02,86,0.0374017097055912
2026/06/04 09:02:03,86,0.0388777069747448
2026/06/04 09:02:04,86,0.037618488073349
2026/06/04 09:02:05,86,0.03821249678730965
2026/06/04 09:02:06,87,0.04375721514225006
2026/06/04 09:02:07,87,0.06223302707076073
2026/06/04 09:02:08,88,0.06253951042890549
2026/06/04 09:02:09,88,0.11069729924201965
2026/06/04 09:02:10,88,0.0582585409283638
2026/06/04 09:02:11,89,0.05713532492518425
2026/06/04 09:02:12,89,0.05615915358066559
2026/06/04 09:02:13,90,0.058560051023960114
2026/06/04 09:02:14,90,0.07717966288328171
2026/06/04 09:02:15,90,0.08211974799633026
2026/06/04 09:02:16,90,0.05385884270071983
2026/06/04 09:02:17,90,0.05334629490971565
2026/06/04 09:02:18,91,0.05412053316831589
2026/06/04 09:02:19,91,0.05423567444086075
2026/06/04 09:02:20,93,0.07405118644237518
2026/06/04 09:02:21,93,0.02191050536930561
2026/06/04 09:02:22,94,0.029563913121819496
2026/06/04 09:02:23,94,0.029983678832650185
2026/06/04 09:02:24,94,0.030069205909967422
2026/06/04 09:02:25,93,0.03068246692419052
2026/06/04 09:02:26,92,0.026326589286327362
2026/06/04 09:02:27,92,0.08134409785270691
2026/06/04 09:02:28,91,0.05228901654481888
2026/06/04 09:02:29,90,0.05018123239278793
2026/06/04 09:02:30,89,0.05034831538796425
2026/06/04 09:02:31,89,0.04814134165644646
2026/06/04 09:02:32,88,0.04960719868540764
2026/06/04 09:02:33,87,0.05015534162521362
2026/06/04 09:02:34,87,0.04912201315164566
2026/06/04 09:02:35,87,0.04943164810538292
2026/06/04 09:02:36,87,0.049747534096241
2026/06/04 09:02:37,87,0.049608130007982254
2026/06/04 09:02:38,88,0.04921920225024223
2026/06/04 09:02:39,88,0.05010298639535904
2026/06/04 09:02:40,89,0.0487532764673233
2026/06/04 09:02:41,89,0.04962081089615822
2026/06/04 09:02:42,90,0.04927641898393631
2026/06/04 09:02:43,90,0.04914024472236633
2026/06/04 09:02:44,91,0.04923094063997269
2026/06/04 09:02:45,91,0.05008802190423012
2026/06/04 09:02:46,91,0.07115934044122696
2026/06/04 09:02:47,91,0.09955809265375137
2026/06/04 09:02:48,91,0.04275786131620407
2026/06/04 09:02:49,91,0.028597017750144005
2026/06/04 09:02:50,91,0.03174315392971039
2026/06/04 09:02:51,91,0.03072342462837696
2026/06/04 09:02:52,91,0.029693398624658585
2026/06/04 09:02:53,91,0.03015569970011711
2026/06/04 09:02:54,91,0.02984771504998207
2026/06/04 09:02:55,91,0.031031884253025055
2026/06/04 09:02:56,91,0.032864391803741455
2026/06/04 09:02:57,91,0.025390541180968285
2026/06/04 09:02:58,91,0.025314651429653168
2026/06/04 09:02:59,92,0.03122752718627453
2026/06/04 09:03:00,92,0.029282843694090843
2026/06/04 09:03:01,92,0.041027627885341644
2026/06/04 09:03:02,92,0.051799021661281586
2026/06/04 09:03:03,91,0.05790553241968155
2026/06/04 09:03:04,90,0.11264699697494507
2026/06/04 09:03:05,90,0.0672566220164299
2026/06/04 09:03:06,89,0.11899508535861969
2026/06/04 09:03:07,89,0.046616241335868835
2026/06/04 09:03:08,89,0.03573228046298027
2026/06/04 09:03:09,88,0.04008639231324196
2026/06/04 09:03:10,89,0.03880806639790535
2026/06/04 09:03:11,90,0.03859884664416313
2026/06/04 09:03:12,91,0.03881090506911278
2026/06/04 09:03:13,92,0.040593113750219345
2026/06/04 09:03:14,94,0.0392848439514637
2026/06/04 09:03:15,95,0.03569021075963974
2026/06/04 09:03:16,96,0.03707592189311981
2026/06/04 09:03:17,97,0.03730529546737671
2026/06/04 09:03:18,97,0.03974667936563492
2026/06/04 09:03:19,97,0.03868957981467247
2026/06/04 09:03:20,97,0.0387609526515007
2026/06/04 09:03:21,97,0.04076235368847847
2026/06/04 09:03:22,97,0.0397779643535614
2026/06/04 09:03:23,97,0.04071171209216118
2026/06/04 09:03:24,96,0.039429400116205215
2026/06/04 09:03:25,96,0.038044266402721405
2026/06/04 09:03:26,96,0.03884607180953026
2026/06/04 09:03:27,95,0.03875049576163292
2026/06/04 09:03:28,95,0.0386466309428215
2026/06/04 09:03:29,95,0.038218699395656586
2026/06/04 09:03:30,94,0.0377432182431221
2026/06/04 09:03:31,94,0.03824217990040779
2026/06/04 09:03:32,94,0.03825714439153671
2026/06/04 09:03:33,94,0.04151289165019989
2026/06/04 09:03:34,93,0.0439336784183979
2026/06/04 09:03:35,92,0.16732998192310333
2026/06/04 09:03:36,92,0.07922790199518204
2026/06/04 09:03:37,91,0.08156412094831467
2026/06/04 09:03:38,90,0.06763709336519241
2026/06/04 09:03:39,90,0.11826163530349731
2026/06/04 09:03:40,89,0.08299100399017334
2026/06/04 09:03:41,88,0.14401139318943024
2026/06/04 09:03:42,87,0.1211872398853302
2026/06/04 09:03:43,87,0.07362604141235352
2026/06/04 09:03:44,86,0.11250239610671997
2026/06/04 09:03:45,86,0.08236463367938995
2026/06/04 09:03:46,86,0.047256436198949814
2026/06/04 09:03:47,86,0.046924956142902374
2026/06/04 09:03:48,87,0.03729509189724922
2026/06/04 09:03:49,88,0.04045212268829346
2026/06/04 09:03:50,89,0.03744564950466156
2026/06/04 09:03:51,89,0.03775867819786072
2026/06/04 09:03:52,90,0.042455319315195084
2026/06/04 09:03:53,92,0.04724745824933052
2026/06/04 09:03:54,93,0.03848433867096901
2026/06/04 09:03:55,94,0.03459233045578003
2026/06/04 09:03:56,96,0.03324326127767563
2026/06/04 09:03:57,97,0.0323355495929718
2026/06/04 09:03:58,98,0.03374350816011429
2026/06/04 09:03:59,99,0.03785714507102966
2026/06/04 09:04:00,99,0.04238835722208023
2026/06/04 09:04:01,99,0.03682796657085419
2026/06/04 09:04:02,99,0.03716028854250908
2026/06/04 09:04:03,100,0.03857148438692093
2026/06/04 09:04:04,100,0.03522968664765358
2026/06/04 09:04:05,101,0.03457832708954811
2026/06/04 09:04:06,103,0.03481733053922653
2026/06/04 09:04:07,104,0.03490093722939491
2026/06/04 09:04:08,105,0.03473057597875595
2026/06/04 09:04:09,105,0.03483825922012329
2026/06/04 09:04:10,106,0.03472809121012688
2026/06/04 09:04:11,106,0.0342329666018486
2026/06/04 09:04:12,105,0.03449321538209915
2026/06/04 09:04:13,104,0.03455975651741028
2026/06/04 09:04:14,103,0.033992890268564224
2026/06/04 09:04:15,102,0.03636171296238899
2026/06/04 09:04:16,100,0.03827626258134842
2026/06/04 09:04:17,99,0.033330246806144714
2026/06/04 09:04:18,98,0.03346061334013939
2026/06/04 09:04:19,97,0.031061571091413498
2026/06/04 09:04:20,96,0.03777135908603668
2026/06/04 09:04:21,95,0.04060131683945656
2026/06/04 09:04:22,94,0.034199342131614685
2026/06/04 09:04:23,94,0.03147999942302704
2026/06/04 09:04:24,94,0.03147571533918381
2026/06/04 09:04:25,93,0.13518944382667542
2026/06/04 09:04:26,93,0.05373385548591614
2026/06/04 09:04:27,93,0.03604086861014366
2026/06/04 09:04:28,94,0.04918576776981354
2026/06/04 09:04:29,94,0.13698086142539978
2026/06/04 09:04:30,95,0.11722539365291595
2026/06/04 09:04:31,96,0.09198401123285294
2026/06/04 09:04:32,97,0.08615519106388092
2026/06/04 09:04:33,98,0.06432422250509262
2026/06/04 09:04:34,100,0.05084221810102463
2026/06/04 09:04:35,101,0.08021338284015656
2026/06/04 09:04:36,102,0.09444529563188553
2026/06/04 09:04:37,103,0.04822920635342598
2026/06/04 09:04:38,104,0.05317804217338562
2026/06/04 09:04:39,105,0.0437241867184639
2026/06/04 09:04:40,105,0.03615051880478859
2026/06/04 09:04:41,105,0.030511625111103058
2026/06/04 09:04:42,105,0.027912044897675514
2026/06/04 09:04:43,104,0.03083288110792637
2026/06/04 09:04:44,104,0.03620140999555588
2026/06/04 09:04:45,103,0.09484945982694626
2026/06/04 09:04:46,103,0.06294836103916168
2026/06/04 09:04:47,102,0.11604561656713486
2026/06/04 09:04:48,102,0.03910615295171738
2026/06/04 09:04:49,102,0.03784323111176491
2026/06/04 09:04:50,102,0.03319576382637024
2026/06/04 09:04:51,102,0.06821651011705399
2026/06/04 09:04:52,103,0.1595490425825119
2026/06/04 09:04:53,104,0.11918878555297852
2026/06/04 09:04:54,104,0.05111079290509224
2026/06/04 09:04:55,105,0.05763505771756172
2026/06/04 09:04:56,105,0.07440362125635147
2026/06/04 09:04:57,105,0.040176741778850555
2026/06/04 09:04:58,105,0.04413596913218498
2026/06/04 09:04:59,105,0.04666057974100113
2026/06/04 09:05:00,105,0.043986182659864426
2026/06/04 09:05:01,105,0.042919401079416275
2026/06/04 09:05:02,104,0.043124113231897354
2026/06/04 09:05:03,104,0.04140361770987511
2026/06/04 09:05:04,103,0.10166101902723312
2026/06/04 09:05:05,102,0.04262542724609375
2026/06/04 09:05:06,101,0.04051835089921951
2026/06/04 09:05:07,100,0.03757444769144058
2026/06/04 09:05:08,99,0.04126736521720886
2026/06/04 09:05:09,98,0.03990771248936653
2026/06/04 09:05:10,97,0.0401482991874218
2026/06/04 09:05:11,97,0.04036058858036995
2026/06/04 09:05:12,97,0.03300061821937561
2026/06/04 09:05:13,97,0.050675295293331146
2026/06/04 09:05:14,96,0.0410301610827446
2026/06/04 09:05:15,95,0.03979918360710144
2026/06/04 09:05:16,96,0.042548634111881256
2026/06/04 09:05:17,96,0.041382744908332825
2026/06/04 09:05:18,96,0.04115672782063484
2026/06/04 09:05:19,95,0.04386045038700104
2026/06/04 09:05:20,94,0.03960803151130676
2026/06/04 09:05:21,94,0.04409904032945633
2026/06/04 09:05:22,92,0.04186918959021568
2026/06/04 09:05:23,91,0.04057943448424339
2026/06/04 09:05:24,91,0.04139271378517151
2026/06/04 09:05:25,91,0.0391152985394001
2026/06/04 09:05:26,91,0.051713552325963974
2026/06/04 09:05:27,92,0.0615726038813591
2026/06/04 09:05:28,92,0.05908863618969917
2026/06/04 09:05:29,93,0.05790203437209129
2026/06/04 09:05:30,93,0.056204456835985184
2026/06/04 09:05:31,93,0.056282900273799896
2026/06/04 09:05:32,94,0.051691167056560516
2026/06/04 09:05:33,94,0.05809247866272926
2026/06/04 09:05:34,95,0.05926487222313881
2026/06/04 09:05:35,95,0.05698610469698906
2026/06/04 09:05:36,96,0.05775945261120796
2026/06/04 09:05:37,96,0.05787930637598038
2026/06/04 09:05:38,97,0.05882418155670166
2026/06/04 09:05:39,97,0.05935712903738022
2026/06/04 09:05:40,98,0.059472862631082535
2026/06/04 09:05:41,98,0.05953201651573181
2026/06/04 09:05:42,97,0.05941372737288475
2026/06/04 09:05:43,96,0.056052036583423615
2026/06/04 09:05:44,95,0.05698384717106819
2026/06/04 09:05:45,94,0.056597910821437836
2026/06/04 09:05:46,93,0.058575622737407684
2026/06/04 09:05:47,92,0.0567227341234684
2026/06/04 09:05:48,91,0.05837499350309372
2026/06/04 09:05:49,90,0.057330869138240814
2026/06/04 09:05:50,88,0.05785710737109184
2026/06/04 09:05:51,87,0.056922830641269684
2026/06/04 09:05:52,86,0.05690924823284149
2026/06/04 09:05:53,85,0.05708608403801918
2026/06/04 09:05:54,85,0.05688980594277382
2026/06/04 09:05:55,85,0.057058993726968765
2026/06/04 09:05:56,86,0.05657653883099556
2026/06/04 09:05:57,86,0.05754508078098297
2026/06/04 09:05:58,87,0.05702058598399162
2026/06/04 09:05:59,87,0.056230440735816956
2026/06/04 09:06:00,88,0.05589040368795395
2026/06/04 09:06:01,88,0.057735368609428406
2026/06/04 09:06:02,88,0.09982521831989288
2026/06/04 09:06:03,87,0.13480105996131897
2026/06/04 09:06:04,86,0.06930965185165405
2026/06/04 09:06:05,85,0.07565893232822418
2026/06/04 09:06:06,85,0.09912983328104019
2026/06/04 09:06:07,85,0.07501889765262604
2026/06/04 09:06:08,85,0.11039680242538452
2026/06/04 09:06:09,85,0.15405797958374023
2026/06/04 09:06:10,85,0.05662555247545242
2026/06/04 09:06:11,86,0.04926585033535957
2026/06/04 09:06:12,85,0.047465354204177856
2026/06/04 09:06:13,85,0.046555329114198685
2026/06/04 09:06:14,86,0.04997652769088745
2026/06/04 09:06:15,87,0.04660876467823982
2026/06/04 09:06:16,88,0.04700477048754692
2026/06/04 09:06:17,88,0.04733310639858246
2026/06/04 09:06:18,89,0.047906797379255295
2026/06/04 09:06:19,90,0.04587903991341591
2026/06/04 09:06:20,91,0.04001807048916817
2026/06/04 09:06:21,91,0.040082354098558426
2026/06/04 09:06:22,92,0.041019655764102936
2026/06/04 09:06:23,92,0.042352400720119476
2026/06/04 09:06:24,92,0.0509687215089798
2026/06/04 09:06:25,92,0.044315312057733536
2026/06/04 09:06:26,91,0.0446411594748497
2026/06/04 09:06:27,91,0.04695872962474823
2026/06/04 09:06:28,90,0.04496363177895546
2026/06/04 09:06:29,90,0.048497941344976425
2026/06/04 09:06:30,90,0.04667408764362335
2026/06/04 09:06:31,90,0.04098743945360184
2026/06/04 09:06:32,90,0.04534376785159111
2026/06/04 09:06:33,91,0.04556380957365036
2026/06/04 09:06:34,92,0.04739174246788025
2026/06/04 09:06:35,93,0.04717804118990898
2026/06/04 09:06:36,94,0.049977291375398636
2026/06/04 09:06:37,94,0.049175746738910675
2026/06/04 09:06:38,95,0.04858698695898056
2026/06/04 09:06:39,96,0.046252962201833725
2026/06/04 09:06:40,95,0.046380747109651566
2026/06/04 09:06:41,94,0.04615994542837143
2026/06/04 09:06:42,93,0.04405445605516434
2026/06/04 09:06:43,93,0.04665759578347206
2026/06/04 09:06:44,92,0.04311317950487137
2026/06/04 09:06:45,92,0.04869917407631874
2026/06/04 09:06:46,92,0.04599764943122864
2026/06/04 09:06:47,93,0.04430548846721649
2026/06/04 09:06:48,93,0.04174274578690529
2026/06/04 09:06:49,94,0.04308087378740311
2026/06/04 09:06:50,95,0.04268824681639671
2026/06/04 09:06:51,95,0.04160274937748909
2026/06/04 09:06:52,95,0.04823284596204758
2026/06/04 09:06:53,96,0.042374152690172195
2026/06/04 09:06:54,95,0.04260542616248131
2026/06/04 09:06:55,94,0.04206287860870361
2026/06/04 09:06:56,94,0.04072219133377075
2026/06/04 09:06:57,93,0.042017750442028046
2026/06/04 09:06:58,92,0.04229963570833206
2026/06/04 09:06:59,92,0.04257456213235855
2026/06/04 09:07:00,92,0.04199805110692978
2026/06/04 09:07:01,93,0.041721224784851074
2026/06/04 09:07:02,93,0.04527803882956505
2026/06/04 09:07:03,94,0.044485241174697876
2026/06/04 09:07:04,94,0.044643696397542953
2026/06/04 09:07:05,94,0.044586747884750366
2026/06/04 09:07:06,93,0.043792642652988434
2026/06/04 09:07:07,92,0.04361298680305481
2026/06/04 09:07:08,91,0.04315873607993126
2026/06/04 09:07:09,90,0.04355209320783615
2026/06/04 09:07:10,89,0.041409168392419815
2026/06/04 09:07:11,89,0.0432177372276783
2026/06/04 09:07:12,89,0.04977741464972496
2026/06/04 09:07:13,89,0.042638249695301056
2026/06/04 09:07:14,88,0.04310207813978195
2026/06/04 09:07:15,88,0.04615569859743118
2026/06/04 09:07:16,87,0.04533109813928604
2026/06/04 09:07:17,86,0.044924601912498474
2026/06/04 09:07:18,86,0.04108071327209473
2026/06/04 09:07:19,85,0.04264615848660469
2026/06/04 09:07:20,86,0.044407885521650314
2026/06/04 09:07:21,87,0.042403534054756165
2026/06/04 09:07:22,88,0.041894976049661636
2026/06/04 09:07:23,88,0.03772616386413574
2026/06/04 09:07:24,89,0.03260258957743645
2026/06/04 09:07:25,89,0.056014545261859894
2026/06/04 09:07:26,90,0.0660272017121315
2026/06/04 09:07:27,90,0.07413676381111145
2026/06/04 09:07:28,90,0.06296788156032562
2026/06/04 09:07:29,90,0.09613346308469772
2026/06/04 09:07:30,89,0.052143972367048264
2026/06/04 09:07:31,89,0.06038358807563782
2026/06/04 09:07:32,88,0.06821506470441818
2026/06/04 09:07:33,88,0.03996884822845459
2026/06/04 09:07:34,89,0.0384785532951355
2026/06/04 09:07:35,89,0.038612160831689835
2026/06/04 09:07:36,90,0.03488714620471001
2026/06/04 09:07:37,90,0.03590226173400879
2026/06/04 09:07:38,91,0.03604384884238243
2026/06/04 09:07:39,91,0.03734443709254265
2026/06/04 09:07:40,92,0.0376468300819397
2026/06/04 09:07:41,92,0.0368979275226593
2026/06/04 09:07:42,93,0.039848845452070236
2026/06/04 09:07:43,94,0.04102921858429909
2026/06/04 09:07:44,94,0.04274145886301994
2026/06/04 09:07:45,95,0.04131089150905609
2026/06/04 09:07:46,96,0.044190045446157455
2026/06/04 09:07:47,97,0.04298039898276329
2026/06/04 09:07:48,97,0.04180501401424408
2026/06/04 09:07:49,98,0.04197589308023453
2026/06/04 09:07:50,97,0.042641256004571915
2026/06/04 09:07:51,96,0.045551300048828125
2026/06/04 09:07:52,95,0.045086413621902466
2026/06/04 09:07:53,94,0.04512803256511688
2026/06/04 09:07:54,94,0.042759232223033905
2026/06/04 09:07:55,94,0.041906602680683136
2026/06/04 09:07:56,95,0.041391726583242416
2026/06/04 09:07:57,95,0.05246864631772041
2026/06/04 09:07:58,95,0.05651470273733139
2026/06/04 09:07:59,95,0.041216298937797546
2026/06/04 09:08:00,95,0.0419023334980011
2026/06/04 09:08:01,95,0.04182152450084686
2026/06/04 09:08:02,95,0.039053305983543396
2026/06/04 09:08:03,95,0.04178670793771744
2026/06/04 09:08:04,94,0.04227291792631149
2026/06/04 09:08:05,93,0.04173028841614723
2026/06/04 09:08:06,93,0.04313567280769348
2026/06/04 09:08:07,93,0.04190041497349739
2026/06/04 09:08:08,92,0.041573893278837204
2026/06/04 09:08:09,92,0.04037864878773689
2026/06/04 09:08:10,92,0.04079805687069893
2026/06/04 09:08:11,92,0.04056961089372635
2026/06/04 09:08:12,91,0.035592589527368546
2026/06/04 09:08:13,90,0.05584122613072395
2026/06/04 09:08:14,89,0.07769733667373657
2026/06/04 09:08:15,88,0.06332692503929138
2026/06/04 09:08:16,87,0.05844783037900925
2026/06/04 09:08:17,87,0.06199435517191887
2026/06/04 09:08:18,86,0.05749734491109848
2026/06/04 09:08:19,86,0.0582813024520874
2026/06/04 09:08:20,86,0.05814707279205322
2026/06/04 09:08:21,85,0.05803181976079941
2026/06/04 09:08:22,86,0.05865709111094475
2026/06/04 09:08:23,87,0.05885394662618637
2026/06/04 09:08:24,89,0.059052612632513046
2026/06/04 09:08:25,90,0.05922478064894676
2026/06/04 09:08:26,91,0.05919135734438896
2026/06/04 09:08:27,91,0.059220727533102036
2026/06/04 09:08:28,92,0.059817034751176834
2026/06/04 09:08:29,93,0.05831404775381088
2026/06/04 09:08:30,94,0.05679088458418846
2026/06/04 09:08:31,96,0.05282767489552498
2026/06/04 09:08:32,96,0.05382712930440903
2026/06/04 09:08:33,97,0.056178491562604904
2026/06/04 09:08:34,95,0.054988835006952286
2026/06/04 09:08:35,94,0.05267816409468651
2026/06/04 09:08:36,92,0.05479201301932335
2026/06/04 09:08:37,91,0.05366354063153267
2026/06/04 09:08:38,90,0.0533490851521492
2026/06/04 09:08:39,89,0.05311641842126846
2026/06/04 09:08:40,89,0.056548651307821274
2026/06/04 09:08:41,90,0.05265189707279205
2026/06/04 09:08:42,90,0.05939124524593353
2026/06/04 09:08:43,90,0.05562032386660576
2026/06/04 09:08:44,90,0.05523388832807541
2026/06/04 09:08:45,90,0.05454912409186363
2026/06/04 09:08:46,90,0.056180112063884735
2026/06/04 09:08:47,90,0.04918621852993965
2026/06/04 09:08:48,90,0.039770714938640594
2026/06/04 09:08:49,90,0.03974734619259834
2026/06/04 09:08:50,90,0.04350721091032028
2026/06/04 09:08:51,91,0.06457197666168213
2026/06/04 09:08:52,92,0.07829443365335464
2026/06/04 09:08:53,92,0.04739167168736458
2026/06/04 09:08:54,93,0.04482177272439003
2026/06/04 09:08:55,93,0.04604093357920647
2026/06/04 09:08:56,92,0.04662724956870079
2026/06/04 09:08:57,91,0.046266935765743256
2026/06/04 09:08:58,90,0.046340204775333405
2026/06/04 09:08:59,89,0.04524105414748192
2026/06/04 09:09:00,89,0.04173386096954346
2026/06/04 09:09:01,90,0.04174714908003807
2026/06/04 09:09:02,91,0.04355527088046074
2026/06/04 09:09:03,92,0.045564718544483185
2026/06/04 09:09:04,93,0.045395608991384506
2026/06/04 09:09:05,93,0.044663649052381516
2026/06/04 09:09:06,92,0.04449618607759476
2026/06/04 09:09:07,91,0.044938649982213974
2026/06/04 09:09:08,89,0.04501328989863396
2026/06/04 09:09:09,88,0.04543006792664528
2026/06/04 09:09:10,86,0.0447283573448658
2026/06/04 09:09:11,85,0.044376976788043976
2026/06/04 09:09:12,84,0.045682910829782486
2026/06/04 09:09:13,84,0.04585466533899307
2026/06/04 09:09:14,84,0.044420722872018814
2026/06/04 09:09:15,84,0.04476092383265495
2026/06/04 09:09:16,83,0.04496815800666809
2026/06/04 09:09:17,83,0.04479487985372543
2026/06/04 09:09:18,83,0.04559840261936188
2026/06/04 09:09:19,83,0.04403308779001236
2026/06/04 09:09:20,83,0.04399090260267258
2026/06/04 09:09:21,84,0.04854133725166321
2026/06/04 09:09:22,84,0.045984748750925064
2026/06/04 09:09:23,84,0.04653320088982582
2026/06/04 09:09:24,85,0.1484028548002243
2026/06/04 09:09:25,86,0.05423789843916893
2026/06/04 09:09:26,87,0.2018931359052658
2026/06/04 09:09:27,88,0.08021796494722366
2026/06/04 09:09:28,89,0.10454636067152023
2026/06/04 09:09:29,90,0.08659937232732773
2026/06/04 09:09:30,91,0.06297387927770615
2026/06/04 09:09:31,92,0.06567943096160889
2026/06/04 09:09:32,93,0.06427332758903503
2026/06/04 09:09:33,93,0.06538335233926773
2026/06/04 09:09:34,94,0.04074430465698242
2026/06/04 09:09:35,96,0.030195411294698715
2026/06/04 09:09:36,96,0.03579887002706528
2026/06/04 09:09:37,96,0.037601035088300705
2026/06/04 09:09:38,97,0.033401552587747574
2026/06/04 09:09:39,99,0.03469570726156235
2026/06/04 09:09:40,100,0.034621283411979675
2026/06/04 09:09:41,101,0.034825265407562256
2026/06/04 09:09:42,103,0.035548094660043716
2026/06/04 09:09:43,104,0.032067470252513885
2026/06/04 09:09:44,105,0.03302852064371109
2026/06/04 09:09:45,106,0.030728381127119064
2026/06/04 09:09:46,107,0.03148525953292847
2026/06/04 09:09:47,108,0.028547145426273346
2026/06/04 09:09:48,107,0.027747442945837975
2026/06/04 09:09:49,106,0.0312664695084095
2026/06/04 09:09:50,105,0.0308007150888443
2026/06/04 09:09:51,104,0.027124814689159393
2026/06/04 09:09:52,103,0.029014481231570244
2026/06/04 09:09:53,101,0.028742648661136627
2026/06/04 09:09:54,99,0.027966361492872238
2026/06/04 09:09:55,97,0.0285918191075325
2026/06/04 09:09:56,94,0.02825702726840973
2026/06/04 09:09:57,92,0.029293352738022804
2026/06/04 09:09:58,91,0.02843901328742504
2026/06/04 09:09:59,90,0.028444992378354073
2026/06/04 09:10:00,89,0.028484683483839035
2026/06/04 09:10:01,88,0.02854425273835659
2026/06/04 09:10:02,87,0.02944544516503811
2026/06/04 09:10:03,86,0.028893081471323967
2026/06/04 09:10:04,85,0.03042028285562992
2026/06/04 09:10:05,84,0.029170796275138855
2026/06/04 09:10:06,84,0.023879805579781532
2026/06/04 09:10:07,84,0.0238040704280138
2026/06/04 09:10:08,84,0.022330505773425102
2026/06/04 09:10:09,84,0.02267574891448021
2026/06/04 09:10:10,84,0.022841017693281174
2026/06/04 09:10:11,85,0.02165391482412815
2026/06/04 09:10:12,85,0.02391219511628151
2026/06/04 09:10:13,86,0.023960430175065994
2026/06/04 09:10:14,87,0.023766377940773964
2026/06/04 09:10:15,87,0.02408389188349247
2026/06/04 09:10:16,87,0.024034179747104645
2026/06/04 09:10:17,88,0.022472508251667023
2026/06/04 09:10:18,88,0.022221608087420464
2026/06/04 09:10:19,88,0.022152947261929512
2026/06/04 09:10:20,89,0.03572838008403778
2026/06/04 09:10:21,89,0.02499530278146267
2026/06/04 09:10:22,88,0.02391134947538376
2026/06/04 09:10:23,88,0.022948989644646645
2026/06/04 09:10:24,87,0.019970476627349854
2026/06/04 09:10:25,87,0.02061421237885952
2026/06/04 09:10:26,87,0.02467358484864235
2026/06/04 09:10:27,87,0.04927092418074608
2026/06/04 09:10:28,87,0.07787307351827621
2026/06/04 09:10:29,88,0.09177330881357193
2026/06/04 09:10:30,90,0.05830675736069679
2026/06/04 09:10:31,91,0.07212650030851364
2026/06/04 09:10:32,92,0.08345886319875717
2026/06/04 09:10:33,93,0.07692073285579681
2026/06/04 09:10:34,94,0.0683569461107254
2026/06/04 09:10:35,94,0.06664253026247025
2026/06/04 09:10:36,94,0.06158747896552086
2026/06/04 09:10:37,95,0.05872618779540062
2026/06/04 09:10:38,96,0.05892361328005791
2026/06/04 09:10:39,97,0.06126389279961586
2026/06/04 09:10:40,98,0.055701784789562225
2026/06/04 09:10:41,99,0.04905743896961212
2026/06/04 09:10:42,99,0.04587230458855629
2026/06/04 09:10:43,100,0.025440791621804237
2026/06/04 09:10:44,100,0.029516175389289856
2026/06/04 09:10:45,100,0.05009900778532028
2026/06/04 09:10:46,99,0.037794329226017
2026/06/04 09:10:47,99,0.0398373119533062
2026/06/04 09:10:48,98,0.03597206622362137
2026/06/04 09:10:49,97,0.03650738671422005
2026/06/04 09:10:50,96,0.04181717708706856
2026/06/04 09:10:51,95,0.036844849586486816
2026/06/04 09:10:52,94,0.040049828588962555
2026/06/04 09:10:53,93,0.03386186808347702
2026/06/04 09:10:54,93,0.039863284677267075
2026/06/04 09:10:55,92,0.03498119115829468
2026/06/04 09:10:56,92,0.03700774163007736
2026/06/04 09:10:57,92,0.04137036204338074
2026/06/04 09:10:58,91,0.03640595078468323
2026/06/04 09:10:59,90,0.03486255928874016
2026/06/04 09:11:00,90,0.04009375721216202
2026/06/04 09:11:01,89,0.03451173007488251
2026/06/04 09:11:02,89,0.03963758423924446
2026/06/04 09:11:03,88,0.036638736724853516
2026/06/04 09:11:04,87,0.036224670708179474
2026/06/04 09:11:05,87,0.04892360419034958
2026/06/04 09:11:06,86,0.03843463957309723
2026/06/04 09:11:07,85,0.04398420825600624
2026/06/04 09:11:08,84,0.03899568319320679
2026/06/04 09:11:09,83,0.04153941199183464
2026/06/04 09:11:10,83,0.0372493676841259
2026/06/04 09:11:11,83,0.04166826978325844
2026/06/04 09:11:12,83,0.039694879204034805
2026/06/04 09:11:13,83,0.03758508712053299
2026/06/04 09:11:14,83,0.038175616413354874
2026/06/04 09:11:15,84,0.036315418779850006
2026/06/04 09:11:16,84,0.0359935387969017
2026/06/04 09:11:17,84,0.035574015229940414
2026/06/04 09:11:18,85,0.03448958694934845
2026/06/04 09:11:19,85,0.03576766327023506
2026/06/04 09:11:20,85,0.03484903648495674
2026/06/04 09:11:21,85,0.035306405276060104
2026/06/04 09:11:22,85,0.03748999908566475
2026/06/04 09:11:23,84,0.03805222362279892
2026/06/04 09:11:24,84,0.037088483572006226
2026/06/04 09:11:25,83,0.03765546903014183
2026/06/04 09:11:26,83,0.03849835321307182
2026/06/04 09:11:27,83,0.0373944453895092
2026/06/04 09:11:28,84,0.038485392928123474
2026/06/04 09:11:29,85,0.03791051730513573
2026/06/04 09:11:30,86,0.03855760395526886
2026/06/04 09:11:31,86,0.03868274763226509
2026/06/04 09:11:32,85,0.037634529173374176
2026/06/04 09:11:33,84,0.03875269368290901
2026/06/04 09:11:34,83,0.03984890505671501
2026/06/04 09:11:35,82,0.03877408802509308
2026/06/04 09:11:36,81,0.04026667773723602
2026/06/04 09:11:37,80,0.03912442922592163
2026/06/04 09:11:38,81,0.035678014159202576
2026/06/04 09:11:39,81,0.03900308161973953
2026/06/04 09:11:40,82,0.04723096638917923
2026/06/04 09:11:41,83,0.05732402950525284
2026/06/04 09:11:42,83,0.05079728737473488
2026/06/04 09:11:43,83,0.05611560866236687
2026/06/04 09:11:44,82,0.04961446672677994
2026/06/04 09:11:45,81,0.05074455961585045
2026/06/04 09:11:46,80,0.054062407463788986
2026/06/04 09:11:47,80,0.05103835090994835
2026/06/04 09:11:48,80,0.0490717776119709
2026/06/04 09:11:49,81,0.05187194049358368
2026/06/04 09:11:50,82,0.054953668266534805
2026/06/04 09:11:51,84,0.04927496984601021
2026/06/04 09:11:52,85,0.054226040840148926
2026/06/04 09:11:53,86,0.05672841519117355
2026/06/04 09:11:54,85,0.06033853441476822
2026/06/04 09:11:55,85,0.05704651400446892
2026/06/04 09:11:56,83,0.055928997695446014
2026/06/04 09:11:57,83,0.0567040853202343
2026/06/04 09:11:58,82,0.056062549352645874
2026/06/04 09:11:59,81,0.05595478042960167
2026/06/04 09:12:00,81,0.05648099258542061
2026/06/04 09:12:01,81,0.056424178183078766
2026/06/04 09:12:02,81,0.06076822802424431
2026/06/04 09:12:03,82,0.05430903285741806
2026/06/04 09:12:04,81,0.058977145701646805
2026/06/04 09:12:05,80,0.04282090440392494
2026/06/04 09:12:06,79,0.04331308975815773
2026/06/04 09:12:07,79,0.04248896986246109
2026/06/04 09:12:08,79,0.04237794503569603
2026/06/04 09:12:09,78,0.045017123222351074
2026/06/04 09:12:10,79,0.12041228264570236
2026/06/04 09:12:11,80,0.06176517531275749
2026/06/04 09:12:12,81,0.06278205662965775
2026/06/04 09:12:13,82,0.050621360540390015
2026/06/04 09:12:14,84,0.053946804255247116
2026/06/04 09:12:15,85,0.05451079085469246
2026/06/04 09:12:16,86,0.053537704050540924
2026/06/04 09:12:17,87,0.04679644852876663
2026/06/04 09:12:18,86,0.05337915197014809
2026/06/04 09:12:19,85,0.049985095858573914
2026/06/04 09:12:20,84,0.05170011520385742
2026/06/04 09:12:21,83,0.056031741201877594
2026/06/04 09:12:22,82,0.05208638310432434
2026/06/04 09:12:23,81,0.05578264594078064
2026/06/04 09:12:24,80,0.05246713012456894
2026/06/04 09:12:25,79,0.051436956971883774
2026/06/04 09:12:26,78,0.05160099267959595
2026/06/04 09:12:27,78,0.055322352796792984
2026/06/04 09:12:28,78,0.05374162271618843
2026/06/04 09:12:29,79,0.048193879425525665
2026/06/04 09:12:30,79,0.05608948692679405
2026/06/04 09:12:31,80,0.0535159707069397
2026/06/04 09:12:32,80,0.04990650713443756
2026/06/04 09:12:33,81,0.054561398923397064
2026/06/04 09:12:34,82,0.056560490280389786
2026/06/04 09:12:35,83,0.05470431596040726
2026/06/04 09:12:36,84,0.053028907626867294
2026/06/04 09:12:37,85,0.054756149649620056
2026/06/04 09:12:38,85,0.054584525525569916
2026/06/04 09:12:39,86,0.053685352206230164
2026/06/04 09:12:40,85,0.05747313052415848
2026/06/04 09:12:41,85,0.05933692306280136
2026/06/04 09:12:42,85,0.06496777385473251
2026/06/04 09:12:43,86,0.06357631832361221
2026/06/04 09:12:44,87,0.061155933886766434
2026/06/04 09:12:45,87,0.06317794322967529
2026/06/04 09:12:46,88,0.04993010684847832
2026/06/04 09:12:47,89,0.07712476700544357
2026/06/04 09:12:48,89,0.07141033560037613
2026/06/04 09:12:49,89,0.05598748102784157
2026/06/04 09:12:50,89,0.05585622414946556
2026/06/04 09:12:51,89,0.05460596829652786
2026/06/04 09:12:52,90,0.05500868335366249
2026/06/04 09:12:53,90,0.0539090670645237
2026/06/04 09:12:54,91,0.05505436286330223
2026/06/04 09:12:55,92,0.05416525527834892
2026/06/04 09:12:56,93,0.05525040999054909
2026/06/04 09:12:57,94,0.05490218475461006
2026/06/04 09:12:58,95,0.056955866515636444
2026/06/04 09:12:59,95,0.05796254798769951
2026/06/04 09:13:00,97,0.06238379329442978
2026/06/04 09:13:01,98,0.05710872262716293
2026/06/04 09:13:02,99,0.05890670791268349
2026/06/04 09:13:03,100,0.058990832418203354
2026/06/04 09:13:04,99,0.05887152627110481
2026/06/04 09:13:05,98,0.05852322652935982
2026/06/04 09:13:06,97,0.058418016880750656
2026/06/04 09:13:07,97,0.058826904743909836
2026/06/04 09:13:08,96,0.0592995323240757
2026/06/04 09:13:09,95,0.058761533349752426
2026/06/04 09:13:10,94,0.058213792741298676
2026/06/04 09:13:11,93,0.05833102762699127
2026/06/04 09:13:12,92,0.05914314463734627
2026/06/04 09:13:13,90,0.058535393327474594
2026/06/04 09:13:14,89,0.05849528685212135
2026/06/04 09:13:15,87,0.05809582769870758
2026/06/04 09:13:16,86,0.05810929462313652
2026/06/04 09:13:17,85,0.059052206575870514
2026/06/04 09:13:18,83,0.05868646502494812
2026/06/04 09:13:19,83,0.05838654935359955
2026/06/04 09:13:20,82,0.058471374213695526
2026/06/04 09:13:21,81,0.059082914143800735
2026/06/04 09:13:22,80,0.05802170932292938
2026/06/04 09:13:23,79,0.05802939087152481
2026/06/04 09:13:24,79,0.05830036476254463
2026/06/04 09:13:25,78,0.05781800299882889
2026/06/04 09:13:26,79,0.05774861201643944
2026/06/04 09:13:27,80,0.05826345458626747
2026/06/04 09:13:28,81,0.05767425522208214
2026/06/04 09:13:29,81,0.05903339385986328
2026/06/04 09:13:30,80,0.05767549201846123
2026/06/04 09:13:31,79,0.05873260274529457
2026/06/04 09:13:32,78,0.058704815804958344
2026/06/04 09:13:33,78,0.0577787347137928
2026/06/04 09:13:34,78,0.0581786073744297
2026/06/04 09:13:35,78,0.05805007740855217
2026/06/04 09:13:36,79,0.05740930885076523
2026/06/04 09:13:37,80,0.05878381058573723
2026/06/04 09:13:38,80,0.05839686095714569
2026/06/04 09:13:39,80,0.05695676803588867
2026/06/04 09:13:40,80,0.058261048048734665
2026/06/04 09:13:41,81,0.05799447000026703
2026/06/04 09:13:42,81,0.05767698585987091
2026/06/04 09:13:43,81,0.057949040085077286
2026/06/04 09:13:44,81,0.05840979143977165
2026/06/04 09:13:45,81,0.05744398385286331
2026/06/04 09:13:46,81,0.057555969804525375
2026/06/04 09:13:47,81,0.05805804952979088
2026/06/04 09:13:48,81,0.05713052675127983
2026/06/04 09:13:49,80,0.0579976886510849
2026/06/04 09:13:50,80,0.05822017416357994
2026/06/04 09:13:51,80,0.05796116963028908
2026/06/04 09:13:52,80,0.05805583670735359
2026/06/04 09:13:53,80,0.05685347318649292
2026/06/04 09:13:54,79,0.06025087088346481
2026/06/04 09:13:55,79,0.05143803358078003
2026/06/04 09:13:56,79,0.06309467554092407
2026/06/04 09:13:57,79,0.05133333429694176
2026/06/04 09:13:58,79,0.04193606227636337
2026/06/04 09:13:59,80,0.03658990189433098
2026/06/04 09:14:00,80,0.03627324104309082
2026/06/04 09:14:01,80,0.036313001066446304
2026/06/04 09:14:02,81,0.03648115321993828
2026/06/04 09:14:03,81,0.03629439324140549
2026/06/04 09:14:04,83,0.036483392119407654
2026/06/04 09:14:05,84,0.03641834110021591
2026/06/04 09:14:06,85,0.03586982190608978
2026/06/04 09:14:07,86,0.03606994077563286
2026/06/04 09:14:08,87,0.036576662212610245
2026/06/04 09:14:09,87,0.03704632818698883
2026/06/04 09:14:10,87,0.037783920764923096
2026/06/04 09:14:11,87,0.03574511408805847
2026/06/04 09:14:12,86,0.05528518557548523
2026/06/04 09:14:13,86,0.035028308629989624
2026/06/04 09:14:14,86,0.03521858900785446
2026/06/04 09:14:15,85,0.0413874126970768
2026/06/04 09:14:16,85,0.04126296192407608
2026/06/04 09:14:17,84,0.0407281368970871
2026/06/04 09:14:18,85,0.03965887427330017
2026/06/04 09:14:19,85,0.038617972284555435
2026/06/04 09:14:20,87,0.04023085534572601
2026/06/04 09:14:21,88,0.04045562073588371
2026/06/04 09:14:22,90,0.039997272193431854
2026/06/04 09:14:23,92,0.03983983024954796
2026/06/04 09:14:24,94,0.039443518966436386
2026/06/04 09:14:25,96,0.03767762333154678
2026/06/04 09:14:26,97,0.03697328269481659
2026/06/04 09:14:27,99,0.03505334630608559
2026/06/04 09:14:28,98,0.03903117775917053
2026/06/04 09:14:29,96,0.03804321587085724
2026/06/04 09:14:30,95,0.03517620638012886
2026/06/04 09:14:31,94,0.04195471480488777
2026/06/04 09:14:32,93,0.04106730595231056
2026/06/04 09:14:33,92,0.044304460287094116
2026/06/04 09:14:34,91,0.04389307647943497
2026/06/04 09:14:35,91,0.04568181559443474
2026/06/04 09:14:36,90,0.03177788853645325
2026/06/04 09:14:37,89,0.043275702744722366
2026/06/04 09:14:38,87,0.03240436688065529
2026/06/04 09:14:39,86,0.031099500134587288
2026/06/04 09:14:40,85,0.03451170027256012
2026/06/04 09:14:41,85,0.030245298519730568
2026/06/04 09:14:42,86,0.03010888211429119
2026/06/04 09:14:43,86,0.029330508783459663
2026/06/04 09:14:44,88,0.028897065669298172
2026/06/04 09:14:45,89,0.02968350425362587
2026/06/04 09:14:46,91,0.029235195368528366
2026/06/04 09:14:47,92,0.03153769299387932
2026/06/04 09:14:48,94,0.031050875782966614
2026/06/04 09:14:49,95,0.030527422204613686
2026/06/04 09:14:50,96,0.030941639095544815
2026/06/04 09:14:51,96,0.03112012892961502
2026/06/04 09:14:52,95,0.031121132895350456
2026/06/04 09:14:53,94,0.031512945890426636
2026/06/04 09:14:54,92,0.030924838036298752
2026/06/04 09:14:55,91,0.030870512127876282
2026/06/04 09:14:56,89,0.03092230297625065
2026/06/04 09:14:57,88,0.031491782516241074
2026/06/04 09:14:58,87,0.031434912234544754
2026/06/04 09:14:59,87,0.03058621473610401
2026/06/04 09:15:00,87,0.03221985697746277
2026/06/04 09:15:01,88,0.030173571780323982
2026/06/04 09:15:02,88,0.037025466561317444
2026/06/04 09:15:03,88,0.028632836416363716
2026/06/04 09:15:04,87,0.059458617120981216
2026/06/04 09:15:05,86,0.07770713418722153
2026/06/04 09:15:06,85,0.03298908472061157
2026/06/04 09:15:07,84,0.03168683871626854
2026/06/04 09:15:08,84,0.035504091531038284
2026/06/04 09:15:09,84,0.03395593911409378
2026/06/04 09:15:10,85,0.030378909781575203
2026/06/04 09:15:11,86,0.03549232333898544
2026/06/04 09:15:12,88,0.03029981069266796
2026/06/04 09:15:13,89,0.030298784375190735
2026/06/04 09:15:14,91,0.03022852912545204
2026/06/04 09:15:15,93,0.029639804735779762
2026/06/04 09:15:16,95,0.029047178104519844
2026/06/04 09:15:17,97,0.030267970636487007
2026/06/04 09:15:18,98,0.030167685821652412
2026/06/04 09:15:19,100,0.030575811862945557
2026/06/04 09:15:20,98,0.030649712309241295
2026/06/04 09:15:21,97,0.06831641495227814
2026/06/04 09:15:22,95,0.042309027165174484
2026/06/04 09:15:23,94,0.04447849094867706
2026/06/04 09:15:24,93,0.047205399721860886
2026/06/04 09:15:25,92,0.03882870823144913
2026/06/04 09:15:26,92,0.03373422473669052
2026/06/04 09:15:27,92,0.03597760573029518
2026/06/04 09:15:28,91,0.03620638698339462
2026/06/04 09:15:29,91,0.03636293485760689
2026/06/04 09:15:30,90,0.036098361015319824
2026/06/04 09:15:31,89,0.03529999405145645
2026/06/04 09:15:32,89,0.03717103600502014
2026/06/04 09:15:33,89,0.039494723081588745
2026/06/04 09:15:34,88,0.03612715005874634
2026/06/04 09:15:35,88,0.03835952654480934
2026/06/04 09:15:36,87,0.03664982318878174
2026/06/04 09:15:37,87,0.03600374981760979
2026/06/04 09:15:38,86,0.035564079880714417
2026/06/04 09:15:39,85,0.0360131561756134
2026/06/04 09:15:40,85,0.037802375853061676
2026/06/04 09:15:41,85,0.03596825897693634
2026/06/04 09:15:42,86,0.0388961136341095
2026/06/04 09:15:43,86,0.03389081731438637
2026/06/04 09:15:44,86,0.03173720836639404
2026/06/04 09:15:45,85,0.037816956639289856
2026/06/04 09:15:46,85,0.03516693040728569
2026/06/04 09:15:47,84,0.032224033027887344
2026/06/04 09:15:48,85,0.03242485970258713
2026/06/04 09:15:49,85,0.04624032974243164
2026/06/04 09:15:50,87,0.05231217294931412
2026/06/04 09:15:51,88,0.06827431172132492
2026/06/04 09:15:52,89,0.07219213992357254
2026/06/04 09:15:53,90,0.06921102106571198
2026/06/04 09:15:54,89,0.0989600419998169
2026/06/04 09:15:55,88,0.06023823842406273
2026/06/04 09:15:56,88,0.06826123595237732
2026/06/04 09:15:57,89,0.055003177374601364
2026/06/04 09:15:58,90,0.03591494634747505
2026/06/04 09:15:59,91,0.05711934715509415
2026/06/04 09:16:00,91,0.03900338336825371
2026/06/04 09:16:01,90,0.04321121424436569
2026/06/04 09:16:02,90,0.03813106566667557
2026/06/04 09:16:03,89,0.04624577611684799
2026/06/04 09:16:04,89,0.04730070382356644
2026/06/04 09:16:05,88,0.04815287888050079
2026/06/04 09:16:06,89,0.04711179807782173
2026/06/04 09:16:07,89,0.04866962134838104
2026/06/04 09:16:08,90,0.048836927860975266
2026/06/04 09:16:09,91,0.048961106687784195
2026/06/04 09:16:10,91,0.04808814078569412
2026/06/04 09:16:11,92,0.04806710034608841
2026/06/04 09:16:12,92,0.04737859591841698
2026/06/04 09:16:13,93,0.04822150245308876
2026/06/04 09:16:14,92,0.04964907839894295
2026/06/04 09:16:15,91,0.05341514199972153
2026/06/04 09:16:16,90,0.04809713736176491
2026/06/04 09:16:17,89,0.04563776031136513
2026/06/04 09:16:18,88,0.04648902267217636
2026/06/04 09:16:19,87,0.044826578348875046
2026/06/04 09:16:20,86,0.04465998336672783
2026/06/04 09:16:21,86,0.04626816511154175
2026/06/04 09:16:22,85,0.04910459369421005
2026/06/04 09:16:23,85,0.04708851873874664
2026/06/04 09:16:24,84,0.049581170082092285
2026/06/04 09:16:25,84,0.04924608767032623
2026/06/04 09:16:26,84,0.04993030056357384
2026/06/04 09:16:27,84,0.04494653269648552
2026/06/04 09:16:28,84,0.045917898416519165
2026/06/04 09:16:29,85,0.04644833132624626
2026/06/04 09:16:30,85,0.04670538008213043
2026/06/04 09:16:31,86,0.046357881277799606
2026/06/04 09:16:32,85,0.04667217656970024
2026/06/04 09:16:33,84,0.046325165778398514
2026/06/04 09:16:34,84,0.0463099405169487
2026/06/04 09:16:35,84,0.04962946102023125
2026/06/04 09:16:36,84,0.043153151869773865
2026/06/04 09:16:37,84,0.04677397385239601
2026/06/04 09:16:38,84,0.04174509271979332
2026/06/04 09:16:39,84,0.03784950077533722
2026/06/04 09:16:40,83,0.036751143634319305
2026/06/04 09:16:41,83,0.047037143260240555
2026/06/04 09:16:42,82,0.05191865190863609
2026/06/04 09:16:43,82,0.04907992109656334
2026/06/04 09:16:44,81,0.05827999487519264
2026/06/04 09:16:45,81,0.0545770563185215
2026/06/04 09:16:46,82,0.04897831752896309
2026/06/04 09:16:47,83,0.04594722017645836
2026/06/04 09:16:48,83,0.044621530920267105
2026/06/04 09:16:49,84,0.04508909583091736
2026/06/04 09:16:50,84,0.04465695843100548
2026/06/04 09:16:51,83,0.042890310287475586
2026/06/04 09:16:52,83,0.045581918209791183
2026/06/04 09:16:53,82,0.04536730423569679
2026/06/04 09:16:54,82,0.048469625413417816
2026/06/04 09:16:55,83,0.04732136428356171
2026/06/04 09:16:56,84,0.04985188692808151
2026/06/04 09:16:57,84,0.04823646694421768
2026/06/04 09:16:58,85,0.04671063274145126
2026/06/04 09:16:59,86,0.0476759634912014
2026/06/04 09:17:00,86,0.04679460451006889
2026/06/04 09:17:01,86,0.043206118047237396
2026/06/04 09:17:02,86,0.06129339709877968
2026/06/04 09:17:03,86,0.05243927240371704
2026/06/04 09:17:04,86,0.059300266206264496
2026/06/04 09:17:05,86,0.06161796674132347
2026/06/04 09:17:06,86,0.054171327501535416
2026/06/04 09:17:07,86,0.06021326035261154
2026/06/04 09:17:08,86,0.055419355630874634
2026/06/04 09:17:09,86,0.0669114962220192
2026/06/04 09:17:10,87,0.06760360300540924
2026/06/04 09:17:11,87,0.06049667298793793
2026/06/04 09:17:12,88,0.04790575057268143
2026/06/04 09:17:13,88,0.05286545306444168
2026/06/04 09:17:14,88,0.05781606584787369
2026/06/04 09:17:15,87,0.058298490941524506
2026/06/04 09:17:16,86,0.057915136218070984
2026/06/04 09:17:17,86,0.06309912353754044
2026/06/04 09:17:18,86,0.055223554372787476
2026/06/04 09:17:19,87,0.05316818878054619
2026/06/04 09:17:20,87,0.05768025293946266
2026/06/04 09:17:21,88,0.05016346648335457
2026/06/04 09:17:22,88,0.05412329360842705
2026/06/04 09:17:23,88,0.04913608357310295
2026/06/04 09:17:24,88,0.03881252557039261
2026/06/04 09:17:25,88,0.04660961776971817
2026/06/04 09:17:26,88,0.05205854773521423
2026/06/04 09:17:27,88,0.04469825699925423
2026/06/04 09:17:28,88,0.04978253319859505
2026/06/04 09:17:29,89,0.09176696836948395
2026/06/04 09:17:30,90,0.0686354786157608
2026/06/04 09:17:31,91,0.10271728783845901
2026/06/04 09:17:32,92,0.07682739198207855
2026/06/04 09:17:33,92,0.08897388726472855
2026/06/04 09:17:34,93,0.04270411282777786
2026/06/04 09:17:35,93,0.0422513447701931
2026/06/04 09:17:36,93,0.04009485989809036
2026/06/04 09:17:37,93,0.048221711069345474
2026/06/04 09:17:38,94,0.04972448572516441
2026/06/04 09:17:39,95,0.036625687032938004
2026/06/04 09:17:40,96,0.0521995946764946
2026/06/04 09:17:41,97,0.04674418643116951
2026/06/04 09:17:42,98,0.04568856582045555
2026/06/04 09:17:43,98,0.04626503586769104
2026/06/04 09:17:44,98,0.04626064375042915
2026/06/04 09:17:45,98,0.04585022106766701
2026/06/04 09:17:46,97,0.046906571835279465
2026/06/04 09:17:47,97,0.0464521124958992
2026/06/04 09:17:48,96,0.0464261919260025
2026/06/04 09:17:49,95,0.046097077429294586
2026/06/04 09:17:50,95,0.04653814062476158
2026/06/04 09:17:51,94,0.04640703275799751
2026/06/04 09:17:52,93,0.04645030200481415
2026/06/04 09:17:53,92,0.04680979996919632
2026/06/04 09:17:54,91,0.04677911102771759
2026/06/04 09:17:55,90,0.04366124048829079
2026/06/04 09:17:56,88,0.029848383739590645
2026/06/04 09:17:57,87,0.055143725126981735
2026/06/04 09:17:58,85,0.05179205536842346
2026/06/04 09:17:59,83,0.03830208256840706
2026/06/04 09:18:00,81,0.0675867423415184
2026/06/04 09:18:01,79,0.06123529002070427
2026/06/04 09:18:02,77,0.04873356595635414
2026/06/04 09:18:03,76,0.05246425420045853
2026/06/04 09:18:04,76,0.051521409302949905
2026/06/04 09:18:05,75,0.05194109305739403
2026/06/04 09:18:06,75,0.05051698535680771
2026/06/04 09:18:07,75,0.05134877935051918
2026/06/04 09:18:08,76,0.0514778196811676
2026/06/04 09:18:09,77,0.05371003597974777
2026/06/04 09:18:10,77,0.06657032668590546
2026/06/04 09:18:11,78,0.06476856768131256
2026/06/04 09:18:12,78,0.04964032396674156
2026/06/04 09:18:13,78,0.04847196489572525
2026/06/04 09:18:14,78,0.05081808194518089
2026/06/04 09:18:15,78,0.04537215456366539
2026/06/04 09:18:16,77,0.0520319789648056
2026/06/04 09:18:17,77,0.04995196685194969
2026/06/04 09:18:18,77,0.05161507427692413
2026/06/04 09:18:19,77,0.050872769206762314
2026/06/04 09:18:20,77,0.05028343200683594
2026/06/04 09:18:21,78,0.05039907246828079
2026/06/04 09:18:22,79,0.05667553097009659
2026/06/04 09:18:23,80,0.058219924569129944
2026/06/04 09:18:24,80,0.07266392558813095
2026/06/04 09:18:25,81,0.05158478394150734
2026/06/04 09:18:26,80,0.04909348860383034
2026/06/04 09:18:27,79,0.0976700484752655
2026/06/04 09:18:28,79,0.11169171333312988
2026/06/04 09:18:29,78,0.09182557463645935
2026/06/04 09:18:30,77,0.056494731456041336
2026/06/04 09:18:31,77,0.07264447957277298
2026/06/04 09:18:32,77,0.16055813431739807
2026/06/04 09:18:33,76,0.055952850729227066
2026/06/04 09:18:34,77,0.21946921944618225
2026/06/04 09:18:35,77,0.05667732656002045
2026/06/04 09:18:36,78,0.09122297912836075
2026/06/04 09:18:37,79,0.10948264598846436
2026/06/04 09:18:38,81,0.08437854796648026
2026/06/04 09:18:39,82,0.1305547058582306
2026/06/04 09:18:40,84,0.07013395428657532
2026/06/04 09:18:41,86,0.1377217173576355
2026/06/04 09:18:42,88,0.15532973408699036
2026/06/04 09:18:43,90,0.1657102406024933
2026/06/04 09:18:44,93,0.0830240324139595
2026/06/04 09:18:45,95,0.11649437248706818
2026/06/04 09:18:46,98,0.09635372459888458
2026/06/04 09:18:47,100,0.06086312234401703
2026/06/04 09:18:48,101,0.03497273847460747
2026/06/04 09:18:49,102,0.07448944449424744
2026/06/04 09:18:50,103,0.06126990169286728
2026/06/04 09:18:51,105,0.07373276352882385
2026/06/04 09:18:52,105,0.05562693253159523
2026/06/04 09:18:53,106,0.07414930313825607
2026/06/04 09:18:54,106,0.05198235809803009
2026/06/04 09:18:55,107,0.04394131153821945
2026/06/04 09:18:56,107,0.10028089582920074
2026/06/04 09:18:57,107,0.0487348698079586
2026/06/04 09:18:58,107,0.06579013168811798
2026/06/04 09:18:59,108,0.1473214030265808
2026/06/04 09:19:00,108,0.1403147280216217
2026/06/04 09:19:01,108,0.08012344688177109
2026/06/04 09:19:02,109,0.056765396147966385
2026/06/04 09:19:03,109,0.058098696172237396
2026/06/04 09:19:04,110,0.05573548004031181
2026/06/04 09:19:05,111,0.06310010701417923
2026/06/04 09:19:06,111,0.05578339844942093
2026/06/04 09:19:07,111,0.07218262553215027
2026/06/04 09:19:08,111,0.02588786743581295
2026/06/04 09:19:09,110,0.05172392353415489
2026/06/04 09:19:10,110,0.05603044107556343
2026/06/04 09:19:11,109,0.05981551483273506
2026/06/04 09:19:12,109,0.04368988424539566
2026/06/04 09:19:13,108,0.049381550401449203
2026/06/04 09:19:14,109,0.05190526694059372
2026/06/04 09:19:15,109,0.03319147974252701
2026/06/04 09:19:16,110,0.030030347406864166
2026/06/04 09:19:17,110,0.031524159014225006
2026/06/04 09:19:18,111,0.030564360320568085
2026/06/04 09:19:19,111,0.031495824456214905
2026/06/04 09:19:20,110,0.03077099286019802
2026/06/04 09:19:21,110,0.03104100376367569
2026/06/04 09:19:22,109,0.07757746428251266
2026/06/04 09:19:23,109,0.07766830921173096
2026/06/04 09:19:24,108,0.09752164781093597
2026/06/04 09:19:25,108,0.10324924439191818
2026/06/04 09:19:26,107,0.1961694359779358
2026/06/04 09:19:27,106,0.14333026111125946
2026/06/04 09:19:28,104,0.19420622289180756
2026/06/04 09:19:29,104,0.28708532452583313
2026/06/04 09:19:30,104,0.24050010740756989
2026/06/04 09:19:31,105,0.2390589565038681
2026/06/04 09:19:32,105,0.1737625151872635
2026/06/04 09:19:33,106,0.2299436628818512
2026/06/04 09:19:34,106,0.24610120058059692
2026/06/04 09:19:35,106,0.2204214483499527
2026/06/04 09:19:36,106,0.20316533744335175
2026/06/04 09:19:37,105,0.20802854001522064
2026/06/04 09:19:38,105,0.25169050693511963
2026/06/04 09:19:39,104,0.18459133803844452
2026/06/04 09:19:40,104,0.254640132188797
2026/06/04 09:19:41,103,0.20095214247703552
2026/06/04 09:19:42,103,0.22107045352458954
2026/06/04 09:19:43,103,0.2728940546512604
2026/06/04 09:19:44,103,0.18865816295146942
2026/06/04 09:19:45,104,0.23313932120800018
2026/06/04 09:19:46,105,0.1889384686946869
2026/06/04 09:19:47,105,0.21878266334533691
2026/06/04 09:19:48,106,0.17872583866119385
2026/06/04 09:19:49,106,0.19309042394161224
2026/06/04 09:19:50,106,0.27029165625572205
2026/06/04 09:19:51,106,0.2249504178762436
2026/06/04 09:19:52,106,0.26505643129348755
2026/06/04 09:19:53,107,0.16032467782497406
2026/06/04 09:19:54,107,0.18729956448078156
2026/06/04 09:19:55,107,0.20798714458942413
2026/06/04 09:19:56,107,0.13567188382148743
2026/06/04 09:19:57,108,0.2169352024793625
2026/06/04 09:19:58,108,0.2178805023431778
2026/06/04 09:19:59,109,0.1789076179265976
2026/06/04 09:20:00,109,0.07963398098945618
2026/06/04 09:20:01,110,0.04275187849998474
2026/06/04 09:20:02,110,0.05366719141602516
2026/06/04 09:20:03,111,0.03908665105700493
2026/06/04 09:20:04,112,0.09330864995718002
2026/06/04 09:20:05,112,0.16805948317050934
2026/06/04 09:20:06,113,0.08072812110185623
2026/06/04 09:20:07,114,0.1407441943883896
2026/06/04 09:20:08,115,0.2783891558647156
2026/06/04 09:20:09,115,0.17644982039928436
2026/06/04 09:20:10,116,0.22299012541770935
2026/06/04 09:20:11,116,0.2550545632839203
2026/06/04 09:20:12,117,0.09147916734218597
2026/06/04 09:20:13,118,0.10883603245019913
2026/06/04 09:20:14,118,0.20054331421852112
2026/06/04 09:20:15,118,0.24023514986038208
2026/06/04 09:20:16,118,0.19540078938007355
2026/06/04 09:20:17,118,0.18788383901119232
2026/06/04 09:20:18,118,0.33892884850502014
2026/06/04 09:20:19,118,0.2705705761909485
2026/06/04 09:20:20,117,0.2249228060245514
2026/06/04 09:20:21,117,0.17127180099487305
2026/06/04 09:20:22,116,0.29175662994384766
2026/06/04 09:20:23,116,0.20812909305095673
2026/06/04 09:20:24,116,0.324262410402298
2026/06/04 09:20:25,116,0.23237890005111694
2026/06/04 09:20:26,117,0.2689089775085449
2026/06/04 09:20:27,118,0.3288125693798065
2026/06/04 09:20:28,118,0.1593034863471985
2026/06/04 09:20:29,118,0.2093496024608612
2026/06/04 09:20:30,119,0.24196089804172516
2026/06/04 09:20:31,119,0.21513566374778748
2026/06/04 09:20:32,120,0.3005627989768982
2026/06/04 09:20:33,120,0.26171377301216125
2026/06/04 09:20:34,121,0.1625324785709381
2026/06/04 09:20:35,122,0.20887956023216248
2026/06/04 09:20:36,123,0.20285698771476746
2026/06/04 09:20:37,123,0.1210005059838295
2026/06/04 09:20:38,124,0.06332424283027649
2026/06/04 09:20:39,124,0.05194215476512909
2026/06/04 09:20:40,124,0.10253646969795227
2026/06/04 09:20:41,125,0.10194291174411774
2026/06/04 09:20:42,125,0.09650315344333649
2026/06/04 09:20:43,125,0.197204127907753
2026/06/04 09:20:44,126,0.17126289010047913
2026/06/04 09:20:45,126,0.17882800102233887
2026/06/04 09:20:46,127,0.054083216935396194
2026/06/04 09:20:47,127,0.14070124924182892
2026/06/04 09:20:48,127,0.15027768909931183
2026/06/04 09:20:49,127,0.1640394926071167
2026/06/04 09:20:50,127,0.20578144490718842
2026/06/04 09:20:51,127,0.31341731548309326
2026/06/04 09:20:52,127,0.2965424954891205
2026/06/04 09:20:53,127,0.2967415750026703
2026/06/04 09:20:54,127,0.16775958240032196
2026/06/04 09:20:55,126,0.19468441605567932
2026/06/04 09:20:56,126,0.2578667998313904
2026/06/04 09:20:57,126,0.09674451500177383
2026/06/04 09:20:58,126,0.06363572180271149
2026/06/04 09:20:59,125,0.09058868139982224
2026/06/04 09:21:00,125,0.051588043570518494
2026/06/04 09:21:01,125,0.030375465750694275
2026/06/04 09:21:02,124,0.04476761817932129
2026/06/04 09:21:03,124,0.02983308769762516
2026/06/04 09:21:04,124,0.043074145913124084
2026/06/04 09:21:05,124,0.048613522201776505
2026/06/04 09:21:06,124,0.08158820122480392
2026/06/04 09:21:07,123,0.24175655841827393
2026/06/04 09:21:08,123,0.32817843556404114
2026/06/04 09:21:09,123,0.48835140466690063
2026/06/04 09:21:10,123,0.5085534453392029
2026/06/04 09:21:11,124,0.6779420375823975
2026/06/04 09:21:12,125,0.45717161893844604
2026/06/04 09:21:13,125,0.4145912528038025
2026/06/04 09:21:14,126,0.32233256101608276
2026/06/04 09:21:15,126,0.5721041560173035
2026/06/04 09:21:16,126,0.41637930274009705
2026/06/04 09:21:17,126,0.2912036180496216
2026/06/04 09:21:18,127,0.08531993627548218
2026/06/04 09:21:19,127,0.0887235701084137
2026/06/04 09:21:20,127,0.06541091948747635
2026/06/04 09:21:21,127,0.07143014669418335
2026/06/04 09:21:22,127,0.05137680098414421
2026/06/04 09:21:23,127,0.07024891674518585
2026/06/04 09:21:24,128,0.08145049959421158
2026/06/04 09:21:25,128,0.11905883252620697
2026/06/04 09:21:26,128,0.12295311689376831
2026/06/04 09:21:27,128,0.070614293217659
2026/06/04 09:21:28,128,0.12374670058488846
2026/06/04 09:21:29,128,0.28014877438545227
2026/06/04 09:21:30,128,0.3690543472766876
2026/06/04 09:21:31,128,0.361891508102417
2026/06/04 09:21:32,127,0.45468199253082275
2026/06/04 09:21:33,127,0.4220786988735199
2026/06/04 09:21:34,126,0.47106435894966125
2026/06/04 09:21:35,125,0.4382801651954651
2026/06/04 09:21:36,124,0.3922891616821289
2026/06/04 09:21:37,124,0.274017870426178
2026/06/04 09:21:38,124,0.29537513852119446
2026/06/04 09:21:39,124,0.25521397590637207
2026/06/04 09:21:40,123,0.3564484119415283
2026/06/04 09:21:41,122,0.3144664466381073
2026/06/04 09:21:42,121,0.2593333423137665
2026/06/04 09:21:43,120,0.32440081238746643
2026/06/04 09:21:44,120,0.375780314207077
2026/06/04 09:21:45,119,0.23053871095180511
2026/06/04 09:21:46,119,0.2617912292480469
2026/06/04 09:21:47,120,0.13282372057437897
2026/06/04 09:21:48,121,0.0832405760884285
2026/06/04 09:21:49,122,0.056520119309425354
2026/06/04 09:21:50,123,0.05864555388689041
2026/06/04 09:21:51,125,0.04814543575048447
2026/06/04 09:21:52,126,0.04334653913974762
2026/06/04 09:21:53,127,0.047548357397317886
2026/06/04 09:21:54,128,0.04587186872959137
2026/06/04 09:21:55,129,0.039625488221645355
2026/06/04 09:21:56,129,0.07727735489606857
2026/06/04 09:21:57,130,0.055062875151634216
2026/06/04 09:21:58,130,0.09677267074584961
2026/06/04 09:21:59,130,0.06233734264969826
2026/06/04 09:22:00,130,0.08252941071987152
2026/06/04 09:22:01,130,0.12266509234905243
2026/06/04 09:22:02,130,0.23356065154075623
2026/06/04 09:22:03,129,0.08967448025941849
2026/06/04 09:22:04,129,0.06942585110664368
2026/06/04 09:22:05,129,0.12019584327936172
2026/06/04 09:22:06,130,0.11251272261142731
2026/06/04 09:22:07,130,0.05514289066195488
2026/06/04 09:22:08,130,0.1072322279214859
2026/06/04 09:22:09,130,0.09853151440620422
2026/06/04 09:22:10,130,0.04441067948937416
2026/06/04 09:22:11,131,0.05189814418554306
2026/06/04 09:22:12,131,0.05644745007157326
2026/06/04 09:22:13,131,0.08884072303771973
2026/06/04 09:22:14,131,0.047012608498334885
2026/06/04 09:22:15,131,0.0800759419798851
2026/06/04 09:22:16,130,0.061907123774290085
2026/06/04 09:22:17,130,0.0508565790951252
2026/06/04 09:22:18,129,0.08029051870107651
2026/06/04 09:22:19,129,0.0855826735496521
2026/06/04 09:22:20,128,0.07309131324291229
2026/06/04 09:22:21,127,0.026548828929662704
2026/06/04 09:22:22,125,0.04301099851727486
2026/06/04 09:22:23,124,0.04415232688188553
2026/06/04 09:22:24,123,0.14427442848682404
2026/06/04 09:22:25,123,0.12408660352230072
2026/06/04 09:22:26,122,0.04273919016122818
2026/06/04 09:22:27,121,0.058167148381471634
2026/06/04 09:22:28,121,0.20778122544288635
2026/06/04 09:22:29,120,0.30529657006263733
2026/06/04 09:22:30,120,0.4253427982330322
2026/06/04 09:22:31,119,0.496345192193985
2026/06/04 09:22:32,119,0.5703849792480469
2026/06/04 09:22:33,119,0.4935620427131653
2026/06/04 09:22:34,119,0.5028964877128601
2026/06/04 09:22:35,118,0.5730128288269043
2026/06/04 09:22:36,118,0.5490788221359253
2026/06/04 09:22:37,118,0.5880930423736572
2026/06/04 09:22:38,118,0.5748274922370911
2026/06/04 09:22:39,117,0.551325261592865
2026/06/04 09:22:40,117,0.5621017813682556
2026/06/04 09:22:41,116,0.601068377494812
2026/06/04 09:22:42,115,0.58226078748703
2026/06/04 09:22:43,114,0.36392077803611755
2026/06/04 09:22:44,112,0.38142624497413635
2026/06/04 09:22:45,111,0.5112532377243042
2026/06/04 09:22:46,109,0.3533867299556732
2026/06/04 09:22:47,108,0.43874797224998474
2026/06/04 09:22:48,107,0.31866422295570374
2026/06/04 09:22:49,106,0.24997641146183014
2026/06/04 09:22:50,106,0.38377729058265686
2026/06/04 09:22:51,106,0.4263211190700531
2026/06/04 09:22:52,106,0.5787031650543213
2026/06/04 09:22:53,107,0.5396443009376526
2026/06/04 09:22:54,108,0.44573336839675903
2026/06/04 09:22:55,108,0.5817410349845886
2026/06/04 09:22:56,109,0.36569875478744507
2026/06/04 09:22:57,110,0.42902106046676636
2026/06/04 09:22:58,111,0.34340208768844604
2026/06/04 09:22:59,111,0.22436372935771942
2026/06/04 09:23:00,112,0.2740427255630493
2026/06/04 09:23:01,113,0.4039883017539978
2026/06/04 09:23:02,115,0.36483168601989746
2026/06/04 09:23:03,116,0.3544693887233734
2026/06/04 09:23:04,117,0.3592616319656372
2026/06/04 09:23:05,118,0.34357360005378723
2026/06/04 09:23:06,119,0.40979471802711487
2026/06/04 09:23:07,120,0.4721689522266388
2026/06/04 09:23:08,121,0.38299962878227234
2026/06/04 09:23:09,121,0.31585484743118286
2026/06/04 09:23:10,121,0.4620988070964813
2026/06/04 09:23:11,121,0.48350024223327637
2026/06/04 09:23:12,122,0.42518672347068787
2026/06/04 09:23:13,122,0.5533965229988098
2026/06/04 09:23:14,122,0.40866556763648987
2026/06/04 09:23:15,122,0.4643266797065735
2026/06/04 09:23:16,123,0.5299217104911804
2026/06/04 09:23:17,123,0.42832237482070923
2026/06/04 09:23:18,124,0.3571505546569824
2026/06/04 09:23:19,125,0.316786527633667
2026/06/04 09:23:20,126,0.3015410900115967
2026/06/04 09:23:21,127,0.2833412289619446
2026/06/04 09:23:22,128,0.2587035298347473
2026/06/04 09:23:23,129,0.344186007976532
2026/06/04 09:23:24,129,0.3723968267440796
2026/06/04 09:23:25,130,0.5068775415420532
2026/06/04 09:23:26,131,0.4094119668006897
2026/06/04 09:23:27,132,0.38150936365127563
2026/06/04 09:23:28,132,0.4391765296459198
2026/06/04 09:23:29,132,0.3887411057949066
2026/06/04 09:23:30,133,0.4413260817527771
2026/06/04 09:23:31,133,0.429659903049469
2026/06/04 09:23:32,134,0.33271685242652893
2026/06/04 09:23:33,135,0.4026276469230652
2026/06/04 09:23:34,136,0.32940584421157837
2026/06/04 09:23:35,136,0.26256152987480164
2026/06/04 09:23:36,137,0.3348642587661743
2026/06/04 09:23:37,137,0.41422736644744873
2026/06/04 09:23:38,137,0.5921629667282104
2026/06/04 09:23:39,137,0.40081340074539185
2026/06/04 09:23:40,137,0.5432559251785278
2026/06/04 09:23:41,137,0.402535080909729
2026/06/04 09:23:42,137,0.4658903479576111
2026/06/04 09:23:43,138,0.10427352786064148
2026/06/04 09:23:44,137,0.33595502376556396
2026/06/04 09:23:45,137,0.31664136052131653
2026/06/04 09:23:46,136,0.4067889153957367
2026/06/04 09:23:47,136,0.45967918634414673
2026/06/04 09:23:48,135,0.4418519139289856
2026/06/04 09:23:49,135,0.5008870363235474
2026/06/04 09:23:50,135,0.3886544704437256
2026/06/04 09:23:51,135,0.28250426054000854
2026/06/04 09:23:52,135,0.4545358419418335
2026/06/04 09:23:53,135,0.4472792446613312
2026/06/04 09:23:54,135,0.4734499752521515
2026/06/04 09:23:55,135,0.3544946610927582
2026/06/04 09:23:56,135,0.35204988718032837
2026/06/04 09:23:57,135,0.37220773100852966
2026/06/04 09:23:58,134,0.5342937111854553
2026/06/04 09:23:59,134,0.378882497549057
2026/06/04 09:24:00,133,0.2904847264289856
2026/06/04 09:24:01,133,0.3712345361709595
2026/06/04 09:24:02,133,0.3766588568687439
2026/06/04 09:24:03,133,0.3008872866630554
2026/06/04 09:24:04,133,0.38901251554489136
2026/06/04 09:24:05,133,0.3324788510799408
2026/06/04 09:24:06,134,0.2955953776836395
2026/06/04 09:24:07,134,0.3783588409423828
2026/06/04 09:24:08,135,0.35477468371391296
2026/06/04 09:24:09,136,0.31672826409339905
2026/06/04 09:24:10,136,0.3076185882091522
2026/06/04 09:24:11,137,0.25799018144607544
2026/06/04 09:24:12,137,0.3709735870361328
2026/06/04 09:24:13,138,0.5737500786781311
2026/06/04 09:24:14,138,0.4260741174221039
2026/06/04 09:24:15,137,0.4517531096935272
2026/06/04 09:24:16,138,0.5844175815582275
2026/06/04 09:24:17,138,0.26043927669525146
2026/06/04 09:24:18,139,0.3662482500076294
2026/06/04 09:24:19,139,0.33357712626457214
2026/06/04 09:24:20,138,0.2854575216770172
2026/06/04 09:24:21,138,0.3083268105983734
2026/06/04 09:24:22,137,0.3411605656147003
2026/06/04 09:24:23,136,0.3907686471939087
2026/06/04 09:24:24,135,0.3485596477985382
2026/06/04 09:24:25,134,0.6166872382164001
2026/06/04 09:24:26,133,0.5040908455848694
2026/06/04 09:24:27,133,0.5481666326522827
2026/06/04 09:24:28,134,0.6080111265182495
2026/06/04 09:24:29,135,0.42962855100631714
2026/06/04 09:24:30,136,0.40330493450164795
2026/06/04 09:24:31,137,0.4897820055484772
2026/06/04 09:24:32,139,0.4359966218471527
2026/06/04 09:24:33,140,0.300798624753952
2026/06/04 09:24:34,141,0.3057662546634674
2026/06/04 09:24:35,142,0.24199678003787994
2026/06/04 09:24:36,142,0.24404668807983398
2026/06/04 09:24:37,143,0.3083495795726776
2026/06/04 09:24:38,143,0.21825413405895233
2026/06/04 09:24:39,143,0.27361980080604553
2026/06/04 09:24:40,144,0.4471840262413025
2026/06/04 09:24:41,144,0.40470799803733826
2026/06/04 09:24:42,144,0.4632083773612976
2026/06/04 09:24:43,144,0.5217409133911133
2026/06/04 09:24:44,144,0.384306401014328
2026/06/04 09:24:45,144,0.48631569743156433
2026/06/04 09:24:46,144,0.2811737656593323
2026/06/04 09:24:47,144,0.07732418179512024
2026/06/04 09:24:48,144,0.12220189720392227
2026/06/04 09:24:49,144,0.06799373775720596
2026/06/04 09:24:50,144,0.04602430388331413
2026/06/04 09:24:51,144,0.055168721824884415
2026/06/04 09:24:52,144,0.05869656428694725
2026/06/04 09:24:53,145,0.04197121784090996
2026/06/04 09:24:54,145,0.07726038247346878
2026/06/04 09:24:55,144,0.012183727696537971
2026/06/04 09:24:56,145,0.006090500392019749
2026/06/04 09:24:57,145,0.0049087172374129295
2026/06/04 09:24:58,144,0.004602330271154642
2026/06/04 09:24:59,144,0.004561408422887325
2026/06/04 09:25:00,143,0.005049154628068209
2026/06/04 09:25:01,142,0.005125679075717926
2026/06/04 09:25:02,141,0.0052455151453614235
2026/06/04 09:25:03,140,0.003764661028981209
2026/06/04 09:25:04,139,0.0032096761278808117
2026/06/04 09:25:05,137,0.003571905894204974
2026/06/04 09:25:06,135,0.0037724783178418875
2026/06/04 09:25:07,134,0.08040556311607361
2026/06/04 09:25:08,133,0.20099171996116638
2026/06/04 09:25:09,132,0.09468499571084976
2026/06/04 09:25:10,131,0.06677456200122833
2026/06/04 09:25:11,130,0.05829921364784241
2026/06/04 09:25:12,129,0.04331853240728378
2026/06/04 09:25:13,128,0.03720002621412277
2026/06/04 09:25:14,127,0.051578037440776825
2026/06/04 09:25:15,127,0.07064805924892426
2026/06/04 09:25:16,126,0.130008265376091
2026/06/04 09:25:17,125,0.11417966336011887
2026/06/04 09:25:18,125,0.0688183531165123
2026/06/04 09:25:19,124,0.0633087009191513
2026/06/04 09:25:20,124,0.04986167326569557
2026/06/04 09:25:21,123,0.04682755842804909
2026/06/04 09:25:22,123,0.03950980678200722
2026/06/04 09:25:23,123,0.040899891406297684
2026/06/04 09:25:24,122,0.042973458766937256
2026/06/04 09:25:25,122,0.041963715106248856
2026/06/04 09:25:26,121,0.04239204153418541
2026/06/04 09:25:27,121,0.0437716580927372
2026/06/04 09:25:28,119,0.04137929901480675
2026/06/04 09:25:29,118,0.08375583589076996
2026/06/04 09:25:30,117,0.1757810115814209
2026/06/04 09:25:31,116,0.12199971824884415
2026/06/04 09:25:32,114,0.09078557789325714
2026/06/04 09:25:33,112,0.129055455327034
2026/06/04 09:25:34,111,0.1433950513601303
2026/06/04 09:25:35,109,0.07778743654489517
2026/06/04 09:25:36,107,0.06965401023626328
2026/06/04 09:25:37,106,0.043486811220645905
2026/06/04 09:25:38,105,0.06890442222356796
2026/06/04 09:25:39,104,0.1549510359764099
2026/06/04 09:25:40,104,0.16378645598888397
2026/06/04 09:25:41,104,0.16552694141864777
2026/06/04 09:25:42,105,0.1826411783695221
2026/06/04 09:25:43,106,0.3325584828853607
2026/06/04 09:25:44,107,0.17097748816013336
2026/06/04 09:25:45,108,0.13269934058189392
2026/06/04 09:25:46,109,0.06634769588708878
2026/06/04 09:25:47,110,0.055936381220817566
2026/06/04 09:25:48,111,0.10794851928949356
2026/06/04 09:25:49,112,0.15739107131958008
2026/06/04 09:25:50,113,0.17258386313915253
2026/06/04 09:25:51,113,0.12723104655742645
2026/06/04 09:25:52,113,0.2508670687675476
2026/06/04 09:25:53,113,0.18167303502559662
2026/06/04 09:25:54,113,0.24491620063781738
2026/06/04 09:25:55,112,0.3535114526748657
2026/06/04 09:25:56,112,0.2046905905008316
2026/06/04 09:25:57,112,0.1443234086036682
2026/06/04 09:25:58,112,0.11268440634012222
2026/06/04 09:25:59,112,0.1938656121492386
2026/06/04 09:26:00,112,0.1731220781803131
2026/06/04 09:26:01,112,0.18977923691272736
2026/06/04 09:26:02,113,0.21482838690280914
2026/06/04 09:26:03,113,0.1827889084815979
2026/06/04 09:26:04,113,0.19641029834747314
2026/06/04 09:26:05,114,0.1587587147951126
2026/06/04 09:26:06,114,0.19007179141044617
2026/06/04 09:26:07,115,0.18676550686359406
2026/06/04 09:26:08,115,0.23615506291389465
2026/06/04 09:26:09,116,0.14344310760498047
2026/06/04 09:26:10,116,0.0988236665725708
2026/06/04 09:26:11,116,0.07370718568563461
2026/06/04 09:26:12,117,0.09327900409698486
2026/06/04 09:26:13,117,0.14031915366649628
2026/06/04 09:26:14,117,0.1108136922121048
2026/06/04 09:26:15,117,0.10370829701423645
2026/06/04 09:26:16,118,0.15342488884925842
2026/06/04 09:26:17,118,0.12252557277679443
2026/06/04 09:26:18,118,0.13164259493350983
2026/06/04 09:26:19,118,0.18157045543193817
2026/06/04 09:26:20,119,0.18036027252674103
2026/06/04 09:26:21,119,0.1736428588628769
2026/06/04 09:26:22,120,0.13314174115657806
2026/06/04 09:26:23,120,0.22243772447109222
2026/06/04 09:26:24,121,0.20076394081115723
2026/06/04 09:26:25,121,0.20202243328094482
2026/06/04 09:26:26,121,0.16911210119724274
2026/06/04 09:26:27,121,0.24604906141757965
2026/06/04 09:26:28,121,0.1775096356868744
2026/06/04 09:26:29,121,0.1398545801639557
2026/06/04 09:26:30,121,0.2181696742773056
2026/06/04 09:26:31,121,0.1503119170665741
2026/06/04 09:26:32,121,0.1831785887479782
2026/06/04 09:26:33,122,0.16220541298389435
2026/06/04 09:26:34,122,0.24289833009243011
2026/06/04 09:26:35,123,0.18477573990821838
2026/06/04 09:26:36,124,0.22510913014411926
2026/06/04 09:26:37,124,0.14213475584983826
2026/06/04 09:26:38,125,0.08953661471605301
2026/06/04 09:26:39,126,0.19611987471580505
2026/06/04 09:26:40,127,0.0779772698879242
2026/06/04 09:26:41,128,0.0996377170085907
2026/06/04 09:26:42,129,0.10112303495407104
2026/06/04 09:26:43,130,0.08627448976039886
2026/06/04 09:26:44,131,0.15169471502304077
2026/06/04 09:26:45,131,0.07241075485944748
2026/06/04 09:26:46,132,0.07938909530639648
2026/06/04 09:26:47,132,0.04604421928524971
2026/06/04 09:26:48,132,0.054081398993730545
2026/06/04 09:26:49,133,0.06728874146938324
2026/06/04 09:26:50,133,0.28389275074005127
2026/06/04 09:26:51,133,0.2150716483592987
2026/06/04 09:26:52,132,0.3667474091053009
2026/06/04 09:26:53,132,0.1869838535785675
2026/06/04 09:26:54,132,0.44472536444664
2026/06/04 09:26:55,132,0.4293844997882843
2026/06/04 09:26:56,131,0.2795756161212921
2026/06/04 09:26:57,130,0.5280411243438721
2026/06/04 09:26:58,129,0.3687211573123932
2026/06/04 09:26:59,128,0.4525882303714752
2026/06/04 09:27:00,126,0.41867733001708984
2026/06/04 09:27:01,125,0.38838475942611694
2026/06/04 09:27:02,124,0.4431433081626892
2026/06/04 09:27:03,122,0.5593886375427246
2026/06/04 09:27:04,122,0.5059298276901245
2026/06/04 09:27:05,121,0.32275325059890747
2026/06/04 09:27:06,121,0.655480146408081
2026/06/04 09:27:07,120,0.3212287425994873
2026/06/04 09:27:08,120,0.6105689406394958
2026/06/04 09:27:09,120,0.5198463201522827
2026/06/04 09:27:10,121,0.5929322242736816
2026/06/04 09:27:11,121,0.3764631152153015
2026/06/04 09:27:12,122,0.341645747423172
2026/06/04 09:27:13,123,0.14763453602790833
2026/06/04 09:27:14,124,0.14050304889678955
2026/06/04 09:27:15,125,0.05531895533204079
2026/06/04 09:27:16,125,0.058566588908433914
2026/06/04 09:27:17,126,0.05210013687610626
2026/06/04 09:27:18,126,0.11101923882961273
2026/06/04 09:27:19,127,0.2060406357049942
2026/06/04 09:27:20,128,0.22115597128868103
2026/06/04 09:27:21,128,0.2966618835926056
2026/06/04 09:27:22,129,0.3035047948360443
2026/06/04 09:27:23,130,0.3429494798183441
2026/06/04 09:27:24,130,0.3139832019805908
2026/06/04 09:27:25,131,0.5745693445205688
2026/06/04 09:27:26,132,0.500507116317749
2026/06/04 09:27:27,132,0.5859283804893494
2026/06/04 09:27:28,132,0.17590659856796265
2026/06/04 09:27:29,133,0.07605615258216858
2026/06/04 09:27:30,133,0.11532093584537506
2026/06/04 09:27:31,133,0.12338325381278992
2026/06/04 09:27:32,133,0.13412530720233917
2026/06/04 09:27:33,133,0.14946825802326202
2026/06/04 09:27:34,132,0.14908145368099213
2026/06/04 09:27:35,132,0.18715375661849976
2026/06/04 09:27:36,132,0.1384350210428238
2026/06/04 09:27:37,132,0.23362743854522705
2026/06/04 09:27:38,132,0.24863919615745544
2026/06/04 09:27:39,132,0.29375338554382324
2026/06/04 09:27:40,132,0.23609642684459686
2026/06/04 09:27:41,133,0.5607576966285706
2026/06/04 09:27:42,133,0.3271309435367584
2026/06/04 09:27:43,133,0.5036325454711914
2026/06/04 09:27:44,133,0.1957913041114807
2026/06/04 09:27:45,134,0.12990030646324158
2026/06/04 09:27:46,134,0.08819449692964554
2026/06/04 09:27:47,134,0.06529242545366287
2026/06/04 09:27:48,133,0.0969223603606224
2026/06/04 09:27:49,133,0.15267859399318695
2026/06/04 09:27:50,132,0.3142578601837158
2026/06/04 09:27:51,132,0.09903326630592346
2026/06/04 09:27:52,131,0.0615999698638916
2026/06/04 09:27:53,131,0.07257843762636185
2026/06/04 09:27:54,131,0.1811772882938385
2026/06/04 09:27:55,130,0.2322881817817688
2026/06/04 09:27:56,130,0.2725968360900879
2026/06/04 09:27:57,130,0.17606262862682343
2026/06/04 09:27:58,130,0.19861119985580444
2026/06/04 09:27:59,130,0.1593366116285324
2026/06/04 09:28:00,130,0.24295149743556976
2026/06/04 09:28:01,130,0.23045405745506287
2026/06/04 09:28:02,130,0.48736700415611267
2026/06/04 09:28:03,130,0.45217669010162354
2026/06/04 09:28:04,129,0.5567185282707214
2026/06/04 09:28:05,128,0.5288559198379517
2026/06/04 09:28:06,127,0.5651456713676453
2026/06/04 09:28:07,127,0.504298210144043
2026/06/04 09:28:08,125,0.5179704427719116
2026/06/04 09:28:09,124,0.25593945384025574
2026/06/04 09:28:10,123,0.10495898872613907
2026/06/04 09:28:11,123,0.08930212259292603
2026/06/04 09:28:12,122,0.0931301862001419
2026/06/04 09:28:13,121,0.0565880723297596
2026/06/04 09:28:14,121,0.09504914283752441
2026/06/04 09:28:15,122,0.04683234915137291
2026/06/04 09:28:16,124,0.059565361589193344
2026/06/04 09:28:17,125,0.041291493922472
2026/06/04 09:28:18,126,0.05341832712292671
2026/06/04 09:28:19,127,0.04822632670402527
2026/06/04 09:28:20,127,0.07069607824087143
2026/06/04 09:28:21,128,0.07232271879911423
2026/06/04 09:28:22,129,0.1291564404964447
2026/06/04 09:28:23,129,0.15476982295513153
2026/06/04 09:28:24,130,0.13577893376350403
2026/06/04 09:28:25,131,0.18962019681930542
2026/06/04 09:28:26,131,0.10847537219524384
2026/06/04 09:28:27,132,0.06517256051301956
2026/06/04 09:28:28,132,0.04931243136525154
2026/06/04 09:28:29,132,0.044239964336156845
2026/06/04 09:28:30,132,0.0437118336558342
2026/06/04 09:28:31,132,0.04969082027673721
2026/06/04 09:28:32,132,0.21007101237773895
2026/06/04 09:28:33,131,0.21792073547840118
2026/06/04 09:28:34,130,0.15157195925712585
2026/06/04 09:28:35,129,0.21156197786331177
2026/06/04 09:28:36,128,0.11919683963060379
2026/06/04 09:28:37,127,0.08191786706447601
2026/06/04 09:28:38,126,0.05117781460285187
2026/06/04 09:28:39,125,0.08046501874923706
2026/06/04 09:28:40,125,0.11698953807353973
2026/06/04 09:28:41,124,0.18878626823425293
2026/06/04 09:28:42,124,0.2713932991027832
2026/06/04 09:28:43,123,0.19581039249897003
2026/06/04 09:28:44,123,0.22739355266094208
2026/06/04 09:28:45,122,0.28338250517845154
2026/06/04 09:28:46,121,0.26075392961502075
2026/06/04 09:28:47,121,0.23361928761005402
2026/06/04 09:28:48,120,0.1994326412677765
2026/06/04 09:28:49,120,0.1614619344472885
2026/06/04 09:28:50,119,0.21048441529273987
2026/06/04 09:28:51,119,0.19012589752674103
2026/06/04 09:28:52,118,0.0904134213924408
2026/06/04 09:28:53,118,0.12470777332782745
2026/06/04 09:28:54,117,0.16825097799301147
2026/06/04 09:28:55,117,0.11322469264268875
2026/06/04 09:28:56,117,0.2342185527086258
2026/06/04 09:28:57,116,0.2845955491065979
2026/06/04 09:28:58,116,0.586799144744873
2026/06/04 09:28:59,116,0.15151815116405487
2026/06/04 09:29:00,115,0.43259912729263306
2026/06/04 09:29:01,115,0.24068307876586914
2026/06/04 09:29:02,114,0.49521610140800476
2026/06/04 09:29:03,114,0.22995281219482422
2026/06/04 09:29:04,114,0.14231298863887787
2026/06/04 09:29:05,113,0.11901400983333588
2026/06/04 09:29:06,113,0.20880018174648285
2026/06/04 09:29:07,113,0.1778789460659027
2026/06/04 09:29:08,113,0.18423666059970856
2026/06/04 09:29:09,113,0.14177663624286652
2026/06/04 09:29:10,114,0.16148893535137177
2026/06/04 09:29:11,115,0.07353156805038452
2026/06/04 09:29:12,116,0.06702157855033875
2026/06/04 09:29:13,116,0.07036548852920532
2026/06/04 09:29:14,117,0.06011969968676567
2026/06/04 09:29:15,117,0.05237096548080444
2026/06/04 09:29:16,118,0.06594682484865189
2026/06/04 09:29:17,118,0.07970365136861801
2026/06/04 09:29:18,119,0.09495218098163605
2026/06/04 09:29:19,119,0.10518313944339752
2026/06/04 09:29:20,120,0.05243050679564476
2026/06/04 09:29:21,121,0.06313671916723251
2026/06/04 09:29:22,121,0.0497157983481884
2026/06/04 09:29:23,121,0.05961750075221062
2026/06/04 09:29:24,120,0.12990477681159973
2026/06/04 09:29:25,120,0.14731602370738983
2026/06/04 09:29:26,120,0.284429669380188
2026/06/04 09:29:27,120,0.2683960795402527
2026/06/04 09:29:28,119,0.22424905002117157
2026/06/04 09:29:29,119,0.18134193122386932
2026/06/04 09:29:30,119,0.15778674185276031
2026/06/04 09:29:31,119,0.26164549589157104
2026/06/04 09:29:32,119,0.29982680082321167
2026/06/04 09:29:33,119,0.3368762135505676
2026/06/04 09:29:34,119,0.4888690412044525
2026/06/04 09:29:35,119,0.45984363555908203
2026/06/04 09:29:36,119,0.5415730476379395
2026/06/04 09:29:37,119,0.4120016098022461
2026/06/04 09:29:38,119,0.5372161269187927
2026/06/04 09:29:39,119,0.30227890610694885
2026/06/04 09:29:40,119,0.28945305943489075
2026/06/04 09:29:41,119,0.3368816077709198
2026/06/04 09:29:42,119,0.3063104450702667
2026/06/04 09:29:43,119,0.21657401323318481
2026/06/04 09:29:44,119,0.25812989473342896
2026/06/04 09:29:45,119,0.19848868250846863
2026/06/04 09:29:46,120,0.17591091990470886
2026/06/04 09:29:47,120,0.18728721141815186
2026/06/04 09:29:48,121,0.1624644547700882
2026/06/04 09:29:49,122,0.058986879885196686
2026/06/04 09:29:50,123,0.04901691526174545
2026/06/04 09:29:51,124,0.1290942281484604
2026/06/04 09:29:52,125,0.25679174065589905
2026/06/04 09:29:53,126,0.07789623737335205
2026/06/04 09:29:54,126,0.14319844543933868
2026/06/04 09:29:55,126,0.05848061293363571
2026/06/04 09:29:56,126,0.13290958106517792
2026/06/04 09:29:57,126,0.08624625205993652
2026/06/04 09:29:58,126,0.10701647400856018
2026/06/04 09:29:59,126,0.28173887729644775
2026/06/04 09:30:00,126,0.09827671200037003
2026/06/04 09:30:01,126,0.08091717213392258
2026/06/04 09:30:02,126,0.06603117287158966
2026/06/04 09:30:03,127,0.07272516191005707
2026/06/04 09:30:04,127,0.0694899633526802
2026/06/04 09:30:05,126,0.06254193931818008
2026/06/04 09:30:06,126,0.07700937986373901
2026/06/04 09:30:07,125,0.09246347844600677
2026/06/04 09:30:08,125,0.06099296361207962
2026/06/04 09:30:09,125,0.14979188144207
2026/06/04 09:30:10,125,0.1124730184674263
2026/06/04 09:30:11,125,0.08796431124210358
2026/06/04 09:30:12,124,0.09573201090097427
2026/06/04 09:30:13,124,0.09020555019378662
2026/06/04 09:30:14,124,0.06035919114947319
2026/06/04 09:30:15,124,0.10147139430046082
2026/06/04 09:30:16,124,0.12777522206306458
2026/06/04 09:30:17,124,0.12971331179141998
2026/06/04 09:30:18,124,0.11660902202129364
2026/06/04 09:30:19,124,0.1768018901348114
2026/06/04 09:30:20,124,0.12430679053068161
2026/06/04 09:30:21,123,0.23462530970573425
2026/06/04 09:30:22,123,0.2136458158493042
2026/06/04 09:30:23,123,0.14722386002540588
2026/06/04 09:30:24,122,0.11845022439956665
2026/06/04 09:30:25,122,0.1621140092611313
2026/06/04 09:30:26,122,0.28671926259994507
2026/06/04 09:30:27,122,0.2810075879096985
2026/06/04 09:30:28,122,0.32018351554870605
2026/06/04 09:30:29,122,0.21498772501945496
2026/06/04 09:30:30,121,0.20369525253772736
2026/06/04 09:30:31,121,0.12439016997814178
2026/06/04 09:30:32,121,0.16208626329898834
2026/06/04 09:30:33,120,0.30318111181259155
2026/06/04 09:30:34,120,0.24148650467395782
2026/06/04 09:30:35,120,0.1605817824602127
2026/06/04 09:30:36,120,0.11768495291471481
2026/06/04 09:30:37,120,0.0564027763903141
2026/06/04 09:30:38,120,0.08875969052314758
2026/06/04 09:30:39,121,0.12611547112464905
2026/06/04 09:30:40,121,0.101884625852108
2026/06/04 09:30:41,121,0.1722550094127655
2026/06/04 09:30:42,121,0.18840095400810242
2026/06/04 09:30:43,121,0.2463935762643814
2026/06/04 09:30:44,119,0.20482636988162994
2026/06/04 09:30:45,119,0.13438680768013
2026/06/04 09:30:46,118,0.2121024876832962
2026/06/04 09:30:47,117,0.24253559112548828
2026/06/04 09:30:48,116,0.1773185133934021
2026/06/04 09:30:49,116,0.18028222024440765
2026/06/04 09:30:50,116,0.07641001790761948
2026/06/04 09:30:51,116,0.050094641745090485
2026/06/04 09:30:52,116,0.053588878363370895
2026/06/04 09:30:53,117,0.04416521638631821
2026/06/04 09:30:54,117,0.041635654866695404
2026/06/04 09:30:55,117,0.04466620087623596
2026/06/04 09:30:56,116,0.04351768270134926
2026/06/04 09:30:57,116,0.04452935606241226
2026/06/04 09:30:58,116,0.04198180511593819
2026/06/04 09:30:59,117,0.042805735021829605
2026/06/04 09:31:00,118,0.05750684067606926
2026/06/04 09:31:01,119,0.030540218576788902
2026/06/04 09:31:02,120,0.035134006291627884
2026/06/04 09:31:03,121,0.04090217128396034
2026/06/04 09:31:04,122,0.05121057853102684
2026/06/04 09:31:05,122,0.20350775122642517
2026/06/04 09:31:06,123,0.12291046231985092
2026/06/04 09:31:07,124,0.10252377390861511
2026/06/04 09:31:08,124,0.0605420246720314
2026/06/04 09:31:09,124,0.07494901865720749
2026/06/04 09:31:10,124,0.18163911998271942
2026/06/04 09:31:11,124,0.13671262562274933
2026/06/04 09:31:12,123,0.09801704436540604
2026/06/04 09:31:13,123,0.04968823865056038
2026/06/04 09:31:14,123,0.19708718359470367
2026/06/04 09:31:15,122,0.20757009088993073
2026/06/04 09:31:16,122,0.31841570138931274
2026/06/04 09:31:17,121,0.25437644124031067
2026/06/04 09:31:18,121,0.2313510775566101
2026/06/04 09:31:19,121,0.3837580382823944
2026/06/04 09:31:20,120,0.3919793665409088
2026/06/04 09:31:21,120,0.5415164828300476
2026/06/04 09:31:22,121,0.42561790347099304
2026/06/04 09:31:23,121,0.4885910451412201
2026/06/04 09:31:24,121,0.5495162010192871
2026/06/04 09:31:25,121,0.36528244614601135
2026/06/04 09:31:26,120,0.5141833424568176
2026/06/04 09:31:27,120,0.21373800933361053
2026/06/04 09:31:28,119,0.15298351645469666
2026/06/04 09:31:29,118,0.2594342529773712
2026/06/04 09:31:30,117,0.33322077989578247
2026/06/04 09:31:31,117,0.3095647394657135
2026/06/04 09:31:32,116,0.28678011894226074
2026/06/04 09:31:33,116,0.3033392131328583
2026/06/04 09:31:34,116,0.2995815575122833
2026/06/04 09:31:35,117,0.5544499158859253
2026/06/04 09:31:36,117,0.363235741853714
2026/06/04 09:31:37,118,0.2522900402545929
2026/06/04 09:31:38,119,0.15786221623420715
2026/06/04 09:31:39,120,0.28836268186569214
2026/06/04 09:31:40,121,0.2410551905632019
2026/06/04 09:31:41,121,0.24275176227092743
2026/06/04 09:31:42,122,0.17673031985759735
2026/06/04 09:31:43,122,0.36867406964302063
2026/06/04 09:31:44,122,0.31456831097602844
2026/06/04 09:31:45,122,0.37634629011154175
2026/06/04 09:31:46,123,0.3973570168018341
2026/06/04 09:31:47,123,0.3434058725833893
2026/06/04 09:31:48,123,0.3739514648914337
2026/06/04 09:31:49,123,0.3164922893047333
2026/06/04 09:31:50,124,0.20500241219997406
2026/06/04 09:31:51,124,0.24157996475696564
2026/06/04 09:31:52,125,0.1913340836763382
2026/06/04 09:31:53,125,0.11083481460809708
2026/06/04 09:31:54,126,0.31274545192718506
2026/06/04 09:31:55,127,0.3384234309196472
2026/06/04 09:31:56,128,0.3472214639186859
2026/06/04 09:31:57,129,0.506079375743866
2026/06/04 09:31:58,130,0.39101406931877136
2026/06/04 09:31:59,130,0.3644142150878906
2026/06/04 09:32:00,130,0.5431557297706604
2026/06/04 09:32:01,130,0.35864052176475525
2026/06/04 09:32:02,130,0.28256839513778687
2026/06/04 09:32:03,131,0.3494691848754883
2026/06/04 09:32:04,131,0.3889113664627075
2026/06/04 09:32:05,132,0.3241983652114868
2026/06/04 09:32:06,133,0.393002450466156
2026/06/04 09:32:07,133,0.3185906410217285
2026/06/04 09:32:08,134,0.25387898087501526
2026/06/04 09:32:09,134,0.27695232629776
2026/06/04 09:32:10,135,0.3739570379257202
2026/06/04 09:32:11,135,0.4086515009403229
2026/06/04 09:32:12,135,0.22113224864006042
2026/06/04 09:32:13,134,0.4528826177120209
2026/06/04 09:32:14,135,0.2559826970100403
2026/06/04 09:32:15,135,0.2520063817501068
2026/06/04 09:32:16,135,0.44798728823661804
2026/06/04 09:32:17,135,0.49871474504470825
2026/06/04 09:32:18,135,0.5350735783576965
2026/06/04 09:32:19,136,0.4938926100730896
2026/06/04 09:32:20,136,0.5116583704948425
2026/06/04 09:32:21,136,0.5610702037811279
2026/06/04 09:32:22,136,0.33402392268180847
2026/06/04 09:32:23,136,0.3100089132785797
2026/06/04 09:32:24,136,0.2574220895767212
2026/06/04 09:32:25,136,0.3100244402885437
2026/06/04 09:32:26,136,0.24720922112464905
2026/06/04 09:32:27,136,0.23599107563495636
2026/06/04 09:32:28,136,0.2400515377521515
2026/06/04 09:32:29,136,0.2749319076538086
2026/06/04 09:32:30,136,0.3518773019313812
2026/06/04 09:32:31,136,0.5081608295440674
2026/06/04 09:32:32,136,0.21186970174312592
2026/06/04 09:32:33,135,0.5087903738021851
2026/06/04 09:32:34,136,0.4433888792991638
2026/06/04 09:32:35,136,0.4349905252456665
2026/06/04 09:32:36,136,0.18871299922466278
2026/06/04 09:32:37,136,0.25849172472953796
2026/06/04 09:32:38,136,0.3116353750228882
2026/06/04 09:32:39,135,0.32978522777557373
2026/06/04 09:32:40,135,0.246627077460289
2026/06/04 09:32:41,135,0.25618788599967957
2026/06/04 09:32:42,135,0.3705335557460785
2026/06/04 09:32:43,134,0.20720410346984863
2026/06/04 09:32:44,135,0.4710691571235657
2026/06/04 09:32:45,136,0.4795821011066437
2026/06/04 09:32:46,137,0.4393433630466461
2026/06/04 09:32:47,138,0.6123993396759033
2026/06/04 09:32:48,137,0.36329159140586853
2026/06/04 09:32:49,136,0.22431902587413788
2026/06/04 09:32:50,137,0.29435575008392334
2026/06/04 09:32:51,138,0.48991116881370544
2026/06/04 09:32:52,138,0.25209054350852966
2026/06/04 09:32:53,138,0.360550194978714
2026/06/04 09:32:54,138,0.24533116817474365
2026/06/04 09:32:55,138,0.47926726937294006
2026/06/04 09:32:56,137,0.3887438476085663
2026/06/04 09:32:57,137,0.5211801528930664
2026/06/04 09:32:58,137,0.41552847623825073
2026/06/04 09:32:59,138,0.3399077355861664
2026/06/04 09:33:00,138,0.3002040684223175
2026/06/04 09:33:01,138,0.2989965081214905
2026/06/04 09:33:02,139,0.463944673538208
2026/06/04 09:33:03,140,0.693125307559967
2026/06/04 09:33:04,140,0.5031142234802246
2026/06/04 09:33:05,141,0.5399396419525146
2026/06/04 09:33:06,142,0.6038662791252136
2026/06/04 09:33:07,143,0.39745065569877625
2026/06/04 09:33:08,144,0.4399896562099457
2026/06/04 09:33:09,144,0.33878105878829956
2026/06/04 09:33:10,144,0.570206880569458
2026/06/04 09:33:11,145,0.686651885509491
2026/06/04 09:33:12,144,0.6499060988426208
2026/06/04 09:33:13,143,0.7039360404014587
2026/06/04 09:33:14,142,0.4594334363937378
2026/06/04 09:33:15,141,0.5990044474601746
2026/06/04 09:33:16,140,0.5369899868965149
2026/06/04 09:33:17,139,0.3623802065849304
2026/06/04 09:33:18,138,0.47392553091049194
2026/06/04 09:33:19,136,0.2784455418586731
2026/06/04 09:33:20,136,0.38323619961738586
2026/06/04 09:33:21,135,0.3501209020614624
2026/06/04 09:33:22,134,0.293814092874527
2026/06/04 09:33:23,134,0.2609432637691498
2026/06/04 09:33:24,134,0.2876579165458679
2026/06/04 09:33:25,135,0.4185645878314972
2026/06/04 09:33:26,135,0.47953587770462036
2026/06/04 09:33:27,135,0.6918678879737854
2026/06/04 09:33:28,135,0.551218569278717
2026/06/04 09:33:29,136,0.587088942527771
2026/06/04 09:33:30,136,0.6217377781867981
2026/06/04 09:33:31,136,0.28458115458488464
2026/06/04 09:33:32,136,0.25740373134613037
2026/06/04 09:33:33,136,0.4603424370288849
2026/06/04 09:33:34,137,0.3629048764705658
2026/06/04 09:33:35,137,0.49820476770401
2026/06/04 09:33:36,137,0.45829397439956665
2026/06/04 09:33:37,136,0.5162249207496643
2026/06/04 09:33:38,137,0.5526387095451355
2026/06/04 09:33:39,137,0.5075854659080505
2026/06/04 09:33:40,138,0.4906669557094574
2026/06/04 09:33:41,138,0.5168972015380859
2026/06/04 09:33:42,138,0.5700638294219971
2026/06/04 09:33:43,139,0.605238676071167
2026/06/04 09:33:44,139,0.3307979702949524
2026/06/04 09:33:45,140,0.23305433988571167
2026/06/04 09:33:46,141,0.2995224893093109
2026/06/04 09:33:47,141,0.2754061222076416
2026/06/04 09:33:48,142,0.25988122820854187
2026/06/04 09:33:49,142,0.40483295917510986
2026/06/04 09:33:50,143,0.2843174636363983
2026/06/04 09:33:51,143,0.2913466691970825
2026/06/04 09:33:52,143,0.3894279897212982
2026/06/04 09:33:53,143,0.21388351917266846
2026/06/04 09:33:54,143,0.18662656843662262
2026/06/04 09:33:55,144,0.5207614302635193
2026/06/04 09:33:56,144,0.60670405626297
2026/06/04 09:33:57,144,0.628192663192749
2026/06/04 09:33:58,144,0.5978140830993652
2026/06/04 09:33:59,144,0.6333922743797302
2026/06/04 09:34:00,144,0.693209171295166
2026/06/04 09:34:01,144,0.5168812870979309
2026/06/04 09:34:02,144,0.5502073764801025
2026/06/04 09:34:03,143,0.5321887731552124
2026/06/04 09:34:04,144,0.46277573704719543
2026/06/04 09:34:05,144,0.5339208841323853
2026/06/04 09:34:06,144,0.5455628633499146
2026/06/04 09:34:07,145,0.548625648021698
2026/06/04 09:34:08,145,0.515155017375946
2026/06/04 09:34:09,145,0.5868395566940308
2026/06/04 09:34:10,145,0.6091069579124451
2026/06/04 09:34:11,146,0.5633283853530884
2026/06/04 09:34:12,146,0.5404526591300964
2026/06/04 09:34:13,146,0.42245250940322876
2026/06/04 09:34:14,146,0.3252110779285431
2026/06/04 09:34:15,146,0.5386279821395874
2026/06/04 09:34:16,146,0.6110668182373047
2026/06/04 09:34:17,146,0.6064850687980652
2026/06/04 09:34:18,146,0.7327610850334167
2026/06/04 09:34:19,146,0.44180822372436523
2026/06/04 09:34:20,147,0.43924984335899353
2026/06/04 09:34:21,147,0.4024687111377716
2026/06/04 09:34:22,147,0.32403841614723206
2026/06/04 09:34:23,147,0.4654417634010315
2026/06/04 09:34:24,147,0.4636777639389038
2026/06/04 09:34:25,146,0.4272693693637848
2026/06/04 09:34:26,146,0.3149438500404358
2026/06/04 09:34:27,145,0.2941263020038605
2026/06/04 09:34:28,144,0.3176994323730469
2026/06/04 09:34:29,143,0.37018099427223206
2026/06/04 09:34:30,143,0.70694899559021
2026/06/04 09:34:31,142,0.6494314074516296
2026/06/04 09:34:32,142,0.3116532564163208
2026/06/04 09:34:33,142,0.6615328192710876
2026/06/04 09:34:34,142,0.6191445589065552
2026/06/04 09:34:35,142,0.5007901191711426
2026/06/04 09:34:36,142,0.3244481384754181
2026/06/04 09:34:37,142,0.6794325113296509
2026/06/04 09:34:38,141,0.49574676156044006
2026/06/04 09:34:39,141,0.49706926941871643
2026/06/04 09:34:40,140,0.33948585391044617
2026/06/04 09:34:41,140,0.30730506777763367
2026/06/04 09:34:42,140,0.2742178738117218
2026/06/04 09:34:43,139,0.2294481247663498
2026/06/04 09:34:44,139,0.11187417805194855
2026/06/04 09:34:45,139,0.06564084440469742
2026/06/04 09:34:46,139,0.16584691405296326
2026/06/04 09:34:47,139,0.29128900170326233
2026/06/04 09:34:48,139,0.1999746710062027
2026/06/04 09:34:49,139,0.2118626981973648
2026/06/04 09:34:50,139,0.15294411778450012
2026/06/04 09:34:51,139,0.20162028074264526
2026/06/04 09:34:52,139,0.2599625587463379
2026/06/04 09:34:53,139,0.25665906071662903
2026/06/04 09:34:54,139,0.4127589762210846
2026/06/04 09:34:55,139,0.3683738708496094
2026/06/04 09:34:56,139,0.563594400882721
2026/06/04 09:34:57,139,0.6630286574363708
2026/06/04 09:34:58,138,0.6041092276573181
2026/06/04 09:34:59,138,0.7056004405021667
2026/06/04 09:35:00,139,0.43290895223617554
2026/06/04 09:35:01,139,0.6206645965576172
2026/06/04 09:35:02,140,0.668255090713501
2026/06/04 09:35:03,140,0.5403007864952087
2026/06/04 09:35:04,139,0.7443556785583496
2026/06/04 09:35:05,139,0.7348207831382751
2026/06/04 09:35:06,139,0.6248661875724792
2026/06/04 09:35:07,139,0.614968478679657
2026/06/04 09:35:08,139,0.39911070466041565
2026/06/04 09:35:09,140,0.24752011895179749
2026/06/04 09:35:10,141,0.3499080538749695
2026/06/04 09:35:11,142,0.39978983998298645
2026/06/04 09:35:12,142,0.5114134550094604
2026/06/04 09:35:13,141,0.5742747783660889
2026/06/04 09:35:14,141,0.5843158960342407
2026/06/04 09:35:15,141,0.5516935586929321
2026/06/04 09:35:16,141,0.5146164298057556
2026/06/04 09:35:17,142,0.3978779911994934
2026/06/04 09:35:18,142,0.5952796936035156
2026/06/04 09:35:19,142,0.5533016920089722
2026/06/04 09:35:20,142,0.35899239778518677
2026/06/04 09:35:21,142,0.6765776872634888
2026/06/04 09:35:22,142,0.8049893975257874
2026/06/04 09:35:23,142,0.6424338817596436
2026/06/04 09:35:24,141,0.5488256812095642
2026/06/04 09:35:25,141,0.607072114944458
2026/06/04 09:35:26,140,0.5960364937782288
2026/06/04 09:35:27,139,0.8074535131454468
2026/06/04 09:35:28,138,0.717772901058197
2026/06/04 09:35:29,138,0.6503894329071045
2026/06/04 09:35:30,137,0.5864114761352539
2026/06/04 09:35:31,137,0.7776536345481873
2026/06/04 09:35:32,137,0.6801081895828247
2026/06/04 09:35:33,136,0.7050075531005859
2026/06/04 09:35:34,136,0.3641388416290283
2026/06/04 09:35:35,135,0.4826299250125885
2026/06/04 09:35:36,136,0.49270373582839966
2026/06/04 09:35:37,136,0.4711132049560547
2026/06/04 09:35:38,137,0.562801718711853
2026/06/04 09:35:39,137,0.5961638689041138
2026/06/04 09:35:40,137,0.5734413862228394
2026/06/04 09:35:41,138,0.7135505676269531
2026/06/04 09:35:42,139,0.3967490792274475
2026/06/04 09:35:43,139,0.32164743542671204
2026/06/04 09:35:44,141,0.3711625635623932
2026/06/04 09:35:45,142,0.42015355825424194
2026/06/04 09:35:46,143,0.3200133442878723
2026/06/04 09:35:47,144,0.7792723774909973
2026/06/04 09:35:48,145,0.5597376227378845
2026/06/04 09:35:49,146,0.2443562000989914
2026/06/04 09:35:50,146,0.19065585732460022
2026/06/04 09:35:51,147,0.1654076725244522
2026/06/04 09:35:52,147,0.12498097866773605
2026/06/04 09:35:53,147,0.14113475382328033
2026/06/04 09:35:54,148,0.07105417549610138
2026/06/04 09:35:55,148,0.08203551918268204
2026/06/04 09:35:56,149,0.08239023387432098
2026/06/04 09:35:57,149,0.10071828216314316
2026/06/04 09:35:58,149,0.11161961406469345
2026/06/04 09:35:59,150,0.06104489415884018
2026/06/04 09:36:00,150,0.07738494873046875
2026/06/04 09:36:01,151,0.05017242208123207
2026/06/04 09:36:02,152,0.06426143646240234
2026/06/04 09:36:03,152,0.06307864189147949
2026/06/04 09:36:04,153,0.05418306589126587
2026/06/04 09:36:05,153,0.06269798427820206
2026/06/04 09:36:06,153,0.0531107559800148
2026/06/04 09:36:07,153,0.056857191026210785
2026/06/04 09:36:08,153,0.05100081488490105
2026/06/04 09:36:09,154,0.04983299598097801
2026/06/04 09:36:10,154,0.06211371347308159
2026/06/04 09:36:11,154,0.06323391199111938
2026/06/04 09:36:12,153,0.051924098283052444
2026/06/04 09:36:13,153,0.0999891459941864
2026/06/04 09:36:14,152,0.12995105981826782
2026/06/04 09:36:15,151,0.06692491471767426
2026/06/04 09:36:16,150,0.146755650639534
2026/06/04 09:36:17,149,0.0996038019657135
2026/06/04 09:36:18,147,0.09510587155818939
2026/06/04 09:36:19,146,0.1141708567738533
2026/06/04 09:36:20,145,0.14815735816955566
2026/06/04 09:36:21,144,0.17547625303268433
2026/06/04 09:36:22,142,0.062222257256507874
2026/06/04 09:36:23,141,0.12131418287754059
2026/06/04 09:36:24,140,0.11096635460853577
2026/06/04 09:36:25,139,0.04571681469678879
2026/06/04 09:36:26,138,0.05375758185982704
2026/06/04 09:36:27,138,0.04645849019289017
2026/06/04 09:36:28,137,0.0496879518032074
2026/06/04 09:36:29,136,0.052716322243213654
2026/06/04 09:36:30,136,0.04660183563828468
2026/06/04 09:36:31,135,0.07154545187950134
2026/06/04 09:36:32,134,0.06643544882535934
2026/06/04 09:36:33,133,0.08947288244962692
2026/06/04 09:36:34,132,0.0584445483982563
2026/06/04 09:36:35,131,0.062245726585388184
2026/06/04 09:36:36,130,0.04365738108754158
2026/06/04 09:36:37,129,0.046365488320589066
2026/06/04 09:36:38,127,0.04285063222050667
2026/06/04 09:36:39,126,0.0332312248647213
2026/06/04 09:36:40,125,0.03074360266327858
2026/06/04 09:36:41,123,0.03018607757985592
2026/06/04 09:36:42,122,0.030131958425045013
2026/06/04 09:36:43,120,0.03014713153243065
2026/06/04 09:36:44,119,0.030797632411122322
2026/06/04 09:36:45,118,0.03035440482199192
2026/06/04 09:36:46,118,0.030172407627105713
2026/06/04 09:36:47,117,0.029253361746668816
2026/06/04 09:36:48,118,0.030460292473435402
2026/06/04 09:36:49,118,0.030125735327601433
2026/06/04 09:36:50,118,0.029494602233171463
2026/06/04 09:36:51,119,0.02881939522922039
2026/06/04 09:36:52,118,0.029418524354696274
2026/06/04 09:36:53,117,0.03022979013621807
2026/06/04 09:36:54,116,0.0307400394231081
2026/06/04 09:36:55,115,0.03341785445809364
2026/06/04 09:36:56,114,0.033825960010290146
2026/06/04 09:36:57,112,0.03344878926873207
2026/06/04 09:36:58,110,0.037709444761276245
2026/06/04 09:36:59,109,0.05732555314898491
2026/06/04 09:37:00,103,0.09444583207368851
2026/06/04 09:37:01,100,0.08024454116821289
2026/06/04 09:37:02,97,0.034975260496139526
2026/06/04 09:37:03,96,0.06862303614616394
2026/06/04 09:37:04,95,0.05387022718787193
2026/06/04 09:37:05,94,0.09122256934642792
2026/06/04 09:37:06,93,0.07318663597106934
2026/06/04 09:37:07,93,0.0641537606716156
2026/06/04 09:37:08,94,0.11479365825653076
2026/06/04 09:37:09,94,0.05969060957431793
2026/06/04 09:37:10,95,0.07314720004796982
2026/06/04 09:37:11,95,0.09932541102170944
2026/06/04 09:37:12,96,0.08522935211658478
2026/06/04 09:37:13,96,0.054439838975667953
2026/06/04 09:37:14,97,0.04755251854658127
2026/06/04 09:37:15,98,0.09030026942491531
2026/06/04 09:37:16,99,0.1265014261007309
2026/06/04 09:37:17,100,0.11823493987321854
2026/06/04 09:37:18,101,0.07636836916208267
2026/06/04 09:37:19,102,0.06490622460842133
2026/06/04 09:37:20,104,0.15405040979385376
2026/06/04 09:37:21,105,0.039506394416093826
2026/06/04 09:37:22,106,0.03829732909798622
2026/06/04 09:37:23,107,0.03291530907154083
2026/06/04 09:37:24,107,0.1158197820186615
2026/06/04 09:37:25,108,0.23507225513458252
2026/06/04 09:37:26,108,0.2848260700702667
2026/06/04 09:37:27,108,0.2694472372531891
2026/06/04 09:37:28,109,0.19195741415023804
2026/06/04 09:37:29,109,0.1434130072593689
2026/06/04 09:37:30,110,0.16036315262317657
2026/06/04 09:37:31,111,0.1650325208902359
2026/06/04 09:37:32,112,0.162616565823555
2026/06/04 09:37:33,113,0.193942129611969
2026/06/04 09:37:34,114,0.15572011470794678
2026/06/04 09:37:35,115,0.08497709780931473
2026/06/04 09:37:36,116,0.038777079433202744
2026/06/04 09:37:37,117,0.04746560752391815
2026/06/04 09:37:38,117,0.11663724482059479
2026/06/04 09:37:39,118,0.12612953782081604
2026/06/04 09:37:40,117,0.06580858677625656
2026/06/04 09:37:41,117,0.07064656168222427
2026/06/04 09:37:42,116,0.050780292600393295
2026/06/04 09:37:43,115,0.04468012601137161
2026/06/04 09:37:44,114,0.04410770535469055
2026/06/04 09:37:45,114,0.04235779494047165
2026/06/04 09:37:46,113,0.042296089231967926
2026/06/04 09:37:47,112,0.04099757596850395
2026/06/04 09:37:48,110,0.05542479828000069
2026/06/04 09:37:49,109,0.04587602987885475
2026/06/04 09:37:50,108,0.05315026268362999
2026/06/04 09:37:51,107,0.05023711919784546
2026/06/04 09:37:52,106,0.05025152862071991
2026/06/04 09:37:53,105,0.049064673483371735
2026/06/04 09:37:54,104,0.046211764216423035
2026/06/04 09:37:55,104,0.04830288514494896
2026/06/04 09:37:56,103,0.04996201768517494
2026/06/04 09:37:57,102,0.0517130009829998
2026/06/04 09:37:58,100,0.05048713833093643
2026/06/04 09:37:59,99,0.053670644760131836
2026/06/04 09:38:00,98,0.05370349809527397
2026/06/04 09:38:01,97,0.05052052438259125
2026/06/04 09:38:02,98,0.05126681923866272
2026/06/04 09:38:03,98,0.04966077581048012
2026/06/04 09:38:04,99,0.04902371019124985
2026/06/04 09:38:05,99,0.048327989876270294
2026/06/04 09:38:06,99,0.0496411994099617
2026/06/04 09:38:07,99,0.059084080159664154
2026/06/04 09:38:08,99,0.04697100818157196
2026/06/04 09:38:09,99,0.1049848347902298
2026/06/04 09:38:10,99,0.04752693697810173
2026/06/04 09:38:11,99,0.04757589474320412
2026/06/04 09:38:12,100,0.05836164578795433
2026/06/04 09:38:13,100,0.0661105141043663
2026/06/04 09:38:14,101,0.01772972196340561
2026/06/04 09:38:15,101,0.06578907370567322
2026/06/04 09:38:16,100,0.06625883281230927
2026/06/04 09:38:17,100,0.06803911179304123
2026/06/04 09:38:18,99,0.04115089029073715
2026/06/04 09:38:19,98,0.04210260510444641
2026/06/04 09:38:20,97,0.04199704900383949
2026/06/04 09:38:21,97,0.04167010635137558
2026/06/04 09:38:22,97,0.045904140919446945
2026/06/04 09:38:23,97,0.054641950875520706
2026/06/04 09:38:24,98,0.05149839073419571
2026/06/04 09:38:25,99,0.04512849822640419
2026/06/04 09:38:26,99,0.04429863020777702
2026/06/04 09:38:27,100,0.039305876940488815
2026/06/04 09:38:28,100,0.05860544368624687
2026/06/04 09:38:29,101,0.20188786089420319
2026/06/04 09:38:30,101,0.09324289858341217
2026/06/04 09:38:31,100,0.127705916762352
2026/06/04 09:38:32,100,0.07633553445339203
2026/06/04 09:38:33,100,0.1526138335466385
2026/06/04 09:38:34,100,0.051417987793684006
2026/06/04 09:38:35,100,0.06278252601623535
2026/06/04 09:38:36,99,0.07070515304803848
2026/06/04 09:38:37,99,0.07898642122745514
2026/06/04 09:38:38,99,0.047772232443094254
2026/06/04 09:38:39,98,0.04980259761214256
2026/06/04 09:38:40,98,0.05036312714219093
2026/06/04 09:38:41,98,0.049306757748126984
2026/06/04 09:38:42,99,0.050174176692962646
2026/06/04 09:38:43,99,0.049598656594753265
2026/06/04 09:38:44,100,0.050352543592453
2026/06/04 09:38:45,100,0.04902810975909233
2026/06/04 09:38:46,101,0.04737654700875282
2026/06/04 09:38:47,101,0.05351224169135094
2026/06/04 09:38:48,101,0.05086161941289902
2026/06/04 09:38:49,100,0.05834188312292099
2026/06/04 09:38:50,100,0.05160976201295853
2026/06/04 09:38:51,100,0.08530355989933014
2026/06/04 09:38:52,99,0.05969219654798508
2026/06/04 09:38:53,99,0.06670107692480087
2026/06/04 09:38:54,98,0.06906008720397949
2026/06/04 09:38:55,97,0.05374236777424812
2026/06/04 09:38:56,95,0.056327614933252335
2026/06/04 09:38:57,94,0.05580248683691025
2026/06/04 09:38:58,94,0.05600837990641594
2026/06/04 09:38:59,94,0.05597022548317909
2026/06/04 09:39:00,94,0.055941831320524216
2026/06/04 09:39:01,95,0.05551109462976456
2026/06/04 09:39:02,95,0.054861001670360565
2026/06/04 09:39:03,96,0.06139691174030304
2026/06/04 09:39:04,96,0.04665709286928177
2026/06/04 09:39:05,96,0.052300360053777695
2026/06/04 09:39:06,95,0.04915168508887291
2026/06/04 09:39:07,94,0.04575735703110695
2026/06/04 09:39:08,93,0.04355596378445625
2026/06/04 09:39:09,92,0.054098811000585556
2026/06/04 09:39:10,91,0.05435563623905182
2026/06/04 09:39:11,90,0.05874209105968475
2026/06/04 09:39:12,89,0.06559836119413376
2026/06/04 09:39:13,89,0.05462876707315445
2026/06/04 09:39:14,88,0.06491894274950027
2026/06/04 09:39:15,88,0.10937365889549255
2026/06/04 09:39:16,88,0.06768066436052322
2026/06/04 09:39:17,89,0.08996517956256866
2026/06/04 09:39:18,89,0.06422432512044907
2026/06/04 09:39:19,89,0.056152164936065674
2026/06/04 09:39:20,90,0.04969462752342224
2026/06/04 09:39:21,90,0.0535452663898468
2026/06/04 09:39:22,89,0.059127774089574814
2026/06/04 09:39:23,89,0.04894620552659035
2026/06/04 09:39:24,88,0.06883351504802704
2026/06/04 09:39:25,88,0.13897091150283813
2026/06/04 09:39:26,88,0.07955870032310486
2026/06/04 09:39:27,88,0.06804803758859634
2026/06/04 09:39:28,88,0.06705167889595032
2026/06/04 09:39:29,89,0.052078977227211
2026/06/04 09:39:30,89,0.05176817625761032
2026/06/04 09:39:31,89,0.05210203677415848
2026/06/04 09:39:32,89,0.05297015234827995
2026/06/04 09:39:33,88,0.052486762404441833
2026/06/04 09:39:34,89,0.05278263986110687
2026/06/04 09:39:35,89,0.051876600831747055
2026/06/04 09:39:36,89,0.05209992825984955
2026/06/04 09:39:37,89,0.053241290152072906
2026/06/04 09:39:38,89,0.050328049808740616
2026/06/04 09:39:39,89,0.0534738153219223
2026/06/04 09:39:40,89,0.04628843441605568
2026/06/04 09:39:41,89,0.039829131215810776
2026/06/04 09:39:42,89,0.046673957258462906
2026/06/04 09:39:43,88,0.04385792464017868
2026/06/04 09:39:44,88,0.056424830108881
2026/06/04 09:39:45,87,0.04979284480214119
2026/06/04 09:39:46,85,0.043108999729156494
2026/06/04 09:39:47,84,0.03825395926833153
2026/06/04 09:39:48,84,0.038063302636146545
2026/06/04 09:39:49,83,0.03744320198893547
2026/06/04 09:39:50,84,0.038417983800172806
2026/06/04 09:39:51,84,0.03777024894952774
2026/06/04 09:39:52,85,0.03778481110930443
2026/06/04 09:39:53,86,0.03765092417597771
2026/06/04 09:39:54,88,0.038531072437763214
2026/06/04 09:39:55,89,0.05167267471551895
2026/06/04 09:39:56,90,0.03822443634271622
2026/06/04 09:39:57,91,0.038773346692323685
2026/06/04 09:39:58,91,0.03179263323545456
2026/06/04 09:39:59,91,0.034391433000564575
2026/06/04 09:40:00,91,0.045720215886831284
2026/06/04 09:40:01,90,0.06077282875776291
2026/06/04 09:40:02,89,0.057547152042388916
2026/06/04 09:40:03,88,0.07639431953430176
2026/06/04 09:40:04,87,0.07039181143045425
2026/06/04 09:40:05,87,0.05292284116148949
2026/06/04 09:40:06,86,0.05762425810098648
2026/06/04 09:40:07,86,0.047750622034072876
2026/06/04 09:40:08,87,0.10709476470947266
2026/06/04 09:40:09,88,0.08483899384737015
2026/06/04 09:40:10,89,0.07987798750400543
2026/06/04 09:40:11,89,0.07948679476976395
2026/06/04 09:40:12,91,0.0810706615447998
2026/06/04 09:40:13,92,0.04906930774450302
2026/06/04 09:40:14,93,0.03963709622621536
2026/06/04 09:40:15,94,0.03757704421877861
2026/06/04 09:40:16,96,0.03757907822728157
2026/06/04 09:40:17,97,0.040958624333143234
2026/06/04 09:40:18,99,0.038862280547618866
2026/06/04 09:40:19,100,0.07180050015449524
2026/06/04 09:40:20,101,0.06108095124363899
2026/06/04 09:40:21,101,0.06150474026799202
2026/06/04 09:40:22,102,0.07218009978532791
2026/06/04 09:40:23,102,0.07101108878850937
2026/06/04 09:40:24,102,0.05616982653737068
2026/06/04 09:40:25,102,0.0790715143084526
2026/06/04 09:40:26,102,0.10245201736688614
2026/06/04 09:40:27,101,0.12193157523870468
2026/06/04 09:40:28,100,0.06483335793018341
2026/06/04 09:40:29,100,0.036329131573438644
2026/06/04 09:40:30,99,0.036835405975580215
2026/06/04 09:40:31,98,0.06242452561855316
2026/06/04 09:40:32,98,0.11817660182714462
2026/06/04 09:40:33,97,0.05448053032159805
2026/06/04 09:40:34,96,0.052451830357313156
2026/06/04 09:40:35,96,0.05075838044285774
2026/06/04 09:40:36,95,0.057479746639728546
2026/06/04 09:40:37,95,0.050069596618413925
2026/06/04 09:40:38,95,0.06707227975130081
2026/06/04 09:40:39,94,0.06836503744125366
2026/06/04 09:40:40,94,0.05387473851442337
2026/06/04 09:40:41,94,0.043236274272203445
2026/06/04 09:40:42,94,0.046926386654376984
2026/06/04 09:40:43,94,0.03920038044452667
2026/06/04 09:40:44,95,0.050740890204906464
2026/06/04 09:40:45,95,0.07921486347913742
2026/06/04 09:40:46,96,0.051545869559049606
2026/06/04 09:40:47,96,0.040702760219573975
2026/06/04 09:40:48,96,0.03769350424408913
2026/06/04 09:40:49,96,0.043490298092365265
2026/06/04 09:40:50,96,0.06516779959201813
2026/06/04 09:40:51,96,0.05814749374985695
2026/06/04 09:40:52,96,0.04987870901823044
2026/06/04 09:40:53,95,0.05573037266731262
2026/06/04 09:40:54,95,0.05337543040513992
2026/06/04 09:40:55,95,0.06538642197847366
2026/06/04 09:40:56,94,0.053849536925554276
2026/06/04 09:40:57,94,0.042347270995378494
2026/06/04 09:40:58,94,0.03986643627285957
2026/06/04 09:40:59,94,0.038902200758457184
2026/06/04 09:41:00,94,0.038854196667671204
2026/06/04 09:41:01,93,0.03751632943749428
2026/06/04 09:41:02,94,0.061110273003578186
2026/06/04 09:41:03,94,0.05257780849933624
2026/06/04 09:41:04,93,0.06843047589063644
2026/06/04 09:41:05,93,0.06405647099018097
2026/06/04 09:41:06,92,0.0618400052189827
2026/06/04 09:41:07,92,0.04620595648884773
2026/06/04 09:41:08,90,0.04770447313785553
2026/06/04 09:41:09,89,0.04687802866101265
2026/06/04 09:41:10,88,0.042228903621435165
2026/06/04 09:41:11,87,0.04137107729911804
2026/06/04 09:41:12,85,0.03881044313311577
2026/06/04 09:41:13,83,0.03248140588402748
2026/06/04 09:41:14,81,0.04348767176270485
2026/06/04 09:41:15,79,0.036623917520046234
2026/06/04 09:41:16,79,0.03619843348860741
2026/06/04 09:41:17,79,0.037112340331077576
2026/06/04 09:41:18,80,0.03508780151605606
2026/06/04 09:41:19,80,0.037715524435043335
2026/06/04 09:41:20,80,0.061066970229148865
2026/06/04 09:41:21,80,0.08236085623502731
2026/06/04 09:41:22,81,0.11157257109880447
2026/06/04 09:41:23,81,0.07561330497264862
2026/06/04 09:41:24,81,0.07376324385404587
2026/06/04 09:41:25,81,0.07706936448812485
2026/06/04 09:41:26,82,0.07170766592025757
2026/06/04 09:41:27,83,0.08240803331136703
2026/06/04 09:41:28,83,0.06886006891727448
2026/06/04 09:41:29,84,0.06360329687595367
2026/06/04 09:41:30,85,0.04121717810630798
2026/06/04 09:41:31,86,0.024813298135995865
2026/06/04 09:41:32,87,0.03422693535685539
2026/06/04 09:41:33,89,0.0321173295378685
2026/06/04 09:41:34,90,0.058381713926792145
2026/06/04 09:41:35,91,0.10971487313508987
2026/06/04 09:41:36,91,0.02937244065105915
2026/06/04 09:41:37,90,0.03240621089935303
2026/06/04 09:41:38,90,0.03685897961258888
2026/06/04 09:41:39,90,0.05127106234431267
2026/06/04 09:41:40,89,0.06606612354516983
2026/06/04 09:41:41,89,0.05749077349901199
2026/06/04 09:41:42,89,0.05075574666261673
2026/06/04 09:41:43,89,0.05475685000419617
2026/06/04 09:41:44,89,0.05173850432038307
2026/06/04 09:41:45,89,0.05470381677150726
2026/06/04 09:41:46,90,0.05362467095255852
2026/06/04 09:41:47,91,0.053474683314561844
2026/06/04 09:41:48,91,0.05345078185200691
2026/06/04 09:41:49,92,0.052433792501688004
2026/06/04 09:41:50,92,0.05266278237104416
2026/06/04 09:41:51,92,0.06413061171770096
2026/06/04 09:41:52,92,0.1597914695739746
2026/06/04 09:41:53,92,0.41216275095939636
2026/06/04 09:41:54,92,0.1693383902311325
2026/06/04 09:41:55,93,0.06615594029426575
2026/06/04 09:41:56,94,0.042653147131204605
2026/06/04 09:41:57,95,0.025996606796979904
2026/06/04 09:41:58,96,0.05157091096043587
2026/06/04 09:41:59,96,0.10689710825681686
2026/06/04 09:42:00,97,0.10204513370990753
2026/06/04 09:42:01,97,0.06818684935569763
2026/06/04 09:42:02,97,0.07238537818193436
2026/06/04 09:42:03,97,0.1115608960390091
2026/06/04 09:42:04,97,0.07195022702217102
2026/06/04 09:42:05,96,0.05661272257566452
2026/06/04 09:42:06,96,0.04966523125767708
2026/06/04 09:42:07,96,0.0288261566311121
2026/06/04 09:42:08,95,0.025324933230876923
2026/06/04 09:42:09,95,0.03605131059885025
2026/06/04 09:42:10,94,0.0344039723277092
2026/06/04 09:42:11,93,0.0449761226773262
2026/06/04 09:42:12,92,0.037070006132125854
2026/06/04 09:42:13,91,0.037665851414203644
2026/06/04 09:42:14,90,0.03809574246406555
2026/06/04 09:42:15,90,0.03858063369989395
2026/06/04 09:42:16,90,0.03886999562382698
2026/06/04 09:42:17,90,0.03775717318058014
2026/06/04 09:42:18,91,0.038274992257356644
2026/06/04 09:42:19,92,0.0425928495824337
2026/06/04 09:42:20,93,0.11397114396095276
2026/06/04 09:42:21,93,0.03440258279442787
2026/06/04 09:42:22,94,0.03284361958503723
2026/06/04 09:42:23,95,0.034087639302015305
2026/06/04 09:42:24,94,0.0324622318148613
2026/06/04 09:42:25,93,0.03862191364169121
2026/06/04 09:42:26,92,0.03937038034200668
2026/06/04 09:42:27,92,0.07084476947784424
2026/06/04 09:42:28,90,0.06204497814178467
2026/06/04 09:42:29,89,0.10615834593772888
2026/06/04 09:42:30,88,0.09402819722890854
2026/06/04 09:42:31,86,0.05503365397453308
2026/06/04 09:42:32,85,0.042021967470645905
2026/06/04 09:42:33,85,0.119069904088974
2026/06/04 09:42:34,84,0.023151366040110588
2026/06/04 09:42:35,84,0.022892126813530922
2026/06/04 09:42:36,83,0.025795629248023033
2026/06/04 09:42:37,83,0.02935079112648964
2026/06/04 09:42:38,83,0.0634986087679863
2026/06/04 09:42:39,83,0.05219700559973717
2026/06/04 09:42:40,83,0.05084643512964249
2026/06/04 09:42:41,84,0.0508122481405735
2026/06/04 09:42:42,85,0.053275853395462036
2026/06/04 09:42:43,85,0.05419638752937317
2026/06/04 09:42:44,84,0.052518926560878754
2026/06/04 09:42:45,84,0.05061183124780655
2026/06/04 09:42:46,83,0.05320567637681961
2026/06/04 09:42:47,82,0.05171779543161392
2026/06/04 09:42:48,81,0.05201110616326332
2026/06/04 09:42:49,80,0.051889266818761826
2026/06/04 09:42:50,80,0.052171263843774796
2026/06/04 09:42:51,79,0.05158209428191185
2026/06/04 09:42:52,80,0.051644545048475266
2026/06/04 09:42:53,80,0.052803490310907364
2026/06/04 09:42:54,81,0.05775995925068855
2026/06/04 09:42:55,82,0.06200488284230232
2026/06/04 09:42:56,83,0.05410769209265709
2026/06/04 09:42:57,84,0.06211652234196663
2026/06/04 09:42:58,84,0.052907947450876236
2026/06/04 09:42:59,83,0.06061043590307236
2026/06/04 09:43:00,82,0.059751227498054504
2026/06/04 09:43:01,81,0.05654578655958176
2026/06/04 09:43:02,80,0.05849337950348854
2026/06/04 09:43:03,79,0.04949185624718666
2026/06/04 09:43:04,78,0.054622892290353775
2026/06/04 09:43:05,78,0.06089866906404495
2026/06/04 09:43:06,78,0.0635770857334137
2026/06/04 09:43:07,77,0.05477636307477951
2026/06/04 09:43:08,77,0.0490424744784832
2026/06/04 09:43:09,77,0.05485694855451584
2026/06/04 09:43:10,77,0.0545242540538311
2026/06/04 09:43:11,77,0.050459347665309906
2026/06/04 09:43:12,78,0.05071312189102173
2026/06/04 09:43:13,78,0.0524221695959568
2026/06/04 09:43:14,78,0.05118034407496452
2026/06/04 09:43:15,79,0.0583401583135128
2026/06/04 09:43:16,79,0.052468910813331604
2026/06/04 09:43:17,79,0.07232248038053513
2026/06/04 09:43:18,79,0.05972737818956375
2026/06/04 09:43:19,79,0.05328237637877464
2026/06/04 09:43:20,79,0.04896930605173111
2026/06/04 09:43:21,79,0.050347067415714264
2026/06/04 09:43:22,78,0.049188800156116486
2026/06/04 09:43:23,78,0.04888049513101578
2026/06/04 09:43:24,78,0.049125149846076965
2026/06/04 09:43:25,78,0.0504375658929348
2026/06/04 09:43:26,79,0.05566469579935074
2026/06/04 09:43:27,80,0.06158599629998207
2026/06/04 09:43:28,80,0.0844733789563179
2026/06/04 09:43:29,81,0.09785918891429901
2026/06/04 09:43:30,81,0.07133085280656815
2026/06/04 09:43:31,81,0.0802256166934967
2026/06/04 09:43:32,81,0.06535529345273972
2026/06/04 09:43:33,80,0.05752679705619812
2026/06/04 09:43:34,80,0.06319903582334518
2026/06/04 09:43:35,80,0.059841398149728775
2026/06/04 09:43:36,80,0.059495095163583755
2026/06/04 09:43:37,80,0.05902930721640587
2026/06/04 09:43:38,80,0.061299316585063934
2026/06/04 09:43:39,80,0.05657966434955597
2026/06/04 09:43:40,80,0.05624332278966904
2026/06/04 09:43:41,80,0.05641347914934158
2026/06/04 09:43:42,81,0.055826764553785324
2026/06/04 09:43:43,81,0.05513806641101837
2026/06/04 09:43:44,81,0.05576033145189285
2026/06/04 09:43:45,82,0.05628640577197075
2026/06/04 09:43:46,82,0.09838421642780304
2026/06/04 09:43:47,83,0.060831256210803986
2026/06/04 09:43:48,83,0.04854796826839447
2026/06/04 09:43:49,83,0.04991583153605461
2026/06/04 09:43:50,84,0.05052254721522331
2026/06/04 09:43:51,85,0.049765896052122116
2026/06/04 09:43:52,85,0.04975216090679169
2026/06/04 09:43:53,85,0.05007576197385788
2026/06/04 09:43:54,85,0.05201701074838638
2026/06/04 09:43:55,85,0.056668344885110855
2026/06/04 09:43:56,84,0.06988028436899185
2026/06/04 09:43:57,83,0.0532638356089592
2026/06/04 09:43:58,82,0.05054859444499016
2026/06/04 09:43:59,81,0.04944588989019394
2026/06/04 09:44:00,81,0.05005255714058876
2026/06/04 09:44:01,81,0.050585005432367325
2026/06/04 09:44:02,81,0.050558943301439285
2026/06/04 09:44:03,82,0.05077213793992996
2026/06/04 09:44:04,82,0.05997573584318161
2026/06/04 09:44:05,82,0.0547066405415535
2026/06/04 09:44:06,81,0.045212991535663605
2026/06/04 09:44:07,81,0.045135460793972015
2026/06/04 09:44:08,82,0.04582902044057846
2026/06/04 09:44:09,82,0.068010114133358
2026/06/04 09:44:10,82,0.1256961077451706
2026/06/04 09:44:11,83,0.09763399511575699
2026/06/04 09:44:12,84,0.043447501957416534
2026/06/04 09:44:13,84,0.06361483782529831
2026/06/04 09:44:14,85,0.06121884286403656
2026/06/04 09:44:15,85,0.08243222534656525
2026/06/04 09:44:16,86,0.09077060222625732
2026/06/04 09:44:17,87,0.07464051246643066
2026/06/04 09:44:18,88,0.14873076975345612
2026/06/04 09:44:19,89,0.37428078055381775
2026/06/04 09:44:20,89,0.18815511465072632
2026/06/04 09:44:21,90,0.05649026855826378
2026/06/04 09:44:22,91,0.06842197477817535
2026/06/04 09:44:23,92,0.03485206142067909
2026/06/04 09:44:24,93,0.0477580726146698
2026/06/04 09:44:25,94,0.07683369517326355
2026/06/04 09:44:26,95,0.0670718103647232
2026/06/04 09:44:27,96,0.07293092459440231
2026/06/04 09:44:28,96,0.06387294828891754
2026/06/04 09:44:29,95,0.05957801267504692
2026/06/04 09:44:30,94,0.055805012583732605
2026/06/04 09:44:31,94,0.07686834037303925
2026/06/04 09:44:32,93,0.06603603810071945
2026/06/04 09:44:33,93,0.04893825203180313
2026/06/04 09:44:34,93,0.04401122406125069
2026/06/04 09:44:35,93,0.06231718137860298
2026/06/04 09:44:36,94,0.05371233448386192
2026/06/04 09:44:37,94,0.053387511521577835
2026/06/04 09:44:38,94,0.05170251801609993
2026/06/04 09:44:39,95,0.08625887334346771
2026/06/04 09:44:40,94,0.052151910960674286
2026/06/04 09:44:41,93,0.0469522625207901
2026/06/04 09:44:42,92,0.048787668347358704
2026/06/04 09:44:43,91,0.04681506007909775
2026/06/04 09:44:44,91,0.04647602513432503
2026/06/04 09:44:45,90,0.051315780729055405
2026/06/04 09:44:46,90,0.13281434774398804
2026/06/04 09:44:47,90,0.33682528138160706
2026/06/04 09:44:48,89,0.28689900040626526
2026/06/04 09:44:49,89,0.08721337467432022
2026/06/04 09:44:50,88,0.06558104604482651
2026/06/04 09:44:51,88,0.07370366156101227
2026/06/04 09:44:52,87,0.0636245533823967
2026/06/04 09:44:53,87,0.06783931702375412
2026/06/04 09:44:54,87,0.041554298251867294
2026/06/04 09:44:55,87,0.023773200809955597
2026/06/04 09:44:56,87,0.02564830146729946
2026/06/04 09:44:57,87,0.020753959193825722
2026/06/04 09:44:58,87,0.01842341013252735
2026/06/04 09:44:59,88,0.025901278480887413
2026/06/04 09:45:00,88,0.02168102003633976
2026/06/04 09:45:01,87,0.025698836892843246
2026/06/04 09:45:02,88,0.026707075536251068
2026/06/04 09:45:03,89,0.016634833067655563
2026/06/04 09:45:04,90,0.0185917466878891
2026/06/04 09:45:05,91,0.029425570741295815
2026/06/04 09:45:06,92,0.031442634761333466
2026/06/04 09:45:07,92,0.027437325567007065
2026/06/04 09:45:08,92,0.006446794141083956
2026/06/04 09:45:09,92,0.024314068257808685
2026/06/04 09:45:10,91,0.025114603340625763
2026/06/04 09:45:11,91,0.01987224631011486
2026/06/04 09:45:12,91,0.03571293503046036
2026/06/04 09:45:13,91,0.026667021214962006
2026/06/04 09:45:14,91,0.1285976618528366
2026/06/04 09:45:15,91,0.13812163472175598
2026/06/04 09:45:16,91,0.09881075471639633
2026/06/04 09:45:17,91,0.11359790712594986
2026/06/04 09:45:18,91,0.056282635778188705
2026/06/04 09:45:19,90,0.08238653838634491
2026/06/04 09:45:20,90,0.06489190459251404
2026/06/04 09:45:21,90,0.08500088006258011
2026/06/04 09:45:22,90,0.17553316056728363
2026/06/04 09:45:23,89,0.09779108315706253
2026/06/04 09:45:24,89,0.07869350910186768
2026/06/04 09:45:25,89,0.06224139407277107
2026/06/04 09:45:26,89,0.06359713524580002
2026/06/04 09:45:27,89,0.04535654932260513
2026/06/04 09:45:28,88,0.047675371170043945
2026/06/04 09:45:29,88,0.05698973685503006
2026/06/04 09:45:30,87,0.06750479340553284
2026/06/04 09:45:31,86,0.07320460677146912
2026/06/04 09:45:32,85,0.03979441151022911
2026/06/04 09:45:33,84,0.051657937467098236
2026/06/04 09:45:34,83,0.04933825135231018
2026/06/04 09:45:35,83,0.11197678744792938
2026/06/04 09:45:36,82,0.14062872529029846
2026/06/04 09:45:37,82,0.09329169988632202
2026/06/04 09:45:38,82,0.07219595462083817
2026/06/04 09:45:39,82,0.07292909920215607
2026/06/04 09:45:40,82,0.07545199990272522
2026/06/04 09:45:41,82,0.06051069125533104
2026/06/04 09:45:42,82,0.058917149901390076
2026/06/04 09:45:43,83,0.05336013063788414
2026/06/04 09:45:44,83,0.06054683402180672
2026/06/04 09:45:45,84,0.060041435062885284
2026/06/04 09:45:46,85,0.05440531298518181
2026/06/04 09:45:47,86,0.12918686866760254
2026/06/04 09:45:48,87,0.07463733106851578
2026/06/04 09:45:49,88,0.0328570157289505
2026/06/04 09:45:50,88,0.02989889122545719
2026/06/04 09:45:51,87,0.03617294877767563
2026/06/04 09:45:52,87,0.03831426799297333
2026/06/04 09:45:53,86,0.030265988782048225
2026/06/04 09:45:54,85,0.029268279671669006
2026/06/04 09:45:55,85,0.10642007738351822
2026/06/04 09:45:56,84,0.27108708024024963
2026/06/04 09:45:57,84,0.3251696527004242
2026/06/04 09:45:58,83,0.20065872371196747
2026/06/04 09:45:59,83,0.5103608965873718
2026/06/04 09:46:00,83,0.41841456294059753
2026/06/04 09:46:01,84,0.23188170790672302
2026/06/04 09:46:02,85,0.040670305490493774
2026/06/04 09:46:03,85,0.04457157105207443
2026/06/04 09:46:04,86,0.07406559586524963
2026/06/04 09:46:05,87,0.07712488621473312
2026/06/04 09:46:06,87,0.0947321206331253
2026/06/04 09:46:07,87,0.05462726205587387
2026/06/04 09:46:08,87,0.012753994204103947
2026/06/04 09:46:09,86,0.028608238324522972
2026/06/04 09:46:10,87,0.09384053945541382
2026/06/04 09:46:11,87,0.026598865166306496
2026/06/04 09:46:12,88,0.04130538925528526
2026/06/04 09:46:13,89,0.039399247616529465
2026/06/04 09:46:14,90,0.0361752025783062
2026/06/04 09:46:15,90,0.03838832676410675
2026/06/04 09:46:16,91,0.06889674812555313
2026/06/04 09:46:17,92,0.07354773581027985
2026/06/04 09:46:18,92,0.04296458885073662
2026/06/04 09:46:19,93,0.03751175105571747
2026/06/04 09:46:20,93,0.033392589539289474
2026/06/04 09:46:21,94,0.031520891934633255
2026/06/04 09:46:22,93,0.031468071043491364
2026/06/04 09:46:23,92,0.03196591138839722
2026/06/04 09:46:24,92,0.03739134967327118
2026/06/04 09:46:25,91,0.034683216363191605
2026/06/04 09:46:26,90,0.034568045288324356
2026/06/04 09:46:27,89,0.02995890937745571
2026/06/04 09:46:28,88,0.026609458029270172
2026/06/04 09:46:29,87,0.0377965047955513
2026/06/04 09:46:30,86,0.03466873615980148
2026/06/04 09:46:31,86,0.037891991436481476
2026/06/04 09:46:32,85,0.04659173637628555
2026/06/04 09:46:33,85,0.05605359748005867
2026/06/04 09:46:34,85,0.11682301759719849
2026/06/04 09:46:35,85,0.12178194522857666
2026/06/04 09:46:36,85,0.11475671827793121
2026/06/04 09:46:37,85,0.04459758847951889
2026/06/04 09:46:38,85,0.05034594237804413
2026/06/04 09:46:39,86,0.041612569242715836
2026/06/04 09:46:40,87,0.06552550196647644
2026/06/04 09:46:41,88,0.05771351233124733
2026/06/04 09:46:42,88,0.2689729928970337
2026/06/04 09:46:43,88,0.4275912642478943
2026/06/04 09:46:44,89,0.313022255897522
2026/06/04 09:46:45,90,0.4510296881198883
2026/06/04 09:46:46,91,0.44004368782043457
2026/06/04 09:46:47,91,0.5544553399085999
2026/06/04 09:46:48,92,0.44504114985466003
2026/06/04 09:46:49,93,0.3828628659248352
2026/06/04 09:46:50,94,0.42081162333488464
2026/06/04 09:46:51,95,0.2875928282737732
2026/06/04 09:46:52,95,0.31289780139923096
2026/06/04 09:46:53,95,0.22987201809883118
2026/06/04 09:46:54,95,0.2292218655347824
2026/06/04 09:46:55,95,0.38553386926651
2026/06/04 09:46:56,96,0.9600276947021484
2026/06/04 09:46:57,96,0.7665500640869141
2026/06/04 09:46:58,97,0.6667010188102722
2026/06/04 09:46:59,97,0.7419742345809937
2026/06/04 09:47:00,96,0.6633942127227783
2026/06/04 09:47:01,95,0.6514521837234497
2026/06/04 09:47:02,95,0.7005654573440552
2026/06/04 09:47:03,94,0.5843397378921509
2026/06/04 09:47:04,96,0.7075430154800415
2026/06/04 09:47:05,98,0.7257842421531677
2026/06/04 09:47:06,100,0.6662299633026123
2026/06/04 09:47:07,102,0.6131696701049805
2026/06/04 09:47:08,104,0.5824454426765442
2026/06/04 09:47:09,106,0.5784184336662292
2026/06/04 09:47:10,108,0.42812302708625793
2026/06/04 09:47:11,109,0.29008975625038147
2026/06/04 09:47:12,111,0.10553250461816788
2026/06/04 09:47:13,112,0.31200557947158813
2026/06/04 09:47:14,114,0.2700192928314209
2026/06/04 09:47:15,115,0.29383382201194763
2026/06/04 09:47:16,117,0.2156238704919815
2026/06/04 09:47:17,117,0.3436872661113739
2026/06/04 09:47:18,119,0.24502821266651154
2026/06/04 09:47:19,120,0.37358492612838745
2026/06/04 09:47:20,120,0.2592476010322571
2026/06/04 09:47:21,120,0.4103916883468628
2026/06/04 09:47:22,121,0.3480813503265381
2026/06/04 09:47:23,121,0.573240339756012
2026/06/04 09:47:24,121,0.20214301347732544
2026/06/04 09:47:25,122,0.19756139814853668
2026/06/04 09:47:26,123,0.09271401166915894
2026/06/04 09:47:27,124,0.13385090231895447
2026/06/04 09:47:28,126,0.07796967774629593
2026/06/04 09:47:29,127,0.08493944257497787
2026/06/04 09:47:30,128,0.09753266721963882
2026/06/04 09:47:31,129,0.0541740283370018
2026/06/04 09:47:32,130,0.07139798998832703
2026/06/04 09:47:33,131,0.07419136166572571
2026/06/04 09:47:34,131,0.051893096417188644
2026/06/04 09:47:35,132,0.04275140538811684
2026/06/04 09:47:36,133,0.053747519850730896
2026/06/04 09:47:37,133,0.11757667362689972
2026/06/04 09:47:38,133,0.37136709690093994
2026/06/04 09:47:39,134,0.08409295231103897
2026/06/04 09:47:40,134,0.09291284531354904
2026/06/04 09:47:41,134,0.054344385862350464
2026/06/04 09:47:42,134,0.06482942402362823
2026/06/04 09:47:43,134,0.07239042222499847
2026/06/04 09:47:44,134,0.0621681772172451
2026/06/04 09:47:45,134,0.06657016277313232
2026/06/04 09:47:46,133,0.06554081290960312
2026/06/04 09:47:47,133,0.06897217035293579
2026/06/04 09:47:48,132,0.0631444901227951
2026/06/04 09:47:49,131,0.06704816222190857
2026/06/04 09:47:50,130,0.06431428343057632
2026/06/04 09:47:51,129,0.06437186896800995
2026/06/04 09:47:52,127,0.0633760541677475
2026/06/04 09:47:53,126,0.06263299286365509
2026/06/04 09:47:54,124,0.06504511088132858
2026/06/04 09:47:55,122,0.06536950916051865
2026/06/04 09:47:56,121,0.06421463936567307
2026/06/04 09:47:57,119,0.06502294540405273
2026/06/04 09:47:58,118,0.06281115859746933
2026/06/04 09:47:59,117,0.06415291875600815
2026/06/04 09:48:00,115,0.06510823965072632
2026/06/04 09:48:01,114,0.06389851123094559
2026/06/04 09:48:02,113,0.06280067563056946
2026/06/04 09:48:03,112,0.05734417960047722
2026/06/04 09:48:04,111,0.06513625383377075
2026/06/04 09:48:05,111,0.07207731157541275
2026/06/04 09:48:06,111,0.07167080789804459
2026/06/04 09:48:07,111,0.07369443029165268
2026/06/04 09:48:08,111,0.07651718705892563
2026/06/04 09:48:09,111,0.10709163546562195
2026/06/04 09:48:10,111,0.05116631090641022
2026/06/04 09:48:11,111,0.09334510564804077
2026/06/04 09:48:12,110,0.09904998540878296
2026/06/04 09:48:13,109,0.12813152372837067
2026/06/04 09:48:14,108,0.0992235392332077
2026/06/04 09:48:15,107,0.048495445400476456
2026/06/04 09:48:16,107,0.050798460841178894
2026/06/04 09:48:17,106,0.049588147550821304
2026/06/04 09:48:18,106,0.08847931027412415
2026/06/04 09:48:19,106,0.07797573506832123
2026/06/04 09:48:20,106,0.04018968343734741
2026/06/04 09:48:21,106,0.05563158541917801
2026/06/04 09:48:22,106,0.07023457437753677
2026/06/04 09:48:23,106,0.030910687521100044
2026/06/04 09:48:24,106,0.0671524927020073
2026/06/04 09:48:25,105,0.03710775822401047
2026/06/04 09:48:26,105,0.046093784272670746
2026/06/04 09:48:27,105,0.08191481977701187
2026/06/04 09:48:28,104,0.053163111209869385
2026/06/04 09:48:29,103,0.042664557695388794
2026/06/04 09:48:30,101,0.047834333032369614
2026/06/04 09:48:31,100,0.04976494610309601
2026/06/04 09:48:32,99,0.040393583476543427
2026/06/04 09:48:33,99,0.062430739402770996
2026/06/04 09:48:34,99,0.07888080924749374
2026/06/04 09:48:35,99,0.050379134714603424
2026/06/04 09:48:36,100,0.040929436683654785
2026/06/04 09:48:37,100,0.09963343292474747
2026/06/04 09:48:38,100,0.10372001677751541
2026/06/04 09:48:39,101,0.07620054483413696
2026/06/04 09:48:40,100,0.07157660275697708
2026/06/04 09:48:41,100,0.08306173980236053
2026/06/04 09:48:42,99,0.10580288618803024
2026/06/04 09:48:43,98,0.09392111003398895
2026/06/04 09:48:44,96,0.2005496323108673
2026/06/04 09:48:45,95,0.09146425873041153
2026/06/04 09:48:46,93,0.14046183228492737
2026/06/04 09:48:47,92,0.14210592210292816
2026/06/04 09:48:48,91,0.1919253170490265
2026/06/04 09:48:49,90,0.13898730278015137
2026/06/04 09:48:50,90,0.11454261094331741
2026/06/04 09:48:51,90,0.0964982882142067
2026/06/04 09:48:52,90,0.11110929399728775
2026/06/04 09:48:53,91,0.1999254822731018
2026/06/04 09:48:54,91,0.26283761858940125
2026/06/04 09:48:55,91,0.213165283203125
2026/06/04 09:48:56,91,0.20637302100658417
2026/06/04 09:48:57,91,0.12758705019950867
2026/06/04 09:48:58,92,0.14380589127540588
2026/06/04 09:48:59,92,0.22547835111618042
2026/06/04 09:49:00,93,0.14585521817207336
2026/06/04 09:49:01,94,0.15457163751125336
2026/06/04 09:49:02,95,0.10352169722318649
2026/06/04 09:49:03,95,0.15656571090221405
2026/06/04 09:49:04,96,0.27036160230636597
2026/06/04 09:49:05,96,0.45649680495262146
2026/06/04 09:49:06,97,0.14063450694084167
2026/06/04 09:49:07,97,0.19788534939289093
2026/06/04 09:49:08,98,0.14332275092601776
2026/06/04 09:49:09,98,0.1515713483095169
2026/06/04 09:49:10,98,0.10190659016370773
2026/06/04 09:49:11,99,0.05004099756479263
2026/06/04 09:49:12,99,0.13425546884536743
2026/06/04 09:49:13,100,0.11370767652988434
2026/06/04 09:49:14,101,0.1108732745051384
2026/06/04 09:49:15,102,0.09752265363931656
2026/06/04 09:49:16,103,0.1689893901348114
2026/06/04 09:49:17,103,0.2778512239456177
2026/06/04 09:49:18,103,0.39021241664886475
2026/06/04 09:49:19,103,0.2605222761631012
2026/06/04 09:49:20,103,0.28464949131011963
2026/06/04 09:49:21,103,0.2159748077392578
2026/06/04 09:49:22,103,0.17688071727752686
2026/06/04 09:49:23,103,0.4459077715873718
2026/06/04 09:49:24,103,0.8657945990562439
2026/06/04 09:49:25,103,0.8383756279945374
2026/06/04 09:49:26,103,0.8105420470237732
2026/06/04 09:49:27,103,0.6882455945014954
2026/06/04 09:49:28,103,0.49948757886886597
2026/06/04 09:49:29,103,0.5115814805030823
2026/06/04 09:49:30,104,0.666469931602478
2026/06/04 09:49:31,104,0.651818573474884
2026/06/04 09:49:32,105,0.7799142599105835
2026/06/04 09:49:33,106,0.6305149793624878
2026/06/04 09:49:34,107,0.3230384886264801
2026/06/04 09:49:35,108,0.4107488989830017
2026/06/04 09:49:36,109,0.551502525806427
2026/06/04 09:49:37,110,0.9981590509414673
2026/06/04 09:49:38,111,0.8250542879104614
2026/06/04 09:49:39,112,0.5410935878753662
2026/06/04 09:49:40,113,0.7021265029907227
2026/06/04 09:49:41,113,0.668739914894104
2026/06/04 09:49:42,113,0.5998247861862183
2026/06/04 09:49:43,114,0.5636346340179443
2026/06/04 09:49:44,115,0.5835990905761719
2026/06/04 09:49:45,116,0.12220437079668045
2026/06/04 09:49:46,117,0.1033220887184143
2026/06/04 09:49:47,118,0.07710522413253784
2026/06/04 09:49:48,118,0.07558774203062057
2026/06/04 09:49:49,118,0.0660911500453949
2026/06/04 09:49:50,118,0.06673097610473633
2026/06/04 09:49:51,117,0.06368370354175568
2026/06/04 09:49:52,117,0.05522743612527847
2026/06/04 09:49:53,117,0.11246441304683685
2026/06/04 09:49:54,117,0.5140552520751953
2026/06/04 09:49:55,117,0.45516645908355713
2026/06/04 09:49:56,118,0.2663824260234833
2026/06/04 09:49:57,118,0.24583792686462402
2026/06/04 09:49:58,119,0.4110718369483948
2026/06/04 09:49:59,120,0.27461159229278564
2026/06/04 09:50:00,120,0.36891064047813416
2026/06/04 09:50:01,121,0.32103803753852844
2026/06/04 09:50:02,120,0.2834579646587372
2026/06/04 09:50:03,120,0.25429707765579224
2026/06/04 09:50:04,119,0.33914634585380554
2026/06/04 09:50:05,119,0.322500616312027
2026/06/04 09:50:06,119,0.3828373849391937
2026/06/04 09:50:07,119,0.3375145494937897
2026/06/04 09:50:08,119,0.5942186117172241
2026/06/04 09:50:09,119,0.6380159258842468
2026/06/04 09:50:10,120,0.7775360345840454
2026/06/04 09:50:11,121,0.7036195993423462
2026/06/04 09:50:12,122,0.6777065992355347
2026/06/04 09:50:13,122,0.683537483215332
2026/06/04 09:50:14,123,0.6437876224517822
2026/06/04 09:50:15,124,0.7134407758712769
2026/06/04 09:50:16,124,0.6990358829498291
2026/06/04 09:50:17,125,0.32163187861442566
2026/06/04 09:50:18,125,0.3520313799381256
2026/06/04 09:50:19,126,0.7366197109222412
2026/06/04 09:50:20,126,0.6132439970970154
2026/06/04 09:50:21,126,0.5625914335250854
2026/06/04 09:50:22,127,0.5375093817710876
2026/06/04 09:50:23,127,0.2894395887851715
2026/06/04 09:50:24,128,0.214898481965065
2026/06/04 09:50:25,129,0.22898796200752258
2026/06/04 09:50:26,130,0.30872422456741333
2026/06/04 09:50:27,130,0.35234206914901733
2026/06/04 09:50:28,131,0.3980780839920044
2026/06/04 09:50:29,131,0.5110403299331665
2026/06/04 09:50:30,132,0.6754289269447327
2026/06/04 09:50:31,132,0.6570003628730774
2026/06/04 09:50:32,133,0.8114129900932312
2026/06/04 09:50:33,134,0.6642547845840454
2026/06/04 09:50:34,135,0.5938948392868042
2026/06/04 09:50:35,136,0.3973372280597687
2026/06/04 09:50:36,136,0.536291778087616
2026/06/04 09:50:37,136,0.6132769584655762
2026/06/04 09:50:38,136,0.5906566977500916
2026/06/04 09:50:39,135,0.42706891894340515
2026/06/04 09:50:40,135,0.7016821503639221
2026/06/04 09:50:41,135,0.5877881646156311
2026/06/04 09:50:42,134,0.48809558153152466
2026/06/04 09:50:43,134,0.35428687930107117
2026/06/04 09:50:44,135,0.7051096558570862
2026/06/04 09:50:45,135,0.5930017232894897
2026/06/04 09:50:46,136,0.3941330313682556
2026/06/04 09:50:47,137,0.3700019121170044
2026/06/04 09:50:48,138,0.4755892753601074
2026/06/04 09:50:49,139,0.3288634419441223
2026/06/04 09:50:50,140,0.2816779613494873
2026/06/04 09:50:51,140,0.12026020139455795
2026/06/04 09:50:52,140,0.11910553276538849
2026/06/04 09:50:53,140,0.15383337438106537
2026/06/04 09:50:54,141,0.4648505449295044
2026/06/04 09:50:55,142,0.33089277148246765
2026/06/04 09:50:56,142,0.10798409581184387
2026/06/04 09:50:57,143,0.10434213280677795
2026/06/04 09:50:58,144,0.0600082166492939
2026/06/04 09:50:59,145,0.05441586300730705
2026/06/04 09:51:00,146,0.03872143104672432
2026/06/04 09:51:01,146,0.049243949353694916
2026/06/04 09:51:02,147,0.047836367040872574
2026/06/04 09:51:03,147,0.03984220698475838
2026/06/04 09:51:04,147,0.05572766065597534
2026/06/04 09:51:05,146,0.03712926432490349
2026/06/04 09:51:06,145,0.04252889007329941
2026/06/04 09:51:07,145,0.06293391436338425
2026/06/04 09:51:08,144,0.12300843745470047
2026/06/04 09:51:09,144,0.3360239565372467
2026/06/04 09:51:10,144,0.5557253956794739
2026/06/04 09:51:11,144,0.46183469891548157
2026/06/04 09:51:12,145,0.4136706292629242
2026/06/04 09:51:13,146,0.5540143251419067
2026/06/04 09:51:14,146,0.49444422125816345
2026/06/04 09:51:15,146,0.5607582926750183
2026/06/04 09:51:16,146,0.4919942617416382
2026/06/04 09:51:17,146,0.45977020263671875
2026/06/04 09:51:18,145,0.29385408759117126
2026/06/04 09:51:19,145,0.5380654335021973
2026/06/04 09:51:20,145,0.3151096701622009
2026/06/04 09:51:21,145,0.42830991744995117
2026/06/04 09:51:22,145,0.46072059869766235
2026/06/04 09:51:23,145,0.636716365814209
2026/06/04 09:51:24,144,0.7525190114974976
2026/06/04 09:51:25,144,0.7911607027053833
2026/06/04 09:51:26,144,0.6959809064865112
2026/06/04 09:51:27,144,0.6839010119438171
2026/06/04 09:51:28,144,0.6424678564071655
2026/06/04 09:51:29,144,0.6572866439819336
2026/06/04 09:51:30,143,0.5653591752052307
2026/06/04 09:51:31,142,0.755476176738739
2026/06/04 09:51:32,141,0.6223300695419312
2026/06/04 09:51:33,141,0.6434404850006104
2026/06/04 09:51:34,142,0.5733106732368469
2026/06/04 09:51:35,142,0.6029358506202698
2026/06/04 09:51:36,143,0.6131742596626282
2026/06/04 09:51:37,144,0.43090584874153137
2026/06/04 09:51:38,146,0.3178093433380127
2026/06/04 09:51:39,147,0.7832379937171936
2026/06/04 09:51:40,148,0.5596835613250732
2026/06/04 09:51:41,148,0.5372182726860046
2026/06/04 09:51:42,149,0.6165556311607361
2026/06/04 09:51:43,149,0.41830798983573914
2026/06/04 09:51:44,150,0.5115142464637756
2026/06/04 09:51:45,151,0.5968234539031982
2026/06/04 09:51:46,152,0.5530597567558289
2026/06/04 09:51:47,152,0.6353492736816406
2026/06/04 09:51:48,151,0.692467987537384
2026/06/04 09:51:49,151,0.5211743116378784
2026/06/04 09:51:50,150,0.6709036231040955
2026/06/04 09:51:51,150,0.49680888652801514
2026/06/04 09:51:52,150,0.5416343808174133
2026/06/04 09:51:53,149,0.5318455696105957
2026/06/04 09:51:54,149,0.3828794062137604
2026/06/04 09:51:55,149,0.3329989016056061
2026/06/04 09:51:56,150,0.2987838685512543
2026/06/04 09:51:57,150,0.39892181754112244
2026/06/04 09:51:58,150,0.384439080953598
2026/06/04 09:51:59,150,0.5299805402755737
2026/06/04 09:52:00,151,0.35662978887557983
2026/06/04 09:52:01,151,0.6186259984970093
2026/06/04 09:52:02,152,0.42072662711143494
2026/06/04 09:52:03,152,0.3808857202529907
2026/06/04 09:52:04,153,0.517987072467804
2026/06/04 09:52:05,153,0.6598963737487793
2026/06/04 09:52:06,153,0.4211254417896271
2026/06/04 09:52:07,154,0.4935922622680664
2026/06/04 09:52:08,154,0.5504913926124573
2026/06/04 09:52:09,154,0.44466927647590637
2026/06/04 09:52:10,154,0.3271108865737915
2026/06/04 09:52:11,155,0.4276210367679596
2026/06/04 09:52:12,155,0.4902755320072174
2026/06/04 09:52:13,155,0.5945559144020081
2026/06/04 09:52:14,156,0.5168353319168091
2026/06/04 09:52:15,156,0.4256479740142822
2026/06/04 09:52:16,157,0.5272840261459351
2026/06/04 09:52:17,157,0.577418327331543
2026/06/04 09:52:18,158,0.5679448843002319
2026/06/04 09:52:19,158,0.6076521277427673
2026/06/04 09:52:20,158,0.5957126021385193
2026/06/04 09:52:21,159,0.6639506816864014
2026/06/04 09:52:22,159,0.518392026424408
2026/06/04 09:52:23,159,0.43508127331733704
2026/06/04 09:52:24,159,0.36062127351760864
2026/06/04 09:52:25,159,0.621812105178833
2026/06/04 09:52:26,159,0.4068613350391388
2026/06/04 09:52:27,159,0.5436549782752991
2026/06/04 09:52:28,158,0.41415533423423767
2026/06/04 09:52:29,158,0.39438438415527344
2026/06/04 09:52:30,158,0.5910145044326782
2026/06/04 09:52:31,157,0.7507872581481934
2026/06/04 09:52:32,157,0.686745822429657
2026/06/04 09:52:33,156,0.7374805212020874
2026/06/04 09:52:34,155,0.8326967358589172
2026/06/04 09:52:35,155,0.6495062708854675
2026/06/04 09:52:36,154,0.6697184443473816
2026/06/04 09:52:37,153,0.6010792255401611
2026/06/04 09:52:38,153,0.5080732107162476
2026/06/04 09:52:39,153,0.5839161276817322
2026/06/04 09:52:40,153,0.881447970867157
2026/06/04 09:52:41,152,0.6910255551338196
2026/06/04 09:52:42,152,0.6557740569114685
2026/06/04 09:52:43,153,0.6053802967071533
2026/06/04 09:52:44,153,0.5467836260795593
2026/06/04 09:52:45,154,0.44987618923187256
2026/06/04 09:52:46,155,0.3447510302066803
2026/06/04 09:52:47,156,0.32876554131507874
2026/06/04 09:52:48,157,0.223038911819458
2026/06/04 09:52:49,158,0.28504475951194763
2026/06/04 09:52:50,158,0.33161047101020813
2026/06/04 09:52:51,159,0.36822497844696045
2026/06/04 09:52:52,159,0.6194462776184082
2026/06/04 09:52:53,159,0.685036838054657
2026/06/04 09:52:54,158,0.4446287751197815
2026/06/04 09:52:55,158,0.6571846604347229
2026/06/04 09:52:56,158,0.6815323233604431
2026/06/04 09:52:57,157,0.5716173052787781
2026/06/04 09:52:58,157,0.5014698505401611
2026/06/04 09:52:59,156,0.5646718144416809
2026/06/04 09:53:00,155,0.4039395749568939
2026/06/04 09:53:01,155,0.5400018095970154
2026/06/04 09:53:02,155,0.5847936868667603
2026/06/04 09:53:03,155,0.5197644233703613
2026/06/04 09:53:04,155,0.5166759490966797
2026/06/04 09:53:05,155,0.517011821269989
2026/06/04 09:53:06,155,0.4609227776527405
2026/06/04 09:53:07,155,0.6875745058059692
2026/06/04 09:53:08,156,0.4554888606071472
2026/06/04 09:53:09,156,0.2286127358675003
2026/06/04 09:53:10,156,0.31670036911964417
2026/06/04 09:53:11,157,0.47991281747817993
2026/06/04 09:53:12,157,0.7285330891609192
2026/06/04 09:53:13,157,0.6309765577316284
2026/06/04 09:53:14,158,0.6805515885353088
2026/06/04 09:53:15,158,0.35444197058677673
2026/06/04 09:53:16,159,0.4218366742134094
2026/06/04 09:53:17,159,0.4091640114784241
2026/06/04 09:53:18,160,0.3157605230808258
2026/06/04 09:53:19,160,0.26383939385414124
2026/06/04 09:53:20,161,0.30745363235473633
2026/06/04 09:53:21,161,0.6212318539619446
2026/06/04 09:53:22,161,0.5471504330635071
2026/06/04 09:53:23,161,0.5513457655906677
2026/06/04 09:53:24,162,0.48301225900650024
2026/06/04 09:53:25,162,0.522641122341156
2026/06/04 09:53:26,162,0.3664206862449646
2026/06/04 09:53:27,162,0.5815617442131042
2026/06/04 09:53:28,162,0.5720964074134827
2026/06/04 09:53:29,162,0.5209871530532837
2026/06/04 09:53:30,162,0.5635738372802734
2026/06/04 09:53:31,162,0.6075645089149475
2026/06/04 09:53:32,162,0.7500305771827698
2026/06/04 09:53:33,162,0.938590407371521
2026/06/04 09:53:34,162,0.5988638401031494
2026/06/04 09:53:35,162,0.7074853181838989
2026/06/04 09:53:36,162,0.6489522457122803
2026/06/04 09:53:37,162,0.7200282216072083
2026/06/04 09:53:38,163,0.631121039390564
2026/06/04 09:53:39,163,0.6219474077224731
2026/06/04 09:53:40,163,0.6450704336166382
2026/06/04 09:53:41,164,0.5836395621299744
2026/06/04 09:53:42,164,0.560585081577301
2026/06/04 09:53:43,165,0.32402127981185913
2026/06/04 09:53:44,166,0.291098415851593
2026/06/04 09:53:45,166,0.4920092821121216
2026/06/04 09:53:46,166,0.4077894985675812
2026/06/04 09:53:47,167,0.18278877437114716
2026/06/04 09:53:48,167,0.34665971994400024
2026/06/04 09:53:49,167,0.24814826250076294
2026/06/04 09:53:50,167,0.19066615402698517
2026/06/04 09:53:51,167,0.25133901834487915
2026/06/04 09:53:52,167,0.19515258073806763
2026/06/04 09:53:53,167,0.3130577802658081
2026/06/04 09:53:54,167,0.42958325147628784
2026/06/04 09:53:55,167,0.6575255393981934
2026/06/04 09:53:56,167,0.7561905980110168
2026/06/04 09:53:57,167,0.4579183757305145
2026/06/04 09:53:58,166,0.5099145174026489
2026/06/04 09:53:59,166,0.5812526941299438
2026/06/04 09:54:00,166,0.4471273720264435
2026/06/04 09:54:01,165,0.6105936169624329
2026/06/04 09:54:02,165,0.8522410988807678
2026/06/04 09:54:03,165,0.7297348976135254
2026/06/04 09:54:04,165,0.7143202424049377
2026/06/04 09:54:05,165,0.49223339557647705
2026/06/04 09:54:06,165,0.411257803440094
2026/06/04 09:54:07,165,0.4096197485923767
2026/06/04 09:54:08,165,0.3718414306640625
2026/06/04 09:54:09,165,0.2611875832080841
2026/06/04 09:54:10,165,0.36276018619537354
2026/06/04 09:54:11,165,0.35002902150154114
2026/06/04 09:54:12,165,0.3965918719768524
2026/06/04 09:54:13,165,0.2889414131641388
2026/06/04 09:54:14,164,0.2718656063079834
2026/06/04 09:54:15,164,0.2358977347612381
2026/06/04 09:54:16,164,0.2602321207523346
2026/06/04 09:54:17,163,0.15750952064990997
2026/06/04 09:54:18,163,0.3086816072463989
2026/06/04 09:54:19,163,0.40218183398246765
2026/06/04 09:54:20,162,0.13446082174777985
2026/06/04 09:54:21,162,0.3078063428401947
2026/06/04 09:54:22,161,0.45833149552345276
2026/06/04 09:54:23,160,0.21445663273334503
2026/06/04 09:54:24,160,0.2857677638530731
2026/06/04 09:54:25,160,0.402090460062027
2026/06/04 09:54:26,160,0.4530216157436371
2026/06/04 09:54:27,160,0.683718740940094
2026/06/04 09:54:28,160,0.5810185074806213
2026/06/04 09:54:29,160,0.5945562124252319
2026/06/04 09:54:30,161,0.6093118786811829
2026/06/04 09:54:31,161,0.33938926458358765
2026/06/04 09:54:32,161,0.6932216286659241
2026/06/04 09:54:33,161,0.5186271667480469
2026/06/04 09:54:34,161,0.6004400253295898
2026/06/04 09:54:35,161,0.5535724759101868
2026/06/04 09:54:36,160,0.80007004737854
2026/06/04 09:54:37,160,0.5133692026138306
2026/06/04 09:54:38,160,0.453965425491333
2026/06/04 09:54:39,160,0.7042747735977173
2026/06/04 09:54:40,160,0.785969078540802
2026/06/04 09:54:41,159,0.7106999158859253
2026/06/04 09:54:42,159,0.7330565452575684
2026/06/04 09:54:43,159,0.7698954343795776
2026/06/04 09:54:44,159,0.6294794082641602
2026/06/04 09:54:45,159,0.6950346827507019
2026/06/04 09:54:46,159,0.5425431728363037
2026/06/04 09:54:47,159,0.6493807435035706
2026/06/04 09:54:48,159,0.8043922781944275
2026/06/04 09:54:49,159,0.5072664618492126
2026/06/04 09:54:50,158,0.7683810591697693
2026/06/04 09:54:51,158,0.6488806009292603
2026/06/04 09:54:52,159,0.5039498805999756
2026/06/04 09:54:53,160,0.25127434730529785
2026/06/04 09:54:54,161,0.19912198185920715
2026/06/04 09:54:55,162,0.559231698513031
2026/06/04 09:54:56,163,0.26018714904785156
2026/06/04 09:54:57,164,0.31091657280921936
2026/06/04 09:54:58,164,0.2329212725162506
2026/06/04 09:54:59,165,0.42096638679504395
2026/06/04 09:55:00,165,0.4550930857658386
2026/06/04 09:55:01,166,0.7015647292137146
2026/06/04 09:55:02,166,0.3169712722301483
2026/06/04 09:55:03,166,0.575049877166748
2026/06/04 09:55:04,166,0.4391711950302124
2026/06/04 09:55:05,166,0.4286797046661377
2026/06/04 09:55:06,165,0.337210476398468
2026/06/04 09:55:07,165,0.32665249705314636
2026/06/04 09:55:08,164,0.4111916720867157
2026/06/04 09:55:09,164,0.3893645405769348
2026/06/04 09:55:10,163,0.3145316243171692
2026/06/04 09:55:11,163,0.3853079676628113
2026/06/04 09:55:12,163,0.298785537481308
2026/06/04 09:55:13,163,0.315285861492157
2026/06/04 09:55:14,163,0.5704731941223145
2026/06/04 09:55:15,163,0.39652183651924133
2026/06/04 09:55:16,163,0.2703876495361328
2026/06/04 09:55:17,163,0.47360020875930786
2026/06/04 09:55:18,163,0.34794437885284424
2026/06/04 09:55:19,163,0.42832446098327637
2026/06/04 09:55:20,163,0.25824180245399475
2026/06/04 09:55:21,163,0.2724158763885498
2026/06/04 09:55:22,164,0.18960608541965485
2026/06/04 09:55:23,164,0.18378424644470215
2026/06/04 09:55:24,165,0.15174926817417145
2026/06/04 09:55:25,165,0.2234119474887848
2026/06/04 09:55:26,166,0.19967733323574066
2026/06/04 09:55:27,166,0.7554668188095093
2026/06/04 09:55:28,167,0.7839115262031555
2026/06/04 09:55:29,167,0.8248685598373413
2026/06/04 09:55:30,167,0.8683931231498718
2026/06/04 09:55:31,168,0.7769649624824524
2026/06/04 09:55:32,168,0.8340763449668884
2026/06/04 09:55:33,168,0.6814385056495667
2026/06/04 09:55:34,168,0.6089580059051514
2026/06/04 09:55:35,168,0.7311919927597046
2026/06/04 09:55:36,167,0.7183196544647217
2026/06/04 09:55:37,167,0.7107786536216736
2026/06/04 09:55:38,167,0.694855272769928
2026/06/04 09:55:39,167,0.6626696586608887
2026/06/04 09:55:40,166,0.7774916887283325
2026/06/04 09:55:41,166,0.6720618605613708
2026/06/04 09:55:42,166,0.5546759366989136
2026/06/04 09:55:43,165,0.5046059489250183
2026/06/04 09:55:44,164,0.5497303605079651
2026/06/04 09:55:45,164,0.4728516638278961
2026/06/04 09:55:46,163,0.6107355356216431
2026/06/04 09:55:47,163,0.8095254302024841
2026/06/04 09:55:48,162,0.6252623796463013
2026/06/04 09:55:49,162,0.6071595549583435
2026/06/04 09:55:50,162,0.7063737511634827
2026/06/04 09:55:51,162,0.5772725343704224
2026/06/04 09:55:52,161,0.6410449147224426
2026/06/04 09:55:53,161,0.4753531217575073
2026/06/04 09:55:54,160,0.7237876057624817
2026/06/04 09:55:55,160,0.8744966387748718
2026/06/04 09:55:56,160,0.9372209310531616
2026/06/04 09:55:57,160,0.7391626238822937
2026/06/04 09:55:58,160,0.654622495174408
2026/06/04 09:55:59,160,0.5953596830368042
2026/06/04 09:56:00,160,0.5296107530593872
2026/06/04 09:56:01,160,0.7152060270309448
2026/06/04 09:56:02,161,0.4690980017185211
2026/06/04 09:56:03,161,0.2772180140018463
2026/06/04 09:56:04,162,0.43578827381134033
2026/06/04 09:56:05,162,0.2208065539598465
2026/06/04 09:56:06,163,0.318850576877594
2026/06/04 09:56:07,163,0.15472623705863953
2026/06/04 09:56:08,164,0.33108603954315186
2026/06/04 09:56:09,164,0.4438226521015167
2026/06/04 09:56:10,164,0.5279011130332947
2026/06/04 09:56:11,164,0.4445628523826599
2026/06/04 09:56:12,164,0.4909781813621521
2026/06/04 09:56:13,164,0.2604798674583435
2026/06/04 09:56:14,163,0.29979613423347473
2026/06/04 09:56:15,163,0.2552955746650696
2026/06/04 09:56:16,163,0.23993009328842163
2026/06/04 09:56:17,163,0.37181028723716736
2026/06/04 09:56:18,162,0.3182401657104492
2026/06/04 09:56:19,162,0.3039575219154358
2026/06/04 09:56:20,162,0.2285386472940445
2026/06/04 09:56:21,161,0.32660233974456787
2026/06/04 09:56:22,161,0.3949783146381378
2026/06/04 09:56:23,160,0.292846143245697
2026/06/04 09:56:24,160,0.42023396492004395
2026/06/04 09:56:25,160,0.5315548181533813
2026/06/04 09:56:26,160,0.3108011484146118
2026/06/04 09:56:27,160,0.4814744293689728
2026/06/04 09:56:28,160,0.8402985334396362
2026/06/04 09:56:29,160,0.6821664571762085
2026/06/04 09:56:30,160,0.9386617541313171
2026/06/04 09:56:31,160,0.9986273050308228
2026/06/04 09:56:32,160,0.8144323825836182
2026/06/04 09:56:33,160,0.6674718260765076
2026/06/04 09:56:34,160,0.7527900338172913
2026/06/04 09:56:35,161,0.8052645325660706
2026/06/04 09:56:36,161,0.8287274837493896
2026/06/04 09:56:37,161,0.7634546756744385
2026/06/04 09:56:38,162,0.7818953394889832
2026/06/04 09:56:39,162,0.8870773911476135
2026/06/04 09:56:40,163,0.7155121564865112
2026/06/04 09:56:41,163,0.8848978281021118
2026/06/04 09:56:42,163,0.7567965388298035
2026/06/04 09:56:43,163,0.9956611394882202
2026/06/04 09:56:44,163,0.8556462526321411
2026/06/04 09:56:45,163,0.8399027585983276
2026/06/04 09:56:46,163,0.9863548278808594
2026/06/04 09:56:47,163,0.7262041568756104
2026/06/04 09:56:48,162,0.9443364143371582
2026/06/04 09:56:49,162,0.7613137364387512
2026/06/04 09:56:50,162,0.772850513458252
2026/06/04 09:56:51,162,1.026464581489563
2026/06/04 09:56:52,162,0.6734583377838135
2026/06/04 09:56:53,162,1.0034865140914917
2026/06/04 09:56:54,162,0.8219316601753235
2026/06/04 09:56:55,162,0.6762531995773315
2026/06/04 09:56:56,163,0.7315508127212524
2026/06/04 09:56:57,163,0.6010894775390625
2026/06/04 09:56:58,164,0.5477464199066162
2026/06/04 09:56:59,164,0.6221341490745544
2026/06/04 09:57:00,164,0.532313883304596
2026/06/04 09:57:01,165,0.4326528310775757
2026/06/04 09:57:02,165,0.30341413617134094
2026/06/04 09:57:03,165,0.41584864258766174
2026/06/04 09:57:04,166,0.9272726774215698
2026/06/04 09:57:05,166,0.6595882773399353
2026/06/04 09:57:06,167,0.7749215960502625
2026/06/04 09:57:07,167,0.6506068110466003
2026/06/04 09:57:08,168,0.34502336382865906
2026/06/04 09:57:09,169,0.513323187828064
2026/06/04 09:57:10,169,0.6533475518226624
2026/06/04 09:57:11,169,0.5943068861961365
2026/06/04 09:57:12,170,0.6841601729393005
2026/06/04 09:57:13,170,0.729731559753418
2026/06/04 09:57:14,170,0.5230980515480042
2026/06/04 09:57:15,170,0.6714780330657959
2026/06/04 09:57:16,170,0.5701799988746643
2026/06/04 09:57:17,170,0.6202460527420044
2026/06/04 09:57:18,170,0.4087512195110321
2026/06/04 09:57:19,170,0.6383069753646851
2026/06/04 09:57:20,171,0.3685154914855957
2026/06/04 09:57:21,171,0.3314368724822998
2026/06/04 09:57:22,171,0.5431687831878662
2026/06/04 09:57:23,171,0.5323429703712463
2026/06/04 09:57:24,170,0.5039001107215881
2026/06/04 09:57:25,170,0.6022159457206726
2026/06/04 09:57:26,170,0.5584946870803833
2026/06/04 09:57:27,170,0.3567003607749939
2026/06/04 09:57:28,170,0.3444884419441223
2026/06/04 09:57:29,170,0.3393568992614746
2026/06/04 09:57:30,170,0.39461106061935425
2026/06/04 09:57:31,170,0.44344401359558105
2026/06/04 09:57:32,170,0.5778340697288513
2026/06/04 09:57:33,170,0.33732786774635315
2026/06/04 09:57:34,171,0.2789786458015442
2026/06/04 09:57:35,171,0.16036397218704224
2026/06/04 09:57:36,171,0.1736508458852768
2026/06/04 09:57:37,172,0.28605329990386963
2026/06/04 09:57:38,172,0.383832722902298
2026/06/04 09:57:39,172,0.33506330847740173
2026/06/04 09:57:40,172,0.31156623363494873
2026/06/04 09:57:41,172,0.43016302585601807
2026/06/04 09:57:42,172,0.8120003342628479
2026/06/04 09:57:43,172,0.8452719449996948
2026/06/04 09:57:44,172,0.8501322269439697
2026/06/04 09:57:45,172,0.7428085207939148
2026/06/04 09:57:46,172,0.8214242458343506
2026/06/04 09:57:47,172,0.8086647987365723
2026/06/04 09:57:48,172,0.8182875514030457
2026/06/04 09:57:49,172,0.9447396397590637
2026/06/04 09:57:50,172,0.8264705538749695
2026/06/04 09:57:51,171,0.8376609086990356
2026/06/04 09:57:52,171,0.8972591757774353
2026/06/04 09:57:53,171,0.7355532646179199
2026/06/04 09:57:54,171,0.7840896248817444
2026/06/04 09:57:55,171,0.730570912361145
2026/06/04 09:57:56,171,0.7727712988853455
2026/06/04 09:57:57,170,0.5706810355186462
2026/06/04 09:57:58,170,0.6321802139282227
2026/06/04 09:57:59,170,0.4977926015853882
2026/06/04 09:58:00,169,0.46718600392341614
2026/06/04 09:58:01,169,0.6230013966560364
2026/06/04 09:58:02,168,0.5361606478691101
2026/06/04 09:58:03,168,0.574671745300293
2026/06/04 09:58:04,167,0.6275711059570312
2026/06/04 09:58:05,167,0.7114389538764954
2026/06/04 09:58:06,166,0.5886411070823669
2026/06/04 09:58:07,166,0.582888126373291
2026/06/04 09:58:08,166,0.623526394367218
2026/06/04 09:58:09,165,0.664871335029602
2026/06/04 09:58:10,165,0.5689736008644104
2026/06/04 09:58:11,165,0.47383102774620056
2026/06/04 09:58:12,165,0.7578485012054443
2026/06/04 09:58:13,165,0.8846466541290283
2026/06/04 09:58:14,165,0.6504189372062683
2026/06/04 09:58:15,165,0.6266269087791443
2026/06/04 09:58:16,165,0.6074035167694092
2026/06/04 09:58:17,165,0.6341437697410583
2026/06/04 09:58:18,165,0.4523235261440277
2026/06/04 09:58:19,165,0.5516266822814941
2026/06/04 09:58:20,166,0.7190374135971069
2026/06/04 09:58:21,166,0.39095017313957214
2026/06/04 09:58:22,166,0.5209487676620483
2026/06/04 09:58:23,166,0.4547440707683563
2026/06/04 09:58:24,167,0.5268675684928894
2026/06/04 09:58:25,167,0.5227078199386597
2026/06/04 09:58:26,167,0.51976078748703
2026/06/04 09:58:27,167,0.48385581374168396
2026/06/04 09:58:28,167,0.4183301329612732
2026/06/04 09:58:29,167,0.5811225175857544
2026/06/04 09:58:30,167,0.3850262463092804
2026/06/04 09:58:31,167,0.34197115898132324
2026/06/04 09:58:32,167,0.37299174070358276
2026/06/04 09:58:33,166,0.5914981365203857
2026/06/04 09:58:34,166,0.8190428614616394
2026/06/04 09:58:35,166,0.8682588338851929
2026/06/04 09:58:36,166,0.7203069925308228
2026/06/04 09:58:37,166,0.5191919207572937
2026/06/04 09:58:38,166,0.8831174969673157
2026/06/04 09:58:39,166,0.4890332520008087
2026/06/04 09:58:40,166,0.46626901626586914
2026/06/04 09:58:41,166,0.7140312194824219
2026/06/04 09:58:42,166,0.7143018841743469
2026/06/04 09:58:43,166,0.41631338000297546
2026/06/04 09:58:44,166,0.6724802255630493
2026/06/04 09:58:45,166,0.8601787090301514
2026/06/04 09:58:46,166,0.8221957683563232
2026/06/04 09:58:47,167,1.0051988363265991
2026/06/04 09:58:48,167,0.7585523128509521
2026/06/04 09:58:49,167,0.835695743560791
2026/06/04 09:58:50,168,0.8292393088340759
2026/06/04 09:58:51,168,0.8566830158233643
2026/06/04 09:58:52,169,0.8499828577041626
2026/06/04 09:58:53,169,0.8109005093574524
2026/06/04 09:58:54,169,0.9553747177124023
2026/06/04 09:58:55,170,0.7578538060188293
2026/06/04 09:58:56,170,0.9029971361160278
2026/06/04 09:58:57,170,0.7634415626525879
2026/06/04 09:58:58,170,0.884841799736023
2026/06/04 09:58:59,170,0.9952691793441772
2026/06/04 09:59:00,170,0.8422216176986694
2026/06/04 09:59:01,170,0.947557806968689
2026/06/04 09:59:02,171,0.7702561020851135
2026/06/04 09:59:03,171,0.7636619210243225
2026/06/04 09:59:04,171,0.6413133144378662
2026/06/04 09:59:05,171,0.7121239900588989
2026/06/04 09:59:06,171,1.008748173713684
2026/06/04 09:59:07,171,0.6379517912864685
2026/06/04 09:59:08,171,0.714012861251831
2026/06/04 09:59:09,171,0.6100018620491028
2026/06/04 09:59:10,171,0.7834392786026001
2026/06/04 09:59:11,171,0.6236103177070618
2026/06/04 09:59:12,171,0.5476650595664978
2026/06/04 09:59:13,172,0.4719206392765045
2026/06/04 09:59:14,172,0.5916669964790344
2026/06/04 09:59:15,172,0.5527027249336243
2026/06/04 09:59:16,172,0.6722767949104309
2026/06/04 09:59:17,172,0.7398676872253418
2026/06/04 09:59:18,172,0.8250731825828552
2026/06/04 09:59:19,172,0.5941054821014404
2026/06/04 09:59:20,173,0.5517023205757141
2026/06/04 09:59:21,173,0.7111293077468872
2026/06/04 09:59:22,173,0.5025940537452698
2026/06/04 09:59:23,173,0.5732665061950684
2026/06/04 09:59:24,173,0.41656428575515747
2026/06/04 09:59:25,173,0.34750229120254517
2026/06/04 09:59:26,174,0.5781338810920715
2026/06/04 09:59:27,175,0.5421319603919983
2026/06/04 09:59:28,175,0.7563648223876953
2026/06/04 09:59:29,175,0.8237976431846619
2026/06/04 09:59:30,176,0.7742269039154053
2026/06/04 09:59:31,176,0.6098961234092712
2026/06/04 09:59:32,177,0.6534215211868286
2026/06/04 09:59:33,177,0.6642605662345886
2026/06/04 09:59:34,177,0.5833583474159241
2026/06/04 09:59:35,177,0.6098918914794922
2026/06/04 09:59:36,177,0.4185234010219574
2026/06/04 09:59:37,177,0.5169607400894165
2026/06/04 09:59:38,177,0.7642831206321716
2026/06/04 09:59:39,176,0.7333544492721558
2026/06/04 09:59:40,176,0.7452622056007385
2026/06/04 09:59:41,176,0.7915716767311096
2026/06/04 09:59:42,177,0.8146816492080688
2026/06/04 09:59:43,177,0.7322100400924683
2026/06/04 09:59:44,177,0.6715880036354065
2026/06/04 09:59:45,177,0.6955935955047607
2026/06/04 09:59:46,177,0.6450770497322083
2026/06/04 09:59:47,177,0.873028576374054
2026/06/04 09:59:48,177,0.6945198178291321
2026/06/04 09:59:49,177,0.6366108655929565
2026/06/04 09:59:50,177,0.5082045197486877
2026/06/04 09:59:51,177,0.823232114315033
2026/06/04 09:59:52,178,0.9184777140617371
2026/06/04 09:59:53,178,0.7538390159606934
2026/06/04 09:59:54,178,0.776107132434845
2026/06/04 09:59:55,178,1.0256003141403198
2026/06/04 09:59:56,178,0.8901872634887695
2026/06/04 09:59:57,179,1.078844666481018
2026/06/04 09:59:58,179,0.8472210764884949
2026/06/04 09:59:59,179,0.9277881383895874
2026/06/04 10:00:00,179,0.9453787207603455
2026/06/04 10:00:01,179,0.781143307685852
2026/06/04 10:00:02,179,0.8888105750083923
2026/06/04 10:00:03,179,0.8215223550796509
2026/06/04 10:00:04,179,0.9604682922363281
2026/06/04 10:00:05,179,0.772186279296875
2026/06/04 10:00:06,179,0.8522236347198486
2026/06/04 10:00:07,179,0.9536054730415344
2026/06/04 10:00:08,179,0.827923595905304
2026/06/04 10:00:09,178,1.1884835958480835
2026/06/04 10:00:10,178,0.8186368346214294
2026/06/04 10:00:11,178,0.815710723400116
2026/06/04 10:00:12,178,0.7491934299468994
2026/06/04 10:00:13,178,0.7981539368629456
2026/06/04 10:00:14,177,0.9282193183898926
2026/06/04 10:00:15,177,0.850932240486145
2026/06/04 10:00:16,177,0.7993636727333069
2026/06/04 10:00:17,177,0.7418538331985474
2026/06/04 10:00:18,177,0.6844152808189392
2026/06/04 10:00:19,177,0.7873138189315796
2026/06/04 10:00:20,177,0.8220811486244202
2026/06/04 10:00:21,177,0.937651515007019
2026/06/04 10:00:22,177,0.914912760257721
2026/06/04 10:00:23,177,0.847411036491394
2026/06/04 10:00:24,177,1.008756399154663
2026/06/04 10:00:25,177,0.781848669052124
2026/06/04 10:00:26,177,1.1577143669128418
2026/06/04 10:00:27,177,0.5930715799331665
2026/06/04 10:00:28,177,0.9163563251495361
2026/06/04 10:00:29,177,0.937700629234314
2026/06/04 10:00:30,177,0.733026921749115
2026/06/04 10:00:31,177,0.8710501790046692
2026/06/04 10:00:32,177,0.6553509831428528
2026/06/04 10:00:33,178,0.5715158581733704
2026/06/04 10:00:34,177,0.8995431661605835
2026/06/04 10:00:35,177,0.7197051644325256
2026/06/04 10:00:36,177,0.8128359317779541
2026/06/04 10:00:37,177,0.7979829907417297
2026/06/04 10:00:38,178,0.8879570960998535
2026/06/04 10:00:39,178,1.0458874702453613
2026/06/04 10:00:40,178,0.5781817436218262
2026/06/04 10:00:41,178,0.47332867980003357
2026/06/04 10:00:42,178,0.5328010320663452
2026/06/04 10:00:43,178,0.6687392592430115
2026/06/04 10:00:44,179,0.6666795015335083
2026/06/04 10:00:45,179,0.6789013743400574
2026/06/04 10:00:46,179,0.835923969745636
2026/06/04 10:00:47,179,0.9226494431495667
2026/06/04 10:00:48,179,0.8259574770927429
2026/06/04 10:00:49,179,0.4954950213432312
2026/06/04 10:00:50,179,0.9580476880073547
2026/06/04 10:00:51,179,0.7221178412437439
2026/06/04 10:00:52,179,0.7894147038459778
2026/06/04 10:00:53,180,0.8305431008338928
2026/06/04 10:00:54,180,0.6775062084197998
2026/06/04 10:00:55,180,0.8153668642044067
2026/06/04 10:00:56,180,0.7412618398666382
2026/06/04 10:00:57,180,0.7903267741203308
2026/06/04 10:00:58,180,0.7046984434127808
2026/06/04 10:00:59,180,0.6247078776359558
2026/06/04 10:01:00,181,0.826168417930603
2026/06/04 10:01:01,181,0.7581769824028015
2026/06/04 10:01:02,181,0.7363201975822449
2026/06/04 10:01:03,181,0.7304174304008484
2026/06/04 10:01:04,182,0.5242065787315369
2026/06/04 10:01:05,182,0.6785725951194763
2026/06/04 10:01:06,182,0.6056855320930481
2026/06/04 10:01:07,182,0.6560608148574829
2026/06/04 10:01:08,182,0.6701133251190186
2026/06/04 10:01:09,182,0.5449891686439514
2026/06/04 10:01:10,182,0.5158063173294067
2026/06/04 10:01:11,182,0.633726954460144
2026/06/04 10:01:12,182,0.5102207064628601
2026/06/04 10:01:13,182,0.6958447098731995
2026/06/04 10:01:14,182,0.583972692489624
2026/06/04 10:01:15,182,0.5109541416168213
2026/06/04 10:01:16,182,0.6914045214653015
2026/06/04 10:01:17,183,0.761721134185791
2026/06/04 10:01:18,183,0.6755293011665344
2026/06/04 10:01:19,183,0.6095611453056335
2026/06/04 10:01:20,183,0.7888667583465576
2026/06/04 10:01:21,184,0.7758302688598633
2026/06/04 10:01:22,184,0.9452282190322876
2026/06/04 10:01:23,184,0.6514315009117126
2026/06/04 10:01:24,184,0.7135580778121948
2026/06/04 10:01:25,184,0.8596416711807251
2026/06/04 10:01:26,184,0.7581652998924255
2026/06/04 10:01:27,184,0.6481104493141174
2026/06/04 10:01:28,184,0.5932669043540955
2026/06/04 10:01:29,184,0.7503160238265991
2026/06/04 10:01:30,183,0.6435235738754272
2026/06/04 10:01:31,183,0.7967804670333862
2026/06/04 10:01:32,183,0.50576251745224
2026/06/04 10:01:33,183,0.4004659354686737
2026/06/04 10:01:34,183,0.2941066324710846
2026/06/04 10:01:35,183,0.16506029665470123
2026/06/04 10:01:36,183,0.19895191490650177
2026/06/04 10:01:37,182,0.12712591886520386
2026/06/04 10:01:38,182,0.1310061514377594
2026/06/04 10:01:39,182,0.22393397986888885
2026/06/04 10:01:40,182,0.12525197863578796
2026/06/04 10:01:41,182,0.14425091445446014
2026/06/04 10:01:42,181,0.2883913516998291
2026/06/04 10:01:43,181,0.3392491042613983
2026/06/04 10:01:44,181,0.3353446424007416
2026/06/04 10:01:45,180,0.2900986075401306
2026/06/04 10:01:46,180,0.23270951211452484
2026/06/04 10:01:47,179,0.17145149409770966
2026/06/04 10:01:48,179,0.1653095930814743
2026/06/04 10:01:49,178,0.2885124981403351
2026/06/04 10:01:50,178,0.13039973378181458
2026/06/04 10:01:51,177,0.33191391825675964
2026/06/04 10:01:52,177,0.3854614496231079
2026/06/04 10:01:53,177,0.3059405982494354
2026/06/04 10:01:54,176,0.35824355483055115
2026/06/04 10:01:55,175,0.2587570250034332
2026/06/04 10:01:56,174,0.36886149644851685
2026/06/04 10:01:57,173,0.25208503007888794
2026/06/04 10:01:58,173,0.23788534104824066
2026/06/04 10:01:59,172,0.34578830003738403
2026/06/04 10:02:00,172,0.2728583514690399
2026/06/04 10:02:01,172,0.45191189646720886
2026/06/04 10:02:02,171,0.278283029794693
2026/06/04 10:02:03,171,0.36623722314834595
2026/06/04 10:02:04,170,0.2586527168750763
2026/06/04 10:02:05,170,0.34048083424568176
2026/06/04 10:02:06,170,0.41793712973594666
2026/06/04 10:02:07,170,0.18265925347805023
2026/06/04 10:02:08,170,0.19991573691368103
2026/06/04 10:02:09,170,0.4202074408531189
2026/06/04 10:02:10,170,0.06953489035367966
2026/06/04 10:02:11,170,0.06337916851043701
2026/06/04 10:02:12,170,0.1706601083278656
2026/06/04 10:02:13,169,0.21089625358581543
2026/06/04 10:02:14,169,0.11033187806606293
2026/06/04 10:02:15,169,0.08117694407701492
2026/06/04 10:02:16,169,0.0468243807554245
2026/06/04 10:02:17,168,0.017207201570272446
2026/06/04 10:02:18,168,0.018425891175866127
2026/06/04 10:02:19,168,0.014706249348819256
2026/06/04 10:02:20,167,0.01600312441587448
2026/06/04 10:02:21,167,0.02590201050043106
2026/06/04 10:02:22,167,0.022030338644981384
2026/06/04 10:02:23,167,0.02706044912338257
2026/06/04 10:02:24,166,0.02545984461903572
2026/06/04 10:02:25,165,0.01347991544753313
2026/06/04 10:02:26,163,0.011245801113545895
2026/06/04 10:02:27,162,0.052501704543828964
2026/06/04 10:02:28,161,0.030431294813752174
2026/06/04 10:02:29,159,0.025916872546076775
2026/06/04 10:02:30,158,0.024694491177797318
2026/06/04 10:02:31,156,0.024747133255004883
2026/06/04 10:02:32,155,0.015438106842339039
2026/06/04 10:02:33,155,0.01310668233782053
2026/06/04 10:02:34,154,0.019566362723708153
2026/06/04 10:02:35,154,0.012513697147369385
2026/06/04 10:02:36,153,0.028867682442069054
2026/06/04 10:02:37,153,0.11188553273677826
2026/06/04 10:02:38,151,0.10762011259794235
2026/06/04 10:02:39,150,0.1092287003993988
2026/06/04 10:02:40,148,0.18395894765853882
2026/06/04 10:02:41,146,0.27864915132522583
2026/06/04 10:02:42,144,0.07022549211978912
2026/06/04 10:02:43,143,0.06500446051359177
2026/06/04 10:02:44,141,0.0502900630235672
2026/06/04 10:02:45,140,0.05133800581097603
2026/06/04 10:02:46,139,0.051483843475580215
2026/06/04 10:02:47,138,0.05113734304904938
2026/06/04 10:02:48,137,0.05114760249853134
2026/06/04 10:02:49,137,0.051458876579999924
2026/06/04 10:02:50,138,0.05118056386709213
2026/06/04 10:02:51,138,0.05062171444296837
2026/06/04 10:02:52,139,0.051312342286109924
2026/06/04 10:02:53,140,0.05067699775099754
2026/06/04 10:02:54,140,0.050978656858205795
2026/06/04 10:02:55,141,0.05057012289762497
2026/06/04 10:02:56,140,0.05052071437239647
2026/06/04 10:02:57,140,0.05953487381339073
2026/06/04 10:02:58,139,0.08061811327934265
2026/06/04 10:02:59,139,0.08528502285480499
2026/06/04 10:03:00,138,0.1825282871723175
2026/06/04 10:03:01,137,0.08472047001123428
2026/06/04 10:03:02,136,0.0912972018122673
2026/06/04 10:03:03,135,0.04970887303352356
2026/06/04 10:03:04,134,0.0577634796500206
2026/06/04 10:03:05,132,0.0678904801607132
2026/06/04 10:03:06,131,0.07154232263565063
2026/06/04 10:03:07,129,0.057714734226465225
2026/06/04 10:03:08,128,0.28139427304267883
2026/06/04 10:03:09,127,0.14300113916397095
2026/06/04 10:03:10,125,0.11154575645923615
2026/06/04 10:03:11,125,0.19323430955410004
2026/06/04 10:03:12,125,0.047911763191223145
2026/06/04 10:03:13,125,0.03305279463529587
2026/06/04 10:03:14,125,0.03342870622873306
2026/06/04 10:03:15,126,0.034366488456726074
2026/06/04 10:03:16,127,0.041059866547584534
2026/06/04 10:03:17,128,0.02646474912762642
2026/06/04 10:03:18,128,0.02622106857597828
2026/06/04 10:03:19,129,0.028577620163559914
2026/06/04 10:03:20,129,0.04637252539396286
2026/06/04 10:03:21,129,0.031002193689346313
2026/06/04 10:03:22,129,0.03715275973081589
2026/06/04 10:03:23,129,0.037005044519901276
2026/06/04 10:03:24,129,0.03632410615682602
2026/06/04 10:03:25,129,0.03642171993851662
2026/06/04 10:03:26,129,0.039598800241947174
2026/06/04 10:03:27,128,0.034513380378484726
2026/06/04 10:03:28,127,0.03435676544904709
2026/06/04 10:03:29,125,0.030921386554837227
2026/06/04 10:03:30,124,0.02672504633665085
2026/06/04 10:03:31,122,0.027002613991498947
2026/06/04 10:03:32,120,0.02671489305794239
2026/06/04 10:03:33,119,0.027128096669912338
2026/06/04 10:03:34,117,0.027635956183075905
2026/06/04 10:03:35,116,0.031024204567074776
2026/06/04 10:03:36,114,0.034520361572504044
2026/06/04 10:03:37,113,0.03766662999987602
2026/06/04 10:03:38,112,0.0355675034224987
2026/06/04 10:03:39,111,0.0363319031894207
2026/06/04 10:03:40,110,0.1943044811487198
2026/06/04 10:03:41,109,0.20839327573776245
2026/06/04 10:03:42,108,0.08075691014528275
2026/06/04 10:03:43,108,0.14444245398044586
2026/06/04 10:03:44,107,0.1156303808093071
2026/06/04 10:03:45,107,0.11036770790815353
2026/06/04 10:03:46,107,0.15123513340950012
2026/06/04 10:03:47,107,0.0671067014336586
2026/06/04 10:03:48,107,0.09766651690006256
2026/06/04 10:03:49,107,0.13298247754573822
2026/06/04 10:03:50,107,0.1944700926542282
2026/06/04 10:03:51,107,0.10139228403568268
2026/06/04 10:03:52,108,0.0832981988787651
2026/06/04 10:03:53,109,0.11351394653320312
2026/06/04 10:03:54,110,0.12468825280666351
2026/06/04 10:03:55,111,0.16662728786468506
2026/06/04 10:03:56,111,0.18000885844230652
2026/06/04 10:03:57,112,0.11728311330080032
2026/06/04 10:03:58,113,0.1243254542350769
2026/06/04 10:03:59,114,0.12583494186401367
2026/06/04 10:04:00,116,0.12051966041326523
2026/06/04 10:04:01,117,0.10675284266471863
2026/06/04 10:04:02,122,0.09114578366279602
2026/06/04 10:04:03,125,0.1179761216044426
2026/06/04 10:04:04,127,0.21489295363426208
2026/06/04 10:04:05,129,0.08176436275243759
2026/06/04 10:04:06,129,0.05764678120613098
2026/06/04 10:04:07,130,0.05003362149000168
2026/06/04 10:04:08,130,0.052076973021030426
2026/06/04 10:04:09,130,0.04927089437842369
2026/06/04 10:04:10,131,0.05059455707669258
2026/06/04 10:04:11,131,0.04914985969662666
2026/06/04 10:04:12,131,0.04940273240208626
2026/06/04 10:04:13,131,0.04760851338505745
2026/06/04 10:04:14,132,0.04402247071266174
2026/06/04 10:04:15,132,0.059724923223257065
2026/06/04 10:04:16,132,0.07770641148090363
2026/06/04 10:04:17,132,0.08624991774559021
2026/06/04 10:04:18,131,0.050682757049798965
2026/06/04 10:04:19,131,0.08196395635604858
2026/06/04 10:04:20,130,0.09077188372612
2026/06/04 10:04:21,130,0.1404709815979004
2026/06/04 10:04:22,129,0.07545442134141922
2026/06/04 10:04:23,128,0.06362542510032654
2026/06/04 10:04:24,127,0.05714545398950577
2026/06/04 10:04:25,127,0.056268420070409775
2026/06/04 10:04:26,126,0.06933584809303284
2026/06/04 10:04:27,125,0.07809614390134811
2026/06/04 10:04:28,125,0.04879296198487282
2026/06/04 10:04:29,124,0.056557588279247284
2026/06/04 10:04:30,123,0.04293492063879967
2026/06/04 10:04:31,123,0.04461674392223358
2026/06/04 10:04:32,123,0.0553881898522377
2026/06/04 10:04:33,122,0.049058761447668076
2026/06/04 10:04:34,122,0.05517397075891495
2026/06/04 10:04:35,122,0.055935248732566833
2026/06/04 10:04:36,122,0.05671083182096481
2026/06/04 10:04:37,122,0.055661145597696304
2026/06/04 10:04:38,122,0.042244575917720795
2026/06/04 10:04:39,122,0.06281533092260361
2026/06/04 10:04:40,121,0.04489654675126076
2026/06/04 10:04:41,121,0.042258258908987045
2026/06/04 10:04:42,121,0.03612324967980385
2026/06/04 10:04:43,120,0.03993536904454231
2026/06/04 10:04:44,119,0.056941427290439606
2026/06/04 10:04:45,118,0.07184509932994843
2026/06/04 10:04:46,118,0.1514393836259842
2026/06/04 10:04:47,117,0.06481247395277023
2026/06/04 10:04:48,117,0.04190058261156082
2026/06/04 10:04:49,117,0.0880073606967926
2026/06/04 10:04:50,118,0.1236824095249176
2026/06/04 10:04:51,119,0.049044299870729446
2026/06/04 10:04:52,120,0.05255121365189552
2026/06/04 10:04:53,120,0.06258708983659744
2026/06/04 10:04:54,121,0.06982506811618805
2026/06/04 10:04:55,122,0.0646890327334404
2026/06/04 10:04:56,122,0.05298489332199097
2026/06/04 10:04:57,122,0.057606056332588196
2026/06/04 10:04:58,122,0.05476471409201622
2026/06/04 10:04:59,122,0.06946266442537308
2026/06/04 10:05:00,122,0.10536248236894608
2026/06/04 10:05:01,122,0.06832562386989594
2026/06/04 10:05:02,121,0.052530284970998764
2026/06/04 10:05:03,121,0.03159023076295853
2026/06/04 10:05:04,121,0.028349347412586212
2026/06/04 10:05:05,121,0.028385546058416367
2026/06/04 10:05:06,121,0.03144604340195656
2026/06/04 10:05:07,120,0.024833615869283676
2026/06/04 10:05:08,120,0.029784390702843666
2026/06/04 10:05:09,119,0.02950286492705345
2026/06/04 10:05:10,118,0.03592761978507042
2026/06/04 10:05:11,118,0.062389761209487915
2026/06/04 10:05:12,117,0.07048755139112473
2026/06/04 10:05:13,116,0.06786930561065674
2026/06/04 10:05:14,115,0.06408951431512833
2026/06/04 10:05:15,114,0.06451789289712906
2026/06/04 10:05:16,113,0.06303335726261139
2026/06/04 10:05:17,112,0.0638175830245018
2026/06/04 10:05:18,111,0.06113303825259209
2026/06/04 10:05:19,110,0.06314391642808914
2026/06/04 10:05:20,109,0.06619778275489807
2026/06/04 10:05:21,108,0.06903078407049179
2026/06/04 10:05:22,107,0.0698167160153389
2026/06/04 10:05:23,107,0.07001207768917084
2026/06/04 10:05:24,106,0.06360018253326416
2026/06/04 10:05:25,106,0.05505531281232834
2026/06/04 10:05:26,106,0.060880277305841446
2026/06/04 10:05:27,106,0.06524711847305298
2026/06/04 10:05:28,106,0.08302401006221771
2026/06/04 10:05:29,106,0.06778179854154587
2026/06/04 10:05:30,106,0.04443344473838806
2026/06/04 10:05:31,105,0.04498005658388138
2026/06/04 10:05:32,105,0.04523675516247749
2026/06/04 10:05:33,105,0.04478846490383148
2026/06/04 10:05:34,104,0.04514503851532936
2026/06/04 10:05:35,104,0.04459212347865105
2026/06/04 10:05:36,104,0.04483983293175697
2026/06/04 10:05:37,104,0.04515579342842102
2026/06/04 10:05:38,103,0.04486578330397606
2026/06/04 10:05:39,103,0.04597347229719162
2026/06/04 10:05:40,103,0.04256574064493179
2026/06/04 10:05:41,103,0.04394454136490822
2026/06/04 10:05:42,102,0.04374174401164055
2026/06/04 10:05:43,102,0.042775604873895645
2026/06/04 10:05:44,101,0.04393338784575462
2026/06/04 10:05:45,100,0.03928558528423309
2026/06/04 10:05:46,99,0.03829419985413551
2026/06/04 10:05:47,99,0.038057729601860046
2026/06/04 10:05:48,99,0.03739684075117111
2026/06/04 10:05:49,99,0.0458400622010231
2026/06/04 10:05:50,99,0.05143458768725395
2026/06/04 10:05:51,99,0.03430773690342903
2026/06/04 10:05:52,99,0.037185925990343094
2026/06/04 10:05:53,99,0.025348715484142303
2026/06/04 10:05:54,100,0.028383037075400352
2026/06/04 10:05:55,100,0.026868503540754318
2026/06/04 10:05:56,100,0.025838535279035568
2026/06/04 10:05:57,100,0.02845645509660244
2026/06/04 10:05:58,100,0.04664212465286255
2026/06/04 10:05:59,101,0.03901495784521103
2026/06/04 10:06:00,101,0.08425682038068771
2026/06/04 10:06:01,102,0.057393938302993774
2026/06/04 10:06:02,102,0.05352209135890007
2026/06/04 10:06:03,102,0.04533135145902634
2026/06/04 10:06:04,102,0.04382720962166786
2026/06/04 10:06:05,101,0.08741248399019241
2026/06/04 10:06:06,100,0.07911558449268341
2026/06/04 10:06:07,100,0.07693900167942047
2026/06/04 10:06:08,99,0.05210540071129799
2026/06/04 10:06:09,98,0.048624876886606216
2026/06/04 10:06:10,98,0.04550820589065552
2026/06/04 10:06:11,98,0.047453373670578
2026/06/04 10:06:12,98,0.048197224736213684
2026/06/04 10:06:13,98,0.049246035516262054
2026/06/04 10:06:14,99,0.051146939396858215
2026/06/04 10:06:15,99,0.08677678555250168
2026/06/04 10:06:16,99,0.08610516041517258
2026/06/04 10:06:17,99,0.06029319018125534
2026/06/04 10:06:18,99,0.02940354123711586
2026/06/04 10:06:19,99,0.027477968484163284
2026/06/04 10:06:20,98,0.03995434194803238
2026/06/04 10:06:21,98,0.07551785558462143
2026/06/04 10:06:22,98,0.05641942471265793
2026/06/04 10:06:23,98,0.08017312735319138
2026/06/04 10:06:24,98,0.04413236677646637
2026/06/04 10:06:25,98,0.0644279271364212
2026/06/04 10:06:26,98,0.08818689733743668
2026/06/04 10:06:27,99,0.12698844075202942
2026/06/04 10:06:28,100,0.06308828294277191
2026/06/04 10:06:29,100,0.06400865316390991
2026/06/04 10:06:30,101,0.09668803215026855
2026/06/04 10:06:31,101,0.06773315370082855
2026/06/04 10:06:32,102,0.11463094502687454
2026/06/04 10:06:33,102,0.09206711500883102
2026/06/04 10:06:34,101,0.07604528218507767
2026/06/04 10:06:35,101,0.0436946339905262
2026/06/04 10:06:36,101,0.038386691361665726
2026/06/04 10:06:37,100,0.042928244918584824
2026/06/04 10:06:38,100,0.04735108092427254
2026/06/04 10:06:39,101,0.050296101719141006
2026/06/04 10:06:40,101,0.05094224959611893
2026/06/04 10:06:41,101,0.0418577715754509
2026/06/04 10:06:42,101,0.024134736508131027
2026/06/04 10:06:43,101,0.014220315031707287
2026/06/04 10:06:44,100,0.019647669047117233
2026/06/04 10:06:45,99,0.01979631371796131
2026/06/04 10:06:46,97,0.029302401468157768
2026/06/04 10:06:47,96,0.04262099787592888
2026/06/04 10:06:48,95,0.029004834592342377
2026/06/04 10:06:49,94,0.033747900277376175
2026/06/04 10:06:50,94,0.03773381933569908
2026/06/04 10:06:51,94,0.03350524976849556
2026/06/04 10:06:52,94,0.0245954692363739
2026/06/04 10:06:53,94,0.032719291746616364
2026/06/04 10:06:54,94,0.035023078322410583
2026/06/04 10:06:55,94,0.04259227588772774
2026/06/04 10:06:56,95,0.04100102558732033
2026/06/04 10:06:57,95,0.0757170021533966
2026/06/04 10:06:58,95,0.09761647880077362
2026/06/04 10:06:59,95,0.10786797106266022
2026/06/04 10:07:00,95,0.06087275221943855
2026/06/04 10:07:01,95,0.09371291100978851
2026/06/04 10:07:02,96,0.0645182728767395
2026/06/04 10:07:03,97,0.06240319833159447
2026/06/04 10:07:04,97,0.06932017207145691
2026/06/04 10:07:05,98,0.0549042709171772
2026/06/04 10:07:06,98,0.05402034893631935
2026/06/04 10:07:07,99,0.0482311025261879
2026/06/04 10:07:08,99,0.03635992109775543
2026/06/04 10:07:09,99,0.04043439403176308
2026/06/04 10:07:10,100,0.03170536085963249
2026/06/04 10:07:11,101,0.039191991090774536
2026/06/04 10:07:12,102,0.02228223904967308
2026/06/04 10:07:13,102,0.03994035720825195
2026/06/04 10:07:14,103,0.04079190641641617
2026/06/04 10:07:15,104,0.06361701339483261
2026/06/04 10:07:16,105,0.07165101915597916
2026/06/04 10:07:17,105,0.05262957885861397
2026/06/04 10:07:18,105,0.05032394453883171
2026/06/04 10:07:19,106,0.050220031291246414
2026/06/04 10:07:20,105,0.049881357699632645
2026/06/04 10:07:21,105,0.04914003610610962
2026/06/04 10:07:22,105,0.04754384234547615
2026/06/04 10:07:23,105,0.05960823595523834
2026/06/04 10:07:24,105,0.09100735932588577
2026/06/04 10:07:25,105,0.06216887757182121
2026/06/04 10:07:26,105,0.06089063733816147
2026/06/04 10:07:27,106,0.19709405303001404
2026/06/04 10:07:28,106,0.10310797393321991
2026/06/04 10:07:29,106,0.02329566515982151
2026/06/04 10:07:30,105,0.013344873674213886
2026/06/04 10:07:31,104,0.06086030229926109
2026/06/04 10:07:32,102,0.032763052731752396
2026/06/04 10:07:33,101,0.1386234313249588
2026/06/04 10:07:34,100,0.059873685240745544
2026/06/04 10:07:35,99,0.08890020102262497
2026/06/04 10:07:36,99,0.19339247047901154
2026/06/04 10:07:37,99,0.08271947503089905
2026/06/04 10:07:38,100,0.07732074707746506
2026/06/04 10:07:39,100,0.047427304089069366
2026/06/04 10:07:40,101,0.0355527326464653
2026/06/04 10:07:41,102,0.0387425422668457
2026/06/04 10:07:42,102,0.04720350354909897
2026/06/04 10:07:43,103,0.04911193251609802
2026/06/04 10:07:44,104,0.0559081993997097
2026/06/04 10:07:45,104,0.03922456130385399
2026/06/04 10:07:46,104,0.0786937028169632
2026/06/04 10:07:47,104,0.04960818216204643
2026/06/04 10:07:48,104,0.04849236086010933
2026/06/04 10:07:49,104,0.03139328956604004
2026/06/04 10:07:50,104,0.037383537739515305
2026/06/04 10:07:51,103,0.0422857329249382
2026/06/04 10:07:52,102,0.035306476056575775
2026/06/04 10:07:53,101,0.04228474199771881
2026/06/04 10:07:54,99,0.03857632353901863
2026/06/04 10:07:55,98,0.08638949692249298
2026/06/04 10:07:56,97,0.06494403630495071
2026/06/04 10:07:57,96,0.06408115476369858
2026/06/04 10:07:58,95,0.09137049317359924
2026/06/04 10:07:59,95,0.052789341658353806
2026/06/04 10:08:00,95,0.04798997938632965
2026/06/04 10:08:01,95,0.047600217163562775
2026/06/04 10:08:02,95,0.050292644649744034
2026/06/04 10:08:03,95,0.04962165653705597
2026/06/04 10:08:04,95,0.049469541758298874
2026/06/04 10:08:05,96,0.04970487952232361
2026/06/04 10:08:06,96,0.04907869175076485
2026/06/04 10:08:07,96,0.06336165964603424
2026/06/04 10:08:08,97,0.09101491421461105
2026/06/04 10:08:09,98,0.02649659290909767
2026/06/04 10:08:10,97,0.06475159525871277
2026/06/04 10:08:11,96,0.055739518254995346
2026/06/04 10:08:12,97,0.04381018131971359
2026/06/04 10:08:13,98,0.04372303932905197
2026/06/04 10:08:14,98,0.04342613369226456
2026/06/04 10:08:15,99,0.044573500752449036
2026/06/04 10:08:16,98,0.0449451208114624
2026/06/04 10:08:17,98,0.07462518662214279
2026/06/04 10:08:18,96,0.05119366943836212
2026/06/04 10:08:19,95,0.15418164432048798
2026/06/04 10:08:20,96,0.057032447308301926
2026/06/04 10:08:21,96,0.03278832510113716
2026/06/04 10:08:22,96,0.035616327077150345
2026/06/04 10:08:23,97,0.03388671204447746
2026/06/04 10:08:24,97,0.03967393934726715
2026/06/04 10:08:25,96,0.03547907620668411
2026/06/04 10:08:26,96,0.03481757268309593
2026/06/04 10:08:27,95,0.034615032374858856
2026/06/04 10:08:28,94,0.035248905420303345
2026/06/04 10:08:29,94,0.16364678740501404
2026/06/04 10:08:30,93,0.016989829018712044
2026/06/04 10:08:31,93,0.11833406239748001
2026/06/04 10:08:32,93,0.07293397188186646
2026/06/04 10:08:33,93,0.09237368404865265
2026/06/04 10:08:34,93,0.07000723481178284
2026/06/04 10:08:35,93,0.06417462229728699
2026/06/04 10:08:36,93,0.05655989050865173
2026/06/04 10:08:37,93,0.06400349736213684
2026/06/04 10:08:38,94,0.06076885014772415
2026/06/04 10:08:39,94,0.060008786618709564
2026/06/04 10:08:40,94,0.05901132896542549
2026/06/04 10:08:41,95,0.04604841396212578
2026/06/04 10:08:42,96,0.051932044327259064
2026/06/04 10:08:43,97,0.04376794397830963
2026/06/04 10:08:44,97,0.0634533166885376
2026/06/04 10:08:45,98,0.08243517577648163
2026/06/04 10:08:46,98,0.16083548963069916
2026/06/04 10:08:47,98,0.0931619256734848
2026/06/04 10:08:48,98,0.06159881129860878
2026/06/04 10:08:49,98,0.08255400508642197
2026/06/04 10:08:50,98,0.06664402782917023
2026/06/04 10:08:51,98,0.05128912255167961
2026/06/04 10:08:52,99,0.04547298327088356
2026/06/04 10:08:53,99,0.03908383101224899
2026/06/04 10:08:54,100,0.045616570860147476
2026/06/04 10:08:55,101,0.03334960713982582
2026/06/04 10:08:56,102,0.04688277468085289
2026/06/04 10:08:57,103,0.09454640001058578
2026/06/04 10:08:58,105,0.10331991314888
2026/06/04 10:08:59,106,0.1646210253238678
2026/06/04 10:09:00,108,0.08141399174928665
2026/06/04 10:09:01,110,0.08810694515705109
2026/06/04 10:09:02,112,0.32823917269706726
2026/06/04 10:09:03,113,0.09996278584003448
2026/06/04 10:09:04,116,0.13635389506816864
2026/06/04 10:09:05,117,0.06784385442733765
2026/06/04 10:09:06,119,0.4035111367702484
2026/06/04 10:09:07,120,0.1660463511943817
2026/06/04 10:09:08,121,0.10274454206228256
2026/06/04 10:09:09,121,0.3172067105770111
2026/06/04 10:09:10,122,0.08943429589271545
2026/06/04 10:09:11,122,0.22540901601314545
2026/06/04 10:09:12,123,0.24644199013710022
2026/06/04 10:09:13,124,0.2205309122800827
2026/06/04 10:09:14,125,0.33080002665519714
2026/06/04 10:09:15,125,0.21719133853912354
2026/06/04 10:09:16,124,0.5491369366645813
2026/06/04 10:09:17,123,0.4826105237007141
2026/06/04 10:09:18,122,0.24061506986618042
2026/06/04 10:09:19,122,0.23054593801498413
2026/06/04 10:09:20,121,0.08846276253461838
2026/06/04 10:09:21,120,0.1400814801454544
2026/06/04 10:09:22,121,0.2114163041114807
2026/06/04 10:09:23,121,0.06981273740530014
2026/06/04 10:09:24,121,0.21821044385433197
2026/06/04 10:09:25,120,0.24146482348442078
2026/06/04 10:09:26,120,0.13771952688694
2026/06/04 10:09:27,120,0.10777541995048523
2026/06/04 10:09:28,120,0.08184996247291565
2026/06/04 10:09:29,120,0.08863251656293869
2026/06/04 10:09:30,120,0.0803358405828476
2026/06/04 10:09:31,120,0.6329445838928223
2026/06/04 10:09:32,120,0.6465446352958679
2026/06/04 10:09:33,120,0.6467224955558777
2026/06/04 10:09:34,120,0.7643139958381653
2026/06/04 10:09:35,121,0.34551945328712463
2026/06/04 10:09:36,122,0.29831463098526
2026/06/04 10:09:37,122,0.16408951580524445
2026/06/04 10:09:38,123,0.15637031197547913
2026/06/04 10:09:39,123,0.09468190371990204
2026/06/04 10:09:40,123,0.10357599705457687
2026/06/04 10:09:41,124,0.1483125388622284
2026/06/04 10:09:42,124,0.07951407134532928
2026/06/04 10:09:43,124,0.06279352307319641
2026/06/04 10:09:44,124,0.04890935868024826
2026/06/04 10:09:45,123,0.047991782426834106
2026/06/04 10:09:46,123,0.03631195053458214
2026/06/04 10:09:47,122,0.168076753616333
2026/06/04 10:09:48,121,0.10016424208879471
2026/06/04 10:09:49,121,0.10489388555288315
2026/06/04 10:09:50,121,0.08718041330575943
2026/06/04 10:09:51,121,0.07263743877410889
2026/06/04 10:09:52,121,0.05802606791257858
2026/06/04 10:09:53,121,0.06774153560400009
2026/06/04 10:09:54,121,0.08494550734758377
2026/06/04 10:09:55,121,0.06344195455312729
2026/06/04 10:09:56,121,0.06342707574367523
2026/06/04 10:09:57,121,0.07983672618865967
2026/06/04 10:09:58,121,0.06316297501325607
2026/06/04 10:09:59,120,0.06714639812707901
2026/06/04 10:10:00,120,0.06767723709344864
2026/06/04 10:10:01,120,0.09894262254238129
2026/06/04 10:10:02,120,0.07294204831123352
2026/06/04 10:10:03,119,0.11279146373271942
2026/06/04 10:10:04,119,0.12266399711370468
2026/06/04 10:10:05,119,0.10570517927408218
2026/06/04 10:10:06,118,0.08247723430395126
2026/06/04 10:10:07,118,0.11839736253023148
2026/06/04 10:10:08,118,0.1575818508863449
2026/06/04 10:10:09,117,0.274425208568573
2026/06/04 10:10:10,117,0.19193662703037262
2026/06/04 10:10:11,116,0.3573267161846161
2026/06/04 10:10:12,116,0.10962142795324326
2026/06/04 10:10:13,115,0.020326461642980576
2026/06/04 10:10:14,115,0.03205116093158722
2026/06/04 10:10:15,115,0.015002064406871796
2026/06/04 10:10:16,115,0.024428360164165497
2026/06/04 10:10:17,115,0.023117750883102417
2026/06/04 10:10:18,115,0.011412139981985092
2026/06/04 10:10:19,115,0.01036157738417387
2026/06/04 10:10:20,115,0.053208284080028534
2026/06/04 10:10:21,115,0.008943015709519386
2026/06/04 10:10:22,115,0.00746917026117444
2026/06/04 10:10:23,115,0.008867280557751656
2026/06/04 10:10:24,115,0.013063537888228893
2026/06/04 10:10:25,115,0.037691209465265274
2026/06/04 10:10:26,116,0.014713731594383717
2026/06/04 10:10:27,116,0.01659202203154564
2026/06/04 10:10:28,116,0.07608693093061447
2026/06/04 10:10:29,117,0.012264386750757694
2026/06/04 10:10:30,117,0.011621332727372646
2026/06/04 10:10:31,118,0.006996459793299437
2026/06/04 10:10:32,118,0.009746138006448746
2026/06/04 10:10:33,118,0.1273190677165985
2026/06/04 10:10:34,118,0.008982347324490547
2026/06/04 10:10:35,117,0.01075122319161892
2026/06/04 10:10:36,117,0.009364875964820385
2026/06/04 10:10:37,116,0.008962319232523441
2026/06/04 10:10:38,116,0.006525268312543631
2026/06/04 10:10:39,116,0.009304685518145561
2026/06/04 10:10:40,116,0.0064157708548009396
2026/06/04 10:10:41,116,0.009559917263686657
2026/06/04 10:10:42,116,0.04712046682834625
2026/06/04 10:10:43,117,0.07327502220869064
2026/06/04 10:10:44,117,0.012453208677470684
2026/06/04 10:10:45,117,0.012114791199564934
2026/06/04 10:10:46,116,0.006000500172376633
2026/06/04 10:10:47,116,0.006404038984328508
2026/06/04 10:10:48,116,0.014692499302327633
2026/06/04 10:10:49,117,0.009987672790884972
2026/06/04 10:10:50,117,0.17107686400413513
2026/06/04 10:10:51,117,0.13563503324985504
2026/06/04 10:10:52,117,0.14060185849666595
2026/06/04 10:10:53,117,0.104371078312397
2026/06/04 10:10:54,117,0.07041144371032715
2026/06/04 10:10:55,117,0.022898320108652115
2026/06/04 10:10:56,118,0.018946146592497826
2026/06/04 10:10:57,118,0.028506392613053322
2026/06/04 10:10:58,118,0.05780657380819321
2026/06/04 10:10:59,118,0.09297627955675125
2026/06/04 10:11:00,119,0.06218371167778969
2026/06/04 10:11:01,119,0.0935080423951149
2026/06/04 10:11:02,119,0.1876440942287445
2026/06/04 10:11:03,119,0.0766112357378006
2026/06/04 10:11:04,119,0.023372208699584007
2026/06/04 10:11:05,119,0.019004452973604202
2026/06/04 10:11:06,119,0.021225908771157265
2026/06/04 10:11:07,119,0.1022581160068512
2026/06/04 10:11:08,119,0.11874973773956299
2026/06/04 10:11:09,119,0.17874857783317566
2026/06/04 10:11:10,118,0.04614059627056122
2026/06/04 10:11:11,118,0.018537070602178574
2026/06/04 10:11:12,117,0.01385665126144886
2026/06/04 10:11:13,117,0.01483080442994833
2026/06/04 10:11:14,116,0.023230882361531258
2026/06/04 10:11:15,115,0.03591964393854141
2026/06/04 10:11:16,113,0.02219191938638687
2026/06/04 10:11:17,112,0.019375046715140343
2026/06/04 10:11:18,110,0.15923592448234558
2026/06/04 10:11:19,108,0.07315929234027863
2026/06/04 10:11:20,106,0.11495906859636307
2026/06/04 10:11:21,104,0.13969548046588898
2026/06/04 10:11:22,103,0.051568277180194855
2026/06/04 10:11:23,101,0.19989429414272308
2026/06/04 10:11:24,100,0.14410400390625
2026/06/04 10:11:25,99,0.20860795676708221
2026/06/04 10:11:26,98,0.14444571733474731
2026/06/04 10:11:27,97,0.013751039281487465
2026/06/04 10:11:28,97,0.03994421660900116
2026/06/04 10:11:29,97,0.15222536027431488
2026/06/04 10:11:30,97,0.06412815302610397
2026/06/04 10:11:31,97,0.135573610663414
2026/06/04 10:11:32,96,0.14460217952728271
2026/06/04 10:11:33,96,0.035524994134902954
2026/06/04 10:11:34,96,0.03356413170695305
2026/06/04 10:11:35,96,0.1556052565574646
2026/06/04 10:11:36,96,0.43683889508247375
2026/06/04 10:11:37,95,0.45913276076316833
2026/06/04 10:11:38,95,0.23229160904884338
2026/06/04 10:11:39,95,0.08634917438030243
2026/06/04 10:11:40,95,0.2198295146226883
2026/06/04 10:11:41,95,0.08841905742883682
2026/06/04 10:11:42,95,0.06925714015960693
2026/06/04 10:11:43,95,
2026/06/04 10:11:44,95,
2026/06/04 10:11:45,95,
2026/06/04 10:34:52,0,0.020413167774677277
2026/06/04 10:34:53,0,0.0668061301112175
2026/06/04 10:34:54,0,0.07690275460481644
2026/06/04 10:34:55,0,0.048940811306238174
2026/06/04 10:34:56,0,0.037564244121313095
2026/06/04 10:34:57,0,0.11233782023191452
2026/06/04 10:34:58,0,0.10353939980268478
2026/06/04 10:34:59,0,0.11003656685352325
2026/06/04 10:35:00,0,0.03134440630674362
2026/06/04 10:35:01,0,0.018400397151708603
2026/06/04 10:35:02,0,0.01824963465332985
2026/06/04 10:35:03,0,0.028525877743959427
2026/06/04 10:35:04,0,0.09752654284238815
2026/06/04 10:35:05,0,0.16348418593406677
2026/06/04 10:35:06,0,0.08900368213653564
2026/06/04 10:35:07,0,0.4395407736301422
2026/06/04 10:35:08,0,0.15242484211921692
2026/06/04 10:35:09,0,0.14185644686222076
2026/06/04 10:35:10,0,0.0269867405295372
2026/06/04 10:35:11,0,0.04877261444926262
2026/06/04 10:35:12,0,0.05718865990638733
2026/06/04 10:35:13,0,0.08594578504562378
2026/06/04 10:35:14,0,0.12173671275377274
2026/06/04 10:35:15,0,0.06625167280435562
2026/06/04 10:35:16,0,0.030924661085009575
2026/06/04 10:35:17,0,0.05437690019607544
2026/06/04 10:35:18,0,0.05526404455304146
2026/06/04 10:35:19,0,0.07776183634996414
2026/06/04 10:35:20,0,0.05500708147883415
2026/06/04 10:35:21,0,0.08017000555992126
2026/06/04 10:35:22,0,0.09362637996673584
2026/06/04 10:35:23,0,0.027016697451472282
2026/06/04 10:35:24,0,0.022301191464066505
2026/06/04 10:35:25,0,0.02821786142885685
2026/06/04 10:35:26,0,0.019989971071481705
2026/06/04 10:35:27,0,0.02235516346991062
2026/06/04 10:35:28,0,0.023991594091057777
2026/06/04 10:35:29,0,0.024738889187574387
2026/06/04 10:35:30,0,0.020574374124407768
2026/06/04 10:35:31,0,0.02078324370086193
2026/06/04 10:35:32,0,0.021248919889330864
2026/06/04 10:35:33,0,0.021852796897292137
2026/06/04 10:35:34,0,0.01801862008869648
2026/06/04 10:35:35,0,0.0185261107981205
2026/06/04 10:35:36,0,0.01892029494047165
2026/06/04 10:35:37,0,0.01855076290667057
2026/06/04 10:35:38,0,0.01808367669582367
2026/06/04 10:35:39,0,0.018460683524608612
2026/06/04 10:35:40,0,0.018814783543348312
2026/06/04 10:35:41,0,0.018302368000149727
2026/06/04 10:35:42,0,0.017901407554745674
2026/06/04 10:35:43,0,0.01846487820148468
2026/06/04 10:35:44,0,0.018405301496386528
2026/06/04 10:35:45,0,0.01816021092236042
2026/06/04 10:35:46,0,0.0178306233137846
2026/06/04 10:35:47,0,0.04055236279964447
2026/06/04 10:35:48,0,0.01902143470942974
2026/06/04 10:35:49,0,0.019164370372891426
2026/06/04 10:35:50,0,0.17105868458747864
2026/06/04 10:35:51,0,0.06825099885463715
2026/06/04 10:35:52,0,0.061060406267642975
2026/06/04 10:35:53,0,0.023430323228240013
2026/06/04 10:35:54,0,0.01911787874996662
2026/06/04 10:35:55,0,0.020688975229859352
2026/06/04 10:35:56,0,0.020245760679244995
2026/06/04 10:35:57,0,0.01943417266011238
2026/06/04 10:35:58,0,0.01928112469613552
2026/06/04 10:35:59,0,0.02056461200118065
2026/06/04 10:36:00,0,0.018605997785925865
2026/06/04 10:36:01,0,0.018568502739071846
2026/06/04 10:36:02,0,0.018676474690437317
2026/06/04 10:36:03,0,0.019135581329464912
2026/06/04 10:36:04,0,0.019352320581674576
2026/06/04 10:36:05,0,0.018703654408454895
2026/06/04 10:36:06,0,0.018937496468424797
2026/06/04 10:36:07,0,0.0188888031989336
2026/06/04 10:36:08,0,0.018627028912305832
2026/06/04 10:36:09,0,0.01949571818113327
2026/06/04 10:36:10,0,0.018875719979405403
2026/06/04 10:36:11,0,0.01851664111018181
2026/06/04 10:36:12,0,0.019744139164686203
2026/06/04 10:36:13,0,0.019009562209248543
2026/06/04 10:36:14,0,0.01913735643029213
2026/06/04 10:36:15,0,0.024921268224716187
2026/06/04 10:36:16,0,0.023340066894888878
2026/06/04 10:36:17,0,0.018965017050504684
2026/06/04 10:36:18,0,0.01950921304523945
2026/06/04 10:36:19,0,0.019504327327013016
2026/06/04 10:36:20,0,0.018750155344605446
2026/06/04 10:36:21,0,0.018041038885712624
2026/06/04 10:36:22,0,0.017531098797917366
2026/06/04 10:36:23,0,0.018671836704015732
2026/06/04 10:36:24,0,0.03122357279062271
2026/06/04 10:36:25,0,0.030940301716327667
2026/06/04 10:36:26,0,0.056486379355192184
2026/06/04 10:36:27,0,0.03118087537586689
2026/06/04 10:36:28,0,0.43730589747428894
2026/06/04 10:36:29,0,0.05078054592013359
2026/06/04 10:36:30,0,0.019419580698013306
2026/06/04 10:36:31,0,0.019773216918110847
2026/06/04 10:36:32,0,0.028101427480578423
2026/06/04 10:36:33,0,0.023868795484304428
2026/06/04 10:36:34,0,0.05375901609659195
2026/06/04 10:36:35,0,0.054087840020656586
2026/06/04 10:36:36,0,0.02946009859442711
2026/06/04 10:36:37,0,0.026717305183410645
2026/06/04 10:36:38,0,0.04765201732516289
2026/06/04 10:36:39,0,0.02462850697338581
2026/06/04 10:36:40,0,0.01919856294989586
2026/06/04 10:36:41,0,0.020281624048948288
2026/06/04 10:36:42,0,0.018813475966453552
2026/06/04 10:36:43,0,0.026592480018734932
2026/06/04 10:36:44,0,0.019014278426766396
2026/06/04 10:36:45,0,0.019942238926887512
2026/06/04 10:36:46,0,0.018749339506030083
2026/06/04 10:36:47,0,0.034737929701805115
2026/06/04 10:36:48,0,0.025642534717917442
2026/06/04 10:36:49,0,0.03797924146056175
2026/06/04 10:36:50,0,0.02754841558635235
2026/06/04 10:36:51,0,0.032713860273361206
2026/06/04 10:36:52,0,0.019662929698824883
2026/06/04 10:36:53,0,0.02011318877339363
2026/06/04 10:36:54,0,0.026117363944649696
2026/06/04 10:36:55,0,0.046112604439258575
2026/06/04 10:36:56,0,0.02109542302787304
2026/06/04 10:36:57,0,0.01949451118707657
2026/06/04 10:36:58,0,0.019418053328990936
2026/06/04 10:36:59,0,0.035917606204748154
2026/06/04 10:37:00,0,0.0326315239071846
2026/06/04 10:37:01,0,0.024736575782299042
2026/06/04 10:37:02,0,0.03142353519797325
2026/06/04 10:37:03,0,0.042553797364234924
2026/06/04 10:37:04,0,0.01920720376074314
2026/06/04 10:37:05,0,0.02721763215959072
2026/06/04 10:37:06,0,0.029748044908046722
2026/06/04 10:37:07,0,0.01976722478866577
2026/06/04 10:37:08,0,0.018876058980822563
2026/06/04 10:37:09,0,0.025304848328232765
2026/06/04 10:37:10,0,0.057983171194791794
2026/06/04 10:37:11,0,0.061367426067590714
2026/06/04 10:37:12,0,0.023464057594537735
2026/06/04 10:37:13,0,0.14100877940654755
2026/06/04 10:37:14,0,0.1672343760728836
2026/06/04 10:37:15,0,0.08110976219177246
2026/06/04 10:37:16,0,0.10490825772285461
2026/06/04 10:37:17,0,0.14013680815696716
2026/06/04 10:37:18,0,0.11127311736345291
2026/06/04 10:37:19,0,0.1327132135629654
2026/06/04 10:37:20,0,0.07566077262163162
2026/06/04 10:37:21,0,0.06356211751699448
2026/06/04 10:37:22,0,0.04314286634325981
2026/06/04 10:37:23,0,0.09264890849590302
2026/06/04 10:37:24,0,0.15625420212745667
2026/06/04 10:37:25,0,0.1913193017244339
2026/06/04 10:37:26,0,0.12261293083429337
2026/06/04 10:37:27,0,0.07080640643835068
2026/06/04 10:37:28,0,0.09021658450365067
2026/06/04 10:37:29,0,0.09677858650684357
2026/06/04 10:37:30,0,0.11687769740819931
2026/06/04 10:37:31,0,0.11039230972528458
2026/06/04 10:37:32,0,0.20870853960514069
2026/06/04 10:37:33,0,0.12871326506137848
2026/06/04 10:37:34,0,0.079774871468544
2026/06/04 10:37:35,99,0.08969143778085709
2026/06/04 10:37:36,98,0.10788197815418243
2026/06/04 10:37:37,97,0.07315469533205032
2026/06/04 10:37:38,97,0.12465530633926392
2026/06/04 10:37:39,97,0.10168962180614471
2026/06/04 10:37:40,97,0.13241367042064667
2026/06/04 10:37:41,97,0.1726730912923813
2026/06/04 10:37:42,97,0.18728891015052795
2026/06/04 10:37:43,0,0.09968975186347961
2026/06/04 10:37:44,0,0.07309563457965851
2026/06/04 10:37:45,0,0.22009234130382538
2026/06/04 10:37:46,0,0.12412440776824951
2026/06/04 10:37:47,0,0.12157506495714188
2026/06/04 10:37:48,0,0.14026682078838348
2026/06/04 10:37:49,0,0.11055684834718704
2026/06/04 10:37:50,0,0.1581960767507553
2026/06/04 10:37:51,0,0.0627782940864563
2026/06/04 10:37:52,0,0.09116903692483902
2026/06/04 10:37:53,0,0.09159503132104874
2026/06/04 10:37:54,0,0.07850553840398788
2026/06/04 10:37:55,0,0.12281513959169388
2026/06/04 10:37:56,0,0.1484481543302536
2026/06/04 10:37:57,0,0.18536047637462616
2026/06/04 10:37:58,0,0.17394809424877167
2026/06/04 10:37:59,0,0.13682132959365845
2026/06/04 10:38:00,0,0.08141803741455078
2026/06/04 10:38:01,0,0.11697905510663986
2026/06/04 10:38:02,0,0.23931381106376648
2026/06/04 10:38:03,0,0.18419460952281952
2026/06/04 10:38:04,0,0.11511248350143433
2026/06/04 10:38:05,0,0.24014787375926971
2026/06/04 10:38:06,0,0.13723918795585632
2026/06/04 10:38:07,0,0.26513671875
2026/06/04 10:38:08,0,0.10790526866912842
2026/06/04 10:38:09,0,0.09746009856462479
2026/06/04 10:38:10,0,0.11836981028318405
2026/06/04 10:38:11,0,0.2831903100013733
2026/06/04 10:38:12,0,0.1038404256105423
2026/06/04 10:38:13,0,0.21230745315551758
2026/06/04 10:38:14,0,0.16927731037139893
2026/06/04 10:38:15,0,0.30017411708831787
2026/06/04 10:38:16,0,0.39098140597343445
2026/06/04 10:38:17,0,0.6111255884170532
2026/06/04 10:38:18,0,0.2246108502149582
2026/06/04 10:38:19,0,0.4717996120452881
2026/06/04 10:38:20,0,0.2533743977546692
2026/06/04 10:38:21,0,0.2590467929840088
2026/06/04 10:38:22,0,0.873712956905365
2026/06/04 10:38:23,0,0.07197520136833191
2026/06/04 10:38:24,0,0.032812729477882385
2026/06/04 10:38:25,0,0.0963524878025055
2026/06/04 10:38:26,0,0.10781104862689972
2026/06/04 10:38:27,0,0.09660384058952332
2026/06/04 10:38:28,0,0.12829603254795074
2026/06/04 10:38:29,0,0.2834677994251251
2026/06/04 10:38:30,0,0.16768166422843933
2026/06/04 10:38:31,97,0.10065852105617523
2026/06/04 10:38:32,97,0.08369926363229752
2026/06/04 10:38:33,97,0.10009560734033585
2026/06/04 10:38:34,97,0.10815407335758209
2026/06/04 10:38:35,97,0.08729378879070282
2026/06/04 10:38:36,97,0.17839454114437103
2026/06/04 10:38:37,97,0.14158904552459717
2026/06/04 10:38:38,96,0.15528196096420288
2026/06/04 10:38:39,96,0.11915451288223267
2026/06/04 10:38:40,96,0.10619232058525085
2026/06/04 10:38:41,96,0.11171947419643402
2026/06/04 10:38:42,96,0.2617751359939575
2026/06/04 10:38:43,96,0.11257269978523254
2026/06/04 10:38:44,96,0.14341580867767334
2026/06/04 10:38:45,96,0.2562286853790283
2026/06/04 10:38:46,96,0.15250550210475922
2026/06/04 10:38:47,95,0.12058398872613907
2026/06/04 10:38:48,95,0.12543293833732605
2026/06/04 10:38:49,95,0.06461863219738007
2026/06/04 10:38:50,95,0.06917842477560043
2026/06/04 10:38:51,95,0.04275377839803696
2026/06/04 10:38:52,95,0.09432000666856766
2026/06/04 10:38:53,95,0.053017426282167435
2026/06/04 10:38:54,96,0.3509334623813629
2026/06/04 10:38:55,96,0.2776945233345032
2026/06/04 10:38:56,96,0.2621202766895294
2026/06/04 10:38:57,95,0.37037327885627747
2026/06/04 10:38:58,95,0.672582745552063
2026/06/04 10:38:59,95,0.39949172735214233
2026/06/04 10:39:00,95,0.2673455476760864
2026/06/04 10:39:01,95,0.24570468068122864
2026/06/04 10:39:02,95,0.1702638864517212
2026/06/04 10:39:03,95,0.4698440730571747
2026/06/04 10:39:04,95,0.20856499671936035
2026/06/04 10:39:05,0,0.18969060480594635
2026/06/04 10:39:06,0,0.7606819868087769
2026/06/04 10:39:07,0,1.431463360786438
2026/06/04 10:39:08,0,0.40092143416404724
2026/06/04 10:39:09,0,0.989161491394043
2026/06/04 10:39:10,0,0.8677332997322083
2026/06/04 10:39:11,0,0.2259679138660431
2026/06/04 10:39:12,0,0.3444400429725647
2026/06/04 10:39:13,96,0.17130416631698608
2026/06/04 10:39:14,97,0.06978260725736618
2026/06/04 10:39:15,98,0.052967917174100876
2026/06/04 10:39:16,99,0.05985933169722557
2026/06/04 10:39:17,99,0.13838092982769012
2026/06/04 10:39:18,99,0.10292232781648636
2026/06/04 10:39:19,99,0.19575804471969604
2026/06/04 10:39:20,99,0.14308632910251617
2026/06/04 10:39:21,100,0.046155329793691635
2026/06/04 10:39:22,100,0.058387186378240585
2026/06/04 10:39:23,100,0.30172768235206604
2026/06/04 10:39:24,101,0.1985911726951599
2026/06/04 10:39:25,102,0.11035729944705963
2026/06/04 10:39:26,102,0.11626390367746353
2026/06/04 10:39:27,103,0.1445927619934082
2026/06/04 10:39:28,103,0.04987264797091484
2026/06/04 10:39:29,104,0.38225001096725464
2026/06/04 10:39:30,104,0.08568652719259262
2026/06/04 10:39:31,104,0.10305998474359512
2026/06/04 10:39:32,104,0.11035037785768509
2026/06/04 10:39:33,104,0.15046164393424988
2026/06/04 10:39:34,104,0.1296462118625641
2026/06/04 10:39:35,105,0.10942956805229187
2026/06/04 10:39:36,105,0.10454992949962616
2026/06/04 10:39:37,105,0.14130328595638275
2026/06/04 10:39:38,104,0.12524959444999695
2026/06/04 10:39:39,104,0.13102051615715027
2026/06/04 10:39:40,104,0.10434785485267639
2026/06/04 10:39:41,104,0.22825582325458527
2026/06/04 10:39:42,104,0.058556824922561646
2026/06/04 10:39:43,104,0.06412787735462189
2026/06/04 10:39:44,104,0.06965680420398712
2026/06/04 10:39:45,104,0.06836307793855667
2026/06/04 10:39:46,105,0.15121868252754211
2026/06/04 10:39:47,105,0.23464831709861755
2026/06/04 10:39:48,106,0.18424849212169647
2026/06/04 10:39:49,106,0.16379131376743317
2026/06/04 10:39:50,107,0.09429347515106201
2026/06/04 10:39:51,107,0.051418058574199677
2026/06/04 10:39:52,108,0.040076859295368195
2026/06/04 10:39:53,108,0.04582004249095917
2026/06/04 10:39:54,109,0.04775100201368332
2026/06/04 10:39:55,109,0.24411641061306
2026/06/04 10:39:56,108,0.2937566637992859
2026/06/04 10:39:57,108,0.12661725282669067
2026/06/04 10:39:58,108,0.08766713738441467
2026/06/04 10:39:59,108,0.02143111638724804
2026/06/04 10:40:00,107,0.015146654099225998
2026/06/04 10:40:01,107,0.019633866846561432
2026/06/04 10:40:02,106,0.018404802307486534
2026/06/04 10:40:03,106,0.021167876198887825
2026/06/04 10:40:04,105,0.34240594506263733
2026/06/04 10:40:05,105,0.18587522208690643
2026/06/04 10:40:06,105,0.3523353338241577
2026/06/04 10:40:07,105,0.18696042895317078
2026/06/04 10:40:08,104,0.09922836720943451
2026/06/04 10:40:09,104,0.05100679025053978
2026/06/04 10:40:10,103,0.0312674306333065
2026/06/04 10:40:11,102,0.02454361319541931
2026/06/04 10:40:12,101,0.024396607652306557
2026/06/04 10:40:13,101,0.04473460093140602
2026/06/04 10:40:14,101,0.039467938244342804
2026/06/04 10:40:15,101,0.0683438777923584
2026/06/04 10:40:16,100,0.0844540223479271
2026/06/04 10:40:17,100,0.1218608021736145
2026/06/04 10:40:18,100,0.31735143065452576
2026/06/04 10:40:19,99,0.14851173758506775
2026/06/04 10:40:20,99,0.06356561183929443
2026/06/04 10:40:21,98,0.1698160022497177
2026/06/04 10:40:22,97,0.36645376682281494
2026/06/04 10:40:23,97,0.3061349093914032
2026/06/04 10:40:24,97,0.282040536403656
2026/06/04 10:40:25,97,0.24532856047153473
2026/06/04 10:40:26,97,0.024601247161626816
2026/06/04 10:40:27,97,0.019083775579929352
2026/06/04 10:40:28,97,0.019343050196766853
2026/06/04 10:40:29,97,0.02057817578315735
2026/06/04 10:40:30,98,0.02656359225511551
2026/06/04 10:40:31,98,0.02632933109998703
2026/06/04 10:40:32,99,0.025504980236291885
2026/06/04 10:40:33,98,0.032465774565935135
2026/06/04 10:40:34,98,0.08710819482803345
2026/06/04 10:40:35,98,0.1603616625070572
2026/06/04 10:40:36,98,0.03875599429011345
2026/06/04 10:40:37,98,0.009264208376407623
2026/06/04 10:40:38,97,0.006914531346410513
2026/06/04 10:40:39,97,0.040177613496780396
2026/06/04 10:40:40,96,0.025062669068574905
2026/06/04 10:40:41,95,0.03876318410038948
2026/06/04 10:40:42,94,0.07321587204933167
2026/06/04 10:40:43,93,0.17004956305027008
2026/06/04 10:40:44,92,0.1329277902841568
2026/06/04 10:40:45,90,0.12000551074743271
2026/06/04 10:40:46,89,0.11783012002706528
2026/06/04 10:40:47,88,0.05993558093905449
2026/06/04 10:40:48,88,0.023864684626460075
2026/06/04 10:40:49,89,0.23793742060661316
2026/06/04 10:40:50,89,0.39158502221107483
2026/06/04 10:40:51,90,0.9181217551231384
2026/06/04 10:40:52,91,0.5789980292320251
2026/06/04 10:40:53,92,0.6436087489128113
2026/06/04 10:40:54,92,0.5743823051452637
2026/06/04 10:40:55,93,0.7417823076248169
2026/06/04 10:40:56,94,0.3380952477455139
2026/06/04 10:40:57,95,0.2505115568637848
2026/06/04 10:40:58,96,0.45124608278274536
2026/06/04 10:40:59,96,1.0540306568145752
2026/06/04 10:41:00,97,1.7481122016906738
2026/06/04 10:41:01,97,0.8164095282554626
2026/06/04 10:41:02,98,0.6517625451087952
2026/06/04 10:41:03,98,0.12140507251024246
2026/06/04 10:41:04,98,0.026111546903848648
2026/06/04 10:41:05,100,0.029571523889899254
2026/06/04 10:41:06,102,0.018468741327524185
2026/06/04 10:41:07,103,0.08184380829334259
2026/06/04 10:41:08,104,0.0885891318321228
2026/06/04 10:41:09,105,0.17344844341278076
2026/06/04 10:41:10,106,1.017398715019226
2026/06/04 10:41:11,107,1.1119797229766846
2026/06/04 10:41:12,108,1.3767837285995483
2026/06/04 10:41:13,109,0.78831547498703
2026/06/04 10:41:14,109,0.19882149994373322
2026/06/04 10:41:15,110,0.26158568263053894
2026/06/04 10:41:16,110,0.7320548892021179
2026/06/04 10:41:17,112,0.5037999153137207
2026/06/04 10:41:18,114,0.6234923601150513
2026/06/04 10:41:19,114,0.5564088821411133
2026/06/04 10:41:20,115,0.8743395805358887
2026/06/04 10:41:21,115,1.245370626449585
2026/06/04 10:41:22,115,0.7448574304580688
2026/06/04 10:41:23,114,0.47298887372016907
2026/06/04 10:41:24,114,0.13666877150535583
2026/06/04 10:41:25,114,0.19667455554008484
2026/06/04 10:41:26,114,0.046965014189481735
2026/06/04 10:41:27,113,0.021379655227065086
2026/06/04 10:41:28,113,0.0806577205657959
2026/06/04 10:41:29,113,0.17848838865756989
2026/06/04 10:41:30,112,0.9932515025138855
2026/06/04 10:41:31,112,1.2578791379928589
2026/06/04 10:41:32,112,0.5037041902542114
2026/06/04 10:41:33,111,0.5568385720252991
2026/06/04 10:41:34,111,0.8520819544792175
2026/06/04 10:41:35,110,1.022303819656372
2026/06/04 10:41:36,109,0.663884162902832
2026/06/04 10:41:37,109,0.5790117979049683
2026/06/04 10:41:38,108,0.571706235408783
2026/06/04 10:41:39,108,0.674148440361023
2026/06/04 10:41:40,109,1.7747772932052612
2026/06/04 10:41:41,109,1.1218594312667847
2026/06/04 10:41:42,110,0.9976630806922913
2026/06/04 10:41:43,110,0.8046769499778748
2026/06/04 10:41:44,110,0.29216888546943665
2026/06/04 10:41:45,110,0.12250977754592896
2026/06/04 10:41:46,110,0.2660299837589264
2026/06/04 10:41:47,110,0.21404482424259186
2026/06/04 10:41:48,110,0.42538464069366455
2026/06/04 10:41:49,110,0.044417597353458405
2026/06/04 10:41:50,109,0.03488236293196678
2026/06/04 10:41:51,110,0.1334841400384903
2026/06/04 10:41:52,110,0.5204995274543762
2026/06/04 10:41:53,110,0.7485382556915283
2026/06/04 10:41:54,110,0.989691972732544
2026/06/04 10:41:55,110,1.0804331302642822
2026/06/04 10:41:56,110,0.7744120955467224
2026/06/04 10:41:57,110,0.8136025071144104
2026/06/04 10:41:58,110,0.6736180186271667
2026/06/04 10:41:59,110,0.865114152431488
2026/06/04 10:42:00,110,0.6394698619842529
2026/06/04 10:42:01,110,0.8075608611106873
2026/06/04 10:42:02,110,0.8786830306053162
2026/06/04 10:42:03,110,1.2470954656600952
2026/06/04 10:42:04,110,1.4284489154815674
2026/06/04 10:42:05,109,0.5033745169639587
2026/06/04 10:42:06,109,0.2293509691953659
2026/06/04 10:42:07,109,0.28088468313217163
2026/06/04 10:42:08,109,0.49539414048194885
2026/06/04 10:42:09,109,0.17177779972553253
2026/06/04 10:42:10,109,0.12720820307731628
2026/06/04 10:42:11,109,0.1453557014465332
2026/06/04 10:42:12,108,0.373769074678421
2026/06/04 10:42:13,108,0.7310510873794556
2026/06/04 10:42:14,108,0.5516729354858398
2026/06/04 10:42:15,109,0.7396010756492615
2026/06/04 10:42:16,109,1.0458383560180664
2026/06/04 10:42:17,109,0.6563157439231873
2026/06/04 10:42:18,109,0.3517753779888153
2026/06/04 10:42:19,109,0.34630051255226135
2026/06/04 10:42:20,109,0.6774600744247437
2026/06/04 10:42:21,110,1.0765131711959839
2026/06/04 10:42:22,111,0.5580737590789795
2026/06/04 10:42:23,113,0.72591632604599
2026/06/04 10:42:24,114,0.6398898959159851
2026/06/04 10:42:25,116,0.3033459484577179
2026/06/04 10:42:26,117,0.8019046187400818
2026/06/04 10:42:27,118,0.4289654791355133
2026/06/04 10:42:28,119,0.12523925304412842
2026/06/04 10:42:29,120,0.07875005900859833
2026/06/04 10:42:30,121,0.12621772289276123
2026/06/04 10:42:31,121,0.10482354462146759
2026/06/04 10:42:32,122,0.11680284142494202
2026/06/04 10:42:33,122,0.4870832562446594
2026/06/04 10:42:34,122,0.5821093916893005
2026/06/04 10:42:35,122,0.7068485617637634
2026/06/04 10:42:36,122,0.7622039914131165
2026/06/04 10:42:37,122,0.6334067583084106
2026/06/04 10:42:38,121,0.4250786304473877
2026/06/04 10:42:39,122,0.4492029547691345
2026/06/04 10:42:40,122,0.5450425744056702
2026/06/04 10:42:41,122,0.6006430387496948
2026/06/04 10:42:42,122,0.5690212249755859
2026/06/04 10:42:43,123,0.6320521831512451
2026/06/04 10:42:44,124,0.470516175031662
2026/06/04 10:42:45,125,0.20467987656593323
2026/06/04 10:42:46,125,0.07830977439880371
2026/06/04 10:42:47,126,0.02074931189417839
2026/06/04 10:42:48,127,0.014162754639983177
2026/06/04 10:42:49,127,0.020203296095132828
2026/06/04 10:42:50,127,0.01945626735687256
2026/06/04 10:42:51,127,0.0377337709069252
2026/06/04 10:42:52,127,0.047851309180259705
2026/06/04 10:42:53,128,0.0911390483379364
2026/06/04 10:42:54,128,0.06873177736997604
2026/06/04 10:42:55,130,0.0748540610074997
2026/06/04 10:42:56,131,0.373649537563324
2026/06/04 10:42:57,132,0.0501800961792469
2026/06/04 10:42:58,134,0.11369913816452026
2026/06/04 10:42:59,136,0.09247637540102005
2026/06/04 10:43:00,138,0.046760231256484985
2026/06/04 10:43:01,139,0.05959319323301315
2026/06/04 10:43:02,141,0.03515090048313141
2026/06/04 10:43:03,136,0.03615325689315796
2026/06/04 10:43:04,132,0.02943664975464344
2026/06/04 10:43:05,128,0.03237410634756088
2026/06/04 10:43:06,125,0.03478618711233139
2026/06/04 10:43:07,122,0.044486697763204575
2026/06/04 10:43:08,120,0.06924352049827576
2026/06/04 10:43:09,118,0.029342513531446457
2026/06/04 10:43:10,116,0.029926041141152382
2026/06/04 10:43:11,113,0.024372223764657974
2026/06/04 10:43:12,110,0.0236378014087677
2026/06/04 10:43:13,107,0.025624500587582588
2026/06/04 10:43:14,104,0.03212183713912964
2026/06/04 10:43:15,104,0.06913517415523529
2026/06/04 10:43:16,104,0.14778754115104675
2026/06/04 10:43:17,104,0.15198248624801636
2026/06/04 10:43:18,104,0.127797469496727
2026/06/04 10:43:19,106,0.24448812007904053
2026/06/04 10:43:20,107,0.10364151746034622
2026/06/04 10:43:21,108,0.22654616832733154
2026/06/04 10:43:22,109,0.1294848918914795
2026/06/04 10:43:23,110,0.09451016783714294
2026/06/04 10:43:24,111,0.05033433064818382
2026/06/04 10:43:25,112,0.31344446539878845
2026/06/04 10:43:26,113,0.6511447429656982
2026/06/04 10:43:27,116,0.47464147210121155
2026/06/04 10:43:28,118,0.19016660749912262
2026/06/04 10:43:29,119,0.1333743929862976
2026/06/04 10:43:30,119,0.0597476027905941
2026/06/04 10:43:31,119,0.06787765026092529
2026/06/04 10:43:32,119,0.02851068787276745
2026/06/04 10:43:33,119,0.07987962663173676
2026/06/04 10:43:34,120,0.34379950165748596
2026/06/04 10:43:35,120,0.641981303691864
2026/06/04 10:43:36,120,0.44540631771087646
2026/06/04 10:43:37,120,0.19832941889762878
2026/06/04 10:43:38,120,0.06075277179479599
2026/06/04 10:43:39,120,0.26432478427886963
2026/06/04 10:43:40,120,0.12977829575538635
2026/06/04 10:43:41,119,0.160496324300766
2026/06/04 10:43:42,119,0.2533873915672302
2026/06/04 10:43:43,119,0.04583139717578888
2026/06/04 10:43:44,119,0.050452638417482376
2026/06/04 10:43:45,119,0.046810250729322433
2026/06/04 10:43:46,118,0.03759581595659256
2026/06/04 10:43:47,117,0.10526340454816818
2026/06/04 10:43:48,117,0.056258734315633774
2026/06/04 10:43:49,115,0.16232609748840332
2026/06/04 10:43:50,114,0.08124391734600067
2026/06/04 10:43:51,113,0.034757450222969055
2026/06/04 10:43:52,112,0.03257318586111069
2026/06/04 10:43:53,112,0.24226626753807068
2026/06/04 10:43:54,112,0.2370075285434723
2026/06/04 10:43:55,112,0.12774278223514557
2026/06/04 10:43:56,111,0.04294342175126076
2026/06/04 10:43:57,110,0.03933986276388168
2026/06/04 10:43:58,110,0.031098544597625732
2026/06/04 10:43:59,108,0.04135076329112053
2026/06/04 10:44:00,107,0.15040446817874908
2026/06/04 10:44:01,106,0.07598264515399933
2026/06/04 10:44:02,106,0.04443224146962166
2026/06/04 10:44:03,105,0.030104009434580803
2026/06/04 10:44:04,105,0.06743952631950378
2026/06/04 10:44:05,106,0.3168090879917145
2026/06/04 10:44:06,106,0.1483978033065796
2026/06/04 10:44:07,107,0.0470707044005394
2026/06/04 10:44:08,108,0.03610217198729515
2026/06/04 10:44:09,108,0.07028108090162277
2026/06/04 10:44:10,109,0.11127693206071854
2026/06/04 10:44:11,109,0.07973670959472656
2026/06/04 10:44:12,110,0.04301093518733978
2026/06/04 10:44:13,110,0.1297840029001236
2026/06/04 10:44:14,110,0.14448262751102448
2026/06/04 10:44:15,110,0.051898714154958725
2026/06/04 10:44:16,110,0.02914847806096077
2026/06/04 10:44:17,110,0.011490101926028728
2026/06/04 10:44:18,110,0.0733874961733818
2026/06/04 10:44:19,110,0.07066579163074493
2026/06/04 10:44:20,110,0.07494565844535828
2026/06/04 10:44:21,110,0.031277965754270554
2026/06/04 10:44:22,110,0.03893082216382027
2026/06/04 10:44:23,110,0.05066569894552231
2026/06/04 10:44:24,111,0.059529807418584824
2026/06/04 10:44:25,110,0.04555916413664818
2026/06/04 10:44:26,109,0.015784623101353645
2026/06/04 10:44:27,109,0.022145148366689682
2026/06/04 10:44:28,108,0.03868512436747551
2026/06/04 10:44:29,107,0.035365212708711624
2026/06/04 10:44:30,107,0.03006911091506481
2026/06/04 10:44:31,106,0.011126698926091194
2026/06/04 10:44:32,105,0.031236352398991585
2026/06/04 10:44:33,104,0.08722814917564392
2026/06/04 10:44:34,103,0.02395544946193695
2026/06/04 10:44:35,102,0.03665151074528694
2026/06/04 10:44:36,102,0.05333058536052704
2026/06/04 10:44:37,101,0.011776122264564037
2026/06/04 10:44:38,100,0.026942668482661247
2026/06/04 10:44:39,100,0.07839573919773102
2026/06/04 10:44:40,99,0.0851474404335022
2026/06/04 10:44:41,99,0.11602366715669632
2026/06/04 10:44:42,99,0.11997606605291367
2026/06/04 10:44:43,100,0.1418314278125763
2026/06/04 10:44:44,100,0.0958380252122879
2026/06/04 10:44:45,100,0.03068089485168457
2026/06/04 10:44:46,101,0.021581901237368584
2026/06/04 10:44:47,101,0.019042229279875755
2026/06/04 10:44:48,102,0.03670956939458847
2026/06/04 10:44:49,102,0.07348789274692535
2026/06/04 10:44:50,101,0.06594333797693253
2026/06/04 10:44:51,100,0.030368393287062645
2026/06/04 10:44:52,99,0.01526611763983965
2026/06/04 10:44:53,98,0.04577292501926422
2026/06/04 10:44:54,97,0.06133174151182175
2026/06/04 10:44:55,95,0.020114541053771973
2026/06/04 10:44:56,94,0.050021763890981674
2026/06/04 10:44:57,94,0.020449962466955185
2026/06/04 10:44:58,93,0.02109033241868019
2026/06/04 10:44:59,94,0.058121830224990845
2026/06/04 10:45:00,94,0.10108494758605957
2026/06/04 10:45:01,94,0.05752312391996384
2026/06/04 10:45:02,95,0.025980692356824875
2026/06/04 10:45:03,95,0.03123764507472515
2026/06/04 10:45:04,95,0.02963448129594326
2026/06/04 10:45:05,96,0.025411147624254227
2026/06/04 10:45:06,96,0.06979015469551086
2026/06/04 10:45:07,97,0.017555328086018562
2026/06/04 10:45:08,98,0.034530896693468094
2026/06/04 10:45:09,98,0.07532563805580139
2026/06/04 10:45:10,99,0.04536047950387001
2026/06/04 10:45:11,99,0.0718739852309227
2026/06/04 10:45:12,100,0.03032664768397808
2026/06/04 10:45:13,99,0.062094688415527344
2026/06/04 10:45:14,99,0.039152152836322784
2026/06/04 10:45:15,98,0.035554252564907074
2026/06/04 10:45:16,97,0.030168069526553154
2026/06/04 10:45:17,97,0.04596993699669838
2026/06/04 10:45:18,96,0.04484953731298447
2026/06/04 10:45:19,95,0.08854059875011444
2026/06/04 10:45:20,94,0.09088370949029922
2026/06/04 10:45:21,93,0.029872296378016472
2026/06/04 10:45:22,92,0.1702064871788025
2026/06/04 10:45:23,92,0.050917115062475204
2026/06/04 10:45:24,92,0.059122249484062195
2026/06/04 10:45:25,92,0.06790011376142502
2026/06/04 10:45:26,92,0.1493523120880127
2026/06/04 10:45:27,92,0.1131114587187767
2026/06/04 10:45:28,93,0.08194080740213394
2026/06/04 10:45:29,93,0.04005276784300804
2026/06/04 10:45:30,93,0.06578731536865234
2026/06/04 10:45:31,93,0.19772768020629883
2026/06/04 10:45:32,93,0.15676242113113403
2026/06/04 10:45:33,93,0.06219103932380676
2026/06/04 10:45:34,93,0.11025998741388321
2026/06/04 10:45:35,93,0.11722435802221298
2026/06/04 10:45:36,93,0.04918929934501648
2026/06/04 10:45:37,92,0.04493936151266098
2026/06/04 10:45:38,92,0.14416365325450897
2026/06/04 10:45:39,92,0.1577201783657074
2026/06/04 10:45:40,93,0.09883962571620941
2026/06/04 10:45:41,93,0.03787419572472572
2026/06/04 10:45:42,93,0.05311531201004982
2026/06/04 10:45:43,93,0.04401884600520134
2026/06/04 10:45:44,93,0.044915180653333664
2026/06/04 10:45:45,93,0.5414687991142273
2026/06/04 10:45:46,93,0.15588083863258362
2026/06/04 10:45:47,94,0.13056710362434387
2026/06/04 10:45:48,94,0.1476440280675888
2026/06/04 10:45:49,94,0.3274596631526947
2026/06/04 10:45:50,94,0.5176265835762024
2026/06/04 10:45:51,94,0.21438933908939362
2026/06/04 10:45:52,94,0.1091691106557846
2026/06/04 10:45:53,94,0.17673958837985992
2026/06/04 10:45:54,94,0.2676427960395813
2026/06/04 10:45:55,95,0.17937736213207245
2026/06/04 10:45:56,95,0.10078459233045578
2026/06/04 10:45:57,95,0.1192057877779007
2026/06/04 10:45:58,96,0.11003005504608154
2026/06/04 10:45:59,96,0.1796855479478836
2026/06/04 10:46:00,96,0.11943033337593079
2026/06/04 10:46:01,97,0.1913147121667862
2026/06/04 10:46:02,97,0.30938103795051575
2026/06/04 10:46:03,97,0.1083495244383812
2026/06/04 10:46:04,98,0.08145152777433395
2026/06/04 10:46:05,99,0.08914850652217865
2026/06/04 10:46:06,99,0.11080285161733627
2026/06/04 10:46:07,100,0.3611629009246826
2026/06/04 10:46:08,101,0.8301830291748047
2026/06/04 10:46:09,102,0.20958422124385834
2026/06/04 10:46:10,104,0.08397341519594193
2026/06/04 10:46:11,106,0.2531214654445648
2026/06/04 10:46:12,108,0.2871146500110626
2026/06/04 10:46:13,109,0.11235066503286362
2026/06/04 10:46:14,109,0.15345677733421326
2026/06/04 10:46:15,110,0.35199639201164246
2026/06/04 10:46:16,110,0.29169633984565735
2026/06/04 10:46:17,110,0.37320250272750854
2026/06/04 10:46:18,111,0.3510022461414337
2026/06/04 10:46:19,111,0.12967409193515778
2026/06/04 10:46:20,111,0.1738845407962799
2026/06/04 10:46:21,111,0.05046377331018448
2026/06/04 10:46:22,112,0.12004351615905762
2026/06/04 10:46:23,112,0.04762256518006325
2026/06/04 10:46:24,112,0.054086893796920776
2026/06/04 10:46:25,112,0.0752423033118248
2026/06/04 10:46:26,113,0.1768132746219635
2026/06/04 10:46:27,113,0.11162245273590088
2026/06/04 10:46:28,113,0.0749882236123085
2026/06/04 10:46:29,113,0.07152317464351654
2026/06/04 10:46:30,113,0.06145746633410454
2026/06/04 10:46:31,113,0.03352026641368866
2026/06/04 10:46:32,114,0.11551206558942795
2026/06/04 10:46:33,114,0.17621655762195587
2026/06/04 10:46:34,114,0.33353057503700256
2026/06/04 10:46:35,115,0.30302345752716064
2026/06/04 10:46:36,115,0.20214010775089264
2026/06/04 10:46:37,116,0.1951347291469574
2026/06/04 10:46:38,117,0.137213796377182
2026/06/04 10:46:39,118,0.23477180302143097
2026/06/04 10:46:40,119,0.10588358342647552
2026/06/04 10:46:41,119,0.16765183210372925
2026/06/04 10:46:42,119,0.21511472761631012
2026/06/04 10:46:43,120,0.08946467936038971
2026/06/04 10:46:44,120,0.048424702137708664
2026/06/04 10:46:45,120,0.11801259219646454
2026/06/04 10:46:46,120,0.05568284913897514
2026/06/04 10:46:47,120,0.1586284190416336
2026/06/04 10:46:48,120,0.2233256846666336
2026/06/04 10:46:49,121,0.18265849351882935
2026/06/04 10:46:50,121,0.14467282593250275
2026/06/04 10:46:51,122,0.1833122968673706
2026/06/04 10:46:52,122,0.1508316695690155
2026/06/04 10:46:53,123,0.184409037232399
2026/06/04 10:46:54,123,0.20121850073337555
2026/06/04 10:46:55,123,0.15370804071426392
2026/06/04 10:46:56,123,0.14009086787700653
2026/06/04 10:46:57,123,0.08819520473480225
2026/06/04 10:46:58,123,0.26779600977897644
2026/06/04 10:46:59,122,0.1768060326576233
2026/06/04 10:47:00,122,0.14605294167995453
2026/06/04 10:47:01,121,0.14841143786907196
2026/06/04 10:47:02,121,0.2681926488876343
2026/06/04 10:47:03,120,0.22761932015419006
2026/06/04 10:47:04,120,0.19319483637809753
2026/06/04 10:47:05,120,0.1778401881456375
2026/06/04 10:47:06,120,0.23505465686321259
2026/06/04 10:47:07,120,0.16985177993774414
2026/06/04 10:47:08,120,0.29960423707962036
2026/06/04 10:47:09,120,0.1736457496881485
2026/06/04 10:47:10,119,0.16238050162792206
2026/06/04 10:47:11,119,0.522950291633606
2026/06/04 10:47:12,119,0.18134884536266327
2026/06/04 10:47:13,119,0.2550302743911743
2026/06/04 10:47:14,119,0.1763400137424469
2026/06/04 10:47:15,120,0.18822947144508362
2026/06/04 10:47:16,120,0.1573106348514557
2026/06/04 10:47:17,120,0.15135334432125092
2026/06/04 10:47:18,120,0.26446282863616943
2026/06/04 10:47:19,120,0.20181550085544586
2026/06/04 10:47:20,120,0.2849090099334717
2026/06/04 10:47:21,119,0.15781964361667633
2026/06/04 10:47:22,119,0.26635420322418213
2026/06/04 10:47:23,118,0.08455763757228851
2026/06/04 10:47:24,117,0.11892307549715042
2026/06/04 10:47:25,116,0.1267029196023941
2026/06/04 10:47:26,114,0.11119002103805542
2026/06/04 10:47:27,112,0.10443465411663055
2026/06/04 10:47:28,111,0.16442151367664337
2026/06/04 10:47:29,109,0.1465969979763031
2026/06/04 10:47:30,108,0.17609231173992157
2026/06/04 10:47:31,106,0.08266067504882812
2026/06/04 10:47:32,105,0.16039198637008667
2026/06/04 10:47:33,104,0.13148868083953857
2026/06/04 10:47:34,104,0.06265551596879959
2026/06/04 10:47:35,103,0.11115753650665283
2026/06/04 10:47:36,102,0.09067627042531967
2026/06/04 10:47:37,102,0.10293445736169815
2026/06/04 10:47:38,102,0.11315358430147171
2026/06/04 10:47:39,102,0.09037257730960846
2026/06/04 10:47:40,101,0.11413035541772842
2026/06/04 10:47:41,101,0.09274424612522125
2026/06/04 10:47:42,102,0.1667959839105606
2026/06/04 10:47:43,102,0.1056654304265976
2026/06/04 10:47:44,102,0.1797925978899002
2026/06/04 10:47:45,102,0.06771693378686905
2026/06/04 10:47:46,102,0.049363620579242706
2026/06/04 10:47:47,103,0.04390299320220947
2026/06/04 10:47:48,103,0.04129178822040558
2026/06/04 10:47:49,104,0.04242929816246033
2026/06/04 10:47:50,104,0.08464682102203369
2026/06/04 10:47:51,105,0.1258660852909088
2026/06/04 10:47:52,106,0.16655156016349792
2026/06/04 10:47:53,105,0.13836613297462463
2026/06/04 10:47:54,105,0.1571674793958664
2026/06/04 10:47:55,105,0.1460697203874588
2026/06/04 10:47:56,104,0.1583447903394699
2026/06/04 10:47:57,104,0.0934988483786583
2026/06/04 10:47:58,105,0.10028426349163055
2026/06/04 10:47:59,105,0.09621497988700867
2026/06/04 10:48:00,105,0.0866137221455574
2026/06/04 10:48:01,106,0.2875768542289734
2026/06/04 10:48:02,107,0.1370363086462021
2026/06/04 10:48:03,108,0.18022771179676056
2026/06/04 10:48:04,108,0.19750510156154633
2026/06/04 10:48:05,108,0.1402289718389511
2026/06/04 10:48:06,107,0.10894450545310974
2026/06/04 10:48:07,107,0.1542370468378067
2026/06/04 10:48:08,107,0.09872211515903473
2026/06/04 10:48:09,107,0.11344428360462189
2026/06/04 10:48:10,106,0.04886538162827492
2026/06/04 10:48:11,106,0.06997618079185486
2026/06/04 10:48:12,106,0.13226531445980072
2026/06/04 10:48:13,105,0.11068611592054367
2026/06/04 10:48:14,104,0.1556812971830368
2026/06/04 10:48:15,104,0.10749808698892593
2026/06/04 10:48:16,103,0.07569011300802231
2026/06/04 10:48:17,103,0.1641238033771515
2026/06/04 10:48:18,102,0.14711308479309082
2026/06/04 10:48:19,102,0.16276013851165771
2026/06/04 10:48:20,103,0.11059907078742981
2026/06/04 10:48:21,103,0.0935526043176651
2026/06/04 10:48:22,103,0.11782564222812653
2026/06/04 10:48:23,103,0.15104632079601288
2026/06/04 10:48:24,102,0.17149978876113892
2026/06/04 10:48:25,102,0.08791908621788025
2026/06/04 10:48:26,101,0.03823023661971092
2026/06/04 10:48:27,101,0.05303646996617317
2026/06/04 10:48:28,100,0.05288714915513992
2026/06/04 10:48:29,100,0.05672094598412514
2026/06/04 10:48:30,99,0.02058004029095173
2026/06/04 10:48:31,98,0.021077413111925125
2026/06/04 10:48:32,97,0.0226711705327034
2026/06/04 10:48:33,98,0.02175574004650116
2026/06/04 10:48:34,98,0.02131701074540615
2026/06/04 10:48:35,98,0.019833680242300034
2026/06/04 10:48:36,98,0.023321783170104027
2026/06/04 10:48:37,99,0.020112555474042892
2026/06/04 10:48:38,99,0.018027247861027718
2026/06/04 10:48:39,99,0.03977518156170845
2026/06/04 10:48:40,99,0.07482476532459259
2026/06/04 10:48:41,99,0.05284196138381958
2026/06/04 10:48:42,100,0.08604060113430023
2026/06/04 10:48:43,101,0.05338919535279274
2026/06/04 10:48:44,101,0.047365039587020874
2026/06/04 10:48:45,101,0.05162539333105087
2026/06/04 10:48:46,102,0.06581803411245346
2026/06/04 10:48:47,102,0.07603804022073746
2026/06/04 10:48:48,102,0.03242127224802971
2026/06/04 10:48:49,102,0.07312121242284775
2026/06/04 10:48:50,102,0.10461734235286713
2026/06/04 10:48:51,102,0.06365621089935303
2026/06/04 10:48:52,102,0.0728050246834755
2026/06/04 10:48:53,102,0.08668845891952515
2026/06/04 10:48:54,102,0.055877506732940674
2026/06/04 10:48:55,103,0.049922727048397064
2026/06/04 10:48:56,103,0.03094097413122654
2026/06/04 10:48:57,103,0.05019056051969528
2026/06/04 10:48:58,103,0.05555420741438866
2026/06/04 10:48:59,103,0.045152828097343445
2026/06/04 10:49:00,102,0.04774078354239464
2026/06/04 10:49:01,102,0.2153020054101944
2026/06/04 10:49:02,102,0.06692513078451157
2026/06/04 10:49:03,102,0.08061535656452179
2026/06/04 10:49:04,102,0.06991028785705566
2026/06/04 10:49:05,102,0.11304980516433716
2026/06/04 10:49:06,102,0.09129264205694199
2026/06/04 10:49:07,102,0.11483757197856903
2026/06/04 10:49:08,102,0.3872624635696411
2026/06/04 10:49:09,102,0.1624489426612854
2026/06/04 10:49:10,102,0.08287491649389267
2026/06/04 10:49:11,101,0.04445558413863182
2026/06/04 10:49:12,101,0.04536415636539459
2026/06/04 10:49:13,101,0.0410432294011116
2026/06/04 10:49:14,100,0.03731343150138855
2026/06/04 10:49:15,100,0.03682232275605202
2026/06/04 10:49:16,99,0.036573100835084915
2026/06/04 10:49:17,98,0.0357503704726696
2026/06/04 10:49:18,97,0.04734008386731148
2026/06/04 10:49:19,97,0.20970048010349274
2026/06/04 10:49:20,96,0.3907613158226013
2026/06/04 10:49:21,95,0.23800139129161835
2026/06/04 10:49:22,95,0.15014483034610748
2026/06/04 10:49:23,94,0.06208730861544609
2026/06/04 10:49:24,93,0.05041460320353508
2026/06/04 10:49:25,93,0.059333913028240204
2026/06/04 10:49:26,92,0.0634998008608818
2026/06/04 10:49:27,92,0.055335529148578644
2026/06/04 10:49:28,91,0.07882225513458252
2026/06/04 10:49:29,92,0.060334157198667526
2026/06/04 10:49:30,92,0.0849151685833931
2026/06/04 10:49:31,93,0.09462296217679977
2026/06/04 10:49:32,94,0.10142263025045395
2026/06/04 10:49:33,95,0.1554793417453766
2026/06/04 10:49:34,96,0.2932964563369751
2026/06/04 10:49:35,95,0.2111857831478119
2026/06/04 10:49:36,94,0.13503432273864746
2026/06/04 10:49:37,94,0.16277295351028442
2026/06/04 10:49:38,93,0.16247545182704926
2026/06/04 10:49:39,92,0.15285539627075195
2026/06/04 10:49:40,91,0.1415528655052185
2026/06/04 10:49:41,91,0.12804457545280457
2026/06/04 10:49:42,92,0.16256225109100342
2026/06/04 10:49:43,92,0.069198377430439
2026/06/04 10:49:44,93,0.1412021666765213
2026/06/04 10:49:45,93,0.23508068919181824
2026/06/04 10:49:46,93,0.15468977391719818
2026/06/04 10:49:47,93,0.109586201608181
2026/06/04 10:49:48,94,0.1270243525505066
2026/06/04 10:49:49,95,0.14015106856822968
2026/06/04 10:49:50,95,0.1423272341489792
2026/06/04 10:49:51,95,0.13211189210414886
2026/06/04 10:49:52,95,0.13618069887161255
2026/06/04 10:49:53,96,0.09035881608724594
2026/06/04 10:49:54,96,0.17656993865966797
2026/06/04 10:49:55,96,0.21333812177181244
2026/06/04 10:49:56,96,0.17973239719867706
2026/06/04 10:49:57,96,0.10251472145318985
2026/06/04 10:49:58,97,0.2491045594215393
2026/06/04 10:49:59,97,0.0439789853990078
2026/06/04 10:50:00,97,0.052725743502378464
2026/06/04 10:50:01,96,0.11383488774299622
2026/06/04 10:50:02,96,0.07530101388692856
2026/06/04 10:50:03,96,0.0249111857265234
2026/06/04 10:50:04,97,0.03414560854434967
2026/06/04 10:50:05,97,0.018794367089867592
2026/06/04 10:50:06,97,0.018364854156970978
2026/06/04 10:50:07,97,0.04610449820756912
2026/06/04 10:50:08,97,0.04200918227434158
2026/06/04 10:50:09,98,0.032371487468481064
2026/06/04 10:50:10,98,0.031038394197821617
2026/06/04 10:50:11,99,0.034613706171512604
2026/06/04 10:50:12,99,0.0361957885324955
2026/06/04 10:50:13,100,0.059861067682504654
2026/06/04 10:50:14,101,0.2163846790790558
2026/06/04 10:50:15,101,0.12943191826343536
2026/06/04 10:50:16,102,0.11153387278318405
2026/06/04 10:50:17,101,0.11293258517980576
2026/06/04 10:50:18,101,0.13463819026947021
2026/06/04 10:50:19,101,0.2053634077310562
2026/06/04 10:50:20,100,0.21975287795066833
2026/06/04 10:50:21,100,0.44568946957588196
2026/06/04 10:50:22,100,0.07832187414169312
2026/06/04 10:50:23,100,0.13056258857250214
2026/06/04 10:50:24,99,0.07819019258022308
2026/06/04 10:50:25,99,0.028626320883631706
2026/06/04 10:50:26,99,0.028937537223100662
2026/06/04 10:50:27,98,0.06282217800617218
2026/06/04 10:50:28,98,0.06366603076457977
2026/06/04 10:50:29,99,0.062465328723192215
2026/06/04 10:50:30,99,0.06980450451374054
2026/06/04 10:50:31,99,0.22002986073493958
2026/06/04 10:50:32,98,0.173669695854187
2026/06/04 10:50:33,98,0.03169279545545578
2026/06/04 10:50:34,98,0.05624045431613922
2026/06/04 10:50:35,98,0.10104316473007202
2026/06/04 10:50:36,98,0.14118267595767975
2026/06/04 10:50:37,98,0.08230087906122208
2026/06/04 10:50:38,98,0.11860929429531097
2026/06/04 10:50:39,99,0.12365814298391342
2026/06/04 10:50:40,99,0.030200626701116562
2026/06/04 10:50:41,99,0.037279922515153885
2026/06/04 10:50:42,99,0.10492166131734848
2026/06/04 10:50:43,98,0.07169192284345627
2026/06/04 10:50:44,98,0.053869765251874924
2026/06/04 10:50:45,98,0.0488574244081974
2026/06/04 10:50:46,98,0.07624462991952896
2026/06/04 10:50:47,98,0.24368542432785034
2026/06/04 10:50:48,97,0.10246604681015015
2026/06/04 10:50:49,97,0.1280306726694107
2026/06/04 10:50:50,97,0.09874903410673141
2026/06/04 10:50:51,97,0.09376662224531174
2026/06/04 10:50:52,97,0.11618386954069138
2026/06/04 10:50:53,96,0.07340385764837265
2026/06/04 10:50:54,96,0.0707964077591896
2026/06/04 10:50:55,95,0.0452444814145565
2026/06/04 10:50:56,95,0.0795997604727745
2026/06/04 10:50:57,95,0.10475365072488785
2026/06/04 10:50:58,95,0.21837332844734192
2026/06/04 10:50:59,96,0.13607080280780792
2026/06/04 10:51:00,97,0.07436103373765945
2026/06/04 10:51:01,97,0.10646096616983414
2026/06/04 10:51:02,98,0.09426077455282211
2026/06/04 10:51:03,97,0.28374746441841125
2026/06/04 10:51:04,96,0.22388051450252533
2026/06/04 10:51:05,96,0.06675926595926285
2026/06/04 10:51:06,96,0.056166037917137146
2026/06/04 10:51:07,95,0.05536048114299774
2026/06/04 10:51:08,95,0.09138765186071396
2026/06/04 10:51:09,95,0.1683797985315323
2026/06/04 10:51:10,94,0.11181528866291046
2026/06/04 10:51:11,94,0.17678801715373993
2026/06/04 10:51:12,95,0.1625239998102188
2026/06/04 10:51:13,95,1.0410587787628174
2026/06/04 10:51:14,95,0.4603140950202942
2026/06/04 10:51:15,95,0.08434372395277023
2026/06/04 10:51:16,96,0.06568396091461182
2026/06/04 10:51:17,96,0.36256682872772217
2026/06/04 10:51:18,96,0.920743465423584
2026/06/04 10:51:19,96,0.35948511958122253
2026/06/04 10:51:20,97,0.39005526900291443
2026/06/04 10:51:21,96,0.15508146584033966
2026/06/04 10:51:22,96,0.1865856945514679
2026/06/04 10:51:23,96,0.36866337060928345
2026/06/04 10:51:24,96,0.8415635824203491
2026/06/04 10:51:25,95,0.5960729718208313
2026/06/04 10:51:26,95,0.12715329229831696
2026/06/04 10:51:27,95,0.1695951670408249
2026/06/04 10:51:28,95,0.5028504729270935
2026/06/04 10:51:29,96,0.3874777853488922
2026/06/04 10:51:30,96,0.3269118368625641
2026/06/04 10:51:31,96,0.19128164649009705
2026/06/04 10:51:32,97,1.137058973312378
2026/06/04 10:51:33,97,0.5203906893730164
2026/06/04 10:51:34,97,0.3548855483531952
2026/06/04 10:51:35,98,0.21433736383914948
2026/06/04 10:51:36,99,0.8287608027458191
2026/06/04 10:51:37,99,0.5071774125099182
2026/06/04 10:51:38,100,0.2823607325553894
2026/06/04 10:51:39,100,0.17626193165779114
2026/06/04 10:51:40,100,0.39420217275619507
2026/06/04 10:51:41,101,0.7958139777183533
2026/06/04 10:51:42,101,0.23688024282455444
2026/06/04 10:51:43,101,0.07455571740865707
2026/06/04 10:51:44,102,0.1927935779094696
2026/06/04 10:51:45,102,0.07548031955957413
2026/06/04 10:51:46,102,0.22003215551376343
2026/06/04 10:51:47,102,0.15959198772907257
2026/06/04 10:51:48,102,0.12675893306732178
2026/06/04 10:51:49,102,0.0788513571023941
2026/06/04 10:51:50,103,0.23599770665168762
2026/06/04 10:51:51,103,0.09647868573665619
2026/06/04 10:51:52,104,0.2896178662776947
2026/06/04 10:51:53,105,0.2384730875492096
2026/06/04 10:51:54,106,0.13552629947662354
2026/06/04 10:51:55,106,0.05810823664069176
2026/06/04 10:51:56,107,0.10901561379432678
2026/06/04 10:51:57,107,0.12284628301858902
2026/06/04 10:51:58,108,0.09929600358009338
2026/06/04 10:51:59,107,0.16189050674438477
2026/06/04 10:52:00,107,0.047469135373830795
2026/06/04 10:52:01,106,0.16961775720119476
2026/06/04 10:52:02,105,0.44128644466400146
2026/06/04 10:52:03,105,0.25677594542503357
2026/06/04 10:52:04,104,0.1622152477502823
2026/06/04 10:52:05,103,0.4953842759132385
2026/06/04 10:52:06,103,0.1971067637205124
2026/06/04 10:52:07,102,0.1726696491241455
2026/06/04 10:52:08,102,0.094460129737854
2026/06/04 10:52:09,102,0.17646175622940063
2026/06/04 10:52:10,101,0.09155165404081345
2026/06/04 10:52:11,101,0.07180619239807129
2026/06/04 10:52:12,101,0.10328793525695801
2026/06/04 10:52:13,101,0.05971258506178856
2026/06/04 10:52:14,101,0.24782027304172516
2026/06/04 10:52:15,101,0.4507239758968353
2026/06/04 10:52:16,101,0.2252650409936905
2026/06/04 10:52:17,101,0.18925319612026215
2026/06/04 10:52:18,101,0.05651891976594925
2026/06/04 10:52:19,101,0.13316737115383148
2026/06/04 10:52:20,101,0.1322273313999176
2026/06/04 10:52:21,101,0.13401201367378235
2026/06/04 10:52:22,101,0.18960367143154144
2026/06/04 10:52:23,101,0.08373371511697769
2026/06/04 10:52:24,101,0.33440637588500977
2026/06/04 10:52:25,101,0.4253680408000946
2026/06/04 10:52:26,101,0.1295544058084488
2026/06/04 10:52:27,100,0.071004219353199
2026/06/04 10:52:28,100,0.04217546060681343
2026/06/04 10:52:29,99,0.14582058787345886
2026/06/04 10:52:30,99,0.2525952160358429
2026/06/04 10:52:31,98,0.21688884496688843
2026/06/04 10:52:32,97,0.16364654898643494
2026/06/04 10:52:33,97,0.511435329914093
2026/06/04 10:52:34,97,0.06481440365314484
2026/06/04 10:52:35,98,0.06112942472100258
2026/06/04 10:52:36,99,0.5799020528793335
2026/06/04 10:52:37,100,0.3136226534843445
2026/06/04 10:52:38,100,0.2610671818256378
2026/06/04 10:52:39,101,0.12492595613002777
2026/06/04 10:52:40,102,0.039542652666568756
2026/06/04 10:52:41,102,0.15580208599567413
2026/06/04 10:52:42,102,0.18337076902389526
2026/06/04 10:52:43,101,0.18416941165924072
2026/06/04 10:52:44,101,0.14010795950889587
2026/06/04 10:52:45,101,0.4938149154186249
2026/06/04 10:52:46,101,0.753365159034729
2026/06/04 10:52:47,101,0.19398535788059235
2026/06/04 10:52:48,101,0.06815280020236969
2026/06/04 10:52:49,101,0.2588064968585968
2026/06/04 10:52:50,101,0.08383069187402725
2026/06/04 10:52:51,101,0.09887008368968964
2026/06/04 10:52:52,101,0.07920987904071808
2026/06/04 10:52:53,101,0.3350609242916107
2026/06/04 10:52:54,101,0.3765152096748352
2026/06/04 10:52:55,101,0.09421151876449585
2026/06/04 10:52:56,101,0.0949661135673523
2026/06/04 10:52:57,102,0.10555120557546616
2026/06/04 10:52:58,103,0.5855799913406372
2026/06/04 10:52:59,103,0.12178494036197662
2026/06/04 10:53:00,104,0.15634965896606445
2026/06/04 10:53:01,105,0.5721631050109863
2026/06/04 10:53:02,106,0.24920381605625153
2026/06/04 10:53:03,107,0.13903385400772095
2026/06/04 10:53:04,107,0.24413751065731049
2026/06/04 10:53:05,108,0.09657543152570724
2026/06/04 10:53:06,108,0.17984038591384888
2026/06/04 10:53:07,108,0.1612812876701355
2026/06/04 10:53:08,108,0.44536009430885315
2026/06/04 10:53:09,108,0.49450790882110596
2026/06/04 10:53:10,108,0.6641308069229126
2026/06/04 10:53:11,109,0.12629061937332153
2026/06/04 10:53:12,109,0.29542413353919983
2026/06/04 10:53:13,109,0.771607518196106
2026/06/04 10:53:14,109,0.20027293264865875
2026/06/04 10:53:15,110,0.3519876003265381
2026/06/04 10:53:16,110,0.4578403830528259
2026/06/04 10:53:17,110,0.09246018528938293
2026/06/04 10:53:18,110,0.2809812128543854
2026/06/04 10:53:19,110,0.25209078192710876
2026/06/04 10:53:20,110,0.7083814144134521
2026/06/04 10:53:21,111,0.3454887568950653
2026/06/04 10:53:22,111,0.27502191066741943
2026/06/04 10:53:23,112,0.5542278289794922
2026/06/04 10:53:24,113,0.25744226574897766
2026/06/04 10:53:25,114,0.07273189723491669
2026/06/04 10:53:26,115,0.0970795527100563
2026/06/04 10:53:27,115,0.41844430565834045
2026/06/04 10:53:28,115,0.16695451736450195
2026/06/04 10:53:29,115,0.2863245904445648
2026/06/04 10:53:30,116,0.47364532947540283
2026/06/04 10:53:31,116,0.3671490550041199
2026/06/04 10:53:32,116,0.1823120415210724
2026/06/04 10:53:33,116,0.12564508616924286
2026/06/04 10:53:34,117,0.2520856261253357
2026/06/04 10:53:35,119,0.113981232047081
2026/06/04 10:53:36,121,0.19141608476638794
2026/06/04 10:53:37,123,0.11950234323740005
2026/06/04 10:53:38,124,0.47943246364593506
2026/06/04 10:53:39,124,0.2943462133407593
2026/06/04 10:53:40,125,0.22327536344528198
2026/06/04 10:53:41,125,0.21115384995937347
2026/06/04 10:53:42,125,0.12568101286888123
2026/06/04 10:53:43,124,0.07217181473970413
2026/06/04 10:53:44,123,0.02914256416261196
2026/06/04 10:53:45,123,0.07759994268417358
2026/06/04 10:53:46,122,0.022034872323274612
2026/06/04 10:53:47,122,0.01678890362381935
2026/06/04 10:53:48,122,0.033994268625974655
2026/06/04 10:53:49,121,0.13513797521591187
2026/06/04 10:53:50,121,0.17514367401599884
2026/06/04 10:53:51,121,0.13429510593414307
2026/06/04 10:53:52,120,0.051056887954473495
2026/06/04 10:53:53,121,0.3849789798259735
2026/06/04 10:53:54,121,0.5220724940299988
2026/06/04 10:53:55,121,0.3304404318332672
2026/06/04 10:53:56,121,0.09684813022613525
2026/06/04 10:53:57,121,0.326421320438385
2026/06/04 10:53:58,121,0.3624069094657898
2026/06/04 10:53:59,121,0.16164781153202057
2026/06/04 10:54:00,122,0.15992382168769836
2026/06/04 10:54:01,121,0.06338883936405182
2026/06/04 10:54:02,121,0.09993191808462143
2026/06/04 10:54:03,121,0.18894164264202118
2026/06/04 10:54:04,120,0.1709778904914856
2026/06/04 10:54:05,120,0.09517726302146912
2026/06/04 10:54:06,120,0.07553881406784058
2026/06/04 10:54:07,119,0.38544762134552
2026/06/04 10:54:08,119,0.2301374226808548
2026/06/04 10:54:09,118,0.1450236737728119
2026/06/04 10:54:10,118,0.1709563136100769
2026/06/04 10:54:11,117,0.12382006645202637
2026/06/04 10:54:12,116,0.09459121525287628
2026/06/04 10:54:13,116,0.05571819841861725
2026/06/04 10:54:14,116,0.14724184572696686
2026/06/04 10:54:15,116,0.16103874146938324
2026/06/04 10:54:16,117,0.04831130430102348
2026/06/04 10:54:17,117,0.6047341823577881
2026/06/04 10:54:18,117,0.35466328263282776
2026/06/04 10:54:19,117,0.09903182089328766
2026/06/04 10:54:20,118,0.29308846592903137
2026/06/04 10:54:21,118,0.5134902596473694
2026/06/04 10:54:22,117,0.41450661420822144
2026/06/04 10:54:23,117,0.5959333777427673
2026/06/04 10:54:24,117,0.9197986721992493
2026/06/04 10:54:25,117,0.6709687113761902
2026/06/04 10:54:26,116,0.2885299623012543
2026/06/04 10:54:27,116,0.17184090614318848
2026/06/04 10:54:28,116,0.2501136064529419
2026/06/04 10:54:29,116,0.4630725383758545
2026/06/04 10:54:30,116,0.6590699553489685
2026/06/04 10:54:31,116,0.3536647856235504
2026/06/04 10:54:32,117,0.5612195730209351
2026/06/04 10:54:33,117,0.26597052812576294
2026/06/04 10:54:34,118,0.2156122922897339
2026/06/04 10:54:35,118,0.3085130453109741
2026/06/04 10:54:36,118,0.15735849738121033
2026/06/04 10:54:37,119,0.14720138907432556
2026/06/04 10:54:38,120,0.21448151767253876
2026/06/04 10:54:39,121,0.5702193379402161
2026/06/04 10:54:40,122,0.19203360378742218
2026/06/04 10:54:41,122,0.17812219262123108
2026/06/04 10:54:42,123,0.27540361881256104
2026/06/04 10:54:43,123,0.6108048558235168
2026/06/04 10:54:44,123,0.1807640790939331
2026/06/04 10:54:45,123,0.2540555000305176
2026/06/04 10:54:46,122,0.34706753492355347
2026/06/04 10:54:47,122,0.11209751665592194
2026/06/04 10:54:48,122,0.21112985908985138
2026/06/04 10:54:49,122,0.23569679260253906
2026/06/04 10:54:50,123,0.3987221419811249
2026/06/04 10:54:51,123,0.16660627722740173
2026/06/04 10:54:52,123,0.10888247936964035
2026/06/04 10:54:53,123,0.12459462136030197
2026/06/04 10:54:54,123,0.17472220957279205
2026/06/04 10:54:55,123,0.11962701380252838
2026/06/04 10:54:56,124,0.17382319271564484
2026/06/04 10:54:57,124,0.5763141512870789
2026/06/04 10:54:58,125,0.18846561014652252
2026/06/04 10:54:59,125,0.29112109541893005
2026/06/04 10:55:00,126,0.11309435218572617
2026/06/04 10:55:01,126,0.42716744542121887
2026/06/04 10:55:02,126,0.3713718354701996
2026/06/04 10:55:03,127,0.21834859251976013
2026/06/04 10:55:04,127,0.1401313692331314
2026/06/04 10:55:05,127,0.14319144189357758
2026/06/04 10:55:06,127,0.13244426250457764
2026/06/04 10:55:07,126,0.1028427705168724
2026/06/04 10:55:08,126,0.2909030616283417
2026/06/04 10:55:09,126,0.5421252846717834
2026/06/04 10:55:10,126,0.07505279779434204
2026/06/04 10:55:11,126,0.08268818259239197
2026/06/04 10:55:12,126,0.1244976595044136
2026/06/04 10:55:13,125,0.3769380450248718
2026/06/04 10:55:14,125,0.12190572917461395
2026/06/04 10:55:15,125,0.5338250994682312
2026/06/04 10:55:16,125,0.2501671612262726
2026/06/04 10:55:17,124,0.4657147228717804
2026/06/04 10:55:18,124,0.15041403472423553
2026/06/04 10:55:19,124,0.07037435472011566
2026/06/04 10:55:20,124,0.659022867679596
2026/06/04 10:55:21,123,0.32998111844062805
2026/06/04 10:55:22,123,0.072809599339962
2026/06/04 10:55:23,124,0.12654876708984375
2026/06/04 10:55:24,124,0.18443292379379272
2026/06/04 10:55:25,124,0.10907202214002609
2026/06/04 10:55:26,124,0.07780515402555466
2026/06/04 10:55:27,124,0.11605707556009293
2026/06/04 10:55:28,124,0.1373574435710907
2026/06/04 10:55:29,124,0.08919278532266617
2026/06/04 10:55:30,124,0.07160205394029617
2026/06/04 10:55:31,124,0.15401411056518555
2026/06/04 10:55:32,124,0.4762745201587677
2026/06/04 10:55:33,123,0.18004900217056274
2026/06/04 10:55:34,123,0.15374568104743958
2026/06/04 10:55:35,123,0.13743047416210175
2026/06/04 10:55:36,123,0.44145628809928894
2026/06/04 10:55:37,122,0.528867781162262
2026/06/04 10:55:38,122,0.13395237922668457
2026/06/04 10:55:39,121,0.1311662495136261
2026/06/04 10:55:40,121,0.23809842765331268
2026/06/04 10:55:41,120,0.482363224029541
2026/06/04 10:55:42,120,0.31047558784484863
2026/06/04 10:55:43,120,0.6169986128807068
2026/06/04 10:55:44,120,0.19303512573242188
2026/06/04 10:55:45,119,0.1913270205259323
2026/06/04 10:55:46,119,0.3489519953727722
2026/06/04 10:55:47,119,0.13082970678806305
2026/06/04 10:55:48,119,0.11212332546710968
2026/06/04 10:55:49,119,0.2080923318862915
2026/06/04 10:55:50,119,0.37656086683273315
2026/06/04 10:55:51,119,0.17845727503299713
2026/06/04 10:55:52,119,0.23103629052639008
2026/06/04 10:55:53,119,0.519347608089447
2026/06/04 10:55:54,118,0.4358243942260742
2026/06/04 10:55:55,118,0.1739075630903244
2026/06/04 10:55:56,118,0.14496786892414093
2026/06/04 10:55:57,117,0.15897011756896973
2026/06/04 10:55:58,117,0.12345302104949951
2026/06/04 10:55:59,116,0.13513529300689697
2026/06/04 10:56:00,116,0.20613707602024078
2026/06/04 10:56:01,116,0.11387811601161957
2026/06/04 10:56:02,117,0.12958021461963654
2026/06/04 10:56:03,117,0.0977499857544899
2026/06/04 10:56:04,118,0.09512533247470856
2026/06/04 10:56:05,118,0.14085210859775543
2026/06/04 10:56:06,119,0.09946175664663315
2026/06/04 10:56:07,119,0.10027454793453217
2026/06/04 10:56:08,120,0.5360649824142456
2026/06/04 10:56:09,120,0.16397103667259216
2026/06/04 10:56:10,119,0.022503318265080452
2026/06/04 10:56:11,119,0.07716553658246994
2026/06/04 10:56:12,118,0.07186950743198395
2026/06/04 10:56:13,117,0.23991623520851135
2026/06/04 10:56:14,116,0.10232339054346085
2026/06/04 10:56:15,115,0.2240801751613617
2026/06/04 10:56:16,115,0.0599498525261879
2026/06/04 10:56:17,115,0.14979323744773865
2026/06/04 10:56:18,116,0.14307722449302673
2026/06/04 10:56:19,116,0.093952476978302
2026/06/04 10:56:20,117,0.10690797865390778
2026/06/04 10:56:21,117,0.21376864612102509
2026/06/04 10:56:22,117,0.4461848735809326
2026/06/04 10:56:23,117,0.19679057598114014
2026/06/04 10:56:24,117,0.17503927648067474
2026/06/04 10:56:25,117,0.1466311514377594
2026/06/04 10:56:26,116,0.14806973934173584
2026/06/04 10:56:27,116,0.24906973540782928
2026/06/04 10:56:28,116,0.2172701060771942
2026/06/04 10:56:29,116,0.14422523975372314
2026/06/04 10:56:30,116,0.14743873476982117
2026/06/04 10:56:31,116,0.8724943399429321
2026/06/04 10:56:32,116,0.2903176248073578
2026/06/04 10:56:33,115,0.4811548888683319
2026/06/04 10:56:34,115,0.09905096888542175
2026/06/04 10:56:35,114,0.16901154816150665
2026/06/04 10:56:36,114,0.21112056076526642
2026/06/04 10:56:37,113,0.07446149736642838
2026/06/04 10:56:38,112,0.08791056275367737
2026/06/04 10:56:39,111,0.12258332967758179
2026/06/04 10:56:40,110,0.4952554404735565
2026/06/04 10:56:41,109,0.2254522293806076
2026/06/04 10:56:42,109,0.2557782828807831
2026/06/04 10:56:43,109,0.22138923406600952
2026/06/04 10:56:44,109,0.19005489349365234
2026/06/04 10:56:45,109,0.24239329993724823
2026/06/04 10:56:46,109,0.11570145189762115
2026/06/04 10:56:47,109,0.08551684767007828
2026/06/04 10:56:48,108,0.18251743912696838
2026/06/04 10:56:49,108,0.06957423686981201
2026/06/04 10:56:50,107,0.0747302919626236
2026/06/04 10:56:51,106,0.041165146976709366
2026/06/04 10:56:52,106,0.06307622045278549
2026/06/04 10:56:53,106,0.05591968819499016
2026/06/04 10:56:54,105,0.033920254558324814
2026/06/04 10:56:55,105,0.035162050276994705
2026/06/04 10:56:56,105,0.035246461629867554
2026/06/04 10:56:57,106,0.037358734756708145
2026/06/04 10:56:58,106,0.03464309498667717
2026/06/04 10:56:59,107,0.03679773584008217
2026/06/04 10:57:00,108,0.03872653469443321
2026/06/04 10:57:01,109,0.03756234794855118
2026/06/04 10:57:02,110,0.03189520910382271
2026/06/04 10:57:03,111,0.06268484890460968
2026/06/04 10:57:04,112,0.06690318882465363
2026/06/04 10:57:05,113,0.07052112370729446
2026/06/04 10:57:06,113,0.04333839565515518
2026/06/04 10:57:07,113,0.0400131531059742
2026/06/04 10:57:08,114,0.03880918398499489
2026/06/04 10:57:09,113,0.03975940868258476
2026/06/04 10:57:10,112,0.049741312861442566
2026/06/04 10:57:11,110,0.09785795211791992
2026/06/04 10:57:12,109,0.08146379888057709
2026/06/04 10:57:13,108,0.021343829110264778
2026/06/04 10:57:14,108,0.020177878439426422
2026/06/04 10:57:15,107,0.017188256606459618
2026/06/04 10:57:16,106,0.08776725828647614
2026/06/04 10:57:17,106,0.16151897609233856
2026/06/04 10:57:18,105,0.22628891468048096
2026/06/04 10:57:19,105,0.1154635027050972
2026/06/04 10:57:20,105,0.06725747138261795
2026/06/04 10:57:21,105,0.050824251025915146
2026/06/04 10:57:22,106,0.04819496348500252
2026/06/04 10:57:23,106,0.03745049238204956
2026/06/04 10:57:24,106,0.25636401772499084
2026/06/04 10:57:25,105,0.18587346374988556
2026/06/04 10:57:26,105,0.29255303740501404
2026/06/04 10:57:27,104,0.09374642372131348
2026/06/04 10:57:28,103,0.21463799476623535
2026/06/04 10:57:29,102,0.32620424032211304
2026/06/04 10:57:30,102,0.14990904927253723
2026/06/04 10:57:31,102,0.2465241551399231
2026/06/04 10:57:32,103,0.22128887474536896
2026/06/04 10:57:33,103,0.13330474495887756
2026/06/04 10:57:34,103,0.17062751948833466
2026/06/04 10:57:35,104,0.16099151968955994
2026/06/04 10:57:36,104,0.2257576435804367
2026/06/04 10:57:37,104,0.16098053753376007
2026/06/04 10:57:38,104,0.28870558738708496
2026/06/04 10:57:39,104,0.6005275249481201
2026/06/04 10:57:40,103,0.2437150478363037
2026/06/04 10:57:41,102,0.12272485345602036
2026/06/04 10:57:42,102,0.18769524991512299
2026/06/04 10:57:43,101,0.2197418361902237
2026/06/04 10:57:44,100,0.1025322899222374
2026/06/04 10:57:45,99,0.0757778137922287
2026/06/04 10:57:46,98,0.6905699968338013
2026/06/04 10:57:47,97,0.43038588762283325
2026/06/04 10:57:48,97,0.10867593437433243
2026/06/04 10:57:49,97,0.21967190504074097
2026/06/04 10:57:50,97,0.17174042761325836
2026/06/04 10:57:51,98,0.14175985753536224
2026/06/04 10:57:52,98,0.11861071735620499
2026/06/04 10:57:53,99,0.3682379126548767
2026/06/04 10:57:54,100,0.3481907844543457
2026/06/04 10:57:55,101,0.11622355133295059
2026/06/04 10:57:56,102,0.12346640974283218
2026/06/04 10:57:57,103,0.30151891708374023
2026/06/04 10:57:58,104,0.3118929862976074
2026/06/04 10:57:59,105,0.22016598284244537
2026/06/04 10:58:00,106,0.12804196774959564
2026/06/04 10:58:01,107,0.11200887709856033
2026/06/04 10:58:02,108,0.1434844434261322
2026/06/04 10:58:03,109,0.11721082031726837
2026/06/04 10:58:04,109,0.09213744103908539
2026/06/04 10:58:05,110,0.5020371675491333
2026/06/04 10:58:06,111,0.37625986337661743
2026/06/04 10:58:07,112,0.5321676731109619
2026/06/04 10:58:08,113,0.17532607913017273
2026/06/04 10:58:09,114,0.11068566143512726
2026/06/04 10:58:10,115,0.2421281486749649
2026/06/04 10:58:11,115,0.12259416282176971
2026/06/04 10:58:12,115,0.1372227668762207
2026/06/04 10:58:13,115,0.07066894322633743
2026/06/04 10:58:14,116,0.21908845007419586
2026/06/04 10:58:15,116,0.18133246898651123
2026/06/04 10:58:16,116,0.1256507784128189
2026/06/04 10:58:17,115,0.1179790198802948
2026/06/04 10:58:18,115,0.18668194115161896
2026/06/04 10:58:19,115,0.4578685164451599
2026/06/04 10:58:20,115,0.16626672446727753
2026/06/04 10:58:21,115,0.19062280654907227
2026/06/04 10:58:22,114,0.13980619609355927
2026/06/04 10:58:23,114,0.18426378071308136
2026/06/04 10:58:24,114,0.07572771608829498
2026/06/04 10:58:25,114,0.07881320267915726
2026/06/04 10:58:26,114,0.4838663637638092
2026/06/04 10:58:27,115,0.13625232875347137
2026/06/04 10:58:28,115,0.11703573167324066
2026/06/04 10:58:29,115,0.08176027983427048
2026/06/04 10:58:30,115,0.07612986117601395
2026/06/04 10:58:31,116,0.2735985517501831
2026/06/04 10:58:32,117,0.5516399145126343
2026/06/04 10:58:33,117,0.22656163573265076
2026/06/04 10:58:34,117,0.16302241384983063
2026/06/04 10:58:35,118,0.20839689671993256
2026/06/04 10:58:36,118,0.18056422472000122
2026/06/04 10:58:37,118,0.08235247433185577
2026/06/04 10:58:38,118,0.12252282351255417
2026/06/04 10:58:39,117,0.5173830986022949
2026/06/04 10:58:40,117,0.2889675498008728
2026/06/04 10:58:41,117,0.29909366369247437
2026/06/04 10:58:42,116,0.3111950755119324
2026/06/04 10:58:43,116,0.22293397784233093
2026/06/04 10:58:44,115,0.21189314126968384
2026/06/04 10:58:45,116,0.1701384335756302
2026/06/04 10:58:46,116,0.2387242466211319
2026/06/04 10:58:47,117,0.11390392482280731
2026/06/04 10:58:48,117,0.09302039444446564
2026/06/04 10:58:49,118,0.10082005709409714
2026/06/04 10:58:50,118,0.4001273214817047
2026/06/04 10:58:51,118,0.11530452966690063
2026/06/04 10:58:52,117,0.08793133497238159
2026/06/04 10:58:53,117,0.09571866691112518
2026/06/04 10:58:54,116,0.16978026926517487
2026/06/04 10:58:55,116,0.4568129777908325
2026/06/04 10:58:56,115,0.1745743304491043
2026/06/04 10:58:57,114,0.36354270577430725
2026/06/04 10:58:58,114,0.32849839329719543
2026/06/04 10:58:59,114,0.1551467329263687
2026/06/04 10:59:00,113,0.0811140239238739
2026/06/04 10:59:01,113,0.17615719139575958
2026/06/04 10:59:02,113,0.13907459378242493
2026/06/04 10:59:03,113,0.16893668472766876
2026/06/04 10:59:04,112,0.07657098025083542
2026/06/04 10:59:05,113,0.0897194966673851
2026/06/04 10:59:06,114,0.5211246013641357
2026/06/04 10:59:07,115,0.31091758608818054
2026/06/04 10:59:08,115,0.1325152963399887
2026/06/04 10:59:09,116,0.11609787493944168
2026/06/04 10:59:10,117,0.2836015224456787
2026/06/04 10:59:11,118,0.08922536671161652
2026/06/04 10:59:12,119,0.0904684066772461
2026/06/04 10:59:13,119,0.19848264753818512
2026/06/04 10:59:14,119,0.1708969920873642
2026/06/04 10:59:15,119,0.08340467512607574
2026/06/04 10:59:16,119,0.16602493822574615
2026/06/04 10:59:17,118,0.27164575457572937
2026/06/04 10:59:18,118,0.16220171749591827
2026/06/04 10:59:19,118,0.09605488181114197
2026/06/04 10:59:20,118,0.3273943066596985
2026/06/04 10:59:21,118,0.17967352271080017
2026/06/04 10:59:22,118,0.13158370554447174
2026/06/04 10:59:23,117,0.0747886374592781
2026/06/04 10:59:24,117,0.35192790627479553
2026/06/04 10:59:25,117,0.11629152297973633
2026/06/04 10:59:26,117,0.17562441527843475
2026/06/04 10:59:27,117,0.12546218931674957
2026/06/04 10:59:28,117,0.13639089465141296
2026/06/04 10:59:29,117,0.12158617377281189
2026/06/04 10:59:30,117,0.12832161784172058
2026/06/04 10:59:31,118,0.5549629926681519
2026/06/04 10:59:32,118,0.20324519276618958
2026/06/04 10:59:33,118,0.0930885598063469
2026/06/04 10:59:34,119,0.589455783367157
2026/06/04 10:59:35,119,0.13602377474308014
2026/06/04 10:59:36,119,0.14856523275375366
2026/06/04 10:59:37,119,0.12652739882469177
2026/06/04 10:59:38,119,0.18725508451461792
2026/06/04 10:59:39,118,0.11990837752819061
2026/06/04 10:59:40,118,0.0628095492720604
2026/06/04 10:59:41,119,0.3669004738330841
2026/06/04 10:59:42,120,0.1831340491771698
2026/06/04 10:59:43,121,0.09293676167726517
2026/06/04 10:59:44,121,0.07944591343402863
2026/06/04 10:59:45,122,0.17217940092086792
2026/06/04 10:59:46,122,0.19339114427566528
2026/06/04 10:59:47,122,0.4224245846271515
2026/06/04 10:59:48,123,0.7445405125617981
2026/06/04 10:59:49,123,0.196902796626091
2026/06/04 10:59:50,123,0.24600796401500702
2026/06/04 10:59:51,123,0.21989686787128448
2026/06/04 10:59:52,124,0.08283628523349762
2026/06/04 10:59:53,123,0.12247021496295929
2026/06/04 10:59:54,123,0.1052224189043045
2026/06/04 10:59:55,123,0.19597291946411133
2026/06/04 10:59:56,123,0.268648236989975
2026/06/04 10:59:57,123,0.07720677554607391
2026/06/04 10:59:58,123,0.18848025798797607
2026/06/04 10:59:59,122,0.14417140185832977
2026/06/04 11:00:00,122,0.18149758875370026
2026/06/04 11:00:01,121,0.029617344960570335
2026/06/04 11:00:02,120,0.07934380322694778
2026/06/04 11:00:03,119,0.32185402512550354
2026/06/04 11:00:04,119,0.43006962537765503
2026/06/04 11:00:05,118,0.33288973569869995
2026/06/04 11:00:06,117,0.26060453057289124
2026/06/04 11:00:07,117,0.3982262909412384
2026/06/04 11:00:08,117,0.19040866196155548
2026/06/04 11:00:09,117,0.32100391387939453
2026/06/04 11:00:10,117,0.22960655391216278
2026/06/04 11:00:11,116,0.5793740749359131
2026/06/04 11:00:12,116,0.36291569471359253
2026/06/04 11:00:13,116,0.12239353358745575
2026/06/04 11:00:14,116,0.10015428811311722
2026/06/04 11:00:15,116,0.1248694434762001
2026/06/04 11:00:16,116,0.17917987704277039
2026/06/04 11:00:17,115,0.2497597485780716
2026/06/04 11:00:18,115,0.15532958507537842
2026/06/04 11:00:19,114,0.25028765201568604
2026/06/04 11:00:20,114,0.24245920777320862
2026/06/04 11:00:21,114,0.1258842647075653
2026/06/04 11:00:22,113,0.18782201409339905
2026/06/04 11:00:23,114,0.22680944204330444
2026/06/04 11:00:24,114,0.31901776790618896
2026/06/04 11:00:25,115,0.11826712638139725
2026/06/04 11:00:26,116,0.20606622099876404
2026/06/04 11:00:27,117,0.12461597472429276
2026/06/04 11:00:28,118,0.12400974333286285
2026/06/04 11:00:29,118,0.13319683074951172
2026/06/04 11:00:30,119,0.10150615870952606
2026/06/04 11:00:31,119,0.06517370790243149
2026/06/04 11:00:32,119,0.0805632695555687
2026/06/04 11:00:33,119,0.060985125601291656
2026/06/04 11:00:34,119,0.09040001779794693
2026/06/04 11:00:35,119,0.06841130554676056
2026/06/04 11:00:36,119,0.11188390851020813
2026/06/04 11:00:37,119,0.2599097788333893
2026/06/04 11:00:38,119,0.28130337595939636
2026/06/04 11:00:39,119,1.4358500242233276
2026/06/04 11:00:40,119,0.7068399786949158
2026/06/04 11:00:41,120,0.0915796086192131
2026/06/04 11:00:42,120,0.1726347953081131
2026/06/04 11:00:43,119,0.1364137828350067
2026/06/04 11:00:44,119,0.1238875538110733
2026/06/04 11:00:45,119,0.16728244721889496
2026/06/04 11:00:46,119,0.267636239528656
2026/06/04 11:00:47,120,0.12965264916419983
2026/06/04 11:00:48,120,0.4750339388847351
2026/06/04 11:00:49,120,0.24904592335224152
2026/06/04 11:00:50,120,0.14393804967403412
2026/06/04 11:00:51,120,0.17034108936786652
2026/06/04 11:00:52,120,0.08207640051841736
2026/06/04 11:00:53,120,0.1700979620218277
2026/06/04 11:00:54,120,0.10988480597734451
2026/06/04 11:00:55,120,0.06926782429218292
2026/06/04 11:00:56,120,0.09639468044042587
2026/06/04 11:00:57,120,0.4652317762374878
2026/06/04 11:00:58,120,0.17895852029323578
2026/06/04 11:00:59,119,0.17800357937812805
2026/06/04 11:01:00,118,0.5086066722869873
2026/06/04 11:01:01,118,0.18278689682483673
2026/06/04 11:01:02,117,0.08038386702537537
2026/06/04 11:01:03,116,0.2350868582725525
2026/06/04 11:01:04,116,0.2326979637145996
2026/06/04 11:01:05,115,0.18619218468666077
2026/06/04 11:01:06,115,0.2598561644554138
2026/06/04 11:01:07,115,0.2587924897670746
2026/06/04 11:01:08,115,0.1550569385290146
2026/06/04 11:01:09,116,0.12836186587810516
2026/06/04 11:01:10,116,0.24358344078063965
2026/06/04 11:01:11,117,0.4697352945804596
2026/06/04 11:01:12,118,0.17873023450374603
2026/06/04 11:01:13,118,0.4685981571674347
2026/06/04 11:01:14,118,0.28204402327537537
2026/06/04 11:01:15,119,0.14201056957244873
2026/06/04 11:01:16,119,0.09593890607357025
2026/06/04 11:01:17,120,0.23271003365516663
2026/06/04 11:01:18,120,0.21502237021923065
2026/06/04 11:01:19,119,0.4314897954463959
2026/06/04 11:01:20,118,0.278950572013855
2026/06/04 11:01:21,119,0.2884204089641571
2026/06/04 11:01:22,120,0.3205726146697998
2026/06/04 11:01:23,121,0.3487008810043335
2026/06/04 11:01:24,121,0.12902121245861053
2026/06/04 11:01:25,122,0.09011334925889969
2026/06/04 11:01:26,122,0.25823816657066345
2026/06/04 11:01:27,122,0.8356351852416992
2026/06/04 11:01:28,122,0.2734643220901489
2026/06/04 11:01:29,123,0.13795384764671326
2026/06/04 11:01:30,124,0.24699509143829346
2026/06/04 11:01:31,124,0.15857233107089996
2026/06/04 11:01:32,123,0.12272309511899948
2026/06/04 11:01:33,123,0.14015717804431915
2026/06/04 11:01:34,124,0.13912273943424225
2026/06/04 11:01:35,124,0.16801655292510986
2026/06/04 11:01:36,124,0.032681338489055634
2026/06/04 11:01:37,125,0.017372144386172295
2026/06/04 11:01:38,125,0.01693238690495491
2026/06/04 11:01:39,125,0.01539664901793003
2026/06/04 11:01:40,125,0.040106166154146194
2026/06/04 11:01:41,124,0.18906717002391815
2026/06/04 11:01:42,124,0.29470527172088623
2026/06/04 11:01:43,123,0.36491984128952026
2026/06/04 11:01:44,123,0.1709519326686859
2026/06/04 11:01:45,122,0.18533262610435486
2026/06/04 11:01:46,122,0.20444323122501373
2026/06/04 11:01:47,122,0.11740738153457642
2026/06/04 11:01:48,122,0.20897287130355835
2026/06/04 11:01:49,122,0.10814551264047623
2026/06/04 11:01:50,122,0.18248209357261658
2026/06/04 11:01:51,122,0.14052794873714447
2026/06/04 11:01:52,122,0.18715804815292358
2026/06/04 11:01:53,121,0.34939515590667725
2026/06/04 11:01:54,120,0.48270243406295776
2026/06/04 11:01:55,119,0.06144591048359871
2026/06/04 11:01:56,118,0.058647505939006805
2026/06/04 11:01:57,116,0.39667919278144836
2026/06/04 11:01:58,115,0.3476797342300415
2026/06/04 11:01:59,115,0.22924686968326569
2026/06/04 11:02:00,114,0.12660160660743713
2026/06/04 11:02:01,115,0.21913480758666992
2026/06/04 11:02:02,115,0.13312526047229767
2026/06/04 11:02:03,115,0.0852658823132515
2026/06/04 11:02:04,115,0.12810570001602173
2026/06/04 11:02:05,115,0.12374290823936462
2026/06/04 11:02:06,115,0.20587430894374847
2026/06/04 11:02:07,115,0.12063460797071457
2026/06/04 11:02:08,115,0.06179836764931679
2026/06/04 11:02:09,115,0.04690181091427803
2026/06/04 11:02:10,115,0.0409274660050869
2026/06/04 11:02:11,115,0.025127794593572617
2026/06/04 11:02:12,115,0.030932581052184105
2026/06/04 11:02:13,114,0.030130786821246147
2026/06/04 11:02:14,114,0.06292147934436798
2026/06/04 11:02:15,113,0.06288490444421768
2026/06/04 11:02:16,113,0.11174803972244263
2026/06/04 11:02:17,113,0.11589667946100235
2026/06/04 11:02:18,112,0.14295457303524017
2026/06/04 11:02:19,113,0.13785292208194733
2026/06/04 11:02:20,113,0.08244116604328156
2026/06/04 11:02:21,113,0.0686827301979065
2026/06/04 11:02:22,112,0.02926221489906311
2026/06/04 11:02:23,113,0.05353632941842079
2026/06/04 11:02:24,113,0.032851722091436386
2026/06/04 11:02:25,113,0.05003343150019646
2026/06/04 11:02:26,114,0.03854955732822418
2026/06/04 11:02:27,114,0.036248840391635895
2026/06/04 11:02:28,115,0.014767445623874664
2026/06/04 11:02:29,116,0.02024758793413639
2026/06/04 11:02:30,116,0.09902984648942947
2026/06/04 11:02:31,116,0.21314240992069244
2026/06/04 11:02:32,116,0.1258528232574463
2026/06/04 11:02:33,116,0.11751925945281982
2026/06/04 11:02:34,117,0.15668977797031403
2026/06/04 11:02:35,117,0.04544935002923012
2026/06/04 11:02:36,117,0.05623122677206993
2026/06/04 11:02:37,117,0.10213255137205124
2026/06/04 11:02:38,117,0.0509134903550148
2026/06/04 11:02:39,118,0.04738990217447281
2026/06/04 11:02:40,118,0.040656741708517075
2026/06/04 11:02:41,118,0.036112576723098755
2026/06/04 11:02:42,118,0.0361495167016983
2026/06/04 11:02:43,117,0.03342995420098305
2026/06/04 11:02:44,117,0.030345000326633453
2026/06/04 11:02:45,117,0.03200539946556091
2026/06/04 11:02:46,116,0.031100012362003326
2026/06/04 11:02:47,116,0.05819518491625786
2026/06/04 11:02:48,115,0.07310178875923157
2026/06/04 11:02:49,115,0.05586983636021614
2026/06/04 11:02:50,115,0.2868145704269409
2026/06/04 11:02:51,115,0.32154783606529236
2026/06/04 11:02:52,115,0.2623991370201111
2026/06/04 11:02:53,115,0.05667997896671295
2026/06/04 11:02:54,115,0.037960655987262726
2026/06/04 11:02:55,115,0.2129608392715454
2026/06/04 11:02:56,115,0.21018698811531067
2026/06/04 11:02:57,116,0.0757390484213829
2026/06/04 11:02:58,117,0.10164989531040192
2026/06/04 11:02:59,116,0.19684375822544098
2026/06/04 11:03:00,115,0.11671081185340881
2026/06/04 11:03:01,116,0.02426200360059738
2026/06/04 11:03:02,117,0.04135214164853096
2026/06/04 11:03:03,117,0.06454934924840927
2026/06/04 11:03:04,117,0.06929343193769455
2026/06/04 11:03:05,117,0.10124671459197998
2026/06/04 11:03:06,116,0.2369498908519745
2026/06/04 11:03:07,115,0.05896897614002228
2026/06/04 11:03:08,114,0.0466189831495285
2026/06/04 11:03:09,113,0.034100089222192764
2026/06/04 11:03:10,112,0.0537739135324955
2026/06/04 11:03:11,111,0.07709011435508728
2026/06/04 11:03:12,111,0.07144360989332199
2026/06/04 11:03:13,110,0.05577610433101654
2026/06/04 11:03:14,109,0.043795157223939896
2026/06/04 11:03:15,109,0.03278224542737007
2026/06/04 11:03:16,108,0.025368081405758858
2026/06/04 11:03:17,108,0.030920065939426422
2026/06/04 11:03:18,107,0.055466558784246445
2026/06/04 11:03:19,107,0.3079434335231781
2026/06/04 11:03:20,107,0.13768108189105988
2026/06/04 11:03:21,107,0.04627230018377304
2026/06/04 11:03:22,108,0.028900012373924255
2026/06/04 11:03:23,108,0.019729699939489365
2026/06/04 11:03:24,108,0.032467056065797806
2026/06/04 11:03:25,108,0.07880912721157074
2026/06/04 11:03:26,108,0.0727069303393364
2026/06/04 11:03:27,108,0.13735267519950867
2026/06/04 11:03:28,108,0.41550150513648987
2026/06/04 11:03:29,108,0.04589392989873886
2026/06/04 11:03:30,108,0.008794708177447319
2026/06/04 11:03:31,107,0.01383462268859148
2026/06/04 11:03:32,107,0.01648147776722908
2026/06/04 11:03:33,106,0.011156033724546432
2026/06/04 11:03:34,106,0.009631207212805748
2026/06/04 11:03:35,106,0.01005878858268261
2026/06/04 11:03:36,106,0.009383633732795715
2026/06/04 11:03:37,105,0.010128315538167953
2026/06/04 11:03:38,105,0.015124856494367123
2026/06/04 11:03:39,104,0.04085274413228035
2026/06/04 11:03:40,103,0.0509827695786953
2026/06/04 11:03:41,102,0.12966875731945038
2026/06/04 11:03:42,101,0.0922510176897049
2026/06/04 11:03:43,99,0.12175937741994858
2026/06/04 11:03:44,97,0.09159906953573227
2026/06/04 11:03:45,95,0.04775569587945938
2026/06/04 11:03:46,94,0.02579624392092228
2026/06/04 11:03:47,93,0.034177571535110474
2026/06/04 11:03:48,93,0.021358106285333633
2026/06/04 11:03:49,92,0.025091977789998055
2026/06/04 11:03:50,92,0.023889539763331413
2026/06/04 11:03:51,92,0.021618792787194252
2026/06/04 11:03:52,91,0.028228474780917168
2026/06/04 11:03:53,92,0.015850787982344627
2026/06/04 11:03:54,93,0.013956631533801556
2026/06/04 11:03:55,93,0.014120333828032017
2026/06/04 11:03:56,93,0.013949038460850716
2026/06/04 11:03:57,93,0.013918324373662472
2026/06/04 11:03:58,94,0.013491288758814335
2026/06/04 11:03:59,94,0.01506936177611351
2026/06/04 11:04:00,94,0.014299992471933365
2026/06/04 11:04:01,94,0.01422125194221735
2026/06/04 11:04:02,94,0.01387003529816866
2026/06/04 11:04:03,93,0.01505803782492876
2026/06/04 11:04:04,93,0.01402388233691454
2026/06/04 11:04:05,93,0.03030458092689514
2026/06/04 11:04:06,92,0.1624021977186203
2026/06/04 11:04:07,92,0.14866071939468384
2026/06/04 11:04:08,92,0.02622653916478157
2026/06/04 11:04:09,91,0.02557358331978321
2026/06/04 11:04:10,91,0.016023222357034683
2026/06/04 11:04:11,90,0.015434669330716133
2026/06/04 11:04:12,90,0.017413850873708725
2026/06/04 11:04:13,89,0.017369024455547333
2026/06/04 11:04:14,89,0.015845514833927155
2026/06/04 11:04:15,89,0.016256213188171387
2026/06/04 11:04:16,89,0.01594078354537487
2026/06/04 11:04:17,89,0.017181800678372383
2026/06/04 11:04:18,89,0.016966084018349648
2026/06/04 11:04:19,89,0.016950832679867744
2026/06/04 11:04:20,89,0.01678476668894291
2026/06/04 11:04:21,89,0.01725863106548786
2026/06/04 11:04:22,89,0.016452157869935036
2026/06/04 11:04:23,90,0.017067715525627136
2026/06/04 11:04:24,90,0.017783526331186295
2026/06/04 11:04:25,90,0.01669500395655632
2026/06/04 11:04:26,90,0.017482077702879906
2026/06/04 11:04:27,90,0.01627274788916111
2026/06/04 11:04:28,90,0.05774944648146629
2026/06/04 11:04:29,90,0.04107075557112694
2026/06/04 11:04:30,90,0.006936812307685614
2026/06/04 11:04:31,90,0.05362603813409805
2026/06/04 11:04:32,90,0.040465082973241806
2026/06/04 11:04:33,90,0.011035854928195477
2026/06/04 11:04:34,90,0.011374733410775661
2026/06/04 11:04:35,90,0.24396853148937225
2026/06/04 11:04:36,90,0.1659819781780243
2026/06/04 11:04:37,90,0.13426005840301514
2026/06/04 11:04:38,90,0.05820580944418907
2026/06/04 11:04:39,90,0.0564134307205677
2026/06/04 11:04:40,90,0.05777769163250923
2026/06/04 11:04:41,89,0.05761586129665375
2026/06/04 11:04:42,89,0.05993155390024185
2026/06/04 11:04:43,89,0.07317867130041122
2026/06/04 11:04:44,90,0.27700403332710266
2026/06/04 11:04:45,89,0.11775878071784973
2026/06/04 11:04:46,89,0.06320632994174957
2026/06/04 11:04:47,88,0.061455778777599335
2026/06/04 11:04:48,88,0.06468378752470016
2026/06/04 11:04:49,87,0.06691965460777283
2026/06/04 11:04:50,87,0.10534888505935669
2026/06/04 11:04:51,86,0.057975783944129944
2026/06/04 11:04:52,86,0.06287353485822678
2026/06/04 11:04:53,86,0.06448842585086823
2026/06/04 11:04:54,86,0.06692524999380112
2026/06/04 11:04:55,87,0.06851024180650711
2026/06/04 11:04:56,87,0.05741060525178909
2026/06/04 11:04:57,88,0.06978548318147659
2026/06/04 11:04:58,89,0.12189579755067825
2026/06/04 11:04:59,90,0.13634981215000153
2026/06/04 11:05:00,91,0.024356571957468987
2026/06/04 11:05:01,92,0.04125078767538071
2026/06/04 11:05:02,94,0.10744857788085938
2026/06/04 11:05:03,95,0.10001279413700104
2026/06/04 11:05:04,96,0.13364583253860474
2026/06/04 11:05:05,96,0.12468399852514267
2026/06/04 11:05:06,96,0.08253191411495209
2026/06/04 11:05:07,96,0.1084393709897995
2026/06/04 11:05:08,96,0.08668726682662964
2026/06/04 11:05:09,96,0.10126681625843048
2026/06/04 11:05:10,95,0.13436223566532135
2026/06/04 11:05:11,95,0.19589217007160187
2026/06/04 11:05:12,95,0.16480602324008942
2026/06/04 11:05:13,95,0.09308821707963943
2026/06/04 11:05:14,95,0.12820395827293396
2026/06/04 11:05:15,95,0.11302800476551056
2026/06/04 11:05:16,95,0.14282181859016418
2026/06/04 11:05:17,95,0.09078431129455566
2026/06/04 11:05:18,95,0.43951714038848877
2026/06/04 11:05:19,95,0.1325746774673462
2026/06/04 11:05:20,95,0.13280895352363586
2026/06/04 11:05:21,94,0.2310606986284256
2026/06/04 11:05:22,94,0.16854716837406158
2026/06/04 11:05:23,94,0.09906768798828125
2026/06/04 11:05:24,93,0.08013822138309479
2026/06/04 11:05:25,93,0.08351032435894012
2026/06/04 11:05:26,92,0.029006822034716606
2026/06/04 11:05:27,91,0.04230060055851936
2026/06/04 11:05:28,91,0.040214166045188904
2026/06/04 11:05:29,89,0.17182700335979462
2026/06/04 11:05:30,89,0.12604792416095734
2026/06/04 11:05:31,89,0.0769755095243454
2026/06/04 11:05:32,90,0.034641336649656296
2026/06/04 11:05:33,91,0.031455907970666885
2026/06/04 11:05:34,91,0.03731454536318779
2026/06/04 11:05:35,93,0.050244733691215515
2026/06/04 11:05:36,94,0.39472395181655884
2026/06/04 11:05:37,95,0.06397277116775513
2026/06/04 11:05:38,96,0.039929553866386414
2026/06/04 11:05:39,99,0.050762154161930084
2026/06/04 11:05:40,101,0.055634673684835434
2026/06/04 11:05:41,102,0.02398788556456566
2026/06/04 11:05:42,103,0.34209683537483215
2026/06/04 11:05:43,105,0.1601591855287552
2026/06/04 11:05:44,106,0.17301417887210846
2026/06/04 11:05:45,107,0.12877723574638367
2026/06/04 11:05:46,108,0.034218862652778625
2026/06/04 11:05:47,108,0.02710062637925148
2026/06/04 11:05:48,108,0.2689224183559418
2026/06/04 11:05:49,108,0.2763769328594208
2026/06/04 11:05:50,108,0.019837768748402596
2026/06/04 11:05:51,108,0.031641021370887756
2026/06/04 11:05:52,107,0.1605270951986313
2026/06/04 11:05:53,106,0.31884926557540894
2026/06/04 11:05:54,105,0.20078781247138977
2026/06/04 11:05:55,105,0.036078643053770065
2026/06/04 11:05:56,104,0.02113701030611992
2026/06/04 11:05:57,103,0.05651931092143059
2026/06/04 11:05:58,103,0.07187927514314651
2026/06/04 11:05:59,101,0.5213946104049683
2026/06/04 11:06:00,100,0.6646313667297363
2026/06/04 11:06:01,99,0.3152535557746887
2026/06/04 11:06:02,98,0.07967926561832428
2026/06/04 11:06:03,97,0.021428072825074196
2026/06/04 11:06:04,96,0.026974789798259735
2026/06/04 11:06:05,95,0.053321368992328644
2026/06/04 11:06:06,95,0.07273169606924057
2026/06/04 11:06:07,94,0.10566364973783493
2026/06/04 11:06:08,93,0.08013353496789932
2026/06/04 11:06:09,93,0.1879776269197464
2026/06/04 11:06:10,92,0.0832657590508461
2026/06/04 11:06:11,92,0.06908099353313446
2026/06/04 11:06:12,92,0.06731732189655304
2026/06/04 11:06:13,91,0.1382686048746109
2026/06/04 11:06:14,91,0.13710089027881622
2026/06/04 11:06:15,91,0.05336027219891548
2026/06/04 11:06:16,91,0.05096767470240593
2026/06/04 11:06:17,92,0.039568666368722916
2026/06/04 11:06:18,92,0.043893638998270035
2026/06/04 11:06:19,92,0.057955052703619
2026/06/04 11:06:20,92,0.06270600110292435
2026/06/04 11:06:21,92,0.19284185767173767
2026/06/04 11:06:22,92,0.10029751807451248
2026/06/04 11:06:23,93,0.04762260988354683
2026/06/04 11:06:24,93,0.0530560277402401
2026/06/04 11:06:25,94,0.049151286482810974
2026/06/04 11:06:26,95,0.19147512316703796
2026/06/04 11:06:27,96,0.13949498534202576
2026/06/04 11:06:28,97,0.07265693694353104
2026/06/04 11:06:29,97,0.191217839717865
2026/06/04 11:06:30,97,0.12811969220638275
2026/06/04 11:06:31,97,0.11076945811510086
2026/06/04 11:06:32,96,0.11760934442281723
2026/06/04 11:06:33,95,0.15030306577682495
2026/06/04 11:06:34,94,0.7322993874549866
2026/06/04 11:06:35,93,0.42049962282180786
2026/06/04 11:06:36,93,0.1237042099237442
2026/06/04 11:06:37,92,0.04115660488605499
2026/06/04 11:06:38,92,0.07010222226381302
2026/06/04 11:06:39,92,0.3694527745246887
2026/06/04 11:06:40,92,0.07290907949209213
2026/06/04 11:06:41,92,0.13458089530467987
2026/06/04 11:06:42,92,0.1980431079864502
2026/06/04 11:06:43,92,0.1781330555677414
2026/06/04 11:06:44,92,0.14873282611370087
2026/06/04 11:06:45,92,0.06920626014471054
2026/06/04 11:06:46,92,0.24701689183712006
2026/06/04 11:06:47,92,0.5307320952415466
2026/06/04 11:06:48,92,0.27256688475608826
2026/06/04 11:06:49,92,0.08915629982948303
2026/06/04 11:06:50,93,0.164974182844162
2026/06/04 11:06:51,93,0.2855686843395233
2026/06/04 11:06:52,93,0.14584890007972717
2026/06/04 11:06:53,93,0.049937982112169266
2026/06/04 11:06:54,94,0.24798361957073212
2026/06/04 11:06:55,94,0.22078755497932434
2026/06/04 11:06:56,95,0.35655641555786133
2026/06/04 11:06:57,96,0.4831962585449219
2026/06/04 11:06:58,97,0.16499213874340057
2026/06/04 11:06:59,98,0.05193440243601799
2026/06/04 11:07:00,98,0.30415523052215576
2026/06/04 11:07:01,99,0.18453845381736755
2026/06/04 11:07:02,100,0.17085087299346924
2026/06/04 11:07:03,101,0.21669943630695343
2026/06/04 11:07:04,102,0.5271845459938049
2026/06/04 11:07:05,103,0.2932087182998657
2026/06/04 11:07:06,104,0.0958879366517067
2026/06/04 11:07:07,105,0.17341415584087372
2026/06/04 11:07:08,106,0.5124198198318481
2026/06/04 11:07:09,106,0.3187752068042755
2026/06/04 11:07:10,106,0.24494865536689758
2026/06/04 11:07:11,106,0.11887606978416443
2026/06/04 11:07:12,105,0.22479240596294403
2026/06/04 11:07:13,106,0.17212817072868347
2026/06/04 11:07:14,107,0.26008129119873047
2026/06/04 11:07:15,108,0.23877528309822083
2026/06/04 11:07:16,109,0.14619380235671997
2026/06/04 11:07:17,111,0.14063864946365356
2026/06/04 11:07:18,112,0.08354474604129791
2026/06/04 11:07:19,113,0.06578441709280014
2026/06/04 11:07:20,113,0.04947466030716896
2026/06/04 11:07:21,114,0.26732027530670166
2026/06/04 11:07:22,114,0.1612066775560379
2026/06/04 11:07:23,114,0.14598552882671356
2026/06/04 11:07:24,114,0.06566346436738968
2026/06/04 11:07:25,114,0.11039505153894424
2026/06/04 11:07:26,114,0.10290718078613281
2026/06/04 11:07:27,113,0.08527950197458267
2026/06/04 11:07:28,113,0.10862956941127777
2026/06/04 11:07:29,112,0.10361205786466599
2026/06/04 11:07:30,111,0.08132186532020569
2026/06/04 11:07:31,111,0.07945476472377777
2026/06/04 11:07:32,110,0.06464771181344986
2026/06/04 11:07:33,109,0.026092559099197388
2026/06/04 11:07:34,109,0.03383505344390869
2026/06/04 11:07:35,109,0.17577823996543884
2026/06/04 11:07:36,108,0.1318068504333496
2026/06/04 11:07:37,108,0.09309490770101547
2026/06/04 11:07:38,108,0.10333818197250366
2026/06/04 11:07:39,108,0.13169336318969727
2026/06/04 11:07:40,108,0.171998992562294
2026/06/04 11:07:41,107,0.12554790079593658
2026/06/04 11:07:42,106,0.11361701041460037
2026/06/04 11:07:43,106,0.12627387046813965
2026/06/04 11:07:44,105,0.11658146977424622
2026/06/04 11:07:45,105,0.11137411743402481
2026/06/04 11:07:46,104,0.09854745864868164
2026/06/04 11:07:47,104,0.14497539401054382
2026/06/04 11:07:48,104,0.1262657642364502
2026/06/04 11:07:49,103,0.06426385790109634
2026/06/04 11:07:50,102,0.10017523169517517
2026/06/04 11:07:51,101,0.06021825596690178
2026/06/04 11:07:52,101,0.09440335631370544
2026/06/04 11:07:53,100,0.03195233270525932
2026/06/04 11:07:54,100,0.05174347013235092
2026/06/04 11:07:55,100,0.11291337013244629
2026/06/04 11:07:56,100,0.09770036488771439
2026/06/04 11:07:57,99,0.04250136762857437
2026/06/04 11:07:58,99,0.02399791218340397
2026/06/04 11:07:59,99,0.08124367892742157
2026/06/04 11:08:00,99,0.3705614507198334
2026/06/04 11:08:01,99,0.07665039598941803
2026/06/04 11:08:02,99,0.08673180639743805
2026/06/04 11:08:03,99,0.3495762050151825
2026/06/04 11:08:04,99,0.14188645780086517
2026/06/04 11:08:05,99,0.0876382514834404
2026/06/04 11:08:06,100,0.29015952348709106
2026/06/04 11:08:07,100,0.3060782551765442
2026/06/04 11:08:08,100,0.21450747549533844
2026/06/04 11:08:09,99,0.13449236750602722
2026/06/04 11:08:10,99,0.032068099826574326
2026/06/04 11:08:11,99,0.06823834031820297
2026/06/04 11:08:12,99,0.08443790674209595
2026/06/04 11:08:13,98,0.10947541147470474
2026/06/04 11:08:14,98,0.1472669094800949
2026/06/04 11:08:15,99,0.05826668068766594
2026/06/04 11:08:16,99,0.02410239540040493
2026/06/04 11:08:17,100,0.032305922359228134
2026/06/04 11:08:18,100,0.4088592827320099
2026/06/04 11:08:19,101,1.0282824039459229
2026/06/04 11:08:20,101,0.48983699083328247
2026/06/04 11:08:21,102,0.7288941740989685
2026/06/04 11:08:22,103,0.9646398425102234
2026/06/04 11:08:23,104,1.003247618675232
2026/06/04 11:08:24,105,0.20799103379249573
2026/06/04 11:08:25,105,0.26260197162628174
2026/06/04 11:08:26,106,0.08036120235919952
2026/06/04 11:08:27,106,0.363517165184021
2026/06/04 11:08:28,107,0.15332715213298798
2026/06/04 11:08:29,108,0.13446465134620667
2026/06/04 11:08:30,109,0.059466153383255005
2026/06/04 11:08:31,109,0.6094609498977661
2026/06/04 11:08:32,109,0.8972076177597046
2026/06/04 11:08:33,110,0.399355411529541
2026/06/04 11:08:34,111,0.16284647583961487
2026/06/04 11:08:35,112,0.4685710668563843
2026/06/04 11:08:36,113,0.2962394058704376
2026/06/04 11:08:37,115,0.20244641602039337
2026/06/04 11:08:38,116,0.12450159341096878
2026/06/04 11:08:39,117,0.12357375025749207
2026/06/04 11:08:40,118,0.1378542184829712
2026/06/04 11:08:41,118,0.1528301239013672
2026/06/04 11:08:42,119,0.13691870868206024
2026/06/04 11:08:43,119,0.3895750343799591
2026/06/04 11:08:44,120,0.22139492630958557
2026/06/04 11:08:45,120,0.13495546579360962
2026/06/04 11:08:46,120,0.18106606602668762
2026/06/04 11:08:47,121,0.5319916009902954
2026/06/04 11:08:48,121,0.14241695404052734
2026/06/04 11:08:49,121,0.20825256407260895
2026/06/04 11:08:50,121,0.09634804725646973
2026/06/04 11:08:51,122,0.226824089884758
2026/06/04 11:08:52,122,0.26691704988479614
2026/06/04 11:08:53,122,0.1208365261554718
2026/06/04 11:08:54,123,0.15327757596969604
2026/06/04 11:08:55,124,0.15312574803829193
2026/06/04 11:08:56,124,0.32508373260498047
2026/06/04 11:08:57,125,0.18370091915130615
2026/06/04 11:08:58,125,0.39181774854660034
2026/06/04 11:08:59,126,0.8770772814750671
2026/06/04 11:09:00,126,0.5431472659111023
2026/06/04 11:09:01,126,0.12130368500947952
2026/06/04 11:09:02,125,0.26185232400894165
2026/06/04 11:09:03,126,0.20350447297096252
2026/06/04 11:09:04,126,0.11456575989723206
2026/06/04 11:09:05,126,0.09619933366775513
2026/06/04 11:09:06,126,0.11712818592786789
2026/06/04 11:09:07,126,0.4008775055408478
2026/06/04 11:09:08,126,1.1606720685958862
2026/06/04 11:09:09,126,0.36914554238319397
2026/06/04 11:09:10,126,0.7361646294593811
2026/06/04 11:09:11,126,0.992050051689148
2026/06/04 11:09:12,126,2.230905771255493
2026/06/04 11:09:13,126,1.2429513931274414
2026/06/04 11:09:14,126,0.5114270448684692
2026/06/04 11:09:15,126,0.38119009137153625
2026/06/04 11:09:16,127,0.3739629089832306
2026/06/04 11:09:17,125,0.5033489465713501
2026/06/04 11:09:18,124,0.8400492668151855
2026/06/04 11:09:19,125,0.3630271852016449
2026/06/04 11:09:20,125,0.1227729320526123
2026/06/04 11:09:21,126,0.3335886299610138
2026/06/04 11:09:22,127,0.11348199844360352
2026/06/04 11:09:23,127,0.07910031080245972
2026/06/04 11:09:24,128,0.10734342783689499
2026/06/04 11:09:25,129,1.122591257095337
2026/06/04 11:09:26,130,0.28984901309013367
2026/06/04 11:09:27,131,0.29693689942359924
2026/06/04 11:09:28,132,0.29637226462364197
2026/06/04 11:09:29,133,0.8819771409034729
2026/06/04 11:09:30,133,0.6855774521827698
2026/06/04 11:09:31,134,0.8028502464294434
2026/06/04 11:09:32,134,0.735732913017273
2026/06/04 11:09:33,135,0.31118929386138916
2026/06/04 11:09:34,136,0.24203789234161377
2026/06/04 11:09:35,137,0.13551513850688934
2026/06/04 11:09:36,138,0.1645698994398117
2026/06/04 11:09:37,139,0.13278914988040924
2026/06/04 11:09:38,139,0.1497272104024887
2026/06/04 11:09:39,139,0.1359952986240387
2026/06/04 11:09:40,140,0.11865881830453873
2026/06/04 11:09:41,140,0.1493452489376068
2026/06/04 11:09:42,140,0.12827305495738983
2026/06/04 11:09:43,141,0.1493678241968155
2026/06/04 11:09:44,141,0.14135372638702393
2026/06/04 11:09:45,141,0.13248954713344574
2026/06/04 11:09:46,141,0.11323977261781693
2026/06/04 11:09:47,141,0.13473957777023315
2026/06/04 11:09:48,140,0.13734106719493866
2026/06/04 11:09:49,140,0.3319854438304901
2026/06/04 11:09:50,139,0.1279241293668747
2026/06/04 11:09:51,139,0.1617651879787445
2026/06/04 11:09:52,139,0.06078847125172615
2026/06/04 11:09:53,138,1.0220609903335571
2026/06/04 11:09:54,138,1.4015839099884033
2026/06/04 11:09:55,138,1.3091039657592773
2026/06/04 11:09:56,137,0.4921324849128723
2026/06/04 11:09:57,137,0.8027161359786987
2026/06/04 11:09:58,137,0.5013090372085571
2026/06/04 11:09:59,137,1.1032944917678833
2026/06/04 11:10:00,137,0.45852962136268616
2026/06/04 11:10:01,137,0.16721057891845703
2026/06/04 11:10:02,137,0.25204524397850037
2026/06/04 11:10:03,137,0.1417917162179947
2026/06/04 11:10:04,136,0.05967991426587105
2026/06/04 11:10:05,136,0.09440729022026062
2026/06/04 11:10:06,135,0.06352166831493378
2026/06/04 11:10:07,135,0.06479091197252274
2026/06/04 11:10:08,136,0.1106819212436676
2026/06/04 11:10:09,136,0.11276262998580933
2026/06/04 11:10:10,136,0.17991924285888672
2026/06/04 11:10:11,137,0.07094763219356537
2026/06/04 11:10:12,137,0.0536469928920269
2026/06/04 11:10:13,138,0.22727541625499725
2026/06/04 11:10:14,138,0.1822662353515625
2026/06/04 11:10:15,139,0.11208374798297882
2026/06/04 11:10:16,139,0.11396528780460358
2026/06/04 11:10:17,140,0.18093520402908325
2026/06/04 11:10:18,141,0.4252256751060486
2026/06/04 11:10:19,142,0.1747615784406662
2026/06/04 11:10:20,142,0.26600584387779236
2026/06/04 11:10:21,143,0.12484659999608994
2026/06/04 11:10:22,144,0.12369354814291
2026/06/04 11:10:23,144,0.3030778169631958
2026/06/04 11:10:24,144,0.1976521909236908
2026/06/04 11:10:25,144,0.2580747902393341
2026/06/04 11:10:26,144,0.16219085454940796
2026/06/04 11:10:27,144,0.1249670460820198
2026/06/04 11:10:28,144,0.06667370349168777
2026/06/04 11:10:29,143,0.3312261402606964
2026/06/04 11:10:30,142,0.11816525459289551
2026/06/04 11:10:31,142,0.07118017226457596
2026/06/04 11:10:32,142,0.045255765318870544
2026/06/04 11:10:33,141,0.144729882478714
2026/06/04 11:10:34,140,0.17634454369544983
2026/06/04 11:10:35,139,0.7128967046737671
2026/06/04 11:10:36,138,0.1009017676115036
2026/06/04 11:10:37,138,0.3465709090232849
2026/06/04 11:10:38,138,0.8135237097740173
2026/06/04 11:10:39,137,0.06840592622756958
2026/06/04 11:10:40,137,0.11945999413728714
2026/06/04 11:10:41,136,0.22707435488700867
2026/06/04 11:10:42,136,0.2751713693141937
2026/06/04 11:10:43,135,0.22397491335868835
2026/06/04 11:10:44,134,0.18633632361888885
2026/06/04 11:10:45,132,0.14540217816829681
2026/06/04 11:10:46,131,0.1586434543132782
2026/06/04 11:10:47,130,0.16021396219730377
2026/06/04 11:10:48,129,0.11592555046081543
2026/06/04 11:10:49,128,0.11628750711679459
2026/06/04 11:10:50,127,0.05228250101208687
2026/06/04 11:10:51,125,0.06124689429998398
2026/06/04 11:10:52,124,0.027335084974765778
2026/06/04 11:10:53,123,0.03497331216931343
2026/06/04 11:10:54,122,0.04274795949459076
2026/06/04 11:10:55,122,0.20319640636444092
2026/06/04 11:10:56,121,0.09890260547399521
2026/06/04 11:10:57,121,0.09560780972242355
2026/06/04 11:10:58,121,0.09222724288702011
2026/06/04 11:10:59,122,0.12032029032707214
2026/06/04 11:11:00,122,0.11773104220628738
2026/06/04 11:11:01,122,0.13222947716712952
2026/06/04 11:11:02,122,0.08989934623241425
2026/06/04 11:11:03,121,0.10582596063613892
2026/06/04 11:11:04,121,0.12602712213993073
2026/06/04 11:11:05,120,0.0744451954960823
2026/06/04 11:11:06,120,0.06735390424728394
2026/06/04 11:11:07,119,0.01916375942528248
2026/06/04 11:11:08,119,0.03862166032195091
2026/06/04 11:11:09,119,0.03412162885069847
2026/06/04 11:11:10,119,0.014883950352668762
2026/06/04 11:11:11,119,0.021665923297405243
2026/06/04 11:11:12,118,0.020660774782299995
2026/06/04 11:11:13,117,0.021908625960350037
2026/06/04 11:11:14,116,0.033279579132795334
2026/06/04 11:11:15,115,0.04664243385195732
2026/06/04 11:11:16,114,0.08378159254789352
2026/06/04 11:11:17,113,0.11789846420288086
2026/06/04 11:11:18,112,0.09600015729665756
2026/06/04 11:11:19,112,0.025879984721541405
2026/06/04 11:11:20,111,0.016472309827804565
2026/06/04 11:11:21,111,0.017863282933831215
2026/06/04 11:11:22,110,0.02330470085144043
2026/06/04 11:11:23,109,0.1041523739695549
2026/06/04 11:11:24,109,0.08032625168561935
2026/06/04 11:11:25,108,0.030373547226190567
2026/06/04 11:11:26,108,0.09362270683050156
2026/06/04 11:11:27,107,0.0629860982298851
2026/06/04 11:11:28,107,0.22930005192756653
2026/06/04 11:11:29,106,0.23469537496566772
2026/06/04 11:11:30,105,0.10616634041070938
2026/06/04 11:11:31,105,0.12265700846910477
2026/06/04 11:11:32,105,0.1213374212384224
2026/06/04 11:11:33,104,0.08624786883592606
2026/06/04 11:11:34,104,0.10230482369661331
2026/06/04 11:11:35,104,0.03208872303366661
2026/06/04 11:11:36,103,0.014831888489425182
2026/06/04 11:11:37,103,0.01094451267272234
2026/06/04 11:11:38,103,0.008861275389790535
2026/06/04 11:11:39,104,0.010763881728053093
2026/06/04 11:11:40,104,0.010753360576927662
2026/06/04 11:11:41,104,0.011254590004682541
2026/06/04 11:11:42,105,0.012588228099048138
2026/06/04 11:11:43,105,0.012537461705505848
2026/06/04 11:11:44,104,0.013782900758087635
2026/06/04 11:11:45,104,0.027893463149666786
2026/06/04 11:11:46,104,0.0151865528896451
2026/06/04 11:11:47,103,0.01750718429684639
2026/06/04 11:11:48,102,0.013088242150843143
2026/06/04 11:11:49,101,0.01428942196071148
2026/06/04 11:11:50,101,0.01496534701436758
2026/06/04 11:11:51,100,0.01244407333433628
2026/06/04 11:11:52,100,0.03962092474102974
2026/06/04 11:11:53,101,0.01596425287425518
2026/06/04 11:11:54,101,0.013109356164932251
2026/06/04 11:11:55,102,0.022105108946561813
2026/06/04 11:11:56,103,0.13222436606884003
2026/06/04 11:11:57,103,0.09775425493717194
2026/06/04 11:11:58,103,0.13656648993492126
2026/06/04 11:11:59,103,0.045543450862169266
2026/06/04 11:12:00,102,0.06215997040271759
2026/06/04 11:12:01,102,0.10912442952394485
2026/06/04 11:12:02,101,0.06638561189174652
2026/06/04 11:12:03,101,0.09221828728914261
2026/06/04 11:12:04,100,0.06448027491569519
2026/06/04 11:12:05,100,0.030689697712659836
2026/06/04 11:12:06,100,0.032967500388622284
2026/06/04 11:12:07,100,0.05362584814429283
2026/06/04 11:12:08,100,0.07562622427940369
2026/06/04 11:12:09,99,0.07870565354824066
2026/06/04 11:12:10,99,0.06342432647943497
2026/06/04 11:12:11,99,0.02228110283613205
2026/06/04 11:12:12,99,0.01643381267786026
2026/06/04 11:12:13,99,0.022880176082253456
2026/06/04 11:12:14,99,0.025423219427466393
2026/06/04 11:12:15,99,0.12077024579048157
2026/06/04 11:12:16,99,0.11598100513219833
2026/06/04 11:12:17,99,0.1286589801311493
2026/06/04 11:12:18,99,0.17008937895298004
2026/06/04 11:12:19,99,0.20456035435199738
2026/06/04 11:12:20,98,0.3603595793247223
2026/06/04 11:12:21,98,0.14281365275382996
2026/06/04 11:12:22,97,0.10661276429891586
2026/06/04 11:12:23,97,0.3403349220752716
2026/06/04 11:12:24,96,0.1805998533964157
2026/06/04 11:12:25,96,0.07667220383882523
2026/06/04 11:12:26,96,0.061477016657590866
2026/06/04 11:12:27,96,0.2992466986179352
2026/06/04 11:12:28,96,0.9327686429023743
2026/06/04 11:12:29,97,0.16041500866413116
2026/06/04 11:12:30,98,0.3388356864452362
2026/06/04 11:12:31,99,0.5570415258407593
2026/06/04 11:12:32,100,1.334513545036316
2026/06/04 11:12:33,101,0.8379224538803101
2026/06/04 11:12:34,102,0.37539178133010864
2026/06/04 11:12:35,103,0.8214983344078064
2026/06/04 11:12:36,104,0.9231953620910645
2026/06/04 11:12:37,106,0.5182290077209473
2026/06/04 11:12:38,107,0.27386537194252014
2026/06/04 11:12:39,109,0.27262720465660095
2026/06/04 11:12:40,110,0.1827077567577362
2026/06/04 11:12:41,112,0.12496981024742126
2026/06/04 11:12:42,113,0.09645474702119827
2026/06/04 11:12:43,114,0.07519002258777618
2026/06/04 11:12:44,115,0.5674113035202026
2026/06/04 11:12:45,116,0.7524315118789673
2026/06/04 11:12:46,116,0.09981556236743927
2026/06/04 11:12:47,116,0.0561792217195034
2026/06/04 11:12:48,115,0.13767048716545105
2026/06/04 11:12:49,115,0.07306533306837082
2026/06/04 11:12:50,115,0.21112211048603058
2026/06/04 11:12:51,116,0.5038997530937195
2026/06/04 11:12:52,116,0.11308880150318146
2026/06/04 11:12:53,117,0.12028515338897705
2026/06/04 11:12:54,117,0.06818098574876785
2026/06/04 11:12:55,118,0.6221543550491333
2026/06/04 11:12:56,118,0.39723214507102966
2026/06/04 11:12:57,118,0.20512624084949493
2026/06/04 11:12:58,119,0.11987616121768951
2026/06/04 11:12:59,119,0.40020951628685
2026/06/04 11:13:00,119,0.8677695989608765
2026/06/04 11:13:01,119,0.12249705940485
2026/06/04 11:13:02,119,0.08178360760211945
2026/06/04 11:13:03,119,0.26183179020881653
2026/06/04 11:13:04,119,0.43259698152542114
2026/06/04 11:13:05,120,0.13843004405498505
2026/06/04 11:13:06,120,0.14269010722637177
2026/06/04 11:13:07,121,0.1976138949394226
2026/06/04 11:13:08,121,0.7152640223503113
2026/06/04 11:13:09,122,0.7520928382873535
2026/06/04 11:13:10,122,0.2736913859844208
2026/06/04 11:13:11,123,0.2443217635154724
2026/06/04 11:13:12,123,0.22025302052497864
2026/06/04 11:13:13,124,0.4887620508670807
2026/06/04 11:13:14,124,0.24073916673660278
2026/06/04 11:13:15,125,0.5100845694541931
2026/06/04 11:13:16,126,0.2657979726791382
2026/06/04 11:13:17,127,0.4501461088657379
2026/06/04 11:13:18,128,0.42373478412628174
2026/06/04 11:13:19,129,0.22341424226760864
2026/06/04 11:13:20,130,0.05791159346699715
2026/06/04 11:13:21,131,0.09780175238847733
2026/06/04 11:13:22,131,0.10915125161409378
2026/06/04 11:13:23,131,0.6046903729438782
2026/06/04 11:13:24,132,0.9679123163223267
2026/06/04 11:13:25,132,0.17546063661575317
2026/06/04 11:13:26,132,0.1491416096687317
2026/06/04 11:13:27,131,0.16541524231433868
2026/06/04 11:13:28,131,0.5681211948394775
2026/06/04 11:13:29,132,0.8517029881477356
2026/06/04 11:13:30,132,0.19199256598949432
2026/06/04 11:13:31,133,0.22058263421058655
2026/06/04 11:13:32,133,0.174503892660141
2026/06/04 11:13:33,133,0.1638857126235962
2026/06/04 11:13:34,134,0.13432323932647705
2026/06/04 11:13:35,133,0.1490677148103714
2026/06/04 11:13:36,133,0.15319132804870605
2026/06/04 11:13:37,133,0.22646240890026093
2026/06/04 11:13:38,133,0.09932581335306168
2026/06/04 11:13:39,133,0.08861063420772552
2026/06/04 11:13:40,132,0.13655109703540802
2026/06/04 11:13:41,132,0.22402697801589966
2026/06/04 11:13:42,132,0.15072037279605865
2026/06/04 11:13:43,131,0.18994301557540894
2026/06/04 11:13:44,131,0.10667450726032257
2026/06/04 11:13:45,130,0.06682706624269485
2026/06/04 11:13:46,129,0.039458051323890686
2026/06/04 11:13:47,127,0.08063491433858871
2026/06/04 11:13:48,126,0.07699768245220184
2026/06/04 11:13:49,124,0.06629928201436996
2026/06/04 11:13:50,123,0.07448796927928925
2026/06/04 11:13:51,122,0.07306709885597229
2026/06/04 11:13:52,121,0.22834928333759308
2026/06/04 11:13:53,121,0.24368539452552795
2026/06/04 11:13:54,120,0.20562361180782318
2026/06/04 11:13:55,119,0.30968981981277466
2026/06/04 11:13:56,119,0.22151421010494232
2026/06/04 11:13:57,119,0.16864849627017975
2026/06/04 11:13:58,119,0.1331116110086441
2026/06/04 11:13:59,118,0.1102466732263565
2026/06/04 11:14:00,118,0.10157059878110886
2026/06/04 11:14:01,117,0.055278073996305466
2026/06/04 11:14:02,116,0.06372340023517609
2026/06/04 11:14:03,116,0.0843060240149498
2026/06/04 11:14:04,115,0.05172402784228325
2026/06/04 11:14:05,114,0.04689732939004898
2026/06/04 11:14:06,113,0.12417921423912048
2026/06/04 11:14:07,110,0.060131315141916275
2026/06/04 11:14:08,108,0.027655519545078278
2026/06/04 11:14:09,109,0.053267452865839005
2026/06/04 11:14:10,110,0.05134933441877365
2026/06/04 11:14:11,110,0.05581612512469292
2026/06/04 11:14:12,110,0.08660722523927689
2026/06/04 11:14:13,110,0.11209075152873993
2026/06/04 11:14:14,110,0.06953024119138718
2026/06/04 11:14:15,110,0.07565557211637497
2026/06/04 11:14:16,110,0.0659392774105072
2026/06/04 11:14:17,110,0.11007381975650787
2026/06/04 11:14:18,110,0.13613373041152954
2026/06/04 11:14:19,111,0.0902656763792038
2026/06/04 11:14:20,112,0.11140645295381546
2026/06/04 11:14:21,112,0.08881808817386627
2026/06/04 11:14:22,112,0.03494923934340477
2026/06/04 11:14:23,111,0.03690453618764877
2026/06/04 11:14:24,111,0.03610454127192497
2026/06/04 11:14:25,110,0.03603598475456238
2026/06/04 11:14:26,109,0.035301171243190765
2026/06/04 11:14:27,108,0.03688206896185875
2026/06/04 11:14:28,108,0.05083852261304855
2026/06/04 11:14:29,106,0.03183208778500557
2026/06/04 11:14:30,105,0.033453572541475296
2026/06/04 11:14:31,104,0.033514805138111115
2026/06/04 11:14:32,103,0.03683744743466377
2026/06/04 11:14:33,103,0.05429184436798096
2026/06/04 11:14:34,102,0.09518715739250183
2026/06/04 11:14:35,102,0.11666586995124817
2026/06/04 11:14:36,102,0.37971052527427673
2026/06/04 11:14:37,102,0.1147770956158638
2026/06/04 11:14:38,102,0.1729186475276947
2026/06/04 11:14:39,101,0.21286489069461823
2026/06/04 11:14:40,101,0.2219729870557785
2026/06/04 11:14:41,100,0.22217416763305664
2026/06/04 11:14:42,100,0.2719268500804901
2026/06/04 11:14:43,100,0.31751906871795654
2026/06/04 11:14:44,99,0.09349147230386734
2026/06/04 11:14:45,99,0.12270266562700272
2026/06/04 11:14:46,98,0.1218310222029686
2026/06/04 11:14:47,98,0.11027423292398453
2026/06/04 11:14:48,98,0.12591250240802765
2026/06/04 11:14:49,98,0.16594721376895905
2026/06/04 11:14:50,99,0.17911195755004883
2026/06/04 11:14:51,98,0.093819260597229
2026/06/04 11:14:52,98,0.2196938395500183
2026/06/04 11:14:53,98,0.17676709592342377
2026/06/04 11:14:54,98,0.1435859501361847
2026/06/04 11:14:55,98,0.052934400737285614
2026/06/04 11:14:56,97,0.3222718834877014
2026/06/04 11:14:57,97,1.7510268688201904
2026/06/04 11:14:58,97,0.6044130325317383
2026/06/04 11:14:59,98,0.3884085416793823
2026/06/04 11:15:00,98,0.2583661377429962
2026/06/04 11:15:01,99,0.3917239308357239
2026/06/04 11:15:02,100,0.6888949871063232
2026/06/04 11:15:03,100,2.706428289413452
2026/06/04 11:15:04,101,1.1941800117492676
2026/06/04 11:15:05,102,1.122312307357788
2026/06/04 11:15:06,104,0.5998897552490234
2026/06/04 11:15:07,106,0.4686338007450104
2026/06/04 11:15:08,108,0.13824817538261414
2026/06/04 11:15:09,110,0.21242594718933105
2026/06/04 11:15:10,111,0.074636310338974
2026/06/04 11:15:11,113,0.10437272489070892
2026/06/04 11:15:12,114,0.2013346552848816
2026/06/04 11:15:13,115,0.11520601063966751
2026/06/04 11:15:14,116,0.09657081216573715
2026/06/04 11:15:15,118,0.06226261332631111
2026/06/04 11:15:16,119,0.035303305834531784
2026/06/04 11:15:17,119,0.03296218439936638
2026/06/04 11:15:18,119,0.8661882281303406
2026/06/04 11:15:19,119,0.8744961619377136
2026/06/04 11:15:20,120,0.25557035207748413
2026/06/04 11:15:21,120,0.16814522445201874
2026/06/04 11:15:22,120,1.224072813987732
2026/06/04 11:15:23,120,1.1992299556732178
2026/06/04 11:15:24,120,0.5058545470237732
2026/06/04 11:15:25,121,1.187355875968933
2026/06/04 11:15:26,121,1.0419894456863403
2026/06/04 11:15:27,121,0.37987953424453735
2026/06/04 11:15:28,122,0.13029803335666656
2026/06/04 11:15:29,122,0.31575262546539307
2026/06/04 11:15:30,123,0.1828707754611969
2026/06/04 11:15:31,124,0.09346020221710205
2026/06/04 11:15:32,125,0.14470329880714417
2026/06/04 11:15:33,125,0.4470084011554718
2026/06/04 11:15:34,125,0.19969412684440613
2026/06/04 11:15:35,125,0.10803289711475372
2026/06/04 11:15:36,126,0.09745447337627411
2026/06/04 11:15:37,127,0.18767087161540985
2026/06/04 11:15:38,127,0.16873174905776978
2026/06/04 11:15:39,128,0.18673448264598846
2026/06/04 11:15:40,128,0.2149338722229004
2026/06/04 11:15:41,128,0.19703920185565948
2026/06/04 11:15:42,129,0.12649264931678772
2026/06/04 11:15:43,130,0.26850876212120056
2026/06/04 11:15:44,131,0.14399316906929016
2026/06/04 11:15:45,133,0.15876814723014832
2026/06/04 11:15:46,134,0.08268105983734131
2026/06/04 11:15:47,136,0.2137991189956665
2026/06/04 11:15:48,137,0.6349645256996155
2026/06/04 11:15:49,137,0.35655298829078674
2026/06/04 11:15:50,137,0.1909632533788681
2026/06/04 11:15:51,137,0.13013601303100586
2026/06/04 11:15:52,136,0.14240026473999023
2026/06/04 11:15:53,136,0.2933450937271118
2026/06/04 11:15:54,136,0.2677936851978302
2026/06/04 11:15:55,137,0.2026570439338684
2026/06/04 11:15:56,137,0.17462435364723206
2026/06/04 11:15:57,138,0.14773473143577576
2026/06/04 11:15:58,139,0.1817779392004013
2026/06/04 11:15:59,140,0.08782591670751572
2026/06/04 11:16:00,141,0.06781458109617233
2026/06/04 11:16:01,142,0.10005661100149155
2026/06/04 11:16:02,143,0.11220122128725052
2026/06/04 11:16:03,144,0.1462644636631012
2026/06/04 11:16:04,144,0.16260585188865662
2026/06/04 11:16:05,143,0.9175282120704651
2026/06/04 11:16:06,143,0.8296552300453186
2026/06/04 11:16:07,142,0.2538818120956421
2026/06/04 11:16:08,141,0.28410518169403076
2026/06/04 11:16:09,140,0.16920886933803558
2026/06/04 11:16:10,139,0.23078106343746185
2026/06/04 11:16:11,138,0.14964768290519714
2026/06/04 11:16:12,137,0.15127050876617432
2026/06/04 11:16:13,136,0.12245308607816696
2026/06/04 11:16:14,135,0.31028568744659424
2026/06/04 11:16:15,134,0.18291980028152466
2026/06/04 11:16:16,134,0.13694576919078827
2026/06/04 11:16:17,133,0.05672040581703186
2026/06/04 11:16:18,132,0.27735692262649536
2026/06/04 11:16:19,133,0.8361055254936218
2026/06/04 11:16:20,134,0.1962151974439621
2026/06/04 11:16:21,134,0.08113159984350204
2026/06/04 11:16:22,134,0.4637976586818695
2026/06/04 11:16:23,134,0.5934520959854126
2026/06/04 11:16:24,135,0.18189656734466553
2026/06/04 11:16:25,134,0.06734345853328705
2026/06/04 11:16:26,134,0.16858415305614471
2026/06/04 11:16:27,134,0.4001685082912445
2026/06/04 11:16:28,134,0.7398940920829773
2026/06/04 11:16:29,134,0.34896281361579895
2026/06/04 11:16:30,134,0.11978325992822647
2026/06/04 11:16:31,134,0.09947109967470169
2026/06/04 11:16:32,135,0.3971603810787201
2026/06/04 11:16:33,135,0.6742342710494995
2026/06/04 11:16:34,136,0.33292844891548157
2026/06/04 11:16:35,137,0.16817785799503326
2026/06/04 11:16:36,138,0.3502306044101715
2026/06/04 11:16:37,139,1.5701615810394287
2026/06/04 11:16:38,139,0.45241934061050415
2026/06/04 11:16:39,139,0.7965863347053528
2026/06/04 11:16:40,139,0.5271101593971252
2026/06/04 11:16:41,138,0.2926200330257416
2026/06/04 11:16:42,138,1.7427074909210205
2026/06/04 11:16:43,138,0.6220386028289795
2026/06/04 11:16:44,138,0.15935347974300385
2026/06/04 11:16:45,138,0.33714133501052856
2026/06/04 11:16:46,139,0.8089582920074463
2026/06/04 11:16:47,139,0.6308775544166565
2026/06/04 11:16:48,139,0.23987732827663422
2026/06/04 11:16:49,140,1.0614210367202759
2026/06/04 11:16:50,140,0.6343736052513123
2026/06/04 11:16:51,141,0.4064241647720337
2026/06/04 11:16:52,141,0.14836269617080688
2026/06/04 11:16:53,141,0.19315844774246216
2026/06/04 11:16:54,141,0.46626511216163635
2026/06/04 11:16:55,141,0.27189674973487854
2026/06/04 11:16:56,142,0.426098495721817
2026/06/04 11:16:57,142,0.659434974193573
2026/06/04 11:16:58,143,0.983738362789154
2026/06/04 11:16:59,143,1.1969650983810425
2026/06/04 11:17:00,144,1.1266859769821167
2026/06/04 11:17:01,144,0.4862287640571594
2026/06/04 11:17:02,145,0.7036954760551453
2026/06/04 11:17:03,145,0.9920936822891235
2026/06/04 11:17:04,145,1.400663137435913
2026/06/04 11:17:05,145,1.0283411741256714
2026/06/04 11:17:06,144,0.22398492693901062
2026/06/04 11:17:07,144,0.27898159623146057
2026/06/04 11:17:08,143,0.1228342279791832
2026/06/04 11:17:09,144,0.09492617100477219
2026/06/04 11:17:10,145,0.14010310173034668
2026/06/04 11:17:11,145,0.3492150604724884
2026/06/04 11:17:12,146,0.28393498063087463
2026/06/04 11:17:13,147,0.09327688068151474
2026/06/04 11:17:14,148,0.10307374596595764
2026/06/04 11:17:15,148,0.6482242345809937
2026/06/04 11:17:16,148,0.9531931281089783
2026/06/04 11:17:17,148,1.5628387928009033
2026/06/04 11:17:18,148,0.5227412581443787
2026/06/04 11:17:19,148,0.13164742290973663
2026/06/04 11:17:20,147,0.34036538004875183
2026/06/04 11:17:21,147,0.23407788574695587
2026/06/04 11:17:22,148,0.6420632004737854
2026/06/04 11:17:23,148,0.19602960348129272
2026/06/04 11:17:24,148,0.1584138125181198
2026/06/04 11:17:25,149,0.20926621556282043
2026/06/04 11:17:26,149,2.098019599914551
2026/06/04 11:17:27,150,0.8150384426116943
2026/06/04 11:17:28,151,0.26055335998535156
2026/06/04 11:17:29,152,0.15104596316814423
2026/06/04 11:17:30,153,0.17398306727409363
2026/06/04 11:17:31,154,0.2384689748287201
2026/06/04 11:17:32,155,0.14513260126113892
2026/06/04 11:17:33,156,0.11898289620876312
2026/06/04 11:17:34,157,0.46721991896629333
2026/06/04 11:17:35,158,0.7439113259315491
2026/06/04 11:17:36,158,0.16756224632263184
2026/06/04 11:17:37,159,0.17565849423408508
2026/06/04 11:17:38,159,0.29722097516059875
2026/06/04 11:17:39,159,0.2704111635684967
2026/06/04 11:17:40,158,0.2250855565071106
2026/06/04 11:17:41,158,0.1988668143749237
2026/06/04 11:17:42,158,0.2475191354751587
2026/06/04 11:17:43,157,0.2076512724161148
2026/06/04 11:17:44,157,0.20570944249629974
2026/06/04 11:17:45,157,0.11417298763990402
2026/06/04 11:17:46,157,0.15714675188064575
2026/06/04 11:17:47,156,0.15745191276073456
2026/06/04 11:17:48,155,0.10456186532974243
2026/06/04 11:17:49,154,0.25945910811424255
2026/06/04 11:17:50,153,0.22938193380832672
2026/06/04 11:17:51,152,0.1572108268737793
2026/06/04 11:17:52,151,0.1812000721693039
2026/06/04 11:17:53,150,0.25948846340179443
2026/06/04 11:17:54,149,0.24611309170722961
2026/06/04 11:17:55,149,0.11711166054010391
2026/06/04 11:17:56,149,0.29070889949798584
2026/06/04 11:17:57,148,0.11892317980527878
2026/06/04 11:17:58,148,0.2243371456861496
2026/06/04 11:17:59,147,0.12825967371463776
2026/06/04 11:18:00,146,0.3240185081958771
2026/06/04 11:18:01,146,0.1774173527956009
2026/06/04 11:18:02,145,0.09789008647203445
2026/06/04 11:18:03,145,0.10372883081436157
2026/06/04 11:18:04,145,0.3268527388572693
2026/06/04 11:18:05,145,0.6392439007759094
2026/06/04 11:18:06,145,0.22766506671905518
2026/06/04 11:18:07,146,0.10276210308074951
2026/06/04 11:18:08,146,0.22354580461978912
2026/06/04 11:18:09,146,0.9172670841217041
2026/06/04 11:18:10,147,0.07458994537591934
2026/06/04 11:18:11,147,0.13326990604400635
2026/06/04 11:18:12,147,0.4067196846008301
2026/06/04 11:18:13,147,0.3890135586261749
2026/06/04 11:18:14,147,0.40155354142189026
2026/06/04 11:18:15,147,0.677060067653656
2026/06/04 11:18:16,148,0.1314472109079361
2026/06/04 11:18:17,148,0.20946207642555237
2026/06/04 11:18:18,148,0.40135496854782104
2026/06/04 11:18:19,148,0.4386186897754669
2026/06/04 11:18:20,148,0.3822728395462036
2026/06/04 11:18:21,148,0.10386738181114197
2026/06/04 11:18:22,147,0.5384044051170349
2026/06/04 11:18:23,146,1.5224055051803589
2026/06/04 11:18:24,146,0.27477502822875977
2026/06/04 11:18:25,145,0.13006560504436493
2026/06/04 11:18:26,145,0.25504207611083984
2026/06/04 11:18:27,144,0.12262216955423355
2026/06/04 11:18:28,144,0.14660733938217163
2026/06/04 11:18:29,144,0.08271327614784241
2026/06/04 11:18:30,143,0.11843657493591309
2026/06/04 11:18:31,144,0.2794380784034729
2026/06/04 11:18:32,144,0.3143394887447357
2026/06/04 11:18:33,145,0.1441630870103836
2026/06/04 11:18:34,145,0.09185003489255905
2026/06/04 11:18:35,146,0.2106582671403885
2026/06/04 11:18:36,147,0.31318774819374084
2026/06/04 11:18:37,147,0.17258533835411072
2026/06/04 11:18:38,148,0.3184511661529541
2026/06/04 11:18:39,148,0.6530943512916565
2026/06/04 11:18:40,148,0.3660464286804199
2026/06/04 11:18:41,147,1.1708130836486816
2026/06/04 11:18:42,147,0.4843524396419525
2026/06/04 11:18:43,147,0.5688538551330566
2026/06/04 11:18:44,147,0.5788244605064392
2026/06/04 11:18:45,147,0.9124327301979065
2026/06/04 11:18:46,147,0.9381400346755981
2026/06/04 11:18:47,147,0.9007935523986816
2026/06/04 11:18:48,147,0.4651913344860077
2026/06/04 11:18:49,147,0.3361894190311432
2026/06/04 11:18:50,148,0.08998474478721619
2026/06/04 11:18:51,147,0.07514290511608124
2026/06/04 11:18:52,146,1.021934986114502
2026/06/04 11:18:53,145,1.640723466873169
2026/06/04 11:18:54,144,0.5844582915306091
2026/06/04 11:18:55,144,1.0893728733062744
2026/06/04 11:18:56,143,1.4964088201522827
2026/06/04 11:18:57,142,0.7002676129341125
2026/06/04 11:18:58,141,0.27485525608062744
2026/06/04 11:18:59,140,1.0975589752197266
2026/06/04 11:19:00,140,0.2431342899799347
2026/06/04 11:19:01,139,0.6189387440681458
2026/06/04 11:19:02,139,0.1863877773284912
2026/06/04 11:19:03,141,0.16914454102516174
2026/06/04 11:19:04,143,0.18920567631721497
2026/06/04 11:19:05,143,0.18822908401489258
2026/06/04 11:19:06,144,0.18592822551727295
2026/06/04 11:19:07,145,0.1797827035188675
2026/06/04 11:19:08,145,0.3713303804397583
2026/06/04 11:19:09,146,0.15528804063796997
2026/06/04 11:19:10,147,0.12324075400829315
2026/06/04 11:19:11,148,0.024482252076268196
2026/06/04 11:19:12,149,0.021537359803915024
2026/06/04 11:19:13,151,0.030705677345395088
2026/06/04 11:19:14,152,0.07019554078578949
2026/06/04 11:19:15,152,0.10873536765575409
2026/06/04 11:19:16,152,0.054792921990156174
2026/06/04 11:19:17,151,0.04322226718068123
2026/06/04 11:19:18,150,0.042058371007442474
2026/06/04 11:19:19,149,0.11905567348003387
2026/06/04 11:19:20,148,0.24510914087295532
2026/06/04 11:19:21,147,0.3871810734272003
2026/06/04 11:19:22,147,0.3079090714454651
2026/06/04 11:19:23,147,0.09619086980819702
2026/06/04 11:19:24,147,0.0729631632566452
2026/06/04 11:19:25,147,0.2229584902524948
2026/06/04 11:19:26,147,0.23866553604602814
2026/06/04 11:19:27,147,0.15486066043376923
2026/06/04 11:19:28,146,0.23533496260643005
2026/06/04 11:19:29,146,0.32470500469207764
2026/06/04 11:19:30,146,0.0887337401509285
2026/06/04 11:19:31,146,0.12276162952184677
2026/06/04 11:19:32,146,0.27699294686317444
2026/06/04 11:19:33,146,0.4718579649925232
2026/06/04 11:19:34,146,0.24918903410434723
2026/06/04 11:19:35,147,2.174105644226074
2026/06/04 11:19:36,147,0.8130229711532593
2026/06/04 11:19:37,147,0.39089104533195496
2026/06/04 11:19:38,147,0.4059317409992218
2026/06/04 11:19:39,148,0.6185625791549683
2026/06/04 11:19:40,148,1.1516714096069336
2026/06/04 11:19:41,148,0.31460699439048767
2026/06/04 11:19:42,148,0.15818479657173157
2026/06/04 11:19:43,149,0.23129528760910034
2026/06/04 11:19:44,149,0.26254016160964966
2026/06/04 11:19:45,149,0.12591789662837982
2026/06/04 11:19:46,149,0.12492335587739944
2026/06/04 11:19:47,149,0.45045560598373413
2026/06/04 11:19:48,149,0.9969885945320129
2026/06/04 11:19:49,149,0.18657828867435455
2026/06/04 11:19:50,149,1.4938976764678955
2026/06/04 11:19:51,149,2.517371654510498
2026/06/04 11:19:52,149,1.934356689453125
2026/06/04 11:19:53,149,0.5133078098297119
2026/06/04 11:19:54,149,0.2229580283164978
2026/06/04 11:19:55,150,0.39697954058647156
2026/06/04 11:19:56,150,0.20368696749210358
2026/06/04 11:19:57,151,0.6546996831893921
2026/06/04 11:19:58,152,1.0318865776062012
2026/06/04 11:19:59,152,0.8326541781425476
2026/06/04 11:20:00,152,0.5980878472328186
2026/06/04 11:20:01,152,0.3456284701824188
2026/06/04 11:20:02,152,0.11282328516244888
2026/06/04 11:20:03,153,0.12576206028461456
2026/06/04 11:20:04,153,0.07704740762710571
2026/06/04 11:20:05,153,1.2747057676315308
2026/06/04 11:20:06,154,0.4819047451019287
2026/06/04 11:20:07,154,0.1456458866596222
2026/06/04 11:20:08,154,0.06292637437582016
2026/06/04 11:20:09,154,0.0719045028090477
2026/06/04 11:20:10,154,0.0855996310710907
2026/06/04 11:20:11,154,0.46452584862709045
2026/06/04 11:20:12,154,0.22763189673423767
2026/06/04 11:20:13,154,0.3267607092857361
2026/06/04 11:20:14,154,0.13708463311195374
2026/06/04 11:20:15,155,0.19642530381679535
2026/06/04 11:20:16,156,0.1381502002477646
2026/06/04 11:20:17,156,0.10698864609003067
2026/06/04 11:20:18,157,0.09352780133485794
2026/06/04 11:20:19,158,0.06282761693000793
2026/06/04 11:20:20,159,0.38919344544410706
2026/06/04 11:20:21,160,0.637708306312561
2026/06/04 11:20:22,161,0.25400179624557495
2026/06/04 11:20:23,161,0.1874910145998001
2026/06/04 11:20:24,162,0.30356699228286743
2026/06/04 11:20:25,162,0.41658729314804077
2026/06/04 11:20:26,161,0.25109919905662537
2026/06/04 11:20:27,161,0.1548098921775818
2026/06/04 11:20:28,161,0.09420019388198853
2026/06/04 11:20:29,160,1.3622090816497803
2026/06/04 11:20:30,160,0.7123970985412598
2026/06/04 11:20:31,160,0.4300954341888428
2026/06/04 11:20:32,160,0.14531050622463226
2026/06/04 11:20:33,160,0.2597782015800476
2026/06/04 11:20:34,160,0.5617547035217285
2026/06/04 11:20:35,161,1.3517593145370483
2026/06/04 11:20:36,161,0.24000562727451324
2026/06/04 11:20:37,161,0.14383026957511902
2026/06/04 11:20:38,162,0.16315655410289764
2026/06/04 11:20:39,162,0.19224883615970612
2026/06/04 11:20:40,162,0.21647147834300995
2026/06/04 11:20:41,163,0.21429117023944855
2026/06/04 11:20:42,163,0.11047037690877914
2026/06/04 11:20:43,164,0.19426113367080688
2026/06/04 11:20:44,165,0.17489252984523773
2026/06/04 11:20:45,165,0.06433755904436111
2026/06/04 11:20:46,166,0.10982006043195724
2026/06/04 11:20:47,166,0.1888822764158249
2026/06/04 11:20:48,166,0.22719988226890564
2026/06/04 11:20:49,166,0.15884970128536224
2026/06/04 11:20:50,166,0.12932534515857697
2026/06/04 11:20:51,166,0.1468028724193573
2026/06/04 11:20:52,166,0.1540498286485672
2026/06/04 11:20:53,165,0.11232469975948334
2026/06/04 11:20:54,164,0.18318195641040802
2026/06/04 11:20:55,162,0.31367555260658264
2026/06/04 11:20:56,161,0.2887541651725769
2026/06/04 11:20:57,160,0.3379814922809601
2026/06/04 11:20:58,160,0.2959931194782257
2026/06/04 11:20:59,159,0.19663964211940765
2026/06/04 11:21:00,159,0.2982471287250519
2026/06/04 11:21:01,158,0.14073890447616577
2026/06/04 11:21:02,158,0.18695929646492004
2026/06/04 11:21:03,157,0.10298973321914673
2026/06/04 11:21:04,157,0.4025896489620209
2026/06/04 11:21:05,156,0.6279434561729431
2026/06/04 11:21:06,155,0.33717289566993713
2026/06/04 11:21:07,155,0.16146241128444672
2026/06/04 11:21:08,154,0.09285251796245575
2026/06/04 11:21:09,154,0.5589002370834351
2026/06/04 11:21:10,154,0.6963948011398315
2026/06/04 11:21:11,154,1.2709988355636597
2026/06/04 11:21:12,154,0.2004009634256363
2026/06/04 11:21:13,154,0.16789735853672028
2026/06/04 11:21:14,154,1.0161290168762207
2026/06/04 11:21:15,154,1.0103724002838135
2026/06/04 11:21:16,154,0.3389776647090912
2026/06/04 11:21:17,153,0.09370169788599014
2026/06/04 11:21:18,153,0.20469720661640167
2026/06/04 11:21:19,153,0.2147790938615799
2026/06/04 11:21:20,152,0.8005818724632263
2026/06/04 11:21:21,153,0.3883313238620758
2026/06/04 11:21:22,153,0.11754334717988968
2026/06/04 11:21:23,154,0.1865539848804474
2026/06/04 11:21:24,155,0.23780491948127747
2026/06/04 11:21:25,156,0.32636985182762146
2026/06/04 11:21:26,156,0.14452528953552246
2026/06/04 11:21:27,157,0.13868319988250732
2026/06/04 11:21:28,157,0.1160946786403656
2026/06/04 11:21:29,157,0.953969419002533
2026/06/04 11:21:30,157,0.21744196116924286
2026/06/04 11:21:31,158,0.15758660435676575
2026/06/04 11:21:32,158,0.1055266335606575
2026/06/04 11:21:33,158,0.21634763479232788
2026/06/04 11:21:34,158,0.4408951997756958
2026/06/04 11:21:35,158,0.30887892842292786
2026/06/04 11:21:36,158,0.0783260241150856
2026/06/04 11:21:37,158,0.03352541849017143
2026/06/04 11:21:38,158,0.19409675896167755
2026/06/04 11:21:39,158,0.655350923538208
2026/06/04 11:21:40,158,0.20575235784053802
2026/06/04 11:21:41,159,0.14069272577762604
2026/06/04 11:21:42,159,0.20476913452148438
2026/06/04 11:21:43,159,0.12633134424686432
2026/06/04 11:21:44,158,0.254131019115448
2026/06/04 11:21:45,158,1.0005348920822144
2026/06/04 11:21:46,158,0.9551445841789246
2026/06/04 11:21:47,158,0.34636786580085754
2026/06/04 11:21:48,158,0.6282379627227783
2026/06/04 11:21:49,157,1.0805126428604126
2026/06/04 11:21:50,157,0.9573405981063843
2026/06/04 11:21:51,157,0.37802767753601074
2026/06/04 11:21:52,157,0.2591071128845215
2026/06/04 11:21:53,157,0.157401442527771
2026/06/04 11:21:54,157,0.20801591873168945
2026/06/04 11:21:55,156,0.08539024740457535
2026/06/04 11:21:56,156,0.49127402901649475
2026/06/04 11:21:57,155,0.7691017389297485
2026/06/04 11:21:58,155,0.2645672857761383
2026/06/04 11:21:59,154,0.2008858472108841
2026/06/04 11:22:00,154,0.12903742492198944
2026/06/04 11:22:01,153,0.4448152780532837
2026/06/04 11:22:02,153,0.4489929676055908
2026/06/04 11:22:03,153,0.30975401401519775
2026/06/04 11:22:04,154,0.27658525109291077
2026/06/04 11:22:05,154,0.0785694494843483
2026/06/04 11:22:06,154,0.17669539153575897
2026/06/04 11:22:07,155,0.48456859588623047
2026/06/04 11:22:08,155,0.33640146255493164
2026/06/04 11:22:09,156,0.17730267345905304
2026/06/04 11:22:10,156,0.16658909618854523
2026/06/04 11:22:11,157,0.21058911085128784
2026/06/04 11:22:12,157,0.9111875295639038
2026/06/04 11:22:13,158,0.1817244589328766
2026/06/04 11:22:14,158,0.09901665896177292
2026/06/04 11:22:15,158,0.4855596423149109
2026/06/04 11:22:16,158,0.5463533401489258
2026/06/04 11:22:17,159,0.185240238904953
2026/06/04 11:22:18,159,0.10737710446119308
2026/06/04 11:22:19,160,0.4243555963039398
2026/06/04 11:22:20,160,0.8150489926338196
2026/06/04 11:22:21,161,0.2520120441913605
2026/06/04 11:22:22,161,0.21759426593780518
2026/06/04 11:22:23,162,0.2517470717430115
2026/06/04 11:22:24,162,0.20501968264579773
2026/06/04 11:22:25,162,0.15302488207817078
2026/06/04 11:22:26,162,0.13701274991035461
2026/06/04 11:22:27,162,0.1473109871149063
2026/06/04 11:22:28,162,0.2775249779224396
2026/06/04 11:22:29,161,0.159321129322052
2026/06/04 11:22:30,161,0.09123542159795761
2026/06/04 11:22:31,160,0.1288265585899353
2026/06/04 11:22:32,159,0.18159352242946625
2026/06/04 11:22:33,158,0.061773620545864105
2026/06/04 11:22:34,157,0.15727481245994568
2026/06/04 11:22:35,156,0.17075513303279877
2026/06/04 11:22:36,155,0.1271568238735199
2026/06/04 11:22:37,154,0.11467721313238144
2026/06/04 11:22:38,153,0.3014834523200989
2026/06/04 11:22:39,153,0.2606315612792969
2026/06/04 11:22:40,152,0.13617059588432312
2026/06/04 11:22:41,151,0.43126630783081055
2026/06/04 11:22:42,150,0.11192823201417923
2026/06/04 11:22:43,149,0.11711146682500839
2026/06/04 11:22:44,148,0.27625489234924316
2026/06/04 11:22:45,148,0.41961854696273804
2026/06/04 11:22:46,147,0.07997697591781616
2026/06/04 11:22:47,147,0.13092008233070374
2026/06/04 11:22:48,147,0.14578081667423248
2026/06/04 11:22:49,146,0.08348607271909714
2026/06/04 11:22:50,146,0.0758761540055275
2026/06/04 11:22:51,145,0.09039788693189621
2026/06/04 11:22:52,144,0.07236282527446747
2026/06/04 11:22:53,144,0.19800324738025665
2026/06/04 11:22:54,143,0.2116154134273529
2026/06/04 11:22:55,142,0.15687589347362518
2026/06/04 11:22:56,142,0.3317379653453827
2026/06/04 11:22:57,142,0.20457512140274048
2026/06/04 11:22:58,142,0.2096036672592163
2026/06/04 11:22:59,142,0.2512196898460388
2026/06/04 11:23:00,142,0.10861508548259735
2026/06/04 11:23:01,142,0.0602705255150795
2026/06/04 11:23:02,142,0.12781405448913574
2026/06/04 11:23:03,142,0.20276379585266113
2026/06/04 11:23:04,142,0.022729262709617615
2026/06/04 11:23:05,142,0.017434388399124146
2026/06/04 11:23:06,141,0.10780032724142075
2026/06/04 11:23:07,142,0.1687934249639511
2026/06/04 11:23:08,142,0.05774463340640068
2026/06/04 11:23:09,141,0.12584428489208221
2026/06/04 11:23:10,141,0.4294542968273163
2026/06/04 11:23:11,140,0.11985421925783157
2026/06/04 11:23:12,140,0.07716191560029984
2026/06/04 11:23:13,139,0.07295165210962296
2026/06/04 11:23:14,138,0.02676432766020298
2026/06/04 11:23:15,136,0.032335955649614334
2026/06/04 11:23:16,135,0.07729329913854599
2026/06/04 11:23:17,134,0.41716140508651733
2026/06/04 11:23:18,133,0.16019105911254883
2026/06/04 11:23:19,134,0.09557975828647614
2026/06/04 11:23:20,134,0.05832793563604355
2026/06/04 11:23:21,135,0.11947071552276611
2026/06/04 11:23:22,135,0.11059234291315079
2026/06/04 11:23:23,135,0.24582716822624207
2026/06/04 11:23:24,135,0.9511566758155823
2026/06/04 11:23:25,135,0.15052051842212677
2026/06/04 11:23:26,135,0.1419292837381363
2026/06/04 11:23:27,134,0.1325715333223343
2026/06/04 11:23:28,134,0.7424091100692749
2026/06/04 11:23:29,133,0.1756473332643509
2026/06/04 11:23:30,133,0.11170199513435364
2026/06/04 11:23:31,133,0.1539381742477417
2026/06/04 11:23:32,132,0.41106781363487244
2026/06/04 11:23:33,132,0.43724605441093445
2026/06/04 11:23:34,131,0.7258558869361877
2026/06/04 11:23:35,131,0.28441321849823
2026/06/04 11:23:36,131,0.26271677017211914
2026/06/04 11:23:37,130,0.2193842977285385
2026/06/04 11:23:38,129,0.19018259644508362
2026/06/04 11:23:39,129,0.22346466779708862
2026/06/04 11:23:40,129,0.2129751294851303
2026/06/04 11:23:41,128,0.23005960881710052
2026/06/04 11:23:42,128,0.26869475841522217
2026/06/04 11:23:43,127,0.2111792266368866
2026/06/04 11:23:44,127,0.21629422903060913
2026/06/04 11:23:45,127,0.21468394994735718
2026/06/04 11:23:46,128,0.1472800225019455
2026/06/04 11:23:47,128,0.11194507777690887
2026/06/04 11:23:48,127,0.1120675578713417
2026/06/04 11:23:49,127,0.095327228307724
2026/06/04 11:23:50,126,0.11577335000038147
2026/06/04 11:23:51,126,0.14421440660953522
2026/06/04 11:23:52,125,0.14634594321250916
2026/06/04 11:23:53,124,0.14154797792434692
2026/06/04 11:23:54,124,0.196039617061615
2026/06/04 11:23:55,123,0.19402848184108734
2026/06/04 11:23:56,123,0.17256297171115875
2026/06/04 11:23:57,123,0.1509847193956375
2026/06/04 11:23:58,123,0.3223024308681488
2026/06/04 11:23:59,124,0.5223109126091003
2026/06/04 11:24:00,124,0.18384264409542084
2026/06/04 11:24:01,125,0.13006731867790222
2026/06/04 11:24:02,125,0.0857817530632019
2026/06/04 11:24:03,125,0.0909682884812355
2026/06/04 11:24:04,125,0.5027772188186646
2026/06/04 11:24:05,125,0.2018095701932907
2026/06/04 11:24:06,125,0.09977217763662338
2026/06/04 11:24:07,125,0.05615388974547386
2026/06/04 11:24:08,125,0.5096030235290527
2026/06/04 11:24:09,125,0.3724135756492615
2026/06/04 11:24:10,125,0.16182266175746918
2026/06/04 11:24:11,124,0.07907206565141678
2026/06/04 11:24:12,124,0.4419592022895813
2026/06/04 11:24:13,124,0.3814370632171631
2026/06/04 11:24:14,124,0.16559024155139923
2026/06/04 11:24:15,123,0.26114338636398315
2026/06/04 11:24:16,123,1.3519493341445923
2026/06/04 11:24:17,123,1.4776995182037354
2026/06/04 11:24:18,123,0.2683683931827545
2026/06/04 11:24:19,124,0.2393546849489212
2026/06/04 11:24:20,124,0.4169163107872009
2026/06/04 11:24:21,124,0.22329841554164886
2026/06/04 11:24:22,124,0.1451389044523239
2026/06/04 11:24:23,123,0.06050281599164009
2026/06/04 11:24:24,123,0.058835890144109726
2026/06/04 11:24:25,123,0.10746648907661438
2026/06/04 11:24:26,122,0.4386242926120758
2026/06/04 11:24:27,123,0.11290968954563141
2026/06/04 11:24:28,123,0.06793136149644852
2026/06/04 11:24:29,124,0.05983516201376915
2026/06/04 11:24:30,124,0.05429615080356598
2026/06/04 11:24:31,125,0.07510832697153091
2026/06/04 11:24:32,125,0.1826009750366211
2026/06/04 11:24:33,126,0.12789592146873474
2026/06/04 11:24:34,127,0.11964508146047592
2026/06/04 11:24:35,128,0.15479876101016998
2026/06/04 11:24:36,130,0.2729731798171997
2026/06/04 11:24:37,132,0.3209935128688812
2026/06/04 11:24:38,133,0.29822874069213867
2026/06/04 11:24:39,134,0.2448543757200241
2026/06/04 11:24:40,134,0.1883046180009842
2026/06/04 11:24:41,134,0.08607537299394608
2026/06/04 11:24:42,134,0.056441135704517365
2026/06/04 11:24:43,134,0.14709244668483734
2026/06/04 11:24:44,134,0.09317483752965927
2026/06/04 11:24:45,134,0.08504210412502289
2026/06/04 11:24:46,134,0.13721014559268951
2026/06/04 11:24:47,134,0.15203559398651123
2026/06/04 11:24:48,134,0.13054858148097992
2026/06/04 11:24:49,134,0.16919176280498505
2026/06/04 11:24:50,134,0.08402545750141144
2026/06/04 11:24:51,133,0.06509868800640106
2026/06/04 11:24:52,133,0.04362626001238823
2026/06/04 11:24:53,132,0.05065756291151047
2026/06/04 11:24:54,132,0.056670449674129486
2026/06/04 11:24:55,132,0.2995842397212982
2026/06/04 11:24:56,132,0.11219575256109238
2026/06/04 11:24:57,132,0.21143440902233124
2026/06/04 11:24:58,132,0.15155984461307526
2026/06/04 11:24:59,132,0.08804444968700409
2026/06/04 11:25:00,132,0.565861165523529
2026/06/04 11:25:01,132,0.5845423936843872
2026/06/04 11:25:02,133,0.02310921438038349
2026/06/04 11:25:03,134,0.06739050149917603
2026/06/04 11:25:04,134,0.10704715549945831
2026/06/04 11:25:05,135,0.12465590238571167
2026/06/04 11:25:06,135,0.08953426778316498
2026/06/04 11:25:07,134,0.15597806870937347
2026/06/04 11:25:08,133,0.10627540946006775
2026/06/04 11:25:09,132,0.194834902882576
2026/06/04 11:25:10,132,0.18344147503376007
2026/06/04 11:25:11,131,0.1503361314535141
2026/06/04 11:25:12,130,0.11142504960298538
2026/06/04 11:25:13,129,0.15996919572353363
2026/06/04 11:25:14,128,0.3282860517501831
2026/06/04 11:25:15,127,0.9875179529190063
2026/06/04 11:25:16,126,0.1869288831949234
2026/06/04 11:25:17,126,0.32872143387794495
2026/06/04 11:25:18,125,0.27383899688720703
2026/06/04 11:25:19,124,0.19114090502262115
2026/06/04 11:25:20,123,0.07950110733509064
2026/06/04 11:25:21,123,0.546337366104126
2026/06/04 11:25:22,122,0.3589535057544708
2026/06/04 11:25:23,122,0.179695263504982
2026/06/04 11:25:24,121,0.1097031831741333
2026/06/04 11:25:25,121,0.4428146183490753
2026/06/04 11:25:26,120,0.8344449996948242
2026/06/04 11:25:27,119,0.28372612595558167
2026/06/04 11:25:28,118,0.07787399739027023
2026/06/04 11:25:29,118,0.19386547803878784
2026/06/04 11:25:30,117,0.22708240151405334
2026/06/04 11:25:31,118,0.22811494767665863
2026/06/04 11:25:32,118,0.21264392137527466
2026/06/04 11:25:33,119,0.32290780544281006
2026/06/04 11:25:34,119,0.4259651303291321
2026/06/04 11:25:35,120,0.520626425743103
2026/06/04 11:25:36,120,0.20720337331295013
2026/06/04 11:25:37,121,0.21002724766731262
2026/06/04 11:25:38,122,0.18662331998348236
2026/06/04 11:25:39,125,0.10330381244421005
2026/06/04 11:25:40,127,0.10461513698101044
2026/06/04 11:25:41,129,0.43244004249572754
2026/06/04 11:25:42,130,0.809069812297821
2026/06/04 11:25:43,132,0.1472233384847641
2026/06/04 11:25:44,133,0.31508010625839233
2026/06/04 11:25:45,134,0.15654580295085907
2026/06/04 11:25:46,135,0.20712852478027344
2026/06/04 11:25:47,136,0.11360235512256622
2026/06/04 11:25:48,136,0.07408436387777328
2026/06/04 11:25:49,137,0.11620556563138962
2026/06/04 11:25:50,138,0.4761868119239807
2026/06/04 11:25:51,139,0.48864972591400146
2026/06/04 11:25:52,139,0.12554770708084106
2026/06/04 11:25:53,140,0.16856080293655396
2026/06/04 11:25:54,140,0.1167224645614624
2026/06/04 11:25:55,141,1.7887463569641113
2026/06/04 11:25:56,141,0.28594931960105896
2026/06/04 11:25:57,141,0.4398888051509857
2026/06/04 11:25:58,141,0.5291553139686584
2026/06/04 11:25:59,141,0.14060579240322113
2026/06/04 11:26:00,141,0.207510843873024
2026/06/04 11:26:01,141,0.08009325712919235
2026/06/04 11:26:02,142,0.06325726211071014
2026/06/04 11:26:03,142,0.06509247422218323
2026/06/04 11:26:04,142,0.3193906247615814
2026/06/04 11:26:05,142,1.088960886001587
2026/06/04 11:26:06,142,0.239283487200737
2026/06/04 11:26:07,143,0.02466418966650963
2026/06/04 11:26:08,143,0.09947662800550461
2026/06/04 11:26:09,143,0.0661049634218216
2026/06/04 11:26:10,143,0.153227299451828
2026/06/04 11:26:11,142,0.22167156636714935
2026/06/04 11:26:12,142,0.36300331354141235
2026/06/04 11:26:13,141,0.24702340364456177
2026/06/04 11:26:14,141,0.33156654238700867
2026/06/04 11:26:15,141,0.31388401985168457
2026/06/04 11:26:16,140,0.2564009130001068
2026/06/04 11:26:17,140,0.2855381369590759
2026/06/04 11:26:18,140,0.2390768975019455
2026/06/04 11:26:19,139,0.30503520369529724
2026/06/04 11:26:20,138,0.19282740354537964
2026/06/04 11:26:21,138,0.14953778684139252
2026/06/04 11:26:22,137,0.13515812158584595
2026/06/04 11:26:23,136,0.17129601538181305
2026/06/04 11:26:24,136,0.13143692910671234
2026/06/04 11:26:25,135,0.07394902408123016
2026/06/04 11:26:26,134,0.041890669614076614
2026/06/04 11:26:27,134,0.06813400983810425
2026/06/04 11:26:28,133,0.029510656371712685
2026/06/04 11:26:29,132,0.02935340255498886
2026/06/04 11:26:30,132,0.0291542187333107
2026/06/04 11:26:31,132,0.030804846435785294
2026/06/04 11:26:32,131,0.020802641287446022
2026/06/04 11:26:33,131,0.02127682790160179
2026/06/04 11:26:34,131,0.01255514845252037
2026/06/04 11:26:35,131,0.02082044631242752
2026/06/04 11:26:36,131,0.21422621607780457
2026/06/04 11:26:37,131,0.42739859223365784
2026/06/04 11:26:38,130,0.12347596883773804
2026/06/04 11:26:39,130,0.14651060104370117
2026/06/04 11:26:40,130,0.061815716326236725
2026/06/04 11:26:41,130,0.09575922042131424
2026/06/04 11:26:42,130,0.05868726223707199
2026/06/04 11:26:43,130,0.09824153780937195
2026/06/04 11:26:44,130,0.033258941024541855
2026/06/04 11:26:45,130,0.037088144570589066
2026/06/04 11:26:46,130,0.029165904968976974
2026/06/04 11:26:47,131,0.04486460238695145
2026/06/04 11:26:48,131,0.0870887041091919
2026/06/04 11:26:49,131,0.2628176510334015
2026/06/04 11:26:50,130,0.12558682262897491
2026/06/04 11:26:51,130,0.11649465560913086
2026/06/04 11:26:52,130,0.019100109115242958
2026/06/04 11:26:53,129,0.01952837035059929
2026/06/04 11:26:54,129,0.024198992177844048
2026/06/04 11:26:55,129,0.019231973215937614
2026/06/04 11:26:56,129,0.018420252948999405
2026/06/04 11:26:57,128,0.2011660486459732
2026/06/04 11:26:58,127,0.5095598697662354
2026/06/04 11:26:59,126,0.15661653876304626
2026/06/04 11:27:00,126,0.15552932024002075
2026/06/04 11:27:01,126,0.2927913963794708
2026/06/04 11:27:02,125,0.14642925560474396
2026/06/04 11:27:03,124,0.09108235687017441
2026/06/04 11:27:04,124,0.09301313757896423
2026/06/04 11:27:05,123,0.0985272228717804
2026/06/04 11:27:06,122,0.03248968720436096
2026/06/04 11:27:07,122,0.09019006788730621
2026/06/04 11:27:08,122,0.15035557746887207
2026/06/04 11:27:09,121,0.3969572186470032
2026/06/04 11:27:10,121,0.05973505228757858
2026/06/04 11:27:11,120,0.12322726845741272
2026/06/04 11:27:12,120,0.8078653216362
2026/06/04 11:27:13,119,0.7676209807395935
2026/06/04 11:27:14,119,0.7782549858093262
2026/06/04 11:27:15,118,0.4546051621437073
2026/06/04 11:27:16,118,0.35403957962989807
2026/06/04 11:27:17,118,0.18403083086013794
2026/06/04 11:27:18,118,0.26100125908851624
2026/06/04 11:27:19,118,0.5377062559127808
2026/06/04 11:27:20,118,0.4814886748790741
2026/06/04 11:27:21,118,0.1391330361366272
2026/06/04 11:27:22,118,0.1758863478899002
2026/06/04 11:27:23,119,0.35157492756843567
2026/06/04 11:27:24,120,0.17659030854701996
2026/06/04 11:27:25,121,0.09730777889490128
2026/06/04 11:27:26,122,1.0668524503707886
2026/06/04 11:27:27,122,1.1245521306991577
2026/06/04 11:27:28,123,0.6541377305984497
2026/06/04 11:27:29,123,0.6501491069793701
2026/06/04 11:27:30,123,1.034298062324524
2026/06/04 11:27:31,124,0.766075611114502
2026/06/04 11:27:32,124,0.18179728090763092
2026/06/04 11:27:33,124,0.14357580244541168
2026/06/04 11:27:34,125,0.16432920098304749
2026/06/04 11:27:35,127,0.06966260820627213
2026/06/04 11:27:36,128,0.06560839712619781
2026/06/04 11:27:37,129,0.23499628901481628
2026/06/04 11:27:38,130,0.08456147462129593
2026/06/04 11:27:39,130,0.34738221764564514
2026/06/04 11:27:40,131,0.5658196210861206
2026/06/04 11:27:41,131,0.10253948718309402
2026/06/04 11:27:42,132,0.11724858731031418
2026/06/04 11:27:43,133,0.10163096338510513
2026/06/04 11:27:44,134,0.06368324905633926
2026/06/04 11:27:45,136,0.10898232460021973
2026/06/04 11:27:46,138,0.08934096992015839
2026/06/04 11:27:47,139,0.08660919964313507
2026/06/04 11:27:48,140,0.08528194576501846
2026/06/04 11:27:49,140,0.40127912163734436
2026/06/04 11:27:50,140,0.839301586151123
2026/06/04 11:27:51,139,1.1252315044403076
2026/06/04 11:27:52,139,1.0013682842254639
2026/06/04 11:27:53,139,1.1235852241516113
2026/06/04 11:27:54,139,0.6768640279769897
2026/06/04 11:27:55,139,0.2953189015388489
2026/06/04 11:27:56,138,0.1719801425933838
2026/06/04 11:27:57,138,0.24176008999347687
2026/06/04 11:27:58,138,1.2029132843017578
2026/06/04 11:27:59,138,0.7435415387153625
2026/06/04 11:28:00,139,2.2201664447784424
2026/06/04 11:28:01,139,0.25657328963279724
2026/06/04 11:28:02,139,0.12200792878866196
2026/06/04 11:28:03,139,0.2455684244632721
2026/06/04 11:28:04,139,0.07278695702552795
2026/06/04 11:28:05,139,0.11829295009374619
2026/06/04 11:28:06,138,0.13387523591518402
2026/06/04 11:28:07,138,0.17660804092884064
2026/06/04 11:28:08,137,0.1948268860578537
2026/06/04 11:28:09,137,0.15854626893997192
2026/06/04 11:28:10,136,0.19583773612976074
2026/06/04 11:28:11,137,0.20621992647647858
2026/06/04 11:28:12,137,0.22863173484802246
2026/06/04 11:28:13,137,0.18414080142974854
2026/06/04 11:28:14,138,0.19350261986255646
2026/06/04 11:28:15,138,0.17571505904197693
2026/06/04 11:28:16,139,0.19420810043811798
2026/06/04 11:28:17,139,0.14288628101348877
2026/06/04 11:28:18,139,0.1667843461036682
2026/06/04 11:28:19,139,0.16620098054409027
2026/06/04 11:28:20,139,0.16772505640983582
2026/06/04 11:28:21,139,0.12652580440044403
2026/06/04 11:28:22,140,0.12707221508026123
2026/06/04 11:28:23,140,0.16615797579288483
2026/06/04 11:28:24,140,0.13622277975082397
2026/06/04 11:28:25,141,0.15771500766277313
2026/06/04 11:28:26,141,0.11567903310060501
2026/06/04 11:28:27,140,0.12647289037704468
2026/06/04 11:28:28,139,0.1491272747516632
2026/06/04 11:28:29,138,0.2280941754579544
2026/06/04 11:28:30,137,0.11305501312017441
2026/06/04 11:28:31,137,0.1956891566514969
2026/06/04 11:28:32,138,0.14067623019218445
2026/06/04 11:28:33,138,0.20140457153320312
2026/06/04 11:28:34,138,0.19082991778850555
2026/06/04 11:28:35,138,0.09614885598421097
2026/06/04 11:28:36,138,0.08899372071027756
2026/06/04 11:28:37,137,0.4254307448863983
2026/06/04 11:28:38,137,0.22565078735351562
2026/06/04 11:28:39,136,0.1325201541185379
2026/06/04 11:28:40,136,0.055568765848875046
2026/06/04 11:28:41,136,0.03235737979412079
2026/06/04 11:28:42,136,0.02464098297059536
2026/06/04 11:28:43,135,0.03836061432957649
2026/06/04 11:28:44,135,0.053497254848480225
2026/06/04 11:28:45,134,0.05174039304256439
2026/06/04 11:28:46,134,0.04774361848831177
2026/06/04 11:28:47,134,0.1073465645313263
2026/06/04 11:28:48,134,0.46625447273254395
2026/06/04 11:28:49,135,0.1358025223016739
2026/06/04 11:28:50,135,0.1423875093460083
2026/06/04 11:28:51,135,0.09677737951278687
2026/06/04 11:28:52,135,0.0954403355717659
2026/06/04 11:28:53,134,0.14497782289981842
2026/06/04 11:28:54,134,0.1353459507226944
2026/06/04 11:28:55,133,0.13719555735588074
2026/06/04 11:28:56,132,0.2730086147785187
2026/06/04 11:28:57,132,0.1664522886276245
2026/06/04 11:28:58,131,0.2044917494058609
2026/06/04 11:28:59,130,0.23916062712669373
2026/06/04 11:29:00,130,0.25918447971343994
2026/06/04 11:29:01,129,0.243792325258255
2026/06/04 11:29:02,129,0.1696997731924057
2026/06/04 11:29:03,128,0.2702169120311737
2026/06/04 11:29:04,127,0.2731332778930664
2026/06/04 11:29:05,126,0.27343475818634033
2026/06/04 11:29:06,125,0.2411024272441864
2026/06/04 11:29:07,124,0.26353883743286133
2026/06/04 11:29:08,123,0.23095214366912842
2026/06/04 11:29:09,123,0.22947068512439728
2026/06/04 11:29:10,123,0.24675342440605164
2026/06/04 11:29:11,122,0.23951853811740875
2026/06/04 11:29:12,122,0.2424890547990799
2026/06/04 11:29:13,122,0.22761473059654236
2026/06/04 11:29:14,121,0.30143049359321594
2026/06/04 11:29:15,121,0.2122979313135147
2026/06/04 11:29:16,121,0.144208624958992
2026/06/04 11:29:17,121,0.175926074385643
2026/06/04 11:29:18,122,0.1740143746137619
2026/06/04 11:29:19,122,0.1528809666633606
2026/06/04 11:29:20,122,0.15326336026191711
2026/06/04 11:29:21,121,0.16471990942955017
2026/06/04 11:29:22,121,0.18679265677928925
2026/06/04 11:29:23,121,0.15729153156280518
2026/06/04 11:29:24,122,0.17768914997577667
2026/06/04 11:29:25,121,0.16882367432117462
2026/06/04 11:29:26,121,0.21177735924720764
2026/06/04 11:29:27,121,0.20504561066627502
2026/06/04 11:29:28,120,0.2166711688041687
2026/06/04 11:29:29,120,0.18715885281562805
2026/06/04 11:29:30,119,0.2077726274728775
2026/06/04 11:29:31,120,0.1956881880760193
2026/06/04 11:29:32,120,0.19483628869056702
2026/06/04 11:29:33,120,0.2378733605146408
2026/06/04 11:29:34,120,0.25602585077285767
2026/06/04 11:29:35,119,0.34983038902282715
2026/06/04 11:29:36,118,0.15634635090827942
2026/06/04 11:29:37,117,0.27180957794189453
2026/06/04 11:29:38,117,0.18686968088150024
2026/06/04 11:29:39,116,0.2800501585006714
2026/06/04 11:29:40,116,0.05392029881477356
2026/06/04 11:29:41,115,0.013241332024335861
2026/06/04 11:29:42,115,0.012770682573318481
2026/06/04 11:29:43,116,0.012951943092048168
2026/06/04 11:29:44,117,0.02262125164270401
2026/06/04 11:29:45,117,0.040012095123529434
2026/06/04 11:29:46,117,0.014934554696083069
2026/06/04 11:29:47,117,0.029387686401605606
2026/06/04 11:29:48,118,0.044800516217947006
2026/06/04 11:29:49,118,0.10240275412797928
2026/06/04 11:29:50,119,0.0877194032073021
2026/06/04 11:29:51,119,0.06621034443378448
2026/06/04 11:29:52,120,0.06567385792732239
2026/06/04 11:29:53,121,0.05926938354969025
2026/06/04 11:29:54,122,0.08496373891830444
2026/06/04 11:29:55,123,0.10325994342565536
2026/06/04 11:29:56,124,0.12063441425561905
2026/06/04 11:29:57,126,0.05968409404158592
2026/06/04 11:29:58,127,0.060423336923122406
2026/06/04 11:29:59,126,0.1145007461309433
2026/06/04 11:30:00,125,0.09886536002159119
2026/06/04 11:30:01,125,0.3502800166606903
2026/06/04 11:30:02,125,0.1773720234632492
2026/06/04 11:30:03,125,0.0933150053024292
2026/06/04 11:30:04,125,0.11242271959781647
2026/06/04 11:30:05,125,0.1738068163394928
2026/06/04 11:30:06,125,0.15569517016410828
2026/06/04 11:30:07,125,0.13689430058002472
2026/06/04 11:30:08,125,0.15047436952590942
2026/06/04 11:30:09,125,0.177410289645195
2026/06/04 11:30:10,125,0.11206425726413727
2026/06/04 11:30:11,125,0.0922030434012413
2026/06/04 11:30:12,124,0.09153451025485992
2026/06/04 11:30:13,124,0.12269283831119537
2026/06/04 11:30:14,124,0.15488524734973907
2026/06/04 11:30:15,124,0.11032187193632126
2026/06/04 11:30:16,124,0.2118111550807953
2026/06/04 11:30:17,123,0.12349748611450195
2026/06/04 11:30:18,122,0.13710860908031464
2026/06/04 11:30:19,121,0.30990785360336304
2026/06/04 11:30:20,120,0.27608293294906616
2026/06/04 11:30:21,119,0.2204309105873108
2026/06/04 11:30:22,118,0.28479838371276855
2026/06/04 11:30:23,117,0.17243033647537231
2026/06/04 11:30:24,116,0.04307222738862038
2026/06/04 11:30:25,114,0.05151334032416344
2026/06/04 11:30:26,114,0.03692241013050079
2026/06/04 11:30:27,112,0.053675197064876556
2026/06/04 11:30:28,111,0.041034769266843796
2026/06/04 11:30:29,110,0.04746788367629051
2026/06/04 11:30:30,109,0.06372608989477158
2026/06/04 11:30:31,108,0.04723040759563446
2026/06/04 11:30:32,107,0.029623111709952354
2026/06/04 11:30:33,107,0.035482365638017654
2026/06/04 11:30:34,107,0.059965528547763824
2026/06/04 11:30:35,107,0.03036506287753582
2026/06/04 11:30:36,108,0.01848483644425869
2026/06/04 11:30:37,108,0.025153303518891335
2026/06/04 11:30:38,108,0.027273371815681458
2026/06/04 11:30:39,108,0.05422816425561905
2026/06/04 11:30:40,109,0.607630729675293
2026/06/04 11:30:41,109,0.14792709052562714
2026/06/04 11:30:42,109,0.019890427589416504
2026/06/04 11:30:43,110,0.01957012712955475
2026/06/04 11:30:44,110,0.013806777074933052
2026/06/04 11:30:45,110,0.19002164900302887
2026/06/04 11:30:46,110,0.08450949192047119
2026/06/04 11:30:47,110,0.019446803256869316
2026/06/04 11:30:48,110,0.01607585698366165
2026/06/04 11:30:49,110,0.015893101692199707
2026/06/04 11:30:50,110,0.03706494718790054
2026/06/04 11:30:51,111,0.16687749326229095
2026/06/04 11:30:52,111,0.15330196917057037
2026/06/04 11:30:53,112,0.14359137415885925
2026/06/04 11:30:54,112,0.08619005978107452
2026/06/04 11:30:55,112,0.055240992456674576
2026/06/04 11:30:56,112,0.05290631949901581
2026/06/04 11:30:57,112,0.023459425196051598
2026/06/04 11:30:58,112,0.015870502218604088
2026/06/04 11:30:59,112,0.02038242109119892
2026/06/04 11:31:00,112,0.020189501345157623
2026/06/04 11:31:01,112,0.016808658838272095
2026/06/04 11:31:02,112,0.017252951860427856
2026/06/04 11:31:03,112,0.12515299022197723
2026/06/04 11:31:04,111,0.09169274568557739
2026/06/04 11:31:05,111,0.07016737759113312
2026/06/04 11:31:06,111,0.13226169347763062
2026/06/04 11:31:07,111,0.1461610496044159
2026/06/04 11:31:08,111,0.07968679070472717
2026/06/04 11:31:09,110,0.10005077719688416
2026/06/04 11:31:10,110,0.08706162869930267
2026/06/04 11:31:11,110,0.07443834096193314
2026/06/04 11:31:12,109,0.0784078910946846
2026/06/04 11:31:13,109,0.09291939437389374
2026/06/04 11:31:14,109,0.07753671705722809
2026/06/04 11:31:15,109,0.06561636924743652
2026/06/04 11:31:16,108,0.09122700244188309
2026/06/04 11:31:17,108,0.08658911287784576
2026/06/04 11:31:18,108,0.0792292058467865
2026/06/04 11:31:19,108,0.017592253163456917
2026/06/04 11:31:20,108,0.047465451061725616
2026/06/04 11:31:21,108,0.04921557381749153
2026/06/04 11:31:22,107,0.035417746752500534
2026/06/04 11:31:23,107,0.06473447382450104
2026/06/04 11:31:24,106,0.0610671304166317
2026/06/04 11:31:25,105,0.025328058749437332
2026/06/04 11:31:26,105,0.01290239579975605
2026/06/04 11:31:27,104,0.013596697710454464
2026/06/04 11:31:28,103,0.017701847478747368
2026/06/04 11:31:29,102,0.014753291383385658
2026/06/04 11:31:30,101,0.010958797298371792
2026/06/04 11:31:31,100,0.013182838447391987
2026/06/04 11:31:32,100,0.02116435579955578
2026/06/04 11:31:33,99,0.017677972093224525
2026/06/04 11:31:34,99,0.01073439884930849
2026/06/04 11:31:35,100,0.01251436211168766
2026/06/04 11:31:36,100,0.01726606674492359
2026/06/04 11:31:37,101,0.017460880801081657
2026/06/04 11:31:38,102,0.028776507824659348
2026/06/04 11:31:39,103,0.014139910228550434
2026/06/04 11:31:40,104,0.019346138462424278
2026/06/04 11:31:41,104,0.041714735329151154
2026/06/04 11:31:42,105,0.06384000182151794
2026/06/04 11:31:43,105,0.039271410554647446
2026/06/04 11:31:44,105,0.04438988119363785
2026/06/04 11:31:45,105,0.03407616168260574
2026/06/04 11:31:46,105,0.04237964749336243
2026/06/04 11:31:47,105,0.13683301210403442
2026/06/04 11:31:48,105,0.14979414641857147
2026/06/04 11:31:49,104,0.06678743660449982
2026/06/04 11:31:50,104,0.04098812863230705
2026/06/04 11:31:51,104,0.09154453128576279
2026/06/04 11:31:52,104,0.0291061419993639
2026/06/04 11:31:53,103,0.043853484094142914
2026/06/04 11:31:54,102,0.05262933298945427
2026/06/04 11:31:55,101,0.03332049399614334
2026/06/04 11:31:56,100,0.02646680176258087
2026/06/04 11:31:57,101,0.02469627372920513
2026/06/04 11:31:58,101,0.02532084472477436
2026/06/04 11:31:59,101,0.05014912411570549
2026/06/04 11:32:00,102,0.03665643557906151
2026/06/04 11:32:01,102,0.03579913452267647
2026/06/04 11:32:02,102,0.02281639166176319
2026/06/04 11:32:03,102,0.029889538884162903
2026/06/04 11:32:04,102,0.023560471832752228
2026/06/04 11:32:05,102,0.06769873946905136
2026/06/04 11:32:06,102,0.08771828562021255
2026/06/04 11:32:07,103,0.0421706847846508
2026/06/04 11:32:08,103,0.03138751909136772
2026/06/04 11:32:09,104,0.02900412306189537
2026/06/04 11:32:10,104,0.030704353004693985
2026/06/04 11:32:11,103,0.028248446062207222
2026/06/04 11:32:12,103,0.03871089592576027
2026/06/04 11:32:13,102,0.033559393137693405
2026/06/04 11:32:14,101,0.02768213115632534
2026/06/04 11:32:15,99,0.02847612276673317
2026/06/04 11:32:16,98,0.02708103321492672
2026/06/04 11:32:17,97,0.029330311343073845
2026/06/04 11:32:18,96,0.028997769579291344
2026/06/04 11:32:19,97,0.0266292504966259
2026/06/04 11:32:20,97,0.038326460868120193
2026/06/04 11:32:21,98,0.0356808565557003
2026/06/04 11:32:22,99,0.08288691937923431
2026/06/04 11:32:23,99,0.03302038833498955
2026/06/04 11:32:24,100,0.023895444348454475
2026/06/04 11:32:25,100,0.06555492430925369
2026/06/04 11:32:26,101,0.03994911536574364
2026/06/04 11:32:27,101,0.24293982982635498
2026/06/04 11:32:28,101,0.11709260940551758
2026/06/04 11:32:29,101,0.13891509175300598
2026/06/04 11:32:30,101,0.12370358407497406
2026/06/04 11:32:31,101,0.11710481345653534
2026/06/04 11:32:32,101,0.07505051791667938
2026/06/04 11:32:33,101,0.05671567842364311
2026/06/04 11:32:34,101,0.07906343787908554
2026/06/04 11:32:35,101,0.10422792285680771
2026/06/04 11:32:36,101,0.09177922457456589
2026/06/04 11:32:37,101,0.12436199188232422
2026/06/04 11:32:38,101,0.046778205782175064
2026/06/04 11:32:39,101,0.03394950553774834
2026/06/04 11:32:40,101,0.15618011355400085
2026/06/04 11:32:41,101,0.4688073992729187
2026/06/04 11:32:42,101,0.156941756606102
2026/06/04 11:32:43,102,0.20846286416053772
2026/06/04 11:32:44,102,0.29790198802948
2026/06/04 11:32:45,103,0.3046015799045563
2026/06/04 11:32:46,104,0.2294904738664627
2026/06/04 11:32:47,104,0.1407252550125122
2026/06/04 11:32:48,105,0.1675688773393631
2026/06/04 11:32:49,105,0.18793272972106934
2026/06/04 11:32:50,105,0.16879062354564667
2026/06/04 11:32:51,105,0.1644238531589508
2026/06/04 11:32:52,104,0.1722772717475891
2026/06/04 11:32:53,104,0.1484357714653015
2026/06/04 11:32:54,104,0.18053974211215973
2026/06/04 11:32:55,103,0.6409170031547546
2026/06/04 11:32:56,103,0.4557045102119446
2026/06/04 11:32:57,104,0.3878590166568756
2026/06/04 11:32:58,104,0.28028208017349243
2026/06/04 11:32:59,104,0.15115219354629517
2026/06/04 11:33:00,105,0.1781952828168869
2026/06/04 11:33:01,106,0.07984747737646103
2026/06/04 11:33:02,106,0.1647605150938034
2026/06/04 11:33:03,107,0.065680131316185
2026/06/04 11:33:04,107,0.050262775272130966
2026/06/04 11:33:05,108,0.06955921649932861
2026/06/04 11:33:06,108,0.09097972512245178
2026/06/04 11:33:07,108,0.14016032218933105
2026/06/04 11:33:08,108,0.06843896210193634
2026/06/04 11:33:09,108,0.09432374686002731
2026/06/04 11:33:10,108,0.3806328773498535
2026/06/04 11:33:11,108,0.13464023172855377
2026/06/04 11:33:12,108,0.2561565339565277
2026/06/04 11:33:13,108,0.22214142978191376
2026/06/04 11:33:14,108,0.05463126674294472
2026/06/04 11:33:15,108,0.020724380388855934
2026/06/04 11:33:16,108,0.013778219930827618
2026/06/04 11:33:17,108,0.03747090324759483
2026/06/04 11:33:18,108,0.03012748621404171
2026/06/04 11:33:19,108,0.013182153925299644
2026/06/04 11:33:20,108,0.017470568418502808
2026/06/04 11:33:21,108,0.00927635096013546
2026/06/04 11:33:22,108,0.009654699824750423
2026/06/04 11:33:23,108,0.01780398003757
2026/06/04 11:33:24,108,0.04806681349873543
2026/06/04 11:33:25,108,0.11531490832567215
2026/06/04 11:33:26,107,0.07763392478227615
2026/06/04 11:33:27,107,0.0658620148897171
2026/06/04 11:33:28,106,0.021932445466518402
2026/06/04 11:33:29,105,0.02696409821510315
2026/06/04 11:33:30,105,0.045709267258644104
2026/06/04 11:33:31,104,0.04846293106675148
2026/06/04 11:33:32,103,0.023077739402651787
2026/06/04 11:33:33,102,0.02127828262746334
2026/06/04 11:33:34,102,0.021576231345534325
2026/06/04 11:33:35,101,0.024176854640245438
2026/06/04 11:33:36,101,0.027417227625846863
2026/06/04 11:33:37,102,0.06328321993350983
2026/06/04 11:33:38,102,0.16574430465698242
2026/06/04 11:33:39,102,0.046580683439970016
2026/06/04 11:33:40,102,0.047556836158037186
2026/06/04 11:33:41,102,0.047372911125421524
2026/06/04 11:33:42,102,0.05312000587582588
2026/06/04 11:33:43,101,0.09991232305765152
2026/06/04 11:33:44,101,0.0269999410957098
2026/06/04 11:33:45,101,0.016016744077205658
2026/06/04 11:33:46,101,0.02198614925146103
2026/06/04 11:33:47,101,0.016798589378595352
2026/06/04 11:33:48,101,0.020936517044901848
2026/06/04 11:33:49,102,0.017727985978126526
2026/06/04 11:33:50,102,0.03292826563119888
2026/06/04 11:33:51,102,0.04467838630080223
2026/06/04 11:33:52,102,0.05719088390469551
2026/06/04 11:33:53,102,0.05180060863494873
2026/06/04 11:33:54,102,0.13934263586997986
2026/06/04 11:33:55,101,0.5824339389801025
2026/06/04 11:33:56,100,0.190882608294487
2026/06/04 11:33:57,99,0.2731752097606659
2026/06/04 11:33:58,98,0.419072687625885
2026/06/04 11:33:59,97,0.5321952700614929
2026/06/04 11:34:00,96,0.09292890876531601
2026/06/04 11:34:01,96,0.11695928871631622
2026/06/04 11:34:02,95,0.01930328458547592
2026/06/04 11:34:03,96,0.07551287114620209
2026/06/04 11:34:04,97,0.13227079808712006
2026/06/04 11:34:05,98,0.20555207133293152
2026/06/04 11:34:06,99,0.13469979166984558
2026/06/04 11:34:07,99,0.07487104833126068
2026/06/04 11:34:08,100,0.25308966636657715
2026/06/04 11:34:09,100,0.07494433969259262
2026/06/04 11:34:10,101,0.06858514249324799
2026/06/04 11:34:11,101,0.11200175434350967
2026/06/04 11:34:12,102,0.0852915421128273
2026/06/04 11:34:13,102,0.07109147310256958
2026/06/04 11:34:14,102,0.0718894675374031
2026/06/04 11:34:15,103,0.13556642830371857
2026/06/04 11:34:16,103,0.07546043395996094
2026/06/04 11:34:17,103,0.10237548500299454
2026/06/04 11:34:18,103,0.021329473704099655
2026/06/04 11:34:19,102,0.01611742563545704
2026/06/04 11:34:20,102,0.02301604487001896
2026/06/04 11:34:21,102,0.02666899934411049
2026/06/04 11:34:22,102,0.11127142608165741
2026/06/04 11:34:23,102,0.1483624279499054
2026/06/04 11:34:24,102,0.05365906283259392
2026/06/04 11:34:25,102,0.030228938907384872
2026/06/04 11:34:26,101,0.0315035879611969
2026/06/04 11:34:27,100,0.0282729659229517
2026/06/04 11:34:28,100,0.04049850255250931
2026/06/04 11:34:29,99,0.04371087625622749
2026/06/04 11:34:30,99,0.037847891449928284
2026/06/04 11:34:31,98,0.02809280902147293
2026/06/04 11:34:32,98,0.047493062913417816
2026/06/04 11:34:33,96,0.05089182034134865
2026/06/04 11:34:34,95,0.04848805442452431
2026/06/04 11:34:35,93,0.04457686096429825
2026/06/04 11:34:36,92,0.025992607697844505
2026/06/04 11:34:37,92,0.0663655623793602
2026/06/04 11:34:38,91,0.059177104383707047
2026/06/04 11:34:39,91,0.08775091171264648
2026/06/04 11:34:40,91,0.06438500434160233
2026/06/04 11:34:41,91,0.0541805699467659
2026/06/04 11:34:42,91,0.05008575692772865
2026/06/04 11:34:43,91,0.04481535032391548
2026/06/04 11:34:44,90,0.047055989503860474
2026/06/04 11:34:45,89,0.05137714743614197
2026/06/04 11:34:46,89,0.20094577968120575
2026/06/04 11:34:47,88,0.1149854063987732
2026/06/04 11:34:48,88,0.08290256559848785
2026/06/04 11:34:49,88,0.07485294342041016
2026/06/04 11:34:50,88,0.32171204686164856
2026/06/04 11:34:51,87,0.11046675592660904
2026/06/04 11:34:52,87,0.05707448720932007
2026/06/04 11:34:53,87,0.05749984458088875
2026/06/04 11:34:54,87,0.14069730043411255
2026/06/04 11:34:55,86,0.08469945192337036
2026/06/04 11:34:56,86,0.10365518927574158
2026/06/04 11:34:57,85,0.051320817321538925
2026/06/04 11:34:58,84,0.09074252843856812
2026/06/04 11:34:59,84,0.025007419288158417
2026/06/04 11:35:00,84,0.045377712696790695
2026/06/04 11:35:01,84,0.03330424427986145
2026/06/04 11:35:02,85,0.08643188327550888
2026/06/04 11:35:03,85,0.04532615840435028
2026/06/04 11:35:04,85,0.033991772681474686
2026/06/04 11:35:05,86,0.027287708595395088
2026/06/04 11:35:06,86,0.02377140522003174
2026/06/04 11:35:07,87,0.02209625393152237
2026/06/04 11:35:08,88,0.045740921050310135
2026/06/04 11:35:09,88,0.03367895632982254
2026/06/04 11:35:10,88,0.021933017298579216
2026/06/04 11:35:11,89,0.03674459829926491
2026/06/04 11:35:12,90,0.05002961307764053
2026/06/04 11:35:13,91,0.025032561272382736
2026/06/04 11:35:14,92,0.012386253103613853
2026/06/04 11:35:15,94,0.0186822060495615
2026/06/04 11:35:16,96,0.01467769593000412
2026/06/04 11:35:17,100,0.012901397421956062
2026/06/04 11:35:18,103,0.02323438972234726
2026/06/04 11:35:19,105,0.07005473971366882
2026/06/04 11:35:20,106,0.07492715865373611
2026/06/04 11:35:21,106,0.11755192279815674
2026/06/04 11:35:22,106,0.10733599215745926
2026/06/04 11:35:23,106,0.10564621537923813
2026/06/04 11:35:24,106,0.08914850652217865
2026/06/04 11:35:25,105,0.11979953199625015
2026/06/04 11:35:26,105,0.11460251361131668
2026/06/04 11:35:27,104,0.171547532081604
2026/06/04 11:35:28,103,0.18923644721508026
2026/06/04 11:35:29,102,0.20003919303417206
2026/06/04 11:35:30,101,0.1149752289056778
2026/06/04 11:35:31,100,0.1311684548854828
2026/06/04 11:35:32,100,0.10373235493898392
2026/06/04 11:35:33,99,0.21607905626296997
2026/06/04 11:35:34,99,0.13183145225048065
2026/06/04 11:35:35,99,0.037536412477493286
2026/06/04 11:35:36,99,0.010474582202732563
2026/06/04 11:35:37,99,0.0077513474971055984
2026/06/04 11:35:38,99,0.04878987371921539
2026/06/04 11:35:39,99,0.3091181814670563
2026/06/04 11:35:40,100,0.570649266242981
2026/06/04 11:35:41,100,0.12556342780590057
2026/06/04 11:35:42,101,0.0949941948056221
2026/06/04 11:35:43,102,0.07234285771846771
2026/06/04 11:35:44,103,0.061905112117528915
2026/06/04 11:35:45,106,0.03864515572786331
2026/06/04 11:35:46,109,0.10384877026081085
2026/06/04 11:35:47,110,0.394690603017807
2026/06/04 11:35:48,111,0.21725055575370789
2026/06/04 11:35:49,112,0.06765983998775482
2026/06/04 11:35:50,113,0.08052179217338562
2026/06/04 11:35:51,113,0.06409826129674911
2026/06/04 11:35:52,113,0.04072314500808716
2026/06/04 11:35:53,112,0.05307721719145775
2026/06/04 11:35:54,112,0.12527082860469818
2026/06/04 11:35:55,112,0.32236021757125854
2026/06/04 11:35:56,112,0.2339967042207718
2026/06/04 11:35:57,112,0.17175565659999847
2026/06/04 11:35:58,112,0.09831829369068146
2026/06/04 11:35:59,112,0.10140109807252884
2026/06/04 11:36:00,112,0.09111733734607697
2026/06/04 11:36:01,112,0.06658891588449478
2026/06/04 11:36:02,112,0.03876263275742531
2026/06/04 11:36:03,112,0.0686158537864685
2026/06/04 11:36:04,112,0.10029207170009613
2026/06/04 11:36:05,112,0.12841500341892242
2026/06/04 11:36:06,111,0.3273663818836212
2026/06/04 11:36:07,112,1.4946423768997192
2026/06/04 11:36:08,113,0.18010029196739197
2026/06/04 11:36:09,114,0.08082722127437592
2026/06/04 11:36:10,115,0.09783172607421875
2026/06/04 11:36:11,116,0.08025821298360825
2026/06/04 11:36:12,117,0.06539351493120193
2026/06/04 11:36:13,119,0.06292898207902908
2026/06/04 11:36:14,120,0.07488976418972015
2026/06/04 11:36:15,121,0.07063543051481247
2026/06/04 11:36:16,122,0.026807159185409546
2026/06/04 11:36:17,123,0.020006103441119194
2026/06/04 11:36:18,123,0.062121178954839706
2026/06/04 11:36:19,124,0.43464189767837524
2026/06/04 11:36:20,125,1.4979946613311768
2026/06/04 11:36:21,128,0.43592968583106995
2026/06/04 11:36:22,130,0.16800737380981445
2026/06/04 11:36:23,133,0.18933477997779846
2026/06/04 11:36:24,135,0.1946249008178711
2026/06/04 11:36:25,136,0.15575064718723297
2026/06/04 11:36:26,137,0.11821126192808151
2026/06/04 11:36:27,137,0.30096617341041565
2026/06/04 11:36:28,137,0.46934372186660767
2026/06/04 11:36:29,136,0.931825578212738
2026/06/04 11:36:30,136,0.265909880399704
2026/06/04 11:36:31,135,0.04066215083003044
2026/06/04 11:36:32,135,0.19094625115394592
2026/06/04 11:36:33,134,0.11539135873317719
2026/06/04 11:36:34,133,0.11393485218286514
2026/06/04 11:36:35,133,0.14568431675434113
2026/06/04 11:36:36,132,0.07755624502897263
2026/06/04 11:36:37,132,0.07508685439825058
2026/06/04 11:36:38,131,0.2727638781070709
2026/06/04 11:36:39,131,0.25451043248176575
2026/06/04 11:36:40,131,0.09593804180622101
2026/06/04 11:36:41,132,0.12806586921215057
2026/06/04 11:36:42,132,0.06874571740627289
2026/06/04 11:36:43,132,1.1053656339645386
2026/06/04 11:36:44,133,0.29096347093582153
2026/06/04 11:36:45,133,0.18934942781925201
2026/06/04 11:36:46,133,0.1746237426996231
2026/06/04 11:36:47,134,0.2084469497203827
2026/06/04 11:36:48,134,0.24750244617462158
2026/06/04 11:36:49,134,0.36256328225135803
2026/06/04 11:36:50,134,0.3218030035495758
2026/06/04 11:36:51,134,0.07095763087272644
2026/06/04 11:36:52,135,0.030429378151893616
2026/06/04 11:36:53,134,0.05447773262858391
2026/06/04 11:36:54,133,0.08912662416696548
2026/06/04 11:36:55,133,0.03999770060181618
2026/06/04 11:36:56,132,0.08561830967664719
2026/06/04 11:36:57,132,0.07244756817817688
2026/06/04 11:36:58,132,0.07425973564386368
2026/06/04 11:36:59,132,0.09803250432014465
2026/06/04 11:37:00,132,0.1087493896484375
2026/06/04 11:37:01,132,0.1821276843547821
2026/06/04 11:37:02,133,0.210140198469162
2026/06/04 11:37:03,133,0.15596003830432892
2026/06/04 11:37:04,134,0.09969085454940796
2026/06/04 11:37:05,133,0.08703010529279709
2026/06/04 11:37:06,132,0.15906594693660736
2026/06/04 11:37:07,132,0.07489606738090515
2026/06/04 11:37:08,131,0.04531676694750786
2026/06/04 11:37:09,131,0.11606190353631973
2026/06/04 11:37:10,130,0.09555849432945251
2026/06/04 11:37:11,130,0.17037104070186615
2026/06/04 11:37:12,129,0.01877315528690815
2026/06/04 11:37:13,129,0.023464471101760864
2026/06/04 11:37:14,128,0.12461166828870773
2026/06/04 11:37:15,127,0.09348440170288086
2026/06/04 11:37:16,126,0.08086127787828445
2026/06/04 11:37:17,126,0.12452569603919983
2026/06/04 11:37:18,125,0.041180916130542755
2026/06/04 11:37:19,124,0.11132796853780746
2026/06/04 11:37:20,123,0.13873465359210968
2026/06/04 11:37:21,122,0.11076513677835464
2026/06/04 11:37:22,122,0.15502873063087463
2026/06/04 11:37:23,122,0.1390167772769928
2026/06/04 11:37:24,123,0.10163633525371552
2026/06/04 11:37:25,123,0.15403583645820618
2026/06/04 11:37:26,123,0.1494264453649521
2026/06/04 11:37:27,123,0.056343670934438705
2026/06/04 11:37:28,123,0.026866132393479347
2026/06/04 11:37:29,123,0.009973245672881603
2026/06/04 11:37:30,122,0.022016217932105064
2026/06/04 11:37:31,121,0.03100111149251461
2026/06/04 11:37:32,121,0.06765767931938171
2026/06/04 11:37:33,120,0.2435762882232666
2026/06/04 11:37:34,119,0.09427154064178467
2026/06/04 11:37:35,119,0.042307570576667786
2026/06/04 11:37:36,118,0.054795607924461365
2026/06/04 11:37:37,116,0.06024368479847908
2026/06/04 11:37:38,114,0.04143059253692627
2026/06/04 11:37:39,112,0.023837260901927948
2026/06/04 11:37:40,111,0.025467079132795334
2026/06/04 11:37:41,110,0.021332914009690285
2026/06/04 11:37:42,109,0.024259913712739944
2026/06/04 11:37:43,109,0.032208360731601715
2026/06/04 11:37:44,109,0.04274401068687439
2026/06/04 11:37:45,109,0.042586326599121094
2026/06/04 11:37:46,109,0.03874007612466812
2026/06/04 11:37:47,108,0.12232134491205215
2026/06/04 11:37:48,108,0.04288501664996147
2026/06/04 11:37:49,107,0.04850775748491287
2026/06/04 11:37:50,106,0.03477585315704346
2026/06/04 11:37:51,105,0.044194381684064865
2026/06/04 11:37:52,104,0.07095697522163391
2026/06/04 11:37:53,103,0.38127124309539795
2026/06/04 11:37:54,103,0.08017600327730179
2026/06/04 11:37:55,101,0.015070095658302307
2026/06/04 11:37:56,101,0.02274995855987072
2026/06/04 11:37:57,99,0.03861306607723236
2026/06/04 11:37:58,98,0.05021192878484726
2026/06/04 11:37:59,97,0.010151563212275505
2026/06/04 11:38:00,96,0.004569202195852995
2026/06/04 11:38:01,96,0.03861460089683533
2026/06/04 11:38:02,96,0.034078750759363174
2026/06/04 11:38:03,97,0.05924020707607269
2026/06/04 11:38:04,97,0.11662527918815613
2026/06/04 11:38:05,98,0.06860797852277756
2026/06/04 11:38:06,98,0.0701419860124588
2026/06/04 11:38:07,99,0.08309575170278549
2026/06/04 11:38:08,100,0.03964103385806084
2026/06/04 11:38:09,100,0.03579842299222946
2026/06/04 11:38:10,101,0.0367170125246048
2026/06/04 11:38:11,101,0.06187159940600395
2026/06/04 11:38:12,102,0.03946858271956444
2026/06/04 11:38:13,101,0.044392794370651245
2026/06/04 11:38:14,101,0.04283839836716652
2026/06/04 11:38:15,101,0.1095924973487854
2026/06/04 11:38:16,100,0.03361498564481735
2026/06/04 11:38:17,100,0.013407532125711441
2026/06/04 11:38:18,100,0.013637933880090714
2026/06/04 11:38:19,100,0.02917100302875042
2026/06/04 11:38:20,100,0.03236290067434311
2026/06/04 11:38:21,100,0.5729432106018066
2026/06/04 11:38:22,101,0.11670373380184174
2026/06/04 11:38:23,100,0.08137984573841095
2026/06/04 11:38:24,100,0.14569157361984253
2026/06/04 11:38:25,99,0.09291090071201324
2026/06/04 11:38:26,99,0.06380593776702881
2026/06/04 11:38:27,99,0.03439929708838463
2026/06/04 11:38:28,99,0.014140504412353039
2026/06/04 11:38:29,99,0.008551696315407753
2026/06/04 11:38:30,99,0.007811559364199638
2026/06/04 11:38:31,99,0.008348233997821808
2026/06/04 11:38:32,100,0.007524012587964535
2026/06/04 11:38:33,100,0.00847036112099886
2026/06/04 11:38:34,101,0.008562907576560974
2026/06/04 11:38:35,101,0.007453871425241232
2026/06/04 11:38:36,101,0.008271830156445503
2026/06/04 11:38:37,102,0.007896226830780506
2026/06/04 11:38:38,102,0.008624265901744366
2026/06/04 11:38:39,103,0.009611795656383038
2026/06/04 11:38:40,104,0.008785939775407314
2026/06/04 11:38:41,104,0.008847737684845924
2026/06/04 11:38:42,103,0.009191608056426048
2026/06/04 11:38:43,103,0.00843721628189087
2026/06/04 11:38:44,103,0.009075574576854706
2026/06/04 11:38:45,102,0.008182181045413017
2026/06/04 11:38:46,102,0.009058566763997078
2026/06/04 11:38:47,102,0.00784014817327261
2026/06/04 11:38:48,101,0.011432704515755177
2026/06/04 11:38:49,101,0.06852752715349197
2026/06/04 11:38:50,101,0.3607504665851593
2026/06/04 11:38:51,100,0.13917939364910126
2026/06/04 11:38:52,100,0.13456061482429504
2026/06/04 11:38:53,99,0.061633139848709106
2026/06/04 11:38:54,99,0.050592824816703796
2026/06/04 11:38:55,99,0.1344677358865738
2026/06/04 11:38:56,100,0.09141147881746292
2026/06/04 11:38:57,100,0.15751050412654877
2026/06/04 11:38:58,101,0.20414966344833374
2026/06/04 11:38:59,101,0.08778057992458344
2026/06/04 11:39:00,102,0.024913666769862175
2026/06/04 11:39:01,102,0.018452517688274384
2026/06/04 11:39:02,102,0.032375507056713104
2026/06/04 11:39:03,103,0.019994201138615608
2026/06/04 11:39:04,103,0.00993021484464407
2026/06/04 11:39:05,103,0.010902025736868382
2026/06/04 11:39:06,103,0.011785801500082016
2026/06/04 11:39:07,103,0.011684304103255272
2026/06/04 11:39:08,103,0.011751795187592506
2026/06/04 11:39:09,103,0.07586418837308884
2026/06/04 11:39:10,103,0.1507112681865692
2026/06/04 11:39:11,103,0.1350288987159729
2026/06/04 11:39:12,102,0.07762271910905838
2026/06/04 11:39:13,102,0.06638079881668091
2026/06/04 11:39:14,102,0.04045075550675392
2026/06/04 11:39:15,102,0.08617814630270004
2026/06/04 11:39:16,103,0.059923555701971054
2026/06/04 11:39:17,104,0.031062979251146317
2026/06/04 11:39:18,104,0.03176536783576012
2026/06/04 11:39:19,105,0.03048207238316536
2026/06/04 11:39:20,105,0.02959527261555195
2026/06/04 11:39:21,105,0.030760791152715683
2026/06/04 11:39:22,104,0.03315403312444687
2026/06/04 11:39:23,104,0.02978028915822506
2026/06/04 11:39:24,104,0.03396064415574074
2026/06/04 11:39:25,104,0.039340775460004807
2026/06/04 11:39:26,104,0.025664368644356728
2026/06/04 11:39:27,105,0.030553342774510384
2026/06/04 11:39:28,105,0.031020717695355415
2026/06/04 11:39:29,105,0.030050817877054214
2026/06/04 11:39:30,105,0.03157605975866318
2026/06/04 11:39:31,106,0.028975415974855423
2026/06/04 11:39:32,107,0.026218309998512268
2026/06/04 11:39:33,107,0.027507858350872993
2026/06/04 11:39:34,107,0.029084116220474243
2026/06/04 11:39:35,107,0.0303096454590559
2026/06/04 11:39:36,106,0.031197696924209595
2026/06/04 11:39:37,106,0.029187185689806938
2026/06/04 11:39:38,105,0.027838073670864105
2026/06/04 11:39:39,105,0.028664952144026756
2026/06/04 11:39:40,104,0.030295083299279213
2026/06/04 11:39:41,105,0.03113323450088501
2026/06/04 11:39:42,105,0.03077312745153904
2026/06/04 11:39:43,106,0.0276662465184927
2026/06/04 11:39:44,106,0.030065197497606277
2026/06/04 11:39:45,106,0.031128250062465668
2026/06/04 11:39:46,106,0.03384339064359665
2026/06/04 11:39:47,105,0.035923320800065994
2026/06/04 11:39:48,105,0.03096630796790123
2026/06/04 11:39:49,104,0.03354364261031151
2026/06/04 11:39:50,104,0.039813220500946045
2026/06/04 11:39:51,102,0.04139485955238342
2026/06/04 11:39:52,102,0.036849722266197205
2026/06/04 11:39:53,102,0.03126686066389084
2026/06/04 11:39:54,101,0.030803341418504715
2026/06/04 11:39:55,102,0.03185465559363365
2026/06/04 11:39:56,102,0.03082791157066822
2026/06/04 11:39:57,102,0.0665665864944458
2026/06/04 11:39:58,102,0.06405328214168549
2026/06/04 11:39:59,102,0.028612926602363586
2026/06/04 11:40:00,102,0.032326214015483856
2026/06/04 11:40:01,101,0.03131841495633125
2026/06/04 11:40:02,101,0.032531652599573135
2026/06/04 11:40:03,100,0.03228241577744484
2026/06/04 11:40:04,100,0.031837474554777145
2026/06/04 11:40:05,100,0.031015070155262947
2026/06/04 11:40:06,99,0.03319321572780609
2026/06/04 11:40:07,100,0.03152966499328613
2026/06/04 11:40:08,100,0.032276298850774765
2026/06/04 11:40:09,101,0.036286529153585434
2026/06/04 11:40:10,102,0.025852438062429428
2026/06/04 11:40:11,102,0.038421645760536194
2026/06/04 11:40:12,103,0.02948267199099064
2026/06/04 11:40:13,104,0.03759973868727684
2026/06/04 11:40:14,105,0.036581311374902725
2026/06/04 11:40:15,106,0.03526178002357483
2026/06/04 11:40:16,106,0.0371517688035965
2026/06/04 11:40:17,106,0.035838350653648376
2026/06/04 11:40:18,106,0.036544010043144226
2026/06/04 11:40:19,106,0.03386629372835159
2026/06/04 11:40:20,107,0.032971374690532684
2026/06/04 11:40:21,106,0.04959137737751007
2026/06/04 11:40:22,105,0.05045449361205101
2026/06/04 11:40:23,104,0.03470470383763313
2026/06/04 11:40:24,104,0.0315365232527256
2026/06/04 11:40:25,103,0.032617077231407166
2026/06/04 11:40:26,102,0.035296857357025146
2026/06/04 11:40:27,102,0.03425300866365433
2026/06/04 11:40:28,102,0.03450687602162361
2026/06/04 11:40:29,102,0.03454478830099106
2026/06/04 11:40:30,102,0.03499673679471016
2026/06/04 11:40:31,101,0.033864811062812805
2026/06/04 11:40:32,101,0.04148109257221222
2026/06/04 11:40:33,100,0.03492691367864609
2026/06/04 11:40:34,99,0.03131631016731262
2026/06/04 11:40:35,99,0.035431958734989166
2026/06/04 11:40:36,98,0.032394926995038986
2026/06/04 11:40:37,98,0.03736758604645729
2026/06/04 11:40:38,98,0.033516716212034225
2026/06/04 11:40:39,99,0.034055981785058975
2026/06/04 11:40:40,99,0.03451751545071602
2026/06/04 11:40:41,98,0.0341547355055809
2026/06/04 11:40:42,97,0.03360794112086296
2026/06/04 11:40:43,96,0.03348632529377937
2026/06/04 11:40:44,95,0.034870442003011703
2026/06/04 11:40:45,96,0.033837851136922836
2026/06/04 11:40:46,97,0.03241657465696335
2026/06/04 11:40:47,97,0.03487353399395943
2026/06/04 11:40:48,98,0.03309859335422516
2026/06/04 11:40:49,99,0.03464503958821297
2026/06/04 11:40:50,99,0.03155810758471489
2026/06/04 11:40:51,100,0.034214917570352554
2026/06/04 11:40:52,101,0.03507762402296066
2026/06/04 11:40:53,102,0.032203882932662964
2026/06/04 11:40:54,102,0.03343498706817627
2026/06/04 11:40:55,103,0.03563614934682846
2026/06/04 11:40:56,103,0.03381237015128136
2026/06/04 11:40:57,102,0.04835261031985283
2026/06/04 11:40:58,101,0.05351537466049194
2026/06/04 11:40:59,100,0.07511574774980545
2026/06/04 11:41:00,99,0.10825064033269882
2026/06/04 11:41:01,100,0.052723776549100876
2026/06/04 11:41:02,100,0.06515160948038101
2026/06/04 11:41:03,100,0.042180370539426804
2026/06/04 11:41:04,101,0.038534365594387054
2026/06/04 11:41:05,99,0.035971108824014664
2026/06/04 11:41:06,98,0.03471870347857475
2026/06/04 11:41:07,97,0.03661523014307022
2026/06/04 11:41:08,96,0.0370248518884182
2026/06/04 11:41:09,96,0.036067843437194824
2026/06/04 11:41:10,95,0.040988821536302567
2026/06/04 11:41:11,95,0.09500706940889359
2026/06/04 11:41:12,96,0.08800780773162842
2026/06/04 11:41:13,96,0.039126597344875336
2026/06/04 11:41:14,96,0.04961409419775009
2026/06/04 11:41:15,97,0.037141308188438416
2026/06/04 11:41:16,97,0.01486179605126381
2026/06/04 11:41:17,98,0.011451059952378273
2026/06/04 11:41:18,99,0.03256445750594139
2026/06/04 11:41:19,99,0.07886286079883575
2026/06/04 11:41:20,100,0.06803755462169647
2026/06/04 11:41:21,99,0.046959858387708664
2026/06/04 11:41:22,99,0.04276486486196518
2026/06/04 11:41:23,99,0.03697965294122696
2026/06/04 11:41:24,98,0.06271688640117645
2026/06/04 11:41:25,98,0.052769534289836884
2026/06/04 11:41:26,97,0.051271650940179825
2026/06/04 11:41:27,96,0.030182065442204475
2026/06/04 11:41:28,95,0.013659082353115082
2026/06/04 11:41:29,94,0.018229927867650986
2026/06/04 11:41:30,93,0.034837257117033005
2026/06/04 11:41:31,93,0.024789059534668922
2026/06/04 11:41:32,92,0.0425385981798172
2026/06/04 11:41:33,92,0.01418477576225996
2026/06/04 11:41:34,93,0.01815710961818695
2026/06/04 11:41:35,93,0.006860555149614811
2026/06/04 11:41:36,94,0.012793345376849174
2026/06/04 11:41:37,94,0.01317176129668951
2026/06/04 11:41:38,95,0.008420640602707863
2026/06/04 11:41:39,96,0.007982847280800343
2026/06/04 11:41:40,97,0.007210766896605492
2026/06/04 11:41:41,99,0.0073603796772658825
2026/06/04 11:41:42,101,0.008187435567378998
2026/06/04 11:41:43,102,0.009971966035664082
2026/06/04 11:41:44,102,0.0074019101448357105
2026/06/04 11:41:45,103,0.010436336509883404
2026/06/04 11:41:46,103,0.007801523897796869
2026/06/04 11:41:47,104,0.00864962488412857
2026/06/04 11:41:48,104,0.011451344937086105
2026/06/04 11:41:49,105,0.017198670655488968
2026/06/04 11:41:50,106,0.024948304519057274
2026/06/04 11:41:51,107,0.011498432606458664
2026/06/04 11:41:52,107,0.011706736870110035
2026/06/04 11:41:53,108,0.010695965960621834
2026/06/04 11:41:54,109,0.012170253321528435
2026/06/04 11:41:55,108,0.014815999194979668
2026/06/04 11:41:56,107,0.01039367076009512
2026/06/04 11:41:57,106,0.011298714205622673
2026/06/04 11:41:58,105,0.016192719340324402
2026/06/04 11:41:59,104,0.013363765552639961
2026/06/04 11:42:00,103,0.013944537378847599
2026/06/04 11:42:01,103,0.05280691385269165
2026/06/04 11:42:02,102,0.09612512588500977
2026/06/04 11:42:03,102,0.016800113022327423
2026/06/04 11:42:04,101,0.043874431401491165
2026/06/04 11:42:05,101,0.4218637943267822
2026/06/04 11:42:06,101,0.22038708627223969
2026/06/04 11:42:07,101,0.14355897903442383
2026/06/04 11:42:08,101,0.09429662674665451
2026/06/04 11:42:09,100,0.11888626217842102
2026/06/04 11:42:10,100,0.18447478115558624
2026/06/04 11:42:11,100,0.10016483068466187
2026/06/04 11:42:12,101,0.16309592127799988
2026/06/04 11:42:13,101,0.48190081119537354
2026/06/04 11:42:14,101,0.551662027835846
2026/06/04 11:42:15,101,0.4427674412727356
2026/06/04 11:42:16,102,0.26230862736701965
2026/06/04 11:42:17,102,0.1638108193874359
2026/06/04 11:42:18,103,0.15877944231033325
2026/06/04 11:42:19,104,0.39490967988967896
2026/06/04 11:42:20,105,0.22867538034915924
2026/06/04 11:42:21,104,0.10069240629673004
2026/06/04 11:42:22,104,0.09556672722101212
2026/06/04 11:42:23,105,0.28802403807640076
2026/06/04 11:42:24,106,0.11956442147493362
2026/06/04 11:42:25,107,0.12280185520648956
2026/06/04 11:42:26,108,0.03871086612343788
2026/06/04 11:42:27,110,0.06318166851997375
2026/06/04 11:42:28,111,0.022336045280098915
2026/06/04 11:42:29,111,0.031235916540026665
2026/06/04 11:42:30,112,0.06607110053300858
2026/06/04 11:42:31,113,0.16591276228427887
2026/06/04 11:42:32,114,0.13871756196022034
2026/06/04 11:42:33,115,0.1566898375749588
2026/06/04 11:42:34,116,0.10385902225971222
2026/06/04 11:42:35,118,0.11446335166692734
2026/06/04 11:42:36,120,0.05901840329170227
2026/06/04 11:42:37,121,0.08451265096664429
2026/06/04 11:42:38,123,0.035442519932985306
2026/06/04 11:42:39,125,1.030344009399414
2026/06/04 11:42:40,127,1.1606661081314087
2026/06/04 11:42:41,128,1.3353264331817627
2026/06/04 11:42:42,129,0.36512449383735657
2026/06/04 11:42:43,129,0.1989823281764984
2026/06/04 11:42:44,129,0.20898555219173431
2026/06/04 11:42:45,129,0.22041000425815582
2026/06/04 11:42:46,129,0.2154458910226822
2026/06/04 11:42:47,129,0.28232908248901367
2026/06/04 11:42:48,129,0.05084614083170891
2026/06/04 11:42:49,129,0.37772345542907715
2026/06/04 11:42:50,129,0.35636982321739197
2026/06/04 11:42:51,130,0.09396044909954071
2026/06/04 11:42:52,130,0.45231086015701294
2026/06/04 11:42:53,131,1.9848616123199463
2026/06/04 11:42:54,132,0.20472057163715363
2026/06/04 11:42:55,134,0.08048547059297562
2026/06/04 11:42:56,135,0.14567933976650238
2026/06/04 11:42:57,136,0.08438903838396072
2026/06/04 11:42:58,137,0.1669539362192154
2026/06/04 11:42:59,138,0.09121645241975784
2026/06/04 11:43:00,138,0.044637929648160934
2026/06/04 11:43:01,139,0.37334492802619934
2026/06/04 11:43:02,139,0.9684288501739502
2026/06/04 11:43:03,140,0.48563700914382935
2026/06/04 11:43:04,140,0.4895171821117401
2026/06/04 11:43:05,141,0.10400725901126862
2026/06/04 11:43:06,142,0.13476932048797607
2026/06/04 11:43:07,142,0.05890747532248497
2026/06/04 11:43:08,142,0.0907619372010231
2026/06/04 11:43:09,142,0.10665512084960938
2026/06/04 11:43:10,142,0.1251848340034485
2026/06/04 11:43:11,143,0.11785387247800827
2026/06/04 11:43:12,143,0.02521023340523243
2026/06/04 11:43:13,143,0.058111537247896194
2026/06/04 11:43:14,143,0.20825639367103577
2026/06/04 11:43:15,144,0.10588347911834717
2026/06/04 11:43:16,144,0.016823576763272285
2026/06/04 11:43:17,144,0.02878006361424923
2026/06/04 11:43:18,144,0.07785363495349884
2026/06/04 11:43:19,145,0.2484089583158493
2026/06/04 11:43:20,146,0.34591543674468994
2026/06/04 11:43:21,146,0.06632722169160843
2026/06/04 11:43:22,145,0.06851375102996826
2026/06/04 11:43:23,145,0.06457261741161346
2026/06/04 11:43:24,145,0.0647779107093811
2026/06/04 11:43:25,145,0.03907911106944084
2026/06/04 11:43:26,145,0.3866923153400421
2026/06/04 11:43:27,145,1.120846152305603
2026/06/04 11:43:28,145,0.33443647623062134
2026/06/04 11:43:29,144,1.132345199584961
2026/06/04 11:43:30,144,0.7250725030899048
2026/06/04 11:43:31,144,0.12920014560222626
2026/06/04 11:43:32,143,0.22694438695907593
2026/06/04 11:43:33,143,0.3840283751487732
2026/06/04 11:43:34,143,0.29466933012008667
2026/06/04 11:43:35,143,0.06672161817550659
2026/06/04 11:43:36,143,0.1058797538280487
2026/06/04 11:43:37,143,0.07504773885011673
2026/06/04 11:43:38,143,0.20768435299396515
2026/06/04 11:43:39,143,0.39770716428756714
2026/06/04 11:43:40,143,0.2472715824842453
2026/06/04 11:43:41,143,0.21521598100662231
2026/06/04 11:43:42,143,0.21748650074005127
2026/06/04 11:43:43,143,0.040758416056632996
2026/06/04 11:43:44,143,0.018952952697873116
2026/06/04 11:43:45,143,0.031764235347509384
2026/06/04 11:43:46,143,0.07201287895441055
2026/06/04 11:43:47,143,0.14966151118278503
2026/06/04 11:43:48,144,0.07162538170814514
2026/06/04 11:43:49,144,0.11298654973506927
2026/06/04 11:43:50,144,0.13140590488910675
2026/06/04 11:43:51,144,0.13764426112174988
2026/06/04 11:43:52,143,0.0801929235458374
2026/06/04 11:43:53,143,0.06803793460130692
2026/06/04 11:43:54,142,0.05924687162041664
2026/06/04 11:43:55,141,0.12588834762573242
2026/06/04 11:43:56,140,0.10562966763973236
2026/06/04 11:43:57,140,0.1681220531463623
2026/06/04 11:43:58,139,0.14550702273845673
2026/06/04 11:43:59,138,0.11936340481042862
2026/06/04 11:44:00,137,0.10715410858392715
2026/06/04 11:44:01,136,0.09926820546388626
2026/06/04 11:44:02,135,0.27078014612197876
2026/06/04 11:44:03,134,0.19955039024353027
2026/06/04 11:44:04,134,0.1362965703010559
2026/06/04 11:44:05,133,0.2380220741033554
2026/06/04 11:44:06,133,0.1701841652393341
2026/06/04 11:44:07,133,0.11896102875471115
2026/06/04 11:44:08,133,0.052452150732278824
2026/06/04 11:44:09,134,0.05293331667780876
2026/06/04 11:44:10,134,0.07956361770629883
2026/06/04 11:44:11,135,0.1074807271361351
2026/06/04 11:44:12,135,0.15231801569461823
2026/06/04 11:44:13,136,0.0837210938334465
2026/06/04 11:44:14,136,0.06367376446723938
2026/06/04 11:44:15,136,0.024422993883490562
2026/06/04 11:44:16,136,0.010140868835151196
2026/06/04 11:44:17,136,0.010902459733188152
2026/06/04 11:44:18,136,0.007897388190031052
2026/06/04 11:44:19,135,0.008458694443106651
2026/06/04 11:44:20,135,0.014188346453011036
2026/06/04 11:44:21,135,0.009980371221899986
2026/06/04 11:44:22,134,0.024539953097701073
2026/06/04 11:44:23,133,0.01898951455950737
2026/06/04 11:44:24,132,0.025764428079128265
2026/06/04 11:44:25,132,0.03428611159324646
2026/06/04 11:44:26,131,0.01904231309890747
2026/06/04 11:44:27,131,0.019430918619036674
2026/06/04 11:44:28,130,0.00747628603130579
2026/06/04 11:44:29,130,0.007042643614113331
2026/06/04 11:44:30,129,0.005838301032781601
2026/06/04 11:44:31,128,0.020238928496837616
2026/06/04 11:44:32,128,0.05286416783928871
2026/06/04 11:44:33,127,0.09625077247619629
2026/06/04 11:44:34,126,0.06709609180688858
2026/06/04 11:44:35,122,0.06127440556883812
2026/06/04 11:44:36,119,0.1056593805551529
2026/06/04 11:44:37,116,0.11547275632619858
2026/06/04 11:44:38,114,0.14224395155906677
2026/06/04 11:44:39,113,0.09212984889745712
2026/06/04 11:44:40,112,0.08189478516578674
2026/06/04 11:44:41,111,0.08172941207885742
2026/06/04 11:44:42,111,0.04548320174217224
2026/06/04 11:44:43,110,0.09824240207672119
2026/06/04 11:44:44,110,0.053157784044742584
2026/06/04 11:44:45,109,0.03701477870345116
2026/06/04 11:44:46,109,0.035242196172475815
2026/06/04 11:44:47,109,0.034661829471588135
2026/06/04 11:44:48,109,0.03518617898225784
2026/06/04 11:44:49,109,0.04454604163765907
2026/06/04 11:44:50,110,0.04369750991463661
2026/06/04 11:44:51,110,0.03713666647672653
2026/06/04 11:44:52,110,0.07100022584199905
2026/06/04 11:44:53,110,0.14381183683872223
2026/06/04 11:44:54,110,0.06174672022461891
2026/06/04 11:44:55,110,0.039843298494815826
2026/06/04 11:44:56,110,0.04281945526599884
2026/06/04 11:44:57,110,0.0806477814912796
2026/06/04 11:44:58,110,0.05113450065255165
2026/06/04 11:44:59,110,0.2838749885559082
2026/06/04 11:45:00,110,0.25861960649490356
2026/06/04 11:45:01,110,0.11228983104228973
2026/06/04 11:45:02,109,0.10089602321386337
2026/06/04 11:45:03,109,0.15513619780540466
2026/06/04 11:45:04,108,0.06026118993759155
2026/06/04 11:45:05,108,0.11963661015033722
2026/06/04 11:45:06,108,0.07065249234437943
2026/06/04 11:45:07,108,0.025719022378325462
2026/06/04 11:45:08,109,0.02080053836107254
2026/06/04 11:45:09,109,0.021321339532732964
2026/06/04 11:45:10,110,0.024662017822265625
2026/06/04 11:45:11,111,0.022146498784422874
2026/06/04 11:45:12,111,0.020785266533493996
2026/06/04 11:45:13,112,0.021010959520936012
2026/06/04 11:45:14,113,0.017592500895261765
2026/06/04 11:45:15,114,0.018973253667354584
2026/06/04 11:45:16,114,0.01843884587287903
2026/06/04 11:45:17,114,0.019511139020323753
2026/06/04 11:45:18,114,0.018748555332422256
2026/06/04 11:45:19,113,0.020651277154684067
2026/06/04 11:45:20,112,0.020378220826387405
2026/06/04 11:45:21,112,0.01991456001996994
2026/06/04 11:45:22,111,0.020004134625196457
2026/06/04 11:45:23,110,0.02009504660964012
2026/06/04 11:45:24,109,0.024760577827692032
2026/06/04 11:45:25,108,0.17456451058387756
2026/06/04 11:45:26,107,0.16164281964302063
2026/06/04 11:45:27,105,0.1947169005870819
2026/06/04 11:45:28,104,0.22751110792160034
2026/06/04 11:45:29,103,0.12874238193035126
2026/06/04 11:45:30,103,0.10851534456014633
2026/06/04 11:45:31,102,0.11197052896022797
2026/06/04 11:45:32,101,0.11132103204727173
2026/06/04 11:45:33,100,0.10726591944694519
2026/06/04 11:45:34,100,0.10297676920890808
2026/06/04 11:45:35,99,0.1406782567501068
2026/06/04 11:45:36,98,0.20045973360538483
2026/06/04 11:45:37,99,0.05954274535179138
2026/06/04 11:45:38,100,0.030142124742269516
2026/06/04 11:45:39,102,0.035857319831848145
2026/06/04 11:45:40,103,0.014917328953742981
2026/06/04 11:45:41,104,0.01774587668478489
2026/06/04 11:45:42,106,0.014073213562369347
2026/06/04 11:45:43,107,0.05075739696621895
2026/06/04 11:45:44,109,0.06564898788928986
2026/06/04 11:45:45,112,0.0404919795691967
2026/06/04 11:45:46,115,0.046835608780384064
2026/06/04 11:45:47,115,0.05423403158783913
2026/06/04 11:45:48,115,0.1977377086877823
2026/06/04 11:45:49,115,0.1454429179430008
2026/06/04 11:45:50,115,0.10223138332366943
2026/06/04 11:45:51,115,0.15037457644939423
2026/06/04 11:45:52,115,0.05435311794281006
2026/06/04 11:45:53,115,0.0541418232023716
2026/06/04 11:45:54,115,0.04824729636311531
2026/06/04 11:45:55,116,0.08015896379947662
2026/06/04 11:45:56,117,0.08364055305719376
2026/06/04 11:45:57,117,0.18395723402500153
2026/06/04 11:45:58,118,0.06442754715681076
2026/06/04 11:45:59,118,0.04140028357505798
2026/06/04 11:46:00,118,0.04661758244037628
2026/06/04 11:46:01,118,0.08894294500350952
2026/06/04 11:46:02,119,0.16422587633132935
2026/06/04 11:46:03,119,0.16366279125213623
2026/06/04 11:46:04,119,0.0784890353679657
2026/06/04 11:46:05,119,0.020856967195868492
2026/06/04 11:46:06,119,0.009566043503582478
2026/06/04 11:46:07,119,0.01444882433861494
2026/06/04 11:46:08,119,0.037403352558612823
2026/06/04 11:46:09,118,0.08785516768693924
2026/06/04 11:46:10,118,0.06946486234664917
2026/06/04 11:46:11,117,0.02403879165649414
2026/06/04 11:46:12,117,0.06415771692991257
2026/06/04 11:46:13,116,0.13954131305217743
2026/06/04 11:46:14,116,0.06342943012714386
2026/06/04 11:46:15,115,0.4227449893951416
2026/06/04 11:46:16,115,0.0836554616689682
2026/06/04 11:46:17,114,0.03325406089425087
2026/06/04 11:46:18,114,0.03973511606454849
2026/06/04 11:46:19,113,0.07477487623691559
2026/06/04 11:46:20,113,0.10693807154893875
2026/06/04 11:46:21,113,0.17091713845729828
2026/06/04 11:46:22,113,0.05452601984143257
2026/06/04 11:46:23,113,0.051330436021089554
2026/06/04 11:46:24,113,0.04429798573255539
2026/06/04 11:46:25,113,0.0311505775898695
2026/06/04 11:46:26,112,0.03613527864217758
2026/06/04 11:46:27,111,0.030742134898900986
2026/06/04 11:46:28,110,0.03167780488729477
2026/06/04 11:46:29,109,0.031642667949199677
2026/06/04 11:46:30,108,0.10482241213321686
2026/06/04 11:46:31,109,0.2722108066082001
2026/06/04 11:46:32,109,0.08063654601573944
2026/06/04 11:46:33,110,0.05140034109354019
2026/06/04 11:46:34,110,0.049780864268541336
2026/06/04 11:46:35,110,0.044085804373025894
2026/06/04 11:46:36,110,0.036160510033369064
2026/06/04 11:46:37,110,0.0290251262485981
2026/06/04 11:46:38,110,0.07847010344266891
2026/06/04 11:46:39,109,0.06084609776735306
2026/06/04 11:46:40,109,0.15461821854114532
2026/06/04 11:46:41,108,0.1530824899673462
2026/06/04 11:46:42,108,0.11562700569629669
2026/06/04 11:46:43,108,0.12120644748210907
2026/06/04 11:46:44,108,0.076534204185009
2026/06/04 11:46:45,109,0.059559766203165054
2026/06/04 11:46:46,109,0.09793227165937424
2026/06/04 11:46:47,111,0.3128068149089813
2026/06/04 11:46:48,111,0.4578308165073395
2026/06/04 11:46:49,112,1.245564579963684
2026/06/04 11:46:50,113,0.4950798451900482
2026/06/04 11:46:51,112,0.19199539721012115
2026/06/04 11:46:52,112,0.34298378229141235
2026/06/04 11:46:53,111,0.149397611618042
2026/06/04 11:46:54,110,0.07425222545862198
2026/06/04 11:46:55,109,0.06018045172095299
2026/06/04 11:46:56,109,0.02981279417872429
2026/06/04 11:46:57,110,0.014925600029528141
2026/06/04 11:46:58,111,0.06588958203792572
2026/06/04 11:46:59,112,0.35264405608177185
2026/06/04 11:47:00,112,0.08564919233322144
2026/06/04 11:47:01,113,0.8494299650192261
2026/06/04 11:47:02,114,0.1602669507265091
2026/06/04 11:47:03,114,0.12588897347450256
2026/06/04 11:47:04,115,0.23476320505142212
2026/06/04 11:47:05,117,0.2542332112789154
2026/06/04 11:47:06,119,0.07687755674123764
2026/06/04 11:47:07,121,0.03729013726115227
2026/06/04 11:47:08,123,0.050344329327344894
2026/06/04 11:47:09,125,0.11742762476205826
2026/06/04 11:47:10,126,0.29774534702301025
2026/06/04 11:47:11,127,0.421564519405365
2026/06/04 11:47:12,128,1.0383479595184326
2026/06/04 11:47:13,129,0.23914648592472076
2026/06/04 11:47:14,129,0.4354659914970398
2026/06/04 11:47:15,129,0.2340921312570572
2026/06/04 11:47:16,129,0.06358809024095535
2026/06/04 11:47:17,129,0.0843486413359642
2026/06/04 11:47:18,130,0.19380739331245422
2026/06/04 11:47:19,130,0.7917667031288147
2026/06/04 11:47:20,131,0.5056807398796082
2026/06/04 11:47:21,131,1.6803160905838013
2026/06/04 11:47:22,131,0.2632378339767456
2026/06/04 11:47:23,131,0.19035615026950836
2026/06/04 11:47:24,132,0.1696380227804184
2026/06/04 11:47:25,132,0.214497908949852
2026/06/04 11:47:26,133,0.10340867191553116
2026/06/04 11:47:27,133,0.11579001694917679
2026/06/04 11:47:28,134,0.14568528532981873
2026/06/04 11:47:29,134,0.1215941533446312
2026/06/04 11:47:30,134,0.0730920135974884
2026/06/04 11:47:31,135,0.10414158552885056
2026/06/04 11:47:32,135,0.018158618360757828
2026/06/04 11:47:33,135,0.07121037691831589
2026/06/04 11:47:34,135,0.11659437417984009
2026/06/04 11:47:35,136,0.3969883322715759
2026/06/04 11:47:36,136,0.5178306698799133
2026/06/04 11:47:37,137,0.1775759607553482
2026/06/04 11:47:38,138,0.13095489144325256
2026/06/04 11:47:39,137,0.18113911151885986
2026/06/04 11:47:40,137,0.06185750290751457
2026/06/04 11:47:41,136,0.08668612688779831
2026/06/04 11:47:42,136,0.06587360054254532
2026/06/04 11:47:43,135,0.07795137912034988
2026/06/04 11:47:44,134,0.07233071327209473
2026/06/04 11:47:45,134,0.07746672630310059
2026/06/04 11:47:46,133,0.29300814867019653
2026/06/04 11:47:47,133,0.24744364619255066
2026/06/04 11:47:48,134,0.32868069410324097
2026/06/04 11:47:49,134,0.13165369629859924
2026/06/04 11:47:50,134,0.14615845680236816
2026/06/04 11:47:51,134,0.07141978293657303
2026/06/04 11:47:52,134,0.045558374375104904
2026/06/04 11:47:53,134,0.07787229120731354
2026/06/04 11:47:54,134,0.052472446113824844
2026/06/04 11:47:55,135,0.08251912891864777
2026/06/04 11:47:56,135,0.09052859246730804
2026/06/04 11:47:57,136,0.2053041309118271
2026/06/04 11:47:58,137,0.5145856142044067
2026/06/04 11:47:59,136,1.1569846868515015
2026/06/04 11:48:00,135,0.2093755453824997
2026/06/04 11:48:01,136,0.23326589167118073
2026/06/04 11:48:02,136,0.18987412750720978
2026/06/04 11:48:03,136,0.05386919155716896
2026/06/04 11:48:04,136,0.08562999218702316
2026/06/04 11:48:05,136,0.24872763454914093
2026/06/04 11:48:06,137,0.055443961173295975
2026/06/04 11:48:07,137,0.020634617656469345
2026/06/04 11:48:08,137,0.026676354929804802
2026/06/04 11:48:09,137,0.15107227861881256
2026/06/04 11:48:10,136,0.21714481711387634
2026/06/04 11:48:11,136,0.11933427304029465
2026/06/04 11:48:12,135,0.083284892141819
2026/06/04 11:48:13,135,0.05205146595835686
2026/06/04 11:48:14,134,0.12146520614624023
2026/06/04 11:48:15,134,0.09291447699069977
2026/06/04 11:48:16,135,0.17477697134017944
2026/06/04 11:48:17,135,0.291723370552063
2026/06/04 11:48:18,135,0.07007256150245667
2026/06/04 11:48:19,135,0.08538876473903656
2026/06/04 11:48:20,134,0.29574885964393616
2026/06/04 11:48:21,133,0.12605944275856018
2026/06/04 11:48:22,132,0.44491201639175415
2026/06/04 11:48:23,131,0.14327660202980042
2026/06/04 11:48:24,130,0.0977599248290062
2026/06/04 11:48:25,129,0.47034284472465515
2026/06/04 11:48:26,128,0.24593611061573029
2026/06/04 11:48:27,125,0.21087656915187836
2026/06/04 11:48:28,122,0.19216588139533997
2026/06/04 11:48:29,121,0.1605079174041748
2026/06/04 11:48:30,121,0.036100052297115326
2026/06/04 11:48:31,120,0.062408696860075
2026/06/04 11:48:32,120,0.04455212131142616
2026/06/04 11:48:33,120,0.1181977391242981
2026/06/04 11:48:34,120,0.500946581363678
2026/06/04 11:48:35,121,0.6588668823242188
2026/06/04 11:48:36,121,1.2020659446716309
2026/06/04 11:48:37,121,0.2598681151866913
2026/06/04 11:48:38,122,0.27951598167419434
2026/06/04 11:48:39,122,0.1890789121389389
2026/06/04 11:48:40,122,0.044247955083847046
2026/06/04 11:48:41,123,0.026978813111782074
2026/06/04 11:48:42,123,0.041470594704151154
2026/06/04 11:48:43,123,0.05715201050043106
2026/06/04 11:48:44,123,0.08395937830209732
2026/06/04 11:48:45,124,0.03526442125439644
2026/06/04 11:48:46,124,0.03887813910841942
2026/06/04 11:48:47,124,0.5935609340667725
2026/06/04 11:48:48,124,0.2821303904056549
2026/06/04 11:48:49,124,0.09705904126167297
2026/06/04 11:48:50,124,0.11722656339406967
2026/06/04 11:48:51,124,0.1886383295059204
2026/06/04 11:48:52,125,0.2503432333469391
2026/06/04 11:48:53,124,0.22174705564975739
2026/06/04 11:48:54,124,0.23851104080677032
2026/06/04 11:48:55,124,0.47765713930130005
2026/06/04 11:48:56,124,0.15297259390354156
2026/06/04 11:48:57,125,0.13273227214813232
2026/06/04 11:48:58,125,0.27463796734809875
2026/06/04 11:48:59,125,0.4562664031982422
2026/06/04 11:49:00,125,0.3352406322956085
2026/06/04 11:49:01,125,0.1812211573123932
2026/06/04 11:49:02,125,0.19089074432849884
2026/06/04 11:49:03,125,0.37627869844436646
2026/06/04 11:49:04,125,0.1817343533039093
2026/06/04 11:49:05,126,0.25137391686439514
2026/06/04 11:49:06,126,0.1520402878522873
2026/06/04 11:49:07,126,0.13256728649139404
2026/06/04 11:49:08,127,0.10746689140796661
2026/06/04 11:49:09,127,0.20050565898418427
2026/06/04 11:49:10,127,0.18731988966464996
2026/06/04 11:49:11,128,0.14528219401836395
2026/06/04 11:49:12,129,0.14678391814231873
2026/06/04 11:49:13,130,0.11725085973739624
2026/06/04 11:49:14,130,0.16974620521068573
2026/06/04 11:49:15,130,0.11819101125001907
2026/06/04 11:49:16,130,0.1538238227367401
2026/06/04 11:49:17,130,0.09083052724599838
2026/06/04 11:49:18,130,0.11003600805997849
2026/06/04 11:49:19,129,0.0966024175286293
2026/06/04 11:49:20,129,0.4091622531414032
2026/06/04 11:49:21,128,0.1296747624874115
2026/06/04 11:49:22,127,0.06367531418800354
2026/06/04 11:49:23,126,0.06399807333946228
2026/06/04 11:49:24,126,0.13742026686668396
2026/06/04 11:49:25,126,0.10431301593780518
2026/06/04 11:49:26,127,0.10607250779867172
2026/06/04 11:49:27,127,0.1363457888364792
2026/06/04 11:49:28,128,0.12692953646183014
2026/06/04 11:49:29,128,0.4460665285587311
2026/06/04 11:49:30,128,0.08195894956588745
2026/06/04 11:49:31,128,0.10068628191947937
2026/06/04 11:49:32,128,0.08231619745492935
2026/06/04 11:49:33,128,0.13119935989379883
2026/06/04 11:49:34,128,0.0806189775466919
2026/06/04 11:49:35,128,0.11819365620613098
2026/06/04 11:49:36,128,0.10471564531326294
2026/06/04 11:49:37,129,0.10728798806667328
2026/06/04 11:49:38,129,0.1381070911884308
2026/06/04 11:49:39,129,0.08908440172672272
2026/06/04 11:49:40,129,0.10281433910131454
2026/06/04 11:49:41,129,0.11443977057933807
2026/06/04 11:49:42,130,0.38515692949295044
2026/06/04 11:49:43,130,0.449177086353302
2026/06/04 11:49:44,131,0.6429701447486877
2026/06/04 11:49:45,131,0.8309672474861145
2026/06/04 11:49:46,131,0.25424179434776306
2026/06/04 11:49:47,131,0.23051440715789795
2026/06/04 11:49:48,131,0.11834640800952911
2026/06/04 11:49:49,131,0.13236689567565918
2026/06/04 11:49:50,131,0.11601044982671738
2026/06/04 11:49:51,131,0.07390593737363815
2026/06/04 11:49:52,131,0.1311148852109909
2026/06/04 11:49:53,0,0.12390992790460587
2026/06/04 11:49:54,0,0.1572505682706833
2026/06/04 11:49:55,0,0.27248015999794006
2026/06/04 11:49:56,0,0.1509619802236557
2026/06/04 11:49:57,0,0.12844105064868927
2026/06/04 11:49:58,0,0.09426981955766678
2026/06/04 11:49:59,0,0.07363491505384445
2026/06/04 11:50:00,0,0.0687096044421196
